image_path,true_class,predicted_class,confidence,correct,preprocess_ms,inference_ms,postprocess_ms,total_pipeline_ms
dataset/test/Tomato_Early_blight_leaf/100_46341_aug_5aug62.jpg,Tomato_Early_blight_leaf,Tomato_Early_blight_leaf,0.9424382448196411,1,1.1097679138183594,7.723952293395996,0.26353931427001953,9.101036071777344
dataset/test/Tomato_Early_blight_leaf/100_46341_aug_6aug64.jpg,Tomato_Early_blight_leaf,Tomato_Early_blight_leaf,0.6621917486190796,1,1.1008243560791016,7.658173561096191,0.20259380340576172,8.964479446411133
dataset/test/Tomato_Early_blight_leaf/100_46341_aug_7aug57.jpg,Tomato_Early_blight_leaf,Tomato_Early_blight_leaf,0.6621917486190796,1,1.1309547424316406,8.295141220092773,0.1789083480834961,9.607576370239258
dataset/test/Tomato_Early_blight_leaf/100_46341_aug_8aug66.jpg,Tomato_Early_blight_leaf,Tomato_Early_blight_leaf,0.9584270715713501,1,1.1365089416503906,7.8538970947265625,0.18051815032958984,9.174018859863281
dataset/test/Tomato_Early_blight_leaf/100_46341_aug_9aug65.jpg,Tomato_Early_blight_leaf,Tomato_Early_blight_leaf,0.5990188121795654,1,1.1238794326782227,7.698672294616699,0.19900131225585938,9.024758338928223
dataset/test/Tomato_Early_blight_leaf/100_46341aug1.jpg,Tomato_Early_blight_leaf,Tomato_Early_blight_leaf,0.8781791925430298,1,1.1863985061645508,8.48625373840332,0.17903900146484375,9.854635238647461
dataset/test/Tomato_Early_blight_leaf/1723454500663_aug_20aug39.jpg,Tomato_Early_blight_leaf,Tomato_Early_blight_leaf,0.9999350309371948,1,1.0688238143920898,7.701840400695801,0.17261219024658203,8.945570945739746
dataset/test/Tomato_Early_blight_leaf/1723454500663_aug_21aug35.jpg,Tomato_Early_blight_leaf,Tomato_Early_blight_leaf,0.9998577833175659,1,1.0483226776123047,19.881104469299316,0.19107532501220703,21.12315273284912
dataset/test/Tomato_Early_blight_leaf/1723454500663_aug_22aug51.jpg,Tomato_Early_blight_leaf,Tomato_Early_blight_leaf,0.9999586343765259,1,1.1521949768066406,11.510537147521973,0.31696605682373047,12.982698440551758
dataset/test/Tomato_Early_blight_leaf/1723454500663_aug_23aug33.jpg,Tomato_Early_blight_leaf,Tomato_Early_blight_leaf,0.9999350309371948,1,1.093602180480957,7.90625,0.16509532928466797,9.167388916015625
dataset/test/Tomato_Early_blight_leaf/1723454500663_aug_24aug50.jpg,Tomato_Early_blight_leaf,Tomato_Early_blight_leaf,0.9996166229248047,1,1.0843429565429688,8.227011680603027,0.1652059555053711,9.479076385498047
dataset/test/Tomato_Early_blight_leaf/1723454500663aug4.jpg,Tomato_Early_blight_leaf,Tomato_Early_blight_leaf,0.9997385144233704,1,1.129267692565918,7.8536176681518555,0.2082977294921875,9.193778038024902
dataset/test/Tomato_Early_blight_leaf/1723454507240aug20.jpg,Tomato_Early_blight_leaf,Tomato_Septoria_leaf_spot,0.2982269525527954,0,1.0914535522460938,7.887971878051758,0.3105030059814453,9.292593002319336
dataset/test/Tomato_Early_blight_leaf/EB_(981)_aug_65aug107.jpg,Tomato_Early_blight_leaf,Tomato_Early_blight_leaf,0.9996476173400879,1,1.082230567932129,7.796618461608887,0.17322349548339844,9.055740356445312
dataset/test/Tomato_Early_blight_leaf/EB_(981)_aug_66aug102.jpg,Tomato_Early_blight_leaf,Tomato_Early_blight_leaf,0.9963010549545288,1,1.2371206283569336,7.746248245239258,0.16283321380615234,9.1491117477417
dataset/test/Tomato_Early_blight_leaf/EB_(981)_aug_67aug101.jpg,Tomato_Early_blight_leaf,Tomato_Early_blight_leaf,0.9685691595077515,1,1.1507139205932617,7.836691856384277,0.16935253143310547,9.159332275390625
dataset/test/Tomato_Early_blight_leaf/EB_(981)_aug_68aug95.jpg,Tomato_Early_blight_leaf,Tomato_Early_blight_leaf,0.9969347715377808,1,1.106064796447754,8.167194366455078,0.16420555114746094,9.440094947814941
dataset/test/Tomato_Early_blight_leaf/EB_(981)_aug_69aug97.jpg,Tomato_Early_blight_leaf,Tomato_leaf_late_blight,0.5848936438560486,0,1.0991382598876953,8.18501091003418,0.16505718231201172,9.451521873474121
dataset/test/Tomato_Early_blight_leaf/EB_(981)aug13.jpg,Tomato_Early_blight_leaf,Tomato_Early_blight_leaf,0.9222618341445923,1,1.1441936492919922,7.910433769226074,0.1685199737548828,9.225777626037598
dataset/test/Tomato_Early_blight_leaf/Early-blight-660x440_aug_0aug61.jpg,Tomato_Early_blight_leaf,Tomato_Early_blight_leaf,0.99809330701828,1,1.1141958236694336,7.968526840209961,0.17355728149414062,9.259296417236328
dataset/test/Tomato_Early_blight_leaf/Early-blight-660x440_aug_1aug59.jpg,Tomato_Early_blight_leaf,Tomato_Early_blight_leaf,0.9982849955558777,1,1.1963233947753906,7.882546424865723,0.16570472717285156,9.247184753417969
dataset/test/Tomato_Early_blight_leaf/Early-blight-660x440_aug_2aug63.jpg,Tomato_Early_blight_leaf,Tomato_Early_blight_leaf,0.9987909197807312,1,1.244065284729004,7.782803535461426,0.16731739044189453,9.19746208190918
dataset/test/Tomato_Early_blight_leaf/Early-blight-660x440_aug_3aug60.jpg,Tomato_Early_blight_leaf,Tomato_Early_blight_leaf,0.9986746311187744,1,1.1192874908447266,8.072232246398926,0.1653909683227539,9.359594345092773
dataset/test/Tomato_Early_blight_leaf/Early-blight-660x440_aug_4aug58.jpg,Tomato_Early_blight_leaf,Tomato_Early_blight_leaf,0.9994696974754333,1,1.1110649108886719,8.960960388183594,0.16768646240234375,10.242619514465332
dataset/test/Tomato_Early_blight_leaf/Early-blight-660x440aug0.jpg,Tomato_Early_blight_leaf,Tomato_Early_blight_leaf,0.997855007648468,1,1.1172866821289062,8.094009399414062,0.16950035095214844,9.383222579956055
dataset/test/Tomato_Early_blight_leaf/Gls42_change_180_aug_70aug100.jpg,Tomato_Early_blight_leaf,Tomato_Early_blight_leaf,0.9990140199661255,1,1.0812129974365234,7.996359825134277,0.17078018188476562,9.250760078430176
dataset/test/Tomato_Early_blight_leaf/Gls42_change_180_aug_71aug109.jpg,Tomato_Early_blight_leaf,Tomato_Early_blight_leaf,0.9966503977775574,1,1.1441755294799805,8.16406536102295,0.16996383666992188,9.481040000915527
dataset/test/Tomato_Early_blight_leaf/Gls42_change_180_aug_72aug104.jpg,Tomato_Early_blight_leaf,Tomato_Early_blight_leaf,0.999852180480957,1,1.0872306823730469,7.993694305419922,0.1853160858154297,9.268926620483398
dataset/test/Tomato_Early_blight_leaf/Gls42_change_180_aug_73aug94.jpg,Tomato_Early_blight_leaf,Tomato_Early_blight_leaf,0.997825026512146,1,1.0798416137695312,8.004768371582031,0.17646503448486328,9.263686180114746
dataset/test/Tomato_Early_blight_leaf/Gls42_change_180_aug_74aug108.jpg,Tomato_Early_blight_leaf,Tomato_Early_blight_leaf,0.9842954874038696,1,1.1253232955932617,8.236696243286133,0.17625999450683594,9.541428565979004
dataset/test/Tomato_Early_blight_leaf/Gls42_change_180aug14.jpg,Tomato_Early_blight_leaf,Tomato_Early_blight_leaf,0.9993560910224915,1,1.0833053588867188,8.051434516906738,0.16777992248535156,9.305333137512207
dataset/test/Tomato_Early_blight_leaf/Gls4_mirror_aug_60aug93.jpg,Tomato_Early_blight_leaf,Tomato_Early_blight_leaf,0.9999957084655762,1,1.0681934356689453,7.965322494506836,0.16307544708251953,9.199073791503906
dataset/test/Tomato_Early_blight_leaf/Gls4_mirror_aug_61aug98.jpg,Tomato_Early_blight_leaf,Tomato_Early_blight_leaf,0.9999977350234985,1,1.0961380004882812,8.336511611938477,0.15157508850097656,9.586541175842285
dataset/test/Tomato_Early_blight_leaf/Gls4_mirror_aug_62aug91.jpg,Tomato_Early_blight_leaf,Tomato_Early_blight_leaf,0.9999957084655762,1,1.0276737213134766,7.858859062194824,0.17061233520507812,9.059831619262695
dataset/test/Tomato_Early_blight_leaf/Gls4_mirror_aug_63aug110.jpg,Tomato_Early_blight_leaf,Tomato_Early_blight_leaf,0.9999947547912598,1,1.1854543685913086,7.964489936828613,0.16740798950195312,9.320574760437012
dataset/test/Tomato_Early_blight_leaf/Gls4_mirror_aug_64aug105.jpg,Tomato_Early_blight_leaf,Tomato_Early_blight_leaf,0.9999998807907104,1,1.1051387786865234,7.961971282958984,0.16766834259033203,9.23746395111084
dataset/test/Tomato_Early_blight_leaf/Gls4_mirror_vertical_aug_25aug37.jpg,Tomato_Early_blight_leaf,Tomato_Early_blight_leaf,0.9999179840087891,1,1.0550460815429688,8.017008781433105,0.16820430755615234,9.243037223815918
dataset/test/Tomato_Early_blight_leaf/Gls4_mirror_vertical_aug_26aug41.jpg,Tomato_Early_blight_leaf,Tomato_Early_blight_leaf,0.9985349178314209,1,1.0652313232421875,7.997527122497559,0.1672229766845703,9.232999801635742
dataset/test/Tomato_Early_blight_leaf/Gls4_mirror_vertical_aug_27aug40.jpg,Tomato_Early_blight_leaf,Tomato_Early_blight_leaf,0.9988207221031189,1,1.0564155578613281,7.995509147644043,0.2062063217163086,9.261370658874512
dataset/test/Tomato_Early_blight_leaf/Gls4_mirror_vertical_aug_28aug36.jpg,Tomato_Early_blight_leaf,Tomato_Early_blight_leaf,0.9974000453948975,1,1.0527868270874023,7.997194290161133,0.16727924346923828,9.220074653625488
dataset/test/Tomato_Early_blight_leaf/Gls4_mirror_vertical_aug_29aug42.jpg,Tomato_Early_blight_leaf,Tomato_Early_blight_leaf,0.9954916834831238,1,1.069620132446289,7.844080924987793,0.16889095306396484,9.085665702819824
dataset/test/Tomato_Early_blight_leaf/Gls4_mirror_verticalaug5.jpg,Tomato_Early_blight_leaf,Tomato_Early_blight_leaf,0.9979988932609558,1,1.0303230285644531,7.6296539306640625,0.16033458709716797,8.823201179504395
dataset/test/Tomato_Early_blight_leaf/Gls4_mirroraug12.jpg,Tomato_Early_blight_leaf,Tomato_Early_blight_leaf,1.0,1,1.0682868957519531,7.469855308532715,0.16501998901367188,8.705644607543945
dataset/test/Tomato_Early_blight_leaf/IMG-20240812-WA0445_aug_40aug23.jpg,Tomato_Early_blight_leaf,Tomato_Early_blight_leaf,0.6885656118392944,1,1.2221755981445312,7.471560478210449,0.16455745697021484,8.860811233520508
dataset/test/Tomato_Early_blight_leaf/IMG-20240812-WA0445_aug_41aug28.jpg,Tomato_Early_blight_leaf,Tomato_leaf_yellow_curl_virus,0.6476072669029236,0,1.0856742858886719,7.765230178833008,0.1628894805908203,9.016592025756836
dataset/test/Tomato_Early_blight_leaf/IMG-20240812-WA0445_aug_42aug21.jpg,Tomato_Early_blight_leaf,Tomato_leaf_yellow_curl_virus,0.5478960275650024,0,1.080491065979004,7.742043495178223,0.16150188446044922,8.986665725708008
dataset/test/Tomato_Early_blight_leaf/IMG-20240812-WA0445_aug_43aug24.jpg,Tomato_Early_blight_leaf,Tomato_Early_blight_leaf,0.8969284892082214,1,1.1197681427001953,7.669283866882324,0.16378116607666016,8.9553861618042
dataset/test/Tomato_Early_blight_leaf/IMG-20240812-WA0445_aug_44aug22.jpg,Tomato_Early_blight_leaf,Tomato_Early_blight_leaf,0.9548619389533997,1,1.151102066040039,7.670025825500488,0.15442657470703125,8.97761058807373
dataset/test/Tomato_Early_blight_leaf/IMG-20240812-WA0445aug8.jpg,Tomato_Early_blight_leaf,Tomato_Early_blight_leaf,0.9559760689735413,1,1.0909156799316406,7.478893280029297,0.16042709350585938,8.732367515563965
dataset/test/Tomato_Early_blight_leaf/IMG20240812111749_aug_90aug80.jpg,Tomato_Early_blight_leaf,Tomato_mold_leaf,0.9949977397918701,0,1.2554168701171875,7.48330020904541,0.17563152313232422,8.917478561401367
dataset/test/Tomato_Early_blight_leaf/IMG20240812111749_aug_91aug77.jpg,Tomato_Early_blight_leaf,Tomato_leaf_yellow_curl_virus,0.932336688041687,0,1.1691198348999023,7.706599235534668,0.1626138687133789,9.040406227111816
dataset/test/Tomato_Early_blight_leaf/IMG20240812111749_aug_92aug73.jpg,Tomato_Early_blight_leaf,Tomato_mold_leaf,0.7911661863327026,0,1.1543426513671875,7.681449890136719,0.17229843139648438,9.010793685913086
dataset/test/Tomato_Early_blight_leaf/IMG20240812111749_aug_93aug71.jpg,Tomato_Early_blight_leaf,Tomato_mold_leaf,0.8508083820343018,0,1.1906566619873047,8.30595588684082,0.17057514190673828,9.670133590698242
dataset/test/Tomato_Early_blight_leaf/IMG20240812111749_aug_94aug74.jpg,Tomato_Early_blight_leaf,Tomato_leaf_yellow_curl_virus,0.8668524026870728,0,1.2750473022460938,8.251067161560059,0.17194557189941406,9.700726509094238
dataset/test/Tomato_Early_blight_leaf/IMG20240812111749aug18.jpg,Tomato_Early_blight_leaf,Tomato_mold_leaf,0.6910241842269897,0,1.2991218566894531,8.334827423095703,0.17800045013427734,9.81513500213623
dataset/test/Tomato_Early_blight_leaf/IMG_20251102_155150_aug_30aug34.jpg,Tomato_Early_blight_leaf,Tomato_Early_blight_leaf,0.9999998807907104,1,1.1530284881591797,8.298399925231934,0.17157554626464844,9.62567138671875
dataset/test/Tomato_Early_blight_leaf/IMG_20251102_155150_aug_31aug43.jpg,Tomato_Early_blight_leaf,Tomato_Early_blight_leaf,0.9999903440475464,1,1.203324317932129,8.38947582244873,0.1718158721923828,9.76739501953125
dataset/test/Tomato_Early_blight_leaf/IMG_20251102_155150_aug_32aug44.jpg,Tomato_Early_blight_leaf,Tomato_Early_blight_leaf,1.0,1,1.1527671813964844,8.637439727783203,0.17364978790283203,9.96704387664795
dataset/test/Tomato_Early_blight_leaf/IMG_20251102_155150_aug_33aug38.jpg,Tomato_Early_blight_leaf,Tomato_Early_blight_leaf,1.0,1,1.1728439331054688,8.41956901550293,0.170928955078125,9.766115188598633
dataset/test/Tomato_Early_blight_leaf/IMG_20251102_155150_aug_34aug32.jpg,Tomato_Early_blight_leaf,Tomato_Early_blight_leaf,0.9999996423721313,1,1.1175642013549805,8.535051345825195,0.1686859130859375,9.823911666870117
dataset/test/Tomato_Early_blight_leaf/IMG_20251102_155150aug6.jpg,Tomato_Early_blight_leaf,Tomato_Early_blight_leaf,0.9999978542327881,1,1.1314163208007812,8.429438591003418,0.16863155364990234,9.732726097106934
dataset/test/Tomato_Early_blight_leaf/IMG_20251102_155153_aug_85aug72.jpg,Tomato_Early_blight_leaf,Tomato_Early_blight_leaf,0.9999997615814209,1,1.16015625,8.358790397644043,0.17035293579101562,9.692095756530762
dataset/test/Tomato_Early_blight_leaf/IMG_20251102_155153_aug_86aug78.jpg,Tomato_Early_blight_leaf,Tomato_Early_blight_leaf,1.0,1,1.1646394729614258,7.865174293518066,0.15020465850830078,9.182295799255371
dataset/test/Tomato_Early_blight_leaf/IMG_20251102_155153_aug_87aug76.jpg,Tomato_Early_blight_leaf,Tomato_Early_blight_leaf,0.9999998807907104,1,1.0889348983764648,7.669988632202148,0.16526126861572266,8.927349090576172
dataset/test/Tomato_Early_blight_leaf/IMG_20251102_155153_aug_88aug79.jpg,Tomato_Early_blight_leaf,Tomato_Early_blight_leaf,0.9999994039535522,1,1.1834726333618164,7.592745780944824,0.16768550872802734,8.9465913772583
dataset/test/Tomato_Early_blight_leaf/IMG_20251102_155153_aug_89aug75.jpg,Tomato_Early_blight_leaf,Tomato_Early_blight_leaf,0.9999997615814209,1,1.0443601608276367,7.748284339904785,0.1641855239868164,8.959517478942871
dataset/test/Tomato_Early_blight_leaf/IMG_20251102_155153aug17.jpg,Tomato_Early_blight_leaf,Tomato_Early_blight_leaf,0.9999998807907104,1,1.0948057174682617,7.919100761413574,0.1644458770751953,9.1808500289917
dataset/test/Tomato_Early_blight_leaf/IMG_20251102_155207_aug_10aug47.jpg,Tomato_Early_blight_leaf,Tomato_Early_blight_leaf,0.9999860525131226,1,1.1079540252685547,7.717728614807129,0.1630392074584961,8.991202354431152
dataset/test/Tomato_Early_blight_leaf/IMG_20251102_155207_aug_11aug56.jpg,Tomato_Early_blight_leaf,Tomato_Early_blight_leaf,0.9947013854980469,1,1.0633611679077148,7.8611555099487305,0.16437053680419922,9.091259002685547
dataset/test/Tomato_Early_blight_leaf/IMG_20251102_155207_aug_12aug45.jpg,Tomato_Early_blight_leaf,Tomato_Early_blight_leaf,0.9999943971633911,1,1.092341423034668,7.968156814575195,0.16376113891601562,9.227017402648926
dataset/test/Tomato_Early_blight_leaf/IMG_20251102_155207_aug_13aug48.jpg,Tomato_Early_blight_leaf,Tomato_Early_blight_leaf,0.9999697208404541,1,1.0568418502807617,7.802210807800293,0.1627969741821289,9.024608612060547
dataset/test/Tomato_Early_blight_leaf/IMG_20251102_155207_aug_14aug49.jpg,Tomato_Early_blight_leaf,Tomato_Early_blight_leaf,0.9999704360961914,1,1.1171197891235352,7.735136032104492,0.16525936126708984,9.020071983337402
dataset/test/Tomato_Early_blight_leaf/IMG_20251102_155207aug2.jpg,Tomato_Early_blight_leaf,Tomato_Early_blight_leaf,0.99980229139328,1,1.0787115097045898,7.769618988037109,0.164093017578125,9.015295028686523
dataset/test/Tomato_Early_blight_leaf/IMG_20251102_155305_aug_35aug25.jpg,Tomato_Early_blight_leaf,Tomato_Early_blight_leaf,0.7583101987838745,1,1.0661201477050781,8.016213417053223,0.16937255859375,9.254352569580078
dataset/test/Tomato_Early_blight_leaf/IMG_20251102_155305_aug_36aug27.jpg,Tomato_Early_blight_leaf,Tomato_Early_blight_leaf,0.5353931188583374,1,1.1407499313354492,8.323807716369629,0.16829776763916016,9.635392189025879
dataset/test/Tomato_Early_blight_leaf/IMG_20251102_155305_aug_37aug29.jpg,Tomato_Early_blight_leaf,Tomato_Early_blight_leaf,0.6515614986419678,1,1.1300649642944336,8.128640174865723,0.1696300506591797,9.430946350097656
dataset/test/Tomato_Early_blight_leaf/IMG_20251102_155305_aug_38aug31.jpg,Tomato_Early_blight_leaf,Tomato_Early_blight_leaf,0.9139375686645508,1,1.1124544143676758,8.162676811218262,0.17037200927734375,9.44813060760498
dataset/test/Tomato_Early_blight_leaf/IMG_20251102_155305_aug_39aug26.jpg,Tomato_Early_blight_leaf,Tomato_Early_blight_leaf,0.5801041126251221,1,1.1623058319091797,8.445807456970215,0.16809463500976562,9.778986930847168
dataset/test/Tomato_Early_blight_leaf/IMG_20251102_155305aug7.jpg,Tomato_Early_blight_leaf,Tomato_Early_blight_leaf,0.8020390272140503,1,1.1195087432861328,8.190584182739258,0.1687612533569336,9.481501579284668
dataset/test/Tomato_Early_blight_leaf/IMG_20251102_155853_aug_55aug106.jpg,Tomato_Early_blight_leaf,Tomato_leaf_late_blight,0.9993085861206055,0,1.1677865982055664,8.072861671447754,0.15425968170166016,9.397001266479492
dataset/test/Tomato_Early_blight_leaf/IMG_20251102_155853_aug_56aug92.jpg,Tomato_Early_blight_leaf,Tomato_leaf_late_blight,0.9999854564666748,0,1.0764904022216797,7.963101387023926,0.16822338104248047,9.210351943969727
dataset/test/Tomato_Early_blight_leaf/IMG_20251102_155853_aug_57aug96.jpg,Tomato_Early_blight_leaf,Tomato_leaf_late_blight,0.9993647933006287,0,1.2487869262695312,7.928563117980957,0.16814804077148438,9.348501205444336
dataset/test/Tomato_Early_blight_leaf/IMG_20251102_155853_aug_58aug103.jpg,Tomato_Early_blight_leaf,Tomato_leaf_late_blight,0.9999996423721313,0,1.1120100021362305,8.518402099609375,0.1705942153930664,9.803689956665039
dataset/test/Tomato_Early_blight_leaf/IMG_20251102_155853_aug_59aug99.jpg,Tomato_Early_blight_leaf,Tomato_leaf_late_blight,0.9994090795516968,0,1.1330461502075195,8.2593994140625,0.16809368133544922,9.563594818115234
dataset/test/Tomato_Early_blight_leaf/IMG_20251102_155853aug11.jpg,Tomato_Early_blight_leaf,Tomato_leaf_late_blight,0.9999991655349731,0,1.1077308654785156,8.218695640563965,0.16974163055419922,9.49909496307373
dataset/test/Tomato_Early_blight_leaf/IMG_20251102_160046_aug_95aug70.jpg,Tomato_Early_blight_leaf,Tomato_Early_blight_leaf,0.996276319026947,1,1.1422309875488281,8.052416801452637,0.16813087463378906,9.365724563598633
dataset/test/Tomato_Early_blight_leaf/IMG_20251102_160046_aug_96aug69.jpg,Tomato_Early_blight_leaf,Tomato_Early_blight_leaf,0.9985609650611877,1,1.1278982162475586,8.024045944213867,0.16759300231933594,9.321964263916016
dataset/test/Tomato_Early_blight_leaf/IMG_20251102_160046_aug_97aug67.jpg,Tomato_Early_blight_leaf,Tomato_Early_blight_leaf,0.999835729598999,1,1.1252679824829102,8.290233612060547,0.2039480209350586,9.622206687927246
dataset/test/Tomato_Early_blight_leaf/IMG_20251102_160046_aug_98aug68.jpg,Tomato_Early_blight_leaf,Tomato_Early_blight_leaf,0.9999091625213623,1,1.1795272827148438,8.036046028137207,0.16777801513671875,9.386113166809082
dataset/test/Tomato_Early_blight_leaf/IMG_20251102_160046aug19.jpg,Tomato_Early_blight_leaf,Tomato_Early_blight_leaf,0.9995309114456177,1,1.1220817565917969,7.959768295288086,0.17498302459716797,9.259499549865723
dataset/test/Tomato_Early_blight_leaf/IMG_20251102_160055_aug_15aug53.jpg,Tomato_Early_blight_leaf,Tomato_Early_blight_leaf,0.9999991655349731,1,1.0976371765136719,8.031267166137695,0.20477771759033203,9.336223602294922
dataset/test/Tomato_Early_blight_leaf/IMG_20251102_160055_aug_16aug55.jpg,Tomato_Early_blight_leaf,Tomato_Early_blight_leaf,0.9999681711196899,1,1.079397201538086,7.987526893615723,0.19153881072998047,9.261685371398926
dataset/test/Tomato_Early_blight_leaf/IMG_20251102_160055_aug_17aug46.jpg,Tomato_Early_blight_leaf,Tomato_Early_blight_leaf,0.9999990463256836,1,1.094675064086914,8.169805526733398,0.1586132049560547,9.425336837768555
dataset/test/Tomato_Early_blight_leaf/IMG_20251102_160055_aug_18aug54.jpg,Tomato_Early_blight_leaf,Tomato_Early_blight_leaf,0.999977707862854,1,1.0581207275390625,7.8698225021362305,0.16796398162841797,9.098296165466309
dataset/test/Tomato_Early_blight_leaf/IMG_20251102_160055_aug_19aug52.jpg,Tomato_Early_blight_leaf,Tomato_Early_blight_leaf,0.9997950196266174,1,1.2136955261230469,7.768211364746094,0.1639089584350586,9.148185729980469
dataset/test/Tomato_Early_blight_leaf/IMG_20251102_160055aug3.jpg,Tomato_Early_blight_leaf,Tomato_Early_blight_leaf,0.9999972581863403,1,1.0648612976074219,7.6976728439331055,0.16676044464111328,8.932016372680664
dataset/test/Tomato_Early_blight_leaf/IMG_20251102_160217_aug_75aug82.jpg,Tomato_Early_blight_leaf,Tomato_Early_blight_leaf,0.9994410872459412,1,1.0595817565917969,7.812969207763672,0.16396427154541016,9.039072036743164
dataset/test/Tomato_Early_blight_leaf/IMG_20251102_160217_aug_76aug83.jpg,Tomato_Early_blight_leaf,Tomato_Early_blight_leaf,0.9991375207901001,1,1.1028051376342773,7.644911766052246,0.16153812408447266,8.911886215209961
dataset/test/Tomato_Early_blight_leaf/IMG_20251102_160217_aug_77aug90.jpg,Tomato_Early_blight_leaf,Tomato_Early_blight_leaf,0.9995667338371277,1,1.0866022109985352,7.857451438903809,0.16388893127441406,9.110295295715332
dataset/test/Tomato_Early_blight_leaf/IMG_20251102_160217_aug_78aug81.jpg,Tomato_Early_blight_leaf,Tomato_Early_blight_leaf,0.9989093542098999,1,1.065546989440918,7.851822853088379,0.16522216796875,9.085073471069336
dataset/test/Tomato_Early_blight_leaf/IMG_20251102_160217_aug_79aug86.jpg,Tomato_Early_blight_leaf,Tomato_Early_blight_leaf,0.9994522929191589,1,1.0604705810546875,7.60539436340332,0.16448402404785156,8.833200454711914
dataset/test/Tomato_Early_blight_leaf/IMG_20251102_160217aug15.jpg,Tomato_Early_blight_leaf,Tomato_Early_blight_leaf,0.9994931221008301,1,1.2061395645141602,7.516246795654297,0.1645946502685547,8.889516830444336
dataset/test/Tomato_Early_blight_leaf/IMG_20251102_160523_aug_50aug114.jpg,Tomato_Early_blight_leaf,Tomato_Early_blight_leaf,0.9999521970748901,1,1.1435461044311523,7.756599426269531,0.16411304473876953,9.066703796386719
dataset/test/Tomato_Early_blight_leaf/IMG_20251102_160523_aug_51aug111.jpg,Tomato_Early_blight_leaf,Tomato_Early_blight_leaf,0.9997586607933044,1,1.0917863845825195,7.733524322509766,0.16325950622558594,8.99094295501709
dataset/test/Tomato_Early_blight_leaf/IMG_20251102_160523_aug_52aug112.jpg,Tomato_Early_blight_leaf,Tomato_Early_blight_leaf,0.9999481439590454,1,1.1481027603149414,7.8050432205200195,0.16592788696289062,9.122369766235352
dataset/test/Tomato_Early_blight_leaf/IMG_20251102_160523_aug_53aug115.jpg,Tomato_Early_blight_leaf,Tomato_Early_blight_leaf,0.9999547004699707,1,1.1479549407958984,7.791620254516602,0.16592788696289062,9.108627319335938
dataset/test/Tomato_Early_blight_leaf/IMG_20251102_160523_aug_54aug113.jpg,Tomato_Early_blight_leaf,Tomato_Early_blight_leaf,0.9999337196350098,1,1.1313610076904297,8.016063690185547,0.1660938262939453,9.316167831420898
dataset/test/Tomato_Early_blight_leaf/IMG_20251102_160523aug10.jpg,Tomato_Early_blight_leaf,Tomato_Early_blight_leaf,0.999980092048645,1,1.1278800964355469,7.981026649475098,0.1674652099609375,9.278926849365234
dataset/test/Tomato_Early_blight_leaf/IMG_20251102_161202_aug_45aug118.jpg,Tomato_Early_blight_leaf,Tomato_Early_blight_leaf,0.9999825954437256,1,1.1839361190795898,8.46469783782959,0.15861129760742188,9.809318542480469
dataset/test/Tomato_Early_blight_leaf/IMG_20251102_161202_aug_46aug116.jpg,Tomato_Early_blight_leaf,Tomato_Early_blight_leaf,0.9999825954437256,1,1.1613054275512695,8.122213363647461,0.15563011169433594,9.441186904907227
dataset/test/Tomato_Early_blight_leaf/IMG_20251102_161202_aug_47aug117.jpg,Tomato_Early_blight_leaf,Tomato_Early_blight_leaf,0.9997400641441345,1,1.1297874450683594,7.8301191329956055,0.16718673706054688,9.129461288452148
dataset/test/Tomato_Early_blight_leaf/IMG_20251102_161202_aug_48aug30.jpg,Tomato_Early_blight_leaf,Tomato_Early_blight_leaf,0.9999332427978516,1,1.2790851593017578,8.868423461914062,0.16587257385253906,10.316008567810059
dataset/test/Tomato_Early_blight_leaf/IMG_20251102_161202_aug_49aug119.jpg,Tomato_Early_blight_leaf,Tomato_Early_blight_leaf,0.9999810457229614,1,1.2408246994018555,7.915008544921875,0.16837215423583984,9.326926231384277
dataset/test/Tomato_Early_blight_leaf/IMG_20251102_161202aug9.jpg,Tomato_Early_blight_leaf,Tomato_Early_blight_leaf,0.9999433755874634,1,1.2241020202636719,14.351948738098145,0.1641864776611328,15.743553161621094
dataset/test/Tomato_Early_blight_leaf/early_blight_jpg.rf.1091c0a2a9a3da5b9ad688c89298614c_aug_80aug87.jpg,Tomato_Early_blight_leaf,Tomato_Early_blight_leaf,0.9989902377128601,1,1.088730812072754,15.164566040039062,0.150909423828125,16.406002044677734
dataset/test/Tomato_Early_blight_leaf/early_blight_jpg.rf.1091c0a2a9a3da5b9ad688c89298614c_aug_81aug84.jpg,Tomato_Early_blight_leaf,Tomato_Early_blight_leaf,0.9960618615150452,1,1.1368799209594727,10.607177734375,0.16744613647460938,11.914337158203125
dataset/test/Tomato_Early_blight_leaf/early_blight_jpg.rf.1091c0a2a9a3da5b9ad688c89298614c_aug_82aug89.jpg,Tomato_Early_blight_leaf,Tomato_Early_blight_leaf,0.9949986934661865,1,1.1319351196289062,8.149861335754395,0.165130615234375,9.449482917785645
dataset/test/Tomato_Early_blight_leaf/early_blight_jpg.rf.1091c0a2a9a3da5b9ad688c89298614c_aug_83aug85.jpg,Tomato_Early_blight_leaf,Tomato_Early_blight_leaf,0.9988545179367065,1,1.2182693481445312,8.073583602905273,0.1595754623413086,9.453743934631348
dataset/test/Tomato_Early_blight_leaf/early_blight_jpg.rf.1091c0a2a9a3da5b9ad688c89298614c_aug_84aug88.jpg,Tomato_Early_blight_leaf,Tomato_Early_blight_leaf,0.9994776844978333,1,1.0864543914794922,8.016175270080566,0.16570472717285156,9.27101993560791
dataset/test/Tomato_Early_blight_leaf/early_blight_jpg.rf.1091c0a2a9a3da5b9ad688c89298614caug16.jpg,Tomato_Early_blight_leaf,Tomato_Early_blight_leaf,0.9964801669120789,1,1.248971939086914,7.919803619384766,0.1654834747314453,9.337018966674805
dataset/test/Tomato_Healthy_leaf/20140818-tomato-sauce-vicky-wasik-1_jpg.rf.d3d9b4a0642e72ba76b40dbdfff8b9f7_aug_6aug50.jpg,Tomato_Healthy_leaf,Tomato_Healthy_leaf,0.99960857629776,1,1.0693597793579102,8.089712142944336,0.16881561279296875,9.330426216125488
dataset/test/Tomato_Healthy_leaf/20140818-tomato-sauce-vicky-wasik-1_jpg.rf.d3d9b4a0642e72ba76b40dbdfff8b9f7_aug_7aug56.jpg,Tomato_Healthy_leaf,Tomato_Healthy_leaf,0.9999884366989136,1,1.114675521850586,8.0516939163208,0.1672048568725586,9.336260795593262
dataset/test/Tomato_Healthy_leaf/20140818-tomato-sauce-vicky-wasik-1_jpg.rf.d3d9b4a0642e72ba76b40dbdfff8b9f7aug3.jpg,Tomato_Healthy_leaf,Tomato_Healthy_leaf,0.9999762773513794,1,1.0918798446655273,8.025250434875488,0.1649627685546875,9.284778594970703
dataset/test/Tomato_Healthy_leaf/2015-09-17-01_aug_20aug110.jpg,Tomato_Healthy_leaf,Tomato_Healthy_leaf,0.5002202987670898,1,1.0887489318847656,8.176824569702148,0.17303752899169922,9.441241264343262
dataset/test/Tomato_Healthy_leaf/2015-09-17-01_aug_21aug114.jpg,Tomato_Healthy_leaf,Tomato_Healthy_leaf,0.5466156005859375,1,1.0767860412597656,7.969305038452148,0.16925907135009766,9.218055725097656
dataset/test/Tomato_Healthy_leaf/2015-09-17-01aug10.jpg,Tomato_Healthy_leaf,Tomato_Healthy_leaf,0.9309081435203552,1,1.114842414855957,8.118620872497559,0.1666116714477539,9.402557373046875
dataset/test/Tomato_Healthy_leaf/Basil_2Binfected_2Bby_2BTomato_2BSpotted_2BWilt_2BVirus_aug_2aug59.jpg,Tomato_Healthy_leaf,Tomato_mold_leaf,0.5846837759017944,0,1.0694894790649414,8.048250198364258,0.156982421875,9.276666641235352
dataset/test/Tomato_Healthy_leaf/Basil_2Binfected_2Bby_2BTomato_2BSpotted_2BWilt_2BVirus_aug_3aug51.jpg,Tomato_Healthy_leaf,Tomato_leaf_late_blight,0.713467538356781,0,1.054915428161621,7.879785537719727,0.17859363555908203,9.116185188293457
dataset/test/Tomato_Healthy_leaf/Basil_2Binfected_2Bby_2BTomato_2BSpotted_2BWilt_2BVirusaug1.jpg,Tomato_Healthy_leaf,Tomato_leaf_late_blight,0.4908526539802551,0,1.2037124633789062,7.864989280700684,0.16879749298095703,9.240333557128906
dataset/test/Tomato_Healthy_leaf/Fig-2_aug_22aug102.jpg,Tomato_Healthy_leaf,Tomato_Early_blight_leaf,0.46002140641212463,0,1.1035261154174805,8.867831230163574,0.17077922821044922,10.144675254821777
dataset/test/Tomato_Healthy_leaf/Fig-2_aug_23aug90.jpg,Tomato_Healthy_leaf,Tomato_Healthy_leaf,0.4921940565109253,1,1.105508804321289,8.03097152709961,0.16796398162841797,9.307537078857422
dataset/test/Tomato_Healthy_leaf/Fig-2aug11.jpg,Tomato_Healthy_leaf,Tomato_Healthy_leaf,0.7688648104667664,1,1.1662302017211914,8.044934272766113,0.16739177703857422,9.381205558776855
dataset/test/Tomato_Healthy_leaf/HL_(103)aug39.jpg,Tomato_Healthy_leaf,Tomato_Healthy_leaf,0.9999997615814209,1,1.0977115631103516,8.184121131896973,0.16942691802978516,9.454206466674805
dataset/test/Tomato_Healthy_leaf/HL_(118)_aug_38aug103.jpg,Tomato_Healthy_leaf,Tomato_Healthy_leaf,1.0,1,1.0937681198120117,7.998527526855469,0.16735363006591797,9.26270580291748
dataset/test/Tomato_Healthy_leaf/HL_(118)_aug_39aug104.jpg,Tomato_Healthy_leaf,Tomato_Healthy_leaf,1.0,1,1.1216192245483398,8.03980541229248,0.1688699722290039,9.333111763000488
dataset/test/Tomato_Healthy_leaf/HL_(118)aug19.jpg,Tomato_Healthy_leaf,Tomato_Healthy_leaf,1.0,1,1.0891008377075195,8.177639961242676,0.1679840087890625,9.437150955200195
dataset/test/Tomato_Healthy_leaf/HL_(165)_aug_28aug105.jpg,Tomato_Healthy_leaf,Tomato_Healthy_leaf,0.9999706745147705,1,1.1090459823608398,7.882674217224121,0.16866779327392578,9.163019180297852
dataset/test/Tomato_Healthy_leaf/HL_(165)_aug_29aug91.jpg,Tomato_Healthy_leaf,Tomato_Healthy_leaf,0.9949852228164673,1,1.2475109100341797,7.828543663024902,0.18261337280273438,9.261093139648438
dataset/test/Tomato_Healthy_leaf/HL_(165)aug14.jpg,Tomato_Healthy_leaf,Tomato_Healthy_leaf,0.9985036849975586,1,1.1283235549926758,8.201492309570312,0.16937255859375,9.502132415771484
dataset/test/Tomato_Healthy_leaf/HL_(61)_aug_50aug83.jpg,Tomato_Healthy_leaf,Tomato_Septoria_leaf_spot,0.763664722442627,0,1.1088781356811523,8.025768280029297,0.16792774200439453,9.305371284484863
dataset/test/Tomato_Healthy_leaf/HL_(61)_aug_51aug76.jpg,Tomato_Healthy_leaf,Tomato_Healthy_leaf,0.9783967137336731,1,1.1262321472167969,8.115250587463379,0.17513179779052734,9.419778823852539
dataset/test/Tomato_Healthy_leaf/HL_(61)aug25.jpg,Tomato_Healthy_leaf,Tomato_Healthy_leaf,0.8222362399101257,1,1.087285041809082,7.955915451049805,0.16857528686523438,9.214444160461426
dataset/test/Tomato_Healthy_leaf/HL_(62)aug36.jpg,Tomato_Healthy_leaf,Tomato_Healthy_leaf,0.999994158744812,1,1.1120452880859375,8.220417976379395,0.20098304748535156,9.53635311126709
dataset/test/Tomato_Healthy_leaf/IMG_20251102_161618_aug_58aug71.jpg,Tomato_Healthy_leaf,Tomato_Healthy_leaf,0.9999324083328247,1,1.1335105895996094,7.996027946472168,0.16742801666259766,9.299759864807129
dataset/test/Tomato_Healthy_leaf/IMG_20251102_161618_aug_59aug63.jpg,Tomato_Healthy_leaf,Tomato_Healthy_leaf,0.9982688426971436,1,1.1675653457641602,8.029545783996582,0.16689109802246094,9.36687183380127
dataset/test/Tomato_Healthy_leaf/IMG_20251102_161618aug29.jpg,Tomato_Healthy_leaf,Tomato_Healthy_leaf,0.971981406211853,1,1.1674346923828125,7.999268531799316,0.2126321792602539,9.382094383239746
dataset/test/Tomato_Healthy_leaf/IMG_20251102_161625aug44.jpg,Tomato_Healthy_leaf,Tomato_Healthy_leaf,0.99708491563797,1,1.1352319717407227,8.103824615478516,0.16742610931396484,9.409222602844238
dataset/test/Tomato_Healthy_leaf/IMG_20251102_161629_aug_10aug115.jpg,Tomato_Healthy_leaf,Tomato_Healthy_leaf,0.9997668862342834,1,1.1596765518188477,8.086583137512207,0.1721506118774414,9.420649528503418
dataset/test/Tomato_Healthy_leaf/IMG_20251102_161629_aug_11aug109.jpg,Tomato_Healthy_leaf,Tomato_Healthy_leaf,0.9999990463256836,1,1.1515464782714844,7.895229339599609,0.16629791259765625,9.215371131896973
dataset/test/Tomato_Healthy_leaf/IMG_20251102_161629aug5.jpg,Tomato_Healthy_leaf,Tomato_Healthy_leaf,0.9999973773956299,1,1.1968050003051758,7.826785087585449,0.16637134552001953,9.193037033081055
dataset/test/Tomato_Healthy_leaf/IMG_20251102_161652aug43.jpg,Tomato_Healthy_leaf,Tomato_Healthy_leaf,0.9999897480010986,1,1.1506013870239258,8.146268844604492,0.16812992095947266,9.467890739440918
dataset/test/Tomato_Healthy_leaf/IMG_20251102_161826_aug_60aug68.jpg,Tomato_Healthy_leaf,Tomato_Healthy_leaf,0.9999918937683105,1,1.2096023559570312,7.9743242263793945,0.16933441162109375,9.356019973754883
dataset/test/Tomato_Healthy_leaf/IMG_20251102_161826_aug_61aug62.jpg,Tomato_Healthy_leaf,Tomato_Healthy_leaf,0.9999998807907104,1,1.134195327758789,8.002157211303711,0.16892719268798828,9.307853698730469
dataset/test/Tomato_Healthy_leaf/IMG_20251102_161826aug30.jpg,Tomato_Healthy_leaf,Tomato_Healthy_leaf,0.9999998807907104,1,1.1764726638793945,7.956656455993652,0.1680755615234375,9.303557395935059
dataset/test/Tomato_Healthy_leaf/IMG_20251102_161850_aug_56aug74.jpg,Tomato_Healthy_leaf,Tomato_Healthy_leaf,0.8567137718200684,1,1.1569547653198242,7.996508598327637,0.16853713989257812,9.324667930603027
dataset/test/Tomato_Healthy_leaf/IMG_20251102_161850_aug_57aug72.jpg,Tomato_Healthy_leaf,Tomato_Healthy_leaf,0.9997016787528992,1,1.094120979309082,8.003193855285645,0.17290973663330078,9.273056983947754
dataset/test/Tomato_Healthy_leaf/IMG_20251102_161850aug28.jpg,Tomato_Healthy_leaf,Tomato_Healthy_leaf,0.9994155168533325,1,1.1014728546142578,8.094176292419434,0.1708526611328125,9.369185447692871
dataset/test/Tomato_Healthy_leaf/IMG_20251102_161859aug38.jpg,Tomato_Healthy_leaf,Tomato_Healthy_leaf,0.9999954700469971,1,1.1669349670410156,8.048768997192383,0.16944599151611328,9.387870788574219
dataset/test/Tomato_Healthy_leaf/IMG_20251102_161935_aug_4aug55.jpg,Tomato_Healthy_leaf,Tomato_Healthy_leaf,0.9999996423721313,1,1.10467529296875,8.034749984741211,0.16968727111816406,9.311555862426758
dataset/test/Tomato_Healthy_leaf/IMG_20251102_161935_aug_5aug53.jpg,Tomato_Healthy_leaf,Tomato_Healthy_leaf,0.9999996423721313,1,1.1186752319335938,8.104249954223633,0.16983413696289062,9.395390510559082
dataset/test/Tomato_Healthy_leaf/IMG_20251102_161935aug2.jpg,Tomato_Healthy_leaf,Tomato_Healthy_leaf,0.9999997615814209,1,1.1343803405761719,8.213232040405273,0.166778564453125,9.517316818237305
dataset/test/Tomato_Healthy_leaf/IMG_20251102_162037aug45.jpg,Tomato_Healthy_leaf,Tomato_Healthy_leaf,0.991445779800415,1,1.1534357070922852,8.272974014282227,0.1687784194946289,9.597466468811035
dataset/test/Tomato_Healthy_leaf/h100_lower_aug_54aug73.jpg,Tomato_Healthy_leaf,Tomato_Healthy_leaf,0.9957965612411499,1,1.1218786239624023,8.175862312316895,0.17013072967529297,9.47063159942627
dataset/test/Tomato_Healthy_leaf/h100_lower_aug_55aug75.jpg,Tomato_Healthy_leaf,Tomato_Healthy_leaf,0.9990377426147461,1,1.161768913269043,8.119232177734375,0.16924095153808594,9.453021049499512
dataset/test/Tomato_Healthy_leaf/h100_loweraug27.jpg,Tomato_Healthy_leaf,Tomato_Healthy_leaf,0.9999154806137085,1,1.1324710845947266,8.180731773376465,0.167724609375,9.484095573425293
dataset/test/Tomato_Healthy_leaf/h101_aug_18aug119.jpg,Tomato_Healthy_leaf,Tomato_Healthy_leaf,0.9989553689956665,1,1.1211748123168945,8.329456329345703,0.17185306549072266,9.62509536743164
dataset/test/Tomato_Healthy_leaf/h101_aug_19aug116.jpg,Tomato_Healthy_leaf,Tomato_Healthy_leaf,0.929955005645752,1,1.126028060913086,8.29969596862793,0.17520427703857422,9.604150772094727
dataset/test/Tomato_Healthy_leaf/h101aug9.jpg,Tomato_Healthy_leaf,Tomato_Healthy_leaf,0.9938699007034302,1,1.1289339065551758,8.136991500854492,0.16983413696289062,9.43828010559082
dataset/test/Tomato_Healthy_leaf/h103_aug_42aug82.jpg,Tomato_Healthy_leaf,Tomato_Healthy_leaf,0.9999995231628418,1,1.136195182800293,8.275400161743164,0.1654825210571289,9.579744338989258
dataset/test/Tomato_Healthy_leaf/h103_aug_43aug77.jpg,Tomato_Healthy_leaf,Tomato_Healthy_leaf,0.9999990463256836,1,1.0975275039672852,8.349808692932129,0.155853271484375,9.605244636535645
dataset/test/Tomato_Healthy_leaf/h103aug21.jpg,Tomato_Healthy_leaf,Tomato_Healthy_leaf,0.9999979734420776,1,1.064046859741211,7.970396995544434,0.16898345947265625,9.2058687210083
dataset/test/Tomato_Healthy_leaf/h1_change_90_aug_12aug118.jpg,Tomato_Healthy_leaf,Tomato_Healthy_leaf,0.9999996423721313,1,1.273787498474121,7.992064476013184,0.1687784194946289,9.43703842163086
dataset/test/Tomato_Healthy_leaf/h1_change_90_aug_13aug108.jpg,Tomato_Healthy_leaf,Tomato_Healthy_leaf,0.9999997615814209,1,1.1289348602294922,8.134696006774902,0.17083358764648438,9.436799049377441
dataset/test/Tomato_Healthy_leaf/h1_change_90aug6.jpg,Tomato_Healthy_leaf,Tomato_Healthy_leaf,0.9999996423721313,1,1.127248764038086,8.090547561645508,0.17079830169677734,9.391667366027832
dataset/test/Tomato_Healthy_leaf/h39_change_270aug48.jpg,Tomato_Healthy_leaf,Tomato_Healthy_leaf,0.9997854828834534,1,1.1531944274902344,8.144620895385742,0.1690206527709961,9.46976089477539
dataset/test/Tomato_Healthy_leaf/h39_hight_aug_40aug96.jpg,Tomato_Healthy_leaf,Tomato_Healthy_leaf,0.9999725818634033,1,1.1139354705810547,8.122249603271484,0.17089080810546875,9.409724235534668
dataset/test/Tomato_Healthy_leaf/h39_hight_aug_41aug98.jpg,Tomato_Healthy_leaf,Tomato_Healthy_leaf,0.9999479055404663,1,1.1031198501586914,8.404603958129883,0.1691131591796875,9.679374694824219
dataset/test/Tomato_Healthy_leaf/h39_hightaug20.jpg,Tomato_Healthy_leaf,Tomato_Healthy_leaf,0.9994601607322693,1,1.1147499084472656,8.136639595031738,0.17140960693359375,9.42570686340332
dataset/test/Tomato_Healthy_leaf/h39_lower_aug_30aug95.jpg,Tomato_Healthy_leaf,Tomato_Healthy_leaf,0.9996716976165771,1,1.1097135543823242,8.156509399414062,0.1689453125,9.43800163269043
dataset/test/Tomato_Healthy_leaf/h39_lower_aug_31aug89.jpg,Tomato_Healthy_leaf,Tomato_Healthy_leaf,0.9999749660491943,1,1.161712646484375,8.201361656188965,0.17003917694091797,9.53570556640625
dataset/test/Tomato_Healthy_leaf/h39_loweraug15.jpg,Tomato_Healthy_leaf,Tomato_Healthy_leaf,0.9998914003372192,1,1.0903606414794922,7.999823570251465,0.1690387725830078,9.261834144592285
dataset/test/Tomato_Healthy_leaf/h3_aug_8aug57.jpg,Tomato_Healthy_leaf,Tomato_Healthy_leaf,0.9999995231628418,1,1.0902681350708008,7.945805549621582,0.16751956939697266,9.206795692443848
dataset/test/Tomato_Healthy_leaf/h3_aug_9aug54.jpg,Tomato_Healthy_leaf,Tomato_Healthy_leaf,0.9999954700469971,1,1.1276216506958008,8.286178588867188,0.15716838836669922,9.573354721069336
dataset/test/Tomato_Healthy_leaf/h3_mirror_aug_52aug84.jpg,Tomato_Healthy_leaf,Tomato_Healthy_leaf,0.9999983310699463,1,1.0629158020019531,7.828322410583496,0.1668720245361328,9.060757637023926
dataset/test/Tomato_Healthy_leaf/h3_mirror_aug_53aug80.jpg,Tomato_Healthy_leaf,Tomato_Healthy_leaf,0.9999994039535522,1,1.1925106048583984,7.824322700500488,0.17731666564941406,9.19749927520752
dataset/test/Tomato_Healthy_leaf/h3_mirroraug26.jpg,Tomato_Healthy_leaf,Tomato_Healthy_leaf,0.9999997615814209,1,1.1163606643676758,7.98036003112793,0.1687784194946289,9.268111228942871
dataset/test/Tomato_Healthy_leaf/h3aug4.jpg,Tomato_Healthy_leaf,Tomato_Healthy_leaf,0.9999994039535522,1,1.088174819946289,8.029972076416016,0.166778564453125,9.288019180297852
dataset/test/Tomato_Healthy_leaf/h45_mirror_verticalaug42.jpg,Tomato_Healthy_leaf,Tomato_Healthy_leaf,0.9999963045120239,1,1.1276016235351562,8.13558292388916,0.1680746078491211,9.433761596679688
dataset/test/Tomato_Healthy_leaf/h49_change_90aug49.jpg,Tomato_Healthy_leaf,Tomato_Healthy_leaf,1.0,1,1.1220836639404297,8.038341522216797,0.16559314727783203,9.329056739807129
dataset/test/Tomato_Healthy_leaf/h50_hight_aug_68aug69.jpg,Tomato_Healthy_leaf,Tomato_Healthy_leaf,0.706512451171875,1,1.0397663116455078,8.136362075805664,0.16839122772216797,9.3477783203125
dataset/test/Tomato_Healthy_leaf/h50_hight_aug_69aug61.jpg,Tomato_Healthy_leaf,Tomato_Healthy_leaf,0.9991267323493958,1,1.0380077362060547,7.893303871154785,0.15676116943359375,9.09048080444336
dataset/test/Tomato_Healthy_leaf/h50_hightaug34.jpg,Tomato_Healthy_leaf,Tomato_Healthy_leaf,0.9609000086784363,1,1.0473060607910156,7.629988670349121,0.16407489776611328,8.843792915344238
dataset/test/Tomato_Healthy_leaf/h50_lower_aug_66aug65.jpg,Tomato_Healthy_leaf,Tomato_Healthy_leaf,0.9999266862869263,1,1.1604175567626953,7.9959716796875,0.16681575775146484,9.326112747192383
dataset/test/Tomato_Healthy_leaf/h50_lower_aug_67aug70.jpg,Tomato_Healthy_leaf,Tomato_Healthy_leaf,0.9987851977348328,1,1.0508050918579102,7.881564140319824,0.16602039337158203,9.100942611694336
dataset/test/Tomato_Healthy_leaf/h50_loweraug33.jpg,Tomato_Healthy_leaf,Tomato_Healthy_leaf,0.9787943363189697,1,1.0575647354125977,7.863414764404297,0.16629791259765625,9.08996295928955
dataset/test/Tomato_Healthy_leaf/h50_mirror_vertical_aug_24aug111.jpg,Tomato_Healthy_leaf,Tomato_Healthy_leaf,0.9999933242797852,1,1.0878963470458984,7.854321479797363,0.1651325225830078,9.110109329223633
dataset/test/Tomato_Healthy_leaf/h50_mirror_vertical_aug_25aug100.jpg,Tomato_Healthy_leaf,Tomato_Healthy_leaf,0.9999996423721313,1,1.0473604202270508,7.926769256591797,0.1724834442138672,9.150406837463379
dataset/test/Tomato_Healthy_leaf/h50_mirror_verticalaug12.jpg,Tomato_Healthy_leaf,Tomato_Healthy_leaf,0.9999243021011353,1,1.065378189086914,7.8117475509643555,0.16333580017089844,9.043313980102539
dataset/test/Tomato_Healthy_leaf/h50aug37.jpg,Tomato_Healthy_leaf,Tomato_Healthy_leaf,0.999651312828064,1,1.0432853698730469,7.8886566162109375,0.20003890991210938,9.134703636169434
dataset/test/Tomato_Healthy_leaf/h5_mirroraug41.jpg,Tomato_Healthy_leaf,Tomato_Healthy_leaf,0.9999822378158569,1,1.071619987487793,7.85536003112793,0.15911197662353516,9.088258743286133
dataset/test/Tomato_Healthy_leaf/h65_mirror_vertical_aug_26aug97.jpg,Tomato_Healthy_leaf,Tomato_Healthy_leaf,0.999995231628418,1,1.052231788635254,7.712061882019043,0.16337203979492188,8.930886268615723
dataset/test/Tomato_Healthy_leaf/h65_mirror_vertical_aug_27aug106.jpg,Tomato_Healthy_leaf,Tomato_Healthy_leaf,0.9999938011169434,1,1.3008432388305664,10.84692096710205,0.2067413330078125,12.357932090759277
dataset/test/Tomato_Healthy_leaf/h65_mirror_verticalaug13.jpg,Tomato_Healthy_leaf,Tomato_Healthy_leaf,0.9999994039535522,1,1.4431781768798828,10.914531707763672,0.20892810821533203,12.570211410522461
dataset/test/Tomato_Healthy_leaf/h71_mirror_aug_62aug66.jpg,Tomato_Healthy_leaf,Tomato_Healthy_leaf,0.9999998807907104,1,1.4905309677124023,10.965514183044434,0.2104654312133789,12.669824600219727
dataset/test/Tomato_Healthy_leaf/h71_mirror_aug_63aug67.jpg,Tomato_Healthy_leaf,Tomato_Healthy_leaf,0.9999983310699463,1,1.4979944229125977,10.904643058776855,0.20805644989013672,12.613971710205078
dataset/test/Tomato_Healthy_leaf/h71_mirroraug31.jpg,Tomato_Healthy_leaf,Tomato_Healthy_leaf,1.0,1,1.5649385452270508,10.901254653930664,0.20322322845458984,12.672731399536133
dataset/test/Tomato_Healthy_leaf/h76_hight_aug_34aug88.jpg,Tomato_Healthy_leaf,Tomato_Healthy_leaf,0.9999997615814209,1,1.4148988723754883,10.935199737548828,0.21014881134033203,12.563692092895508
dataset/test/Tomato_Healthy_leaf/h76_hight_aug_35aug93.jpg,Tomato_Healthy_leaf,Tomato_Healthy_leaf,0.9999988079071045,1,1.443678855895996,10.894771575927734,0.2081308364868164,12.550118446350098
dataset/test/Tomato_Healthy_leaf/h76_hightaug17.jpg,Tomato_Healthy_leaf,Tomato_Healthy_leaf,0.9999986886978149,1,1.4487533569335938,10.891420364379883,0.2075204849243164,12.551175117492676
dataset/test/Tomato_Healthy_leaf/h78_change_270_aug_36aug94.jpg,Tomato_Healthy_leaf,Tomato_Healthy_leaf,0.9999988079071045,1,1.4761228561401367,8.012805938720703,0.16307544708251953,9.654634475708008
dataset/test/Tomato_Healthy_leaf/h78_change_270_aug_37aug99.jpg,Tomato_Healthy_leaf,Tomato_Healthy_leaf,0.9999998807907104,1,1.0676021575927734,7.868581771850586,0.16340923309326172,9.102147102355957
dataset/test/Tomato_Healthy_leaf/h78_change_270aug18.jpg,Tomato_Healthy_leaf,Tomato_Healthy_leaf,0.9999998807907104,1,1.0686378479003906,8.456235885620117,0.17026042938232422,9.697929382324219
dataset/test/Tomato_Healthy_leaf/h7_lower_aug_44aug87.jpg,Tomato_Healthy_leaf,Tomato_Healthy_leaf,0.9986515641212463,1,1.1203975677490234,7.994175910949707,0.1645374298095703,9.281685829162598
dataset/test/Tomato_Healthy_leaf/h7_lower_aug_45aug79.jpg,Tomato_Healthy_leaf,Tomato_Healthy_leaf,0.998062789440155,1,1.0786762237548828,8.300344467163086,0.16603851318359375,9.548336029052734
dataset/test/Tomato_Healthy_leaf/h7_loweraug22.jpg,Tomato_Healthy_leaf,Tomato_Healthy_leaf,0.998217761516571,1,1.0990819931030273,7.917712211608887,0.16472434997558594,9.18396282196045
dataset/test/Tomato_Healthy_leaf/h81_change_180_aug_16aug113.jpg,Tomato_Healthy_leaf,Tomato_Healthy_leaf,0.9999799728393555,1,1.1056013107299805,9.231815338134766,0.16803932189941406,10.508066177368164
dataset/test/Tomato_Healthy_leaf/h81_change_180_aug_17aug117.jpg,Tomato_Healthy_leaf,Tomato_Healthy_leaf,0.9999790191650391,1,1.0847129821777344,16.550355911254883,0.16744613647460938,17.804883003234863
dataset/test/Tomato_Healthy_leaf/h81_change_180aug8.jpg,Tomato_Healthy_leaf,Tomato_Healthy_leaf,0.9999936819076538,1,3.995847702026367,9.954802513122559,0.16542625427246094,14.118483543395996
dataset/test/Tomato_Healthy_leaf/h84_mirroraug40.jpg,Tomato_Healthy_leaf,Tomato_Healthy_leaf,0.9999998807907104,1,1.0891380310058594,7.8929901123046875,0.32111454010009766,9.30583381652832
dataset/test/Tomato_Healthy_leaf/h8_change_90aug35.jpg,Tomato_Healthy_leaf,Tomato_Healthy_leaf,0.9998015761375427,1,1.0708427429199219,7.619894027709961,0.1742229461669922,8.867719650268555
dataset/test/Tomato_Healthy_leaf/h95_mirror_verticalaug46.jpg,Tomato_Healthy_leaf,Tomato_Healthy_leaf,0.9947355389595032,1,1.1138782501220703,7.707488059997559,0.16468524932861328,8.988795280456543
dataset/test/Tomato_Healthy_leaf/h96_change_270aug47.jpg,Tomato_Healthy_leaf,Tomato_Healthy_leaf,0.9964575171470642,1,1.0838804244995117,8.089323997497559,0.21377944946289062,9.389704704284668
dataset/test/Tomato_Healthy_leaf/h96_mirror_vertical_aug_14aug107.jpg,Tomato_Healthy_leaf,Tomato_Healthy_leaf,1.0,1,1.1237869262695312,7.814785003662109,0.1643524169921875,9.105555534362793
dataset/test/Tomato_Healthy_leaf/h96_mirror_vertical_aug_15aug112.jpg,Tomato_Healthy_leaf,Tomato_Healthy_leaf,1.0,1,1.0857315063476562,7.742377281188965,0.16629791259765625,8.996591567993164
dataset/test/Tomato_Healthy_leaf/h96_mirror_verticalaug7.jpg,Tomato_Healthy_leaf,Tomato_Healthy_leaf,1.0,1,1.0516939163208008,7.807711601257324,0.16257476806640625,9.024609565734863
dataset/test/Tomato_Healthy_leaf/h99_hight_aug_32aug92.jpg,Tomato_Healthy_leaf,Tomato_Healthy_leaf,0.9999990463256836,1,1.0827312469482422,7.738729476928711,0.16714859008789062,8.991701126098633
dataset/test/Tomato_Healthy_leaf/h99_hight_aug_33aug101.jpg,Tomato_Healthy_leaf,Tomato_Healthy_leaf,0.9999967813491821,1,1.2785272598266602,7.777487754821777,0.16516876220703125,9.224038124084473
dataset/test/Tomato_Healthy_leaf/h99_hightaug16.jpg,Tomato_Healthy_leaf,Tomato_Healthy_leaf,0.999815046787262,1,1.1114158630371094,7.565431594848633,0.31468772888183594,8.994016647338867
dataset/test/Tomato_Healthy_leaf/h99_lower_aug_46aug78.jpg,Tomato_Healthy_leaf,Tomato_Healthy_leaf,0.9997535347938538,1,1.0317306518554688,7.6064863204956055,0.16427993774414062,8.805200576782227
dataset/test/Tomato_Healthy_leaf/h99_lower_aug_47aug81.jpg,Tomato_Healthy_leaf,Tomato_Healthy_leaf,0.9984884262084961,1,1.0736761093139648,8.303177833557129,0.1721506118774414,9.551299095153809
dataset/test/Tomato_Healthy_leaf/h99_loweraug23.jpg,Tomato_Healthy_leaf,Tomato_Healthy_leaf,0.9999215602874756,1,1.1874542236328125,8.349845886230469,0.17424297332763672,9.71463394165039
dataset/test/Tomato_Healthy_leaf/h9_change_180_aug_48aug86.jpg,Tomato_Healthy_leaf,Tomato_Healthy_leaf,0.9999998807907104,1,1.1302499771118164,8.3079195022583,0.1701679229736328,9.61148452758789
dataset/test/Tomato_Healthy_leaf/h9_change_180_aug_49aug85.jpg,Tomato_Healthy_leaf,Tomato_Healthy_leaf,0.9999986886978149,1,1.1663246154785156,9.352593421936035,0.17303848266601562,10.694697380065918
dataset/test/Tomato_Healthy_leaf/h9_change_180aug24.jpg,Tomato_Healthy_leaf,Tomato_Healthy_leaf,1.0,1,1.1321945190429688,8.33823299407959,0.17277908325195312,9.646059036254883
dataset/test/Tomato_Healthy_leaf/russian-2-319-dt-2010-leaves-high-tunnel-9-29-2014-c_jpg.rf.7ef5d3901dbeaf27776a27bfc8197b72_aug_0aug52.jpg,Tomato_Healthy_leaf,Tomato_Healthy_leaf,0.9999864101409912,1,1.1965465545654297,8.36780834197998,0.1731119155883789,9.740004539489746
dataset/test/Tomato_Healthy_leaf/russian-2-319-dt-2010-leaves-high-tunnel-9-29-2014-c_jpg.rf.7ef5d3901dbeaf27776a27bfc8197b72_aug_1aug58.jpg,Tomato_Healthy_leaf,Tomato_Healthy_leaf,0.9999972581863403,1,1.330937385559082,8.297659873962402,0.17313098907470703,9.80431842803955
dataset/test/Tomato_Healthy_leaf/russian-2-319-dt-2010-leaves-high-tunnel-9-29-2014-c_jpg.rf.7ef5d3901dbeaf27776a27bfc8197b72aug0.jpg,Tomato_Healthy_leaf,Tomato_Healthy_leaf,0.999997615814209,1,1.2008247375488281,8.286808013916016,0.1717061996459961,9.66289234161377
dataset/test/Tomato_Healthy_leaf/unnamed_aug_64aug64.jpg,Tomato_Healthy_leaf,Tomato_Healthy_leaf,0.9987733960151672,1,1.1578798294067383,8.239102363586426,0.17122268676757812,9.571244239807129
dataset/test/Tomato_Healthy_leaf/unnamed_aug_65aug60.jpg,Tomato_Healthy_leaf,Tomato_Healthy_leaf,0.995424211025238,1,1.1252307891845703,8.707161903381348,0.17559432983398438,10.011043548583984
dataset/test/Tomato_Healthy_leaf/unnamedaug32.jpg,Tomato_Healthy_leaf,Tomato_Healthy_leaf,0.9975976347923279,1,1.1612310409545898,8.293456077575684,0.17350006103515625,9.631021499633789
dataset/test/Tomato_Septoria_leaf_spot/1723454507354_aug_44aug83.jpg,Tomato_Septoria_leaf_spot,Tomato_Septoria_leaf_spot,0.8430068492889404,1,1.1188430786132812,8.46638298034668,0.17113113403320312,9.75902271270752
dataset/test/Tomato_Septoria_leaf_spot/1723454507354_aug_45aug80.jpg,Tomato_Septoria_leaf_spot,Tomato_Septoria_leaf_spot,0.857037365436554,1,1.1524171829223633,8.849830627441406,0.17089080810546875,10.175989151000977
dataset/test/Tomato_Septoria_leaf_spot/1723454507354aug22.jpg,Tomato_Septoria_leaf_spot,Tomato_Septoria_leaf_spot,0.8838494420051575,1,1.1158428192138672,8.613439559936523,0.17203712463378906,9.903912544250488
dataset/test/Tomato_Septoria_leaf_spot/1723454507465_aug_58aug67.jpg,Tomato_Septoria_leaf_spot,Tomato_Early_blight_leaf,0.7165400385856628,0,1.1669912338256836,8.287585258483887,0.16896438598632812,9.626354217529297
dataset/test/Tomato_Septoria_leaf_spot/1723454507465_aug_59aug66.jpg,Tomato_Septoria_leaf_spot,Tomato_Septoria_leaf_spot,0.5281193852424622,1,1.1499719619750977,8.326898574829102,0.17429733276367188,9.653745651245117
dataset/test/Tomato_Septoria_leaf_spot/1723454507465aug29.jpg,Tomato_Septoria_leaf_spot,Tomato_Septoria_leaf_spot,0.6984793543815613,1,1.1294336318969727,8.099863052368164,0.17192745208740234,9.403779029846191
dataset/test/Tomato_Septoria_leaf_spot/5454635393351680.jpeg_aug_14aug115.jpg,Tomato_Septoria_leaf_spot,Tomato_Septoria_leaf_spot,0.5553441643714905,1,1.2705097198486328,8.337900161743164,0.1728525161743164,9.783928871154785
dataset/test/Tomato_Septoria_leaf_spot/5454635393351680.jpeg_aug_15aug46.jpg,Tomato_Septoria_leaf_spot,Tomato_mold_leaf,0.4401373565196991,0,1.2236576080322266,8.114435195922852,0.182464599609375,9.523541450500488
dataset/test/Tomato_Septoria_leaf_spot/5454635393351680.jpegaug7.jpg,Tomato_Septoria_leaf_spot,Tomato_mold_leaf,0.7542551159858704,0,1.175694465637207,8.229140281677246,0.17437076568603516,9.581632614135742
dataset/test/Tomato_Septoria_leaf_spot/6134794031202304-600x272-jpeg_jpg.rf.5482c323fe160b26426628094ae3646baug42.jpg,Tomato_Septoria_leaf_spot,Tomato_Septoria_leaf_spot,0.9995725750923157,1,1.1567697525024414,8.296030044555664,0.17029857635498047,9.62574291229248
dataset/test/Tomato_Septoria_leaf_spot/66e7583ebe11cf0bd06435e4167bd4fdaug41.jpg,Tomato_Septoria_leaf_spot,Tomato_Septoria_leaf_spot,0.9999785423278809,1,1.1117496490478516,8.076380729675293,0.16900157928466797,9.360278129577637
dataset/test/Tomato_Septoria_leaf_spot/8_20mistakes_204_aug_72aug61.jpg,Tomato_Septoria_leaf_spot,Tomato_mold_leaf,0.7634125351905823,0,1.124490737915039,7.989786148071289,0.16753768920898438,9.284629821777344
dataset/test/Tomato_Septoria_leaf_spot/8_20mistakes_204_aug_73aug62.jpg,Tomato_Septoria_leaf_spot,Tomato_mold_leaf,0.638038158416748,0,1.097620964050293,8.156899452209473,0.1706867218017578,9.427964210510254
dataset/test/Tomato_Septoria_leaf_spot/8_20mistakes_204aug36.jpg,Tomato_Septoria_leaf_spot,Tomato_Septoria_leaf_spot,0.5713074803352356,1,1.0996570587158203,8.04474925994873,0.1631488800048828,9.309982299804688
dataset/test/Tomato_Septoria_leaf_spot/Gls11_mirror_vertical_aug_42aug85.jpg,Tomato_Septoria_leaf_spot,Tomato_Septoria_leaf_spot,0.9641639590263367,1,1.0985641479492188,7.818913459777832,0.17222309112548828,9.0924072265625
dataset/test/Tomato_Septoria_leaf_spot/Gls11_mirror_vertical_aug_43aug86.jpg,Tomato_Septoria_leaf_spot,Tomato_Septoria_leaf_spot,0.942317545413971,1,1.1798992156982422,7.809562683105469,0.16753768920898438,9.160091400146484
dataset/test/Tomato_Septoria_leaf_spot/Gls11_mirror_verticalaug21.jpg,Tomato_Septoria_leaf_spot,Tomato_Septoria_leaf_spot,0.9882627129554749,1,1.1990842819213867,7.859877586364746,0.1692790985107422,9.230889320373535
dataset/test/Tomato_Septoria_leaf_spot/Gls12_mirror_aug_46aug81.jpg,Tomato_Septoria_leaf_spot,Tomato_Septoria_leaf_spot,0.9998340606689453,1,1.1158418655395508,7.986952781677246,0.16690921783447266,9.272518157958984
dataset/test/Tomato_Septoria_leaf_spot/Gls12_mirror_aug_47aug92.jpg,Tomato_Septoria_leaf_spot,Tomato_Septoria_leaf_spot,0.9934984445571899,1,1.0781736373901367,8.040750503540039,0.16577911376953125,9.287445068359375
dataset/test/Tomato_Septoria_leaf_spot/Gls12_mirroraug23.jpg,Tomato_Septoria_leaf_spot,Tomato_Septoria_leaf_spot,0.9991031885147095,1,1.0854530334472656,8.004620552062988,0.16603851318359375,9.2586669921875
dataset/test/Tomato_Septoria_leaf_spot/Gls1_mirror_aug_38aug82.jpg,Tomato_Septoria_leaf_spot,Tomato_Septoria_leaf_spot,0.9893157482147217,1,1.1227502822875977,8.03325080871582,0.1660938262939453,9.324871063232422
dataset/test/Tomato_Septoria_leaf_spot/Gls1_mirror_aug_39aug84.jpg,Tomato_Septoria_leaf_spot,Tomato_Septoria_leaf_spot,0.9964432120323181,1,1.0652313232421875,8.239066123962402,0.17166805267333984,9.478872299194336
dataset/test/Tomato_Septoria_leaf_spot/Gls1_mirroraug19.jpg,Tomato_Septoria_leaf_spot,Tomato_Septoria_leaf_spot,0.9988376498222351,1,1.102675437927246,8.294011116027832,0.1716299057006836,9.57098388671875
dataset/test/Tomato_Septoria_leaf_spot/Gls21_change_270aug43.jpg,Tomato_Septoria_leaf_spot,Tomato_leaf_late_blight,0.6018908619880676,0,1.1594352722167969,8.39847469329834,0.16950130462646484,9.730485916137695
dataset/test/Tomato_Septoria_leaf_spot/Gls21_hight_aug_56aug78.jpg,Tomato_Septoria_leaf_spot,Tomato_Septoria_leaf_spot,0.9834835529327393,1,1.1091938018798828,8.33353042602539,0.17081737518310547,9.616446495056152
dataset/test/Tomato_Septoria_leaf_spot/Gls21_hight_aug_57aug79.jpg,Tomato_Septoria_leaf_spot,Tomato_Septoria_leaf_spot,0.999487042427063,1,1.1170644760131836,8.310140609741211,0.1730203628540039,9.60285472869873
dataset/test/Tomato_Septoria_leaf_spot/Gls21_hightaug28.jpg,Tomato_Septoria_leaf_spot,Tomato_Septoria_leaf_spot,0.9869324564933777,1,1.1050834655761719,8.361753463745117,0.1628713607788086,9.632096290588379
dataset/test/Tomato_Septoria_leaf_spot/Gls29_change_180_aug_40aug89.jpg,Tomato_Septoria_leaf_spot,Tomato_Septoria_leaf_spot,0.9999966621398926,1,1.104898452758789,8.071731567382812,0.1705942153930664,9.34996509552002
dataset/test/Tomato_Septoria_leaf_spot/Gls29_change_180_aug_41aug91.jpg,Tomato_Septoria_leaf_spot,Tomato_Septoria_leaf_spot,0.9999998807907104,1,1.2476587295532227,8.117064476013184,0.1725006103515625,9.54028034210205
dataset/test/Tomato_Septoria_leaf_spot/Gls29_change_180aug20.jpg,Tomato_Septoria_leaf_spot,Tomato_Septoria_leaf_spot,0.9999994039535522,1,1.2195472717285156,8.306769371032715,0.1768341064453125,9.706854820251465
dataset/test/Tomato_Septoria_leaf_spot/Gls36_hight_aug_20aug116.jpg,Tomato_Septoria_leaf_spot,Tomato_Septoria_leaf_spot,0.9707601070404053,1,1.1513242721557617,8.262028694152832,0.17000102996826172,9.586057662963867
dataset/test/Tomato_Septoria_leaf_spot/Gls36_hight_aug_21aug118.jpg,Tomato_Septoria_leaf_spot,Tomato_Septoria_leaf_spot,0.9931806325912476,1,1.0837688446044922,8.257493019104004,0.17129898071289062,9.514928817749023
dataset/test/Tomato_Septoria_leaf_spot/Gls36_hightaug10.jpg,Tomato_Septoria_leaf_spot,Tomato_Septoria_leaf_spot,0.9992684721946716,1,1.095545768737793,8.317547798156738,0.1705942153930664,9.586188316345215
dataset/test/Tomato_Septoria_leaf_spot/Gls41_change_270_aug_50aug90.jpg,Tomato_Septoria_leaf_spot,Tomato_Septoria_leaf_spot,0.9104353189468384,1,1.2218618392944336,8.293122291564941,0.17087173461914062,9.688446998596191
dataset/test/Tomato_Septoria_leaf_spot/Gls41_change_270_aug_51aug77.jpg,Tomato_Septoria_leaf_spot,Tomato_Septoria_leaf_spot,0.9988589286804199,1,1.1448984146118164,8.397457122802734,0.1718158721923828,9.71679973602295
dataset/test/Tomato_Septoria_leaf_spot/Gls41_change_270aug25.jpg,Tomato_Septoria_leaf_spot,Tomato_Septoria_leaf_spot,0.9987932443618774,1,1.1378059387207031,8.331049919128418,0.17305660247802734,9.64455795288086
dataset/test/Tomato_Septoria_leaf_spot/Gls43_change_90_aug_60aug75.jpg,Tomato_Septoria_leaf_spot,Tomato_Septoria_leaf_spot,0.981631875038147,1,1.083378791809082,8.2661771774292,0.17020606994628906,9.522446632385254
dataset/test/Tomato_Septoria_leaf_spot/Gls43_change_90_aug_61aug73.jpg,Tomato_Septoria_leaf_spot,Tomato_Septoria_leaf_spot,0.988264799118042,1,1.088637351989746,8.259066581726074,0.1637420654296875,9.513891220092773
dataset/test/Tomato_Septoria_leaf_spot/Gls43_change_90aug30.jpg,Tomato_Septoria_leaf_spot,Tomato_Septoria_leaf_spot,0.9719865918159485,1,1.1129722595214844,8.561384201049805,0.16203784942626953,9.838337898254395
dataset/test/Tomato_Septoria_leaf_spot/Gls46_change_90_aug_6aug53.jpg,Tomato_Septoria_leaf_spot,Tomato_Septoria_leaf_spot,0.9997842907905579,1,1.1188793182373047,8.068120956420898,0.16957664489746094,9.359111785888672
dataset/test/Tomato_Septoria_leaf_spot/Gls46_change_90_aug_7aug56.jpg,Tomato_Septoria_leaf_spot,Tomato_Septoria_leaf_spot,0.9989534616470337,1,1.2841224670410156,8.164102554321289,0.17039012908935547,9.621298789978027
dataset/test/Tomato_Septoria_leaf_spot/Gls46_change_90aug3.jpg,Tomato_Septoria_leaf_spot,Tomato_Septoria_leaf_spot,0.9991638660430908,1,1.2555837631225586,8.12078857421875,0.1707601547241211,9.549837112426758
dataset/test/Tomato_Septoria_leaf_spot/Gls47aug44.jpg,Tomato_Septoria_leaf_spot,Tomato_Septoria_leaf_spot,0.9994578957557678,1,1.1170272827148438,8.272881507873535,0.1684274673461914,9.560873031616211
dataset/test/Tomato_Septoria_leaf_spot/Gls76_aug_34aug97.jpg,Tomato_Septoria_leaf_spot,Tomato_Septoria_leaf_spot,0.9849115610122681,1,1.1885833740234375,8.072490692138672,0.16640949249267578,9.430020332336426
dataset/test/Tomato_Septoria_leaf_spot/Gls76_aug_35aug103.jpg,Tomato_Septoria_leaf_spot,Tomato_Septoria_leaf_spot,0.9107235074043274,1,1.077805519104004,8.136268615722656,0.16811275482177734,9.384835243225098
dataset/test/Tomato_Septoria_leaf_spot/Gls76_change_180_aug_30aug96.jpg,Tomato_Septoria_leaf_spot,Tomato_Septoria_leaf_spot,0.965961217880249,1,1.0849723815917969,8.007433891296387,0.16472434997558594,9.259815216064453
dataset/test/Tomato_Septoria_leaf_spot/Gls76_change_180_aug_31aug100.jpg,Tomato_Septoria_leaf_spot,Tomato_Septoria_leaf_spot,0.6582328081130981,1,1.125138282775879,8.033990859985352,0.1685009002685547,9.329909324645996
dataset/test/Tomato_Septoria_leaf_spot/Gls76_change_180aug15.jpg,Tomato_Septoria_leaf_spot,Tomato_Septoria_leaf_spot,0.6214656233787537,1,1.093583106994629,7.971805572509766,0.17409420013427734,9.242500305175781
dataset/test/Tomato_Septoria_leaf_spot/Gls76aug17.jpg,Tomato_Septoria_leaf_spot,Tomato_Septoria_leaf_spot,0.9920130372047424,1,1.092489242553711,8.037674903869629,0.16711139678955078,9.29988956451416
dataset/test/Tomato_Septoria_leaf_spot/Gls7_change_270_aug_64aug68.jpg,Tomato_Septoria_leaf_spot,Tomato_Septoria_leaf_spot,0.9999319314956665,1,1.1305828094482422,7.992417335510254,0.16653728485107422,9.292093276977539
dataset/test/Tomato_Septoria_leaf_spot/Gls7_change_270_aug_65aug71.jpg,Tomato_Septoria_leaf_spot,Tomato_Septoria_leaf_spot,0.9999387264251709,1,1.0813970565795898,8.156121253967285,0.16300106048583984,9.403185844421387
dataset/test/Tomato_Septoria_leaf_spot/Gls7_change_270aug32.jpg,Tomato_Septoria_leaf_spot,Tomato_Septoria_leaf_spot,0.9999626874923706,1,1.0724163055419922,8.1170654296875,0.32328033447265625,9.515392303466797
dataset/test/Tomato_Septoria_leaf_spot/Gls7_lower_aug_0aug57.jpg,Tomato_Septoria_leaf_spot,Tomato_Septoria_leaf_spot,0.9999942779541016,1,1.0756568908691406,7.840764999389648,0.1668720245361328,9.085646629333496
dataset/test/Tomato_Septoria_leaf_spot/Gls7_lower_aug_1aug52.jpg,Tomato_Septoria_leaf_spot,Tomato_Septoria_leaf_spot,0.9999911785125732,1,1.1983251571655273,7.843544006347656,0.16855716705322266,9.213018417358398
dataset/test/Tomato_Septoria_leaf_spot/Gls7_loweraug0.jpg,Tomato_Septoria_leaf_spot,Tomato_Septoria_leaf_spot,0.9999850988388062,1,1.0847110748291016,7.968174934387207,0.16707515716552734,9.2227783203125
dataset/test/Tomato_Septoria_leaf_spot/Gls81_lower_aug_2aug51.jpg,Tomato_Septoria_leaf_spot,Tomato_Septoria_leaf_spot,0.9999692440032959,1,1.0984525680541992,8.112676620483398,0.16537189483642578,9.379019737243652
dataset/test/Tomato_Septoria_leaf_spot/Gls81_lower_aug_3aug54.jpg,Tomato_Septoria_leaf_spot,Tomato_Septoria_leaf_spot,0.9999990463256836,1,1.1096763610839844,8.032954216003418,0.17313098907470703,9.319130897521973
dataset/test/Tomato_Septoria_leaf_spot/Gls81_loweraug1.jpg,Tomato_Septoria_leaf_spot,Tomato_Septoria_leaf_spot,0.9999897480010986,1,1.0530271530151367,8.015453338623047,0.16561317443847656,9.236778259277344
dataset/test/Tomato_Septoria_leaf_spot/IMG-20240812-WA0213_aug_70aug59.jpg,Tomato_Septoria_leaf_spot,Tomato_Early_blight_leaf,0.8522329926490784,0,1.1703062057495117,8.066805839538574,0.16615009307861328,9.40613079071045
dataset/test/Tomato_Septoria_leaf_spot/IMG-20240812-WA0213_aug_71aug60.jpg,Tomato_Septoria_leaf_spot,Tomato_Early_blight_leaf,0.9034160375595093,0,1.1222114562988281,7.957100868225098,0.16535282135009766,9.247536659240723
dataset/test/Tomato_Septoria_leaf_spot/IMG-20240812-WA0213aug35.jpg,Tomato_Septoria_leaf_spot,Tomato_Early_blight_leaf,0.9927443265914917,0,1.1212682723999023,7.879359245300293,0.16737079620361328,9.170408248901367
dataset/test/Tomato_Septoria_leaf_spot/Original_e-blight.JPG.rend.hgtvcom.966.725.jpeg_aug_52aug74.jpg,Tomato_Septoria_leaf_spot,Tomato_Septoria_leaf_spot,0.9984664916992188,1,1.2369356155395508,7.818655967712402,0.16576004028320312,9.224055290222168
dataset/test/Tomato_Septoria_leaf_spot/Original_e-blight.JPG.rend.hgtvcom.966.725.jpeg_aug_53aug76.jpg,Tomato_Septoria_leaf_spot,Tomato_Septoria_leaf_spot,0.9963886737823486,1,1.0987491607666016,7.96391487121582,0.17039012908935547,9.236165046691895
dataset/test/Tomato_Septoria_leaf_spot/Original_e-blight.JPG.rend.hgtvcom.966.725.jpegaug26.jpg,Tomato_Septoria_leaf_spot,Tomato_Septoria_leaf_spot,0.9995712637901306,1,1.0981941223144531,8.120509147644043,0.17392730712890625,9.395574569702148
dataset/test/Tomato_Septoria_leaf_spot/SS_ (990)_aug_24aug107.jpg,Tomato_Septoria_leaf_spot,Tomato_Septoria_leaf_spot,0.9989405274391174,1,1.1356019973754883,8.213398933410645,0.1709451675415039,9.522335052490234
dataset/test/Tomato_Septoria_leaf_spot/SS_ (990)_aug_25aug113.jpg,Tomato_Septoria_leaf_spot,Tomato_Septoria_leaf_spot,0.9990587830543518,1,1.103693962097168,8.175732612609863,0.16872310638427734,9.450667381286621
dataset/test/Tomato_Septoria_leaf_spot/SS_ (990)aug12.jpg,Tomato_Septoria_leaf_spot,Tomato_Septoria_leaf_spot,0.9984935522079468,1,1.0999164581298828,8.233657836914062,0.17048263549804688,9.506631851196289
dataset/test/Tomato_Septoria_leaf_spot/Septoria_tomato_Margaret-20B_p8170755_0002_25004_jpg.rf.3fbb14d553c623c77f342b3a54baddab_aug_66aug70.jpg,Tomato_Septoria_leaf_spot,Tomato_Septoria_leaf_spot,0.9994463324546814,1,1.2112503051757812,8.077435493469238,0.18085479736328125,9.472687721252441
dataset/test/Tomato_Septoria_leaf_spot/Septoria_tomato_Margaret-20B_p8170755_0002_25004_jpg.rf.3fbb14d553c623c77f342b3a54baddab_aug_67aug63.jpg,Tomato_Septoria_leaf_spot,Tomato_Septoria_leaf_spot,0.9862319827079773,1,1.1650276184082031,8.146769523620605,0.18079853057861328,9.496112823486328
dataset/test/Tomato_Septoria_leaf_spot/Septoria_tomato_Margaret-20B_p8170755_0002_25004_jpg.rf.3fbb14d553c623c77f342b3a54baddabaug33.jpg,Tomato_Septoria_leaf_spot,Tomato_Septoria_leaf_spot,0.9920464754104614,1,1.1541385650634766,8.024676322937012,0.17677974700927734,9.35898208618164
dataset/test/Tomato_Septoria_leaf_spot/Tomato-Plant-with-Septoria-Leaf-Spot_aug_68aug65.jpg,Tomato_Septoria_leaf_spot,Tomato_Septoria_leaf_spot,0.9073548316955566,1,1.1807689666748047,8.202991485595703,0.17611312866210938,9.563133239746094
dataset/test/Tomato_Septoria_leaf_spot/Tomato-Plant-with-Septoria-Leaf-Spot_aug_69aug64.jpg,Tomato_Septoria_leaf_spot,Tomato_Early_blight_leaf,0.4791744351387024,0,1.1985645294189453,8.095564842224121,0.1679840087890625,9.464723587036133
dataset/test/Tomato_Septoria_leaf_spot/Tomato-Plant-with-Septoria-Leaf-Spotaug34.jpg,Tomato_Septoria_leaf_spot,Tomato_Septoria_leaf_spot,0.9661523103713989,1,1.1237688064575195,7.978896141052246,0.20337200164794922,9.308834075927734
dataset/test/Tomato_Septoria_leaf_spot/b54d0e40027ff5e90e8ba7e1e9abf9bdaug39.jpg,Tomato_Septoria_leaf_spot,Tomato_Septoria_leaf_spot,0.9999918937683105,1,1.0933055877685547,7.944748878479004,0.16787242889404297,9.208296775817871
dataset/test/Tomato_Septoria_leaf_spot/classic-septoria_aug_10aug48.jpg,Tomato_Septoria_leaf_spot,Tomato_Septoria_leaf_spot,0.9982078075408936,1,1.1523618698120117,8.026472091674805,0.1803913116455078,9.362187385559082
dataset/test/Tomato_Septoria_leaf_spot/classic-septoria_aug_11aug49.jpg,Tomato_Septoria_leaf_spot,Tomato_Septoria_leaf_spot,0.9995402097702026,1,1.1627874374389648,8.785144805908203,0.16785430908203125,10.118489265441895
dataset/test/Tomato_Septoria_leaf_spot/classic-septoriaaug5.jpg,Tomato_Septoria_leaf_spot,Tomato_Septoria_leaf_spot,0.9364644885063171,1,1.179194450378418,8.251861572265625,0.1705007553100586,9.604094505310059
dataset/test/Tomato_Septoria_leaf_spot/early+blight+on+leaf+yel+halo+IMG_2313.JPG_aug_62aug69.jpg,Tomato_Septoria_leaf_spot,Tomato_Septoria_leaf_spot,0.9998586177825928,1,1.0883617401123047,8.766791343688965,0.16916847229003906,10.02670955657959
dataset/test/Tomato_Septoria_leaf_spot/early+blight+on+leaf+yel+halo+IMG_2313.JPG_aug_63aug72.jpg,Tomato_Septoria_leaf_spot,Tomato_Septoria_leaf_spot,0.9999862909317017,1,1.1235456466674805,8.252695083618164,0.17131614685058594,9.550262451171875
dataset/test/Tomato_Septoria_leaf_spot/early+blight+on+leaf+yel+halo+IMG_2313.JPGaug31.jpg,Tomato_Septoria_leaf_spot,Tomato_Septoria_leaf_spot,0.9999232292175293,1,1.1244544982910156,8.2075834274292,0.1692790985107422,9.503965377807617
dataset/test/Tomato_Septoria_leaf_spot/early-blight-of-tomato-tomato-1aug38.jpg,Tomato_Septoria_leaf_spot,Tomato_Septoria_leaf_spot,0.9998418092727661,1,1.4147157669067383,13.258310317993164,0.17272281646728516,14.84858226776123
dataset/test/Tomato_Septoria_leaf_spot/eblight5_aug_18aug110.jpg,Tomato_Septoria_leaf_spot,Tomato_Septoria_leaf_spot,0.9919589757919312,1,1.083601951599121,17.993847846984863,0.18270587921142578,19.26317310333252
dataset/test/Tomato_Septoria_leaf_spot/eblight5_aug_19aug117.jpg,Tomato_Septoria_leaf_spot,Tomato_Septoria_leaf_spot,0.9686673879623413,1,1.0886764526367188,8.61716079711914,0.1698904037475586,9.878522872924805
dataset/test/Tomato_Septoria_leaf_spot/eblight5aug9.jpg,Tomato_Septoria_leaf_spot,Tomato_Septoria_leaf_spot,0.9795708656311035,1,1.1167869567871094,8.154157638549805,0.1776132583618164,9.451667785644531
dataset/test/Tomato_Septoria_leaf_spot/images (1)_aug_54aug93.jpg,Tomato_Septoria_leaf_spot,Tomato_Septoria_leaf_spot,0.9999949932098389,1,1.0869903564453125,8.14958381652832,0.16615009307861328,9.405130386352539
dataset/test/Tomato_Septoria_leaf_spot/images (1)_aug_55aug87.jpg,Tomato_Septoria_leaf_spot,Tomato_Septoria_leaf_spot,0.9996553659439087,1,1.096360206604004,8.259289741516113,0.2050762176513672,9.563150405883789
dataset/test/Tomato_Septoria_leaf_spot/images (1)aug27.jpg,Tomato_Septoria_leaf_spot,Tomato_Septoria_leaf_spot,0.9999390840530396,1,1.080824851989746,8.211288452148438,0.16639041900634766,9.461057662963867
dataset/test/Tomato_Septoria_leaf_spot/tomato-blight-treatment-blight_jpg.rf.78cbf6055199828cb682fd0a6435a157_aug_74aug58.jpg,Tomato_Septoria_leaf_spot,Tomato_Septoria_leaf_spot,0.9999854564666748,1,1.0959348678588867,8.287177085876465,0.18026065826416016,9.56668758392334
dataset/test/Tomato_Septoria_leaf_spot/tomato-blight-treatment-blight_jpg.rf.78cbf6055199828cb682fd0a6435a157aug37.jpg,Tomato_Septoria_leaf_spot,Tomato_Septoria_leaf_spot,0.9998382329940796,1,1.1506767272949219,8.206195831298828,0.17011165618896484,9.529539108276367
dataset/test/Tomato_Septoria_leaf_spot/tomato-early-blight-e1437503226856_aug_4aug50.jpg,Tomato_Septoria_leaf_spot,Tomato_Septoria_leaf_spot,0.9991796612739563,1,1.1352128982543945,8.058879852294922,0.16900253295898438,9.365723609924316
dataset/test/Tomato_Septoria_leaf_spot/tomato-early-blight-e1437503226856_aug_5aug55.jpg,Tomato_Septoria_leaf_spot,Tomato_Septoria_leaf_spot,0.9971831440925598,1,1.3055095672607422,8.122769355773926,0.16811180114746094,9.599150657653809
dataset/test/Tomato_Septoria_leaf_spot/tomato-early-blight-e1437503226856aug2.jpg,Tomato_Septoria_leaf_spot,Tomato_Septoria_leaf_spot,0.99965500831604,1,1.1754913330078125,8.121843338012695,0.18035316467285156,9.480278968811035
dataset/test/Tomato_Septoria_leaf_spot/tomato-early-blightH_jpg.rf.2633fbae0a933eb2711cb8466f34aca1_aug_12aug119.jpg,Tomato_Septoria_leaf_spot,Tomato_Septoria_leaf_spot,0.9987008571624756,1,1.18408203125,8.134343147277832,0.17165088653564453,9.49261474609375
dataset/test/Tomato_Septoria_leaf_spot/tomato-early-blightH_jpg.rf.2633fbae0a933eb2711cb8466f34aca1_aug_13aug114.jpg,Tomato_Septoria_leaf_spot,Tomato_Septoria_leaf_spot,0.9996126294136047,1,1.1844348907470703,8.042010307312012,0.2042226791381836,9.433242797851562
dataset/test/Tomato_Septoria_leaf_spot/tomato-early-blightH_jpg.rf.2633fbae0a933eb2711cb8466f34aca1aug6.jpg,Tomato_Septoria_leaf_spot,Tomato_Septoria_leaf_spot,0.9999388456344604,1,1.233750343322754,8.162714958190918,0.17383575439453125,9.573205947875977
dataset/test/Tomato_Septoria_leaf_spot/tomato-septoria-3-500x384_aug_32aug104.jpg,Tomato_Septoria_leaf_spot,Tomato_Septoria_leaf_spot,0.6918325424194336,1,1.133286476135254,8.268492698669434,0.17174339294433594,9.576114654541016
dataset/test/Tomato_Septoria_leaf_spot/tomato-septoria-3-500x384_aug_33aug106.jpg,Tomato_Septoria_leaf_spot,Tomato_Septoria_leaf_spot,0.9730939269065857,1,1.1677131652832031,9.13524055480957,0.17357540130615234,10.479308128356934
dataset/test/Tomato_Septoria_leaf_spot/tomato-septoria-3-500x384_jpg.rf.40a23512bd3b6d8df2115d7f591913fb_aug_16aug112.jpg,Tomato_Septoria_leaf_spot,Tomato_Septoria_leaf_spot,0.9853563904762268,1,1.1303977966308594,8.295178413391113,0.18400192260742188,9.613040924072266
dataset/test/Tomato_Septoria_leaf_spot/tomato-septoria-3-500x384_jpg.rf.40a23512bd3b6d8df2115d7f591913fb_aug_17aug111.jpg,Tomato_Septoria_leaf_spot,Tomato_Septoria_leaf_spot,0.9880349040031433,1,1.1892318725585938,8.413270950317383,0.1719827651977539,9.777190208435059
dataset/test/Tomato_Septoria_leaf_spot/tomato-septoria-3-500x384_jpg.rf.40a23512bd3b6d8df2115d7f591913fbaug8.jpg,Tomato_Septoria_leaf_spot,Tomato_Septoria_leaf_spot,0.9903755784034729,1,1.132120132446289,8.262919425964355,0.16983509063720703,9.567595481872559
dataset/test/Tomato_Septoria_leaf_spot/tomato-septoria-3-500x384aug16.jpg,Tomato_Septoria_leaf_spot,Tomato_Septoria_leaf_spot,0.9785701632499695,1,1.1338796615600586,8.30073356628418,0.17255687713623047,9.609928131103516
dataset/test/Tomato_Septoria_leaf_spot/tomato-septoria-5_jpg.rf.fab97ae4bb3726e33dcbde7262ec6a65aug40.jpg,Tomato_Septoria_leaf_spot,Tomato_Septoria_leaf_spot,0.9981846213340759,1,1.1503238677978516,8.243639945983887,0.17074203491210938,9.567522048950195
dataset/test/Tomato_Septoria_leaf_spot/tomato-septoria-leaf-spot--_aug_22aug109.jpg,Tomato_Septoria_leaf_spot,Tomato_Early_blight_leaf,0.9790031313896179,0,1.195897102355957,8.461752891540527,0.17272281646728516,9.832948684692383
dataset/test/Tomato_Septoria_leaf_spot/tomato-septoria-leaf-spot--_aug_23aug108.jpg,Tomato_Septoria_leaf_spot,Tomato_Early_blight_leaf,0.8761404156684875,0,1.238602638244629,8.327012062072754,0.18353748321533203,9.752189636230469
dataset/test/Tomato_Septoria_leaf_spot/tomato-septoria-leaf-spot--_jpg.rf.06783859d6d3e49976374e4146674e0b_aug_48aug94.jpg,Tomato_Septoria_leaf_spot,Tomato_Septoria_leaf_spot,0.8512563705444336,1,1.1829919815063477,8.668607711791992,0.1699819564819336,10.024432182312012
dataset/test/Tomato_Septoria_leaf_spot/tomato-septoria-leaf-spot--_jpg.rf.06783859d6d3e49976374e4146674e0b_aug_49aug88.jpg,Tomato_Septoria_leaf_spot,Tomato_Septoria_leaf_spot,0.5415462255477905,1,1.2373247146606445,8.21334457397461,0.16931629180908203,9.623022079467773
dataset/test/Tomato_Septoria_leaf_spot/tomato-septoria-leaf-spot--_jpg.rf.06783859d6d3e49976374e4146674e0baug24.jpg,Tomato_Septoria_leaf_spot,Tomato_Early_blight_leaf,0.6274357438087463,0,1.2224721908569336,8.388678550720215,0.17227935791015625,9.78663444519043
dataset/test/Tomato_Septoria_leaf_spot/tomato-septoria-leaf-spot--_jpg.rf.5e63d9a20f5557b9bb3617e79b48ef85_aug_26aug95.jpg,Tomato_Septoria_leaf_spot,Tomato_Early_blight_leaf,0.4895326495170593,0,1.256917953491211,8.264602661132812,0.16120433807373047,9.685355186462402
dataset/test/Tomato_Septoria_leaf_spot/tomato-septoria-leaf-spot--_jpg.rf.5e63d9a20f5557b9bb3617e79b48ef85_aug_27aug101.jpg,Tomato_Septoria_leaf_spot,Tomato_Septoria_leaf_spot,0.8817940354347229,1,1.1630468368530273,8.335250854492188,0.17044448852539062,9.671465873718262
dataset/test/Tomato_Septoria_leaf_spot/tomato-septoria-leaf-spot--_jpg.rf.5e63d9a20f5557b9bb3617e79b48ef85aug13.jpg,Tomato_Septoria_leaf_spot,Tomato_Septoria_leaf_spot,0.6612867712974548,1,1.2139720916748047,8.084454536437988,0.18094539642333984,9.482484817504883
dataset/test/Tomato_Septoria_leaf_spot/tomato-septoria-leaf-spot--aug11.jpg,Tomato_Septoria_leaf_spot,Tomato_Early_blight_leaf,0.9989342093467712,0,1.3491764068603516,8.147010803222656,0.1705760955810547,9.669743537902832
dataset/test/Tomato_Septoria_leaf_spot/tomato-septoria-leaf-spot-_aug_28aug105.jpg,Tomato_Septoria_leaf_spot,Tomato_Early_blight_leaf,0.7705396413803101,0,1.1719722747802734,8.251899719238281,0.17548179626464844,9.602335929870605
dataset/test/Tomato_Septoria_leaf_spot/tomato-septoria-leaf-spot-_aug_29aug102.jpg,Tomato_Septoria_leaf_spot,Tomato_Early_blight_leaf,0.9396292567253113,0,1.216935157775879,8.293974876403809,0.17027854919433594,9.683855056762695
dataset/test/Tomato_Septoria_leaf_spot/tomato-septoria-leaf-spot-aug14.jpg,Tomato_Septoria_leaf_spot,Tomato_Septoria_leaf_spot,0.9956730008125305,1,1.1510839462280273,8.220307350158691,0.1704273223876953,9.54465103149414
dataset/test/Tomato_Septoria_leaf_spot/tomato_D2b-Early-blight---RPitblado_zoom_jpg.rf.93df1c3cb830b3940e4a23a5c4a05598_aug_8aug45.jpg,Tomato_Septoria_leaf_spot,Tomato_Septoria_leaf_spot,0.9989839196205139,1,1.1680097579956055,10.633641242980957,0.20796489715576172,12.012616157531738
dataset/test/Tomato_Septoria_leaf_spot/tomato_D2b-Early-blight---RPitblado_zoom_jpg.rf.93df1c3cb830b3940e4a23a5c4a05598_aug_9aug47.jpg,Tomato_Septoria_leaf_spot,Tomato_Septoria_leaf_spot,0.9789936542510986,1,1.556605339050293,10.892346382141113,0.20963096618652344,12.661694526672363
dataset/test/Tomato_Septoria_leaf_spot/tomato_D2b-Early-blight---RPitblado_zoom_jpg.rf.93df1c3cb830b3940e4a23a5c4a05598aug4.jpg,Tomato_Septoria_leaf_spot,Tomato_Septoria_leaf_spot,0.994520366191864,1,1.5995502471923828,10.928069114685059,0.2143726348876953,12.745749473571777
dataset/test/Tomato_Septoria_leaf_spot/tomatoseptorialeafspotjpg-788d20798a3c74e7_aug_36aug98.jpg,Tomato_Septoria_leaf_spot,Tomato_Septoria_leaf_spot,0.9999730587005615,1,1.5365114212036133,10.838142395019531,0.20617008209228516,12.584507942199707
dataset/test/Tomato_Septoria_leaf_spot/tomatoseptorialeafspotjpg-788d20798a3c74e7_aug_37aug99.jpg,Tomato_Septoria_leaf_spot,Tomato_Septoria_leaf_spot,0.999742329120636,1,1.5429391860961914,10.8506441116333,0.22029781341552734,12.617602348327637
dataset/test/Tomato_Septoria_leaf_spot/tomatoseptorialeafspotjpg-788d20798a3c74e7aug18.jpg,Tomato_Septoria_leaf_spot,Tomato_Septoria_leaf_spot,0.9992048144340515,1,1.5027704238891602,10.871883392333984,0.20772361755371094,12.585803985595703
dataset/test/Tomato_leaf_late_blight/Gls74_change_90_aug_66aug46.jpg,Tomato_leaf_late_blight,Tomato_Septoria_leaf_spot,0.9844074249267578,0,1.4216957092285156,10.929977416992188,0.20694541931152344,12.562211990356445
dataset/test/Tomato_leaf_late_blight/Gls74_change_90_aug_67aug49.jpg,Tomato_leaf_late_blight,Tomato_Septoria_leaf_spot,0.9912902116775513,0,1.4560117721557617,10.887513160705566,0.20220661163330078,12.5490083694458
dataset/test/Tomato_leaf_late_blight/Gls74_change_90_aug_68aug41.jpg,Tomato_leaf_late_blight,Tomato_Septoria_leaf_spot,0.9997884631156921,0,1.4455480575561523,8.441883087158203,0.15711212158203125,10.047024726867676
dataset/test/Tomato_leaf_late_blight/Gls74_change_90aug22.jpg,Tomato_leaf_late_blight,Tomato_Septoria_leaf_spot,0.9220896363258362,0,1.0270633697509766,7.504892349243164,0.16289043426513672,8.697698593139648
dataset/test/Tomato_leaf_late_blight/Gls78_change_270_aug_24aug95.jpg,Tomato_leaf_late_blight,Tomato_leaf_yellow_curl_virus,0.7529156804084778,0,1.0988235473632812,7.623043060302734,0.16074275970458984,8.886312484741211
dataset/test/Tomato_leaf_late_blight/Gls78_change_270_aug_25aug80.jpg,Tomato_leaf_late_blight,Tomato_leaf_late_blight,0.6621478796005249,1,1.0819902420043945,7.597468376159668,0.161224365234375,8.843293190002441
dataset/test/Tomato_leaf_late_blight/Gls78_change_270_aug_26aug81.jpg,Tomato_leaf_late_blight,Tomato_leaf_late_blight,0.936562716960907,1,1.0758600234985352,7.7085981369018555,0.1632242202758789,8.950164794921875
dataset/test/Tomato_leaf_late_blight/Gls78_change_270aug8.jpg,Tomato_leaf_late_blight,Tomato_leaf_late_blight,0.5766631960868835,1,1.0120086669921875,7.604987144470215,0.1634073257446289,8.783217430114746
dataset/test/Tomato_leaf_late_blight/Gls79_change_270_aug_51aug69.jpg,Tomato_leaf_late_blight,Tomato_leaf_late_blight,0.9999762773513794,1,1.0158605575561523,7.747007369995117,0.26216888427734375,9.027868270874023
dataset/test/Tomato_leaf_late_blight/Gls79_change_270_aug_52aug74.jpg,Tomato_leaf_late_blight,Tomato_leaf_late_blight,0.9999493360519409,1,1.0134525299072266,7.604726791381836,0.1627979278564453,8.783737182617188
dataset/test/Tomato_leaf_late_blight/Gls79_change_270_aug_53aug68.jpg,Tomato_leaf_late_blight,Tomato_leaf_late_blight,0.999924898147583,1,1.0226564407348633,7.641765594482422,0.15468692779541016,8.821310997009277
dataset/test/Tomato_leaf_late_blight/Gls79_change_270aug17.jpg,Tomato_leaf_late_blight,Tomato_leaf_late_blight,0.9998034834861755,1,1.0280256271362305,7.508504867553711,0.15981578826904297,8.69894027709961
dataset/test/Tomato_leaf_late_blight/Gls79_change_90_aug_27aug85.jpg,Tomato_leaf_late_blight,Tomato_leaf_late_blight,0.9992009997367859,1,1.0094709396362305,8.031045913696289,0.1600189208984375,9.202871322631836
dataset/test/Tomato_leaf_late_blight/Gls79_change_90_aug_28aug97.jpg,Tomato_leaf_late_blight,Tomato_leaf_late_blight,0.9999996423721313,1,1.0680465698242188,7.838506698608398,0.167816162109375,9.076704025268555
dataset/test/Tomato_leaf_late_blight/Gls79_change_90_aug_29aug89.jpg,Tomato_leaf_late_blight,Tomato_leaf_late_blight,0.9996743202209473,1,1.0502309799194336,8.004935264587402,0.17711257934570312,9.235610961914062
dataset/test/Tomato_leaf_late_blight/Gls79_change_90aug9.jpg,Tomato_leaf_late_blight,Tomato_leaf_late_blight,0.9999499320983887,1,1.0922489166259766,8.066046714782715,0.17672348022460938,9.338240623474121
dataset/test/Tomato_leaf_late_blight/Gls79_mirror_aug_15aug104.jpg,Tomato_leaf_late_blight,Tomato_leaf_late_blight,0.9999603033065796,1,1.0553035736083984,8.063082695007324,0.16674137115478516,9.287668228149414
dataset/test/Tomato_leaf_late_blight/Gls79_mirror_aug_16aug113.jpg,Tomato_leaf_late_blight,Tomato_leaf_late_blight,0.9999884366989136,1,1.0460090637207031,7.923637390136719,0.17833423614501953,9.150961875915527
dataset/test/Tomato_leaf_late_blight/Gls79_mirror_aug_17aug109.jpg,Tomato_leaf_late_blight,Tomato_leaf_late_blight,0.999995231628418,1,1.0900640487670898,8.050304412841797,0.1758718490600586,9.31944465637207
dataset/test/Tomato_leaf_late_blight/Gls79_mirroraug5.jpg,Tomato_leaf_late_blight,Tomato_leaf_late_blight,0.9999988079071045,1,1.0580816268920898,7.987081527709961,0.16933441162109375,9.217388153076172
dataset/test/Tomato_leaf_late_blight/IMG_20251102_155822aug32.jpg,Tomato_leaf_late_blight,Tomato_Septoria_leaf_spot,0.652633786201477,0,1.1047496795654297,7.8304338455200195,0.1718902587890625,9.110610008239746
dataset/test/Tomato_leaf_late_blight/IMG_20251102_160928aug33.jpg,Tomato_leaf_late_blight,Tomato_Early_blight_leaf,0.5278077125549316,0,1.2027873992919922,7.87556266784668,0.166168212890625,9.24703598022461
dataset/test/Tomato_leaf_late_blight/IMG_20251102_161202_aug_57aug50.jpg,Tomato_leaf_late_blight,Tomato_Early_blight_leaf,0.9997569918632507,0,1.3836774826049805,7.911211967468262,0.16872310638427734,9.466391563415527
dataset/test/Tomato_leaf_late_blight/IMG_20251102_161202_aug_58aug52.jpg,Tomato_leaf_late_blight,Tomato_Early_blight_leaf,0.9999825954437256,0,1.1458797454833984,7.92580509185791,0.16727924346923828,9.2413330078125
dataset/test/Tomato_leaf_late_blight/IMG_20251102_161202_aug_59aug39.jpg,Tomato_leaf_late_blight,Tomato_Early_blight_leaf,0.9999337196350098,0,1.1920108795166016,8.137804985046387,0.16620445251464844,9.498686790466309
dataset/test/Tomato_leaf_late_blight/IMG_20251102_161202aug19.jpg,Tomato_leaf_late_blight,Tomato_Early_blight_leaf,0.9999433755874634,0,1.134267807006836,7.818118095397949,0.16422462463378906,9.119407653808594
dataset/test/Tomato_leaf_late_blight/IMG_5808_jpg.rf.9de5af872dd2e7a58b115c4826fb18d4_aug_63aug53.jpg,Tomato_leaf_late_blight,Tomato_leaf_late_blight,0.9713941216468811,1,1.0806941986083984,7.947028160095215,0.15726089477539062,9.187647819519043
dataset/test/Tomato_leaf_late_blight/IMG_5808_jpg.rf.9de5af872dd2e7a58b115c4826fb18d4_aug_64aug43.jpg,Tomato_leaf_late_blight,Tomato_leaf_late_blight,0.9601070284843445,1,1.08197021484375,7.694153785705566,0.20511150360107422,8.983885765075684
dataset/test/Tomato_leaf_late_blight/IMG_5808_jpg.rf.9de5af872dd2e7a58b115c4826fb18d4_aug_65aug38.jpg,Tomato_leaf_late_blight,Tomato_leaf_late_blight,0.9621466398239136,1,1.1531381607055664,7.739785194396973,0.16559410095214844,9.061037063598633
dataset/test/Tomato_leaf_late_blight/IMG_5808_jpg.rf.9de5af872dd2e7a58b115c4826fb18d4aug21.jpg,Tomato_leaf_late_blight,Tomato_leaf_late_blight,0.9034914374351501,1,1.084564208984375,7.759377479553223,0.17888927459716797,9.026238441467285
dataset/test/Tomato_leaf_late_blight/LB_ (254)_aug_54aug73.jpg,Tomato_leaf_late_blight,Tomato_leaf_late_blight,0.6491707563400269,1,1.0364704132080078,7.868858337402344,0.16320514678955078,9.070850372314453
dataset/test/Tomato_leaf_late_blight/LB_ (254)_aug_55aug71.jpg,Tomato_leaf_late_blight,Tomato_Early_blight_leaf,0.3916032910346985,0,1.0629167556762695,7.809192657470703,0.1640186309814453,9.0385160446167
dataset/test/Tomato_leaf_late_blight/LB_ (254)_aug_56aug78.jpg,Tomato_leaf_late_blight,Tomato_Early_blight_leaf,0.6313520669937134,0,1.0345077514648438,7.852728843688965,0.16324138641357422,9.052999496459961
dataset/test/Tomato_leaf_late_blight/LB_ (254)aug18.jpg,Tomato_leaf_late_blight,Tomato_leaf_late_blight,0.5061781406402588,1,1.0264148712158203,7.83132266998291,0.17642784118652344,9.037016868591309
dataset/test/Tomato_leaf_late_blight/LB_ (276)_aug_60aug45.jpg,Tomato_leaf_late_blight,Tomato_leaf_late_blight,0.9999258518218994,1,1.0425634384155273,7.838266372680664,0.1725015640258789,9.05609130859375
dataset/test/Tomato_leaf_late_blight/LB_ (276)_aug_61aug44.jpg,Tomato_leaf_late_blight,Tomato_leaf_late_blight,0.9999836683273315,1,1.0825996398925781,8.043989181518555,0.16146373748779297,9.290518760681152
dataset/test/Tomato_leaf_late_blight/LB_ (276)_aug_62aug40.jpg,Tomato_leaf_late_blight,Tomato_leaf_late_blight,0.9999946355819702,1,1.0415267944335938,7.9828596115112305,0.16777896881103516,9.194684028625488
dataset/test/Tomato_leaf_late_blight/LB_ (276)aug20.jpg,Tomato_leaf_late_blight,Tomato_leaf_late_blight,0.9999924898147583,1,1.067953109741211,8.135916709899902,0.1680746078491211,9.374241828918457
dataset/test/Tomato_leaf_late_blight/Late-blight-foliar-leasion-on-tomato_jpg.rf.331af81e5b2aae24af0dc9b6d9933591_aug_72aug60.jpg,Tomato_leaf_late_blight,Tomato_leaf_late_blight,0.9991962313652039,1,1.274601936340332,8.295806884765625,0.16748332977294922,9.740948677062988
dataset/test/Tomato_leaf_late_blight/Late-blight-foliar-leasion-on-tomato_jpg.rf.331af81e5b2aae24af0dc9b6d9933591_aug_73aug51.jpg,Tomato_leaf_late_blight,Tomato_leaf_late_blight,0.9992883801460266,1,1.1543245315551758,8.085064888000488,0.17592716217041016,9.418817520141602
dataset/test/Tomato_leaf_late_blight/Late-blight-foliar-leasion-on-tomato_jpg.rf.331af81e5b2aae24af0dc9b6d9933591_aug_74aug37.jpg,Tomato_leaf_late_blight,Tomato_leaf_late_blight,0.9988947510719299,1,1.1954536437988281,8.144676208496094,0.2034473419189453,9.546355247497559
dataset/test/Tomato_leaf_late_blight/Late-blight-foliar-leasion-on-tomato_jpg.rf.331af81e5b2aae24af0dc9b6d9933591aug24.jpg,Tomato_leaf_late_blight,Tomato_leaf_late_blight,0.9963241815567017,1,1.1538991928100586,8.12051010131836,0.1829824447631836,9.460373878479004
dataset/test/Tomato_leaf_late_blight/Late-blight-on-a-tomato-leaf_jpg.rf.8a0bcac661db5b0d51beab8e2bf6cd6caug29.jpg,Tomato_leaf_late_blight,Tomato_leaf_late_blight,0.9999604225158691,1,1.1132698059082031,8.126935958862305,0.17920589447021484,9.422648429870605
dataset/test/Tomato_leaf_late_blight/Late-blight-on-a-tomato-leaf_jpg.rf.8defdb736385f3e1da6fba17b2786ac9_aug_84aug36.jpg,Tomato_leaf_late_blight,Tomato_leaf_late_blight,1.0,1,1.1330089569091797,8.102545738220215,0.16866779327392578,9.407001495361328
dataset/test/Tomato_leaf_late_blight/Late-blight-on-a-tomato-leaf_jpg.rf.8defdb736385f3e1da6fba17b2786ac9aug28.jpg,Tomato_leaf_late_blight,Tomato_leaf_late_blight,1.0,1,1.1031389236450195,8.15206527709961,0.1670389175415039,9.424983024597168
dataset/test/Tomato_leaf_late_blight/Late-blight-symptoms-on-tomato-leaves-1r3uhy2_jpg.rf.92fa5ba375a2c3ce572ef7e12695be90aug31.jpg,Tomato_leaf_late_blight,Tomato_leaf_late_blight,0.9911407828330994,1,1.1220264434814453,8.05762004852295,0.1667795181274414,9.349185943603516
dataset/test/Tomato_leaf_late_blight/Late-blight-tomato-leaf-VikramBisht-MBag_jpg.rf.ec494f1ab0c0417fed47095af181f852_aug_6aug117.jpg,Tomato_leaf_late_blight,Tomato_leaf_late_blight,0.9895675778388977,1,1.1792497634887695,8.123120307922363,0.16872310638427734,9.474095344543457
dataset/test/Tomato_leaf_late_blight/Late-blight-tomato-leaf-VikramBisht-MBag_jpg.rf.ec494f1ab0c0417fed47095af181f852_aug_7aug116.jpg,Tomato_leaf_late_blight,Tomato_leaf_late_blight,0.9965135455131531,1,1.1208610534667969,8.141769409179688,0.16692638397216797,9.432611465454102
dataset/test/Tomato_leaf_late_blight/Late-blight-tomato-leaf-VikramBisht-MBag_jpg.rf.ec494f1ab0c0417fed47095af181f852_aug_8aug115.jpg,Tomato_leaf_late_blight,Tomato_leaf_late_blight,0.9997314810752869,1,1.1226940155029297,8.263029098510742,0.16468524932861328,9.553337097167969
dataset/test/Tomato_leaf_late_blight/Late-blight-tomato-leaf-VikramBisht-MBag_jpg.rf.ec494f1ab0c0417fed47095af181f852aug2.jpg,Tomato_leaf_late_blight,Tomato_leaf_late_blight,0.9827607870101929,1,1.1540279388427734,8.042750358581543,0.16663074493408203,9.365778923034668
dataset/test/Tomato_leaf_late_blight/LateBlight-Tomato-JJ-2009-17nxg4q_aug_36aug79.jpg,Tomato_leaf_late_blight,Tomato_leaf_late_blight,0.964379608631134,1,1.0333967208862305,8.094194412231445,0.16674137115478516,9.29687213897705
dataset/test/Tomato_leaf_late_blight/LateBlight-Tomato-JJ-2009-17nxg4q_aug_37aug87.jpg,Tomato_leaf_late_blight,Tomato_leaf_late_blight,0.9824659824371338,1,1.0603055953979492,7.966989517211914,0.16924190521240234,9.199277877807617
dataset/test/Tomato_leaf_late_blight/LateBlight-Tomato-JJ-2009-17nxg4q_aug_38aug67.jpg,Tomato_leaf_late_blight,Tomato_leaf_late_blight,0.9991934895515442,1,1.0947685241699219,8.067434310913086,0.16761207580566406,9.332574844360352
dataset/test/Tomato_leaf_late_blight/LateBlight-Tomato-JJ-2009-17nxg4q_jpg.rf.93780f99f071013cf0764b40fc6db48c_aug_48aug77.jpg,Tomato_leaf_late_blight,Tomato_leaf_late_blight,0.9996405839920044,1,1.0623788833618164,8.119806289672852,0.17585277557373047,9.361352920532227
dataset/test/Tomato_leaf_late_blight/LateBlight-Tomato-JJ-2009-17nxg4q_jpg.rf.93780f99f071013cf0764b40fc6db48c_aug_49aug65.jpg,Tomato_leaf_late_blight,Tomato_leaf_late_blight,0.9999406337738037,1,1.0653057098388672,8.150195121765137,0.17879772186279297,9.396890640258789
dataset/test/Tomato_leaf_late_blight/LateBlight-Tomato-JJ-2009-17nxg4q_jpg.rf.93780f99f071013cf0764b40fc6db48c_aug_50aug75.jpg,Tomato_leaf_late_blight,Tomato_leaf_late_blight,0.9999288320541382,1,1.1114168167114258,8.087176322937012,0.17887210845947266,9.380427360534668
dataset/test/Tomato_leaf_late_blight/LateBlight-Tomato-JJ-2009-17nxg4q_jpg.rf.93780f99f071013cf0764b40fc6db48caug16.jpg,Tomato_leaf_late_blight,Tomato_leaf_late_blight,0.9999940395355225,1,1.0671014785766602,8.167084693908691,0.1766510009765625,9.413871765136719
dataset/test/Tomato_leaf_late_blight/LateBlight-Tomato-JJ-2009-17nxg4qaug12.jpg,Tomato_leaf_late_blight,Tomato_leaf_late_blight,0.9977654218673706,1,1.0758237838745117,8.723125457763672,0.16316795349121094,9.964692115783691
dataset/test/Tomato_leaf_late_blight/Lb11_mirror_verticalaug34.jpg,Tomato_leaf_late_blight,Tomato_leaf_late_blight,0.9904057383537292,1,1.0858049392700195,8.01813793182373,0.15987205505371094,9.266722679138184
dataset/test/Tomato_leaf_late_blight/Lb51_mirror_aug_39aug83.jpg,Tomato_leaf_late_blight,Tomato_leaf_late_blight,0.9981921315193176,1,1.0680828094482422,7.94282341003418,0.1718158721923828,9.185351371765137
dataset/test/Tomato_leaf_late_blight/Lb51_mirror_aug_40aug96.jpg,Tomato_leaf_late_blight,Tomato_leaf_late_blight,0.9862297773361206,1,1.2976207733154297,7.993803977966309,0.16805648803710938,9.46196460723877
dataset/test/Tomato_leaf_late_blight/Lb51_mirror_aug_41aug91.jpg,Tomato_leaf_late_blight,Tomato_leaf_late_blight,0.9954646229743958,1,1.166508674621582,8.215788841247559,0.1656494140625,9.5505952835083
dataset/test/Tomato_leaf_late_blight/Lb51_mirroraug13.jpg,Tomato_leaf_late_blight,Tomato_leaf_late_blight,0.9876612424850464,1,1.0745267868041992,25.698058128356934,0.1667795181274414,26.941734313964844
dataset/test/Tomato_leaf_late_blight/Lb52_change_90_aug_42aug64.jpg,Tomato_leaf_late_blight,Tomato_leaf_late_blight,0.9999984502792358,1,1.060638427734375,11.267385482788086,0.1711130142211914,12.501617431640625
dataset/test/Tomato_leaf_late_blight/Lb52_change_90_aug_43aug63.jpg,Tomato_leaf_late_blight,Tomato_leaf_late_blight,1.0,1,1.0496559143066406,13.510774612426758,0.16968631744384766,14.733099937438965
dataset/test/Tomato_leaf_late_blight/Lb52_change_90_aug_44aug70.jpg,Tomato_leaf_late_blight,Tomato_leaf_late_blight,0.9999991655349731,1,1.1092681884765625,8.134805679321289,0.16225910186767578,9.408650398254395
dataset/test/Tomato_leaf_late_blight/Lb52_change_90aug14.jpg,Tomato_leaf_late_blight,Tomato_leaf_late_blight,0.9999960660934448,1,1.056656837463379,7.941045761108398,0.17576122283935547,9.176573753356934
dataset/test/Tomato_leaf_late_blight/Lb69_aug_45aug76.jpg,Tomato_leaf_late_blight,Tomato_leaf_late_blight,0.9999853372573853,1,1.1068239212036133,7.706172943115234,0.1662607192993164,8.981794357299805
dataset/test/Tomato_leaf_late_blight/Lb69_aug_46aug72.jpg,Tomato_leaf_late_blight,Tomato_leaf_late_blight,0.9998384714126587,1,1.0802497863769531,7.820340156555176,0.1665945053100586,9.070110321044922
dataset/test/Tomato_leaf_late_blight/Lb69_aug_47aug66.jpg,Tomato_leaf_late_blight,Tomato_leaf_late_blight,0.9999169111251831,1,1.0454158782958984,7.815580368041992,0.17859363555908203,9.042924880981445
dataset/test/Tomato_leaf_late_blight/Lb69aug15.jpg,Tomato_leaf_late_blight,Tomato_leaf_late_blight,0.99986732006073,1,1.0433778762817383,7.855247497558594,0.17644596099853516,9.07829475402832
dataset/test/Tomato_leaf_late_blight/Lb8_mirror_vertical_aug_10aug118.jpg,Tomato_leaf_late_blight,Tomato_leaf_late_blight,0.9999052286148071,1,1.0968236923217773,8.16448974609375,0.1665019989013672,9.430908203125
dataset/test/Tomato_leaf_late_blight/Lb8_mirror_vertical_aug_11aug111.jpg,Tomato_leaf_late_blight,Tomato_leaf_late_blight,0.9999905824661255,1,1.048508644104004,7.842286109924316,0.16337203979492188,9.05688762664795
dataset/test/Tomato_leaf_late_blight/Lb8_mirror_vertical_aug_9aug103.jpg,Tomato_leaf_late_blight,Tomato_leaf_late_blight,0.9999979734420776,1,1.0435819625854492,7.634580612182617,0.18840885162353516,8.869941711425781
dataset/test/Tomato_leaf_late_blight/Lb8_mirror_verticalaug3.jpg,Tomato_leaf_late_blight,Tomato_leaf_late_blight,0.9999985694885254,1,1.123194694519043,8.057841300964355,0.1660757064819336,9.350074768066406
dataset/test/Tomato_leaf_late_blight/Lb97_aug_21aug84.jpg,Tomato_leaf_late_blight,Tomato_leaf_late_blight,0.9998279809951782,1,1.1501951217651367,7.755005836486816,0.16507530212402344,9.072925567626953
dataset/test/Tomato_leaf_late_blight/Lb97_aug_22aug101.jpg,Tomato_leaf_late_blight,Tomato_leaf_late_blight,0.9992902278900146,1,1.0582494735717773,7.956877708435059,0.17524242401123047,9.193906784057617
dataset/test/Tomato_leaf_late_blight/Lb97_aug_23aug82.jpg,Tomato_leaf_late_blight,Tomato_leaf_late_blight,0.9999368190765381,1,1.0910272598266602,8.028120040893555,0.16637229919433594,9.288241386413574
dataset/test/Tomato_leaf_late_blight/Lb97aug7.jpg,Tomato_leaf_late_blight,Tomato_leaf_late_blight,0.999937891960144,1,1.945866584777832,8.602384567260742,0.17213058471679688,10.72393798828125
dataset/test/Tomato_leaf_late_blight/Leaf-2Bsymptoms-2BMDA_jpg.rf.39b220104d04636fad4f5aae043826cb_aug_0aug108.jpg,Tomato_leaf_late_blight,Tomato_leaf_late_blight,0.9852031469345093,1,1.1239728927612305,8.147287368774414,0.17937183380126953,9.453817367553711
dataset/test/Tomato_leaf_late_blight/Leaf-2Bsymptoms-2BMDA_jpg.rf.39b220104d04636fad4f5aae043826cb_aug_1aug106.jpg,Tomato_leaf_late_blight,Tomato_leaf_late_blight,0.9163495302200317,1,1.1899909973144531,8.186267852783203,0.16853809356689453,9.5479097366333
dataset/test/Tomato_leaf_late_blight/Leaf-2Bsymptoms-2BMDA_jpg.rf.39b220104d04636fad4f5aae043826cb_aug_2aug119.jpg,Tomato_leaf_late_blight,Tomato_leaf_late_blight,0.928218424320221,1,1.1159343719482422,7.986841201782227,0.1763162612915039,9.282258033752441
dataset/test/Tomato_leaf_late_blight/Leaf-2Bsymptoms-2BMDA_jpg.rf.39b220104d04636fad4f5aae043826cbaug0.jpg,Tomato_leaf_late_blight,Tomato_leaf_late_blight,0.7104833126068115,1,1.1418790817260742,7.952117919921875,0.17826080322265625,9.27535343170166
dataset/test/Tomato_leaf_late_blight/Tomato-20bacterial-20canker-JPG_jpg.rf.8b568c1d5efcfdcef44c606eb076b889_aug_30aug92.jpg,Tomato_leaf_late_blight,Tomato_leaf_late_blight,0.9518898129463196,1,1.1807146072387695,7.949934005737305,0.23509502410888672,9.369020462036133
dataset/test/Tomato_leaf_late_blight/Tomato-20bacterial-20canker-JPG_jpg.rf.8b568c1d5efcfdcef44c606eb076b889_aug_31aug98.jpg,Tomato_leaf_late_blight,Tomato_leaf_late_blight,0.9033618569374084,1,1.3347883224487305,8.056916236877441,0.16909313201904297,9.563355445861816
dataset/test/Tomato_leaf_late_blight/Tomato-20bacterial-20canker-JPG_jpg.rf.8b568c1d5efcfdcef44c606eb076b889_aug_32aug90.jpg,Tomato_leaf_late_blight,Tomato_leaf_late_blight,0.896955132484436,1,1.1255464553833008,8.007676124572754,0.17516803741455078,9.311260223388672
dataset/test/Tomato_leaf_late_blight/Tomato-20bacterial-20canker-JPG_jpg.rf.8b568c1d5efcfdcef44c606eb076b889aug10.jpg,Tomato_leaf_late_blight,Tomato_leaf_late_blight,0.9672446250915527,1,1.1575088500976562,7.932044982910156,0.16615009307861328,9.258462905883789
dataset/test/Tomato_leaf_late_blight/TomatoBlight-JPG_jpg.rf.234cbc5809dc7d942e46760a63e10d9f_aug_33aug88.jpg,Tomato_leaf_late_blight,Tomato_leaf_late_blight,0.9998539686203003,1,1.0912675857543945,8.271547317504883,0.1690378189086914,9.53448486328125
dataset/test/Tomato_leaf_late_blight/TomatoBlight-JPG_jpg.rf.234cbc5809dc7d942e46760a63e10d9f_aug_34aug86.jpg,Tomato_leaf_late_blight,Tomato_leaf_late_blight,0.9998799562454224,1,1.1716194152832031,8.173806190490723,0.17148208618164062,9.519464492797852
dataset/test/Tomato_leaf_late_blight/TomatoBlight-JPG_jpg.rf.234cbc5809dc7d942e46760a63e10d9f_aug_35aug93.jpg,Tomato_leaf_late_blight,Tomato_leaf_late_blight,0.9997836947441101,1,1.1361761093139648,8.148158073425293,0.17676067352294922,9.464057922363281
dataset/test/Tomato_leaf_late_blight/TomatoBlight-JPG_jpg.rf.234cbc5809dc7d942e46760a63e10d9faug11.jpg,Tomato_leaf_late_blight,Tomato_leaf_late_blight,0.9570930004119873,1,1.1318063735961914,8.302713394165039,0.1686868667602539,9.605947494506836
dataset/test/Tomato_leaf_late_blight/dsc_8140cs_aug_3aug114.jpg,Tomato_leaf_late_blight,Tomato_leaf_late_blight,0.9994451403617859,1,1.1802501678466797,8.11012077331543,0.16705703735351562,9.46005630493164
dataset/test/Tomato_leaf_late_blight/dsc_8140cs_aug_4aug99.jpg,Tomato_leaf_late_blight,Tomato_leaf_late_blight,0.9896324872970581,1,1.151139259338379,8.19225025177002,0.16888999938964844,9.51507568359375
dataset/test/Tomato_leaf_late_blight/dsc_8140cs_aug_5aug102.jpg,Tomato_leaf_late_blight,Tomato_leaf_late_blight,0.8706158399581909,1,1.157841682434082,8.112323760986328,0.1695384979248047,9.44253921508789
dataset/test/Tomato_leaf_late_blight/dsc_8140csaug1.jpg,Tomato_leaf_late_blight,Tomato_leaf_late_blight,0.9273072481155396,1,1.165231704711914,8.151564598083496,0.16900062561035156,9.488390922546387
dataset/test/Tomato_leaf_late_blight/late_jpg.rf.f64883c6ac50eb4f477851ddc23305e8_aug_69aug47.jpg,Tomato_leaf_late_blight,Tomato_leaf_late_blight,0.7175607681274414,1,1.1633052825927734,8.075287818908691,0.15640926361083984,9.397278785705566
dataset/test/Tomato_leaf_late_blight/late_jpg.rf.f64883c6ac50eb4f477851ddc23305e8_aug_70aug48.jpg,Tomato_leaf_late_blight,Tomato_leaf_late_blight,0.8694496154785156,1,1.1093978881835938,7.976953506469727,0.17029762268066406,9.259315490722656
dataset/test/Tomato_leaf_late_blight/late_jpg.rf.f64883c6ac50eb4f477851ddc23305e8_aug_71aug42.jpg,Tomato_leaf_late_blight,Tomato_leaf_late_blight,0.7027723789215088,1,1.2718992233276367,9.80028247833252,0.19740867614746094,11.2732572555542
dataset/test/Tomato_leaf_late_blight/late_jpg.rf.f64883c6ac50eb4f477851ddc23305e8aug23.jpg,Tomato_leaf_late_blight,Tomato_leaf_late_blight,0.596310555934906,1,1.5487546920776367,11.01906967163086,0.24637317657470703,12.817564964294434
dataset/test/Tomato_leaf_late_blight/lateblightTom_lesionaug30.jpg,Tomato_leaf_late_blight,Tomato_leaf_late_blight,0.5229488611221313,1,1.3897886276245117,10.925568580627441,0.20903778076171875,12.527619361877441
dataset/test/Tomato_leaf_late_blight/lb_leaf_lesions2x1200_jpg.rf.3a72cc9627c3ba6d79a876e19220824e_aug_81aug56.jpg,Tomato_leaf_late_blight,Tomato_leaf_late_blight,0.9999916553497314,1,1.4415302276611328,10.912383079528809,0.2105398178100586,12.56778621673584
dataset/test/Tomato_leaf_late_blight/lb_leaf_lesions2x1200_jpg.rf.3a72cc9627c3ba6d79a876e19220824e_aug_82aug62.jpg,Tomato_leaf_late_blight,Tomato_leaf_late_blight,0.9999912977218628,1,1.4763269424438477,10.837419509887695,0.20827960968017578,12.525266647338867
dataset/test/Tomato_leaf_late_blight/lb_leaf_lesions2x1200_jpg.rf.3a72cc9627c3ba6d79a876e19220824e_aug_83aug57.jpg,Tomato_leaf_late_blight,Tomato_leaf_late_blight,0.999947190284729,1,1.5563831329345703,10.886771202087402,0.20909404754638672,12.655917167663574
dataset/test/Tomato_leaf_late_blight/lb_leaf_lesions2x1200_jpg.rf.3a72cc9627c3ba6d79a876e19220824eaug27.jpg,Tomato_leaf_late_blight,Tomato_leaf_late_blight,0.9999891519546509,1,1.4405298233032227,10.851031303405762,0.20939159393310547,12.504600524902344
dataset/test/Tomato_leaf_late_blight/p1020076cs_aug_78aug35.jpg,Tomato_leaf_late_blight,Tomato_leaf_late_blight,0.9999911785125732,1,1.4760866165161133,10.830864906311035,0.20659446716308594,12.516932487487793
dataset/test/Tomato_leaf_late_blight/p1020076cs_aug_79aug59.jpg,Tomato_leaf_late_blight,Tomato_leaf_late_blight,0.9999929666519165,1,1.4844379425048828,9.456038475036621,0.16274261474609375,11.106125831604004
dataset/test/Tomato_leaf_late_blight/p1020076cs_aug_80aug55.jpg,Tomato_leaf_late_blight,Tomato_leaf_late_blight,0.9997792840003967,1,1.0158605575561523,7.808489799499512,0.1642608642578125,8.99162769317627
dataset/test/Tomato_leaf_late_blight/p1020076csaug26.jpg,Tomato_leaf_late_blight,Tomato_leaf_late_blight,0.9999964237213135,1,1.0977697372436523,7.658840179443359,0.16253662109375,8.921608924865723
dataset/test/Tomato_leaf_late_blight/symptoms_of_late_blight_0_jpg.rf.417903f6c86ccb4f4bcd7139e0867018_aug_75aug58.jpg,Tomato_leaf_late_blight,Tomato_leaf_late_blight,0.9999918937683105,1,1.078989028930664,7.686598777770996,0.16311168670654297,8.93116283416748
dataset/test/Tomato_leaf_late_blight/symptoms_of_late_blight_0_jpg.rf.417903f6c86ccb4f4bcd7139e0867018_aug_76aug54.jpg,Tomato_leaf_late_blight,Tomato_leaf_late_blight,0.9987849593162537,1,1.0686941146850586,7.67656135559082,0.1620197296142578,8.909626960754395
dataset/test/Tomato_leaf_late_blight/symptoms_of_late_blight_0_jpg.rf.417903f6c86ccb4f4bcd7139e0867018_aug_77aug61.jpg,Tomato_leaf_late_blight,Tomato_leaf_late_blight,0.9995943903923035,1,1.0726385116577148,7.5411529541015625,0.16407489776611328,8.7804594039917
dataset/test/Tomato_leaf_late_blight/symptoms_of_late_blight_0_jpg.rf.417903f6c86ccb4f4bcd7139e0867018aug25.jpg,Tomato_leaf_late_blight,Tomato_leaf_late_blight,0.9999659061431885,1,1.2268619537353516,7.456966400146484,0.1977977752685547,8.883737564086914
dataset/test/Tomato_leaf_late_blight/tomato-late-blight-leaf-61-3x32_aug_12aug112.jpg,Tomato_leaf_late_blight,Tomato_leaf_late_blight,0.9999393224716187,1,1.0281009674072266,7.694931983947754,0.1630573272705078,8.888312339782715
dataset/test/Tomato_leaf_late_blight/tomato-late-blight-leaf-61-3x32_aug_13aug110.jpg,Tomato_leaf_late_blight,Tomato_leaf_late_blight,0.9957303404808044,1,1.013692855834961,7.651060104370117,0.1685018539428711,8.836200714111328
dataset/test/Tomato_leaf_late_blight/tomato-late-blight-leaf-61-3x32_aug_14aug105.jpg,Tomato_leaf_late_blight,Tomato_leaf_late_blight,0.9997016787528992,1,1.0221376419067383,7.713709831237793,0.1630382537841797,8.901311874389648
dataset/test/Tomato_leaf_late_blight/tomato-late-blight-leaf-61-3x32aug4.jpg,Tomato_leaf_late_blight,Tomato_leaf_late_blight,0.9995742440223694,1,1.0200080871582031,7.637393951416016,0.16100025177001953,8.821403503417969
dataset/test/Tomato_leaf_late_blight/tomato.early.blightH_aug_18aug100.jpg,Tomato_leaf_late_blight,Tomato_Septoria_leaf_spot,0.999984622001648,0,1.1393976211547852,7.700412750244141,0.1614828109741211,9.003830909729004
dataset/test/Tomato_leaf_late_blight/tomato.early.blightH_aug_19aug107.jpg,Tomato_leaf_late_blight,Tomato_Septoria_leaf_spot,0.9941860437393188,0,1.1579341888427734,8.178565979003906,0.16222381591796875,9.500946998596191
dataset/test/Tomato_leaf_late_blight/tomato.early.blightH_aug_20aug94.jpg,Tomato_leaf_late_blight,Tomato_Septoria_leaf_spot,0.9262622594833374,0,1.1498241424560547,7.934304237365723,0.16757583618164062,9.254240989685059
dataset/test/Tomato_leaf_late_blight/tomato.early.blightHaug6.jpg,Tomato_leaf_late_blight,Tomato_Septoria_leaf_spot,0.9933298230171204,0,1.3232135772705078,7.772154808044434,0.16718673706054688,9.265168190002441
dataset/test/Tomato_leaf_yellow_curl_virus/1342017-162221-44540_jpg.rf.f68314ea4850dade3a214dec71c83715_aug_77aug56.jpg,Tomato_leaf_yellow_curl_virus,Tomato_leaf_yellow_curl_virus,0.9999202489852905,1,1.1317863464355469,7.995229721069336,0.16744613647460938,9.297334671020508
dataset/test/Tomato_leaf_yellow_curl_virus/1342017-162221-44540_jpg.rf.f68314ea4850dade3a214dec71c83715_aug_78aug81.jpg,Tomato_leaf_yellow_curl_virus,Tomato_leaf_yellow_curl_virus,0.9999823570251465,1,1.157639503479004,7.926377296447754,0.1659832000732422,9.25264835357666
dataset/test/Tomato_leaf_yellow_curl_virus/1342017-162221-44540_jpg.rf.f68314ea4850dade3a214dec71c83715_aug_79aug60.jpg,Tomato_leaf_yellow_curl_virus,Tomato_leaf_yellow_curl_virus,0.9999818801879883,1,1.1699352264404297,7.997916221618652,0.16718673706054688,9.3377046585083
dataset/test/Tomato_leaf_yellow_curl_virus/1342017-162221-44540_jpg.rf.f68314ea4850dade3a214dec71c83715_aug_80aug64.jpg,Tomato_leaf_yellow_curl_virus,Tomato_leaf_yellow_curl_virus,0.9999911785125732,1,1.1519718170166016,8.077546119689941,0.16785240173339844,9.400185585021973
dataset/test/Tomato_leaf_yellow_curl_virus/1342017-162221-44540_jpg.rf.f68314ea4850dade3a214dec71c83715_aug_81aug61.jpg,Tomato_leaf_yellow_curl_virus,Tomato_leaf_yellow_curl_virus,0.9999840259552002,1,1.3556413650512695,8.021785736083984,0.1690206527709961,9.54874324798584
dataset/test/Tomato_leaf_yellow_curl_virus/1342017-162221-44540_jpg.rf.f68314ea4850dade3a214dec71c83715_aug_82aug80.jpg,Tomato_leaf_yellow_curl_virus,Tomato_leaf_yellow_curl_virus,0.9999822378158569,1,1.1930837631225586,7.984990119934082,0.16598224639892578,9.346649169921875
dataset/test/Tomato_leaf_yellow_curl_virus/1342017-162221-44540_jpg.rf.f68314ea4850dade3a214dec71c83715_aug_83aug70.jpg,Tomato_leaf_yellow_curl_virus,Tomato_leaf_yellow_curl_virus,0.9999983310699463,1,1.1614341735839844,8.059861183166504,0.16970539093017578,9.393427848815918
dataset/test/Tomato_leaf_yellow_curl_virus/1342017-162221-44540_jpg.rf.f68314ea4850dade3a214dec71c83715aug11.jpg,Tomato_leaf_yellow_curl_virus,Tomato_leaf_yellow_curl_virus,0.9999829530715942,1,1.142582893371582,7.9608964920043945,0.16561222076416016,9.271815299987793
dataset/test/Tomato_leaf_yellow_curl_virus/8226402877_9abf151b5b_b_jpg.rf.a2dff27e03c5ab47916df5d873c1590f_aug_70aug66.jpg,Tomato_leaf_yellow_curl_virus,Tomato_leaf_yellow_curl_virus,0.999998927116394,1,1.1545629501342773,8.239270210266113,0.22101974487304688,9.61754035949707
dataset/test/Tomato_leaf_yellow_curl_virus/8226402877_9abf151b5b_b_jpg.rf.a2dff27e03c5ab47916df5d873c1590f_aug_71aug69.jpg,Tomato_leaf_yellow_curl_virus,Tomato_leaf_yellow_curl_virus,0.9999997615814209,1,1.1004352569580078,7.925434112548828,0.16594600677490234,9.194426536560059
dataset/test/Tomato_leaf_yellow_curl_virus/8226402877_9abf151b5b_b_jpg.rf.a2dff27e03c5ab47916df5d873c1590f_aug_72aug73.jpg,Tomato_leaf_yellow_curl_virus,Tomato_leaf_yellow_curl_virus,0.9999048709869385,1,1.1105079650878906,8.126842498779297,0.16803932189941406,9.408723831176758
dataset/test/Tomato_leaf_yellow_curl_virus/8226402877_9abf151b5b_b_jpg.rf.a2dff27e03c5ab47916df5d873c1590f_aug_73aug54.jpg,Tomato_leaf_yellow_curl_virus,Tomato_leaf_yellow_curl_virus,0.9999998807907104,1,1.1431961059570312,8.068731307983398,0.16796493530273438,9.382519721984863
dataset/test/Tomato_leaf_yellow_curl_virus/8226402877_9abf151b5b_b_jpg.rf.a2dff27e03c5ab47916df5d873c1590f_aug_74aug76.jpg,Tomato_leaf_yellow_curl_virus,Tomato_leaf_yellow_curl_virus,0.9999997615814209,1,1.1225090026855469,7.952712059020996,0.184112548828125,9.26229476928711
dataset/test/Tomato_leaf_yellow_curl_virus/8226402877_9abf151b5b_b_jpg.rf.a2dff27e03c5ab47916df5d873c1590f_aug_75aug74.jpg,Tomato_leaf_yellow_curl_virus,Tomato_leaf_yellow_curl_virus,0.9999998807907104,1,1.1196575164794922,7.963470458984375,0.1761322021484375,9.262945175170898
dataset/test/Tomato_leaf_yellow_curl_virus/8226402877_9abf151b5b_b_jpg.rf.a2dff27e03c5ab47916df5d873c1590f_aug_76aug65.jpg,Tomato_leaf_yellow_curl_virus,Tomato_leaf_yellow_curl_virus,0.9999997615814209,1,1.152379035949707,8.186214447021484,0.16640853881835938,9.507705688476562
dataset/test/Tomato_leaf_yellow_curl_virus/8226402877_9abf151b5b_b_jpg.rf.a2dff27e03c5ab47916df5d873c1590faug10.jpg,Tomato_leaf_yellow_curl_virus,Tomato_leaf_yellow_curl_virus,0.9999998807907104,1,1.115915298461914,7.993989944458008,0.16463184356689453,9.277111053466797
dataset/test/Tomato_leaf_yellow_curl_virus/DSC01999-JPG_jpg.rf.700fa6596ab8750ad0f1c47a0defe191_aug_84aug53.jpg,Tomato_leaf_yellow_curl_virus,Tomato_leaf_yellow_curl_virus,0.9994716048240662,1,1.1908435821533203,7.917654991149902,0.21057605743408203,9.321426391601562
dataset/test/Tomato_leaf_yellow_curl_virus/DSC01999-JPG_jpg.rf.700fa6596ab8750ad0f1c47a0defe191_aug_85aug82.jpg,Tomato_leaf_yellow_curl_virus,Tomato_leaf_yellow_curl_virus,0.9996459484100342,1,1.3647708892822266,7.831395149230957,0.16924190521240234,9.368168830871582
dataset/test/Tomato_leaf_yellow_curl_virus/DSC01999-JPG_jpg.rf.700fa6596ab8750ad0f1c47a0defe191_aug_86aug71.jpg,Tomato_leaf_yellow_curl_virus,Tomato_leaf_yellow_curl_virus,0.9999454021453857,1,1.1438798904418945,7.8107099533081055,0.1641683578491211,9.121628761291504
dataset/test/Tomato_leaf_yellow_curl_virus/DSC01999-JPG_jpg.rf.700fa6596ab8750ad0f1c47a0defe191_aug_87aug78.jpg,Tomato_leaf_yellow_curl_virus,Tomato_leaf_yellow_curl_virus,0.9998853206634521,1,1.13995361328125,7.893118858337402,0.16727828979492188,9.202943801879883
dataset/test/Tomato_leaf_yellow_curl_virus/DSC01999-JPG_jpg.rf.700fa6596ab8750ad0f1c47a0defe191_aug_88aug51.jpg,Tomato_leaf_yellow_curl_virus,Tomato_leaf_yellow_curl_virus,0.9997748732566833,1,1.1674718856811523,7.886638641357422,0.1642780303955078,9.221091270446777
dataset/test/Tomato_leaf_yellow_curl_virus/DSC01999-JPG_jpg.rf.700fa6596ab8750ad0f1c47a0defe191_aug_89aug63.jpg,Tomato_leaf_yellow_curl_virus,Tomato_leaf_yellow_curl_virus,0.9999427795410156,1,1.1293230056762695,8.093008041381836,0.16579914093017578,9.390909194946289
dataset/test/Tomato_leaf_yellow_curl_virus/DSC01999-JPG_jpg.rf.700fa6596ab8750ad0f1c47a0defe191_aug_90aug85.jpg,Tomato_leaf_yellow_curl_virus,Tomato_leaf_yellow_curl_virus,0.997101366519928,1,1.164693832397461,7.860710144042969,0.17653751373291016,9.205480575561523
dataset/test/Tomato_leaf_yellow_curl_virus/DSC01999-JPG_jpg.rf.700fa6596ab8750ad0f1c47a0defe191aug12.jpg,Tomato_leaf_yellow_curl_virus,Tomato_leaf_yellow_curl_virus,0.9999383687973022,1,1.157658576965332,7.7822465896606445,0.16509342193603516,9.107332229614258
dataset/test/Tomato_leaf_yellow_curl_virus/DSC01999.JPG_aug_63aug68.jpg,Tomato_leaf_yellow_curl_virus,Tomato_leaf_yellow_curl_virus,0.99988853931427,1,1.1637868881225586,7.89346981048584,0.162872314453125,9.222722053527832
dataset/test/Tomato_leaf_yellow_curl_virus/DSC01999.JPG_aug_64aug72.jpg,Tomato_leaf_yellow_curl_virus,Tomato_leaf_yellow_curl_virus,0.9999563694000244,1,1.1367120742797852,7.863951683044434,0.16455650329589844,9.167611122131348
dataset/test/Tomato_leaf_yellow_curl_virus/DSC01999.JPG_aug_65aug75.jpg,Tomato_leaf_yellow_curl_virus,Tomato_leaf_yellow_curl_virus,0.9996353387832642,1,1.2111396789550781,7.848563194274902,0.1874094009399414,9.249648094177246
dataset/test/Tomato_leaf_yellow_curl_virus/DSC01999.JPG_aug_66aug58.jpg,Tomato_leaf_yellow_curl_virus,Tomato_leaf_yellow_curl_virus,0.9999444484710693,1,1.1748619079589844,7.657524108886719,0.1656494140625,9.000368118286133
dataset/test/Tomato_leaf_yellow_curl_virus/DSC01999.JPG_aug_67aug83.jpg,Tomato_leaf_yellow_curl_virus,Tomato_leaf_yellow_curl_virus,0.9999982118606567,1,1.1268062591552734,7.819581031799316,0.16753768920898438,9.116720199584961
dataset/test/Tomato_leaf_yellow_curl_virus/DSC01999.JPG_aug_68aug79.jpg,Tomato_leaf_yellow_curl_virus,Tomato_leaf_yellow_curl_virus,0.9998915195465088,1,1.196824073791504,7.905433654785156,0.17078018188476562,9.275482177734375
dataset/test/Tomato_leaf_yellow_curl_virus/DSC01999.JPG_aug_69aug62.jpg,Tomato_leaf_yellow_curl_virus,Tomato_leaf_yellow_curl_virus,0.9999816417694092,1,1.1826200485229492,8.116064071655273,0.16811084747314453,9.469446182250977
dataset/test/Tomato_leaf_yellow_curl_virus/DSC01999.JPGaug9.jpg,Tomato_leaf_yellow_curl_virus,Tomato_leaf_yellow_curl_virus,0.9999288320541382,1,1.2076759338378906,7.910025596618652,0.1676311492919922,9.287888526916504
dataset/test/Tomato_leaf_yellow_curl_virus/IMG_20251102_155103aug15.jpg,Tomato_leaf_yellow_curl_virus,Tomato_leaf_yellow_curl_virus,0.7975051999092102,1,1.0850257873535156,7.980360984802246,0.1800374984741211,9.248445510864258
dataset/test/Tomato_leaf_yellow_curl_virus/IMG_20251102_160455_aug_42aug104.jpg,Tomato_leaf_yellow_curl_virus,Tomato_leaf_yellow_curl_virus,0.7583376169204712,1,1.1394901275634766,7.979692459106445,0.16596412658691406,9.288296699523926
dataset/test/Tomato_leaf_yellow_curl_virus/IMG_20251102_160455_aug_43aug111.jpg,Tomato_leaf_yellow_curl_virus,Tomato_leaf_yellow_curl_virus,0.6149695515632629,1,1.0743227005004883,8.016268730163574,0.18327903747558594,9.277092933654785
dataset/test/Tomato_leaf_yellow_curl_virus/IMG_20251102_160455_aug_44aug112.jpg,Tomato_leaf_yellow_curl_virus,Tomato_Healthy_leaf,0.805772066116333,0,1.0915822982788086,7.949953079223633,0.16648197174072266,9.21049976348877
dataset/test/Tomato_leaf_yellow_curl_virus/IMG_20251102_160455_aug_45aug108.jpg,Tomato_leaf_yellow_curl_virus,Tomato_Healthy_leaf,0.8146350383758545,0,1.1201934814453125,7.9483232498168945,0.1668710708618164,9.237942695617676
dataset/test/Tomato_leaf_yellow_curl_virus/IMG_20251102_160455_aug_46aug110.jpg,Tomato_leaf_yellow_curl_virus,Tomato_leaf_yellow_curl_virus,0.7403528094291687,1,1.0748968124389648,7.977582931518555,0.15822219848632812,9.212963104248047
dataset/test/Tomato_leaf_yellow_curl_virus/IMG_20251102_160455_aug_47aug98.jpg,Tomato_leaf_yellow_curl_virus,Tomato_Healthy_leaf,0.7766169905662537,0,1.055619239807129,7.849414825439453,0.17340850830078125,9.08177661895752
dataset/test/Tomato_leaf_yellow_curl_virus/IMG_20251102_160455_aug_48aug105.jpg,Tomato_leaf_yellow_curl_virus,Tomato_Healthy_leaf,0.8262243866920471,0,1.1448240280151367,8.363381385803223,0.1660747528076172,9.676855087280273
dataset/test/Tomato_leaf_yellow_curl_virus/IMG_20251102_160455aug6.jpg,Tomato_leaf_yellow_curl_virus,Tomato_leaf_yellow_curl_virus,0.7673216462135315,1,1.0862131118774414,7.935230255126953,0.16544532775878906,9.189852714538574
dataset/test/Tomato_leaf_yellow_curl_virus/IMG_20251102_160553_aug_35aug49.jpg,Tomato_leaf_yellow_curl_virus,Tomato_leaf_yellow_curl_virus,0.8199400305747986,1,1.1812496185302734,8.026045799255371,0.8919153213500977,10.102191925048828
dataset/test/Tomato_leaf_yellow_curl_virus/IMG_20251102_160553_aug_36aug113.jpg,Tomato_leaf_yellow_curl_virus,Tomato_leaf_yellow_curl_virus,0.9782252311706543,1,1.2191400527954102,8.154287338256836,0.1660747528076172,9.542038917541504
dataset/test/Tomato_leaf_yellow_curl_virus/IMG_20251102_160553_aug_37aug114.jpg,Tomato_leaf_yellow_curl_virus,Tomato_Septoria_leaf_spot,0.563950777053833,0,1.13067626953125,13.5948486328125,0.1650381088256836,14.892395973205566
dataset/test/Tomato_leaf_yellow_curl_virus/IMG_20251102_160553_aug_38aug101.jpg,Tomato_leaf_yellow_curl_virus,Tomato_leaf_yellow_curl_virus,0.5181095600128174,1,1.1252117156982422,10.729251861572266,0.17620563507080078,12.033559799194336
dataset/test/Tomato_leaf_yellow_curl_virus/IMG_20251102_160553_aug_39aug118.jpg,Tomato_leaf_yellow_curl_virus,Tomato_Septoria_leaf_spot,0.47857657074928284,0,1.158268928527832,9.614021301269531,0.16761302947998047,10.9425687789917
dataset/test/Tomato_leaf_yellow_curl_virus/IMG_20251102_160553_aug_40aug19.jpg,Tomato_leaf_yellow_curl_virus,Tomato_leaf_yellow_curl_virus,0.8694299459457397,1,1.1694726943969727,10.526122093200684,0.1695575714111328,11.867816925048828
dataset/test/Tomato_leaf_yellow_curl_virus/IMG_20251102_160553_aug_41aug119.jpg,Tomato_leaf_yellow_curl_virus,Tomato_leaf_yellow_curl_virus,0.703228771686554,1,2.5950584411621094,8.502049446105957,0.16990947723388672,11.270442008972168
dataset/test/Tomato_leaf_yellow_curl_virus/IMG_20251102_160553aug5.jpg,Tomato_leaf_yellow_curl_virus,Tomato_leaf_yellow_curl_virus,0.9488383531570435,1,1.1828622817993164,8.086454391479492,0.22350311279296875,9.49552059173584
dataset/test/Tomato_leaf_yellow_curl_virus/TYLCV-tomate-DB-445-171_jpg.rf.9d70326900dd981ab5d49063b0d644f0_aug_21aug41.jpg,Tomato_leaf_yellow_curl_virus,Tomato_leaf_yellow_curl_virus,0.9999264478683472,1,1.1191387176513672,8.005081176757812,0.1717977523803711,9.298445701599121
dataset/test/Tomato_leaf_yellow_curl_virus/TYLCV-tomate-DB-445-171_jpg.rf.9d70326900dd981ab5d49063b0d644f0_aug_22aug30.jpg,Tomato_leaf_yellow_curl_virus,Tomato_leaf_yellow_curl_virus,0.999988317489624,1,1.116342544555664,8.219769477844238,0.16848278045654297,9.507761001586914
dataset/test/Tomato_leaf_yellow_curl_virus/TYLCV-tomate-DB-445-171_jpg.rf.9d70326900dd981ab5d49063b0d644f0_aug_23aug42.jpg,Tomato_leaf_yellow_curl_virus,Tomato_leaf_yellow_curl_virus,0.9998726844787598,1,1.1414909362792969,8.018157005310059,0.16350078582763672,9.325740814208984
dataset/test/Tomato_leaf_yellow_curl_virus/TYLCV-tomate-DB-445-171_jpg.rf.9d70326900dd981ab5d49063b0d644f0_aug_24aug45.jpg,Tomato_leaf_yellow_curl_virus,Tomato_leaf_yellow_curl_virus,0.9999240636825562,1,1.099935531616211,8.087193489074707,0.15803813934326172,9.347611427307129
dataset/test/Tomato_leaf_yellow_curl_virus/TYLCV-tomate-DB-445-171_jpg.rf.9d70326900dd981ab5d49063b0d644f0_aug_25aug20.jpg,Tomato_leaf_yellow_curl_virus,Tomato_leaf_yellow_curl_virus,0.9999591112136841,1,1.1076202392578125,7.826229095458984,0.17970561981201172,9.116628646850586
dataset/test/Tomato_leaf_yellow_curl_virus/TYLCV-tomate-DB-445-171_jpg.rf.9d70326900dd981ab5d49063b0d644f0_aug_26aug18.jpg,Tomato_leaf_yellow_curl_virus,Tomato_leaf_yellow_curl_virus,0.9999022483825684,1,1.1426935195922852,8.025712013244629,0.1855010986328125,9.356666564941406
dataset/test/Tomato_leaf_yellow_curl_virus/TYLCV-tomate-DB-445-171_jpg.rf.9d70326900dd981ab5d49063b0d644f0_aug_27aug29.jpg,Tomato_leaf_yellow_curl_virus,Tomato_leaf_yellow_curl_virus,0.9999933242797852,1,1.1151390075683594,7.880526542663574,0.1681499481201172,9.166388511657715
dataset/test/Tomato_leaf_yellow_curl_virus/TYLCV-tomate-DB-445-171_jpg.rf.9d70326900dd981ab5d49063b0d644f0aug3.jpg,Tomato_leaf_yellow_curl_virus,Tomato_leaf_yellow_curl_virus,0.9999544620513916,1,1.1331005096435547,7.999434471130371,0.18077945709228516,9.31714916229248
dataset/test/Tomato_leaf_yellow_curl_virus/TYLCV4_jpg.rf.2e4accea501a220be9dc475dd1ca3121_aug_10aug22.jpg,Tomato_leaf_yellow_curl_virus,Tomato_leaf_yellow_curl_virus,1.0,1,1.111638069152832,8.263825416564941,0.2353353500366211,9.613354682922363
dataset/test/Tomato_leaf_yellow_curl_virus/TYLCV4_jpg.rf.2e4accea501a220be9dc475dd1ca3121_aug_11aug44.jpg,Tomato_leaf_yellow_curl_virus,Tomato_leaf_yellow_curl_virus,1.0,1,1.105508804321289,8.06541633605957,0.1657419204711914,9.339241027832031
dataset/test/Tomato_leaf_yellow_curl_virus/TYLCV4_jpg.rf.2e4accea501a220be9dc475dd1ca3121_aug_12aug39.jpg,Tomato_leaf_yellow_curl_virus,Tomato_leaf_yellow_curl_virus,1.0,1,1.117415428161621,7.9804887771606445,0.17620468139648438,9.277019500732422
dataset/test/Tomato_leaf_yellow_curl_virus/TYLCV4_jpg.rf.2e4accea501a220be9dc475dd1ca3121_aug_13aug35.jpg,Tomato_leaf_yellow_curl_virus,Tomato_leaf_yellow_curl_virus,0.9999998807907104,1,1.114638328552246,9.102886199951172,0.16707611083984375,10.38698959350586
dataset/test/Tomato_leaf_yellow_curl_virus/TYLCV4_jpg.rf.2e4accea501a220be9dc475dd1ca3121_aug_7aug40.jpg,Tomato_leaf_yellow_curl_virus,Tomato_leaf_yellow_curl_virus,1.0,1,2.1897029876708984,8.555919647216797,0.2311687469482422,10.979753494262695
dataset/test/Tomato_leaf_yellow_curl_virus/TYLCV4_jpg.rf.2e4accea501a220be9dc475dd1ca3121_aug_8aug33.jpg,Tomato_leaf_yellow_curl_virus,Tomato_leaf_yellow_curl_virus,1.0,1,1.118046760559082,9.74050521850586,0.1703348159790039,11.031310081481934
dataset/test/Tomato_leaf_yellow_curl_virus/TYLCV4_jpg.rf.2e4accea501a220be9dc475dd1ca3121_aug_9aug48.jpg,Tomato_leaf_yellow_curl_virus,Tomato_leaf_yellow_curl_virus,0.9999994039535522,1,1.3838996887207031,8.937775611877441,0.1709451675415039,10.49543571472168
dataset/test/Tomato_leaf_yellow_curl_virus/TYLCV4_jpg.rf.2e4accea501a220be9dc475dd1ca3121aug1.jpg,Tomato_leaf_yellow_curl_virus,Tomato_leaf_yellow_curl_virus,0.9999955892562866,1,1.1030092239379883,8.03354549407959,0.16731739044189453,9.30648136138916
dataset/test/Tomato_leaf_yellow_curl_virus/art_15017325188173_a24a66_aug_14aug36.jpg,Tomato_leaf_yellow_curl_virus,Tomato_leaf_yellow_curl_virus,0.9999988079071045,1,1.190751075744629,8.043194770812988,0.16707515716552734,9.403427124023438
dataset/test/Tomato_leaf_yellow_curl_virus/art_15017325188173_a24a66_aug_15aug23.jpg,Tomato_leaf_yellow_curl_virus,Tomato_leaf_yellow_curl_virus,0.9999918937683105,1,1.1397504806518555,8.166084289550781,0.16403865814208984,9.472761154174805
dataset/test/Tomato_leaf_yellow_curl_virus/art_15017325188173_a24a66_aug_16aug34.jpg,Tomato_leaf_yellow_curl_virus,Tomato_leaf_yellow_curl_virus,0.9999990463256836,1,1.1379175186157227,7.960434913635254,0.15727901458740234,9.25790786743164
dataset/test/Tomato_leaf_yellow_curl_virus/art_15017325188173_a24a66_aug_17aug43.jpg,Tomato_leaf_yellow_curl_virus,Tomato_leaf_yellow_curl_virus,0.9999973773956299,1,1.1694726943969727,7.980489730834961,0.16653919219970703,9.318889617919922
dataset/test/Tomato_leaf_yellow_curl_virus/art_15017325188173_a24a66_aug_18aug47.jpg,Tomato_leaf_yellow_curl_virus,Tomato_leaf_yellow_curl_virus,0.9999897480010986,1,1.175694465637207,8.207972526550293,0.17161273956298828,9.557539939880371
dataset/test/Tomato_leaf_yellow_curl_virus/art_15017325188173_a24a66_aug_19aug25.jpg,Tomato_leaf_yellow_curl_virus,Tomato_leaf_yellow_curl_virus,0.9999988079071045,1,1.2746400833129883,8.114973068237305,0.1799459457397461,9.57252025604248
dataset/test/Tomato_leaf_yellow_curl_virus/art_15017325188173_a24a66_aug_20aug46.jpg,Tomato_leaf_yellow_curl_virus,Tomato_leaf_yellow_curl_virus,0.9999984502792358,1,1.209268569946289,8.146416664123535,0.1736307144165039,9.531872749328613
dataset/test/Tomato_leaf_yellow_curl_virus/art_15017325188173_a24a66aug2.jpg,Tomato_leaf_yellow_curl_virus,Tomato_leaf_yellow_curl_virus,0.9999995231628418,1,1.194509506225586,8.330732345581055,0.16827869415283203,9.696317672729492
dataset/test/Tomato_leaf_yellow_curl_virus/psyllid-yellows_jpg.rf.1d99aab2f43a840be530ce313eb0c0fd_aug_56aug57.jpg,Tomato_leaf_yellow_curl_virus,Tomato_leaf_yellow_curl_virus,0.9959663152694702,1,1.1822519302368164,8.09238052368164,0.1682605743408203,9.445779800415039
dataset/test/Tomato_leaf_yellow_curl_virus/psyllid-yellows_jpg.rf.1d99aab2f43a840be530ce313eb0c0fd_aug_57aug84.jpg,Tomato_leaf_yellow_curl_virus,Tomato_leaf_yellow_curl_virus,0.9993354678153992,1,1.1485090255737305,8.160454750061035,0.16918659210205078,9.480871200561523
dataset/test/Tomato_leaf_yellow_curl_virus/psyllid-yellows_jpg.rf.1d99aab2f43a840be530ce313eb0c0fd_aug_58aug52.jpg,Tomato_leaf_yellow_curl_virus,Tomato_leaf_yellow_curl_virus,0.9993354678153992,1,1.1529340744018555,8.091732025146484,0.16831684112548828,9.415907859802246
dataset/test/Tomato_leaf_yellow_curl_virus/psyllid-yellows_jpg.rf.1d99aab2f43a840be530ce313eb0c0fd_aug_59aug77.jpg,Tomato_leaf_yellow_curl_virus,Tomato_leaf_yellow_curl_virus,0.9995192289352417,1,1.2100830078125,8.178435325622559,0.17028045654296875,9.56166934967041
dataset/test/Tomato_leaf_yellow_curl_virus/psyllid-yellows_jpg.rf.1d99aab2f43a840be530ce313eb0c0fd_aug_60aug86.jpg,Tomato_leaf_yellow_curl_virus,Tomato_leaf_yellow_curl_virus,0.9998138546943665,1,1.1737127304077148,8.110937118530273,0.16733551025390625,9.454926490783691
dataset/test/Tomato_leaf_yellow_curl_virus/psyllid-yellows_jpg.rf.1d99aab2f43a840be530ce313eb0c0fd_aug_61aug59.jpg,Tomato_leaf_yellow_curl_virus,Tomato_leaf_yellow_curl_virus,0.9999634027481079,1,1.1500282287597656,8.470049858093262,0.20555782318115234,9.828503608703613
dataset/test/Tomato_leaf_yellow_curl_virus/psyllid-yellows_jpg.rf.1d99aab2f43a840be530ce313eb0c0fd_aug_62aug67.jpg,Tomato_leaf_yellow_curl_virus,Tomato_leaf_yellow_curl_virus,0.9991004467010498,1,1.1481752395629883,8.109138488769531,0.16822338104248047,9.427945137023926
dataset/test/Tomato_leaf_yellow_curl_virus/psyllid-yellows_jpg.rf.1d99aab2f43a840be530ce313eb0c0fdaug8.jpg,Tomato_leaf_yellow_curl_virus,Tomato_leaf_yellow_curl_virus,0.9992040991783142,1,1.1484155654907227,8.344270706176758,0.17109394073486328,9.666373252868652
dataset/test/Tomato_leaf_yellow_curl_virus/tj5itxzunn3k_jpg.rf.4aeda27b2535578e718fe6279491d0d4_aug_49aug102.jpg,Tomato_leaf_yellow_curl_virus,Tomato_leaf_yellow_curl_virus,0.9999992847442627,1,1.1438970565795898,8.415345191955566,0.1698904037475586,9.73172664642334
dataset/test/Tomato_leaf_yellow_curl_virus/tj5itxzunn3k_jpg.rf.4aeda27b2535578e718fe6279491d0d4_aug_50aug109.jpg,Tomato_leaf_yellow_curl_virus,Tomato_leaf_yellow_curl_virus,1.0,1,1.0987119674682617,8.279251098632812,0.17650222778320312,9.557538986206055
dataset/test/Tomato_leaf_yellow_curl_virus/tj5itxzunn3k_jpg.rf.4aeda27b2535578e718fe6279491d0d4_aug_51aug99.jpg,Tomato_leaf_yellow_curl_virus,Tomato_leaf_yellow_curl_virus,0.9999890327453613,1,1.0998411178588867,8.078398704528809,0.18405723571777344,9.36514949798584
dataset/test/Tomato_leaf_yellow_curl_virus/tj5itxzunn3k_jpg.rf.4aeda27b2535578e718fe6279491d0d4_aug_52aug103.jpg,Tomato_leaf_yellow_curl_virus,Tomato_leaf_yellow_curl_virus,0.9999998807907104,1,1.192399024963379,8.264362335205078,0.16905689239501953,9.628687858581543
dataset/test/Tomato_leaf_yellow_curl_virus/tj5itxzunn3k_jpg.rf.4aeda27b2535578e718fe6279491d0d4_aug_53aug100.jpg,Tomato_leaf_yellow_curl_virus,Tomato_leaf_yellow_curl_virus,1.0,1,1.0940465927124023,8.245899200439453,0.17407608032226562,9.51679801940918
dataset/test/Tomato_leaf_yellow_curl_virus/tj5itxzunn3k_jpg.rf.4aeda27b2535578e718fe6279491d0d4_aug_54aug106.jpg,Tomato_leaf_yellow_curl_virus,Tomato_leaf_yellow_curl_virus,0.9999997615814209,1,1.1394920349121094,8.335288047790527,0.16970539093017578,9.647002220153809
dataset/test/Tomato_leaf_yellow_curl_virus/tj5itxzunn3k_jpg.rf.4aeda27b2535578e718fe6279491d0d4_aug_55aug107.jpg,Tomato_leaf_yellow_curl_virus,Tomato_leaf_yellow_curl_virus,0.9999994039535522,1,1.1120634078979492,8.243657112121582,0.17157649993896484,9.530835151672363
dataset/test/Tomato_leaf_yellow_curl_virus/tj5itxzunn3k_jpg.rf.4aeda27b2535578e718fe6279491d0d4aug7.jpg,Tomato_leaf_yellow_curl_virus,Tomato_leaf_yellow_curl_virus,0.9999655485153198,1,1.1054906845092773,8.183879852294922,0.17148303985595703,9.4635009765625
dataset/test/Tomato_leaf_yellow_curl_virus/tomato-yellow-closeup-3_aug_28aug16.jpg,Tomato_leaf_yellow_curl_virus,Tomato_leaf_yellow_curl_virus,0.8268009424209595,1,1.2059917449951172,8.198473930358887,0.16931533813476562,9.576483726501465
dataset/test/Tomato_leaf_yellow_curl_virus/tomato-yellow-closeup-3_aug_29aug27.jpg,Tomato_leaf_yellow_curl_virus,Tomato_leaf_yellow_curl_virus,0.9941176176071167,1,1.1790094375610352,8.276344299316406,0.16827869415283203,9.626169204711914
dataset/test/Tomato_leaf_yellow_curl_virus/tomato-yellow-closeup-3_aug_30aug117.jpg,Tomato_leaf_yellow_curl_virus,Tomato_leaf_yellow_curl_virus,0.9829980134963989,1,1.1770648956298828,8.017081260681152,0.16059303283691406,9.357038497924805
dataset/test/Tomato_leaf_yellow_curl_virus/tomato-yellow-closeup-3_aug_31aug31.jpg,Tomato_leaf_yellow_curl_virus,Tomato_leaf_yellow_curl_virus,0.9157324433326721,1,1.121638298034668,8.060713768005371,0.1800384521484375,9.365222930908203
dataset/test/Tomato_leaf_yellow_curl_virus/tomato-yellow-closeup-3_aug_32aug115.jpg,Tomato_leaf_yellow_curl_virus,Tomato_leaf_yellow_curl_virus,0.9735592603683472,1,1.2106380462646484,7.870674133300781,0.16844654083251953,9.251982688903809
dataset/test/Tomato_leaf_yellow_curl_virus/tomato-yellow-closeup-3_aug_33aug116.jpg,Tomato_leaf_yellow_curl_virus,Tomato_leaf_yellow_curl_virus,0.9965264201164246,1,1.2201404571533203,7.961507797241211,0.16715049743652344,9.351333618164062
dataset/test/Tomato_leaf_yellow_curl_virus/tomato-yellow-closeup-3_aug_34aug26.jpg,Tomato_leaf_yellow_curl_virus,Tomato_leaf_yellow_curl_virus,0.9603660106658936,1,1.1454343795776367,8.12975025177002,0.16822528839111328,9.446001052856445
dataset/test/Tomato_leaf_yellow_curl_virus/tomato-yellow-closeup-3aug4.jpg,Tomato_leaf_yellow_curl_virus,Tomato_leaf_yellow_curl_virus,0.9987722039222717,1,1.121729850769043,8.039620399475098,0.1671123504638672,9.331480979919434
dataset/test/Tomato_leaf_yellow_curl_virus/tomato-yellow-leaf-curl-virus-tomato-1_aug_100aug92.jpg,Tomato_leaf_yellow_curl_virus,Tomato_leaf_yellow_curl_virus,0.9999172687530518,1,1.1941757202148438,8.029045104980469,0.1661691665649414,9.391815185546875
dataset/test/Tomato_leaf_yellow_curl_virus/tomato-yellow-leaf-curl-virus-tomato-1_aug_101aug95.jpg,Tomato_leaf_yellow_curl_virus,Tomato_leaf_yellow_curl_virus,0.99284827709198,1,1.1431379318237305,8.138935089111328,0.16650104522705078,9.451576232910156
dataset/test/Tomato_leaf_yellow_curl_virus/tomato-yellow-leaf-curl-virus-tomato-1_aug_102aug88.jpg,Tomato_leaf_yellow_curl_virus,Tomato_leaf_yellow_curl_virus,0.9999847412109375,1,1.1310462951660156,8.170269966125488,0.18057537078857422,9.485075950622559
dataset/test/Tomato_leaf_yellow_curl_virus/tomato-yellow-leaf-curl-virus-tomato-1_aug_103aug93.jpg,Tomato_leaf_yellow_curl_virus,Tomato_leaf_yellow_curl_virus,0.97379070520401,1,1.174546241760254,7.98197078704834,0.16631603240966797,9.325685501098633
dataset/test/Tomato_leaf_yellow_curl_virus/tomato-yellow-leaf-curl-virus-tomato-1_aug_98aug91.jpg,Tomato_leaf_yellow_curl_virus,Tomato_leaf_yellow_curl_virus,0.9898226261138916,1,1.1420087814331055,7.920210838317871,0.1635751724243164,9.22861099243164
dataset/test/Tomato_leaf_yellow_curl_virus/tomato-yellow-leaf-curl-virus-tomato-1_aug_99aug90.jpg,Tomato_leaf_yellow_curl_virus,Tomato_leaf_yellow_curl_virus,0.9966818690299988,1,1.1009149551391602,7.872840881347656,0.15990924835205078,9.136332511901855
dataset/test/Tomato_leaf_yellow_curl_virus/tomato-yellow-leaf-curl-virus-tomato-1aug14.jpg,Tomato_leaf_yellow_curl_virus,Tomato_leaf_yellow_curl_virus,0.9998677968978882,1,1.1324548721313477,7.505413055419922,0.2050943374633789,8.84631061553955
dataset/test/Tomato_leaf_yellow_curl_virus/tomatoyellowleafcurlcropped_aug_91aug55.jpg,Tomato_leaf_yellow_curl_virus,Tomato_leaf_yellow_curl_virus,0.9977479577064514,1,1.1540651321411133,7.758728981018066,0.16553878784179688,9.080886840820312
dataset/test/Tomato_leaf_yellow_curl_virus/tomatoyellowleafcurlcropped_aug_92aug89.jpg,Tomato_leaf_yellow_curl_virus,Tomato_leaf_yellow_curl_virus,0.9997941851615906,1,1.083083152770996,7.593857765197754,0.16153717041015625,8.841293334960938
dataset/test/Tomato_leaf_yellow_curl_virus/tomatoyellowleafcurlcropped_aug_93aug97.jpg,Tomato_leaf_yellow_curl_virus,Tomato_leaf_yellow_curl_virus,0.9999706745147705,1,1.0818777084350586,7.716116905212402,0.16268634796142578,8.963312149047852
dataset/test/Tomato_leaf_yellow_curl_virus/tomatoyellowleafcurlcropped_aug_94aug50.jpg,Tomato_leaf_yellow_curl_virus,Tomato_leaf_yellow_curl_virus,0.9885496497154236,1,1.1573801040649414,7.684358596801758,0.16116714477539062,9.005756378173828
dataset/test/Tomato_leaf_yellow_curl_virus/tomatoyellowleafcurlcropped_aug_95aug87.jpg,Tomato_leaf_yellow_curl_virus,Tomato_leaf_yellow_curl_virus,0.998272180557251,1,1.1180095672607422,7.7258758544921875,0.16370487213134766,9.010052680969238
dataset/test/Tomato_leaf_yellow_curl_virus/tomatoyellowleafcurlcropped_aug_96aug96.jpg,Tomato_leaf_yellow_curl_virus,Tomato_leaf_yellow_curl_virus,0.999919056892395,1,1.0855274200439453,7.729209899902344,0.1625194549560547,8.979924201965332
dataset/test/Tomato_leaf_yellow_curl_virus/tomatoyellowleafcurlcropped_aug_97aug94.jpg,Tomato_leaf_yellow_curl_virus,Tomato_leaf_yellow_curl_virus,0.9998759031295776,1,1.089822769165039,8.01621150970459,0.1625204086303711,9.2710542678833
dataset/test/Tomato_leaf_yellow_curl_virus/tomatoyellowleafcurlcroppedaug13.jpg,Tomato_leaf_yellow_curl_virus,Tomato_leaf_yellow_curl_virus,0.999991774559021,1,1.115860939025879,7.6966552734375,0.15535259246826172,8.970146179199219
dataset/test/Tomato_leaf_yellow_curl_virus/virus1_aug_0aug37.jpg,Tomato_leaf_yellow_curl_virus,Tomato_leaf_yellow_curl_virus,0.9999516010284424,1,1.0545835494995117,7.625431060791016,0.165130615234375,8.847330093383789
dataset/test/Tomato_leaf_yellow_curl_virus/virus1_aug_1aug21.jpg,Tomato_leaf_yellow_curl_virus,Tomato_leaf_yellow_curl_virus,0.9998801946640015,1,1.0913047790527344,8.510697364807129,0.16716766357421875,9.77180004119873
dataset/test/Tomato_leaf_yellow_curl_virus/virus1_aug_2aug24.jpg,Tomato_leaf_yellow_curl_virus,Tomato_leaf_yellow_curl_virus,0.9999856948852539,1,1.1655101776123047,8.021177291870117,0.16683578491210938,9.35648250579834
dataset/test/Tomato_leaf_yellow_curl_virus/virus1_aug_3aug17.jpg,Tomato_leaf_yellow_curl_virus,Tomato_leaf_yellow_curl_virus,0.9986602067947388,1,1.0939359664916992,7.975451469421387,0.16544437408447266,9.237833023071289
dataset/test/Tomato_leaf_yellow_curl_virus/virus1_aug_4aug28.jpg,Tomato_leaf_yellow_curl_virus,Tomato_leaf_yellow_curl_virus,0.9996508359909058,1,1.0883607864379883,7.989601135253906,0.16479778289794922,9.245833396911621
dataset/test/Tomato_leaf_yellow_curl_virus/virus1_aug_5aug32.jpg,Tomato_leaf_yellow_curl_virus,Tomato_leaf_yellow_curl_virus,0.9986602067947388,1,1.0923986434936523,7.950157165527344,0.17548179626464844,9.221572875976562
dataset/test/Tomato_leaf_yellow_curl_virus/virus1_aug_6aug38.jpg,Tomato_leaf_yellow_curl_virus,Tomato_leaf_yellow_curl_virus,0.9999923706054688,1,1.1346025466918945,7.973527908325195,0.1844463348388672,9.295981407165527
dataset/test/Tomato_leaf_yellow_curl_virus/virus1aug0.jpg,Tomato_leaf_yellow_curl_virus,Tomato_leaf_yellow_curl_virus,0.998489260673523,1,1.104879379272461,7.957026481628418,0.17702007293701172,9.24201774597168
dataset/test/Tomato_mold_leaf/IMG-20240724-WA0020_aug_68aug87.jpg,Tomato_mold_leaf,Tomato_mold_leaf,0.7443239092826843,1,1.1325645446777344,8.000563621520996,0.15927886962890625,9.294907569885254
dataset/test/Tomato_mold_leaf/IMG-20240724-WA0020_aug_69aug97.jpg,Tomato_mold_leaf,Tomato_mold_leaf,0.6875342130661011,1,1.140213966369629,7.804322242736816,0.1673717498779297,9.114387512207031
dataset/test/Tomato_mold_leaf/IMG-20240724-WA0020_aug_70aug82.jpg,Tomato_mold_leaf,Tomato_mold_leaf,0.9746256470680237,1,1.147324562072754,7.864302635192871,0.18037128448486328,9.195350646972656
dataset/test/Tomato_mold_leaf/IMG-20240724-WA0020_aug_71aug98.jpg,Tomato_mold_leaf,Tomato_mold_leaf,0.7981629967689514,1,1.141657829284668,8.093657493591309,0.16689014434814453,9.405020713806152
dataset/test/Tomato_mold_leaf/IMG-20240724-WA0020aug17.jpg,Tomato_mold_leaf,Tomato_Early_blight_leaf,0.4234928488731384,0,1.1847515106201172,8.165842056274414,0.16457462310791016,9.518389701843262
dataset/test/Tomato_mold_leaf/IMG-20240724-WA0044_aug_10aug44.jpg,Tomato_mold_leaf,Tomato_mold_leaf,0.9118505120277405,1,1.130472183227539,7.972658157348633,0.16485309600830078,9.270444869995117
dataset/test/Tomato_mold_leaf/IMG-20240724-WA0044_aug_11aug49.jpg,Tomato_mold_leaf,Tomato_mold_leaf,0.9018681049346924,1,1.1320466995239258,8.34325122833252,0.20201969146728516,9.680170059204102
dataset/test/Tomato_mold_leaf/IMG-20240724-WA0044_aug_8aug35.jpg,Tomato_mold_leaf,Tomato_Early_blight_leaf,0.4419001042842865,0,1.1365642547607422,7.916286468505859,0.18101978302001953,9.237611770629883
dataset/test/Tomato_mold_leaf/IMG-20240724-WA0044_aug_9aug41.jpg,Tomato_mold_leaf,Tomato_mold_leaf,0.8977493047714233,1,1.1326932907104492,8.032083511352539,0.18190956115722656,9.349983215332031
dataset/test/Tomato_mold_leaf/IMG-20240724-WA0044aug2.jpg,Tomato_mold_leaf,Tomato_mold_leaf,0.9044715166091919,1,1.1302309036254883,7.9966936111450195,0.17077922821044922,9.30088996887207
dataset/test/Tomato_mold_leaf/IMG-20240724-WA0055_aug_28aug27.jpg,Tomato_mold_leaf,Tomato_mold_leaf,0.9830604195594788,1,1.1588802337646484,8.018804550170898,0.16637134552001953,9.346648216247559
dataset/test/Tomato_mold_leaf/IMG-20240724-WA0055_aug_29aug28.jpg,Tomato_mold_leaf,Tomato_mold_leaf,0.8783969283103943,1,1.120676040649414,7.854358673095703,0.16666793823242188,9.143925666809082
dataset/test/Tomato_mold_leaf/IMG-20240724-WA0055_aug_30aug43.jpg,Tomato_mold_leaf,Tomato_mold_leaf,0.9032821655273438,1,1.1214714050292969,8.003082275390625,0.17522430419921875,9.302517890930176
dataset/test/Tomato_mold_leaf/IMG-20240724-WA0055_aug_31aug50.jpg,Tomato_mold_leaf,Tomato_mold_leaf,0.9622388482093811,1,1.1609163284301758,8.115546226501465,0.16377925872802734,9.44279670715332
dataset/test/Tomato_mold_leaf/IMG-20240724-WA0055aug7.jpg,Tomato_mold_leaf,Tomato_mold_leaf,0.9274607300758362,1,1.1238975524902344,7.982212066650391,0.1652050018310547,9.27416706085205
dataset/test/Tomato_mold_leaf/IMG-20240724-WA0065_aug_80aug69.jpg,Tomato_mold_leaf,Tomato_mold_leaf,0.9999990463256836,1,1.1665840148925781,8.023046493530273,0.16378021240234375,9.356538772583008
dataset/test/Tomato_mold_leaf/IMG-20240724-WA0065_aug_81aug70.jpg,Tomato_mold_leaf,Tomato_mold_leaf,0.9999415874481201,1,1.1949167251586914,7.995842933654785,0.16609477996826172,9.359278678894043
dataset/test/Tomato_mold_leaf/IMG-20240724-WA0065_aug_82aug66.jpg,Tomato_mold_leaf,Tomato_mold_leaf,0.9993459582328796,1,1.1270456314086914,7.955618858337402,0.16700172424316406,9.252351760864258
dataset/test/Tomato_mold_leaf/IMG-20240724-WA0065_aug_83aug65.jpg,Tomato_mold_leaf,Tomato_mold_leaf,0.9998892545700073,1,1.1246566772460938,8.015582084655762,0.16740989685058594,9.310333251953125
dataset/test/Tomato_mold_leaf/IMG-20240724-WA0065aug20.jpg,Tomato_mold_leaf,Tomato_mold_leaf,0.999653697013855,1,1.1729154586791992,7.904322624206543,0.16985321044921875,9.249610900878906
dataset/test/Tomato_mold_leaf/IMG-20240725-WA0031_aug_0aug46.jpg,Tomato_mold_leaf,Tomato_mold_leaf,0.8564504981040955,1,1.0768613815307617,8.003323554992676,0.16049957275390625,9.243647575378418
dataset/test/Tomato_mold_leaf/IMG-20240725-WA0031_aug_1aug47.jpg,Tomato_mold_leaf,Tomato_mold_leaf,0.7579603791236877,1,1.060434341430664,7.797933578491211,0.17528057098388672,9.036534309387207
dataset/test/Tomato_mold_leaf/IMG-20240725-WA0031_aug_2aug37.jpg,Tomato_mold_leaf,Tomato_mold_leaf,0.8564504981040955,1,1.1703977584838867,7.863877296447754,0.16822433471679688,9.205611228942871
dataset/test/Tomato_mold_leaf/IMG-20240725-WA0031_aug_3aug45.jpg,Tomato_mold_leaf,Tomato_mold_leaf,0.9921097159385681,1,1.0724716186523438,7.947971343994141,0.16663074493408203,9.18968391418457
dataset/test/Tomato_mold_leaf/IMG-20240725-WA0031aug0.jpg,Tomato_mold_leaf,Tomato_mold_leaf,0.9446456432342529,1,1.0891380310058594,8.566290855407715,0.16822242736816406,9.826282501220703
dataset/test/Tomato_mold_leaf/IMG-20240725-WA0039_aug_72aug79.jpg,Tomato_mold_leaf,Tomato_mold_leaf,0.9999896287918091,1,1.1338615417480469,8.182473182678223,0.1703348159790039,9.489278793334961
dataset/test/Tomato_mold_leaf/IMG-20240725-WA0039_aug_73aug95.jpg,Tomato_mold_leaf,Tomato_mold_leaf,0.9999996423721313,1,1.1088790893554688,8.6333646774292,0.16933441162109375,9.91431999206543
dataset/test/Tomato_mold_leaf/IMG-20240725-WA0039_aug_74aug71.jpg,Tomato_mold_leaf,Tomato_mold_leaf,0.9999951124191284,1,1.7003278732299805,8.186529159545898,0.17702007293701172,10.06696891784668
dataset/test/Tomato_mold_leaf/IMG-20240725-WA0039_aug_75aug80.jpg,Tomato_mold_leaf,Tomato_mold_leaf,0.9999898672103882,1,1.105508804321289,9.855560302734375,0.22644519805908203,11.191144943237305
dataset/test/Tomato_mold_leaf/IMG-20240725-WA0039aug18.jpg,Tomato_mold_leaf,Tomato_mold_leaf,0.9999357461929321,1,2.9148197174072266,20.057419776916504,0.1977987289428711,23.17307472229004
dataset/test/Tomato_mold_leaf/IMG-20240727-WA0038_aug_40aug105.jpg,Tomato_mold_leaf,Tomato_mold_leaf,0.9994124174118042,1,1.3306961059570312,9.717041015625,0.16474246978759766,11.215237617492676
dataset/test/Tomato_mold_leaf/IMG-20240727-WA0038_aug_41aug106.jpg,Tomato_mold_leaf,Tomato_mold_leaf,0.9995132684707642,1,1.1115655899047852,8.238028526306152,0.17124271392822266,9.523577690124512
dataset/test/Tomato_mold_leaf/IMG-20240727-WA0038_aug_42aug116.jpg,Tomato_mold_leaf,Tomato_mold_leaf,0.9999724626541138,1,1.1224889755249023,8.02763843536377,0.16927814483642578,9.32213020324707
dataset/test/Tomato_mold_leaf/IMG-20240727-WA0038_aug_43aug110.jpg,Tomato_mold_leaf,Tomato_mold_leaf,0.99964439868927,1,1.1408624649047852,7.995824813842773,0.1767416000366211,9.316704750061035
dataset/test/Tomato_mold_leaf/IMG-20240727-WA0038aug10.jpg,Tomato_mold_leaf,Tomato_mold_leaf,0.9999772310256958,1,1.1425628662109375,8.199694633483887,0.16735267639160156,9.512428283691406
dataset/test/Tomato_mold_leaf/IMG-20240727-WA0040_aug_56aug92.jpg,Tomato_mold_leaf,Tomato_mold_leaf,0.9999022483825684,1,1.0890092849731445,8.017305374145508,0.17539024353027344,9.284852027893066
dataset/test/Tomato_mold_leaf/IMG-20240727-WA0040_aug_57aug83.jpg,Tomato_mold_leaf,Tomato_mold_leaf,0.999652624130249,1,1.107527732849121,7.984305381774902,0.1708536148071289,9.265445709228516
dataset/test/Tomato_mold_leaf/IMG-20240727-WA0040_aug_58aug77.jpg,Tomato_mold_leaf,Tomato_mold_leaf,0.9997671246528625,1,1.1285457611083984,7.987083435058594,0.19042682647705078,9.308777809143066
dataset/test/Tomato_mold_leaf/IMG-20240727-WA0040_aug_59aug94.jpg,Tomato_mold_leaf,Tomato_mold_leaf,0.9997478127479553,1,1.1013975143432617,8.174786567687988,0.16683578491210938,9.446409225463867
dataset/test/Tomato_mold_leaf/IMG-20240727-WA0040aug14.jpg,Tomato_mold_leaf,Tomato_mold_leaf,0.9999059438705444,1,1.0888776779174805,8.467751502990723,0.16914844512939453,9.728632926940918
dataset/test/Tomato_mold_leaf/IMG-20240727-WA0124_aug_20aug54.jpg,Tomato_mold_leaf,Tomato_mold_leaf,0.9999479055404663,1,1.1392507553100586,8.0918607711792,0.16681671142578125,9.400556564331055
dataset/test/Tomato_mold_leaf/IMG-20240727-WA0124_aug_21aug38.jpg,Tomato_mold_leaf,Tomato_mold_leaf,0.9551113247871399,1,1.1152496337890625,7.980711936950684,0.1672048568725586,9.265721321105957
dataset/test/Tomato_mold_leaf/IMG-20240727-WA0124_aug_22aug31.jpg,Tomato_mold_leaf,Tomato_mold_leaf,0.9965862035751343,1,1.103322982788086,8.301251411437988,0.16583538055419922,9.572854042053223
dataset/test/Tomato_mold_leaf/IMG-20240727-WA0124_aug_23aug55.jpg,Tomato_mold_leaf,Tomato_mold_leaf,0.9646036624908447,1,1.1454524993896484,7.807470321655273,0.1805562973022461,9.136201858520508
dataset/test/Tomato_mold_leaf/IMG-20240727-WA0124aug5.jpg,Tomato_mold_leaf,Tomato_mold_leaf,0.9999675750732422,1,1.1693239212036133,7.962749481201172,0.1768169403076172,9.311500549316406
dataset/test/Tomato_mold_leaf/IMG-20240727-WA0153_aug_92aug58.jpg,Tomato_mold_leaf,Tomato_mold_leaf,0.9999829530715942,1,1.1778984069824219,9.090368270874023,0.17320537567138672,10.444120407104492
dataset/test/Tomato_mold_leaf/IMG-20240727-WA0153_aug_93aug60.jpg,Tomato_mold_leaf,Tomato_mold_leaf,0.9997439980506897,1,1.120676040649414,8.451177597045898,0.17329692840576172,9.747485160827637
dataset/test/Tomato_mold_leaf/IMG-20240727-WA0153aug23.jpg,Tomato_mold_leaf,Tomato_mold_leaf,0.9999681711196899,1,1.1227483749389648,8.564641952514648,0.1730937957763672,9.863022804260254
dataset/test/Tomato_mold_leaf/IMG-20240727-WA0165aug25.jpg,Tomato_mold_leaf,Tomato_mold_leaf,0.9999831914901733,1,1.113398551940918,8.351585388183594,0.1735210418701172,9.641744613647461
dataset/test/Tomato_mold_leaf/IMG-20240728-WA0028_aug_64aug91.jpg,Tomato_mold_leaf,Tomato_mold_leaf,0.9999988079071045,1,1.1139345169067383,8.251362800598145,0.18172454833984375,9.550076484680176
dataset/test/Tomato_mold_leaf/IMG-20240728-WA0028_aug_65aug86.jpg,Tomato_mold_leaf,Tomato_mold_leaf,0.9999996423721313,1,1.157120704650879,8.360937118530273,0.18659496307373047,9.708782196044922
dataset/test/Tomato_mold_leaf/IMG-20240728-WA0028_aug_66aug78.jpg,Tomato_mold_leaf,Tomato_mold_leaf,0.9999990463256836,1,1.1172866821289062,8.702068328857422,0.17246532440185547,9.994598388671875
dataset/test/Tomato_mold_leaf/IMG-20240728-WA0028_aug_67aug99.jpg,Tomato_mold_leaf,Tomato_mold_leaf,0.9999985694885254,1,1.1492500305175781,8.455344200134277,0.18189048767089844,9.789541244506836
dataset/test/Tomato_mold_leaf/IMG-20240728-WA0028aug16.jpg,Tomato_mold_leaf,Tomato_mold_leaf,0.9999985694885254,1,1.1200275421142578,8.293047904968262,0.16948318481445312,9.585095405578613
dataset/test/Tomato_mold_leaf/IMG-20240728-WA0068_aug_12aug29.jpg,Tomato_mold_leaf,Tomato_mold_leaf,0.9999996423721313,1,1.123305320739746,8.702014923095703,0.16907596588134766,9.997154235839844
dataset/test/Tomato_mold_leaf/IMG-20240728-WA0068_aug_13aug30.jpg,Tomato_mold_leaf,Tomato_mold_leaf,0.9999499320983887,1,1.127730369567871,8.227343559265137,0.16701889038085938,9.524595260620117
dataset/test/Tomato_mold_leaf/IMG-20240728-WA0068_aug_14aug56.jpg,Tomato_mold_leaf,Tomato_mold_leaf,0.9999994039535522,1,1.1039161682128906,8.074601173400879,0.15735244750976562,9.337982177734375
dataset/test/Tomato_mold_leaf/IMG-20240728-WA0068_aug_15aug42.jpg,Tomato_mold_leaf,Tomato_mold_leaf,0.9999990463256836,1,1.1069526672363281,8.158863067626953,0.16874217987060547,9.43713092803955
dataset/test/Tomato_mold_leaf/IMG-20240728-WA0068aug3.jpg,Tomato_mold_leaf,Tomato_mold_leaf,0.9999997615814209,1,1.1105842590332031,8.008544921875,0.177001953125,9.298371315002441
dataset/test/Tomato_mold_leaf/IMG-20240728-WA0074_aug_44aug102.jpg,Tomato_mold_leaf,Tomato_mold_leaf,0.9994692206382751,1,1.1238603591918945,8.089343070983887,0.17096424102783203,9.386872291564941
dataset/test/Tomato_mold_leaf/IMG-20240728-WA0074_aug_45aug75.jpg,Tomato_mold_leaf,Tomato_mold_leaf,0.9994668364524841,1,1.1669902801513672,8.147269248962402,0.16948318481445312,9.486780166625977
dataset/test/Tomato_mold_leaf/IMG-20240728-WA0074_aug_46aug89.jpg,Tomato_mold_leaf,Tomato_mold_leaf,0.9999644756317139,1,1.1490650177001953,8.162955284118652,0.16942691802978516,9.484353065490723
dataset/test/Tomato_mold_leaf/IMG-20240728-WA0074_aug_47aug111.jpg,Tomato_mold_leaf,Tomato_mold_leaf,0.9999117851257324,1,1.1176939010620117,8.099990844726562,0.20489025115966797,9.425871849060059
dataset/test/Tomato_mold_leaf/IMG-20240728-WA0074aug11.jpg,Tomato_mold_leaf,Tomato_mold_leaf,0.9999624490737915,1,1.1223430633544922,8.106657028198242,0.16855716705322266,9.400260925292969
dataset/test/Tomato_mold_leaf/IMG-20240728-WA0075aug24.jpg,Tomato_mold_leaf,Tomato_mold_leaf,0.9821397662162781,1,1.1063051223754883,8.221492767333984,0.16940784454345703,9.499983787536621
dataset/test/Tomato_mold_leaf/IMG-20240728-WA0087_aug_32aug113.jpg,Tomato_mold_leaf,Tomato_mold_leaf,0.8539150953292847,1,1.2824735641479492,8.168471336364746,0.17266845703125,9.62681770324707
dataset/test/Tomato_mold_leaf/IMG-20240728-WA0087_aug_33aug112.jpg,Tomato_mold_leaf,Tomato_mold_leaf,0.9997380375862122,1,1.1521759033203125,8.36902904510498,0.17266845703125,9.696650505065918
dataset/test/Tomato_mold_leaf/IMG-20240728-WA0087_aug_34aug104.jpg,Tomato_mold_leaf,Tomato_mold_leaf,0.9957992434501648,1,1.153306007385254,8.23773193359375,0.18068599700927734,9.575187683105469
dataset/test/Tomato_mold_leaf/IMG-20240728-WA0087_aug_35aug100.jpg,Tomato_mold_leaf,Tomato_mold_leaf,0.9986741542816162,1,1.1889352798461914,8.328805923461914,0.17142772674560547,9.692020416259766
dataset/test/Tomato_mold_leaf/IMG-20240728-WA0087aug8.jpg,Tomato_mold_leaf,Tomato_mold_leaf,0.9990645051002502,1,1.1457862854003906,8.236029624938965,0.18763160705566406,9.57266902923584
dataset/test/Tomato_mold_leaf/IMG-20240728-WA0093_aug_76aug90.jpg,Tomato_mold_leaf,Tomato_mold_leaf,0.999997615814209,1,1.1426763534545898,8.303622245788574,0.16511249542236328,9.614020347595215
dataset/test/Tomato_mold_leaf/IMG-20240728-WA0093_aug_77aug68.jpg,Tomato_mold_leaf,Tomato_mold_leaf,0.999995231628418,1,1.0933618545532227,8.167675971984863,0.188446044921875,9.451946258544922
dataset/test/Tomato_mold_leaf/IMG-20240728-WA0093_aug_78aug93.jpg,Tomato_mold_leaf,Tomato_mold_leaf,0.999997615814209,1,1.1718978881835938,8.15467643737793,0.1760387420654297,9.505779266357422
dataset/test/Tomato_mold_leaf/IMG-20240728-WA0093_aug_79aug64.jpg,Tomato_mold_leaf,Tomato_mold_leaf,0.9999897480010986,1,1.1430835723876953,8.237085342407227,0.18311309814453125,9.566150665283203
dataset/test/Tomato_mold_leaf/IMG-20240728-WA0093aug19.jpg,Tomato_mold_leaf,Tomato_mold_leaf,0.9999997615814209,1,1.1032686233520508,8.333714485168457,0.1892242431640625,9.629242897033691
dataset/test/Tomato_mold_leaf/IMG-20240728-WA0101_aug_84aug73.jpg,Tomato_mold_leaf,Tomato_mold_leaf,0.9998041987419128,1,1.1983051300048828,8.285140037536621,0.16970539093017578,9.655540466308594
dataset/test/Tomato_mold_leaf/IMG-20240728-WA0101_aug_85aug72.jpg,Tomato_mold_leaf,Tomato_mold_leaf,0.9999135732650757,1,1.1437673568725586,8.151416778564453,0.1681499481201172,9.466020584106445
dataset/test/Tomato_mold_leaf/IMG-20240728-WA0101_aug_86aug67.jpg,Tomato_mold_leaf,Tomato_mold_leaf,0.9995380640029907,1,1.1077489852905273,7.995655059814453,0.1659832000732422,9.272054672241211
dataset/test/Tomato_mold_leaf/IMG-20240728-WA0101_aug_87aug74.jpg,Tomato_mold_leaf,Tomato_mold_leaf,0.9999611377716064,1,1.1423606872558594,7.894192695617676,0.16516780853271484,9.204609870910645
dataset/test/Tomato_mold_leaf/IMG-20240728-WA0101aug21.jpg,Tomato_mold_leaf,Tomato_mold_leaf,0.9997287392616272,1,1.119359016418457,8.00223159790039,0.1587047576904297,9.282685279846191
dataset/test/Tomato_mold_leaf/IMG-20240728-WA0103_aug_48aug107.jpg,Tomato_mold_leaf,Tomato_mold_leaf,0.9999551773071289,1,1.101822853088379,7.857489585876465,0.1667795181274414,9.128850936889648
dataset/test/Tomato_mold_leaf/IMG-20240728-WA0103_aug_49aug76.jpg,Tomato_mold_leaf,Tomato_mold_leaf,0.9999805688858032,1,1.1523809432983398,7.766044616699219,0.16907501220703125,9.122739791870117
dataset/test/Tomato_mold_leaf/IMG-20240728-WA0103_aug_50aug114.jpg,Tomato_mold_leaf,Tomato_mold_leaf,0.9999587535858154,1,1.1159534454345703,7.955638885498047,0.16709423065185547,9.24157428741455
dataset/test/Tomato_mold_leaf/IMG-20240728-WA0103_aug_51aug84.jpg,Tomato_mold_leaf,Tomato_mold_leaf,0.9999665021896362,1,1.1188240051269531,8.472661018371582,0.17607593536376953,9.7708740234375
dataset/test/Tomato_mold_leaf/IMG-20240728-WA0103aug12.jpg,Tomato_mold_leaf,Tomato_mold_leaf,0.9999809265136719,1,1.1703615188598633,8.034619331359863,0.16835403442382812,9.375906944274902
dataset/test/Tomato_mold_leaf/IMG-20240812-WA0183_aug_88aug59.jpg,Tomato_mold_leaf,Tomato_leaf_late_blight,0.7482241988182068,0,1.096064567565918,7.9567108154296875,0.1679096221923828,9.22407341003418
dataset/test/Tomato_mold_leaf/IMG-20240812-WA0183_aug_89aug61.jpg,Tomato_mold_leaf,Tomato_Early_blight_leaf,0.6033241748809814,0,1.102787971496582,8.012064933776855,0.16583538055419922,9.283629417419434
dataset/test/Tomato_mold_leaf/IMG-20240812-WA0183_aug_90aug63.jpg,Tomato_mold_leaf,Tomato_leaf_late_blight,0.6242108345031738,0,1.120138168334961,8.072564125061035,0.16864967346191406,9.364056587219238
dataset/test/Tomato_mold_leaf/IMG-20240812-WA0183_aug_91aug62.jpg,Tomato_mold_leaf,Tomato_leaf_late_blight,0.757377564907074,0,1.0906190872192383,8.020415306091309,0.1653156280517578,9.278833389282227
dataset/test/Tomato_mold_leaf/IMG-20240812-WA0183aug22.jpg,Tomato_mold_leaf,Tomato_Early_blight_leaf,0.9555180668830872,0,1.134028434753418,7.955526351928711,0.16640853881835938,9.258906364440918
dataset/test/Tomato_mold_leaf/IMG_20251102_155435_aug_24aug39.jpg,Tomato_mold_leaf,Tomato_Early_blight_leaf,0.5770988464355469,0,1.1120080947875977,7.991249084472656,0.16333580017089844,9.269222259521484
dataset/test/Tomato_mold_leaf/IMG_20251102_155435_aug_25aug51.jpg,Tomato_mold_leaf,Tomato_Early_blight_leaf,0.8417235612869263,0,1.085378646850586,7.907988548278809,0.17894649505615234,9.174999237060547
dataset/test/Tomato_mold_leaf/IMG_20251102_155435_aug_26aug26.jpg,Tomato_mold_leaf,Tomato_Early_blight_leaf,0.8021204471588135,0,1.188248634338379,7.86348819732666,0.16718482971191406,9.221369743347168
dataset/test/Tomato_mold_leaf/IMG_20251102_155435_aug_27aug52.jpg,Tomato_mold_leaf,Tomato_Early_blight_leaf,0.6894359588623047,0,1.1121940612792969,7.827877044677734,0.16940689086914062,9.112035751342773
dataset/test/Tomato_mold_leaf/IMG_20251102_155435aug6.jpg,Tomato_mold_leaf,Tomato_Early_blight_leaf,0.526725709438324,0,1.1160831451416016,8.374344825744629,0.16785335540771484,9.660761833190918
dataset/test/Tomato_mold_leaf/Leaf+mold+tomato+_25283_2529.JPG_aug_36aug118.jpg,Tomato_mold_leaf,Tomato_Early_blight_leaf,0.3808356821537018,0,1.1476020812988281,7.94443416595459,0.1736125946044922,9.268611907958984
dataset/test/Tomato_mold_leaf/Leaf+mold+tomato+_25283_2529.JPG_aug_37aug117.jpg,Tomato_mold_leaf,Tomato_Septoria_leaf_spot,0.479065865278244,0,1.1249523162841797,8.029026985168457,0.2098531723022461,9.367112159729004
dataset/test/Tomato_mold_leaf/Leaf+mold+tomato+_25283_2529.JPG_aug_38aug119.jpg,Tomato_mold_leaf,Tomato_Healthy_leaf,0.5912951231002808,0,1.1529340744018555,8.089638710021973,0.1763896942138672,9.42187213897705
dataset/test/Tomato_mold_leaf/Leaf+mold+tomato+_25283_2529.JPG_aug_39aug103.jpg,Tomato_mold_leaf,Tomato_Healthy_leaf,0.638300895690918,0,1.1708059310913086,8.233899116516113,0.17398357391357422,9.581707000732422
dataset/test/Tomato_mold_leaf/Leaf+mold+tomato+_25283_2529.JPGaug9.jpg,Tomato_mold_leaf,Tomato_Septoria_leaf_spot,0.7240893244743347,0,1.176194190979004,8.450234413146973,0.16505718231201172,9.794133186340332
dataset/test/Tomato_mold_leaf/Leaf-mold-caused-by-the-fungal-pathogen-Passalore-fulva-in-tomatoes_aug_16aug33.jpg,Tomato_mold_leaf,Tomato_mold_leaf,0.8688216209411621,1,1.0862674713134766,7.997712135314941,0.1809091567993164,9.26737117767334
dataset/test/Tomato_mold_leaf/Leaf-mold-caused-by-the-fungal-pathogen-Passalore-fulva-in-tomatoes_aug_17aug57.jpg,Tomato_mold_leaf,Tomato_Early_blight_leaf,0.3412179946899414,0,1.1680450439453125,7.951786041259766,0.17892742156982422,9.301482200622559
dataset/test/Tomato_mold_leaf/Leaf-mold-caused-by-the-fungal-pathogen-Passalore-fulva-in-tomatoes_aug_18aug32.jpg,Tomato_mold_leaf,Tomato_mold_leaf,0.4417794346809387,1,1.2063798904418945,8.012378692626953,0.16848278045654297,9.389871597290039
dataset/test/Tomato_mold_leaf/Leaf-mold-caused-by-the-fungal-pathogen-Passalore-fulva-in-tomatoes_aug_19aug53.jpg,Tomato_mold_leaf,Tomato_mold_leaf,0.8363180756568909,1,1.095118522644043,8.273880958557129,0.17105770111083984,9.542521476745605
dataset/test/Tomato_mold_leaf/Leaf-mold-caused-by-the-fungal-pathogen-Passalore-fulva-in-tomatoesaug4.jpg,Tomato_mold_leaf,Tomato_mold_leaf,0.9751349091529846,1,1.0897502899169922,8.21319580078125,0.21975994110107422,9.525187492370605
dataset/test/Tomato_mold_leaf/leaf_mold_nightshade2x500_aug_60aug81.jpg,Tomato_mold_leaf,Tomato_mold_leaf,0.8967360258102417,1,1.0949535369873047,8.143268585205078,0.17790889739990234,9.419020652770996
dataset/test/Tomato_mold_leaf/leaf_mold_nightshade2x500_aug_61aug96.jpg,Tomato_mold_leaf,Tomato_mold_leaf,0.9975420236587524,1,1.0997858047485352,8.151712417602539,0.17920589447021484,9.434149742126465
dataset/test/Tomato_mold_leaf/leaf_mold_nightshade2x500_aug_62aug85.jpg,Tomato_mold_leaf,Tomato_mold_leaf,0.8329623341560364,1,1.1338434219360352,8.463382720947266,0.17209434509277344,9.77191162109375
dataset/test/Tomato_mold_leaf/leaf_mold_nightshade2x500_aug_63aug88.jpg,Tomato_mold_leaf,Tomato_mold_leaf,0.9986771941184998,1,1.1782312393188477,8.2528076171875,0.16744613647460938,9.6017427444458
dataset/test/Tomato_mold_leaf/leaf_mold_nightshade2x500aug15.jpg,Tomato_mold_leaf,Tomato_mold_leaf,0.9984254837036133,1,1.1421213150024414,8.06152629852295,0.1685199737548828,9.375056266784668
dataset/test/Tomato_mold_leaf/leaf_mold_tomato5x1200_jpg.rf.0a5ee47c78e753f9580bfb7744438ebf_aug_52aug101.jpg,Tomato_mold_leaf,Tomato_mold_leaf,0.999992847442627,1,1.1589899063110352,8.148416519165039,0.17820453643798828,9.488908767700195
dataset/test/Tomato_mold_leaf/leaf_mold_tomato5x1200_jpg.rf.0a5ee47c78e753f9580bfb7744438ebf_aug_53aug108.jpg,Tomato_mold_leaf,Tomato_mold_leaf,0.9999997615814209,1,1.1333799362182617,8.179399490356445,0.17979812622070312,9.495723724365234
dataset/test/Tomato_mold_leaf/leaf_mold_tomato5x1200_jpg.rf.0a5ee47c78e753f9580bfb7744438ebf_aug_54aug115.jpg,Tomato_mold_leaf,Tomato_mold_leaf,1.0,1,1.3441400527954102,8.180898666381836,0.16940784454345703,9.697447776794434
dataset/test/Tomato_mold_leaf/leaf_mold_tomato5x1200_jpg.rf.0a5ee47c78e753f9580bfb7744438ebf_aug_55aug109.jpg,Tomato_mold_leaf,Tomato_mold_leaf,0.9999614953994751,1,1.1363239288330078,8.098952293395996,0.16255569458007812,9.400388717651367
dataset/test/Tomato_mold_leaf/leaf_mold_tomato5x1200_jpg.rf.0a5ee47c78e753f9580bfb7744438ebfaug13.jpg,Tomato_mold_leaf,Tomato_mold_leaf,0.9999995231628418,1,1.0963611602783203,7.950692176818848,0.17863082885742188,9.228924751281738
dataset/test/Tomato_mold_leaf/tomato_leaf-mold_04_zoom_aug_4aug36.jpg,Tomato_mold_leaf,Tomato_leaf_late_blight,0.9581823945045471,0,1.1909914016723633,7.954305648803711,0.16914939880371094,9.317352294921875
dataset/test/Tomato_mold_leaf/tomato_leaf-mold_04_zoom_aug_5aug48.jpg,Tomato_mold_leaf,Tomato_leaf_late_blight,0.9635311365127563,0,1.2508811950683594,7.983304023742676,0.17035388946533203,9.40713119506836
dataset/test/Tomato_mold_leaf/tomato_leaf-mold_04_zoom_aug_6aug40.jpg,Tomato_mold_leaf,Tomato_leaf_late_blight,0.9900089502334595,0,1.142491340637207,8.06549072265625,0.17305660247802734,9.383685111999512
dataset/test/Tomato_mold_leaf/tomato_leaf-mold_04_zoom_aug_7aug34.jpg,Tomato_mold_leaf,Tomato_leaf_late_blight,0.9783115983009338,0,1.1841392517089844,8.207398414611816,0.16929912567138672,9.563132286071777
dataset/test/Tomato_mold_leaf/tomato_leaf-mold_04_zoomaug1.jpg,Tomato_mold_leaf,Tomato_leaf_late_blight,0.974876344203949,0,1.4793825149536133,10.918994903564453,0.20677852630615234,12.608100891113281
