image_path,true_class,predicted_class,confidence,correct,preprocess_ms,inference_ms,postprocess_ms,total_pipeline_ms
dataset/test/Tomato_Early_blight_leaf/100_46341_aug_5aug62.jpg,Tomato_Early_blight_leaf,Tomato_Early_blight_leaf,0.9422361850738525,1,1.1602468490600586,7.924274444580078,0.27111244201660156,9.359801292419434
dataset/test/Tomato_Early_blight_leaf/100_46341_aug_6aug64.jpg,Tomato_Early_blight_leaf,Tomato_Early_blight_leaf,0.9424479007720947,1,1.1675643920898438,7.864681243896484,0.20615005493164062,9.241615295410156
dataset/test/Tomato_Early_blight_leaf/100_46341_aug_7aug57.jpg,Tomato_Early_blight_leaf,Tomato_Early_blight_leaf,0.9424479007720947,1,1.1264896392822266,7.960254669189453,0.18574237823486328,9.27528190612793
dataset/test/Tomato_Early_blight_leaf/100_46341_aug_8aug66.jpg,Tomato_Early_blight_leaf,Tomato_Early_blight_leaf,0.7651345729827881,1,1.1794319152832031,7.899995803833008,0.1793346405029297,9.2615966796875
dataset/test/Tomato_Early_blight_leaf/100_46341_aug_9aug65.jpg,Tomato_Early_blight_leaf,Tomato_Early_blight_leaf,0.7024109363555908,1,1.1948413848876953,7.720697402954102,0.1835765838623047,9.101929664611816
dataset/test/Tomato_Early_blight_leaf/100_46341aug1.jpg,Tomato_Early_blight_leaf,Tomato_Early_blight_leaf,0.9225267767906189,1,1.2719898223876953,7.6740875244140625,0.20216751098632812,9.151041030883789
dataset/test/Tomato_Early_blight_leaf/1723454500663_aug_20aug39.jpg,Tomato_Early_blight_leaf,Tomato_Early_blight_leaf,0.9999994039535522,1,1.2217674255371094,7.765140533447266,0.18450069427490234,9.17448616027832
dataset/test/Tomato_Early_blight_leaf/1723454500663_aug_21aug35.jpg,Tomato_Early_blight_leaf,Tomato_Early_blight_leaf,0.9998376369476318,1,1.1193408966064453,7.91555118560791,0.18707561492919922,9.224762916564941
dataset/test/Tomato_Early_blight_leaf/1723454500663_aug_22aug51.jpg,Tomato_Early_blight_leaf,Tomato_Early_blight_leaf,1.0,1,1.0968408584594727,7.941162109375,0.1776113510131836,9.218745231628418
dataset/test/Tomato_Early_blight_leaf/1723454500663_aug_23aug33.jpg,Tomato_Early_blight_leaf,Tomato_Early_blight_leaf,0.9999994039535522,1,1.0888032913208008,8.20964527130127,0.1750202178955078,9.476244926452637
dataset/test/Tomato_Early_blight_leaf/1723454500663_aug_24aug50.jpg,Tomato_Early_blight_leaf,Tomato_Early_blight_leaf,0.9973123073577881,1,1.2016935348510742,8.492443084716797,0.1731853485107422,9.870064735412598
dataset/test/Tomato_Early_blight_leaf/1723454500663aug4.jpg,Tomato_Early_blight_leaf,Tomato_Early_blight_leaf,0.9965697526931763,1,1.1525077819824219,8.416090965270996,0.17842769622802734,9.74976634979248
dataset/test/Tomato_Early_blight_leaf/1723454507240aug20.jpg,Tomato_Early_blight_leaf,Tomato_leaf_yellow_curl_virus,0.8724907040596008,0,1.169656753540039,8.657297134399414,0.1753530502319336,10.005454063415527
dataset/test/Tomato_Early_blight_leaf/EB_(981)_aug_65aug107.jpg,Tomato_Early_blight_leaf,Tomato_Early_blight_leaf,0.9999994039535522,1,1.1890993118286133,8.475091934204102,0.17202091217041016,9.839231491088867
dataset/test/Tomato_Early_blight_leaf/EB_(981)_aug_66aug102.jpg,Tomato_Early_blight_leaf,Tomato_Early_blight_leaf,0.999998927116394,1,1.2084150314331055,8.524555206298828,0.17418575286865234,9.909692764282227
dataset/test/Tomato_Early_blight_leaf/EB_(981)_aug_67aug101.jpg,Tomato_Early_blight_leaf,Tomato_Early_blight_leaf,0.9999735355377197,1,1.1626558303833008,8.439629554748535,0.17322254180908203,9.778138160705566
dataset/test/Tomato_Early_blight_leaf/EB_(981)_aug_68aug95.jpg,Tomato_Early_blight_leaf,Tomato_Early_blight_leaf,0.999957799911499,1,1.186544418334961,8.529017448425293,0.19309425354003906,9.911416053771973
dataset/test/Tomato_Early_blight_leaf/EB_(981)_aug_69aug97.jpg,Tomato_Early_blight_leaf,Tomato_Early_blight_leaf,0.9989888072013855,1,1.1541194915771484,8.521536827087402,0.17766857147216797,9.856581687927246
dataset/test/Tomato_Early_blight_leaf/EB_(981)aug13.jpg,Tomato_Early_blight_leaf,Tomato_Early_blight_leaf,0.9998950958251953,1,1.180154800415039,8.417498588562012,0.1772785186767578,9.777619361877441
dataset/test/Tomato_Early_blight_leaf/Early-blight-660x440_aug_0aug61.jpg,Tomato_Early_blight_leaf,Tomato_Early_blight_leaf,0.9914552569389343,1,1.2037849426269531,8.40498161315918,0.17368602752685547,9.785137176513672
dataset/test/Tomato_Early_blight_leaf/Early-blight-660x440_aug_1aug59.jpg,Tomato_Early_blight_leaf,Tomato_Early_blight_leaf,0.9859340786933899,1,1.1657485961914062,8.476592063903809,0.17039012908935547,9.815638542175293
dataset/test/Tomato_Early_blight_leaf/Early-blight-660x440_aug_2aug63.jpg,Tomato_Early_blight_leaf,Tomato_Early_blight_leaf,0.9615129232406616,1,1.3196935653686523,8.473443984985352,0.17194557189941406,9.967934608459473
dataset/test/Tomato_Early_blight_leaf/Early-blight-660x440_aug_3aug60.jpg,Tomato_Early_blight_leaf,Tomato_Early_blight_leaf,0.9911332726478577,1,1.1715259552001953,8.529943466186523,0.16527938842773438,9.869266510009766
dataset/test/Tomato_Early_blight_leaf/Early-blight-660x440_aug_4aug58.jpg,Tomato_Early_blight_leaf,Tomato_Early_blight_leaf,0.9886220097541809,1,1.1804885864257812,9.310096740722656,0.17325973510742188,10.666791915893555
dataset/test/Tomato_Early_blight_leaf/Early-blight-660x440aug0.jpg,Tomato_Early_blight_leaf,Tomato_Early_blight_leaf,0.9869176745414734,1,1.1673221588134766,8.47675895690918,0.16570568084716797,9.812211990356445
dataset/test/Tomato_Early_blight_leaf/Gls42_change_180_aug_70aug100.jpg,Tomato_Early_blight_leaf,Tomato_Early_blight_leaf,0.9999885559082031,1,1.1386194229125977,16.160733222961426,0.18066692352294922,17.482872009277344
dataset/test/Tomato_Early_blight_leaf/Gls42_change_180_aug_71aug109.jpg,Tomato_Early_blight_leaf,Tomato_Early_blight_leaf,0.9999827146530151,1,1.1991186141967773,12.916658401489258,0.17901992797851562,14.298480987548828
dataset/test/Tomato_Early_blight_leaf/Gls42_change_180_aug_72aug104.jpg,Tomato_Early_blight_leaf,Tomato_Early_blight_leaf,1.0,1,1.2184534072875977,10.50882625579834,0.20563125610351562,11.936188697814941
dataset/test/Tomato_Early_blight_leaf/Gls42_change_180_aug_73aug94.jpg,Tomato_Early_blight_leaf,Tomato_Early_blight_leaf,0.9999963045120239,1,1.1903228759765625,8.524129867553711,0.17776203155517578,9.895526885986328
dataset/test/Tomato_Early_blight_leaf/Gls42_change_180_aug_74aug108.jpg,Tomato_Early_blight_leaf,Tomato_Early_blight_leaf,0.9999866485595703,1,1.1077651977539062,8.30777645111084,0.17135334014892578,9.59024715423584
dataset/test/Tomato_Early_blight_leaf/Gls42_change_180aug14.jpg,Tomato_Early_blight_leaf,Tomato_Early_blight_leaf,1.0,1,1.1738595962524414,8.65137004852295,0.1728534698486328,10.001176834106445
dataset/test/Tomato_Early_blight_leaf/Gls4_mirror_aug_60aug93.jpg,Tomato_Early_blight_leaf,Tomato_Early_blight_leaf,0.9999998807907104,1,1.0958213806152344,8.28101634979248,0.17218780517578125,9.551785469055176
dataset/test/Tomato_Early_blight_leaf/Gls4_mirror_aug_61aug98.jpg,Tomato_Early_blight_leaf,Tomato_Early_blight_leaf,0.999998927116394,1,1.106618881225586,8.38216495513916,0.16861248016357422,9.660304069519043
dataset/test/Tomato_Early_blight_leaf/Gls4_mirror_aug_62aug91.jpg,Tomato_Early_blight_leaf,Tomato_Early_blight_leaf,0.9999998807907104,1,1.0705633163452148,8.116107940673828,0.20339107513427734,9.393117904663086
dataset/test/Tomato_Early_blight_leaf/Gls4_mirror_aug_63aug110.jpg,Tomato_Early_blight_leaf,Tomato_Early_blight_leaf,0.9999990463256836,1,1.1047649383544922,8.321165084838867,0.17126083374023438,9.599709510803223
dataset/test/Tomato_Early_blight_leaf/Gls4_mirror_aug_64aug105.jpg,Tomato_Early_blight_leaf,Tomato_Early_blight_leaf,1.0,1,1.146580696105957,8.193867683410645,0.17116832733154297,9.513932228088379
dataset/test/Tomato_Early_blight_leaf/Gls4_mirror_vertical_aug_25aug37.jpg,Tomato_Early_blight_leaf,Tomato_Early_blight_leaf,0.9996071457862854,1,1.098489761352539,8.52403736114502,0.17253780364990234,9.797785758972168
dataset/test/Tomato_Early_blight_leaf/Gls4_mirror_vertical_aug_26aug41.jpg,Tomato_Early_blight_leaf,Tomato_Early_blight_leaf,0.9998829364776611,1,1.0869874954223633,8.176090240478516,0.20394515991210938,9.469449043273926
dataset/test/Tomato_Early_blight_leaf/Gls4_mirror_vertical_aug_27aug40.jpg,Tomato_Early_blight_leaf,Tomato_Early_blight_leaf,0.9975807666778564,1,1.0917291641235352,8.180756568908691,0.16918659210205078,9.444357872009277
dataset/test/Tomato_Early_blight_leaf/Gls4_mirror_vertical_aug_28aug36.jpg,Tomato_Early_blight_leaf,Tomato_Early_blight_leaf,0.9889021515846252,1,1.073617935180664,8.195422172546387,0.16959285736083984,9.44135856628418
dataset/test/Tomato_Early_blight_leaf/Gls4_mirror_vertical_aug_29aug42.jpg,Tomato_Early_blight_leaf,Tomato_Early_blight_leaf,0.9998451471328735,1,1.1460256576538086,8.312867164611816,0.16861248016357422,9.63010025024414
dataset/test/Tomato_Early_blight_leaf/Gls4_mirror_verticalaug5.jpg,Tomato_Early_blight_leaf,Tomato_Early_blight_leaf,0.9959841966629028,1,1.0720434188842773,8.263553619384766,0.16879749298095703,9.50696849822998
dataset/test/Tomato_Early_blight_leaf/Gls4_mirroraug12.jpg,Tomato_Early_blight_leaf,Tomato_Early_blight_leaf,0.9999998807907104,1,1.0932855606079102,8.221479415893555,0.1697978973388672,9.487116813659668
dataset/test/Tomato_Early_blight_leaf/IMG-20240812-WA0445_aug_40aug23.jpg,Tomato_Early_blight_leaf,Tomato_Early_blight_leaf,0.4820769727230072,1,1.178396224975586,8.1852388381958,0.1736125946044922,9.540117263793945
dataset/test/Tomato_Early_blight_leaf/IMG-20240812-WA0445_aug_41aug28.jpg,Tomato_Early_blight_leaf,Tomato_mold_leaf,0.921506404876709,0,1.196746826171875,8.648463249206543,0.1626119613647461,10.01054573059082
dataset/test/Tomato_Early_blight_leaf/IMG-20240812-WA0445_aug_42aug21.jpg,Tomato_Early_blight_leaf,Tomato_mold_leaf,0.8693015575408936,0,1.149785041809082,7.960477828979492,0.1678152084350586,9.280800819396973
dataset/test/Tomato_Early_blight_leaf/IMG-20240812-WA0445_aug_43aug24.jpg,Tomato_Early_blight_leaf,Tomato_mold_leaf,0.7733644843101501,0,1.272064208984375,8.537111282348633,0.16863059997558594,9.97999095916748
dataset/test/Tomato_Early_blight_leaf/IMG-20240812-WA0445_aug_44aug22.jpg,Tomato_Early_blight_leaf,Tomato_mold_leaf,0.8007528781890869,0,1.175248146057129,7.947033882141113,0.16975975036621094,9.294690132141113
dataset/test/Tomato_Early_blight_leaf/IMG-20240812-WA0445aug8.jpg,Tomato_Early_blight_leaf,Tomato_mold_leaf,0.6426282525062561,0,1.2299518585205078,8.074385643005371,0.16829872131347656,9.475747108459473
dataset/test/Tomato_Early_blight_leaf/IMG20240812111749_aug_90aug80.jpg,Tomato_Early_blight_leaf,Tomato_mold_leaf,0.9999998807907104,0,1.2224149703979492,8.211163520812988,0.1720743179321289,9.608118057250977
dataset/test/Tomato_Early_blight_leaf/IMG20240812111749_aug_91aug77.jpg,Tomato_Early_blight_leaf,Tomato_mold_leaf,0.9999980926513672,0,1.2917299270629883,8.26383113861084,0.1696319580078125,9.727823257446289
dataset/test/Tomato_Early_blight_leaf/IMG20240812111749_aug_92aug73.jpg,Tomato_Early_blight_leaf,Tomato_mold_leaf,0.9999966621398926,0,1.1845064163208008,8.21666431427002,0.17081546783447266,9.574766159057617
dataset/test/Tomato_Early_blight_leaf/IMG20240812111749_aug_93aug71.jpg,Tomato_Early_blight_leaf,Tomato_mold_leaf,0.9999915361404419,0,1.1932859420776367,8.165016174316406,0.16961193084716797,9.53069019317627
dataset/test/Tomato_Early_blight_leaf/IMG20240812111749_aug_94aug74.jpg,Tomato_Early_blight_leaf,Tomato_mold_leaf,0.9999963045120239,0,1.2946014404296875,8.144071578979492,0.16970443725585938,9.610895156860352
dataset/test/Tomato_Early_blight_leaf/IMG20240812111749aug18.jpg,Tomato_Early_blight_leaf,Tomato_mold_leaf,0.9999998807907104,0,1.3168048858642578,8.496054649353027,0.19005680084228516,10.006101608276367
dataset/test/Tomato_Early_blight_leaf/IMG_20251102_155150_aug_30aug34.jpg,Tomato_Early_blight_leaf,Tomato_Early_blight_leaf,1.0,1,1.171341896057129,8.110830307006836,0.17138957977294922,9.456671714782715
dataset/test/Tomato_Early_blight_leaf/IMG_20251102_155150_aug_31aug43.jpg,Tomato_Early_blight_leaf,Tomato_Early_blight_leaf,0.9999850988388062,1,1.1320257186889648,8.220756530761719,0.16848182678222656,9.523672103881836
dataset/test/Tomato_Early_blight_leaf/IMG_20251102_155150_aug_32aug44.jpg,Tomato_Early_blight_leaf,Tomato_Early_blight_leaf,1.0,1,1.135488510131836,8.327515602111816,0.19692707061767578,9.662394523620605
dataset/test/Tomato_Early_blight_leaf/IMG_20251102_155150_aug_33aug38.jpg,Tomato_Early_blight_leaf,Tomato_Early_blight_leaf,1.0,1,1.1220817565917969,8.13149642944336,0.17061328887939453,9.427209854125977
dataset/test/Tomato_Early_blight_leaf/IMG_20251102_155150_aug_34aug32.jpg,Tomato_Early_blight_leaf,Tomato_Early_blight_leaf,1.0,1,1.1283397674560547,9.839471817016602,0.20077896118164062,11.171684265136719
dataset/test/Tomato_Early_blight_leaf/IMG_20251102_155150aug6.jpg,Tomato_Early_blight_leaf,Tomato_Early_blight_leaf,0.9999997615814209,1,1.4581022262573242,11.217926025390625,0.2316131591796875,12.911212921142578
dataset/test/Tomato_Early_blight_leaf/IMG_20251102_155153_aug_85aug72.jpg,Tomato_Early_blight_leaf,Tomato_Early_blight_leaf,1.0,1,1.5082693099975586,11.049683570861816,0.21024131774902344,12.771749496459961
dataset/test/Tomato_Early_blight_leaf/IMG_20251102_155153_aug_86aug78.jpg,Tomato_Early_blight_leaf,Tomato_Early_blight_leaf,1.0,1,1.586233139038086,11.139552116394043,0.21122264862060547,12.940491676330566
dataset/test/Tomato_Early_blight_leaf/IMG_20251102_155153_aug_87aug76.jpg,Tomato_Early_blight_leaf,Tomato_Early_blight_leaf,1.0,1,1.5673255920410156,11.354796409606934,0.20644569396972656,13.132769584655762
dataset/test/Tomato_Early_blight_leaf/IMG_20251102_155153_aug_88aug79.jpg,Tomato_Early_blight_leaf,Tomato_Early_blight_leaf,1.0,1,1.5233240127563477,11.059016227722168,0.21190834045410156,12.797210693359375
dataset/test/Tomato_Early_blight_leaf/IMG_20251102_155153_aug_89aug75.jpg,Tomato_Early_blight_leaf,Tomato_Early_blight_leaf,1.0,1,1.436732292175293,11.081905364990234,0.24829769134521484,12.77115535736084
dataset/test/Tomato_Early_blight_leaf/IMG_20251102_155153aug17.jpg,Tomato_Early_blight_leaf,Tomato_Early_blight_leaf,1.0,1,1.571084976196289,11.105090141296387,0.21113109588623047,12.890287399291992
dataset/test/Tomato_Early_blight_leaf/IMG_20251102_155207_aug_10aug47.jpg,Tomato_Early_blight_leaf,Tomato_Early_blight_leaf,0.9999768733978271,1,1.516139030456543,8.981039047241211,0.1640005111694336,10.663810729980469
dataset/test/Tomato_Early_blight_leaf/IMG_20251102_155207_aug_11aug56.jpg,Tomato_Early_blight_leaf,Tomato_Early_blight_leaf,0.9999818801879883,1,1.1024703979492188,7.861624717712402,0.16453933715820312,9.131632804870605
dataset/test/Tomato_Early_blight_leaf/IMG_20251102_155207_aug_12aug45.jpg,Tomato_Early_blight_leaf,Tomato_Early_blight_leaf,0.9999992847442627,1,1.089803695678711,7.770216941833496,0.16361236572265625,9.026168823242188
dataset/test/Tomato_Early_blight_leaf/IMG_20251102_155207_aug_13aug48.jpg,Tomato_Early_blight_leaf,Tomato_Early_blight_leaf,0.9999979734420776,1,1.0984525680541992,7.84269905090332,0.1656484603881836,9.10970687866211
dataset/test/Tomato_Early_blight_leaf/IMG_20251102_155207_aug_14aug49.jpg,Tomato_Early_blight_leaf,Tomato_Early_blight_leaf,0.9999943971633911,1,1.0771541595458984,8.108293533325195,0.1653890609741211,9.353355407714844
dataset/test/Tomato_Early_blight_leaf/IMG_20251102_155207aug2.jpg,Tomato_Early_blight_leaf,Tomato_Early_blight_leaf,0.999977707862854,1,1.110285758972168,7.764809608459473,0.16228008270263672,9.039761543273926
dataset/test/Tomato_Early_blight_leaf/IMG_20251102_155305_aug_35aug25.jpg,Tomato_Early_blight_leaf,Tomato_Early_blight_leaf,0.9941815733909607,1,1.1148595809936523,7.599550247192383,0.16179656982421875,8.878223419189453
dataset/test/Tomato_Early_blight_leaf/IMG_20251102_155305_aug_36aug27.jpg,Tomato_Early_blight_leaf,Tomato_Early_blight_leaf,0.9989438652992249,1,1.1116924285888672,7.981182098388672,0.16520309448242188,9.260614395141602
dataset/test/Tomato_Early_blight_leaf/IMG_20251102_155305_aug_37aug29.jpg,Tomato_Early_blight_leaf,Tomato_Early_blight_leaf,0.9829102158546448,1,1.1463594436645508,7.624752998352051,0.16570472717285156,8.939668655395508
dataset/test/Tomato_Early_blight_leaf/IMG_20251102_155305_aug_38aug31.jpg,Tomato_Early_blight_leaf,Tomato_Early_blight_leaf,0.9997394680976868,1,1.0930252075195312,7.811384201049805,0.16455459594726562,9.071948051452637
dataset/test/Tomato_Early_blight_leaf/IMG_20251102_155305_aug_39aug26.jpg,Tomato_Early_blight_leaf,Tomato_Early_blight_leaf,0.9996064305305481,1,1.1170825958251953,7.853568077087402,0.16300106048583984,9.136392593383789
dataset/test/Tomato_Early_blight_leaf/IMG_20251102_155305aug7.jpg,Tomato_Early_blight_leaf,Tomato_Early_blight_leaf,0.9999003410339355,1,1.0897293090820312,8.017218589782715,0.1692981719970703,9.278634071350098
dataset/test/Tomato_Early_blight_leaf/IMG_20251102_155853_aug_55aug106.jpg,Tomato_Early_blight_leaf,Tomato_leaf_late_blight,0.9999932050704956,0,1.1421937942504883,8.172052383422852,0.1674642562866211,9.484838485717773
dataset/test/Tomato_Early_blight_leaf/IMG_20251102_155853_aug_56aug92.jpg,Tomato_Early_blight_leaf,Tomato_leaf_late_blight,0.9999891519546509,0,1.1576004028320312,8.139978408813477,0.17972373962402344,9.480246543884277
dataset/test/Tomato_Early_blight_leaf/IMG_20251102_155853_aug_57aug96.jpg,Tomato_Early_blight_leaf,Tomato_leaf_late_blight,0.9999884366989136,0,1.1248407363891602,7.966736793518066,0.18253803253173828,9.276671409606934
dataset/test/Tomato_Early_blight_leaf/IMG_20251102_155853_aug_58aug103.jpg,Tomato_Early_blight_leaf,Tomato_leaf_late_blight,0.9999922513961792,0,1.2031564712524414,8.043737411499023,0.17300033569335938,9.4226713180542
dataset/test/Tomato_Early_blight_leaf/IMG_20251102_155853_aug_59aug99.jpg,Tomato_Early_blight_leaf,Tomato_leaf_late_blight,0.999920129776001,0,1.4565849304199219,8.029088973999023,0.16996479034423828,9.658340454101562
dataset/test/Tomato_Early_blight_leaf/IMG_20251102_155853aug11.jpg,Tomato_Early_blight_leaf,Tomato_leaf_late_blight,0.9999995231628418,0,1.1270456314086914,8.073995590209961,0.17074203491210938,9.374208450317383
dataset/test/Tomato_Early_blight_leaf/IMG_20251102_160046_aug_95aug70.jpg,Tomato_Early_blight_leaf,Tomato_Early_blight_leaf,0.9992130994796753,1,1.120692253112793,8.163792610168457,0.17155742645263672,9.458913803100586
dataset/test/Tomato_Early_blight_leaf/IMG_20251102_160046_aug_96aug69.jpg,Tomato_Early_blight_leaf,Tomato_Early_blight_leaf,0.9995125532150269,1,1.1470632553100586,8.67074203491211,0.1712045669555664,9.992176055908203
dataset/test/Tomato_Early_blight_leaf/IMG_20251102_160046_aug_97aug67.jpg,Tomato_Early_blight_leaf,Tomato_Early_blight_leaf,0.9998182654380798,1,1.1359891891479492,8.12751579284668,0.16888904571533203,9.435264587402344
dataset/test/Tomato_Early_blight_leaf/IMG_20251102_160046_aug_98aug68.jpg,Tomato_Early_blight_leaf,Tomato_Early_blight_leaf,0.9994136095046997,1,1.1895256042480469,8.20125675201416,0.17696571350097656,9.571264266967773
dataset/test/Tomato_Early_blight_leaf/IMG_20251102_160046aug19.jpg,Tomato_Early_blight_leaf,Tomato_Early_blight_leaf,0.9980533123016357,1,1.142099380493164,10.992237091064453,0.21363162994384766,12.35084056854248
dataset/test/Tomato_Early_blight_leaf/IMG_20251102_160055_aug_15aug53.jpg,Tomato_Early_blight_leaf,Tomato_Early_blight_leaf,0.9999996423721313,1,1.498453140258789,11.145182609558105,0.22716903686523438,12.874045372009277
dataset/test/Tomato_Early_blight_leaf/IMG_20251102_160055_aug_16aug55.jpg,Tomato_Early_blight_leaf,Tomato_Early_blight_leaf,0.999953031539917,1,1.5936203002929688,11.087553977966309,0.22924232482910156,12.913749694824219
dataset/test/Tomato_Early_blight_leaf/IMG_20251102_160055_aug_17aug46.jpg,Tomato_Early_blight_leaf,Tomato_Early_blight_leaf,0.9999998807907104,1,1.5219907760620117,11.104683876037598,0.21196365356445312,12.842472076416016
dataset/test/Tomato_Early_blight_leaf/IMG_20251102_160055_aug_18aug54.jpg,Tomato_Early_blight_leaf,Tomato_Early_blight_leaf,0.9999996423721313,1,1.434342384338379,11.116978645324707,0.21040916442871094,12.765193939208984
dataset/test/Tomato_Early_blight_leaf/IMG_20251102_160055_aug_19aug52.jpg,Tomato_Early_blight_leaf,Tomato_Early_blight_leaf,0.9999979734420776,1,1.4775638580322266,11.105998992919922,0.21231555938720703,12.799583435058594
dataset/test/Tomato_Early_blight_leaf/IMG_20251102_160055aug3.jpg,Tomato_Early_blight_leaf,Tomato_Early_blight_leaf,0.9999998807907104,1,1.4777517318725586,11.248906135559082,0.19890785217285156,12.928935050964355
dataset/test/Tomato_Early_blight_leaf/IMG_20251102_160217_aug_75aug82.jpg,Tomato_Early_blight_leaf,Tomato_Early_blight_leaf,0.9999998807907104,1,1.4845104217529297,11.03249740600586,0.2124652862548828,12.732767105102539
dataset/test/Tomato_Early_blight_leaf/IMG_20251102_160217_aug_76aug83.jpg,Tomato_Early_blight_leaf,Tomato_Early_blight_leaf,0.9999985694885254,1,1.5115652084350586,8.045978546142578,0.1686115264892578,9.729082107543945
dataset/test/Tomato_Early_blight_leaf/IMG_20251102_160217_aug_77aug90.jpg,Tomato_Early_blight_leaf,Tomato_Early_blight_leaf,0.999998927116394,1,1.1012287139892578,8.021347999572754,0.1658344268798828,9.29093074798584
dataset/test/Tomato_Early_blight_leaf/IMG_20251102_160217_aug_78aug81.jpg,Tomato_Early_blight_leaf,Tomato_Early_blight_leaf,1.0,1,1.0915813446044922,8.03933048248291,0.15909290313720703,9.292430877685547
dataset/test/Tomato_Early_blight_leaf/IMG_20251102_160217_aug_79aug86.jpg,Tomato_Early_blight_leaf,Tomato_Early_blight_leaf,0.9999998807907104,1,1.1114320755004883,7.879273414611816,0.18474197387695312,9.17822551727295
dataset/test/Tomato_Early_blight_leaf/IMG_20251102_160217aug15.jpg,Tomato_Early_blight_leaf,Tomato_Early_blight_leaf,0.9999996423721313,1,1.0843219757080078,7.837180137634277,0.16872310638427734,9.093003273010254
dataset/test/Tomato_Early_blight_leaf/IMG_20251102_160523_aug_50aug114.jpg,Tomato_Early_blight_leaf,Tomato_Early_blight_leaf,0.99837327003479,1,1.145914077758789,7.9324951171875,0.16879749298095703,9.250207901000977
dataset/test/Tomato_Early_blight_leaf/IMG_20251102_160523_aug_51aug111.jpg,Tomato_Early_blight_leaf,Tomato_Early_blight_leaf,0.9995237588882446,1,1.1586542129516602,8.000458717346191,0.1695556640625,9.331319808959961
dataset/test/Tomato_Early_blight_leaf/IMG_20251102_160523_aug_52aug112.jpg,Tomato_Early_blight_leaf,Tomato_mold_leaf,0.5741563439369202,0,1.1913776397705078,7.9763288497924805,0.16872406005859375,9.338579177856445
dataset/test/Tomato_Early_blight_leaf/IMG_20251102_160523_aug_53aug115.jpg,Tomato_Early_blight_leaf,Tomato_Early_blight_leaf,0.9952765703201294,1,1.148712158203125,8.064552307128906,0.16761207580566406,9.383968353271484
dataset/test/Tomato_Early_blight_leaf/IMG_20251102_160523_aug_54aug113.jpg,Tomato_Early_blight_leaf,Tomato_Early_blight_leaf,0.993901252746582,1,1.185988426208496,8.01375675201416,0.16753768920898438,9.37030029296875
dataset/test/Tomato_Early_blight_leaf/IMG_20251102_160523aug10.jpg,Tomato_Early_blight_leaf,Tomato_Early_blight_leaf,0.9973796606063843,1,1.1321372985839844,7.994440078735352,0.16674137115478516,9.296246528625488
dataset/test/Tomato_Early_blight_leaf/IMG_20251102_161202_aug_45aug118.jpg,Tomato_Early_blight_leaf,Tomato_Early_blight_leaf,0.9829383492469788,1,1.1773405075073242,8.145720481872559,0.1701498031616211,9.496171951293945
dataset/test/Tomato_Early_blight_leaf/IMG_20251102_161202_aug_46aug116.jpg,Tomato_Early_blight_leaf,Tomato_Early_blight_leaf,0.9829383492469788,1,1.2114887237548828,8.078033447265625,0.17187118530273438,9.464986801147461
dataset/test/Tomato_Early_blight_leaf/IMG_20251102_161202_aug_47aug117.jpg,Tomato_Early_blight_leaf,Tomato_Early_blight_leaf,0.9958679676055908,1,1.266434669494629,8.199256896972656,0.16948318481445312,9.637896537780762
dataset/test/Tomato_Early_blight_leaf/IMG_20251102_161202_aug_48aug30.jpg,Tomato_Early_blight_leaf,Tomato_Early_blight_leaf,0.9821107983589172,1,1.2120819091796875,8.253941535949707,0.17079734802246094,9.639599800109863
dataset/test/Tomato_Early_blight_leaf/IMG_20251102_161202_aug_49aug119.jpg,Tomato_Early_blight_leaf,Tomato_Early_blight_leaf,0.9812361001968384,1,1.1940269470214844,8.270015716552734,0.17140865325927734,9.638025283813477
dataset/test/Tomato_Early_blight_leaf/IMG_20251102_161202aug9.jpg,Tomato_Early_blight_leaf,Tomato_Early_blight_leaf,0.9882652759552002,1,1.1847295761108398,8.24496078491211,0.17142772674560547,9.603876113891602
dataset/test/Tomato_Early_blight_leaf/early_blight_jpg.rf.1091c0a2a9a3da5b9ad688c89298614c_aug_80aug87.jpg,Tomato_Early_blight_leaf,Tomato_Early_blight_leaf,0.9999983310699463,1,1.177267074584961,8.297018051147461,0.17088985443115234,9.647618293762207
dataset/test/Tomato_Early_blight_leaf/early_blight_jpg.rf.1091c0a2a9a3da5b9ad688c89298614c_aug_81aug84.jpg,Tomato_Early_blight_leaf,Tomato_Early_blight_leaf,0.9999806880950928,1,1.125748634338379,8.377664566040039,0.17035293579101562,9.676525115966797
dataset/test/Tomato_Early_blight_leaf/early_blight_jpg.rf.1091c0a2a9a3da5b9ad688c89298614c_aug_82aug89.jpg,Tomato_Early_blight_leaf,Tomato_Early_blight_leaf,0.999566376209259,1,1.1878776550292969,8.310757637023926,0.17064857482910156,9.672266006469727
dataset/test/Tomato_Early_blight_leaf/early_blight_jpg.rf.1091c0a2a9a3da5b9ad688c89298614c_aug_83aug85.jpg,Tomato_Early_blight_leaf,Tomato_Early_blight_leaf,0.9991021156311035,1,1.2647857666015625,8.279960632324219,0.17279624938964844,9.720415115356445
dataset/test/Tomato_Early_blight_leaf/early_blight_jpg.rf.1091c0a2a9a3da5b9ad688c89298614c_aug_84aug88.jpg,Tomato_Early_blight_leaf,Tomato_Early_blight_leaf,0.9969915151596069,1,1.1658964157104492,8.295608520507812,0.22063064575195312,9.684877395629883
dataset/test/Tomato_Early_blight_leaf/early_blight_jpg.rf.1091c0a2a9a3da5b9ad688c89298614caug16.jpg,Tomato_Early_blight_leaf,Tomato_Early_blight_leaf,0.9740297198295593,1,1.2372493743896484,8.950000762939453,0.16931629180908203,10.359103202819824
dataset/test/Tomato_Healthy_leaf/20140818-tomato-sauce-vicky-wasik-1_jpg.rf.d3d9b4a0642e72ba76b40dbdfff8b9f7_aug_6aug50.jpg,Tomato_Healthy_leaf,Tomato_Healthy_leaf,0.9999998807907104,1,1.0920991897583008,8.147441864013672,0.17070484161376953,9.412967681884766
dataset/test/Tomato_Healthy_leaf/20140818-tomato-sauce-vicky-wasik-1_jpg.rf.d3d9b4a0642e72ba76b40dbdfff8b9f7_aug_7aug56.jpg,Tomato_Healthy_leaf,Tomato_Healthy_leaf,0.9999998807907104,1,1.1150436401367188,9.535691261291504,0.16992759704589844,10.82310676574707
dataset/test/Tomato_Healthy_leaf/20140818-tomato-sauce-vicky-wasik-1_jpg.rf.d3d9b4a0642e72ba76b40dbdfff8b9f7aug3.jpg,Tomato_Healthy_leaf,Tomato_Healthy_leaf,0.9999998807907104,1,1.0979337692260742,8.22786808013916,0.17435264587402344,9.503395080566406
dataset/test/Tomato_Healthy_leaf/2015-09-17-01_aug_20aug110.jpg,Tomato_Healthy_leaf,Tomato_Healthy_leaf,0.992056667804718,1,1.1428594589233398,19.811795234680176,0.1744089126586914,21.131582260131836
dataset/test/Tomato_Healthy_leaf/2015-09-17-01_aug_21aug114.jpg,Tomato_Healthy_leaf,Tomato_Healthy_leaf,0.9997897744178772,1,1.1228046417236328,12.90904712677002,0.17296409606933594,14.207574844360352
dataset/test/Tomato_Healthy_leaf/2015-09-17-01aug10.jpg,Tomato_Healthy_leaf,Tomato_Healthy_leaf,0.999487042427063,1,1.168914794921875,8.338536262512207,0.1725749969482422,9.683099746704102
dataset/test/Tomato_Healthy_leaf/Basil_2Binfected_2Bby_2BTomato_2BSpotted_2BWilt_2BVirus_aug_2aug59.jpg,Tomato_Healthy_leaf,Tomato_mold_leaf,0.9840406179428101,0,1.1034698486328125,8.175774574279785,0.17213153839111328,9.453968048095703
dataset/test/Tomato_Healthy_leaf/Basil_2Binfected_2Bby_2BTomato_2BSpotted_2BWilt_2BVirus_aug_3aug51.jpg,Tomato_Healthy_leaf,Tomato_mold_leaf,0.9859381318092346,0,1.0956554412841797,8.306960105895996,0.17461109161376953,9.580340385437012
dataset/test/Tomato_Healthy_leaf/Basil_2Binfected_2Bby_2BTomato_2BSpotted_2BWilt_2BVirusaug1.jpg,Tomato_Healthy_leaf,Tomato_mold_leaf,0.9860833287239075,0,1.1200265884399414,8.279332160949707,0.17287158966064453,9.574838638305664
dataset/test/Tomato_Healthy_leaf/Fig-2_aug_22aug102.jpg,Tomato_Healthy_leaf,Tomato_leaf_late_blight,0.9988465309143066,0,1.1290616989135742,8.463054656982422,0.16948223114013672,9.764249801635742
dataset/test/Tomato_Healthy_leaf/Fig-2_aug_23aug90.jpg,Tomato_Healthy_leaf,Tomato_leaf_late_blight,0.9372757077217102,0,1.185471534729004,8.52837085723877,0.17185401916503906,9.888322830200195
dataset/test/Tomato_Healthy_leaf/Fig-2aug11.jpg,Tomato_Healthy_leaf,Tomato_leaf_late_blight,0.9703373312950134,0,1.1275253295898438,13.947404861450195,0.17581558227539062,15.253135681152344
dataset/test/Tomato_Healthy_leaf/HL_(103)aug39.jpg,Tomato_Healthy_leaf,Tomato_Healthy_leaf,0.9999988079071045,1,1.1450252532958984,8.398628234863281,0.17515087127685547,9.721525192260742
dataset/test/Tomato_Healthy_leaf/HL_(118)_aug_38aug103.jpg,Tomato_Healthy_leaf,Tomato_Healthy_leaf,1.0,1,1.127284049987793,8.379385948181152,0.1720752716064453,9.681469917297363
dataset/test/Tomato_Healthy_leaf/HL_(118)_aug_39aug104.jpg,Tomato_Healthy_leaf,Tomato_Healthy_leaf,1.0,1,1.129359245300293,8.425591468811035,0.17401885986328125,9.732617378234863
dataset/test/Tomato_Healthy_leaf/HL_(118)aug19.jpg,Tomato_Healthy_leaf,Tomato_Healthy_leaf,1.0,1,1.12591552734375,8.842686653137207,0.20501995086669922,10.177122116088867
dataset/test/Tomato_Healthy_leaf/HL_(165)_aug_28aug105.jpg,Tomato_Healthy_leaf,Tomato_Healthy_leaf,0.9999691247940063,1,1.2600269317626953,8.455869674682617,0.1738901138305664,9.892563819885254
dataset/test/Tomato_Healthy_leaf/HL_(165)_aug_29aug91.jpg,Tomato_Healthy_leaf,Tomato_Healthy_leaf,0.9999570846557617,1,1.1489152908325195,8.281516075134277,0.1913909912109375,9.624784469604492
dataset/test/Tomato_Healthy_leaf/HL_(165)aug14.jpg,Tomato_Healthy_leaf,Tomato_Healthy_leaf,0.9997881054878235,1,1.7078819274902344,8.756315231323242,0.17714977264404297,10.644180297851562
dataset/test/Tomato_Healthy_leaf/HL_(61)_aug_50aug83.jpg,Tomato_Healthy_leaf,Tomato_mold_leaf,0.3845284581184387,0,1.3019161224365234,8.398701667785645,0.17494487762451172,9.878729820251465
dataset/test/Tomato_Healthy_leaf/HL_(61)_aug_51aug76.jpg,Tomato_Healthy_leaf,Tomato_Healthy_leaf,0.9894416332244873,1,1.1223974227905273,8.711981773376465,0.17481613159179688,10.012045860290527
dataset/test/Tomato_Healthy_leaf/HL_(61)aug25.jpg,Tomato_Healthy_leaf,Tomato_Healthy_leaf,0.9665874242782593,1,1.114877700805664,8.723555564880371,0.17340850830078125,10.014602661132812
dataset/test/Tomato_Healthy_leaf/HL_(62)aug36.jpg,Tomato_Healthy_leaf,Tomato_Healthy_leaf,0.9999899864196777,1,1.159804344177246,8.212738037109375,0.17446613311767578,9.550209999084473
dataset/test/Tomato_Healthy_leaf/IMG_20251102_161618_aug_58aug71.jpg,Tomato_Healthy_leaf,Tomato_Healthy_leaf,0.9992926120758057,1,1.1753778457641602,8.996188163757324,0.17676067352294922,10.35151195526123
dataset/test/Tomato_Healthy_leaf/IMG_20251102_161618_aug_59aug63.jpg,Tomato_Healthy_leaf,Tomato_Healthy_leaf,0.9995452761650085,1,1.2136564254760742,8.390423774719238,0.17533493041992188,9.782286643981934
dataset/test/Tomato_Healthy_leaf/IMG_20251102_161618aug29.jpg,Tomato_Healthy_leaf,Tomato_Healthy_leaf,0.986967146396637,1,1.2113418579101562,8.269572257995605,0.21542739868164062,9.698784828186035
dataset/test/Tomato_Healthy_leaf/IMG_20251102_161625aug44.jpg,Tomato_Healthy_leaf,Tomato_Healthy_leaf,0.9999938011169434,1,1.2361946105957031,8.320201873779297,0.17633342742919922,9.73556137084961
dataset/test/Tomato_Healthy_leaf/IMG_20251102_161629_aug_10aug115.jpg,Tomato_Healthy_leaf,Tomato_Healthy_leaf,0.9999994039535522,1,1.1989526748657227,8.251923561096191,0.18577861785888672,9.639321327209473
dataset/test/Tomato_Healthy_leaf/IMG_20251102_161629_aug_11aug109.jpg,Tomato_Healthy_leaf,Tomato_Healthy_leaf,0.9999922513961792,1,1.1747112274169922,8.152422904968262,0.18598270416259766,9.51570987701416
dataset/test/Tomato_Healthy_leaf/IMG_20251102_161629aug5.jpg,Tomato_Healthy_leaf,Tomato_Healthy_leaf,0.9999996423721313,1,1.2494897842407227,8.178738594055176,0.17374229431152344,9.604765892028809
dataset/test/Tomato_Healthy_leaf/IMG_20251102_161652aug43.jpg,Tomato_Healthy_leaf,Tomato_Healthy_leaf,1.0,1,1.3220462799072266,8.461053848266602,0.17272377014160156,9.958452224731445
dataset/test/Tomato_Healthy_leaf/IMG_20251102_161826_aug_60aug68.jpg,Tomato_Healthy_leaf,Tomato_Healthy_leaf,0.9995676875114441,1,1.2088775634765625,8.332683563232422,0.1726665496826172,9.7170991897583
dataset/test/Tomato_Healthy_leaf/IMG_20251102_161826_aug_61aug62.jpg,Tomato_Healthy_leaf,Tomato_Healthy_leaf,0.9998612403869629,1,1.172842025756836,8.30225658416748,0.17151832580566406,9.649229049682617
dataset/test/Tomato_Healthy_leaf/IMG_20251102_161826aug30.jpg,Tomato_Healthy_leaf,Tomato_Healthy_leaf,0.999924898147583,1,1.2493038177490234,8.267923355102539,0.17294597625732422,9.693063735961914
dataset/test/Tomato_Healthy_leaf/IMG_20251102_161850_aug_56aug74.jpg,Tomato_Healthy_leaf,Tomato_Healthy_leaf,0.9663913249969482,1,1.1681556701660156,8.368388175964355,0.17187023162841797,9.711878776550293
dataset/test/Tomato_Healthy_leaf/IMG_20251102_161850_aug_57aug72.jpg,Tomato_Healthy_leaf,Tomato_Healthy_leaf,0.9923575520515442,1,1.1617670059204102,8.277090072631836,0.17159175872802734,9.613137245178223
dataset/test/Tomato_Healthy_leaf/IMG_20251102_161850aug28.jpg,Tomato_Healthy_leaf,Tomato_Healthy_leaf,0.9947469830513,1,1.1426544189453125,8.26034927368164,0.17211341857910156,9.578192710876465
dataset/test/Tomato_Healthy_leaf/IMG_20251102_161859aug38.jpg,Tomato_Healthy_leaf,Tomato_Healthy_leaf,0.9999973773956299,1,1.1606731414794922,8.440961837768555,0.21126079559326172,9.815155029296875
dataset/test/Tomato_Healthy_leaf/IMG_20251102_161935_aug_4aug55.jpg,Tomato_Healthy_leaf,Tomato_Healthy_leaf,0.9999992847442627,1,1.1415996551513672,8.46150016784668,0.1712055206298828,9.777193069458008
dataset/test/Tomato_Healthy_leaf/IMG_20251102_161935_aug_5aug53.jpg,Tomato_Healthy_leaf,Tomato_Healthy_leaf,0.9999995231628418,1,1.1466007232666016,8.454184532165527,0.17222309112548828,9.775766372680664
dataset/test/Tomato_Healthy_leaf/IMG_20251102_161935aug2.jpg,Tomato_Healthy_leaf,Tomato_Healthy_leaf,0.9999997615814209,1,1.1868782043457031,8.549610137939453,0.1719827651977539,9.910804748535156
dataset/test/Tomato_Healthy_leaf/IMG_20251102_162037aug45.jpg,Tomato_Healthy_leaf,Tomato_Healthy_leaf,0.9978200197219849,1,1.1846561431884766,8.351700782775879,0.16887187957763672,9.707914352416992
dataset/test/Tomato_Healthy_leaf/h100_lower_aug_54aug73.jpg,Tomato_Healthy_leaf,Tomato_Healthy_leaf,0.9999462366104126,1,1.194157600402832,8.502813339233398,0.16394615173339844,9.863231658935547
dataset/test/Tomato_Healthy_leaf/h100_lower_aug_55aug75.jpg,Tomato_Healthy_leaf,Tomato_Healthy_leaf,0.9993756413459778,1,1.122711181640625,8.320091247558594,0.19816875457763672,9.64432144165039
dataset/test/Tomato_Healthy_leaf/h100_loweraug27.jpg,Tomato_Healthy_leaf,Tomato_Healthy_leaf,0.9999725818634033,1,1.2763605117797852,8.39047908782959,0.18040752410888672,9.84998893737793
dataset/test/Tomato_Healthy_leaf/h101_aug_18aug119.jpg,Tomato_Healthy_leaf,Tomato_Healthy_leaf,0.9999641180038452,1,1.163248062133789,8.25609016418457,0.17159366607666016,9.593894958496094
dataset/test/Tomato_Healthy_leaf/h101_aug_19aug116.jpg,Tomato_Healthy_leaf,Tomato_Healthy_leaf,0.9994176626205444,1,1.2614336013793945,8.362128257751465,0.2074451446533203,9.834582328796387
dataset/test/Tomato_Healthy_leaf/h101aug9.jpg,Tomato_Healthy_leaf,Tomato_Healthy_leaf,0.9999706745147705,1,1.153285026550293,8.425925254821777,0.20918655395507812,9.791210174560547
dataset/test/Tomato_Healthy_leaf/h103_aug_42aug82.jpg,Tomato_Healthy_leaf,Tomato_Healthy_leaf,0.9999717473983765,1,1.4949541091918945,10.947737693786621,0.21438980102539062,12.66043472290039
dataset/test/Tomato_Healthy_leaf/h103_aug_43aug77.jpg,Tomato_Healthy_leaf,Tomato_Healthy_leaf,0.9999679327011108,1,1.576028823852539,11.114441871643066,0.20618534088134766,12.90002727508545
dataset/test/Tomato_Healthy_leaf/h103aug21.jpg,Tomato_Healthy_leaf,Tomato_Healthy_leaf,0.9999697208404541,1,1.650604248046875,11.100200653076172,0.2108163833618164,12.965306282043457
dataset/test/Tomato_Healthy_leaf/h1_change_90_aug_12aug118.jpg,Tomato_Healthy_leaf,Tomato_Healthy_leaf,0.9999960660934448,1,1.49908447265625,11.338277816772461,0.21692657470703125,13.057621002197266
dataset/test/Tomato_Healthy_leaf/h1_change_90_aug_13aug108.jpg,Tomato_Healthy_leaf,Tomato_Healthy_leaf,1.0,1,1.5018625259399414,11.132554054260254,0.21442699432373047,12.85206413269043
dataset/test/Tomato_Healthy_leaf/h1_change_90aug6.jpg,Tomato_Healthy_leaf,Tomato_Healthy_leaf,0.9999998807907104,1,1.4924163818359375,11.200201988220215,0.21203899383544922,12.907787322998047
dataset/test/Tomato_Healthy_leaf/h39_change_270aug48.jpg,Tomato_Healthy_leaf,Tomato_Healthy_leaf,0.9999939203262329,1,1.5347881317138672,11.119404792785645,0.2108154296875,12.86832332611084
dataset/test/Tomato_Healthy_leaf/h39_hight_aug_40aug96.jpg,Tomato_Healthy_leaf,Tomato_Healthy_leaf,0.9999074935913086,1,1.47039794921875,10.78882884979248,0.16829872131347656,12.430635452270508
dataset/test/Tomato_Healthy_leaf/h39_hight_aug_41aug98.jpg,Tomato_Healthy_leaf,Tomato_Healthy_leaf,0.9999970197677612,1,1.1131181716918945,8.207108497619629,0.16935348510742188,9.492172241210938
dataset/test/Tomato_Healthy_leaf/h39_hightaug20.jpg,Tomato_Healthy_leaf,Tomato_Healthy_leaf,0.9999915361404419,1,1.1123781204223633,8.147645950317383,0.1687602996826172,9.431782722473145
dataset/test/Tomato_Healthy_leaf/h39_lower_aug_30aug95.jpg,Tomato_Healthy_leaf,Tomato_Healthy_leaf,0.9999998807907104,1,1.1575632095336914,8.27951717376709,0.17170429229736328,9.611432075500488
dataset/test/Tomato_Healthy_leaf/h39_lower_aug_31aug89.jpg,Tomato_Healthy_leaf,Tomato_Healthy_leaf,0.9998329877853394,1,1.1260805130004883,8.310887336730957,0.1710186004638672,9.610968589782715
dataset/test/Tomato_Healthy_leaf/h39_loweraug15.jpg,Tomato_Healthy_leaf,Tomato_Healthy_leaf,0.9993610978126526,1,1.1585073471069336,8.141737937927246,0.15459346771240234,9.457191467285156
dataset/test/Tomato_Healthy_leaf/h3_aug_8aug57.jpg,Tomato_Healthy_leaf,Tomato_Healthy_leaf,0.9999986886978149,1,1.072636604309082,8.025052070617676,0.17142581939697266,9.272245407104492
dataset/test/Tomato_Healthy_leaf/h3_aug_9aug54.jpg,Tomato_Healthy_leaf,Tomato_Healthy_leaf,0.9999998807907104,1,1.287266731262207,8.058293342590332,0.17303752899169922,9.521488189697266
dataset/test/Tomato_Healthy_leaf/h3_mirror_aug_52aug84.jpg,Tomato_Healthy_leaf,Tomato_Healthy_leaf,0.9999994039535522,1,1.1392297744750977,8.071810722351074,0.16857433319091797,9.38280200958252
dataset/test/Tomato_Healthy_leaf/h3_mirror_aug_53aug80.jpg,Tomato_Healthy_leaf,Tomato_Healthy_leaf,0.9999899864196777,1,1.1009149551391602,8.169238090515137,0.16918659210205078,9.441930770874023
dataset/test/Tomato_Healthy_leaf/h3_mirroraug26.jpg,Tomato_Healthy_leaf,Tomato_Healthy_leaf,0.9999995231628418,1,1.0940990447998047,8.102571487426758,0.1702413558959961,9.369671821594238
dataset/test/Tomato_Healthy_leaf/h3aug4.jpg,Tomato_Healthy_leaf,Tomato_Healthy_leaf,0.9999955892562866,1,1.155989646911621,8.232904434204102,0.1702594757080078,9.561803817749023
dataset/test/Tomato_Healthy_leaf/h45_mirror_verticalaug42.jpg,Tomato_Healthy_leaf,Tomato_Healthy_leaf,1.0,1,1.133932113647461,9.076632499694824,0.17055702209472656,10.383845329284668
dataset/test/Tomato_Healthy_leaf/h49_change_90aug49.jpg,Tomato_Healthy_leaf,Tomato_Healthy_leaf,0.9999994039535522,1,1.1635818481445312,8.721353530883789,0.1695556640625,10.057194709777832
dataset/test/Tomato_Healthy_leaf/h50_hight_aug_68aug69.jpg,Tomato_Healthy_leaf,Tomato_Healthy_leaf,0.9908278584480286,1,1.083876609802246,8.251219749450684,0.17116832733154297,9.509376525878906
dataset/test/Tomato_Healthy_leaf/h50_hight_aug_69aug61.jpg,Tomato_Healthy_leaf,Tomato_mold_leaf,0.6308891773223877,0,1.1474695205688477,8.432202339172363,0.1730203628540039,9.7550630569458
dataset/test/Tomato_Healthy_leaf/h50_hightaug34.jpg,Tomato_Healthy_leaf,Tomato_Healthy_leaf,0.9953045845031738,1,1.0831003189086914,8.290053367614746,0.17185211181640625,9.548025131225586
dataset/test/Tomato_Healthy_leaf/h50_lower_aug_66aug65.jpg,Tomato_Healthy_leaf,Tomato_Healthy_leaf,0.9996398687362671,1,1.105635643005371,8.247053146362305,0.1709270477294922,9.526451110839844
dataset/test/Tomato_Healthy_leaf/h50_lower_aug_67aug70.jpg,Tomato_Healthy_leaf,Tomato_Healthy_leaf,0.9989917874336243,1,1.1535816192626953,8.186775207519531,0.17116737365722656,9.51409912109375
dataset/test/Tomato_Healthy_leaf/h50_loweraug33.jpg,Tomato_Healthy_leaf,Tomato_Healthy_leaf,0.9997414946556091,1,1.105804443359375,8.278608322143555,0.16959285736083984,9.556617736816406
dataset/test/Tomato_Healthy_leaf/h50_mirror_vertical_aug_24aug111.jpg,Tomato_Healthy_leaf,Tomato_Healthy_leaf,0.9999978542327881,1,1.087265968322754,8.29971981048584,0.16722393035888672,9.556710243225098
dataset/test/Tomato_Healthy_leaf/h50_mirror_vertical_aug_25aug100.jpg,Tomato_Healthy_leaf,Tomato_Healthy_leaf,0.9999988079071045,1,1.1068220138549805,8.355443000793457,0.16579723358154297,9.630450248718262
dataset/test/Tomato_Healthy_leaf/h50_mirror_verticalaug12.jpg,Tomato_Healthy_leaf,Tomato_Healthy_leaf,0.9999773502349854,1,1.1117668151855469,8.234792709350586,0.18631553649902344,9.53530216217041
dataset/test/Tomato_Healthy_leaf/h50aug37.jpg,Tomato_Healthy_leaf,Tomato_Healthy_leaf,0.9999978542327881,1,1.2203216552734375,8.348182678222656,0.1748523712158203,9.745898246765137
dataset/test/Tomato_Healthy_leaf/h5_mirroraug41.jpg,Tomato_Healthy_leaf,Tomato_Healthy_leaf,1.0,1,1.1311006546020508,8.226776123046875,0.1725931167602539,9.533247947692871
dataset/test/Tomato_Healthy_leaf/h65_mirror_vertical_aug_26aug97.jpg,Tomato_Healthy_leaf,Tomato_Healthy_leaf,0.9958590865135193,1,1.195267677307129,8.330073356628418,0.17087173461914062,9.698858261108398
dataset/test/Tomato_Healthy_leaf/h65_mirror_vertical_aug_27aug106.jpg,Tomato_Healthy_leaf,Tomato_Healthy_leaf,0.9997859597206116,1,1.1196184158325195,8.421517372131348,0.17194461822509766,9.716156005859375
dataset/test/Tomato_Healthy_leaf/h65_mirror_verticalaug13.jpg,Tomato_Healthy_leaf,Tomato_Healthy_leaf,0.9999866485595703,1,1.1345434188842773,8.47514820098877,0.2101879119873047,9.82276725769043
dataset/test/Tomato_Healthy_leaf/h71_mirror_aug_62aug66.jpg,Tomato_Healthy_leaf,Tomato_Healthy_leaf,0.9999988079071045,1,1.1351556777954102,8.461813926696777,0.17290782928466797,9.77291488647461
dataset/test/Tomato_Healthy_leaf/h71_mirror_aug_63aug67.jpg,Tomato_Healthy_leaf,Tomato_Healthy_leaf,0.9999991655349731,1,1.150303840637207,8.41027545928955,0.17213058471679688,9.73550796508789
dataset/test/Tomato_Healthy_leaf/h71_mirroraug31.jpg,Tomato_Healthy_leaf,Tomato_Healthy_leaf,0.9999994039535522,1,1.1669702529907227,8.306998252868652,0.17227840423583984,9.649024963378906
dataset/test/Tomato_Healthy_leaf/h76_hight_aug_34aug88.jpg,Tomato_Healthy_leaf,Tomato_Healthy_leaf,0.9999998807907104,1,1.128988265991211,8.657185554504395,0.16977691650390625,9.958879470825195
dataset/test/Tomato_Healthy_leaf/h76_hight_aug_35aug93.jpg,Tomato_Healthy_leaf,Tomato_Healthy_leaf,0.9999343156814575,1,1.1711750030517578,8.470369338989258,0.1702423095703125,9.8146390914917
dataset/test/Tomato_Healthy_leaf/h76_hightaug17.jpg,Tomato_Healthy_leaf,Tomato_Healthy_leaf,0.9999639987945557,1,1.146413803100586,8.517147064208984,0.17070484161376953,9.837063789367676
dataset/test/Tomato_Healthy_leaf/h78_change_270_aug_36aug94.jpg,Tomato_Healthy_leaf,Tomato_Healthy_leaf,0.9999706745147705,1,1.148026466369629,8.342628479003906,0.1664276123046875,9.659950256347656
dataset/test/Tomato_Healthy_leaf/h78_change_270_aug_37aug99.jpg,Tomato_Healthy_leaf,Tomato_Healthy_leaf,0.9999972581863403,1,1.132120132446289,8.40805435180664,0.1609640121459961,9.703747749328613
dataset/test/Tomato_Healthy_leaf/h78_change_270aug18.jpg,Tomato_Healthy_leaf,Tomato_Healthy_leaf,0.9999973773956299,1,1.1051559448242188,8.246440887451172,0.1717052459716797,9.525895118713379
dataset/test/Tomato_Healthy_leaf/h7_lower_aug_44aug87.jpg,Tomato_Healthy_leaf,Tomato_Healthy_leaf,0.9996684789657593,1,1.3099517822265625,8.349794387817383,0.17244625091552734,9.834988594055176
dataset/test/Tomato_Healthy_leaf/h7_lower_aug_45aug79.jpg,Tomato_Healthy_leaf,Tomato_Healthy_leaf,0.999823272228241,1,1.1439523696899414,8.288813591003418,0.17083358764648438,9.606100082397461
dataset/test/Tomato_Healthy_leaf/h7_loweraug22.jpg,Tomato_Healthy_leaf,Tomato_Healthy_leaf,0.9998440742492676,1,1.2696189880371094,8.298775672912598,0.17964839935302734,9.751137733459473
dataset/test/Tomato_Healthy_leaf/h81_change_180_aug_16aug113.jpg,Tomato_Healthy_leaf,Tomato_Healthy_leaf,0.9999997615814209,1,1.133173942565918,8.416461944580078,0.17096424102783203,9.723247528076172
dataset/test/Tomato_Healthy_leaf/h81_change_180_aug_17aug117.jpg,Tomato_Healthy_leaf,Tomato_Healthy_leaf,1.0,1,1.2008237838745117,8.983280181884766,0.17342758178710938,10.360233306884766
dataset/test/Tomato_Healthy_leaf/h81_change_180aug8.jpg,Tomato_Healthy_leaf,Tomato_Healthy_leaf,0.9999997615814209,1,1.1972503662109375,8.400128364562988,0.17505741119384766,9.775008201599121
dataset/test/Tomato_Healthy_leaf/h84_mirroraug40.jpg,Tomato_Healthy_leaf,Tomato_Healthy_leaf,0.9999996423721313,1,1.2253217697143555,8.528461456298828,0.17209434509277344,9.928507804870605
dataset/test/Tomato_Healthy_leaf/h8_change_90aug35.jpg,Tomato_Healthy_leaf,Tomato_Healthy_leaf,0.9999983310699463,1,1.1569509506225586,9.207060813903809,0.170166015625,10.537123680114746
dataset/test/Tomato_Healthy_leaf/h95_mirror_verticalaug46.jpg,Tomato_Healthy_leaf,Tomato_Healthy_leaf,0.7669491171836853,1,1.201674461364746,8.81714916229248,0.1731119155883789,10.194751739501953
dataset/test/Tomato_Healthy_leaf/h96_change_270aug47.jpg,Tomato_Healthy_leaf,Tomato_Healthy_leaf,0.9997005462646484,1,1.1423225402832031,17.82561492919922,0.19072341918945312,19.161754608154297
dataset/test/Tomato_Healthy_leaf/h96_mirror_vertical_aug_14aug107.jpg,Tomato_Healthy_leaf,Tomato_Healthy_leaf,1.0,1,1.3434906005859375,13.341937065124512,0.17183494567871094,14.860077857971191
dataset/test/Tomato_Healthy_leaf/h96_mirror_vertical_aug_15aug112.jpg,Tomato_Healthy_leaf,Tomato_Healthy_leaf,0.9999998807907104,1,1.372267723083496,12.771600723266602,0.16751956939697266,14.314555168151855
dataset/test/Tomato_Healthy_leaf/h96_mirror_verticalaug7.jpg,Tomato_Healthy_leaf,Tomato_Healthy_leaf,1.0,1,1.1360998153686523,8.407201766967773,0.16559410095214844,9.711617469787598
dataset/test/Tomato_Healthy_leaf/h99_hight_aug_32aug92.jpg,Tomato_Healthy_leaf,Tomato_Healthy_leaf,0.999988317489624,1,1.1864519119262695,8.415812492370605,0.1626129150390625,9.767377853393555
dataset/test/Tomato_Healthy_leaf/h99_hight_aug_33aug101.jpg,Tomato_Healthy_leaf,Tomato_Healthy_leaf,0.9999978542327881,1,1.1412115097045898,8.275664329528809,0.19457530975341797,9.615264892578125
dataset/test/Tomato_Healthy_leaf/h99_hightaug16.jpg,Tomato_Healthy_leaf,Tomato_Healthy_leaf,0.9999123811721802,1,1.2648963928222656,8.453831672668457,0.1712055206298828,9.892915725708008
dataset/test/Tomato_Healthy_leaf/h99_lower_aug_46aug78.jpg,Tomato_Healthy_leaf,Tomato_Healthy_leaf,0.9999933242797852,1,1.1749334335327148,8.320941925048828,0.17244625091552734,9.671136856079102
dataset/test/Tomato_Healthy_leaf/h99_lower_aug_47aug81.jpg,Tomato_Healthy_leaf,Tomato_Healthy_leaf,0.9999997615814209,1,1.2358980178833008,8.282851219177246,0.1757974624633789,9.697321891784668
dataset/test/Tomato_Healthy_leaf/h99_loweraug23.jpg,Tomato_Healthy_leaf,Tomato_Healthy_leaf,0.9999513626098633,1,1.1819515228271484,8.37016487121582,0.173797607421875,9.728803634643555
dataset/test/Tomato_Healthy_leaf/h9_change_180_aug_48aug86.jpg,Tomato_Healthy_leaf,Tomato_Healthy_leaf,1.0,1,1.1484146118164062,8.304220199584961,0.17329883575439453,9.628543853759766
dataset/test/Tomato_Healthy_leaf/h9_change_180_aug_49aug85.jpg,Tomato_Healthy_leaf,Tomato_Healthy_leaf,1.0,1,1.1960811614990234,8.62592601776123,0.17333316802978516,9.998601913452148
dataset/test/Tomato_Healthy_leaf/h9_change_180aug24.jpg,Tomato_Healthy_leaf,Tomato_Healthy_leaf,0.9999998807907104,1,1.1447477340698242,8.414313316345215,0.17229747772216797,9.733841896057129
dataset/test/Tomato_Healthy_leaf/russian-2-319-dt-2010-leaves-high-tunnel-9-29-2014-c_jpg.rf.7ef5d3901dbeaf27776a27bfc8197b72_aug_0aug52.jpg,Tomato_Healthy_leaf,Tomato_Healthy_leaf,0.9969305396080017,1,1.2616004943847656,8.593574523925781,0.17109298706054688,10.029046058654785
dataset/test/Tomato_Healthy_leaf/russian-2-319-dt-2010-leaves-high-tunnel-9-29-2014-c_jpg.rf.7ef5d3901dbeaf27776a27bfc8197b72_aug_1aug58.jpg,Tomato_Healthy_leaf,Tomato_Healthy_leaf,0.9988366961479187,1,1.2493219375610352,8.29975700378418,0.17031574249267578,9.722471237182617
dataset/test/Tomato_Healthy_leaf/russian-2-319-dt-2010-leaves-high-tunnel-9-29-2014-c_jpg.rf.7ef5d3901dbeaf27776a27bfc8197b72aug0.jpg,Tomato_Healthy_leaf,Tomato_Healthy_leaf,0.99919193983078,1,1.245305061340332,8.474016189575195,0.17222309112548828,9.894211769104004
dataset/test/Tomato_Healthy_leaf/unnamed_aug_64aug64.jpg,Tomato_Healthy_leaf,Tomato_Healthy_leaf,0.9997847676277161,1,1.1188220977783203,8.56820297241211,0.17170429229736328,9.861416816711426
dataset/test/Tomato_Healthy_leaf/unnamed_aug_65aug60.jpg,Tomato_Healthy_leaf,Tomato_Healthy_leaf,0.999546468257904,1,1.2045068740844727,8.350071907043457,0.17314910888671875,9.73089599609375
dataset/test/Tomato_Healthy_leaf/unnamedaug32.jpg,Tomato_Healthy_leaf,Tomato_Healthy_leaf,0.9998877048492432,1,1.1237668991088867,8.337108612060547,0.17159461975097656,9.635358810424805
dataset/test/Tomato_Septoria_leaf_spot/1723454507354_aug_44aug83.jpg,Tomato_Septoria_leaf_spot,Tomato_Septoria_leaf_spot,0.9957787990570068,1,1.1482114791870117,8.65268611907959,0.17174243927001953,9.975805282592773
dataset/test/Tomato_Septoria_leaf_spot/1723454507354_aug_45aug80.jpg,Tomato_Septoria_leaf_spot,Tomato_Septoria_leaf_spot,0.9900979399681091,1,1.109450340270996,8.503795623779297,0.17088890075683594,9.786766052246094
dataset/test/Tomato_Septoria_leaf_spot/1723454507354aug22.jpg,Tomato_Septoria_leaf_spot,Tomato_Septoria_leaf_spot,0.9996373653411865,1,1.1303033828735352,9.230466842651367,0.16874122619628906,10.532493591308594
dataset/test/Tomato_Septoria_leaf_spot/1723454507465_aug_58aug67.jpg,Tomato_Septoria_leaf_spot,Tomato_Septoria_leaf_spot,0.9971140623092651,1,1.126119613647461,8.355794906616211,0.1783161163330078,9.66321086883545
dataset/test/Tomato_Septoria_leaf_spot/1723454507465_aug_59aug66.jpg,Tomato_Septoria_leaf_spot,Tomato_Septoria_leaf_spot,0.9969848990440369,1,1.169952392578125,8.260811805725098,0.20337200164794922,9.63737678527832
dataset/test/Tomato_Septoria_leaf_spot/1723454507465aug29.jpg,Tomato_Septoria_leaf_spot,Tomato_Septoria_leaf_spot,0.8122512102127075,1,1.1424522399902344,10.982571601867676,0.21127891540527344,12.33950424194336
dataset/test/Tomato_Septoria_leaf_spot/5454635393351680.jpeg_aug_14aug115.jpg,Tomato_Septoria_leaf_spot,Tomato_Septoria_leaf_spot,0.9898155927658081,1,1.4911212921142578,11.16690444946289,0.2094268798828125,12.87108325958252
dataset/test/Tomato_Septoria_leaf_spot/5454635393351680.jpeg_aug_15aug46.jpg,Tomato_Septoria_leaf_spot,Tomato_leaf_late_blight,0.4584098160266876,0,1.4566764831542969,11.023571014404297,0.23320484161376953,12.71682357788086
dataset/test/Tomato_Septoria_leaf_spot/5454635393351680.jpegaug7.jpg,Tomato_Septoria_leaf_spot,Tomato_Septoria_leaf_spot,0.9666118025779724,1,1.4916963577270508,11.256351470947266,0.2119464874267578,12.96323299407959
dataset/test/Tomato_Septoria_leaf_spot/6134794031202304-600x272-jpeg_jpg.rf.5482c323fe160b26426628094ae3646baug42.jpg,Tomato_Septoria_leaf_spot,Tomato_Septoria_leaf_spot,0.9999984502792358,1,1.5518789291381836,11.093256950378418,0.20524215698242188,12.85378646850586
dataset/test/Tomato_Septoria_leaf_spot/66e7583ebe11cf0bd06435e4167bd4fdaug41.jpg,Tomato_Septoria_leaf_spot,Tomato_Septoria_leaf_spot,0.9999995231628418,1,1.5199356079101562,11.192296028137207,0.21377849578857422,12.929954528808594
dataset/test/Tomato_Septoria_leaf_spot/8_20mistakes_204_aug_72aug61.jpg,Tomato_Septoria_leaf_spot,Tomato_mold_leaf,0.7049925327301025,0,1.4663238525390625,11.031107902526855,0.20974159240722656,12.710396766662598
dataset/test/Tomato_Septoria_leaf_spot/8_20mistakes_204_aug_73aug62.jpg,Tomato_Septoria_leaf_spot,Tomato_mold_leaf,0.5793911814689636,0,1.4917516708374023,11.189647674560547,0.20894622802734375,12.89417552947998
dataset/test/Tomato_Septoria_leaf_spot/8_20mistakes_204aug36.jpg,Tomato_Septoria_leaf_spot,Tomato_mold_leaf,0.9944813251495361,0,1.5347318649291992,8.126200675964355,0.17387104034423828,9.837693214416504
dataset/test/Tomato_Septoria_leaf_spot/Gls11_mirror_vertical_aug_42aug85.jpg,Tomato_Septoria_leaf_spot,Tomato_Septoria_leaf_spot,0.9998632669448853,1,1.1223773956298828,8.305663108825684,0.17522239685058594,9.60658073425293
dataset/test/Tomato_Septoria_leaf_spot/Gls11_mirror_vertical_aug_43aug86.jpg,Tomato_Septoria_leaf_spot,Tomato_Septoria_leaf_spot,0.9998546838760376,1,1.1243219375610352,8.421295166015625,0.17122268676757812,9.719879150390625
dataset/test/Tomato_Septoria_leaf_spot/Gls11_mirror_verticalaug21.jpg,Tomato_Septoria_leaf_spot,Tomato_Septoria_leaf_spot,0.9994325041770935,1,1.1660261154174805,8.300090789794922,0.17216873168945312,9.641173362731934
dataset/test/Tomato_Septoria_leaf_spot/Gls12_mirror_aug_46aug81.jpg,Tomato_Septoria_leaf_spot,Tomato_Septoria_leaf_spot,1.0,1,1.1023035049438477,8.27794361114502,0.17161273956298828,9.555023193359375
dataset/test/Tomato_Septoria_leaf_spot/Gls12_mirror_aug_47aug92.jpg,Tomato_Septoria_leaf_spot,Tomato_Septoria_leaf_spot,1.0,1,1.1703033447265625,8.323925018310547,0.17103862762451172,9.668469429016113
dataset/test/Tomato_Septoria_leaf_spot/Gls12_mirroraug23.jpg,Tomato_Septoria_leaf_spot,Tomato_Septoria_leaf_spot,1.0,1,1.1086740493774414,8.200590133666992,0.16977882385253906,9.48200511932373
dataset/test/Tomato_Septoria_leaf_spot/Gls1_mirror_aug_38aug82.jpg,Tomato_Septoria_leaf_spot,Tomato_Septoria_leaf_spot,0.998297393321991,1,1.1507844924926758,8.321608543395996,0.17048358917236328,9.645691871643066
dataset/test/Tomato_Septoria_leaf_spot/Gls1_mirror_aug_39aug84.jpg,Tomato_Septoria_leaf_spot,Tomato_Septoria_leaf_spot,0.9985349178314209,1,1.137913703918457,8.280313491821289,0.1692981719970703,9.590784072875977
dataset/test/Tomato_Septoria_leaf_spot/Gls1_mirroraug19.jpg,Tomato_Septoria_leaf_spot,Tomato_Septoria_leaf_spot,0.9997207522392273,1,1.113266944885254,8.427091598510742,0.1695384979248047,9.71241569519043
dataset/test/Tomato_Septoria_leaf_spot/Gls21_change_270aug43.jpg,Tomato_Septoria_leaf_spot,Tomato_Septoria_leaf_spot,0.5476542115211487,1,1.143545150756836,8.32107162475586,0.17022323608398438,9.637654304504395
dataset/test/Tomato_Septoria_leaf_spot/Gls21_hight_aug_56aug78.jpg,Tomato_Septoria_leaf_spot,Tomato_Septoria_leaf_spot,0.999931812286377,1,1.1238594055175781,8.10549545288086,0.16759395599365234,9.399615287780762
dataset/test/Tomato_Septoria_leaf_spot/Gls21_hight_aug_57aug79.jpg,Tomato_Septoria_leaf_spot,Tomato_Septoria_leaf_spot,0.9999768733978271,1,1.1226177215576172,8.208867073059082,0.17750072479248047,9.511801719665527
dataset/test/Tomato_Septoria_leaf_spot/Gls21_hightaug28.jpg,Tomato_Septoria_leaf_spot,Tomato_Septoria_leaf_spot,0.9999288320541382,1,1.1485443115234375,8.533239364624023,0.16983413696289062,9.854452133178711
dataset/test/Tomato_Septoria_leaf_spot/Gls29_change_180_aug_40aug89.jpg,Tomato_Septoria_leaf_spot,Tomato_Septoria_leaf_spot,0.9999734163284302,1,1.127267837524414,8.230551719665527,0.17385387420654297,9.534876823425293
dataset/test/Tomato_Septoria_leaf_spot/Gls29_change_180_aug_41aug91.jpg,Tomato_Septoria_leaf_spot,Tomato_Septoria_leaf_spot,0.9995300769805908,1,1.1581182479858398,8.274015426635742,0.1709451675415039,9.605746269226074
dataset/test/Tomato_Septoria_leaf_spot/Gls29_change_180aug20.jpg,Tomato_Septoria_leaf_spot,Tomato_Septoria_leaf_spot,0.9998916387557983,1,1.1146183013916016,8.496444702148438,0.16888999938964844,9.782838821411133
dataset/test/Tomato_Septoria_leaf_spot/Gls36_hight_aug_20aug116.jpg,Tomato_Septoria_leaf_spot,Tomato_Septoria_leaf_spot,0.9963801503181458,1,1.1251192092895508,8.344776153564453,0.20574188232421875,9.678617477416992
dataset/test/Tomato_Septoria_leaf_spot/Gls36_hight_aug_21aug118.jpg,Tomato_Septoria_leaf_spot,Tomato_Septoria_leaf_spot,0.9976346492767334,1,1.0938596725463867,8.243293762207031,0.1706857681274414,9.510653495788574
dataset/test/Tomato_Septoria_leaf_spot/Gls36_hightaug10.jpg,Tomato_Septoria_leaf_spot,Tomato_Septoria_leaf_spot,0.9996103644371033,1,1.1274147033691406,8.360832214355469,0.17048263549804688,9.661543846130371
dataset/test/Tomato_Septoria_leaf_spot/Gls41_change_270_aug_50aug90.jpg,Tomato_Septoria_leaf_spot,Tomato_Healthy_leaf,0.9550749659538269,0,1.2246007919311523,8.257017135620117,0.17001819610595703,9.654265403747559
dataset/test/Tomato_Septoria_leaf_spot/Gls41_change_270_aug_51aug77.jpg,Tomato_Septoria_leaf_spot,Tomato_Healthy_leaf,0.6810101270675659,0,1.1459150314331055,8.227387428283691,0.18261146545410156,9.559210777282715
dataset/test/Tomato_Septoria_leaf_spot/Gls41_change_270aug25.jpg,Tomato_Septoria_leaf_spot,Tomato_Healthy_leaf,0.9851369857788086,0,1.1457281112670898,8.217126846313477,0.20164871215820312,9.567099571228027
dataset/test/Tomato_Septoria_leaf_spot/Gls43_change_90_aug_60aug75.jpg,Tomato_Septoria_leaf_spot,Tomato_Septoria_leaf_spot,0.990796685218811,1,1.096247673034668,8.359405517578125,0.16527938842773438,9.623822212219238
dataset/test/Tomato_Septoria_leaf_spot/Gls43_change_90_aug_61aug73.jpg,Tomato_Septoria_leaf_spot,Tomato_Septoria_leaf_spot,0.993750274181366,1,1.093729019165039,8.774092674255371,0.16763019561767578,10.03823184967041
dataset/test/Tomato_Septoria_leaf_spot/Gls43_change_90aug30.jpg,Tomato_Septoria_leaf_spot,Tomato_Septoria_leaf_spot,0.9838400483131409,1,1.1416540145874023,8.3211088180542,0.1640186309814453,9.629376411437988
dataset/test/Tomato_Septoria_leaf_spot/Gls46_change_90_aug_6aug53.jpg,Tomato_Septoria_leaf_spot,Tomato_Septoria_leaf_spot,0.9999840259552002,1,1.1176557540893555,8.081348419189453,0.1717987060546875,9.374042510986328
dataset/test/Tomato_Septoria_leaf_spot/Gls46_change_90_aug_7aug56.jpg,Tomato_Septoria_leaf_spot,Tomato_Septoria_leaf_spot,0.9995672106742859,1,1.2060813903808594,8.363073348999023,0.19640731811523438,9.768767356872559
dataset/test/Tomato_Septoria_leaf_spot/Gls46_change_90aug3.jpg,Tomato_Septoria_leaf_spot,Tomato_Septoria_leaf_spot,0.9997041821479797,1,1.2389898300170898,8.151681900024414,0.171630859375,9.565542221069336
dataset/test/Tomato_Septoria_leaf_spot/Gls47aug44.jpg,Tomato_Septoria_leaf_spot,Tomato_Septoria_leaf_spot,0.9999946355819702,1,1.1353960037231445,8.26779556274414,0.17090892791748047,9.576969146728516
dataset/test/Tomato_Septoria_leaf_spot/Gls76_aug_34aug97.jpg,Tomato_Septoria_leaf_spot,Tomato_mold_leaf,0.9801262021064758,0,1.1527843475341797,8.247330665588379,0.1705942153930664,9.573357582092285
dataset/test/Tomato_Septoria_leaf_spot/Gls76_aug_35aug103.jpg,Tomato_Septoria_leaf_spot,Tomato_mold_leaf,0.9640443921089172,0,1.1312475204467773,9.694266319274902,0.20920562744140625,11.038145065307617
dataset/test/Tomato_Septoria_leaf_spot/Gls76_change_180_aug_30aug96.jpg,Tomato_Septoria_leaf_spot,Tomato_mold_leaf,0.9995417594909668,0,1.4525470733642578,11.233165740966797,0.2016305923461914,12.890472412109375
dataset/test/Tomato_Septoria_leaf_spot/Gls76_change_180_aug_31aug100.jpg,Tomato_Septoria_leaf_spot,Tomato_mold_leaf,0.99491286277771,0,1.4674348831176758,11.19051742553711,0.20979785919189453,12.871101379394531
dataset/test/Tomato_Septoria_leaf_spot/Gls76_change_180aug15.jpg,Tomato_Septoria_leaf_spot,Tomato_mold_leaf,0.9984598159790039,0,1.4782686233520508,11.03796100616455,0.20979690551757812,12.729471206665039
dataset/test/Tomato_Septoria_leaf_spot/Gls76aug17.jpg,Tomato_Septoria_leaf_spot,Tomato_mold_leaf,0.985205352306366,0,1.5264167785644531,11.033202171325684,0.2113361358642578,12.774711608886719
dataset/test/Tomato_Septoria_leaf_spot/Gls7_change_270_aug_64aug68.jpg,Tomato_Septoria_leaf_spot,Tomato_Septoria_leaf_spot,0.9999449253082275,1,1.5148258209228516,11.04284954071045,0.21248245239257812,12.773360252380371
dataset/test/Tomato_Septoria_leaf_spot/Gls7_change_270_aug_65aug71.jpg,Tomato_Septoria_leaf_spot,Tomato_Septoria_leaf_spot,0.9994450211524963,1,1.4842138290405273,11.274999618530273,0.20011138916015625,12.963045120239258
dataset/test/Tomato_Septoria_leaf_spot/Gls7_change_270aug32.jpg,Tomato_Septoria_leaf_spot,Tomato_Septoria_leaf_spot,0.9997782111167908,1,1.4225454330444336,11.075313568115234,0.2102975845336914,12.711267471313477
dataset/test/Tomato_Septoria_leaf_spot/Gls7_lower_aug_0aug57.jpg,Tomato_Septoria_leaf_spot,Tomato_Septoria_leaf_spot,0.9979081153869629,1,1.4896202087402344,9.484246253967285,0.16511249542236328,11.141702651977539
dataset/test/Tomato_Septoria_leaf_spot/Gls7_lower_aug_1aug52.jpg,Tomato_Septoria_leaf_spot,Tomato_Septoria_leaf_spot,0.9972803592681885,1,1.0861921310424805,7.782143592834473,0.16563034057617188,9.036372184753418
dataset/test/Tomato_Septoria_leaf_spot/Gls7_loweraug0.jpg,Tomato_Septoria_leaf_spot,Tomato_Septoria_leaf_spot,0.992891788482666,1,1.0825252532958984,7.860772132873535,0.16292667388916016,9.108652114868164
dataset/test/Tomato_Septoria_leaf_spot/Gls81_lower_aug_2aug51.jpg,Tomato_Septoria_leaf_spot,Tomato_Septoria_leaf_spot,0.9976425766944885,1,1.066598892211914,7.781512260437012,0.15337085723876953,9.003705978393555
dataset/test/Tomato_Septoria_leaf_spot/Gls81_lower_aug_3aug54.jpg,Tomato_Septoria_leaf_spot,Tomato_Septoria_leaf_spot,0.9935306906700134,1,1.0020999908447266,7.755012512207031,0.16437053680419922,8.924205780029297
dataset/test/Tomato_Septoria_leaf_spot/Gls81_loweraug1.jpg,Tomato_Septoria_leaf_spot,Tomato_Septoria_leaf_spot,0.9997013211250305,1,1.1231365203857422,7.698902130126953,0.1650552749633789,8.98992919921875
dataset/test/Tomato_Septoria_leaf_spot/IMG-20240812-WA0213_aug_70aug59.jpg,Tomato_Septoria_leaf_spot,Tomato_Early_blight_leaf,0.5147687792778015,0,1.1351375579833984,7.851977348327637,0.16524219512939453,9.155132293701172
dataset/test/Tomato_Septoria_leaf_spot/IMG-20240812-WA0213_aug_71aug60.jpg,Tomato_Septoria_leaf_spot,Tomato_mold_leaf,0.7477140426635742,0,1.1579713821411133,7.9191436767578125,0.16572189331054688,9.245447158813477
dataset/test/Tomato_Septoria_leaf_spot/IMG-20240812-WA0213aug35.jpg,Tomato_Septoria_leaf_spot,Tomato_Early_blight_leaf,0.9999431371688843,0,1.1233224868774414,7.913290977478027,0.1634073257446289,9.202651977539062
dataset/test/Tomato_Septoria_leaf_spot/Original_e-blight.JPG.rend.hgtvcom.966.725.jpeg_aug_52aug74.jpg,Tomato_Septoria_leaf_spot,Tomato_Septoria_leaf_spot,0.9999949932098389,1,1.0914525985717773,7.90817928314209,0.16809368133544922,9.170113563537598
dataset/test/Tomato_Septoria_leaf_spot/Original_e-blight.JPG.rend.hgtvcom.966.725.jpeg_aug_53aug76.jpg,Tomato_Septoria_leaf_spot,Tomato_Septoria_leaf_spot,0.9999651908874512,1,1.1368408203125,7.868200302124023,0.16355609893798828,9.1710786819458
dataset/test/Tomato_Septoria_leaf_spot/Original_e-blight.JPG.rend.hgtvcom.966.725.jpegaug26.jpg,Tomato_Septoria_leaf_spot,Tomato_Septoria_leaf_spot,0.9999897480010986,1,1.0994329452514648,7.910810470581055,0.1675567626953125,9.180078506469727
dataset/test/Tomato_Septoria_leaf_spot/SS_ (990)_aug_24aug107.jpg,Tomato_Septoria_leaf_spot,Tomato_Septoria_leaf_spot,1.0,1,1.1091175079345703,8.173312187194824,0.16385364532470703,9.448671340942383
dataset/test/Tomato_Septoria_leaf_spot/SS_ (990)_aug_25aug113.jpg,Tomato_Septoria_leaf_spot,Tomato_Septoria_leaf_spot,1.0,1,1.130173683166504,7.992384910583496,0.1684093475341797,9.293355941772461
dataset/test/Tomato_Septoria_leaf_spot/SS_ (990)aug12.jpg,Tomato_Septoria_leaf_spot,Tomato_Septoria_leaf_spot,1.0,1,1.1070995330810547,8.170793533325195,0.17020416259765625,9.451079368591309
dataset/test/Tomato_Septoria_leaf_spot/Septoria_tomato_Margaret-20B_p8170755_0002_25004_jpg.rf.3fbb14d553c623c77f342b3a54baddab_aug_66aug70.jpg,Tomato_Septoria_leaf_spot,Tomato_Septoria_leaf_spot,0.9808785915374756,1,1.1753778457641602,8.089811325073242,0.1694631576538086,9.437469482421875
dataset/test/Tomato_Septoria_leaf_spot/Septoria_tomato_Margaret-20B_p8170755_0002_25004_jpg.rf.3fbb14d553c623c77f342b3a54baddab_aug_67aug63.jpg,Tomato_Septoria_leaf_spot,Tomato_Septoria_leaf_spot,0.9988465309143066,1,1.1997861862182617,8.181719779968262,0.16837120056152344,9.552690505981445
dataset/test/Tomato_Septoria_leaf_spot/Septoria_tomato_Margaret-20B_p8170755_0002_25004_jpg.rf.3fbb14d553c623c77f342b3a54baddabaug33.jpg,Tomato_Septoria_leaf_spot,Tomato_Septoria_leaf_spot,0.993503987789154,1,1.1544513702392578,8.123978614807129,0.1728534698486328,9.453949928283691
dataset/test/Tomato_Septoria_leaf_spot/Tomato-Plant-with-Septoria-Leaf-Spot_aug_68aug65.jpg,Tomato_Septoria_leaf_spot,Tomato_Septoria_leaf_spot,0.9911462664604187,1,1.1385993957519531,8.170035362243652,0.16900157928466797,9.480412483215332
dataset/test/Tomato_Septoria_leaf_spot/Tomato-Plant-with-Septoria-Leaf-Spot_aug_69aug64.jpg,Tomato_Septoria_leaf_spot,Tomato_Septoria_leaf_spot,0.7780686616897583,1,1.2221555709838867,8.093441009521484,0.166168212890625,9.484801292419434
dataset/test/Tomato_Septoria_leaf_spot/Tomato-Plant-with-Septoria-Leaf-Spotaug34.jpg,Tomato_Septoria_leaf_spot,Tomato_Septoria_leaf_spot,0.9991925358772278,1,1.1487665176391602,8.178182601928711,0.16683387756347656,9.49676513671875
dataset/test/Tomato_Septoria_leaf_spot/b54d0e40027ff5e90e8ba7e1e9abf9bdaug39.jpg,Tomato_Septoria_leaf_spot,Tomato_Septoria_leaf_spot,0.9999868869781494,1,1.0755252838134766,8.522684097290039,0.16420555114746094,9.765582084655762
dataset/test/Tomato_Septoria_leaf_spot/classic-septoria_aug_10aug48.jpg,Tomato_Septoria_leaf_spot,Tomato_Septoria_leaf_spot,0.9996180534362793,1,1.1476373672485352,8.225460052490234,0.15822410583496094,9.534116744995117
dataset/test/Tomato_Septoria_leaf_spot/classic-septoria_aug_11aug49.jpg,Tomato_Septoria_leaf_spot,Tomato_Septoria_leaf_spot,0.9996727705001831,1,1.1336917877197266,8.009162902832031,0.16918563842773438,9.314523696899414
dataset/test/Tomato_Septoria_leaf_spot/classic-septoriaaug5.jpg,Tomato_Septoria_leaf_spot,Tomato_Septoria_leaf_spot,0.9999985694885254,1,1.2986011505126953,8.150774955749512,0.1717967987060547,9.62433910369873
dataset/test/Tomato_Septoria_leaf_spot/early+blight+on+leaf+yel+halo+IMG_2313.JPG_aug_62aug69.jpg,Tomato_Septoria_leaf_spot,Tomato_Septoria_leaf_spot,0.9999998807907104,1,1.0955619812011719,13.993571281433105,0.1703166961669922,15.262246131896973
dataset/test/Tomato_Septoria_leaf_spot/early+blight+on+leaf+yel+halo+IMG_2313.JPG_aug_63aug72.jpg,Tomato_Septoria_leaf_spot,Tomato_Septoria_leaf_spot,0.9999983310699463,1,1.3139524459838867,17.551742553710938,0.17187023162841797,19.040623664855957
dataset/test/Tomato_Septoria_leaf_spot/early+blight+on+leaf+yel+halo+IMG_2313.JPGaug31.jpg,Tomato_Septoria_leaf_spot,Tomato_Septoria_leaf_spot,0.9999985694885254,1,1.208822250366211,10.401141166687012,0.17183589935302734,11.784649848937988
dataset/test/Tomato_Septoria_leaf_spot/early-blight-of-tomato-tomato-1aug38.jpg,Tomato_Septoria_leaf_spot,Tomato_Septoria_leaf_spot,0.9999984502792358,1,1.2834157943725586,9.363208770751953,0.1709270477294922,10.820699691772461
dataset/test/Tomato_Septoria_leaf_spot/eblight5_aug_18aug110.jpg,Tomato_Septoria_leaf_spot,Tomato_Septoria_leaf_spot,0.9981473684310913,1,1.0805816650390625,8.170774459838867,0.16916751861572266,9.423282623291016
dataset/test/Tomato_Septoria_leaf_spot/eblight5_aug_19aug117.jpg,Tomato_Septoria_leaf_spot,Tomato_Septoria_leaf_spot,0.999001681804657,1,1.135340690612793,8.12836742401123,0.17124176025390625,9.437932014465332
dataset/test/Tomato_Septoria_leaf_spot/eblight5aug9.jpg,Tomato_Septoria_leaf_spot,Tomato_Septoria_leaf_spot,0.9943256974220276,1,1.077061653137207,8.473851203918457,0.17264938354492188,9.726581573486328
dataset/test/Tomato_Septoria_leaf_spot/images (1)_aug_54aug93.jpg,Tomato_Septoria_leaf_spot,Tomato_Septoria_leaf_spot,0.9999911785125732,1,1.1139698028564453,8.343220710754395,0.17087173461914062,9.630619049072266
dataset/test/Tomato_Septoria_leaf_spot/images (1)_aug_55aug87.jpg,Tomato_Septoria_leaf_spot,Tomato_Septoria_leaf_spot,0.9999938011169434,1,1.1024713516235352,8.258979797363281,0.1689462661743164,9.532525062561035
dataset/test/Tomato_Septoria_leaf_spot/images (1)aug27.jpg,Tomato_Septoria_leaf_spot,Tomato_Septoria_leaf_spot,0.9999833106994629,1,1.105081558227539,8.327738761901855,0.16499996185302734,9.60063648223877
dataset/test/Tomato_Septoria_leaf_spot/tomato-blight-treatment-blight_jpg.rf.78cbf6055199828cb682fd0a6435a157_aug_74aug58.jpg,Tomato_Septoria_leaf_spot,Tomato_Septoria_leaf_spot,0.9999979734420776,1,1.1324520111083984,8.092199325561523,0.18348312377929688,9.41106128692627
dataset/test/Tomato_Septoria_leaf_spot/tomato-blight-treatment-blight_jpg.rf.78cbf6055199828cb682fd0a6435a157aug37.jpg,Tomato_Septoria_leaf_spot,Tomato_Septoria_leaf_spot,0.9999994039535522,1,1.2054338455200195,8.167182922363281,0.1762409210205078,9.551969528198242
dataset/test/Tomato_Septoria_leaf_spot/tomato-early-blight-e1437503226856_aug_4aug50.jpg,Tomato_Septoria_leaf_spot,Tomato_Septoria_leaf_spot,0.9999480247497559,1,1.2195262908935547,8.256756782531738,0.21087169647216797,9.690062522888184
dataset/test/Tomato_Septoria_leaf_spot/tomato-early-blight-e1437503226856_aug_5aug55.jpg,Tomato_Septoria_leaf_spot,Tomato_Septoria_leaf_spot,0.9999899864196777,1,1.168044090270996,8.221997261047363,0.171630859375,9.564486503601074
dataset/test/Tomato_Septoria_leaf_spot/tomato-early-blight-e1437503226856aug2.jpg,Tomato_Septoria_leaf_spot,Tomato_Septoria_leaf_spot,0.999961256980896,1,1.1583223342895508,8.28907299041748,0.1714468002319336,9.62154483795166
dataset/test/Tomato_Septoria_leaf_spot/tomato-early-blightH_jpg.rf.2633fbae0a933eb2711cb8466f34aca1_aug_12aug119.jpg,Tomato_Septoria_leaf_spot,Tomato_Septoria_leaf_spot,0.9934601783752441,1,1.2570276260375977,8.3428316116333,0.17135334014892578,9.773916244506836
dataset/test/Tomato_Septoria_leaf_spot/tomato-early-blightH_jpg.rf.2633fbae0a933eb2711cb8466f34aca1_aug_13aug114.jpg,Tomato_Septoria_leaf_spot,Tomato_Septoria_leaf_spot,0.9999773502349854,1,1.1616191864013672,9.786191940307617,0.2112436294555664,11.16203498840332
dataset/test/Tomato_Septoria_leaf_spot/tomato-early-blightH_jpg.rf.2633fbae0a933eb2711cb8466f34aca1aug6.jpg,Tomato_Septoria_leaf_spot,Tomato_Septoria_leaf_spot,0.9999734163284302,1,1.55126953125,11.375703811645508,0.20905685424804688,13.139344215393066
dataset/test/Tomato_Septoria_leaf_spot/tomato-septoria-3-500x384_aug_32aug104.jpg,Tomato_Septoria_leaf_spot,Tomato_Septoria_leaf_spot,0.9913159608840942,1,1.4695825576782227,11.337055206298828,0.21214962005615234,13.02230453491211
dataset/test/Tomato_Septoria_leaf_spot/tomato-septoria-3-500x384_aug_33aug106.jpg,Tomato_Septoria_leaf_spot,Tomato_Septoria_leaf_spot,0.9941052198410034,1,1.5137691497802734,11.369111061096191,0.21118736267089844,13.097491264343262
dataset/test/Tomato_Septoria_leaf_spot/tomato-septoria-3-500x384_jpg.rf.40a23512bd3b6d8df2115d7f591913fb_aug_16aug112.jpg,Tomato_Septoria_leaf_spot,Tomato_Septoria_leaf_spot,0.9969431757926941,1,1.5062131881713867,11.52159309387207,0.21192646026611328,13.243399620056152
dataset/test/Tomato_Septoria_leaf_spot/tomato-septoria-3-500x384_jpg.rf.40a23512bd3b6d8df2115d7f591913fb_aug_17aug111.jpg,Tomato_Septoria_leaf_spot,Tomato_Septoria_leaf_spot,0.9961118102073669,1,1.5089731216430664,12.274894714355469,0.21040821075439453,13.997719764709473
dataset/test/Tomato_Septoria_leaf_spot/tomato-septoria-3-500x384_jpg.rf.40a23512bd3b6d8df2115d7f591913fbaug8.jpg,Tomato_Septoria_leaf_spot,Tomato_Septoria_leaf_spot,0.9993125200271606,1,1.533158302307129,11.017516136169434,0.2121124267578125,12.765748977661133
dataset/test/Tomato_Septoria_leaf_spot/tomato-septoria-3-500x384aug16.jpg,Tomato_Septoria_leaf_spot,Tomato_Septoria_leaf_spot,0.992061972618103,1,1.545231819152832,11.032088279724121,0.20955657958984375,12.790157318115234
dataset/test/Tomato_Septoria_leaf_spot/tomato-septoria-5_jpg.rf.fab97ae4bb3726e33dcbde7262ec6a65aug40.jpg,Tomato_Septoria_leaf_spot,Tomato_Septoria_leaf_spot,0.9997883439064026,1,1.501694679260254,8.577259063720703,0.16751861572265625,10.249770164489746
dataset/test/Tomato_Septoria_leaf_spot/tomato-septoria-leaf-spot--_aug_22aug109.jpg,Tomato_Septoria_leaf_spot,Tomato_Early_blight_leaf,0.9536430835723877,0,1.1843042373657227,8.128830909729004,0.20748424530029297,9.522912979125977
dataset/test/Tomato_Septoria_leaf_spot/tomato-septoria-leaf-spot--_aug_23aug108.jpg,Tomato_Septoria_leaf_spot,Tomato_Early_blight_leaf,0.9799413084983826,0,1.1758966445922852,8.220219612121582,0.16966819763183594,9.568377494812012
dataset/test/Tomato_Septoria_leaf_spot/tomato-septoria-leaf-spot--_jpg.rf.06783859d6d3e49976374e4146674e0b_aug_48aug94.jpg,Tomato_Septoria_leaf_spot,Tomato_Septoria_leaf_spot,0.9988248944282532,1,1.174118995666504,8.290144920349121,0.16959476470947266,9.636859893798828
dataset/test/Tomato_Septoria_leaf_spot/tomato-septoria-leaf-spot--_jpg.rf.06783859d6d3e49976374e4146674e0b_aug_49aug88.jpg,Tomato_Septoria_leaf_spot,Tomato_Septoria_leaf_spot,0.9875478744506836,1,1.2436199188232422,8.093867301940918,0.16931533813476562,9.509357452392578
dataset/test/Tomato_Septoria_leaf_spot/tomato-septoria-leaf-spot--_jpg.rf.06783859d6d3e49976374e4146674e0baug24.jpg,Tomato_Septoria_leaf_spot,Tomato_Septoria_leaf_spot,0.9833330512046814,1,1.2170076370239258,8.140218734741211,0.16298198699951172,9.52330207824707
dataset/test/Tomato_Septoria_leaf_spot/tomato-septoria-leaf-spot--_jpg.rf.5e63d9a20f5557b9bb3617e79b48ef85_aug_26aug95.jpg,Tomato_Septoria_leaf_spot,Tomato_Septoria_leaf_spot,0.9257813096046448,1,1.1929340362548828,8.094793319702148,0.1542062759399414,9.444448471069336
dataset/test/Tomato_Septoria_leaf_spot/tomato-septoria-leaf-spot--_jpg.rf.5e63d9a20f5557b9bb3617e79b48ef85_aug_27aug101.jpg,Tomato_Septoria_leaf_spot,Tomato_Septoria_leaf_spot,0.9897756576538086,1,1.1744890213012695,8.037125587463379,0.16848182678222656,9.382673263549805
dataset/test/Tomato_Septoria_leaf_spot/tomato-septoria-leaf-spot--_jpg.rf.5e63d9a20f5557b9bb3617e79b48ef85aug13.jpg,Tomato_Septoria_leaf_spot,Tomato_Septoria_leaf_spot,0.7421010732650757,1,1.18304443359375,7.943922996520996,0.16875934600830078,9.298503875732422
dataset/test/Tomato_Septoria_leaf_spot/tomato-septoria-leaf-spot--aug11.jpg,Tomato_Septoria_leaf_spot,Tomato_Early_blight_leaf,0.9754933714866638,0,1.2382678985595703,8.076699256896973,0.20885276794433594,9.52652359008789
dataset/test/Tomato_Septoria_leaf_spot/tomato-septoria-leaf-spot-_aug_28aug105.jpg,Tomato_Septoria_leaf_spot,Tomato_Septoria_leaf_spot,0.9731542468070984,1,1.1518220901489258,8.215978622436523,0.1677989959716797,9.538320541381836
dataset/test/Tomato_Septoria_leaf_spot/tomato-septoria-leaf-spot-_aug_29aug102.jpg,Tomato_Septoria_leaf_spot,Tomato_Septoria_leaf_spot,0.9827554821968079,1,1.1694345474243164,8.124885559082031,0.17070388793945312,9.467357635498047
dataset/test/Tomato_Septoria_leaf_spot/tomato-septoria-leaf-spot-aug14.jpg,Tomato_Septoria_leaf_spot,Tomato_Septoria_leaf_spot,0.9999836683273315,1,1.1704521179199219,8.15807056427002,0.1690196990966797,9.5003023147583
dataset/test/Tomato_Septoria_leaf_spot/tomato_D2b-Early-blight---RPitblado_zoom_jpg.rf.93df1c3cb830b3940e4a23a5c4a05598_aug_8aug45.jpg,Tomato_Septoria_leaf_spot,Tomato_Septoria_leaf_spot,0.9999094009399414,1,1.1526565551757812,8.192960739135742,0.16857433319091797,9.51700496673584
dataset/test/Tomato_Septoria_leaf_spot/tomato_D2b-Early-blight---RPitblado_zoom_jpg.rf.93df1c3cb830b3940e4a23a5c4a05598_aug_9aug47.jpg,Tomato_Septoria_leaf_spot,Tomato_Septoria_leaf_spot,0.9999872446060181,1,1.175248146057129,8.16845989227295,0.16896438598632812,9.515043258666992
dataset/test/Tomato_Septoria_leaf_spot/tomato_D2b-Early-blight---RPitblado_zoom_jpg.rf.93df1c3cb830b3940e4a23a5c4a05598aug4.jpg,Tomato_Septoria_leaf_spot,Tomato_Septoria_leaf_spot,0.9998225569725037,1,1.2247676849365234,8.1559419631958,0.16439056396484375,9.547987937927246
dataset/test/Tomato_Septoria_leaf_spot/tomatoseptorialeafspotjpg-788d20798a3c74e7_aug_36aug98.jpg,Tomato_Septoria_leaf_spot,Tomato_Septoria_leaf_spot,0.9999758005142212,1,1.1242856979370117,8.056718826293945,0.15927982330322266,9.34228229522705
dataset/test/Tomato_Septoria_leaf_spot/tomatoseptorialeafspotjpg-788d20798a3c74e7_aug_37aug99.jpg,Tomato_Septoria_leaf_spot,Tomato_Septoria_leaf_spot,0.9984337687492371,1,1.156951904296875,8.403017044067383,0.1711130142211914,9.733895301818848
dataset/test/Tomato_Septoria_leaf_spot/tomatoseptorialeafspotjpg-788d20798a3c74e7aug18.jpg,Tomato_Septoria_leaf_spot,Tomato_Septoria_leaf_spot,0.9997465014457703,1,1.2224159240722656,7.961385726928711,0.16879749298095703,9.355263710021973
dataset/test/Tomato_leaf_late_blight/Gls74_change_90_aug_66aug46.jpg,Tomato_leaf_late_blight,Tomato_leaf_late_blight,0.961575984954834,1,1.1650066375732422,8.050996780395508,0.16905593872070312,9.38778305053711
dataset/test/Tomato_leaf_late_blight/Gls74_change_90_aug_67aug49.jpg,Tomato_leaf_late_blight,Tomato_Early_blight_leaf,0.9792824387550354,0,1.130859375,8.211553573608398,0.16965007781982422,9.514598846435547
dataset/test/Tomato_leaf_late_blight/Gls74_change_90_aug_68aug41.jpg,Tomato_leaf_late_blight,Tomato_Early_blight_leaf,0.8015249371528625,0,1.096543312072754,8.306053161621094,0.1730947494506836,9.578654289245605
dataset/test/Tomato_leaf_late_blight/Gls74_change_90aug22.jpg,Tomato_leaf_late_blight,Tomato_leaf_late_blight,0.9836068153381348,1,1.1314697265625,8.436962127685547,0.20514869689941406,9.776433944702148
dataset/test/Tomato_leaf_late_blight/Gls78_change_270_aug_24aug95.jpg,Tomato_leaf_late_blight,Tomato_leaf_late_blight,0.9328925609588623,1,1.1269330978393555,8.892946243286133,0.1735391616821289,10.196510314941406
dataset/test/Tomato_leaf_late_blight/Gls78_change_270_aug_25aug80.jpg,Tomato_leaf_late_blight,Tomato_leaf_late_blight,0.43440839648246765,1,1.1152667999267578,8.898113250732422,0.17105579376220703,10.187417030334473
dataset/test/Tomato_leaf_late_blight/Gls78_change_270_aug_26aug81.jpg,Tomato_leaf_late_blight,Tomato_leaf_late_blight,0.8671706914901733,1,1.1289901733398438,8.616165161132812,0.26302051544189453,10.026917457580566
dataset/test/Tomato_leaf_late_blight/Gls78_change_270aug8.jpg,Tomato_leaf_late_blight,Tomato_leaf_late_blight,0.8090105652809143,1,1.1201372146606445,8.392110824584961,0.2077617645263672,9.72322940826416
dataset/test/Tomato_leaf_late_blight/Gls79_change_270_aug_51aug69.jpg,Tomato_leaf_late_blight,Tomato_leaf_late_blight,0.9999644756317139,1,1.1071367263793945,8.485833168029785,0.17350101470947266,9.769082069396973
dataset/test/Tomato_leaf_late_blight/Gls79_change_270_aug_52aug74.jpg,Tomato_leaf_late_blight,Tomato_leaf_late_blight,0.9999843835830688,1,1.0998401641845703,8.402924537658691,0.17161178588867188,9.677469253540039
dataset/test/Tomato_leaf_late_blight/Gls79_change_270_aug_53aug68.jpg,Tomato_leaf_late_blight,Tomato_leaf_late_blight,0.99998939037323,1,1.1535253524780273,8.441943168640137,0.17355632781982422,9.771915435791016
dataset/test/Tomato_leaf_late_blight/Gls79_change_270aug17.jpg,Tomato_leaf_late_blight,Tomato_leaf_late_blight,0.9976473450660706,1,1.0974149703979492,8.558221817016602,0.24898338317871094,9.907916069030762
dataset/test/Tomato_leaf_late_blight/Gls79_change_90_aug_27aug85.jpg,Tomato_leaf_late_blight,Tomato_leaf_late_blight,0.9826719760894775,1,1.1404523849487305,8.774223327636719,0.17470359802246094,10.092009544372559
dataset/test/Tomato_leaf_late_blight/Gls79_change_90_aug_28aug97.jpg,Tomato_leaf_late_blight,Tomato_leaf_late_blight,0.9930686950683594,1,1.0937480926513672,8.460296630859375,0.1739645004272461,9.730859756469727
dataset/test/Tomato_leaf_late_blight/Gls79_change_90_aug_29aug89.jpg,Tomato_leaf_late_blight,Tomato_leaf_late_blight,0.9857727885246277,1,1.1395626068115234,8.628759384155273,0.1712045669555664,9.942545890808105
dataset/test/Tomato_leaf_late_blight/Gls79_change_90aug9.jpg,Tomato_leaf_late_blight,Tomato_leaf_late_blight,0.9992048144340515,1,1.0971546173095703,8.424535751342773,0.17398357391357422,9.698617935180664
dataset/test/Tomato_leaf_late_blight/Gls79_mirror_aug_15aug104.jpg,Tomato_leaf_late_blight,Tomato_leaf_late_blight,0.999982476234436,1,1.1110811233520508,8.405016899108887,0.17272377014160156,9.692155838012695
dataset/test/Tomato_leaf_late_blight/Gls79_mirror_aug_16aug113.jpg,Tomato_leaf_late_blight,Tomato_leaf_late_blight,0.9996159076690674,1,1.0955076217651367,8.401516914367676,0.1727590560913086,9.672820091247559
dataset/test/Tomato_leaf_late_blight/Gls79_mirror_aug_17aug109.jpg,Tomato_leaf_late_blight,Tomato_leaf_late_blight,0.9999198913574219,1,1.3073415756225586,8.868205070495605,0.1739816665649414,10.353011131286621
dataset/test/Tomato_leaf_late_blight/Gls79_mirroraug5.jpg,Tomato_leaf_late_blight,Tomato_leaf_late_blight,0.9999189376831055,1,1.1008214950561523,8.406683921813965,0.17329692840576172,9.683395385742188
dataset/test/Tomato_leaf_late_blight/IMG_20251102_155822aug32.jpg,Tomato_leaf_late_blight,Tomato_mold_leaf,0.4835636019706726,0,1.1732673645019531,8.468128204345703,0.21026039123535156,9.854228973388672
dataset/test/Tomato_leaf_late_blight/IMG_20251102_160928aug33.jpg,Tomato_leaf_late_blight,Tomato_Early_blight_leaf,0.9227454662322998,0,1.1322479248046875,8.409870147705078,0.17374229431152344,9.718728065490723
dataset/test/Tomato_leaf_late_blight/IMG_20251102_161202_aug_57aug50.jpg,Tomato_leaf_late_blight,Tomato_Early_blight_leaf,0.9454136490821838,0,1.2119150161743164,8.711556434631348,0.17255592346191406,10.099343299865723
dataset/test/Tomato_leaf_late_blight/IMG_20251102_161202_aug_58aug52.jpg,Tomato_leaf_late_blight,Tomato_Early_blight_leaf,0.9829383492469788,0,1.2639713287353516,8.586481094360352,0.17435264587402344,10.028139114379883
dataset/test/Tomato_leaf_late_blight/IMG_20251102_161202_aug_59aug39.jpg,Tomato_leaf_late_blight,Tomato_Early_blight_leaf,0.9905093908309937,0,1.2210636138916016,8.382682800292969,0.1721487045288086,9.778508186340332
dataset/test/Tomato_leaf_late_blight/IMG_20251102_161202aug19.jpg,Tomato_leaf_late_blight,Tomato_Early_blight_leaf,0.9882652759552002,0,1.2444887161254883,8.706130027770996,0.1727609634399414,10.126029014587402
dataset/test/Tomato_leaf_late_blight/IMG_5808_jpg.rf.9de5af872dd2e7a58b115c4826fb18d4_aug_63aug53.jpg,Tomato_leaf_late_blight,Tomato_leaf_late_blight,0.9998372793197632,1,1.1588029861450195,8.445870399475098,0.17274093627929688,9.780264854431152
dataset/test/Tomato_leaf_late_blight/IMG_5808_jpg.rf.9de5af872dd2e7a58b115c4826fb18d4_aug_64aug43.jpg,Tomato_leaf_late_blight,Tomato_leaf_late_blight,0.9996135830879211,1,1.1962108612060547,8.429778099060059,0.17313098907470703,9.801526069641113
dataset/test/Tomato_leaf_late_blight/IMG_5808_jpg.rf.9de5af872dd2e7a58b115c4826fb18d4_aug_65aug38.jpg,Tomato_leaf_late_blight,Tomato_leaf_late_blight,0.9954853057861328,1,1.1688213348388672,8.810111999511719,0.1745748519897461,10.156213760375977
dataset/test/Tomato_leaf_late_blight/IMG_5808_jpg.rf.9de5af872dd2e7a58b115c4826fb18d4aug21.jpg,Tomato_leaf_late_blight,Tomato_leaf_late_blight,0.9989758729934692,1,1.1734342575073242,8.505906105041504,0.17368698120117188,9.855841636657715
dataset/test/Tomato_leaf_late_blight/LB_ (254)_aug_54aug73.jpg,Tomato_leaf_late_blight,Tomato_leaf_late_blight,0.9925393462181091,1,1.104823112487793,8.527721405029297,0.1727609634399414,9.8082857131958
dataset/test/Tomato_leaf_late_blight/LB_ (254)_aug_55aug71.jpg,Tomato_leaf_late_blight,Tomato_leaf_late_blight,0.9993914365768433,1,1.1296367645263672,8.442350387573242,0.17366790771484375,9.748137474060059
dataset/test/Tomato_leaf_late_blight/LB_ (254)_aug_56aug78.jpg,Tomato_leaf_late_blight,Tomato_leaf_late_blight,0.9874662756919861,1,1.1897850036621094,8.597426414489746,0.2472982406616211,10.037471771240234
dataset/test/Tomato_leaf_late_blight/LB_ (254)aug18.jpg,Tomato_leaf_late_blight,Tomato_leaf_late_blight,0.9993334412574768,1,1.1166362762451172,8.220739364624023,0.16942596435546875,9.509283065795898
dataset/test/Tomato_leaf_late_blight/LB_ (276)_aug_60aug45.jpg,Tomato_leaf_late_blight,Tomato_leaf_late_blight,0.9999788999557495,1,1.103672981262207,8.381664276123047,0.16977882385253906,9.657524108886719
dataset/test/Tomato_leaf_late_blight/LB_ (276)_aug_61aug44.jpg,Tomato_leaf_late_blight,Tomato_leaf_late_blight,0.9999810457229614,1,1.161839485168457,8.402016639709473,0.16813087463378906,9.73447036743164
dataset/test/Tomato_leaf_late_blight/LB_ (276)_aug_62aug40.jpg,Tomato_leaf_late_blight,Tomato_leaf_late_blight,0.9999980926513672,1,1.1527109146118164,8.392294883728027,0.16855621337890625,9.716729164123535
dataset/test/Tomato_leaf_late_blight/LB_ (276)aug20.jpg,Tomato_leaf_late_blight,Tomato_leaf_late_blight,0.9999693632125854,1,1.0753765106201172,8.285832405090332,0.1678152084350586,9.531840324401855
dataset/test/Tomato_leaf_late_blight/Late-blight-foliar-leasion-on-tomato_jpg.rf.331af81e5b2aae24af0dc9b6d9933591_aug_72aug60.jpg,Tomato_leaf_late_blight,Tomato_leaf_late_blight,0.999992847442627,1,1.198359489440918,8.27034854888916,0.17911148071289062,9.650580406188965
dataset/test/Tomato_leaf_late_blight/Late-blight-foliar-leasion-on-tomato_jpg.rf.331af81e5b2aae24af0dc9b6d9933591_aug_73aug51.jpg,Tomato_leaf_late_blight,Tomato_leaf_late_blight,0.9999939203262329,1,1.255915641784668,8.322701454162598,0.24422359466552734,9.82534122467041
dataset/test/Tomato_leaf_late_blight/Late-blight-foliar-leasion-on-tomato_jpg.rf.331af81e5b2aae24af0dc9b6d9933591_aug_74aug37.jpg,Tomato_leaf_late_blight,Tomato_leaf_late_blight,0.9999921321868896,1,1.2680082321166992,8.308572769165039,0.17059326171875,9.750321388244629
dataset/test/Tomato_leaf_late_blight/Late-blight-foliar-leasion-on-tomato_jpg.rf.331af81e5b2aae24af0dc9b6d9933591aug24.jpg,Tomato_leaf_late_blight,Tomato_leaf_late_blight,0.9999957084655762,1,1.2793407440185547,8.106513977050781,0.17100048065185547,9.560078620910645
dataset/test/Tomato_leaf_late_blight/Late-blight-on-a-tomato-leaf_jpg.rf.8a0bcac661db5b0d51beab8e2bf6cd6caug29.jpg,Tomato_leaf_late_blight,Tomato_leaf_late_blight,0.9999990463256836,1,1.1374711990356445,8.192887306213379,0.17135334014892578,9.504654884338379
dataset/test/Tomato_leaf_late_blight/Late-blight-on-a-tomato-leaf_jpg.rf.8defdb736385f3e1da6fba17b2786ac9_aug_84aug36.jpg,Tomato_leaf_late_blight,Tomato_leaf_late_blight,0.999998927116394,1,1.1411190032958984,8.235312461853027,0.1721487045288086,9.551173210144043
dataset/test/Tomato_leaf_late_blight/Late-blight-on-a-tomato-leaf_jpg.rf.8defdb736385f3e1da6fba17b2786ac9aug28.jpg,Tomato_leaf_late_blight,Tomato_leaf_late_blight,0.9999904632568359,1,1.134526252746582,8.290663719177246,0.17109298706054688,9.598932266235352
dataset/test/Tomato_leaf_late_blight/Late-blight-symptoms-on-tomato-leaves-1r3uhy2_jpg.rf.92fa5ba375a2c3ce572ef7e12695be90aug31.jpg,Tomato_leaf_late_blight,Tomato_leaf_late_blight,0.9999489784240723,1,1.1885442733764648,8.43968391418457,0.17194557189941406,9.802785873413086
dataset/test/Tomato_leaf_late_blight/Late-blight-tomato-leaf-VikramBisht-MBag_jpg.rf.ec494f1ab0c0417fed47095af181f852_aug_6aug117.jpg,Tomato_leaf_late_blight,Tomato_leaf_late_blight,0.9999886751174927,1,1.176711082458496,8.553203582763672,0.17213058471679688,9.904748916625977
dataset/test/Tomato_leaf_late_blight/Late-blight-tomato-leaf-VikramBisht-MBag_jpg.rf.ec494f1ab0c0417fed47095af181f852_aug_7aug116.jpg,Tomato_leaf_late_blight,Tomato_leaf_late_blight,0.9978905320167542,1,1.1423778533935547,8.294331550598145,0.16996479034423828,9.60944938659668
dataset/test/Tomato_leaf_late_blight/Late-blight-tomato-leaf-VikramBisht-MBag_jpg.rf.ec494f1ab0c0417fed47095af181f852_aug_8aug115.jpg,Tomato_leaf_late_blight,Tomato_leaf_late_blight,0.9997265934944153,1,1.1590261459350586,8.308091163635254,0.17392730712890625,9.644302368164062
dataset/test/Tomato_leaf_late_blight/Late-blight-tomato-leaf-VikramBisht-MBag_jpg.rf.ec494f1ab0c0417fed47095af181f852aug2.jpg,Tomato_leaf_late_blight,Tomato_leaf_late_blight,0.9932048320770264,1,1.2281017303466797,8.370442390441895,0.17125988006591797,9.773154258728027
dataset/test/Tomato_leaf_late_blight/LateBlight-Tomato-JJ-2009-17nxg4q_aug_36aug79.jpg,Tomato_leaf_late_blight,Tomato_leaf_late_blight,0.9897093176841736,1,1.1962108612060547,8.723113059997559,0.17309284210205078,10.095453262329102
dataset/test/Tomato_leaf_late_blight/LateBlight-Tomato-JJ-2009-17nxg4q_aug_37aug87.jpg,Tomato_leaf_late_blight,Tomato_leaf_late_blight,0.5716578960418701,1,1.278768539428711,8.289663314819336,0.1848163604736328,9.756284713745117
dataset/test/Tomato_leaf_late_blight/LateBlight-Tomato-JJ-2009-17nxg4q_aug_38aug67.jpg,Tomato_leaf_late_blight,Tomato_leaf_late_blight,0.6419767141342163,1,1.2034339904785156,8.327887535095215,0.1692790985107422,9.703489303588867
dataset/test/Tomato_leaf_late_blight/LateBlight-Tomato-JJ-2009-17nxg4q_jpg.rf.93780f99f071013cf0764b40fc6db48c_aug_48aug77.jpg,Tomato_leaf_late_blight,Tomato_leaf_late_blight,0.9998286962509155,1,1.143136978149414,8.759407997131348,0.2057971954345703,10.111565589904785
dataset/test/Tomato_leaf_late_blight/LateBlight-Tomato-JJ-2009-17nxg4q_jpg.rf.93780f99f071013cf0764b40fc6db48c_aug_49aug65.jpg,Tomato_leaf_late_blight,Tomato_leaf_late_blight,0.9999051094055176,1,1.516768455505371,14.481260299682617,0.2155752182006836,16.21747589111328
dataset/test/Tomato_leaf_late_blight/LateBlight-Tomato-JJ-2009-17nxg4q_jpg.rf.93780f99f071013cf0764b40fc6db48c_aug_50aug75.jpg,Tomato_leaf_late_blight,Tomato_leaf_late_blight,0.9995740056037903,1,1.5324182510375977,16.182750701904297,0.21527957916259766,17.93417263031006
dataset/test/Tomato_leaf_late_blight/LateBlight-Tomato-JJ-2009-17nxg4q_jpg.rf.93780f99f071013cf0764b40fc6db48caug16.jpg,Tomato_leaf_late_blight,Tomato_leaf_late_blight,0.9999992847442627,1,1.5992698669433594,16.76325511932373,0.24346542358398438,18.60995388031006
dataset/test/Tomato_leaf_late_blight/LateBlight-Tomato-JJ-2009-17nxg4qaug12.jpg,Tomato_leaf_late_blight,Tomato_leaf_late_blight,0.84397953748703,1,1.579880714416504,16.714181900024414,0.215576171875,18.513249397277832
dataset/test/Tomato_leaf_late_blight/Lb11_mirror_verticalaug34.jpg,Tomato_leaf_late_blight,Tomato_leaf_late_blight,0.9999797344207764,1,1.6012334823608398,12.889195442199707,0.21377849578857422,14.7077054977417
dataset/test/Tomato_leaf_late_blight/Lb51_mirror_aug_39aug83.jpg,Tomato_leaf_late_blight,Tomato_leaf_late_blight,0.9932705760002136,1,1.524806022644043,11.10505485534668,0.21657657623291016,12.849991798400879
dataset/test/Tomato_leaf_late_blight/Lb51_mirror_aug_40aug96.jpg,Tomato_leaf_late_blight,Tomato_leaf_late_blight,0.9999979734420776,1,1.541193962097168,8.093921661376953,0.1672229766845703,9.805692672729492
dataset/test/Tomato_leaf_late_blight/Lb51_mirror_aug_41aug91.jpg,Tomato_leaf_late_blight,Tomato_leaf_late_blight,0.9999788999557495,1,1.1308221817016602,7.834402084350586,0.16620445251464844,9.134096145629883
dataset/test/Tomato_leaf_late_blight/Lb51_mirroraug13.jpg,Tomato_leaf_late_blight,Tomato_leaf_late_blight,0.9998853206634521,1,1.1462488174438477,7.79277229309082,0.16683483123779297,9.108780860900879
dataset/test/Tomato_leaf_late_blight/Lb52_change_90_aug_42aug64.jpg,Tomato_leaf_late_blight,Tomato_leaf_late_blight,0.9999767541885376,1,1.1119709014892578,7.762421607971191,0.16424179077148438,9.0413179397583
dataset/test/Tomato_leaf_late_blight/Lb52_change_90_aug_43aug63.jpg,Tomato_leaf_late_blight,Tomato_leaf_late_blight,0.9999635219573975,1,1.1441936492919922,7.776790618896484,0.15398120880126953,9.077262878417969
dataset/test/Tomato_leaf_late_blight/Lb52_change_90_aug_44aug70.jpg,Tomato_leaf_late_blight,Tomato_leaf_late_blight,0.9999966621398926,1,1.065673828125,7.8704023361206055,0.1652965545654297,9.104114532470703
dataset/test/Tomato_leaf_late_blight/Lb52_change_90aug14.jpg,Tomato_leaf_late_blight,Tomato_leaf_late_blight,0.9997631907463074,1,1.1960258483886719,7.733549118041992,0.16766738891601562,9.099836349487305
dataset/test/Tomato_leaf_late_blight/Lb69_aug_45aug76.jpg,Tomato_leaf_late_blight,Tomato_leaf_late_blight,0.9986087679862976,1,1.1138954162597656,7.779680252075195,0.1746683120727539,9.071353912353516
dataset/test/Tomato_leaf_late_blight/Lb69_aug_46aug72.jpg,Tomato_leaf_late_blight,Tomato_leaf_late_blight,0.9999725818634033,1,1.1654510498046875,7.8767547607421875,0.16768741607666016,9.213281631469727
dataset/test/Tomato_leaf_late_blight/Lb69_aug_47aug66.jpg,Tomato_leaf_late_blight,Tomato_leaf_late_blight,0.9999163150787354,1,1.109877586364746,7.776272773742676,0.16462993621826172,9.053465843200684
dataset/test/Tomato_leaf_late_blight/Lb69aug15.jpg,Tomato_leaf_late_blight,Tomato_leaf_late_blight,0.9999634027481079,1,1.115248680114746,8.115644454956055,0.17098331451416016,9.404393196105957
dataset/test/Tomato_leaf_late_blight/Lb8_mirror_vertical_aug_10aug118.jpg,Tomato_leaf_late_blight,Tomato_leaf_late_blight,0.9993869066238403,1,1.187230110168457,8.60790729522705,0.1690378189086914,9.967842102050781
dataset/test/Tomato_leaf_late_blight/Lb8_mirror_vertical_aug_11aug111.jpg,Tomato_leaf_late_blight,Tomato_leaf_late_blight,0.9968730807304382,1,1.1631183624267578,8.600666999816895,0.16648197174072266,9.933157920837402
dataset/test/Tomato_leaf_late_blight/Lb8_mirror_vertical_aug_9aug103.jpg,Tomato_leaf_late_blight,Tomato_leaf_late_blight,0.9999094009399414,1,1.1265077590942383,8.617666244506836,0.16351890563964844,9.910248756408691
dataset/test/Tomato_leaf_late_blight/Lb8_mirror_verticalaug3.jpg,Tomato_leaf_late_blight,Tomato_leaf_late_blight,0.9994921684265137,1,1.1276006698608398,8.147441864013672,0.17279720306396484,9.450116157531738
dataset/test/Tomato_leaf_late_blight/Lb97_aug_21aug84.jpg,Tomato_leaf_late_blight,Tomato_leaf_late_blight,0.9999964237213135,1,1.2719717025756836,8.101460456848145,0.17342662811279297,9.550097465515137
dataset/test/Tomato_leaf_late_blight/Lb97_aug_22aug101.jpg,Tomato_leaf_late_blight,Tomato_leaf_late_blight,0.9999994039535522,1,1.3698415756225586,9.032909393310547,0.17444610595703125,10.579919815063477
dataset/test/Tomato_leaf_late_blight/Lb97_aug_23aug82.jpg,Tomato_leaf_late_blight,Tomato_leaf_late_blight,1.0,1,1.198988914489746,8.53688907623291,0.17490863800048828,9.913379669189453
dataset/test/Tomato_leaf_late_blight/Lb97aug7.jpg,Tomato_leaf_late_blight,Tomato_leaf_late_blight,1.0,1,1.1923599243164062,8.221330642700195,0.17129802703857422,9.587616920471191
dataset/test/Tomato_leaf_late_blight/Leaf-2Bsymptoms-2BMDA_jpg.rf.39b220104d04636fad4f5aae043826cb_aug_0aug108.jpg,Tomato_leaf_late_blight,Tomato_leaf_late_blight,0.9999629259109497,1,1.1495256423950195,8.234978675842285,0.21053695678710938,9.597414016723633
dataset/test/Tomato_leaf_late_blight/Leaf-2Bsymptoms-2BMDA_jpg.rf.39b220104d04636fad4f5aae043826cb_aug_1aug106.jpg,Tomato_leaf_late_blight,Tomato_leaf_late_blight,0.999991774559021,1,1.1822290420532227,8.293683052062988,0.1720743179321289,9.650635719299316
dataset/test/Tomato_leaf_late_blight/Leaf-2Bsymptoms-2BMDA_jpg.rf.39b220104d04636fad4f5aae043826cb_aug_2aug119.jpg,Tomato_leaf_late_blight,Tomato_leaf_late_blight,0.9998606443405151,1,1.167618751525879,8.45509147644043,0.1726675033569336,9.7977294921875
dataset/test/Tomato_leaf_late_blight/Leaf-2Bsymptoms-2BMDA_jpg.rf.39b220104d04636fad4f5aae043826cbaug0.jpg,Tomato_leaf_late_blight,Tomato_leaf_late_blight,0.9993857145309448,1,1.2431554794311523,8.510795593261719,0.17242813110351562,9.92921257019043
dataset/test/Tomato_leaf_late_blight/Tomato-20bacterial-20canker-JPG_jpg.rf.8b568c1d5efcfdcef44c606eb076b889_aug_30aug92.jpg,Tomato_leaf_late_blight,Tomato_leaf_late_blight,0.9820183515548706,1,1.1906557083129883,8.57253646850586,0.17387008666992188,9.939599990844727
dataset/test/Tomato_leaf_late_blight/Tomato-20bacterial-20canker-JPG_jpg.rf.8b568c1d5efcfdcef44c606eb076b889_aug_31aug98.jpg,Tomato_leaf_late_blight,Tomato_leaf_late_blight,0.9994131326675415,1,1.231989860534668,8.511813163757324,0.17235279083251953,9.918804168701172
dataset/test/Tomato_leaf_late_blight/Tomato-20bacterial-20canker-JPG_jpg.rf.8b568c1d5efcfdcef44c606eb076b889_aug_32aug90.jpg,Tomato_leaf_late_blight,Tomato_leaf_late_blight,0.7757455706596375,1,1.1781740188598633,8.361091613769531,0.18042755126953125,9.722877502441406
dataset/test/Tomato_leaf_late_blight/Tomato-20bacterial-20canker-JPG_jpg.rf.8b568c1d5efcfdcef44c606eb076b889aug10.jpg,Tomato_leaf_late_blight,Tomato_leaf_late_blight,0.9989802241325378,1,1.2331008911132812,8.50447940826416,0.1738719940185547,9.914008140563965
dataset/test/Tomato_leaf_late_blight/TomatoBlight-JPG_jpg.rf.234cbc5809dc7d942e46760a63e10d9f_aug_33aug88.jpg,Tomato_leaf_late_blight,Tomato_leaf_late_blight,0.9999988079071045,1,1.1436920166015625,8.404498100280762,0.1718158721923828,9.722543716430664
dataset/test/Tomato_leaf_late_blight/TomatoBlight-JPG_jpg.rf.234cbc5809dc7d942e46760a63e10d9f_aug_34aug86.jpg,Tomato_leaf_late_blight,Tomato_leaf_late_blight,0.9999972581863403,1,1.1564521789550781,8.60433292388916,0.16996383666992188,9.93319320678711
dataset/test/Tomato_leaf_late_blight/TomatoBlight-JPG_jpg.rf.234cbc5809dc7d942e46760a63e10d9f_aug_35aug93.jpg,Tomato_leaf_late_blight,Tomato_leaf_late_blight,0.9999518394470215,1,1.1614704132080078,8.395294189453125,0.1713886260986328,9.730655670166016
dataset/test/Tomato_leaf_late_blight/TomatoBlight-JPG_jpg.rf.234cbc5809dc7d942e46760a63e10d9faug11.jpg,Tomato_leaf_late_blight,Tomato_leaf_late_blight,0.9999780654907227,1,1.1710453033447266,8.465757369995117,0.17090797424316406,9.810081481933594
dataset/test/Tomato_leaf_late_blight/dsc_8140cs_aug_3aug114.jpg,Tomato_leaf_late_blight,Tomato_leaf_late_blight,0.9999608993530273,1,1.1670265197753906,11.02673625946045,0.2195749282836914,12.416709899902344
dataset/test/Tomato_leaf_late_blight/dsc_8140cs_aug_4aug99.jpg,Tomato_leaf_late_blight,Tomato_leaf_late_blight,0.9982225298881531,1,1.5587882995605469,11.205647468566895,0.21146583557128906,12.979009628295898
dataset/test/Tomato_leaf_late_blight/dsc_8140cs_aug_5aug102.jpg,Tomato_leaf_late_blight,Tomato_leaf_late_blight,0.999990701675415,1,1.5409183502197266,11.04216480255127,0.21207427978515625,12.798563003540039
dataset/test/Tomato_leaf_late_blight/dsc_8140csaug1.jpg,Tomato_leaf_late_blight,Tomato_leaf_late_blight,0.9970021843910217,1,1.6070661544799805,11.055904388427734,0.20420455932617188,12.870156288146973
dataset/test/Tomato_leaf_late_blight/late_jpg.rf.f64883c6ac50eb4f477851ddc23305e8_aug_69aug47.jpg,Tomato_leaf_late_blight,Tomato_leaf_late_blight,0.659188985824585,1,1.5780467987060547,11.080016136169434,0.21068572998046875,12.87247085571289
dataset/test/Tomato_leaf_late_blight/late_jpg.rf.f64883c6ac50eb4f477851ddc23305e8_aug_70aug48.jpg,Tomato_leaf_late_blight,Tomato_Early_blight_leaf,0.4885103702545166,0,1.5413427352905273,11.132386207580566,0.2091846466064453,12.886157035827637
dataset/test/Tomato_leaf_late_blight/late_jpg.rf.f64883c6ac50eb4f477851ddc23305e8_aug_71aug42.jpg,Tomato_leaf_late_blight,Tomato_leaf_late_blight,0.6739667057991028,1,1.5293245315551758,11.015570640563965,0.2121133804321289,12.760119438171387
dataset/test/Tomato_leaf_late_blight/late_jpg.rf.f64883c6ac50eb4f477851ddc23305e8aug23.jpg,Tomato_leaf_late_blight,Tomato_Early_blight_leaf,0.8782090544700623,0,1.5801582336425781,11.090996742248535,0.21061325073242188,12.884730339050293
dataset/test/Tomato_leaf_late_blight/lateblightTom_lesionaug30.jpg,Tomato_leaf_late_blight,Tomato_leaf_late_blight,0.9950278401374817,1,1.4380455017089844,8.031200408935547,0.1678142547607422,9.639802932739258
dataset/test/Tomato_leaf_late_blight/lb_leaf_lesions2x1200_jpg.rf.3a72cc9627c3ba6d79a876e19220824e_aug_81aug56.jpg,Tomato_leaf_late_blight,Tomato_leaf_late_blight,0.999996542930603,1,1.0975618362426758,8.540055274963379,0.16759300231933594,9.808247566223145
dataset/test/Tomato_leaf_late_blight/lb_leaf_lesions2x1200_jpg.rf.3a72cc9627c3ba6d79a876e19220824e_aug_82aug62.jpg,Tomato_leaf_late_blight,Tomato_leaf_late_blight,0.9999994039535522,1,1.1141738891601562,7.9820709228515625,0.1653900146484375,9.264634132385254
dataset/test/Tomato_leaf_late_blight/lb_leaf_lesions2x1200_jpg.rf.3a72cc9627c3ba6d79a876e19220824e_aug_83aug57.jpg,Tomato_leaf_late_blight,Tomato_leaf_late_blight,0.9999990463256836,1,1.127802848815918,8.030256271362305,0.1682424545288086,9.32889461517334
dataset/test/Tomato_leaf_late_blight/lb_leaf_lesions2x1200_jpg.rf.3a72cc9627c3ba6d79a876e19220824eaug27.jpg,Tomato_leaf_late_blight,Tomato_leaf_late_blight,0.9999997615814209,1,1.0854692459106445,8.394554138183594,0.16770458221435547,9.65017318725586
dataset/test/Tomato_leaf_late_blight/p1020076cs_aug_78aug35.jpg,Tomato_leaf_late_blight,Tomato_leaf_late_blight,0.9999672174453735,1,1.085841178894043,8.071904182434082,0.1653900146484375,9.325967788696289
dataset/test/Tomato_leaf_late_blight/p1020076cs_aug_79aug59.jpg,Tomato_leaf_late_blight,Tomato_leaf_late_blight,0.9999197721481323,1,1.1136550903320312,8.071107864379883,0.1667776107788086,9.354096412658691
dataset/test/Tomato_leaf_late_blight/p1020076cs_aug_80aug55.jpg,Tomato_leaf_late_blight,Tomato_leaf_late_blight,0.9999998807907104,1,1.0647287368774414,8.007996559143066,0.1661663055419922,9.242079734802246
dataset/test/Tomato_leaf_late_blight/p1020076csaug26.jpg,Tomato_leaf_late_blight,Tomato_leaf_late_blight,0.9999384880065918,1,1.0755815505981445,7.956476211547852,0.16520404815673828,9.20005989074707
dataset/test/Tomato_leaf_late_blight/symptoms_of_late_blight_0_jpg.rf.417903f6c86ccb4f4bcd7139e0867018_aug_75aug58.jpg,Tomato_leaf_late_blight,Tomato_leaf_late_blight,0.9999923706054688,1,1.1564149856567383,7.99277400970459,0.1572408676147461,9.309097290039062
dataset/test/Tomato_leaf_late_blight/symptoms_of_late_blight_0_jpg.rf.417903f6c86ccb4f4bcd7139e0867018_aug_76aug54.jpg,Tomato_leaf_late_blight,Tomato_leaf_late_blight,0.9998801946640015,1,1.0885610580444336,7.7774200439453125,0.1682605743408203,9.03659439086914
dataset/test/Tomato_leaf_late_blight/symptoms_of_late_blight_0_jpg.rf.417903f6c86ccb4f4bcd7139e0867018_aug_77aug61.jpg,Tomato_leaf_late_blight,Tomato_leaf_late_blight,0.9999133348464966,1,1.4831933975219727,11.109368324279785,0.20659351348876953,12.803009033203125
dataset/test/Tomato_leaf_late_blight/symptoms_of_late_blight_0_jpg.rf.417903f6c86ccb4f4bcd7139e0867018aug25.jpg,Tomato_leaf_late_blight,Tomato_leaf_late_blight,0.9999868869781494,1,1.541935920715332,11.17990493774414,0.21126079559326172,12.936656951904297
dataset/test/Tomato_leaf_late_blight/tomato-late-blight-leaf-61-3x32_aug_12aug112.jpg,Tomato_leaf_late_blight,Tomato_leaf_late_blight,0.9999972581863403,1,1.4856033325195312,11.128108978271484,0.21183490753173828,12.829489707946777
dataset/test/Tomato_leaf_late_blight/tomato-late-blight-leaf-61-3x32_aug_13aug110.jpg,Tomato_leaf_late_blight,Tomato_leaf_late_blight,0.9111425876617432,1,1.4128608703613281,11.479555130004883,0.21935367584228516,13.115621566772461
dataset/test/Tomato_leaf_late_blight/tomato-late-blight-leaf-61-3x32_aug_14aug105.jpg,Tomato_leaf_late_blight,Tomato_leaf_late_blight,0.9998432397842407,1,1.530120849609375,10.916403770446777,0.21918582916259766,12.66932201385498
dataset/test/Tomato_leaf_late_blight/tomato-late-blight-leaf-61-3x32aug4.jpg,Tomato_leaf_late_blight,Tomato_leaf_late_blight,0.9999901056289673,1,1.4216747283935547,11.14016342163086,0.20253849029541016,12.767729759216309
dataset/test/Tomato_leaf_late_blight/tomato.early.blightH_aug_18aug100.jpg,Tomato_leaf_late_blight,Tomato_Septoria_leaf_spot,0.9966093301773071,0,1.5958824157714844,10.933884620666504,0.25766849517822266,12.7913236618042
dataset/test/Tomato_leaf_late_blight/tomato.early.blightH_aug_19aug107.jpg,Tomato_leaf_late_blight,Tomato_Septoria_leaf_spot,0.9840218424797058,0,1.5741043090820312,11.074904441833496,0.17409324645996094,12.82656478881836
dataset/test/Tomato_leaf_late_blight/tomato.early.blightH_aug_20aug94.jpg,Tomato_leaf_late_blight,Tomato_Septoria_leaf_spot,0.9995790123939514,0,1.1907663345336914,8.007033348083496,0.1652231216430664,9.365893363952637
dataset/test/Tomato_leaf_late_blight/tomato.early.blightHaug6.jpg,Tomato_leaf_late_blight,Tomato_Septoria_leaf_spot,0.9972520470619202,0,1.1763219833374023,7.822124481201172,0.16553878784179688,9.166595458984375
dataset/test/Tomato_leaf_yellow_curl_virus/1342017-162221-44540_jpg.rf.f68314ea4850dade3a214dec71c83715_aug_77aug56.jpg,Tomato_leaf_yellow_curl_virus,Tomato_leaf_yellow_curl_virus,1.0,1,1.1649513244628906,7.896810531616211,0.1661663055419922,9.230374336242676
dataset/test/Tomato_leaf_yellow_curl_virus/1342017-162221-44540_jpg.rf.f68314ea4850dade3a214dec71c83715_aug_78aug81.jpg,Tomato_leaf_yellow_curl_virus,Tomato_leaf_yellow_curl_virus,0.9999833106994629,1,1.1355085372924805,7.935403823852539,0.1648883819580078,9.238188743591309
dataset/test/Tomato_leaf_yellow_curl_virus/1342017-162221-44540_jpg.rf.f68314ea4850dade3a214dec71c83715_aug_79aug60.jpg,Tomato_leaf_yellow_curl_virus,Tomato_leaf_yellow_curl_virus,0.9999992847442627,1,1.1420087814331055,7.925773620605469,0.16185283660888672,9.232003211975098
dataset/test/Tomato_leaf_yellow_curl_virus/1342017-162221-44540_jpg.rf.f68314ea4850dade3a214dec71c83715_aug_80aug64.jpg,Tomato_leaf_yellow_curl_virus,Tomato_leaf_yellow_curl_virus,0.9999966621398926,1,1.1679706573486328,7.718605041503906,0.1780376434326172,9.067428588867188
dataset/test/Tomato_leaf_yellow_curl_virus/1342017-162221-44540_jpg.rf.f68314ea4850dade3a214dec71c83715_aug_81aug61.jpg,Tomato_leaf_yellow_curl_virus,Tomato_leaf_yellow_curl_virus,0.9999995231628418,1,1.2153053283691406,7.767513275146484,0.1655559539794922,9.151281356811523
dataset/test/Tomato_leaf_yellow_curl_virus/1342017-162221-44540_jpg.rf.f68314ea4850dade3a214dec71c83715_aug_82aug80.jpg,Tomato_leaf_yellow_curl_virus,Tomato_leaf_yellow_curl_virus,0.9999996423721313,1,1.1859149932861328,7.735363960266113,0.16561222076416016,9.08968734741211
dataset/test/Tomato_leaf_yellow_curl_virus/1342017-162221-44540_jpg.rf.f68314ea4850dade3a214dec71c83715_aug_83aug70.jpg,Tomato_leaf_yellow_curl_virus,Tomato_leaf_yellow_curl_virus,0.9999982118606567,1,1.164433479309082,7.87540340423584,0.16518592834472656,9.207910537719727
dataset/test/Tomato_leaf_yellow_curl_virus/1342017-162221-44540_jpg.rf.f68314ea4850dade3a214dec71c83715aug11.jpg,Tomato_leaf_yellow_curl_virus,Tomato_leaf_yellow_curl_virus,0.9999991655349731,1,1.1709346771240234,7.847125053405762,0.1638345718383789,9.184244155883789
dataset/test/Tomato_leaf_yellow_curl_virus/8226402877_9abf151b5b_b_jpg.rf.a2dff27e03c5ab47916df5d873c1590f_aug_70aug66.jpg,Tomato_leaf_yellow_curl_virus,Tomato_leaf_yellow_curl_virus,0.9999996423721313,1,1.1020641326904297,7.927143096923828,0.17001914978027344,9.201725959777832
dataset/test/Tomato_leaf_yellow_curl_virus/8226402877_9abf151b5b_b_jpg.rf.a2dff27e03c5ab47916df5d873c1590f_aug_71aug69.jpg,Tomato_leaf_yellow_curl_virus,Tomato_leaf_yellow_curl_virus,0.9999970197677612,1,1.1433582305908203,8.24247932434082,0.17100143432617188,9.560006141662598
dataset/test/Tomato_leaf_yellow_curl_virus/8226402877_9abf151b5b_b_jpg.rf.a2dff27e03c5ab47916df5d873c1590f_aug_72aug73.jpg,Tomato_leaf_yellow_curl_virus,Tomato_leaf_yellow_curl_virus,0.9999979734420776,1,1.1971931457519531,8.306998252868652,0.17081546783447266,9.677950859069824
dataset/test/Tomato_leaf_yellow_curl_virus/8226402877_9abf151b5b_b_jpg.rf.a2dff27e03c5ab47916df5d873c1590f_aug_73aug54.jpg,Tomato_leaf_yellow_curl_virus,Tomato_leaf_yellow_curl_virus,1.0,1,1.1419334411621094,8.250553131103516,0.1696300506591797,9.564691543579102
dataset/test/Tomato_leaf_yellow_curl_virus/8226402877_9abf151b5b_b_jpg.rf.a2dff27e03c5ab47916df5d873c1590f_aug_74aug76.jpg,Tomato_leaf_yellow_curl_virus,Tomato_leaf_yellow_curl_virus,1.0,1,1.2087478637695312,8.344923973083496,0.16851806640625,9.725118637084961
dataset/test/Tomato_leaf_yellow_curl_virus/8226402877_9abf151b5b_b_jpg.rf.a2dff27e03c5ab47916df5d873c1590f_aug_75aug74.jpg,Tomato_leaf_yellow_curl_virus,Tomato_leaf_yellow_curl_virus,1.0,1,1.1387672424316406,8.175552368164062,0.16822338104248047,9.485061645507812
dataset/test/Tomato_leaf_yellow_curl_virus/8226402877_9abf151b5b_b_jpg.rf.a2dff27e03c5ab47916df5d873c1590f_aug_76aug65.jpg,Tomato_leaf_yellow_curl_virus,Tomato_leaf_yellow_curl_virus,1.0,1,1.1469335556030273,8.317276954650879,0.16646385192871094,9.633025169372559
dataset/test/Tomato_leaf_yellow_curl_virus/8226402877_9abf151b5b_b_jpg.rf.a2dff27e03c5ab47916df5d873c1590faug10.jpg,Tomato_leaf_yellow_curl_virus,Tomato_leaf_yellow_curl_virus,1.0,1,1.1629695892333984,8.284923553466797,0.16300106048583984,9.613598823547363
dataset/test/Tomato_leaf_yellow_curl_virus/DSC01999-JPG_jpg.rf.700fa6596ab8750ad0f1c47a0defe191_aug_84aug53.jpg,Tomato_leaf_yellow_curl_virus,Tomato_leaf_yellow_curl_virus,0.9999967813491821,1,1.2220430374145508,8.268794059753418,0.18551921844482422,9.679359436035156
dataset/test/Tomato_leaf_yellow_curl_virus/DSC01999-JPG_jpg.rf.700fa6596ab8750ad0f1c47a0defe191_aug_85aug82.jpg,Tomato_leaf_yellow_curl_virus,Tomato_leaf_yellow_curl_virus,0.9999675750732422,1,1.341933250427246,8.182682991027832,0.17352008819580078,9.701042175292969
dataset/test/Tomato_leaf_yellow_curl_virus/DSC01999-JPG_jpg.rf.700fa6596ab8750ad0f1c47a0defe191_aug_86aug71.jpg,Tomato_leaf_yellow_curl_virus,Tomato_leaf_yellow_curl_virus,0.9999996423721313,1,1.1939525604248047,8.172811508178711,0.17088985443115234,9.540414810180664
dataset/test/Tomato_leaf_yellow_curl_virus/DSC01999-JPG_jpg.rf.700fa6596ab8750ad0f1c47a0defe191_aug_87aug78.jpg,Tomato_leaf_yellow_curl_virus,Tomato_leaf_yellow_curl_virus,0.9999973773956299,1,1.2122306823730469,8.210312843322754,0.20640850067138672,9.63200569152832
dataset/test/Tomato_leaf_yellow_curl_virus/DSC01999-JPG_jpg.rf.700fa6596ab8750ad0f1c47a0defe191_aug_88aug51.jpg,Tomato_leaf_yellow_curl_virus,Tomato_leaf_yellow_curl_virus,0.9999902248382568,1,1.180191993713379,8.12647819519043,0.17185306549072266,9.481616020202637
dataset/test/Tomato_leaf_yellow_curl_virus/DSC01999-JPG_jpg.rf.700fa6596ab8750ad0f1c47a0defe191_aug_89aug63.jpg,Tomato_leaf_yellow_curl_virus,Tomato_leaf_yellow_curl_virus,0.9999849796295166,1,1.1738958358764648,8.101532936096191,0.16922378540039062,9.447580337524414
dataset/test/Tomato_leaf_yellow_curl_virus/DSC01999-JPG_jpg.rf.700fa6596ab8750ad0f1c47a0defe191_aug_90aug85.jpg,Tomato_leaf_yellow_curl_virus,Tomato_leaf_yellow_curl_virus,0.9999939203262329,1,1.2578229904174805,8.167236328125,0.17090892791748047,9.598618507385254
dataset/test/Tomato_leaf_yellow_curl_virus/DSC01999-JPG_jpg.rf.700fa6596ab8750ad0f1c47a0defe191aug12.jpg,Tomato_leaf_yellow_curl_virus,Tomato_leaf_yellow_curl_virus,0.999996542930603,1,1.1509695053100586,8.020162582397461,0.16690826416015625,9.340523719787598
dataset/test/Tomato_leaf_yellow_curl_virus/DSC01999.JPG_aug_63aug68.jpg,Tomato_leaf_yellow_curl_virus,Tomato_leaf_yellow_curl_virus,0.9993870258331299,1,1.2131376266479492,8.149274826049805,0.15737056732177734,9.522210121154785
dataset/test/Tomato_leaf_yellow_curl_virus/DSC01999.JPG_aug_64aug72.jpg,Tomato_leaf_yellow_curl_virus,Tomato_leaf_yellow_curl_virus,0.9996161460876465,1,1.175710678100586,7.9728851318359375,0.16690826416015625,9.318096160888672
dataset/test/Tomato_leaf_yellow_curl_virus/DSC01999.JPG_aug_65aug75.jpg,Tomato_leaf_yellow_curl_virus,Tomato_leaf_yellow_curl_virus,0.9994780421257019,1,1.226766586303711,7.978218078613281,0.1669635772705078,9.374598503112793
dataset/test/Tomato_leaf_yellow_curl_virus/DSC01999.JPG_aug_66aug58.jpg,Tomato_leaf_yellow_curl_virus,Tomato_leaf_yellow_curl_virus,0.9995446801185608,1,1.2202119827270508,8.623758316040039,0.1702404022216797,10.016563415527344
dataset/test/Tomato_leaf_yellow_curl_virus/DSC01999.JPG_aug_67aug83.jpg,Tomato_leaf_yellow_curl_virus,Tomato_leaf_yellow_curl_virus,0.9997968077659607,1,1.1832284927368164,8.155609130859375,0.17020511627197266,9.511506080627441
dataset/test/Tomato_leaf_yellow_curl_virus/DSC01999.JPG_aug_68aug79.jpg,Tomato_leaf_yellow_curl_virus,Tomato_leaf_yellow_curl_virus,0.9982934594154358,1,1.2097482681274414,8.925798416137695,0.24770545959472656,10.386548042297363
dataset/test/Tomato_leaf_yellow_curl_virus/DSC01999.JPG_aug_69aug62.jpg,Tomato_leaf_yellow_curl_virus,Tomato_leaf_yellow_curl_virus,0.9998643398284912,1,1.5925836563110352,11.579648971557617,0.28357505798339844,13.458826065063477
dataset/test/Tomato_leaf_yellow_curl_virus/DSC01999.JPGaug9.jpg,Tomato_leaf_yellow_curl_virus,Tomato_leaf_yellow_curl_virus,0.9995273351669312,1,1.8622703552246094,24.163358688354492,0.21372318267822266,26.243094444274902
dataset/test/Tomato_leaf_yellow_curl_virus/IMG_20251102_155103aug15.jpg,Tomato_leaf_yellow_curl_virus,Tomato_leaf_yellow_curl_virus,0.998970627784729,1,1.5689363479614258,17.764892578125,0.21379756927490234,19.551162719726562
dataset/test/Tomato_leaf_yellow_curl_virus/IMG_20251102_160455_aug_42aug104.jpg,Tomato_leaf_yellow_curl_virus,Tomato_leaf_yellow_curl_virus,0.9370633363723755,1,1.5245466232299805,11.498239517211914,0.21138954162597656,13.237547874450684
dataset/test/Tomato_leaf_yellow_curl_virus/IMG_20251102_160455_aug_43aug111.jpg,Tomato_leaf_yellow_curl_virus,Tomato_leaf_yellow_curl_virus,0.9990267753601074,1,1.486119270324707,11.142868995666504,0.2252798080444336,12.858046531677246
dataset/test/Tomato_leaf_yellow_curl_virus/IMG_20251102_160455_aug_44aug112.jpg,Tomato_leaf_yellow_curl_virus,Tomato_leaf_yellow_curl_virus,0.9982919096946716,1,1.5601205825805664,11.05401611328125,0.22194671630859375,12.840156555175781
dataset/test/Tomato_leaf_yellow_curl_virus/IMG_20251102_160455_aug_45aug108.jpg,Tomato_leaf_yellow_curl_virus,Tomato_leaf_yellow_curl_virus,0.9994590878486633,1,1.497528076171875,8.38634967803955,0.1639270782470703,10.050917625427246
dataset/test/Tomato_leaf_yellow_curl_virus/IMG_20251102_160455_aug_46aug110.jpg,Tomato_leaf_yellow_curl_virus,Tomato_leaf_yellow_curl_virus,0.9996732473373413,1,1.0770435333251953,7.868105888366699,0.16300106048583984,9.110780715942383
dataset/test/Tomato_leaf_yellow_curl_virus/IMG_20251102_160455_aug_47aug98.jpg,Tomato_leaf_yellow_curl_virus,Tomato_leaf_yellow_curl_virus,0.9992639422416687,1,1.0894145965576172,7.73701286315918,0.17852020263671875,9.007596015930176
dataset/test/Tomato_leaf_yellow_curl_virus/IMG_20251102_160455_aug_48aug105.jpg,Tomato_leaf_yellow_curl_virus,Tomato_leaf_yellow_curl_virus,0.9991387128829956,1,1.1751928329467773,7.690290451049805,0.17272281646728516,9.041595458984375
dataset/test/Tomato_leaf_yellow_curl_virus/IMG_20251102_160455aug6.jpg,Tomato_leaf_yellow_curl_virus,Tomato_leaf_yellow_curl_virus,0.999846339225769,1,1.1341743469238281,8.040495872497559,0.1663522720336914,9.343836784362793
dataset/test/Tomato_leaf_yellow_curl_virus/IMG_20251102_160553_aug_35aug49.jpg,Tomato_leaf_yellow_curl_virus,Tomato_leaf_yellow_curl_virus,0.5320239067077637,1,1.172877311706543,7.868846893310547,0.1653156280517578,9.209855079650879
dataset/test/Tomato_leaf_yellow_curl_virus/IMG_20251102_160553_aug_36aug113.jpg,Tomato_leaf_yellow_curl_virus,Tomato_Early_blight_leaf,0.5304408073425293,0,1.180525779724121,7.907530784606934,0.16444683074951172,9.255282402038574
dataset/test/Tomato_leaf_yellow_curl_virus/IMG_20251102_160553_aug_37aug114.jpg,Tomato_leaf_yellow_curl_virus,Tomato_leaf_yellow_curl_virus,0.8704493045806885,1,1.149155616760254,7.868865013122559,0.16511249542236328,9.185836791992188
dataset/test/Tomato_leaf_yellow_curl_virus/IMG_20251102_160553_aug_38aug101.jpg,Tomato_leaf_yellow_curl_virus,Tomato_leaf_yellow_curl_virus,0.8991733193397522,1,1.1360807418823242,7.937717437744141,0.1658172607421875,9.242206573486328
dataset/test/Tomato_leaf_yellow_curl_virus/IMG_20251102_160553_aug_39aug118.jpg,Tomato_leaf_yellow_curl_virus,Tomato_leaf_yellow_curl_virus,0.9126886129379272,1,1.119192123413086,7.815345764160156,0.16531658172607422,9.102706909179688
dataset/test/Tomato_leaf_yellow_curl_virus/IMG_20251102_160553_aug_40aug19.jpg,Tomato_leaf_yellow_curl_virus,Tomato_Early_blight_leaf,0.8324283957481384,0,1.1672296524047852,7.966014862060547,0.1644268035888672,9.300300598144531
dataset/test/Tomato_leaf_yellow_curl_virus/IMG_20251102_160553_aug_41aug119.jpg,Tomato_leaf_yellow_curl_virus,Tomato_leaf_yellow_curl_virus,0.7334839105606079,1,1.1255254745483398,10.0399169921875,0.21039104461669922,11.378868103027344
dataset/test/Tomato_leaf_yellow_curl_virus/IMG_20251102_160553aug5.jpg,Tomato_leaf_yellow_curl_virus,Tomato_leaf_yellow_curl_virus,0.8070672750473022,1,1.7254180908203125,11.275053977966309,0.20885372161865234,13.21243667602539
dataset/test/Tomato_leaf_yellow_curl_virus/TYLCV-tomate-DB-445-171_jpg.rf.9d70326900dd981ab5d49063b0d644f0_aug_21aug41.jpg,Tomato_leaf_yellow_curl_virus,Tomato_leaf_yellow_curl_virus,0.999992847442627,1,1.5014533996582031,11.269165992736816,0.2110748291015625,12.985249519348145
dataset/test/Tomato_leaf_yellow_curl_virus/TYLCV-tomate-DB-445-171_jpg.rf.9d70326900dd981ab5d49063b0d644f0_aug_22aug30.jpg,Tomato_leaf_yellow_curl_virus,Tomato_leaf_yellow_curl_virus,0.9999979734420776,1,1.527252197265625,13.063399314880371,0.26129722595214844,14.854985237121582
dataset/test/Tomato_leaf_yellow_curl_virus/TYLCV-tomate-DB-445-171_jpg.rf.9d70326900dd981ab5d49063b0d644f0_aug_23aug42.jpg,Tomato_leaf_yellow_curl_virus,Tomato_leaf_yellow_curl_virus,0.999998927116394,1,1.6747503280639648,11.066459655761719,0.2104644775390625,12.955491065979004
dataset/test/Tomato_leaf_yellow_curl_virus/TYLCV-tomate-DB-445-171_jpg.rf.9d70326900dd981ab5d49063b0d644f0_aug_24aug45.jpg,Tomato_leaf_yellow_curl_virus,Tomato_leaf_yellow_curl_virus,0.9999994039535522,1,1.5235280990600586,11.114664077758789,0.2120952606201172,12.853638648986816
dataset/test/Tomato_leaf_yellow_curl_virus/TYLCV-tomate-DB-445-171_jpg.rf.9d70326900dd981ab5d49063b0d644f0_aug_25aug20.jpg,Tomato_leaf_yellow_curl_virus,Tomato_leaf_yellow_curl_virus,0.9999866485595703,1,1.5627870559692383,11.102348327636719,0.21163082122802734,12.880194664001465
dataset/test/Tomato_leaf_yellow_curl_virus/TYLCV-tomate-DB-445-171_jpg.rf.9d70326900dd981ab5d49063b0d644f0_aug_26aug18.jpg,Tomato_leaf_yellow_curl_virus,Tomato_leaf_yellow_curl_virus,0.9999998807907104,1,1.6028060913085938,11.143108367919922,0.22322368621826172,12.972749710083008
dataset/test/Tomato_leaf_yellow_curl_virus/TYLCV-tomate-DB-445-171_jpg.rf.9d70326900dd981ab5d49063b0d644f0_aug_27aug29.jpg,Tomato_leaf_yellow_curl_virus,Tomato_leaf_yellow_curl_virus,0.9999998807907104,1,1.6071767807006836,7.96405029296875,0.16329574584960938,9.73767375946045
dataset/test/Tomato_leaf_yellow_curl_virus/TYLCV-tomate-DB-445-171_jpg.rf.9d70326900dd981ab5d49063b0d644f0aug3.jpg,Tomato_leaf_yellow_curl_virus,Tomato_leaf_yellow_curl_virus,0.9999998807907104,1,1.1325435638427734,7.673975944519043,0.16376113891601562,8.972817420959473
dataset/test/Tomato_leaf_yellow_curl_virus/TYLCV4_jpg.rf.2e4accea501a220be9dc475dd1ca3121_aug_10aug22.jpg,Tomato_leaf_yellow_curl_virus,Tomato_leaf_yellow_curl_virus,1.0,1,1.1272659301757812,7.748902320861816,0.16311264038085938,9.0419282913208
dataset/test/Tomato_leaf_yellow_curl_virus/TYLCV4_jpg.rf.2e4accea501a220be9dc475dd1ca3121_aug_11aug44.jpg,Tomato_leaf_yellow_curl_virus,Tomato_leaf_yellow_curl_virus,1.0,1,1.0987653732299805,7.8284759521484375,0.16550159454345703,9.095354080200195
dataset/test/Tomato_leaf_yellow_curl_virus/TYLCV4_jpg.rf.2e4accea501a220be9dc475dd1ca3121_aug_12aug39.jpg,Tomato_leaf_yellow_curl_virus,Tomato_leaf_yellow_curl_virus,1.0,1,1.1004524230957031,7.890161514282227,0.16488933563232422,9.158466339111328
dataset/test/Tomato_leaf_yellow_curl_virus/TYLCV4_jpg.rf.2e4accea501a220be9dc475dd1ca3121_aug_13aug35.jpg,Tomato_leaf_yellow_curl_virus,Tomato_leaf_yellow_curl_virus,0.9999995231628418,1,1.1021738052368164,7.8337907791137695,0.16379642486572266,9.101966857910156
dataset/test/Tomato_leaf_yellow_curl_virus/TYLCV4_jpg.rf.2e4accea501a220be9dc475dd1ca3121_aug_7aug40.jpg,Tomato_leaf_yellow_curl_virus,Tomato_leaf_yellow_curl_virus,1.0,1,1.151432991027832,7.870457649230957,0.1640920639038086,9.188300132751465
dataset/test/Tomato_leaf_yellow_curl_virus/TYLCV4_jpg.rf.2e4accea501a220be9dc475dd1ca3121_aug_8aug33.jpg,Tomato_leaf_yellow_curl_virus,Tomato_leaf_yellow_curl_virus,1.0,1,1.09619140625,7.77121639251709,0.16064834594726562,9.03087329864502
dataset/test/Tomato_leaf_yellow_curl_virus/TYLCV4_jpg.rf.2e4accea501a220be9dc475dd1ca3121_aug_9aug48.jpg,Tomato_leaf_yellow_curl_virus,Tomato_leaf_yellow_curl_virus,1.0,1,1.1043586730957031,7.799642562866211,0.155853271484375,9.06242847442627
dataset/test/Tomato_leaf_yellow_curl_virus/TYLCV4_jpg.rf.2e4accea501a220be9dc475dd1ca3121aug1.jpg,Tomato_leaf_yellow_curl_virus,Tomato_leaf_yellow_curl_virus,1.0,1,1.1117849349975586,7.6221771240234375,0.164520263671875,8.900982856750488
dataset/test/Tomato_leaf_yellow_curl_virus/art_15017325188173_a24a66_aug_14aug36.jpg,Tomato_leaf_yellow_curl_virus,Tomato_leaf_yellow_curl_virus,0.9999513626098633,1,1.1669702529907227,7.785976409912109,0.16266632080078125,9.118151664733887
dataset/test/Tomato_leaf_yellow_curl_virus/art_15017325188173_a24a66_aug_15aug23.jpg,Tomato_leaf_yellow_curl_virus,Tomato_leaf_yellow_curl_virus,0.9998020529747009,1,1.134765625,8.25033187866211,0.1688709259033203,9.557136535644531
dataset/test/Tomato_leaf_yellow_curl_virus/art_15017325188173_a24a66_aug_16aug34.jpg,Tomato_leaf_yellow_curl_virus,Tomato_leaf_yellow_curl_virus,0.9999898672103882,1,1.1824522018432617,8.266016006469727,0.17135334014892578,9.622227668762207
dataset/test/Tomato_leaf_yellow_curl_virus/art_15017325188173_a24a66_aug_17aug43.jpg,Tomato_leaf_yellow_curl_virus,Tomato_leaf_yellow_curl_virus,0.9989287257194519,1,1.2029342651367188,8.400201797485352,0.17114830017089844,9.776876449584961
dataset/test/Tomato_leaf_yellow_curl_virus/art_15017325188173_a24a66_aug_18aug47.jpg,Tomato_leaf_yellow_curl_virus,Tomato_leaf_yellow_curl_virus,0.9980717897415161,1,1.2077293395996094,8.252923965454102,0.17002010345458984,9.633155822753906
dataset/test/Tomato_leaf_yellow_curl_virus/art_15017325188173_a24a66_aug_19aug25.jpg,Tomato_leaf_yellow_curl_virus,Tomato_leaf_yellow_curl_virus,0.9998719692230225,1,1.2610454559326172,8.381053924560547,0.17294597625732422,9.817489624023438
dataset/test/Tomato_leaf_yellow_curl_virus/art_15017325188173_a24a66_aug_20aug46.jpg,Tomato_leaf_yellow_curl_virus,Tomato_leaf_yellow_curl_virus,0.9997091889381409,1,1.1921567916870117,8.20734977722168,0.16996479034423828,9.57241439819336
dataset/test/Tomato_leaf_yellow_curl_virus/art_15017325188173_a24a66aug2.jpg,Tomato_leaf_yellow_curl_virus,Tomato_leaf_yellow_curl_virus,0.9902907013893127,1,1.253767967224121,8.22514533996582,0.16751956939697266,9.649079322814941
dataset/test/Tomato_leaf_yellow_curl_virus/psyllid-yellows_jpg.rf.1d99aab2f43a840be530ce313eb0c0fd_aug_56aug57.jpg,Tomato_leaf_yellow_curl_virus,Tomato_leaf_yellow_curl_virus,0.9999908208847046,1,1.1636924743652344,8.219682693481445,0.17411136627197266,9.560006141662598
dataset/test/Tomato_leaf_yellow_curl_virus/psyllid-yellows_jpg.rf.1d99aab2f43a840be530ce313eb0c0fd_aug_57aug84.jpg,Tomato_leaf_yellow_curl_virus,Tomato_leaf_yellow_curl_virus,0.9999923706054688,1,1.1829891204833984,8.317276000976562,0.16516876220703125,9.667969703674316
dataset/test/Tomato_leaf_yellow_curl_virus/psyllid-yellows_jpg.rf.1d99aab2f43a840be530ce313eb0c0fd_aug_58aug52.jpg,Tomato_leaf_yellow_curl_virus,Tomato_leaf_yellow_curl_virus,0.9999923706054688,1,1.1948776245117188,8.142977714538574,0.18170452117919922,9.522006034851074
dataset/test/Tomato_leaf_yellow_curl_virus/psyllid-yellows_jpg.rf.1d99aab2f43a840be530ce313eb0c0fd_aug_59aug77.jpg,Tomato_leaf_yellow_curl_virus,Tomato_leaf_yellow_curl_virus,0.9999998807907104,1,1.2834901809692383,8.339201927185059,0.17235279083251953,9.797785758972168
dataset/test/Tomato_leaf_yellow_curl_virus/psyllid-yellows_jpg.rf.1d99aab2f43a840be530ce313eb0c0fd_aug_60aug86.jpg,Tomato_leaf_yellow_curl_virus,Tomato_leaf_yellow_curl_virus,0.9999796152114868,1,1.2284889221191406,8.128199577331543,0.17142772674560547,9.531097412109375
dataset/test/Tomato_leaf_yellow_curl_virus/psyllid-yellows_jpg.rf.1d99aab2f43a840be530ce313eb0c0fd_aug_61aug59.jpg,Tomato_leaf_yellow_curl_virus,Tomato_leaf_yellow_curl_virus,0.9999821186065674,1,1.2572669982910156,8.298738479614258,0.17125988006591797,9.730100631713867
dataset/test/Tomato_leaf_yellow_curl_virus/psyllid-yellows_jpg.rf.1d99aab2f43a840be530ce313eb0c0fd_aug_62aug67.jpg,Tomato_leaf_yellow_curl_virus,Tomato_leaf_yellow_curl_virus,0.9999945163726807,1,1.1740999221801758,8.53123950958252,0.17113113403320312,9.878748893737793
dataset/test/Tomato_leaf_yellow_curl_virus/psyllid-yellows_jpg.rf.1d99aab2f43a840be530ce313eb0c0fdaug8.jpg,Tomato_leaf_yellow_curl_virus,Tomato_leaf_yellow_curl_virus,0.9999687671661377,1,1.174971580505371,8.373943328857422,0.1701488494873047,9.72122859954834
dataset/test/Tomato_leaf_yellow_curl_virus/tj5itxzunn3k_jpg.rf.4aeda27b2535578e718fe6279491d0d4_aug_49aug102.jpg,Tomato_leaf_yellow_curl_virus,Tomato_leaf_yellow_curl_virus,0.9999935626983643,1,1.0984888076782227,8.271441459655762,0.1710376739501953,9.543708801269531
dataset/test/Tomato_leaf_yellow_curl_virus/tj5itxzunn3k_jpg.rf.4aeda27b2535578e718fe6279491d0d4_aug_50aug109.jpg,Tomato_leaf_yellow_curl_virus,Tomato_leaf_yellow_curl_virus,1.0,1,1.152338981628418,8.835612297058105,0.16979694366455078,10.160547256469727
dataset/test/Tomato_leaf_yellow_curl_virus/tj5itxzunn3k_jpg.rf.4aeda27b2535578e718fe6279491d0d4_aug_51aug99.jpg,Tomato_leaf_yellow_curl_virus,Tomato_leaf_yellow_curl_virus,0.9999971389770508,1,1.1102485656738281,8.377054214477539,0.16953754425048828,9.65945053100586
dataset/test/Tomato_leaf_yellow_curl_virus/tj5itxzunn3k_jpg.rf.4aeda27b2535578e718fe6279491d0d4_aug_52aug103.jpg,Tomato_leaf_yellow_curl_virus,Tomato_leaf_yellow_curl_virus,0.9999996423721313,1,1.1512117385864258,8.325092315673828,0.17148303985595703,9.650431632995605
dataset/test/Tomato_leaf_yellow_curl_virus/tj5itxzunn3k_jpg.rf.4aeda27b2535578e718fe6279491d0d4_aug_53aug100.jpg,Tomato_leaf_yellow_curl_virus,Tomato_leaf_yellow_curl_virus,0.9999849796295166,1,1.0910072326660156,8.2609224319458,0.16924285888671875,9.523894309997559
dataset/test/Tomato_leaf_yellow_curl_virus/tj5itxzunn3k_jpg.rf.4aeda27b2535578e718fe6279491d0d4_aug_54aug106.jpg,Tomato_leaf_yellow_curl_virus,Tomato_leaf_yellow_curl_virus,1.0,1,1.1400070190429688,8.55118465423584,0.17018604278564453,9.864286422729492
dataset/test/Tomato_leaf_yellow_curl_virus/tj5itxzunn3k_jpg.rf.4aeda27b2535578e718fe6279491d0d4_aug_55aug107.jpg,Tomato_leaf_yellow_curl_virus,Tomato_leaf_yellow_curl_virus,0.999990701675415,1,1.0978403091430664,8.289664268493652,0.1709280014038086,9.561320304870605
dataset/test/Tomato_leaf_yellow_curl_virus/tj5itxzunn3k_jpg.rf.4aeda27b2535578e718fe6279491d0d4aug7.jpg,Tomato_leaf_yellow_curl_virus,Tomato_leaf_yellow_curl_virus,0.9999992847442627,1,1.274155616760254,8.233607292175293,0.1697235107421875,9.680766105651855
dataset/test/Tomato_leaf_yellow_curl_virus/tomato-yellow-closeup-3_aug_28aug16.jpg,Tomato_leaf_yellow_curl_virus,Tomato_leaf_yellow_curl_virus,0.9952231049537659,1,1.2046928405761719,8.212794303894043,0.1704092025756836,9.59048843383789
dataset/test/Tomato_leaf_yellow_curl_virus/tomato-yellow-closeup-3_aug_29aug27.jpg,Tomato_leaf_yellow_curl_virus,Tomato_mold_leaf,0.7509057521820068,0,1.1979150772094727,8.452998161315918,0.17438983917236328,9.828396797180176
dataset/test/Tomato_leaf_yellow_curl_virus/tomato-yellow-closeup-3_aug_30aug117.jpg,Tomato_leaf_yellow_curl_virus,Tomato_leaf_yellow_curl_virus,0.9929191470146179,1,1.268101692199707,8.168349266052246,0.16896438598632812,9.608543395996094
dataset/test/Tomato_leaf_yellow_curl_virus/tomato-yellow-closeup-3_aug_31aug31.jpg,Tomato_leaf_yellow_curl_virus,Tomato_leaf_yellow_curl_virus,0.5601025223731995,1,1.1741924285888672,8.2004976272583,0.1700572967529297,9.547356605529785
dataset/test/Tomato_leaf_yellow_curl_virus/tomato-yellow-closeup-3_aug_32aug115.jpg,Tomato_leaf_yellow_curl_virus,Tomato_leaf_yellow_curl_virus,0.5061894059181213,1,1.1691370010375977,8.250404357910156,0.20953845977783203,9.632098197937012
dataset/test/Tomato_leaf_yellow_curl_virus/tomato-yellow-closeup-3_aug_33aug116.jpg,Tomato_leaf_yellow_curl_virus,Tomato_leaf_late_blight,0.5290367603302002,0,1.1739511489868164,8.312424659729004,0.16898345947265625,9.658025741577148
dataset/test/Tomato_leaf_yellow_curl_virus/tomato-yellow-closeup-3_aug_34aug26.jpg,Tomato_leaf_yellow_curl_virus,Tomato_leaf_yellow_curl_virus,0.9997403025627136,1,1.1666374206542969,8.647945404052734,0.17314910888671875,9.99056339263916
dataset/test/Tomato_leaf_yellow_curl_virus/tomato-yellow-closeup-3aug4.jpg,Tomato_leaf_yellow_curl_virus,Tomato_mold_leaf,0.6310029029846191,0,1.2036924362182617,9.129688262939453,0.16994476318359375,10.506401062011719
dataset/test/Tomato_leaf_yellow_curl_virus/tomato-yellow-leaf-curl-virus-tomato-1_aug_100aug92.jpg,Tomato_leaf_yellow_curl_virus,Tomato_leaf_yellow_curl_virus,0.9999996423721313,1,1.236433982849121,13.62386703491211,0.20626163482666016,15.069596290588379
dataset/test/Tomato_leaf_yellow_curl_virus/tomato-yellow-leaf-curl-virus-tomato-1_aug_101aug95.jpg,Tomato_leaf_yellow_curl_virus,Tomato_leaf_yellow_curl_virus,0.9999932050704956,1,1.5619735717773438,11.20720100402832,0.2108907699584961,12.984047889709473
dataset/test/Tomato_leaf_yellow_curl_virus/tomato-yellow-leaf-curl-virus-tomato-1_aug_102aug88.jpg,Tomato_leaf_yellow_curl_virus,Tomato_leaf_yellow_curl_virus,0.9999998807907104,1,1.540602684020996,11.076238632202148,0.20901870727539062,12.829527854919434
dataset/test/Tomato_leaf_yellow_curl_virus/tomato-yellow-leaf-curl-virus-tomato-1_aug_103aug93.jpg,Tomato_leaf_yellow_curl_virus,Tomato_leaf_yellow_curl_virus,0.9999995231628418,1,1.6189727783203125,11.097681999206543,0.2501678466796875,12.970657348632812
dataset/test/Tomato_leaf_yellow_curl_virus/tomato-yellow-leaf-curl-virus-tomato-1_aug_98aug91.jpg,Tomato_leaf_yellow_curl_virus,Tomato_leaf_yellow_curl_virus,0.9999948740005493,1,1.5387516021728516,11.006645202636719,0.20729827880859375,12.756174087524414
dataset/test/Tomato_leaf_yellow_curl_virus/tomato-yellow-leaf-curl-virus-tomato-1_aug_99aug90.jpg,Tomato_leaf_yellow_curl_virus,Tomato_leaf_yellow_curl_virus,0.9999951124191284,1,1.548196792602539,11.051460266113281,0.21302032470703125,12.816471099853516
dataset/test/Tomato_leaf_yellow_curl_virus/tomato-yellow-leaf-curl-virus-tomato-1aug14.jpg,Tomato_leaf_yellow_curl_virus,Tomato_leaf_yellow_curl_virus,0.9999997615814209,1,1.5430288314819336,11.019905090332031,0.20853805541992188,12.774508476257324
dataset/test/Tomato_leaf_yellow_curl_virus/tomatoyellowleafcurlcropped_aug_91aug55.jpg,Tomato_leaf_yellow_curl_virus,Tomato_leaf_yellow_curl_virus,0.9999985694885254,1,1.5725841522216797,11.057497024536133,0.21137237548828125,12.84504508972168
dataset/test/Tomato_leaf_yellow_curl_virus/tomatoyellowleafcurlcropped_aug_92aug89.jpg,Tomato_leaf_yellow_curl_virus,Tomato_leaf_yellow_curl_virus,0.9999996423721313,1,1.5486946105957031,7.99062442779541,0.16674232482910156,9.709210395812988
dataset/test/Tomato_leaf_yellow_curl_virus/tomatoyellowleafcurlcropped_aug_93aug97.jpg,Tomato_leaf_yellow_curl_virus,Tomato_leaf_yellow_curl_virus,0.9999996423721313,1,1.1961374282836914,8.02268123626709,0.16887187957763672,9.3906888961792
dataset/test/Tomato_leaf_yellow_curl_virus/tomatoyellowleafcurlcropped_aug_94aug50.jpg,Tomato_leaf_yellow_curl_virus,Tomato_leaf_yellow_curl_virus,0.9999463558197021,1,1.1744890213012695,8.051996231079102,0.16622257232666016,9.395096778869629
dataset/test/Tomato_leaf_yellow_curl_virus/tomatoyellowleafcurlcropped_aug_95aug87.jpg,Tomato_leaf_yellow_curl_virus,Tomato_leaf_yellow_curl_virus,0.9999988079071045,1,1.181915283203125,8.268646240234375,0.16683387756347656,9.62026596069336
dataset/test/Tomato_leaf_yellow_curl_virus/tomatoyellowleafcurlcropped_aug_96aug96.jpg,Tomato_leaf_yellow_curl_virus,Tomato_leaf_yellow_curl_virus,0.9999985694885254,1,1.1331367492675781,8.10612678527832,0.16759300231933594,9.409579277038574
dataset/test/Tomato_leaf_yellow_curl_virus/tomatoyellowleafcurlcropped_aug_97aug94.jpg,Tomato_leaf_yellow_curl_virus,Tomato_leaf_yellow_curl_virus,0.9999403953552246,1,1.1760272979736328,8.187773704528809,0.16766929626464844,9.533987998962402
dataset/test/Tomato_leaf_yellow_curl_virus/tomatoyellowleafcurlcroppedaug13.jpg,Tomato_leaf_yellow_curl_virus,Tomato_leaf_yellow_curl_virus,0.9999998807907104,1,1.1227302551269531,8.067014694213867,0.16298294067382812,9.355467796325684
dataset/test/Tomato_leaf_yellow_curl_virus/virus1_aug_0aug37.jpg,Tomato_leaf_yellow_curl_virus,Tomato_leaf_yellow_curl_virus,0.9999791383743286,1,1.116525650024414,8.204127311706543,0.159759521484375,9.482450485229492
dataset/test/Tomato_leaf_yellow_curl_virus/virus1_aug_1aug21.jpg,Tomato_leaf_yellow_curl_virus,Tomato_leaf_yellow_curl_virus,0.9983729124069214,1,1.1063957214355469,7.947088241577148,0.16700077056884766,9.222930908203125
dataset/test/Tomato_leaf_yellow_curl_virus/virus1_aug_2aug24.jpg,Tomato_leaf_yellow_curl_virus,Tomato_leaf_yellow_curl_virus,0.999992847442627,1,1.126692771911621,8.046459197998047,0.17037105560302734,9.345985412597656
dataset/test/Tomato_leaf_yellow_curl_virus/virus1_aug_3aug17.jpg,Tomato_leaf_yellow_curl_virus,Tomato_leaf_yellow_curl_virus,0.9947405457496643,1,1.1196374893188477,7.987107276916504,0.16844558715820312,9.278022766113281
dataset/test/Tomato_leaf_yellow_curl_virus/virus1_aug_4aug28.jpg,Tomato_leaf_yellow_curl_virus,Tomato_leaf_yellow_curl_virus,0.9995536208152771,1,1.1541004180908203,8.150699615478516,0.1675577163696289,9.475171089172363
dataset/test/Tomato_leaf_yellow_curl_virus/virus1_aug_5aug32.jpg,Tomato_leaf_yellow_curl_virus,Tomato_leaf_yellow_curl_virus,0.9947405457496643,1,1.1130447387695312,8.141200065612793,0.16861248016357422,9.425670623779297
dataset/test/Tomato_leaf_yellow_curl_virus/virus1_aug_6aug38.jpg,Tomato_leaf_yellow_curl_virus,Tomato_leaf_yellow_curl_virus,0.9907604455947876,1,1.119063377380371,8.103182792663574,0.16863155364990234,9.39372730255127
dataset/test/Tomato_leaf_yellow_curl_virus/virus1aug0.jpg,Tomato_leaf_yellow_curl_virus,Tomato_leaf_yellow_curl_virus,0.9975199103355408,1,1.1497297286987305,8.103644371032715,0.1676321029663086,9.423893928527832
dataset/test/Tomato_mold_leaf/IMG-20240724-WA0020_aug_68aug87.jpg,Tomato_mold_leaf,Tomato_mold_leaf,0.9975897073745728,1,1.166748046875,8.168069839477539,0.16637039184570312,9.503986358642578
dataset/test/Tomato_mold_leaf/IMG-20240724-WA0020_aug_69aug97.jpg,Tomato_mold_leaf,Tomato_mold_leaf,0.9046527743339539,1,1.1423406600952148,8.138626098632812,0.19298267364501953,9.477134704589844
dataset/test/Tomato_mold_leaf/IMG-20240724-WA0020_aug_70aug82.jpg,Tomato_mold_leaf,Tomato_mold_leaf,0.935351550579071,1,1.3591938018798828,8.31712818145752,0.16700077056884766,9.846359252929688
dataset/test/Tomato_mold_leaf/IMG-20240724-WA0020_aug_71aug98.jpg,Tomato_mold_leaf,Tomato_mold_leaf,0.9960869550704956,1,1.1446733474731445,8.181904792785645,0.16737079620361328,9.496689796447754
dataset/test/Tomato_mold_leaf/IMG-20240724-WA0020aug17.jpg,Tomato_mold_leaf,Tomato_mold_leaf,0.8944740295410156,1,1.2033042907714844,9.082207679748535,0.16848278045654297,10.45728874206543
dataset/test/Tomato_mold_leaf/IMG-20240724-WA0044_aug_10aug44.jpg,Tomato_mold_leaf,Tomato_mold_leaf,0.999257504940033,1,1.2076568603515625,8.152886390686035,0.16809368133544922,9.531598091125488
dataset/test/Tomato_mold_leaf/IMG-20240724-WA0044_aug_11aug49.jpg,Tomato_mold_leaf,Tomato_mold_leaf,0.7973303198814392,1,1.2602100372314453,18.097893714904785,0.1761484146118164,19.53664493560791
dataset/test/Tomato_mold_leaf/IMG-20240724-WA0044_aug_8aug35.jpg,Tomato_mold_leaf,Tomato_mold_leaf,0.6489791870117188,1,1.2628974914550781,11.853038787841797,0.2124462127685547,13.331178665161133
dataset/test/Tomato_mold_leaf/IMG-20240724-WA0044_aug_9aug41.jpg,Tomato_mold_leaf,Tomato_mold_leaf,0.8873934745788574,1,1.3327312469482422,10.417455673217773,0.1989459991455078,11.951577186584473
dataset/test/Tomato_mold_leaf/IMG-20240724-WA0044aug2.jpg,Tomato_mold_leaf,Tomato_mold_leaf,0.8688063621520996,1,1.2090091705322266,8.298405647277832,0.1761302947998047,9.68602466583252
dataset/test/Tomato_mold_leaf/IMG-20240724-WA0055_aug_28aug27.jpg,Tomato_mold_leaf,Tomato_mold_leaf,0.9999606609344482,1,1.1749153137207031,8.37070083618164,0.16881465911865234,9.717303276062012
dataset/test/Tomato_mold_leaf/IMG-20240724-WA0055_aug_29aug28.jpg,Tomato_mold_leaf,Tomato_mold_leaf,0.999508261680603,1,1.197378158569336,8.545961380004883,0.16561126708984375,9.911507606506348
dataset/test/Tomato_mold_leaf/IMG-20240724-WA0055_aug_30aug43.jpg,Tomato_mold_leaf,Tomato_mold_leaf,0.999984622001648,1,1.1578044891357422,8.329571723937988,0.1609640121459961,9.650765419006348
dataset/test/Tomato_mold_leaf/IMG-20240724-WA0055_aug_31aug50.jpg,Tomato_mold_leaf,Tomato_mold_leaf,0.9999840259552002,1,1.152247428894043,8.224997520446777,0.17520523071289062,9.554950714111328
dataset/test/Tomato_mold_leaf/IMG-20240724-WA0055aug7.jpg,Tomato_mold_leaf,Tomato_mold_leaf,0.9999767541885376,1,1.304286003112793,8.348997116088867,0.17359352111816406,9.829341888427734
dataset/test/Tomato_mold_leaf/IMG-20240724-WA0065_aug_80aug69.jpg,Tomato_mold_leaf,Tomato_mold_leaf,0.9999426603317261,1,1.206674575805664,8.284757614135742,0.1727428436279297,9.66732120513916
dataset/test/Tomato_mold_leaf/IMG-20240724-WA0065_aug_81aug70.jpg,Tomato_mold_leaf,Tomato_mold_leaf,0.9999954700469971,1,1.253453254699707,8.39838695526123,0.1745738983154297,9.829379081726074
dataset/test/Tomato_mold_leaf/IMG-20240724-WA0065_aug_82aug66.jpg,Tomato_mold_leaf,Tomato_mold_leaf,0.9998884201049805,1,1.1854333877563477,8.430257797241211,0.17531585693359375,9.794081687927246
dataset/test/Tomato_mold_leaf/IMG-20240724-WA0065_aug_83aug65.jpg,Tomato_mold_leaf,Tomato_mold_leaf,0.999993085861206,1,1.197174072265625,8.591814041137695,0.17366790771484375,9.965822219848633
dataset/test/Tomato_mold_leaf/IMG-20240724-WA0065aug20.jpg,Tomato_mold_leaf,Tomato_mold_leaf,0.9998072981834412,1,1.1848220825195312,8.480979919433594,0.17461204528808594,9.843026161193848
dataset/test/Tomato_mold_leaf/IMG-20240725-WA0031_aug_0aug46.jpg,Tomato_mold_leaf,Tomato_mold_leaf,0.9992371797561646,1,1.1857662200927734,8.468905448913574,0.17203712463378906,9.8295259475708
dataset/test/Tomato_mold_leaf/IMG-20240725-WA0031_aug_1aug47.jpg,Tomato_mold_leaf,Tomato_mold_leaf,0.9950098991394043,1,1.1317481994628906,8.437906265258789,0.17879581451416016,9.75167465209961
dataset/test/Tomato_mold_leaf/IMG-20240725-WA0031_aug_2aug37.jpg,Tomato_mold_leaf,Tomato_mold_leaf,0.9992371797561646,1,1.1838769912719727,8.468832015991211,0.17296409606933594,9.828713417053223
dataset/test/Tomato_mold_leaf/IMG-20240725-WA0031_aug_3aug45.jpg,Tomato_mold_leaf,Tomato_mold_leaf,0.9988672733306885,1,1.126267433166504,8.488666534423828,0.17850208282470703,9.79608154296875
dataset/test/Tomato_mold_leaf/IMG-20240725-WA0031aug0.jpg,Tomato_mold_leaf,Tomato_mold_leaf,0.9962551593780518,1,1.1978235244750977,8.224275588989258,0.16794586181640625,9.593284606933594
dataset/test/Tomato_mold_leaf/IMG-20240725-WA0039_aug_72aug79.jpg,Tomato_mold_leaf,Tomato_mold_leaf,1.0,1,1.1590442657470703,8.4721097946167,0.1736307144165039,9.807452201843262
dataset/test/Tomato_mold_leaf/IMG-20240725-WA0039_aug_73aug95.jpg,Tomato_mold_leaf,Tomato_mold_leaf,1.0,1,1.1324892044067383,8.657758712768555,0.31063175201416016,10.103768348693848
dataset/test/Tomato_mold_leaf/IMG-20240725-WA0039_aug_74aug71.jpg,Tomato_mold_leaf,Tomato_mold_leaf,1.0,1,1.0930442810058594,8.347905158996582,0.17001819610595703,9.61424732208252
dataset/test/Tomato_mold_leaf/IMG-20240725-WA0039_aug_75aug80.jpg,Tomato_mold_leaf,Tomato_mold_leaf,1.0,1,1.1175432205200195,9.042243957519531,0.1698150634765625,10.332639694213867
dataset/test/Tomato_mold_leaf/IMG-20240725-WA0039aug18.jpg,Tomato_mold_leaf,Tomato_mold_leaf,1.0,1,1.1039514541625977,8.312590599060059,0.1710205078125,9.590635299682617
dataset/test/Tomato_mold_leaf/IMG-20240727-WA0038_aug_40aug105.jpg,Tomato_mold_leaf,Tomato_mold_leaf,0.9999091625213623,1,1.1430444717407227,8.371941566467285,0.16757488250732422,9.685192108154297
dataset/test/Tomato_mold_leaf/IMG-20240727-WA0038_aug_41aug106.jpg,Tomato_mold_leaf,Tomato_mold_leaf,0.9999642372131348,1,1.2014703750610352,8.27203369140625,0.16879844665527344,9.645487785339355
dataset/test/Tomato_mold_leaf/IMG-20240727-WA0038_aug_42aug116.jpg,Tomato_mold_leaf,Tomato_mold_leaf,1.0,1,1.1086559295654297,8.066423416137695,0.1706676483154297,9.348393440246582
dataset/test/Tomato_mold_leaf/IMG-20240727-WA0038_aug_43aug110.jpg,Tomato_mold_leaf,Tomato_mold_leaf,0.9999579191207886,1,1.1916923522949219,8.054645538330078,0.1687784194946289,9.418264389038086
dataset/test/Tomato_mold_leaf/IMG-20240727-WA0038aug10.jpg,Tomato_mold_leaf,Tomato_mold_leaf,0.9999998807907104,1,1.1161375045776367,8.403703689575195,0.1719074249267578,9.694785118103027
dataset/test/Tomato_mold_leaf/IMG-20240727-WA0040_aug_56aug92.jpg,Tomato_mold_leaf,Tomato_mold_leaf,0.9999997615814209,1,1.1130809783935547,8.397330284118652,0.17157459259033203,9.685154914855957
dataset/test/Tomato_mold_leaf/IMG-20240727-WA0040_aug_57aug83.jpg,Tomato_mold_leaf,Tomato_mold_leaf,0.9999977350234985,1,1.187138557434082,8.320663452148438,0.17216777801513672,9.68308162689209
dataset/test/Tomato_mold_leaf/IMG-20240727-WA0040_aug_58aug77.jpg,Tomato_mold_leaf,Tomato_mold_leaf,0.9999994039535522,1,1.1245441436767578,8.208979606628418,0.16761207580566406,9.504171371459961
dataset/test/Tomato_mold_leaf/IMG-20240727-WA0040_aug_59aug94.jpg,Tomato_mold_leaf,Tomato_mold_leaf,0.9999936819076538,1,1.1837854385375977,8.373980522155762,0.16933441162109375,9.729877471923828
dataset/test/Tomato_mold_leaf/IMG-20240727-WA0040aug14.jpg,Tomato_mold_leaf,Tomato_mold_leaf,0.9999998807907104,1,1.1279335021972656,8.297831535339355,0.17046451568603516,9.598709106445312
dataset/test/Tomato_mold_leaf/IMG-20240727-WA0124_aug_20aug54.jpg,Tomato_mold_leaf,Tomato_mold_leaf,0.9999994039535522,1,1.1393604278564453,8.329424858093262,0.17200088500976562,9.643376350402832
dataset/test/Tomato_mold_leaf/IMG-20240727-WA0124_aug_21aug38.jpg,Tomato_mold_leaf,Tomato_mold_leaf,1.0,1,1.1779890060424805,8.252516746520996,0.17798328399658203,9.611432075500488
dataset/test/Tomato_mold_leaf/IMG-20240727-WA0124_aug_22aug31.jpg,Tomato_mold_leaf,Tomato_mold_leaf,0.9999995231628418,1,1.15374755859375,8.332405090332031,0.17057418823242188,9.659302711486816
dataset/test/Tomato_mold_leaf/IMG-20240727-WA0124_aug_23aug55.jpg,Tomato_mold_leaf,Tomato_mold_leaf,0.9999978542327881,1,1.1846914291381836,8.312033653259277,0.1701669692993164,9.669543266296387
dataset/test/Tomato_mold_leaf/IMG-20240727-WA0124aug5.jpg,Tomato_mold_leaf,Tomato_mold_leaf,1.0,1,1.1443405151367188,8.391942977905273,0.1704092025756836,9.70930290222168
dataset/test/Tomato_mold_leaf/IMG-20240727-WA0153_aug_92aug58.jpg,Tomato_mold_leaf,Tomato_mold_leaf,1.0,1,1.1182670593261719,8.244255065917969,0.19994544982910156,9.565339088439941
dataset/test/Tomato_mold_leaf/IMG-20240727-WA0153_aug_93aug60.jpg,Tomato_mold_leaf,Tomato_mold_leaf,1.0,1,1.1216001510620117,8.375406265258789,0.16463184356689453,9.66391372680664
dataset/test/Tomato_mold_leaf/IMG-20240727-WA0153aug23.jpg,Tomato_mold_leaf,Tomato_mold_leaf,1.0,1,1.1057844161987305,8.07597827911377,0.3319282531738281,9.516135215759277
dataset/test/Tomato_mold_leaf/IMG-20240727-WA0165aug25.jpg,Tomato_mold_leaf,Tomato_mold_leaf,1.0,1,1.0992460250854492,8.139053344726562,0.1831674575805664,9.424339294433594
dataset/test/Tomato_mold_leaf/IMG-20240728-WA0028_aug_64aug91.jpg,Tomato_mold_leaf,Tomato_mold_leaf,1.0,1,1.2397480010986328,8.105145454406738,0.17194366455078125,9.51919174194336
dataset/test/Tomato_mold_leaf/IMG-20240728-WA0028_aug_65aug86.jpg,Tomato_mold_leaf,Tomato_mold_leaf,1.0,1,1.1140804290771484,8.33760929107666,0.1699819564819336,9.624486923217773
dataset/test/Tomato_mold_leaf/IMG-20240728-WA0028_aug_66aug78.jpg,Tomato_mold_leaf,Tomato_mold_leaf,1.0,1,1.134674072265625,8.273090362548828,0.17238998413085938,9.583043098449707
dataset/test/Tomato_mold_leaf/IMG-20240728-WA0028_aug_67aug99.jpg,Tomato_mold_leaf,Tomato_mold_leaf,1.0,1,1.1291370391845703,8.329219818115234,0.17077922821044922,9.631783485412598
dataset/test/Tomato_mold_leaf/IMG-20240728-WA0028aug16.jpg,Tomato_mold_leaf,Tomato_mold_leaf,1.0,1,1.1361007690429688,8.285811424255371,0.17035293579101562,9.595376014709473
dataset/test/Tomato_mold_leaf/IMG-20240728-WA0068_aug_12aug29.jpg,Tomato_mold_leaf,Tomato_mold_leaf,1.0,1,1.135711669921875,8.372406005859375,0.16953754425048828,9.680634498596191
dataset/test/Tomato_mold_leaf/IMG-20240728-WA0068_aug_13aug30.jpg,Tomato_mold_leaf,Tomato_mold_leaf,0.9999998807907104,1,1.1204519271850586,8.391016960144043,0.20035266876220703,9.714507102966309
dataset/test/Tomato_mold_leaf/IMG-20240728-WA0068_aug_14aug56.jpg,Tomato_mold_leaf,Tomato_mold_leaf,0.9999998807907104,1,1.129136085510254,8.295183181762695,0.16863155364990234,9.596006393432617
dataset/test/Tomato_mold_leaf/IMG-20240728-WA0068_aug_15aug42.jpg,Tomato_mold_leaf,Tomato_mold_leaf,1.0,1,1.1173591613769531,8.246071815490723,0.16213035583496094,9.528098106384277
dataset/test/Tomato_mold_leaf/IMG-20240728-WA0068aug3.jpg,Tomato_mold_leaf,Tomato_mold_leaf,0.9999957084655762,1,1.1498594284057617,8.390591621398926,0.1909465789794922,9.73447036743164
dataset/test/Tomato_mold_leaf/IMG-20240728-WA0074_aug_44aug102.jpg,Tomato_mold_leaf,Tomato_mold_leaf,0.9999960660934448,1,1.2256383895874023,8.158756256103516,0.1716318130493164,9.558951377868652
dataset/test/Tomato_mold_leaf/IMG-20240728-WA0074_aug_45aug75.jpg,Tomato_mold_leaf,Tomato_mold_leaf,0.999993085861206,1,1.2379531860351562,8.387110710144043,0.17109394073486328,9.798710823059082
dataset/test/Tomato_mold_leaf/IMG-20240728-WA0074_aug_46aug89.jpg,Tomato_mold_leaf,Tomato_mold_leaf,0.9999878406524658,1,1.1322851181030273,8.250774383544922,0.1706686019897461,9.556468963623047
dataset/test/Tomato_mold_leaf/IMG-20240728-WA0074_aug_47aug111.jpg,Tomato_mold_leaf,Tomato_mold_leaf,0.9999864101409912,1,1.1553401947021484,8.257867813110352,0.1695384979248047,9.584784507751465
dataset/test/Tomato_mold_leaf/IMG-20240728-WA0074aug11.jpg,Tomato_mold_leaf,Tomato_mold_leaf,0.9999969005584717,1,1.1785821914672852,8.254922866821289,0.1703348159790039,9.606562614440918
dataset/test/Tomato_mold_leaf/IMG-20240728-WA0075aug24.jpg,Tomato_mold_leaf,Tomato_mold_leaf,1.0,1,1.1250801086425781,8.296812057495117,0.17070484161376953,9.595098495483398
dataset/test/Tomato_mold_leaf/IMG-20240728-WA0087_aug_32aug113.jpg,Tomato_mold_leaf,Tomato_mold_leaf,0.9999555349349976,1,1.1519145965576172,8.421443939208984,0.16805744171142578,9.743803024291992
dataset/test/Tomato_mold_leaf/IMG-20240728-WA0087_aug_33aug112.jpg,Tomato_mold_leaf,Tomato_mold_leaf,0.9999889135360718,1,1.1398401260375977,8.1734037399292,0.1737966537475586,9.48978328704834
dataset/test/Tomato_mold_leaf/IMG-20240728-WA0087_aug_34aug104.jpg,Tomato_mold_leaf,Tomato_mold_leaf,0.9999494552612305,1,1.316767692565918,8.185866355895996,0.16992759704589844,9.67517375946045
dataset/test/Tomato_mold_leaf/IMG-20240728-WA0087_aug_35aug100.jpg,Tomato_mold_leaf,Tomato_mold_leaf,0.9999996423721313,1,1.1844711303710938,8.212904930114746,0.1676311492919922,9.567654609680176
dataset/test/Tomato_mold_leaf/IMG-20240728-WA0087aug8.jpg,Tomato_mold_leaf,Tomato_mold_leaf,0.9999570846557617,1,1.1274890899658203,8.057700157165527,0.17044544219970703,9.358503341674805
dataset/test/Tomato_mold_leaf/IMG-20240728-WA0093_aug_76aug90.jpg,Tomato_mold_leaf,Tomato_mold_leaf,1.0,1,1.1085433959960938,8.642351150512695,0.16900062561035156,9.922249794006348
dataset/test/Tomato_mold_leaf/IMG-20240728-WA0093_aug_77aug68.jpg,Tomato_mold_leaf,Tomato_mold_leaf,1.0,1,1.0880813598632812,8.027107238769531,0.16692733764648438,9.28444766998291
dataset/test/Tomato_mold_leaf/IMG-20240728-WA0093_aug_78aug93.jpg,Tomato_mold_leaf,Tomato_mold_leaf,1.0,1,1.0935258865356445,8.12114429473877,0.16464805603027344,9.381449699401855
dataset/test/Tomato_mold_leaf/IMG-20240728-WA0093_aug_79aug64.jpg,Tomato_mold_leaf,Tomato_mold_leaf,1.0,1,1.0964136123657227,8.403497695922852,0.15935230255126953,9.661821365356445
dataset/test/Tomato_mold_leaf/IMG-20240728-WA0093aug19.jpg,Tomato_mold_leaf,Tomato_mold_leaf,1.0,1,1.0672664642333984,8.022680282592773,0.1704273223876953,9.263134002685547
dataset/test/Tomato_mold_leaf/IMG-20240728-WA0101_aug_84aug73.jpg,Tomato_mold_leaf,Tomato_mold_leaf,0.9999924898147583,1,1.1467475891113281,8.017976760864258,0.16883468627929688,9.33637523651123
dataset/test/Tomato_mold_leaf/IMG-20240728-WA0101_aug_85aug72.jpg,Tomato_mold_leaf,Tomato_mold_leaf,1.0,1,1.1803035736083984,8.1781644821167,0.17244434356689453,9.533635139465332
dataset/test/Tomato_mold_leaf/IMG-20240728-WA0101_aug_86aug67.jpg,Tomato_mold_leaf,Tomato_mold_leaf,0.9999985694885254,1,1.1600627899169922,8.405795097351074,0.1744832992553711,9.743026733398438
dataset/test/Tomato_mold_leaf/IMG-20240728-WA0101_aug_87aug74.jpg,Tomato_mold_leaf,Tomato_mold_leaf,0.9999997615814209,1,1.2167844772338867,8.424591064453125,0.1745014190673828,9.81860065460205
dataset/test/Tomato_mold_leaf/IMG-20240728-WA0101aug21.jpg,Tomato_mold_leaf,Tomato_mold_leaf,1.0,1,1.1694707870483398,8.42664623260498,0.17303752899169922,9.77200698852539
dataset/test/Tomato_mold_leaf/IMG-20240728-WA0103_aug_48aug107.jpg,Tomato_mold_leaf,Tomato_mold_leaf,1.0,1,1.181748390197754,8.547795295715332,0.17201900482177734,9.904414176940918
dataset/test/Tomato_mold_leaf/IMG-20240728-WA0103_aug_49aug76.jpg,Tomato_mold_leaf,Tomato_mold_leaf,1.0,1,1.1662654876708984,8.458312034606934,0.1728525161743164,9.8002290725708
dataset/test/Tomato_mold_leaf/IMG-20240728-WA0103_aug_50aug114.jpg,Tomato_mold_leaf,Tomato_mold_leaf,1.0,1,1.1892852783203125,8.441961288452148,0.21004009246826172,9.844063758850098
dataset/test/Tomato_mold_leaf/IMG-20240728-WA0103_aug_51aug84.jpg,Tomato_mold_leaf,Tomato_mold_leaf,1.0,1,1.1791563034057617,8.35631275177002,0.17212963104248047,9.710339546203613
dataset/test/Tomato_mold_leaf/IMG-20240728-WA0103aug12.jpg,Tomato_mold_leaf,Tomato_mold_leaf,1.0,1,1.1939525604248047,8.476905822753906,0.1720743179321289,9.845508575439453
dataset/test/Tomato_mold_leaf/IMG-20240812-WA0183_aug_88aug59.jpg,Tomato_mold_leaf,Tomato_Early_blight_leaf,0.45317578315734863,0,1.1845636367797852,8.340239524841309,0.16979694366455078,9.697413444519043
dataset/test/Tomato_mold_leaf/IMG-20240812-WA0183_aug_89aug61.jpg,Tomato_mold_leaf,Tomato_Septoria_leaf_spot,0.5135253667831421,0,1.1740264892578125,8.769147872924805,0.20783424377441406,10.154288291931152
dataset/test/Tomato_mold_leaf/IMG-20240812-WA0183_aug_90aug63.jpg,Tomato_mold_leaf,Tomato_Septoria_leaf_spot,0.7992315292358398,0,1.5003604888916016,11.022607803344727,0.21087074279785156,12.737360000610352
dataset/test/Tomato_mold_leaf/IMG-20240812-WA0183_aug_91aug62.jpg,Tomato_mold_leaf,Tomato_Septoria_leaf_spot,0.5061984062194824,0,1.4937124252319336,11.123218536376953,0.2087421417236328,12.829490661621094
dataset/test/Tomato_mold_leaf/IMG-20240812-WA0183aug22.jpg,Tomato_mold_leaf,Tomato_Early_blight_leaf,0.9107980728149414,0,1.5371017456054688,11.016422271728516,0.20952129364013672,12.766378402709961
dataset/test/Tomato_mold_leaf/IMG_20251102_155435_aug_24aug39.jpg,Tomato_mold_leaf,Tomato_leaf_yellow_curl_virus,0.8893977403640747,0,1.4868249893188477,11.165831565856934,0.20566749572753906,12.862174987792969
dataset/test/Tomato_mold_leaf/IMG_20251102_155435_aug_25aug51.jpg,Tomato_mold_leaf,Tomato_Early_blight_leaf,0.9962103366851807,0,1.5032873153686523,10.961663246154785,0.21103954315185547,12.679396629333496
dataset/test/Tomato_mold_leaf/IMG_20251102_155435_aug_26aug26.jpg,Tomato_mold_leaf,Tomato_Early_blight_leaf,0.9734087586402893,0,1.538529396057129,11.066349029541016,0.2096118927001953,12.817544937133789
dataset/test/Tomato_mold_leaf/IMG_20251102_155435_aug_27aug52.jpg,Tomato_mold_leaf,Tomato_Early_blight_leaf,0.9195640683174133,0,1.4479713439941406,11.06799602508545,0.21183490753173828,12.731267929077148
dataset/test/Tomato_mold_leaf/IMG_20251102_155435aug6.jpg,Tomato_mold_leaf,Tomato_leaf_yellow_curl_virus,0.651587963104248,0,1.4793434143066406,10.79184627532959,0.16631507873535156,12.440394401550293
dataset/test/Tomato_mold_leaf/Leaf+mold+tomato+_25283_2529.JPG_aug_36aug118.jpg,Tomato_mold_leaf,Tomato_mold_leaf,0.9962533712387085,1,1.2192487716674805,7.790975570678711,0.1733722686767578,9.186354637145996
dataset/test/Tomato_mold_leaf/Leaf+mold+tomato+_25283_2529.JPG_aug_37aug117.jpg,Tomato_mold_leaf,Tomato_mold_leaf,0.9998117089271545,1,1.1406183242797852,7.984550476074219,0.16589069366455078,9.293985366821289
dataset/test/Tomato_mold_leaf/Leaf+mold+tomato+_25283_2529.JPG_aug_38aug119.jpg,Tomato_mold_leaf,Tomato_mold_leaf,0.998335063457489,1,1.185415267944336,7.999143600463867,0.1760578155517578,9.363299369812012
dataset/test/Tomato_mold_leaf/Leaf+mold+tomato+_25283_2529.JPG_aug_39aug103.jpg,Tomato_mold_leaf,Tomato_mold_leaf,0.9853001236915588,1,1.166581153869629,8.07533073425293,0.16735267639160156,9.411467552185059
dataset/test/Tomato_mold_leaf/Leaf+mold+tomato+_25283_2529.JPGaug9.jpg,Tomato_mold_leaf,Tomato_mold_leaf,0.736864447593689,1,1.1252851486206055,7.979386329650879,0.2030019760131836,9.310466766357422
dataset/test/Tomato_mold_leaf/Leaf-mold-caused-by-the-fungal-pathogen-Passalore-fulva-in-tomatoes_aug_16aug33.jpg,Tomato_mold_leaf,Tomato_leaf_yellow_curl_virus,0.578399658203125,0,1.0929136276245117,8.066256523132324,0.1687602996826172,9.330373764038086
dataset/test/Tomato_mold_leaf/Leaf-mold-caused-by-the-fungal-pathogen-Passalore-fulva-in-tomatoes_aug_17aug57.jpg,Tomato_mold_leaf,Tomato_mold_leaf,0.9640136957168579,1,1.0794143676757812,8.308350563049316,0.16587066650390625,9.556154251098633
dataset/test/Tomato_mold_leaf/Leaf-mold-caused-by-the-fungal-pathogen-Passalore-fulva-in-tomatoes_aug_18aug32.jpg,Tomato_mold_leaf,Tomato_mold_leaf,0.9959277510643005,1,1.1413593292236328,8.071403503417969,0.16627883911132812,9.381485939025879
dataset/test/Tomato_mold_leaf/Leaf-mold-caused-by-the-fungal-pathogen-Passalore-fulva-in-tomatoes_aug_19aug53.jpg,Tomato_mold_leaf,Tomato_mold_leaf,0.4501493573188782,1,1.0793590545654297,8.39044189453125,0.16724109649658203,9.639727592468262
dataset/test/Tomato_mold_leaf/Leaf-mold-caused-by-the-fungal-pathogen-Passalore-fulva-in-tomatoesaug4.jpg,Tomato_mold_leaf,Tomato_mold_leaf,0.9999853372573853,1,1.099656105041504,8.079829216003418,0.16494464874267578,9.346578598022461
dataset/test/Tomato_mold_leaf/leaf_mold_nightshade2x500_aug_60aug81.jpg,Tomato_mold_leaf,Tomato_mold_leaf,0.9999735355377197,1,1.133636474609375,12.628118515014648,0.21970558166503906,13.984164237976074
dataset/test/Tomato_mold_leaf/leaf_mold_nightshade2x500_aug_61aug96.jpg,Tomato_mold_leaf,Tomato_mold_leaf,0.999992847442627,1,1.1367111206054688,21.48191547393799,0.23642730712890625,22.857739448547363
dataset/test/Tomato_mold_leaf/leaf_mold_nightshade2x500_aug_62aug85.jpg,Tomato_mold_leaf,Tomato_mold_leaf,0.9999068975448608,1,1.1292304992675781,11.90540885925293,0.1753530502319336,13.212640762329102
dataset/test/Tomato_mold_leaf/leaf_mold_nightshade2x500_aug_63aug88.jpg,Tomato_mold_leaf,Tomato_mold_leaf,1.0,1,1.237563133239746,8.858354568481445,0.17226028442382812,10.270790100097656
dataset/test/Tomato_mold_leaf/leaf_mold_nightshade2x500aug15.jpg,Tomato_mold_leaf,Tomato_mold_leaf,1.0,1,1.2485647201538086,8.472461700439453,0.17446327209472656,9.898452758789062
dataset/test/Tomato_mold_leaf/leaf_mold_tomato5x1200_jpg.rf.0a5ee47c78e753f9580bfb7744438ebf_aug_52aug101.jpg,Tomato_mold_leaf,Tomato_mold_leaf,1.0,1,1.1735258102416992,8.48757266998291,0.17348289489746094,9.837692260742188
dataset/test/Tomato_mold_leaf/leaf_mold_tomato5x1200_jpg.rf.0a5ee47c78e753f9580bfb7744438ebf_aug_53aug108.jpg,Tomato_mold_leaf,Tomato_mold_leaf,1.0,1,1.2286195755004883,8.389219284057617,0.17238998413085938,9.793062210083008
dataset/test/Tomato_mold_leaf/leaf_mold_tomato5x1200_jpg.rf.0a5ee47c78e753f9580bfb7744438ebf_aug_54aug115.jpg,Tomato_mold_leaf,Tomato_mold_leaf,1.0,1,1.1742849349975586,8.5171480178833,0.17135334014892578,9.865803718566895
dataset/test/Tomato_mold_leaf/leaf_mold_tomato5x1200_jpg.rf.0a5ee47c78e753f9580bfb7744438ebf_aug_55aug109.jpg,Tomato_mold_leaf,Tomato_mold_leaf,1.0,1,1.2127304077148438,8.36203384399414,0.1702423095703125,9.747748374938965
dataset/test/Tomato_mold_leaf/leaf_mold_tomato5x1200_jpg.rf.0a5ee47c78e753f9580bfb7744438ebfaug13.jpg,Tomato_mold_leaf,Tomato_mold_leaf,1.0,1,1.1378965377807617,8.320887565612793,0.1694469451904297,9.631284713745117
dataset/test/Tomato_mold_leaf/tomato_leaf-mold_04_zoom_aug_4aug36.jpg,Tomato_mold_leaf,Tomato_leaf_late_blight,0.5964349508285522,0,1.1579151153564453,8.228978157043457,0.2101306915283203,9.599617004394531
dataset/test/Tomato_mold_leaf/tomato_leaf-mold_04_zoom_aug_5aug48.jpg,Tomato_mold_leaf,Tomato_leaf_late_blight,0.7977036833763123,0,1.1811370849609375,8.36514663696289,0.16994571685791016,9.718876838684082
dataset/test/Tomato_mold_leaf/tomato_leaf-mold_04_zoom_aug_6aug40.jpg,Tomato_mold_leaf,Tomato_leaf_late_blight,0.4860941171646118,0,1.1524333953857422,8.532851219177246,0.17144489288330078,9.859175682067871
dataset/test/Tomato_mold_leaf/tomato_leaf-mold_04_zoom_aug_7aug34.jpg,Tomato_mold_leaf,Tomato_leaf_late_blight,0.7716271281242371,0,1.222599983215332,8.305460929870605,0.17027950286865234,9.701766014099121
dataset/test/Tomato_mold_leaf/tomato_leaf-mold_04_zoomaug1.jpg,Tomato_mold_leaf,Tomato_leaf_late_blight,0.6883026361465454,0,1.1423778533935547,9.33745002746582,0.2081127166748047,10.690808296203613
