image_path,true_class,predicted_class,confidence,correct,preprocess_ms,inference_ms,postprocess_ms,total_pipeline_ms
dataset/test/Tomato_Early_blight_leaf/100_46341_aug_5aug62.jpg,Tomato_Early_blight_leaf,Tomato_Early_blight_leaf,0.9769155979156494,1,1.1489324569702148,7.754626274108887,0.27005672454833984,9.177933692932129
dataset/test/Tomato_Early_blight_leaf/100_46341_aug_6aug64.jpg,Tomato_Early_blight_leaf,Tomato_Early_blight_leaf,0.9808126091957092,1,1.1216363906860352,7.690682411193848,0.2103719711303711,9.025579452514648
dataset/test/Tomato_Early_blight_leaf/100_46341_aug_7aug57.jpg,Tomato_Early_blight_leaf,Tomato_Early_blight_leaf,0.9808126091957092,1,1.1718053817749023,7.733997344970703,0.18694591522216797,9.095396041870117
dataset/test/Tomato_Early_blight_leaf/100_46341_aug_8aug66.jpg,Tomato_Early_blight_leaf,Tomato_Early_blight_leaf,0.7840087413787842,1,1.1733417510986328,7.935035705566406,0.18881702423095703,9.300119400024414
dataset/test/Tomato_Early_blight_leaf/100_46341_aug_9aug65.jpg,Tomato_Early_blight_leaf,Tomato_Early_blight_leaf,0.9892565608024597,1,1.187286376953125,8.184223175048828,0.20285320281982422,9.577324867248535
dataset/test/Tomato_Early_blight_leaf/100_46341aug1.jpg,Tomato_Early_blight_leaf,Tomato_Early_blight_leaf,0.8952441811561584,1,1.246546745300293,8.010944366455078,0.18690872192382812,9.447286605834961
dataset/test/Tomato_Early_blight_leaf/1723454500663_aug_20aug39.jpg,Tomato_Early_blight_leaf,Tomato_Early_blight_leaf,0.9999412298202515,1,1.1192312240600586,8.047036170959473,0.186798095703125,9.356915473937988
dataset/test/Tomato_Early_blight_leaf/1723454500663_aug_21aug35.jpg,Tomato_Early_blight_leaf,Tomato_Early_blight_leaf,0.9993778467178345,1,1.1084709167480469,7.898961067199707,0.1756124496459961,9.185155868530273
dataset/test/Tomato_Early_blight_leaf/1723454500663_aug_22aug51.jpg,Tomato_Early_blight_leaf,Tomato_Early_blight_leaf,0.9999470710754395,1,1.1059150695800781,7.762608528137207,0.17540931701660156,9.046784400939941
dataset/test/Tomato_Early_blight_leaf/1723454500663_aug_23aug33.jpg,Tomato_Early_blight_leaf,Tomato_Early_blight_leaf,0.9999412298202515,1,1.2124710083007812,7.732182502746582,0.17963123321533203,9.127784729003906
dataset/test/Tomato_Early_blight_leaf/1723454500663_aug_24aug50.jpg,Tomato_Early_blight_leaf,Tomato_Early_blight_leaf,0.9987493753433228,1,1.1301193237304688,7.899165153503418,0.17070484161376953,9.202249526977539
dataset/test/Tomato_Early_blight_leaf/1723454500663aug4.jpg,Tomato_Early_blight_leaf,Tomato_Early_blight_leaf,0.9999426603317261,1,1.1535816192626953,7.917184829711914,0.17498111724853516,9.248711585998535
dataset/test/Tomato_Early_blight_leaf/1723454507240aug20.jpg,Tomato_Early_blight_leaf,Tomato_Septoria_leaf_spot,0.5174940824508667,0,1.1197662353515625,7.973165512084961,0.17516708374023438,9.270971298217773
dataset/test/Tomato_Early_blight_leaf/EB_(981)_aug_65aug107.jpg,Tomato_Early_blight_leaf,Tomato_Early_blight_leaf,0.999991774559021,1,1.1548233032226562,7.894258499145508,0.1693897247314453,9.221303939819336
dataset/test/Tomato_Early_blight_leaf/EB_(981)_aug_66aug102.jpg,Tomato_Early_blight_leaf,Tomato_Early_blight_leaf,0.9999866485595703,1,1.3166027069091797,8.348447799682617,0.17505741119384766,9.842679023742676
dataset/test/Tomato_Early_blight_leaf/EB_(981)_aug_67aug101.jpg,Tomato_Early_blight_leaf,Tomato_Early_blight_leaf,0.9999780654907227,1,1.1543779373168945,8.145296096801758,0.18101978302001953,9.483436584472656
dataset/test/Tomato_Early_blight_leaf/EB_(981)_aug_68aug95.jpg,Tomato_Early_blight_leaf,Tomato_Early_blight_leaf,0.9999885559082031,1,1.1807851791381836,8.478909492492676,0.1756114959716797,9.838531494140625
dataset/test/Tomato_Early_blight_leaf/EB_(981)_aug_69aug97.jpg,Tomato_Early_blight_leaf,Tomato_Early_blight_leaf,0.9949453473091125,1,1.166804313659668,8.361371994018555,0.17442703247070312,9.705382347106934
dataset/test/Tomato_Early_blight_leaf/EB_(981)aug13.jpg,Tomato_Early_blight_leaf,Tomato_Early_blight_leaf,0.9993157386779785,1,1.176025390625,8.022963523864746,0.17548274993896484,9.377138137817383
dataset/test/Tomato_Early_blight_leaf/Early-blight-660x440_aug_0aug61.jpg,Tomato_Early_blight_leaf,Tomato_Early_blight_leaf,0.9999973773956299,1,1.2857131958007812,7.978314399719238,0.18640899658203125,9.45402717590332
dataset/test/Tomato_Early_blight_leaf/Early-blight-660x440_aug_1aug59.jpg,Tomato_Early_blight_leaf,Tomato_Early_blight_leaf,0.9999769926071167,1,1.155989646911621,8.206648826599121,0.1745014190673828,9.540194511413574
dataset/test/Tomato_Early_blight_leaf/Early-blight-660x440_aug_2aug63.jpg,Tomato_Early_blight_leaf,Tomato_Early_blight_leaf,0.9999873638153076,1,1.1560449600219727,8.127907752990723,0.17351913452148438,9.46012020111084
dataset/test/Tomato_Early_blight_leaf/Early-blight-660x440_aug_3aug60.jpg,Tomato_Early_blight_leaf,Tomato_Early_blight_leaf,0.9999983310699463,1,1.2055273056030273,8.276482582092285,0.17531585693359375,9.66036319732666
dataset/test/Tomato_Early_blight_leaf/Early-blight-660x440_aug_4aug58.jpg,Tomato_Early_blight_leaf,Tomato_Early_blight_leaf,0.9999996423721313,1,1.1532306671142578,8.166889190673828,0.17307472229003906,9.49600887298584
dataset/test/Tomato_Early_blight_leaf/Early-blight-660x440aug0.jpg,Tomato_Early_blight_leaf,Tomato_Early_blight_leaf,0.9999984502792358,1,1.201340675354004,8.151203155517578,0.1724834442138672,9.527677536010742
dataset/test/Tomato_Early_blight_leaf/Gls42_change_180_aug_70aug100.jpg,Tomato_Early_blight_leaf,Tomato_Early_blight_leaf,0.9999672174453735,1,1.1097297668457031,8.21035385131836,0.17274188995361328,9.495862007141113
dataset/test/Tomato_Early_blight_leaf/Gls42_change_180_aug_71aug109.jpg,Tomato_Early_blight_leaf,Tomato_Early_blight_leaf,0.9999531507492065,1,1.1277856826782227,8.016684532165527,0.1729269027709961,9.320379257202148
dataset/test/Tomato_Early_blight_leaf/Gls42_change_180_aug_72aug104.jpg,Tomato_Early_blight_leaf,Tomato_Early_blight_leaf,0.9999449253082275,1,1.1523046493530273,8.046611785888672,0.18701934814453125,9.388601303100586
dataset/test/Tomato_Early_blight_leaf/Gls42_change_180_aug_73aug94.jpg,Tomato_Early_blight_leaf,Tomato_Early_blight_leaf,0.9999878406524658,1,1.1216554641723633,8.276946067810059,0.1712045669555664,9.572881698608398
dataset/test/Tomato_Early_blight_leaf/Gls42_change_180_aug_74aug108.jpg,Tomato_Early_blight_leaf,Tomato_Early_blight_leaf,0.9999679327011108,1,1.097747802734375,8.063203811645508,0.17238903045654297,9.336711883544922
dataset/test/Tomato_Early_blight_leaf/Gls42_change_180aug14.jpg,Tomato_Early_blight_leaf,Tomato_Early_blight_leaf,0.999943733215332,1,1.1605825424194336,8.040223121643066,0.16292762756347656,9.366193771362305
dataset/test/Tomato_Early_blight_leaf/Gls4_mirror_aug_60aug93.jpg,Tomato_Early_blight_leaf,Tomato_Early_blight_leaf,0.9999983310699463,1,1.078080177307129,8.068740844726562,0.17409420013427734,9.323471069335938
dataset/test/Tomato_Early_blight_leaf/Gls4_mirror_aug_61aug98.jpg,Tomato_Early_blight_leaf,Tomato_Early_blight_leaf,0.9999948740005493,1,1.2156562805175781,7.919942855834961,0.17435264587402344,9.312990188598633
dataset/test/Tomato_Early_blight_leaf/Gls4_mirror_aug_62aug91.jpg,Tomato_Early_blight_leaf,Tomato_Early_blight_leaf,0.9999737739562988,1,1.155303955078125,8.006017684936523,0.17714977264404297,9.341231346130371
dataset/test/Tomato_Early_blight_leaf/Gls4_mirror_aug_63aug110.jpg,Tomato_Early_blight_leaf,Tomato_Early_blight_leaf,0.9999977350234985,1,1.0903215408325195,8.21150016784668,0.17261219024658203,9.477362632751465
dataset/test/Tomato_Early_blight_leaf/Gls4_mirror_aug_64aug105.jpg,Tomato_Early_blight_leaf,Tomato_Early_blight_leaf,0.9999980926513672,1,1.0915803909301758,8.054795265197754,0.17203712463378906,9.321026802062988
dataset/test/Tomato_Early_blight_leaf/Gls4_mirror_vertical_aug_25aug37.jpg,Tomato_Early_blight_leaf,Tomato_Early_blight_leaf,0.9962489008903503,1,1.1816930770874023,8.089091300964355,0.17140960693359375,9.444490432739258
dataset/test/Tomato_Early_blight_leaf/Gls4_mirror_vertical_aug_26aug41.jpg,Tomato_Early_blight_leaf,Tomato_Early_blight_leaf,0.9755839109420776,1,1.0887670516967773,8.0237398147583,0.17226123809814453,9.287785530090332
dataset/test/Tomato_Early_blight_leaf/Gls4_mirror_vertical_aug_27aug40.jpg,Tomato_Early_blight_leaf,Tomato_Early_blight_leaf,0.9967153072357178,1,1.0874509811401367,8.152518272399902,0.20979881286621094,9.452750205993652
dataset/test/Tomato_Early_blight_leaf/Gls4_mirror_vertical_aug_28aug36.jpg,Tomato_Early_blight_leaf,Tomato_Early_blight_leaf,0.9983201622962952,1,1.0880441665649414,7.96970272064209,0.16440868377685547,9.224747657775879
dataset/test/Tomato_Early_blight_leaf/Gls4_mirror_vertical_aug_29aug42.jpg,Tomato_Early_blight_leaf,Tomato_Early_blight_leaf,0.9963260293006897,1,1.0978584289550781,7.904961585998535,0.16974163055419922,9.17534065246582
dataset/test/Tomato_Early_blight_leaf/Gls4_mirror_verticalaug5.jpg,Tomato_Early_blight_leaf,Tomato_Early_blight_leaf,0.9998984336853027,1,1.205897331237793,7.835925102233887,0.17000102996826172,9.214655876159668
dataset/test/Tomato_Early_blight_leaf/Gls4_mirroraug12.jpg,Tomato_Early_blight_leaf,Tomato_Early_blight_leaf,0.9999995231628418,1,1.1456193923950195,8.019425392150879,0.17296409606933594,9.340879440307617
dataset/test/Tomato_Early_blight_leaf/IMG-20240812-WA0445_aug_40aug23.jpg,Tomato_Early_blight_leaf,Tomato_mold_leaf,0.7575241923332214,0,1.1548786163330078,7.96199893951416,0.16942691802978516,9.289341926574707
dataset/test/Tomato_Early_blight_leaf/IMG-20240812-WA0445_aug_41aug28.jpg,Tomato_Early_blight_leaf,Tomato_mold_leaf,0.4175093173980713,0,1.160304069519043,8.088499069213867,0.1718912124633789,9.422971725463867
dataset/test/Tomato_Early_blight_leaf/IMG-20240812-WA0445_aug_42aug21.jpg,Tomato_Early_blight_leaf,Tomato_mold_leaf,0.7130334377288818,0,1.1963233947753906,8.035592079162598,0.17326068878173828,9.408546447753906
dataset/test/Tomato_Early_blight_leaf/IMG-20240812-WA0445_aug_43aug24.jpg,Tomato_Early_blight_leaf,Tomato_mold_leaf,0.6344242691993713,0,1.199601173400879,8.401113510131836,0.17576026916503906,9.779104232788086
dataset/test/Tomato_Early_blight_leaf/IMG-20240812-WA0445_aug_44aug22.jpg,Tomato_Early_blight_leaf,Tomato_Early_blight_leaf,0.5495085120201111,1,1.272730827331543,8.34451961517334,0.17750072479248047,9.797734260559082
dataset/test/Tomato_Early_blight_leaf/IMG-20240812-WA0445aug8.jpg,Tomato_Early_blight_leaf,Tomato_Early_blight_leaf,0.37481215596199036,1,1.228322982788086,8.412612915039062,0.17507457733154297,9.818659782409668
dataset/test/Tomato_Early_blight_leaf/IMG20240812111749_aug_90aug80.jpg,Tomato_Early_blight_leaf,Tomato_mold_leaf,0.999911904335022,0,1.2699527740478516,8.728320121765137,0.18466854095458984,10.186274528503418
dataset/test/Tomato_Early_blight_leaf/IMG20240812111749_aug_91aug77.jpg,Tomato_Early_blight_leaf,Tomato_mold_leaf,0.9879024624824524,0,1.2953414916992188,8.352278709411621,0.1751852035522461,9.825512886047363
dataset/test/Tomato_Early_blight_leaf/IMG20240812111749_aug_92aug73.jpg,Tomato_Early_blight_leaf,Tomato_mold_leaf,0.9997466206550598,0,1.212916374206543,8.345427513122559,0.17564868927001953,9.737122535705566
dataset/test/Tomato_Early_blight_leaf/IMG20240812111749_aug_93aug71.jpg,Tomato_Early_blight_leaf,Tomato_mold_leaf,0.9999489784240723,0,1.2273778915405273,8.68468952178955,0.17590904235839844,10.090828895568848
dataset/test/Tomato_Early_blight_leaf/IMG20240812111749_aug_94aug74.jpg,Tomato_Early_blight_leaf,Tomato_mold_leaf,0.9966073036193848,0,1.2895832061767578,8.666281700134277,0.17600250244140625,10.134774208068848
dataset/test/Tomato_Early_blight_leaf/IMG20240812111749aug18.jpg,Tomato_Early_blight_leaf,Tomato_mold_leaf,0.9994645714759827,0,1.286768913269043,8.314743041992188,0.18257427215576172,9.787049293518066
dataset/test/Tomato_Early_blight_leaf/IMG_20251102_155150_aug_30aug34.jpg,Tomato_Early_blight_leaf,Tomato_Early_blight_leaf,1.0,1,1.1711740493774414,8.206408500671387,0.2277975082397461,9.608417510986328
dataset/test/Tomato_Early_blight_leaf/IMG_20251102_155150_aug_31aug43.jpg,Tomato_Early_blight_leaf,Tomato_Early_blight_leaf,1.0,1,1.2421751022338867,8.466835975646973,0.17785263061523438,9.890159606933594
dataset/test/Tomato_Early_blight_leaf/IMG_20251102_155150_aug_32aug44.jpg,Tomato_Early_blight_leaf,Tomato_Early_blight_leaf,1.0,1,1.1775274276733398,8.142333030700684,0.19492816925048828,9.51767635345459
dataset/test/Tomato_Early_blight_leaf/IMG_20251102_155150_aug_33aug38.jpg,Tomato_Early_blight_leaf,Tomato_Early_blight_leaf,1.0,1,1.2903413772583008,8.203537940979004,0.18244647979736328,9.679101943969727
dataset/test/Tomato_Early_blight_leaf/IMG_20251102_155150_aug_34aug32.jpg,Tomato_Early_blight_leaf,Tomato_Early_blight_leaf,1.0,1,1.163712501525879,8.30285358428955,0.1750926971435547,9.644307136535645
dataset/test/Tomato_Early_blight_leaf/IMG_20251102_155150aug6.jpg,Tomato_Early_blight_leaf,Tomato_Early_blight_leaf,1.0,1,1.1901187896728516,8.310965538024902,0.19292640686035156,9.696863174438477
dataset/test/Tomato_Early_blight_leaf/IMG_20251102_155153_aug_85aug72.jpg,Tomato_Early_blight_leaf,Tomato_Early_blight_leaf,1.0,1,1.181009292602539,8.247298240661621,0.17859363555908203,9.609435081481934
dataset/test/Tomato_Early_blight_leaf/IMG_20251102_155153_aug_86aug78.jpg,Tomato_Early_blight_leaf,Tomato_Early_blight_leaf,1.0,1,1.2134714126586914,8.36124324798584,0.1737966537475586,9.751252174377441
dataset/test/Tomato_Early_blight_leaf/IMG_20251102_155153_aug_87aug76.jpg,Tomato_Early_blight_leaf,Tomato_Early_blight_leaf,1.0,1,1.2373971939086914,8.280501365661621,0.1901683807373047,9.711677551269531
dataset/test/Tomato_Early_blight_leaf/IMG_20251102_155153_aug_88aug79.jpg,Tomato_Early_blight_leaf,Tomato_Early_blight_leaf,1.0,1,1.1971750259399414,8.33535385131836,0.17957592010498047,9.71480655670166
dataset/test/Tomato_Early_blight_leaf/IMG_20251102_155153_aug_89aug75.jpg,Tomato_Early_blight_leaf,Tomato_Early_blight_leaf,1.0,1,1.2034893035888672,8.241853713989258,0.17451953887939453,9.623010635375977
dataset/test/Tomato_Early_blight_leaf/IMG_20251102_155153aug17.jpg,Tomato_Early_blight_leaf,Tomato_Early_blight_leaf,1.0,1,1.3096942901611328,10.870149612426758,0.21216869354248047,12.395049095153809
dataset/test/Tomato_Early_blight_leaf/IMG_20251102_155207_aug_10aug47.jpg,Tomato_Early_blight_leaf,Tomato_Early_blight_leaf,0.999991774559021,1,1.4813432693481445,10.896463394165039,0.21527862548828125,12.596604347229004
dataset/test/Tomato_Early_blight_leaf/IMG_20251102_155207_aug_11aug56.jpg,Tomato_Early_blight_leaf,Tomato_Early_blight_leaf,0.9999887943267822,1,1.5196399688720703,11.038558006286621,0.20998287200927734,12.77145767211914
dataset/test/Tomato_Early_blight_leaf/IMG_20251102_155207_aug_12aug45.jpg,Tomato_Early_blight_leaf,Tomato_Early_blight_leaf,0.9999970197677612,1,1.5235662460327148,10.674962043762207,0.21363067626953125,12.415698051452637
dataset/test/Tomato_Early_blight_leaf/IMG_20251102_155207_aug_13aug48.jpg,Tomato_Early_blight_leaf,Tomato_Early_blight_leaf,0.9995570778846741,1,1.510584831237793,10.725388526916504,0.2126483917236328,12.451863288879395
dataset/test/Tomato_Early_blight_leaf/IMG_20251102_155207_aug_14aug49.jpg,Tomato_Early_blight_leaf,Tomato_Early_blight_leaf,0.9999598264694214,1,1.5442695617675781,10.907074928283691,0.21439170837402344,12.669160842895508
dataset/test/Tomato_Early_blight_leaf/IMG_20251102_155207aug2.jpg,Tomato_Early_blight_leaf,Tomato_Early_blight_leaf,0.9999393224716187,1,1.5192136764526367,11.620099067687988,0.2130756378173828,13.356592178344727
dataset/test/Tomato_Early_blight_leaf/IMG_20251102_155305_aug_35aug25.jpg,Tomato_Early_blight_leaf,Tomato_Early_blight_leaf,0.9357888698577881,1,1.6095666885375977,10.992668151855469,0.20853805541992188,12.814105987548828
dataset/test/Tomato_Early_blight_leaf/IMG_20251102_155305_aug_36aug27.jpg,Tomato_Early_blight_leaf,Tomato_Early_blight_leaf,0.9833447337150574,1,1.5103998184204102,8.863931655883789,0.21561336517333984,10.592331886291504
dataset/test/Tomato_Early_blight_leaf/IMG_20251102_155305_aug_37aug29.jpg,Tomato_Early_blight_leaf,Tomato_Early_blight_leaf,0.9794309735298157,1,1.0919885635375977,7.533477783203125,0.17627906799316406,8.804931640625
dataset/test/Tomato_Early_blight_leaf/IMG_20251102_155305_aug_38aug31.jpg,Tomato_Early_blight_leaf,Tomato_Early_blight_leaf,0.9544541835784912,1,1.1158971786499023,16.566335678100586,0.16551971435546875,17.85027027130127
dataset/test/Tomato_Early_blight_leaf/IMG_20251102_155305_aug_39aug26.jpg,Tomato_Early_blight_leaf,Tomato_Early_blight_leaf,0.8548575043678284,1,1.3671760559082031,11.0811128616333,0.16707515716552734,12.619104385375977
dataset/test/Tomato_Early_blight_leaf/IMG_20251102_155305aug7.jpg,Tomato_Early_blight_leaf,Tomato_Early_blight_leaf,0.9852060675621033,1,1.0889711380004883,10.359256744384766,0.21807479858398438,11.66893196105957
dataset/test/Tomato_Early_blight_leaf/IMG_20251102_155853_aug_55aug106.jpg,Tomato_Early_blight_leaf,Tomato_leaf_late_blight,0.999992847442627,0,1.1001739501953125,7.538385391235352,0.16679763793945312,8.807485580444336
dataset/test/Tomato_Early_blight_leaf/IMG_20251102_155853_aug_56aug92.jpg,Tomato_Early_blight_leaf,Tomato_leaf_late_blight,0.9999998807907104,0,1.0997657775878906,7.6342573165893555,0.1661672592163086,8.902969360351562
dataset/test/Tomato_Early_blight_leaf/IMG_20251102_155853_aug_57aug96.jpg,Tomato_Early_blight_leaf,Tomato_leaf_late_blight,0.9999804496765137,0,1.1115074157714844,7.686701774597168,0.16344642639160156,8.964376449584961
dataset/test/Tomato_Early_blight_leaf/IMG_20251102_155853_aug_58aug103.jpg,Tomato_Early_blight_leaf,Tomato_leaf_late_blight,1.0,0,1.0901002883911133,7.728590965270996,0.16520404815673828,8.986542701721191
dataset/test/Tomato_Early_blight_leaf/IMG_20251102_155853_aug_59aug99.jpg,Tomato_Early_blight_leaf,Tomato_leaf_late_blight,0.9999942779541016,0,1.1540822982788086,7.762664794921875,0.16748332977294922,9.086820602416992
dataset/test/Tomato_Early_blight_leaf/IMG_20251102_155853aug11.jpg,Tomato_Early_blight_leaf,Tomato_leaf_late_blight,0.9999923706054688,0,1.116471290588379,8.009628295898438,0.16951942443847656,9.29891586303711
dataset/test/Tomato_Early_blight_leaf/IMG_20251102_160046_aug_95aug70.jpg,Tomato_Early_blight_leaf,Tomato_Early_blight_leaf,0.9747833013534546,1,1.1135797500610352,7.740571975708008,0.16759395599365234,9.02445125579834
dataset/test/Tomato_Early_blight_leaf/IMG_20251102_160046_aug_96aug69.jpg,Tomato_Early_blight_leaf,Tomato_Early_blight_leaf,0.9997848868370056,1,1.1841754913330078,8.03344440460205,0.1687602996826172,9.389082908630371
dataset/test/Tomato_Early_blight_leaf/IMG_20251102_160046_aug_97aug67.jpg,Tomato_Early_blight_leaf,Tomato_Early_blight_leaf,0.9992446899414062,1,1.1329145431518555,7.948925018310547,0.17116737365722656,9.255434036254883
dataset/test/Tomato_Early_blight_leaf/IMG_20251102_160046_aug_98aug68.jpg,Tomato_Early_blight_leaf,Tomato_Early_blight_leaf,0.9995137453079224,1,1.1353979110717773,7.738330841064453,0.16759395599365234,9.043655395507812
dataset/test/Tomato_Early_blight_leaf/IMG_20251102_160046aug19.jpg,Tomato_Early_blight_leaf,Tomato_Early_blight_leaf,0.9837964177131653,1,1.24163818359375,7.674849510192871,0.2129659652709961,9.132193565368652
dataset/test/Tomato_Early_blight_leaf/IMG_20251102_160055_aug_15aug53.jpg,Tomato_Early_blight_leaf,Tomato_Early_blight_leaf,0.9999887943267822,1,1.1146745681762695,7.967516899108887,0.17687129974365234,9.261748313903809
dataset/test/Tomato_Early_blight_leaf/IMG_20251102_160055_aug_16aug55.jpg,Tomato_Early_blight_leaf,Tomato_Early_blight_leaf,0.999932050704956,1,1.09661865234375,7.934053421020508,0.18631744384765625,9.219730377197266
dataset/test/Tomato_Early_blight_leaf/IMG_20251102_160055_aug_17aug46.jpg,Tomato_Early_blight_leaf,Tomato_Early_blight_leaf,0.999995231628418,1,1.1058034896850586,7.802127838134766,0.17183399200439453,9.08211612701416
dataset/test/Tomato_Early_blight_leaf/IMG_20251102_160055_aug_18aug54.jpg,Tomato_Early_blight_leaf,Tomato_Early_blight_leaf,0.9999363422393799,1,1.1176929473876953,7.768755912780762,0.17098331451416016,9.060322761535645
dataset/test/Tomato_Early_blight_leaf/IMG_20251102_160055_aug_19aug52.jpg,Tomato_Early_blight_leaf,Tomato_Early_blight_leaf,0.9999997615814209,1,1.0982847213745117,8.063944816589355,0.17220497131347656,9.336934089660645
dataset/test/Tomato_Early_blight_leaf/IMG_20251102_160055aug3.jpg,Tomato_Early_blight_leaf,Tomato_Early_blight_leaf,0.9999990463256836,1,1.152268409729004,9.33584213256836,0.17350101470947266,10.664499282836914
dataset/test/Tomato_Early_blight_leaf/IMG_20251102_160217_aug_75aug82.jpg,Tomato_Early_blight_leaf,Tomato_Early_blight_leaf,0.999880313873291,1,1.1697311401367188,8.39694595336914,0.17201995849609375,9.741308212280273
dataset/test/Tomato_Early_blight_leaf/IMG_20251102_160217_aug_76aug83.jpg,Tomato_Early_blight_leaf,Tomato_Early_blight_leaf,0.9999939203262329,1,1.1634521484375,8.405150413513184,0.16846370697021484,9.739584922790527
dataset/test/Tomato_Early_blight_leaf/IMG_20251102_160217_aug_77aug90.jpg,Tomato_Early_blight_leaf,Tomato_Early_blight_leaf,0.999992847442627,1,1.1327857971191406,8.270204544067383,0.1885204315185547,9.594436645507812
dataset/test/Tomato_Early_blight_leaf/IMG_20251102_160217_aug_78aug81.jpg,Tomato_Early_blight_leaf,Tomato_Early_blight_leaf,0.9999711513519287,1,1.2457494735717773,8.128851890563965,0.17607593536376953,9.553288459777832
dataset/test/Tomato_Early_blight_leaf/IMG_20251102_160217_aug_79aug86.jpg,Tomato_Early_blight_leaf,Tomato_Early_blight_leaf,0.9999303817749023,1,1.2442684173583984,8.16890811920166,0.19483566284179688,9.61078929901123
dataset/test/Tomato_Early_blight_leaf/IMG_20251102_160217aug15.jpg,Tomato_Early_blight_leaf,Tomato_Early_blight_leaf,0.9999477863311768,1,1.1390819549560547,8.23727798461914,0.17529869079589844,9.554454803466797
dataset/test/Tomato_Early_blight_leaf/IMG_20251102_160523_aug_50aug114.jpg,Tomato_Early_blight_leaf,Tomato_Early_blight_leaf,0.9999990463256836,1,1.2062129974365234,8.342966079711914,0.1767416000366211,9.728825569152832
dataset/test/Tomato_Early_blight_leaf/IMG_20251102_160523_aug_51aug111.jpg,Tomato_Early_blight_leaf,Tomato_Early_blight_leaf,1.0,1,1.1798782348632812,8.30526065826416,0.17537212371826172,9.663565635681152
dataset/test/Tomato_Early_blight_leaf/IMG_20251102_160523_aug_52aug112.jpg,Tomato_Early_blight_leaf,Tomato_Early_blight_leaf,0.9999983310699463,1,1.2532291412353516,8.32018756866455,0.1725749969482422,9.748918533325195
dataset/test/Tomato_Early_blight_leaf/IMG_20251102_160523_aug_53aug115.jpg,Tomato_Early_blight_leaf,Tomato_Early_blight_leaf,0.9999978542327881,1,1.2416563034057617,8.469706535339355,0.17607498168945312,9.890270233154297
dataset/test/Tomato_Early_blight_leaf/IMG_20251102_160523_aug_54aug113.jpg,Tomato_Early_blight_leaf,Tomato_Early_blight_leaf,0.9999998807907104,1,1.2213621139526367,8.194260597229004,0.17420482635498047,9.592806816101074
dataset/test/Tomato_Early_blight_leaf/IMG_20251102_160523aug10.jpg,Tomato_Early_blight_leaf,Tomato_Early_blight_leaf,1.0,1,1.2320098876953125,8.243426322937012,0.17566776275634766,9.654138565063477
dataset/test/Tomato_Early_blight_leaf/IMG_20251102_161202_aug_45aug118.jpg,Tomato_Early_blight_leaf,Tomato_Early_blight_leaf,0.9999849796295166,1,1.223989486694336,8.44502067565918,0.17557430267333984,9.847493171691895
dataset/test/Tomato_Early_blight_leaf/IMG_20251102_161202_aug_46aug116.jpg,Tomato_Early_blight_leaf,Tomato_Early_blight_leaf,0.9999849796295166,1,1.2358989715576172,8.31453800201416,0.17435264587402344,9.727176666259766
dataset/test/Tomato_Early_blight_leaf/IMG_20251102_161202_aug_47aug117.jpg,Tomato_Early_blight_leaf,Tomato_Early_blight_leaf,0.9999997615814209,1,1.2224903106689453,8.355317115783691,0.17577838897705078,9.756380081176758
dataset/test/Tomato_Early_blight_leaf/IMG_20251102_161202_aug_48aug30.jpg,Tomato_Early_blight_leaf,Tomato_Early_blight_leaf,0.9998399019241333,1,1.2051382064819336,8.337632179260254,0.20131683349609375,9.746826171875
dataset/test/Tomato_Early_blight_leaf/IMG_20251102_161202_aug_49aug119.jpg,Tomato_Early_blight_leaf,Tomato_Early_blight_leaf,0.9999891519546509,1,1.2078609466552734,8.27389144897461,0.18413066864013672,9.668510437011719
dataset/test/Tomato_Early_blight_leaf/IMG_20251102_161202aug9.jpg,Tomato_Early_blight_leaf,Tomato_Early_blight_leaf,0.9999995231628418,1,1.2000083923339844,8.17199993133545,0.17837047576904297,9.552973747253418
dataset/test/Tomato_Early_blight_leaf/early_blight_jpg.rf.1091c0a2a9a3da5b9ad688c89298614c_aug_80aug87.jpg,Tomato_Early_blight_leaf,Tomato_Early_blight_leaf,0.9992689490318298,1,1.3066387176513672,8.596003532409668,0.17555618286132812,10.080920219421387
dataset/test/Tomato_Early_blight_leaf/early_blight_jpg.rf.1091c0a2a9a3da5b9ad688c89298614c_aug_81aug84.jpg,Tomato_Early_blight_leaf,Tomato_Early_blight_leaf,0.9976467490196228,1,1.224527359008789,10.571701049804688,0.2063159942626953,12.005619049072266
dataset/test/Tomato_Early_blight_leaf/early_blight_jpg.rf.1091c0a2a9a3da5b9ad688c89298614c_aug_82aug89.jpg,Tomato_Early_blight_leaf,Tomato_Early_blight_leaf,0.9994294047355652,1,1.4888057708740234,10.913092613220215,0.2111682891845703,12.616476058959961
dataset/test/Tomato_Early_blight_leaf/early_blight_jpg.rf.1091c0a2a9a3da5b9ad688c89298614c_aug_83aug85.jpg,Tomato_Early_blight_leaf,Tomato_Early_blight_leaf,0.9999154806137085,1,1.4878435134887695,11.233965873718262,0.2108154296875,12.935977935791016
dataset/test/Tomato_Early_blight_leaf/early_blight_jpg.rf.1091c0a2a9a3da5b9ad688c89298614c_aug_84aug88.jpg,Tomato_Early_blight_leaf,Tomato_Early_blight_leaf,0.9997510313987732,1,1.5662517547607422,10.964835166931152,0.21374225616455078,12.748347282409668
dataset/test/Tomato_Early_blight_leaf/early_blight_jpg.rf.1091c0a2a9a3da5b9ad688c89298614caug16.jpg,Tomato_Early_blight_leaf,Tomato_Early_blight_leaf,0.9980304837226868,1,1.5413436889648438,11.078112602233887,0.20168685913085938,12.824273109436035
dataset/test/Tomato_Healthy_leaf/20140818-tomato-sauce-vicky-wasik-1_jpg.rf.d3d9b4a0642e72ba76b40dbdfff8b9f7_aug_6aug50.jpg,Tomato_Healthy_leaf,Tomato_Healthy_leaf,0.9999868869781494,1,1.4289541244506836,11.003649711608887,0.2154092788696289,12.650681495666504
dataset/test/Tomato_Healthy_leaf/20140818-tomato-sauce-vicky-wasik-1_jpg.rf.d3d9b4a0642e72ba76b40dbdfff8b9f7_aug_7aug56.jpg,Tomato_Healthy_leaf,Tomato_Healthy_leaf,0.9999973773956299,1,1.434971809387207,10.933685302734375,0.21009349822998047,12.58199405670166
dataset/test/Tomato_Healthy_leaf/20140818-tomato-sauce-vicky-wasik-1_jpg.rf.d3d9b4a0642e72ba76b40dbdfff8b9f7aug3.jpg,Tomato_Healthy_leaf,Tomato_Healthy_leaf,0.9999879598617554,1,1.4364919662475586,10.75999927520752,0.21111297607421875,12.411715507507324
dataset/test/Tomato_Healthy_leaf/2015-09-17-01_aug_20aug110.jpg,Tomato_Healthy_leaf,Tomato_Healthy_leaf,0.996012806892395,1,1.4720840454101562,8.94454288482666,0.16518783569335938,10.585406303405762
dataset/test/Tomato_Healthy_leaf/2015-09-17-01_aug_21aug114.jpg,Tomato_Healthy_leaf,Tomato_Healthy_leaf,0.9635668992996216,1,1.0723609924316406,7.527774810791016,0.16598224639892578,8.768913269042969
dataset/test/Tomato_Healthy_leaf/2015-09-17-01aug10.jpg,Tomato_Healthy_leaf,Tomato_Healthy_leaf,0.7506774067878723,1,1.0620622634887695,7.65032958984375,0.16570568084716797,8.880450248718262
dataset/test/Tomato_Healthy_leaf/Basil_2Binfected_2Bby_2BTomato_2BSpotted_2BWilt_2BVirus_aug_2aug59.jpg,Tomato_Healthy_leaf,Tomato_mold_leaf,0.9567558765411377,0,1.0664892196655273,7.561311721801758,0.27472400665283203,8.905783653259277
dataset/test/Tomato_Healthy_leaf/Basil_2Binfected_2Bby_2BTomato_2BSpotted_2BWilt_2BVirus_aug_3aug51.jpg,Tomato_Healthy_leaf,Tomato_Healthy_leaf,0.7621274590492249,1,1.1731739044189453,7.8290910720825195,0.17366695404052734,9.178396224975586
dataset/test/Tomato_Healthy_leaf/Basil_2Binfected_2Bby_2BTomato_2BSpotted_2BWilt_2BVirusaug1.jpg,Tomato_Healthy_leaf,Tomato_Healthy_leaf,0.7869547605514526,1,1.070821762084961,7.848850250244141,0.16692638397216797,9.089414596557617
dataset/test/Tomato_Healthy_leaf/Fig-2_aug_22aug102.jpg,Tomato_Healthy_leaf,Tomato_Septoria_leaf_spot,0.7333489060401917,0,1.0847482681274414,7.754201889038086,0.16701889038085938,9.008543014526367
dataset/test/Tomato_Healthy_leaf/Fig-2_aug_23aug90.jpg,Tomato_Healthy_leaf,Tomato_Septoria_leaf_spot,0.8723223805427551,0,1.1026744842529297,7.709256172180176,0.16637134552001953,8.980745315551758
dataset/test/Tomato_Healthy_leaf/Fig-2aug11.jpg,Tomato_Healthy_leaf,Tomato_Septoria_leaf_spot,0.7438724040985107,0,1.1208219528198242,7.652997016906738,0.16716861724853516,8.943655014038086
dataset/test/Tomato_Healthy_leaf/HL_(103)aug39.jpg,Tomato_Healthy_leaf,Tomato_Healthy_leaf,0.9999983310699463,1,1.0902280807495117,7.602164268493652,0.16509342193603516,8.859893798828125
dataset/test/Tomato_Healthy_leaf/HL_(118)_aug_38aug103.jpg,Tomato_Healthy_leaf,Tomato_Healthy_leaf,0.9999998807907104,1,1.0773773193359375,7.637942314147949,0.17087078094482422,8.889023780822754
dataset/test/Tomato_Healthy_leaf/HL_(118)_aug_39aug104.jpg,Tomato_Healthy_leaf,Tomato_Healthy_leaf,0.9999996423721313,1,1.0824346542358398,7.912295341491699,0.16300106048583984,9.16069221496582
dataset/test/Tomato_Healthy_leaf/HL_(118)aug19.jpg,Tomato_Healthy_leaf,Tomato_Healthy_leaf,0.9999996423721313,1,1.119100570678711,8.026906967163086,0.17144489288330078,9.320341110229492
dataset/test/Tomato_Healthy_leaf/HL_(165)_aug_28aug105.jpg,Tomato_Healthy_leaf,Tomato_Healthy_leaf,0.9999839067459106,1,1.1712303161621094,8.227704048156738,0.1718158721923828,9.573583602905273
dataset/test/Tomato_Healthy_leaf/HL_(165)_aug_29aug91.jpg,Tomato_Healthy_leaf,Tomato_Healthy_leaf,0.9996863603591919,1,1.162156105041504,8.050313949584961,0.18976116180419922,9.405546188354492
dataset/test/Tomato_Healthy_leaf/HL_(165)aug14.jpg,Tomato_Healthy_leaf,Tomato_Healthy_leaf,0.9999842643737793,1,1.2008419036865234,8.183093070983887,0.17626190185546875,9.562844276428223
dataset/test/Tomato_Healthy_leaf/HL_(61)_aug_50aug83.jpg,Tomato_Healthy_leaf,Tomato_Healthy_leaf,0.9804742336273193,1,1.140340805053711,8.103055000305176,0.1738901138305664,9.420194625854492
dataset/test/Tomato_Healthy_leaf/HL_(61)_aug_51aug76.jpg,Tomato_Healthy_leaf,Tomato_Healthy_leaf,0.9937782287597656,1,1.1780452728271484,8.150425910949707,0.17364883422851562,9.505027770996094
dataset/test/Tomato_Healthy_leaf/HL_(61)aug25.jpg,Tomato_Healthy_leaf,Tomato_Healthy_leaf,0.9846839308738708,1,1.115544319152832,8.108685493469238,0.1759634017944336,9.403157234191895
dataset/test/Tomato_Healthy_leaf/HL_(62)aug36.jpg,Tomato_Healthy_leaf,Tomato_Healthy_leaf,0.9999945163726807,1,1.1661014556884766,8.184463500976562,0.1743335723876953,9.527806282043457
dataset/test/Tomato_Healthy_leaf/IMG_20251102_161618_aug_58aug71.jpg,Tomato_Healthy_leaf,Tomato_Healthy_leaf,0.995728075504303,1,1.2239885330200195,7.979907035827637,0.17237186431884766,9.37867546081543
dataset/test/Tomato_Healthy_leaf/IMG_20251102_161618_aug_59aug63.jpg,Tomato_Healthy_leaf,Tomato_Healthy_leaf,0.673026442527771,1,1.2223787307739258,8.039111137390137,0.1789083480834961,9.444416046142578
dataset/test/Tomato_Healthy_leaf/IMG_20251102_161618aug29.jpg,Tomato_Healthy_leaf,Tomato_leaf_yellow_curl_virus,0.6130765676498413,0,1.2221746444702148,10.564035415649414,0.21068572998046875,11.999916076660156
dataset/test/Tomato_Healthy_leaf/IMG_20251102_161625aug44.jpg,Tomato_Healthy_leaf,Tomato_Healthy_leaf,0.9999020099639893,1,1.6215848922729492,10.9036865234375,0.21294593811035156,12.742013931274414
dataset/test/Tomato_Healthy_leaf/IMG_20251102_161629_aug_10aug115.jpg,Tomato_Healthy_leaf,Tomato_Healthy_leaf,0.9975226521492004,1,1.6314563751220703,11.202225685119629,0.2792062759399414,13.11655330657959
dataset/test/Tomato_Healthy_leaf/IMG_20251102_161629_aug_11aug109.jpg,Tomato_Healthy_leaf,Tomato_Healthy_leaf,0.9999961853027344,1,1.5360097885131836,11.106464385986328,0.22600173950195312,12.872162818908691
dataset/test/Tomato_Healthy_leaf/IMG_20251102_161629aug5.jpg,Tomato_Healthy_leaf,Tomato_Healthy_leaf,0.9999974966049194,1,1.5911779403686523,11.01059341430664,0.21039199829101562,12.815013885498047
dataset/test/Tomato_Healthy_leaf/IMG_20251102_161652aug43.jpg,Tomato_Healthy_leaf,Tomato_Healthy_leaf,0.99969482421875,1,1.602992057800293,11.035501480102539,0.21405696868896484,12.856143951416016
dataset/test/Tomato_Healthy_leaf/IMG_20251102_161826_aug_60aug68.jpg,Tomato_Healthy_leaf,Tomato_Healthy_leaf,0.9998725652694702,1,1.7590303421020508,10.972315788269043,0.21205711364746094,12.947514533996582
dataset/test/Tomato_Healthy_leaf/IMG_20251102_161826_aug_61aug62.jpg,Tomato_Healthy_leaf,Tomato_Healthy_leaf,0.9989433884620667,1,1.595047950744629,10.910778045654297,0.2187051773071289,12.727753639221191
dataset/test/Tomato_Healthy_leaf/IMG_20251102_161826aug30.jpg,Tomato_Healthy_leaf,Tomato_Healthy_leaf,0.9957975149154663,1,1.7636404037475586,7.881535530090332,0.16992759704589844,9.81788158416748
dataset/test/Tomato_Healthy_leaf/IMG_20251102_161850_aug_56aug74.jpg,Tomato_Healthy_leaf,Tomato_leaf_yellow_curl_virus,0.8643283843994141,0,1.1282472610473633,7.584959983825684,0.17531585693359375,8.891876220703125
dataset/test/Tomato_Healthy_leaf/IMG_20251102_161850_aug_57aug72.jpg,Tomato_Healthy_leaf,Tomato_Healthy_leaf,0.8931819796562195,1,1.1194705963134766,7.689775466918945,0.20339012145996094,9.01517391204834
dataset/test/Tomato_Healthy_leaf/IMG_20251102_161850aug28.jpg,Tomato_Healthy_leaf,Tomato_Healthy_leaf,0.9281960725784302,1,1.0885257720947266,7.7064971923828125,0.1667795181274414,8.964524269104004
dataset/test/Tomato_Healthy_leaf/IMG_20251102_161859aug38.jpg,Tomato_Healthy_leaf,Tomato_Healthy_leaf,0.9999935626983643,1,1.1193971633911133,7.670534133911133,0.16633319854736328,8.959208488464355
dataset/test/Tomato_Healthy_leaf/IMG_20251102_161935_aug_4aug55.jpg,Tomato_Healthy_leaf,Tomato_Healthy_leaf,0.9999946355819702,1,1.0905075073242188,7.542902946472168,0.16666793823242188,8.802708625793457
dataset/test/Tomato_Healthy_leaf/IMG_20251102_161935_aug_5aug53.jpg,Tomato_Healthy_leaf,Tomato_Healthy_leaf,0.9999957084655762,1,1.1171178817749023,7.521903991699219,0.1728534698486328,8.815320014953613
dataset/test/Tomato_Healthy_leaf/IMG_20251102_161935aug2.jpg,Tomato_Healthy_leaf,Tomato_Healthy_leaf,0.9999871253967285,1,1.1415815353393555,7.51332950592041,0.16805744171142578,8.825357437133789
dataset/test/Tomato_Healthy_leaf/IMG_20251102_162037aug45.jpg,Tomato_Healthy_leaf,Tomato_Healthy_leaf,0.999817430973053,1,1.1152496337890625,7.676033973693848,0.17053890228271484,8.964820861816406
dataset/test/Tomato_Healthy_leaf/h100_lower_aug_54aug73.jpg,Tomato_Healthy_leaf,Tomato_Healthy_leaf,0.9998592138290405,1,1.1536016464233398,7.70394229888916,0.1726856231689453,9.033599853515625
dataset/test/Tomato_Healthy_leaf/h100_lower_aug_55aug75.jpg,Tomato_Healthy_leaf,Tomato_Healthy_leaf,0.9999376535415649,1,1.0998973846435547,7.65297794342041,0.17226028442382812,8.92828369140625
dataset/test/Tomato_Healthy_leaf/h100_loweraug27.jpg,Tomato_Healthy_leaf,Tomato_Healthy_leaf,0.9999860525131226,1,1.156693458557129,8.0806303024292,0.174835205078125,9.41499137878418
dataset/test/Tomato_Healthy_leaf/h101_aug_18aug119.jpg,Tomato_Healthy_leaf,Tomato_Healthy_leaf,0.9995373487472534,1,1.1636199951171875,8.17124080657959,0.17433547973632812,9.51176929473877
dataset/test/Tomato_Healthy_leaf/h101_aug_19aug116.jpg,Tomato_Healthy_leaf,Tomato_Healthy_leaf,0.9993559718132019,1,1.183563232421875,8.24429702758789,0.2176494598388672,9.64840030670166
dataset/test/Tomato_Healthy_leaf/h101aug9.jpg,Tomato_Healthy_leaf,Tomato_Healthy_leaf,0.9999197721481323,1,1.1595077514648438,8.364724159240723,0.17281627655029297,9.700233459472656
dataset/test/Tomato_Healthy_leaf/h103_aug_42aug82.jpg,Tomato_Healthy_leaf,Tomato_Healthy_leaf,0.9999790191650391,1,1.161860466003418,8.245889663696289,0.17222309112548828,9.582491874694824
dataset/test/Tomato_Healthy_leaf/h103_aug_43aug77.jpg,Tomato_Healthy_leaf,Tomato_Healthy_leaf,0.999980092048645,1,1.1793413162231445,8.278241157531738,0.16966724395751953,9.630142211914062
dataset/test/Tomato_Healthy_leaf/h103aug21.jpg,Tomato_Healthy_leaf,Tomato_Healthy_leaf,0.9999874830245972,1,1.131026268005371,8.431946754455566,0.1659832000732422,9.731215476989746
dataset/test/Tomato_Healthy_leaf/h1_change_90_aug_12aug118.jpg,Tomato_Healthy_leaf,Tomato_Healthy_leaf,0.9999076128005981,1,1.1439895629882812,8.520002365112305,0.1866302490234375,9.85351276397705
dataset/test/Tomato_Healthy_leaf/h1_change_90_aug_13aug108.jpg,Tomato_Healthy_leaf,Tomato_Healthy_leaf,0.9999362230300903,1,1.246286392211914,8.190834045410156,0.1851673126220703,9.625991821289062
dataset/test/Tomato_Healthy_leaf/h1_change_90aug6.jpg,Tomato_Healthy_leaf,Tomato_Healthy_leaf,0.9999325275421143,1,1.180877685546875,8.390336036682129,0.24422454833984375,9.818381309509277
dataset/test/Tomato_Healthy_leaf/h39_change_270aug48.jpg,Tomato_Healthy_leaf,Tomato_Healthy_leaf,0.998095691204071,1,1.2448787689208984,8.449686050415039,0.17794513702392578,9.87527084350586
dataset/test/Tomato_Healthy_leaf/h39_hight_aug_40aug96.jpg,Tomato_Healthy_leaf,Tomato_Healthy_leaf,0.9999935626983643,1,1.1568050384521484,8.419928550720215,0.17607498168945312,9.755677223205566
dataset/test/Tomato_Healthy_leaf/h39_hight_aug_41aug98.jpg,Tomato_Healthy_leaf,Tomato_Healthy_leaf,0.9999994039535522,1,1.3462867736816406,22.6968412399292,0.2146320343017578,24.26103687286377
dataset/test/Tomato_Healthy_leaf/h39_hightaug20.jpg,Tomato_Healthy_leaf,Tomato_Healthy_leaf,0.999998927116394,1,1.2397680282592773,11.505023002624512,0.17496395111083984,12.922607421875
dataset/test/Tomato_Healthy_leaf/h39_lower_aug_30aug95.jpg,Tomato_Healthy_leaf,Tomato_Healthy_leaf,0.9999481439590454,1,1.151193618774414,8.492835998535156,0.1730947494506836,9.820252418518066
dataset/test/Tomato_Healthy_leaf/h39_lower_aug_31aug89.jpg,Tomato_Healthy_leaf,Tomato_Healthy_leaf,0.9999825954437256,1,1.173933982849121,9.152471542358398,0.17894458770751953,10.508423805236816
dataset/test/Tomato_Healthy_leaf/h39_loweraug15.jpg,Tomato_Healthy_leaf,Tomato_Healthy_leaf,0.9999521970748901,1,1.1633052825927734,8.364391326904297,0.1667041778564453,9.696954727172852
dataset/test/Tomato_Healthy_leaf/h3_aug_8aug57.jpg,Tomato_Healthy_leaf,Tomato_Healthy_leaf,0.9999995231628418,1,1.1529340744018555,8.154129981994629,0.18455791473388672,9.494101524353027
dataset/test/Tomato_Healthy_leaf/h3_aug_9aug54.jpg,Tomato_Healthy_leaf,Tomato_Healthy_leaf,0.9999995231628418,1,1.2378978729248047,8.208592414855957,0.18146419525146484,9.631437301635742
dataset/test/Tomato_Healthy_leaf/h3_mirror_aug_52aug84.jpg,Tomato_Healthy_leaf,Tomato_Healthy_leaf,0.9999978542327881,1,1.1440448760986328,7.786978721618652,0.17083358764648438,9.104950904846191
dataset/test/Tomato_Healthy_leaf/h3_mirror_aug_53aug80.jpg,Tomato_Healthy_leaf,Tomato_Healthy_leaf,0.9999997615814209,1,1.1229515075683594,7.697700500488281,0.16657543182373047,8.989803314208984
dataset/test/Tomato_Healthy_leaf/h3_mirroraug26.jpg,Tomato_Healthy_leaf,Tomato_Healthy_leaf,0.9999998807907104,1,1.062026023864746,7.727535247802734,0.16866779327392578,8.960709571838379
dataset/test/Tomato_Healthy_leaf/h3aug4.jpg,Tomato_Healthy_leaf,Tomato_Healthy_leaf,0.9999990463256836,1,1.0940637588500977,7.784665107727051,0.16646385192871094,9.047654151916504
dataset/test/Tomato_Healthy_leaf/h45_mirror_verticalaug42.jpg,Tomato_Healthy_leaf,Tomato_Healthy_leaf,0.9999948740005493,1,1.0944900512695312,7.557940483093262,0.16501998901367188,8.820245742797852
dataset/test/Tomato_Healthy_leaf/h49_change_90aug49.jpg,Tomato_Healthy_leaf,Tomato_Healthy_leaf,0.9999994039535522,1,1.1161003112792969,7.633551597595215,0.2005758285522461,8.952746391296387
dataset/test/Tomato_Healthy_leaf/h50_hight_aug_68aug69.jpg,Tomato_Healthy_leaf,Tomato_Healthy_leaf,0.9999263286590576,1,1.0347118377685547,7.687996864318848,0.1605386734008789,8.886059761047363
dataset/test/Tomato_Healthy_leaf/h50_hight_aug_69aug61.jpg,Tomato_Healthy_leaf,Tomato_Healthy_leaf,0.9999300241470337,1,1.0419702529907227,7.564570426940918,0.1658334732055664,8.775486946105957
dataset/test/Tomato_Healthy_leaf/h50_hightaug34.jpg,Tomato_Healthy_leaf,Tomato_Healthy_leaf,0.9998937845230103,1,1.0640068054199219,7.572329521179199,0.1744832992553711,8.81457805633545
dataset/test/Tomato_Healthy_leaf/h50_lower_aug_66aug65.jpg,Tomato_Healthy_leaf,Tomato_Healthy_leaf,0.999708354473114,1,1.0624322891235352,7.660292625427246,0.16485309600830078,8.890523910522461
dataset/test/Tomato_Healthy_leaf/h50_lower_aug_67aug70.jpg,Tomato_Healthy_leaf,Tomato_Healthy_leaf,0.9998044371604919,1,1.136063575744629,7.658256530761719,0.16613101959228516,8.963116645812988
dataset/test/Tomato_Healthy_leaf/h50_loweraug33.jpg,Tomato_Healthy_leaf,Tomato_Healthy_leaf,0.998573899269104,1,1.0604524612426758,8.901301383972168,0.17661285400390625,10.140848159790039
dataset/test/Tomato_Healthy_leaf/h50_mirror_vertical_aug_24aug111.jpg,Tomato_Healthy_leaf,Tomato_Healthy_leaf,0.9999997615814209,1,1.1086006164550781,8.152130126953125,0.22842693328857422,9.492232322692871
dataset/test/Tomato_Healthy_leaf/h50_mirror_vertical_aug_25aug100.jpg,Tomato_Healthy_leaf,Tomato_Healthy_leaf,0.9999982118606567,1,1.1183223724365234,8.266019821166992,0.1756124496459961,9.562769889831543
dataset/test/Tomato_Healthy_leaf/h50_mirror_verticalaug12.jpg,Tomato_Healthy_leaf,Tomato_Healthy_leaf,0.9999972581863403,1,1.1264886856079102,8.083869934082031,0.1699838638305664,9.382694244384766
dataset/test/Tomato_Healthy_leaf/h50aug37.jpg,Tomato_Healthy_leaf,Tomato_Healthy_leaf,0.9999408721923828,1,1.1548967361450195,8.02353572845459,0.17392635345458984,9.355027198791504
dataset/test/Tomato_Healthy_leaf/h5_mirroraug41.jpg,Tomato_Healthy_leaf,Tomato_Healthy_leaf,1.0,1,1.1306562423706055,8.180222511291504,0.17166805267333984,9.485028266906738
dataset/test/Tomato_Healthy_leaf/h65_mirror_vertical_aug_26aug97.jpg,Tomato_Healthy_leaf,Tomato_Healthy_leaf,0.9997937083244324,1,1.1293411254882812,8.277372360229492,0.16725921630859375,9.57656478881836
dataset/test/Tomato_Healthy_leaf/h65_mirror_vertical_aug_27aug106.jpg,Tomato_Healthy_leaf,Tomato_Healthy_leaf,0.9999803304672241,1,1.147322654724121,8.017776489257812,0.17165088653564453,9.340084075927734
dataset/test/Tomato_Healthy_leaf/h65_mirror_verticalaug13.jpg,Tomato_Healthy_leaf,Tomato_Healthy_leaf,0.9999375343322754,1,1.119563102722168,8.178018569946289,0.17148303985595703,9.471693992614746
dataset/test/Tomato_Healthy_leaf/h71_mirror_aug_62aug66.jpg,Tomato_Healthy_leaf,Tomato_Healthy_leaf,1.0,1,1.1305265426635742,8.082962036132812,0.17088985443115234,9.3881196975708
dataset/test/Tomato_Healthy_leaf/h71_mirror_aug_63aug67.jpg,Tomato_Healthy_leaf,Tomato_Healthy_leaf,0.9999997615814209,1,1.1768779754638672,8.309630393981934,0.17420482635498047,9.66399097442627
dataset/test/Tomato_Healthy_leaf/h71_mirroraug31.jpg,Tomato_Healthy_leaf,Tomato_Healthy_leaf,0.9999997615814209,1,1.1526927947998047,8.30189037322998,0.17398357391357422,9.631270408630371
dataset/test/Tomato_Healthy_leaf/h76_hight_aug_34aug88.jpg,Tomato_Healthy_leaf,Tomato_Healthy_leaf,0.9999998807907104,1,1.1603593826293945,8.22400188446045,0.1761302947998047,9.563177108764648
dataset/test/Tomato_Healthy_leaf/h76_hight_aug_35aug93.jpg,Tomato_Healthy_leaf,Tomato_Healthy_leaf,0.9999892711639404,1,1.1335458755493164,8.145501136779785,0.17468547821044922,9.456417083740234
dataset/test/Tomato_Healthy_leaf/h76_hightaug17.jpg,Tomato_Healthy_leaf,Tomato_Healthy_leaf,0.9999914169311523,1,1.1453046798706055,8.281963348388672,0.17633533477783203,9.60621452331543
dataset/test/Tomato_Healthy_leaf/h78_change_270_aug_36aug94.jpg,Tomato_Healthy_leaf,Tomato_Healthy_leaf,1.0,1,1.168914794921875,8.29842758178711,0.17740917205810547,9.647306442260742
dataset/test/Tomato_Healthy_leaf/h78_change_270_aug_37aug99.jpg,Tomato_Healthy_leaf,Tomato_Healthy_leaf,0.9999988079071045,1,1.1558780670166016,8.317205429077148,0.17598247528076172,9.651732444763184
dataset/test/Tomato_Healthy_leaf/h78_change_270aug18.jpg,Tomato_Healthy_leaf,Tomato_Healthy_leaf,0.9999916553497314,1,1.1504898071289062,8.227889060974121,0.15996456146240234,9.540860176086426
dataset/test/Tomato_Healthy_leaf/h7_lower_aug_44aug87.jpg,Tomato_Healthy_leaf,Tomato_Healthy_leaf,0.9999793767929077,1,1.1389331817626953,8.229314804077148,0.17401885986328125,9.545232772827148
dataset/test/Tomato_Healthy_leaf/h7_lower_aug_45aug79.jpg,Tomato_Healthy_leaf,Tomato_Healthy_leaf,0.9999237060546875,1,1.1592493057250977,8.137260437011719,0.1757049560546875,9.475434303283691
dataset/test/Tomato_Healthy_leaf/h7_loweraug22.jpg,Tomato_Healthy_leaf,Tomato_Healthy_leaf,0.99993896484375,1,1.2997303009033203,8.425576210021973,0.17529678344726562,9.903752326965332
dataset/test/Tomato_Healthy_leaf/h81_change_180_aug_16aug113.jpg,Tomato_Healthy_leaf,Tomato_Healthy_leaf,0.9998829364776611,1,1.1496191024780273,8.353760719299316,0.1747598648071289,9.681065559387207
dataset/test/Tomato_Healthy_leaf/h81_change_180_aug_17aug117.jpg,Tomato_Healthy_leaf,Tomato_Healthy_leaf,0.9998511075973511,1,1.203415870666504,8.408946990966797,0.17964935302734375,9.79499340057373
dataset/test/Tomato_Healthy_leaf/h81_change_180aug8.jpg,Tomato_Healthy_leaf,Tomato_Healthy_leaf,0.9999300241470337,1,1.2024898529052734,8.269242286682129,0.19287109375,9.667861938476562
dataset/test/Tomato_Healthy_leaf/h84_mirroraug40.jpg,Tomato_Healthy_leaf,Tomato_Healthy_leaf,0.9999961853027344,1,1.1883974075317383,8.415669441223145,0.17594528198242188,9.782622337341309
dataset/test/Tomato_Healthy_leaf/h8_change_90aug35.jpg,Tomato_Healthy_leaf,Tomato_Healthy_leaf,0.9998911619186401,1,1.157989501953125,8.29418659210205,0.17470455169677734,9.629566192626953
dataset/test/Tomato_Healthy_leaf/h95_mirror_verticalaug46.jpg,Tomato_Healthy_leaf,Tomato_Healthy_leaf,0.9982383251190186,1,1.1660642623901367,8.318668365478516,0.17559242248535156,9.662938117980957
dataset/test/Tomato_Healthy_leaf/h96_change_270aug47.jpg,Tomato_Healthy_leaf,Tomato_Healthy_leaf,0.9999657869338989,1,1.185063362121582,8.232000350952148,0.1755199432373047,9.595195770263672
dataset/test/Tomato_Healthy_leaf/h96_mirror_vertical_aug_14aug107.jpg,Tomato_Healthy_leaf,Tomato_Healthy_leaf,0.9999998807907104,1,1.14923095703125,8.232723236083984,0.17505741119384766,9.55962085723877
dataset/test/Tomato_Healthy_leaf/h96_mirror_vertical_aug_15aug112.jpg,Tomato_Healthy_leaf,Tomato_Healthy_leaf,0.9999324083328247,1,1.1737298965454102,8.281889915466309,0.16588973999023438,9.623769760131836
dataset/test/Tomato_Healthy_leaf/h96_mirror_verticalaug7.jpg,Tomato_Healthy_leaf,Tomato_Healthy_leaf,0.9999966621398926,1,1.119359016418457,8.164185523986816,0.1750202178955078,9.461194038391113
dataset/test/Tomato_Healthy_leaf/h99_hight_aug_32aug92.jpg,Tomato_Healthy_leaf,Tomato_Healthy_leaf,0.9999983310699463,1,1.1924333572387695,8.386612892150879,0.17416763305664062,9.755863189697266
dataset/test/Tomato_Healthy_leaf/h99_hight_aug_33aug101.jpg,Tomato_Healthy_leaf,Tomato_Healthy_leaf,0.999998927116394,1,1.2259902954101562,10.374813079833984,0.2062234878540039,11.810729026794434
dataset/test/Tomato_Healthy_leaf/h99_hightaug16.jpg,Tomato_Healthy_leaf,Tomato_Healthy_leaf,0.9999806880950928,1,1.4979543685913086,11.164798736572266,0.21226024627685547,12.878625869750977
dataset/test/Tomato_Healthy_leaf/h99_lower_aug_46aug78.jpg,Tomato_Healthy_leaf,Tomato_Healthy_leaf,0.9999334812164307,1,1.5076580047607422,10.959298133850098,0.21096420288085938,12.681384086608887
dataset/test/Tomato_Healthy_leaf/h99_lower_aug_47aug81.jpg,Tomato_Healthy_leaf,Tomato_Healthy_leaf,0.9998576641082764,1,1.484787940979004,10.983890533447266,0.2112417221069336,12.683772087097168
dataset/test/Tomato_Healthy_leaf/h99_loweraug23.jpg,Tomato_Healthy_leaf,Tomato_Healthy_leaf,0.9999613761901855,1,1.551156997680664,11.1266508102417,0.20531558990478516,12.886346817016602
dataset/test/Tomato_Healthy_leaf/h9_change_180_aug_48aug86.jpg,Tomato_Healthy_leaf,Tomato_Healthy_leaf,0.9999561309814453,1,1.5060300827026367,10.711703300476074,0.21553802490234375,12.436954498291016
dataset/test/Tomato_Healthy_leaf/h9_change_180_aug_49aug85.jpg,Tomato_Healthy_leaf,Tomato_Healthy_leaf,0.9999868869781494,1,1.5448999404907227,11.035760879516602,0.25446414947509766,12.83944034576416
dataset/test/Tomato_Healthy_leaf/h9_change_180aug24.jpg,Tomato_Healthy_leaf,Tomato_Healthy_leaf,0.9999977350234985,1,1.4744176864624023,11.097187042236328,0.21092891693115234,12.78618049621582
dataset/test/Tomato_Healthy_leaf/russian-2-319-dt-2010-leaves-high-tunnel-9-29-2014-c_jpg.rf.7ef5d3901dbeaf27776a27bfc8197b72_aug_0aug52.jpg,Tomato_Healthy_leaf,Tomato_Healthy_leaf,0.9999991655349731,1,1.585047721862793,8.468317031860352,0.16492652893066406,10.221052169799805
dataset/test/Tomato_Healthy_leaf/russian-2-319-dt-2010-leaves-high-tunnel-9-29-2014-c_jpg.rf.7ef5d3901dbeaf27776a27bfc8197b72_aug_1aug58.jpg,Tomato_Healthy_leaf,Tomato_Healthy_leaf,0.999998927116394,1,1.2318792343139648,7.768941879272461,0.16689014434814453,9.171137809753418
dataset/test/Tomato_Healthy_leaf/russian-2-319-dt-2010-leaves-high-tunnel-9-29-2014-c_jpg.rf.7ef5d3901dbeaf27776a27bfc8197b72aug0.jpg,Tomato_Healthy_leaf,Tomato_Healthy_leaf,0.9999988079071045,1,1.1566190719604492,7.786959648132324,0.16844654083251953,9.114450454711914
dataset/test/Tomato_Healthy_leaf/unnamed_aug_64aug64.jpg,Tomato_Healthy_leaf,Tomato_Healthy_leaf,0.9858139157295227,1,1.0798044204711914,7.716979026794434,0.16776084899902344,8.967005729675293
dataset/test/Tomato_Healthy_leaf/unnamed_aug_65aug60.jpg,Tomato_Healthy_leaf,Tomato_Healthy_leaf,0.7082765102386475,1,1.0945625305175781,7.7242937088012695,0.16705608367919922,8.988617897033691
dataset/test/Tomato_Healthy_leaf/unnamedaug32.jpg,Tomato_Healthy_leaf,Tomato_Healthy_leaf,0.9836989641189575,1,1.1194696426391602,7.626422882080078,0.16848182678222656,8.917099952697754
dataset/test/Tomato_Septoria_leaf_spot/1723454507354_aug_44aug83.jpg,Tomato_Septoria_leaf_spot,Tomato_Septoria_leaf_spot,0.9830143451690674,1,1.0876188278198242,7.765052795410156,0.16907501220703125,9.024173736572266
dataset/test/Tomato_Septoria_leaf_spot/1723454507354_aug_45aug80.jpg,Tomato_Septoria_leaf_spot,Tomato_Septoria_leaf_spot,0.9961884617805481,1,1.0718774795532227,7.555014610290527,0.17677879333496094,8.807042121887207
dataset/test/Tomato_Septoria_leaf_spot/1723454507354aug22.jpg,Tomato_Septoria_leaf_spot,Tomato_Septoria_leaf_spot,0.9968288540840149,1,1.2031917572021484,7.697218894958496,0.1745748519897461,9.077802658081055
dataset/test/Tomato_Septoria_leaf_spot/1723454507465_aug_58aug67.jpg,Tomato_Septoria_leaf_spot,Tomato_Septoria_leaf_spot,0.9190582036972046,1,1.1341009140014648,7.641386032104492,0.16689014434814453,8.945320129394531
dataset/test/Tomato_Septoria_leaf_spot/1723454507465_aug_59aug66.jpg,Tomato_Septoria_leaf_spot,Tomato_Septoria_leaf_spot,0.9834848046302795,1,1.1279716491699219,7.891571998596191,0.16705703735351562,9.189044952392578
dataset/test/Tomato_Septoria_leaf_spot/1723454507465aug29.jpg,Tomato_Septoria_leaf_spot,Tomato_Septoria_leaf_spot,0.7882824540138245,1,1.1117849349975586,7.771831512451172,0.17064857482910156,9.056783676147461
dataset/test/Tomato_Septoria_leaf_spot/5454635393351680.jpeg_aug_14aug115.jpg,Tomato_Septoria_leaf_spot,Tomato_Septoria_leaf_spot,0.8888992667198181,1,1.1432485580444336,8.27094554901123,0.2112417221069336,9.628213882446289
dataset/test/Tomato_Septoria_leaf_spot/5454635393351680.jpeg_aug_15aug46.jpg,Tomato_Septoria_leaf_spot,Tomato_Septoria_leaf_spot,0.8328711986541748,1,1.1263227462768555,8.165760040283203,0.168853759765625,9.463306427001953
dataset/test/Tomato_Septoria_leaf_spot/5454635393351680.jpegaug7.jpg,Tomato_Septoria_leaf_spot,Tomato_Septoria_leaf_spot,0.5442195534706116,1,1.1400270462036133,8.48974323272705,0.16359424591064453,9.795437812805176
dataset/test/Tomato_Septoria_leaf_spot/6134794031202304-600x272-jpeg_jpg.rf.5482c323fe160b26426628094ae3646baug42.jpg,Tomato_Septoria_leaf_spot,Tomato_Septoria_leaf_spot,0.9986743927001953,1,1.179452896118164,7.966888427734375,0.17279624938964844,9.322009086608887
dataset/test/Tomato_Septoria_leaf_spot/66e7583ebe11cf0bd06435e4167bd4fdaug41.jpg,Tomato_Septoria_leaf_spot,Tomato_Septoria_leaf_spot,0.9998873472213745,1,1.1502666473388672,8.09090805053711,0.18527889251708984,9.429564476013184
dataset/test/Tomato_Septoria_leaf_spot/8_20mistakes_204_aug_72aug61.jpg,Tomato_Septoria_leaf_spot,Tomato_mold_leaf,0.6948248147964478,0,1.2241191864013672,7.980443954467773,0.17920494079589844,9.386472702026367
dataset/test/Tomato_Septoria_leaf_spot/8_20mistakes_204_aug_73aug62.jpg,Tomato_Septoria_leaf_spot,Tomato_mold_leaf,0.7617126107215881,0,1.2816762924194336,8.436280250549316,0.1810750961303711,9.901679039001465
dataset/test/Tomato_Septoria_leaf_spot/8_20mistakes_204aug36.jpg,Tomato_Septoria_leaf_spot,Tomato_mold_leaf,0.5450432896614075,0,1.1539154052734375,8.193685531616211,0.17226028442382812,9.522379875183105
dataset/test/Tomato_Septoria_leaf_spot/Gls11_mirror_vertical_aug_42aug85.jpg,Tomato_Septoria_leaf_spot,Tomato_Septoria_leaf_spot,0.9805986881256104,1,1.160451889038086,8.311426162719727,0.1779642105102539,9.652843475341797
dataset/test/Tomato_Septoria_leaf_spot/Gls11_mirror_vertical_aug_43aug86.jpg,Tomato_Septoria_leaf_spot,Tomato_Septoria_leaf_spot,0.5334293246269226,1,1.195840835571289,8.31762981414795,0.17381668090820312,9.690104484558105
dataset/test/Tomato_Septoria_leaf_spot/Gls11_mirror_verticalaug21.jpg,Tomato_Septoria_leaf_spot,Tomato_Septoria_leaf_spot,0.9958232641220093,1,1.1558408737182617,8.7841157913208,0.17565059661865234,10.118551254272461
dataset/test/Tomato_Septoria_leaf_spot/Gls12_mirror_aug_46aug81.jpg,Tomato_Septoria_leaf_spot,Tomato_Septoria_leaf_spot,0.9999839067459106,1,1.137526512145996,8.536077499389648,0.17229652404785156,9.849104881286621
dataset/test/Tomato_Septoria_leaf_spot/Gls12_mirror_aug_47aug92.jpg,Tomato_Septoria_leaf_spot,Tomato_Septoria_leaf_spot,0.9999361038208008,1,1.1644706726074219,8.232481956481934,0.17412948608398438,9.573843002319336
dataset/test/Tomato_Septoria_leaf_spot/Gls12_mirroraug23.jpg,Tomato_Septoria_leaf_spot,Tomato_Septoria_leaf_spot,0.9999943971633911,1,1.1696557998657227,8.27233600616455,0.17470455169677734,9.619306564331055
dataset/test/Tomato_Septoria_leaf_spot/Gls1_mirror_aug_38aug82.jpg,Tomato_Septoria_leaf_spot,Tomato_Septoria_leaf_spot,0.9999843835830688,1,1.1713600158691406,8.357945442199707,0.17500019073486328,9.707064628601074
dataset/test/Tomato_Septoria_leaf_spot/Gls1_mirror_aug_39aug84.jpg,Tomato_Septoria_leaf_spot,Tomato_Septoria_leaf_spot,0.9999445676803589,1,1.164341926574707,8.351500511169434,0.1710205078125,9.689787864685059
dataset/test/Tomato_Septoria_leaf_spot/Gls1_mirroraug19.jpg,Tomato_Septoria_leaf_spot,Tomato_Septoria_leaf_spot,0.9999926090240479,1,1.1364517211914062,8.42305850982666,0.1743173599243164,9.73612117767334
dataset/test/Tomato_Septoria_leaf_spot/Gls21_change_270aug43.jpg,Tomato_Septoria_leaf_spot,Tomato_Septoria_leaf_spot,0.981622040271759,1,1.1364336013793945,8.28742790222168,0.17246532440185547,9.59900951385498
dataset/test/Tomato_Septoria_leaf_spot/Gls21_hight_aug_56aug78.jpg,Tomato_Septoria_leaf_spot,Tomato_Septoria_leaf_spot,0.9999933242797852,1,1.1463966369628906,8.330649375915527,0.17239093780517578,9.652084350585938
dataset/test/Tomato_Septoria_leaf_spot/Gls21_hight_aug_57aug79.jpg,Tomato_Septoria_leaf_spot,Tomato_Septoria_leaf_spot,0.9999992847442627,1,1.1425085067749023,8.392631530761719,0.1707782745361328,9.708715438842773
dataset/test/Tomato_Septoria_leaf_spot/Gls21_hightaug28.jpg,Tomato_Septoria_leaf_spot,Tomato_Septoria_leaf_spot,0.9999983310699463,1,1.1765813827514648,8.202982902526855,0.1726675033569336,9.555045127868652
dataset/test/Tomato_Septoria_leaf_spot/Gls29_change_180_aug_40aug89.jpg,Tomato_Septoria_leaf_spot,Tomato_Septoria_leaf_spot,0.9998741149902344,1,1.1491565704345703,8.585280418395996,0.17607498168945312,9.912826538085938
dataset/test/Tomato_Septoria_leaf_spot/Gls29_change_180_aug_41aug91.jpg,Tomato_Septoria_leaf_spot,Tomato_Septoria_leaf_spot,0.9999703168869019,1,1.2906932830810547,8.337019920349121,0.17737197875976562,9.80764102935791
dataset/test/Tomato_Septoria_leaf_spot/Gls29_change_180aug20.jpg,Tomato_Septoria_leaf_spot,Tomato_Septoria_leaf_spot,0.9999804496765137,1,1.150136947631836,8.324056625366211,0.17640972137451172,9.653010368347168
dataset/test/Tomato_Septoria_leaf_spot/Gls36_hight_aug_20aug116.jpg,Tomato_Septoria_leaf_spot,Tomato_Septoria_leaf_spot,0.9965582489967346,1,1.1437854766845703,8.24437141418457,0.1754465103149414,9.566028594970703
dataset/test/Tomato_Septoria_leaf_spot/Gls36_hight_aug_21aug118.jpg,Tomato_Septoria_leaf_spot,Tomato_Septoria_leaf_spot,0.9991539716720581,1,1.1215639114379883,8.342612266540527,0.17498302459716797,9.642196655273438
dataset/test/Tomato_Septoria_leaf_spot/Gls36_hightaug10.jpg,Tomato_Septoria_leaf_spot,Tomato_Septoria_leaf_spot,0.9996564388275146,1,1.1338777542114258,8.908839225769043,0.20840930938720703,10.254107475280762
dataset/test/Tomato_Septoria_leaf_spot/Gls41_change_270_aug_50aug90.jpg,Tomato_Septoria_leaf_spot,Tomato_Healthy_leaf,0.8665755987167358,0,1.1980819702148438,8.25790786743164,0.17772388458251953,9.636232376098633
dataset/test/Tomato_Septoria_leaf_spot/Gls41_change_270_aug_51aug77.jpg,Tomato_Septoria_leaf_spot,Tomato_Healthy_leaf,0.6330461502075195,0,1.1821012496948242,8.949542999267578,0.23511219024658203,10.369089126586914
dataset/test/Tomato_Septoria_leaf_spot/Gls41_change_270aug25.jpg,Tomato_Septoria_leaf_spot,Tomato_Healthy_leaf,0.940333902835846,0,1.1603784561157227,10.813907623291016,0.25759410858154297,12.234972953796387
dataset/test/Tomato_Septoria_leaf_spot/Gls43_change_90_aug_60aug75.jpg,Tomato_Septoria_leaf_spot,Tomato_Septoria_leaf_spot,0.9999972581863403,1,1.7401056289672852,27.456225395202637,0.2169637680053711,29.41697883605957
dataset/test/Tomato_Septoria_leaf_spot/Gls43_change_90_aug_61aug73.jpg,Tomato_Septoria_leaf_spot,Tomato_Septoria_leaf_spot,0.9999982118606567,1,1.4946022033691406,16.223259925842285,0.2701873779296875,17.99180793762207
dataset/test/Tomato_Septoria_leaf_spot/Gls43_change_90aug30.jpg,Tomato_Septoria_leaf_spot,Tomato_Septoria_leaf_spot,0.9999929666519165,1,1.6546220779418945,11.165335655212402,0.21466732025146484,13.038126945495605
dataset/test/Tomato_Septoria_leaf_spot/Gls46_change_90_aug_6aug53.jpg,Tomato_Septoria_leaf_spot,Tomato_Septoria_leaf_spot,0.9999997615814209,1,1.5081396102905273,10.971741676330566,0.22072410583496094,12.704327583312988
dataset/test/Tomato_Septoria_leaf_spot/Gls46_change_90_aug_7aug56.jpg,Tomato_Septoria_leaf_spot,Tomato_Septoria_leaf_spot,0.9999396800994873,1,1.530287742614746,11.352578163146973,0.20357513427734375,13.089683532714844
dataset/test/Tomato_Septoria_leaf_spot/Gls46_change_90aug3.jpg,Tomato_Septoria_leaf_spot,Tomato_Septoria_leaf_spot,0.9998575448989868,1,1.5198078155517578,9.07691478729248,0.16552066802978516,10.7644624710083
dataset/test/Tomato_Septoria_leaf_spot/Gls47aug44.jpg,Tomato_Septoria_leaf_spot,Tomato_Septoria_leaf_spot,0.9999998807907104,1,1.0949344635009766,7.6341447830200195,0.1777057647705078,8.909430503845215
dataset/test/Tomato_Septoria_leaf_spot/Gls76_aug_34aug97.jpg,Tomato_Septoria_leaf_spot,Tomato_Septoria_leaf_spot,0.9872948527336121,1,1.1690254211425781,7.645885467529297,0.16759300231933594,8.984911918640137
dataset/test/Tomato_Septoria_leaf_spot/Gls76_aug_35aug103.jpg,Tomato_Septoria_leaf_spot,Tomato_mold_leaf,0.6082798838615417,0,1.1404523849487305,7.822330474853516,0.17079830169677734,9.13630485534668
dataset/test/Tomato_Septoria_leaf_spot/Gls76_change_180_aug_30aug96.jpg,Tomato_Septoria_leaf_spot,Tomato_mold_leaf,0.6699405908584595,0,1.0953588485717773,7.751479148864746,0.16983509063720703,9.019320487976074
dataset/test/Tomato_Septoria_leaf_spot/Gls76_change_180_aug_31aug100.jpg,Tomato_Septoria_leaf_spot,Tomato_mold_leaf,0.9804633259773254,0,1.0975446701049805,7.6479597091674805,0.1748523712158203,8.923079490661621
dataset/test/Tomato_Septoria_leaf_spot/Gls76_change_180aug15.jpg,Tomato_Septoria_leaf_spot,Tomato_mold_leaf,0.9772575497627258,0,1.0934333801269531,7.817941665649414,0.16085338592529297,9.075118064880371
dataset/test/Tomato_Septoria_leaf_spot/Gls76aug17.jpg,Tomato_Septoria_leaf_spot,Tomato_Septoria_leaf_spot,0.7872017621994019,1,1.1428604125976562,7.636646270751953,0.17837142944335938,8.960822105407715
dataset/test/Tomato_Septoria_leaf_spot/Gls7_change_270_aug_64aug68.jpg,Tomato_Septoria_leaf_spot,Tomato_Septoria_leaf_spot,0.9999243021011353,1,1.1907672882080078,7.6401824951171875,0.1668720245361328,9.000171661376953
dataset/test/Tomato_Septoria_leaf_spot/Gls7_change_270_aug_65aug71.jpg,Tomato_Septoria_leaf_spot,Tomato_Septoria_leaf_spot,0.9999039173126221,1,1.097823143005371,7.819516181945801,0.16650104522705078,9.086339950561523
dataset/test/Tomato_Septoria_leaf_spot/Gls7_change_270aug32.jpg,Tomato_Septoria_leaf_spot,Tomato_Septoria_leaf_spot,0.9998089671134949,1,1.0913782119750977,7.751386642456055,0.1646862030029297,9.01033878326416
dataset/test/Tomato_Septoria_leaf_spot/Gls7_lower_aug_0aug57.jpg,Tomato_Septoria_leaf_spot,Tomato_Septoria_leaf_spot,0.9999922513961792,1,1.138249397277832,10.191014289855957,0.21405696868896484,11.547079086303711
dataset/test/Tomato_Septoria_leaf_spot/Gls7_lower_aug_1aug52.jpg,Tomato_Septoria_leaf_spot,Tomato_Septoria_leaf_spot,0.9999841451644897,1,1.5367517471313477,10.997574806213379,0.28868675231933594,12.826680183410645
dataset/test/Tomato_Septoria_leaf_spot/Gls7_loweraug0.jpg,Tomato_Septoria_leaf_spot,Tomato_Septoria_leaf_spot,0.9999994039535522,1,1.5814733505249023,11.39035415649414,0.21363067626953125,13.18905258178711
dataset/test/Tomato_Septoria_leaf_spot/Gls81_lower_aug_2aug51.jpg,Tomato_Septoria_leaf_spot,Tomato_Septoria_leaf_spot,0.9999978542327881,1,1.3916206359863281,10.72714614868164,0.21527862548828125,12.337713241577148
dataset/test/Tomato_Septoria_leaf_spot/Gls81_lower_aug_3aug54.jpg,Tomato_Septoria_leaf_spot,Tomato_Septoria_leaf_spot,0.9986978769302368,1,1.4209909439086914,10.860093116760254,0.21351909637451172,12.498233795166016
dataset/test/Tomato_Septoria_leaf_spot/Gls81_loweraug1.jpg,Tomato_Septoria_leaf_spot,Tomato_Septoria_leaf_spot,0.9999518394470215,1,1.4103059768676758,10.991945266723633,0.21675968170166016,12.622382164001465
dataset/test/Tomato_Septoria_leaf_spot/IMG-20240812-WA0213_aug_70aug59.jpg,Tomato_Septoria_leaf_spot,Tomato_Early_blight_leaf,0.8127685785293579,0,1.6014747619628906,11.0261869430542,0.21190929412841797,12.842920303344727
dataset/test/Tomato_Septoria_leaf_spot/IMG-20240812-WA0213_aug_71aug60.jpg,Tomato_Septoria_leaf_spot,Tomato_Early_blight_leaf,0.9119130373001099,0,1.5676031112670898,10.69509220123291,0.2562980651855469,12.521862983703613
dataset/test/Tomato_Septoria_leaf_spot/IMG-20240812-WA0213aug35.jpg,Tomato_Septoria_leaf_spot,Tomato_Early_blight_leaf,0.6875306963920593,0,1.633326530456543,9.676899909973145,0.1683340072631836,11.481819152832031
dataset/test/Tomato_Septoria_leaf_spot/Original_e-blight.JPG.rend.hgtvcom.966.725.jpeg_aug_52aug74.jpg,Tomato_Septoria_leaf_spot,Tomato_Septoria_leaf_spot,0.9999886751174927,1,1.1675262451171875,7.650182723999023,0.15939044952392578,8.97950553894043
dataset/test/Tomato_Septoria_leaf_spot/Original_e-blight.JPG.rend.hgtvcom.966.725.jpeg_aug_53aug76.jpg,Tomato_Septoria_leaf_spot,Tomato_Septoria_leaf_spot,0.9999595880508423,1,1.0716180801391602,7.597164154052734,0.16689014434814453,8.838116645812988
dataset/test/Tomato_Septoria_leaf_spot/Original_e-blight.JPG.rend.hgtvcom.966.725.jpegaug26.jpg,Tomato_Septoria_leaf_spot,Tomato_Septoria_leaf_spot,0.999988317489624,1,1.1476564407348633,7.546032905578613,0.17696380615234375,8.873930931091309
dataset/test/Tomato_Septoria_leaf_spot/SS_ (990)_aug_24aug107.jpg,Tomato_Septoria_leaf_spot,Tomato_Septoria_leaf_spot,0.9999620914459229,1,1.09332275390625,7.727570533752441,0.166259765625,8.990283012390137
dataset/test/Tomato_Septoria_leaf_spot/SS_ (990)_aug_25aug113.jpg,Tomato_Septoria_leaf_spot,Tomato_Septoria_leaf_spot,0.9999703168869019,1,1.1275453567504883,7.605867385864258,0.16742801666259766,8.903430938720703
dataset/test/Tomato_Septoria_leaf_spot/SS_ (990)aug12.jpg,Tomato_Septoria_leaf_spot,Tomato_Septoria_leaf_spot,0.9998939037322998,1,1.0819511413574219,7.700404167175293,0.16881656646728516,8.95389461517334
dataset/test/Tomato_Septoria_leaf_spot/Septoria_tomato_Margaret-20B_p8170755_0002_25004_jpg.rf.3fbb14d553c623c77f342b3a54baddab_aug_66aug70.jpg,Tomato_Septoria_leaf_spot,Tomato_Septoria_leaf_spot,0.9990071654319763,1,1.152266502380371,7.609421730041504,0.17244529724121094,8.937356948852539
dataset/test/Tomato_Septoria_leaf_spot/Septoria_tomato_Margaret-20B_p8170755_0002_25004_jpg.rf.3fbb14d553c623c77f342b3a54baddab_aug_67aug63.jpg,Tomato_Septoria_leaf_spot,Tomato_Septoria_leaf_spot,0.9981949925422668,1,1.1380624771118164,7.765830993652344,0.16544532775878906,9.071876525878906
dataset/test/Tomato_Septoria_leaf_spot/Septoria_tomato_Margaret-20B_p8170755_0002_25004_jpg.rf.3fbb14d553c623c77f342b3a54baddabaug33.jpg,Tomato_Septoria_leaf_spot,Tomato_Septoria_leaf_spot,0.9993745684623718,1,1.1621923446655273,7.5366621017456055,0.1850748062133789,8.886079788208008
dataset/test/Tomato_Septoria_leaf_spot/Tomato-Plant-with-Septoria-Leaf-Spot_aug_68aug65.jpg,Tomato_Septoria_leaf_spot,Tomato_Septoria_leaf_spot,0.9999629259109497,1,1.1057491302490234,7.948814392089844,0.16700077056884766,9.224082946777344
dataset/test/Tomato_Septoria_leaf_spot/Tomato-Plant-with-Septoria-Leaf-Spot_aug_69aug64.jpg,Tomato_Septoria_leaf_spot,Tomato_Septoria_leaf_spot,0.9102734923362732,1,1.2060823440551758,7.5598859786987305,0.16533470153808594,8.934393882751465
dataset/test/Tomato_Septoria_leaf_spot/Tomato-Plant-with-Septoria-Leaf-Spotaug34.jpg,Tomato_Septoria_leaf_spot,Tomato_Septoria_leaf_spot,0.9996304512023926,1,1.1459341049194336,8.188369750976562,0.17368602752685547,9.510398864746094
dataset/test/Tomato_Septoria_leaf_spot/b54d0e40027ff5e90e8ba7e1e9abf9bdaug39.jpg,Tomato_Septoria_leaf_spot,Tomato_Septoria_leaf_spot,0.9999974966049194,1,1.154728889465332,8.502297401428223,0.17238903045654297,9.832252502441406
dataset/test/Tomato_Septoria_leaf_spot/classic-septoria_aug_10aug48.jpg,Tomato_Septoria_leaf_spot,Tomato_Septoria_leaf_spot,0.9682023525238037,1,1.191934585571289,8.20931625366211,0.17409420013427734,9.578343391418457
dataset/test/Tomato_Septoria_leaf_spot/classic-septoria_aug_11aug49.jpg,Tomato_Septoria_leaf_spot,Tomato_Septoria_leaf_spot,0.9979918003082275,1,1.2285261154174805,8.103702545166016,0.17105674743652344,9.50582504272461
dataset/test/Tomato_Septoria_leaf_spot/classic-septoriaaug5.jpg,Tomato_Septoria_leaf_spot,Tomato_Septoria_leaf_spot,0.9599142670631409,1,1.2333784103393555,8.061981201171875,0.17322444915771484,9.47171401977539
dataset/test/Tomato_Septoria_leaf_spot/early+blight+on+leaf+yel+halo+IMG_2313.JPG_aug_62aug69.jpg,Tomato_Septoria_leaf_spot,Tomato_Septoria_leaf_spot,0.9999889135360718,1,1.117823600769043,8.144962310791016,0.17148208618164062,9.436971664428711
dataset/test/Tomato_Septoria_leaf_spot/early+blight+on+leaf+yel+halo+IMG_2313.JPG_aug_63aug72.jpg,Tomato_Septoria_leaf_spot,Tomato_Septoria_leaf_spot,0.9999538660049438,1,1.200601577758789,8.093000411987305,0.1709461212158203,9.467435836791992
dataset/test/Tomato_Septoria_leaf_spot/early+blight+on+leaf+yel+halo+IMG_2313.JPGaug31.jpg,Tomato_Septoria_leaf_spot,Tomato_Septoria_leaf_spot,0.9999804496765137,1,1.1460084915161133,8.030313491821289,0.16926097869873047,9.348286628723145
dataset/test/Tomato_Septoria_leaf_spot/early-blight-of-tomato-tomato-1aug38.jpg,Tomato_Septoria_leaf_spot,Tomato_Septoria_leaf_spot,0.9999517202377319,1,1.1827688217163086,8.209925651550293,0.20142745971679688,9.596491813659668
dataset/test/Tomato_Septoria_leaf_spot/eblight5_aug_18aug110.jpg,Tomato_Septoria_leaf_spot,Tomato_Septoria_leaf_spot,0.9927080273628235,1,1.1018037796020508,8.209835052490234,0.17287063598632812,9.487101554870605
dataset/test/Tomato_Septoria_leaf_spot/eblight5_aug_19aug117.jpg,Tomato_Septoria_leaf_spot,Tomato_Septoria_leaf_spot,0.9999103546142578,1,1.1318044662475586,9.537232398986816,0.21068572998046875,10.883018493652344
dataset/test/Tomato_Septoria_leaf_spot/eblight5aug9.jpg,Tomato_Septoria_leaf_spot,Tomato_Septoria_leaf_spot,0.9795066714286804,1,1.3929729461669922,10.941649436950684,0.20264911651611328,12.54026985168457
dataset/test/Tomato_Septoria_leaf_spot/images (1)_aug_54aug93.jpg,Tomato_Septoria_leaf_spot,Tomato_Septoria_leaf_spot,0.9346367716789246,1,1.4367704391479492,11.205909729003906,0.21665096282958984,12.86316204071045
dataset/test/Tomato_Septoria_leaf_spot/images (1)_aug_55aug87.jpg,Tomato_Septoria_leaf_spot,Tomato_Septoria_leaf_spot,0.9768316149711609,1,1.4415836334228516,10.92124080657959,0.21666812896728516,12.58364200592041
dataset/test/Tomato_Septoria_leaf_spot/images (1)aug27.jpg,Tomato_Septoria_leaf_spot,Tomato_Septoria_leaf_spot,0.9987723231315613,1,1.4991950988769531,10.973538398742676,0.22388935089111328,12.701031684875488
dataset/test/Tomato_Septoria_leaf_spot/tomato-blight-treatment-blight_jpg.rf.78cbf6055199828cb682fd0a6435a157_aug_74aug58.jpg,Tomato_Septoria_leaf_spot,Tomato_Septoria_leaf_spot,0.9958388805389404,1,1.5035114288330078,10.977815628051758,0.23157596588134766,12.716363906860352
dataset/test/Tomato_Septoria_leaf_spot/tomato-blight-treatment-blight_jpg.rf.78cbf6055199828cb682fd0a6435a157aug37.jpg,Tomato_Septoria_leaf_spot,Tomato_Septoria_leaf_spot,0.9969366788864136,1,1.452528953552246,10.925426483154297,0.2124462127685547,12.59360408782959
dataset/test/Tomato_Septoria_leaf_spot/tomato-early-blight-e1437503226856_aug_4aug50.jpg,Tomato_Septoria_leaf_spot,Tomato_Septoria_leaf_spot,0.9999799728393555,1,1.5132884979248047,10.906408309936523,0.21359539031982422,12.636402130126953
dataset/test/Tomato_Septoria_leaf_spot/tomato-early-blight-e1437503226856_aug_5aug55.jpg,Tomato_Septoria_leaf_spot,Tomato_Septoria_leaf_spot,0.9927413463592529,1,1.546992301940918,9.828659057617188,0.16561126708984375,11.54430103302002
dataset/test/Tomato_Septoria_leaf_spot/tomato-early-blight-e1437503226856aug2.jpg,Tomato_Septoria_leaf_spot,Tomato_Septoria_leaf_spot,0.9975649118423462,1,1.11126708984375,7.696775436401367,0.16733264923095703,8.97767162322998
dataset/test/Tomato_Septoria_leaf_spot/tomato-early-blightH_jpg.rf.2633fbae0a933eb2711cb8466f34aca1_aug_12aug119.jpg,Tomato_Septoria_leaf_spot,Tomato_Septoria_leaf_spot,0.9997122883796692,1,1.1596755981445312,7.682478904724121,0.16429710388183594,9.009431838989258
dataset/test/Tomato_Septoria_leaf_spot/tomato-early-blightH_jpg.rf.2633fbae0a933eb2711cb8466f34aca1_aug_13aug114.jpg,Tomato_Septoria_leaf_spot,Tomato_Septoria_leaf_spot,0.9999442100524902,1,1.1129512786865234,7.673551559448242,0.17731571197509766,8.967376708984375
dataset/test/Tomato_Septoria_leaf_spot/tomato-early-blightH_jpg.rf.2633fbae0a933eb2711cb8466f34aca1aug6.jpg,Tomato_Septoria_leaf_spot,Tomato_Septoria_leaf_spot,0.9999966621398926,1,1.1700639724731445,7.768182754516602,0.1746673583984375,9.115654945373535
dataset/test/Tomato_Septoria_leaf_spot/tomato-septoria-3-500x384_aug_32aug104.jpg,Tomato_Septoria_leaf_spot,Tomato_Septoria_leaf_spot,0.988379716873169,1,1.0885629653930664,7.733978271484375,0.16344547271728516,8.988801956176758
dataset/test/Tomato_Septoria_leaf_spot/tomato-septoria-3-500x384_aug_33aug106.jpg,Tomato_Septoria_leaf_spot,Tomato_Septoria_leaf_spot,0.9991294741630554,1,1.067378044128418,7.592792510986328,0.16544628143310547,8.828226089477539
dataset/test/Tomato_Septoria_leaf_spot/tomato-septoria-3-500x384_jpg.rf.40a23512bd3b6d8df2115d7f591913fb_aug_16aug112.jpg,Tomato_Septoria_leaf_spot,Tomato_Septoria_leaf_spot,0.9999881982803345,1,1.2024707794189453,7.819330215454102,0.1687784194946289,9.193026542663574
dataset/test/Tomato_Septoria_leaf_spot/tomato-septoria-3-500x384_jpg.rf.40a23512bd3b6d8df2115d7f591913fb_aug_17aug111.jpg,Tomato_Septoria_leaf_spot,Tomato_Septoria_leaf_spot,0.9997932314872742,1,1.144230842590332,7.692441940307617,0.16563034057617188,9.004951477050781
dataset/test/Tomato_Septoria_leaf_spot/tomato-septoria-3-500x384_jpg.rf.40a23512bd3b6d8df2115d7f591913fbaug8.jpg,Tomato_Septoria_leaf_spot,Tomato_Septoria_leaf_spot,0.9998520612716675,1,1.0934686660766602,7.712275505065918,0.16629791259765625,8.974783897399902
dataset/test/Tomato_Septoria_leaf_spot/tomato-septoria-3-500x384aug16.jpg,Tomato_Septoria_leaf_spot,Tomato_Septoria_leaf_spot,0.9999829530715942,1,1.0973234176635742,7.589921951293945,0.1653900146484375,8.855356216430664
dataset/test/Tomato_Septoria_leaf_spot/tomato-septoria-5_jpg.rf.fab97ae4bb3726e33dcbde7262ec6a65aug40.jpg,Tomato_Septoria_leaf_spot,Tomato_Septoria_leaf_spot,0.9998102784156799,1,1.1911754608154297,7.4999589920043945,0.20679569244384766,8.901060104370117
dataset/test/Tomato_Septoria_leaf_spot/tomato-septoria-leaf-spot--_aug_22aug109.jpg,Tomato_Septoria_leaf_spot,Tomato_Early_blight_leaf,0.8401583433151245,0,1.647918701171875,11.037056922912598,0.2117605209350586,12.900274276733398
dataset/test/Tomato_Septoria_leaf_spot/tomato-septoria-leaf-spot--_aug_23aug108.jpg,Tomato_Septoria_leaf_spot,Tomato_Early_blight_leaf,0.5638564825057983,0,1.5672521591186523,10.768370628356934,0.21616840362548828,12.555085182189941
dataset/test/Tomato_Septoria_leaf_spot/tomato-septoria-leaf-spot--_jpg.rf.06783859d6d3e49976374e4146674e0b_aug_48aug94.jpg,Tomato_Septoria_leaf_spot,Tomato_Septoria_leaf_spot,0.7903077006340027,1,1.579732894897461,10.825149536132812,0.21457481384277344,12.622734069824219
dataset/test/Tomato_Septoria_leaf_spot/tomato-septoria-leaf-spot--_jpg.rf.06783859d6d3e49976374e4146674e0b_aug_49aug88.jpg,Tomato_Septoria_leaf_spot,Tomato_Septoria_leaf_spot,0.6414419412612915,1,1.6172523498535156,11.142890930175781,0.2116680145263672,12.975255012512207
dataset/test/Tomato_Septoria_leaf_spot/tomato-septoria-leaf-spot--_jpg.rf.06783859d6d3e49976374e4146674e0baug24.jpg,Tomato_Septoria_leaf_spot,Tomato_Early_blight_leaf,0.6469792127609253,0,1.7991609573364258,11.010038375854492,0.21102046966552734,13.023386001586914
dataset/test/Tomato_Septoria_leaf_spot/tomato-septoria-leaf-spot--_jpg.rf.5e63d9a20f5557b9bb3617e79b48ef85_aug_26aug95.jpg,Tomato_Septoria_leaf_spot,Tomato_leaf_yellow_curl_virus,0.4988653361797333,0,1.649937629699707,11.269447326660156,0.21216678619384766,13.135367393493652
dataset/test/Tomato_Septoria_leaf_spot/tomato-septoria-leaf-spot--_jpg.rf.5e63d9a20f5557b9bb3617e79b48ef85_aug_27aug101.jpg,Tomato_Septoria_leaf_spot,Tomato_Septoria_leaf_spot,0.8602249026298523,1,1.7036027908325195,10.932056427001953,0.21657466888427734,12.856088638305664
dataset/test/Tomato_Septoria_leaf_spot/tomato-septoria-leaf-spot--_jpg.rf.5e63d9a20f5557b9bb3617e79b48ef85aug13.jpg,Tomato_Septoria_leaf_spot,Tomato_Septoria_leaf_spot,0.6220519542694092,1,1.647512435913086,10.751239776611328,0.18050193786621094,12.582269668579102
dataset/test/Tomato_Septoria_leaf_spot/tomato-septoria-leaf-spot--aug11.jpg,Tomato_Septoria_leaf_spot,Tomato_Early_blight_leaf,0.9332618117332458,0,1.3203420639038086,7.6431074142456055,0.1665935516357422,9.13250732421875
dataset/test/Tomato_Septoria_leaf_spot/tomato-septoria-leaf-spot-_aug_28aug105.jpg,Tomato_Septoria_leaf_spot,Tomato_Septoria_leaf_spot,0.919728696346283,1,1.2073602676391602,7.548163414001465,0.16714954376220703,8.925320625305176
dataset/test/Tomato_Septoria_leaf_spot/tomato-septoria-leaf-spot-_aug_29aug102.jpg,Tomato_Septoria_leaf_spot,Tomato_Septoria_leaf_spot,0.8897178769111633,1,1.1355247497558594,7.699793815612793,0.16579723358154297,9.003690719604492
dataset/test/Tomato_Septoria_leaf_spot/tomato-septoria-leaf-spot-aug14.jpg,Tomato_Septoria_leaf_spot,Tomato_Septoria_leaf_spot,0.999077320098877,1,1.1091938018798828,7.559922218322754,0.16576099395751953,8.837078094482422
dataset/test/Tomato_Septoria_leaf_spot/tomato_D2b-Early-blight---RPitblado_zoom_jpg.rf.93df1c3cb830b3940e4a23a5c4a05598_aug_8aug45.jpg,Tomato_Septoria_leaf_spot,Tomato_Septoria_leaf_spot,0.9999676942825317,1,1.1296930313110352,7.658608436584473,0.16837215423583984,8.958876609802246
dataset/test/Tomato_Septoria_leaf_spot/tomato_D2b-Early-blight---RPitblado_zoom_jpg.rf.93df1c3cb830b3940e4a23a5c4a05598_aug_9aug47.jpg,Tomato_Septoria_leaf_spot,Tomato_Septoria_leaf_spot,0.9996801614761353,1,1.1783418655395508,7.734183311462402,0.16559314727783203,9.080377578735352
dataset/test/Tomato_Septoria_leaf_spot/tomato_D2b-Early-blight---RPitblado_zoom_jpg.rf.93df1c3cb830b3940e4a23a5c4a05598aug4.jpg,Tomato_Septoria_leaf_spot,Tomato_Septoria_leaf_spot,0.9997267127037048,1,1.1493043899536133,7.693090438842773,0.16159343719482422,9.00622844696045
dataset/test/Tomato_Septoria_leaf_spot/tomatoseptorialeafspotjpg-788d20798a3c74e7_aug_36aug98.jpg,Tomato_Septoria_leaf_spot,Tomato_Septoria_leaf_spot,0.9999829530715942,1,1.1023778915405273,7.519700050354004,0.18076038360595703,8.805487632751465
dataset/test/Tomato_Septoria_leaf_spot/tomatoseptorialeafspotjpg-788d20798a3c74e7_aug_37aug99.jpg,Tomato_Septoria_leaf_spot,Tomato_Septoria_leaf_spot,0.9995957016944885,1,1.236250877380371,7.562699317932129,0.1672048568725586,8.9686918258667
dataset/test/Tomato_Septoria_leaf_spot/tomatoseptorialeafspotjpg-788d20798a3c74e7aug18.jpg,Tomato_Septoria_leaf_spot,Tomato_Septoria_leaf_spot,0.9999921321868896,1,1.136897087097168,7.668218612670898,0.1669445037841797,8.97463607788086
dataset/test/Tomato_leaf_late_blight/Gls74_change_90_aug_66aug46.jpg,Tomato_leaf_late_blight,Tomato_Early_blight_leaf,0.46040940284729004,0,1.0581188201904297,7.710274696350098,0.1679821014404297,8.938819885253906
dataset/test/Tomato_leaf_late_blight/Gls74_change_90_aug_67aug49.jpg,Tomato_leaf_late_blight,Tomato_Septoria_leaf_spot,0.7515121102333069,0,1.073211669921875,7.966591835021973,0.177093505859375,9.21985912322998
dataset/test/Tomato_leaf_late_blight/Gls74_change_90_aug_68aug41.jpg,Tomato_leaf_late_blight,Tomato_Septoria_leaf_spot,0.9565209150314331,0,1.1107673645019531,8.013166427612305,0.17131519317626953,9.297767639160156
dataset/test/Tomato_leaf_late_blight/Gls74_change_90aug22.jpg,Tomato_leaf_late_blight,Tomato_Septoria_leaf_spot,0.982150673866272,0,1.1465635299682617,7.965388298034668,0.16566848754882812,9.280359268188477
dataset/test/Tomato_leaf_late_blight/Gls78_change_270_aug_24aug95.jpg,Tomato_leaf_late_blight,Tomato_leaf_late_blight,0.9761685729026794,1,1.0922670364379883,8.717207908630371,0.1632986068725586,9.975346565246582
dataset/test/Tomato_leaf_late_blight/Gls78_change_270_aug_25aug80.jpg,Tomato_leaf_late_blight,Tomato_leaf_late_blight,0.9894898533821106,1,1.1209335327148438,7.811443328857422,0.20972347259521484,9.145136833190918
dataset/test/Tomato_leaf_late_blight/Gls78_change_270_aug_26aug81.jpg,Tomato_leaf_late_blight,Tomato_leaf_late_blight,0.9643632173538208,1,1.1136560440063477,8.493447303771973,0.17107582092285156,9.781085014343262
dataset/test/Tomato_leaf_late_blight/Gls78_change_270aug8.jpg,Tomato_leaf_late_blight,Tomato_leaf_late_blight,0.8746744394302368,1,1.1947851181030273,7.872702598571777,0.16957664489746094,9.23984146118164
dataset/test/Tomato_leaf_late_blight/Gls79_change_270_aug_51aug69.jpg,Tomato_leaf_late_blight,Tomato_leaf_late_blight,0.9999032020568848,1,1.1203584671020508,8.002629280090332,0.17109394073486328,9.296564102172852
dataset/test/Tomato_leaf_late_blight/Gls79_change_270_aug_52aug74.jpg,Tomato_leaf_late_blight,Tomato_leaf_late_blight,0.99959796667099,1,1.0830631256103516,10.063679695129395,0.16951942443847656,11.318540573120117
dataset/test/Tomato_leaf_late_blight/Gls79_change_270_aug_53aug68.jpg,Tomato_leaf_late_blight,Tomato_leaf_late_blight,0.9999241828918457,1,1.1174888610839844,8.644208908081055,0.1726856231689453,9.937457084655762
dataset/test/Tomato_leaf_late_blight/Gls79_change_270aug17.jpg,Tomato_leaf_late_blight,Tomato_leaf_late_blight,0.9994739890098572,1,1.0686368942260742,20.86617946624756,0.17183399200439453,22.109374046325684
dataset/test/Tomato_leaf_late_blight/Gls79_change_90_aug_27aug85.jpg,Tomato_leaf_late_blight,Tomato_leaf_late_blight,0.9981353282928467,1,1.2120447158813477,10.646425247192383,0.1740560531616211,12.035175323486328
dataset/test/Tomato_leaf_late_blight/Gls79_change_90_aug_28aug97.jpg,Tomato_leaf_late_blight,Tomato_leaf_late_blight,0.9995443224906921,1,1.2171382904052734,8.215816497802734,0.17281627655029297,9.608306884765625
dataset/test/Tomato_leaf_late_blight/Gls79_change_90_aug_29aug89.jpg,Tomato_leaf_late_blight,Tomato_leaf_late_blight,0.9557318091392517,1,1.1177120208740234,8.256759643554688,0.1719827651977539,9.549214363098145
dataset/test/Tomato_leaf_late_blight/Gls79_change_90aug9.jpg,Tomato_leaf_late_blight,Tomato_leaf_late_blight,0.9808670878410339,1,1.1428594589233398,8.189668655395508,0.17055702209472656,9.505731582641602
dataset/test/Tomato_leaf_late_blight/Gls79_mirror_aug_15aug104.jpg,Tomato_leaf_late_blight,Tomato_leaf_late_blight,0.9999761581420898,1,1.0953598022460938,8.151778221130371,0.17642688751220703,9.426398277282715
dataset/test/Tomato_leaf_late_blight/Gls79_mirror_aug_16aug113.jpg,Tomato_leaf_late_blight,Tomato_leaf_late_blight,0.9999896287918091,1,1.0877485275268555,8.321187019348145,0.1731128692626953,9.58454704284668
dataset/test/Tomato_leaf_late_blight/Gls79_mirror_aug_17aug109.jpg,Tomato_leaf_late_blight,Tomato_leaf_late_blight,0.9999958276748657,1,1.1607484817504883,8.104870796203613,0.17192649841308594,9.440380096435547
dataset/test/Tomato_leaf_late_blight/Gls79_mirroraug5.jpg,Tomato_leaf_late_blight,Tomato_leaf_late_blight,0.9999794960021973,1,1.0835800170898438,8.209834098815918,0.17096328735351562,9.467342376708984
dataset/test/Tomato_leaf_late_blight/IMG_20251102_155822aug32.jpg,Tomato_leaf_late_blight,Tomato_Healthy_leaf,0.4190554618835449,0,1.1599702835083008,9.08530330657959,0.21179771423339844,10.460219383239746
dataset/test/Tomato_leaf_late_blight/IMG_20251102_160928aug33.jpg,Tomato_leaf_late_blight,Tomato_leaf_late_blight,0.8027862906455994,1,1.4728984832763672,10.854593276977539,0.21048259735107422,12.541104316711426
dataset/test/Tomato_leaf_late_blight/IMG_20251102_161202_aug_57aug50.jpg,Tomato_leaf_late_blight,Tomato_Early_blight_leaf,0.999572217464447,0,1.5816411972045898,10.901315689086914,0.2105388641357422,12.697382926940918
dataset/test/Tomato_leaf_late_blight/IMG_20251102_161202_aug_58aug52.jpg,Tomato_leaf_late_blight,Tomato_Early_blight_leaf,0.9999849796295166,0,1.5671043395996094,10.83005428314209,0.20713043212890625,12.607845306396484
dataset/test/Tomato_leaf_late_blight/IMG_20251102_161202_aug_59aug39.jpg,Tomato_leaf_late_blight,Tomato_Early_blight_leaf,0.9999996423721313,0,1.6294736862182617,10.793054580688477,0.2131490707397461,12.6389741897583
dataset/test/Tomato_leaf_late_blight/IMG_20251102_161202aug19.jpg,Tomato_leaf_late_blight,Tomato_Early_blight_leaf,0.9999995231628418,0,1.6141395568847656,10.733165740966797,0.2582244873046875,12.608975410461426
dataset/test/Tomato_leaf_late_blight/IMG_5808_jpg.rf.9de5af872dd2e7a58b115c4826fb18d4_aug_63aug53.jpg,Tomato_leaf_late_blight,Tomato_leaf_late_blight,0.9974685907363892,1,1.5085296630859375,10.8065185546875,0.211944580078125,12.530622482299805
dataset/test/Tomato_leaf_late_blight/IMG_5808_jpg.rf.9de5af872dd2e7a58b115c4826fb18d4_aug_64aug43.jpg,Tomato_leaf_late_blight,Tomato_leaf_late_blight,0.9976432919502258,1,1.5059900283813477,12.179953575134277,0.21503925323486328,13.904539108276367
dataset/test/Tomato_leaf_late_blight/IMG_5808_jpg.rf.9de5af872dd2e7a58b115c4826fb18d4_aug_65aug38.jpg,Tomato_leaf_late_blight,Tomato_leaf_late_blight,0.9901487827301025,1,1.583308219909668,9.843936920166016,0.1620197296142578,11.59215259552002
dataset/test/Tomato_leaf_late_blight/IMG_5808_jpg.rf.9de5af872dd2e7a58b115c4826fb18d4aug21.jpg,Tomato_leaf_late_blight,Tomato_leaf_late_blight,0.9889128804206848,1,1.0827665328979492,7.5050153732299805,0.17524147033691406,8.76581859588623
dataset/test/Tomato_leaf_late_blight/LB_ (254)_aug_54aug73.jpg,Tomato_leaf_late_blight,Tomato_Septoria_leaf_spot,0.6393439173698425,0,1.0812854766845703,7.5897932052612305,0.1675567626953125,8.840911865234375
dataset/test/Tomato_leaf_late_blight/LB_ (254)_aug_55aug71.jpg,Tomato_leaf_late_blight,Tomato_leaf_late_blight,0.7916021347045898,1,1.0759153366088867,7.647699356079102,0.1663351058959961,8.892765045166016
dataset/test/Tomato_leaf_late_blight/LB_ (254)_aug_56aug78.jpg,Tomato_leaf_late_blight,Tomato_leaf_late_blight,0.9977071285247803,1,1.0507478713989258,7.688682556152344,0.16811180114746094,8.910321235656738
dataset/test/Tomato_leaf_late_blight/LB_ (254)aug18.jpg,Tomato_leaf_late_blight,Tomato_leaf_late_blight,0.5542029142379761,1,1.0360631942749023,7.670681953430176,0.16559314727783203,8.875412940979004
dataset/test/Tomato_leaf_late_blight/LB_ (276)_aug_60aug45.jpg,Tomato_leaf_late_blight,Tomato_leaf_late_blight,0.9996451139450073,1,1.0603961944580078,7.567163467407227,0.17633342742919922,8.80722713470459
dataset/test/Tomato_leaf_late_blight/LB_ (276)_aug_61aug44.jpg,Tomato_leaf_late_blight,Tomato_leaf_late_blight,0.9999610185623169,1,1.0978584289550781,7.733442306518555,0.16681575775146484,9.000265121459961
dataset/test/Tomato_leaf_late_blight/LB_ (276)_aug_62aug40.jpg,Tomato_leaf_late_blight,Tomato_leaf_late_blight,0.9999068975448608,1,1.0447845458984375,7.7324419021606445,0.16444683074951172,8.943821907043457
dataset/test/Tomato_leaf_late_blight/LB_ (276)aug20.jpg,Tomato_leaf_late_blight,Tomato_leaf_late_blight,0.9998795986175537,1,1.027359962463379,7.6989593505859375,0.1665201187133789,8.895339965820312
dataset/test/Tomato_leaf_late_blight/Late-blight-foliar-leasion-on-tomato_jpg.rf.331af81e5b2aae24af0dc9b6d9933591_aug_72aug60.jpg,Tomato_leaf_late_blight,Tomato_leaf_late_blight,1.0,1,1.21832275390625,7.656292915344238,0.16414928436279297,9.041450500488281
dataset/test/Tomato_leaf_late_blight/Late-blight-foliar-leasion-on-tomato_jpg.rf.331af81e5b2aae24af0dc9b6d9933591_aug_73aug51.jpg,Tomato_leaf_late_blight,Tomato_leaf_late_blight,0.9999982118606567,1,1.1699342727661133,7.601441383361816,0.1652984619140625,8.939598083496094
dataset/test/Tomato_leaf_late_blight/Late-blight-foliar-leasion-on-tomato_jpg.rf.331af81e5b2aae24af0dc9b6d9933591_aug_74aug37.jpg,Tomato_leaf_late_blight,Tomato_leaf_late_blight,0.9999998807907104,1,1.544363021850586,11.1365385055542,0.21179771423339844,12.896014213562012
dataset/test/Tomato_leaf_late_blight/Late-blight-foliar-leasion-on-tomato_jpg.rf.331af81e5b2aae24af0dc9b6d9933591aug24.jpg,Tomato_leaf_late_blight,Tomato_leaf_late_blight,0.9999970197677612,1,1.562973976135254,10.829500198364258,0.2166309356689453,12.612530708312988
dataset/test/Tomato_leaf_late_blight/Late-blight-on-a-tomato-leaf_jpg.rf.8a0bcac661db5b0d51beab8e2bf6cd6caug29.jpg,Tomato_leaf_late_blight,Tomato_leaf_late_blight,0.9999933242797852,1,1.4904918670654297,10.925370216369629,0.21146488189697266,12.630622863769531
dataset/test/Tomato_leaf_late_blight/Late-blight-on-a-tomato-leaf_jpg.rf.8defdb736385f3e1da6fba17b2786ac9_aug_84aug36.jpg,Tomato_leaf_late_blight,Tomato_leaf_late_blight,0.9999934434890747,1,1.441880226135254,10.907036781311035,0.21364879608154297,12.566031455993652
dataset/test/Tomato_leaf_late_blight/Late-blight-on-a-tomato-leaf_jpg.rf.8defdb736385f3e1da6fba17b2786ac9aug28.jpg,Tomato_leaf_late_blight,Tomato_leaf_late_blight,0.9999213218688965,1,1.5303802490234375,11.046221733093262,0.21109294891357422,12.791068077087402
dataset/test/Tomato_leaf_late_blight/Late-blight-symptoms-on-tomato-leaves-1r3uhy2_jpg.rf.92fa5ba375a2c3ce572ef7e12695be90aug31.jpg,Tomato_leaf_late_blight,Tomato_leaf_late_blight,0.9999988079071045,1,1.5725116729736328,11.19079875946045,0.22665023803710938,12.993515968322754
dataset/test/Tomato_leaf_late_blight/Late-blight-tomato-leaf-VikramBisht-MBag_jpg.rf.ec494f1ab0c0417fed47095af181f852_aug_6aug117.jpg,Tomato_leaf_late_blight,Tomato_leaf_late_blight,0.9998641014099121,1,1.5501031875610352,11.217001914978027,0.2139444351196289,12.984663009643555
dataset/test/Tomato_leaf_late_blight/Late-blight-tomato-leaf-VikramBisht-MBag_jpg.rf.ec494f1ab0c0417fed47095af181f852_aug_7aug116.jpg,Tomato_leaf_late_blight,Tomato_leaf_late_blight,0.9999899864196777,1,1.4925642013549805,11.260002136230469,0.21172332763671875,12.967514038085938
dataset/test/Tomato_leaf_late_blight/Late-blight-tomato-leaf-VikramBisht-MBag_jpg.rf.ec494f1ab0c0417fed47095af181f852_aug_8aug115.jpg,Tomato_leaf_late_blight,Tomato_leaf_late_blight,0.9999892711639404,1,1.4508247375488281,7.6248674392700195,0.20616912841796875,9.284582138061523
dataset/test/Tomato_leaf_late_blight/Late-blight-tomato-leaf-VikramBisht-MBag_jpg.rf.ec494f1ab0c0417fed47095af181f852aug2.jpg,Tomato_leaf_late_blight,Tomato_leaf_late_blight,0.9998887777328491,1,1.0973596572875977,7.546012878417969,0.16344547271728516,8.809319496154785
dataset/test/Tomato_leaf_late_blight/LateBlight-Tomato-JJ-2009-17nxg4q_aug_36aug79.jpg,Tomato_leaf_late_blight,Tomato_leaf_late_blight,0.5494683384895325,1,1.0456924438476562,7.74785041809082,0.16577911376953125,8.961987495422363
dataset/test/Tomato_leaf_late_blight/LateBlight-Tomato-JJ-2009-17nxg4q_aug_37aug87.jpg,Tomato_leaf_late_blight,Tomato_leaf_late_blight,0.9737280607223511,1,1.0391178131103516,7.499422073364258,0.16455650329589844,8.705615043640137
dataset/test/Tomato_leaf_late_blight/LateBlight-Tomato-JJ-2009-17nxg4q_aug_38aug67.jpg,Tomato_leaf_late_blight,Tomato_leaf_late_blight,0.9878244400024414,1,1.0560073852539062,7.623291969299316,0.17409324645996094,8.856874465942383
dataset/test/Tomato_leaf_late_blight/LateBlight-Tomato-JJ-2009-17nxg4q_jpg.rf.93780f99f071013cf0764b40fc6db48c_aug_48aug77.jpg,Tomato_leaf_late_blight,Tomato_leaf_late_blight,0.9999595880508423,1,1.0831928253173828,7.692440032958984,0.16603755950927734,8.943876266479492
dataset/test/Tomato_leaf_late_blight/LateBlight-Tomato-JJ-2009-17nxg4q_jpg.rf.93780f99f071013cf0764b40fc6db48c_aug_49aug65.jpg,Tomato_leaf_late_blight,Tomato_leaf_late_blight,0.9999943971633911,1,1.0434513092041016,7.673182487487793,0.1663341522216797,8.885412216186523
dataset/test/Tomato_leaf_late_blight/LateBlight-Tomato-JJ-2009-17nxg4q_jpg.rf.93780f99f071013cf0764b40fc6db48c_aug_50aug75.jpg,Tomato_leaf_late_blight,Tomato_leaf_late_blight,0.9999996423721313,1,1.048044204711914,7.685460090637207,0.16594600677490234,8.901911735534668
dataset/test/Tomato_leaf_late_blight/LateBlight-Tomato-JJ-2009-17nxg4q_jpg.rf.93780f99f071013cf0764b40fc6db48caug16.jpg,Tomato_leaf_late_blight,Tomato_leaf_late_blight,1.0,1,1.0456552505493164,7.536569595336914,0.1705007553100586,8.755393981933594
dataset/test/Tomato_leaf_late_blight/LateBlight-Tomato-JJ-2009-17nxg4qaug12.jpg,Tomato_leaf_late_blight,Tomato_leaf_late_blight,0.9761533737182617,1,1.0796003341674805,7.754532814025879,0.1647787094116211,9.001709938049316
dataset/test/Tomato_leaf_late_blight/Lb11_mirror_verticalaug34.jpg,Tomato_leaf_late_blight,Tomato_leaf_late_blight,0.9992401599884033,1,1.2095270156860352,7.58242130279541,0.16766738891601562,8.96224594116211
dataset/test/Tomato_leaf_late_blight/Lb51_mirror_aug_39aug83.jpg,Tomato_leaf_late_blight,Tomato_leaf_late_blight,0.9952504634857178,1,1.0709896087646484,7.853738784790039,0.1687784194946289,9.09607982635498
dataset/test/Tomato_leaf_late_blight/Lb51_mirror_aug_40aug96.jpg,Tomato_leaf_late_blight,Tomato_leaf_late_blight,0.998302698135376,1,1.1163406372070312,8.20507526397705,0.16753864288330078,9.492157936096191
dataset/test/Tomato_leaf_late_blight/Lb51_mirror_aug_41aug91.jpg,Tomato_leaf_late_blight,Tomato_leaf_late_blight,0.9979902505874634,1,1.1425275802612305,8.033907890319824,0.17074108123779297,9.350046157836914
dataset/test/Tomato_leaf_late_blight/Lb51_mirroraug13.jpg,Tomato_leaf_late_blight,Tomato_leaf_late_blight,0.9853782653808594,1,1.1052665710449219,8.09390640258789,0.16942691802978516,9.371304512023926
dataset/test/Tomato_leaf_late_blight/Lb52_change_90_aug_42aug64.jpg,Tomato_leaf_late_blight,Tomato_leaf_late_blight,0.999998927116394,1,1.0810813903808594,8.033517837524414,0.1769084930419922,9.29454517364502
dataset/test/Tomato_leaf_late_blight/Lb52_change_90_aug_43aug63.jpg,Tomato_leaf_late_blight,Tomato_leaf_late_blight,0.9999997615814209,1,1.1295251846313477,7.909461975097656,0.16863155364990234,9.210043907165527
dataset/test/Tomato_leaf_late_blight/Lb52_change_90_aug_44aug70.jpg,Tomato_leaf_late_blight,Tomato_leaf_late_blight,0.9999992847442627,1,1.0785818099975586,8.001721382141113,0.16987037658691406,9.253211975097656
dataset/test/Tomato_leaf_late_blight/Lb52_change_90aug14.jpg,Tomato_leaf_late_blight,Tomato_leaf_late_blight,0.9999997615814209,1,1.2119522094726562,8.091054916381836,0.16753673553466797,9.47297191619873
dataset/test/Tomato_leaf_late_blight/Lb69_aug_45aug76.jpg,Tomato_leaf_late_blight,Tomato_leaf_late_blight,0.9999923706054688,1,1.111562728881836,8.05727767944336,0.16405582427978516,9.335027694702148
dataset/test/Tomato_leaf_late_blight/Lb69_aug_46aug72.jpg,Tomato_leaf_late_blight,Tomato_leaf_late_blight,0.9999833106994629,1,1.1310453414916992,7.920332908630371,0.1692972183227539,9.223136901855469
dataset/test/Tomato_leaf_late_blight/Lb69_aug_47aug66.jpg,Tomato_leaf_late_blight,Tomato_leaf_late_blight,0.9945553541183472,1,1.1027851104736328,7.898554801940918,0.17944622039794922,9.184229850769043
dataset/test/Tomato_leaf_late_blight/Lb69aug15.jpg,Tomato_leaf_late_blight,Tomato_leaf_late_blight,0.9999805688858032,1,1.1275081634521484,10.59294319152832,0.2040576934814453,11.928043365478516
dataset/test/Tomato_leaf_late_blight/Lb8_mirror_vertical_aug_10aug118.jpg,Tomato_leaf_late_blight,Tomato_leaf_late_blight,0.9871199131011963,1,1.4142694473266602,10.978574752807617,0.21164989471435547,12.607770919799805
dataset/test/Tomato_leaf_late_blight/Lb8_mirror_vertical_aug_11aug111.jpg,Tomato_leaf_late_blight,Tomato_leaf_late_blight,0.9996343851089478,1,1.4827156066894531,10.753238677978516,0.21450138092041016,12.453697204589844
dataset/test/Tomato_leaf_late_blight/Lb8_mirror_vertical_aug_9aug103.jpg,Tomato_leaf_late_blight,Tomato_leaf_late_blight,0.9998118281364441,1,1.415639877319336,10.741869926452637,0.2109079360961914,12.372010231018066
dataset/test/Tomato_leaf_late_blight/Lb8_mirror_verticalaug3.jpg,Tomato_leaf_late_blight,Tomato_leaf_late_blight,0.9997817873954773,1,1.4423246383666992,10.886444091796875,0.20948314666748047,12.541751861572266
dataset/test/Tomato_leaf_late_blight/Lb97_aug_21aug84.jpg,Tomato_leaf_late_blight,Tomato_leaf_late_blight,0.9907678961753845,1,1.461212158203125,10.85774040222168,0.2129831314086914,12.535844802856445
dataset/test/Tomato_leaf_late_blight/Lb97_aug_22aug101.jpg,Tomato_leaf_late_blight,Tomato_leaf_late_blight,0.9999185800552368,1,1.5643072128295898,11.024372100830078,0.2095184326171875,12.801790237426758
dataset/test/Tomato_leaf_late_blight/Lb97_aug_23aug82.jpg,Tomato_leaf_late_blight,Tomato_leaf_late_blight,0.9896702170372009,1,1.480306625366211,10.716535568237305,0.2119455337524414,12.412269592285156
dataset/test/Tomato_leaf_late_blight/Lb97aug7.jpg,Tomato_leaf_late_blight,Tomato_leaf_late_blight,0.9994379878044128,1,1.5851783752441406,8.736078262329102,0.16933441162109375,10.4937744140625
dataset/test/Tomato_leaf_late_blight/Leaf-2Bsymptoms-2BMDA_jpg.rf.39b220104d04636fad4f5aae043826cb_aug_0aug108.jpg,Tomato_leaf_late_blight,Tomato_leaf_late_blight,1.0,1,1.143692970275879,7.747627258300781,0.16818523406982422,9.062504768371582
dataset/test/Tomato_leaf_late_blight/Leaf-2Bsymptoms-2BMDA_jpg.rf.39b220104d04636fad4f5aae043826cb_aug_1aug106.jpg,Tomato_leaf_late_blight,Tomato_leaf_late_blight,1.0,1,1.1694707870483398,7.975738525390625,0.16672325134277344,9.314342498779297
dataset/test/Tomato_leaf_late_blight/Leaf-2Bsymptoms-2BMDA_jpg.rf.39b220104d04636fad4f5aae043826cb_aug_2aug119.jpg,Tomato_leaf_late_blight,Tomato_leaf_late_blight,0.9999980926513672,1,1.1570072174072266,8.185778617858887,0.1684093475341797,9.513601303100586
dataset/test/Tomato_leaf_late_blight/Leaf-2Bsymptoms-2BMDA_jpg.rf.39b220104d04636fad4f5aae043826cbaug0.jpg,Tomato_leaf_late_blight,Tomato_leaf_late_blight,0.9999953508377075,1,1.1591558456420898,7.812239646911621,0.16872310638427734,9.142765998840332
dataset/test/Tomato_leaf_late_blight/Tomato-20bacterial-20canker-JPG_jpg.rf.8b568c1d5efcfdcef44c606eb076b889_aug_30aug92.jpg,Tomato_leaf_late_blight,Tomato_leaf_late_blight,0.9747602343559265,1,1.1768407821655273,7.735608100891113,0.16848182678222656,9.08326530456543
dataset/test/Tomato_leaf_late_blight/Tomato-20bacterial-20canker-JPG_jpg.rf.8b568c1d5efcfdcef44c606eb076b889_aug_31aug98.jpg,Tomato_leaf_late_blight,Tomato_leaf_late_blight,0.9888861179351807,1,1.219599723815918,7.91042423248291,0.17090892791748047,9.302860260009766
dataset/test/Tomato_leaf_late_blight/Tomato-20bacterial-20canker-JPG_jpg.rf.8b568c1d5efcfdcef44c606eb076b889_aug_32aug90.jpg,Tomato_leaf_late_blight,Tomato_leaf_late_blight,0.9956159591674805,1,1.1956558227539062,8.154519081115723,0.16655731201171875,9.51956558227539
dataset/test/Tomato_leaf_late_blight/Tomato-20bacterial-20canker-JPG_jpg.rf.8b568c1d5efcfdcef44c606eb076b889aug10.jpg,Tomato_leaf_late_blight,Tomato_leaf_late_blight,0.9725562334060669,1,1.162175178527832,7.997110366821289,0.16698169708251953,9.328713417053223
dataset/test/Tomato_leaf_late_blight/TomatoBlight-JPG_jpg.rf.234cbc5809dc7d942e46760a63e10d9f_aug_33aug88.jpg,Tomato_leaf_late_blight,Tomato_leaf_late_blight,0.9999836683273315,1,1.1407861709594727,8.017295837402344,0.1725940704345703,9.333563804626465
dataset/test/Tomato_leaf_late_blight/TomatoBlight-JPG_jpg.rf.234cbc5809dc7d942e46760a63e10d9f_aug_34aug86.jpg,Tomato_leaf_late_blight,Tomato_leaf_late_blight,0.9999908208847046,1,1.163248062133789,8.4169282913208,0.17513084411621094,9.758122444152832
dataset/test/Tomato_leaf_late_blight/TomatoBlight-JPG_jpg.rf.234cbc5809dc7d942e46760a63e10d9f_aug_35aug93.jpg,Tomato_leaf_late_blight,Tomato_leaf_late_blight,0.9998010993003845,1,1.2061195373535156,8.562929153442383,0.17420482635498047,9.946382522583008
dataset/test/Tomato_leaf_late_blight/TomatoBlight-JPG_jpg.rf.234cbc5809dc7d942e46760a63e10d9faug11.jpg,Tomato_leaf_late_blight,Tomato_leaf_late_blight,0.9961140155792236,1,1.181619644165039,8.401057243347168,0.17377948760986328,9.758918762207031
dataset/test/Tomato_leaf_late_blight/dsc_8140cs_aug_3aug114.jpg,Tomato_leaf_late_blight,Tomato_leaf_late_blight,0.9996809959411621,1,1.1872482299804688,8.417149543762207,0.1699810028076172,9.776678085327148
dataset/test/Tomato_leaf_late_blight/dsc_8140cs_aug_4aug99.jpg,Tomato_leaf_late_blight,Tomato_leaf_late_blight,0.9980788230895996,1,1.2013225555419922,8.466095924377441,0.1715564727783203,9.841474533081055
dataset/test/Tomato_leaf_late_blight/dsc_8140cs_aug_5aug102.jpg,Tomato_leaf_late_blight,Tomato_leaf_late_blight,0.999035120010376,1,1.1763238906860352,8.113240242004395,0.18920516967773438,9.481546401977539
dataset/test/Tomato_leaf_late_blight/dsc_8140csaug1.jpg,Tomato_leaf_late_blight,Tomato_leaf_late_blight,0.9937474727630615,1,1.2954168319702148,8.211000442504883,0.1761302947998047,9.685361862182617
dataset/test/Tomato_leaf_late_blight/late_jpg.rf.f64883c6ac50eb4f477851ddc23305e8_aug_69aug47.jpg,Tomato_leaf_late_blight,Tomato_leaf_late_blight,0.9970489144325256,1,1.2170095443725586,8.149741172790527,0.18139076232910156,9.551288604736328
dataset/test/Tomato_leaf_late_blight/late_jpg.rf.f64883c6ac50eb4f477851ddc23305e8_aug_70aug48.jpg,Tomato_leaf_late_blight,Tomato_leaf_late_blight,0.9680092930793762,1,1.2760276794433594,8.233074188232422,0.17322158813476562,9.6853609085083
dataset/test/Tomato_leaf_late_blight/late_jpg.rf.f64883c6ac50eb4f477851ddc23305e8_aug_71aug42.jpg,Tomato_leaf_late_blight,Tomato_leaf_late_blight,0.995512068271637,1,1.1976757049560547,8.362908363342285,0.17216777801513672,9.735937118530273
dataset/test/Tomato_leaf_late_blight/late_jpg.rf.f64883c6ac50eb4f477851ddc23305e8aug23.jpg,Tomato_leaf_late_blight,Tomato_leaf_late_blight,0.9290074110031128,1,1.180953025817871,8.103074073791504,0.2050027847290039,9.491952896118164
dataset/test/Tomato_leaf_late_blight/lateblightTom_lesionaug30.jpg,Tomato_leaf_late_blight,Tomato_leaf_late_blight,0.6774237155914307,1,1.0720815658569336,8.002720832824707,0.17205524444580078,9.249303817749023
dataset/test/Tomato_leaf_late_blight/lb_leaf_lesions2x1200_jpg.rf.3a72cc9627c3ba6d79a876e19220824e_aug_81aug56.jpg,Tomato_leaf_late_blight,Tomato_leaf_late_blight,0.9999998807907104,1,1.1217670440673828,7.955757141113281,0.16994571685791016,9.250247955322266
dataset/test/Tomato_leaf_late_blight/lb_leaf_lesions2x1200_jpg.rf.3a72cc9627c3ba6d79a876e19220824e_aug_82aug62.jpg,Tomato_leaf_late_blight,Tomato_leaf_late_blight,1.0,1,1.1327476501464844,7.989109992980957,0.1694469451904297,9.293784141540527
dataset/test/Tomato_leaf_late_blight/lb_leaf_lesions2x1200_jpg.rf.3a72cc9627c3ba6d79a876e19220824e_aug_83aug57.jpg,Tomato_leaf_late_blight,Tomato_leaf_late_blight,0.9999871253967285,1,1.157618522644043,8.017220497131348,0.16844654083251953,9.345860481262207
dataset/test/Tomato_leaf_late_blight/lb_leaf_lesions2x1200_jpg.rf.3a72cc9627c3ba6d79a876e19220824eaug27.jpg,Tomato_leaf_late_blight,Tomato_leaf_late_blight,0.9999990463256836,1,1.0962295532226562,8.671984672546387,0.16546344757080078,9.935955047607422
dataset/test/Tomato_leaf_late_blight/p1020076cs_aug_78aug35.jpg,Tomato_leaf_late_blight,Tomato_leaf_late_blight,0.9999895095825195,1,1.1411361694335938,7.9020538330078125,0.17174148559570312,9.217674255371094
dataset/test/Tomato_leaf_late_blight/p1020076cs_aug_79aug59.jpg,Tomato_leaf_late_blight,Tomato_leaf_late_blight,0.9999041557312012,1,1.1913232803344727,7.888110160827637,0.1811676025390625,9.26367473602295
dataset/test/Tomato_leaf_late_blight/p1020076cs_aug_80aug55.jpg,Tomato_leaf_late_blight,Tomato_leaf_late_blight,0.9999985694885254,1,1.1133222579956055,9.57415771484375,0.1700572967529297,10.86003589630127
dataset/test/Tomato_leaf_late_blight/p1020076csaug26.jpg,Tomato_leaf_late_blight,Tomato_leaf_late_blight,0.999977707862854,1,1.109044075012207,9.645954132080078,0.17901992797851562,10.936593055725098
dataset/test/Tomato_leaf_late_blight/symptoms_of_late_blight_0_jpg.rf.417903f6c86ccb4f4bcd7139e0867018_aug_75aug58.jpg,Tomato_leaf_late_blight,Tomato_leaf_late_blight,0.9999998807907104,1,1.2513608932495117,22.81211757659912,0.17325973510742188,24.23959255218506
dataset/test/Tomato_leaf_late_blight/symptoms_of_late_blight_0_jpg.rf.417903f6c86ccb4f4bcd7139e0867018_aug_76aug54.jpg,Tomato_leaf_late_blight,Tomato_leaf_late_blight,0.9999744892120361,1,1.3996391296386719,8.380705833435059,0.17227840423583984,9.955419540405273
dataset/test/Tomato_leaf_late_blight/symptoms_of_late_blight_0_jpg.rf.417903f6c86ccb4f4bcd7139e0867018_aug_77aug61.jpg,Tomato_leaf_late_blight,Tomato_leaf_late_blight,0.9999977350234985,1,1.141693115234375,7.890054702758789,0.16939067840576172,9.204544067382812
dataset/test/Tomato_leaf_late_blight/symptoms_of_late_blight_0_jpg.rf.417903f6c86ccb4f4bcd7139e0867018aug25.jpg,Tomato_leaf_late_blight,Tomato_leaf_late_blight,0.9999992847442627,1,1.1867494583129883,7.935332298278809,0.1660747528076172,9.308786392211914
dataset/test/Tomato_leaf_late_blight/tomato-late-blight-leaf-61-3x32_aug_12aug112.jpg,Tomato_leaf_late_blight,Tomato_leaf_late_blight,0.9998817443847656,1,1.0856561660766602,7.9474992752075195,0.1594076156616211,9.194896697998047
dataset/test/Tomato_leaf_late_blight/tomato-late-blight-leaf-61-3x32_aug_13aug110.jpg,Tomato_leaf_late_blight,Tomato_leaf_late_blight,0.9994131326675415,1,1.039414405822754,7.789850234985352,0.16848278045654297,9.00006103515625
dataset/test/Tomato_leaf_late_blight/tomato-late-blight-leaf-61-3x32_aug_14aug105.jpg,Tomato_leaf_late_blight,Tomato_leaf_late_blight,0.9964016675949097,1,1.154952049255371,7.796015739440918,0.1712045669555664,9.124821662902832
dataset/test/Tomato_leaf_late_blight/tomato-late-blight-leaf-61-3x32aug4.jpg,Tomato_leaf_late_blight,Tomato_leaf_late_blight,0.9999833106994629,1,1.1363964080810547,7.844998359680176,0.1705026626586914,9.1545991897583
dataset/test/Tomato_leaf_late_blight/tomato.early.blightH_aug_18aug100.jpg,Tomato_leaf_late_blight,Tomato_Septoria_leaf_spot,0.999518871307373,0,1.1874895095825195,8.03348159790039,0.16951942443847656,9.392806053161621
dataset/test/Tomato_leaf_late_blight/tomato.early.blightH_aug_19aug107.jpg,Tomato_leaf_late_blight,Tomato_Septoria_leaf_spot,0.975470781326294,0,1.175766944885254,9.320804595947266,0.21362972259521484,10.713184356689453
dataset/test/Tomato_leaf_late_blight/tomato.early.blightH_aug_20aug94.jpg,Tomato_leaf_late_blight,Tomato_Septoria_leaf_spot,0.9669363498687744,0,1.6242895126342773,11.130520820617676,0.21426105499267578,12.97221851348877
dataset/test/Tomato_leaf_late_blight/tomato.early.blightHaug6.jpg,Tomato_leaf_late_blight,Tomato_Septoria_leaf_spot,0.9598222970962524,0,1.6162128448486328,10.979927062988281,0.2078533172607422,12.807162284851074
dataset/test/Tomato_leaf_yellow_curl_virus/1342017-162221-44540_jpg.rf.f68314ea4850dade3a214dec71c83715_aug_77aug56.jpg,Tomato_leaf_yellow_curl_virus,Tomato_leaf_yellow_curl_virus,0.9999997615814209,1,1.5916414260864258,10.72736930847168,0.21290874481201172,12.535364151000977
dataset/test/Tomato_leaf_yellow_curl_virus/1342017-162221-44540_jpg.rf.f68314ea4850dade3a214dec71c83715_aug_78aug81.jpg,Tomato_leaf_yellow_curl_virus,Tomato_leaf_yellow_curl_virus,0.9999995231628418,1,1.6073427200317383,10.92707347869873,0.21446514129638672,12.752086639404297
dataset/test/Tomato_leaf_yellow_curl_virus/1342017-162221-44540_jpg.rf.f68314ea4850dade3a214dec71c83715_aug_79aug60.jpg,Tomato_leaf_yellow_curl_virus,Tomato_leaf_yellow_curl_virus,0.9999997615814209,1,1.607863426208496,11.147297859191895,0.7325048446655273,13.491351127624512
dataset/test/Tomato_leaf_yellow_curl_virus/1342017-162221-44540_jpg.rf.f68314ea4850dade3a214dec71c83715_aug_80aug64.jpg,Tomato_leaf_yellow_curl_virus,Tomato_leaf_yellow_curl_virus,1.0,1,1.5663995742797852,11.251668930053711,0.2291126251220703,13.050959587097168
dataset/test/Tomato_leaf_yellow_curl_virus/1342017-162221-44540_jpg.rf.f68314ea4850dade3a214dec71c83715_aug_81aug61.jpg,Tomato_leaf_yellow_curl_virus,Tomato_leaf_yellow_curl_virus,0.9999998807907104,1,1.727640151977539,12.079379081726074,0.2141122817993164,14.024650573730469
dataset/test/Tomato_leaf_yellow_curl_virus/1342017-162221-44540_jpg.rf.f68314ea4850dade3a214dec71c83715_aug_82aug80.jpg,Tomato_leaf_yellow_curl_virus,Tomato_leaf_yellow_curl_virus,0.9999990463256836,1,1.5725860595703125,8.638004302978516,0.16846275329589844,10.382182121276855
dataset/test/Tomato_leaf_yellow_curl_virus/1342017-162221-44540_jpg.rf.f68314ea4850dade3a214dec71c83715_aug_83aug70.jpg,Tomato_leaf_yellow_curl_virus,Tomato_leaf_yellow_curl_virus,0.9999998807907104,1,1.2059335708618164,7.572108268737793,0.16657543182373047,8.947431564331055
dataset/test/Tomato_leaf_yellow_curl_virus/1342017-162221-44540_jpg.rf.f68314ea4850dade3a214dec71c83715aug11.jpg,Tomato_leaf_yellow_curl_virus,Tomato_leaf_yellow_curl_virus,0.9999996423721313,1,1.1667299270629883,7.7877397537231445,0.16346359252929688,9.120136260986328
dataset/test/Tomato_leaf_yellow_curl_virus/8226402877_9abf151b5b_b_jpg.rf.a2dff27e03c5ab47916df5d873c1590f_aug_70aug66.jpg,Tomato_leaf_yellow_curl_virus,Tomato_leaf_yellow_curl_virus,0.9999990463256836,1,1.1117849349975586,7.549921989440918,0.18337249755859375,8.847929954528809
dataset/test/Tomato_leaf_yellow_curl_virus/8226402877_9abf151b5b_b_jpg.rf.a2dff27e03c5ab47916df5d873c1590f_aug_71aug69.jpg,Tomato_leaf_yellow_curl_virus,Tomato_leaf_yellow_curl_virus,0.9999738931655884,1,1.1794157028198242,7.536735534667969,0.16751956939697266,8.88602352142334
dataset/test/Tomato_leaf_yellow_curl_virus/8226402877_9abf151b5b_b_jpg.rf.a2dff27e03c5ab47916df5d873c1590f_aug_72aug73.jpg,Tomato_leaf_yellow_curl_virus,Tomato_leaf_yellow_curl_virus,0.9994741082191467,1,1.1113605499267578,7.634255409240723,0.16622257232666016,8.914467811584473
dataset/test/Tomato_leaf_yellow_curl_virus/8226402877_9abf151b5b_b_jpg.rf.a2dff27e03c5ab47916df5d873c1590f_aug_73aug54.jpg,Tomato_leaf_yellow_curl_virus,Tomato_leaf_yellow_curl_virus,0.9999991655349731,1,1.141693115234375,7.754609107971191,0.16540908813476562,9.064209938049316
dataset/test/Tomato_leaf_yellow_curl_virus/8226402877_9abf151b5b_b_jpg.rf.a2dff27e03c5ab47916df5d873c1590f_aug_74aug76.jpg,Tomato_leaf_yellow_curl_virus,Tomato_leaf_yellow_curl_virus,1.0,1,1.1192855834960938,7.7204790115356445,0.16640758514404297,9.008894920349121
dataset/test/Tomato_leaf_yellow_curl_virus/8226402877_9abf151b5b_b_jpg.rf.a2dff27e03c5ab47916df5d873c1590f_aug_75aug74.jpg,Tomato_leaf_yellow_curl_virus,Tomato_leaf_yellow_curl_virus,1.0,1,1.1108951568603516,7.638699531555176,0.164520263671875,8.916486740112305
dataset/test/Tomato_leaf_yellow_curl_virus/8226402877_9abf151b5b_b_jpg.rf.a2dff27e03c5ab47916df5d873c1590f_aug_76aug65.jpg,Tomato_leaf_yellow_curl_virus,Tomato_leaf_yellow_curl_virus,0.9999997615814209,1,1.1040630340576172,7.843015670776367,0.16551971435546875,9.115283966064453
dataset/test/Tomato_leaf_yellow_curl_virus/8226402877_9abf151b5b_b_jpg.rf.a2dff27e03c5ab47916df5d873c1590faug10.jpg,Tomato_leaf_yellow_curl_virus,Tomato_leaf_yellow_curl_virus,0.9999994039535522,1,1.1442289352416992,7.756664276123047,0.16561222076416016,9.069080352783203
dataset/test/Tomato_leaf_yellow_curl_virus/DSC01999-JPG_jpg.rf.700fa6596ab8750ad0f1c47a0defe191_aug_84aug53.jpg,Tomato_leaf_yellow_curl_virus,Tomato_leaf_yellow_curl_virus,1.0,1,1.1864538192749023,7.852313041687012,0.16429805755615234,9.205248832702637
dataset/test/Tomato_leaf_yellow_curl_virus/DSC01999-JPG_jpg.rf.700fa6596ab8750ad0f1c47a0defe191_aug_85aug82.jpg,Tomato_leaf_yellow_curl_virus,Tomato_leaf_yellow_curl_virus,0.9999995231628418,1,1.2047853469848633,7.904498100280762,0.16805648803710938,9.279638290405273
dataset/test/Tomato_leaf_yellow_curl_virus/DSC01999-JPG_jpg.rf.700fa6596ab8750ad0f1c47a0defe191_aug_86aug71.jpg,Tomato_leaf_yellow_curl_virus,Tomato_leaf_yellow_curl_virus,1.0,1,1.294194221496582,7.972332000732422,0.1691122055053711,9.438435554504395
dataset/test/Tomato_leaf_yellow_curl_virus/DSC01999-JPG_jpg.rf.700fa6596ab8750ad0f1c47a0defe191_aug_87aug78.jpg,Tomato_leaf_yellow_curl_virus,Tomato_leaf_yellow_curl_virus,1.0,1,1.1811561584472656,7.985815048217773,0.1737232208251953,9.343230247497559
dataset/test/Tomato_leaf_yellow_curl_virus/DSC01999-JPG_jpg.rf.700fa6596ab8750ad0f1c47a0defe191_aug_88aug51.jpg,Tomato_leaf_yellow_curl_virus,Tomato_leaf_yellow_curl_virus,1.0,1,1.187896728515625,7.9677581787109375,0.16961193084716797,9.327803611755371
dataset/test/Tomato_leaf_yellow_curl_virus/DSC01999-JPG_jpg.rf.700fa6596ab8750ad0f1c47a0defe191_aug_89aug63.jpg,Tomato_leaf_yellow_curl_virus,Tomato_leaf_yellow_curl_virus,0.9999996423721313,1,1.2143220901489258,8.050517082214355,0.16996383666992188,9.437360763549805
dataset/test/Tomato_leaf_yellow_curl_virus/DSC01999-JPG_jpg.rf.700fa6596ab8750ad0f1c47a0defe191_aug_90aug85.jpg,Tomato_leaf_yellow_curl_virus,Tomato_leaf_yellow_curl_virus,0.9999998807907104,1,1.2300081253051758,8.058961868286133,0.16840839385986328,9.459491729736328
dataset/test/Tomato_leaf_yellow_curl_virus/DSC01999-JPG_jpg.rf.700fa6596ab8750ad0f1c47a0defe191aug12.jpg,Tomato_leaf_yellow_curl_virus,Tomato_leaf_yellow_curl_virus,1.0,1,1.1569538116455078,8.057759284973145,0.1689453125,9.386859893798828
dataset/test/Tomato_leaf_yellow_curl_virus/DSC01999.JPG_aug_63aug68.jpg,Tomato_leaf_yellow_curl_virus,Tomato_leaf_yellow_curl_virus,0.9166639447212219,1,1.2387304306030273,7.974515914916992,0.20196533203125,9.417731285095215
dataset/test/Tomato_leaf_yellow_curl_virus/DSC01999.JPG_aug_64aug72.jpg,Tomato_leaf_yellow_curl_virus,Tomato_leaf_yellow_curl_virus,0.9932589530944824,1,1.288156509399414,7.918905258178711,0.17046356201171875,9.380230903625488
dataset/test/Tomato_leaf_yellow_curl_virus/DSC01999.JPG_aug_65aug75.jpg,Tomato_leaf_yellow_curl_virus,Tomato_leaf_yellow_curl_virus,0.9894401431083679,1,1.3454904556274414,7.904090881347656,0.20724201202392578,9.459991455078125
dataset/test/Tomato_leaf_yellow_curl_virus/DSC01999.JPG_aug_66aug58.jpg,Tomato_leaf_yellow_curl_virus,Tomato_leaf_yellow_curl_virus,0.5200484991073608,1,1.2283611297607422,8.22507381439209,0.17114925384521484,9.627028465270996
dataset/test/Tomato_leaf_yellow_curl_virus/DSC01999.JPG_aug_67aug83.jpg,Tomato_leaf_yellow_curl_virus,Tomato_leaf_yellow_curl_virus,0.9999778270721436,1,1.3186759948730469,8.208000183105469,0.17461109161376953,9.703935623168945
dataset/test/Tomato_leaf_yellow_curl_virus/DSC01999.JPG_aug_68aug79.jpg,Tomato_leaf_yellow_curl_virus,Tomato_Healthy_leaf,0.5091644525527954,0,1.2798786163330078,8.173815727233887,0.1762990951538086,9.632603645324707
dataset/test/Tomato_leaf_yellow_curl_virus/DSC01999.JPG_aug_69aug62.jpg,Tomato_leaf_yellow_curl_virus,Tomato_leaf_yellow_curl_virus,0.9952164888381958,1,1.2065820693969727,8.17377758026123,0.17296409606933594,9.555898666381836
dataset/test/Tomato_leaf_yellow_curl_virus/DSC01999.JPGaug9.jpg,Tomato_leaf_yellow_curl_virus,Tomato_leaf_yellow_curl_virus,0.8439491391181946,1,1.2480640411376953,8.131795883178711,0.17339038848876953,9.555861473083496
dataset/test/Tomato_leaf_yellow_curl_virus/IMG_20251102_155103aug15.jpg,Tomato_leaf_yellow_curl_virus,Tomato_leaf_yellow_curl_virus,0.7905387878417969,1,1.1332855224609375,8.184148788452148,0.1718158721923828,9.492066383361816
dataset/test/Tomato_leaf_yellow_curl_virus/IMG_20251102_160455_aug_42aug104.jpg,Tomato_leaf_yellow_curl_virus,Tomato_leaf_yellow_curl_virus,0.9907812476158142,1,1.1393966674804688,8.140480995178223,0.17261314392089844,9.455305099487305
dataset/test/Tomato_leaf_yellow_curl_virus/IMG_20251102_160455_aug_43aug111.jpg,Tomato_leaf_yellow_curl_virus,Tomato_leaf_yellow_curl_virus,0.890627384185791,1,1.1851749420166016,8.037666320800781,0.17048358917236328,9.396305084228516
dataset/test/Tomato_leaf_yellow_curl_virus/IMG_20251102_160455_aug_44aug112.jpg,Tomato_leaf_yellow_curl_virus,Tomato_leaf_yellow_curl_virus,0.6015896201133728,1,1.1287851333618164,8.060054779052734,0.17150115966796875,9.363323211669922
dataset/test/Tomato_leaf_yellow_curl_virus/IMG_20251102_160455_aug_45aug108.jpg,Tomato_leaf_yellow_curl_virus,Tomato_leaf_yellow_curl_virus,0.815571665763855,1,1.1367664337158203,8.487853050231934,0.17316818237304688,9.800658226013184
dataset/test/Tomato_leaf_yellow_curl_virus/IMG_20251102_160455_aug_46aug110.jpg,Tomato_leaf_yellow_curl_virus,Tomato_leaf_yellow_curl_virus,0.7577841877937317,1,1.1586380004882812,8.081462860107422,0.16814899444580078,9.41091537475586
dataset/test/Tomato_leaf_yellow_curl_virus/IMG_20251102_160455_aug_47aug98.jpg,Tomato_leaf_yellow_curl_virus,Tomato_leaf_yellow_curl_virus,0.820690929889679,1,1.1274528503417969,8.110184669494629,0.18400001525878906,9.424230575561523
dataset/test/Tomato_leaf_yellow_curl_virus/IMG_20251102_160455_aug_48aug105.jpg,Tomato_leaf_yellow_curl_virus,Tomato_leaf_yellow_curl_virus,0.8555811047554016,1,1.2381744384765625,8.630041122436523,0.17246437072753906,10.043291091918945
dataset/test/Tomato_leaf_yellow_curl_virus/IMG_20251102_160455aug6.jpg,Tomato_leaf_yellow_curl_virus,Tomato_leaf_yellow_curl_virus,0.9500762224197388,1,1.1998414993286133,8.100629806518555,0.17274188995361328,9.476157188415527
dataset/test/Tomato_leaf_yellow_curl_virus/IMG_20251102_160553_aug_35aug49.jpg,Tomato_leaf_yellow_curl_virus,Tomato_Early_blight_leaf,0.7623540163040161,0,1.2945632934570312,8.046351432800293,0.17185306549072266,9.515545845031738
dataset/test/Tomato_leaf_yellow_curl_virus/IMG_20251102_160553_aug_36aug113.jpg,Tomato_leaf_yellow_curl_virus,Tomato_Early_blight_leaf,0.5145442485809326,0,1.2725639343261719,8.240482330322266,0.17451953887939453,9.690214157104492
dataset/test/Tomato_leaf_yellow_curl_virus/IMG_20251102_160553_aug_37aug114.jpg,Tomato_leaf_yellow_curl_virus,Tomato_Early_blight_leaf,0.7599413990974426,0,1.1632118225097656,8.118000030517578,0.170501708984375,9.45486068725586
dataset/test/Tomato_leaf_yellow_curl_virus/IMG_20251102_160553_aug_38aug101.jpg,Tomato_leaf_yellow_curl_virus,Tomato_Early_blight_leaf,0.7655729651451111,0,1.2265262603759766,8.29831600189209,0.17026138305664062,9.697419166564941
dataset/test/Tomato_leaf_yellow_curl_virus/IMG_20251102_160553_aug_39aug118.jpg,Tomato_leaf_yellow_curl_virus,Tomato_Early_blight_leaf,0.9298632740974426,0,1.164266586303711,8.194833755493164,0.17592620849609375,9.537638664245605
dataset/test/Tomato_leaf_yellow_curl_virus/IMG_20251102_160553_aug_40aug19.jpg,Tomato_leaf_yellow_curl_virus,Tomato_leaf_yellow_curl_virus,0.5535352230072021,1,1.1823225021362305,8.267704010009766,0.17170429229736328,9.624307632446289
dataset/test/Tomato_leaf_yellow_curl_virus/IMG_20251102_160553_aug_41aug119.jpg,Tomato_leaf_yellow_curl_virus,Tomato_Early_blight_leaf,0.674658477306366,0,1.2728967666625977,8.17998218536377,0.1659832000732422,9.62128734588623
dataset/test/Tomato_leaf_yellow_curl_virus/IMG_20251102_160553aug5.jpg,Tomato_leaf_yellow_curl_virus,Tomato_leaf_yellow_curl_virus,0.5301227569580078,1,1.2213973999023438,9.64130687713623,0.2089090347290039,11.07481575012207
dataset/test/Tomato_leaf_yellow_curl_virus/TYLCV-tomate-DB-445-171_jpg.rf.9d70326900dd981ab5d49063b0d644f0_aug_21aug41.jpg,Tomato_leaf_yellow_curl_virus,Tomato_leaf_yellow_curl_virus,0.9999568462371826,1,1.5094003677368164,10.717759132385254,0.21190834045410156,12.441973686218262
dataset/test/Tomato_leaf_yellow_curl_virus/TYLCV-tomate-DB-445-171_jpg.rf.9d70326900dd981ab5d49063b0d644f0_aug_22aug30.jpg,Tomato_leaf_yellow_curl_virus,Tomato_leaf_yellow_curl_virus,0.9999977350234985,1,1.5224361419677734,10.881702423095703,0.21303844451904297,12.620420455932617
dataset/test/Tomato_leaf_yellow_curl_virus/TYLCV-tomate-DB-445-171_jpg.rf.9d70326900dd981ab5d49063b0d644f0_aug_23aug42.jpg,Tomato_leaf_yellow_curl_virus,Tomato_leaf_yellow_curl_virus,0.9997896552085876,1,1.5080280303955078,10.989742279052734,0.21451950073242188,12.715734481811523
dataset/test/Tomato_leaf_yellow_curl_virus/TYLCV-tomate-DB-445-171_jpg.rf.9d70326900dd981ab5d49063b0d644f0_aug_24aug45.jpg,Tomato_leaf_yellow_curl_virus,Tomato_leaf_yellow_curl_virus,0.9998842477798462,1,1.538529396057129,11.096521377563477,0.2029275894165039,12.84112548828125
dataset/test/Tomato_leaf_yellow_curl_virus/TYLCV-tomate-DB-445-171_jpg.rf.9d70326900dd981ab5d49063b0d644f0_aug_25aug20.jpg,Tomato_leaf_yellow_curl_virus,Tomato_leaf_yellow_curl_virus,0.9998462200164795,1,1.5465850830078125,10.725276947021484,0.21127986907958984,12.486437797546387
dataset/test/Tomato_leaf_yellow_curl_virus/TYLCV-tomate-DB-445-171_jpg.rf.9d70326900dd981ab5d49063b0d644f0_aug_26aug18.jpg,Tomato_leaf_yellow_curl_virus,Tomato_leaf_yellow_curl_virus,0.9999837875366211,1,1.6008262634277344,10.836350440979004,0.21148395538330078,12.652068138122559
dataset/test/Tomato_leaf_yellow_curl_virus/TYLCV-tomate-DB-445-171_jpg.rf.9d70326900dd981ab5d49063b0d644f0_aug_27aug29.jpg,Tomato_leaf_yellow_curl_virus,Tomato_leaf_yellow_curl_virus,0.999976634979248,1,1.5238819122314453,10.958297729492188,0.2117786407470703,12.697160720825195
dataset/test/Tomato_leaf_yellow_curl_virus/TYLCV-tomate-DB-445-171_jpg.rf.9d70326900dd981ab5d49063b0d644f0aug3.jpg,Tomato_leaf_yellow_curl_virus,Tomato_leaf_yellow_curl_virus,0.9999603033065796,1,1.5626401901245117,9.851956367492676,0.18313121795654297,11.601154327392578
dataset/test/Tomato_leaf_yellow_curl_virus/TYLCV4_jpg.rf.2e4accea501a220be9dc475dd1ca3121_aug_10aug22.jpg,Tomato_leaf_yellow_curl_virus,Tomato_leaf_yellow_curl_virus,1.0,1,1.213470458984375,8.042961120605469,0.17087173461914062,9.429804801940918
dataset/test/Tomato_leaf_yellow_curl_virus/TYLCV4_jpg.rf.2e4accea501a220be9dc475dd1ca3121_aug_11aug44.jpg,Tomato_leaf_yellow_curl_virus,Tomato_leaf_yellow_curl_virus,0.9999991655349731,1,1.1683969497680664,8.158870697021484,0.1718158721923828,9.501860618591309
dataset/test/Tomato_leaf_yellow_curl_virus/TYLCV4_jpg.rf.2e4accea501a220be9dc475dd1ca3121_aug_12aug39.jpg,Tomato_leaf_yellow_curl_virus,Tomato_leaf_yellow_curl_virus,1.0,1,1.1986007690429688,8.159316062927246,0.17357540130615234,9.534621238708496
dataset/test/Tomato_leaf_yellow_curl_virus/TYLCV4_jpg.rf.2e4accea501a220be9dc475dd1ca3121_aug_13aug35.jpg,Tomato_leaf_yellow_curl_virus,Tomato_leaf_yellow_curl_virus,1.0,1,1.158656120300293,8.2838716506958,0.17313098907470703,9.618453979492188
dataset/test/Tomato_leaf_yellow_curl_virus/TYLCV4_jpg.rf.2e4accea501a220be9dc475dd1ca3121_aug_7aug40.jpg,Tomato_leaf_yellow_curl_virus,Tomato_leaf_yellow_curl_virus,0.9999996423721313,1,1.1593036651611328,8.387409210205078,0.17218589782714844,9.721695899963379
dataset/test/Tomato_leaf_yellow_curl_virus/TYLCV4_jpg.rf.2e4accea501a220be9dc475dd1ca3121_aug_8aug33.jpg,Tomato_leaf_yellow_curl_virus,Tomato_leaf_yellow_curl_virus,1.0,1,1.150712013244629,8.138426780700684,0.17348289489746094,9.465156555175781
dataset/test/Tomato_leaf_yellow_curl_virus/TYLCV4_jpg.rf.2e4accea501a220be9dc475dd1ca3121_aug_9aug48.jpg,Tomato_leaf_yellow_curl_virus,Tomato_leaf_yellow_curl_virus,0.9999995231628418,1,1.1711559295654297,8.113814353942871,0.1730194091796875,9.460750579833984
dataset/test/Tomato_leaf_yellow_curl_virus/TYLCV4_jpg.rf.2e4accea501a220be9dc475dd1ca3121aug1.jpg,Tomato_leaf_yellow_curl_virus,Tomato_leaf_yellow_curl_virus,0.999996542930603,1,1.1987295150756836,8.491021156311035,0.16957473754882812,9.861454963684082
dataset/test/Tomato_leaf_yellow_curl_virus/art_15017325188173_a24a66_aug_14aug36.jpg,Tomato_leaf_yellow_curl_virus,Tomato_leaf_yellow_curl_virus,0.9998924732208252,1,1.18017578125,8.462149620056152,0.16788959503173828,9.8128080368042
dataset/test/Tomato_leaf_yellow_curl_virus/art_15017325188173_a24a66_aug_15aug23.jpg,Tomato_leaf_yellow_curl_virus,Tomato_leaf_yellow_curl_virus,0.9999403953552246,1,1.2161378860473633,8.080574989318848,0.1860189437866211,9.48561954498291
dataset/test/Tomato_leaf_yellow_curl_virus/art_15017325188173_a24a66_aug_16aug34.jpg,Tomato_leaf_yellow_curl_virus,Tomato_leaf_yellow_curl_virus,0.9995973706245422,1,1.2633790969848633,8.440650939941406,0.1756124496459961,9.882290840148926
dataset/test/Tomato_leaf_yellow_curl_virus/art_15017325188173_a24a66_aug_17aug43.jpg,Tomato_leaf_yellow_curl_virus,Tomato_leaf_yellow_curl_virus,0.996850311756134,1,1.2312860488891602,8.204240798950195,0.21594619750976562,9.654121398925781
dataset/test/Tomato_leaf_yellow_curl_virus/art_15017325188173_a24a66_aug_18aug47.jpg,Tomato_leaf_yellow_curl_virus,Tomato_leaf_yellow_curl_virus,0.9977914094924927,1,1.3557863235473633,8.169778823852539,0.17400074005126953,9.70263957977295
dataset/test/Tomato_leaf_yellow_curl_virus/art_15017325188173_a24a66_aug_19aug25.jpg,Tomato_leaf_yellow_curl_virus,Tomato_leaf_yellow_curl_virus,0.998878538608551,1,1.2488985061645508,8.304760932922363,0.17290782928466797,9.729418754577637
dataset/test/Tomato_leaf_yellow_curl_virus/art_15017325188173_a24a66_aug_20aug46.jpg,Tomato_leaf_yellow_curl_virus,Tomato_leaf_yellow_curl_virus,0.9963449835777283,1,1.2578973770141602,8.28972339630127,0.17564964294433594,9.72604751586914
dataset/test/Tomato_leaf_yellow_curl_virus/art_15017325188173_a24a66aug2.jpg,Tomato_leaf_yellow_curl_virus,Tomato_leaf_yellow_curl_virus,0.999953031539917,1,1.2351388931274414,8.354390144348145,0.17453861236572266,9.766918182373047
dataset/test/Tomato_leaf_yellow_curl_virus/psyllid-yellows_jpg.rf.1d99aab2f43a840be530ce313eb0c0fd_aug_56aug57.jpg,Tomato_leaf_yellow_curl_virus,Tomato_leaf_yellow_curl_virus,0.9999432563781738,1,1.2331371307373047,8.354315757751465,0.17539024353027344,9.765974044799805
dataset/test/Tomato_leaf_yellow_curl_virus/psyllid-yellows_jpg.rf.1d99aab2f43a840be530ce313eb0c0fd_aug_57aug84.jpg,Tomato_leaf_yellow_curl_virus,Tomato_leaf_yellow_curl_virus,0.9997875094413757,1,1.207193374633789,8.343279838562012,0.17442703247070312,9.727826118469238
dataset/test/Tomato_leaf_yellow_curl_virus/psyllid-yellows_jpg.rf.1d99aab2f43a840be530ce313eb0c0fd_aug_58aug52.jpg,Tomato_leaf_yellow_curl_virus,Tomato_leaf_yellow_curl_virus,0.9997875094413757,1,1.1903791427612305,8.436928749084473,0.17513084411621094,9.805012702941895
dataset/test/Tomato_leaf_yellow_curl_virus/psyllid-yellows_jpg.rf.1d99aab2f43a840be530ce313eb0c0fd_aug_59aug77.jpg,Tomato_leaf_yellow_curl_virus,Tomato_leaf_yellow_curl_virus,0.9998263716697693,1,1.2185649871826172,8.370927810668945,0.17446327209472656,9.766825675964355
dataset/test/Tomato_leaf_yellow_curl_virus/psyllid-yellows_jpg.rf.1d99aab2f43a840be530ce313eb0c0fd_aug_60aug86.jpg,Tomato_leaf_yellow_curl_virus,Tomato_leaf_yellow_curl_virus,0.9999287128448486,1,1.223989486694336,8.315668106079102,0.1739645004272461,9.71652889251709
dataset/test/Tomato_leaf_yellow_curl_virus/psyllid-yellows_jpg.rf.1d99aab2f43a840be530ce313eb0c0fd_aug_61aug59.jpg,Tomato_leaf_yellow_curl_virus,Tomato_leaf_yellow_curl_virus,0.999990701675415,1,1.2415266036987305,8.371389389038086,0.1740560531616211,9.78977108001709
dataset/test/Tomato_leaf_yellow_curl_virus/psyllid-yellows_jpg.rf.1d99aab2f43a840be530ce313eb0c0fd_aug_62aug67.jpg,Tomato_leaf_yellow_curl_virus,Tomato_leaf_yellow_curl_virus,0.9997408986091614,1,1.1890640258789062,8.325094223022461,0.17390918731689453,9.690418243408203
dataset/test/Tomato_leaf_yellow_curl_virus/psyllid-yellows_jpg.rf.1d99aab2f43a840be530ce313eb0c0fdaug8.jpg,Tomato_leaf_yellow_curl_virus,Tomato_leaf_yellow_curl_virus,0.9999957084655762,1,1.2454900741577148,8.372446060180664,0.17596435546875,9.7965669631958
dataset/test/Tomato_leaf_yellow_curl_virus/tj5itxzunn3k_jpg.rf.4aeda27b2535578e718fe6279491d0d4_aug_49aug102.jpg,Tomato_leaf_yellow_curl_virus,Tomato_leaf_yellow_curl_virus,0.9999943971633911,1,1.1296367645263672,8.892911911010742,0.1746673583984375,10.1998291015625
dataset/test/Tomato_leaf_yellow_curl_virus/tj5itxzunn3k_jpg.rf.4aeda27b2535578e718fe6279491d0d4_aug_50aug109.jpg,Tomato_leaf_yellow_curl_virus,Tomato_leaf_yellow_curl_virus,0.9999738931655884,1,1.1784706115722656,8.43101978302002,0.17400074005126953,9.785789489746094
dataset/test/Tomato_leaf_yellow_curl_virus/tj5itxzunn3k_jpg.rf.4aeda27b2535578e718fe6279491d0d4_aug_51aug99.jpg,Tomato_leaf_yellow_curl_virus,Tomato_leaf_yellow_curl_virus,0.9999982118606567,1,1.1361007690429688,8.32987117767334,0.17840862274169922,9.647066116333008
dataset/test/Tomato_leaf_yellow_curl_virus/tj5itxzunn3k_jpg.rf.4aeda27b2535578e718fe6279491d0d4_aug_52aug103.jpg,Tomato_leaf_yellow_curl_virus,Tomato_leaf_yellow_curl_virus,0.9999959468841553,1,1.5202322006225586,8.69791030883789,0.17549991607666016,10.39610767364502
dataset/test/Tomato_leaf_yellow_curl_virus/tj5itxzunn3k_jpg.rf.4aeda27b2535578e718fe6279491d0d4_aug_53aug100.jpg,Tomato_leaf_yellow_curl_virus,Tomato_leaf_yellow_curl_virus,0.9999803304672241,1,1.131230354309082,9.74839973449707,0.19411277770996094,11.076539039611816
dataset/test/Tomato_leaf_yellow_curl_virus/tj5itxzunn3k_jpg.rf.4aeda27b2535578e718fe6279491d0d4_aug_54aug106.jpg,Tomato_leaf_yellow_curl_virus,Tomato_leaf_yellow_curl_virus,0.9999997615814209,1,1.1602487564086914,15.567846298217773,0.1645193099975586,16.895244598388672
dataset/test/Tomato_leaf_yellow_curl_virus/tj5itxzunn3k_jpg.rf.4aeda27b2535578e718fe6279491d0d4_aug_55aug107.jpg,Tomato_leaf_yellow_curl_virus,Tomato_leaf_yellow_curl_virus,0.9999648332595825,1,1.1156749725341797,10.78036880493164,0.2388916015625,12.137785911560059
dataset/test/Tomato_leaf_yellow_curl_virus/tj5itxzunn3k_jpg.rf.4aeda27b2535578e718fe6279491d0d4aug7.jpg,Tomato_leaf_yellow_curl_virus,Tomato_leaf_yellow_curl_virus,0.9999502897262573,1,1.435546875,9.251601219177246,0.1705942153930664,10.860407829284668
dataset/test/Tomato_leaf_yellow_curl_virus/tomato-yellow-closeup-3_aug_28aug16.jpg,Tomato_leaf_yellow_curl_virus,Tomato_leaf_yellow_curl_virus,0.9522889852523804,1,1.2281560897827148,8.259593963623047,0.1733531951904297,9.664196014404297
dataset/test/Tomato_leaf_yellow_curl_virus/tomato-yellow-closeup-3_aug_29aug27.jpg,Tomato_leaf_yellow_curl_virus,Tomato_leaf_yellow_curl_virus,0.6997055411338806,1,1.1968965530395508,8.309389114379883,0.17244625091552734,9.681751251220703
dataset/test/Tomato_leaf_yellow_curl_virus/tomato-yellow-closeup-3_aug_30aug117.jpg,Tomato_leaf_yellow_curl_virus,Tomato_leaf_yellow_curl_virus,0.986504852771759,1,1.2460823059082031,8.2475004196167,0.16961193084716797,9.666048049926758
dataset/test/Tomato_leaf_yellow_curl_virus/tomato-yellow-closeup-3_aug_31aug31.jpg,Tomato_leaf_yellow_curl_virus,Tomato_leaf_yellow_curl_virus,0.9135151505470276,1,1.1746387481689453,8.05483341217041,0.17174243927001953,9.403803825378418
dataset/test/Tomato_leaf_yellow_curl_virus/tomato-yellow-closeup-3_aug_32aug115.jpg,Tomato_leaf_yellow_curl_virus,Tomato_Early_blight_leaf,0.7801279425621033,0,1.3199348449707031,7.947166442871094,0.17290782928466797,9.442805290222168
dataset/test/Tomato_leaf_yellow_curl_virus/tomato-yellow-closeup-3_aug_33aug116.jpg,Tomato_leaf_yellow_curl_virus,Tomato_Early_blight_leaf,0.5105975866317749,0,1.2896394729614258,8.10083293914795,0.17451953887939453,9.567825317382812
dataset/test/Tomato_leaf_yellow_curl_virus/tomato-yellow-closeup-3_aug_34aug26.jpg,Tomato_leaf_yellow_curl_virus,Tomato_leaf_yellow_curl_virus,0.9428997039794922,1,1.1753787994384766,8.211610794067383,0.17394638061523438,9.563824653625488
dataset/test/Tomato_leaf_yellow_curl_virus/tomato-yellow-closeup-3aug4.jpg,Tomato_leaf_yellow_curl_virus,Tomato_leaf_yellow_curl_virus,0.9026936888694763,1,1.230637550354004,8.419872283935547,0.17211246490478516,9.825140953063965
dataset/test/Tomato_leaf_yellow_curl_virus/tomato-yellow-leaf-curl-virus-tomato-1_aug_100aug92.jpg,Tomato_leaf_yellow_curl_virus,Tomato_leaf_yellow_curl_virus,0.9999531507492065,1,1.1931753158569336,8.13362979888916,0.17244529724121094,9.501879692077637
dataset/test/Tomato_leaf_yellow_curl_virus/tomato-yellow-leaf-curl-virus-tomato-1_aug_101aug95.jpg,Tomato_leaf_yellow_curl_virus,Tomato_leaf_yellow_curl_virus,0.9997764229774475,1,1.1893787384033203,8.242501258850098,0.17096424102783203,9.605269432067871
dataset/test/Tomato_leaf_yellow_curl_virus/tomato-yellow-leaf-curl-virus-tomato-1_aug_102aug88.jpg,Tomato_leaf_yellow_curl_virus,Tomato_leaf_yellow_curl_virus,0.9999985694885254,1,1.173619270324707,8.179407119750977,0.17283344268798828,9.528824806213379
dataset/test/Tomato_leaf_yellow_curl_virus/tomato-yellow-leaf-curl-virus-tomato-1_aug_103aug93.jpg,Tomato_leaf_yellow_curl_virus,Tomato_leaf_yellow_curl_virus,0.9997314810752869,1,1.2065448760986328,8.316112518310547,0.1704273223876953,9.69578742980957
dataset/test/Tomato_leaf_yellow_curl_virus/tomato-yellow-leaf-curl-virus-tomato-1_aug_98aug91.jpg,Tomato_leaf_yellow_curl_virus,Tomato_leaf_yellow_curl_virus,0.9992419481277466,1,1.2291736602783203,8.167314529418945,0.16387081146240234,9.563621520996094
dataset/test/Tomato_leaf_yellow_curl_virus/tomato-yellow-leaf-curl-virus-tomato-1_aug_99aug90.jpg,Tomato_leaf_yellow_curl_virus,Tomato_leaf_yellow_curl_virus,0.9999867677688599,1,1.1685819625854492,8.03481388092041,0.17177867889404297,9.377694129943848
dataset/test/Tomato_leaf_yellow_curl_virus/tomato-yellow-leaf-curl-virus-tomato-1aug14.jpg,Tomato_leaf_yellow_curl_virus,Tomato_leaf_yellow_curl_virus,0.9999825954437256,1,1.2996015548706055,8.011703491210938,0.21063232421875,9.524455070495605
dataset/test/Tomato_leaf_yellow_curl_virus/tomatoyellowleafcurlcropped_aug_91aug55.jpg,Tomato_leaf_yellow_curl_virus,Tomato_leaf_yellow_curl_virus,0.9999761581420898,1,1.2879705429077148,8.09524154663086,0.1840381622314453,9.570362091064453
dataset/test/Tomato_leaf_yellow_curl_virus/tomatoyellowleafcurlcropped_aug_92aug89.jpg,Tomato_leaf_yellow_curl_virus,Tomato_leaf_yellow_curl_virus,0.9999995231628418,1,1.1544342041015625,9.183247566223145,0.2078714370727539,10.54807186126709
dataset/test/Tomato_leaf_yellow_curl_virus/tomatoyellowleafcurlcropped_aug_93aug97.jpg,Tomato_leaf_yellow_curl_virus,Tomato_leaf_yellow_curl_virus,0.9999935626983643,1,1.1774711608886719,8.26826000213623,0.17340850830078125,9.621694564819336
dataset/test/Tomato_leaf_yellow_curl_virus/tomatoyellowleafcurlcropped_aug_94aug50.jpg,Tomato_leaf_yellow_curl_virus,Tomato_leaf_yellow_curl_virus,0.9999955892562866,1,1.2052497863769531,8.148331642150879,0.18111228942871094,9.53754711151123
dataset/test/Tomato_leaf_yellow_curl_virus/tomatoyellowleafcurlcropped_aug_95aug87.jpg,Tomato_leaf_yellow_curl_virus,Tomato_leaf_yellow_curl_virus,0.9999942779541016,1,1.2017860412597656,9.545194625854492,0.17242717742919922,10.922277450561523
dataset/test/Tomato_leaf_yellow_curl_virus/tomatoyellowleafcurlcropped_aug_96aug96.jpg,Tomato_leaf_yellow_curl_virus,Tomato_leaf_yellow_curl_virus,0.9999974966049194,1,1.1563243865966797,10.021623611450195,0.17553997039794922,11.35615062713623
dataset/test/Tomato_leaf_yellow_curl_virus/tomatoyellowleafcurlcropped_aug_97aug94.jpg,Tomato_leaf_yellow_curl_virus,Tomato_leaf_yellow_curl_virus,0.9999995231628418,1,1.2852869033813477,10.952445030212402,0.17824268341064453,12.418917655944824
dataset/test/Tomato_leaf_yellow_curl_virus/tomatoyellowleafcurlcroppedaug13.jpg,Tomato_leaf_yellow_curl_virus,Tomato_leaf_yellow_curl_virus,0.9999963045120239,1,1.144582748413086,8.944302558898926,0.17516803741455078,10.266512870788574
dataset/test/Tomato_leaf_yellow_curl_virus/virus1_aug_0aug37.jpg,Tomato_leaf_yellow_curl_virus,Tomato_leaf_yellow_curl_virus,0.9999949932098389,1,1.1527671813964844,8.236742973327637,0.1687793731689453,9.560879707336426
dataset/test/Tomato_leaf_yellow_curl_virus/virus1_aug_1aug21.jpg,Tomato_leaf_yellow_curl_virus,Tomato_leaf_yellow_curl_virus,0.999866247177124,1,1.1278228759765625,8.248408317565918,0.16170310974121094,9.540027618408203
dataset/test/Tomato_leaf_yellow_curl_virus/virus1_aug_2aug24.jpg,Tomato_leaf_yellow_curl_virus,Tomato_leaf_yellow_curl_virus,0.9999996423721313,1,1.1672477722167969,8.290093421936035,0.17375946044921875,9.633659362792969
dataset/test/Tomato_leaf_yellow_curl_virus/virus1_aug_3aug17.jpg,Tomato_leaf_yellow_curl_virus,Tomato_leaf_yellow_curl_virus,0.9999873638153076,1,1.2966375350952148,7.997720718383789,0.18052005767822266,9.47752857208252
dataset/test/Tomato_leaf_yellow_curl_virus/virus1_aug_4aug28.jpg,Tomato_leaf_yellow_curl_virus,Tomato_leaf_yellow_curl_virus,0.9999964237213135,1,1.2520647048950195,8.067721366882324,0.21518707275390625,9.537638664245605
dataset/test/Tomato_leaf_yellow_curl_virus/virus1_aug_5aug32.jpg,Tomato_leaf_yellow_curl_virus,Tomato_leaf_yellow_curl_virus,0.9999873638153076,1,1.1419706344604492,10.613293647766113,0.42902183532714844,12.187582969665527
dataset/test/Tomato_leaf_yellow_curl_virus/virus1_aug_6aug38.jpg,Tomato_leaf_yellow_curl_virus,Tomato_leaf_yellow_curl_virus,0.9998031258583069,1,1.4581022262573242,11.086908340454102,0.2153167724609375,12.763457298278809
dataset/test/Tomato_leaf_yellow_curl_virus/virus1aug0.jpg,Tomato_leaf_yellow_curl_virus,Tomato_leaf_yellow_curl_virus,0.9999876022338867,1,1.4882688522338867,11.00748348236084,0.22331619262695312,12.722419738769531
dataset/test/Tomato_mold_leaf/IMG-20240724-WA0020_aug_68aug87.jpg,Tomato_mold_leaf,Tomato_mold_leaf,0.995995044708252,1,1.571640968322754,11.07990837097168,0.21979713439941406,12.875162124633789
dataset/test/Tomato_mold_leaf/IMG-20240724-WA0020_aug_69aug97.jpg,Tomato_mold_leaf,Tomato_mold_leaf,0.9898478388786316,1,1.6084003448486328,11.030075073242188,0.41102123260498047,13.053182601928711
dataset/test/Tomato_mold_leaf/IMG-20240724-WA0020_aug_70aug82.jpg,Tomato_mold_leaf,Tomato_mold_leaf,0.9998730421066284,1,1.5500669479370117,11.135984420776367,0.2059459686279297,12.895533561706543
dataset/test/Tomato_mold_leaf/IMG-20240724-WA0020_aug_71aug98.jpg,Tomato_mold_leaf,Tomato_mold_leaf,0.9917863011360168,1,1.5172691345214844,11.04361343383789,0.21502017974853516,12.779272079467773
dataset/test/Tomato_mold_leaf/IMG-20240724-WA0020aug17.jpg,Tomato_mold_leaf,Tomato_mold_leaf,0.998273491859436,1,1.5526046752929688,11.338096618652344,0.2127246856689453,13.106904983520508
dataset/test/Tomato_mold_leaf/IMG-20240724-WA0044_aug_10aug44.jpg,Tomato_mold_leaf,Tomato_leaf_late_blight,0.3612350523471832,0,1.5544557571411133,7.853201866149902,0.16853809356689453,9.579583168029785
dataset/test/Tomato_mold_leaf/IMG-20240724-WA0044_aug_11aug49.jpg,Tomato_mold_leaf,Tomato_mold_leaf,0.9875262379646301,1,1.1327857971191406,7.95601749420166,0.16829681396484375,9.25984001159668
dataset/test/Tomato_mold_leaf/IMG-20240724-WA0044_aug_8aug35.jpg,Tomato_mold_leaf,Tomato_mold_leaf,0.9821388721466064,1,1.1324520111083984,7.75673770904541,0.16700077056884766,9.058727264404297
dataset/test/Tomato_mold_leaf/IMG-20240724-WA0044_aug_9aug41.jpg,Tomato_mold_leaf,Tomato_mold_leaf,0.9360338449478149,1,1.1235084533691406,7.789218902587891,0.16450023651123047,9.079821586608887
dataset/test/Tomato_mold_leaf/IMG-20240724-WA0044aug2.jpg,Tomato_mold_leaf,Tomato_mold_leaf,0.9695175290107727,1,1.1561012268066406,7.754070281982422,0.16361236572265625,9.076339721679688
dataset/test/Tomato_mold_leaf/IMG-20240724-WA0055_aug_28aug27.jpg,Tomato_mold_leaf,Tomato_mold_leaf,0.9999819993972778,1,1.1273784637451172,7.624700546264648,0.16518688201904297,8.920339584350586
dataset/test/Tomato_mold_leaf/IMG-20240724-WA0055_aug_29aug28.jpg,Tomato_mold_leaf,Tomato_mold_leaf,0.9999872446060181,1,1.2342863082885742,7.550385475158691,0.1660003662109375,8.953302383422852
dataset/test/Tomato_mold_leaf/IMG-20240724-WA0055_aug_30aug43.jpg,Tomato_mold_leaf,Tomato_mold_leaf,0.9999884366989136,1,1.1315441131591797,7.7536821365356445,0.1677227020263672,9.056116104125977
dataset/test/Tomato_mold_leaf/IMG-20240724-WA0055_aug_31aug50.jpg,Tomato_mold_leaf,Tomato_mold_leaf,0.9999966621398926,1,1.1478595733642578,8.07001781463623,0.1674633026123047,9.387712478637695
dataset/test/Tomato_mold_leaf/IMG-20240724-WA0055aug7.jpg,Tomato_mold_leaf,Tomato_mold_leaf,0.9999949932098389,1,1.1294708251953125,7.770978927612305,0.16729736328125,9.070377349853516
dataset/test/Tomato_mold_leaf/IMG-20240724-WA0065_aug_80aug69.jpg,Tomato_mold_leaf,Tomato_mold_leaf,0.9999997615814209,1,1.1570825576782227,7.931906700134277,0.1667041778564453,9.25847053527832
dataset/test/Tomato_mold_leaf/IMG-20240724-WA0065_aug_81aug70.jpg,Tomato_mold_leaf,Tomato_mold_leaf,0.9999997615814209,1,1.2027854919433594,8.293574333190918,0.17011260986328125,9.669658660888672
dataset/test/Tomato_mold_leaf/IMG-20240724-WA0065_aug_82aug66.jpg,Tomato_mold_leaf,Tomato_mold_leaf,0.9999972581863403,1,1.1640453338623047,8.151055335998535,0.16992664337158203,9.487804412841797
dataset/test/Tomato_mold_leaf/IMG-20240724-WA0065_aug_83aug65.jpg,Tomato_mold_leaf,Tomato_mold_leaf,0.9999992847442627,1,1.152674674987793,8.099980354309082,0.3470029830932617,9.602343559265137
dataset/test/Tomato_mold_leaf/IMG-20240724-WA0065aug20.jpg,Tomato_mold_leaf,Tomato_mold_leaf,0.9999890327453613,1,1.1204719543457031,7.936258316040039,0.17168521881103516,9.230710983276367
dataset/test/Tomato_mold_leaf/IMG-20240725-WA0031_aug_0aug46.jpg,Tomato_mold_leaf,Tomato_mold_leaf,0.8824682235717773,1,1.2431554794311523,7.877460479736328,0.17905712127685547,9.302396774291992
dataset/test/Tomato_mold_leaf/IMG-20240725-WA0031_aug_1aug47.jpg,Tomato_mold_leaf,Tomato_mold_leaf,0.9996310472488403,1,1.1111936569213867,8.20898151397705,0.1715383529663086,9.49493408203125
dataset/test/Tomato_mold_leaf/IMG-20240725-WA0031_aug_2aug37.jpg,Tomato_mold_leaf,Tomato_mold_leaf,0.8824682235717773,1,1.120987892150879,8.12564754486084,0.17063140869140625,9.41974925994873
dataset/test/Tomato_mold_leaf/IMG-20240725-WA0031_aug_3aug45.jpg,Tomato_mold_leaf,Tomato_mold_leaf,0.9876145124435425,1,1.1038780212402344,8.045369148254395,0.1686859130859375,9.320564270019531
dataset/test/Tomato_mold_leaf/IMG-20240725-WA0031aug0.jpg,Tomato_mold_leaf,Tomato_mold_leaf,0.8784639835357666,1,1.1653785705566406,8.138518333435059,0.1707592010498047,9.477046012878418
dataset/test/Tomato_mold_leaf/IMG-20240725-WA0039_aug_72aug79.jpg,Tomato_mold_leaf,Tomato_mold_leaf,0.9999969005584717,1,1.121323585510254,8.117315292358398,0.17018508911132812,9.411731719970703
dataset/test/Tomato_mold_leaf/IMG-20240725-WA0039_aug_73aug95.jpg,Tomato_mold_leaf,Tomato_mold_leaf,0.9999982118606567,1,1.1278610229492188,8.039443969726562,0.17609214782714844,9.346599578857422
dataset/test/Tomato_mold_leaf/IMG-20240725-WA0039_aug_74aug71.jpg,Tomato_mold_leaf,Tomato_mold_leaf,0.9999967813491821,1,1.1560821533203125,8.179740905761719,0.17229843139648438,9.511046409606934
dataset/test/Tomato_mold_leaf/IMG-20240725-WA0039_aug_75aug80.jpg,Tomato_mold_leaf,Tomato_mold_leaf,0.9999909400939941,1,1.1426362991333008,8.181981086730957,0.17072296142578125,9.498842239379883
dataset/test/Tomato_mold_leaf/IMG-20240725-WA0039aug18.jpg,Tomato_mold_leaf,Tomato_mold_leaf,0.999984622001648,1,1.1323413848876953,8.180741310119629,0.17485332489013672,9.490897178649902
dataset/test/Tomato_mold_leaf/IMG-20240727-WA0038_aug_40aug105.jpg,Tomato_mold_leaf,Tomato_mold_leaf,0.9999608993530273,1,1.2190074920654297,8.206147193908691,0.16974258422851562,9.598416328430176
dataset/test/Tomato_mold_leaf/IMG-20240727-WA0038_aug_41aug106.jpg,Tomato_mold_leaf,Tomato_mold_leaf,0.9999315738677979,1,1.1421756744384766,8.087240219116211,0.3394279479980469,9.572010040283203
dataset/test/Tomato_mold_leaf/IMG-20240727-WA0038_aug_42aug116.jpg,Tomato_mold_leaf,Tomato_mold_leaf,0.9999990463256836,1,1.112544059753418,8.03312873840332,0.17326068878173828,9.321675300598145
dataset/test/Tomato_mold_leaf/IMG-20240727-WA0038_aug_43aug110.jpg,Tomato_mold_leaf,Tomato_mold_leaf,0.9998631477355957,1,1.2894716262817383,7.970109939575195,0.1822967529296875,9.445454597473145
dataset/test/Tomato_mold_leaf/IMG-20240727-WA0038aug10.jpg,Tomato_mold_leaf,Tomato_mold_leaf,0.9999985694885254,1,1.1343965530395508,8.244667053222656,0.17185306549072266,9.553471565246582
dataset/test/Tomato_mold_leaf/IMG-20240727-WA0040_aug_56aug92.jpg,Tomato_mold_leaf,Tomato_mold_leaf,0.9999874830245972,1,1.1682863235473633,8.130037307739258,0.17277908325195312,9.473841667175293
dataset/test/Tomato_mold_leaf/IMG-20240727-WA0040_aug_57aug83.jpg,Tomato_mold_leaf,Tomato_mold_leaf,0.9999511241912842,1,1.1519336700439453,8.1947603225708,0.17313098907470703,9.522565841674805
dataset/test/Tomato_mold_leaf/IMG-20240727-WA0040_aug_58aug77.jpg,Tomato_mold_leaf,Tomato_mold_leaf,0.9999715089797974,1,1.1384153366088867,8.156665802001953,0.17203807830810547,9.469619750976562
dataset/test/Tomato_mold_leaf/IMG-20240727-WA0040_aug_59aug94.jpg,Tomato_mold_leaf,Tomato_mold_leaf,0.9999997615814209,1,1.1822490692138672,8.167407989501953,0.1718902587890625,9.524380683898926
dataset/test/Tomato_mold_leaf/IMG-20240727-WA0040aug14.jpg,Tomato_mold_leaf,Tomato_mold_leaf,0.9999934434890747,1,1.1381921768188477,8.432112693786621,0.1640939712524414,9.736696243286133
dataset/test/Tomato_mold_leaf/IMG-20240727-WA0124_aug_20aug54.jpg,Tomato_mold_leaf,Tomato_mold_leaf,0.9999316930770874,1,1.1549158096313477,8.050630569458008,0.1720571517944336,9.380157470703125
dataset/test/Tomato_mold_leaf/IMG-20240727-WA0124_aug_21aug38.jpg,Tomato_mold_leaf,Tomato_mold_leaf,0.998370349407196,1,1.2213973999023438,8.34126091003418,0.17376136779785156,9.739547729492188
dataset/test/Tomato_mold_leaf/IMG-20240727-WA0124_aug_22aug31.jpg,Tomato_mold_leaf,Tomato_mold_leaf,0.9808078408241272,1,1.2715826034545898,8.009535789489746,0.17159366607666016,9.455583572387695
dataset/test/Tomato_mold_leaf/IMG-20240727-WA0124_aug_23aug55.jpg,Tomato_mold_leaf,Tomato_mold_leaf,0.9805870056152344,1,1.3064165115356445,8.005868911743164,0.17272281646728516,9.487750053405762
dataset/test/Tomato_mold_leaf/IMG-20240727-WA0124aug5.jpg,Tomato_mold_leaf,Tomato_mold_leaf,0.9999790191650391,1,1.1513032913208008,8.185981750488281,0.1732778549194336,9.513527870178223
dataset/test/Tomato_mold_leaf/IMG-20240727-WA0153_aug_92aug58.jpg,Tomato_mold_leaf,Tomato_mold_leaf,0.9999853372573853,1,1.157322883605957,8.716449737548828,0.1735382080078125,10.050049781799316
dataset/test/Tomato_mold_leaf/IMG-20240727-WA0153_aug_93aug60.jpg,Tomato_mold_leaf,Tomato_mold_leaf,0.9999939203262329,1,1.1337127685546875,8.276019096374512,0.1742420196533203,9.586676597595215
dataset/test/Tomato_mold_leaf/IMG-20240727-WA0153aug23.jpg,Tomato_mold_leaf,Tomato_mold_leaf,0.999715268611908,1,1.1207304000854492,15.269585609436035,0.18190860748291016,16.57570457458496
dataset/test/Tomato_mold_leaf/IMG-20240727-WA0165aug25.jpg,Tomato_mold_leaf,Tomato_mold_leaf,0.9999983310699463,1,1.2121381759643555,8.638669967651367,0.17549991607666016,10.029067039489746
dataset/test/Tomato_mold_leaf/IMG-20240728-WA0028_aug_64aug91.jpg,Tomato_mold_leaf,Tomato_mold_leaf,0.9992218017578125,1,1.1556758880615234,8.359871864318848,1.243082046508789,10.761554718017578
dataset/test/Tomato_mold_leaf/IMG-20240728-WA0028_aug_65aug86.jpg,Tomato_mold_leaf,Tomato_mold_leaf,0.9993230104446411,1,1.152857780456543,9.209025382995605,0.17750072479248047,10.542072296142578
dataset/test/Tomato_mold_leaf/IMG-20240728-WA0028_aug_66aug78.jpg,Tomato_mold_leaf,Tomato_mold_leaf,0.9998540878295898,1,1.1371002197265625,8.313946723937988,0.18207645416259766,9.636269569396973
dataset/test/Tomato_mold_leaf/IMG-20240728-WA0028_aug_67aug99.jpg,Tomato_mold_leaf,Tomato_mold_leaf,0.9997513890266418,1,1.191415786743164,8.335259437561035,0.1759634017944336,9.705141067504883
dataset/test/Tomato_mold_leaf/IMG-20240728-WA0028aug16.jpg,Tomato_mold_leaf,Tomato_mold_leaf,0.9996681213378906,1,1.1355457305908203,8.407649040222168,0.17168617248535156,9.717268943786621
dataset/test/Tomato_mold_leaf/IMG-20240728-WA0068_aug_12aug29.jpg,Tomato_mold_leaf,Tomato_mold_leaf,0.9997022747993469,1,1.2037315368652344,8.40909481048584,0.17383480072021484,9.788900375366211
dataset/test/Tomato_mold_leaf/IMG-20240728-WA0068_aug_13aug30.jpg,Tomato_mold_leaf,Tomato_mold_leaf,0.9999301433563232,1,1.1461372375488281,8.335594177246094,0.1703348159790039,9.654510498046875
dataset/test/Tomato_mold_leaf/IMG-20240728-WA0068_aug_14aug56.jpg,Tomato_mold_leaf,Tomato_mold_leaf,0.9997618794441223,1,1.241063117980957,8.541224479675293,0.2450580596923828,10.029902458190918
dataset/test/Tomato_mold_leaf/IMG-20240728-WA0068_aug_15aug42.jpg,Tomato_mold_leaf,Tomato_mold_leaf,0.9998667240142822,1,1.1134710311889648,8.097018241882324,0.32742786407470703,9.541213989257812
dataset/test/Tomato_mold_leaf/IMG-20240728-WA0068aug3.jpg,Tomato_mold_leaf,Tomato_mold_leaf,0.9999899864196777,1,1.0851011276245117,9.37791633605957,0.16153812408447266,10.627053260803223
dataset/test/Tomato_mold_leaf/IMG-20240728-WA0074_aug_44aug102.jpg,Tomato_mold_leaf,Tomato_mold_leaf,0.9999822378158569,1,1.1045465469360352,7.885980606079102,0.171630859375,9.165043830871582
dataset/test/Tomato_mold_leaf/IMG-20240728-WA0074_aug_45aug75.jpg,Tomato_mold_leaf,Tomato_mold_leaf,0.9999693632125854,1,1.253915786743164,9.680084228515625,0.16275978088378906,11.09970474243164
dataset/test/Tomato_mold_leaf/IMG-20240728-WA0074_aug_46aug89.jpg,Tomato_mold_leaf,Tomato_mold_leaf,0.9999963045120239,1,1.1079702377319336,7.906220436096191,0.171112060546875,9.188469886779785
dataset/test/Tomato_mold_leaf/IMG-20240728-WA0074_aug_47aug111.jpg,Tomato_mold_leaf,Tomato_mold_leaf,0.9999915361404419,1,1.2634706497192383,8.504058837890625,0.18183422088623047,9.952198028564453
dataset/test/Tomato_mold_leaf/IMG-20240728-WA0074aug11.jpg,Tomato_mold_leaf,Tomato_mold_leaf,0.9999814033508301,1,1.2228612899780273,8.019257545471191,0.17239093780517578,9.417342185974121
dataset/test/Tomato_mold_leaf/IMG-20240728-WA0075aug24.jpg,Tomato_mold_leaf,Tomato_mold_leaf,0.9999438524246216,1,1.1318597793579102,8.586447715759277,0.1712970733642578,9.892308235168457
dataset/test/Tomato_mold_leaf/IMG-20240728-WA0087_aug_32aug113.jpg,Tomato_mold_leaf,Tomato_mold_leaf,0.8834227919578552,1,1.3707866668701172,18.21195697784424,0.1817789077758789,19.767653465270996
dataset/test/Tomato_mold_leaf/IMG-20240728-WA0087_aug_33aug112.jpg,Tomato_mold_leaf,Tomato_mold_leaf,0.9978399276733398,1,1.202397346496582,14.145910263061523,0.174224853515625,15.52575397491455
dataset/test/Tomato_mold_leaf/IMG-20240728-WA0087_aug_34aug104.jpg,Tomato_mold_leaf,Tomato_mold_leaf,0.988205075263977,1,1.320953369140625,8.308222770690918,0.17437171936035156,9.806529998779297
dataset/test/Tomato_mold_leaf/IMG-20240728-WA0087_aug_35aug100.jpg,Tomato_mold_leaf,Tomato_mold_leaf,0.9988113641738892,1,1.1623601913452148,8.189574241638184,0.1782054901123047,9.53336238861084
dataset/test/Tomato_mold_leaf/IMG-20240728-WA0087aug8.jpg,Tomato_mold_leaf,Tomato_mold_leaf,0.9995651841163635,1,1.1574535369873047,8.17216682434082,0.21629810333251953,9.548547744750977
dataset/test/Tomato_mold_leaf/IMG-20240728-WA0093_aug_76aug90.jpg,Tomato_mold_leaf,Tomato_mold_leaf,0.9999986886978149,1,1.1088409423828125,8.266277313232422,0.17324161529541016,9.551288604736328
dataset/test/Tomato_mold_leaf/IMG-20240728-WA0093_aug_77aug68.jpg,Tomato_mold_leaf,Tomato_mold_leaf,0.9999997615814209,1,1.1139707565307617,8.174943923950195,0.1788339614868164,9.470490455627441
dataset/test/Tomato_mold_leaf/IMG-20240728-WA0093_aug_78aug93.jpg,Tomato_mold_leaf,Tomato_mold_leaf,0.9999998807907104,1,1.1625070571899414,8.183537483215332,0.1709461212158203,9.51956558227539
dataset/test/Tomato_mold_leaf/IMG-20240728-WA0093_aug_79aug64.jpg,Tomato_mold_leaf,Tomato_mold_leaf,0.9999997615814209,1,1.0988969802856445,8.22507381439209,0.17394638061523438,9.500916481018066
dataset/test/Tomato_mold_leaf/IMG-20240728-WA0093aug19.jpg,Tomato_mold_leaf,Tomato_mold_leaf,0.9999998807907104,1,1.116119384765625,8.168073654174805,0.17274093627929688,9.459527015686035
dataset/test/Tomato_mold_leaf/IMG-20240728-WA0101_aug_84aug73.jpg,Tomato_mold_leaf,Tomato_mold_leaf,0.9997400641441345,1,1.214599609375,8.52513313293457,0.17529773712158203,9.917679786682129
dataset/test/Tomato_mold_leaf/IMG-20240728-WA0101_aug_85aug72.jpg,Tomato_mold_leaf,Tomato_mold_leaf,0.9999436140060425,1,1.1711559295654297,8.32296371459961,0.17548274993896484,9.672602653503418
dataset/test/Tomato_mold_leaf/IMG-20240728-WA0101_aug_86aug67.jpg,Tomato_mold_leaf,Tomato_mold_leaf,0.9999836683273315,1,1.2128973007202148,8.341464042663574,0.17165088653564453,9.728400230407715
dataset/test/Tomato_mold_leaf/IMG-20240728-WA0101_aug_87aug74.jpg,Tomato_mold_leaf,Tomato_mold_leaf,0.9999922513961792,1,1.1989154815673828,8.359742164611816,0.17394542694091797,9.735250473022461
dataset/test/Tomato_mold_leaf/IMG-20240728-WA0101aug21.jpg,Tomato_mold_leaf,Tomato_mold_leaf,0.9999526739120483,1,1.1864709854125977,8.490446090698242,0.17174243927001953,9.851288795471191
dataset/test/Tomato_mold_leaf/IMG-20240728-WA0103_aug_48aug107.jpg,Tomato_mold_leaf,Tomato_mold_leaf,0.9999969005584717,1,1.1800823211669922,8.354853630065918,0.1743326187133789,9.711714744567871
dataset/test/Tomato_mold_leaf/IMG-20240728-WA0103_aug_49aug76.jpg,Tomato_mold_leaf,Tomato_mold_leaf,0.9999978542327881,1,1.1821374893188477,8.35203742980957,0.19500064849853516,9.731602668762207
dataset/test/Tomato_mold_leaf/IMG-20240728-WA0103_aug_50aug114.jpg,Tomato_mold_leaf,Tomato_mold_leaf,0.9999991655349731,1,1.1746387481689453,8.327963829040527,0.15844440460205078,9.663455963134766
dataset/test/Tomato_mold_leaf/IMG-20240728-WA0103_aug_51aug84.jpg,Tomato_mold_leaf,Tomato_mold_leaf,0.9999974966049194,1,1.1477108001708984,9.744121551513672,0.166778564453125,11.060927391052246
dataset/test/Tomato_mold_leaf/IMG-20240728-WA0103aug12.jpg,Tomato_mold_leaf,Tomato_mold_leaf,0.9999986886978149,1,1.1799345016479492,8.292797088623047,0.2201862335205078,9.695566177368164
dataset/test/Tomato_mold_leaf/IMG-20240812-WA0183_aug_88aug59.jpg,Tomato_mold_leaf,Tomato_leaf_late_blight,0.737089991569519,0,1.2388410568237305,8.200203895568848,0.23955631256103516,9.681306838989258
dataset/test/Tomato_mold_leaf/IMG-20240812-WA0183_aug_89aug61.jpg,Tomato_mold_leaf,Tomato_Septoria_leaf_spot,0.576262891292572,0,1.5347137451171875,11.015981674194336,0.21224212646484375,12.765826225280762
dataset/test/Tomato_mold_leaf/IMG-20240812-WA0183_aug_90aug63.jpg,Tomato_mold_leaf,Tomato_leaf_late_blight,0.5212286114692688,0,1.4753618240356445,10.941389083862305,0.21546363830566406,12.635845184326172
dataset/test/Tomato_mold_leaf/IMG-20240812-WA0183_aug_91aug62.jpg,Tomato_mold_leaf,Tomato_leaf_late_blight,0.8489267826080322,0,1.4992685317993164,10.986001014709473,0.212982177734375,12.701363563537598
dataset/test/Tomato_mold_leaf/IMG-20240812-WA0183aug22.jpg,Tomato_mold_leaf,Tomato_leaf_late_blight,0.6507927179336548,0,1.5502138137817383,10.965981483459473,0.2132244110107422,12.732864379882812
dataset/test/Tomato_mold_leaf/IMG_20251102_155435_aug_24aug39.jpg,Tomato_mold_leaf,Tomato_Early_blight_leaf,0.9954681396484375,0,1.6406030654907227,10.732610702514648,0.2213726043701172,12.598732948303223
dataset/test/Tomato_mold_leaf/IMG_20251102_155435_aug_25aug51.jpg,Tomato_mold_leaf,Tomato_Early_blight_leaf,0.9855904579162598,0,1.6616401672363281,11.300410270690918,0.21261310577392578,13.17782974243164
dataset/test/Tomato_mold_leaf/IMG_20251102_155435_aug_26aug26.jpg,Tomato_mold_leaf,Tomato_Early_blight_leaf,0.9914257526397705,0,1.5085105895996094,11.039649963378906,0.21290874481201172,12.764754295349121
dataset/test/Tomato_mold_leaf/IMG_20251102_155435_aug_27aug52.jpg,Tomato_mold_leaf,Tomato_Early_blight_leaf,0.9202365875244141,0,1.463343620300293,11.063835144042969,0.21231651306152344,12.742939949035645
dataset/test/Tomato_mold_leaf/IMG_20251102_155435aug6.jpg,Tomato_mold_leaf,Tomato_Early_blight_leaf,0.9429179430007935,0,1.1988964080810547,7.789386749267578,0.1671304702758789,9.158246994018555
dataset/test/Tomato_mold_leaf/Leaf+mold+tomato+_25283_2529.JPG_aug_36aug118.jpg,Tomato_mold_leaf,Tomato_mold_leaf,0.6952750086784363,1,1.1879339218139648,7.76007080078125,0.1658153533935547,9.116673469543457
dataset/test/Tomato_mold_leaf/Leaf+mold+tomato+_25283_2529.JPG_aug_37aug117.jpg,Tomato_mold_leaf,Tomato_mold_leaf,0.9334760904312134,1,1.1328039169311523,7.876516342163086,0.16672325134277344,9.179100036621094
dataset/test/Tomato_mold_leaf/Leaf+mold+tomato+_25283_2529.JPG_aug_38aug119.jpg,Tomato_mold_leaf,Tomato_mold_leaf,0.33605027198791504,1,1.1483783721923828,7.788811683654785,0.16881656646728516,9.108599662780762
dataset/test/Tomato_mold_leaf/Leaf+mold+tomato+_25283_2529.JPG_aug_39aug103.jpg,Tomato_mold_leaf,Tomato_leaf_yellow_curl_virus,0.35786473751068115,0,1.2448053359985352,7.822109222412109,0.16855716705322266,9.238396644592285
dataset/test/Tomato_mold_leaf/Leaf+mold+tomato+_25283_2529.JPGaug9.jpg,Tomato_mold_leaf,Tomato_Early_blight_leaf,0.6511257290840149,0,1.1162681579589844,7.761570930480957,0.1663532257080078,9.046710014343262
dataset/test/Tomato_mold_leaf/Leaf-mold-caused-by-the-fungal-pathogen-Passalore-fulva-in-tomatoes_aug_16aug33.jpg,Tomato_mold_leaf,Tomato_Septoria_leaf_spot,0.45934298634529114,0,1.080617904663086,7.67536735534668,0.16711139678955078,8.925912857055664
dataset/test/Tomato_mold_leaf/Leaf-mold-caused-by-the-fungal-pathogen-Passalore-fulva-in-tomatoes_aug_17aug57.jpg,Tomato_mold_leaf,Tomato_Septoria_leaf_spot,0.9445546865463257,0,1.191415786743164,7.8639984130859375,0.1673898696899414,9.225637435913086
dataset/test/Tomato_mold_leaf/Leaf-mold-caused-by-the-fungal-pathogen-Passalore-fulva-in-tomatoes_aug_18aug32.jpg,Tomato_mold_leaf,Tomato_Healthy_leaf,0.48251593112945557,0,1.239415168762207,7.693422317504883,0.16648292541503906,9.101673126220703
dataset/test/Tomato_mold_leaf/Leaf-mold-caused-by-the-fungal-pathogen-Passalore-fulva-in-tomatoes_aug_19aug53.jpg,Tomato_mold_leaf,Tomato_Septoria_leaf_spot,0.5569453239440918,0,1.0840625762939453,7.809293746948242,0.16561317443847656,9.061819076538086
dataset/test/Tomato_mold_leaf/Leaf-mold-caused-by-the-fungal-pathogen-Passalore-fulva-in-tomatoesaug4.jpg,Tomato_mold_leaf,Tomato_mold_leaf,0.9867616891860962,1,1.1010818481445312,8.10268497467041,0.1686868667602539,9.375396728515625
dataset/test/Tomato_mold_leaf/leaf_mold_nightshade2x500_aug_60aug81.jpg,Tomato_mold_leaf,Tomato_mold_leaf,0.937321662902832,1,1.1324329376220703,10.860185623168945,0.2114276885986328,12.207398414611816
dataset/test/Tomato_mold_leaf/leaf_mold_nightshade2x500_aug_61aug96.jpg,Tomato_mold_leaf,Tomato_mold_leaf,0.9999960660934448,1,1.5224733352661133,10.946927070617676,0.21163082122802734,12.684233665466309
dataset/test/Tomato_mold_leaf/leaf_mold_nightshade2x500_aug_62aug85.jpg,Tomato_mold_leaf,Tomato_mold_leaf,0.9964995384216309,1,1.4994354248046875,11.246225357055664,0.35672473907470703,13.105977058410645
dataset/test/Tomato_mold_leaf/leaf_mold_nightshade2x500_aug_63aug88.jpg,Tomato_mold_leaf,Tomato_mold_leaf,0.9984198808670044,1,1.5276947021484375,11.000020027160645,0.21726036071777344,12.748883247375488
dataset/test/Tomato_mold_leaf/leaf_mold_nightshade2x500aug15.jpg,Tomato_mold_leaf,Tomato_mold_leaf,0.9992386102676392,1,1.5265655517578125,10.955241203308105,0.21768569946289062,12.703252792358398
dataset/test/Tomato_mold_leaf/leaf_mold_tomato5x1200_jpg.rf.0a5ee47c78e753f9580bfb7744438ebf_aug_52aug101.jpg,Tomato_mold_leaf,Tomato_mold_leaf,1.0,1,1.5574359893798828,10.989779472351074,0.2232980728149414,12.77475357055664
dataset/test/Tomato_mold_leaf/leaf_mold_tomato5x1200_jpg.rf.0a5ee47c78e753f9580bfb7744438ebf_aug_53aug108.jpg,Tomato_mold_leaf,Tomato_mold_leaf,1.0,1,1.6633434295654297,10.9368896484375,0.25940990447998047,12.863364219665527
dataset/test/Tomato_mold_leaf/leaf_mold_tomato5x1200_jpg.rf.0a5ee47c78e753f9580bfb7744438ebf_aug_54aug115.jpg,Tomato_mold_leaf,Tomato_mold_leaf,1.0,1,1.6420669555664062,11.249002456665039,0.21268749237060547,13.107439994812012
dataset/test/Tomato_mold_leaf/leaf_mold_tomato5x1200_jpg.rf.0a5ee47c78e753f9580bfb7744438ebf_aug_55aug109.jpg,Tomato_mold_leaf,Tomato_mold_leaf,1.0,1,1.5192680358886719,8.105648040771484,0.16502094268798828,9.792678833007812
dataset/test/Tomato_mold_leaf/leaf_mold_tomato5x1200_jpg.rf.0a5ee47c78e753f9580bfb7744438ebfaug13.jpg,Tomato_mold_leaf,Tomato_mold_leaf,1.0,1,1.1285266876220703,7.709403991699219,0.1973724365234375,9.037691116333008
dataset/test/Tomato_mold_leaf/tomato_leaf-mold_04_zoom_aug_4aug36.jpg,Tomato_mold_leaf,Tomato_leaf_late_blight,0.9926198124885559,0,1.1399707794189453,7.6434783935546875,0.16488933563232422,8.950579643249512
dataset/test/Tomato_mold_leaf/tomato_leaf-mold_04_zoom_aug_5aug48.jpg,Tomato_mold_leaf,Tomato_leaf_late_blight,0.8960728049278259,0,1.2543048858642578,7.560051918029785,0.16516780853271484,8.982136726379395
dataset/test/Tomato_mold_leaf/tomato_leaf-mold_04_zoom_aug_6aug40.jpg,Tomato_mold_leaf,Tomato_leaf_late_blight,0.991662859916687,0,1.1101922988891602,7.677014350891113,0.164520263671875,8.954654693603516
dataset/test/Tomato_mold_leaf/tomato_leaf-mold_04_zoom_aug_7aug34.jpg,Tomato_mold_leaf,Tomato_leaf_late_blight,0.983596682548523,0,1.166748046875,7.707015037536621,0.20998287200927734,9.086838722229004
dataset/test/Tomato_mold_leaf/tomato_leaf-mold_04_zoomaug1.jpg,Tomato_mold_leaf,Tomato_leaf_late_blight,0.8789562582969666,0,1.1029701232910156,7.672978401184082,0.1682605743408203,8.94702434539795
