image_path,true_class,predicted_class,confidence,correct,preprocess_ms,inference_ms,postprocess_ms,total_pipeline_ms
dataset/test/Tomato_Early_blight_leaf/100_46341_aug_5aug62.jpg,Tomato_Early_blight_leaf,Tomato_Early_blight_leaf,0.4757004380226135,1,1.1741399765014648,7.710580825805664,0.2605581283569336,9.14927864074707
dataset/test/Tomato_Early_blight_leaf/100_46341_aug_6aug64.jpg,Tomato_Early_blight_leaf,Tomato_Early_blight_leaf,0.8683279156684875,1,1.1274166107177734,7.957528114318848,0.2050943374633789,9.293075561523438
dataset/test/Tomato_Early_blight_leaf/100_46341_aug_7aug57.jpg,Tomato_Early_blight_leaf,Tomato_Early_blight_leaf,0.8683279156684875,1,1.1021013259887695,7.739784240722656,0.17872333526611328,9.023110389709473
dataset/test/Tomato_Early_blight_leaf/100_46341_aug_8aug66.jpg,Tomato_Early_blight_leaf,Tomato_Early_blight_leaf,0.49199220538139343,1,1.209991455078125,7.733879089355469,0.1790933609008789,9.125536918640137
dataset/test/Tomato_Early_blight_leaf/100_46341_aug_9aug65.jpg,Tomato_Early_blight_leaf,Tomato_Early_blight_leaf,0.8944302201271057,1,1.1444358825683594,7.663876533508301,0.19202041625976562,9.002982139587402
dataset/test/Tomato_Early_blight_leaf/100_46341aug1.jpg,Tomato_Early_blight_leaf,Tomato_Healthy_leaf,0.7190656661987305,0,1.1578426361083984,7.760563850402832,0.17481708526611328,9.095722198486328
dataset/test/Tomato_Early_blight_leaf/1723454500663_aug_20aug39.jpg,Tomato_Early_blight_leaf,Tomato_Early_blight_leaf,0.9998546838760376,1,1.0693979263305664,7.8640642166137695,0.17463111877441406,9.111518859863281
dataset/test/Tomato_Early_blight_leaf/1723454500663_aug_21aug35.jpg,Tomato_Early_blight_leaf,Tomato_Early_blight_leaf,0.9999861717224121,1,1.1065092086791992,7.722932815551758,0.180389404296875,9.0125732421875
dataset/test/Tomato_Early_blight_leaf/1723454500663_aug_22aug51.jpg,Tomato_Early_blight_leaf,Tomato_Early_blight_leaf,0.9999287128448486,1,1.081730842590332,7.683897018432617,0.1788158416748047,8.947129249572754
dataset/test/Tomato_Early_blight_leaf/1723454500663_aug_23aug33.jpg,Tomato_Early_blight_leaf,Tomato_Early_blight_leaf,0.9998546838760376,1,1.1310653686523438,7.627137184143066,0.1673898696899414,8.92840576171875
dataset/test/Tomato_Early_blight_leaf/1723454500663_aug_24aug50.jpg,Tomato_Early_blight_leaf,Tomato_Early_blight_leaf,0.9999836683273315,1,1.1039352416992188,7.894489288330078,0.20666790008544922,9.207703590393066
dataset/test/Tomato_Early_blight_leaf/1723454500663aug4.jpg,Tomato_Early_blight_leaf,Tomato_Early_blight_leaf,0.999982476234436,1,1.1028785705566406,8.106159210205078,0.1722240447998047,9.383947372436523
dataset/test/Tomato_Early_blight_leaf/1723454507240aug20.jpg,Tomato_Early_blight_leaf,Tomato_Early_blight_leaf,0.5847921967506409,1,1.1064910888671875,8.039602279663086,0.16689109802246094,9.315464973449707
dataset/test/Tomato_Early_blight_leaf/EB_(981)_aug_65aug107.jpg,Tomato_Early_blight_leaf,Tomato_Early_blight_leaf,0.9999799728393555,1,1.1283979415893555,7.959601402282715,0.20402050018310547,9.294538497924805
dataset/test/Tomato_Early_blight_leaf/EB_(981)_aug_66aug102.jpg,Tomato_Early_blight_leaf,Tomato_Early_blight_leaf,0.9999997615814209,1,1.1345643997192383,7.981194496154785,0.16618633270263672,9.284278869628906
dataset/test/Tomato_Early_blight_leaf/EB_(981)_aug_67aug101.jpg,Tomato_Early_blight_leaf,Tomato_Early_blight_leaf,0.9993801116943359,1,1.1120080947875977,7.913638114929199,0.1750020980834961,9.20394515991211
dataset/test/Tomato_Early_blight_leaf/EB_(981)_aug_68aug95.jpg,Tomato_Early_blight_leaf,Tomato_Early_blight_leaf,0.9999891519546509,1,1.1204710006713867,7.978268623352051,0.16707515716552734,9.268427848815918
dataset/test/Tomato_Early_blight_leaf/EB_(981)_aug_69aug97.jpg,Tomato_Early_blight_leaf,Tomato_Early_blight_leaf,0.9999065399169922,1,1.1485099792480469,7.976286888122559,0.16527938842773438,9.292685508728027
dataset/test/Tomato_Early_blight_leaf/EB_(981)aug13.jpg,Tomato_Early_blight_leaf,Tomato_Early_blight_leaf,0.9999105930328369,1,1.1151580810546875,8.118492126464844,0.1643352508544922,9.400372505187988
dataset/test/Tomato_Early_blight_leaf/Early-blight-660x440_aug_0aug61.jpg,Tomato_Early_blight_leaf,Tomato_Early_blight_leaf,0.9999725818634033,1,1.1144161224365234,8.10338020324707,0.20609474182128906,9.42670726776123
dataset/test/Tomato_Early_blight_leaf/Early-blight-660x440_aug_1aug59.jpg,Tomato_Early_blight_leaf,Tomato_Early_blight_leaf,0.9997034668922424,1,1.172898292541504,7.792230606079102,0.16346454620361328,9.130927085876465
dataset/test/Tomato_Early_blight_leaf/Early-blight-660x440_aug_2aug63.jpg,Tomato_Early_blight_leaf,Tomato_Early_blight_leaf,0.9995829463005066,1,1.0949535369873047,7.619988441467285,0.16016864776611328,8.87751579284668
dataset/test/Tomato_Early_blight_leaf/Early-blight-660x440_aug_3aug60.jpg,Tomato_Early_blight_leaf,Tomato_Early_blight_leaf,0.999980092048645,1,1.089268684387207,7.7087297439575195,0.1615762710571289,8.962479591369629
dataset/test/Tomato_Early_blight_leaf/Early-blight-660x440_aug_4aug58.jpg,Tomato_Early_blight_leaf,Tomato_Early_blight_leaf,0.9999707937240601,1,1.1166582107543945,7.666415214538574,0.1610393524169922,8.946573257446289
dataset/test/Tomato_Early_blight_leaf/Early-blight-660x440aug0.jpg,Tomato_Early_blight_leaf,Tomato_Early_blight_leaf,0.9999816417694092,1,1.1126203536987305,7.718711853027344,0.15098285675048828,8.984498977661133
dataset/test/Tomato_Early_blight_leaf/Gls42_change_180_aug_70aug100.jpg,Tomato_Early_blight_leaf,Tomato_Early_blight_leaf,0.9999996423721313,1,1.0317487716674805,7.571135520935059,0.16891002655029297,8.774810791015625
dataset/test/Tomato_Early_blight_leaf/Gls42_change_180_aug_71aug109.jpg,Tomato_Early_blight_leaf,Tomato_Early_blight_leaf,0.9999837875366211,1,1.1164350509643555,7.630876541137695,0.16350173950195312,8.913351058959961
dataset/test/Tomato_Early_blight_leaf/Gls42_change_180_aug_72aug104.jpg,Tomato_Early_blight_leaf,Tomato_Early_blight_leaf,0.9994200468063354,1,1.0526371002197266,7.636378288269043,0.17663097381591797,8.868460655212402
dataset/test/Tomato_Early_blight_leaf/Gls42_change_180_aug_73aug94.jpg,Tomato_Early_blight_leaf,Tomato_Early_blight_leaf,0.9999871253967285,1,1.0803985595703125,7.734877586364746,0.16326141357421875,8.981202125549316
dataset/test/Tomato_Early_blight_leaf/Gls42_change_180_aug_74aug108.jpg,Tomato_Early_blight_leaf,Tomato_Early_blight_leaf,0.9999070167541504,1,1.0483598709106445,7.734506607055664,0.16040897369384766,8.945703506469727
dataset/test/Tomato_Early_blight_leaf/Gls42_change_180aug14.jpg,Tomato_Early_blight_leaf,Tomato_Early_blight_leaf,0.9962672591209412,1,1.0569534301757812,7.827322959899902,0.16381549835205078,9.050424575805664
dataset/test/Tomato_Early_blight_leaf/Gls4_mirror_aug_60aug93.jpg,Tomato_Early_blight_leaf,Tomato_Early_blight_leaf,0.9999852180480957,1,1.0411014556884766,8.309048652648926,0.20581626892089844,9.558558464050293
dataset/test/Tomato_Early_blight_leaf/Gls4_mirror_aug_61aug98.jpg,Tomato_Early_blight_leaf,Tomato_Early_blight_leaf,0.9998600482940674,1,1.094970703125,8.387826919555664,0.17055702209472656,9.65589427947998
dataset/test/Tomato_Early_blight_leaf/Gls4_mirror_aug_62aug91.jpg,Tomato_Early_blight_leaf,Tomato_Early_blight_leaf,0.9999920129776001,1,1.0888042449951172,8.818534851074219,0.17355632781982422,10.083434104919434
dataset/test/Tomato_Early_blight_leaf/Gls4_mirror_aug_63aug110.jpg,Tomato_Early_blight_leaf,Tomato_Early_blight_leaf,0.9999489784240723,1,1.1423425674438477,8.372328758239746,0.16611194610595703,9.683355331420898
dataset/test/Tomato_Early_blight_leaf/Gls4_mirror_aug_64aug105.jpg,Tomato_Early_blight_leaf,Tomato_Early_blight_leaf,0.9999330043792725,1,1.095564842224121,10.154046058654785,0.23451995849609375,11.486834526062012
dataset/test/Tomato_Early_blight_leaf/Gls4_mirror_vertical_aug_25aug37.jpg,Tomato_Early_blight_leaf,Tomato_Early_blight_leaf,0.9414734840393066,1,1.8018674850463867,17.914886474609375,0.1755390167236328,19.8950138092041
dataset/test/Tomato_Early_blight_leaf/Gls4_mirror_vertical_aug_26aug41.jpg,Tomato_Early_blight_leaf,Tomato_Early_blight_leaf,0.9855740666389465,1,1.093231201171875,12.566787719726562,0.1610565185546875,13.823630332946777
dataset/test/Tomato_Early_blight_leaf/Gls4_mirror_vertical_aug_27aug40.jpg,Tomato_Early_blight_leaf,Tomato_Early_blight_leaf,0.9998282194137573,1,1.0625629425048828,9.624709129333496,0.16898250579833984,10.859292030334473
dataset/test/Tomato_Early_blight_leaf/Gls4_mirror_vertical_aug_28aug36.jpg,Tomato_Early_blight_leaf,Tomato_Early_blight_leaf,0.9983243346214294,1,1.0889167785644531,8.52156925201416,0.1656503677368164,9.778764724731445
dataset/test/Tomato_Early_blight_leaf/Gls4_mirror_vertical_aug_29aug42.jpg,Tomato_Early_blight_leaf,Tomato_Early_blight_leaf,0.9977008700370789,1,1.1200084686279297,7.899768829345703,0.16239070892333984,9.184686660766602
dataset/test/Tomato_Early_blight_leaf/Gls4_mirror_verticalaug5.jpg,Tomato_Early_blight_leaf,Tomato_Early_blight_leaf,0.9965258240699768,1,1.052581787109375,7.62452507019043,0.16203880310058594,8.84209156036377
dataset/test/Tomato_Early_blight_leaf/Gls4_mirroraug12.jpg,Tomato_Early_blight_leaf,Tomato_Early_blight_leaf,0.9999998807907104,1,1.0325822830200195,7.736933708190918,0.22344684600830078,8.995314598083496
dataset/test/Tomato_Early_blight_leaf/IMG-20240812-WA0445_aug_40aug23.jpg,Tomato_Early_blight_leaf,Tomato_Early_blight_leaf,0.802341103553772,1,1.1257133483886719,7.755192756652832,0.1628551483154297,9.046777725219727
dataset/test/Tomato_Early_blight_leaf/IMG-20240812-WA0445_aug_41aug28.jpg,Tomato_Early_blight_leaf,Tomato_mold_leaf,0.9846910834312439,0,1.1275453567504883,7.745377540588379,0.16168689727783203,9.03688907623291
dataset/test/Tomato_Early_blight_leaf/IMG-20240812-WA0445_aug_42aug21.jpg,Tomato_Early_blight_leaf,Tomato_Early_blight_leaf,0.9248665571212769,1,1.1002864837646484,7.954527854919434,0.16203880310058594,9.219704627990723
dataset/test/Tomato_Early_blight_leaf/IMG-20240812-WA0445_aug_43aug24.jpg,Tomato_Early_blight_leaf,Tomato_Early_blight_leaf,0.5661349296569824,1,1.1323232650756836,7.750173568725586,0.1600933074951172,9.045001029968262
dataset/test/Tomato_Early_blight_leaf/IMG-20240812-WA0445_aug_44aug22.jpg,Tomato_Early_blight_leaf,Tomato_Early_blight_leaf,0.786781370639801,1,1.159897804260254,7.690025329589844,0.16405677795410156,9.01662826538086
dataset/test/Tomato_Early_blight_leaf/IMG-20240812-WA0445aug8.jpg,Tomato_Early_blight_leaf,Tomato_mold_leaf,0.8757913708686829,0,1.1559162139892578,7.7647294998168945,0.15442657470703125,9.077371597290039
dataset/test/Tomato_Early_blight_leaf/IMG20240812111749_aug_90aug80.jpg,Tomato_Early_blight_leaf,Tomato_mold_leaf,0.9999734163284302,0,1.147322654724121,8.193381309509277,0.1774454116821289,9.520577430725098
dataset/test/Tomato_Early_blight_leaf/IMG20240812111749_aug_91aug77.jpg,Tomato_Early_blight_leaf,Tomato_mold_leaf,0.9927009344100952,0,1.2506771087646484,7.685210227966309,0.16161346435546875,9.099925994873047
dataset/test/Tomato_Early_blight_leaf/IMG20240812111749_aug_92aug73.jpg,Tomato_Early_blight_leaf,Tomato_mold_leaf,0.9999985694885254,0,1.1926565170288086,7.685359001159668,0.16618728637695312,9.046740531921387
dataset/test/Tomato_Early_blight_leaf/IMG20240812111749_aug_93aug71.jpg,Tomato_Early_blight_leaf,Tomato_mold_leaf,0.9999969005584717,0,1.1513605117797852,8.025101661682129,0.1650552749633789,9.344334602355957
dataset/test/Tomato_Early_blight_leaf/IMG20240812111749_aug_94aug74.jpg,Tomato_Early_blight_leaf,Tomato_mold_leaf,0.9999129772186279,0,1.2230291366577148,8.001694679260254,0.16689014434814453,9.39411449432373
dataset/test/Tomato_Early_blight_leaf/IMG20240812111749aug18.jpg,Tomato_Early_blight_leaf,Tomato_mold_leaf,0.9999672174453735,0,1.2557706832885742,8.113250732421875,0.1660013198852539,9.537503242492676
dataset/test/Tomato_Early_blight_leaf/IMG_20251102_155150_aug_30aug34.jpg,Tomato_Early_blight_leaf,Tomato_Early_blight_leaf,1.0,1,1.114212989807129,8.037879943847656,0.17074298858642578,9.32589054107666
dataset/test/Tomato_Early_blight_leaf/IMG_20251102_155150_aug_31aug43.jpg,Tomato_Early_blight_leaf,Tomato_Early_blight_leaf,1.0,1,1.1651382446289062,8.034008979797363,0.18426036834716797,9.386427879333496
dataset/test/Tomato_Early_blight_leaf/IMG_20251102_155150_aug_32aug44.jpg,Tomato_Early_blight_leaf,Tomato_Early_blight_leaf,1.0,1,1.1507682800292969,7.926008224487305,0.16818523406982422,9.248093605041504
dataset/test/Tomato_Early_blight_leaf/IMG_20251102_155150_aug_33aug38.jpg,Tomato_Early_blight_leaf,Tomato_Early_blight_leaf,1.0,1,1.1106204986572266,8.070805549621582,0.16550159454345703,9.3496675491333
dataset/test/Tomato_Early_blight_leaf/IMG_20251102_155150_aug_34aug32.jpg,Tomato_Early_blight_leaf,Tomato_Early_blight_leaf,1.0,1,1.0894346237182617,8.018621444702148,0.16163158416748047,9.272371292114258
dataset/test/Tomato_Early_blight_leaf/IMG_20251102_155150aug6.jpg,Tomato_Early_blight_leaf,Tomato_Early_blight_leaf,1.0,1,1.1266584396362305,7.9651947021484375,0.18639087677001953,9.280927658081055
dataset/test/Tomato_Early_blight_leaf/IMG_20251102_155153_aug_85aug72.jpg,Tomato_Early_blight_leaf,Tomato_Early_blight_leaf,1.0,1,1.2404918670654297,7.82798957824707,0.1654834747314453,9.23685359954834
dataset/test/Tomato_Early_blight_leaf/IMG_20251102_155153_aug_86aug78.jpg,Tomato_Early_blight_leaf,Tomato_Early_blight_leaf,1.0,1,1.219101905822754,7.993083953857422,0.16692733764648438,9.38176155090332
dataset/test/Tomato_Early_blight_leaf/IMG_20251102_155153_aug_87aug76.jpg,Tomato_Early_blight_leaf,Tomato_Early_blight_leaf,1.0,1,1.209214210510254,8.05424976348877,0.16942691802978516,9.436243057250977
dataset/test/Tomato_Early_blight_leaf/IMG_20251102_155153_aug_88aug79.jpg,Tomato_Early_blight_leaf,Tomato_Early_blight_leaf,1.0,1,1.1430635452270508,8.346696853637695,0.17200183868408203,9.664690017700195
dataset/test/Tomato_Early_blight_leaf/IMG_20251102_155153_aug_89aug75.jpg,Tomato_Early_blight_leaf,Tomato_Early_blight_leaf,0.9999998807907104,1,1.0969905853271484,8.079418182373047,0.16655826568603516,9.345612525939941
dataset/test/Tomato_Early_blight_leaf/IMG_20251102_155153aug17.jpg,Tomato_Early_blight_leaf,Tomato_Early_blight_leaf,1.0,1,1.1430463790893555,8.192843437194824,0.16742706298828125,9.506152153015137
dataset/test/Tomato_Early_blight_leaf/IMG_20251102_155207_aug_10aug47.jpg,Tomato_Early_blight_leaf,Tomato_Early_blight_leaf,0.9997969269752502,1,1.1190080642700195,8.158492088317871,0.16996383666992188,9.450336456298828
dataset/test/Tomato_Early_blight_leaf/IMG_20251102_155207_aug_11aug56.jpg,Tomato_Early_blight_leaf,Tomato_Early_blight_leaf,0.9997939467430115,1,1.1557693481445312,8.137491226196289,0.1682605743408203,9.464465141296387
dataset/test/Tomato_Early_blight_leaf/IMG_20251102_155207_aug_12aug45.jpg,Tomato_Early_blight_leaf,Tomato_Early_blight_leaf,0.9999887943267822,1,1.1165828704833984,7.978547096252441,0.16750144958496094,9.265241622924805
dataset/test/Tomato_Early_blight_leaf/IMG_20251102_155207_aug_13aug48.jpg,Tomato_Early_blight_leaf,Tomato_Early_blight_leaf,0.9997362494468689,1,1.0876026153564453,8.168769836425781,0.16551876068115234,9.424448013305664
dataset/test/Tomato_Early_blight_leaf/IMG_20251102_155207_aug_14aug49.jpg,Tomato_Early_blight_leaf,Tomato_Early_blight_leaf,0.9999291896820068,1,1.151658058166504,8.24528980255127,0.16561126708984375,9.565225601196289
dataset/test/Tomato_Early_blight_leaf/IMG_20251102_155207aug2.jpg,Tomato_Early_blight_leaf,Tomato_Early_blight_leaf,0.9998569488525391,1,1.1241931915283203,8.04439926147461,0.1829814910888672,9.355057716369629
dataset/test/Tomato_Early_blight_leaf/IMG_20251102_155305_aug_35aug25.jpg,Tomato_Early_blight_leaf,Tomato_Early_blight_leaf,0.9672698378562927,1,1.1257867813110352,8.0133056640625,0.17866802215576172,9.321001052856445
dataset/test/Tomato_Early_blight_leaf/IMG_20251102_155305_aug_36aug27.jpg,Tomato_Early_blight_leaf,Tomato_Early_blight_leaf,0.9790594577789307,1,1.148324966430664,8.138139724731445,0.16627788543701172,9.455669403076172
dataset/test/Tomato_Early_blight_leaf/IMG_20251102_155305_aug_37aug29.jpg,Tomato_Early_blight_leaf,Tomato_Early_blight_leaf,0.8911496996879578,1,1.1308975219726562,8.108491897583008,0.16709423065185547,9.409409523010254
dataset/test/Tomato_Early_blight_leaf/IMG_20251102_155305_aug_38aug31.jpg,Tomato_Early_blight_leaf,Tomato_Early_blight_leaf,0.9025861620903015,1,1.1096200942993164,8.133140563964844,0.1671304702758789,9.412705421447754
dataset/test/Tomato_Early_blight_leaf/IMG_20251102_155305_aug_39aug26.jpg,Tomato_Early_blight_leaf,Tomato_Early_blight_leaf,0.9607404470443726,1,1.1417694091796875,8.109787940979004,0.18015003204345703,9.435372352600098
dataset/test/Tomato_Early_blight_leaf/IMG_20251102_155305aug7.jpg,Tomato_Early_blight_leaf,Tomato_Early_blight_leaf,0.9362227320671082,1,1.1151008605957031,8.18056583404541,0.16666698455810547,9.465263366699219
dataset/test/Tomato_Early_blight_leaf/IMG_20251102_155853_aug_55aug106.jpg,Tomato_Early_blight_leaf,Tomato_leaf_late_blight,0.9951153993606567,0,1.14385986328125,8.064528465270996,0.20487308502197266,9.41611385345459
dataset/test/Tomato_Early_blight_leaf/IMG_20251102_155853_aug_56aug92.jpg,Tomato_Early_blight_leaf,Tomato_leaf_late_blight,0.9999678134918213,0,1.1139354705810547,8.110065460205078,0.16533470153808594,9.391873359680176
dataset/test/Tomato_Early_blight_leaf/IMG_20251102_155853_aug_57aug96.jpg,Tomato_Early_blight_leaf,Tomato_leaf_late_blight,0.9999961853027344,0,1.136749267578125,8.149011611938477,0.1616687774658203,9.450188636779785
dataset/test/Tomato_Early_blight_leaf/IMG_20251102_155853_aug_58aug103.jpg,Tomato_Early_blight_leaf,Tomato_leaf_late_blight,0.9999904632568359,0,1.139286994934082,8.092510223388672,0.15572261810302734,9.389908790588379
dataset/test/Tomato_Early_blight_leaf/IMG_20251102_155853_aug_59aug99.jpg,Tomato_Early_blight_leaf,Tomato_leaf_late_blight,0.9985334873199463,0,1.1102313995361328,7.9858808517456055,0.16820526123046875,9.267334938049316
dataset/test/Tomato_Early_blight_leaf/IMG_20251102_155853aug11.jpg,Tomato_Early_blight_leaf,Tomato_leaf_late_blight,0.9996065497398376,0,1.1471757888793945,8.030842781066895,0.16639041900634766,9.346964836120605
dataset/test/Tomato_Early_blight_leaf/IMG_20251102_160046_aug_95aug70.jpg,Tomato_Early_blight_leaf,Tomato_Early_blight_leaf,0.9829765558242798,1,1.150491714477539,8.068269729614258,0.1678171157836914,9.389243125915527
dataset/test/Tomato_Early_blight_leaf/IMG_20251102_160046_aug_96aug69.jpg,Tomato_Early_blight_leaf,Tomato_Early_blight_leaf,0.9995933175086975,1,1.145843505859375,8.166325569152832,0.16974258422851562,9.484429359436035
dataset/test/Tomato_Early_blight_leaf/IMG_20251102_160046_aug_97aug67.jpg,Tomato_Early_blight_leaf,Tomato_Early_blight_leaf,0.998837411403656,1,1.1407136917114258,8.172232627868652,0.16681575775146484,9.482226371765137
dataset/test/Tomato_Early_blight_leaf/IMG_20251102_160046_aug_98aug68.jpg,Tomato_Early_blight_leaf,Tomato_Early_blight_leaf,0.9994295239448547,1,1.179213523864746,8.203362464904785,0.16811275482177734,9.55331802368164
dataset/test/Tomato_Early_blight_leaf/IMG_20251102_160046aug19.jpg,Tomato_Early_blight_leaf,Tomato_Early_blight_leaf,0.8891094326972961,1,1.1364526748657227,8.018564224243164,0.16557598114013672,9.323076248168945
dataset/test/Tomato_Early_blight_leaf/IMG_20251102_160055_aug_15aug53.jpg,Tomato_Early_blight_leaf,Tomato_Early_blight_leaf,0.9998515844345093,1,1.1124162673950195,8.252955436706543,0.1659088134765625,9.534076690673828
dataset/test/Tomato_Early_blight_leaf/IMG_20251102_160055_aug_16aug55.jpg,Tomato_Early_blight_leaf,Tomato_Early_blight_leaf,0.999634861946106,1,1.2063426971435547,8.233790397644043,0.16744613647460938,9.610170364379883
dataset/test/Tomato_Early_blight_leaf/IMG_20251102_160055_aug_17aug46.jpg,Tomato_Early_blight_leaf,Tomato_Early_blight_leaf,0.9997724890708923,1,1.1179733276367188,8.320401191711426,0.1676502227783203,9.608946800231934
dataset/test/Tomato_Early_blight_leaf/IMG_20251102_160055_aug_18aug54.jpg,Tomato_Early_blight_leaf,Tomato_Early_blight_leaf,0.995311439037323,1,1.122361183166504,8.257290840148926,0.1592416763305664,9.541929244995117
dataset/test/Tomato_Early_blight_leaf/IMG_20251102_160055_aug_19aug52.jpg,Tomato_Early_blight_leaf,Tomato_Early_blight_leaf,0.9999663829803467,1,1.0678787231445312,7.919842720031738,0.16220569610595703,9.152518272399902
dataset/test/Tomato_Early_blight_leaf/IMG_20251102_160055aug3.jpg,Tomato_Early_blight_leaf,Tomato_Early_blight_leaf,0.9997988343238831,1,1.0763416290283203,7.751397132873535,0.1690387725830078,9.000036239624023
dataset/test/Tomato_Early_blight_leaf/IMG_20251102_160217_aug_75aug82.jpg,Tomato_Early_blight_leaf,Tomato_Early_blight_leaf,0.9999967813491821,1,1.076582908630371,7.837693214416504,0.16250133514404297,9.079316139221191
dataset/test/Tomato_Early_blight_leaf/IMG_20251102_160217_aug_76aug83.jpg,Tomato_Early_blight_leaf,Tomato_Early_blight_leaf,0.9999979734420776,1,1.1149711608886719,7.790470123291016,0.16289043426513672,9.070796012878418
dataset/test/Tomato_Early_blight_leaf/IMG_20251102_160217_aug_77aug90.jpg,Tomato_Early_blight_leaf,Tomato_Early_blight_leaf,0.9999970197677612,1,1.065638542175293,7.900676727294922,0.16777896881103516,9.137389183044434
dataset/test/Tomato_Early_blight_leaf/IMG_20251102_160217_aug_78aug81.jpg,Tomato_Early_blight_leaf,Tomato_Early_blight_leaf,0.9999951124191284,1,1.0808420181274414,7.818026542663574,0.16259384155273438,9.064462661743164
dataset/test/Tomato_Early_blight_leaf/IMG_20251102_160217_aug_79aug86.jpg,Tomato_Early_blight_leaf,Tomato_Early_blight_leaf,0.999996542930603,1,1.1183052062988281,7.858582496643066,0.1779460906982422,9.157500267028809
dataset/test/Tomato_Early_blight_leaf/IMG_20251102_160217aug15.jpg,Tomato_Early_blight_leaf,Tomato_Early_blight_leaf,0.9999958276748657,1,1.0644350051879883,7.8947858810424805,0.176483154296875,9.138814926147461
dataset/test/Tomato_Early_blight_leaf/IMG_20251102_160523_aug_50aug114.jpg,Tomato_Early_blight_leaf,Tomato_Early_blight_leaf,0.9994277358055115,1,1.1259727478027344,7.831046104431152,0.15839004516601562,9.117926597595215
dataset/test/Tomato_Early_blight_leaf/IMG_20251102_160523_aug_51aug111.jpg,Tomato_Early_blight_leaf,Tomato_Early_blight_leaf,0.9996067881584167,1,1.097935676574707,7.826433181762695,0.1628894805908203,9.089720726013184
dataset/test/Tomato_Early_blight_leaf/IMG_20251102_160523_aug_52aug112.jpg,Tomato_Early_blight_leaf,Tomato_Early_blight_leaf,0.998164713382721,1,1.2425289154052734,7.832433700561523,0.16559410095214844,9.243427276611328
dataset/test/Tomato_Early_blight_leaf/IMG_20251102_160523_aug_53aug115.jpg,Tomato_Early_blight_leaf,Tomato_Early_blight_leaf,0.9997181296348572,1,1.1154165267944336,7.769599914550781,0.1652231216430664,9.053091049194336
dataset/test/Tomato_Early_blight_leaf/IMG_20251102_160523_aug_54aug113.jpg,Tomato_Early_blight_leaf,Tomato_Early_blight_leaf,0.9976970553398132,1,1.1291580200195312,8.000601768493652,0.16485214233398438,9.29766845703125
dataset/test/Tomato_Early_blight_leaf/IMG_20251102_160523aug10.jpg,Tomato_Early_blight_leaf,Tomato_Early_blight_leaf,0.9997509121894836,1,1.1629352569580078,8.356456756591797,0.166778564453125,9.688541412353516
dataset/test/Tomato_Early_blight_leaf/IMG_20251102_161202_aug_45aug118.jpg,Tomato_Early_blight_leaf,Tomato_Early_blight_leaf,0.9994741082191467,1,1.1450462341308594,7.982546806335449,0.19074249267578125,9.321964263916016
dataset/test/Tomato_Early_blight_leaf/IMG_20251102_161202_aug_46aug116.jpg,Tomato_Early_blight_leaf,Tomato_Early_blight_leaf,0.9994741082191467,1,1.1553802490234375,7.999713897705078,0.16583538055419922,9.323594093322754
dataset/test/Tomato_Early_blight_leaf/IMG_20251102_161202_aug_47aug117.jpg,Tomato_Early_blight_leaf,Tomato_Early_blight_leaf,0.9996768236160278,1,1.195694923400879,7.982841491699219,0.16020488739013672,9.340761184692383
dataset/test/Tomato_Early_blight_leaf/IMG_20251102_161202_aug_48aug30.jpg,Tomato_Early_blight_leaf,Tomato_Early_blight_leaf,0.9999512434005737,1,1.1372308731079102,7.779601097106934,0.16540908813476562,9.084759712219238
dataset/test/Tomato_Early_blight_leaf/IMG_20251102_161202_aug_49aug119.jpg,Tomato_Early_blight_leaf,Tomato_Early_blight_leaf,0.999535322189331,1,1.1672124862670898,7.853785514831543,0.16224193572998047,9.18588924407959
dataset/test/Tomato_Early_blight_leaf/IMG_20251102_161202aug9.jpg,Tomato_Early_blight_leaf,Tomato_Early_blight_leaf,0.999976634979248,1,1.1870641708374023,7.878731727600098,0.16624164581298828,9.23466682434082
dataset/test/Tomato_Early_blight_leaf/early_blight_jpg.rf.1091c0a2a9a3da5b9ad688c89298614c_aug_80aug87.jpg,Tomato_Early_blight_leaf,Tomato_Early_blight_leaf,0.9968926310539246,1,1.0872316360473633,8.148122787475586,0.16588973999023438,9.404260635375977
dataset/test/Tomato_Early_blight_leaf/early_blight_jpg.rf.1091c0a2a9a3da5b9ad688c89298614c_aug_81aug84.jpg,Tomato_Early_blight_leaf,Tomato_Early_blight_leaf,0.9998289346694946,1,1.098322868347168,7.915305137634277,0.16527938842773438,9.1815185546875
dataset/test/Tomato_Early_blight_leaf/early_blight_jpg.rf.1091c0a2a9a3da5b9ad688c89298614c_aug_82aug89.jpg,Tomato_Early_blight_leaf,Tomato_Early_blight_leaf,0.9741293787956238,1,1.1509170532226562,12.12602424621582,0.16466808319091797,13.444238662719727
dataset/test/Tomato_Early_blight_leaf/early_blight_jpg.rf.1091c0a2a9a3da5b9ad688c89298614c_aug_83aug85.jpg,Tomato_Early_blight_leaf,Tomato_Early_blight_leaf,0.9952706694602966,1,1.177103042602539,7.872434616088867,0.16726112365722656,9.219833374023438
dataset/test/Tomato_Early_blight_leaf/early_blight_jpg.rf.1091c0a2a9a3da5b9ad688c89298614c_aug_84aug88.jpg,Tomato_Early_blight_leaf,Tomato_Early_blight_leaf,0.9985626339912415,1,1.240713119506836,7.938619613647461,0.16605663299560547,9.347983360290527
dataset/test/Tomato_Early_blight_leaf/early_blight_jpg.rf.1091c0a2a9a3da5b9ad688c89298614caug16.jpg,Tomato_Early_blight_leaf,Tomato_Early_blight_leaf,0.9954850673675537,1,1.1448421478271484,7.921750068664551,0.1650371551513672,9.234186172485352
dataset/test/Tomato_Healthy_leaf/20140818-tomato-sauce-vicky-wasik-1_jpg.rf.d3d9b4a0642e72ba76b40dbdfff8b9f7_aug_6aug50.jpg,Tomato_Healthy_leaf,Tomato_Healthy_leaf,0.9999804496765137,1,1.0646743774414062,8.032639503479004,0.16777992248535156,9.267816543579102
dataset/test/Tomato_Healthy_leaf/20140818-tomato-sauce-vicky-wasik-1_jpg.rf.d3d9b4a0642e72ba76b40dbdfff8b9f7_aug_7aug56.jpg,Tomato_Healthy_leaf,Tomato_Healthy_leaf,0.9999525547027588,1,1.0678234100341797,7.948749542236328,0.16914844512939453,9.188575744628906
dataset/test/Tomato_Healthy_leaf/20140818-tomato-sauce-vicky-wasik-1_jpg.rf.d3d9b4a0642e72ba76b40dbdfff8b9f7aug3.jpg,Tomato_Healthy_leaf,Tomato_Healthy_leaf,0.9999908208847046,1,1.0577507019042969,7.986473083496094,0.19948387145996094,9.246315002441406
dataset/test/Tomato_Healthy_leaf/2015-09-17-01_aug_20aug110.jpg,Tomato_Healthy_leaf,Tomato_Healthy_leaf,0.9817895293235779,1,1.0960636138916016,7.934267044067383,0.16531658172607422,9.198870658874512
dataset/test/Tomato_Healthy_leaf/2015-09-17-01_aug_21aug114.jpg,Tomato_Healthy_leaf,Tomato_Healthy_leaf,0.9603753685951233,1,1.0732860565185547,8.296512603759766,0.16576004028320312,9.538263320922852
dataset/test/Tomato_Healthy_leaf/2015-09-17-01aug10.jpg,Tomato_Healthy_leaf,Tomato_Healthy_leaf,0.67628413438797,1,1.0728044509887695,7.978010177612305,0.19305801391601562,9.24705696105957
dataset/test/Tomato_Healthy_leaf/Basil_2Binfected_2Bby_2BTomato_2BSpotted_2BWilt_2BVirus_aug_2aug59.jpg,Tomato_Healthy_leaf,Tomato_Septoria_leaf_spot,0.25621676445007324,0,1.064192771911621,7.843749046325684,0.17514896392822266,9.08650016784668
dataset/test/Tomato_Healthy_leaf/Basil_2Binfected_2Bby_2BTomato_2BSpotted_2BWilt_2BVirus_aug_3aug51.jpg,Tomato_Healthy_leaf,Tomato_Healthy_leaf,0.6353514194488525,1,1.17626953125,7.913582801818848,0.1682596206665039,9.260927200317383
dataset/test/Tomato_Healthy_leaf/Basil_2Binfected_2Bby_2BTomato_2BSpotted_2BWilt_2BVirusaug1.jpg,Tomato_Healthy_leaf,Tomato_Healthy_leaf,0.7308064103126526,1,1.1146392822265625,7.881026268005371,0.16640758514404297,9.1648530960083
dataset/test/Tomato_Healthy_leaf/Fig-2_aug_22aug102.jpg,Tomato_Healthy_leaf,Tomato_Healthy_leaf,0.8794754147529602,1,1.1429729461669922,7.951545715332031,0.1668710708618164,9.263890266418457
dataset/test/Tomato_Healthy_leaf/Fig-2_aug_23aug90.jpg,Tomato_Healthy_leaf,Tomato_Healthy_leaf,0.8942801356315613,1,1.100637435913086,7.970602035522461,0.16668701171875,9.240944862365723
dataset/test/Tomato_Healthy_leaf/Fig-2aug11.jpg,Tomato_Healthy_leaf,Tomato_Healthy_leaf,0.9221624135971069,1,1.1025266647338867,7.954750061035156,0.16605758666992188,9.226113319396973
dataset/test/Tomato_Healthy_leaf/HL_(103)aug39.jpg,Tomato_Healthy_leaf,Tomato_Healthy_leaf,0.9999996423721313,1,1.130843162536621,7.999566078186035,0.1580209732055664,9.290521621704102
dataset/test/Tomato_Healthy_leaf/HL_(118)_aug_38aug103.jpg,Tomato_Healthy_leaf,Tomato_Healthy_leaf,0.9999990463256836,1,1.0699892044067383,7.796378135681152,0.168853759765625,9.03757381439209
dataset/test/Tomato_Healthy_leaf/HL_(118)_aug_39aug104.jpg,Tomato_Healthy_leaf,Tomato_Healthy_leaf,1.0,1,1.0891571044921875,7.857359886169434,0.16700077056884766,9.115832328796387
dataset/test/Tomato_Healthy_leaf/HL_(118)aug19.jpg,Tomato_Healthy_leaf,Tomato_Healthy_leaf,0.9999991655349731,1,1.088841438293457,8.737460136413574,0.1663341522216797,9.99554443359375
dataset/test/Tomato_Healthy_leaf/HL_(165)_aug_28aug105.jpg,Tomato_Healthy_leaf,Tomato_Healthy_leaf,0.9999969005584717,1,1.0930461883544922,8.175270080566406,0.16811275482177734,9.4391508102417
dataset/test/Tomato_Healthy_leaf/HL_(165)_aug_29aug91.jpg,Tomato_Healthy_leaf,Tomato_Healthy_leaf,0.9973129630088806,1,1.1151199340820312,7.899083137512207,0.18094539642333984,9.197815895080566
dataset/test/Tomato_Healthy_leaf/HL_(165)aug14.jpg,Tomato_Healthy_leaf,Tomato_Healthy_leaf,0.9995195865631104,1,1.130009651184082,8.73803424835205,0.16701889038085938,10.037582397460938
dataset/test/Tomato_Healthy_leaf/HL_(61)_aug_50aug83.jpg,Tomato_Healthy_leaf,Tomato_Healthy_leaf,0.9539197087287903,1,1.0907859802246094,7.888397216796875,0.173187255859375,9.155037879943848
dataset/test/Tomato_Healthy_leaf/HL_(61)_aug_51aug76.jpg,Tomato_Healthy_leaf,Tomato_Healthy_leaf,0.9999783039093018,1,1.0721368789672852,16.558968544006348,0.16379737854003906,17.797682762145996
dataset/test/Tomato_Healthy_leaf/HL_(61)aug25.jpg,Tomato_Healthy_leaf,Tomato_Healthy_leaf,0.9997996687889099,1,1.0669527053833008,13.321702003479004,0.1673727035522461,14.558284759521484
dataset/test/Tomato_Healthy_leaf/HL_(62)aug36.jpg,Tomato_Healthy_leaf,Tomato_Healthy_leaf,0.9997953772544861,1,1.2381200790405273,8.89773941040039,0.20053958892822266,10.33941650390625
dataset/test/Tomato_Healthy_leaf/IMG_20251102_161618_aug_58aug71.jpg,Tomato_Healthy_leaf,Tomato_Healthy_leaf,0.999629020690918,1,1.261861801147461,9.201260566711426,0.18520450592041016,10.650883674621582
dataset/test/Tomato_Healthy_leaf/IMG_20251102_161618_aug_59aug63.jpg,Tomato_Healthy_leaf,Tomato_Healthy_leaf,0.991981029510498,1,1.159398078918457,8.112066268920898,0.1654834747314453,9.439410209655762
dataset/test/Tomato_Healthy_leaf/IMG_20251102_161618aug29.jpg,Tomato_Healthy_leaf,Tomato_Healthy_leaf,0.7074735164642334,1,1.1648807525634766,7.838545799255371,0.16553783416748047,9.17127799987793
dataset/test/Tomato_Healthy_leaf/IMG_20251102_161625aug44.jpg,Tomato_Healthy_leaf,Tomato_Healthy_leaf,0.9987024068832397,1,1.1982126235961914,8.007434844970703,0.20687198638916016,9.415465354919434
dataset/test/Tomato_Healthy_leaf/IMG_20251102_161629_aug_10aug115.jpg,Tomato_Healthy_leaf,Tomato_Healthy_leaf,0.9993498921394348,1,1.225306510925293,8.12415885925293,0.18963146209716797,9.542078018188477
dataset/test/Tomato_Healthy_leaf/IMG_20251102_161629_aug_11aug109.jpg,Tomato_Healthy_leaf,Tomato_Healthy_leaf,0.9998750686645508,1,1.314213752746582,8.33489990234375,0.16939067840576172,9.821024894714355
dataset/test/Tomato_Healthy_leaf/IMG_20251102_161629aug5.jpg,Tomato_Healthy_leaf,Tomato_Healthy_leaf,0.9996826648712158,1,1.1838064193725586,8.067621231079102,0.16803741455078125,9.422131538391113
dataset/test/Tomato_Healthy_leaf/IMG_20251102_161652aug43.jpg,Tomato_Healthy_leaf,Tomato_Healthy_leaf,0.9978958368301392,1,1.1811761856079102,8.144010543823242,0.1670379638671875,9.495429992675781
dataset/test/Tomato_Healthy_leaf/IMG_20251102_161826_aug_60aug68.jpg,Tomato_Healthy_leaf,Tomato_Healthy_leaf,0.9986516833305359,1,1.2868061065673828,8.338382720947266,0.1680011749267578,9.795745849609375
dataset/test/Tomato_Healthy_leaf/IMG_20251102_161826_aug_61aug62.jpg,Tomato_Healthy_leaf,Tomato_Healthy_leaf,0.9906812310218811,1,1.1451749801635742,8.194289207458496,0.18422317504882812,9.526558876037598
dataset/test/Tomato_Healthy_leaf/IMG_20251102_161826aug30.jpg,Tomato_Healthy_leaf,Tomato_Healthy_leaf,0.9999642372131348,1,1.2012701034545898,8.141621589660645,0.1653146743774414,9.510615348815918
dataset/test/Tomato_Healthy_leaf/IMG_20251102_161850_aug_56aug74.jpg,Tomato_Healthy_leaf,Tomato_leaf_yellow_curl_virus,0.8874815702438354,0,1.1708431243896484,9.051518440246582,0.16672229766845703,10.391640663146973
dataset/test/Tomato_Healthy_leaf/IMG_20251102_161850_aug_57aug72.jpg,Tomato_Healthy_leaf,Tomato_Healthy_leaf,0.6838483810424805,1,1.1673431396484375,8.121621131896973,0.15990829467773438,9.45135498046875
dataset/test/Tomato_Healthy_leaf/IMG_20251102_161850aug28.jpg,Tomato_Healthy_leaf,Tomato_Healthy_leaf,0.5789405107498169,1,1.1385841369628906,8.052064895629883,0.16798114776611328,9.361482620239258
dataset/test/Tomato_Healthy_leaf/IMG_20251102_161859aug38.jpg,Tomato_Healthy_leaf,Tomato_Healthy_leaf,0.9999663829803467,1,1.1546010971069336,7.858953475952148,0.1652231216430664,9.181315422058105
dataset/test/Tomato_Healthy_leaf/IMG_20251102_161935_aug_4aug55.jpg,Tomato_Healthy_leaf,Tomato_Healthy_leaf,1.0,1,1.0920467376708984,7.956286430358887,0.16501998901367188,9.216018676757812
dataset/test/Tomato_Healthy_leaf/IMG_20251102_161935_aug_5aug53.jpg,Tomato_Healthy_leaf,Tomato_Healthy_leaf,0.9999998807907104,1,1.1390647888183594,7.986193656921387,0.1660747528076172,9.29426097869873
dataset/test/Tomato_Healthy_leaf/IMG_20251102_161935aug2.jpg,Tomato_Healthy_leaf,Tomato_Healthy_leaf,0.9999998807907104,1,1.092489242553711,8.333603858947754,0.16594696044921875,9.594928741455078
dataset/test/Tomato_Healthy_leaf/IMG_20251102_162037aug45.jpg,Tomato_Healthy_leaf,Tomato_Healthy_leaf,0.8742268681526184,1,1.1299915313720703,7.968602180480957,0.156890869140625,9.257779121398926
dataset/test/Tomato_Healthy_leaf/h100_lower_aug_54aug73.jpg,Tomato_Healthy_leaf,Tomato_Healthy_leaf,0.9983432292938232,1,1.117842674255371,7.849897384643555,0.166168212890625,9.136869430541992
dataset/test/Tomato_Healthy_leaf/h100_lower_aug_55aug75.jpg,Tomato_Healthy_leaf,Tomato_Healthy_leaf,0.9996351003646851,1,1.1038036346435547,8.051806449890137,0.19994544982910156,9.358389854431152
dataset/test/Tomato_Healthy_leaf/h100_loweraug27.jpg,Tomato_Healthy_leaf,Tomato_Healthy_leaf,0.9999929666519165,1,1.1607131958007812,7.971879005432129,0.16563129425048828,9.300853729248047
dataset/test/Tomato_Healthy_leaf/h101_aug_18aug119.jpg,Tomato_Healthy_leaf,Tomato_Healthy_leaf,0.9999847412109375,1,1.1480655670166016,8.073101997375488,0.1663532257080078,9.390093803405762
dataset/test/Tomato_Healthy_leaf/h101_aug_19aug116.jpg,Tomato_Healthy_leaf,Tomato_Healthy_leaf,0.9998966455459595,1,1.1050653457641602,8.000694274902344,0.18155670166015625,9.290316581726074
dataset/test/Tomato_Healthy_leaf/h101aug9.jpg,Tomato_Healthy_leaf,Tomato_Healthy_leaf,0.9985954165458679,1,1.109786033630371,7.965546607971191,0.16646480560302734,9.244537353515625
dataset/test/Tomato_Healthy_leaf/h103_aug_42aug82.jpg,Tomato_Healthy_leaf,Tomato_Healthy_leaf,0.9998759031295776,1,1.118657112121582,7.998749732971191,0.16592788696289062,9.286259651184082
dataset/test/Tomato_Healthy_leaf/h103_aug_43aug77.jpg,Tomato_Healthy_leaf,Tomato_Healthy_leaf,0.9998847246170044,1,1.0932865142822266,7.966693878173828,0.16550064086914062,9.228168487548828
dataset/test/Tomato_Healthy_leaf/h103aug21.jpg,Tomato_Healthy_leaf,Tomato_Healthy_leaf,0.999108612537384,1,1.0757684707641602,7.940619468688965,0.16553783416748047,9.184427261352539
dataset/test/Tomato_Healthy_leaf/h1_change_90_aug_12aug118.jpg,Tomato_Healthy_leaf,Tomato_Healthy_leaf,0.9999985694885254,1,1.1161565780639648,7.935730934143066,0.16142749786376953,9.215964317321777
dataset/test/Tomato_Healthy_leaf/h1_change_90_aug_13aug108.jpg,Tomato_Healthy_leaf,Tomato_Healthy_leaf,0.9999947547912598,1,1.132120132446289,8.028379440307617,0.15752029418945312,9.320353507995605
dataset/test/Tomato_Healthy_leaf/h1_change_90aug6.jpg,Tomato_Healthy_leaf,Tomato_Healthy_leaf,0.9999980926513672,1,1.0866937637329102,8.042193412780762,0.1647787094116211,9.296000480651855
dataset/test/Tomato_Healthy_leaf/h39_change_270aug48.jpg,Tomato_Healthy_leaf,Tomato_Healthy_leaf,0.9999064207077026,1,1.0982122421264648,7.856804847717285,0.16433429718017578,9.121851921081543
dataset/test/Tomato_Healthy_leaf/h39_hight_aug_40aug96.jpg,Tomato_Healthy_leaf,Tomato_Healthy_leaf,0.9999841451644897,1,1.1315288543701172,7.880825042724609,0.1658153533935547,9.18105697631836
dataset/test/Tomato_Healthy_leaf/h39_hight_aug_41aug98.jpg,Tomato_Healthy_leaf,Tomato_Healthy_leaf,0.9999850988388062,1,1.1036949157714844,8.17071533203125,0.1643533706665039,9.44153881072998
dataset/test/Tomato_Healthy_leaf/h39_hightaug20.jpg,Tomato_Healthy_leaf,Tomato_Healthy_leaf,0.9999969005584717,1,1.096674919128418,8.02312183380127,0.1656494140625,9.287890434265137
dataset/test/Tomato_Healthy_leaf/h39_lower_aug_30aug95.jpg,Tomato_Healthy_leaf,Tomato_Healthy_leaf,0.9999717473983765,1,1.1361579895019531,8.050158500671387,0.16222381591796875,9.351057052612305
dataset/test/Tomato_Healthy_leaf/h39_lower_aug_31aug89.jpg,Tomato_Healthy_leaf,Tomato_Healthy_leaf,0.9999903440475464,1,1.0924348831176758,7.886044502258301,0.16172409057617188,9.142722129821777
dataset/test/Tomato_Healthy_leaf/h39_loweraug15.jpg,Tomato_Healthy_leaf,Tomato_Healthy_leaf,0.9999878406524658,1,1.0756559371948242,7.770174026489258,0.1631488800048828,9.011979103088379
dataset/test/Tomato_Healthy_leaf/h3_aug_8aug57.jpg,Tomato_Healthy_leaf,Tomato_Healthy_leaf,1.0,1,1.096731185913086,7.840211868286133,0.16057491302490234,9.100334167480469
dataset/test/Tomato_Healthy_leaf/h3_aug_9aug54.jpg,Tomato_Healthy_leaf,Tomato_Healthy_leaf,0.9999996423721313,1,1.0782861709594727,7.933601379394531,0.15887165069580078,9.173277854919434
dataset/test/Tomato_Healthy_leaf/h3_mirror_aug_52aug84.jpg,Tomato_Healthy_leaf,Tomato_Healthy_leaf,0.9999986886978149,1,1.0602302551269531,7.673211097717285,0.1620197296142578,8.898591995239258
dataset/test/Tomato_Healthy_leaf/h3_mirror_aug_53aug80.jpg,Tomato_Healthy_leaf,Tomato_Healthy_leaf,0.9999984502792358,1,1.0764169692993164,7.714766502380371,0.16231632232666016,8.956460952758789
dataset/test/Tomato_Healthy_leaf/h3_mirroraug26.jpg,Tomato_Healthy_leaf,Tomato_Healthy_leaf,0.9999988079071045,1,1.1080846786499023,7.785062789916992,0.16301918029785156,9.05885124206543
dataset/test/Tomato_Healthy_leaf/h3aug4.jpg,Tomato_Healthy_leaf,Tomato_Healthy_leaf,0.9999986886978149,1,1.0690641403198242,7.841656684875488,0.16277790069580078,9.076111793518066
dataset/test/Tomato_Healthy_leaf/h45_mirror_verticalaug42.jpg,Tomato_Healthy_leaf,Tomato_Healthy_leaf,0.9999998807907104,1,1.1082496643066406,7.901545524597168,0.16246318817138672,9.174704551696777
dataset/test/Tomato_Healthy_leaf/h49_change_90aug49.jpg,Tomato_Healthy_leaf,Tomato_Healthy_leaf,0.9999996423721313,1,1.0645265579223633,7.858081817626953,0.16116809844970703,9.0862398147583
dataset/test/Tomato_Healthy_leaf/h50_hight_aug_68aug69.jpg,Tomato_Healthy_leaf,Tomato_Healthy_leaf,0.9985966086387634,1,1.0796575546264648,7.814452171325684,0.16300106048583984,9.059758186340332
dataset/test/Tomato_Healthy_leaf/h50_hight_aug_69aug61.jpg,Tomato_Healthy_leaf,Tomato_Healthy_leaf,0.9993341565132141,1,1.0475273132324219,7.946749687194824,0.16378021240234375,9.160592079162598
dataset/test/Tomato_Healthy_leaf/h50_hightaug34.jpg,Tomato_Healthy_leaf,Tomato_Healthy_leaf,0.9998175501823425,1,1.058619499206543,7.983602523803711,0.16131591796875,9.205740928649902
dataset/test/Tomato_Healthy_leaf/h50_lower_aug_66aug65.jpg,Tomato_Healthy_leaf,Tomato_Healthy_leaf,0.9998607635498047,1,1.0821199417114258,7.854267120361328,0.24424266815185547,9.183408737182617
dataset/test/Tomato_Healthy_leaf/h50_lower_aug_67aug70.jpg,Tomato_Healthy_leaf,Tomato_Healthy_leaf,0.9996553659439087,1,1.0742120742797852,7.81184196472168,0.1687793731689453,9.057313919067383
dataset/test/Tomato_Healthy_leaf/h50_loweraug33.jpg,Tomato_Healthy_leaf,Tomato_Healthy_leaf,0.9996943473815918,1,1.074380874633789,7.8559160232543945,0.16394615173339844,9.096649169921875
dataset/test/Tomato_Healthy_leaf/h50_mirror_vertical_aug_24aug111.jpg,Tomato_Healthy_leaf,Tomato_Healthy_leaf,0.9999934434890747,1,1.063157081604004,7.936898231506348,0.1704263687133789,9.173629760742188
dataset/test/Tomato_Healthy_leaf/h50_mirror_vertical_aug_25aug100.jpg,Tomato_Healthy_leaf,Tomato_Healthy_leaf,0.9998908042907715,1,1.1057863235473633,8.384050369262695,0.16490840911865234,9.657633781433105
dataset/test/Tomato_Healthy_leaf/h50_mirror_verticalaug12.jpg,Tomato_Healthy_leaf,Tomato_Healthy_leaf,0.9999983310699463,1,1.0788249969482422,7.948638916015625,0.16335296630859375,9.193556785583496
dataset/test/Tomato_Healthy_leaf/h50aug37.jpg,Tomato_Healthy_leaf,Tomato_Healthy_leaf,0.9998831748962402,1,1.0729904174804688,8.067139625549316,0.1639270782470703,9.306482315063477
dataset/test/Tomato_Healthy_leaf/h5_mirroraug41.jpg,Tomato_Healthy_leaf,Tomato_Healthy_leaf,0.9999896287918091,1,1.113490104675293,7.791990280151367,0.1782970428466797,9.086609840393066
dataset/test/Tomato_Healthy_leaf/h65_mirror_vertical_aug_26aug97.jpg,Tomato_Healthy_leaf,Tomato_Healthy_leaf,1.0,1,1.1758804321289062,7.865396499633789,0.16440963745117188,9.208426475524902
dataset/test/Tomato_Healthy_leaf/h65_mirror_vertical_aug_27aug106.jpg,Tomato_Healthy_leaf,Tomato_Healthy_leaf,0.9999994039535522,1,1.245955467224121,8.072916030883789,0.16381549835205078,9.485280990600586
dataset/test/Tomato_Healthy_leaf/h65_mirror_verticalaug13.jpg,Tomato_Healthy_leaf,Tomato_Healthy_leaf,1.0,1,1.1178417205810547,7.95839786529541,0.16387271881103516,9.242778778076172
dataset/test/Tomato_Healthy_leaf/h71_mirror_aug_62aug66.jpg,Tomato_Healthy_leaf,Tomato_Healthy_leaf,1.0,1,1.0869159698486328,7.955842018127441,0.16994571685791016,9.215611457824707
dataset/test/Tomato_Healthy_leaf/h71_mirror_aug_63aug67.jpg,Tomato_Healthy_leaf,Tomato_Healthy_leaf,0.9999991655349731,1,1.0961198806762695,7.96104621887207,0.16418743133544922,9.223981857299805
dataset/test/Tomato_Healthy_leaf/h71_mirroraug31.jpg,Tomato_Healthy_leaf,Tomato_Healthy_leaf,1.0,1,1.1172313690185547,7.955360412597656,0.16463088989257812,9.23979663848877
dataset/test/Tomato_Healthy_leaf/h76_hight_aug_34aug88.jpg,Tomato_Healthy_leaf,Tomato_Healthy_leaf,1.0,1,1.0631742477416992,8.044029235839844,0.16811180114746094,9.278203964233398
dataset/test/Tomato_Healthy_leaf/h76_hight_aug_35aug93.jpg,Tomato_Healthy_leaf,Tomato_Healthy_leaf,0.9999998807907104,1,1.0832128524780273,7.889063835144043,0.1630563735961914,9.137832641601562
dataset/test/Tomato_Healthy_leaf/h76_hightaug17.jpg,Tomato_Healthy_leaf,Tomato_Healthy_leaf,0.9999998807907104,1,1.1132125854492188,7.979454040527344,0.16298198699951172,9.258075714111328
dataset/test/Tomato_Healthy_leaf/h78_change_270_aug_36aug94.jpg,Tomato_Healthy_leaf,Tomato_Healthy_leaf,0.9999998807907104,1,1.0676937103271484,7.998546600341797,0.2115764617919922,9.28003978729248
dataset/test/Tomato_Healthy_leaf/h78_change_270_aug_37aug99.jpg,Tomato_Healthy_leaf,Tomato_Healthy_leaf,0.9999998807907104,1,1.329066276550293,7.894527435302734,0.1774272918701172,9.40361499786377
dataset/test/Tomato_Healthy_leaf/h78_change_270aug18.jpg,Tomato_Healthy_leaf,Tomato_Healthy_leaf,0.9999994039535522,1,1.1874542236328125,7.828860282897949,0.16742801666259766,9.186094284057617
dataset/test/Tomato_Healthy_leaf/h7_lower_aug_44aug87.jpg,Tomato_Healthy_leaf,Tomato_Healthy_leaf,0.9999406337738037,1,1.1615839004516602,8.03815746307373,0.1663522720336914,9.368669509887695
dataset/test/Tomato_Healthy_leaf/h7_lower_aug_45aug79.jpg,Tomato_Healthy_leaf,Tomato_Healthy_leaf,0.9969274401664734,1,1.1134529113769531,8.066953659057617,0.16724205017089844,9.350187301635742
dataset/test/Tomato_Healthy_leaf/h7_loweraug22.jpg,Tomato_Healthy_leaf,Tomato_Healthy_leaf,0.9969391822814941,1,1.16925048828125,8.397031784057617,0.17011356353759766,9.738986015319824
dataset/test/Tomato_Healthy_leaf/h81_change_180_aug_16aug113.jpg,Tomato_Healthy_leaf,Tomato_Healthy_leaf,0.9999936819076538,1,1.1033248901367188,8.109140396118164,0.1673717498779297,9.38259506225586
dataset/test/Tomato_Healthy_leaf/h81_change_180_aug_17aug117.jpg,Tomato_Healthy_leaf,Tomato_Healthy_leaf,0.9999983310699463,1,1.120584487915039,8.260289192199707,0.1675567626953125,9.550966262817383
dataset/test/Tomato_Healthy_leaf/h81_change_180aug8.jpg,Tomato_Healthy_leaf,Tomato_Healthy_leaf,0.9999995231628418,1,1.1457128524780273,8.111677169799805,0.16488933563232422,9.424872398376465
dataset/test/Tomato_Healthy_leaf/h84_mirroraug40.jpg,Tomato_Healthy_leaf,Tomato_Healthy_leaf,1.0,1,1.1286392211914062,8.136344909667969,0.1649646759033203,9.432705879211426
dataset/test/Tomato_Healthy_leaf/h8_change_90aug35.jpg,Tomato_Healthy_leaf,Tomato_Healthy_leaf,0.9988048076629639,1,1.121769905090332,8.076677322387695,0.16544628143310547,9.366501808166504
dataset/test/Tomato_Healthy_leaf/h95_mirror_verticalaug46.jpg,Tomato_Healthy_leaf,Tomato_Healthy_leaf,0.9998942613601685,1,1.1257867813110352,8.106602668762207,0.1668529510498047,9.402558326721191
dataset/test/Tomato_Healthy_leaf/h96_change_270aug47.jpg,Tomato_Healthy_leaf,Tomato_Healthy_leaf,0.9999896287918091,1,1.1010465621948242,7.942620277404785,0.16729736328125,9.213741302490234
dataset/test/Tomato_Healthy_leaf/h96_mirror_vertical_aug_14aug107.jpg,Tomato_Healthy_leaf,Tomato_Healthy_leaf,1.0,1,1.095656394958496,8.007511138916016,0.16453838348388672,9.2702054977417
dataset/test/Tomato_Healthy_leaf/h96_mirror_vertical_aug_15aug112.jpg,Tomato_Healthy_leaf,Tomato_Healthy_leaf,1.0,1,1.1128787994384766,7.965766906738281,0.16552066802978516,9.246463775634766
dataset/test/Tomato_Healthy_leaf/h96_mirror_verticalaug7.jpg,Tomato_Healthy_leaf,Tomato_Healthy_leaf,1.0,1,1.0823240280151367,7.980879783630371,0.16948318481445312,9.23596477508545
dataset/test/Tomato_Healthy_leaf/h99_hight_aug_32aug92.jpg,Tomato_Healthy_leaf,Tomato_Healthy_leaf,0.9999545812606812,1,1.1191024780273438,7.8442487716674805,0.164520263671875,9.130537033081055
dataset/test/Tomato_Healthy_leaf/h99_hight_aug_33aug101.jpg,Tomato_Healthy_leaf,Tomato_Healthy_leaf,0.9999780654907227,1,1.140157699584961,7.975342750549316,0.16492748260498047,9.28298282623291
dataset/test/Tomato_Healthy_leaf/h99_hightaug16.jpg,Tomato_Healthy_leaf,Tomato_Healthy_leaf,0.9999957084655762,1,1.0948238372802734,7.813934326171875,0.16605663299560547,9.077239990234375
dataset/test/Tomato_Healthy_leaf/h99_lower_aug_46aug78.jpg,Tomato_Healthy_leaf,Tomato_Healthy_leaf,0.991452693939209,1,1.1080999374389648,8.042658805847168,0.1638336181640625,9.317279815673828
dataset/test/Tomato_Healthy_leaf/h99_lower_aug_47aug81.jpg,Tomato_Healthy_leaf,Tomato_Healthy_leaf,0.9999959468841553,1,1.125619888305664,7.929361343383789,0.15716838836669922,9.214369773864746
dataset/test/Tomato_Healthy_leaf/h99_loweraug23.jpg,Tomato_Healthy_leaf,Tomato_Healthy_leaf,0.9997908473014832,1,1.1110458374023438,7.995344161987305,0.1646871566772461,9.273612976074219
dataset/test/Tomato_Healthy_leaf/h9_change_180_aug_48aug86.jpg,Tomato_Healthy_leaf,Tomato_Healthy_leaf,0.9999995231628418,1,1.1906013488769531,7.804025650024414,0.16403770446777344,9.161221504211426
dataset/test/Tomato_Healthy_leaf/h9_change_180_aug_49aug85.jpg,Tomato_Healthy_leaf,Tomato_Healthy_leaf,0.9999901056289673,1,1.1738433837890625,7.872415542602539,0.1985006332397461,9.247537612915039
dataset/test/Tomato_Healthy_leaf/h9_change_180aug24.jpg,Tomato_Healthy_leaf,Tomato_Healthy_leaf,0.9999996423721313,1,1.1063785552978516,8.056991577148438,0.16740894317626953,9.333761215209961
dataset/test/Tomato_Healthy_leaf/russian-2-319-dt-2010-leaves-high-tunnel-9-29-2014-c_jpg.rf.7ef5d3901dbeaf27776a27bfc8197b72_aug_0aug52.jpg,Tomato_Healthy_leaf,Tomato_Healthy_leaf,0.9999884366989136,1,1.174546241760254,8.103937149047852,0.16813087463378906,9.449224472045898
dataset/test/Tomato_Healthy_leaf/russian-2-319-dt-2010-leaves-high-tunnel-9-29-2014-c_jpg.rf.7ef5d3901dbeaf27776a27bfc8197b72_aug_1aug58.jpg,Tomato_Healthy_leaf,Tomato_Healthy_leaf,0.9998611211776733,1,1.2689733505249023,8.094955444335938,0.16627883911132812,9.533354759216309
dataset/test/Tomato_Healthy_leaf/russian-2-319-dt-2010-leaves-high-tunnel-9-29-2014-c_jpg.rf.7ef5d3901dbeaf27776a27bfc8197b72aug0.jpg,Tomato_Healthy_leaf,Tomato_Healthy_leaf,0.9999874830245972,1,1.178380012512207,8.063713073730469,0.16811180114746094,9.412854194641113
dataset/test/Tomato_Healthy_leaf/unnamed_aug_64aug64.jpg,Tomato_Healthy_leaf,Tomato_Healthy_leaf,0.9965499639511108,1,1.0972118377685547,8.087621688842773,0.16509342193603516,9.352594375610352
dataset/test/Tomato_Healthy_leaf/unnamed_aug_65aug60.jpg,Tomato_Healthy_leaf,Tomato_Healthy_leaf,0.9991293549537659,1,1.1328239440917969,8.032455444335938,0.16650009155273438,9.3344087600708
dataset/test/Tomato_Healthy_leaf/unnamedaug32.jpg,Tomato_Healthy_leaf,Tomato_Healthy_leaf,0.9996300935745239,1,1.0945825576782227,8.010695457458496,0.16553783416748047,9.273909568786621
dataset/test/Tomato_Septoria_leaf_spot/1723454507354_aug_44aug83.jpg,Tomato_Septoria_leaf_spot,Tomato_Septoria_leaf_spot,0.9473533034324646,1,1.0968246459960938,8.097954750061035,0.16952037811279297,9.366815567016602
dataset/test/Tomato_Septoria_leaf_spot/1723454507354_aug_45aug80.jpg,Tomato_Septoria_leaf_spot,Tomato_Septoria_leaf_spot,0.9933028221130371,1,1.118565559387207,8.628255844116211,0.1676502227783203,9.917190551757812
dataset/test/Tomato_Septoria_leaf_spot/1723454507354aug22.jpg,Tomato_Septoria_leaf_spot,Tomato_Septoria_leaf_spot,0.9957258701324463,1,1.0965280532836914,7.997047424316406,0.16794586181640625,9.264019966125488
dataset/test/Tomato_Septoria_leaf_spot/1723454507465_aug_58aug67.jpg,Tomato_Septoria_leaf_spot,Tomato_Septoria_leaf_spot,0.40911194682121277,1,1.1162309646606445,9.160815238952637,0.16835403442382812,10.447751998901367
dataset/test/Tomato_Septoria_leaf_spot/1723454507465_aug_59aug66.jpg,Tomato_Septoria_leaf_spot,Tomato_Septoria_leaf_spot,0.9228723645210266,1,1.1427679061889648,8.01101016998291,0.16622257232666016,9.322335243225098
dataset/test/Tomato_Septoria_leaf_spot/1723454507465aug29.jpg,Tomato_Septoria_leaf_spot,Tomato_Septoria_leaf_spot,0.7900809645652771,1,1.1166391372680664,9.157759666442871,0.16718578338623047,10.444195747375488
dataset/test/Tomato_Septoria_leaf_spot/5454635393351680.jpeg_aug_14aug115.jpg,Tomato_Septoria_leaf_spot,Tomato_Septoria_leaf_spot,0.8184566497802734,1,1.113175392150879,13.546889305114746,0.17116737365722656,14.834102630615234
dataset/test/Tomato_Septoria_leaf_spot/5454635393351680.jpeg_aug_15aug46.jpg,Tomato_Septoria_leaf_spot,Tomato_Septoria_leaf_spot,0.8701883554458618,1,1.1305828094482422,10.945608139038086,0.16705703735351562,12.245969772338867
dataset/test/Tomato_Septoria_leaf_spot/5454635393351680.jpegaug7.jpg,Tomato_Septoria_leaf_spot,Tomato_Septoria_leaf_spot,0.9377871155738831,1,1.2596588134765625,14.956047058105469,0.2682056427001953,16.486559867858887
dataset/test/Tomato_Septoria_leaf_spot/6134794031202304-600x272-jpeg_jpg.rf.5482c323fe160b26426628094ae3646baug42.jpg,Tomato_Septoria_leaf_spot,Tomato_Septoria_leaf_spot,0.9996875524520874,1,1.095250129699707,8.162361145019531,0.167816162109375,9.427724838256836
dataset/test/Tomato_Septoria_leaf_spot/66e7583ebe11cf0bd06435e4167bd4fdaug41.jpg,Tomato_Septoria_leaf_spot,Tomato_Septoria_leaf_spot,0.9999980926513672,1,1.192047119140625,7.946508407592773,0.16705703735351562,9.308112144470215
dataset/test/Tomato_Septoria_leaf_spot/8_20mistakes_204_aug_72aug61.jpg,Tomato_Septoria_leaf_spot,Tomato_Early_blight_leaf,0.5077700018882751,0,1.2068052291870117,7.943694114685059,0.164520263671875,9.317575454711914
dataset/test/Tomato_Septoria_leaf_spot/8_20mistakes_204_aug_73aug62.jpg,Tomato_Septoria_leaf_spot,Tomato_mold_leaf,0.4947366416454315,0,1.0987119674682617,8.070176124572754,0.1649646759033203,9.336223602294922
dataset/test/Tomato_Septoria_leaf_spot/8_20mistakes_204aug36.jpg,Tomato_Septoria_leaf_spot,Tomato_Early_blight_leaf,0.8143783211708069,0,1.0922317504882812,9.461189270019531,0.1669464111328125,10.723012924194336
dataset/test/Tomato_Septoria_leaf_spot/Gls11_mirror_vertical_aug_42aug85.jpg,Tomato_Septoria_leaf_spot,Tomato_Septoria_leaf_spot,0.9919137954711914,1,1.0708045959472656,8.114954948425293,0.17133522033691406,9.359593391418457
dataset/test/Tomato_Septoria_leaf_spot/Gls11_mirror_vertical_aug_43aug86.jpg,Tomato_Septoria_leaf_spot,Tomato_Septoria_leaf_spot,0.7940309047698975,1,1.0840835571289062,7.801468849182129,0.16601943969726562,9.054296493530273
dataset/test/Tomato_Septoria_leaf_spot/Gls11_mirror_verticalaug21.jpg,Tomato_Septoria_leaf_spot,Tomato_Septoria_leaf_spot,0.8782972097396851,1,1.0898237228393555,8.337105751037598,0.16463088989257812,9.594133377075195
dataset/test/Tomato_Septoria_leaf_spot/Gls12_mirror_aug_46aug81.jpg,Tomato_Septoria_leaf_spot,Tomato_Septoria_leaf_spot,0.9998456239700317,1,1.071157455444336,8.014288902282715,0.16298198699951172,9.250669479370117
dataset/test/Tomato_Septoria_leaf_spot/Gls12_mirror_aug_47aug92.jpg,Tomato_Septoria_leaf_spot,Tomato_Septoria_leaf_spot,0.9992977380752563,1,1.084935188293457,7.797618865966797,0.16544532775878906,9.050610542297363
dataset/test/Tomato_Septoria_leaf_spot/Gls12_mirroraug23.jpg,Tomato_Septoria_leaf_spot,Tomato_Septoria_leaf_spot,0.9995561242103577,1,1.1794357299804688,7.803859710693359,0.16690826416015625,9.152704238891602
dataset/test/Tomato_Septoria_leaf_spot/Gls1_mirror_aug_38aug82.jpg,Tomato_Septoria_leaf_spot,Tomato_Septoria_leaf_spot,0.9999834299087524,1,1.1619911193847656,8.906146049499512,0.16705703735351562,10.237638473510742
dataset/test/Tomato_Septoria_leaf_spot/Gls1_mirror_aug_39aug84.jpg,Tomato_Septoria_leaf_spot,Tomato_Septoria_leaf_spot,0.9999856948852539,1,1.0675649642944336,7.8618974685668945,0.16500186920166016,9.096981048583984
dataset/test/Tomato_Septoria_leaf_spot/Gls1_mirroraug19.jpg,Tomato_Septoria_leaf_spot,Tomato_Septoria_leaf_spot,0.9999873638153076,1,1.1511754989624023,7.990805625915527,0.1680765151977539,9.312538146972656
dataset/test/Tomato_Septoria_leaf_spot/Gls21_change_270aug43.jpg,Tomato_Septoria_leaf_spot,Tomato_Septoria_leaf_spot,0.6657801270484924,1,1.082174301147461,7.990361213684082,0.16411209106445312,9.239592552185059
dataset/test/Tomato_Septoria_leaf_spot/Gls21_hight_aug_56aug78.jpg,Tomato_Septoria_leaf_spot,Tomato_Septoria_leaf_spot,0.9999054670333862,1,1.0803041458129883,8.2274169921875,0.16461181640625,9.47455883026123
dataset/test/Tomato_Septoria_leaf_spot/Gls21_hight_aug_57aug79.jpg,Tomato_Septoria_leaf_spot,Tomato_Septoria_leaf_spot,0.9999996423721313,1,1.1199722290039062,7.965656280517578,0.16309356689453125,9.25118637084961
dataset/test/Tomato_Septoria_leaf_spot/Gls21_hightaug28.jpg,Tomato_Septoria_leaf_spot,Tomato_Septoria_leaf_spot,0.9999940395355225,1,1.0705270767211914,8.083639144897461,0.1647796630859375,9.321649551391602
dataset/test/Tomato_Septoria_leaf_spot/Gls29_change_180_aug_40aug89.jpg,Tomato_Septoria_leaf_spot,Tomato_Septoria_leaf_spot,0.9999213218688965,1,1.0943422317504883,7.7953033447265625,0.1669635772705078,9.059370040893555
dataset/test/Tomato_Septoria_leaf_spot/Gls29_change_180_aug_41aug91.jpg,Tomato_Septoria_leaf_spot,Tomato_Septoria_leaf_spot,0.9999996423721313,1,1.1101760864257812,8.012564659118652,0.16081619262695312,9.285926818847656
dataset/test/Tomato_Septoria_leaf_spot/Gls29_change_180aug20.jpg,Tomato_Septoria_leaf_spot,Tomato_Septoria_leaf_spot,0.999964714050293,1,1.0797863006591797,8.315438270568848,0.1577615737915039,9.555059432983398
dataset/test/Tomato_Septoria_leaf_spot/Gls36_hight_aug_20aug116.jpg,Tomato_Septoria_leaf_spot,Tomato_Septoria_leaf_spot,0.9973015189170837,1,1.0536012649536133,7.914249420166016,0.16589069366455078,9.135907173156738
dataset/test/Tomato_Septoria_leaf_spot/Gls36_hight_aug_21aug118.jpg,Tomato_Septoria_leaf_spot,Tomato_Septoria_leaf_spot,0.9985384941101074,1,1.1112680435180664,7.849841117858887,0.20394515991210938,9.167352676391602
dataset/test/Tomato_Septoria_leaf_spot/Gls36_hightaug10.jpg,Tomato_Septoria_leaf_spot,Tomato_Septoria_leaf_spot,0.9990845918655396,1,1.0578041076660156,7.941989898681641,0.16664886474609375,9.169575691223145
dataset/test/Tomato_Septoria_leaf_spot/Gls41_change_270_aug_50aug90.jpg,Tomato_Septoria_leaf_spot,Tomato_Septoria_leaf_spot,0.989769458770752,1,1.139841079711914,7.941434860229492,0.16514968872070312,9.249241828918457
dataset/test/Tomato_Septoria_leaf_spot/Gls41_change_270_aug_51aug77.jpg,Tomato_Septoria_leaf_spot,Tomato_Septoria_leaf_spot,0.9998695850372314,1,1.1043062210083008,8.003657341003418,0.16385173797607422,9.27431583404541
dataset/test/Tomato_Septoria_leaf_spot/Gls41_change_270aug25.jpg,Tomato_Septoria_leaf_spot,Tomato_Septoria_leaf_spot,0.9999289512634277,1,1.1398229598999023,8.126492500305176,0.165130615234375,9.434225082397461
dataset/test/Tomato_Septoria_leaf_spot/Gls43_change_90_aug_60aug75.jpg,Tomato_Septoria_leaf_spot,Tomato_Septoria_leaf_spot,0.9998337030410767,1,1.0557489395141602,8.168342590332031,0.163482666015625,9.390483856201172
dataset/test/Tomato_Septoria_leaf_spot/Gls43_change_90_aug_61aug73.jpg,Tomato_Septoria_leaf_spot,Tomato_Septoria_leaf_spot,0.9996919631958008,1,1.053934097290039,8.102009773254395,0.20307636260986328,9.362224578857422
dataset/test/Tomato_Septoria_leaf_spot/Gls43_change_90aug30.jpg,Tomato_Septoria_leaf_spot,Tomato_Septoria_leaf_spot,0.999016523361206,1,1.1417503356933594,7.918342590332031,0.16385364532470703,9.226482391357422
dataset/test/Tomato_Septoria_leaf_spot/Gls46_change_90_aug_6aug53.jpg,Tomato_Septoria_leaf_spot,Tomato_Septoria_leaf_spot,0.9999991655349731,1,1.134434700012207,7.900620460510254,0.16290950775146484,9.200685501098633
dataset/test/Tomato_Septoria_leaf_spot/Gls46_change_90_aug_7aug56.jpg,Tomato_Septoria_leaf_spot,Tomato_Septoria_leaf_spot,0.9999756813049316,1,1.109360694885254,8.014195442199707,0.16672229766845703,9.293390274047852
dataset/test/Tomato_Septoria_leaf_spot/Gls46_change_90aug3.jpg,Tomato_Septoria_leaf_spot,Tomato_Septoria_leaf_spot,0.9999803304672241,1,1.149306297302246,8.135455131530762,0.16379833221435547,9.451502799987793
dataset/test/Tomato_Septoria_leaf_spot/Gls47aug44.jpg,Tomato_Septoria_leaf_spot,Tomato_Septoria_leaf_spot,0.9999772310256958,1,1.0894536972045898,8.130047798156738,0.16307544708251953,9.385207176208496
dataset/test/Tomato_Septoria_leaf_spot/Gls76_aug_34aug97.jpg,Tomato_Septoria_leaf_spot,Tomato_mold_leaf,0.9892977476119995,0,1.0949716567993164,7.90152645111084,0.16542720794677734,9.164444923400879
dataset/test/Tomato_Septoria_leaf_spot/Gls76_aug_35aug103.jpg,Tomato_Septoria_leaf_spot,Tomato_mold_leaf,0.9565983414649963,0,1.132638931274414,7.871582984924316,0.16505718231201172,9.171889305114746
dataset/test/Tomato_Septoria_leaf_spot/Gls76_change_180_aug_30aug96.jpg,Tomato_Septoria_leaf_spot,Tomato_mold_leaf,0.9972385168075562,0,1.0870094299316406,7.799525260925293,0.16540908813476562,9.054536819458008
dataset/test/Tomato_Septoria_leaf_spot/Gls76_change_180_aug_31aug100.jpg,Tomato_Septoria_leaf_spot,Tomato_mold_leaf,0.9949430823326111,0,1.0865087509155273,7.998640060424805,0.16353797912597656,9.251667976379395
dataset/test/Tomato_Septoria_leaf_spot/Gls76_change_180aug15.jpg,Tomato_Septoria_leaf_spot,Tomato_mold_leaf,0.9963545799255371,0,1.1276559829711914,7.937972068786621,0.15513038635253906,9.223241806030273
dataset/test/Tomato_Septoria_leaf_spot/Gls76aug17.jpg,Tomato_Septoria_leaf_spot,Tomato_mold_leaf,0.9782965183258057,0,1.067453384399414,7.899544715881348,0.1643533706665039,9.134056091308594
dataset/test/Tomato_Septoria_leaf_spot/Gls7_change_270_aug_64aug68.jpg,Tomato_Septoria_leaf_spot,Tomato_Septoria_leaf_spot,0.999139666557312,1,1.1050100326538086,7.814322471618652,0.16490936279296875,9.086759567260742
dataset/test/Tomato_Septoria_leaf_spot/Gls7_change_270_aug_65aug71.jpg,Tomato_Septoria_leaf_spot,Tomato_Septoria_leaf_spot,0.9996737241744995,1,1.0851755142211914,7.967490196228027,0.19811344146728516,9.253946304321289
dataset/test/Tomato_Septoria_leaf_spot/Gls7_change_270aug32.jpg,Tomato_Septoria_leaf_spot,Tomato_Septoria_leaf_spot,0.9980241060256958,1,1.0861568450927734,7.942898750305176,0.16683483123779297,9.198463439941406
dataset/test/Tomato_Septoria_leaf_spot/Gls7_lower_aug_0aug57.jpg,Tomato_Septoria_leaf_spot,Tomato_Septoria_leaf_spot,0.9999972581863403,1,1.0924148559570312,7.961565971374512,0.17535400390625,9.232629776000977
dataset/test/Tomato_Septoria_leaf_spot/Gls7_lower_aug_1aug52.jpg,Tomato_Septoria_leaf_spot,Tomato_Septoria_leaf_spot,0.999998927116394,1,1.1024169921875,7.95145320892334,0.16405582427978516,9.220759391784668
dataset/test/Tomato_Septoria_leaf_spot/Gls7_loweraug0.jpg,Tomato_Septoria_leaf_spot,Tomato_Septoria_leaf_spot,1.0,1,1.125138282775879,7.979676246643066,0.1637248992919922,9.27105712890625
dataset/test/Tomato_Septoria_leaf_spot/Gls81_lower_aug_2aug51.jpg,Tomato_Septoria_leaf_spot,Tomato_Septoria_leaf_spot,0.999779999256134,1,1.0461196899414062,7.802748680114746,0.16257476806640625,9.013647079467773
dataset/test/Tomato_Septoria_leaf_spot/Gls81_lower_aug_3aug54.jpg,Tomato_Septoria_leaf_spot,Tomato_Septoria_leaf_spot,0.9987034797668457,1,1.033656120300293,8.093269348144531,0.16455650329589844,9.294427871704102
dataset/test/Tomato_Septoria_leaf_spot/Gls81_loweraug1.jpg,Tomato_Septoria_leaf_spot,Tomato_Septoria_leaf_spot,0.9998635053634644,1,1.101618766784668,8.23286247253418,0.1633892059326172,9.500483512878418
dataset/test/Tomato_Septoria_leaf_spot/IMG-20240812-WA0213_aug_70aug59.jpg,Tomato_Septoria_leaf_spot,Tomato_Early_blight_leaf,0.9949039220809937,0,1.141657829284668,8.300121307373047,0.15659427642822266,9.600578308105469
dataset/test/Tomato_Septoria_leaf_spot/IMG-20240812-WA0213_aug_71aug60.jpg,Tomato_Septoria_leaf_spot,Tomato_Early_blight_leaf,0.9949034452438354,0,1.118138313293457,7.986268043518066,0.1660757064819336,9.27346420288086
dataset/test/Tomato_Septoria_leaf_spot/IMG-20240812-WA0213aug35.jpg,Tomato_Septoria_leaf_spot,Tomato_Early_blight_leaf,0.9836656451225281,0,1.1847314834594727,7.975306510925293,0.16802024841308594,9.330853462219238
dataset/test/Tomato_Septoria_leaf_spot/Original_e-blight.JPG.rend.hgtvcom.966.725.jpeg_aug_52aug74.jpg,Tomato_Septoria_leaf_spot,Tomato_Septoria_leaf_spot,0.9994044303894043,1,1.1243972778320312,8.082990646362305,0.16629695892333984,9.37642765045166
dataset/test/Tomato_Septoria_leaf_spot/Original_e-blight.JPG.rend.hgtvcom.966.725.jpeg_aug_53aug76.jpg,Tomato_Septoria_leaf_spot,Tomato_Septoria_leaf_spot,0.9994489550590515,1,1.118361473083496,8.158268928527832,0.16681575775146484,9.446354866027832
dataset/test/Tomato_Septoria_leaf_spot/Original_e-blight.JPG.rend.hgtvcom.966.725.jpegaug26.jpg,Tomato_Septoria_leaf_spot,Tomato_Septoria_leaf_spot,0.9998014569282532,1,1.1595287322998047,8.349641799926758,0.16701889038085938,9.67939281463623
dataset/test/Tomato_Septoria_leaf_spot/SS_ (990)_aug_24aug107.jpg,Tomato_Septoria_leaf_spot,Tomato_Septoria_leaf_spot,0.9999995231628418,1,1.1023988723754883,8.158917427062988,0.16646385192871094,9.430649757385254
dataset/test/Tomato_Septoria_leaf_spot/SS_ (990)_aug_25aug113.jpg,Tomato_Septoria_leaf_spot,Tomato_Septoria_leaf_spot,0.9999996423721313,1,1.152583122253418,8.006287574768066,0.16637134552001953,9.328095436096191
dataset/test/Tomato_Septoria_leaf_spot/SS_ (990)aug12.jpg,Tomato_Septoria_leaf_spot,Tomato_Septoria_leaf_spot,0.9999986886978149,1,1.0958786010742188,8.451549530029297,0.16666698455810547,9.716689109802246
dataset/test/Tomato_Septoria_leaf_spot/Septoria_tomato_Margaret-20B_p8170755_0002_25004_jpg.rf.3fbb14d553c623c77f342b3a54baddab_aug_66aug70.jpg,Tomato_Septoria_leaf_spot,Tomato_Septoria_leaf_spot,0.9633908271789551,1,1.202047348022461,8.177619934082031,0.17005634307861328,9.552003860473633
dataset/test/Tomato_Septoria_leaf_spot/Septoria_tomato_Margaret-20B_p8170755_0002_25004_jpg.rf.3fbb14d553c623c77f342b3a54baddab_aug_67aug63.jpg,Tomato_Septoria_leaf_spot,Tomato_Septoria_leaf_spot,0.9986529350280762,1,1.2063426971435547,8.307474136352539,0.1632986068725586,9.680392265319824
dataset/test/Tomato_Septoria_leaf_spot/Septoria_tomato_Margaret-20B_p8170755_0002_25004_jpg.rf.3fbb14d553c623c77f342b3a54baddabaug33.jpg,Tomato_Septoria_leaf_spot,Tomato_Septoria_leaf_spot,0.9994294047355652,1,1.171250343322754,8.310956001281738,0.16046428680419922,9.645318984985352
dataset/test/Tomato_Septoria_leaf_spot/Tomato-Plant-with-Septoria-Leaf-Spot_aug_68aug65.jpg,Tomato_Septoria_leaf_spot,Tomato_Septoria_leaf_spot,0.9670302271842957,1,1.1567325592041016,8.118176460266113,0.1681680679321289,9.445650100708008
dataset/test/Tomato_Septoria_leaf_spot/Tomato-Plant-with-Septoria-Leaf-Spot_aug_69aug64.jpg,Tomato_Septoria_leaf_spot,Tomato_Septoria_leaf_spot,0.9904835224151611,1,1.221510887145996,8.10091781616211,0.16933441162109375,9.494483947753906
dataset/test/Tomato_Septoria_leaf_spot/Tomato-Plant-with-Septoria-Leaf-Spotaug34.jpg,Tomato_Septoria_leaf_spot,Tomato_Septoria_leaf_spot,0.9933227896690369,1,1.2214174270629883,8.148733139038086,0.16801929473876953,9.541244506835938
dataset/test/Tomato_Septoria_leaf_spot/b54d0e40027ff5e90e8ba7e1e9abf9bdaug39.jpg,Tomato_Septoria_leaf_spot,Tomato_Septoria_leaf_spot,0.9999501705169678,1,1.1484174728393555,8.248863220214844,0.16931629180908203,9.569281578063965
dataset/test/Tomato_Septoria_leaf_spot/classic-septoria_aug_10aug48.jpg,Tomato_Septoria_leaf_spot,Tomato_Septoria_leaf_spot,0.9907482266426086,1,1.1698980331420898,8.367403030395508,0.16959285736083984,9.709431648254395
dataset/test/Tomato_Septoria_leaf_spot/classic-septoria_aug_11aug49.jpg,Tomato_Septoria_leaf_spot,Tomato_Septoria_leaf_spot,0.9964763522148132,1,1.161972999572754,8.256770133972168,0.16753864288330078,9.588669776916504
dataset/test/Tomato_Septoria_leaf_spot/classic-septoriaaug5.jpg,Tomato_Septoria_leaf_spot,Tomato_Septoria_leaf_spot,0.9711460471153259,1,1.2001209259033203,8.432883262634277,0.16731548309326172,9.803264617919922
dataset/test/Tomato_Septoria_leaf_spot/early+blight+on+leaf+yel+halo+IMG_2313.JPG_aug_62aug69.jpg,Tomato_Septoria_leaf_spot,Tomato_Septoria_leaf_spot,0.9999998807907104,1,1.110361099243164,7.878878593444824,0.1634082794189453,9.155112266540527
dataset/test/Tomato_Septoria_leaf_spot/early+blight+on+leaf+yel+halo+IMG_2313.JPG_aug_63aug72.jpg,Tomato_Septoria_leaf_spot,Tomato_Septoria_leaf_spot,0.9999898672103882,1,1.159250259399414,8.021398544311523,0.1639261245727539,9.347020149230957
dataset/test/Tomato_Septoria_leaf_spot/early+blight+on+leaf+yel+halo+IMG_2313.JPGaug31.jpg,Tomato_Septoria_leaf_spot,Tomato_Septoria_leaf_spot,0.9999966621398926,1,1.1181020736694336,8.349178314208984,0.16309356689453125,9.632892608642578
dataset/test/Tomato_Septoria_leaf_spot/early-blight-of-tomato-tomato-1aug38.jpg,Tomato_Septoria_leaf_spot,Tomato_Septoria_leaf_spot,0.9999946355819702,1,1.1307868957519531,7.861861228942871,0.16411209106445312,9.159462928771973
dataset/test/Tomato_Septoria_leaf_spot/eblight5_aug_18aug110.jpg,Tomato_Septoria_leaf_spot,Tomato_Septoria_leaf_spot,0.5965269804000854,1,1.095804214477539,7.958991050720215,0.16324138641357422,9.220611572265625
dataset/test/Tomato_Septoria_leaf_spot/eblight5_aug_19aug117.jpg,Tomato_Septoria_leaf_spot,Tomato_Septoria_leaf_spot,0.6176373362541199,1,1.0622682571411133,8.011045455932617,0.16020488739013672,9.235980987548828
dataset/test/Tomato_Septoria_leaf_spot/eblight5aug9.jpg,Tomato_Septoria_leaf_spot,Tomato_Septoria_leaf_spot,0.899722695350647,1,1.0368423461914062,7.750748634338379,0.1654825210571289,8.95573902130127
dataset/test/Tomato_Septoria_leaf_spot/images (1)_aug_54aug93.jpg,Tomato_Septoria_leaf_spot,Tomato_Septoria_leaf_spot,0.9998620748519897,1,1.0958986282348633,7.865286827087402,0.20444583892822266,9.168814659118652
dataset/test/Tomato_Septoria_leaf_spot/images (1)_aug_55aug87.jpg,Tomato_Septoria_leaf_spot,Tomato_Septoria_leaf_spot,0.9992896318435669,1,1.116194725036621,7.895453453063965,0.16289043426513672,9.176926612854004
dataset/test/Tomato_Septoria_leaf_spot/images (1)aug27.jpg,Tomato_Septoria_leaf_spot,Tomato_Septoria_leaf_spot,0.9999901056289673,1,1.0634536743164062,7.976750373840332,0.1634073257446289,9.206296920776367
dataset/test/Tomato_Septoria_leaf_spot/tomato-blight-treatment-blight_jpg.rf.78cbf6055199828cb682fd0a6435a157_aug_74aug58.jpg,Tomato_Septoria_leaf_spot,Tomato_Septoria_leaf_spot,0.9999508857727051,1,1.0864334106445312,7.913322448730469,0.16351985931396484,9.165908813476562
dataset/test/Tomato_Septoria_leaf_spot/tomato-blight-treatment-blight_jpg.rf.78cbf6055199828cb682fd0a6435a157aug37.jpg,Tomato_Septoria_leaf_spot,Tomato_Septoria_leaf_spot,0.9996863603591919,1,1.117600440979004,7.928953170776367,0.16466808319091797,9.21418571472168
dataset/test/Tomato_Septoria_leaf_spot/tomato-early-blight-e1437503226856_aug_4aug50.jpg,Tomato_Septoria_leaf_spot,Tomato_Septoria_leaf_spot,0.999679684638977,1,1.1173057556152344,7.9164533615112305,0.17063045501708984,9.207759857177734
dataset/test/Tomato_Septoria_leaf_spot/tomato-early-blight-e1437503226856_aug_5aug55.jpg,Tomato_Septoria_leaf_spot,Tomato_Septoria_leaf_spot,0.9997225403785706,1,1.1288414001464844,7.895193099975586,0.15325927734375,9.179519653320312
dataset/test/Tomato_Septoria_leaf_spot/tomato-early-blight-e1437503226856aug2.jpg,Tomato_Septoria_leaf_spot,Tomato_Septoria_leaf_spot,0.9998154044151306,1,1.1148967742919922,7.855507850646973,0.1636495590209961,9.136333465576172
dataset/test/Tomato_Septoria_leaf_spot/tomato-early-blightH_jpg.rf.2633fbae0a933eb2711cb8466f34aca1_aug_12aug119.jpg,Tomato_Septoria_leaf_spot,Tomato_Septoria_leaf_spot,0.9973397850990295,1,1.271214485168457,7.879546165466309,0.16518592834472656,9.319446563720703
dataset/test/Tomato_Septoria_leaf_spot/tomato-early-blightH_jpg.rf.2633fbae0a933eb2711cb8466f34aca1_aug_13aug114.jpg,Tomato_Septoria_leaf_spot,Tomato_Septoria_leaf_spot,0.9913091659545898,1,1.1310081481933594,7.963657379150391,0.16368770599365234,9.260908126831055
dataset/test/Tomato_Septoria_leaf_spot/tomato-early-blightH_jpg.rf.2633fbae0a933eb2711cb8466f34aca1aug6.jpg,Tomato_Septoria_leaf_spot,Tomato_Septoria_leaf_spot,0.9990854263305664,1,1.1624536514282227,8.066046714782715,0.16353893280029297,9.394780158996582
dataset/test/Tomato_Septoria_leaf_spot/tomato-septoria-3-500x384_aug_32aug104.jpg,Tomato_Septoria_leaf_spot,Tomato_Septoria_leaf_spot,0.9047285914421082,1,1.0936012268066406,7.993435859680176,0.16333580017089844,9.253185272216797
dataset/test/Tomato_Septoria_leaf_spot/tomato-septoria-3-500x384_aug_33aug106.jpg,Tomato_Septoria_leaf_spot,Tomato_Septoria_leaf_spot,0.9879695177078247,1,1.0834894180297852,7.955600738525391,0.16459274291992188,9.206315994262695
dataset/test/Tomato_Septoria_leaf_spot/tomato-septoria-3-500x384_jpg.rf.40a23512bd3b6d8df2115d7f591913fb_aug_16aug112.jpg,Tomato_Septoria_leaf_spot,Tomato_Septoria_leaf_spot,0.9999252557754517,1,1.1190824508666992,7.8033037185668945,0.2189645767211914,9.144499778747559
dataset/test/Tomato_Septoria_leaf_spot/tomato-septoria-3-500x384_jpg.rf.40a23512bd3b6d8df2115d7f591913fb_aug_17aug111.jpg,Tomato_Septoria_leaf_spot,Tomato_Septoria_leaf_spot,0.9986733198165894,1,1.1035280227661133,7.853081703186035,0.16761207580566406,9.126723289489746
dataset/test/Tomato_Septoria_leaf_spot/tomato-septoria-3-500x384_jpg.rf.40a23512bd3b6d8df2115d7f591913fbaug8.jpg,Tomato_Septoria_leaf_spot,Tomato_Septoria_leaf_spot,0.9995879530906677,1,1.1002683639526367,7.876321792602539,0.1632232666015625,9.142462730407715
dataset/test/Tomato_Septoria_leaf_spot/tomato-septoria-3-500x384aug16.jpg,Tomato_Septoria_leaf_spot,Tomato_Septoria_leaf_spot,0.995822548866272,1,1.0914344787597656,8.048304557800293,0.15648365020751953,9.29881763458252
dataset/test/Tomato_Septoria_leaf_spot/tomato-septoria-5_jpg.rf.fab97ae4bb3726e33dcbde7262ec6a65aug40.jpg,Tomato_Septoria_leaf_spot,Tomato_Septoria_leaf_spot,0.9990459084510803,1,1.1187305450439453,7.762692451477051,0.16431617736816406,9.048110961914062
dataset/test/Tomato_Septoria_leaf_spot/tomato-septoria-leaf-spot--_aug_22aug109.jpg,Tomato_Septoria_leaf_spot,Tomato_Early_blight_leaf,0.982299268245697,0,1.161935806274414,7.868434906005859,0.16511249542236328,9.19800090789795
dataset/test/Tomato_Septoria_leaf_spot/tomato-septoria-leaf-spot--_aug_23aug108.jpg,Tomato_Septoria_leaf_spot,Tomato_Early_blight_leaf,0.9883744716644287,0,1.1632308959960938,7.905026435852051,0.1626129150390625,9.233447074890137
dataset/test/Tomato_Septoria_leaf_spot/tomato-septoria-leaf-spot--_jpg.rf.06783859d6d3e49976374e4146674e0b_aug_48aug94.jpg,Tomato_Septoria_leaf_spot,Tomato_Septoria_leaf_spot,0.5909252166748047,1,1.181990623474121,7.958674430847168,0.16724205017089844,9.310815811157227
dataset/test/Tomato_Septoria_leaf_spot/tomato-septoria-leaf-spot--_jpg.rf.06783859d6d3e49976374e4146674e0b_aug_49aug88.jpg,Tomato_Septoria_leaf_spot,Tomato_Early_blight_leaf,0.7682285308837891,0,1.183990478515625,7.77147102355957,0.1643362045288086,9.122259140014648
dataset/test/Tomato_Septoria_leaf_spot/tomato-septoria-leaf-spot--_jpg.rf.06783859d6d3e49976374e4146674e0baug24.jpg,Tomato_Septoria_leaf_spot,Tomato_Early_blight_leaf,0.8210501074790955,0,1.1850099563598633,8.699366569519043,0.16540908813476562,10.052043914794922
dataset/test/Tomato_Septoria_leaf_spot/tomato-septoria-leaf-spot--_jpg.rf.5e63d9a20f5557b9bb3617e79b48ef85_aug_26aug95.jpg,Tomato_Septoria_leaf_spot,Tomato_Early_blight_leaf,0.7128978967666626,0,1.2224359512329102,7.8506011962890625,0.16553878784179688,9.24164867401123
dataset/test/Tomato_Septoria_leaf_spot/tomato-septoria-leaf-spot--_jpg.rf.5e63d9a20f5557b9bb3617e79b48ef85_aug_27aug101.jpg,Tomato_Septoria_leaf_spot,Tomato_Early_blight_leaf,0.53971266746521,0,1.1527671813964844,8.01165771484375,0.16202068328857422,9.328815460205078
dataset/test/Tomato_Septoria_leaf_spot/tomato-septoria-leaf-spot--_jpg.rf.5e63d9a20f5557b9bb3617e79b48ef85aug13.jpg,Tomato_Septoria_leaf_spot,Tomato_Septoria_leaf_spot,0.8251694440841675,1,1.2864913940429688,9.003222465515137,0.16463088989257812,10.456936836242676
dataset/test/Tomato_Septoria_leaf_spot/tomato-septoria-leaf-spot--aug11.jpg,Tomato_Septoria_leaf_spot,Tomato_Early_blight_leaf,0.9918917417526245,0,1.2055473327636719,8.679237365722656,0.19255733489990234,10.079971313476562
dataset/test/Tomato_Septoria_leaf_spot/tomato-septoria-leaf-spot-_aug_28aug105.jpg,Tomato_Septoria_leaf_spot,Tomato_Septoria_leaf_spot,0.557887077331543,1,1.238102912902832,14.609895706176758,0.16918659210205078,16.020221710205078
dataset/test/Tomato_Septoria_leaf_spot/tomato-septoria-leaf-spot-_aug_29aug102.jpg,Tomato_Septoria_leaf_spot,Tomato_Early_blight_leaf,0.49944961071014404,0,1.2323064804077148,10.89151382446289,0.16501903533935547,12.291933059692383
dataset/test/Tomato_Septoria_leaf_spot/tomato-septoria-leaf-spot-aug14.jpg,Tomato_Septoria_leaf_spot,Tomato_Septoria_leaf_spot,0.9992795586585999,1,1.2554168701171875,11.839670181274414,0.16707515716552734,13.264756202697754
dataset/test/Tomato_Septoria_leaf_spot/tomato_D2b-Early-blight---RPitblado_zoom_jpg.rf.93df1c3cb830b3940e4a23a5c4a05598_aug_8aug45.jpg,Tomato_Septoria_leaf_spot,Tomato_Septoria_leaf_spot,0.9986200332641602,1,1.1332502365112305,8.077917098999023,0.16246318817138672,9.376335144042969
dataset/test/Tomato_Septoria_leaf_spot/tomato_D2b-Early-blight---RPitblado_zoom_jpg.rf.93df1c3cb830b3940e4a23a5c4a05598_aug_9aug47.jpg,Tomato_Septoria_leaf_spot,Tomato_Septoria_leaf_spot,0.9964112639427185,1,1.1695642471313477,8.30430793762207,0.1627979278564453,9.639300346374512
dataset/test/Tomato_Septoria_leaf_spot/tomato_D2b-Early-blight---RPitblado_zoom_jpg.rf.93df1c3cb830b3940e4a23a5c4a05598aug4.jpg,Tomato_Septoria_leaf_spot,Tomato_Septoria_leaf_spot,0.9978825449943542,1,1.2039546966552734,7.999267578125,0.1670379638671875,9.372390747070312
dataset/test/Tomato_Septoria_leaf_spot/tomatoseptorialeafspotjpg-788d20798a3c74e7_aug_36aug98.jpg,Tomato_Septoria_leaf_spot,Tomato_Septoria_leaf_spot,0.9959253072738647,1,1.1478424072265625,8.031954765319824,0.16644573211669922,9.348593711853027
dataset/test/Tomato_Septoria_leaf_spot/tomatoseptorialeafspotjpg-788d20798a3c74e7_aug_37aug99.jpg,Tomato_Septoria_leaf_spot,Tomato_Septoria_leaf_spot,0.9997056126594543,1,1.2356224060058594,7.902731895446777,0.22213172912597656,9.363316535949707
dataset/test/Tomato_Septoria_leaf_spot/tomatoseptorialeafspotjpg-788d20798a3c74e7aug18.jpg,Tomato_Septoria_leaf_spot,Tomato_Septoria_leaf_spot,0.999929666519165,1,1.274806022644043,8.840423583984375,0.1682424545288086,10.286084175109863
dataset/test/Tomato_leaf_late_blight/Gls74_change_90_aug_66aug46.jpg,Tomato_leaf_late_blight,Tomato_Septoria_leaf_spot,0.534912645816803,0,1.0841379165649414,8.702922821044922,0.1695575714111328,9.95926570892334
dataset/test/Tomato_leaf_late_blight/Gls74_change_90_aug_67aug49.jpg,Tomato_leaf_late_blight,Tomato_leaf_late_blight,0.3797352910041809,1,1.123286247253418,8.080695152282715,0.1679086685180664,9.374650001525879
dataset/test/Tomato_leaf_late_blight/Gls74_change_90_aug_68aug41.jpg,Tomato_leaf_late_blight,Tomato_Septoria_leaf_spot,0.8564379811286926,0,1.0908794403076172,8.431716918945312,0.16831588745117188,9.69379997253418
dataset/test/Tomato_leaf_late_blight/Gls74_change_90aug22.jpg,Tomato_leaf_late_blight,Tomato_Septoria_leaf_spot,0.8377533555030823,0,1.123915672302246,7.929989814758301,0.19935321807861328,9.25633430480957
dataset/test/Tomato_leaf_late_blight/Gls78_change_270_aug_24aug95.jpg,Tomato_leaf_late_blight,Tomato_leaf_late_blight,0.9967042803764343,1,1.0798416137695312,8.056879997253418,0.16536998748779297,9.304668426513672
dataset/test/Tomato_leaf_late_blight/Gls78_change_270_aug_25aug80.jpg,Tomato_leaf_late_blight,Tomato_leaf_late_blight,0.99558025598526,1,1.0863780975341797,8.538681030273438,0.16561222076416016,9.793542861938477
dataset/test/Tomato_leaf_late_blight/Gls78_change_270_aug_26aug81.jpg,Tomato_leaf_late_blight,Tomato_leaf_late_blight,0.992184579372406,1,1.1355266571044922,8.274584770202637,0.15913105010986328,9.572189331054688
dataset/test/Tomato_leaf_late_blight/Gls78_change_270aug8.jpg,Tomato_leaf_late_blight,Tomato_leaf_late_blight,0.9993151426315308,1,1.0611562728881836,7.96169376373291,0.1768341064453125,9.202871322631836
dataset/test/Tomato_leaf_late_blight/Gls79_change_270_aug_51aug69.jpg,Tomato_leaf_late_blight,Tomato_leaf_late_blight,0.9999467134475708,1,1.0883989334106445,8.001787185668945,0.16550064086914062,9.258760452270508
dataset/test/Tomato_leaf_late_blight/Gls79_change_270_aug_52aug74.jpg,Tomato_leaf_late_blight,Tomato_leaf_late_blight,0.9999616146087646,1,1.1064538955688477,7.950878143310547,0.16022396087646484,9.220462799072266
dataset/test/Tomato_leaf_late_blight/Gls79_change_270_aug_53aug68.jpg,Tomato_leaf_late_blight,Tomato_leaf_late_blight,0.9999854564666748,1,1.066452980041504,7.81141471862793,0.15963172912597656,9.040350914001465
dataset/test/Tomato_leaf_late_blight/Gls79_change_270aug17.jpg,Tomato_leaf_late_blight,Tomato_leaf_late_blight,0.9995701909065247,1,1.0227127075195312,7.680394172668457,0.16561222076416016,8.871609687805176
dataset/test/Tomato_leaf_late_blight/Gls79_change_90_aug_27aug85.jpg,Tomato_leaf_late_blight,Tomato_leaf_late_blight,0.9997883439064026,1,1.1465282440185547,7.957286834716797,0.1621856689453125,9.268742561340332
dataset/test/Tomato_leaf_late_blight/Gls79_change_90_aug_28aug97.jpg,Tomato_leaf_late_blight,Tomato_leaf_late_blight,0.9990547299385071,1,1.060471534729004,7.727785110473633,0.1629648208618164,8.953998565673828
dataset/test/Tomato_leaf_late_blight/Gls79_change_90_aug_29aug89.jpg,Tomato_leaf_late_blight,Tomato_leaf_late_blight,0.9997021555900574,1,1.0200080871582031,7.785915374755859,0.16189002990722656,8.970442771911621
dataset/test/Tomato_leaf_late_blight/Gls79_change_90aug9.jpg,Tomato_leaf_late_blight,Tomato_leaf_late_blight,0.9999469518661499,1,1.0209903717041016,8.182029724121094,0.15705585479736328,9.362464904785156
dataset/test/Tomato_leaf_late_blight/Gls79_mirror_aug_15aug104.jpg,Tomato_leaf_late_blight,Tomato_leaf_late_blight,0.9999765157699585,1,1.0468416213989258,7.620098114013672,0.1607046127319336,8.830293655395508
dataset/test/Tomato_leaf_late_blight/Gls79_mirror_aug_16aug113.jpg,Tomato_leaf_late_blight,Tomato_leaf_late_blight,0.9999936819076538,1,1.1277503967285156,7.622562408447266,0.16066837310791016,8.913534164428711
dataset/test/Tomato_leaf_late_blight/Gls79_mirror_aug_17aug109.jpg,Tomato_leaf_late_blight,Tomato_leaf_late_blight,0.9999994039535522,1,1.0174894332885742,7.77104377746582,0.1609821319580078,8.952202796936035
dataset/test/Tomato_leaf_late_blight/Gls79_mirroraug5.jpg,Tomato_leaf_late_blight,Tomato_leaf_late_blight,1.0,1,1.0242490768432617,7.690098762512207,0.16124248504638672,8.878388404846191
dataset/test/Tomato_leaf_late_blight/IMG_20251102_155822aug32.jpg,Tomato_leaf_late_blight,Tomato_Early_blight_leaf,0.7364485263824463,0,1.0836372375488281,7.974138259887695,0.16615009307861328,9.226518630981445
dataset/test/Tomato_leaf_late_blight/IMG_20251102_160928aug33.jpg,Tomato_leaf_late_blight,Tomato_Early_blight_leaf,0.9681983590126038,0,1.1413230895996094,8.004899024963379,0.1636495590209961,9.312260627746582
dataset/test/Tomato_leaf_late_blight/IMG_20251102_161202_aug_57aug50.jpg,Tomato_leaf_late_blight,Tomato_Early_blight_leaf,0.9999430179595947,0,1.161768913269043,8.20513916015625,0.15537071228027344,9.524484634399414
dataset/test/Tomato_leaf_late_blight/IMG_20251102_161202_aug_58aug52.jpg,Tomato_leaf_late_blight,Tomato_Early_blight_leaf,0.9994741082191467,0,1.1404714584350586,7.9211578369140625,0.19966793060302734,9.263981819152832
dataset/test/Tomato_leaf_late_blight/IMG_20251102_161202_aug_59aug39.jpg,Tomato_leaf_late_blight,Tomato_Early_blight_leaf,0.9999767541885376,0,1.1740655899047852,8.011362075805664,0.16707611083984375,9.35548210144043
dataset/test/Tomato_leaf_late_blight/IMG_20251102_161202aug19.jpg,Tomato_leaf_late_blight,Tomato_Early_blight_leaf,0.999976634979248,0,1.1671953201293945,7.9464521408081055,0.16674232482910156,9.283279418945312
dataset/test/Tomato_leaf_late_blight/IMG_5808_jpg.rf.9de5af872dd2e7a58b115c4826fb18d4_aug_63aug53.jpg,Tomato_leaf_late_blight,Tomato_leaf_late_blight,0.9318380355834961,1,1.1165094375610352,8.161158561706543,0.20242691040039062,9.48315143585205
dataset/test/Tomato_leaf_late_blight/IMG_5808_jpg.rf.9de5af872dd2e7a58b115c4826fb18d4_aug_64aug43.jpg,Tomato_leaf_late_blight,Tomato_leaf_late_blight,0.6935692429542542,1,1.1232309341430664,8.107545852661133,0.1667613983154297,9.400150299072266
dataset/test/Tomato_leaf_late_blight/IMG_5808_jpg.rf.9de5af872dd2e7a58b115c4826fb18d4_aug_65aug38.jpg,Tomato_leaf_late_blight,Tomato_leaf_late_blight,0.781754195690155,1,1.1782140731811523,8.143012046813965,0.1654825210571289,9.489298820495605
dataset/test/Tomato_leaf_late_blight/IMG_5808_jpg.rf.9de5af872dd2e7a58b115c4826fb18d4aug21.jpg,Tomato_leaf_late_blight,Tomato_leaf_late_blight,0.9213516116142273,1,1.1588802337646484,8.251696586608887,0.16705703735351562,9.580021858215332
dataset/test/Tomato_leaf_late_blight/LB_ (254)_aug_54aug73.jpg,Tomato_leaf_late_blight,Tomato_leaf_late_blight,0.8335930109024048,1,1.062748908996582,8.125287055969238,0.17155742645263672,9.3620023727417
dataset/test/Tomato_leaf_late_blight/LB_ (254)_aug_55aug71.jpg,Tomato_leaf_late_blight,Tomato_leaf_late_blight,0.39007702469825745,1,1.056081771850586,9.154240608215332,0.20564937591552734,10.419083595275879
dataset/test/Tomato_leaf_late_blight/LB_ (254)_aug_56aug78.jpg,Tomato_leaf_late_blight,Tomato_leaf_late_blight,0.9609206914901733,1,1.3928804397583008,10.838476181030273,0.20372486114501953,12.43830394744873
dataset/test/Tomato_leaf_late_blight/LB_ (254)aug18.jpg,Tomato_leaf_late_blight,Tomato_leaf_late_blight,0.7970818877220154,1,1.395899772644043,10.969366073608398,0.2060394287109375,12.57441520690918
dataset/test/Tomato_leaf_late_blight/LB_ (276)_aug_60aug45.jpg,Tomato_leaf_late_blight,Tomato_leaf_late_blight,0.9999616146087646,1,1.5302715301513672,10.884347915649414,0.20103931427001953,12.618453025817871
dataset/test/Tomato_leaf_late_blight/LB_ (276)_aug_61aug44.jpg,Tomato_leaf_late_blight,Tomato_leaf_late_blight,0.9999854564666748,1,1.4036779403686523,10.802865982055664,0.20703887939453125,12.416878700256348
dataset/test/Tomato_leaf_late_blight/LB_ (276)_aug_62aug40.jpg,Tomato_leaf_late_blight,Tomato_leaf_late_blight,0.9998841285705566,1,1.4067697525024414,10.988162994384766,0.20461273193359375,12.603287696838379
dataset/test/Tomato_leaf_late_blight/LB_ (276)aug20.jpg,Tomato_leaf_late_blight,Tomato_leaf_late_blight,0.9999957084655762,1,1.4460678100585938,10.825439453125,0.20653820037841797,12.481581687927246
dataset/test/Tomato_leaf_late_blight/Late-blight-foliar-leasion-on-tomato_jpg.rf.331af81e5b2aae24af0dc9b6d9933591_aug_72aug60.jpg,Tomato_leaf_late_blight,Tomato_leaf_late_blight,0.9941704273223877,1,1.5788640975952148,10.984959602355957,0.1952228546142578,12.762344360351562
dataset/test/Tomato_leaf_late_blight/Late-blight-foliar-leasion-on-tomato_jpg.rf.331af81e5b2aae24af0dc9b6d9933591_aug_73aug51.jpg,Tomato_leaf_late_blight,Tomato_leaf_late_blight,0.9950277209281921,1,1.5128450393676758,10.122712135314941,0.161224365234375,11.799503326416016
dataset/test/Tomato_leaf_late_blight/Late-blight-foliar-leasion-on-tomato_jpg.rf.331af81e5b2aae24af0dc9b6d9933591_aug_74aug37.jpg,Tomato_leaf_late_blight,Tomato_leaf_late_blight,0.9903290271759033,1,1.1333980560302734,7.536134719848633,0.1627063751220703,8.834701538085938
dataset/test/Tomato_leaf_late_blight/Late-blight-foliar-leasion-on-tomato_jpg.rf.331af81e5b2aae24af0dc9b6d9933591aug24.jpg,Tomato_leaf_late_blight,Tomato_leaf_late_blight,0.9954258799552917,1,1.0963068008422852,7.605301856994629,0.1647052764892578,8.869294166564941
dataset/test/Tomato_leaf_late_blight/Late-blight-on-a-tomato-leaf_jpg.rf.8a0bcac661db5b0d51beab8e2bf6cd6caug29.jpg,Tomato_leaf_late_blight,Tomato_leaf_late_blight,0.9973413348197937,1,1.0526008605957031,7.603228569030762,0.15872478485107422,8.817164421081543
dataset/test/Tomato_leaf_late_blight/Late-blight-on-a-tomato-leaf_jpg.rf.8defdb736385f3e1da6fba17b2786ac9_aug_84aug36.jpg,Tomato_leaf_late_blight,Tomato_leaf_late_blight,0.9999991655349731,1,1.0428791046142578,7.581116676330566,0.1595001220703125,8.78599739074707
dataset/test/Tomato_leaf_late_blight/Late-blight-on-a-tomato-leaf_jpg.rf.8defdb736385f3e1da6fba17b2786ac9aug28.jpg,Tomato_leaf_late_blight,Tomato_leaf_late_blight,0.9999998807907104,1,1.1025829315185547,7.658636093139648,0.15739059448242188,8.920941352844238
dataset/test/Tomato_leaf_late_blight/Late-blight-symptoms-on-tomato-leaves-1r3uhy2_jpg.rf.92fa5ba375a2c3ce572ef7e12695be90aug31.jpg,Tomato_leaf_late_blight,Tomato_leaf_late_blight,0.9999885559082031,1,1.0746574401855469,7.616876602172852,0.15253734588623047,8.846793174743652
dataset/test/Tomato_leaf_late_blight/Late-blight-tomato-leaf-VikramBisht-MBag_jpg.rf.ec494f1ab0c0417fed47095af181f852_aug_6aug117.jpg,Tomato_leaf_late_blight,Tomato_leaf_late_blight,0.9999876022338867,1,1.0636568069458008,7.87165641784668,0.15911197662353516,9.096572875976562
dataset/test/Tomato_leaf_late_blight/Late-blight-tomato-leaf-VikramBisht-MBag_jpg.rf.ec494f1ab0c0417fed47095af181f852_aug_7aug116.jpg,Tomato_leaf_late_blight,Tomato_leaf_late_blight,0.9998352527618408,1,1.0593786239624023,7.466578483581543,0.15964984893798828,8.688218116760254
dataset/test/Tomato_leaf_late_blight/Late-blight-tomato-leaf-VikramBisht-MBag_jpg.rf.ec494f1ab0c0417fed47095af181f852_aug_8aug115.jpg,Tomato_leaf_late_blight,Tomato_leaf_late_blight,0.9992121458053589,1,1.1066198348999023,7.580523490905762,0.20088958740234375,8.890719413757324
dataset/test/Tomato_leaf_late_blight/Late-blight-tomato-leaf-VikramBisht-MBag_jpg.rf.ec494f1ab0c0417fed47095af181f852aug2.jpg,Tomato_leaf_late_blight,Tomato_leaf_late_blight,0.9996252059936523,1,1.078324317932129,7.642913818359375,0.1588897705078125,8.882646560668945
dataset/test/Tomato_leaf_late_blight/LateBlight-Tomato-JJ-2009-17nxg4q_aug_36aug79.jpg,Tomato_leaf_late_blight,Tomato_leaf_late_blight,0.9997274279594421,1,1.0073966979980469,7.685450553894043,0.16068553924560547,8.856108665466309
dataset/test/Tomato_leaf_late_blight/LateBlight-Tomato-JJ-2009-17nxg4q_aug_37aug87.jpg,Tomato_leaf_late_blight,Tomato_leaf_late_blight,0.9999854564666748,1,1.0134344100952148,8.207510948181152,0.1653900146484375,9.388724327087402
dataset/test/Tomato_leaf_late_blight/LateBlight-Tomato-JJ-2009-17nxg4q_aug_38aug67.jpg,Tomato_leaf_late_blight,Tomato_leaf_late_blight,0.9985058307647705,1,1.0744333267211914,8.000842094421387,0.1661672592163086,9.243888854980469
dataset/test/Tomato_leaf_late_blight/LateBlight-Tomato-JJ-2009-17nxg4q_jpg.rf.93780f99f071013cf0764b40fc6db48c_aug_48aug77.jpg,Tomato_leaf_late_blight,Tomato_leaf_late_blight,0.9999760389328003,1,1.0449705123901367,7.937823295593262,0.16118526458740234,9.146222114562988
dataset/test/Tomato_leaf_late_blight/LateBlight-Tomato-JJ-2009-17nxg4q_jpg.rf.93780f99f071013cf0764b40fc6db48c_aug_49aug65.jpg,Tomato_leaf_late_blight,Tomato_leaf_late_blight,0.9999967813491821,1,1.0431747436523438,7.99167537689209,0.15537261962890625,9.192611694335938
dataset/test/Tomato_leaf_late_blight/LateBlight-Tomato-JJ-2009-17nxg4q_jpg.rf.93780f99f071013cf0764b40fc6db48c_aug_50aug75.jpg,Tomato_leaf_late_blight,Tomato_leaf_late_blight,0.9999996423721313,1,1.0280447006225586,7.823341369628906,0.16285324096679688,9.017073631286621
dataset/test/Tomato_leaf_late_blight/LateBlight-Tomato-JJ-2009-17nxg4q_jpg.rf.93780f99f071013cf0764b40fc6db48caug16.jpg,Tomato_leaf_late_blight,Tomato_leaf_late_blight,0.9999995231628418,1,1.1906194686889648,7.929804801940918,0.1648540496826172,9.287853240966797
dataset/test/Tomato_leaf_late_blight/LateBlight-Tomato-JJ-2009-17nxg4qaug12.jpg,Tomato_leaf_late_blight,Tomato_leaf_late_blight,0.9999408721923828,1,1.0608043670654297,7.992916107177734,0.21776103973388672,9.274092674255371
dataset/test/Tomato_leaf_late_blight/Lb11_mirror_verticalaug34.jpg,Tomato_leaf_late_blight,Tomato_leaf_late_blight,0.9984800219535828,1,1.0801763534545898,8.011639595031738,0.16689109802246094,9.26146411895752
dataset/test/Tomato_leaf_late_blight/Lb51_mirror_aug_39aug83.jpg,Tomato_leaf_late_blight,Tomato_leaf_late_blight,0.902722179889679,1,1.1197681427001953,7.986915588378906,0.16476058959960938,9.274519920349121
dataset/test/Tomato_leaf_late_blight/Lb51_mirror_aug_40aug96.jpg,Tomato_leaf_late_blight,Tomato_leaf_late_blight,0.9975425004959106,1,1.066676139831543,8.24658489227295,0.1654644012451172,9.48137378692627
dataset/test/Tomato_leaf_late_blight/Lb51_mirror_aug_41aug91.jpg,Tomato_leaf_late_blight,Tomato_leaf_late_blight,0.981052041053772,1,1.0750465393066406,7.977971076965332,0.16488933563232422,9.220406532287598
dataset/test/Tomato_leaf_late_blight/Lb51_mirroraug13.jpg,Tomato_leaf_late_blight,Tomato_leaf_late_blight,0.9966429471969604,1,1.1012859344482422,8.224918365478516,0.16740798950195312,9.496392250061035
dataset/test/Tomato_leaf_late_blight/Lb52_change_90_aug_42aug64.jpg,Tomato_leaf_late_blight,Tomato_leaf_late_blight,0.9999994039535522,1,1.0874347686767578,8.200215339660645,0.1664276123046875,9.456798553466797
dataset/test/Tomato_leaf_late_blight/Lb52_change_90_aug_43aug63.jpg,Tomato_leaf_late_blight,Tomato_leaf_late_blight,1.0,1,1.0830087661743164,8.614810943603516,0.1698160171508789,9.870634078979492
dataset/test/Tomato_leaf_late_blight/Lb52_change_90_aug_44aug70.jpg,Tomato_leaf_late_blight,Tomato_leaf_late_blight,0.9999994039535522,1,1.077988624572754,8.223251342773438,0.1655569076538086,9.469614028930664
dataset/test/Tomato_leaf_late_blight/Lb52_change_90aug14.jpg,Tomato_leaf_late_blight,Tomato_leaf_late_blight,0.9999988079071045,1,1.0967864990234375,8.25964069366455,0.16388893127441406,9.523039817810059
dataset/test/Tomato_leaf_late_blight/Lb69_aug_45aug76.jpg,Tomato_leaf_late_blight,Tomato_leaf_late_blight,0.9999871253967285,1,1.1089344024658203,8.34095573425293,0.15942668914794922,9.612133026123047
dataset/test/Tomato_leaf_late_blight/Lb69_aug_46aug72.jpg,Tomato_leaf_late_blight,Tomato_leaf_late_blight,0.9999419450759888,1,1.062211036682129,8.335548400878906,0.17116832733154297,9.57152271270752
dataset/test/Tomato_leaf_late_blight/Lb69_aug_47aug66.jpg,Tomato_leaf_late_blight,Tomato_leaf_late_blight,0.993724524974823,1,1.096693992614746,8.104194641113281,0.20928096771240234,9.412909507751465
dataset/test/Tomato_leaf_late_blight/Lb69aug15.jpg,Tomato_leaf_late_blight,Tomato_leaf_late_blight,0.9999443292617798,1,1.1086578369140625,8.202880859375,0.1699085235595703,9.484076499938965
dataset/test/Tomato_leaf_late_blight/Lb8_mirror_vertical_aug_10aug118.jpg,Tomato_leaf_late_blight,Tomato_leaf_late_blight,0.999863862991333,1,1.0877876281738281,8.23462200164795,0.17090892791748047,9.496002197265625
dataset/test/Tomato_leaf_late_blight/Lb8_mirror_vertical_aug_11aug111.jpg,Tomato_leaf_late_blight,Tomato_leaf_late_blight,0.9913650751113892,1,1.1246757507324219,8.191548347473145,0.16672420501708984,9.486114501953125
dataset/test/Tomato_leaf_late_blight/Lb8_mirror_vertical_aug_9aug103.jpg,Tomato_leaf_late_blight,Tomato_leaf_late_blight,0.9997901320457458,1,1.0669708251953125,7.92308235168457,0.16572284698486328,9.158204078674316
dataset/test/Tomato_leaf_late_blight/Lb8_mirror_verticalaug3.jpg,Tomato_leaf_late_blight,Tomato_leaf_late_blight,0.999146580696106,1,1.0500459671020508,7.864007949829102,0.17724323272705078,9.095166206359863
dataset/test/Tomato_leaf_late_blight/Lb97_aug_21aug84.jpg,Tomato_leaf_late_blight,Tomato_leaf_late_blight,0.9999414682388306,1,1.1139354705810547,7.902009010314941,0.1958332061767578,9.214296340942383
dataset/test/Tomato_leaf_late_blight/Lb97_aug_22aug101.jpg,Tomato_leaf_late_blight,Tomato_leaf_late_blight,0.9997318387031555,1,1.0669898986816406,8.01893424987793,0.1541118621826172,9.242445945739746
dataset/test/Tomato_leaf_late_blight/Lb97_aug_23aug82.jpg,Tomato_leaf_late_blight,Tomato_leaf_late_blight,0.9999905824661255,1,1.0500097274780273,7.7552289962768555,0.16370487213134766,8.971258163452148
dataset/test/Tomato_leaf_late_blight/Lb97aug7.jpg,Tomato_leaf_late_blight,Tomato_leaf_late_blight,0.9999896287918091,1,1.1443614959716797,7.976971626281738,0.1659097671508789,9.28979778289795
dataset/test/Tomato_leaf_late_blight/Leaf-2Bsymptoms-2BMDA_jpg.rf.39b220104d04636fad4f5aae043826cb_aug_0aug108.jpg,Tomato_leaf_late_blight,Tomato_leaf_late_blight,0.9996358156204224,1,1.151564598083496,7.970528602600098,0.16537094116210938,9.290075302124023
dataset/test/Tomato_leaf_late_blight/Leaf-2Bsymptoms-2BMDA_jpg.rf.39b220104d04636fad4f5aae043826cb_aug_1aug106.jpg,Tomato_leaf_late_blight,Tomato_leaf_late_blight,0.9974943399429321,1,1.130880355834961,7.995380401611328,0.165557861328125,9.29498291015625
dataset/test/Tomato_leaf_late_blight/Leaf-2Bsymptoms-2BMDA_jpg.rf.39b220104d04636fad4f5aae043826cb_aug_2aug119.jpg,Tomato_leaf_late_blight,Tomato_leaf_late_blight,0.7339244484901428,1,1.1156387329101562,7.956286430358887,0.16589069366455078,9.240538597106934
dataset/test/Tomato_leaf_late_blight/Leaf-2Bsymptoms-2BMDA_jpg.rf.39b220104d04636fad4f5aae043826cbaug0.jpg,Tomato_leaf_late_blight,Tomato_leaf_late_blight,0.9764417409896851,1,1.1696949005126953,7.9794721603393555,0.16472434997558594,9.316520690917969
dataset/test/Tomato_leaf_late_blight/Tomato-20bacterial-20canker-JPG_jpg.rf.8b568c1d5efcfdcef44c606eb076b889_aug_30aug92.jpg,Tomato_leaf_late_blight,Tomato_leaf_late_blight,0.9616044163703918,1,1.137582778930664,7.859786033630371,0.16427993774414062,9.164388656616211
dataset/test/Tomato_leaf_late_blight/Tomato-20bacterial-20canker-JPG_jpg.rf.8b568c1d5efcfdcef44c606eb076b889_aug_31aug98.jpg,Tomato_leaf_late_blight,Tomato_leaf_late_blight,0.6819096803665161,1,1.1139345169067383,7.742194175720215,0.16181659698486328,9.020886421203613
dataset/test/Tomato_leaf_late_blight/Tomato-20bacterial-20canker-JPG_jpg.rf.8b568c1d5efcfdcef44c606eb076b889_aug_32aug90.jpg,Tomato_leaf_late_blight,Tomato_Early_blight_leaf,0.5576276183128357,0,1.1401386260986328,7.756525039672852,0.19326019287109375,9.092665672302246
dataset/test/Tomato_leaf_late_blight/Tomato-20bacterial-20canker-JPG_jpg.rf.8b568c1d5efcfdcef44c606eb076b889aug10.jpg,Tomato_leaf_late_blight,Tomato_leaf_late_blight,0.9013213515281677,1,1.0980100631713867,7.852747917175293,0.15140819549560547,9.104312896728516
dataset/test/Tomato_leaf_late_blight/TomatoBlight-JPG_jpg.rf.234cbc5809dc7d942e46760a63e10d9f_aug_33aug88.jpg,Tomato_leaf_late_blight,Tomato_leaf_late_blight,0.986283004283905,1,1.0504722595214844,7.653432846069336,0.1645030975341797,8.870830535888672
dataset/test/Tomato_leaf_late_blight/TomatoBlight-JPG_jpg.rf.234cbc5809dc7d942e46760a63e10d9f_aug_34aug86.jpg,Tomato_leaf_late_blight,Tomato_leaf_late_blight,0.991414487361908,1,1.1503238677978516,7.831989288330078,0.16414928436279297,9.1491117477417
dataset/test/Tomato_leaf_late_blight/TomatoBlight-JPG_jpg.rf.234cbc5809dc7d942e46760a63e10d9f_aug_35aug93.jpg,Tomato_leaf_late_blight,Tomato_leaf_late_blight,0.9967753291130066,1,1.1364727020263672,8.399511337280273,0.16220474243164062,9.700671195983887
dataset/test/Tomato_leaf_late_blight/TomatoBlight-JPG_jpg.rf.234cbc5809dc7d942e46760a63e10d9faug11.jpg,Tomato_leaf_late_blight,Tomato_leaf_late_blight,0.9733151197433472,1,1.0801200866699219,8.031601905822754,0.1637430191040039,9.277870178222656
dataset/test/Tomato_leaf_late_blight/dsc_8140cs_aug_3aug114.jpg,Tomato_leaf_late_blight,Tomato_leaf_late_blight,0.9999939203262329,1,1.1072673797607422,7.864434242248535,0.15633296966552734,9.13033390045166
dataset/test/Tomato_leaf_late_blight/dsc_8140cs_aug_4aug99.jpg,Tomato_leaf_late_blight,Tomato_leaf_late_blight,0.9983782768249512,1,1.1279726028442383,8.597403526306152,0.15607643127441406,9.883505821228027
dataset/test/Tomato_leaf_late_blight/dsc_8140cs_aug_5aug102.jpg,Tomato_leaf_late_blight,Tomato_leaf_late_blight,0.9855378866195679,1,1.0991754531860352,7.764117240905762,0.16440773010253906,9.030166625976562
dataset/test/Tomato_leaf_late_blight/dsc_8140csaug1.jpg,Tomato_leaf_late_blight,Tomato_leaf_late_blight,0.9999072551727295,1,1.1576013565063477,16.287131309509277,0.25020503997802734,17.698105812072754
dataset/test/Tomato_leaf_late_blight/late_jpg.rf.f64883c6ac50eb4f477851ddc23305e8_aug_69aug47.jpg,Tomato_leaf_late_blight,Tomato_Early_blight_leaf,0.8742084503173828,0,1.169027328491211,13.312164306640625,0.16661357879638672,14.650341033935547
dataset/test/Tomato_leaf_late_blight/late_jpg.rf.f64883c6ac50eb4f477851ddc23305e8_aug_70aug48.jpg,Tomato_leaf_late_blight,Tomato_Early_blight_leaf,0.9787865877151489,0,1.1354904174804688,11.695223808288574,0.17026042938232422,13.003549575805664
dataset/test/Tomato_leaf_late_blight/late_jpg.rf.f64883c6ac50eb4f477851ddc23305e8_aug_71aug42.jpg,Tomato_leaf_late_blight,Tomato_Early_blight_leaf,0.8037919998168945,0,1.2100105285644531,8.57267951965332,0.16753768920898438,9.953043937683105
dataset/test/Tomato_leaf_late_blight/late_jpg.rf.f64883c6ac50eb4f477851ddc23305e8aug23.jpg,Tomato_leaf_late_blight,Tomato_Early_blight_leaf,0.8458561301231384,0,1.1799726486206055,8.249881744384766,0.1749267578125,9.608152389526367
dataset/test/Tomato_leaf_late_blight/lateblightTom_lesionaug30.jpg,Tomato_leaf_late_blight,Tomato_leaf_late_blight,0.7636638283729553,1,1.1079721450805664,8.358474731445312,0.16733455657958984,9.636449813842773
dataset/test/Tomato_leaf_late_blight/lb_leaf_lesions2x1200_jpg.rf.3a72cc9627c3ba6d79a876e19220824e_aug_81aug56.jpg,Tomato_leaf_late_blight,Tomato_leaf_late_blight,0.999985933303833,1,1.1085271835327148,8.332270622253418,0.16783618927001953,9.611096382141113
dataset/test/Tomato_leaf_late_blight/lb_leaf_lesions2x1200_jpg.rf.3a72cc9627c3ba6d79a876e19220824e_aug_82aug62.jpg,Tomato_leaf_late_blight,Tomato_leaf_late_blight,0.9999986886978149,1,1.1219358444213867,8.091917991638184,0.16368675231933594,9.380261421203613
dataset/test/Tomato_leaf_late_blight/lb_leaf_lesions2x1200_jpg.rf.3a72cc9627c3ba6d79a876e19220824e_aug_83aug57.jpg,Tomato_leaf_late_blight,Tomato_leaf_late_blight,0.9998315572738647,1,1.134434700012207,8.483272552490234,0.1608715057373047,9.781283378601074
dataset/test/Tomato_leaf_late_blight/lb_leaf_lesions2x1200_jpg.rf.3a72cc9627c3ba6d79a876e19220824eaug27.jpg,Tomato_leaf_late_blight,Tomato_leaf_late_blight,0.9999821186065674,1,1.0771007537841797,7.814395904541016,0.1652059555053711,9.05942440032959
dataset/test/Tomato_leaf_late_blight/p1020076cs_aug_78aug35.jpg,Tomato_leaf_late_blight,Tomato_leaf_late_blight,0.9999722242355347,1,1.0766010284423828,7.875804901123047,0.1657419204711914,9.12085247039795
dataset/test/Tomato_leaf_late_blight/p1020076cs_aug_79aug59.jpg,Tomato_leaf_late_blight,Tomato_leaf_late_blight,0.9999960660934448,1,1.1051559448242188,8.112028121948242,0.16629791259765625,9.385797500610352
dataset/test/Tomato_leaf_late_blight/p1020076cs_aug_80aug55.jpg,Tomato_leaf_late_blight,Tomato_leaf_late_blight,0.9998506307601929,1,1.054509162902832,7.992047309875488,0.1661853790283203,9.215018272399902
dataset/test/Tomato_leaf_late_blight/p1020076csaug26.jpg,Tomato_leaf_late_blight,Tomato_leaf_late_blight,0.9999970197677612,1,1.057342529296875,7.940804481506348,0.16463088989257812,9.16533374786377
dataset/test/Tomato_leaf_late_blight/symptoms_of_late_blight_0_jpg.rf.417903f6c86ccb4f4bcd7139e0867018_aug_75aug58.jpg,Tomato_leaf_late_blight,Tomato_leaf_late_blight,0.9999938011169434,1,1.1905279159545898,8.027249336242676,0.16731548309326172,9.388187408447266
dataset/test/Tomato_leaf_late_blight/symptoms_of_late_blight_0_jpg.rf.417903f6c86ccb4f4bcd7139e0867018_aug_76aug54.jpg,Tomato_leaf_late_blight,Tomato_leaf_late_blight,0.999430239200592,1,1.1285839080810547,8.88127613067627,0.16631507873535156,10.178564071655273
dataset/test/Tomato_leaf_late_blight/symptoms_of_late_blight_0_jpg.rf.417903f6c86ccb4f4bcd7139e0867018_aug_77aug61.jpg,Tomato_leaf_late_blight,Tomato_leaf_late_blight,0.9999639987945557,1,1.1679344177246094,8.054547309875488,0.16541004180908203,9.390482902526855
dataset/test/Tomato_leaf_late_blight/symptoms_of_late_blight_0_jpg.rf.417903f6c86ccb4f4bcd7139e0867018aug25.jpg,Tomato_leaf_late_blight,Tomato_leaf_late_blight,0.9999651908874512,1,1.11871337890625,8.05762004852295,0.16440963745117188,9.343167304992676
dataset/test/Tomato_leaf_late_blight/tomato-late-blight-leaf-61-3x32_aug_12aug112.jpg,Tomato_leaf_late_blight,Tomato_leaf_late_blight,0.9896609783172607,1,1.066878318786621,7.991934776306152,0.16350173950195312,9.224740982055664
dataset/test/Tomato_leaf_late_blight/tomato-late-blight-leaf-61-3x32_aug_13aug110.jpg,Tomato_leaf_late_blight,Tomato_leaf_late_blight,0.9867848753929138,1,1.091989517211914,8.040306091308594,0.16535282135009766,9.29988956451416
dataset/test/Tomato_leaf_late_blight/tomato-late-blight-leaf-61-3x32_aug_14aug105.jpg,Tomato_leaf_late_blight,Tomato_leaf_late_blight,0.9785231351852417,1,1.0943231582641602,8.204936981201172,0.1706857681274414,9.472447395324707
dataset/test/Tomato_leaf_late_blight/tomato-late-blight-leaf-61-3x32aug4.jpg,Tomato_leaf_late_blight,Tomato_leaf_late_blight,0.9912891387939453,1,1.0925827026367188,8.396235466003418,0.17035293579101562,9.661707878112793
dataset/test/Tomato_leaf_late_blight/tomato.early.blightH_aug_18aug100.jpg,Tomato_leaf_late_blight,Tomato_Septoria_leaf_spot,0.9998774528503418,0,1.2310657501220703,8.320901870727539,0.1700582504272461,9.72502326965332
dataset/test/Tomato_leaf_late_blight/tomato.early.blightH_aug_19aug107.jpg,Tomato_leaf_late_blight,Tomato_Septoria_leaf_spot,0.9906551241874695,0,1.2238807678222656,8.205806732177734,0.168426513671875,9.60124397277832
dataset/test/Tomato_leaf_late_blight/tomato.early.blightH_aug_20aug94.jpg,Tomato_leaf_late_blight,Tomato_Septoria_leaf_spot,0.8397214412689209,0,1.2485294342041016,8.651144027709961,0.17261314392089844,10.075024604797363
dataset/test/Tomato_leaf_late_blight/tomato.early.blightHaug6.jpg,Tomato_leaf_late_blight,Tomato_Septoria_leaf_spot,0.8888700604438782,0,1.2228631973266602,8.290382385253906,0.17011260986328125,9.686003684997559
dataset/test/Tomato_leaf_yellow_curl_virus/1342017-162221-44540_jpg.rf.f68314ea4850dade3a214dec71c83715_aug_77aug56.jpg,Tomato_leaf_yellow_curl_virus,Tomato_leaf_yellow_curl_virus,0.9999970197677612,1,1.250065803527832,8.328160285949707,0.17313098907470703,9.754079818725586
dataset/test/Tomato_leaf_yellow_curl_virus/1342017-162221-44540_jpg.rf.f68314ea4850dade3a214dec71c83715_aug_78aug81.jpg,Tomato_leaf_yellow_curl_virus,Tomato_leaf_yellow_curl_virus,0.9999840259552002,1,1.1799907684326172,8.23249340057373,0.17976093292236328,9.595317840576172
dataset/test/Tomato_leaf_yellow_curl_virus/1342017-162221-44540_jpg.rf.f68314ea4850dade3a214dec71c83715_aug_79aug60.jpg,Tomato_leaf_yellow_curl_virus,Tomato_leaf_yellow_curl_virus,0.9999812841415405,1,1.1813430786132812,8.287640571594238,0.17266845703125,9.644671440124512
dataset/test/Tomato_leaf_yellow_curl_virus/1342017-162221-44540_jpg.rf.f68314ea4850dade3a214dec71c83715_aug_80aug64.jpg,Tomato_leaf_yellow_curl_virus,Tomato_leaf_yellow_curl_virus,0.9999994039535522,1,1.220916748046875,8.469290733337402,0.16846561431884766,9.861690521240234
dataset/test/Tomato_leaf_yellow_curl_virus/1342017-162221-44540_jpg.rf.f68314ea4850dade3a214dec71c83715_aug_81aug61.jpg,Tomato_leaf_yellow_curl_virus,Tomato_leaf_yellow_curl_virus,0.9999953508377075,1,1.1757125854492188,7.932843208312988,0.16196346282958984,9.273092269897461
dataset/test/Tomato_leaf_yellow_curl_virus/1342017-162221-44540_jpg.rf.f68314ea4850dade3a214dec71c83715_aug_82aug80.jpg,Tomato_leaf_yellow_curl_virus,Tomato_leaf_yellow_curl_virus,0.999998927116394,1,1.1721391677856445,7.871953010559082,0.16248130798339844,9.209464073181152
dataset/test/Tomato_leaf_yellow_curl_virus/1342017-162221-44540_jpg.rf.f68314ea4850dade3a214dec71c83715_aug_83aug70.jpg,Tomato_leaf_yellow_curl_virus,Tomato_leaf_yellow_curl_virus,0.9999996423721313,1,1.149806022644043,7.90382194519043,0.15920448303222656,9.215481758117676
dataset/test/Tomato_leaf_yellow_curl_virus/1342017-162221-44540_jpg.rf.f68314ea4850dade3a214dec71c83715aug11.jpg,Tomato_leaf_yellow_curl_virus,Tomato_leaf_yellow_curl_virus,0.9999630451202393,1,1.1164541244506836,7.675098419189453,0.16283416748046875,8.95681381225586
dataset/test/Tomato_leaf_yellow_curl_virus/8226402877_9abf151b5b_b_jpg.rf.a2dff27e03c5ab47916df5d873c1590f_aug_70aug66.jpg,Tomato_leaf_yellow_curl_virus,Tomato_leaf_yellow_curl_virus,0.9999679327011108,1,1.1129722595214844,7.776951789855957,0.1606302261352539,9.053166389465332
dataset/test/Tomato_leaf_yellow_curl_virus/8226402877_9abf151b5b_b_jpg.rf.a2dff27e03c5ab47916df5d873c1590f_aug_71aug69.jpg,Tomato_leaf_yellow_curl_virus,Tomato_leaf_yellow_curl_virus,0.9999985694885254,1,1.1408605575561523,7.80735969543457,0.1624460220336914,9.113408088684082
dataset/test/Tomato_leaf_yellow_curl_virus/8226402877_9abf151b5b_b_jpg.rf.a2dff27e03c5ab47916df5d873c1590f_aug_72aug73.jpg,Tomato_leaf_yellow_curl_virus,Tomato_leaf_yellow_curl_virus,0.9970278143882751,1,1.0943784713745117,8.081436157226562,0.1630382537841797,9.341650009155273
dataset/test/Tomato_leaf_yellow_curl_virus/8226402877_9abf151b5b_b_jpg.rf.a2dff27e03c5ab47916df5d873c1590f_aug_73aug54.jpg,Tomato_leaf_yellow_curl_virus,Tomato_leaf_yellow_curl_virus,0.9999486207962036,1,1.112990379333496,7.897359848022461,0.16429615020751953,9.177610397338867
dataset/test/Tomato_leaf_yellow_curl_virus/8226402877_9abf151b5b_b_jpg.rf.a2dff27e03c5ab47916df5d873c1590f_aug_74aug76.jpg,Tomato_leaf_yellow_curl_virus,Tomato_leaf_yellow_curl_virus,0.9999985694885254,1,1.1525459289550781,7.869487762451172,0.1630563735961914,9.1875
dataset/test/Tomato_leaf_yellow_curl_virus/8226402877_9abf151b5b_b_jpg.rf.a2dff27e03c5ab47916df5d873c1590f_aug_75aug74.jpg,Tomato_leaf_yellow_curl_virus,Tomato_leaf_yellow_curl_virus,0.9999982118606567,1,1.0896940231323242,7.770376205444336,0.16368579864501953,9.026220321655273
dataset/test/Tomato_leaf_yellow_curl_virus/8226402877_9abf151b5b_b_jpg.rf.a2dff27e03c5ab47916df5d873c1590f_aug_76aug65.jpg,Tomato_leaf_yellow_curl_virus,Tomato_leaf_yellow_curl_virus,0.9999946355819702,1,1.0975275039672852,7.861081123352051,0.16550254821777344,9.126537322998047
dataset/test/Tomato_leaf_yellow_curl_virus/8226402877_9abf151b5b_b_jpg.rf.a2dff27e03c5ab47916df5d873c1590faug10.jpg,Tomato_leaf_yellow_curl_virus,Tomato_leaf_yellow_curl_virus,0.9999932050704956,1,1.1004343032836914,8.229141235351562,0.19722270965576172,9.529094696044922
dataset/test/Tomato_leaf_yellow_curl_virus/DSC01999-JPG_jpg.rf.700fa6596ab8750ad0f1c47a0defe191_aug_84aug53.jpg,Tomato_leaf_yellow_curl_virus,Tomato_leaf_yellow_curl_virus,0.9978708028793335,1,1.1964168548583984,7.868138313293457,0.1673727035522461,9.234445571899414
dataset/test/Tomato_leaf_yellow_curl_virus/DSC01999-JPG_jpg.rf.700fa6596ab8750ad0f1c47a0defe191_aug_85aug82.jpg,Tomato_leaf_yellow_curl_virus,Tomato_leaf_yellow_curl_virus,0.9998786449432373,1,1.1936397552490234,7.930655479431152,0.16620540618896484,9.293001174926758
dataset/test/Tomato_leaf_yellow_curl_virus/DSC01999-JPG_jpg.rf.700fa6596ab8750ad0f1c47a0defe191_aug_86aug71.jpg,Tomato_leaf_yellow_curl_virus,Tomato_leaf_yellow_curl_virus,0.9999980926513672,1,1.1482124328613281,8.002527236938477,0.16592788696289062,9.319371223449707
dataset/test/Tomato_leaf_yellow_curl_virus/DSC01999-JPG_jpg.rf.700fa6596ab8750ad0f1c47a0defe191_aug_87aug78.jpg,Tomato_leaf_yellow_curl_virus,Tomato_leaf_yellow_curl_virus,0.9999891519546509,1,1.194899559020996,7.9556379318237305,0.1647796630859375,9.317723274230957
dataset/test/Tomato_leaf_yellow_curl_virus/DSC01999-JPG_jpg.rf.700fa6596ab8750ad0f1c47a0defe191_aug_88aug51.jpg,Tomato_leaf_yellow_curl_virus,Tomato_leaf_yellow_curl_virus,0.9999120235443115,1,1.1473608016967773,8.0651216506958,0.16431713104248047,9.379352569580078
dataset/test/Tomato_leaf_yellow_curl_virus/DSC01999-JPG_jpg.rf.700fa6596ab8750ad0f1c47a0defe191_aug_89aug63.jpg,Tomato_leaf_yellow_curl_virus,Tomato_leaf_yellow_curl_virus,0.9999825954437256,1,1.1417865753173828,8.077287673950195,0.19861221313476562,9.420446395874023
dataset/test/Tomato_leaf_yellow_curl_virus/DSC01999-JPG_jpg.rf.700fa6596ab8750ad0f1c47a0defe191_aug_90aug85.jpg,Tomato_leaf_yellow_curl_virus,Tomato_leaf_yellow_curl_virus,0.9998005032539368,1,1.1909914016723633,8.035232543945312,0.1665029525756836,9.394947052001953
dataset/test/Tomato_leaf_yellow_curl_virus/DSC01999-JPG_jpg.rf.700fa6596ab8750ad0f1c47a0defe191aug12.jpg,Tomato_leaf_yellow_curl_virus,Tomato_leaf_yellow_curl_virus,0.9999921321868896,1,1.1414546966552734,7.992286682128906,0.16385364532470703,9.300759315490723
dataset/test/Tomato_leaf_yellow_curl_virus/DSC01999.JPG_aug_63aug68.jpg,Tomato_leaf_yellow_curl_virus,Tomato_leaf_yellow_curl_virus,0.9969472289085388,1,1.2150278091430664,8.037324905395508,0.15590858459472656,9.411019325256348
dataset/test/Tomato_leaf_yellow_curl_virus/DSC01999.JPG_aug_64aug72.jpg,Tomato_leaf_yellow_curl_virus,Tomato_leaf_yellow_curl_virus,0.9990412592887878,1,1.1406936645507812,7.782192230224609,0.16490840911865234,9.09064769744873
dataset/test/Tomato_leaf_yellow_curl_virus/DSC01999.JPG_aug_65aug75.jpg,Tomato_leaf_yellow_curl_virus,Tomato_leaf_yellow_curl_virus,0.9990367889404297,1,1.195638656616211,8.33447551727295,0.16931629180908203,9.702560424804688
dataset/test/Tomato_leaf_yellow_curl_virus/DSC01999.JPG_aug_66aug58.jpg,Tomato_leaf_yellow_curl_virus,Tomato_leaf_yellow_curl_virus,0.9939956068992615,1,1.308140754699707,8.129490852355957,0.1702594757080078,9.610465049743652
dataset/test/Tomato_leaf_yellow_curl_virus/DSC01999.JPG_aug_67aug83.jpg,Tomato_leaf_yellow_curl_virus,Tomato_leaf_yellow_curl_virus,0.9993546605110168,1,1.1885080337524414,8.23969554901123,0.1733531951904297,9.60428237915039
dataset/test/Tomato_leaf_yellow_curl_virus/DSC01999.JPG_aug_68aug79.jpg,Tomato_leaf_yellow_curl_virus,Tomato_leaf_yellow_curl_virus,0.991463840007782,1,1.2405290603637695,8.694682121276855,0.17288970947265625,10.110655784606934
dataset/test/Tomato_leaf_yellow_curl_virus/DSC01999.JPG_aug_69aug62.jpg,Tomato_leaf_yellow_curl_virus,Tomato_leaf_yellow_curl_virus,0.999363362789154,1,1.1888999938964844,8.412753105163574,0.17157649993896484,9.775856971740723
dataset/test/Tomato_leaf_yellow_curl_virus/DSC01999.JPGaug9.jpg,Tomato_leaf_yellow_curl_virus,Tomato_leaf_yellow_curl_virus,0.9981216788291931,1,1.2370843887329102,8.324234008789062,0.1684093475341797,9.732430458068848
dataset/test/Tomato_leaf_yellow_curl_virus/IMG_20251102_155103aug15.jpg,Tomato_leaf_yellow_curl_virus,Tomato_leaf_yellow_curl_virus,0.8054966330528259,1,1.141434669494629,8.27254867553711,0.1702423095703125,9.587188720703125
dataset/test/Tomato_leaf_yellow_curl_virus/IMG_20251102_160455_aug_42aug104.jpg,Tomato_leaf_yellow_curl_virus,Tomato_leaf_yellow_curl_virus,0.9940797090530396,1,1.1297130584716797,8.474754333496094,0.17068767547607422,9.777595520019531
dataset/test/Tomato_leaf_yellow_curl_virus/IMG_20251102_160455_aug_43aug111.jpg,Tomato_leaf_yellow_curl_virus,Tomato_leaf_yellow_curl_virus,0.9788274765014648,1,1.1466951370239258,8.279678344726562,0.17003917694091797,9.59902286529541
dataset/test/Tomato_leaf_yellow_curl_virus/IMG_20251102_160455_aug_44aug112.jpg,Tomato_leaf_yellow_curl_virus,Tomato_leaf_yellow_curl_virus,0.8261232376098633,1,1.120915412902832,8.362808227539062,0.23538970947265625,9.721725463867188
dataset/test/Tomato_leaf_yellow_curl_virus/IMG_20251102_160455_aug_45aug108.jpg,Tomato_leaf_yellow_curl_virus,Tomato_leaf_yellow_curl_virus,0.8270755410194397,1,1.128805160522461,8.20195484161377,0.2003345489501953,9.533873558044434
dataset/test/Tomato_leaf_yellow_curl_virus/IMG_20251102_160455_aug_46aug110.jpg,Tomato_leaf_yellow_curl_virus,Tomato_leaf_yellow_curl_virus,0.9843860268592834,1,1.0809345245361328,7.93712043762207,0.16605663299560547,9.186445236206055
dataset/test/Tomato_leaf_yellow_curl_virus/IMG_20251102_160455_aug_47aug98.jpg,Tomato_leaf_yellow_curl_virus,Tomato_leaf_yellow_curl_virus,0.8193644881248474,1,1.088083267211914,8.01395320892334,0.1642608642578125,9.269001007080078
dataset/test/Tomato_leaf_yellow_curl_virus/IMG_20251102_160455_aug_48aug105.jpg,Tomato_leaf_yellow_curl_virus,Tomato_leaf_yellow_curl_virus,0.817695140838623,1,1.0855274200439453,7.903470993041992,0.16098308563232422,9.152722358703613
dataset/test/Tomato_leaf_yellow_curl_virus/IMG_20251102_160455aug6.jpg,Tomato_leaf_yellow_curl_virus,Tomato_leaf_yellow_curl_virus,0.9094840288162231,1,1.1192312240600586,7.871156692504883,0.1790752410888672,9.171869277954102
dataset/test/Tomato_leaf_yellow_curl_virus/IMG_20251102_160553_aug_35aug49.jpg,Tomato_leaf_yellow_curl_virus,Tomato_leaf_yellow_curl_virus,0.8452751636505127,1,1.2624902725219727,8.561921119689941,0.16440963745117188,9.99124813079834
dataset/test/Tomato_leaf_yellow_curl_virus/IMG_20251102_160553_aug_36aug113.jpg,Tomato_leaf_yellow_curl_virus,Tomato_leaf_yellow_curl_virus,0.9945453405380249,1,1.2616586685180664,8.153788566589355,0.16431617736816406,9.58244800567627
dataset/test/Tomato_leaf_yellow_curl_virus/IMG_20251102_160553_aug_37aug114.jpg,Tomato_leaf_yellow_curl_virus,Tomato_Septoria_leaf_spot,0.49238571524620056,0,1.1200647354125977,7.946249961853027,0.1796865463256836,9.249185562133789
dataset/test/Tomato_leaf_yellow_curl_virus/IMG_20251102_160553_aug_38aug101.jpg,Tomato_leaf_yellow_curl_virus,Tomato_leaf_yellow_curl_virus,0.9200443029403687,1,1.1409721374511719,7.955954551696777,0.16757488250732422,9.267038345336914
dataset/test/Tomato_leaf_yellow_curl_virus/IMG_20251102_160553_aug_39aug118.jpg,Tomato_leaf_yellow_curl_virus,Tomato_leaf_yellow_curl_virus,0.7290173768997192,1,1.1532869338989258,8.009471893310547,0.1670379638671875,9.33248233795166
dataset/test/Tomato_leaf_yellow_curl_virus/IMG_20251102_160553_aug_40aug19.jpg,Tomato_leaf_yellow_curl_virus,Tomato_leaf_yellow_curl_virus,0.958843469619751,1,1.1260461807250977,8.210474014282227,0.16316795349121094,9.502354621887207
dataset/test/Tomato_leaf_yellow_curl_virus/IMG_20251102_160553_aug_41aug119.jpg,Tomato_leaf_yellow_curl_virus,Tomato_leaf_yellow_curl_virus,0.8410723209381104,1,1.132157325744629,7.87867546081543,0.18392658233642578,9.197813987731934
dataset/test/Tomato_leaf_yellow_curl_virus/IMG_20251102_160553aug5.jpg,Tomato_leaf_yellow_curl_virus,Tomato_leaf_yellow_curl_virus,0.9956509470939636,1,1.3206777572631836,7.9934539794921875,0.16814804077148438,9.484835624694824
dataset/test/Tomato_leaf_yellow_curl_virus/TYLCV-tomate-DB-445-171_jpg.rf.9d70326900dd981ab5d49063b0d644f0_aug_21aug41.jpg,Tomato_leaf_yellow_curl_virus,Tomato_leaf_yellow_curl_virus,0.9997895359992981,1,1.2354164123535156,8.16530704498291,0.16559410095214844,9.569262504577637
dataset/test/Tomato_leaf_yellow_curl_virus/TYLCV-tomate-DB-445-171_jpg.rf.9d70326900dd981ab5d49063b0d644f0_aug_22aug30.jpg,Tomato_leaf_yellow_curl_virus,Tomato_leaf_yellow_curl_virus,0.9999133348464966,1,1.131434440612793,8.069915771484375,0.1768350601196289,9.381631851196289
dataset/test/Tomato_leaf_yellow_curl_virus/TYLCV-tomate-DB-445-171_jpg.rf.9d70326900dd981ab5d49063b0d644f0_aug_23aug42.jpg,Tomato_leaf_yellow_curl_virus,Tomato_leaf_yellow_curl_virus,0.9998875856399536,1,1.173288345336914,8.066658020019531,0.16585445404052734,9.40829849243164
dataset/test/Tomato_leaf_yellow_curl_virus/TYLCV-tomate-DB-445-171_jpg.rf.9d70326900dd981ab5d49063b0d644f0_aug_24aug45.jpg,Tomato_leaf_yellow_curl_virus,Tomato_leaf_yellow_curl_virus,0.9999432563781738,1,1.1264734268188477,8.230862617492676,0.16729736328125,9.527483940124512
dataset/test/Tomato_leaf_yellow_curl_virus/TYLCV-tomate-DB-445-171_jpg.rf.9d70326900dd981ab5d49063b0d644f0_aug_25aug20.jpg,Tomato_leaf_yellow_curl_virus,Tomato_leaf_yellow_curl_virus,0.9998905658721924,1,1.1439533233642578,8.178065299987793,0.20498371124267578,9.529928207397461
dataset/test/Tomato_leaf_yellow_curl_virus/TYLCV-tomate-DB-445-171_jpg.rf.9d70326900dd981ab5d49063b0d644f0_aug_26aug18.jpg,Tomato_leaf_yellow_curl_virus,Tomato_leaf_yellow_curl_virus,0.9992619156837463,1,1.1467313766479492,8.137454986572266,0.1705026626586914,9.457132339477539
dataset/test/Tomato_leaf_yellow_curl_virus/TYLCV-tomate-DB-445-171_jpg.rf.9d70326900dd981ab5d49063b0d644f0_aug_27aug29.jpg,Tomato_leaf_yellow_curl_virus,Tomato_leaf_yellow_curl_virus,0.9999643564224243,1,1.141897201538086,8.106510162353516,0.17598247528076172,9.427464485168457
dataset/test/Tomato_leaf_yellow_curl_virus/TYLCV-tomate-DB-445-171_jpg.rf.9d70326900dd981ab5d49063b0d644f0aug3.jpg,Tomato_leaf_yellow_curl_virus,Tomato_leaf_yellow_curl_virus,0.9999593496322632,1,1.1937503814697266,8.159732818603516,0.16777896881103516,9.523780822753906
dataset/test/Tomato_leaf_yellow_curl_virus/TYLCV4_jpg.rf.2e4accea501a220be9dc475dd1ca3121_aug_10aug22.jpg,Tomato_leaf_yellow_curl_virus,Tomato_leaf_yellow_curl_virus,0.9999752044677734,1,1.1231765747070312,8.060656547546387,0.1654825210571289,9.35196304321289
dataset/test/Tomato_leaf_yellow_curl_virus/TYLCV4_jpg.rf.2e4accea501a220be9dc475dd1ca3121_aug_11aug44.jpg,Tomato_leaf_yellow_curl_virus,Tomato_leaf_yellow_curl_virus,0.999955415725708,1,1.1340837478637695,8.1251220703125,0.16640853881835938,9.428277969360352
dataset/test/Tomato_leaf_yellow_curl_virus/TYLCV4_jpg.rf.2e4accea501a220be9dc475dd1ca3121_aug_12aug39.jpg,Tomato_leaf_yellow_curl_virus,Tomato_leaf_yellow_curl_virus,0.9999997615814209,1,1.1717863082885742,8.09221363067627,0.16550064086914062,9.4317626953125
dataset/test/Tomato_leaf_yellow_curl_virus/TYLCV4_jpg.rf.2e4accea501a220be9dc475dd1ca3121_aug_13aug35.jpg,Tomato_leaf_yellow_curl_virus,Tomato_leaf_yellow_curl_virus,0.9999420642852783,1,1.1196937561035156,8.11301040649414,0.1559276580810547,9.391002655029297
dataset/test/Tomato_leaf_yellow_curl_virus/TYLCV4_jpg.rf.2e4accea501a220be9dc475dd1ca3121_aug_7aug40.jpg,Tomato_leaf_yellow_curl_virus,Tomato_leaf_yellow_curl_virus,0.9999780654907227,1,1.0965080261230469,7.935489654541016,0.16577911376953125,9.200481414794922
dataset/test/Tomato_leaf_yellow_curl_virus/TYLCV4_jpg.rf.2e4accea501a220be9dc475dd1ca3121_aug_8aug33.jpg,Tomato_leaf_yellow_curl_virus,Tomato_leaf_yellow_curl_virus,0.9999973773956299,1,1.1598424911499023,8.01624870300293,0.16657638549804688,9.34518814086914
dataset/test/Tomato_leaf_yellow_curl_virus/TYLCV4_jpg.rf.2e4accea501a220be9dc475dd1ca3121_aug_9aug48.jpg,Tomato_leaf_yellow_curl_virus,Tomato_leaf_yellow_curl_virus,0.9999657869338989,1,1.1360273361206055,8.142102241516113,0.16800212860107422,9.44878101348877
dataset/test/Tomato_leaf_yellow_curl_virus/TYLCV4_jpg.rf.2e4accea501a220be9dc475dd1ca3121aug1.jpg,Tomato_leaf_yellow_curl_virus,Tomato_leaf_yellow_curl_virus,0.9999873638153076,1,1.122915267944336,8.124972343444824,0.16561222076416016,9.415926933288574
dataset/test/Tomato_leaf_yellow_curl_virus/art_15017325188173_a24a66_aug_14aug36.jpg,Tomato_leaf_yellow_curl_virus,Tomato_leaf_yellow_curl_virus,0.9999185800552368,1,1.1916399002075195,8.093287467956543,0.1671314239501953,9.454761505126953
dataset/test/Tomato_leaf_yellow_curl_virus/art_15017325188173_a24a66_aug_15aug23.jpg,Tomato_leaf_yellow_curl_virus,Tomato_leaf_yellow_curl_virus,0.9987384676933289,1,1.1659917831420898,8.117751121520996,0.16722393035888672,9.453483581542969
dataset/test/Tomato_leaf_yellow_curl_virus/art_15017325188173_a24a66_aug_16aug34.jpg,Tomato_leaf_yellow_curl_virus,Tomato_leaf_yellow_curl_virus,0.9997538924217224,1,1.163212776184082,8.06821346282959,0.1658334732055664,9.399872779846191
dataset/test/Tomato_leaf_yellow_curl_virus/art_15017325188173_a24a66_aug_17aug43.jpg,Tomato_leaf_yellow_curl_virus,Tomato_leaf_yellow_curl_virus,0.9972304701805115,1,1.2145099639892578,8.564162254333496,0.20377826690673828,9.985285758972168
dataset/test/Tomato_leaf_yellow_curl_virus/art_15017325188173_a24a66_aug_18aug47.jpg,Tomato_leaf_yellow_curl_virus,Tomato_leaf_yellow_curl_virus,0.9992735981941223,1,1.5855302810668945,10.877679824829102,0.20685386657714844,12.673583984375
dataset/test/Tomato_leaf_yellow_curl_virus/art_15017325188173_a24a66_aug_19aug25.jpg,Tomato_leaf_yellow_curl_virus,Tomato_leaf_yellow_curl_virus,0.9769759774208069,1,1.6239948272705078,10.886070251464844,0.2050933837890625,12.718788146972656
dataset/test/Tomato_leaf_yellow_curl_virus/art_15017325188173_a24a66_aug_20aug46.jpg,Tomato_leaf_yellow_curl_virus,Tomato_leaf_yellow_curl_virus,0.999232292175293,1,1.583329200744629,10.801586151123047,0.20364856719970703,12.592103004455566
dataset/test/Tomato_leaf_yellow_curl_virus/art_15017325188173_a24a66aug2.jpg,Tomato_leaf_yellow_curl_virus,Tomato_leaf_yellow_curl_virus,0.9968173503875732,1,1.6063652038574219,11.500038146972656,0.20944595336914062,13.319181442260742
dataset/test/Tomato_leaf_yellow_curl_virus/psyllid-yellows_jpg.rf.1d99aab2f43a840be530ce313eb0c0fd_aug_56aug57.jpg,Tomato_leaf_yellow_curl_virus,Tomato_leaf_yellow_curl_virus,0.9997307658195496,1,1.5223283767700195,10.890365600585938,0.20729732513427734,12.623156547546387
dataset/test/Tomato_leaf_yellow_curl_virus/psyllid-yellows_jpg.rf.1d99aab2f43a840be530ce313eb0c0fd_aug_57aug84.jpg,Tomato_leaf_yellow_curl_virus,Tomato_leaf_yellow_curl_virus,0.999980092048645,1,1.522660255432129,12.222136497497559,0.21161174774169922,13.959779739379883
dataset/test/Tomato_leaf_yellow_curl_virus/psyllid-yellows_jpg.rf.1d99aab2f43a840be530ce313eb0c0fd_aug_58aug52.jpg,Tomato_leaf_yellow_curl_virus,Tomato_leaf_yellow_curl_virus,0.999980092048645,1,1.5760126113891602,12.385321617126465,0.20870590209960938,14.173262596130371
dataset/test/Tomato_leaf_yellow_curl_virus/psyllid-yellows_jpg.rf.1d99aab2f43a840be530ce313eb0c0fd_aug_59aug77.jpg,Tomato_leaf_yellow_curl_virus,Tomato_leaf_yellow_curl_virus,0.9991293549537659,1,1.6318082809448242,19.107542991638184,0.16542625427246094,20.907724380493164
dataset/test/Tomato_leaf_yellow_curl_virus/psyllid-yellows_jpg.rf.1d99aab2f43a840be530ce313eb0c0fd_aug_60aug86.jpg,Tomato_leaf_yellow_curl_virus,Tomato_leaf_yellow_curl_virus,0.9998767375946045,1,1.2116203308105469,9.453798294067383,0.19900226593017578,10.866995811462402
dataset/test/Tomato_leaf_yellow_curl_virus/psyllid-yellows_jpg.rf.1d99aab2f43a840be530ce313eb0c0fd_aug_61aug59.jpg,Tomato_leaf_yellow_curl_virus,Tomato_leaf_yellow_curl_virus,0.9995269775390625,1,1.2641582489013672,10.069544792175293,0.16509342193603516,11.501742362976074
dataset/test/Tomato_leaf_yellow_curl_virus/psyllid-yellows_jpg.rf.1d99aab2f43a840be530ce313eb0c0fd_aug_62aug67.jpg,Tomato_leaf_yellow_curl_virus,Tomato_leaf_yellow_curl_virus,0.9999750852584839,1,1.1161565780639648,7.880324363708496,0.16189098358154297,9.16100025177002
dataset/test/Tomato_leaf_yellow_curl_virus/psyllid-yellows_jpg.rf.1d99aab2f43a840be530ce313eb0c0fdaug8.jpg,Tomato_leaf_yellow_curl_virus,Tomato_leaf_yellow_curl_virus,0.9994838237762451,1,1.1196575164794922,7.829193115234375,0.16398334503173828,9.115241050720215
dataset/test/Tomato_leaf_yellow_curl_virus/tj5itxzunn3k_jpg.rf.4aeda27b2535578e718fe6279491d0d4_aug_49aug102.jpg,Tomato_leaf_yellow_curl_virus,Tomato_leaf_yellow_curl_virus,0.9999971389770508,1,1.0848236083984375,7.852638244628906,0.1619100570678711,9.102035522460938
dataset/test/Tomato_leaf_yellow_curl_virus/tj5itxzunn3k_jpg.rf.4aeda27b2535578e718fe6279491d0d4_aug_50aug109.jpg,Tomato_leaf_yellow_curl_virus,Tomato_leaf_yellow_curl_virus,0.9999998807907104,1,1.0409526824951172,7.648969650268555,0.16427898406982422,8.85677433013916
dataset/test/Tomato_leaf_yellow_curl_virus/tj5itxzunn3k_jpg.rf.4aeda27b2535578e718fe6279491d0d4_aug_51aug99.jpg,Tomato_leaf_yellow_curl_virus,Tomato_leaf_yellow_curl_virus,0.9999971389770508,1,1.0562505722045898,7.956546783447266,0.16344642639160156,9.178611755371094
dataset/test/Tomato_leaf_yellow_curl_virus/tj5itxzunn3k_jpg.rf.4aeda27b2535578e718fe6279491d0d4_aug_52aug103.jpg,Tomato_leaf_yellow_curl_virus,Tomato_leaf_yellow_curl_virus,0.9999990463256836,1,1.043508529663086,7.970490455627441,0.19448375701904297,9.211186408996582
dataset/test/Tomato_leaf_yellow_curl_virus/tj5itxzunn3k_jpg.rf.4aeda27b2535578e718fe6279491d0d4_aug_53aug100.jpg,Tomato_leaf_yellow_curl_virus,Tomato_leaf_yellow_curl_virus,0.9999998807907104,1,1.0530271530151367,7.699858665466309,0.16309452056884766,8.91842269897461
dataset/test/Tomato_leaf_yellow_curl_virus/tj5itxzunn3k_jpg.rf.4aeda27b2535578e718fe6279491d0d4_aug_54aug106.jpg,Tomato_leaf_yellow_curl_virus,Tomato_leaf_yellow_curl_virus,0.9999996423721313,1,1.0476188659667969,8.105694770812988,0.16692638397216797,9.323075294494629
dataset/test/Tomato_leaf_yellow_curl_virus/tj5itxzunn3k_jpg.rf.4aeda27b2535578e718fe6279491d0d4_aug_55aug107.jpg,Tomato_leaf_yellow_curl_virus,Tomato_leaf_yellow_curl_virus,0.9999997615814209,1,1.0881938934326172,8.340141296386719,0.16701984405517578,9.598133087158203
dataset/test/Tomato_leaf_yellow_curl_virus/tj5itxzunn3k_jpg.rf.4aeda27b2535578e718fe6279491d0d4aug7.jpg,Tomato_leaf_yellow_curl_virus,Tomato_leaf_yellow_curl_virus,0.999996542930603,1,1.1157312393188477,8.073436737060547,0.16587162017822266,9.357706069946289
dataset/test/Tomato_leaf_yellow_curl_virus/tomato-yellow-closeup-3_aug_28aug16.jpg,Tomato_leaf_yellow_curl_virus,Tomato_leaf_yellow_curl_virus,0.9702044725418091,1,1.1506576538085938,8.082917213439941,0.16476154327392578,9.4011869430542
dataset/test/Tomato_leaf_yellow_curl_virus/tomato-yellow-closeup-3_aug_29aug27.jpg,Tomato_leaf_yellow_curl_virus,Tomato_leaf_yellow_curl_virus,0.9151744246482849,1,1.1557693481445312,8.143566131591797,0.1841878890991211,9.486076354980469
dataset/test/Tomato_leaf_yellow_curl_virus/tomato-yellow-closeup-3_aug_30aug117.jpg,Tomato_leaf_yellow_curl_virus,Tomato_leaf_yellow_curl_virus,0.9596869349479675,1,1.1523981094360352,8.365438461303711,0.17741012573242188,9.698485374450684
dataset/test/Tomato_leaf_yellow_curl_virus/tomato-yellow-closeup-3_aug_31aug31.jpg,Tomato_leaf_yellow_curl_virus,Tomato_leaf_yellow_curl_virus,0.7596693634986877,1,1.2305641174316406,8.324992179870605,0.1680011749267578,9.726578712463379
dataset/test/Tomato_leaf_yellow_curl_virus/tomato-yellow-closeup-3_aug_32aug115.jpg,Tomato_leaf_yellow_curl_virus,Tomato_Early_blight_leaf,0.6746895909309387,0,1.198103904724121,8.016656875610352,0.16531658172607422,9.382685661315918
dataset/test/Tomato_leaf_yellow_curl_virus/tomato-yellow-closeup-3_aug_33aug116.jpg,Tomato_leaf_yellow_curl_virus,Tomato_leaf_yellow_curl_virus,0.9731314182281494,1,1.1436386108398438,8.206307411193848,0.1658163070678711,9.518319129943848
dataset/test/Tomato_leaf_yellow_curl_virus/tomato-yellow-closeup-3_aug_34aug26.jpg,Tomato_leaf_yellow_curl_virus,Tomato_leaf_yellow_curl_virus,0.9685206413269043,1,1.1495084762573242,8.206695556640625,0.19327926635742188,9.55215072631836
dataset/test/Tomato_leaf_yellow_curl_virus/tomato-yellow-closeup-3aug4.jpg,Tomato_leaf_yellow_curl_virus,Tomato_leaf_yellow_curl_virus,0.850878119468689,1,1.1485090255737305,8.11015796661377,0.1646871566772461,9.425929069519043
dataset/test/Tomato_leaf_yellow_curl_virus/tomato-yellow-leaf-curl-virus-tomato-1_aug_100aug92.jpg,Tomato_leaf_yellow_curl_virus,Tomato_leaf_yellow_curl_virus,0.9999897480010986,1,1.139286994934082,8.202621459960938,0.1638345718383789,9.508095741271973
dataset/test/Tomato_leaf_yellow_curl_virus/tomato-yellow-leaf-curl-virus-tomato-1_aug_101aug95.jpg,Tomato_leaf_yellow_curl_virus,Tomato_leaf_yellow_curl_virus,0.9999014139175415,1,1.1538238525390625,7.893805503845215,0.16400146484375,9.214388847351074
dataset/test/Tomato_leaf_yellow_curl_virus/tomato-yellow-leaf-curl-virus-tomato-1_aug_102aug88.jpg,Tomato_leaf_yellow_curl_virus,Tomato_leaf_yellow_curl_virus,0.9999041557312012,1,1.122471809387207,7.84930419921875,0.16490840911865234,9.139037132263184
dataset/test/Tomato_leaf_yellow_curl_virus/tomato-yellow-leaf-curl-virus-tomato-1_aug_103aug93.jpg,Tomato_leaf_yellow_curl_virus,Tomato_leaf_yellow_curl_virus,0.9993365406990051,1,1.1360092163085938,8.073158264160156,0.16450023651123047,9.376315116882324
dataset/test/Tomato_leaf_yellow_curl_virus/tomato-yellow-leaf-curl-virus-tomato-1_aug_98aug91.jpg,Tomato_leaf_yellow_curl_virus,Tomato_leaf_yellow_curl_virus,0.9999374151229858,1,1.1278610229492188,7.742729187011719,0.16138935089111328,9.034332275390625
dataset/test/Tomato_leaf_yellow_curl_virus/tomato-yellow-leaf-curl-virus-tomato-1_aug_99aug90.jpg,Tomato_leaf_yellow_curl_virus,Tomato_leaf_yellow_curl_virus,0.9999921321868896,1,1.1926403045654297,7.877785682678223,0.1592416763305664,9.231908798217773
dataset/test/Tomato_leaf_yellow_curl_virus/tomato-yellow-leaf-curl-virus-tomato-1aug14.jpg,Tomato_leaf_yellow_curl_virus,Tomato_leaf_yellow_curl_virus,0.9986463189125061,1,1.1229162216186523,7.646524429321289,0.16327953338623047,8.935276985168457
dataset/test/Tomato_leaf_yellow_curl_virus/tomatoyellowleafcurlcropped_aug_91aug55.jpg,Tomato_leaf_yellow_curl_virus,Tomato_leaf_yellow_curl_virus,0.9999850988388062,1,1.118490219116211,7.69132137298584,0.1626873016357422,8.975202560424805
dataset/test/Tomato_leaf_yellow_curl_virus/tomatoyellowleafcurlcropped_aug_92aug89.jpg,Tomato_leaf_yellow_curl_virus,Tomato_leaf_yellow_curl_virus,0.9999933242797852,1,1.1383428573608398,7.959137916564941,0.16474246978759766,9.26479721069336
dataset/test/Tomato_leaf_yellow_curl_virus/tomatoyellowleafcurlcropped_aug_93aug97.jpg,Tomato_leaf_yellow_curl_virus,Tomato_leaf_yellow_curl_virus,0.9999982118606567,1,1.1043052673339844,7.953230857849121,0.16444683074951172,9.224517822265625
dataset/test/Tomato_leaf_yellow_curl_virus/tomatoyellowleafcurlcropped_aug_94aug50.jpg,Tomato_leaf_yellow_curl_virus,Tomato_leaf_yellow_curl_virus,0.9999372959136963,1,1.1354551315307617,7.825858116149902,0.16363143920898438,9.127666473388672
dataset/test/Tomato_leaf_yellow_curl_virus/tomatoyellowleafcurlcropped_aug_95aug87.jpg,Tomato_leaf_yellow_curl_virus,Tomato_leaf_yellow_curl_virus,0.9999958276748657,1,1.1152124404907227,7.980251312255859,0.1644449234008789,9.262463569641113
dataset/test/Tomato_leaf_yellow_curl_virus/tomatoyellowleafcurlcropped_aug_96aug96.jpg,Tomato_leaf_yellow_curl_virus,Tomato_leaf_yellow_curl_virus,0.9999994039535522,1,1.149545669555664,7.973213195800781,0.16405773162841797,9.289444923400879
dataset/test/Tomato_leaf_yellow_curl_virus/tomatoyellowleafcurlcropped_aug_97aug94.jpg,Tomato_leaf_yellow_curl_virus,Tomato_leaf_yellow_curl_virus,0.9999998807907104,1,1.1726751327514648,8.027750015258789,0.16339111328125,9.366557121276855
dataset/test/Tomato_leaf_yellow_curl_virus/tomatoyellowleafcurlcroppedaug13.jpg,Tomato_leaf_yellow_curl_virus,Tomato_leaf_yellow_curl_virus,0.9999988079071045,1,1.1697874069213867,7.970842361450195,0.16259384155273438,9.305761337280273
dataset/test/Tomato_leaf_yellow_curl_virus/virus1_aug_0aug37.jpg,Tomato_leaf_yellow_curl_virus,Tomato_leaf_yellow_curl_virus,0.9999911785125732,1,1.137063980102539,8.13260269165039,0.16320514678955078,9.435539245605469
dataset/test/Tomato_leaf_yellow_curl_virus/virus1_aug_1aug21.jpg,Tomato_leaf_yellow_curl_virus,Tomato_leaf_yellow_curl_virus,0.9999926090240479,1,1.0780820846557617,7.9792680740356445,0.1574087142944336,9.21729564666748
dataset/test/Tomato_leaf_yellow_curl_virus/virus1_aug_2aug24.jpg,Tomato_leaf_yellow_curl_virus,Tomato_leaf_yellow_curl_virus,0.9999996423721313,1,1.0605831146240234,7.845878601074219,0.16483497619628906,9.073981285095215
dataset/test/Tomato_leaf_yellow_curl_virus/virus1_aug_3aug17.jpg,Tomato_leaf_yellow_curl_virus,Tomato_leaf_yellow_curl_virus,0.9999872446060181,1,1.1371383666992188,7.888416290283203,0.16787147521972656,9.19592571258545
dataset/test/Tomato_leaf_yellow_curl_virus/virus1_aug_4aug28.jpg,Tomato_leaf_yellow_curl_virus,Tomato_leaf_yellow_curl_virus,0.9999266862869263,1,1.0918035507202148,8.071471214294434,0.1656494140625,9.331816673278809
dataset/test/Tomato_leaf_yellow_curl_virus/virus1_aug_5aug32.jpg,Tomato_leaf_yellow_curl_virus,Tomato_leaf_yellow_curl_virus,0.9999872446060181,1,1.0909900665283203,7.885471343994141,0.16726207733154297,9.146203994750977
dataset/test/Tomato_leaf_yellow_curl_virus/virus1_aug_6aug38.jpg,Tomato_leaf_yellow_curl_virus,Tomato_leaf_yellow_curl_virus,0.9998619556427002,1,1.128046989440918,8.050250053405762,0.16326141357421875,9.344261169433594
dataset/test/Tomato_leaf_yellow_curl_virus/virus1aug0.jpg,Tomato_leaf_yellow_curl_virus,Tomato_leaf_yellow_curl_virus,0.9999852180480957,1,1.0882129669189453,8.11810302734375,0.17168712615966797,9.381168365478516
dataset/test/Tomato_mold_leaf/IMG-20240724-WA0020_aug_68aug87.jpg,Tomato_mold_leaf,Tomato_mold_leaf,0.6472079157829285,1,1.1294527053833008,7.84561824798584,0.18031597137451172,9.157758712768555
dataset/test/Tomato_mold_leaf/IMG-20240724-WA0020_aug_69aug97.jpg,Tomato_mold_leaf,Tomato_mold_leaf,0.9332450032234192,1,1.2258806228637695,7.776470184326172,0.16605663299560547,9.170870780944824
dataset/test/Tomato_mold_leaf/IMG-20240724-WA0020_aug_70aug82.jpg,Tomato_mold_leaf,Tomato_mold_leaf,0.9935943484306335,1,1.1753978729248047,7.873766899108887,0.16576194763183594,9.218056678771973
dataset/test/Tomato_mold_leaf/IMG-20240724-WA0020_aug_71aug98.jpg,Tomato_mold_leaf,Tomato_mold_leaf,0.7358103394508362,1,1.1301584243774414,8.002361297607422,0.16429805755615234,9.29927921295166
dataset/test/Tomato_mold_leaf/IMG-20240724-WA0020aug17.jpg,Tomato_mold_leaf,Tomato_mold_leaf,0.9219436645507812,1,1.1707868576049805,7.994712829589844,0.16463088989257812,9.33337116241455
dataset/test/Tomato_mold_leaf/IMG-20240724-WA0044_aug_10aug44.jpg,Tomato_mold_leaf,Tomato_Healthy_leaf,0.4124704897403717,0,1.1215095520019531,7.939842224121094,0.1645193099975586,9.228944778442383
dataset/test/Tomato_mold_leaf/IMG-20240724-WA0044_aug_11aug49.jpg,Tomato_mold_leaf,Tomato_mold_leaf,0.74726802110672,1,1.132619857788086,8.010899543762207,0.16614913940429688,9.312556266784668
dataset/test/Tomato_mold_leaf/IMG-20240724-WA0044_aug_8aug35.jpg,Tomato_mold_leaf,Tomato_mold_leaf,0.4947530925273895,1,1.1344718933105469,7.9432878494262695,0.19926071166992188,9.279630661010742
dataset/test/Tomato_mold_leaf/IMG-20240724-WA0044_aug_9aug41.jpg,Tomato_mold_leaf,Tomato_Healthy_leaf,0.7478432059288025,0,1.1191387176513672,7.929361343383789,0.16403865814208984,9.215036392211914
dataset/test/Tomato_mold_leaf/IMG-20240724-WA0044aug2.jpg,Tomato_mold_leaf,Tomato_Healthy_leaf,0.7070689797401428,0,1.122415542602539,9.137072563171387,0.20381641387939453,10.466304779052734
dataset/test/Tomato_mold_leaf/IMG-20240724-WA0055_aug_28aug27.jpg,Tomato_mold_leaf,Tomato_mold_leaf,0.9981232285499573,1,1.539790153503418,11.02644157409668,0.20616817474365234,12.775750160217285
dataset/test/Tomato_mold_leaf/IMG-20240724-WA0055_aug_29aug28.jpg,Tomato_mold_leaf,Tomato_mold_leaf,0.9722083210945129,1,1.4954748153686523,10.87794017791748,0.20539093017578125,12.582101821899414
dataset/test/Tomato_mold_leaf/IMG-20240724-WA0055_aug_30aug43.jpg,Tomato_mold_leaf,Tomato_mold_leaf,0.9993799924850464,1,1.5079574584960938,10.904420852661133,0.20789146423339844,12.624249458312988
dataset/test/Tomato_mold_leaf/IMG-20240724-WA0055_aug_31aug50.jpg,Tomato_mold_leaf,Tomato_mold_leaf,0.9990829229354858,1,1.5211420059204102,10.965161323547363,0.2045745849609375,12.694677352905273
dataset/test/Tomato_mold_leaf/IMG-20240724-WA0055aug7.jpg,Tomato_mold_leaf,Tomato_mold_leaf,0.999517560005188,1,1.532271385192871,11.106256484985352,0.20602035522460938,12.847843170166016
dataset/test/Tomato_mold_leaf/IMG-20240724-WA0065_aug_80aug69.jpg,Tomato_mold_leaf,Tomato_mold_leaf,0.9993342757225037,1,1.6133460998535156,10.828125,0.25635337829589844,12.701953887939453
dataset/test/Tomato_mold_leaf/IMG-20240724-WA0065_aug_81aug70.jpg,Tomato_mold_leaf,Tomato_mold_leaf,0.9986567497253418,1,1.5677156448364258,10.90173625946045,0.208038330078125,12.680731773376465
dataset/test/Tomato_mold_leaf/IMG-20240724-WA0065_aug_82aug66.jpg,Tomato_mold_leaf,Tomato_mold_leaf,0.9996147155761719,1,1.5213813781738281,10.28899097442627,0.1570749282836914,11.970023155212402
dataset/test/Tomato_mold_leaf/IMG-20240724-WA0065_aug_83aug65.jpg,Tomato_mold_leaf,Tomato_mold_leaf,0.9167969822883606,1,1.0751371383666992,7.53494930267334,0.16185283660888672,8.77453327178955
dataset/test/Tomato_mold_leaf/IMG-20240724-WA0065aug20.jpg,Tomato_mold_leaf,Tomato_mold_leaf,0.9993799924850464,1,1.0932674407958984,7.606875419616699,0.16042613983154297,8.86290454864502
dataset/test/Tomato_mold_leaf/IMG-20240725-WA0031_aug_0aug46.jpg,Tomato_mold_leaf,Tomato_mold_leaf,0.9898459911346436,1,1.0508050918579102,7.679099082946777,0.1599264144897461,8.892498016357422
dataset/test/Tomato_mold_leaf/IMG-20240725-WA0031_aug_1aug47.jpg,Tomato_mold_leaf,Tomato_mold_leaf,0.9989344477653503,1,1.0751008987426758,7.618988037109375,0.1638345718383789,8.860478401184082
dataset/test/Tomato_mold_leaf/IMG-20240725-WA0031_aug_2aug37.jpg,Tomato_mold_leaf,Tomato_mold_leaf,0.9898459911346436,1,1.0390453338623047,7.658487319946289,0.158538818359375,8.858331680297852
dataset/test/Tomato_mold_leaf/IMG-20240725-WA0031_aug_3aug45.jpg,Tomato_mold_leaf,Tomato_mold_leaf,0.9978051781654358,1,1.0338048934936523,7.608931541442871,0.15683460235595703,8.80194091796875
dataset/test/Tomato_mold_leaf/IMG-20240725-WA0031aug0.jpg,Tomato_mold_leaf,Tomato_mold_leaf,0.860146701335907,1,1.0466022491455078,7.529134750366211,0.15883541107177734,8.73694133758545
dataset/test/Tomato_mold_leaf/IMG-20240725-WA0039_aug_72aug79.jpg,Tomato_mold_leaf,Tomato_mold_leaf,0.9999474287033081,1,1.0635833740234375,7.468670845031738,0.15987110137939453,8.694385528564453
dataset/test/Tomato_mold_leaf/IMG-20240725-WA0039_aug_73aug95.jpg,Tomato_mold_leaf,Tomato_mold_leaf,0.9999456405639648,1,1.0901384353637695,7.932120323181152,0.16055583953857422,9.185425758361816
dataset/test/Tomato_mold_leaf/IMG-20240725-WA0039_aug_74aug71.jpg,Tomato_mold_leaf,Tomato_mold_leaf,0.9999418258666992,1,1.04608154296875,7.629524230957031,0.16029739379882812,8.838181495666504
dataset/test/Tomato_mold_leaf/IMG-20240725-WA0039_aug_75aug80.jpg,Tomato_mold_leaf,Tomato_mold_leaf,0.9998666048049927,1,1.0509710311889648,7.661303520202637,0.15938949584960938,8.874515533447266
dataset/test/Tomato_mold_leaf/IMG-20240725-WA0039aug18.jpg,Tomato_mold_leaf,Tomato_mold_leaf,0.9997332692146301,1,1.0541582107543945,8.287993431091309,0.17048263549804688,9.515077590942383
dataset/test/Tomato_mold_leaf/IMG-20240727-WA0038_aug_40aug105.jpg,Tomato_mold_leaf,Tomato_mold_leaf,0.9996633529663086,1,1.178471565246582,8.335639953613281,0.1688518524169922,9.685873985290527
dataset/test/Tomato_mold_leaf/IMG-20240727-WA0038_aug_41aug106.jpg,Tomato_mold_leaf,Tomato_mold_leaf,0.9990880489349365,1,1.142953872680664,8.662847518920898,0.16996479034423828,9.978191375732422
dataset/test/Tomato_mold_leaf/IMG-20240727-WA0038_aug_42aug116.jpg,Tomato_mold_leaf,Tomato_mold_leaf,0.9999849796295166,1,1.146916389465332,8.367975234985352,0.1690378189086914,9.686763763427734
dataset/test/Tomato_mold_leaf/IMG-20240727-WA0038_aug_43aug110.jpg,Tomato_mold_leaf,Tomato_mold_leaf,0.9986575841903687,1,1.1472864151000977,8.39208698272705,0.1679821014404297,9.709726333618164
dataset/test/Tomato_mold_leaf/IMG-20240727-WA0038aug10.jpg,Tomato_mold_leaf,Tomato_mold_leaf,0.9999865293502808,1,1.118952751159668,8.358511924743652,0.16724205017089844,9.647151947021484
dataset/test/Tomato_mold_leaf/IMG-20240727-WA0040_aug_56aug92.jpg,Tomato_mold_leaf,Tomato_mold_leaf,0.9999728202819824,1,1.1153240203857422,8.068619728088379,0.1684093475341797,9.355112075805664
dataset/test/Tomato_mold_leaf/IMG-20240727-WA0040_aug_57aug83.jpg,Tomato_mold_leaf,Tomato_mold_leaf,0.9998751878738403,1,1.1341218948364258,8.220306396484375,0.16965103149414062,9.52731704711914
dataset/test/Tomato_mold_leaf/IMG-20240727-WA0040_aug_58aug77.jpg,Tomato_mold_leaf,Tomato_mold_leaf,0.9998044371604919,1,1.161564826965332,8.156065940856934,0.16977882385253906,9.490224838256836
dataset/test/Tomato_mold_leaf/IMG-20240727-WA0040_aug_59aug94.jpg,Tomato_mold_leaf,Tomato_mold_leaf,0.999998927116394,1,1.126267433166504,7.987083435058594,0.16163063049316406,9.278038024902344
dataset/test/Tomato_mold_leaf/IMG-20240727-WA0040aug14.jpg,Tomato_mold_leaf,Tomato_mold_leaf,0.9999557733535767,1,1.0803985595703125,7.806600570678711,0.1632232666015625,9.053350448608398
dataset/test/Tomato_mold_leaf/IMG-20240727-WA0124_aug_20aug54.jpg,Tomato_mold_leaf,Tomato_mold_leaf,0.9997678399085999,1,1.1143417358398438,7.871620178222656,0.16179752349853516,9.150277137756348
dataset/test/Tomato_mold_leaf/IMG-20240727-WA0124_aug_21aug38.jpg,Tomato_mold_leaf,Tomato_mold_leaf,0.997704803943634,1,1.0969171524047852,7.833711624145508,0.16335296630859375,9.096463203430176
dataset/test/Tomato_mold_leaf/IMG-20240727-WA0124_aug_22aug31.jpg,Tomato_mold_leaf,Tomato_mold_leaf,0.9998112320899963,1,1.0918970108032227,7.871601104736328,0.16046428680419922,9.126221656799316
dataset/test/Tomato_mold_leaf/IMG-20240727-WA0124_aug_23aug55.jpg,Tomato_mold_leaf,Tomato_mold_leaf,0.9983454942703247,1,1.100693702697754,7.649062156677246,0.18024253845214844,8.932942390441895
dataset/test/Tomato_mold_leaf/IMG-20240727-WA0124aug5.jpg,Tomato_mold_leaf,Tomato_mold_leaf,0.9996798038482666,1,1.1970100402832031,7.808934211730957,0.165130615234375,9.173795700073242
dataset/test/Tomato_mold_leaf/IMG-20240727-WA0153_aug_92aug58.jpg,Tomato_mold_leaf,Tomato_mold_leaf,0.9999986886978149,1,1.110361099243164,7.767190933227539,0.16246509552001953,9.042739868164062
dataset/test/Tomato_mold_leaf/IMG-20240727-WA0153_aug_93aug60.jpg,Tomato_mold_leaf,Tomato_mold_leaf,0.9999536275863647,1,1.066878318786621,7.902303695678711,0.16403770446777344,9.135944366455078
dataset/test/Tomato_mold_leaf/IMG-20240727-WA0153aug23.jpg,Tomato_mold_leaf,Tomato_mold_leaf,0.999906063079834,1,1.1036014556884766,7.805118560791016,0.20711231231689453,9.118924140930176
dataset/test/Tomato_mold_leaf/IMG-20240727-WA0165aug25.jpg,Tomato_mold_leaf,Tomato_mold_leaf,0.9999513626098633,1,1.0679903030395508,7.900267601013184,0.1628894805908203,9.13416576385498
dataset/test/Tomato_mold_leaf/IMG-20240728-WA0028_aug_64aug91.jpg,Tomato_mold_leaf,Tomato_mold_leaf,0.9985381364822388,1,1.0667495727539062,7.914434432983398,0.1634082794189453,9.147185325622559
dataset/test/Tomato_mold_leaf/IMG-20240728-WA0028_aug_65aug86.jpg,Tomato_mold_leaf,Tomato_mold_leaf,0.9994844198226929,1,1.0705461502075195,8.00800895690918,0.16533565521240234,9.246519088745117
dataset/test/Tomato_mold_leaf/IMG-20240728-WA0028_aug_66aug78.jpg,Tomato_mold_leaf,Tomato_mold_leaf,0.9986650943756104,1,1.1081390380859375,8.006193161010742,0.16346359252929688,9.280372619628906
dataset/test/Tomato_mold_leaf/IMG-20240728-WA0028_aug_67aug99.jpg,Tomato_mold_leaf,Tomato_mold_leaf,0.9999198913574219,1,1.0850095748901367,8.004767417907715,0.16050148010253906,9.25264835357666
dataset/test/Tomato_mold_leaf/IMG-20240728-WA0028aug16.jpg,Tomato_mold_leaf,Tomato_mold_leaf,0.998940646648407,1,1.058563232421875,7.759376525878906,0.16466808319091797,8.9853515625
dataset/test/Tomato_mold_leaf/IMG-20240728-WA0068_aug_12aug29.jpg,Tomato_mold_leaf,Tomato_mold_leaf,0.9991728663444519,1,1.221212387084961,8.497421264648438,0.16679859161376953,9.888599395751953
dataset/test/Tomato_mold_leaf/IMG-20240728-WA0068_aug_13aug30.jpg,Tomato_mold_leaf,Tomato_mold_leaf,0.9980859756469727,1,1.221639633178711,7.799766540527344,0.16535282135009766,9.189019203186035
dataset/test/Tomato_mold_leaf/IMG-20240728-WA0068_aug_14aug56.jpg,Tomato_mold_leaf,Tomato_mold_leaf,0.9994218349456787,1,1.0884532928466797,8.696124076843262,0.2051677703857422,9.992766380310059
dataset/test/Tomato_mold_leaf/IMG-20240728-WA0068_aug_15aug42.jpg,Tomato_mold_leaf,Tomato_mold_leaf,0.9980461597442627,1,1.1907682418823242,7.987842559814453,0.1666116714477539,9.347870826721191
dataset/test/Tomato_mold_leaf/IMG-20240728-WA0068aug3.jpg,Tomato_mold_leaf,Tomato_mold_leaf,0.9987969398498535,1,1.0966577529907227,8.468660354614258,0.1658344268798828,9.733503341674805
dataset/test/Tomato_mold_leaf/IMG-20240728-WA0074_aug_44aug102.jpg,Tomato_mold_leaf,Tomato_mold_leaf,0.9999179840087891,1,1.4823074340820312,17.391362190246582,0.16537189483642578,19.042043685913086
dataset/test/Tomato_mold_leaf/IMG-20240728-WA0074_aug_45aug75.jpg,Tomato_mold_leaf,Tomato_mold_leaf,0.9999911785125732,1,1.1082677841186523,16.417131423950195,0.6534862518310547,18.18135166168213
dataset/test/Tomato_mold_leaf/IMG-20240728-WA0074_aug_46aug89.jpg,Tomato_mold_leaf,Tomato_mold_leaf,0.999998927116394,1,1.3249921798706055,8.45173454284668,0.16788959503173828,9.94730281829834
dataset/test/Tomato_mold_leaf/IMG-20240728-WA0074_aug_47aug111.jpg,Tomato_mold_leaf,Tomato_mold_leaf,0.9999960660934448,1,1.2030096054077148,7.96237850189209,0.1681680679321289,9.336853981018066
dataset/test/Tomato_mold_leaf/IMG-20240728-WA0074aug11.jpg,Tomato_mold_leaf,Tomato_mold_leaf,0.9999984502792358,1,1.1723814010620117,8.02550983428955,0.16546344757080078,9.366206169128418
dataset/test/Tomato_mold_leaf/IMG-20240728-WA0075aug24.jpg,Tomato_mold_leaf,Tomato_mold_leaf,0.9841282963752747,1,1.0984163284301758,8.100177764892578,0.16568660736083984,9.366743087768555
dataset/test/Tomato_mold_leaf/IMG-20240728-WA0087_aug_32aug113.jpg,Tomato_mold_leaf,Tomato_mold_leaf,0.9518492221832275,1,1.1288423538208008,8.009804725646973,0.16524219512939453,9.306557655334473
dataset/test/Tomato_mold_leaf/IMG-20240728-WA0087_aug_33aug112.jpg,Tomato_mold_leaf,Tomato_mold_leaf,0.9962149262428284,1,1.1432504653930664,8.225715637207031,0.16577911376953125,9.537261962890625
dataset/test/Tomato_mold_leaf/IMG-20240728-WA0087_aug_34aug104.jpg,Tomato_mold_leaf,Tomato_mold_leaf,0.9846591949462891,1,1.1177873611450195,8.149065971374512,0.16602039337158203,9.435297966003418
dataset/test/Tomato_mold_leaf/IMG-20240728-WA0087_aug_35aug100.jpg,Tomato_mold_leaf,Tomato_mold_leaf,0.9958935976028442,1,1.1502876281738281,8.03478717803955,0.16585350036621094,9.353631019592285
dataset/test/Tomato_mold_leaf/IMG-20240728-WA0087aug8.jpg,Tomato_mold_leaf,Tomato_mold_leaf,0.9928112626075745,1,1.1089162826538086,8.010952949523926,0.16527938842773438,9.287687301635742
dataset/test/Tomato_mold_leaf/IMG-20240728-WA0093_aug_76aug90.jpg,Tomato_mold_leaf,Tomato_mold_leaf,0.9999197721481323,1,1.0680294036865234,8.384771347045898,0.16578006744384766,9.621208190917969
dataset/test/Tomato_mold_leaf/IMG-20240728-WA0093_aug_77aug68.jpg,Tomato_mold_leaf,Tomato_mold_leaf,0.9999836683273315,1,1.1428985595703125,8.044195175170898,0.1627979278564453,9.352538108825684
dataset/test/Tomato_mold_leaf/IMG-20240728-WA0093_aug_78aug93.jpg,Tomato_mold_leaf,Tomato_mold_leaf,0.9999964237213135,1,1.0636005401611328,8.015010833740234,0.16462993621826172,9.246129989624023
dataset/test/Tomato_mold_leaf/IMG-20240728-WA0093_aug_79aug64.jpg,Tomato_mold_leaf,Tomato_mold_leaf,0.9999864101409912,1,1.0518789291381836,7.812619209289551,0.1649646759033203,9.03216552734375
dataset/test/Tomato_mold_leaf/IMG-20240728-WA0093aug19.jpg,Tomato_mold_leaf,Tomato_mold_leaf,0.9999922513961792,1,1.253713607788086,8.277047157287598,0.1650381088256836,9.698726654052734
dataset/test/Tomato_mold_leaf/IMG-20240728-WA0101_aug_84aug73.jpg,Tomato_mold_leaf,Tomato_mold_leaf,0.9999681711196899,1,1.2163991928100586,7.8369340896606445,0.16490936279296875,9.22113037109375
dataset/test/Tomato_mold_leaf/IMG-20240728-WA0101_aug_85aug72.jpg,Tomato_mold_leaf,Tomato_mold_leaf,0.9999141693115234,1,1.1136760711669922,8.055472373962402,0.1644277572631836,9.33666706085205
dataset/test/Tomato_mold_leaf/IMG-20240728-WA0101_aug_86aug67.jpg,Tomato_mold_leaf,Tomato_mold_leaf,0.99981290102005,1,1.1482677459716797,8.1197509765625,0.16514968872070312,9.43570613861084
dataset/test/Tomato_mold_leaf/IMG-20240728-WA0101_aug_87aug74.jpg,Tomato_mold_leaf,Tomato_mold_leaf,0.9999821186065674,1,1.1124343872070312,8.068047523498535,0.16639041900634766,9.349614143371582
dataset/test/Tomato_mold_leaf/IMG-20240728-WA0101aug21.jpg,Tomato_mold_leaf,Tomato_mold_leaf,0.9999922513961792,1,1.1272869110107422,7.98726749420166,0.16722393035888672,9.284408569335938
dataset/test/Tomato_mold_leaf/IMG-20240728-WA0103_aug_48aug107.jpg,Tomato_mold_leaf,Tomato_mold_leaf,0.9999825954437256,1,1.1496572494506836,8.18723201751709,0.16735267639160156,9.507020950317383
dataset/test/Tomato_mold_leaf/IMG-20240728-WA0103_aug_49aug76.jpg,Tomato_mold_leaf,Tomato_mold_leaf,0.999795138835907,1,1.130620002746582,7.98887825012207,0.16537189483642578,9.287297248840332
dataset/test/Tomato_mold_leaf/IMG-20240728-WA0103_aug_50aug114.jpg,Tomato_mold_leaf,Tomato_mold_leaf,0.9995653033256531,1,1.1193790435791016,8.002434730529785,0.16535282135009766,9.289742469787598
dataset/test/Tomato_mold_leaf/IMG-20240728-WA0103_aug_51aug84.jpg,Tomato_mold_leaf,Tomato_mold_leaf,0.9996970891952515,1,1.1703424453735352,8.373790740966797,0.1665935516357422,9.713561058044434
dataset/test/Tomato_mold_leaf/IMG-20240728-WA0103aug12.jpg,Tomato_mold_leaf,Tomato_mold_leaf,0.9996433258056641,1,1.1234350204467773,8.181509971618652,0.15742778778076172,9.465021133422852
dataset/test/Tomato_mold_leaf/IMG-20240812-WA0183_aug_88aug59.jpg,Tomato_mold_leaf,Tomato_Early_blight_leaf,0.5756486058235168,0,1.0789718627929688,7.792878150939941,0.1691122055053711,9.043351173400879
dataset/test/Tomato_mold_leaf/IMG-20240812-WA0183_aug_89aug61.jpg,Tomato_mold_leaf,Tomato_Early_blight_leaf,0.9798114895820618,0,1.2291574478149414,7.8568220138549805,0.16455745697021484,9.25337028503418
dataset/test/Tomato_mold_leaf/IMG-20240812-WA0183_aug_90aug63.jpg,Tomato_mold_leaf,Tomato_Early_blight_leaf,0.9849993586540222,0,1.0937318801879883,8.102639198303223,0.16498184204101562,9.363779067993164
dataset/test/Tomato_mold_leaf/IMG-20240812-WA0183_aug_91aug62.jpg,Tomato_mold_leaf,Tomato_Early_blight_leaf,0.5659346580505371,0,1.088639259338379,7.957859992980957,0.1649465560913086,9.214408874511719
dataset/test/Tomato_mold_leaf/IMG-20240812-WA0183aug22.jpg,Tomato_mold_leaf,Tomato_Early_blight_leaf,0.8215955495834351,0,1.1817312240600586,8.002694129943848,0.16566753387451172,9.352649688720703
dataset/test/Tomato_mold_leaf/IMG_20251102_155435_aug_24aug39.jpg,Tomato_mold_leaf,Tomato_Early_blight_leaf,0.7053964734077454,0,1.0864896774291992,8.243029594421387,0.169464111328125,9.502243041992188
dataset/test/Tomato_mold_leaf/IMG_20251102_155435_aug_25aug51.jpg,Tomato_mold_leaf,Tomato_Early_blight_leaf,0.9330443739891052,0,1.136286735534668,8.271788597106934,0.1680002212524414,9.57896614074707
dataset/test/Tomato_mold_leaf/IMG_20251102_155435_aug_26aug26.jpg,Tomato_mold_leaf,Tomato_Early_blight_leaf,0.9775452613830566,0,1.1739540100097656,8.284991264343262,0.171630859375,9.633132934570312
dataset/test/Tomato_mold_leaf/IMG_20251102_155435_aug_27aug52.jpg,Tomato_mold_leaf,Tomato_Early_blight_leaf,0.8049865365028381,0,1.1126747131347656,8.258992195129395,0.16431617736816406,9.538448333740234
dataset/test/Tomato_mold_leaf/IMG_20251102_155435aug6.jpg,Tomato_mold_leaf,Tomato_Early_blight_leaf,0.8656904697418213,0,1.1235275268554688,8.363384246826172,0.1561117172241211,9.645262718200684
dataset/test/Tomato_mold_leaf/Leaf+mold+tomato+_25283_2529.JPG_aug_36aug118.jpg,Tomato_mold_leaf,Tomato_Healthy_leaf,0.694652795791626,0,1.1514348983764648,8.174491882324219,0.16966915130615234,9.49813175201416
dataset/test/Tomato_mold_leaf/Leaf+mold+tomato+_25283_2529.JPG_aug_37aug117.jpg,Tomato_mold_leaf,Tomato_Healthy_leaf,0.4325442910194397,0,1.2806215286254883,8.137714385986328,0.16838932037353516,9.589760780334473
dataset/test/Tomato_mold_leaf/Leaf+mold+tomato+_25283_2529.JPG_aug_38aug119.jpg,Tomato_mold_leaf,Tomato_Healthy_leaf,0.7464402318000793,0,1.3194732666015625,8.108047485351562,0.1692972183227539,9.599651336669922
dataset/test/Tomato_mold_leaf/Leaf+mold+tomato+_25283_2529.JPG_aug_39aug103.jpg,Tomato_mold_leaf,Tomato_Healthy_leaf,0.8570799231529236,0,1.1903800964355469,8.265641212463379,0.1687602996826172,9.627448081970215
dataset/test/Tomato_mold_leaf/Leaf+mold+tomato+_25283_2529.JPGaug9.jpg,Tomato_mold_leaf,Tomato_Healthy_leaf,0.8835198879241943,0,1.1924352645874023,8.228567123413086,0.16961193084716797,9.593523025512695
dataset/test/Tomato_mold_leaf/Leaf-mold-caused-by-the-fungal-pathogen-Passalore-fulva-in-tomatoes_aug_16aug33.jpg,Tomato_mold_leaf,Tomato_Septoria_leaf_spot,0.914249837398529,0,1.1135101318359375,8.332605361938477,0.1680011749267578,9.616910934448242
dataset/test/Tomato_mold_leaf/Leaf-mold-caused-by-the-fungal-pathogen-Passalore-fulva-in-tomatoes_aug_17aug57.jpg,Tomato_mold_leaf,Tomato_Septoria_leaf_spot,0.5377064943313599,0,1.0863609313964844,8.09221363067627,0.16500186920166016,9.34605598449707
dataset/test/Tomato_mold_leaf/Leaf-mold-caused-by-the-fungal-pathogen-Passalore-fulva-in-tomatoes_aug_18aug32.jpg,Tomato_mold_leaf,Tomato_Septoria_leaf_spot,0.826117992401123,0,1.1200828552246094,8.034601211547852,0.16490840911865234,9.322186470031738
dataset/test/Tomato_mold_leaf/Leaf-mold-caused-by-the-fungal-pathogen-Passalore-fulva-in-tomatoes_aug_19aug53.jpg,Tomato_mold_leaf,Tomato_Septoria_leaf_spot,0.9242154359817505,0,1.0802316665649414,8.012787818908691,0.1658344268798828,9.26131534576416
dataset/test/Tomato_mold_leaf/Leaf-mold-caused-by-the-fungal-pathogen-Passalore-fulva-in-tomatoesaug4.jpg,Tomato_mold_leaf,Tomato_Septoria_leaf_spot,0.6709195971488953,0,1.0778608322143555,8.033936500549316,0.16735172271728516,9.2821683883667
dataset/test/Tomato_mold_leaf/leaf_mold_nightshade2x500_aug_60aug81.jpg,Tomato_mold_leaf,Tomato_Septoria_leaf_spot,0.717444658279419,0,1.1167869567871094,8.001233100891113,0.16509437561035156,9.285630226135254
dataset/test/Tomato_mold_leaf/leaf_mold_nightshade2x500_aug_61aug96.jpg,Tomato_mold_leaf,Tomato_mold_leaf,0.9999481439590454,1,1.1407861709594727,8.034139633178711,0.1647787094116211,9.342594146728516
dataset/test/Tomato_mold_leaf/leaf_mold_nightshade2x500_aug_62aug85.jpg,Tomato_mold_leaf,Tomato_mold_leaf,0.47728627920150757,1,1.080897331237793,7.968120574951172,0.1560192108154297,9.207518577575684
dataset/test/Tomato_mold_leaf/leaf_mold_nightshade2x500_aug_63aug88.jpg,Tomato_mold_leaf,Tomato_mold_leaf,0.9416097402572632,1,1.153472900390625,7.827877998352051,0.16742610931396484,9.151406288146973
dataset/test/Tomato_mold_leaf/leaf_mold_nightshade2x500aug15.jpg,Tomato_mold_leaf,Tomato_mold_leaf,0.9995583891868591,1,1.2204170227050781,7.856024742126465,0.1664266586303711,9.245481491088867
dataset/test/Tomato_mold_leaf/leaf_mold_tomato5x1200_jpg.rf.0a5ee47c78e753f9580bfb7744438ebf_aug_52aug101.jpg,Tomato_mold_leaf,Tomato_mold_leaf,0.9999998807907104,1,1.111323356628418,8.009637832641602,0.1649627685546875,9.288982391357422
dataset/test/Tomato_mold_leaf/leaf_mold_tomato5x1200_jpg.rf.0a5ee47c78e753f9580bfb7744438ebf_aug_53aug108.jpg,Tomato_mold_leaf,Tomato_mold_leaf,0.9999998807907104,1,1.1503429412841797,7.993063926696777,0.16607666015625,9.312186241149902
dataset/test/Tomato_mold_leaf/leaf_mold_tomato5x1200_jpg.rf.0a5ee47c78e753f9580bfb7744438ebf_aug_54aug115.jpg,Tomato_mold_leaf,Tomato_mold_leaf,1.0,1,1.1045093536376953,8.04521369934082,0.1640186309814453,9.316612243652344
dataset/test/Tomato_mold_leaf/leaf_mold_tomato5x1200_jpg.rf.0a5ee47c78e753f9580bfb7744438ebf_aug_55aug109.jpg,Tomato_mold_leaf,Tomato_mold_leaf,0.9999997615814209,1,1.1228246688842773,8.038545608520508,0.166778564453125,9.331167221069336
dataset/test/Tomato_mold_leaf/leaf_mold_tomato5x1200_jpg.rf.0a5ee47c78e753f9580bfb7744438ebfaug13.jpg,Tomato_mold_leaf,Tomato_mold_leaf,0.9999997615814209,1,1.1373252868652344,8.264863014221191,0.15894603729248047,9.563614845275879
dataset/test/Tomato_mold_leaf/tomato_leaf-mold_04_zoom_aug_4aug36.jpg,Tomato_mold_leaf,Tomato_leaf_late_blight,0.4585493803024292,0,1.1022872924804688,7.777525901794434,0.16692829132080078,9.049331665039062
dataset/test/Tomato_mold_leaf/tomato_leaf-mold_04_zoom_aug_5aug48.jpg,Tomato_mold_leaf,Tomato_leaf_late_blight,0.6646949648857117,0,1.2494735717773438,7.966526985168457,0.1660938262939453,9.384501457214355
dataset/test/Tomato_mold_leaf/tomato_leaf-mold_04_zoom_aug_6aug40.jpg,Tomato_mold_leaf,Tomato_leaf_late_blight,0.9400485754013062,0,1.1523609161376953,7.919045448303223,0.16533470153808594,9.239705085754395
dataset/test/Tomato_mold_leaf/tomato_leaf-mold_04_zoom_aug_7aug34.jpg,Tomato_mold_leaf,Tomato_leaf_late_blight,0.7187575101852417,0,1.1515083312988281,8.014861106872559,0.16431617736816406,9.333407402038574
dataset/test/Tomato_mold_leaf/tomato_leaf-mold_04_zoomaug1.jpg,Tomato_mold_leaf,Tomato_Septoria_leaf_spot,0.509283721446991,0,1.1135835647583008,8.173086166381836,0.16733455657958984,9.456798553466797
