image_path,true_class,predicted_class,confidence,correct,preprocess_ms,inference_ms,postprocess_ms,total_pipeline_ms
dataset/test/Tomato_Early_blight_leaf/100_46341_aug_5aug62.jpg,Tomato_Early_blight_leaf,Tomato_Septoria_leaf_spot,0.7160208225250244,0,1.1184167861938477,7.718430519104004,0.2575197219848633,9.098146438598633
dataset/test/Tomato_Early_blight_leaf/100_46341_aug_6aug64.jpg,Tomato_Early_blight_leaf,Tomato_Early_blight_leaf,0.8022392988204956,1,1.1089353561401367,7.829339981079102,0.20100116729736328,9.142332077026367
dataset/test/Tomato_Early_blight_leaf/100_46341_aug_7aug57.jpg,Tomato_Early_blight_leaf,Tomato_Early_blight_leaf,0.8022392988204956,1,1.1366205215454102,7.872895240783691,0.1830759048461914,9.195350646972656
dataset/test/Tomato_Early_blight_leaf/100_46341_aug_8aug66.jpg,Tomato_Early_blight_leaf,Tomato_Early_blight_leaf,0.7247263193130493,1,1.1931934356689453,7.999935150146484,0.18096351623535156,9.376593589782715
dataset/test/Tomato_Early_blight_leaf/100_46341_aug_9aug65.jpg,Tomato_Early_blight_leaf,Tomato_Early_blight_leaf,0.30932408571243286,1,1.1795845031738281,8.059082984924316,0.19724369049072266,9.439019203186035
dataset/test/Tomato_Early_blight_leaf/100_46341aug1.jpg,Tomato_Early_blight_leaf,Tomato_Early_blight_leaf,0.5374318957328796,1,1.2217683792114258,8.005528450012207,0.1774454116821289,9.407501220703125
dataset/test/Tomato_Early_blight_leaf/1723454500663_aug_20aug39.jpg,Tomato_Early_blight_leaf,Tomato_Early_blight_leaf,0.999998927116394,1,1.0888786315917969,8.045454025268555,0.16820526123046875,9.305130004882812
dataset/test/Tomato_Early_blight_leaf/1723454500663_aug_21aug35.jpg,Tomato_Early_blight_leaf,Tomato_Early_blight_leaf,0.9999549388885498,1,1.0698232650756836,7.821600914001465,0.18501949310302734,9.079109191894531
dataset/test/Tomato_Early_blight_leaf/1723454500663_aug_22aug51.jpg,Tomato_Early_blight_leaf,Tomato_Early_blight_leaf,0.9999988079071045,1,1.212472915649414,8.032248497009277,0.1690206527709961,9.41650104522705
dataset/test/Tomato_Early_blight_leaf/1723454500663_aug_23aug33.jpg,Tomato_Early_blight_leaf,Tomato_Early_blight_leaf,0.999998927116394,1,1.0899162292480469,7.9541730880737305,0.1655750274658203,9.212165832519531
dataset/test/Tomato_Early_blight_leaf/1723454500663_aug_24aug50.jpg,Tomato_Early_blight_leaf,Tomato_Early_blight_leaf,0.9998503923416138,1,1.0964889526367188,8.119155883789062,0.16665077209472656,9.385315895080566
dataset/test/Tomato_Early_blight_leaf/1723454500663aug4.jpg,Tomato_Early_blight_leaf,Tomato_Early_blight_leaf,0.9999455213546753,1,1.147435188293457,8.036527633666992,0.16898250579833984,9.355501174926758
dataset/test/Tomato_Early_blight_leaf/1723454507240aug20.jpg,Tomato_Early_blight_leaf,Tomato_Septoria_leaf_spot,0.8284226059913635,0,1.0998783111572266,8.086546897888184,0.1662607192993164,9.35555648803711
dataset/test/Tomato_Early_blight_leaf/EB_(981)_aug_65aug107.jpg,Tomato_Early_blight_leaf,Tomato_Early_blight_leaf,0.9997624754905701,1,1.138472557067871,7.9649152755737305,0.1616678237915039,9.267741203308105
dataset/test/Tomato_Early_blight_leaf/EB_(981)_aug_66aug102.jpg,Tomato_Early_blight_leaf,Tomato_Early_blight_leaf,0.9998200535774231,1,1.1401195526123047,7.725933074951172,0.19804000854492188,9.066478729248047
dataset/test/Tomato_Early_blight_leaf/EB_(981)_aug_67aug101.jpg,Tomato_Early_blight_leaf,Tomato_Early_blight_leaf,0.9613551497459412,1,1.0789899826049805,7.714821815490723,0.16231632232666016,8.958922386169434
dataset/test/Tomato_Early_blight_leaf/EB_(981)_aug_68aug95.jpg,Tomato_Early_blight_leaf,Tomato_Early_blight_leaf,0.9906648397445679,1,1.0828227996826172,7.961824417114258,0.1597614288330078,9.207037925720215
dataset/test/Tomato_Early_blight_leaf/EB_(981)_aug_69aug97.jpg,Tomato_Early_blight_leaf,Tomato_Early_blight_leaf,0.9944958090782166,1,1.0778799057006836,7.535819053649902,0.16307640075683594,8.779181480407715
dataset/test/Tomato_Early_blight_leaf/EB_(981)aug13.jpg,Tomato_Early_blight_leaf,Tomato_Early_blight_leaf,0.9898049831390381,1,1.2390642166137695,7.599635124206543,0.19853878021240234,9.039701461791992
dataset/test/Tomato_Early_blight_leaf/Early-blight-660x440_aug_0aug61.jpg,Tomato_Early_blight_leaf,Tomato_Early_blight_leaf,0.9971786737442017,1,1.0839338302612305,7.703340530395508,0.16153812408447266,8.951830863952637
dataset/test/Tomato_Early_blight_leaf/Early-blight-660x440_aug_1aug59.jpg,Tomato_Early_blight_leaf,Tomato_Early_blight_leaf,0.9964104294776917,1,1.066859245300293,7.748523712158203,0.16042709350585938,8.978775024414062
dataset/test/Tomato_Early_blight_leaf/Early-blight-660x440_aug_2aug63.jpg,Tomato_Early_blight_leaf,Tomato_Early_blight_leaf,0.9998956918716431,1,1.0830087661743164,7.726507186889648,0.15955638885498047,8.971145629882812
dataset/test/Tomato_Early_blight_leaf/Early-blight-660x440_aug_3aug60.jpg,Tomato_Early_blight_leaf,Tomato_Early_blight_leaf,0.9950852990150452,1,1.1202507019042969,7.711154937744141,0.19939136505126953,9.03373908996582
dataset/test/Tomato_Early_blight_leaf/Early-blight-660x440_aug_4aug58.jpg,Tomato_Early_blight_leaf,Tomato_Early_blight_leaf,0.9917238354682922,1,1.0737686157226562,7.786914825439453,0.16231632232666016,9.025571823120117
dataset/test/Tomato_Early_blight_leaf/Early-blight-660x440aug0.jpg,Tomato_Early_blight_leaf,Tomato_Early_blight_leaf,0.9960049986839294,1,1.0959157943725586,7.690838813781738,0.1633157730102539,8.952848434448242
dataset/test/Tomato_Early_blight_leaf/Gls42_change_180_aug_70aug100.jpg,Tomato_Early_blight_leaf,Tomato_Early_blight_leaf,0.9999942779541016,1,1.0617856979370117,7.830303192138672,0.16379833221435547,9.05862808227539
dataset/test/Tomato_Early_blight_leaf/Gls42_change_180_aug_71aug109.jpg,Tomato_Early_blight_leaf,Tomato_Early_blight_leaf,0.9999959468841553,1,1.097489356994629,7.858803749084473,0.1660757064819336,9.125240325927734
dataset/test/Tomato_Early_blight_leaf/Gls42_change_180_aug_72aug104.jpg,Tomato_Early_blight_leaf,Tomato_Early_blight_leaf,0.9999829530715942,1,1.0662126541137695,7.922581672668457,0.1950387954711914,9.186203002929688
dataset/test/Tomato_Early_blight_leaf/Gls42_change_180_aug_73aug94.jpg,Tomato_Early_blight_leaf,Tomato_Early_blight_leaf,0.9999904632568359,1,1.0616559982299805,8.115212440490723,0.16346454620361328,9.342963218688965
dataset/test/Tomato_Early_blight_leaf/Gls42_change_180_aug_74aug108.jpg,Tomato_Early_blight_leaf,Tomato_Early_blight_leaf,0.9999960660934448,1,1.0633220672607422,7.884099960327148,0.16285228729248047,9.113035202026367
dataset/test/Tomato_Early_blight_leaf/Gls42_change_180aug14.jpg,Tomato_Early_blight_leaf,Tomato_Early_blight_leaf,0.998971700668335,1,1.0969724655151367,7.931377410888672,0.17374229431152344,9.205092430114746
dataset/test/Tomato_Early_blight_leaf/Gls4_mirror_aug_60aug93.jpg,Tomato_Early_blight_leaf,Tomato_Early_blight_leaf,0.9999741315841675,1,1.0743045806884766,7.915914535522461,0.1600208282470703,9.15314769744873
dataset/test/Tomato_Early_blight_leaf/Gls4_mirror_aug_61aug98.jpg,Tomato_Early_blight_leaf,Tomato_Early_blight_leaf,0.99837327003479,1,1.0342674255371094,7.756043434143066,0.1644277572631836,8.957515716552734
dataset/test/Tomato_Early_blight_leaf/Gls4_mirror_aug_62aug91.jpg,Tomato_Early_blight_leaf,Tomato_Early_blight_leaf,0.99982750415802,1,1.1729917526245117,7.683228492736816,0.1665201187133789,9.02529525756836
dataset/test/Tomato_Early_blight_leaf/Gls4_mirror_aug_63aug110.jpg,Tomato_Early_blight_leaf,Tomato_Early_blight_leaf,0.9999973773956299,1,1.0300827026367188,7.926544189453125,0.16265010833740234,9.122275352478027
dataset/test/Tomato_Early_blight_leaf/Gls4_mirror_aug_64aug105.jpg,Tomato_Early_blight_leaf,Tomato_Early_blight_leaf,0.9999957084655762,1,1.052490234375,8.033842086791992,0.1690378189086914,9.25827693939209
dataset/test/Tomato_Early_blight_leaf/Gls4_mirror_vertical_aug_25aug37.jpg,Tomato_Early_blight_leaf,Tomato_Early_blight_leaf,0.9727016091346741,1,1.0861196517944336,8.349788665771484,0.16829776763916016,9.606928825378418
dataset/test/Tomato_Early_blight_leaf/Gls4_mirror_vertical_aug_26aug41.jpg,Tomato_Early_blight_leaf,Tomato_Early_blight_leaf,0.9853693842887878,1,1.082045555114746,8.31028938293457,0.16835308074951172,9.563446998596191
dataset/test/Tomato_Early_blight_leaf/Gls4_mirror_vertical_aug_27aug40.jpg,Tomato_Early_blight_leaf,Tomato_Early_blight_leaf,0.9788824915885925,1,1.0808420181274414,8.319676399230957,0.17020511627197266,9.573465347290039
dataset/test/Tomato_Early_blight_leaf/Gls4_mirror_vertical_aug_28aug36.jpg,Tomato_Early_blight_leaf,Tomato_Early_blight_leaf,0.9992278814315796,1,1.1269712448120117,8.313233375549316,0.17218589782714844,9.615410804748535
dataset/test/Tomato_Early_blight_leaf/Gls4_mirror_vertical_aug_29aug42.jpg,Tomato_Early_blight_leaf,Tomato_Early_blight_leaf,0.9931233525276184,1,1.0968608856201172,8.320919036865234,0.1707620620727539,9.591520309448242
dataset/test/Tomato_Early_blight_leaf/Gls4_mirror_verticalaug5.jpg,Tomato_Early_blight_leaf,Tomato_Early_blight_leaf,0.9979764819145203,1,1.0878801345825195,8.286325454711914,0.16861343383789062,9.545816421508789
dataset/test/Tomato_Early_blight_leaf/Gls4_mirroraug12.jpg,Tomato_Early_blight_leaf,Tomato_Early_blight_leaf,0.9999995231628418,1,1.0951566696166992,8.516234397888184,0.17263031005859375,9.787171363830566
dataset/test/Tomato_Early_blight_leaf/IMG-20240812-WA0445_aug_40aug23.jpg,Tomato_Early_blight_leaf,Tomato_mold_leaf,0.9228853583335876,0,1.16387939453125,9.25759220123291,0.17059326171875,10.594954490661621
dataset/test/Tomato_Early_blight_leaf/IMG-20240812-WA0445_aug_41aug28.jpg,Tomato_Early_blight_leaf,Tomato_mold_leaf,0.8923964500427246,0,1.1798429489135742,8.413992881774902,0.17022323608398438,9.767077445983887
dataset/test/Tomato_Early_blight_leaf/IMG-20240812-WA0445_aug_42aug21.jpg,Tomato_Early_blight_leaf,Tomato_mold_leaf,0.7512302994728088,0,1.1523609161376953,8.459827423095703,0.1685934066772461,9.783596992492676
dataset/test/Tomato_Early_blight_leaf/IMG-20240812-WA0445_aug_43aug24.jpg,Tomato_Early_blight_leaf,Tomato_mold_leaf,0.4673526883125305,0,1.1905641555786133,8.236547470092773,0.1644268035888672,9.59418773651123
dataset/test/Tomato_Early_blight_leaf/IMG-20240812-WA0445_aug_44aug22.jpg,Tomato_Early_blight_leaf,Tomato_mold_leaf,0.9519621729850769,0,1.1482868194580078,7.97369384765625,0.15740966796875,9.28213119506836
dataset/test/Tomato_Early_blight_leaf/IMG-20240812-WA0445aug8.jpg,Tomato_Early_blight_leaf,Tomato_Early_blight_leaf,0.5253464579582214,1,1.1531028747558594,7.829785346984863,0.16472434997558594,9.150738716125488
dataset/test/Tomato_Early_blight_leaf/IMG20240812111749_aug_90aug80.jpg,Tomato_Early_blight_leaf,Tomato_mold_leaf,0.998376727104187,0,1.2918243408203125,7.872692108154297,0.17398357391357422,9.341961860656738
dataset/test/Tomato_Early_blight_leaf/IMG20240812111749_aug_91aug77.jpg,Tomato_Early_blight_leaf,Tomato_mold_leaf,0.9998778104782104,0,1.2078428268432617,7.975748062133789,0.16753768920898438,9.353889465332031
dataset/test/Tomato_Early_blight_leaf/IMG20240812111749_aug_92aug73.jpg,Tomato_Early_blight_leaf,Tomato_mold_leaf,0.9995964169502258,0,1.1930656433105469,7.992266654968262,0.16718578338623047,9.355147361755371
dataset/test/Tomato_Early_blight_leaf/IMG20240812111749_aug_93aug71.jpg,Tomato_Early_blight_leaf,Tomato_mold_leaf,0.9758781790733337,0,1.1475658416748047,8.037137985229492,0.16759490966796875,9.355112075805664
dataset/test/Tomato_Early_blight_leaf/IMG20240812111749_aug_94aug74.jpg,Tomato_Early_blight_leaf,Tomato_mold_leaf,0.9999208450317383,0,1.214324951171875,7.96560001373291,0.16801929473876953,9.351149559020996
dataset/test/Tomato_Early_blight_leaf/IMG20240812111749aug18.jpg,Tomato_Early_blight_leaf,Tomato_mold_leaf,0.9999897480010986,0,1.2458057403564453,8.02932357788086,0.16170406341552734,9.43996524810791
dataset/test/Tomato_Early_blight_leaf/IMG_20251102_155150_aug_30aug34.jpg,Tomato_Early_blight_leaf,Tomato_Early_blight_leaf,1.0,1,1.1051006317138672,8.031861305236816,0.16022205352783203,9.29985237121582
dataset/test/Tomato_Early_blight_leaf/IMG_20251102_155150_aug_31aug43.jpg,Tomato_Early_blight_leaf,Tomato_Early_blight_leaf,0.9999998807907104,1,1.0757865905761719,8.06376838684082,0.30420589447021484,9.44655704498291
dataset/test/Tomato_Early_blight_leaf/IMG_20251102_155150_aug_32aug44.jpg,Tomato_Early_blight_leaf,Tomato_Early_blight_leaf,1.0,1,1.100916862487793,7.849081039428711,0.1659832000732422,9.118387222290039
dataset/test/Tomato_Early_blight_leaf/IMG_20251102_155150_aug_33aug38.jpg,Tomato_Early_blight_leaf,Tomato_Early_blight_leaf,1.0,1,1.2092876434326172,7.865358352661133,0.18483448028564453,9.262370109558105
dataset/test/Tomato_Early_blight_leaf/IMG_20251102_155150_aug_34aug32.jpg,Tomato_Early_blight_leaf,Tomato_Early_blight_leaf,1.0,1,1.080230712890625,8.157490730285645,0.16446399688720703,9.404722213745117
dataset/test/Tomato_Early_blight_leaf/IMG_20251102_155150aug6.jpg,Tomato_Early_blight_leaf,Tomato_Early_blight_leaf,1.0,1,1.1211023330688477,8.029212951660156,0.16466808319091797,9.318241119384766
dataset/test/Tomato_Early_blight_leaf/IMG_20251102_155153_aug_85aug72.jpg,Tomato_Early_blight_leaf,Tomato_Early_blight_leaf,1.0,1,1.121230125427246,8.00163745880127,0.18285369873046875,9.3084077835083
dataset/test/Tomato_Early_blight_leaf/IMG_20251102_155153_aug_86aug78.jpg,Tomato_Early_blight_leaf,Tomato_Early_blight_leaf,1.0,1,1.1207504272460938,8.039156913757324,0.1708536148071289,9.334240913391113
dataset/test/Tomato_Early_blight_leaf/IMG_20251102_155153_aug_87aug76.jpg,Tomato_Early_blight_leaf,Tomato_Early_blight_leaf,1.0,1,1.160898208618164,8.07552719116211,0.1655750274658203,9.4050931930542
dataset/test/Tomato_Early_blight_leaf/IMG_20251102_155153_aug_88aug79.jpg,Tomato_Early_blight_leaf,Tomato_Early_blight_leaf,1.0,1,1.116861343383789,8.040083885192871,0.1681680679321289,9.328092575073242
dataset/test/Tomato_Early_blight_leaf/IMG_20251102_155153_aug_89aug75.jpg,Tomato_Early_blight_leaf,Tomato_Early_blight_leaf,1.0,1,1.0813417434692383,8.16395378112793,0.1658163070678711,9.414019584655762
dataset/test/Tomato_Early_blight_leaf/IMG_20251102_155153aug17.jpg,Tomato_Early_blight_leaf,Tomato_Early_blight_leaf,1.0,1,1.1555099487304688,8.141158103942871,0.16318702697753906,9.462686538696289
dataset/test/Tomato_Early_blight_leaf/IMG_20251102_155207_aug_10aug47.jpg,Tomato_Early_blight_leaf,Tomato_Early_blight_leaf,0.9999992847442627,1,1.086287498474121,8.033435821533203,0.15390777587890625,9.276239395141602
dataset/test/Tomato_Early_blight_leaf/IMG_20251102_155207_aug_11aug56.jpg,Tomato_Early_blight_leaf,Tomato_Early_blight_leaf,0.9999983310699463,1,1.0820636749267578,7.820636749267578,0.16614913940429688,9.07142448425293
dataset/test/Tomato_Early_blight_leaf/IMG_20251102_155207_aug_12aug45.jpg,Tomato_Early_blight_leaf,Tomato_Early_blight_leaf,0.9999998807907104,1,1.2258243560791016,7.831246376037598,0.18196582794189453,9.242202758789062
dataset/test/Tomato_Early_blight_leaf/IMG_20251102_155207_aug_13aug48.jpg,Tomato_Early_blight_leaf,Tomato_Early_blight_leaf,1.0,1,1.0655632019042969,7.990008354187012,0.1640939712524414,9.22242546081543
dataset/test/Tomato_Early_blight_leaf/IMG_20251102_155207_aug_14aug49.jpg,Tomato_Early_blight_leaf,Tomato_Early_blight_leaf,0.9999990463256836,1,1.1045074462890625,8.009285926818848,0.1651315689086914,9.281630516052246
dataset/test/Tomato_Early_blight_leaf/IMG_20251102_155207aug2.jpg,Tomato_Early_blight_leaf,Tomato_Early_blight_leaf,0.9999992847442627,1,1.1087493896484375,8.089934349060059,0.1659088134765625,9.367388725280762
dataset/test/Tomato_Early_blight_leaf/IMG_20251102_155305_aug_35aug25.jpg,Tomato_Early_blight_leaf,Tomato_Early_blight_leaf,0.997835099697113,1,1.0909538269042969,7.969062805175781,0.16514968872070312,9.227778434753418
dataset/test/Tomato_Early_blight_leaf/IMG_20251102_155305_aug_36aug27.jpg,Tomato_Early_blight_leaf,Tomato_Early_blight_leaf,0.9972949624061584,1,1.086212158203125,8.001877784729004,0.15361309051513672,9.2438325881958
dataset/test/Tomato_Early_blight_leaf/IMG_20251102_155305_aug_37aug29.jpg,Tomato_Early_blight_leaf,Tomato_Early_blight_leaf,0.9057067632675171,1,1.089193344116211,7.889229774475098,0.1662425994873047,9.147109985351562
dataset/test/Tomato_Early_blight_leaf/IMG_20251102_155305_aug_38aug31.jpg,Tomato_Early_blight_leaf,Tomato_Early_blight_leaf,0.9990898370742798,1,1.2432136535644531,8.208842277526855,0.16592788696289062,9.620466232299805
dataset/test/Tomato_Early_blight_leaf/IMG_20251102_155305_aug_39aug26.jpg,Tomato_Early_blight_leaf,Tomato_Early_blight_leaf,0.9964884519577026,1,1.1318435668945312,8.031137466430664,0.16585350036621094,9.33187198638916
dataset/test/Tomato_Early_blight_leaf/IMG_20251102_155305aug7.jpg,Tomato_Early_blight_leaf,Tomato_Early_blight_leaf,0.997641921043396,1,1.1948060989379883,8.214566230773926,0.1630382537841797,9.575316429138184
dataset/test/Tomato_Early_blight_leaf/IMG_20251102_155853_aug_55aug106.jpg,Tomato_Early_blight_leaf,Tomato_leaf_late_blight,0.9698198437690735,0,1.1060266494750977,8.169435501098633,0.1634082794189453,9.441779136657715
dataset/test/Tomato_Early_blight_leaf/IMG_20251102_155853_aug_56aug92.jpg,Tomato_Early_blight_leaf,Tomato_leaf_late_blight,0.9999791383743286,0,1.0701208114624023,23.446982383728027,0.16818618774414062,24.688251495361328
dataset/test/Tomato_Early_blight_leaf/IMG_20251102_155853_aug_57aug96.jpg,Tomato_Early_blight_leaf,Tomato_leaf_late_blight,0.9905359148979187,0,1.113119125366211,10.242935180664062,0.16663169860839844,11.52538776397705
dataset/test/Tomato_Early_blight_leaf/IMG_20251102_155853_aug_58aug103.jpg,Tomato_Early_blight_leaf,Tomato_leaf_late_blight,0.9999744892120361,0,1.0876188278198242,8.090435981750488,0.16457557678222656,9.345648765563965
dataset/test/Tomato_Early_blight_leaf/IMG_20251102_155853_aug_59aug99.jpg,Tomato_Early_blight_leaf,Tomato_leaf_late_blight,0.972334086894989,0,1.1615467071533203,7.875432968139648,0.1509084701538086,9.190389633178711
dataset/test/Tomato_Early_blight_leaf/IMG_20251102_155853aug11.jpg,Tomato_Early_blight_leaf,Tomato_leaf_late_blight,0.9999450445175171,0,1.05517578125,7.700580596923828,0.16379833221435547,8.921941757202148
dataset/test/Tomato_Early_blight_leaf/IMG_20251102_160046_aug_95aug70.jpg,Tomato_Early_blight_leaf,Tomato_Early_blight_leaf,0.7745093703269958,1,1.2124910354614258,7.73745059967041,0.16472339630126953,9.117572784423828
dataset/test/Tomato_Early_blight_leaf/IMG_20251102_160046_aug_96aug69.jpg,Tomato_Early_blight_leaf,Tomato_Early_blight_leaf,0.9373492002487183,1,1.1875286102294922,7.973082542419434,0.20155715942382812,9.36479663848877
dataset/test/Tomato_Early_blight_leaf/IMG_20251102_160046_aug_97aug67.jpg,Tomato_Early_blight_leaf,Tomato_Early_blight_leaf,0.7988996505737305,1,1.1601190567016602,7.932138442993164,0.16570377349853516,9.260407447814941
dataset/test/Tomato_Early_blight_leaf/IMG_20251102_160046_aug_98aug68.jpg,Tomato_Early_blight_leaf,Tomato_Early_blight_leaf,0.9157707095146179,1,1.1235637664794922,8.040323257446289,0.1664266586303711,9.333039283752441
dataset/test/Tomato_Early_blight_leaf/IMG_20251102_160046aug19.jpg,Tomato_Early_blight_leaf,Tomato_Early_blight_leaf,0.9986122846603394,1,1.1236200332641602,8.058489799499512,0.20298290252685547,9.387908935546875
dataset/test/Tomato_Early_blight_leaf/IMG_20251102_160055_aug_15aug53.jpg,Tomato_Early_blight_leaf,Tomato_Early_blight_leaf,1.0,1,1.0947322845458984,8.067657470703125,0.16559410095214844,9.330740928649902
dataset/test/Tomato_Early_blight_leaf/IMG_20251102_160055_aug_16aug55.jpg,Tomato_Early_blight_leaf,Tomato_Early_blight_leaf,1.0,1,1.0784902572631836,8.096009254455566,0.1833343505859375,9.360907554626465
dataset/test/Tomato_Early_blight_leaf/IMG_20251102_160055_aug_17aug46.jpg,Tomato_Early_blight_leaf,Tomato_Early_blight_leaf,1.0,1,1.084935188293457,8.01026725769043,0.20424270629882812,9.30246353149414
dataset/test/Tomato_Early_blight_leaf/IMG_20251102_160055_aug_18aug54.jpg,Tomato_Early_blight_leaf,Tomato_Early_blight_leaf,1.0,1,1.0631208419799805,7.982877731323242,0.16077899932861328,9.209277153015137
dataset/test/Tomato_Early_blight_leaf/IMG_20251102_160055_aug_19aug52.jpg,Tomato_Early_blight_leaf,Tomato_Early_blight_leaf,0.9999995231628418,1,1.0672321319580078,8.215121269226074,0.1506490707397461,9.435297966003418
dataset/test/Tomato_Early_blight_leaf/IMG_20251102_160055aug3.jpg,Tomato_Early_blight_leaf,Tomato_Early_blight_leaf,1.0,1,1.0716753005981445,7.817655563354492,0.16646385192871094,9.058330535888672
dataset/test/Tomato_Early_blight_leaf/IMG_20251102_160217_aug_75aug82.jpg,Tomato_Early_blight_leaf,Tomato_Early_blight_leaf,0.9997052550315857,1,1.225508689880371,7.856562614440918,0.16583251953125,9.250480651855469
dataset/test/Tomato_Early_blight_leaf/IMG_20251102_160217_aug_76aug83.jpg,Tomato_Early_blight_leaf,Tomato_Early_blight_leaf,0.9996767044067383,1,1.1005268096923828,8.82590389251709,0.1662607192993164,10.095284461975098
dataset/test/Tomato_Early_blight_leaf/IMG_20251102_160217_aug_77aug90.jpg,Tomato_Early_blight_leaf,Tomato_Early_blight_leaf,0.9999771118164062,1,1.1210832595825195,7.978673934936523,0.1639270782470703,9.266610145568848
dataset/test/Tomato_Early_blight_leaf/IMG_20251102_160217_aug_78aug81.jpg,Tomato_Early_blight_leaf,Tomato_Early_blight_leaf,0.9996447563171387,1,1.1176948547363281,7.902303695678711,0.1663351058959961,9.189202308654785
dataset/test/Tomato_Early_blight_leaf/IMG_20251102_160217_aug_79aug86.jpg,Tomato_Early_blight_leaf,Tomato_Early_blight_leaf,0.999738872051239,1,1.079249382019043,8.00624942779541,0.17833614349365234,9.26629638671875
dataset/test/Tomato_Early_blight_leaf/IMG_20251102_160217aug15.jpg,Tomato_Early_blight_leaf,Tomato_Early_blight_leaf,0.9998518228530884,1,1.1040287017822266,7.780376434326172,0.15948200225830078,9.046294212341309
dataset/test/Tomato_Early_blight_leaf/IMG_20251102_160523_aug_50aug114.jpg,Tomato_Early_blight_leaf,Tomato_Early_blight_leaf,0.9999979734420776,1,1.151230812072754,7.757303237915039,0.3123903274536133,9.22350025177002
dataset/test/Tomato_Early_blight_leaf/IMG_20251102_160523_aug_51aug111.jpg,Tomato_Early_blight_leaf,Tomato_Early_blight_leaf,0.9999459981918335,1,1.0661382675170898,7.669245719909668,0.1672983169555664,8.905311584472656
dataset/test/Tomato_Early_blight_leaf/IMG_20251102_160523_aug_52aug112.jpg,Tomato_Early_blight_leaf,Tomato_Early_blight_leaf,0.9995315074920654,1,1.3630828857421875,7.82828426361084,0.1633892059326172,9.35733413696289
dataset/test/Tomato_Early_blight_leaf/IMG_20251102_160523_aug_53aug115.jpg,Tomato_Early_blight_leaf,Tomato_Early_blight_leaf,0.9999908208847046,1,1.1620655059814453,7.867617607116699,0.16142749786376953,9.193796157836914
dataset/test/Tomato_Early_blight_leaf/IMG_20251102_160523_aug_54aug113.jpg,Tomato_Early_blight_leaf,Tomato_Early_blight_leaf,0.999984622001648,1,1.110508918762207,7.872173309326172,0.1627798080444336,9.148109436035156
dataset/test/Tomato_Early_blight_leaf/IMG_20251102_160523aug10.jpg,Tomato_Early_blight_leaf,Tomato_Early_blight_leaf,0.9999957084655762,1,1.124434471130371,8.229584693908691,0.16446399688720703,9.521223068237305
dataset/test/Tomato_Early_blight_leaf/IMG_20251102_161202_aug_45aug118.jpg,Tomato_Early_blight_leaf,Tomato_Early_blight_leaf,0.9949954748153687,1,1.170731544494629,7.960322380065918,0.16588973999023438,9.300148963928223
dataset/test/Tomato_Early_blight_leaf/IMG_20251102_161202_aug_46aug116.jpg,Tomato_Early_blight_leaf,Tomato_Early_blight_leaf,0.9949954748153687,1,1.1266374588012695,8.141305923461914,0.16844654083251953,9.4395751953125
dataset/test/Tomato_Early_blight_leaf/IMG_20251102_161202_aug_47aug117.jpg,Tomato_Early_blight_leaf,Tomato_Early_blight_leaf,0.9999629259109497,1,1.1717872619628906,8.130804061889648,0.16709423065185547,9.47274112701416
dataset/test/Tomato_Early_blight_leaf/IMG_20251102_161202_aug_48aug30.jpg,Tomato_Early_blight_leaf,Tomato_Early_blight_leaf,0.999762237071991,1,1.1986579895019531,8.152436256408691,0.1657238006591797,9.519316673278809
dataset/test/Tomato_Early_blight_leaf/IMG_20251102_161202_aug_49aug119.jpg,Tomato_Early_blight_leaf,Tomato_Early_blight_leaf,0.9950363039970398,1,1.1631393432617188,8.164119720458984,0.16485214233398438,9.495259284973145
dataset/test/Tomato_Early_blight_leaf/IMG_20251102_161202aug9.jpg,Tomato_Early_blight_leaf,Tomato_Early_blight_leaf,0.9996305704116821,1,1.1659727096557617,8.153546333312988,0.19516849517822266,9.51700210571289
dataset/test/Tomato_Early_blight_leaf/early_blight_jpg.rf.1091c0a2a9a3da5b9ad688c89298614c_aug_80aug87.jpg,Tomato_Early_blight_leaf,Tomato_Early_blight_leaf,0.9947794675827026,1,1.0967683792114258,8.002638816833496,0.3255949020385742,9.4276123046875
dataset/test/Tomato_Early_blight_leaf/early_blight_jpg.rf.1091c0a2a9a3da5b9ad688c89298614c_aug_81aug84.jpg,Tomato_Early_blight_leaf,Tomato_Early_blight_leaf,0.9998704195022583,1,1.0737676620483398,7.948118209838867,0.16707611083984375,9.191943168640137
dataset/test/Tomato_Early_blight_leaf/early_blight_jpg.rf.1091c0a2a9a3da5b9ad688c89298614c_aug_82aug89.jpg,Tomato_Early_blight_leaf,Tomato_Early_blight_leaf,0.987410843372345,1,1.2697877883911133,7.999007225036621,0.16542720794677734,9.437000274658203
dataset/test/Tomato_Early_blight_leaf/early_blight_jpg.rf.1091c0a2a9a3da5b9ad688c89298614c_aug_83aug85.jpg,Tomato_Early_blight_leaf,Tomato_Early_blight_leaf,0.9766191840171814,1,1.2439918518066406,8.175119400024414,0.1673717498779297,9.58924388885498
dataset/test/Tomato_Early_blight_leaf/early_blight_jpg.rf.1091c0a2a9a3da5b9ad688c89298614c_aug_84aug88.jpg,Tomato_Early_blight_leaf,Tomato_Early_blight_leaf,0.9963790774345398,1,1.1281938552856445,8.279714584350586,0.16709423065185547,9.577613830566406
dataset/test/Tomato_Early_blight_leaf/early_blight_jpg.rf.1091c0a2a9a3da5b9ad688c89298614caug16.jpg,Tomato_Early_blight_leaf,Tomato_Early_blight_leaf,0.9858837723731995,1,1.1671018600463867,8.151564598083496,0.1671123504638672,9.48853874206543
dataset/test/Tomato_Healthy_leaf/20140818-tomato-sauce-vicky-wasik-1_jpg.rf.d3d9b4a0642e72ba76b40dbdfff8b9f7_aug_6aug50.jpg,Tomato_Healthy_leaf,Tomato_Healthy_leaf,1.0,1,1.0933589935302734,8.366715431213379,0.17418670654296875,9.637040138244629
dataset/test/Tomato_Healthy_leaf/20140818-tomato-sauce-vicky-wasik-1_jpg.rf.d3d9b4a0642e72ba76b40dbdfff8b9f7_aug_7aug56.jpg,Tomato_Healthy_leaf,Tomato_Healthy_leaf,1.0,1,1.1015262603759766,8.33658504486084,0.1701488494873047,9.611465454101562
dataset/test/Tomato_Healthy_leaf/20140818-tomato-sauce-vicky-wasik-1_jpg.rf.d3d9b4a0642e72ba76b40dbdfff8b9f7aug3.jpg,Tomato_Healthy_leaf,Tomato_Healthy_leaf,0.9999806880950928,1,1.0823793411254883,8.302010536193848,0.1641683578491211,9.551039695739746
dataset/test/Tomato_Healthy_leaf/2015-09-17-01_aug_20aug110.jpg,Tomato_Healthy_leaf,Tomato_Healthy_leaf,0.9436635971069336,1,1.1197490692138672,8.351861953735352,0.16161346435546875,9.63574504852295
dataset/test/Tomato_Healthy_leaf/2015-09-17-01_aug_21aug114.jpg,Tomato_Healthy_leaf,Tomato_Healthy_leaf,0.97597336769104,1,1.1204519271850586,8.138490676879883,0.1689443588256836,9.430593490600586
dataset/test/Tomato_Healthy_leaf/2015-09-17-01aug10.jpg,Tomato_Healthy_leaf,Tomato_Healthy_leaf,0.9907652139663696,1,1.2128429412841797,8.10747241973877,0.17670536041259766,9.49992847442627
dataset/test/Tomato_Healthy_leaf/Basil_2Binfected_2Bby_2BTomato_2BSpotted_2BWilt_2BVirus_aug_2aug59.jpg,Tomato_Healthy_leaf,Tomato_Healthy_leaf,0.7719395756721497,1,1.2152700424194336,8.15384292602539,0.1698904037475586,9.542095184326172
dataset/test/Tomato_Healthy_leaf/Basil_2Binfected_2Bby_2BTomato_2BSpotted_2BWilt_2BVirus_aug_3aug51.jpg,Tomato_Healthy_leaf,Tomato_Healthy_leaf,0.6661208271980286,1,1.1431760787963867,8.249472618103027,0.17350196838378906,9.568890571594238
dataset/test/Tomato_Healthy_leaf/Basil_2Binfected_2Bby_2BTomato_2BSpotted_2BWilt_2BVirusaug1.jpg,Tomato_Healthy_leaf,Tomato_Healthy_leaf,0.7438658475875854,1,1.1042671203613281,8.432788848876953,0.16818809509277344,9.707818984985352
dataset/test/Tomato_Healthy_leaf/Fig-2_aug_22aug102.jpg,Tomato_Healthy_leaf,Tomato_mold_leaf,0.48244521021842957,0,1.1709165573120117,10.902253150939941,0.16992664337158203,12.245837211608887
dataset/test/Tomato_Healthy_leaf/Fig-2_aug_23aug90.jpg,Tomato_Healthy_leaf,Tomato_leaf_yellow_curl_virus,0.5829380750656128,0,1.7442922592163086,11.901206016540527,0.1619272232055664,13.810127258300781
dataset/test/Tomato_Healthy_leaf/Fig-2aug11.jpg,Tomato_Healthy_leaf,Tomato_leaf_yellow_curl_virus,0.6785197854042053,0,1.134434700012207,11.414091110229492,0.1610574722290039,12.712064743041992
dataset/test/Tomato_Healthy_leaf/HL_(103)aug39.jpg,Tomato_Healthy_leaf,Tomato_Healthy_leaf,1.0,1,1.0543041229248047,7.749728202819824,0.16072368621826172,8.967571258544922
dataset/test/Tomato_Healthy_leaf/HL_(118)_aug_38aug103.jpg,Tomato_Healthy_leaf,Tomato_Healthy_leaf,0.999998927116394,1,1.1025829315185547,7.752377510070801,0.2105398178100586,9.068312644958496
dataset/test/Tomato_Healthy_leaf/HL_(118)_aug_39aug104.jpg,Tomato_Healthy_leaf,Tomato_Healthy_leaf,1.0,1,1.066267967224121,8.564716339111328,0.16068649291992188,9.794429779052734
dataset/test/Tomato_Healthy_leaf/HL_(118)aug19.jpg,Tomato_Healthy_leaf,Tomato_Healthy_leaf,0.9999998807907104,1,1.0565643310546875,20.18303108215332,0.18987274169921875,21.432689666748047
dataset/test/Tomato_Healthy_leaf/HL_(165)_aug_28aug105.jpg,Tomato_Healthy_leaf,Tomato_Healthy_leaf,0.9999918937683105,1,1.8220691680908203,11.932169914245605,0.1641864776611328,13.921481132507324
dataset/test/Tomato_Healthy_leaf/HL_(165)_aug_29aug91.jpg,Tomato_Healthy_leaf,Tomato_Healthy_leaf,0.9999634027481079,1,1.1340274810791016,13.521533966064453,0.22315025329589844,14.881953239440918
dataset/test/Tomato_Healthy_leaf/HL_(165)aug14.jpg,Tomato_Healthy_leaf,Tomato_Healthy_leaf,0.9999816417694092,1,1.5520496368408203,8.353473663330078,0.1627969741821289,10.07122802734375
dataset/test/Tomato_Healthy_leaf/HL_(61)_aug_50aug83.jpg,Tomato_Healthy_leaf,Tomato_mold_leaf,0.5908142924308777,0,1.0970830917358398,8.023545265197754,0.15892887115478516,9.282425880432129
dataset/test/Tomato_Healthy_leaf/HL_(61)_aug_51aug76.jpg,Tomato_Healthy_leaf,Tomato_Healthy_leaf,0.992685079574585,1,1.0960636138916016,7.703542709350586,0.1625194549560547,8.964664459228516
dataset/test/Tomato_Healthy_leaf/HL_(61)aug25.jpg,Tomato_Healthy_leaf,Tomato_Healthy_leaf,0.9296181201934814,1,1.1568613052368164,7.749895095825195,0.16318511962890625,9.072794914245605
dataset/test/Tomato_Healthy_leaf/HL_(62)aug36.jpg,Tomato_Healthy_leaf,Tomato_Healthy_leaf,0.9999561309814453,1,1.1034364700317383,7.915987968444824,0.16431713104248047,9.186258316040039
dataset/test/Tomato_Healthy_leaf/IMG_20251102_161618_aug_58aug71.jpg,Tomato_Healthy_leaf,Tomato_Healthy_leaf,0.9999066591262817,1,1.1228981018066406,7.96556282043457,0.1666116714477539,9.257720947265625
dataset/test/Tomato_Healthy_leaf/IMG_20251102_161618_aug_59aug63.jpg,Tomato_Healthy_leaf,Tomato_Healthy_leaf,0.9924691319465637,1,1.1620655059814453,8.045934677124023,0.16401958465576172,9.374536514282227
dataset/test/Tomato_Healthy_leaf/IMG_20251102_161618aug29.jpg,Tomato_Healthy_leaf,Tomato_Healthy_leaf,0.9920952916145325,1,1.166731834411621,8.162232398986816,0.1650381088256836,9.496853828430176
dataset/test/Tomato_Healthy_leaf/IMG_20251102_161625aug44.jpg,Tomato_Healthy_leaf,Tomato_Healthy_leaf,0.9999551773071289,1,1.1650094985961914,7.963895797729492,0.16289138793945312,9.294260025024414
dataset/test/Tomato_Healthy_leaf/IMG_20251102_161629_aug_10aug115.jpg,Tomato_Healthy_leaf,Tomato_Healthy_leaf,0.9976569414138794,1,1.1449718475341797,7.9586944580078125,0.16648292541503906,9.2725191116333
dataset/test/Tomato_Healthy_leaf/IMG_20251102_161629_aug_11aug109.jpg,Tomato_Healthy_leaf,Tomato_Healthy_leaf,0.6736452579498291,1,1.0832300186157227,7.685690879821777,0.16222381591796875,8.933904647827148
dataset/test/Tomato_Healthy_leaf/IMG_20251102_161629aug5.jpg,Tomato_Healthy_leaf,Tomato_Healthy_leaf,0.8676919341087341,1,1.2052688598632812,7.552559852600098,0.16233539581298828,8.922775268554688
dataset/test/Tomato_Healthy_leaf/IMG_20251102_161652aug43.jpg,Tomato_Healthy_leaf,Tomato_Healthy_leaf,1.0,1,1.1616010665893555,8.016637802124023,0.16185283660888672,9.342723846435547
dataset/test/Tomato_Healthy_leaf/IMG_20251102_161826_aug_60aug68.jpg,Tomato_Healthy_leaf,Tomato_Healthy_leaf,0.9834571480751038,1,1.1430091857910156,7.734931945800781,0.1627054214477539,9.043516159057617
dataset/test/Tomato_Healthy_leaf/IMG_20251102_161826_aug_61aug62.jpg,Tomato_Healthy_leaf,Tomato_Healthy_leaf,0.9999868869781494,1,1.094527244567871,7.902822494506836,0.16311359405517578,9.163127899169922
dataset/test/Tomato_Healthy_leaf/IMG_20251102_161826aug30.jpg,Tomato_Healthy_leaf,Tomato_Healthy_leaf,0.9821818470954895,1,1.177433967590332,7.702838897705078,0.19792842864990234,9.080758094787598
dataset/test/Tomato_Healthy_leaf/IMG_20251102_161850_aug_56aug74.jpg,Tomato_Healthy_leaf,Tomato_leaf_yellow_curl_virus,0.9606077671051025,0,1.0859527587890625,7.756468772888184,0.16579818725585938,9.010995864868164
dataset/test/Tomato_Healthy_leaf/IMG_20251102_161850_aug_57aug72.jpg,Tomato_Healthy_leaf,Tomato_Healthy_leaf,0.5936878323554993,1,1.0627307891845703,7.742748260498047,0.15892791748046875,8.96697998046875
dataset/test/Tomato_Healthy_leaf/IMG_20251102_161850aug28.jpg,Tomato_Healthy_leaf,Tomato_Healthy_leaf,0.6587174534797668,1,1.0569162368774414,7.576874732971191,0.1612987518310547,8.797884941101074
dataset/test/Tomato_Healthy_leaf/IMG_20251102_161859aug38.jpg,Tomato_Healthy_leaf,Tomato_Healthy_leaf,0.9999963045120239,1,1.2235097885131836,7.538763999938965,0.16196346282958984,8.9271821975708
dataset/test/Tomato_Healthy_leaf/IMG_20251102_161935_aug_4aug55.jpg,Tomato_Healthy_leaf,Tomato_Healthy_leaf,0.9999984502792358,1,1.0959339141845703,7.941340446472168,0.1613149642944336,9.20140552520752
dataset/test/Tomato_Healthy_leaf/IMG_20251102_161935_aug_5aug53.jpg,Tomato_Healthy_leaf,Tomato_Healthy_leaf,0.9999986886978149,1,1.0671749114990234,7.750117301940918,0.16342830657958984,8.983443260192871
dataset/test/Tomato_Healthy_leaf/IMG_20251102_161935aug2.jpg,Tomato_Healthy_leaf,Tomato_Healthy_leaf,0.9999996423721313,1,1.091287612915039,7.995378494262695,0.16465091705322266,9.253870964050293
dataset/test/Tomato_Healthy_leaf/IMG_20251102_162037aug45.jpg,Tomato_Healthy_leaf,Tomato_Healthy_leaf,0.9496396780014038,1,1.1732673645019531,7.970860481262207,0.16518688201904297,9.312167167663574
dataset/test/Tomato_Healthy_leaf/h100_lower_aug_54aug73.jpg,Tomato_Healthy_leaf,Tomato_Healthy_leaf,0.9999779462814331,1,1.09869384765625,8.053194046020508,0.1671314239501953,9.321574211120605
dataset/test/Tomato_Healthy_leaf/h100_lower_aug_55aug75.jpg,Tomato_Healthy_leaf,Tomato_Healthy_leaf,0.999992847442627,1,1.0997867584228516,8.123176574707031,0.16427898406982422,9.38996410369873
dataset/test/Tomato_Healthy_leaf/h100_loweraug27.jpg,Tomato_Healthy_leaf,Tomato_Healthy_leaf,0.9999866485595703,1,1.2329912185668945,7.861710548400879,0.1640939712524414,9.261685371398926
dataset/test/Tomato_Healthy_leaf/h101_aug_18aug119.jpg,Tomato_Healthy_leaf,Tomato_Healthy_leaf,0.9978224039077759,1,1.0987682342529297,7.977082252502441,0.16413021087646484,9.242331504821777
dataset/test/Tomato_Healthy_leaf/h101_aug_19aug116.jpg,Tomato_Healthy_leaf,Tomato_Healthy_leaf,0.9987874627113342,1,1.1100082397460938,8.15958309173584,0.16507530212402344,9.437074661254883
dataset/test/Tomato_Healthy_leaf/h101aug9.jpg,Tomato_Healthy_leaf,Tomato_Healthy_leaf,0.8529033660888672,1,1.1351757049560547,7.964360237121582,0.16327953338623047,9.265647888183594
dataset/test/Tomato_Healthy_leaf/h103_aug_42aug82.jpg,Tomato_Healthy_leaf,Tomato_Healthy_leaf,0.9999983310699463,1,1.078897476196289,8.06910228729248,0.16422462463378906,9.315056800842285
dataset/test/Tomato_Healthy_leaf/h103_aug_43aug77.jpg,Tomato_Healthy_leaf,Tomato_Healthy_leaf,0.9999914169311523,1,1.0822687149047852,7.992194175720215,0.1692047119140625,9.24662971496582
dataset/test/Tomato_Healthy_leaf/h103aug21.jpg,Tomato_Healthy_leaf,Tomato_Healthy_leaf,0.999996542930603,1,1.1105823516845703,8.133325576782227,0.16916847229003906,9.415760040283203
dataset/test/Tomato_Healthy_leaf/h1_change_90_aug_12aug118.jpg,Tomato_Healthy_leaf,Tomato_Healthy_leaf,0.9998575448989868,1,1.1323060989379883,8.16563892364502,0.16779804229736328,9.468167304992676
dataset/test/Tomato_Healthy_leaf/h1_change_90_aug_13aug108.jpg,Tomato_Healthy_leaf,Tomato_Healthy_leaf,0.9999072551727295,1,1.1153974533081055,8.157454490661621,0.1654825210571289,9.440964698791504
dataset/test/Tomato_Healthy_leaf/h1_change_90aug6.jpg,Tomato_Healthy_leaf,Tomato_Healthy_leaf,0.9999699592590332,1,1.1555089950561523,8.134157180786133,0.16327953338623047,9.455501556396484
dataset/test/Tomato_Healthy_leaf/h39_change_270aug48.jpg,Tomato_Healthy_leaf,Tomato_Healthy_leaf,0.9994955062866211,1,1.1042871475219727,8.142009735107422,0.1526479721069336,9.401815414428711
dataset/test/Tomato_Healthy_leaf/h39_hight_aug_40aug96.jpg,Tomato_Healthy_leaf,Tomato_Healthy_leaf,0.9999145269393921,1,1.070878028869629,7.9421186447143555,0.16840839385986328,9.183832168579102
dataset/test/Tomato_Healthy_leaf/h39_hight_aug_41aug98.jpg,Tomato_Healthy_leaf,Tomato_Healthy_leaf,0.9999988079071045,1,1.2313241958618164,7.99006462097168,0.16639041900634766,9.390685081481934
dataset/test/Tomato_Healthy_leaf/h39_hightaug20.jpg,Tomato_Healthy_leaf,Tomato_Healthy_leaf,0.9998337030410767,1,1.1069154739379883,8.637457847595215,0.1663351058959961,9.913485527038574
dataset/test/Tomato_Healthy_leaf/h39_lower_aug_30aug95.jpg,Tomato_Healthy_leaf,Tomato_Healthy_leaf,0.9995633959770203,1,1.1143054962158203,8.213157653808594,0.16629695892333984,9.496834754943848
dataset/test/Tomato_Healthy_leaf/h39_lower_aug_31aug89.jpg,Tomato_Healthy_leaf,Tomato_Healthy_leaf,0.9979172348976135,1,1.1301937103271484,8.892423629760742,0.16724300384521484,10.192378044128418
dataset/test/Tomato_Healthy_leaf/h39_loweraug15.jpg,Tomato_Healthy_leaf,Tomato_Healthy_leaf,0.9997733235359192,1,1.1105451583862305,8.248786926269531,0.20627880096435547,9.568373680114746
dataset/test/Tomato_Healthy_leaf/h3_aug_8aug57.jpg,Tomato_Healthy_leaf,Tomato_Healthy_leaf,0.9999995231628418,1,1.103860855102539,22.97268295288086,0.19887161254882812,24.278194427490234
dataset/test/Tomato_Healthy_leaf/h3_aug_9aug54.jpg,Tomato_Healthy_leaf,Tomato_Healthy_leaf,1.0,1,1.4185295104980469,19.469969749450684,0.20329761505126953,21.0960750579834
dataset/test/Tomato_Healthy_leaf/h3_mirror_aug_52aug84.jpg,Tomato_Healthy_leaf,Tomato_Healthy_leaf,0.9999982118606567,1,1.4350471496582031,14.043575286865234,0.22005653381347656,15.702624320983887
dataset/test/Tomato_Healthy_leaf/h3_mirror_aug_53aug80.jpg,Tomato_Healthy_leaf,Tomato_Healthy_leaf,0.9999995231628418,1,1.4470300674438477,11.072070121765137,0.20772457122802734,12.730415344238281
dataset/test/Tomato_Healthy_leaf/h3_mirroraug26.jpg,Tomato_Healthy_leaf,Tomato_Healthy_leaf,0.9999997615814209,1,1.5621604919433594,11.15562629699707,0.20442676544189453,12.925602912902832
dataset/test/Tomato_Healthy_leaf/h3aug4.jpg,Tomato_Healthy_leaf,Tomato_Healthy_leaf,0.9999988079071045,1,1.4872331619262695,11.02497673034668,0.20618724822998047,12.721953392028809
dataset/test/Tomato_Healthy_leaf/h45_mirror_verticalaug42.jpg,Tomato_Healthy_leaf,Tomato_Healthy_leaf,0.9999984502792358,1,1.5388641357421875,8.353436470031738,0.16066741943359375,10.05565357208252
dataset/test/Tomato_Healthy_leaf/h49_change_90aug49.jpg,Tomato_Healthy_leaf,Tomato_Healthy_leaf,0.9999922513961792,1,1.044785499572754,7.741302490234375,0.14746379852294922,8.93575668334961
dataset/test/Tomato_Healthy_leaf/h50_hight_aug_68aug69.jpg,Tomato_Healthy_leaf,Tomato_Healthy_leaf,0.9991311430931091,1,0.9795827865600586,7.45346736907959,0.15885353088378906,8.594437599182129
dataset/test/Tomato_Healthy_leaf/h50_hight_aug_69aug61.jpg,Tomato_Healthy_leaf,Tomato_Healthy_leaf,0.9993904829025269,1,1.0466384887695312,7.579411506652832,0.2050943374633789,8.83425521850586
dataset/test/Tomato_Healthy_leaf/h50_hightaug34.jpg,Tomato_Healthy_leaf,Tomato_Healthy_leaf,0.9999310970306396,1,1.0535078048706055,7.679227828979492,0.15998363494873047,8.89531135559082
dataset/test/Tomato_Healthy_leaf/h50_lower_aug_66aug65.jpg,Tomato_Healthy_leaf,Tomato_Healthy_leaf,0.9999217987060547,1,1.021897315979004,7.754247665405273,0.1597614288330078,8.939051628112793
dataset/test/Tomato_Healthy_leaf/h50_lower_aug_67aug70.jpg,Tomato_Healthy_leaf,Tomato_Healthy_leaf,0.9950590133666992,1,1.0305824279785156,7.940284729003906,0.1585378646850586,9.131962776184082
dataset/test/Tomato_Healthy_leaf/h50_loweraug33.jpg,Tomato_Healthy_leaf,Tomato_Healthy_leaf,0.9997616410255432,1,1.0614519119262695,7.6432647705078125,0.15935230255126953,8.867460250854492
dataset/test/Tomato_Healthy_leaf/h50_mirror_vertical_aug_24aug111.jpg,Tomato_Healthy_leaf,Tomato_Healthy_leaf,0.9999446868896484,1,1.0689163208007812,7.666690826416016,0.15640735626220703,8.894588470458984
dataset/test/Tomato_Healthy_leaf/h50_mirror_vertical_aug_25aug100.jpg,Tomato_Healthy_leaf,Tomato_Healthy_leaf,0.9999699592590332,1,1.0231380462646484,7.630541801452637,0.3028898239135742,8.959441184997559
dataset/test/Tomato_Healthy_leaf/h50_mirror_verticalaug12.jpg,Tomato_Healthy_leaf,Tomato_Healthy_leaf,0.9998811483383179,1,1.0003223419189453,8.324213981628418,0.16161155700683594,9.489130020141602
dataset/test/Tomato_Healthy_leaf/h50aug37.jpg,Tomato_Healthy_leaf,Tomato_Healthy_leaf,0.9999955892562866,1,1.1552696228027344,7.836933135986328,0.1627798080444336,9.157608985900879
dataset/test/Tomato_Healthy_leaf/h5_mirroraug41.jpg,Tomato_Healthy_leaf,Tomato_Healthy_leaf,1.0,1,1.0565643310546875,7.757968902587891,0.16144561767578125,8.97855281829834
dataset/test/Tomato_Healthy_leaf/h65_mirror_vertical_aug_26aug97.jpg,Tomato_Healthy_leaf,Tomato_Healthy_leaf,0.9998117089271545,1,1.0483789443969727,7.750655174255371,0.16146564483642578,8.963090896606445
dataset/test/Tomato_Healthy_leaf/h65_mirror_vertical_aug_27aug106.jpg,Tomato_Healthy_leaf,Tomato_Healthy_leaf,0.9997455477714539,1,1.054804801940918,7.7432661056518555,0.1620016098022461,8.962552070617676
dataset/test/Tomato_Healthy_leaf/h65_mirror_verticalaug13.jpg,Tomato_Healthy_leaf,Tomato_Healthy_leaf,0.9984681010246277,1,1.078378677368164,7.756155014038086,0.1613903045654297,8.99877643585205
dataset/test/Tomato_Healthy_leaf/h71_mirror_aug_62aug66.jpg,Tomato_Healthy_leaf,Tomato_Healthy_leaf,1.0,1,1.0512866973876953,7.785857200622559,0.16040802001953125,8.999942779541016
dataset/test/Tomato_Healthy_leaf/h71_mirror_aug_63aug67.jpg,Tomato_Healthy_leaf,Tomato_Healthy_leaf,1.0,1,1.0843238830566406,7.790228843688965,0.1604452133178711,9.037257194519043
dataset/test/Tomato_Healthy_leaf/h71_mirroraug31.jpg,Tomato_Healthy_leaf,Tomato_Healthy_leaf,1.0,1,1.047933578491211,7.565391540527344,0.16129684448242188,8.77662467956543
dataset/test/Tomato_Healthy_leaf/h76_hight_aug_34aug88.jpg,Tomato_Healthy_leaf,Tomato_Healthy_leaf,1.0,1,1.1616744995117188,7.771228790283203,0.16120529174804688,9.09655475616455
dataset/test/Tomato_Healthy_leaf/h76_hight_aug_35aug93.jpg,Tomato_Healthy_leaf,Tomato_Healthy_leaf,0.9999992847442627,1,1.0382671356201172,7.777988433837891,0.16526126861572266,8.984107971191406
dataset/test/Tomato_Healthy_leaf/h76_hightaug17.jpg,Tomato_Healthy_leaf,Tomato_Healthy_leaf,0.9999992847442627,1,1.0445451736450195,7.835043907165527,0.16411304473876953,9.046646118164062
dataset/test/Tomato_Healthy_leaf/h78_change_270_aug_36aug94.jpg,Tomato_Healthy_leaf,Tomato_Healthy_leaf,0.9998775720596313,1,1.0513601303100586,7.76807975769043,0.16676044464111328,8.989313125610352
dataset/test/Tomato_Healthy_leaf/h78_change_270_aug_37aug99.jpg,Tomato_Healthy_leaf,Tomato_Healthy_leaf,0.9999991655349731,1,1.1181755065917969,8.078008651733398,0.16378021240234375,9.362704277038574
dataset/test/Tomato_Healthy_leaf/h78_change_270aug18.jpg,Tomato_Healthy_leaf,Tomato_Healthy_leaf,0.9999973773956299,1,1.0751752853393555,7.985841751098633,0.1632242202758789,9.226834297180176
dataset/test/Tomato_Healthy_leaf/h7_lower_aug_44aug87.jpg,Tomato_Healthy_leaf,Tomato_Healthy_leaf,0.9999915361404419,1,1.1119165420532227,7.965991020202637,0.15400123596191406,9.234813690185547
dataset/test/Tomato_Healthy_leaf/h7_lower_aug_45aug79.jpg,Tomato_Healthy_leaf,Tomato_Healthy_leaf,0.999586284160614,1,1.103989601135254,7.815914154052734,0.16407489776611328,9.08675765991211
dataset/test/Tomato_Healthy_leaf/h7_loweraug22.jpg,Tomato_Healthy_leaf,Tomato_Healthy_leaf,0.9999799728393555,1,1.2001953125,7.873248100280762,0.1718912124633789,9.248222351074219
dataset/test/Tomato_Healthy_leaf/h81_change_180_aug_16aug113.jpg,Tomato_Healthy_leaf,Tomato_Healthy_leaf,0.9999992847442627,1,1.095693588256836,8.029990196228027,0.16448211669921875,9.293148040771484
dataset/test/Tomato_Healthy_leaf/h81_change_180_aug_17aug117.jpg,Tomato_Healthy_leaf,Tomato_Healthy_leaf,0.9999990463256836,1,1.1275825500488281,8.073601722717285,0.164520263671875,9.368260383605957
dataset/test/Tomato_Healthy_leaf/h81_change_180aug8.jpg,Tomato_Healthy_leaf,Tomato_Healthy_leaf,0.9999996423721313,1,1.0901002883911133,7.9899139404296875,0.16431617736816406,9.246944427490234
dataset/test/Tomato_Healthy_leaf/h84_mirroraug40.jpg,Tomato_Healthy_leaf,Tomato_Healthy_leaf,0.9999991655349731,1,1.1009521484375,8.13941764831543,0.17057418823242188,9.413649559020996
dataset/test/Tomato_Healthy_leaf/h8_change_90aug35.jpg,Tomato_Healthy_leaf,Tomato_Healthy_leaf,0.9988062381744385,1,1.136916160583496,8.049656867980957,0.1646127700805664,9.353537559509277
dataset/test/Tomato_Healthy_leaf/h95_mirror_verticalaug46.jpg,Tomato_Healthy_leaf,Tomato_Healthy_leaf,0.9966052770614624,1,1.0858612060546875,8.052398681640625,0.16729736328125,9.308148384094238
dataset/test/Tomato_Healthy_leaf/h96_change_270aug47.jpg,Tomato_Healthy_leaf,Tomato_Healthy_leaf,0.9997772574424744,1,1.0895633697509766,8.003267288208008,0.16439056396484375,9.260313987731934
dataset/test/Tomato_Healthy_leaf/h96_mirror_vertical_aug_14aug107.jpg,Tomato_Healthy_leaf,Tomato_Healthy_leaf,0.9999988079071045,1,1.0845270156860352,8.071359634399414,0.16437149047851562,9.322741508483887
dataset/test/Tomato_Healthy_leaf/h96_mirror_vertical_aug_15aug112.jpg,Tomato_Healthy_leaf,Tomato_Healthy_leaf,0.9999985694885254,1,1.0810270309448242,8.026711463928223,0.1541118621826172,9.264130592346191
dataset/test/Tomato_Healthy_leaf/h96_mirror_verticalaug7.jpg,Tomato_Healthy_leaf,Tomato_Healthy_leaf,0.9999996423721313,1,1.0537490844726562,7.886137008666992,0.1647052764892578,9.106904983520508
dataset/test/Tomato_Healthy_leaf/h99_hight_aug_32aug92.jpg,Tomato_Healthy_leaf,Tomato_Healthy_leaf,0.9997598528862,1,1.2103233337402344,7.825747489929199,0.17070579528808594,9.209572792053223
dataset/test/Tomato_Healthy_leaf/h99_hight_aug_33aug101.jpg,Tomato_Healthy_leaf,Tomato_Healthy_leaf,0.9996634721755981,1,1.1457881927490234,8.073582649230957,0.1646862030029297,9.38650131225586
dataset/test/Tomato_Healthy_leaf/h99_hightaug16.jpg,Tomato_Healthy_leaf,Tomato_Healthy_leaf,0.997352123260498,1,1.0970458984375,8.047618865966797,0.1647968292236328,9.312073707580566
dataset/test/Tomato_Healthy_leaf/h99_lower_aug_46aug78.jpg,Tomato_Healthy_leaf,Tomato_Healthy_leaf,0.9998993873596191,1,1.106119155883789,8.100397109985352,0.16488933563232422,9.374094009399414
dataset/test/Tomato_Healthy_leaf/h99_lower_aug_47aug81.jpg,Tomato_Healthy_leaf,Tomato_Healthy_leaf,0.9999265670776367,1,1.1203241348266602,8.049064636230469,0.16318702697753906,9.335260391235352
dataset/test/Tomato_Healthy_leaf/h99_loweraug23.jpg,Tomato_Healthy_leaf,Tomato_Healthy_leaf,0.99909508228302,1,1.1214332580566406,8.028637886047363,0.16751956939697266,9.320629119873047
dataset/test/Tomato_Healthy_leaf/h9_change_180_aug_48aug86.jpg,Tomato_Healthy_leaf,Tomato_Healthy_leaf,0.9999996423721313,1,1.099287986755371,8.35280704498291,0.16457557678222656,9.619816780090332
dataset/test/Tomato_Healthy_leaf/h9_change_180_aug_49aug85.jpg,Tomato_Healthy_leaf,Tomato_Healthy_leaf,0.9999997615814209,1,1.1126937866210938,8.545661926269531,0.16335296630859375,9.824374198913574
dataset/test/Tomato_Healthy_leaf/h9_change_180aug24.jpg,Tomato_Healthy_leaf,Tomato_Healthy_leaf,0.9999992847442627,1,1.1044549942016602,8.1358060836792,0.15285301208496094,9.395519256591797
dataset/test/Tomato_Healthy_leaf/russian-2-319-dt-2010-leaves-high-tunnel-9-29-2014-c_jpg.rf.7ef5d3901dbeaf27776a27bfc8197b72_aug_0aug52.jpg,Tomato_Healthy_leaf,Tomato_Healthy_leaf,0.9999808073043823,1,1.1685466766357422,7.985877990722656,0.1661672592163086,9.323371887207031
dataset/test/Tomato_Healthy_leaf/russian-2-319-dt-2010-leaves-high-tunnel-9-29-2014-c_jpg.rf.7ef5d3901dbeaf27776a27bfc8197b72_aug_1aug58.jpg,Tomato_Healthy_leaf,Tomato_Healthy_leaf,0.9995633959770203,1,1.322622299194336,8.079527854919434,0.16640949249267578,9.57163143157959
dataset/test/Tomato_Healthy_leaf/russian-2-319-dt-2010-leaves-high-tunnel-9-29-2014-c_jpg.rf.7ef5d3901dbeaf27776a27bfc8197b72aug0.jpg,Tomato_Healthy_leaf,Tomato_Healthy_leaf,0.999954342842102,1,1.2816953659057617,8.145009994506836,0.1663341522216797,9.595706939697266
dataset/test/Tomato_Healthy_leaf/unnamed_aug_64aug64.jpg,Tomato_Healthy_leaf,Tomato_Healthy_leaf,0.9999282360076904,1,1.1315641403198242,8.134952545166016,0.17013168334960938,9.439703941345215
dataset/test/Tomato_Healthy_leaf/unnamed_aug_65aug60.jpg,Tomato_Healthy_leaf,Tomato_Healthy_leaf,0.9999942779541016,1,1.0946760177612305,8.139065742492676,0.16737079620361328,9.40333366394043
dataset/test/Tomato_Healthy_leaf/unnamedaug32.jpg,Tomato_Healthy_leaf,Tomato_Healthy_leaf,0.9999899864196777,1,1.0937490463256836,8.232342720031738,0.16594409942626953,9.494982719421387
dataset/test/Tomato_Septoria_leaf_spot/1723454507354_aug_44aug83.jpg,Tomato_Septoria_leaf_spot,Tomato_Septoria_leaf_spot,0.9059599041938782,1,1.1080093383789062,8.237584114074707,0.16831588745117188,9.516334533691406
dataset/test/Tomato_Septoria_leaf_spot/1723454507354_aug_45aug80.jpg,Tomato_Septoria_leaf_spot,Tomato_Septoria_leaf_spot,0.9128913879394531,1,1.0925092697143555,8.208510398864746,0.16520404815673828,9.46879768371582
dataset/test/Tomato_Septoria_leaf_spot/1723454507354aug22.jpg,Tomato_Septoria_leaf_spot,Tomato_Septoria_leaf_spot,0.991239607334137,1,1.1371021270751953,8.107731819152832,0.16490936279296875,9.412315368652344
dataset/test/Tomato_Septoria_leaf_spot/1723454507465_aug_58aug67.jpg,Tomato_Septoria_leaf_spot,Tomato_Septoria_leaf_spot,0.6719164252281189,1,1.0866937637329102,7.987044334411621,0.16483402252197266,9.240962028503418
dataset/test/Tomato_Septoria_leaf_spot/1723454507465_aug_59aug66.jpg,Tomato_Septoria_leaf_spot,Tomato_Septoria_leaf_spot,0.9125548005104065,1,1.1185827255249023,8.013489723205566,0.16553783416748047,9.300741195678711
dataset/test/Tomato_Septoria_leaf_spot/1723454507465aug29.jpg,Tomato_Septoria_leaf_spot,Tomato_Septoria_leaf_spot,0.9340959787368774,1,1.1613435745239258,8.016619682312012,0.1632232666015625,9.34412956237793
dataset/test/Tomato_Septoria_leaf_spot/5454635393351680.jpeg_aug_14aug115.jpg,Tomato_Septoria_leaf_spot,Tomato_Septoria_leaf_spot,0.9930720925331116,1,1.0897855758666992,7.888099670410156,0.16281604766845703,9.14327621459961
dataset/test/Tomato_Septoria_leaf_spot/5454635393351680.jpeg_aug_15aug46.jpg,Tomato_Septoria_leaf_spot,Tomato_leaf_yellow_curl_virus,0.7847320437431335,0,1.0850086212158203,7.969081878662109,0.16620540618896484,9.222831726074219
dataset/test/Tomato_Septoria_leaf_spot/5454635393351680.jpegaug7.jpg,Tomato_Septoria_leaf_spot,Tomato_Septoria_leaf_spot,0.8688696622848511,1,1.148824691772461,7.991990089416504,0.16509342193603516,9.308517456054688
dataset/test/Tomato_Septoria_leaf_spot/6134794031202304-600x272-jpeg_jpg.rf.5482c323fe160b26426628094ae3646baug42.jpg,Tomato_Septoria_leaf_spot,Tomato_Septoria_leaf_spot,0.999988317489624,1,1.1111936569213867,7.9892120361328125,0.1715373992919922,9.274666786193848
dataset/test/Tomato_Septoria_leaf_spot/66e7583ebe11cf0bd06435e4167bd4fdaug41.jpg,Tomato_Septoria_leaf_spot,Tomato_Septoria_leaf_spot,0.9999836683273315,1,1.080453872680664,8.126603126525879,0.16361427307128906,9.373334884643555
dataset/test/Tomato_Septoria_leaf_spot/8_20mistakes_204_aug_72aug61.jpg,Tomato_Septoria_leaf_spot,Tomato_Septoria_leaf_spot,0.45894718170166016,1,1.1276569366455078,8.04313850402832,0.16257381439208984,9.336186408996582
dataset/test/Tomato_Septoria_leaf_spot/8_20mistakes_204_aug_73aug62.jpg,Tomato_Septoria_leaf_spot,Tomato_mold_leaf,0.732099711894989,0,1.085693359375,8.121749877929688,0.16568756103515625,9.375797271728516
dataset/test/Tomato_Septoria_leaf_spot/8_20mistakes_204aug36.jpg,Tomato_Septoria_leaf_spot,Tomato_mold_leaf,0.9725748896598816,0,1.1178598403930664,8.597086906433105,0.17044544219970703,9.887986183166504
dataset/test/Tomato_Septoria_leaf_spot/Gls11_mirror_vertical_aug_42aug85.jpg,Tomato_Septoria_leaf_spot,Tomato_Septoria_leaf_spot,0.9999562501907349,1,1.1502313613891602,8.271454811096191,0.1703338623046875,9.594799041748047
dataset/test/Tomato_Septoria_leaf_spot/Gls11_mirror_vertical_aug_43aug86.jpg,Tomato_Septoria_leaf_spot,Tomato_Septoria_leaf_spot,0.9997538924217224,1,1.1058244705200195,8.209453582763672,0.16076087951660156,9.479000091552734
dataset/test/Tomato_Septoria_leaf_spot/Gls11_mirror_verticalaug21.jpg,Tomato_Septoria_leaf_spot,Tomato_Septoria_leaf_spot,0.9999732971191406,1,1.1027679443359375,8.332287788391113,0.15690898895263672,9.594521522521973
dataset/test/Tomato_Septoria_leaf_spot/Gls12_mirror_aug_46aug81.jpg,Tomato_Septoria_leaf_spot,Tomato_Septoria_leaf_spot,1.0,1,1.0731573104858398,8.148547172546387,0.16896343231201172,9.393278121948242
dataset/test/Tomato_Septoria_leaf_spot/Gls12_mirror_aug_47aug92.jpg,Tomato_Septoria_leaf_spot,Tomato_Septoria_leaf_spot,1.0,1,1.1196937561035156,8.154824256896973,0.17885398864746094,9.4567232131958
dataset/test/Tomato_Septoria_leaf_spot/Gls12_mirroraug23.jpg,Tomato_Septoria_leaf_spot,Tomato_Septoria_leaf_spot,0.9999998807907104,1,1.1809358596801758,8.152250289916992,0.17442798614501953,9.511038780212402
dataset/test/Tomato_Septoria_leaf_spot/Gls1_mirror_aug_38aug82.jpg,Tomato_Septoria_leaf_spot,Tomato_Septoria_leaf_spot,0.9998070597648621,1,1.1253604888916016,8.340474128723145,0.17201900482177734,9.640817642211914
dataset/test/Tomato_Septoria_leaf_spot/Gls1_mirror_aug_39aug84.jpg,Tomato_Septoria_leaf_spot,Tomato_Septoria_leaf_spot,0.9999995231628418,1,1.10137939453125,8.388713836669922,0.20963001251220703,9.702466011047363
dataset/test/Tomato_Septoria_leaf_spot/Gls1_mirroraug19.jpg,Tomato_Septoria_leaf_spot,Tomato_Septoria_leaf_spot,0.9999345541000366,1,1.0916748046875,8.34697437286377,0.16898345947265625,9.610149383544922
dataset/test/Tomato_Septoria_leaf_spot/Gls21_change_270aug43.jpg,Tomato_Septoria_leaf_spot,Tomato_Septoria_leaf_spot,0.9849612712860107,1,1.1123237609863281,8.34854793548584,0.16461181640625,9.628131866455078
dataset/test/Tomato_Septoria_leaf_spot/Gls21_hight_aug_56aug78.jpg,Tomato_Septoria_leaf_spot,Tomato_Septoria_leaf_spot,0.999998927116394,1,1.1107120513916016,8.127416610717773,0.16257476806640625,9.403351783752441
dataset/test/Tomato_Septoria_leaf_spot/Gls21_hight_aug_57aug79.jpg,Tomato_Septoria_leaf_spot,Tomato_Septoria_leaf_spot,0.9999986886978149,1,1.086324691772461,8.097137451171875,0.17000102996826172,9.356499671936035
dataset/test/Tomato_Septoria_leaf_spot/Gls21_hightaug28.jpg,Tomato_Septoria_leaf_spot,Tomato_Septoria_leaf_spot,0.9999903440475464,1,1.0751380920410156,8.043933868408203,0.15589046478271484,9.2770357131958
dataset/test/Tomato_Septoria_leaf_spot/Gls29_change_180_aug_40aug89.jpg,Tomato_Septoria_leaf_spot,Tomato_Septoria_leaf_spot,0.9988998174667358,1,1.1178617477416992,7.8279876708984375,0.1640939712524414,9.112164497375488
dataset/test/Tomato_Septoria_leaf_spot/Gls29_change_180_aug_41aug91.jpg,Tomato_Septoria_leaf_spot,Tomato_Septoria_leaf_spot,0.9996269941329956,1,1.0736017227172852,7.848747253417969,0.16594505310058594,9.09105396270752
dataset/test/Tomato_Septoria_leaf_spot/Gls29_change_180aug20.jpg,Tomato_Septoria_leaf_spot,Tomato_Septoria_leaf_spot,0.9997907280921936,1,1.080082893371582,7.980100631713867,0.1743917465209961,9.23746395111084
dataset/test/Tomato_Septoria_leaf_spot/Gls36_hight_aug_20aug116.jpg,Tomato_Septoria_leaf_spot,Tomato_Septoria_leaf_spot,0.997911274433136,1,1.067453384399414,8.029064178466797,0.19916820526123047,9.298407554626465
dataset/test/Tomato_Septoria_leaf_spot/Gls36_hight_aug_21aug118.jpg,Tomato_Septoria_leaf_spot,Tomato_Septoria_leaf_spot,0.9984034895896912,1,1.066305160522461,7.9801177978515625,0.16346359252929688,9.212350845336914
dataset/test/Tomato_Septoria_leaf_spot/Gls36_hightaug10.jpg,Tomato_Septoria_leaf_spot,Tomato_Septoria_leaf_spot,0.9998900890350342,1,1.0619697570800781,8.02910041809082,0.16472339630126953,9.258333206176758
dataset/test/Tomato_Septoria_leaf_spot/Gls41_change_270_aug_50aug90.jpg,Tomato_Septoria_leaf_spot,Tomato_Septoria_leaf_spot,0.985784113407135,1,1.1422491073608398,8.009138107299805,0.19820499420166016,9.352056503295898
dataset/test/Tomato_Septoria_leaf_spot/Gls41_change_270_aug_51aug77.jpg,Tomato_Septoria_leaf_spot,Tomato_Septoria_leaf_spot,0.9991169571876526,1,1.1094532012939453,7.9718217849731445,0.16498279571533203,9.249277114868164
dataset/test/Tomato_Septoria_leaf_spot/Gls41_change_270aug25.jpg,Tomato_Septoria_leaf_spot,Tomato_Septoria_leaf_spot,0.9890672564506531,1,1.0972871780395508,7.995490074157715,0.1657238006591797,9.261462211608887
dataset/test/Tomato_Septoria_leaf_spot/Gls43_change_90_aug_60aug75.jpg,Tomato_Septoria_leaf_spot,Tomato_Septoria_leaf_spot,0.9999850988388062,1,1.0481195449829102,7.958563804626465,0.15937137603759766,9.168850898742676
dataset/test/Tomato_Septoria_leaf_spot/Gls43_change_90_aug_61aug73.jpg,Tomato_Septoria_leaf_spot,Tomato_Septoria_leaf_spot,0.9999990463256836,1,1.0798053741455078,7.828726768493652,0.17429733276367188,9.08572006225586
dataset/test/Tomato_Septoria_leaf_spot/Gls43_change_90aug30.jpg,Tomato_Septoria_leaf_spot,Tomato_Septoria_leaf_spot,0.9999984502792358,1,1.1778802871704102,7.885044097900391,0.1658163070678711,9.231220245361328
dataset/test/Tomato_Septoria_leaf_spot/Gls46_change_90_aug_6aug53.jpg,Tomato_Septoria_leaf_spot,Tomato_Septoria_leaf_spot,0.9999595880508423,1,1.1016387939453125,7.865487098693848,0.1693716049194336,9.139276504516602
dataset/test/Tomato_Septoria_leaf_spot/Gls46_change_90_aug_7aug56.jpg,Tomato_Septoria_leaf_spot,Tomato_Septoria_leaf_spot,0.9997292160987854,1,1.1888971328735352,8.386678695678711,0.16714954376220703,9.745671272277832
dataset/test/Tomato_Septoria_leaf_spot/Gls46_change_90aug3.jpg,Tomato_Septoria_leaf_spot,Tomato_Septoria_leaf_spot,0.999927282333374,1,1.1128969192504883,8.03271198272705,0.16511154174804688,9.31342601776123
dataset/test/Tomato_Septoria_leaf_spot/Gls47aug44.jpg,Tomato_Septoria_leaf_spot,Tomato_Septoria_leaf_spot,0.9999998807907104,1,1.0866003036499023,9.108814239501953,0.164093017578125,10.361989974975586
dataset/test/Tomato_Septoria_leaf_spot/Gls76_aug_34aug97.jpg,Tomato_Septoria_leaf_spot,Tomato_Septoria_leaf_spot,0.8492161631584167,1,1.091639518737793,8.083731651306152,0.1642608642578125,9.342018127441406
dataset/test/Tomato_Septoria_leaf_spot/Gls76_aug_35aug103.jpg,Tomato_Septoria_leaf_spot,Tomato_Septoria_leaf_spot,0.9418984651565552,1,1.0850820541381836,18.814723014831543,0.16853809356689453,20.07138156890869
dataset/test/Tomato_Septoria_leaf_spot/Gls76_change_180_aug_30aug96.jpg,Tomato_Septoria_leaf_spot,Tomato_mold_leaf,0.9939138293266296,0,1.0962495803833008,13.310586929321289,0.16879749298095703,14.578615188598633
dataset/test/Tomato_Septoria_leaf_spot/Gls76_change_180_aug_31aug100.jpg,Tomato_Septoria_leaf_spot,Tomato_Septoria_leaf_spot,0.5812445282936096,1,1.0964908599853516,9.30985164642334,0.16787147521972656,10.57651138305664
dataset/test/Tomato_Septoria_leaf_spot/Gls76_change_180aug15.jpg,Tomato_Septoria_leaf_spot,Tomato_mold_leaf,0.6615983843803406,0,1.1483430862426758,8.230472564697266,0.1659088134765625,9.547576904296875
dataset/test/Tomato_Septoria_leaf_spot/Gls76aug17.jpg,Tomato_Septoria_leaf_spot,Tomato_Septoria_leaf_spot,0.842293918132782,1,1.0894355773925781,7.989397048950195,0.16615009307861328,9.24746322631836
dataset/test/Tomato_Septoria_leaf_spot/Gls7_change_270_aug_64aug68.jpg,Tomato_Septoria_leaf_spot,Tomato_Septoria_leaf_spot,0.9999215602874756,1,1.1040449142456055,8.080527305603027,0.1665935516357422,9.35368537902832
dataset/test/Tomato_Septoria_leaf_spot/Gls7_change_270_aug_65aug71.jpg,Tomato_Septoria_leaf_spot,Tomato_Septoria_leaf_spot,0.9997957348823547,1,1.1341400146484375,8.196083068847656,0.1647787094116211,9.49777889251709
dataset/test/Tomato_Septoria_leaf_spot/Gls7_change_270aug32.jpg,Tomato_Septoria_leaf_spot,Tomato_Septoria_leaf_spot,0.999992847442627,1,1.087693214416504,8.147842407226562,0.17098331451416016,9.40935230255127
dataset/test/Tomato_Septoria_leaf_spot/Gls7_lower_aug_0aug57.jpg,Tomato_Septoria_leaf_spot,Tomato_Septoria_leaf_spot,0.9997097849845886,1,1.0916385650634766,7.987637519836426,0.16627979278564453,9.248351097106934
dataset/test/Tomato_Septoria_leaf_spot/Gls7_lower_aug_1aug52.jpg,Tomato_Septoria_leaf_spot,Tomato_Septoria_leaf_spot,0.9996969699859619,1,1.1300830841064453,7.961748123168945,0.16437149047851562,9.258684158325195
dataset/test/Tomato_Septoria_leaf_spot/Gls7_loweraug0.jpg,Tomato_Septoria_leaf_spot,Tomato_Septoria_leaf_spot,0.999509334564209,1,1.0835838317871094,8.174083709716797,0.17074203491210938,9.431075096130371
dataset/test/Tomato_Septoria_leaf_spot/Gls81_lower_aug_2aug51.jpg,Tomato_Septoria_leaf_spot,Tomato_Septoria_leaf_spot,0.9999994039535522,1,1.0746383666992188,8.136824607849121,0.16846466064453125,9.382686614990234
dataset/test/Tomato_Septoria_leaf_spot/Gls81_lower_aug_3aug54.jpg,Tomato_Septoria_leaf_spot,Tomato_Septoria_leaf_spot,0.9996015429496765,1,1.114304542541504,8.474641799926758,0.16905593872070312,9.760540008544922
dataset/test/Tomato_Septoria_leaf_spot/Gls81_loweraug1.jpg,Tomato_Septoria_leaf_spot,Tomato_Septoria_leaf_spot,0.9999997615814209,1,1.0776939392089844,8.311805725097656,0.1776866912841797,9.570168495178223
dataset/test/Tomato_Septoria_leaf_spot/IMG-20240812-WA0213_aug_70aug59.jpg,Tomato_Septoria_leaf_spot,Tomato_Early_blight_leaf,0.9874358177185059,0,1.226287841796875,8.291474342346191,0.1698160171508789,9.690299987792969
dataset/test/Tomato_Septoria_leaf_spot/IMG-20240812-WA0213_aug_71aug60.jpg,Tomato_Septoria_leaf_spot,Tomato_Early_blight_leaf,0.9917545318603516,0,1.1542682647705078,8.525252342224121,0.1683521270751953,9.850373268127441
dataset/test/Tomato_Septoria_leaf_spot/IMG-20240812-WA0213aug35.jpg,Tomato_Septoria_leaf_spot,Tomato_Early_blight_leaf,0.9997513890266418,0,1.1596393585205078,8.386974334716797,0.16916847229003906,9.718374252319336
dataset/test/Tomato_Septoria_leaf_spot/Original_e-blight.JPG.rend.hgtvcom.966.725.jpeg_aug_52aug74.jpg,Tomato_Septoria_leaf_spot,Tomato_Septoria_leaf_spot,0.9999797344207764,1,1.1352128982543945,8.371456146240234,0.16837215423583984,9.678058624267578
dataset/test/Tomato_Septoria_leaf_spot/Original_e-blight.JPG.rend.hgtvcom.966.725.jpeg_aug_53aug76.jpg,Tomato_Septoria_leaf_spot,Tomato_Septoria_leaf_spot,0.9999492168426514,1,1.1408796310424805,9.090423583984375,0.16901874542236328,10.402915954589844
dataset/test/Tomato_Septoria_leaf_spot/Original_e-blight.JPG.rend.hgtvcom.966.725.jpegaug26.jpg,Tomato_Septoria_leaf_spot,Tomato_Septoria_leaf_spot,0.9999793767929077,1,1.2078990936279297,8.42147445678711,0.16887187957763672,9.80105972290039
dataset/test/Tomato_Septoria_leaf_spot/SS_ (990)_aug_24aug107.jpg,Tomato_Septoria_leaf_spot,Tomato_Septoria_leaf_spot,1.0,1,1.1161003112792969,8.170435905456543,0.17209339141845703,9.462260246276855
dataset/test/Tomato_Septoria_leaf_spot/SS_ (990)_aug_25aug113.jpg,Tomato_Septoria_leaf_spot,Tomato_Septoria_leaf_spot,1.0,1,1.1281585693359375,7.969120025634766,0.16853904724121094,9.268444061279297
dataset/test/Tomato_Septoria_leaf_spot/SS_ (990)aug12.jpg,Tomato_Septoria_leaf_spot,Tomato_Septoria_leaf_spot,1.0,1,1.085341453552246,8.004914283752441,0.16501998901367188,9.258017539978027
dataset/test/Tomato_Septoria_leaf_spot/Septoria_tomato_Margaret-20B_p8170755_0002_25004_jpg.rf.3fbb14d553c623c77f342b3a54baddab_aug_66aug70.jpg,Tomato_Septoria_leaf_spot,Tomato_Septoria_leaf_spot,0.9996689558029175,1,1.1632680892944336,7.985674858093262,0.16068744659423828,9.311869621276855
dataset/test/Tomato_Septoria_leaf_spot/Septoria_tomato_Margaret-20B_p8170755_0002_25004_jpg.rf.3fbb14d553c623c77f342b3a54baddab_aug_67aug63.jpg,Tomato_Septoria_leaf_spot,Tomato_Septoria_leaf_spot,0.9985421895980835,1,1.1574172973632812,8.466772079467773,0.15787220001220703,9.784355163574219
dataset/test/Tomato_Septoria_leaf_spot/Septoria_tomato_Margaret-20B_p8170755_0002_25004_jpg.rf.3fbb14d553c623c77f342b3a54baddabaug33.jpg,Tomato_Septoria_leaf_spot,Tomato_Septoria_leaf_spot,0.9990860223770142,1,1.1075639724731445,7.820395469665527,0.16501998901367188,9.095479011535645
dataset/test/Tomato_Septoria_leaf_spot/Tomato-Plant-with-Septoria-Leaf-Spot_aug_68aug65.jpg,Tomato_Septoria_leaf_spot,Tomato_Septoria_leaf_spot,0.7991241812705994,1,1.1244354248046875,7.849359512329102,0.16542720794677734,9.142332077026367
dataset/test/Tomato_Septoria_leaf_spot/Tomato-Plant-with-Septoria-Leaf-Spot_aug_69aug64.jpg,Tomato_Septoria_leaf_spot,Tomato_Septoria_leaf_spot,0.7418893575668335,1,1.2098426818847656,8.192731857299805,0.16568660736083984,9.570724487304688
dataset/test/Tomato_Septoria_leaf_spot/Tomato-Plant-with-Septoria-Leaf-Spotaug34.jpg,Tomato_Septoria_leaf_spot,Tomato_Septoria_leaf_spot,0.654482901096344,1,1.1183595657348633,8.072471618652344,0.16563129425048828,9.359187126159668
dataset/test/Tomato_Septoria_leaf_spot/b54d0e40027ff5e90e8ba7e1e9abf9bdaug39.jpg,Tomato_Septoria_leaf_spot,Tomato_Septoria_leaf_spot,0.9999988079071045,1,1.0761756896972656,8.134990692138672,0.16483497619628906,9.378575325012207
dataset/test/Tomato_Septoria_leaf_spot/classic-septoria_aug_10aug48.jpg,Tomato_Septoria_leaf_spot,Tomato_Septoria_leaf_spot,0.9975495934486389,1,1.1620464324951172,8.037841796875,0.16650104522705078,9.369258880615234
dataset/test/Tomato_Septoria_leaf_spot/classic-septoria_aug_11aug49.jpg,Tomato_Septoria_leaf_spot,Tomato_Septoria_leaf_spot,0.9988865256309509,1,1.1319913864135742,8.025527000427246,0.1650371551513672,9.325166702270508
dataset/test/Tomato_Septoria_leaf_spot/classic-septoriaaug5.jpg,Tomato_Septoria_leaf_spot,Tomato_Septoria_leaf_spot,0.9999445676803589,1,1.1645832061767578,7.900933265686035,0.16481590270996094,9.233055114746094
dataset/test/Tomato_Septoria_leaf_spot/early+blight+on+leaf+yel+halo+IMG_2313.JPG_aug_62aug69.jpg,Tomato_Septoria_leaf_spot,Tomato_Septoria_leaf_spot,0.9992875456809998,1,1.113804817199707,7.8577470779418945,0.16472339630126953,9.138628959655762
dataset/test/Tomato_Septoria_leaf_spot/early+blight+on+leaf+yel+halo+IMG_2313.JPG_aug_63aug72.jpg,Tomato_Septoria_leaf_spot,Tomato_Septoria_leaf_spot,0.9999790191650391,1,1.106398582458496,7.895415306091309,0.1660757064819336,9.170536041259766
dataset/test/Tomato_Septoria_leaf_spot/early+blight+on+leaf+yel+halo+IMG_2313.JPGaug31.jpg,Tomato_Septoria_leaf_spot,Tomato_Septoria_leaf_spot,0.9999673366546631,1,1.0991010665893555,7.982026100158691,0.16476058959960938,9.248518943786621
dataset/test/Tomato_Septoria_leaf_spot/early-blight-of-tomato-tomato-1aug38.jpg,Tomato_Septoria_leaf_spot,Tomato_Septoria_leaf_spot,0.9999985694885254,1,1.1686382293701172,8.11456298828125,0.1652984619140625,9.45161247253418
dataset/test/Tomato_Septoria_leaf_spot/eblight5_aug_18aug110.jpg,Tomato_Septoria_leaf_spot,Tomato_Septoria_leaf_spot,0.9852213263511658,1,1.070897102355957,7.9989166259765625,0.16527843475341797,9.237907409667969
dataset/test/Tomato_Septoria_leaf_spot/eblight5_aug_19aug117.jpg,Tomato_Septoria_leaf_spot,Tomato_Septoria_leaf_spot,0.9974246025085449,1,1.0652132034301758,8.104602813720703,0.1631488800048828,9.335945129394531
dataset/test/Tomato_Septoria_leaf_spot/eblight5aug9.jpg,Tomato_Septoria_leaf_spot,Tomato_Septoria_leaf_spot,0.9967964291572571,1,1.083303451538086,8.0805082321167,0.17287063598632812,9.339629173278809
dataset/test/Tomato_Septoria_leaf_spot/images (1)_aug_54aug93.jpg,Tomato_Septoria_leaf_spot,Tomato_Septoria_leaf_spot,0.9960830211639404,1,1.0756206512451172,7.995489120483398,0.1624288558959961,9.235980033874512
dataset/test/Tomato_Septoria_leaf_spot/images (1)_aug_55aug87.jpg,Tomato_Septoria_leaf_spot,Tomato_Septoria_leaf_spot,0.9995630383491516,1,1.0702123641967773,8.008933067321777,0.16337299346923828,9.245295524597168
dataset/test/Tomato_Septoria_leaf_spot/images (1)aug27.jpg,Tomato_Septoria_leaf_spot,Tomato_Septoria_leaf_spot,0.9984573125839233,1,1.0938968658447266,8.010007858276367,0.1543893814086914,9.260814666748047
dataset/test/Tomato_Septoria_leaf_spot/tomato-blight-treatment-blight_jpg.rf.78cbf6055199828cb682fd0a6435a157_aug_74aug58.jpg,Tomato_Septoria_leaf_spot,Tomato_Septoria_leaf_spot,0.9999938011169434,1,1.051804542541504,7.815469741821289,0.1628704071044922,9.032683372497559
dataset/test/Tomato_Septoria_leaf_spot/tomato-blight-treatment-blight_jpg.rf.78cbf6055199828cb682fd0a6435a157aug37.jpg,Tomato_Septoria_leaf_spot,Tomato_Septoria_leaf_spot,0.9999741315841675,1,1.126546859741211,7.897488594055176,0.17074203491210938,9.197906494140625
dataset/test/Tomato_Septoria_leaf_spot/tomato-early-blight-e1437503226856_aug_4aug50.jpg,Tomato_Septoria_leaf_spot,Tomato_Septoria_leaf_spot,0.9999455213546753,1,1.1430835723876953,7.916248321533203,0.19855785369873047,9.260351181030273
dataset/test/Tomato_Septoria_leaf_spot/tomato-early-blight-e1437503226856_aug_5aug55.jpg,Tomato_Septoria_leaf_spot,Tomato_Septoria_leaf_spot,0.9998100399971008,1,1.1143798828125,8.003026962280273,0.1640949249267578,9.284017562866211
dataset/test/Tomato_Septoria_leaf_spot/tomato-early-blight-e1437503226856aug2.jpg,Tomato_Septoria_leaf_spot,Tomato_Septoria_leaf_spot,0.9999703168869019,1,1.1186943054199219,9.067794799804688,0.16350173950195312,10.352249145507812
dataset/test/Tomato_Septoria_leaf_spot/tomato-early-blightH_jpg.rf.2633fbae0a933eb2711cb8466f34aca1_aug_12aug119.jpg,Tomato_Septoria_leaf_spot,Tomato_Septoria_leaf_spot,0.9996691942214966,1,1.2046756744384766,8.064544677734375,0.16463088989257812,9.436260223388672
dataset/test/Tomato_Septoria_leaf_spot/tomato-early-blightH_jpg.rf.2633fbae0a933eb2711cb8466f34aca1_aug_13aug114.jpg,Tomato_Septoria_leaf_spot,Tomato_Septoria_leaf_spot,0.9960230588912964,1,1.1203622817993164,8.062397956848145,0.16970443725585938,9.355037689208984
dataset/test/Tomato_Septoria_leaf_spot/tomato-early-blightH_jpg.rf.2633fbae0a933eb2711cb8466f34aca1aug6.jpg,Tomato_Septoria_leaf_spot,Tomato_Septoria_leaf_spot,0.999868631362915,1,1.1244535446166992,8.026415824890137,0.164520263671875,9.318111419677734
dataset/test/Tomato_Septoria_leaf_spot/tomato-septoria-3-500x384_aug_32aug104.jpg,Tomato_Septoria_leaf_spot,Tomato_Septoria_leaf_spot,0.9998983144760132,1,1.1359729766845703,8.014248847961426,0.16639041900634766,9.319148063659668
dataset/test/Tomato_Septoria_leaf_spot/tomato-septoria-3-500x384_aug_33aug106.jpg,Tomato_Septoria_leaf_spot,Tomato_Septoria_leaf_spot,0.9998214840888977,1,1.0859909057617188,8.081637382507324,0.16729736328125,9.337481498718262
dataset/test/Tomato_Septoria_leaf_spot/tomato-septoria-3-500x384_jpg.rf.40a23512bd3b6d8df2115d7f591913fb_aug_16aug112.jpg,Tomato_Septoria_leaf_spot,Tomato_Septoria_leaf_spot,0.9999972581863403,1,1.1044158935546875,8.087711334228516,0.1638164520263672,9.358445167541504
dataset/test/Tomato_Septoria_leaf_spot/tomato-septoria-3-500x384_jpg.rf.40a23512bd3b6d8df2115d7f591913fb_aug_17aug111.jpg,Tomato_Septoria_leaf_spot,Tomato_Septoria_leaf_spot,0.999980092048645,1,1.1149530410766602,8.152806282043457,0.1568155288696289,9.42725944519043
dataset/test/Tomato_Septoria_leaf_spot/tomato-septoria-3-500x384_jpg.rf.40a23512bd3b6d8df2115d7f591913fbaug8.jpg,Tomato_Septoria_leaf_spot,Tomato_Septoria_leaf_spot,0.9999892711639404,1,1.0898046493530273,7.931081771850586,0.16987228393554688,9.193647384643555
dataset/test/Tomato_Septoria_leaf_spot/tomato-septoria-3-500x384aug16.jpg,Tomato_Septoria_leaf_spot,Tomato_Septoria_leaf_spot,0.999970555305481,1,1.1270265579223633,7.972562789916992,0.1663522720336914,9.268406867980957
dataset/test/Tomato_Septoria_leaf_spot/tomato-septoria-5_jpg.rf.fab97ae4bb3726e33dcbde7262ec6a65aug40.jpg,Tomato_Septoria_leaf_spot,Tomato_Septoria_leaf_spot,0.9997926354408264,1,1.159602165222168,7.991453170776367,0.16683483123779297,9.32073974609375
dataset/test/Tomato_Septoria_leaf_spot/tomato-septoria-leaf-spot--_aug_22aug109.jpg,Tomato_Septoria_leaf_spot,Tomato_Early_blight_leaf,0.5360409617424011,0,1.2011041641235352,8.155489921569824,0.16653728485107422,9.526001930236816
dataset/test/Tomato_Septoria_leaf_spot/tomato-septoria-leaf-spot--_aug_23aug108.jpg,Tomato_Septoria_leaf_spot,Tomato_Septoria_leaf_spot,0.5092179775238037,1,1.180490493774414,8.119211196899414,0.16407489776611328,9.46646499633789
dataset/test/Tomato_Septoria_leaf_spot/tomato-septoria-leaf-spot--_jpg.rf.06783859d6d3e49976374e4146674e0b_aug_48aug94.jpg,Tomato_Septoria_leaf_spot,Tomato_Septoria_leaf_spot,0.892166793346405,1,1.1601381301879883,8.195749282836914,0.16690921783447266,9.525538444519043
dataset/test/Tomato_Septoria_leaf_spot/tomato-septoria-leaf-spot--_jpg.rf.06783859d6d3e49976374e4146674e0b_aug_49aug88.jpg,Tomato_Septoria_leaf_spot,Tomato_Septoria_leaf_spot,0.5730157494544983,1,1.203139305114746,8.173379898071289,0.17488956451416016,9.554798126220703
dataset/test/Tomato_Septoria_leaf_spot/tomato-septoria-leaf-spot--_jpg.rf.06783859d6d3e49976374e4146674e0baug24.jpg,Tomato_Septoria_leaf_spot,Tomato_leaf_yellow_curl_virus,0.9478324055671692,0,1.24102783203125,8.172843933105469,0.16883468627929688,9.585556983947754
dataset/test/Tomato_Septoria_leaf_spot/tomato-septoria-leaf-spot--_jpg.rf.5e63d9a20f5557b9bb3617e79b48ef85_aug_26aug95.jpg,Tomato_Septoria_leaf_spot,Tomato_leaf_yellow_curl_virus,0.8661082983016968,0,1.1894731521606445,8.060137748718262,0.16163063049316406,9.41403865814209
dataset/test/Tomato_Septoria_leaf_spot/tomato-septoria-leaf-spot--_jpg.rf.5e63d9a20f5557b9bb3617e79b48ef85_aug_27aug101.jpg,Tomato_Septoria_leaf_spot,Tomato_leaf_yellow_curl_virus,0.48858973383903503,0,1.1465644836425781,8.027175903320312,0.15677833557128906,9.333240509033203
dataset/test/Tomato_Septoria_leaf_spot/tomato-septoria-leaf-spot--_jpg.rf.5e63d9a20f5557b9bb3617e79b48ef85aug13.jpg,Tomato_Septoria_leaf_spot,Tomato_Septoria_leaf_spot,0.7326012253761292,1,1.1636943817138672,7.838191032409668,0.16363143920898438,9.168462753295898
dataset/test/Tomato_Septoria_leaf_spot/tomato-septoria-leaf-spot--aug11.jpg,Tomato_Septoria_leaf_spot,Tomato_Septoria_leaf_spot,0.6726369261741638,1,1.2034711837768555,7.858173370361328,0.1635761260986328,9.227980613708496
dataset/test/Tomato_Septoria_leaf_spot/tomato-septoria-leaf-spot-_aug_28aug105.jpg,Tomato_Septoria_leaf_spot,Tomato_Septoria_leaf_spot,0.8968107104301453,1,1.1336383819580078,7.894637107849121,0.1716318130493164,9.203110694885254
dataset/test/Tomato_Septoria_leaf_spot/tomato-septoria-leaf-spot-_aug_29aug102.jpg,Tomato_Septoria_leaf_spot,Tomato_Septoria_leaf_spot,0.7354234457015991,1,1.1739912033081055,8.136285781860352,0.16527938842773438,9.478389739990234
dataset/test/Tomato_Septoria_leaf_spot/tomato-septoria-leaf-spot-aug14.jpg,Tomato_Septoria_leaf_spot,Tomato_Septoria_leaf_spot,0.9999302625656128,1,1.1158418655395508,7.972526550292969,0.16937255859375,9.260907173156738
dataset/test/Tomato_Septoria_leaf_spot/tomato_D2b-Early-blight---RPitblado_zoom_jpg.rf.93df1c3cb830b3940e4a23a5c4a05598_aug_8aug45.jpg,Tomato_Septoria_leaf_spot,Tomato_Septoria_leaf_spot,0.9999997615814209,1,1.1305828094482422,8.177490234375,0.18413066864013672,9.495019912719727
dataset/test/Tomato_Septoria_leaf_spot/tomato_D2b-Early-blight---RPitblado_zoom_jpg.rf.93df1c3cb830b3940e4a23a5c4a05598_aug_9aug47.jpg,Tomato_Septoria_leaf_spot,Tomato_Septoria_leaf_spot,0.9999995231628418,1,1.2436761856079102,8.129195213317871,0.16327857971191406,9.538743019104004
dataset/test/Tomato_Septoria_leaf_spot/tomato_D2b-Early-blight---RPitblado_zoom_jpg.rf.93df1c3cb830b3940e4a23a5c4a05598aug4.jpg,Tomato_Septoria_leaf_spot,Tomato_Septoria_leaf_spot,0.9999997615814209,1,1.1565475463867188,8.069323539733887,0.16240882873535156,9.390851974487305
dataset/test/Tomato_Septoria_leaf_spot/tomatoseptorialeafspotjpg-788d20798a3c74e7_aug_36aug98.jpg,Tomato_Septoria_leaf_spot,Tomato_Septoria_leaf_spot,0.9998630285263062,1,1.1022319793701172,7.938897132873535,0.1630382537841797,9.20690631866455
dataset/test/Tomato_Septoria_leaf_spot/tomatoseptorialeafspotjpg-788d20798a3c74e7_aug_37aug99.jpg,Tomato_Septoria_leaf_spot,Tomato_Septoria_leaf_spot,0.9989140033721924,1,1.1804723739624023,8.3726224899292,0.1687784194946289,9.724503517150879
dataset/test/Tomato_Septoria_leaf_spot/tomatoseptorialeafspotjpg-788d20798a3c74e7aug18.jpg,Tomato_Septoria_leaf_spot,Tomato_Septoria_leaf_spot,0.9981365203857422,1,1.1511030197143555,8.401973724365234,0.16853809356689453,9.724115371704102
dataset/test/Tomato_leaf_late_blight/Gls74_change_90_aug_66aug46.jpg,Tomato_leaf_late_blight,Tomato_leaf_late_blight,0.922497570514679,1,1.1882314682006836,8.161564826965332,0.167816162109375,9.519926071166992
dataset/test/Tomato_leaf_late_blight/Gls74_change_90_aug_67aug49.jpg,Tomato_leaf_late_blight,Tomato_leaf_late_blight,0.9811351895332336,1,1.0987491607666016,8.202898979187012,0.1735382080078125,9.477705955505371
dataset/test/Tomato_leaf_late_blight/Gls74_change_90_aug_68aug41.jpg,Tomato_leaf_late_blight,Tomato_leaf_late_blight,0.9864805936813354,1,1.1013059616088867,8.317937850952148,0.16650104522705078,9.58839225769043
dataset/test/Tomato_leaf_late_blight/Gls74_change_90aug22.jpg,Tomato_leaf_late_blight,Tomato_leaf_late_blight,0.9955065250396729,1,1.1390457153320312,8.289176940917969,0.1696491241455078,9.600725173950195
dataset/test/Tomato_leaf_late_blight/Gls78_change_270_aug_24aug95.jpg,Tomato_leaf_late_blight,Tomato_leaf_late_blight,0.9256619811058044,1,1.093379020690918,8.286659240722656,0.16829872131347656,9.551371574401855
dataset/test/Tomato_leaf_late_blight/Gls78_change_270_aug_25aug80.jpg,Tomato_leaf_late_blight,Tomato_leaf_late_blight,0.9803667664527893,1,1.1339912414550781,8.354436874389648,0.16594600677490234,9.657133102416992
dataset/test/Tomato_leaf_late_blight/Gls78_change_270_aug_26aug81.jpg,Tomato_leaf_late_blight,Tomato_Early_blight_leaf,0.5362279415130615,0,1.0988235473632812,8.336806297302246,0.1691131591796875,9.607336044311523
dataset/test/Tomato_leaf_late_blight/Gls78_change_270aug8.jpg,Tomato_leaf_late_blight,Tomato_leaf_late_blight,0.8904117941856384,1,1.0910825729370117,8.515789031982422,0.20461177825927734,9.814430236816406
dataset/test/Tomato_leaf_late_blight/Gls79_change_270_aug_51aug69.jpg,Tomato_leaf_late_blight,Tomato_leaf_late_blight,0.994763970375061,1,1.0786571502685547,8.28762149810791,0.1677417755126953,9.536761283874512
dataset/test/Tomato_leaf_late_blight/Gls79_change_270_aug_52aug74.jpg,Tomato_leaf_late_blight,Tomato_leaf_late_blight,0.9975117444992065,1,1.070749282836914,8.107954025268555,0.16650009155273438,9.347796440124512
dataset/test/Tomato_leaf_late_blight/Gls79_change_270_aug_53aug68.jpg,Tomato_leaf_late_blight,Tomato_leaf_late_blight,0.9919437170028687,1,1.0979900360107422,8.129435539245605,0.1647052764892578,9.394926071166992
dataset/test/Tomato_leaf_late_blight/Gls79_change_270aug17.jpg,Tomato_leaf_late_blight,Tomato_leaf_late_blight,0.998963475227356,1,1.0673227310180664,8.13415813446045,0.18111228942871094,9.385093688964844
dataset/test/Tomato_leaf_late_blight/Gls79_change_90_aug_27aug85.jpg,Tomato_leaf_late_blight,Tomato_Septoria_leaf_spot,0.986060380935669,0,1.0868597030639648,8.213788032531738,0.15529727935791016,9.45824146270752
dataset/test/Tomato_leaf_late_blight/Gls79_change_90_aug_28aug97.jpg,Tomato_leaf_late_blight,Tomato_leaf_late_blight,0.9722439050674438,1,1.0654716491699219,7.948637008666992,0.16705703735351562,9.183573722839355
dataset/test/Tomato_leaf_late_blight/Gls79_change_90_aug_29aug89.jpg,Tomato_leaf_late_blight,Tomato_Septoria_leaf_spot,0.5883158445358276,0,1.0616569519042969,8.077230453491211,0.16577911376953125,9.30720329284668
dataset/test/Tomato_leaf_late_blight/Gls79_change_90aug9.jpg,Tomato_leaf_late_blight,Tomato_leaf_late_blight,0.9639290571212769,1,1.0650091171264648,8.035804748535156,0.16566753387451172,9.269017219543457
dataset/test/Tomato_leaf_late_blight/Gls79_mirror_aug_15aug104.jpg,Tomato_leaf_late_blight,Tomato_leaf_late_blight,0.9999120235443115,1,1.0922307968139648,8.197620391845703,0.1663532257080078,9.458945274353027
dataset/test/Tomato_leaf_late_blight/Gls79_mirror_aug_16aug113.jpg,Tomato_leaf_late_blight,Tomato_leaf_late_blight,0.9999638795852661,1,1.0574531555175781,8.160638809204102,0.1663341522216797,9.387371063232422
dataset/test/Tomato_leaf_late_blight/Gls79_mirror_aug_17aug109.jpg,Tomato_leaf_late_blight,Tomato_leaf_late_blight,0.9989494681358337,1,1.0619525909423828,8.188471794128418,0.16785335540771484,9.420981407165527
dataset/test/Tomato_leaf_late_blight/Gls79_mirroraug5.jpg,Tomato_leaf_late_blight,Tomato_leaf_late_blight,0.9999233484268188,1,1.1110649108886719,8.284769058227539,0.17575931549072266,9.5745210647583
dataset/test/Tomato_leaf_late_blight/IMG_20251102_155822aug32.jpg,Tomato_leaf_late_blight,Tomato_leaf_yellow_curl_virus,0.709813117980957,0,1.1463985443115234,8.313807487487793,0.16925907135009766,9.631983757019043
dataset/test/Tomato_leaf_late_blight/IMG_20251102_160928aug33.jpg,Tomato_leaf_late_blight,Tomato_Early_blight_leaf,0.9888448119163513,0,1.11932373046875,8.235769271850586,0.20424270629882812,9.561891555786133
dataset/test/Tomato_leaf_late_blight/IMG_20251102_161202_aug_57aug50.jpg,Tomato_leaf_late_blight,Tomato_Early_blight_leaf,0.9999617338180542,0,1.1832494735717773,8.325159072875977,0.1652984619140625,9.676057815551758
dataset/test/Tomato_leaf_late_blight/IMG_20251102_161202_aug_58aug52.jpg,Tomato_leaf_late_blight,Tomato_Early_blight_leaf,0.9949954748153687,0,1.1801948547363281,8.264787673950195,0.160797119140625,9.608038902282715
dataset/test/Tomato_leaf_late_blight/IMG_20251102_161202_aug_59aug39.jpg,Tomato_leaf_late_blight,Tomato_Early_blight_leaf,0.9997377991676331,0,1.2668418884277344,8.204472541809082,0.18388938903808594,9.658651351928711
dataset/test/Tomato_leaf_late_blight/IMG_20251102_161202aug19.jpg,Tomato_leaf_late_blight,Tomato_Early_blight_leaf,0.9996305704116821,0,1.269399642944336,8.134971618652344,0.1686697006225586,9.575668334960938
dataset/test/Tomato_leaf_late_blight/IMG_5808_jpg.rf.9de5af872dd2e7a58b115c4826fb18d4_aug_63aug53.jpg,Tomato_leaf_late_blight,Tomato_leaf_late_blight,0.9999076128005981,1,1.165231704711914,8.907699584960938,0.16620445251464844,10.2418212890625
dataset/test/Tomato_leaf_late_blight/IMG_5808_jpg.rf.9de5af872dd2e7a58b115c4826fb18d4_aug_64aug43.jpg,Tomato_leaf_late_blight,Tomato_leaf_late_blight,0.9986248016357422,1,1.139693260192871,8.41373348236084,0.16822433471679688,9.724725723266602
dataset/test/Tomato_leaf_late_blight/IMG_5808_jpg.rf.9de5af872dd2e7a58b115c4826fb18d4_aug_65aug38.jpg,Tomato_leaf_late_blight,Tomato_leaf_late_blight,0.9995539784431458,1,1.2115650177001953,19.253578186035156,0.21070384979248047,20.679386138916016
dataset/test/Tomato_leaf_late_blight/IMG_5808_jpg.rf.9de5af872dd2e7a58b115c4826fb18d4aug21.jpg,Tomato_leaf_late_blight,Tomato_leaf_late_blight,0.9998823404312134,1,8.219232559204102,16.64352035522461,0.21320533752441406,25.079846382141113
dataset/test/Tomato_leaf_late_blight/LB_ (254)_aug_54aug73.jpg,Tomato_leaf_late_blight,Tomato_leaf_late_blight,0.6099933981895447,1,1.4046049118041992,11.1961088180542,0.21053791046142578,12.814676284790039
dataset/test/Tomato_leaf_late_blight/LB_ (254)_aug_55aug71.jpg,Tomato_leaf_late_blight,Tomato_leaf_late_blight,0.9617971181869507,1,1.3996047973632812,10.937179565429688,0.20979785919189453,12.549859046936035
dataset/test/Tomato_leaf_late_blight/LB_ (254)_aug_56aug78.jpg,Tomato_leaf_late_blight,Tomato_Early_blight_leaf,0.6718028783798218,0,1.4088821411132812,11.119735717773438,0.20513057708740234,12.737211227416992
dataset/test/Tomato_leaf_late_blight/LB_ (254)aug18.jpg,Tomato_leaf_late_blight,Tomato_leaf_late_blight,0.9905622601509094,1,1.3971586227416992,11.232625961303711,0.19883441925048828,12.858046531677246
dataset/test/Tomato_leaf_late_blight/LB_ (276)_aug_60aug45.jpg,Tomato_leaf_late_blight,Tomato_leaf_late_blight,0.9999898672103882,1,1.4183082580566406,10.931252479553223,0.24333572387695312,12.59646987915039
dataset/test/Tomato_leaf_late_blight/LB_ (276)_aug_61aug44.jpg,Tomato_leaf_late_blight,Tomato_leaf_late_blight,0.9997178912162781,1,1.4149370193481445,8.491345405578613,0.16198158264160156,10.071080207824707
dataset/test/Tomato_leaf_late_blight/LB_ (276)_aug_62aug40.jpg,Tomato_leaf_late_blight,Tomato_leaf_late_blight,0.9995194673538208,1,1.019730567932129,7.569856643676758,0.15966796875,8.752050399780273
dataset/test/Tomato_leaf_late_blight/LB_ (276)aug20.jpg,Tomato_leaf_late_blight,Tomato_leaf_late_blight,0.9999680519104004,1,1.0206375122070312,7.509746551513672,0.1784648895263672,8.712124824523926
dataset/test/Tomato_leaf_late_blight/Late-blight-foliar-leasion-on-tomato_jpg.rf.331af81e5b2aae24af0dc9b6d9933591_aug_72aug60.jpg,Tomato_leaf_late_blight,Tomato_leaf_late_blight,0.999996542930603,1,1.2191572189331055,7.633744239807129,0.16274261474609375,9.018182754516602
dataset/test/Tomato_leaf_late_blight/Late-blight-foliar-leasion-on-tomato_jpg.rf.331af81e5b2aae24af0dc9b6d9933591_aug_73aug51.jpg,Tomato_leaf_late_blight,Tomato_leaf_late_blight,0.999998927116394,1,1.0966005325317383,7.528153419494629,0.16181564331054688,8.789033889770508
dataset/test/Tomato_leaf_late_blight/Late-blight-foliar-leasion-on-tomato_jpg.rf.331af81e5b2aae24af0dc9b6d9933591_aug_74aug37.jpg,Tomato_leaf_late_blight,Tomato_leaf_late_blight,0.9999586343765259,1,1.133453369140625,7.746506690979004,0.18083477020263672,9.06340503692627
dataset/test/Tomato_leaf_late_blight/Late-blight-foliar-leasion-on-tomato_jpg.rf.331af81e5b2aae24af0dc9b6d9933591aug24.jpg,Tomato_leaf_late_blight,Tomato_leaf_late_blight,0.9999585151672363,1,1.1006193161010742,7.566891670227051,0.16653823852539062,8.836773872375488
dataset/test/Tomato_leaf_late_blight/Late-blight-on-a-tomato-leaf_jpg.rf.8a0bcac661db5b0d51beab8e2bf6cd6caug29.jpg,Tomato_leaf_late_blight,Tomato_leaf_late_blight,0.999998927116394,1,1.0843420028686523,7.469466209411621,0.19626140594482422,8.752680778503418
dataset/test/Tomato_leaf_late_blight/Late-blight-on-a-tomato-leaf_jpg.rf.8defdb736385f3e1da6fba17b2786ac9_aug_84aug36.jpg,Tomato_leaf_late_blight,Tomato_leaf_late_blight,1.0,1,1.0520639419555664,7.731005668640137,0.16102027893066406,8.947090148925781
dataset/test/Tomato_leaf_late_blight/Late-blight-on-a-tomato-leaf_jpg.rf.8defdb736385f3e1da6fba17b2786ac9aug28.jpg,Tomato_leaf_late_blight,Tomato_leaf_late_blight,0.9999998807907104,1,1.1467132568359375,8.864755630493164,0.16050243377685547,10.174617767333984
dataset/test/Tomato_leaf_late_blight/Late-blight-symptoms-on-tomato-leaves-1r3uhy2_jpg.rf.92fa5ba375a2c3ce572ef7e12695be90aug31.jpg,Tomato_leaf_late_blight,Tomato_leaf_late_blight,0.9998425245285034,1,1.110396385192871,7.672635078430176,0.1566314697265625,8.942421913146973
dataset/test/Tomato_leaf_late_blight/Late-blight-tomato-leaf-VikramBisht-MBag_jpg.rf.ec494f1ab0c0417fed47095af181f852_aug_6aug117.jpg,Tomato_leaf_late_blight,Tomato_leaf_late_blight,0.9999986886978149,1,1.0708045959472656,7.502263069152832,0.1606311798095703,8.736198425292969
dataset/test/Tomato_leaf_late_blight/Late-blight-tomato-leaf-VikramBisht-MBag_jpg.rf.ec494f1ab0c0417fed47095af181f852_aug_7aug116.jpg,Tomato_leaf_late_blight,Tomato_leaf_late_blight,0.9999806880950928,1,1.0649347305297852,7.520412445068359,0.16194438934326172,8.749699592590332
dataset/test/Tomato_leaf_late_blight/Late-blight-tomato-leaf-VikramBisht-MBag_jpg.rf.ec494f1ab0c0417fed47095af181f852_aug_8aug115.jpg,Tomato_leaf_late_blight,Tomato_leaf_late_blight,0.9999996423721313,1,1.068619728088379,8.011545181274414,0.16983509063720703,9.25283145904541
dataset/test/Tomato_leaf_late_blight/Late-blight-tomato-leaf-VikramBisht-MBag_jpg.rf.ec494f1ab0c0417fed47095af181f852aug2.jpg,Tomato_leaf_late_blight,Tomato_leaf_late_blight,0.999924898147583,1,1.1115837097167969,7.583096504211426,0.1623525619506836,8.859997749328613
dataset/test/Tomato_leaf_late_blight/LateBlight-Tomato-JJ-2009-17nxg4q_aug_36aug79.jpg,Tomato_leaf_late_blight,Tomato_leaf_late_blight,0.9984521865844727,1,1.0435819625854492,7.802542686462402,0.15753841400146484,9.005905151367188
dataset/test/Tomato_leaf_late_blight/LateBlight-Tomato-JJ-2009-17nxg4q_aug_37aug87.jpg,Tomato_leaf_late_blight,Tomato_leaf_late_blight,0.931455671787262,1,1.0061559677124023,7.503652572631836,0.17072296142578125,8.683273315429688
dataset/test/Tomato_leaf_late_blight/LateBlight-Tomato-JJ-2009-17nxg4q_aug_38aug67.jpg,Tomato_leaf_late_blight,Tomato_leaf_late_blight,0.9999980926513672,1,1.1028594970703125,7.538818359375,0.1683521270751953,8.812736511230469
dataset/test/Tomato_leaf_late_blight/LateBlight-Tomato-JJ-2009-17nxg4q_jpg.rf.93780f99f071013cf0764b40fc6db48c_aug_48aug77.jpg,Tomato_leaf_late_blight,Tomato_leaf_late_blight,0.9999991655349731,1,1.0180635452270508,7.8995819091796875,0.16050148010253906,9.08059024810791
dataset/test/Tomato_leaf_late_blight/LateBlight-Tomato-JJ-2009-17nxg4q_jpg.rf.93780f99f071013cf0764b40fc6db48c_aug_49aug65.jpg,Tomato_leaf_late_blight,Tomato_leaf_late_blight,0.9999862909317017,1,1.0679903030395508,7.7537841796875,0.16081523895263672,8.98542308807373
dataset/test/Tomato_leaf_late_blight/LateBlight-Tomato-JJ-2009-17nxg4q_jpg.rf.93780f99f071013cf0764b40fc6db48c_aug_50aug75.jpg,Tomato_leaf_late_blight,Tomato_leaf_late_blight,0.999963641166687,1,1.0140085220336914,7.565430641174316,0.1594085693359375,8.741623878479004
dataset/test/Tomato_leaf_late_blight/LateBlight-Tomato-JJ-2009-17nxg4q_jpg.rf.93780f99f071013cf0764b40fc6db48caug16.jpg,Tomato_leaf_late_blight,Tomato_leaf_late_blight,0.9999992847442627,1,1.0118227005004883,7.5408935546875,0.16144657135009766,8.716903686523438
dataset/test/Tomato_leaf_late_blight/LateBlight-Tomato-JJ-2009-17nxg4qaug12.jpg,Tomato_leaf_late_blight,Tomato_leaf_late_blight,0.9975379705429077,1,1.015915870666504,7.673653602600098,0.1674633026123047,8.859756469726562
dataset/test/Tomato_leaf_late_blight/Lb11_mirror_verticalaug34.jpg,Tomato_leaf_late_blight,Tomato_leaf_late_blight,1.0,1,1.0834712982177734,7.907434463500977,0.1594829559326172,9.152851104736328
dataset/test/Tomato_leaf_late_blight/Lb51_mirror_aug_39aug83.jpg,Tomato_leaf_late_blight,Tomato_leaf_late_blight,0.9950436353683472,1,1.1077489852905273,7.855654716491699,0.23363208770751953,9.199443817138672
dataset/test/Tomato_leaf_late_blight/Lb51_mirror_aug_40aug96.jpg,Tomato_leaf_late_blight,Tomato_leaf_late_blight,0.9999505281448364,1,1.1158981323242188,7.896025657653809,0.1660938262939453,9.18048095703125
dataset/test/Tomato_leaf_late_blight/Lb51_mirror_aug_41aug91.jpg,Tomato_leaf_late_blight,Tomato_leaf_late_blight,0.9997275471687317,1,1.178323745727539,7.824505805969238,0.16422367095947266,9.169591903686523
dataset/test/Tomato_leaf_late_blight/Lb51_mirroraug13.jpg,Tomato_leaf_late_blight,Tomato_leaf_late_blight,0.9999330043792725,1,1.1150646209716797,7.979007720947266,0.1637420654296875,9.260573387145996
dataset/test/Tomato_leaf_late_blight/Lb52_change_90_aug_42aug64.jpg,Tomato_leaf_late_blight,Tomato_leaf_late_blight,0.9944202303886414,1,1.0588970184326172,8.011785507202148,0.1647787094116211,9.238665580749512
dataset/test/Tomato_leaf_late_blight/Lb52_change_90_aug_43aug63.jpg,Tomato_leaf_late_blight,Tomato_leaf_late_blight,0.9999986886978149,1,1.0467863082885742,7.916728973388672,0.16524314880371094,9.131498336791992
dataset/test/Tomato_leaf_late_blight/Lb52_change_90_aug_44aug70.jpg,Tomato_leaf_late_blight,Tomato_leaf_late_blight,0.9993000030517578,1,1.0850830078125,8.036026954650879,0.1650562286376953,9.289072036743164
dataset/test/Tomato_leaf_late_blight/Lb52_change_90aug14.jpg,Tomato_leaf_late_blight,Tomato_leaf_late_blight,0.9999927282333374,1,1.068359375,8.085342407226562,0.16542816162109375,9.321795463562012
dataset/test/Tomato_leaf_late_blight/Lb69_aug_45aug76.jpg,Tomato_leaf_late_blight,Tomato_leaf_late_blight,0.9999886751174927,1,1.0510826110839844,8.016043663024902,0.16464805603027344,9.234277725219727
dataset/test/Tomato_leaf_late_blight/Lb69_aug_46aug72.jpg,Tomato_leaf_late_blight,Tomato_leaf_late_blight,0.9997904896736145,1,1.0863590240478516,8.003673553466797,0.16029739379882812,9.252830505371094
dataset/test/Tomato_leaf_late_blight/Lb69_aug_47aug66.jpg,Tomato_leaf_late_blight,Tomato_leaf_late_blight,0.9999973773956299,1,1.0392484664916992,7.833727836608887,0.17937088012695312,9.055071830749512
dataset/test/Tomato_leaf_late_blight/Lb69aug15.jpg,Tomato_leaf_late_blight,Tomato_leaf_late_blight,0.9983152151107788,1,1.1345643997192383,7.880247116088867,0.1667795181274414,9.184294700622559
dataset/test/Tomato_leaf_late_blight/Lb8_mirror_vertical_aug_10aug118.jpg,Tomato_leaf_late_blight,Tomato_leaf_late_blight,0.9939320087432861,1,1.124490737915039,7.826413154602051,0.16618633270263672,9.11955451965332
dataset/test/Tomato_leaf_late_blight/Lb8_mirror_vertical_aug_11aug111.jpg,Tomato_leaf_late_blight,Tomato_leaf_late_blight,0.9996802806854248,1,1.0876388549804688,7.9861555099487305,0.1657238006591797,9.242517471313477
dataset/test/Tomato_leaf_late_blight/Lb8_mirror_vertical_aug_9aug103.jpg,Tomato_leaf_late_blight,Tomato_leaf_late_blight,0.9997209906578064,1,1.0553045272827148,7.865080833435059,0.16698265075683594,9.090127944946289
dataset/test/Tomato_leaf_late_blight/Lb8_mirror_verticalaug3.jpg,Tomato_leaf_late_blight,Tomato_leaf_late_blight,0.9999841451644897,1,1.052638053894043,7.862672805786133,0.16637229919433594,9.0841646194458
dataset/test/Tomato_leaf_late_blight/Lb97_aug_21aug84.jpg,Tomato_leaf_late_blight,Tomato_leaf_late_blight,0.9885702729225159,1,1.1098966598510742,7.861581802368164,0.16324234008789062,9.13733196258545
dataset/test/Tomato_leaf_late_blight/Lb97_aug_22aug101.jpg,Tomato_leaf_late_blight,Tomato_leaf_late_blight,0.9998843669891357,1,1.1016759872436523,7.987953186035156,0.16570568084716797,9.258256912231445
dataset/test/Tomato_leaf_late_blight/Lb97_aug_23aug82.jpg,Tomato_leaf_late_blight,Tomato_leaf_late_blight,0.9998881816864014,1,1.154841423034668,7.871637344360352,0.1654644012451172,9.194740295410156
dataset/test/Tomato_leaf_late_blight/Lb97aug7.jpg,Tomato_leaf_late_blight,Tomato_leaf_late_blight,0.9979165196418762,1,1.067953109741211,7.959563255310059,0.16579723358154297,9.195720672607422
dataset/test/Tomato_leaf_late_blight/Leaf-2Bsymptoms-2BMDA_jpg.rf.39b220104d04636fad4f5aae043826cb_aug_0aug108.jpg,Tomato_leaf_late_blight,Tomato_leaf_late_blight,0.9999996423721313,1,1.1461210250854492,8.581883430480957,0.2063159942626953,9.937727928161621
dataset/test/Tomato_leaf_late_blight/Leaf-2Bsymptoms-2BMDA_jpg.rf.39b220104d04636fad4f5aae043826cb_aug_1aug106.jpg,Tomato_leaf_late_blight,Tomato_leaf_late_blight,1.0,1,1.5169191360473633,10.931069374084473,0.20789051055908203,12.659080505371094
dataset/test/Tomato_leaf_late_blight/Leaf-2Bsymptoms-2BMDA_jpg.rf.39b220104d04636fad4f5aae043826cb_aug_2aug119.jpg,Tomato_leaf_late_blight,Tomato_leaf_late_blight,0.9999998807907104,1,1.5179014205932617,11.297514915466309,0.20600128173828125,13.024917602539062
dataset/test/Tomato_leaf_late_blight/Leaf-2Bsymptoms-2BMDA_jpg.rf.39b220104d04636fad4f5aae043826cbaug0.jpg,Tomato_leaf_late_blight,Tomato_leaf_late_blight,0.9999957084655762,1,1.5329017639160156,10.908012390136719,0.21616840362548828,12.660953521728516
dataset/test/Tomato_leaf_late_blight/Tomato-20bacterial-20canker-JPG_jpg.rf.8b568c1d5efcfdcef44c606eb076b889_aug_30aug92.jpg,Tomato_leaf_late_blight,Tomato_leaf_late_blight,0.9942541718482971,1,1.525975227355957,10.769918441772461,0.20677852630615234,12.506080627441406
dataset/test/Tomato_leaf_late_blight/Tomato-20bacterial-20canker-JPG_jpg.rf.8b568c1d5efcfdcef44c606eb076b889_aug_31aug98.jpg,Tomato_leaf_late_blight,Tomato_leaf_late_blight,0.9957625269889832,1,1.5010690689086914,10.912993431091309,0.2071695327758789,12.62491512298584
dataset/test/Tomato_leaf_late_blight/Tomato-20bacterial-20canker-JPG_jpg.rf.8b568c1d5efcfdcef44c606eb076b889_aug_32aug90.jpg,Tomato_leaf_late_blight,Tomato_leaf_late_blight,0.902228057384491,1,1.5811424255371094,10.980198860168457,0.2079458236694336,12.772619247436523
dataset/test/Tomato_leaf_late_blight/Tomato-20bacterial-20canker-JPG_jpg.rf.8b568c1d5efcfdcef44c606eb076b889aug10.jpg,Tomato_leaf_late_blight,Tomato_leaf_late_blight,0.9973502159118652,1,1.4858999252319336,10.785419464111328,0.2077045440673828,12.482450485229492
dataset/test/Tomato_leaf_late_blight/TomatoBlight-JPG_jpg.rf.234cbc5809dc7d942e46760a63e10d9f_aug_33aug88.jpg,Tomato_leaf_late_blight,Tomato_leaf_late_blight,0.9998051524162292,1,1.5101613998413086,10.608175277709961,0.15961170196533203,12.28100299835205
dataset/test/Tomato_leaf_late_blight/TomatoBlight-JPG_jpg.rf.234cbc5809dc7d942e46760a63e10d9f_aug_34aug86.jpg,Tomato_leaf_late_blight,Tomato_leaf_late_blight,0.9992938041687012,1,1.0889902114868164,7.527634620666504,0.1605377197265625,8.780031204223633
dataset/test/Tomato_leaf_late_blight/TomatoBlight-JPG_jpg.rf.234cbc5809dc7d942e46760a63e10d9f_aug_35aug93.jpg,Tomato_leaf_late_blight,Tomato_leaf_late_blight,0.999875545501709,1,1.1161575317382812,7.496837615966797,0.1595010757446289,8.775014877319336
dataset/test/Tomato_leaf_late_blight/TomatoBlight-JPG_jpg.rf.234cbc5809dc7d942e46760a63e10d9faug11.jpg,Tomato_leaf_late_blight,Tomato_leaf_late_blight,0.9909384250640869,1,1.0686559677124023,7.683468818664551,0.16309356689453125,8.918051719665527
dataset/test/Tomato_leaf_late_blight/dsc_8140cs_aug_3aug114.jpg,Tomato_leaf_late_blight,Tomato_leaf_late_blight,0.999997615814209,1,1.082545280456543,7.650191307067871,0.15400123596191406,8.889754295349121
dataset/test/Tomato_leaf_late_blight/dsc_8140cs_aug_4aug99.jpg,Tomato_leaf_late_blight,Tomato_leaf_late_blight,0.9974823594093323,1,1.0583229064941406,7.473040580749512,0.1611309051513672,8.695327758789062
dataset/test/Tomato_leaf_late_blight/dsc_8140cs_aug_5aug102.jpg,Tomato_leaf_late_blight,Tomato_leaf_late_blight,0.9999816417694092,1,1.1282119750976562,7.780672073364258,0.16196441650390625,9.104905128479004
dataset/test/Tomato_leaf_late_blight/dsc_8140csaug1.jpg,Tomato_leaf_late_blight,Tomato_leaf_late_blight,0.9998965263366699,1,1.0663223266601562,7.734246253967285,0.16003990173339844,8.963570594787598
dataset/test/Tomato_leaf_late_blight/late_jpg.rf.f64883c6ac50eb4f477851ddc23305e8_aug_69aug47.jpg,Tomato_leaf_late_blight,Tomato_Early_blight_leaf,0.6087568998336792,0,1.0976552963256836,7.638190269470215,0.1613168716430664,8.899495124816895
dataset/test/Tomato_leaf_late_blight/late_jpg.rf.f64883c6ac50eb4f477851ddc23305e8_aug_70aug48.jpg,Tomato_leaf_late_blight,Tomato_leaf_late_blight,0.5265296697616577,1,1.0720272064208984,7.686875343322754,0.16048336029052734,8.921884536743164
dataset/test/Tomato_leaf_late_blight/late_jpg.rf.f64883c6ac50eb4f477851ddc23305e8_aug_71aug42.jpg,Tomato_leaf_late_blight,Tomato_Early_blight_leaf,0.5132421255111694,0,1.1323614120483398,7.591375350952148,0.1614084243774414,8.887385368347168
dataset/test/Tomato_leaf_late_blight/late_jpg.rf.f64883c6ac50eb4f477851ddc23305e8aug23.jpg,Tomato_leaf_late_blight,Tomato_Early_blight_leaf,0.7117252945899963,0,1.1995830535888672,7.491151809692383,0.1593332290649414,8.852587699890137
dataset/test/Tomato_leaf_late_blight/lateblightTom_lesionaug30.jpg,Tomato_leaf_late_blight,Tomato_leaf_late_blight,0.9018687009811401,1,1.0062122344970703,8.044026374816895,0.17235374450683594,9.2254056930542
dataset/test/Tomato_leaf_late_blight/lb_leaf_lesions2x1200_jpg.rf.3a72cc9627c3ba6d79a876e19220824e_aug_81aug56.jpg,Tomato_leaf_late_blight,Tomato_leaf_late_blight,0.9999995231628418,1,1.1263236999511719,8.163286209106445,0.16505718231201172,9.457554817199707
dataset/test/Tomato_leaf_late_blight/lb_leaf_lesions2x1200_jpg.rf.3a72cc9627c3ba6d79a876e19220824e_aug_82aug62.jpg,Tomato_leaf_late_blight,Tomato_leaf_late_blight,0.9999990463256836,1,1.1457138061523438,8.13647174835205,0.1668720245361328,9.451481819152832
dataset/test/Tomato_leaf_late_blight/lb_leaf_lesions2x1200_jpg.rf.3a72cc9627c3ba6d79a876e19220824e_aug_83aug57.jpg,Tomato_leaf_late_blight,Tomato_leaf_late_blight,1.0,1,1.0856571197509766,8.049285888671875,0.16613006591796875,9.303535461425781
dataset/test/Tomato_leaf_late_blight/lb_leaf_lesions2x1200_jpg.rf.3a72cc9627c3ba6d79a876e19220824eaug27.jpg,Tomato_leaf_late_blight,Tomato_leaf_late_blight,1.0,1,1.0965089797973633,8.086878776550293,0.16639041900634766,9.352278709411621
dataset/test/Tomato_leaf_late_blight/p1020076cs_aug_78aug35.jpg,Tomato_leaf_late_blight,Tomato_leaf_late_blight,0.9999983310699463,1,1.1151561737060547,8.011637687683105,0.16724109649658203,9.296610832214355
dataset/test/Tomato_leaf_late_blight/p1020076cs_aug_79aug59.jpg,Tomato_leaf_late_blight,Tomato_leaf_late_blight,0.9963679313659668,1,1.0832128524780273,8.250046730041504,0.1662607192993164,9.502018928527832
dataset/test/Tomato_leaf_late_blight/p1020076cs_aug_80aug55.jpg,Tomato_leaf_late_blight,Tomato_leaf_late_blight,0.9999946355819702,1,1.0697498321533203,8.278602600097656,0.1648540496826172,9.515667915344238
dataset/test/Tomato_leaf_late_blight/p1020076csaug26.jpg,Tomato_leaf_late_blight,Tomato_leaf_late_blight,0.9990980625152588,1,1.093287467956543,8.16108226776123,0.16159439086914062,9.418242454528809
dataset/test/Tomato_leaf_late_blight/symptoms_of_late_blight_0_jpg.rf.417903f6c86ccb4f4bcd7139e0867018_aug_75aug58.jpg,Tomato_leaf_late_blight,Tomato_leaf_late_blight,0.9999120235443115,1,1.1171932220458984,8.117972373962402,0.1578521728515625,9.39559268951416
dataset/test/Tomato_leaf_late_blight/symptoms_of_late_blight_0_jpg.rf.417903f6c86ccb4f4bcd7139e0867018_aug_76aug54.jpg,Tomato_leaf_late_blight,Tomato_leaf_late_blight,0.9999443292617798,1,1.1007308959960938,7.927970886230469,0.1657238006591797,9.197035789489746
dataset/test/Tomato_leaf_late_blight/symptoms_of_late_blight_0_jpg.rf.417903f6c86ccb4f4bcd7139e0867018_aug_77aug61.jpg,Tomato_leaf_late_blight,Tomato_leaf_late_blight,0.9999896287918091,1,1.1845283508300781,8.17262077331543,0.16933441162109375,9.529241561889648
dataset/test/Tomato_leaf_late_blight/symptoms_of_late_blight_0_jpg.rf.417903f6c86ccb4f4bcd7139e0867018aug25.jpg,Tomato_leaf_late_blight,Tomato_leaf_late_blight,0.9999639987945557,1,1.160008430480957,8.285918235778809,0.16831588745117188,9.617039680480957
dataset/test/Tomato_leaf_late_blight/tomato-late-blight-leaf-61-3x32_aug_12aug112.jpg,Tomato_leaf_late_blight,Tomato_leaf_late_blight,0.9999839067459106,1,1.1281394958496094,8.473309516906738,0.16709423065185547,9.771280288696289
dataset/test/Tomato_leaf_late_blight/tomato-late-blight-leaf-61-3x32_aug_13aug110.jpg,Tomato_leaf_late_blight,Tomato_leaf_late_blight,0.972908616065979,1,1.0824699401855469,8.459104537963867,0.1680746078491211,9.712410926818848
dataset/test/Tomato_leaf_late_blight/tomato-late-blight-leaf-61-3x32_aug_14aug105.jpg,Tomato_leaf_late_blight,Tomato_leaf_late_blight,0.9998964071273804,1,1.0803050994873047,8.323380470275879,0.170074462890625,9.576799392700195
dataset/test/Tomato_leaf_late_blight/tomato-late-blight-leaf-61-3x32aug4.jpg,Tomato_leaf_late_blight,Tomato_leaf_late_blight,0.9998849630355835,1,1.0946569442749023,8.285103797912598,0.16970539093017578,9.552112579345703
dataset/test/Tomato_leaf_late_blight/tomato.early.blightH_aug_18aug100.jpg,Tomato_leaf_late_blight,Tomato_Septoria_leaf_spot,0.9994040727615356,0,1.1906957626342773,8.173194885253906,0.16870498657226562,9.535168647766113
dataset/test/Tomato_leaf_late_blight/tomato.early.blightH_aug_19aug107.jpg,Tomato_leaf_late_blight,Tomato_Septoria_leaf_spot,0.6282177567481995,0,1.2471027374267578,8.233343124389648,0.16151905059814453,9.644335746765137
dataset/test/Tomato_leaf_late_blight/tomato.early.blightH_aug_20aug94.jpg,Tomato_leaf_late_blight,Tomato_Septoria_leaf_spot,0.9978899359703064,0,1.2067317962646484,8.174880027770996,0.1676502227783203,9.551593780517578
dataset/test/Tomato_leaf_late_blight/tomato.early.blightHaug6.jpg,Tomato_leaf_late_blight,Tomato_Septoria_leaf_spot,0.8432865142822266,0,1.2547492980957031,8.128119468688965,0.2077798843383789,9.592927932739258
dataset/test/Tomato_leaf_yellow_curl_virus/1342017-162221-44540_jpg.rf.f68314ea4850dade3a214dec71c83715_aug_77aug56.jpg,Tomato_leaf_yellow_curl_virus,Tomato_leaf_yellow_curl_virus,1.0,1,1.1653804779052734,7.885875701904297,0.15972328186035156,9.21387004852295
dataset/test/Tomato_leaf_yellow_curl_virus/1342017-162221-44540_jpg.rf.f68314ea4850dade3a214dec71c83715_aug_78aug81.jpg,Tomato_leaf_yellow_curl_virus,Tomato_leaf_yellow_curl_virus,1.0,1,1.097879409790039,7.573559761047363,0.1606292724609375,8.834624290466309
dataset/test/Tomato_leaf_yellow_curl_virus/1342017-162221-44540_jpg.rf.f68314ea4850dade3a214dec71c83715_aug_79aug60.jpg,Tomato_leaf_yellow_curl_virus,Tomato_leaf_yellow_curl_virus,1.0,1,1.0995454788208008,7.588281631469727,0.1609821319580078,8.851865768432617
dataset/test/Tomato_leaf_yellow_curl_virus/1342017-162221-44540_jpg.rf.f68314ea4850dade3a214dec71c83715_aug_80aug64.jpg,Tomato_leaf_yellow_curl_virus,Tomato_leaf_yellow_curl_virus,1.0,1,1.132528305053711,7.455484390258789,0.15920448303222656,8.749939918518066
dataset/test/Tomato_leaf_yellow_curl_virus/1342017-162221-44540_jpg.rf.f68314ea4850dade3a214dec71c83715_aug_81aug61.jpg,Tomato_leaf_yellow_curl_virus,Tomato_leaf_yellow_curl_virus,1.0,1,1.128859519958496,8.06510066986084,0.15909385681152344,9.356350898742676
dataset/test/Tomato_leaf_yellow_curl_virus/1342017-162221-44540_jpg.rf.f68314ea4850dade3a214dec71c83715_aug_82aug80.jpg,Tomato_leaf_yellow_curl_virus,Tomato_leaf_yellow_curl_virus,1.0,1,1.1030464172363281,7.669802665710449,0.15972518920898438,8.935663223266602
dataset/test/Tomato_leaf_yellow_curl_virus/1342017-162221-44540_jpg.rf.f68314ea4850dade3a214dec71c83715_aug_83aug70.jpg,Tomato_leaf_yellow_curl_virus,Tomato_leaf_yellow_curl_virus,1.0,1,1.1170644760131836,7.649689674377441,0.1541128158569336,8.92336654663086
dataset/test/Tomato_leaf_yellow_curl_virus/1342017-162221-44540_jpg.rf.f68314ea4850dade3a214dec71c83715aug11.jpg,Tomato_leaf_yellow_curl_virus,Tomato_leaf_yellow_curl_virus,1.0,1,1.1272869110107422,8.341917991638184,0.1548900604248047,9.626521110534668
dataset/test/Tomato_leaf_yellow_curl_virus/8226402877_9abf151b5b_b_jpg.rf.a2dff27e03c5ab47916df5d873c1590f_aug_70aug66.jpg,Tomato_leaf_yellow_curl_virus,Tomato_leaf_yellow_curl_virus,0.9999995231628418,1,1.0488052368164062,7.561540603637695,0.1665945053100586,8.779809951782227
dataset/test/Tomato_leaf_yellow_curl_virus/8226402877_9abf151b5b_b_jpg.rf.a2dff27e03c5ab47916df5d873c1590f_aug_71aug69.jpg,Tomato_leaf_yellow_curl_virus,Tomato_leaf_yellow_curl_virus,0.9999998807907104,1,1.1293058395385742,18.456979751586914,0.16818618774414062,19.756823539733887
dataset/test/Tomato_leaf_yellow_curl_virus/8226402877_9abf151b5b_b_jpg.rf.a2dff27e03c5ab47916df5d873c1590f_aug_72aug73.jpg,Tomato_leaf_yellow_curl_virus,Tomato_leaf_yellow_curl_virus,0.9999401569366455,1,1.0936203002929688,13.315458297729492,0.1700582504272461,14.583059310913086
dataset/test/Tomato_leaf_yellow_curl_virus/8226402877_9abf151b5b_b_jpg.rf.a2dff27e03c5ab47916df5d873c1590f_aug_73aug54.jpg,Tomato_leaf_yellow_curl_virus,Tomato_leaf_yellow_curl_virus,0.9999991655349731,1,1.554661750793457,9.61822509765625,0.16644573211669922,11.342182159423828
dataset/test/Tomato_leaf_yellow_curl_virus/8226402877_9abf151b5b_b_jpg.rf.a2dff27e03c5ab47916df5d873c1590f_aug_74aug76.jpg,Tomato_leaf_yellow_curl_virus,Tomato_leaf_yellow_curl_virus,1.0,1,1.1728801727294922,7.924210548400879,0.16592788696289062,9.265925407409668
dataset/test/Tomato_leaf_yellow_curl_virus/8226402877_9abf151b5b_b_jpg.rf.a2dff27e03c5ab47916df5d873c1590f_aug_75aug74.jpg,Tomato_leaf_yellow_curl_virus,Tomato_leaf_yellow_curl_virus,1.0,1,1.1062307357788086,8.027618408203125,0.16492748260498047,9.301350593566895
dataset/test/Tomato_leaf_yellow_curl_virus/8226402877_9abf151b5b_b_jpg.rf.a2dff27e03c5ab47916df5d873c1590f_aug_76aug65.jpg,Tomato_leaf_yellow_curl_virus,Tomato_leaf_yellow_curl_virus,0.9999997615814209,1,1.1068792343139648,8.243953704833984,0.16126155853271484,9.514594078063965
dataset/test/Tomato_leaf_yellow_curl_virus/8226402877_9abf151b5b_b_jpg.rf.a2dff27e03c5ab47916df5d873c1590faug10.jpg,Tomato_leaf_yellow_curl_virus,Tomato_leaf_yellow_curl_virus,0.9999994039535522,1,1.1470270156860352,8.34091854095459,0.1584463119506836,9.64928150177002
dataset/test/Tomato_leaf_yellow_curl_virus/DSC01999-JPG_jpg.rf.700fa6596ab8750ad0f1c47a0defe191_aug_84aug53.jpg,Tomato_leaf_yellow_curl_virus,Tomato_leaf_yellow_curl_virus,1.0,1,1.1841392517089844,7.91441535949707,0.16398239135742188,9.265128135681152
dataset/test/Tomato_leaf_yellow_curl_virus/DSC01999-JPG_jpg.rf.700fa6596ab8750ad0f1c47a0defe191_aug_85aug82.jpg,Tomato_leaf_yellow_curl_virus,Tomato_leaf_yellow_curl_virus,0.9999998807907104,1,1.2104167938232422,7.855599403381348,0.16500186920166016,9.23351764678955
dataset/test/Tomato_leaf_yellow_curl_virus/DSC01999-JPG_jpg.rf.700fa6596ab8750ad0f1c47a0defe191_aug_86aug71.jpg,Tomato_leaf_yellow_curl_virus,Tomato_leaf_yellow_curl_virus,1.0,1,1.173232078552246,7.887895584106445,0.16455554962158203,9.228629112243652
dataset/test/Tomato_leaf_yellow_curl_virus/DSC01999-JPG_jpg.rf.700fa6596ab8750ad0f1c47a0defe191_aug_87aug78.jpg,Tomato_leaf_yellow_curl_virus,Tomato_leaf_yellow_curl_virus,1.0,1,1.1530084609985352,8.077027320861816,0.16735267639160156,9.400054931640625
dataset/test/Tomato_leaf_yellow_curl_virus/DSC01999-JPG_jpg.rf.700fa6596ab8750ad0f1c47a0defe191_aug_88aug51.jpg,Tomato_leaf_yellow_curl_virus,Tomato_leaf_yellow_curl_virus,1.0,1,1.142287254333496,7.999563217163086,0.1737041473388672,9.318629264831543
dataset/test/Tomato_leaf_yellow_curl_virus/DSC01999-JPG_jpg.rf.700fa6596ab8750ad0f1c47a0defe191_aug_89aug63.jpg,Tomato_leaf_yellow_curl_virus,Tomato_leaf_yellow_curl_virus,0.9999997615814209,1,1.1994352340698242,7.854248046875,0.17376041412353516,9.230647087097168
dataset/test/Tomato_leaf_yellow_curl_virus/DSC01999-JPG_jpg.rf.700fa6596ab8750ad0f1c47a0defe191_aug_90aug85.jpg,Tomato_leaf_yellow_curl_virus,Tomato_leaf_yellow_curl_virus,0.9999998807907104,1,1.2195653915405273,8.070323944091797,0.16537189483642578,9.457853317260742
dataset/test/Tomato_leaf_yellow_curl_virus/DSC01999-JPG_jpg.rf.700fa6596ab8750ad0f1c47a0defe191aug12.jpg,Tomato_leaf_yellow_curl_virus,Tomato_leaf_yellow_curl_virus,1.0,1,1.1361026763916016,7.958173751831055,0.16013145446777344,9.256851196289062
dataset/test/Tomato_leaf_yellow_curl_virus/DSC01999.JPG_aug_63aug68.jpg,Tomato_leaf_yellow_curl_virus,Tomato_leaf_yellow_curl_virus,0.9999986886978149,1,1.2652692794799805,7.865025520324707,0.16531658172607422,9.298129081726074
dataset/test/Tomato_leaf_yellow_curl_virus/DSC01999.JPG_aug_64aug72.jpg,Tomato_leaf_yellow_curl_virus,Tomato_leaf_yellow_curl_virus,0.9999984502792358,1,1.2008419036865234,8.053635597229004,0.17348194122314453,9.430944442749023
dataset/test/Tomato_leaf_yellow_curl_virus/DSC01999.JPG_aug_65aug75.jpg,Tomato_leaf_yellow_curl_virus,Tomato_leaf_yellow_curl_virus,0.9992751479148865,1,1.224954605102539,7.87047004699707,0.1649646759033203,9.263016700744629
dataset/test/Tomato_leaf_yellow_curl_virus/DSC01999.JPG_aug_66aug58.jpg,Tomato_leaf_yellow_curl_virus,Tomato_leaf_yellow_curl_virus,0.9997097849845886,1,1.2274370193481445,8.029396057128906,0.16376113891601562,9.423001289367676
dataset/test/Tomato_leaf_yellow_curl_virus/DSC01999.JPG_aug_67aug83.jpg,Tomato_leaf_yellow_curl_virus,Tomato_leaf_yellow_curl_virus,0.9999982118606567,1,1.1513986587524414,8.927959442138672,0.16689014434814453,10.248969078063965
dataset/test/Tomato_leaf_yellow_curl_virus/DSC01999.JPG_aug_68aug79.jpg,Tomato_leaf_yellow_curl_virus,Tomato_leaf_yellow_curl_virus,0.9999656677246094,1,1.2487688064575195,7.983933448791504,0.1682415008544922,9.403573036193848
dataset/test/Tomato_leaf_yellow_curl_virus/DSC01999.JPG_aug_69aug62.jpg,Tomato_leaf_yellow_curl_virus,Tomato_leaf_yellow_curl_virus,0.9999995231628418,1,1.1499900817871094,7.960413932800293,0.16709423065185547,9.280518531799316
dataset/test/Tomato_leaf_yellow_curl_virus/DSC01999.JPGaug9.jpg,Tomato_leaf_yellow_curl_virus,Tomato_leaf_yellow_curl_virus,0.9999698400497437,1,1.2035093307495117,7.897192001342773,0.16516780853271484,9.2685546875
dataset/test/Tomato_leaf_yellow_curl_virus/IMG_20251102_155103aug15.jpg,Tomato_leaf_yellow_curl_virus,Tomato_leaf_yellow_curl_virus,0.5373343229293823,1,1.115157127380371,7.97065544128418,0.16640758514404297,9.25490665435791
dataset/test/Tomato_leaf_yellow_curl_virus/IMG_20251102_160455_aug_42aug104.jpg,Tomato_leaf_yellow_curl_virus,Tomato_leaf_yellow_curl_virus,0.4262653887271881,1,1.090083122253418,7.915765762329102,0.16413116455078125,9.172719955444336
dataset/test/Tomato_leaf_yellow_curl_virus/IMG_20251102_160455_aug_43aug111.jpg,Tomato_leaf_yellow_curl_virus,Tomato_Healthy_leaf,0.3264513313770294,0,1.1069164276123047,8.303474426269531,0.1651134490966797,9.578631401062012
dataset/test/Tomato_leaf_yellow_curl_virus/IMG_20251102_160455_aug_44aug112.jpg,Tomato_leaf_yellow_curl_virus,Tomato_leaf_yellow_curl_virus,0.463461309671402,1,1.1199169158935547,7.932950973510742,0.1644268035888672,9.21955394744873
dataset/test/Tomato_leaf_yellow_curl_virus/IMG_20251102_160455_aug_45aug108.jpg,Tomato_leaf_yellow_curl_virus,Tomato_leaf_yellow_curl_virus,0.64487624168396,1,1.0750646591186523,8.004822731018066,0.16127872467041016,9.24347972869873
dataset/test/Tomato_leaf_yellow_curl_virus/IMG_20251102_160455_aug_46aug110.jpg,Tomato_leaf_yellow_curl_virus,Tomato_leaf_late_blight,0.3516269624233246,0,1.0595455169677734,8.162602424621582,0.16475868225097656,9.389426231384277
dataset/test/Tomato_leaf_yellow_curl_virus/IMG_20251102_160455_aug_47aug98.jpg,Tomato_leaf_yellow_curl_virus,Tomato_leaf_yellow_curl_virus,0.5923200845718384,1,1.1344537734985352,8.170952796936035,0.16450119018554688,9.472204208374023
dataset/test/Tomato_leaf_yellow_curl_virus/IMG_20251102_160455_aug_48aug105.jpg,Tomato_leaf_yellow_curl_virus,Tomato_leaf_yellow_curl_virus,0.8155366778373718,1,1.1050834655761719,7.86824893951416,0.1649637222290039,9.141109466552734
dataset/test/Tomato_leaf_yellow_curl_virus/IMG_20251102_160455aug6.jpg,Tomato_leaf_yellow_curl_virus,Tomato_leaf_yellow_curl_virus,0.535896360874176,1,1.0800085067749023,8.007322311401367,0.1650390625,9.255203247070312
dataset/test/Tomato_leaf_yellow_curl_virus/IMG_20251102_160553_aug_35aug49.jpg,Tomato_leaf_yellow_curl_virus,Tomato_Early_blight_leaf,0.9815554022789001,0,1.2098979949951172,7.897525787353516,0.20133495330810547,9.31118392944336
dataset/test/Tomato_leaf_yellow_curl_virus/IMG_20251102_160553_aug_36aug113.jpg,Tomato_leaf_yellow_curl_virus,Tomato_Early_blight_leaf,0.9793362021446228,0,1.1786575317382812,7.872932434082031,0.1635570526123047,9.218035697937012
dataset/test/Tomato_leaf_yellow_curl_virus/IMG_20251102_160553_aug_37aug114.jpg,Tomato_leaf_yellow_curl_virus,Tomato_Early_blight_leaf,0.9992431402206421,0,1.1190824508666992,7.952469825744629,0.16533374786376953,9.239538192749023
dataset/test/Tomato_leaf_yellow_curl_virus/IMG_20251102_160553_aug_38aug101.jpg,Tomato_leaf_yellow_curl_virus,Tomato_Early_blight_leaf,0.9999637603759766,0,1.123861312866211,8.0504150390625,0.1883535385131836,9.36529541015625
dataset/test/Tomato_leaf_yellow_curl_virus/IMG_20251102_160553_aug_39aug118.jpg,Tomato_leaf_yellow_curl_virus,Tomato_Early_blight_leaf,0.9997362494468689,0,1.1105461120605469,7.916711807250977,0.15485286712646484,9.184517860412598
dataset/test/Tomato_leaf_yellow_curl_virus/IMG_20251102_160553_aug_40aug19.jpg,Tomato_leaf_yellow_curl_virus,Tomato_Early_blight_leaf,0.9941844344139099,0,1.092545509338379,7.917969703674316,0.16403865814208984,9.177108764648438
dataset/test/Tomato_leaf_yellow_curl_virus/IMG_20251102_160553_aug_41aug119.jpg,Tomato_leaf_yellow_curl_virus,Tomato_Early_blight_leaf,0.9934079647064209,0,1.2395648956298828,7.812190055847168,0.1657238006591797,9.220258712768555
dataset/test/Tomato_leaf_yellow_curl_virus/IMG_20251102_160553aug5.jpg,Tomato_leaf_yellow_curl_virus,Tomato_Early_blight_leaf,0.9861577749252319,0,1.2139358520507812,8.0066556930542,0.16568660736083984,9.389073371887207
dataset/test/Tomato_leaf_yellow_curl_virus/TYLCV-tomate-DB-445-171_jpg.rf.9d70326900dd981ab5d49063b0d644f0_aug_21aug41.jpg,Tomato_leaf_yellow_curl_virus,Tomato_leaf_yellow_curl_virus,1.0,1,1.1175661087036133,8.004712104797363,0.16559410095214844,9.290721893310547
dataset/test/Tomato_leaf_yellow_curl_virus/TYLCV-tomate-DB-445-171_jpg.rf.9d70326900dd981ab5d49063b0d644f0_aug_22aug30.jpg,Tomato_leaf_yellow_curl_virus,Tomato_leaf_yellow_curl_virus,0.9999998807907104,1,1.1082305908203125,7.977435111999512,0.16468524932861328,9.253166198730469
dataset/test/Tomato_leaf_yellow_curl_virus/TYLCV-tomate-DB-445-171_jpg.rf.9d70326900dd981ab5d49063b0d644f0_aug_23aug42.jpg,Tomato_leaf_yellow_curl_virus,Tomato_leaf_yellow_curl_virus,0.9999998807907104,1,1.1486568450927734,7.839599609375,0.1661853790283203,9.157221794128418
dataset/test/Tomato_leaf_yellow_curl_virus/TYLCV-tomate-DB-445-171_jpg.rf.9d70326900dd981ab5d49063b0d644f0_aug_24aug45.jpg,Tomato_leaf_yellow_curl_virus,Tomato_leaf_yellow_curl_virus,1.0,1,1.1064720153808594,7.882524490356445,0.1658163070678711,9.157498359680176
dataset/test/Tomato_leaf_yellow_curl_virus/TYLCV-tomate-DB-445-171_jpg.rf.9d70326900dd981ab5d49063b0d644f0_aug_25aug20.jpg,Tomato_leaf_yellow_curl_virus,Tomato_leaf_yellow_curl_virus,0.9999959468841553,1,1.155527114868164,10.839568138122559,0.2084827423095703,12.20680046081543
dataset/test/Tomato_leaf_yellow_curl_virus/TYLCV-tomate-DB-445-171_jpg.rf.9d70326900dd981ab5d49063b0d644f0_aug_26aug18.jpg,Tomato_leaf_yellow_curl_virus,Tomato_leaf_yellow_curl_virus,0.999993085861206,1,1.5159368515014648,10.898179054260254,0.2152414321899414,12.633526802062988
dataset/test/Tomato_leaf_yellow_curl_virus/TYLCV-tomate-DB-445-171_jpg.rf.9d70326900dd981ab5d49063b0d644f0_aug_27aug29.jpg,Tomato_leaf_yellow_curl_virus,Tomato_leaf_yellow_curl_virus,0.9999963045120239,1,1.5397157669067383,10.70363998413086,0.21216869354248047,12.458931922912598
dataset/test/Tomato_leaf_yellow_curl_virus/TYLCV-tomate-DB-445-171_jpg.rf.9d70326900dd981ab5d49063b0d644f0aug3.jpg,Tomato_leaf_yellow_curl_virus,Tomato_leaf_yellow_curl_virus,1.0,1,1.5587329864501953,10.878437995910645,0.21040916442871094,12.65056324005127
dataset/test/Tomato_leaf_yellow_curl_virus/TYLCV4_jpg.rf.2e4accea501a220be9dc475dd1ca3121_aug_10aug22.jpg,Tomato_leaf_yellow_curl_virus,Tomato_leaf_yellow_curl_virus,1.0,1,1.5168828964233398,10.958993911743164,0.20303821563720703,12.682692527770996
dataset/test/Tomato_leaf_yellow_curl_virus/TYLCV4_jpg.rf.2e4accea501a220be9dc475dd1ca3121_aug_11aug44.jpg,Tomato_leaf_yellow_curl_virus,Tomato_leaf_yellow_curl_virus,1.0,1,1.4816036224365234,10.844122886657715,0.20740890502929688,12.53661823272705
dataset/test/Tomato_leaf_yellow_curl_virus/TYLCV4_jpg.rf.2e4accea501a220be9dc475dd1ca3121_aug_12aug39.jpg,Tomato_leaf_yellow_curl_virus,Tomato_leaf_yellow_curl_virus,1.0,1,1.487788200378418,10.923420906066895,0.20748233795166016,12.622507095336914
dataset/test/Tomato_leaf_yellow_curl_virus/TYLCV4_jpg.rf.2e4accea501a220be9dc475dd1ca3121_aug_13aug35.jpg,Tomato_leaf_yellow_curl_virus,Tomato_leaf_yellow_curl_virus,1.0,1,1.4722900390625,10.962623596191406,0.2170572280883789,12.65543270111084
dataset/test/Tomato_leaf_yellow_curl_virus/TYLCV4_jpg.rf.2e4accea501a220be9dc475dd1ca3121_aug_7aug40.jpg,Tomato_leaf_yellow_curl_virus,Tomato_leaf_yellow_curl_virus,1.0,1,1.5519742965698242,7.63437557220459,0.16172409057617188,9.351370811462402
dataset/test/Tomato_leaf_yellow_curl_virus/TYLCV4_jpg.rf.2e4accea501a220be9dc475dd1ca3121_aug_8aug33.jpg,Tomato_leaf_yellow_curl_virus,Tomato_leaf_yellow_curl_virus,1.0,1,1.09765625,7.637079238891602,0.1611499786376953,8.898774147033691
dataset/test/Tomato_leaf_yellow_curl_virus/TYLCV4_jpg.rf.2e4accea501a220be9dc475dd1ca3121_aug_9aug48.jpg,Tomato_leaf_yellow_curl_virus,Tomato_leaf_yellow_curl_virus,1.0,1,1.0793418884277344,7.563799858093262,0.16229820251464844,8.808124542236328
dataset/test/Tomato_leaf_yellow_curl_virus/TYLCV4_jpg.rf.2e4accea501a220be9dc475dd1ca3121aug1.jpg,Tomato_leaf_yellow_curl_virus,Tomato_leaf_yellow_curl_virus,1.0,1,1.0623416900634766,7.655800819396973,0.1653728485107422,8.886495590209961
dataset/test/Tomato_leaf_yellow_curl_virus/art_15017325188173_a24a66_aug_14aug36.jpg,Tomato_leaf_yellow_curl_virus,Tomato_leaf_yellow_curl_virus,0.999995231628418,1,1.1078243255615234,7.489411354064941,0.16640949249267578,8.766328811645508
dataset/test/Tomato_leaf_yellow_curl_virus/art_15017325188173_a24a66_aug_15aug23.jpg,Tomato_leaf_yellow_curl_virus,Tomato_leaf_yellow_curl_virus,0.9999642372131348,1,1.1367130279541016,7.639542579650879,0.1842784881591797,8.963866233825684
dataset/test/Tomato_leaf_yellow_curl_virus/art_15017325188173_a24a66_aug_16aug34.jpg,Tomato_leaf_yellow_curl_virus,Tomato_leaf_yellow_curl_virus,0.999995231628418,1,1.1015644073486328,7.528781890869141,0.15900135040283203,8.791790962219238
dataset/test/Tomato_leaf_yellow_curl_virus/art_15017325188173_a24a66_aug_17aug43.jpg,Tomato_leaf_yellow_curl_virus,Tomato_leaf_yellow_curl_virus,0.9996232986450195,1,1.2074718475341797,7.570652008056641,0.15994548797607422,8.940849304199219
dataset/test/Tomato_leaf_yellow_curl_virus/art_15017325188173_a24a66_aug_18aug47.jpg,Tomato_leaf_yellow_curl_virus,Tomato_leaf_yellow_curl_virus,0.999974250793457,1,1.1333608627319336,7.492244720458984,0.16526126861572266,8.793681144714355
dataset/test/Tomato_leaf_yellow_curl_virus/art_15017325188173_a24a66_aug_19aug25.jpg,Tomato_leaf_yellow_curl_virus,Tomato_leaf_yellow_curl_virus,0.9999608993530273,1,1.127471923828125,7.683561325073242,0.15955734252929688,8.97314453125
dataset/test/Tomato_leaf_yellow_curl_virus/art_15017325188173_a24a66_aug_20aug46.jpg,Tomato_leaf_yellow_curl_virus,Tomato_leaf_yellow_curl_virus,0.9999157190322876,1,1.1421566009521484,7.549318313598633,0.1582050323486328,8.852348327636719
dataset/test/Tomato_leaf_yellow_curl_virus/art_15017325188173_a24a66aug2.jpg,Tomato_leaf_yellow_curl_virus,Tomato_leaf_yellow_curl_virus,0.9987561702728271,1,1.114436149597168,7.796247482299805,0.16344547271728516,9.076775550842285
dataset/test/Tomato_leaf_yellow_curl_virus/psyllid-yellows_jpg.rf.1d99aab2f43a840be530ce313eb0c0fd_aug_56aug57.jpg,Tomato_leaf_yellow_curl_virus,Tomato_leaf_yellow_curl_virus,0.9999977350234985,1,1.1188430786132812,7.808449745178223,0.1630563735961914,9.092756271362305
dataset/test/Tomato_leaf_yellow_curl_virus/psyllid-yellows_jpg.rf.1d99aab2f43a840be530ce313eb0c0fd_aug_57aug84.jpg,Tomato_leaf_yellow_curl_virus,Tomato_leaf_yellow_curl_virus,0.9999980926513672,1,1.1134166717529297,7.8625993728637695,0.16220569610595703,9.141054153442383
dataset/test/Tomato_leaf_yellow_curl_virus/psyllid-yellows_jpg.rf.1d99aab2f43a840be530ce313eb0c0fd_aug_58aug52.jpg,Tomato_leaf_yellow_curl_virus,Tomato_leaf_yellow_curl_virus,0.9999980926513672,1,1.1501569747924805,7.971784591674805,0.16413021087646484,9.288480758666992
dataset/test/Tomato_leaf_yellow_curl_virus/psyllid-yellows_jpg.rf.1d99aab2f43a840be530ce313eb0c0fd_aug_59aug77.jpg,Tomato_leaf_yellow_curl_virus,Tomato_leaf_yellow_curl_virus,1.0,1,1.1300086975097656,7.784858703613281,0.16259384155273438,9.080052375793457
dataset/test/Tomato_leaf_yellow_curl_virus/psyllid-yellows_jpg.rf.1d99aab2f43a840be530ce313eb0c0fd_aug_60aug86.jpg,Tomato_leaf_yellow_curl_virus,Tomato_leaf_yellow_curl_virus,1.0,1,1.1351203918457031,7.743914604187012,0.16896438598632812,9.050829887390137
dataset/test/Tomato_leaf_yellow_curl_virus/psyllid-yellows_jpg.rf.1d99aab2f43a840be530ce313eb0c0fd_aug_61aug59.jpg,Tomato_leaf_yellow_curl_virus,Tomato_leaf_yellow_curl_virus,0.9999998807907104,1,1.1531219482421875,7.810857772827148,0.1608724594116211,9.127443313598633
dataset/test/Tomato_leaf_yellow_curl_virus/psyllid-yellows_jpg.rf.1d99aab2f43a840be530ce313eb0c0fd_aug_62aug67.jpg,Tomato_leaf_yellow_curl_virus,Tomato_leaf_yellow_curl_virus,0.9999984502792358,1,1.122694969177246,7.760727882385254,0.16324234008789062,9.049070358276367
dataset/test/Tomato_leaf_yellow_curl_virus/psyllid-yellows_jpg.rf.1d99aab2f43a840be530ce313eb0c0fdaug8.jpg,Tomato_leaf_yellow_curl_virus,Tomato_leaf_yellow_curl_virus,0.9999992847442627,1,1.106898307800293,8.090861320495605,0.16255664825439453,9.36314868927002
dataset/test/Tomato_leaf_yellow_curl_virus/tj5itxzunn3k_jpg.rf.4aeda27b2535578e718fe6279491d0d4_aug_49aug102.jpg,Tomato_leaf_yellow_curl_virus,Tomato_leaf_yellow_curl_virus,0.9999662637710571,1,1.0570640563964844,8.0855073928833,0.15729808807373047,9.302389144897461
dataset/test/Tomato_leaf_yellow_curl_virus/tj5itxzunn3k_jpg.rf.4aeda27b2535578e718fe6279491d0d4_aug_50aug109.jpg,Tomato_leaf_yellow_curl_virus,Tomato_leaf_yellow_curl_virus,0.9998955726623535,1,1.032231330871582,7.7003583908081055,0.16361331939697266,8.898681640625
dataset/test/Tomato_leaf_yellow_curl_virus/tj5itxzunn3k_jpg.rf.4aeda27b2535578e718fe6279491d0d4_aug_51aug99.jpg,Tomato_leaf_yellow_curl_virus,Tomato_leaf_yellow_curl_virus,0.9999988079071045,1,1.162898063659668,7.932804107666016,0.16898345947265625,9.267683982849121
dataset/test/Tomato_leaf_yellow_curl_virus/tj5itxzunn3k_jpg.rf.4aeda27b2535578e718fe6279491d0d4_aug_52aug103.jpg,Tomato_leaf_yellow_curl_virus,Tomato_leaf_yellow_curl_virus,0.999987006187439,1,1.0633773803710938,8.085546493530273,0.1641855239868164,9.315775871276855
dataset/test/Tomato_leaf_yellow_curl_virus/tj5itxzunn3k_jpg.rf.4aeda27b2535578e718fe6279491d0d4_aug_53aug100.jpg,Tomato_leaf_yellow_curl_virus,Tomato_leaf_yellow_curl_virus,0.9999986886978149,1,1.0928592681884766,8.04784107208252,0.17496490478515625,9.319109916687012
dataset/test/Tomato_leaf_yellow_curl_virus/tj5itxzunn3k_jpg.rf.4aeda27b2535578e718fe6279491d0d4_aug_54aug106.jpg,Tomato_leaf_yellow_curl_virus,Tomato_leaf_yellow_curl_virus,0.9999961853027344,1,1.069657325744629,7.991600036621094,0.1648540496826172,9.228924751281738
dataset/test/Tomato_leaf_yellow_curl_virus/tj5itxzunn3k_jpg.rf.4aeda27b2535578e718fe6279491d0d4_aug_55aug107.jpg,Tomato_leaf_yellow_curl_virus,Tomato_leaf_yellow_curl_virus,0.9999978542327881,1,1.0707483291625977,7.925433158874512,0.16292667388916016,9.161479949951172
dataset/test/Tomato_leaf_yellow_curl_virus/tj5itxzunn3k_jpg.rf.4aeda27b2535578e718fe6279491d0d4aug7.jpg,Tomato_leaf_yellow_curl_virus,Tomato_leaf_yellow_curl_virus,0.9999994039535522,1,1.1036748886108398,7.949896812438965,0.16377925872802734,9.21994400024414
dataset/test/Tomato_leaf_yellow_curl_virus/tomato-yellow-closeup-3_aug_28aug16.jpg,Tomato_leaf_yellow_curl_virus,Tomato_leaf_yellow_curl_virus,0.9963923096656799,1,1.1307687759399414,7.9310808181762695,0.1643524169921875,9.228572845458984
dataset/test/Tomato_leaf_yellow_curl_virus/tomato-yellow-closeup-3_aug_29aug27.jpg,Tomato_leaf_yellow_curl_virus,Tomato_leaf_late_blight,0.4220236837863922,0,1.1355829238891602,8.081991195678711,0.1638355255126953,9.384018898010254
dataset/test/Tomato_leaf_yellow_curl_virus/tomato-yellow-closeup-3_aug_30aug117.jpg,Tomato_leaf_yellow_curl_virus,Tomato_leaf_yellow_curl_virus,0.9933258295059204,1,1.1736392974853516,7.928340911865234,0.1596508026123047,9.264388084411621
dataset/test/Tomato_leaf_yellow_curl_virus/tomato-yellow-closeup-3_aug_31aug31.jpg,Tomato_leaf_yellow_curl_virus,Tomato_leaf_yellow_curl_virus,0.9421865344047546,1,1.118971824645996,7.969378471374512,0.15963172912597656,9.250443458557129
dataset/test/Tomato_leaf_yellow_curl_virus/tomato-yellow-closeup-3_aug_32aug115.jpg,Tomato_leaf_yellow_curl_virus,Tomato_leaf_yellow_curl_virus,0.9483170509338379,1,1.114694595336914,8.045619010925293,0.1640920639038086,9.326796531677246
dataset/test/Tomato_leaf_yellow_curl_virus/tomato-yellow-closeup-3_aug_33aug116.jpg,Tomato_leaf_yellow_curl_virus,Tomato_leaf_yellow_curl_virus,0.8899561166763306,1,1.146193504333496,7.831320762634277,0.16607666015625,9.146294593811035
dataset/test/Tomato_leaf_yellow_curl_virus/tomato-yellow-closeup-3_aug_34aug26.jpg,Tomato_leaf_yellow_curl_virus,Tomato_leaf_yellow_curl_virus,0.9726488590240479,1,1.1353235244750977,7.948488235473633,0.16570568084716797,9.252202987670898
dataset/test/Tomato_leaf_yellow_curl_virus/tomato-yellow-closeup-3aug4.jpg,Tomato_leaf_yellow_curl_virus,Tomato_leaf_yellow_curl_virus,0.9734116196632385,1,1.1239337921142578,7.965044021606445,0.1657238006591797,9.258369445800781
dataset/test/Tomato_leaf_yellow_curl_virus/tomato-yellow-leaf-curl-virus-tomato-1_aug_100aug92.jpg,Tomato_leaf_yellow_curl_virus,Tomato_leaf_yellow_curl_virus,0.9999998807907104,1,1.1770648956298828,8.349065780639648,0.16333389282226562,9.692002296447754
dataset/test/Tomato_leaf_yellow_curl_virus/tomato-yellow-leaf-curl-virus-tomato-1_aug_101aug95.jpg,Tomato_leaf_yellow_curl_virus,Tomato_leaf_yellow_curl_virus,0.9999998807907104,1,1.1300086975097656,7.882580757141113,0.16359424591064453,9.17909049987793
dataset/test/Tomato_leaf_yellow_curl_virus/tomato-yellow-leaf-curl-virus-tomato-1_aug_102aug88.jpg,Tomato_leaf_yellow_curl_virus,Tomato_leaf_yellow_curl_virus,1.0,1,1.1307306289672852,7.936674118041992,0.1638345718383789,9.234240531921387
dataset/test/Tomato_leaf_yellow_curl_virus/tomato-yellow-leaf-curl-virus-tomato-1_aug_103aug93.jpg,Tomato_leaf_yellow_curl_virus,Tomato_leaf_yellow_curl_virus,0.9999947547912598,1,1.180750846862793,7.803025245666504,0.21103954315185547,9.198683738708496
dataset/test/Tomato_leaf_yellow_curl_virus/tomato-yellow-leaf-curl-virus-tomato-1_aug_98aug91.jpg,Tomato_leaf_yellow_curl_virus,Tomato_leaf_yellow_curl_virus,0.9999997615814209,1,1.2096576690673828,7.878117561340332,0.16511249542236328,9.255664825439453
dataset/test/Tomato_leaf_yellow_curl_virus/tomato-yellow-leaf-curl-virus-tomato-1_aug_99aug90.jpg,Tomato_leaf_yellow_curl_virus,Tomato_leaf_yellow_curl_virus,0.9999991655349731,1,1.2089710235595703,7.853635787963867,0.1659832000732422,9.231165885925293
dataset/test/Tomato_leaf_yellow_curl_virus/tomato-yellow-leaf-curl-virus-tomato-1aug14.jpg,Tomato_leaf_yellow_curl_virus,Tomato_leaf_yellow_curl_virus,0.9999998807907104,1,1.1422510147094727,7.927969932556152,0.17242717742919922,9.245481491088867
dataset/test/Tomato_leaf_yellow_curl_virus/tomatoyellowleafcurlcropped_aug_91aug55.jpg,Tomato_leaf_yellow_curl_virus,Tomato_leaf_yellow_curl_virus,0.9999947547912598,1,1.1526756286621094,8.143546104431152,0.1677236557006836,9.46707534790039
dataset/test/Tomato_leaf_yellow_curl_virus/tomatoyellowleafcurlcropped_aug_92aug89.jpg,Tomato_leaf_yellow_curl_virus,Tomato_leaf_yellow_curl_virus,0.9999998807907104,1,1.129714012145996,8.114896774291992,0.1666860580444336,9.414259910583496
dataset/test/Tomato_leaf_yellow_curl_virus/tomatoyellowleafcurlcropped_aug_93aug97.jpg,Tomato_leaf_yellow_curl_virus,Tomato_leaf_yellow_curl_virus,0.9999998807907104,1,1.1298246383666992,8.090509414672852,0.16648292541503906,9.389500617980957
dataset/test/Tomato_leaf_yellow_curl_virus/tomatoyellowleafcurlcropped_aug_94aug50.jpg,Tomato_leaf_yellow_curl_virus,Tomato_leaf_yellow_curl_virus,0.9999988079071045,1,1.1653985977172852,7.99554443359375,0.17905712127685547,9.34294319152832
dataset/test/Tomato_leaf_yellow_curl_virus/tomatoyellowleafcurlcropped_aug_95aug87.jpg,Tomato_leaf_yellow_curl_virus,Tomato_leaf_yellow_curl_virus,0.9999915361404419,1,1.1295089721679688,8.756810188293457,0.16900157928466797,10.057931900024414
dataset/test/Tomato_leaf_yellow_curl_virus/tomatoyellowleafcurlcropped_aug_96aug96.jpg,Tomato_leaf_yellow_curl_virus,Tomato_leaf_yellow_curl_virus,0.9999998807907104,1,1.165787696838379,8.001211166381836,0.16681671142578125,9.336871147155762
dataset/test/Tomato_leaf_yellow_curl_virus/tomatoyellowleafcurlcropped_aug_97aug94.jpg,Tomato_leaf_yellow_curl_virus,Tomato_leaf_yellow_curl_virus,0.9999998807907104,1,1.1238985061645508,8.873274803161621,0.16620540618896484,10.16639518737793
dataset/test/Tomato_leaf_yellow_curl_virus/tomatoyellowleafcurlcroppedaug13.jpg,Tomato_leaf_yellow_curl_virus,Tomato_leaf_yellow_curl_virus,1.0,1,1.2001018524169922,8.237953186035156,0.17314910888671875,9.6138916015625
dataset/test/Tomato_leaf_yellow_curl_virus/virus1_aug_0aug37.jpg,Tomato_leaf_yellow_curl_virus,Tomato_leaf_yellow_curl_virus,0.9999696016311646,1,1.1065092086791992,12.721877098083496,2.43259334564209,16.26453685760498
dataset/test/Tomato_leaf_yellow_curl_virus/virus1_aug_1aug21.jpg,Tomato_leaf_yellow_curl_virus,Tomato_leaf_yellow_curl_virus,0.9999722242355347,1,1.174860954284668,12.919657707214355,0.16031646728515625,14.257891654968262
dataset/test/Tomato_leaf_yellow_curl_virus/virus1_aug_2aug24.jpg,Tomato_leaf_yellow_curl_virus,Tomato_leaf_yellow_curl_virus,0.9999656677246094,1,1.1526203155517578,12.469430923461914,0.16005706787109375,13.78473949432373
dataset/test/Tomato_leaf_yellow_curl_virus/virus1_aug_3aug17.jpg,Tomato_leaf_yellow_curl_virus,Tomato_leaf_yellow_curl_virus,0.999924898147583,1,1.0581378936767578,7.729430198669434,0.16168689727783203,8.951885223388672
dataset/test/Tomato_leaf_yellow_curl_virus/virus1_aug_4aug28.jpg,Tomato_leaf_yellow_curl_virus,Tomato_leaf_yellow_curl_virus,0.9999556541442871,1,1.047581672668457,7.556947708129883,0.16179847717285156,8.76906967163086
dataset/test/Tomato_leaf_yellow_curl_virus/virus1_aug_5aug32.jpg,Tomato_leaf_yellow_curl_virus,Tomato_leaf_yellow_curl_virus,0.999924898147583,1,1.0520448684692383,7.671505928039551,0.15718555450439453,8.883476257324219
dataset/test/Tomato_leaf_yellow_curl_virus/virus1_aug_6aug38.jpg,Tomato_leaf_yellow_curl_virus,Tomato_leaf_yellow_curl_virus,0.9608960151672363,1,1.0917682647705078,7.560689926147461,0.1940746307373047,8.848810195922852
dataset/test/Tomato_leaf_yellow_curl_virus/virus1aug0.jpg,Tomato_leaf_yellow_curl_virus,Tomato_leaf_yellow_curl_virus,0.9999582767486572,1,1.0925264358520508,7.571559906005859,0.16077899932861328,8.827441215515137
dataset/test/Tomato_mold_leaf/IMG-20240724-WA0020_aug_68aug87.jpg,Tomato_mold_leaf,Tomato_mold_leaf,0.9971191883087158,1,1.108804702758789,7.685746192932129,0.1594839096069336,8.956737518310547
dataset/test/Tomato_mold_leaf/IMG-20240724-WA0020_aug_69aug97.jpg,Tomato_mold_leaf,Tomato_mold_leaf,0.9706595540046692,1,1.091064453125,7.567486763000488,0.15372371673583984,8.814773559570312
dataset/test/Tomato_mold_leaf/IMG-20240724-WA0020_aug_70aug82.jpg,Tomato_mold_leaf,Tomato_mold_leaf,0.9745279550552368,1,1.1217317581176758,7.45829963684082,0.19678020477294922,8.779550552368164
dataset/test/Tomato_mold_leaf/IMG-20240724-WA0020_aug_71aug98.jpg,Tomato_mold_leaf,Tomato_mold_leaf,0.9932408332824707,1,1.0883970260620117,7.556356430053711,0.16120529174804688,8.80825424194336
dataset/test/Tomato_mold_leaf/IMG-20240724-WA0020aug17.jpg,Tomato_mold_leaf,Tomato_mold_leaf,0.9914304614067078,1,1.0871200561523438,7.765172958374023,0.1777791976928711,9.033145904541016
dataset/test/Tomato_mold_leaf/IMG-20240724-WA0044_aug_10aug44.jpg,Tomato_mold_leaf,Tomato_mold_leaf,0.9965091347694397,1,1.1449155807495117,8.10925006866455,0.1652240753173828,9.421981811523438
dataset/test/Tomato_mold_leaf/IMG-20240724-WA0044_aug_11aug49.jpg,Tomato_mold_leaf,Tomato_mold_leaf,0.9637208580970764,1,1.1799535751342773,8.347566604614258,0.16629695892333984,9.696836471557617
dataset/test/Tomato_mold_leaf/IMG-20240724-WA0044_aug_8aug35.jpg,Tomato_mold_leaf,Tomato_mold_leaf,0.845940887928009,1,1.1502685546875,7.988879203796387,0.1691112518310547,9.311592102050781
dataset/test/Tomato_mold_leaf/IMG-20240724-WA0044_aug_9aug41.jpg,Tomato_mold_leaf,Tomato_mold_leaf,0.9965337514877319,1,1.1326570510864258,8.234769821166992,0.16594505310058594,9.535926818847656
dataset/test/Tomato_mold_leaf/IMG-20240724-WA0044aug2.jpg,Tomato_mold_leaf,Tomato_mold_leaf,0.9964505434036255,1,1.1609907150268555,7.995636940002441,0.16866779327392578,9.328185081481934
dataset/test/Tomato_mold_leaf/IMG-20240724-WA0055_aug_28aug27.jpg,Tomato_mold_leaf,Tomato_mold_leaf,0.9999995231628418,1,1.1343040466308594,8.227139472961426,0.1638345718383789,9.528371810913086
dataset/test/Tomato_mold_leaf/IMG-20240724-WA0055_aug_29aug28.jpg,Tomato_mold_leaf,Tomato_mold_leaf,0.9999982118606567,1,1.1228065490722656,8.189287185668945,0.16461181640625,9.479353904724121
dataset/test/Tomato_mold_leaf/IMG-20240724-WA0055_aug_30aug43.jpg,Tomato_mold_leaf,Tomato_mold_leaf,0.9999649524688721,1,1.2594356536865234,8.499011993408203,0.1647052764892578,9.925987243652344
dataset/test/Tomato_mold_leaf/IMG-20240724-WA0055_aug_31aug50.jpg,Tomato_mold_leaf,Tomato_mold_leaf,0.9999657869338989,1,1.1179704666137695,8.172916412353516,0.16501998901367188,9.458890914916992
dataset/test/Tomato_mold_leaf/IMG-20240724-WA0055aug7.jpg,Tomato_mold_leaf,Tomato_mold_leaf,0.9999707937240601,1,1.1473064422607422,7.955376625061035,0.1658163070678711,9.27120304107666
dataset/test/Tomato_mold_leaf/IMG-20240724-WA0065_aug_80aug69.jpg,Tomato_mold_leaf,Tomato_mold_leaf,0.9999696016311646,1,1.2343988418579102,7.61757755279541,0.16050148010253906,9.015311241149902
dataset/test/Tomato_mold_leaf/IMG-20240724-WA0065_aug_81aug70.jpg,Tomato_mold_leaf,Tomato_mold_leaf,0.999538779258728,1,1.1292304992675781,7.715561866760254,0.15979671478271484,9.007330894470215
dataset/test/Tomato_mold_leaf/IMG-20240724-WA0065_aug_82aug66.jpg,Tomato_mold_leaf,Tomato_mold_leaf,0.9998584985733032,1,1.1393976211547852,7.7711181640625,0.1995563507080078,9.113015174865723
dataset/test/Tomato_mold_leaf/IMG-20240724-WA0065_aug_83aug65.jpg,Tomato_mold_leaf,Tomato_mold_leaf,0.9998356103897095,1,1.0927677154541016,7.800912857055664,0.16242694854736328,9.058775901794434
dataset/test/Tomato_mold_leaf/IMG-20240724-WA0065aug20.jpg,Tomato_mold_leaf,Tomato_mold_leaf,0.9997666478157043,1,1.1016387939453125,7.625820159912109,0.16214942932128906,8.89216423034668
dataset/test/Tomato_mold_leaf/IMG-20240725-WA0031_aug_0aug46.jpg,Tomato_mold_leaf,Tomato_mold_leaf,0.999639630317688,1,1.0496749877929688,7.65267276763916,0.16005611419677734,8.865126609802246
dataset/test/Tomato_mold_leaf/IMG-20240725-WA0031_aug_1aug47.jpg,Tomato_mold_leaf,Tomato_mold_leaf,0.999538779258728,1,1.0771007537841797,7.9593048095703125,0.1876688003540039,9.22664737701416
dataset/test/Tomato_mold_leaf/IMG-20240725-WA0031_aug_2aug37.jpg,Tomato_mold_leaf,Tomato_mold_leaf,0.999639630317688,1,1.0466747283935547,7.757041931152344,0.1500377655029297,8.95612621307373
dataset/test/Tomato_mold_leaf/IMG-20240725-WA0031_aug_3aug45.jpg,Tomato_mold_leaf,Tomato_mold_leaf,0.9997115731239319,1,1.0183601379394531,7.584929466247559,0.16168785095214844,8.767328262329102
dataset/test/Tomato_mold_leaf/IMG-20240725-WA0031aug0.jpg,Tomato_mold_leaf,Tomato_mold_leaf,0.8977577686309814,1,1.0543594360351562,7.630560874938965,0.16372299194335938,8.851218223571777
dataset/test/Tomato_mold_leaf/IMG-20240725-WA0039_aug_72aug79.jpg,Tomato_mold_leaf,Tomato_mold_leaf,1.0,1,1.059600830078125,7.851896286010742,0.16118526458740234,9.075239181518555
dataset/test/Tomato_mold_leaf/IMG-20240725-WA0039_aug_73aug95.jpg,Tomato_mold_leaf,Tomato_mold_leaf,0.9999998807907104,1,1.0919723510742188,7.884692192077637,0.16370487213134766,9.143404960632324
dataset/test/Tomato_mold_leaf/IMG-20240725-WA0039_aug_74aug71.jpg,Tomato_mold_leaf,Tomato_mold_leaf,0.9999997615814209,1,1.083878517150879,7.9859514236450195,0.16327953338623047,9.236369132995605
dataset/test/Tomato_mold_leaf/IMG-20240725-WA0039_aug_75aug80.jpg,Tomato_mold_leaf,Tomato_mold_leaf,0.9999994039535522,1,1.0870275497436523,7.836080551147461,0.16333389282226562,9.089256286621094
dataset/test/Tomato_mold_leaf/IMG-20240725-WA0039aug18.jpg,Tomato_mold_leaf,Tomato_mold_leaf,1.0,1,1.1256933212280273,8.053841590881348,0.16327857971191406,9.345406532287598
dataset/test/Tomato_mold_leaf/IMG-20240727-WA0038_aug_40aug105.jpg,Tomato_mold_leaf,Tomato_mold_leaf,0.9999994039535522,1,1.1109342575073242,8.016915321350098,0.16846466064453125,9.299148559570312
dataset/test/Tomato_mold_leaf/IMG-20240727-WA0038_aug_41aug106.jpg,Tomato_mold_leaf,Tomato_mold_leaf,0.9999997615814209,1,1.1087121963500977,8.072211265563965,0.15953826904296875,9.34305477142334
dataset/test/Tomato_mold_leaf/IMG-20240727-WA0038_aug_42aug116.jpg,Tomato_mold_leaf,Tomato_mold_leaf,0.9999991655349731,1,1.0908422470092773,7.865265846252441,0.1633157730102539,9.122239112854004
dataset/test/Tomato_mold_leaf/IMG-20240727-WA0038_aug_43aug110.jpg,Tomato_mold_leaf,Tomato_mold_leaf,0.9999904632568359,1,1.1122312545776367,7.849895477294922,0.16431522369384766,9.129424095153809
dataset/test/Tomato_mold_leaf/IMG-20240727-WA0038aug10.jpg,Tomato_mold_leaf,Tomato_mold_leaf,0.9999990463256836,1,1.0877857208251953,7.997971534729004,0.1681680679321289,9.256795883178711
dataset/test/Tomato_mold_leaf/IMG-20240727-WA0040_aug_56aug92.jpg,Tomato_mold_leaf,Tomato_mold_leaf,0.9999972581863403,1,1.0887861251831055,7.993618965148926,0.20053768157958984,9.28573989868164
dataset/test/Tomato_mold_leaf/IMG-20240727-WA0040_aug_57aug83.jpg,Tomato_mold_leaf,Tomato_mold_leaf,0.9999964237213135,1,1.0929546356201172,8.12952709197998,0.16511249542236328,9.390185356140137
dataset/test/Tomato_mold_leaf/IMG-20240727-WA0040_aug_58aug77.jpg,Tomato_mold_leaf,Tomato_mold_leaf,0.999944806098938,1,1.0866193771362305,8.081767082214355,0.1654834747314453,9.336740493774414
dataset/test/Tomato_mold_leaf/IMG-20240727-WA0040_aug_59aug94.jpg,Tomato_mold_leaf,Tomato_mold_leaf,0.9999539852142334,1,1.1215457916259766,8.024563789367676,0.16290855407714844,9.311555862426758
dataset/test/Tomato_mold_leaf/IMG-20240727-WA0040aug14.jpg,Tomato_mold_leaf,Tomato_mold_leaf,0.9999994039535522,1,1.0842132568359375,8.006841659545898,0.1573162078857422,9.250702857971191
dataset/test/Tomato_mold_leaf/IMG-20240727-WA0124_aug_20aug54.jpg,Tomato_mold_leaf,Tomato_mold_leaf,0.9965194463729858,1,1.0606193542480469,7.866487503051758,0.16505718231201172,9.094682693481445
dataset/test/Tomato_mold_leaf/IMG-20240727-WA0124_aug_21aug38.jpg,Tomato_mold_leaf,Tomato_mold_leaf,0.9903225302696228,1,1.2202129364013672,7.816562652587891,0.16466808319091797,9.203868865966797
dataset/test/Tomato_mold_leaf/IMG-20240727-WA0124_aug_22aug31.jpg,Tomato_mold_leaf,Tomato_mold_leaf,0.673275351524353,1,1.1413612365722656,8.007285118103027,0.16585350036621094,9.317628860473633
dataset/test/Tomato_mold_leaf/IMG-20240727-WA0124_aug_23aug55.jpg,Tomato_mold_leaf,Tomato_mold_leaf,0.7187913656234741,1,1.1123790740966797,8.027155876159668,0.16533470153808594,9.307442665100098
dataset/test/Tomato_mold_leaf/IMG-20240727-WA0124aug5.jpg,Tomato_mold_leaf,Tomato_mold_leaf,0.9999995231628418,1,1.1048965454101562,8.07208251953125,0.16463088989257812,9.34405517578125
dataset/test/Tomato_mold_leaf/IMG-20240727-WA0153_aug_92aug58.jpg,Tomato_mold_leaf,Tomato_mold_leaf,0.9999446868896484,1,1.1248044967651367,7.992434501647949,0.16431522369384766,9.284111022949219
dataset/test/Tomato_mold_leaf/IMG-20240727-WA0153_aug_93aug60.jpg,Tomato_mold_leaf,Tomato_mold_leaf,0.9999347925186157,1,1.0725269317626953,8.151564598083496,0.1657238006591797,9.392908096313477
dataset/test/Tomato_mold_leaf/IMG-20240727-WA0153aug23.jpg,Tomato_mold_leaf,Tomato_mold_leaf,0.9998571872711182,1,1.101008415222168,7.943711280822754,0.1653900146484375,9.213109970092773
dataset/test/Tomato_mold_leaf/IMG-20240727-WA0165aug25.jpg,Tomato_mold_leaf,Tomato_mold_leaf,0.999996542930603,1,1.1101369857788086,8.317214965820312,0.1688528060913086,9.599296569824219
dataset/test/Tomato_mold_leaf/IMG-20240728-WA0028_aug_64aug91.jpg,Tomato_mold_leaf,Tomato_mold_leaf,1.0,1,1.0918045043945312,8.689031600952148,0.16950321197509766,9.95357894897461
dataset/test/Tomato_mold_leaf/IMG-20240728-WA0028_aug_65aug86.jpg,Tomato_mold_leaf,Tomato_mold_leaf,1.0,1,1.1326007843017578,8.323249816894531,0.17261314392089844,9.63168716430664
dataset/test/Tomato_mold_leaf/IMG-20240728-WA0028_aug_66aug78.jpg,Tomato_mold_leaf,Tomato_mold_leaf,1.0,1,1.102396011352539,8.260120391845703,0.16546344757080078,9.530576705932617
dataset/test/Tomato_mold_leaf/IMG-20240728-WA0028_aug_67aug99.jpg,Tomato_mold_leaf,Tomato_mold_leaf,1.0,1,1.0988988876342773,8.293768882751465,0.18464946746826172,9.57994556427002
dataset/test/Tomato_mold_leaf/IMG-20240728-WA0028aug16.jpg,Tomato_mold_leaf,Tomato_mold_leaf,1.0,1,1.084731101989746,8.14013957977295,0.16822242736816406,9.396147727966309
dataset/test/Tomato_mold_leaf/IMG-20240728-WA0068_aug_12aug29.jpg,Tomato_mold_leaf,Tomato_mold_leaf,0.9999995231628418,1,1.2315473556518555,8.177916526794434,0.17087078094482422,9.583093643188477
dataset/test/Tomato_mold_leaf/IMG-20240728-WA0068_aug_13aug30.jpg,Tomato_mold_leaf,Tomato_mold_leaf,0.9999972581863403,1,1.2606754302978516,8.150546073913574,0.16931629180908203,9.583446502685547
dataset/test/Tomato_mold_leaf/IMG-20240728-WA0068_aug_14aug56.jpg,Tomato_mold_leaf,Tomato_mold_leaf,0.9999946355819702,1,1.1098976135253906,8.343546867370605,0.16907596588134766,9.625316619873047
dataset/test/Tomato_mold_leaf/IMG-20240728-WA0068_aug_15aug42.jpg,Tomato_mold_leaf,Tomato_mold_leaf,0.9999997615814209,1,1.1190643310546875,8.313250541687012,0.16931629180908203,9.604334831237793
dataset/test/Tomato_mold_leaf/IMG-20240728-WA0068aug3.jpg,Tomato_mold_leaf,Tomato_mold_leaf,0.9999955892562866,1,1.1587867736816406,8.315751075744629,0.16992759704589844,9.647021293640137
dataset/test/Tomato_mold_leaf/IMG-20240728-WA0074_aug_44aug102.jpg,Tomato_mold_leaf,Tomato_mold_leaf,0.9991951584815979,1,1.1338605880737305,8.282898902893066,0.16818523406982422,9.587482452392578
dataset/test/Tomato_mold_leaf/IMG-20240728-WA0074_aug_45aug75.jpg,Tomato_mold_leaf,Tomato_mold_leaf,0.9997172951698303,1,1.1697311401367188,8.32117748260498,0.16959381103515625,9.663501739501953
dataset/test/Tomato_mold_leaf/IMG-20240728-WA0074_aug_46aug89.jpg,Tomato_mold_leaf,Tomato_mold_leaf,0.9940997362136841,1,1.135249137878418,8.264547348022461,0.1682415008544922,9.570706367492676
dataset/test/Tomato_mold_leaf/IMG-20240728-WA0074_aug_47aug111.jpg,Tomato_mold_leaf,Tomato_mold_leaf,0.9998525381088257,1,1.1541023254394531,8.302567481994629,0.19705772399902344,9.656243324279785
dataset/test/Tomato_mold_leaf/IMG-20240728-WA0074aug11.jpg,Tomato_mold_leaf,Tomato_mold_leaf,0.997867226600647,1,1.1294536590576172,8.243971824645996,0.15400218963623047,9.52972412109375
dataset/test/Tomato_mold_leaf/IMG-20240728-WA0075aug24.jpg,Tomato_mold_leaf,Tomato_mold_leaf,1.0,1,1.0881195068359375,8.183788299560547,0.17598247528076172,9.450555801391602
dataset/test/Tomato_mold_leaf/IMG-20240728-WA0087_aug_32aug113.jpg,Tomato_mold_leaf,Tomato_mold_leaf,0.9999209642410278,1,1.2723445892333984,8.158232688903809,0.16898345947265625,9.60226058959961
dataset/test/Tomato_mold_leaf/IMG-20240728-WA0087_aug_33aug112.jpg,Tomato_mold_leaf,Tomato_mold_leaf,0.9998815059661865,1,1.2550477981567383,8.168546676635742,0.1741313934326172,9.60061264038086
dataset/test/Tomato_mold_leaf/IMG-20240728-WA0087_aug_34aug104.jpg,Tomato_mold_leaf,Tomato_mold_leaf,0.9999842643737793,1,1.1478986740112305,8.442343711853027,0.20424270629882812,9.797133445739746
dataset/test/Tomato_mold_leaf/IMG-20240728-WA0087_aug_35aug100.jpg,Tomato_mold_leaf,Tomato_mold_leaf,0.9999306201934814,1,1.138397216796875,8.327194213867188,0.16716861724853516,9.635614395141602
dataset/test/Tomato_mold_leaf/IMG-20240728-WA0087aug8.jpg,Tomato_mold_leaf,Tomato_mold_leaf,0.9990554451942444,1,1.1426382064819336,8.269600868225098,0.1690387725830078,9.584131240844727
dataset/test/Tomato_mold_leaf/IMG-20240728-WA0093_aug_76aug90.jpg,Tomato_mold_leaf,Tomato_mold_leaf,1.0,1,1.1275825500488281,8.576364517211914,0.1698904037475586,9.876651763916016
dataset/test/Tomato_mold_leaf/IMG-20240728-WA0093_aug_77aug68.jpg,Tomato_mold_leaf,Tomato_mold_leaf,1.0,1,1.0982131958007812,8.309657096862793,0.1686859130859375,9.579371452331543
dataset/test/Tomato_mold_leaf/IMG-20240728-WA0093_aug_78aug93.jpg,Tomato_mold_leaf,Tomato_mold_leaf,1.0,1,1.094008445739746,8.371511459350586,0.16909408569335938,9.637742042541504
dataset/test/Tomato_mold_leaf/IMG-20240728-WA0093_aug_79aug64.jpg,Tomato_mold_leaf,Tomato_mold_leaf,1.0,1,1.0914535522460938,8.291509628295898,0.16922283172607422,9.555057525634766
dataset/test/Tomato_mold_leaf/IMG-20240728-WA0093aug19.jpg,Tomato_mold_leaf,Tomato_mold_leaf,1.0,1,1.084620475769043,8.378974914550781,0.16761302947998047,9.63428020477295
dataset/test/Tomato_mold_leaf/IMG-20240728-WA0101_aug_84aug73.jpg,Tomato_mold_leaf,Tomato_mold_leaf,0.9999840259552002,1,1.1973228454589844,8.363177299499512,0.1689453125,9.732317924499512
dataset/test/Tomato_mold_leaf/IMG-20240728-WA0101_aug_85aug72.jpg,Tomato_mold_leaf,Tomato_mold_leaf,1.0,1,1.158268928527832,8.342565536499023,0.1679086685180664,9.672077178955078
dataset/test/Tomato_mold_leaf/IMG-20240728-WA0101_aug_86aug67.jpg,Tomato_mold_leaf,Tomato_mold_leaf,0.9999990463256836,1,1.171250343322754,8.329232215881348,0.16861248016357422,9.671854019165039
dataset/test/Tomato_mold_leaf/IMG-20240728-WA0101_aug_87aug74.jpg,Tomato_mold_leaf,Tomato_mold_leaf,0.9999995231628418,1,1.1383237838745117,8.291881561279297,0.1687602996826172,9.602335929870605
dataset/test/Tomato_mold_leaf/IMG-20240728-WA0101aug21.jpg,Tomato_mold_leaf,Tomato_mold_leaf,0.9999990463256836,1,1.1488237380981445,8.251065254211426,0.16301918029785156,9.566354751586914
dataset/test/Tomato_mold_leaf/IMG-20240728-WA0103_aug_48aug107.jpg,Tomato_mold_leaf,Tomato_mold_leaf,0.9999343156814575,1,1.169398307800293,8.051359176635742,0.1571493148803711,9.380295753479004
dataset/test/Tomato_mold_leaf/IMG-20240728-WA0103_aug_49aug76.jpg,Tomato_mold_leaf,Tomato_mold_leaf,1.0,1,1.0976018905639648,7.8237457275390625,0.16751956939697266,9.091793060302734
dataset/test/Tomato_mold_leaf/IMG-20240728-WA0103_aug_50aug114.jpg,Tomato_mold_leaf,Tomato_mold_leaf,1.0,1,1.2333803176879883,8.108750343322754,0.16676044464111328,9.51159381866455
dataset/test/Tomato_mold_leaf/IMG-20240728-WA0103_aug_51aug84.jpg,Tomato_mold_leaf,Tomato_mold_leaf,1.0,1,1.2528247833251953,7.813024520874023,0.1659832000732422,9.234443664550781
dataset/test/Tomato_mold_leaf/IMG-20240728-WA0103aug12.jpg,Tomato_mold_leaf,Tomato_mold_leaf,1.0,1,1.122584342956543,8.001322746276855,0.16724205017089844,9.293869972229004
dataset/test/Tomato_mold_leaf/IMG-20240812-WA0183_aug_88aug59.jpg,Tomato_mold_leaf,Tomato_Septoria_leaf_spot,0.7293861508369446,0,1.0940074920654297,8.099896430969238,0.16655635833740234,9.362906455993652
dataset/test/Tomato_mold_leaf/IMG-20240812-WA0183_aug_89aug61.jpg,Tomato_mold_leaf,Tomato_mold_leaf,0.9064918160438538,1,1.130934715270996,8.093046188354492,0.16524124145507812,9.39209270477295
dataset/test/Tomato_mold_leaf/IMG-20240812-WA0183_aug_90aug63.jpg,Tomato_mold_leaf,Tomato_Septoria_leaf_spot,0.857019305229187,0,1.0889348983764648,7.940914154052734,0.16700172424316406,9.199536323547363
dataset/test/Tomato_mold_leaf/IMG-20240812-WA0183_aug_91aug62.jpg,Tomato_mold_leaf,Tomato_Septoria_leaf_spot,0.8011976480484009,0,1.0897140502929688,8.030434608459473,0.162872314453125,9.285943031311035
dataset/test/Tomato_mold_leaf/IMG-20240812-WA0183aug22.jpg,Tomato_mold_leaf,Tomato_leaf_late_blight,0.8289248943328857,0,1.1589536666870117,7.819450378417969,0.31600284576416016,9.296906471252441
dataset/test/Tomato_mold_leaf/IMG_20251102_155435_aug_24aug39.jpg,Tomato_mold_leaf,Tomato_Early_blight_leaf,0.9733209013938904,0,1.0363969802856445,7.813895225524902,0.16709423065185547,9.020034790039062
dataset/test/Tomato_mold_leaf/IMG_20251102_155435_aug_25aug51.jpg,Tomato_mold_leaf,Tomato_Early_blight_leaf,0.8607088327407837,0,1.211935043334961,7.818728446960449,0.16568660736083984,9.198684692382812
dataset/test/Tomato_mold_leaf/IMG_20251102_155435_aug_26aug26.jpg,Tomato_mold_leaf,Tomato_Early_blight_leaf,0.927147388458252,0,1.1293420791625977,7.999341011047363,0.16470623016357422,9.296000480651855
dataset/test/Tomato_mold_leaf/IMG_20251102_155435_aug_27aug52.jpg,Tomato_mold_leaf,Tomato_Early_blight_leaf,0.999775230884552,0,1.074397087097168,8.663717269897461,0.16783428192138672,9.908652305603027
dataset/test/Tomato_mold_leaf/IMG_20251102_155435aug6.jpg,Tomato_mold_leaf,Tomato_Early_blight_leaf,0.953723132610321,0,1.0715093612670898,7.979470252990723,0.16557693481445312,9.219110488891602
dataset/test/Tomato_mold_leaf/Leaf+mold+tomato+_25283_2529.JPG_aug_36aug118.jpg,Tomato_mold_leaf,Tomato_mold_leaf,0.9996795654296875,1,1.1788978576660156,8.733439445495605,0.1667795181274414,10.08158016204834
dataset/test/Tomato_mold_leaf/Leaf+mold+tomato+_25283_2529.JPG_aug_37aug117.jpg,Tomato_mold_leaf,Tomato_mold_leaf,0.9999630451202393,1,1.1222505569458008,8.121953010559082,0.16594600677490234,9.412835121154785
dataset/test/Tomato_mold_leaf/Leaf+mold+tomato+_25283_2529.JPG_aug_38aug119.jpg,Tomato_mold_leaf,Tomato_mold_leaf,0.9989418387413025,1,1.1851024627685547,12.437005996704102,0.1736307144165039,13.798460960388184
dataset/test/Tomato_mold_leaf/Leaf+mold+tomato+_25283_2529.JPG_aug_39aug103.jpg,Tomato_mold_leaf,Tomato_mold_leaf,0.9961004257202148,1,3.2837114334106445,11.014883995056152,0.17018604278564453,14.472485542297363
dataset/test/Tomato_mold_leaf/Leaf+mold+tomato+_25283_2529.JPGaug9.jpg,Tomato_mold_leaf,Tomato_mold_leaf,0.9810290932655334,1,1.168065071105957,13.893738746643066,0.17018604278564453,15.234694480895996
dataset/test/Tomato_mold_leaf/Leaf-mold-caused-by-the-fungal-pathogen-Passalore-fulva-in-tomatoes_aug_16aug33.jpg,Tomato_mold_leaf,Tomato_mold_leaf,0.5182265043258667,1,1.092860221862793,8.157194137573242,0.1689462661743164,9.421981811523438
dataset/test/Tomato_mold_leaf/Leaf-mold-caused-by-the-fungal-pathogen-Passalore-fulva-in-tomatoes_aug_17aug57.jpg,Tomato_mold_leaf,Tomato_Early_blight_leaf,0.9409252405166626,0,1.0853042602539062,8.026766777038574,0.16629695892333984,9.281035423278809
dataset/test/Tomato_mold_leaf/Leaf-mold-caused-by-the-fungal-pathogen-Passalore-fulva-in-tomatoes_aug_18aug32.jpg,Tomato_mold_leaf,Tomato_Early_blight_leaf,0.9530154466629028,0,1.083120346069336,8.090433120727539,0.1664266586303711,9.342351913452148
dataset/test/Tomato_mold_leaf/Leaf-mold-caused-by-the-fungal-pathogen-Passalore-fulva-in-tomatoes_aug_19aug53.jpg,Tomato_mold_leaf,Tomato_Early_blight_leaf,0.5248872637748718,0,1.0780830383300781,7.973638534545898,0.21165084838867188,9.266278266906738
dataset/test/Tomato_mold_leaf/Leaf-mold-caused-by-the-fungal-pathogen-Passalore-fulva-in-tomatoesaug4.jpg,Tomato_mold_leaf,Tomato_mold_leaf,0.9989833235740662,1,1.0753965377807617,8.055767059326172,0.1646881103515625,9.339851379394531
dataset/test/Tomato_mold_leaf/leaf_mold_nightshade2x500_aug_60aug81.jpg,Tomato_mold_leaf,Tomato_mold_leaf,0.9998462200164795,1,1.0887861251831055,7.943729400634766,0.15416717529296875,9.188905715942383
dataset/test/Tomato_mold_leaf/leaf_mold_nightshade2x500_aug_61aug96.jpg,Tomato_mold_leaf,Tomato_mold_leaf,0.9999977350234985,1,1.0440826416015625,7.873376846313477,0.1665019989013672,9.08664608001709
dataset/test/Tomato_mold_leaf/leaf_mold_nightshade2x500_aug_62aug85.jpg,Tomato_mold_leaf,Tomato_mold_leaf,0.9999562501907349,1,1.2245655059814453,7.851284027099609,0.16563129425048828,9.244185447692871
dataset/test/Tomato_mold_leaf/leaf_mold_nightshade2x500_aug_63aug88.jpg,Tomato_mold_leaf,Tomato_mold_leaf,0.9999973773956299,1,1.1362323760986328,8.031044960021973,0.16505718231201172,9.335036277770996
dataset/test/Tomato_mold_leaf/leaf_mold_nightshade2x500aug15.jpg,Tomato_mold_leaf,Tomato_mold_leaf,1.0,1,1.1188783645629883,8.0318603515625,0.1644268035888672,9.318277359008789
dataset/test/Tomato_mold_leaf/leaf_mold_tomato5x1200_jpg.rf.0a5ee47c78e753f9580bfb7744438ebf_aug_52aug101.jpg,Tomato_mold_leaf,Tomato_mold_leaf,1.0,1,1.1390657424926758,8.039322853088379,0.16438961029052734,9.345370292663574
dataset/test/Tomato_mold_leaf/leaf_mold_tomato5x1200_jpg.rf.0a5ee47c78e753f9580bfb7744438ebf_aug_53aug108.jpg,Tomato_mold_leaf,Tomato_mold_leaf,1.0,1,1.1293420791625977,8.136841773986816,0.1655569076538086,9.434427261352539
dataset/test/Tomato_mold_leaf/leaf_mold_tomato5x1200_jpg.rf.0a5ee47c78e753f9580bfb7744438ebf_aug_54aug115.jpg,Tomato_mold_leaf,Tomato_mold_leaf,1.0,1,1.106175422668457,7.986525535583496,0.16485309600830078,9.260387420654297
dataset/test/Tomato_mold_leaf/leaf_mold_tomato5x1200_jpg.rf.0a5ee47c78e753f9580bfb7744438ebf_aug_55aug109.jpg,Tomato_mold_leaf,Tomato_mold_leaf,1.0,1,1.1565475463867188,7.998636245727539,0.16526126861572266,9.323389053344727
dataset/test/Tomato_mold_leaf/leaf_mold_tomato5x1200_jpg.rf.0a5ee47c78e753f9580bfb7744438ebfaug13.jpg,Tomato_mold_leaf,Tomato_mold_leaf,1.0,1,1.0906753540039062,8.374455451965332,0.16535377502441406,9.633353233337402
dataset/test/Tomato_mold_leaf/tomato_leaf-mold_04_zoom_aug_4aug36.jpg,Tomato_mold_leaf,Tomato_leaf_late_blight,0.8902156352996826,0,1.1172676086425781,8.051877975463867,0.20037174224853516,9.372241020202637
dataset/test/Tomato_mold_leaf/tomato_leaf-mold_04_zoom_aug_5aug48.jpg,Tomato_mold_leaf,Tomato_leaf_late_blight,0.9807321429252625,0,1.1369171142578125,8.058303833007812,0.198760986328125,9.396796226501465
dataset/test/Tomato_mold_leaf/tomato_leaf-mold_04_zoom_aug_6aug40.jpg,Tomato_mold_leaf,Tomato_leaf_late_blight,0.9074028134346008,0,1.1118793487548828,8.905828475952148,0.16101837158203125,10.181376457214355
dataset/test/Tomato_mold_leaf/tomato_leaf-mold_04_zoom_aug_7aug34.jpg,Tomato_mold_leaf,Tomato_leaf_late_blight,0.9677955508232117,0,1.1509180068969727,8.060954093933105,0.14851856231689453,9.362739562988281
dataset/test/Tomato_mold_leaf/tomato_leaf-mold_04_zoomaug1.jpg,Tomato_mold_leaf,Tomato_leaf_late_blight,0.5352107882499695,0,1.0977869033813477,7.82985782623291,0.17426109313964844,9.105202674865723
