image_path,true_class,predicted_class,confidence,correct,preprocess_ms,inference_ms,postprocess_ms,total_pipeline_ms
dataset/test/Tomato_Early_blight_leaf/100_46341_aug_5aug62.jpg,Tomato_Early_blight_leaf,Tomato_Septoria_leaf_spot,0.6335651278495789,0,1.1156206130981445,7.778925895690918,0.2575569152832031,9.156067848205566
dataset/test/Tomato_Early_blight_leaf/100_46341_aug_6aug64.jpg,Tomato_Early_blight_leaf,Tomato_Septoria_leaf_spot,0.7950009107589722,0,1.085841178894043,7.757205009460449,0.1991138458251953,9.045232772827148
dataset/test/Tomato_Early_blight_leaf/100_46341_aug_7aug57.jpg,Tomato_Early_blight_leaf,Tomato_Septoria_leaf_spot,0.7950009107589722,0,1.1480827331542969,7.774835586547852,0.17444610595703125,9.100234031677246
dataset/test/Tomato_Early_blight_leaf/100_46341_aug_8aug66.jpg,Tomato_Early_blight_leaf,Tomato_Septoria_leaf_spot,0.8285819888114929,0,1.1358041763305664,8.12743091583252,0.18085289001464844,9.446846008300781
dataset/test/Tomato_Early_blight_leaf/100_46341_aug_9aug65.jpg,Tomato_Early_blight_leaf,Tomato_Healthy_leaf,0.46155044436454773,0,1.165675163269043,8.067171096801758,0.20783519744873047,9.443625450134277
dataset/test/Tomato_Early_blight_leaf/100_46341aug1.jpg,Tomato_Early_blight_leaf,Tomato_Septoria_leaf_spot,0.7718327045440674,0,1.208174705505371,8.044281959533691,0.18011188507080078,9.43514347076416
dataset/test/Tomato_Early_blight_leaf/1723454500663_aug_20aug39.jpg,Tomato_Early_blight_leaf,Tomato_Early_blight_leaf,0.9942861199378967,1,1.1014900207519531,8.115411758422852,0.17390823364257812,9.393327713012695
dataset/test/Tomato_Early_blight_leaf/1723454500663_aug_21aug35.jpg,Tomato_Early_blight_leaf,Tomato_Early_blight_leaf,0.9999386072158813,1,1.0768795013427734,7.848280906677246,0.1855754852294922,9.113232612609863
dataset/test/Tomato_Early_blight_leaf/1723454500663_aug_22aug51.jpg,Tomato_Early_blight_leaf,Tomato_Early_blight_leaf,0.998129665851593,1,1.1812858581542969,7.974818229675293,0.1779460906982422,9.337272644042969
dataset/test/Tomato_Early_blight_leaf/1723454500663_aug_23aug33.jpg,Tomato_Early_blight_leaf,Tomato_Early_blight_leaf,0.9942861199378967,1,1.2160263061523438,7.913575172424316,0.17374229431152344,9.306364059448242
dataset/test/Tomato_Early_blight_leaf/1723454500663_aug_24aug50.jpg,Tomato_Early_blight_leaf,Tomato_Early_blight_leaf,0.9764876365661621,1,1.1059904098510742,8.052245140075684,0.16996288299560547,9.331531524658203
dataset/test/Tomato_Early_blight_leaf/1723454500663aug4.jpg,Tomato_Early_blight_leaf,Tomato_Early_blight_leaf,0.9992631077766418,1,1.140915870666504,8.011004447937012,0.16635417938232422,9.321086883544922
dataset/test/Tomato_Early_blight_leaf/1723454507240aug20.jpg,Tomato_Early_blight_leaf,Tomato_Septoria_leaf_spot,0.9962823987007141,0,1.1088600158691406,8.073837280273438,0.1634082794189453,9.348753929138184
dataset/test/Tomato_Early_blight_leaf/EB_(981)_aug_65aug107.jpg,Tomato_Early_blight_leaf,Tomato_Early_blight_leaf,0.9999959468841553,1,1.1525278091430664,8.06722640991211,0.16676044464111328,9.389697074890137
dataset/test/Tomato_Early_blight_leaf/EB_(981)_aug_66aug102.jpg,Tomato_Early_blight_leaf,Tomato_Early_blight_leaf,0.9998981952667236,1,1.1935081481933594,8.255338668823242,0.16726112365722656,9.619218826293945
dataset/test/Tomato_Early_blight_leaf/EB_(981)_aug_67aug101.jpg,Tomato_Early_blight_leaf,Tomato_Early_blight_leaf,0.9874100089073181,1,1.1183223724365234,8.232059478759766,0.16498279571533203,9.517976760864258
dataset/test/Tomato_Early_blight_leaf/EB_(981)_aug_68aug95.jpg,Tomato_Early_blight_leaf,Tomato_Early_blight_leaf,0.9949889779090881,1,1.1359901428222656,8.39380168914795,0.16631507873535156,9.698923110961914
dataset/test/Tomato_Early_blight_leaf/EB_(981)_aug_69aug97.jpg,Tomato_Early_blight_leaf,Tomato_Early_blight_leaf,0.9693153500556946,1,1.1171932220458984,8.191339492797852,0.1664276123046875,9.477662086486816
dataset/test/Tomato_Early_blight_leaf/EB_(981)aug13.jpg,Tomato_Early_blight_leaf,Tomato_Early_blight_leaf,0.9987910389900208,1,1.1350078582763672,8.223931312561035,0.16879749298095703,9.531217575073242
dataset/test/Tomato_Early_blight_leaf/Early-blight-660x440_aug_0aug61.jpg,Tomato_Early_blight_leaf,Tomato_Early_blight_leaf,0.988514244556427,1,1.1475095748901367,8.249505043029785,0.1893157958984375,9.588921546936035
dataset/test/Tomato_Early_blight_leaf/Early-blight-660x440_aug_1aug59.jpg,Tomato_Early_blight_leaf,Tomato_Early_blight_leaf,0.9944129586219788,1,1.1096744537353516,8.059467315673828,0.1662607192993164,9.33832836151123
dataset/test/Tomato_Early_blight_leaf/Early-blight-660x440_aug_2aug63.jpg,Tomato_Early_blight_leaf,Tomato_Early_blight_leaf,0.9978451728820801,1,1.2524909973144531,8.009891510009766,0.16552066802978516,9.430865287780762
dataset/test/Tomato_Early_blight_leaf/Early-blight-660x440_aug_3aug60.jpg,Tomato_Early_blight_leaf,Tomato_Early_blight_leaf,0.9890975952148438,1,1.2003612518310547,8.120319366455078,0.16620445251464844,9.489605903625488
dataset/test/Tomato_Early_blight_leaf/Early-blight-660x440_aug_4aug58.jpg,Tomato_Early_blight_leaf,Tomato_Early_blight_leaf,0.9602912664413452,1,1.115433692932129,8.230413436889648,0.16492748260498047,9.51405143737793
dataset/test/Tomato_Early_blight_leaf/Early-blight-660x440aug0.jpg,Tomato_Early_blight_leaf,Tomato_Early_blight_leaf,0.9858901500701904,1,1.1591567993164062,8.106133460998535,0.16300106048583984,9.43092155456543
dataset/test/Tomato_Early_blight_leaf/Gls42_change_180_aug_70aug100.jpg,Tomato_Early_blight_leaf,Tomato_Early_blight_leaf,0.9997838139533997,1,1.0612115859985352,8.053021430969238,0.16675949096679688,9.283660888671875
dataset/test/Tomato_Early_blight_leaf/Gls42_change_180_aug_71aug109.jpg,Tomato_Early_blight_leaf,Tomato_Early_blight_leaf,0.9999179840087891,1,1.0827665328979492,8.093485832214355,0.17011356353759766,9.349568367004395
dataset/test/Tomato_Early_blight_leaf/Gls42_change_180_aug_72aug104.jpg,Tomato_Early_blight_leaf,Tomato_Early_blight_leaf,0.9998917579650879,1,1.104471206665039,8.025967597961426,0.17733383178710938,9.310751914978027
dataset/test/Tomato_Early_blight_leaf/Gls42_change_180_aug_73aug94.jpg,Tomato_Early_blight_leaf,Tomato_Early_blight_leaf,0.9999082088470459,1,1.0714893341064453,8.07072639465332,0.16309452056884766,9.308086395263672
dataset/test/Tomato_Early_blight_leaf/Gls42_change_180_aug_74aug108.jpg,Tomato_Early_blight_leaf,Tomato_Early_blight_leaf,0.9994767308235168,1,1.0707664489746094,7.894742965698242,0.16363143920898438,9.131714820861816
dataset/test/Tomato_Early_blight_leaf/Gls42_change_180aug14.jpg,Tomato_Early_blight_leaf,Tomato_Early_blight_leaf,0.9992820620536804,1,1.076249122619629,8.026540756225586,0.19722461700439453,9.303123474121094
dataset/test/Tomato_Early_blight_leaf/Gls4_mirror_aug_60aug93.jpg,Tomato_Early_blight_leaf,Tomato_Early_blight_leaf,0.9994644522666931,1,1.0518226623535156,8.055560111999512,0.16544532775878906,9.275494575500488
dataset/test/Tomato_Early_blight_leaf/Gls4_mirror_aug_61aug98.jpg,Tomato_Early_blight_leaf,Tomato_Early_blight_leaf,0.9982156753540039,1,1.0644712448120117,8.085856437683105,0.17087173461914062,9.324347496032715
dataset/test/Tomato_Early_blight_leaf/Gls4_mirror_aug_62aug91.jpg,Tomato_Early_blight_leaf,Tomato_Early_blight_leaf,0.9989479184150696,1,1.0533409118652344,8.045817375183105,0.16709327697753906,9.269087791442871
dataset/test/Tomato_Early_blight_leaf/Gls4_mirror_aug_63aug110.jpg,Tomato_Early_blight_leaf,Tomato_Early_blight_leaf,0.999553382396698,1,1.0868415832519531,8.07198429107666,0.16768646240234375,9.329402923583984
dataset/test/Tomato_Early_blight_leaf/Gls4_mirror_aug_64aug105.jpg,Tomato_Early_blight_leaf,Tomato_Early_blight_leaf,0.9949986934661865,1,1.0539512634277344,7.963059425354004,0.16285228729248047,9.182511329650879
dataset/test/Tomato_Early_blight_leaf/Gls4_mirror_vertical_aug_25aug37.jpg,Tomato_Early_blight_leaf,Tomato_Early_blight_leaf,0.9865931868553162,1,1.0459156036376953,7.953317642211914,0.16239070892333984,9.164122581481934
dataset/test/Tomato_Early_blight_leaf/Gls4_mirror_vertical_aug_26aug41.jpg,Tomato_Early_blight_leaf,Tomato_Early_blight_leaf,0.9970008730888367,1,1.0704889297485352,7.861039161682129,0.15994548797607422,9.094658851623535
dataset/test/Tomato_Early_blight_leaf/Gls4_mirror_vertical_aug_27aug40.jpg,Tomato_Early_blight_leaf,Tomato_Early_blight_leaf,0.9991216063499451,1,1.0231380462646484,7.781373023986816,0.3115396499633789,9.119270324707031
dataset/test/Tomato_Early_blight_leaf/Gls4_mirror_vertical_aug_28aug36.jpg,Tomato_Early_blight_leaf,Tomato_Early_blight_leaf,0.962106466293335,1,0.9970073699951172,7.725502967834473,0.1685953140258789,8.894288063049316
dataset/test/Tomato_Early_blight_leaf/Gls4_mirror_vertical_aug_29aug42.jpg,Tomato_Early_blight_leaf,Tomato_Early_blight_leaf,0.9996503591537476,1,1.0617303848266602,7.868094444274902,0.16281604766845703,9.095622062683105
dataset/test/Tomato_Early_blight_leaf/Gls4_mirror_verticalaug5.jpg,Tomato_Early_blight_leaf,Tomato_Early_blight_leaf,0.6111956834793091,1,1.0771007537841797,7.93241024017334,0.16326236724853516,9.175418853759766
dataset/test/Tomato_Early_blight_leaf/Gls4_mirroraug12.jpg,Tomato_Early_blight_leaf,Tomato_Early_blight_leaf,0.9929145574569702,1,1.0556554794311523,7.963373184204102,0.16246318817138672,9.184270858764648
dataset/test/Tomato_Early_blight_leaf/IMG-20240812-WA0445_aug_40aug23.jpg,Tomato_Early_blight_leaf,Tomato_mold_leaf,0.5554985404014587,0,1.102804183959961,7.877113342285156,0.16240692138671875,9.145160675048828
dataset/test/Tomato_Early_blight_leaf/IMG-20240812-WA0445_aug_41aug28.jpg,Tomato_Early_blight_leaf,Tomato_mold_leaf,0.8586040735244751,0,1.1402311325073242,8.00987434387207,0.16279888153076172,9.315567970275879
dataset/test/Tomato_Early_blight_leaf/IMG-20240812-WA0445_aug_42aug21.jpg,Tomato_Early_blight_leaf,Tomato_mold_leaf,0.8653612732887268,0,1.0921554565429688,7.929003715515137,0.1627054214477539,9.186568260192871
dataset/test/Tomato_Early_blight_leaf/IMG-20240812-WA0445_aug_43aug24.jpg,Tomato_Early_blight_leaf,Tomato_mold_leaf,0.5687783360481262,0,1.1468048095703125,8.232504844665527,0.1676502227783203,9.549663543701172
dataset/test/Tomato_Early_blight_leaf/IMG-20240812-WA0445_aug_44aug22.jpg,Tomato_Early_blight_leaf,Tomato_mold_leaf,0.7983561158180237,0,1.222731590270996,8.34587574005127,0.16761207580566406,9.73901653289795
dataset/test/Tomato_Early_blight_leaf/IMG-20240812-WA0445aug8.jpg,Tomato_Early_blight_leaf,Tomato_Early_blight_leaf,0.806239902973175,1,1.1910085678100586,8.373579978942871,0.16363143920898438,9.730812072753906
dataset/test/Tomato_Early_blight_leaf/IMG20240812111749_aug_90aug80.jpg,Tomato_Early_blight_leaf,Tomato_mold_leaf,0.9999997615814209,0,1.2568235397338867,8.314005851745605,0.16281604766845703,9.736145973205566
dataset/test/Tomato_Early_blight_leaf/IMG20240812111749_aug_91aug77.jpg,Tomato_Early_blight_leaf,Tomato_mold_leaf,0.9999909400939941,0,1.2393054962158203,8.339245796203613,0.15522193908691406,9.736109733581543
dataset/test/Tomato_Early_blight_leaf/IMG20240812111749_aug_92aug73.jpg,Tomato_Early_blight_leaf,Tomato_mold_leaf,0.9999908208847046,0,1.146841049194336,8.121245384216309,0.16831684112548828,9.439477920532227
dataset/test/Tomato_Early_blight_leaf/IMG20240812111749_aug_93aug71.jpg,Tomato_Early_blight_leaf,Tomato_mold_leaf,0.9999772310256958,0,1.3111753463745117,8.208765029907227,0.17126178741455078,9.693979263305664
dataset/test/Tomato_Early_blight_leaf/IMG20240812111749_aug_94aug74.jpg,Tomato_Early_blight_leaf,Tomato_mold_leaf,0.9999898672103882,0,1.3591575622558594,8.139875411987305,0.1697225570678711,9.672089576721191
dataset/test/Tomato_Early_blight_leaf/IMG20240812111749aug18.jpg,Tomato_Early_blight_leaf,Tomato_mold_leaf,0.9999924898147583,0,1.3927135467529297,8.221246719360352,0.16735267639160156,9.784368515014648
dataset/test/Tomato_Early_blight_leaf/IMG_20251102_155150_aug_30aug34.jpg,Tomato_Early_blight_leaf,Tomato_Early_blight_leaf,1.0,1,1.132211685180664,8.356061935424805,0.16881656646728516,9.659886360168457
dataset/test/Tomato_Early_blight_leaf/IMG_20251102_155150_aug_31aug43.jpg,Tomato_Early_blight_leaf,Tomato_Early_blight_leaf,1.0,1,1.117842674255371,8.920844078063965,0.16403770446777344,10.20526123046875
dataset/test/Tomato_Early_blight_leaf/IMG_20251102_155150_aug_32aug44.jpg,Tomato_Early_blight_leaf,Tomato_Early_blight_leaf,1.0,1,1.1034879684448242,8.125060081481934,0.18140888214111328,9.412588119506836
dataset/test/Tomato_Early_blight_leaf/IMG_20251102_155150_aug_33aug38.jpg,Tomato_Early_blight_leaf,Tomato_Early_blight_leaf,1.0,1,1.1018791198730469,9.037252426147461,0.1665945053100586,10.308723449707031
dataset/test/Tomato_Early_blight_leaf/IMG_20251102_155150_aug_34aug32.jpg,Tomato_Early_blight_leaf,Tomato_Early_blight_leaf,1.0,1,1.0624523162841797,8.176467895507812,0.16438961029052734,9.406143188476562
dataset/test/Tomato_Early_blight_leaf/IMG_20251102_155150aug6.jpg,Tomato_Early_blight_leaf,Tomato_Early_blight_leaf,1.0,1,1.0830078125,8.3369140625,0.17861270904541016,9.601329803466797
dataset/test/Tomato_Early_blight_leaf/IMG_20251102_155153_aug_85aug72.jpg,Tomato_Early_blight_leaf,Tomato_Early_blight_leaf,1.0,1,1.3353986740112305,16.2393798828125,0.15727901458740234,17.735241889953613
dataset/test/Tomato_Early_blight_leaf/IMG_20251102_155153_aug_86aug78.jpg,Tomato_Early_blight_leaf,Tomato_Early_blight_leaf,1.0,1,1.1022672653198242,15.38992691040039,0.16561222076416016,16.660862922668457
dataset/test/Tomato_Early_blight_leaf/IMG_20251102_155153_aug_87aug76.jpg,Tomato_Early_blight_leaf,Tomato_Early_blight_leaf,1.0,1,1.1285457611083984,8.486858367919922,0.16674232482910156,9.785441398620605
dataset/test/Tomato_Early_blight_leaf/IMG_20251102_155153_aug_88aug79.jpg,Tomato_Early_blight_leaf,Tomato_Early_blight_leaf,1.0,1,1.1928987503051758,8.127023696899414,0.16974163055419922,9.492626190185547
dataset/test/Tomato_Early_blight_leaf/IMG_20251102_155153_aug_89aug75.jpg,Tomato_Early_blight_leaf,Tomato_Early_blight_leaf,1.0,1,1.066248893737793,8.097189903259277,0.1683330535888672,9.334994316101074
dataset/test/Tomato_Early_blight_leaf/IMG_20251102_155153aug17.jpg,Tomato_Early_blight_leaf,Tomato_Early_blight_leaf,1.0,1,1.1189899444580078,8.063671112060547,0.1969461441040039,9.382568359375
dataset/test/Tomato_Early_blight_leaf/IMG_20251102_155207_aug_10aug47.jpg,Tomato_Early_blight_leaf,Tomato_Early_blight_leaf,0.9999202489852905,1,1.086970329284668,8.308691024780273,0.1633901596069336,9.561773300170898
dataset/test/Tomato_Early_blight_leaf/IMG_20251102_155207_aug_11aug56.jpg,Tomato_Early_blight_leaf,Tomato_Early_blight_leaf,0.9998972415924072,1,1.1009159088134766,8.082615852355957,0.16505718231201172,9.351235389709473
dataset/test/Tomato_Early_blight_leaf/IMG_20251102_155207_aug_12aug45.jpg,Tomato_Early_blight_leaf,Tomato_Early_blight_leaf,0.9999240636825562,1,1.1229724884033203,8.049800872802734,0.16237258911132812,9.33808708190918
dataset/test/Tomato_Early_blight_leaf/IMG_20251102_155207_aug_13aug48.jpg,Tomato_Early_blight_leaf,Tomato_Early_blight_leaf,0.9999738931655884,1,1.065877914428711,8.19733715057373,0.1619272232055664,9.427605628967285
dataset/test/Tomato_Early_blight_leaf/IMG_20251102_155207_aug_14aug49.jpg,Tomato_Early_blight_leaf,Tomato_Early_blight_leaf,0.9999891519546509,1,1.0833606719970703,7.933483123779297,0.3199644088745117,9.33980941772461
dataset/test/Tomato_Early_blight_leaf/IMG_20251102_155207aug2.jpg,Tomato_Early_blight_leaf,Tomato_Early_blight_leaf,0.9999854564666748,1,1.0903778076171875,7.946169853210449,0.16316795349121094,9.202677726745605
dataset/test/Tomato_Early_blight_leaf/IMG_20251102_155305_aug_35aug25.jpg,Tomato_Early_blight_leaf,Tomato_Early_blight_leaf,0.9856695532798767,1,1.2293615341186523,7.855947494506836,0.17238998413085938,9.261290550231934
dataset/test/Tomato_Early_blight_leaf/IMG_20251102_155305_aug_36aug27.jpg,Tomato_Early_blight_leaf,Tomato_Early_blight_leaf,0.9365413188934326,1,1.0940074920654297,8.048317909240723,0.16401958465576172,9.309051513671875
dataset/test/Tomato_Early_blight_leaf/IMG_20251102_155305_aug_37aug29.jpg,Tomato_Early_blight_leaf,Tomato_Early_blight_leaf,0.6406871676445007,1,1.1427316665649414,8.814546585083008,0.16516685485839844,10.125389099121094
dataset/test/Tomato_Early_blight_leaf/IMG_20251102_155305_aug_38aug31.jpg,Tomato_Early_blight_leaf,Tomato_Early_blight_leaf,0.9015454053878784,1,1.092489242553711,8.156189918518066,0.1801128387451172,9.431291580200195
dataset/test/Tomato_Early_blight_leaf/IMG_20251102_155305_aug_39aug26.jpg,Tomato_Early_blight_leaf,Tomato_Early_blight_leaf,0.8265955448150635,1,1.1327133178710938,8.06941032409668,0.1649627685546875,9.370180130004883
dataset/test/Tomato_Early_blight_leaf/IMG_20251102_155305aug7.jpg,Tomato_Early_blight_leaf,Tomato_Early_blight_leaf,0.9743756055831909,1,1.133194923400879,8.082818984985352,0.1565561294555664,9.374920845031738
dataset/test/Tomato_Early_blight_leaf/IMG_20251102_155853_aug_55aug106.jpg,Tomato_Early_blight_leaf,Tomato_leaf_late_blight,0.965047299861908,0,1.0907678604125977,8.01309585571289,0.16653823852539062,9.2728271484375
dataset/test/Tomato_Early_blight_leaf/IMG_20251102_155853_aug_56aug92.jpg,Tomato_Early_blight_leaf,Tomato_leaf_late_blight,0.9935412406921387,0,1.195638656616211,7.9636688232421875,0.16396427154541016,9.326420783996582
dataset/test/Tomato_Early_blight_leaf/IMG_20251102_155853_aug_57aug96.jpg,Tomato_Early_blight_leaf,Tomato_leaf_late_blight,0.9424390196800232,0,1.2414531707763672,7.87681770324707,0.16588973999023438,9.28679084777832
dataset/test/Tomato_Early_blight_leaf/IMG_20251102_155853_aug_58aug103.jpg,Tomato_Early_blight_leaf,Tomato_leaf_late_blight,0.9991235136985779,0,1.0928592681884766,8.05050277709961,0.16620540618896484,9.31216049194336
dataset/test/Tomato_Early_blight_leaf/IMG_20251102_155853_aug_59aug99.jpg,Tomato_Early_blight_leaf,Tomato_leaf_late_blight,0.9599382877349854,0,1.1140813827514648,8.040244102478027,0.1654834747314453,9.322606086730957
dataset/test/Tomato_Early_blight_leaf/IMG_20251102_155853aug11.jpg,Tomato_Early_blight_leaf,Tomato_leaf_late_blight,0.9995747208595276,0,1.1275272369384766,8.068780899047852,0.17029666900634766,9.369900703430176
dataset/test/Tomato_Early_blight_leaf/IMG_20251102_160046_aug_95aug70.jpg,Tomato_Early_blight_leaf,Tomato_Early_blight_leaf,0.9999557733535767,1,1.089655876159668,8.084023475646973,0.16463088989257812,9.341254234313965
dataset/test/Tomato_Early_blight_leaf/IMG_20251102_160046_aug_96aug69.jpg,Tomato_Early_blight_leaf,Tomato_Early_blight_leaf,0.9986069798469543,1,1.1249713897705078,8.123653411865234,0.20003890991210938,9.451606750488281
dataset/test/Tomato_Early_blight_leaf/IMG_20251102_160046_aug_97aug67.jpg,Tomato_Early_blight_leaf,Tomato_Early_blight_leaf,0.9998151659965515,1,1.1393604278564453,11.274378776550293,0.21514892578125,12.632314682006836
dataset/test/Tomato_Early_blight_leaf/IMG_20251102_160046_aug_98aug68.jpg,Tomato_Early_blight_leaf,Tomato_Early_blight_leaf,0.9995740056037903,1,1.5363082885742188,11.03408145904541,0.21668720245361328,12.791019439697266
dataset/test/Tomato_Early_blight_leaf/IMG_20251102_160046aug19.jpg,Tomato_Early_blight_leaf,Tomato_Early_blight_leaf,0.9999668598175049,1,1.6529006958007812,11.198786735534668,0.20451927185058594,13.06005859375
dataset/test/Tomato_Early_blight_leaf/IMG_20251102_160055_aug_15aug53.jpg,Tomato_Early_blight_leaf,Tomato_Early_blight_leaf,1.0,1,1.497696876525879,11.350045204162598,0.20442676544189453,13.0554838180542
dataset/test/Tomato_Early_blight_leaf/IMG_20251102_160055_aug_16aug55.jpg,Tomato_Early_blight_leaf,Tomato_Early_blight_leaf,1.0,1,1.4565305709838867,11.15080451965332,0.22611236572265625,12.836779594421387
dataset/test/Tomato_Early_blight_leaf/IMG_20251102_160055_aug_17aug46.jpg,Tomato_Early_blight_leaf,Tomato_Early_blight_leaf,1.0,1,1.4565658569335938,10.995635986328125,0.2076873779296875,12.663538932800293
dataset/test/Tomato_Early_blight_leaf/IMG_20251102_160055_aug_18aug54.jpg,Tomato_Early_blight_leaf,Tomato_Early_blight_leaf,1.0,1,1.527695655822754,11.014765739440918,0.20748233795166016,12.753409385681152
dataset/test/Tomato_Early_blight_leaf/IMG_20251102_160055_aug_19aug52.jpg,Tomato_Early_blight_leaf,Tomato_Early_blight_leaf,1.0,1,1.4425668716430664,9.609349250793457,0.1613149642944336,11.216081619262695
dataset/test/Tomato_Early_blight_leaf/IMG_20251102_160055aug3.jpg,Tomato_Early_blight_leaf,Tomato_Early_blight_leaf,1.0,1,1.0432109832763672,7.774816513061523,0.15894603729248047,8.979787826538086
dataset/test/Tomato_Early_blight_leaf/IMG_20251102_160217_aug_75aug82.jpg,Tomato_Early_blight_leaf,Tomato_Early_blight_leaf,0.9997490048408508,1,1.0518417358398438,7.955465316772461,0.1515188217163086,9.161140441894531
dataset/test/Tomato_Early_blight_leaf/IMG_20251102_160217_aug_76aug83.jpg,Tomato_Early_blight_leaf,Tomato_Early_blight_leaf,0.9997512698173523,1,1.0678977966308594,7.498369216918945,0.20303726196289062,8.772046089172363
dataset/test/Tomato_Early_blight_leaf/IMG_20251102_160217_aug_77aug90.jpg,Tomato_Early_blight_leaf,Tomato_Early_blight_leaf,0.9998483657836914,1,1.1578054428100586,7.606259346008301,0.160186767578125,8.927140235900879
dataset/test/Tomato_Early_blight_leaf/IMG_20251102_160217_aug_78aug81.jpg,Tomato_Early_blight_leaf,Tomato_Early_blight_leaf,0.9997108578681946,1,1.051823616027832,7.93502140045166,0.1616678237915039,9.151179313659668
dataset/test/Tomato_Early_blight_leaf/IMG_20251102_160217_aug_79aug86.jpg,Tomato_Early_blight_leaf,Tomato_Early_blight_leaf,0.9998730421066284,1,1.1510257720947266,7.72059440612793,0.17592620849609375,9.050344467163086
dataset/test/Tomato_Early_blight_leaf/IMG_20251102_160217aug15.jpg,Tomato_Early_blight_leaf,Tomato_Early_blight_leaf,0.9997929930686951,1,1.0798225402832031,7.747594833374023,0.16238975524902344,8.992528915405273
dataset/test/Tomato_Early_blight_leaf/IMG_20251102_160523_aug_50aug114.jpg,Tomato_Early_blight_leaf,Tomato_Early_blight_leaf,0.999894380569458,1,1.0972118377685547,7.750872611999512,0.16050243377685547,9.011066436767578
dataset/test/Tomato_Early_blight_leaf/IMG_20251102_160523_aug_51aug111.jpg,Tomato_Early_blight_leaf,Tomato_Early_blight_leaf,0.9998939037322998,1,1.0747299194335938,7.686946868896484,0.15979766845703125,8.92458438873291
dataset/test/Tomato_Early_blight_leaf/IMG_20251102_160523_aug_52aug112.jpg,Tomato_Early_blight_leaf,Tomato_Early_blight_leaf,0.9998811483383179,1,1.1371936798095703,7.762965202331543,0.15535259246826172,9.058418273925781
dataset/test/Tomato_Early_blight_leaf/IMG_20251102_160523_aug_53aug115.jpg,Tomato_Early_blight_leaf,Tomato_Early_blight_leaf,0.9999678134918213,1,1.1098403930664062,7.5469818115234375,0.1956310272216797,8.854935646057129
dataset/test/Tomato_Early_blight_leaf/IMG_20251102_160523_aug_54aug113.jpg,Tomato_Early_blight_leaf,Tomato_Early_blight_leaf,0.9988076686859131,1,1.1032485961914062,7.809427261352539,0.16161251068115234,9.076974868774414
dataset/test/Tomato_Early_blight_leaf/IMG_20251102_160523aug10.jpg,Tomato_Early_blight_leaf,Tomato_Early_blight_leaf,0.9999783039093018,1,1.103470802307129,7.785556793212891,0.16016769409179688,9.05173397064209
dataset/test/Tomato_Early_blight_leaf/IMG_20251102_161202_aug_45aug118.jpg,Tomato_Early_blight_leaf,Tomato_Early_blight_leaf,0.9970295429229736,1,1.1169891357421875,7.8046875,0.16146469116210938,9.086010932922363
dataset/test/Tomato_Early_blight_leaf/IMG_20251102_161202_aug_46aug116.jpg,Tomato_Early_blight_leaf,Tomato_Early_blight_leaf,0.9970295429229736,1,1.140340805053711,7.826539039611816,0.1593151092529297,9.129178047180176
dataset/test/Tomato_Early_blight_leaf/IMG_20251102_161202_aug_47aug117.jpg,Tomato_Early_blight_leaf,Tomato_Early_blight_leaf,0.9983677268028259,1,1.1181020736694336,7.8273725509643555,0.1554269790649414,9.103586196899414
dataset/test/Tomato_Early_blight_leaf/IMG_20251102_161202_aug_48aug30.jpg,Tomato_Early_blight_leaf,Tomato_Early_blight_leaf,0.9780083894729614,1,1.0840272903442383,7.6056671142578125,0.1668710708618164,8.85976791381836
dataset/test/Tomato_Early_blight_leaf/IMG_20251102_161202_aug_49aug119.jpg,Tomato_Early_blight_leaf,Tomato_Early_blight_leaf,0.9963580965995789,1,1.225102424621582,7.613853454589844,0.16168785095214844,9.003527641296387
dataset/test/Tomato_Early_blight_leaf/IMG_20251102_161202aug9.jpg,Tomato_Early_blight_leaf,Tomato_Early_blight_leaf,0.9146497845649719,1,1.1453046798706055,7.832427978515625,0.16379642486572266,9.144770622253418
dataset/test/Tomato_Early_blight_leaf/early_blight_jpg.rf.1091c0a2a9a3da5b9ad688c89298614c_aug_80aug87.jpg,Tomato_Early_blight_leaf,Tomato_Early_blight_leaf,0.8543722033500671,1,1.0649709701538086,7.8511505126953125,0.16109371185302734,9.079975128173828
dataset/test/Tomato_Early_blight_leaf/early_blight_jpg.rf.1091c0a2a9a3da5b9ad688c89298614c_aug_81aug84.jpg,Tomato_Early_blight_leaf,Tomato_Septoria_leaf_spot,0.5254331231117249,0,1.0612497329711914,7.857243537902832,0.1642780303955078,9.085659980773926
dataset/test/Tomato_Early_blight_leaf/early_blight_jpg.rf.1091c0a2a9a3da5b9ad688c89298614c_aug_82aug89.jpg,Tomato_Early_blight_leaf,Tomato_Early_blight_leaf,0.8471463918685913,1,1.076746940612793,7.86922550201416,0.15909385681152344,9.107845306396484
dataset/test/Tomato_Early_blight_leaf/early_blight_jpg.rf.1091c0a2a9a3da5b9ad688c89298614c_aug_83aug85.jpg,Tomato_Early_blight_leaf,Tomato_Early_blight_leaf,0.7911062240600586,1,1.225693702697754,8.057782173156738,0.16466808319091797,9.450644493103027
dataset/test/Tomato_Early_blight_leaf/early_blight_jpg.rf.1091c0a2a9a3da5b9ad688c89298614c_aug_84aug88.jpg,Tomato_Early_blight_leaf,Tomato_Early_blight_leaf,0.7759329676628113,1,1.117156982421875,8.075409889221191,0.16479778289794922,9.36043930053711
dataset/test/Tomato_Early_blight_leaf/early_blight_jpg.rf.1091c0a2a9a3da5b9ad688c89298614caug16.jpg,Tomato_Early_blight_leaf,Tomato_Early_blight_leaf,0.7524971961975098,1,1.0994510650634766,8.154985427856445,0.16220378875732422,9.419142723083496
dataset/test/Tomato_Healthy_leaf/20140818-tomato-sauce-vicky-wasik-1_jpg.rf.d3d9b4a0642e72ba76b40dbdfff8b9f7_aug_6aug50.jpg,Tomato_Healthy_leaf,Tomato_Healthy_leaf,0.9999986886978149,1,1.0576562881469727,8.045134544372559,0.15892791748046875,9.264012336730957
dataset/test/Tomato_Healthy_leaf/20140818-tomato-sauce-vicky-wasik-1_jpg.rf.d3d9b4a0642e72ba76b40dbdfff8b9f7_aug_7aug56.jpg,Tomato_Healthy_leaf,Tomato_Healthy_leaf,0.999998927116394,1,1.0456018447875977,7.835168838500977,0.1648712158203125,9.048530578613281
dataset/test/Tomato_Healthy_leaf/20140818-tomato-sauce-vicky-wasik-1_jpg.rf.d3d9b4a0642e72ba76b40dbdfff8b9f7aug3.jpg,Tomato_Healthy_leaf,Tomato_Healthy_leaf,0.9999957084655762,1,1.161118507385254,7.88129997253418,0.16577816009521484,9.211122512817383
dataset/test/Tomato_Healthy_leaf/2015-09-17-01_aug_20aug110.jpg,Tomato_Healthy_leaf,Tomato_Healthy_leaf,0.9903685450553894,1,1.1146001815795898,7.9854841232299805,0.16394615173339844,9.26699447631836
dataset/test/Tomato_Healthy_leaf/2015-09-17-01_aug_21aug114.jpg,Tomato_Healthy_leaf,Tomato_Healthy_leaf,0.9918113946914673,1,1.073359489440918,8.094892501831055,0.16424274444580078,9.335198402404785
dataset/test/Tomato_Healthy_leaf/2015-09-17-01aug10.jpg,Tomato_Healthy_leaf,Tomato_Healthy_leaf,0.9997548460960388,1,1.0612678527832031,8.069097518920898,0.1700572967529297,9.30349349975586
dataset/test/Tomato_Healthy_leaf/Basil_2Binfected_2Bby_2BTomato_2BSpotted_2BWilt_2BVirus_aug_2aug59.jpg,Tomato_Healthy_leaf,Tomato_mold_leaf,0.8471584916114807,0,1.1116752624511719,8.133707046508789,0.16540813446044922,9.41355037689209
dataset/test/Tomato_Healthy_leaf/Basil_2Binfected_2Bby_2BTomato_2BSpotted_2BWilt_2BVirus_aug_3aug51.jpg,Tomato_Healthy_leaf,Tomato_mold_leaf,0.3839527368545532,0,1.0648412704467773,9.07097339630127,0.21090984344482422,10.350150108337402
dataset/test/Tomato_Healthy_leaf/Basil_2Binfected_2Bby_2BTomato_2BSpotted_2BWilt_2BVirusaug1.jpg,Tomato_Healthy_leaf,Tomato_mold_leaf,0.46752873063087463,0,1.474935531616211,11.008378028869629,0.24857521057128906,12.735796928405762
dataset/test/Tomato_Healthy_leaf/Fig-2_aug_22aug102.jpg,Tomato_Healthy_leaf,Tomato_leaf_late_blight,0.8692051768302917,0,1.4507312774658203,11.109692573547363,0.1951313018798828,12.758556365966797
dataset/test/Tomato_Healthy_leaf/Fig-2_aug_23aug90.jpg,Tomato_Healthy_leaf,Tomato_leaf_late_blight,0.5107436776161194,0,1.45330810546875,11.038174629211426,0.21118640899658203,12.706520080566406
dataset/test/Tomato_Healthy_leaf/Fig-2aug11.jpg,Tomato_Healthy_leaf,Tomato_leaf_late_blight,0.6914846897125244,0,1.4632329940795898,11.036785125732422,0.207611083984375,12.711020469665527
dataset/test/Tomato_Healthy_leaf/HL_(103)aug39.jpg,Tomato_Healthy_leaf,Tomato_Healthy_leaf,1.0,1,1.4680662155151367,11.016600608825684,0.2049274444580078,12.692813873291016
dataset/test/Tomato_Healthy_leaf/HL_(118)_aug_38aug103.jpg,Tomato_Healthy_leaf,Tomato_Healthy_leaf,0.9999992847442627,1,1.4768438339233398,10.9204683303833,0.20463085174560547,12.60568618774414
dataset/test/Tomato_Healthy_leaf/HL_(118)_aug_39aug104.jpg,Tomato_Healthy_leaf,Tomato_Healthy_leaf,0.9999991655349731,1,1.4968252182006836,11.033711433410645,0.20644569396972656,12.740445137023926
dataset/test/Tomato_Healthy_leaf/HL_(118)aug19.jpg,Tomato_Healthy_leaf,Tomato_Healthy_leaf,0.9999997615814209,1,1.5136041641235352,10.719929695129395,0.16076087951660156,12.397425651550293
dataset/test/Tomato_Healthy_leaf/HL_(165)_aug_28aug105.jpg,Tomato_Healthy_leaf,Tomato_Healthy_leaf,0.9999998807907104,1,1.0698041915893555,7.798947334289551,0.15544414520263672,9.026585578918457
dataset/test/Tomato_Healthy_leaf/HL_(165)_aug_29aug91.jpg,Tomato_Healthy_leaf,Tomato_Healthy_leaf,0.9999990463256836,1,1.0490446090698242,7.5046491622924805,0.1783905029296875,8.735063552856445
dataset/test/Tomato_Healthy_leaf/HL_(165)aug14.jpg,Tomato_Healthy_leaf,Tomato_Healthy_leaf,0.9999978542327881,1,1.1756935119628906,7.531073570251465,0.16118621826171875,8.871064186096191
dataset/test/Tomato_Healthy_leaf/HL_(61)_aug_50aug83.jpg,Tomato_Healthy_leaf,Tomato_Healthy_leaf,0.997107207775116,1,1.0971746444702148,7.637928009033203,0.15883350372314453,8.896843910217285
dataset/test/Tomato_Healthy_leaf/HL_(61)_aug_51aug76.jpg,Tomato_Healthy_leaf,Tomato_Healthy_leaf,0.999998927116394,1,1.0476751327514648,7.754631042480469,0.16077899932861328,8.966231346130371
dataset/test/Tomato_Healthy_leaf/HL_(61)aug25.jpg,Tomato_Healthy_leaf,Tomato_Healthy_leaf,0.9981576800346375,1,1.0343036651611328,7.703686714172363,0.16281604766845703,8.903491020202637
dataset/test/Tomato_Healthy_leaf/HL_(62)aug36.jpg,Tomato_Healthy_leaf,Tomato_Healthy_leaf,0.9947264790534973,1,1.0764884948730469,7.749483108520508,0.16152095794677734,8.990177154541016
dataset/test/Tomato_Healthy_leaf/IMG_20251102_161618_aug_58aug71.jpg,Tomato_Healthy_leaf,Tomato_Healthy_leaf,0.9932918548583984,1,1.1346931457519531,7.730298042297363,0.1655569076538086,9.033493041992188
dataset/test/Tomato_Healthy_leaf/IMG_20251102_161618_aug_59aug63.jpg,Tomato_Healthy_leaf,Tomato_Healthy_leaf,0.9614583849906921,1,1.1292858123779297,7.701093673706055,0.15676021575927734,8.989715576171875
dataset/test/Tomato_Healthy_leaf/IMG_20251102_161618aug29.jpg,Tomato_Healthy_leaf,Tomato_Healthy_leaf,0.6666990518569946,1,1.1195449829101562,7.543980598449707,0.1617422103881836,8.827862739562988
dataset/test/Tomato_Healthy_leaf/IMG_20251102_161625aug44.jpg,Tomato_Healthy_leaf,Tomato_Healthy_leaf,0.999998927116394,1,1.2337684631347656,7.56790828704834,0.1615009307861328,8.966048240661621
dataset/test/Tomato_Healthy_leaf/IMG_20251102_161629_aug_10aug115.jpg,Tomato_Healthy_leaf,Tomato_Healthy_leaf,0.9986366629600525,1,1.1565275192260742,10.962784767150879,0.21085166931152344,12.332646369934082
dataset/test/Tomato_Healthy_leaf/IMG_20251102_161629_aug_11aug109.jpg,Tomato_Healthy_leaf,Tomato_Healthy_leaf,0.9999771118164062,1,1.5091419219970703,11.037172317504883,0.2065563201904297,12.756316184997559
dataset/test/Tomato_Healthy_leaf/IMG_20251102_161629aug5.jpg,Tomato_Healthy_leaf,Tomato_Healthy_leaf,0.9998774528503418,1,1.4725666046142578,11.048524856567383,0.20640945434570312,12.73120403289795
dataset/test/Tomato_Healthy_leaf/IMG_20251102_161652aug43.jpg,Tomato_Healthy_leaf,Tomato_Healthy_leaf,0.999997615814209,1,1.5613441467285156,11.011932373046875,0.20529842376708984,12.781760215759277
dataset/test/Tomato_Healthy_leaf/IMG_20251102_161826_aug_60aug68.jpg,Tomato_Healthy_leaf,Tomato_Healthy_leaf,0.9989413619041443,1,1.5591230392456055,10.929987907409668,0.2075939178466797,12.700148582458496
dataset/test/Tomato_Healthy_leaf/IMG_20251102_161826_aug_61aug62.jpg,Tomato_Healthy_leaf,Tomato_Healthy_leaf,0.9999717473983765,1,1.5674190521240234,11.132563591003418,0.19715023040771484,12.899835586547852
dataset/test/Tomato_Healthy_leaf/IMG_20251102_161826aug30.jpg,Tomato_Healthy_leaf,Tomato_Healthy_leaf,0.9970059990882874,1,1.572159767150879,11.058303833007812,0.20533466339111328,12.839649200439453
dataset/test/Tomato_Healthy_leaf/IMG_20251102_161850_aug_56aug74.jpg,Tomato_Healthy_leaf,Tomato_leaf_yellow_curl_virus,0.9085483551025391,0,1.504826545715332,11.931680679321289,0.20683574676513672,13.647100448608398
dataset/test/Tomato_Healthy_leaf/IMG_20251102_161850_aug_57aug72.jpg,Tomato_Healthy_leaf,Tomato_Healthy_leaf,0.9996516704559326,1,1.4986591339111328,7.76411247253418,0.15989017486572266,9.425457000732422
dataset/test/Tomato_Healthy_leaf/IMG_20251102_161850aug28.jpg,Tomato_Healthy_leaf,Tomato_Healthy_leaf,0.9998427629470825,1,1.0960817337036133,8.667712211608887,0.16126060485839844,9.927924156188965
dataset/test/Tomato_Healthy_leaf/IMG_20251102_161859aug38.jpg,Tomato_Healthy_leaf,Tomato_Healthy_leaf,0.9999998807907104,1,1.0742683410644531,7.757965087890625,0.16059398651123047,8.995566368103027
dataset/test/Tomato_Healthy_leaf/IMG_20251102_161935_aug_4aug55.jpg,Tomato_Healthy_leaf,Tomato_Healthy_leaf,1.0,1,1.0499334335327148,12.022736549377441,0.1671133041381836,13.242561340332031
dataset/test/Tomato_Healthy_leaf/IMG_20251102_161935_aug_5aug53.jpg,Tomato_Healthy_leaf,Tomato_Healthy_leaf,1.0,1,1.1242866516113281,14.877960205078125,0.1608905792236328,16.166284561157227
dataset/test/Tomato_Healthy_leaf/IMG_20251102_161935aug2.jpg,Tomato_Healthy_leaf,Tomato_Healthy_leaf,1.0,1,1.3916759490966797,9.015046119689941,0.1690387725830078,10.579004287719727
dataset/test/Tomato_Healthy_leaf/IMG_20251102_162037aug45.jpg,Tomato_Healthy_leaf,Tomato_Healthy_leaf,0.9995263814926147,1,1.0802116394042969,7.856261253356934,0.15892791748046875,9.098363876342773
dataset/test/Tomato_Healthy_leaf/h100_lower_aug_54aug73.jpg,Tomato_Healthy_leaf,Tomato_Healthy_leaf,0.9999986886978149,1,1.1154708862304688,7.774984359741211,0.15835285186767578,9.051233291625977
dataset/test/Tomato_Healthy_leaf/h100_lower_aug_55aug75.jpg,Tomato_Healthy_leaf,Tomato_Healthy_leaf,0.9999940395355225,1,1.0465087890625,7.579073905944824,0.1620016098022461,8.79024887084961
dataset/test/Tomato_Healthy_leaf/h100_loweraug27.jpg,Tomato_Healthy_leaf,Tomato_Healthy_leaf,0.9999920129776001,1,1.0745086669921875,7.7787981033325195,0.16224193572998047,9.018195152282715
dataset/test/Tomato_Healthy_leaf/h101_aug_18aug119.jpg,Tomato_Healthy_leaf,Tomato_Healthy_leaf,0.9995437264442444,1,1.0761547088623047,7.936446189880371,0.1627044677734375,9.17830753326416
dataset/test/Tomato_Healthy_leaf/h101_aug_19aug116.jpg,Tomato_Healthy_leaf,Tomato_Healthy_leaf,0.9979634284973145,1,1.1410274505615234,7.954224586486816,0.1672048568725586,9.265531539916992
dataset/test/Tomato_Healthy_leaf/h101aug9.jpg,Tomato_Healthy_leaf,Tomato_Healthy_leaf,0.9938185811042786,1,1.0761566162109375,7.977800369262695,0.1660013198852539,9.222901344299316
dataset/test/Tomato_Healthy_leaf/h103_aug_42aug82.jpg,Tomato_Healthy_leaf,Tomato_Healthy_leaf,0.9999998807907104,1,1.0710630416870117,8.05876350402832,0.16326141357421875,9.2957181930542
dataset/test/Tomato_Healthy_leaf/h103_aug_43aug77.jpg,Tomato_Healthy_leaf,Tomato_Healthy_leaf,1.0,1,1.092193603515625,7.959299087524414,0.16090869903564453,9.215086936950684
dataset/test/Tomato_Healthy_leaf/h103aug21.jpg,Tomato_Healthy_leaf,Tomato_Healthy_leaf,0.9999997615814209,1,1.0617313385009766,7.922725677490234,0.15285301208496094,9.139937400817871
dataset/test/Tomato_Healthy_leaf/h1_change_90_aug_12aug118.jpg,Tomato_Healthy_leaf,Tomato_Healthy_leaf,0.9999876022338867,1,1.067007064819336,7.7192230224609375,0.1630382537841797,8.952195167541504
dataset/test/Tomato_Healthy_leaf/h1_change_90_aug_13aug108.jpg,Tomato_Healthy_leaf,Tomato_Healthy_leaf,0.9999998807907104,1,1.192082405090332,7.756890296936035,0.16363048553466797,9.115215301513672
dataset/test/Tomato_Healthy_leaf/h1_change_90aug6.jpg,Tomato_Healthy_leaf,Tomato_Healthy_leaf,0.9999992847442627,1,1.1261186599731445,8.69804573059082,0.1616687774658203,9.98868465423584
dataset/test/Tomato_Healthy_leaf/h39_change_270aug48.jpg,Tomato_Healthy_leaf,Tomato_Healthy_leaf,0.999539852142334,1,1.0857477188110352,7.968669891357422,0.16376018524169922,9.220918655395508
dataset/test/Tomato_Healthy_leaf/h39_hight_aug_40aug96.jpg,Tomato_Healthy_leaf,Tomato_Healthy_leaf,0.9999176263809204,1,1.1140451431274414,8.043355941772461,0.16464805603027344,9.32468032836914
dataset/test/Tomato_Healthy_leaf/h39_hight_aug_41aug98.jpg,Tomato_Healthy_leaf,Tomato_Healthy_leaf,0.9999985694885254,1,1.079249382019043,8.141022682189941,0.16676044464111328,9.389753341674805
dataset/test/Tomato_Healthy_leaf/h39_hightaug20.jpg,Tomato_Healthy_leaf,Tomato_Healthy_leaf,0.9999916553497314,1,1.0831384658813477,8.119096755981445,0.16485214233398438,9.369791030883789
dataset/test/Tomato_Healthy_leaf/h39_lower_aug_30aug95.jpg,Tomato_Healthy_leaf,Tomato_Healthy_leaf,0.9956638216972351,1,1.1372489929199219,8.44909954071045,0.16559410095214844,9.754684448242188
dataset/test/Tomato_Healthy_leaf/h39_lower_aug_31aug89.jpg,Tomato_Healthy_leaf,Tomato_Healthy_leaf,0.993869423866272,1,1.101008415222168,8.101690292358398,0.16281604766845703,9.368587493896484
dataset/test/Tomato_Healthy_leaf/h39_loweraug15.jpg,Tomato_Healthy_leaf,Tomato_Healthy_leaf,0.9951280355453491,1,1.0944881439208984,8.104430198669434,0.1630382537841797,9.364643096923828
dataset/test/Tomato_Healthy_leaf/h3_aug_8aug57.jpg,Tomato_Healthy_leaf,Tomato_Healthy_leaf,1.0,1,1.1156949996948242,8.043448448181152,0.16516685485839844,9.327217102050781
dataset/test/Tomato_Healthy_leaf/h3_aug_9aug54.jpg,Tomato_Healthy_leaf,Tomato_Healthy_leaf,1.0,1,1.094970703125,8.116170883178711,0.15555667877197266,9.368903160095215
dataset/test/Tomato_Healthy_leaf/h3_mirror_aug_52aug84.jpg,Tomato_Healthy_leaf,Tomato_Healthy_leaf,1.0,1,1.0491008758544922,7.837279319763184,0.16379833221435547,9.05276870727539
dataset/test/Tomato_Healthy_leaf/h3_mirror_aug_53aug80.jpg,Tomato_Healthy_leaf,Tomato_Healthy_leaf,1.0,1,1.2090272903442383,7.957354545593262,0.16768550872802734,9.336679458618164
dataset/test/Tomato_Healthy_leaf/h3_mirroraug26.jpg,Tomato_Healthy_leaf,Tomato_Healthy_leaf,1.0,1,1.063044548034668,8.293950080871582,0.16450023651123047,9.524218559265137
dataset/test/Tomato_Healthy_leaf/h3aug4.jpg,Tomato_Healthy_leaf,Tomato_Healthy_leaf,1.0,1,1.079916000366211,7.9235029220581055,0.15977859497070312,9.16630744934082
dataset/test/Tomato_Healthy_leaf/h45_mirror_verticalaug42.jpg,Tomato_Healthy_leaf,Tomato_Healthy_leaf,0.9999998807907104,1,1.1012687683105469,7.873594284057617,0.1644449234008789,9.142362594604492
dataset/test/Tomato_Healthy_leaf/h49_change_90aug49.jpg,Tomato_Healthy_leaf,Tomato_Healthy_leaf,0.999996542930603,1,1.0527114868164062,8.00250244140625,0.1596851348876953,9.217844009399414
dataset/test/Tomato_Healthy_leaf/h50_hight_aug_68aug69.jpg,Tomato_Healthy_leaf,Tomato_Healthy_leaf,0.9999982118606567,1,1.0042486190795898,7.782483100891113,0.15970420837402344,8.949287414550781
dataset/test/Tomato_Healthy_leaf/h50_hight_aug_69aug61.jpg,Tomato_Healthy_leaf,Tomato_Healthy_leaf,0.9999984502792358,1,1.026951789855957,7.911297798156738,0.15513038635253906,9.096085548400879
dataset/test/Tomato_Healthy_leaf/h50_hightaug34.jpg,Tomato_Healthy_leaf,Tomato_Healthy_leaf,0.9999872446060181,1,1.0450820922851562,7.9419660568237305,0.15737152099609375,9.147103309631348
dataset/test/Tomato_Healthy_leaf/h50_lower_aug_66aug65.jpg,Tomato_Healthy_leaf,Tomato_Healthy_leaf,0.9999996423721313,1,1.1411371231079102,7.6521501541137695,0.16344547271728516,8.959399223327637
dataset/test/Tomato_Healthy_leaf/h50_lower_aug_67aug70.jpg,Tomato_Healthy_leaf,Tomato_Healthy_leaf,0.9999994039535522,1,1.028193473815918,7.714334487915039,0.1621112823486328,8.907195091247559
dataset/test/Tomato_Healthy_leaf/h50_loweraug33.jpg,Tomato_Healthy_leaf,Tomato_Healthy_leaf,1.0,1,1.0758781433105469,7.793964385986328,0.20177841186523438,9.07523250579834
dataset/test/Tomato_Healthy_leaf/h50_mirror_vertical_aug_24aug111.jpg,Tomato_Healthy_leaf,Tomato_Healthy_leaf,0.9999998807907104,1,1.0251007080078125,7.795668601989746,0.16009235382080078,8.983529090881348
dataset/test/Tomato_Healthy_leaf/h50_mirror_vertical_aug_25aug100.jpg,Tomato_Healthy_leaf,Tomato_Healthy_leaf,0.9999998807907104,1,1.0375261306762695,7.95626163482666,0.16653919219970703,9.163142204284668
dataset/test/Tomato_Healthy_leaf/h50_mirror_verticalaug12.jpg,Tomato_Healthy_leaf,Tomato_Healthy_leaf,0.9999992847442627,1,1.0509700775146484,9.294254302978516,0.2054452896118164,10.553706169128418
dataset/test/Tomato_Healthy_leaf/h50aug37.jpg,Tomato_Healthy_leaf,Tomato_Healthy_leaf,1.0,1,1.417306900024414,11.00671100616455,0.2044830322265625,12.632278442382812
dataset/test/Tomato_Healthy_leaf/h5_mirroraug41.jpg,Tomato_Healthy_leaf,Tomato_Healthy_leaf,1.0,1,1.420454978942871,10.99258041381836,0.20514965057373047,12.621463775634766
dataset/test/Tomato_Healthy_leaf/h65_mirror_vertical_aug_26aug97.jpg,Tomato_Healthy_leaf,Tomato_Healthy_leaf,0.9998440742492676,1,1.470454216003418,11.113526344299316,0.20424175262451172,12.791852951049805
dataset/test/Tomato_Healthy_leaf/h65_mirror_vertical_aug_27aug106.jpg,Tomato_Healthy_leaf,Tomato_Healthy_leaf,0.9999697208404541,1,1.454233169555664,11.114119529724121,0.1969461441040039,12.768316268920898
dataset/test/Tomato_Healthy_leaf/h65_mirror_verticalaug13.jpg,Tomato_Healthy_leaf,Tomato_Healthy_leaf,0.9999970197677612,1,1.4466781616210938,11.065580368041992,0.20418643951416016,12.719852447509766
dataset/test/Tomato_Healthy_leaf/h71_mirror_aug_62aug66.jpg,Tomato_Healthy_leaf,Tomato_Healthy_leaf,1.0,1,1.4238996505737305,11.019673347473145,0.2053356170654297,12.652666091918945
dataset/test/Tomato_Healthy_leaf/h71_mirror_aug_63aug67.jpg,Tomato_Healthy_leaf,Tomato_Healthy_leaf,1.0,1,1.4626035690307617,11.02291488647461,0.20559406280517578,12.695018768310547
dataset/test/Tomato_Healthy_leaf/h71_mirroraug31.jpg,Tomato_Healthy_leaf,Tomato_Healthy_leaf,1.0,1,1.417806625366211,9.698016166687012,0.15857505798339844,11.277823448181152
dataset/test/Tomato_Healthy_leaf/h76_hight_aug_34aug88.jpg,Tomato_Healthy_leaf,Tomato_Healthy_leaf,0.9999998807907104,1,1.160731315612793,7.596648216247559,0.16588973999023438,8.926602363586426
dataset/test/Tomato_Healthy_leaf/h76_hight_aug_35aug93.jpg,Tomato_Healthy_leaf,Tomato_Healthy_leaf,0.9999942779541016,1,1.0372114181518555,7.738185882568359,0.15939044952392578,8.937862396240234
dataset/test/Tomato_Healthy_leaf/h76_hightaug17.jpg,Tomato_Healthy_leaf,Tomato_Healthy_leaf,0.9999903440475464,1,1.0475082397460938,7.728446960449219,0.15859413146972656,8.937342643737793
dataset/test/Tomato_Healthy_leaf/h78_change_270_aug_36aug94.jpg,Tomato_Healthy_leaf,Tomato_Healthy_leaf,0.9999821186065674,1,1.0667486190795898,7.89716911315918,0.1590747833251953,9.125639915466309
dataset/test/Tomato_Healthy_leaf/h78_change_270_aug_37aug99.jpg,Tomato_Healthy_leaf,Tomato_Healthy_leaf,0.9999912977218628,1,1.04010009765625,7.745612144470215,0.15781688690185547,8.946566581726074
dataset/test/Tomato_Healthy_leaf/h78_change_270aug18.jpg,Tomato_Healthy_leaf,Tomato_Healthy_leaf,0.999961256980896,1,1.0313215255737305,7.697796821594238,0.15731525421142578,8.88923168182373
dataset/test/Tomato_Healthy_leaf/h7_lower_aug_44aug87.jpg,Tomato_Healthy_leaf,Tomato_Healthy_leaf,0.9995453953742981,1,1.068730354309082,7.741130828857422,0.151092529296875,8.96330738067627
dataset/test/Tomato_Healthy_leaf/h7_lower_aug_45aug79.jpg,Tomato_Healthy_leaf,Tomato_Healthy_leaf,0.9994138479232788,1,1.0589332580566406,7.4874067306518555,0.1600198745727539,8.70904541015625
dataset/test/Tomato_Healthy_leaf/h7_loweraug22.jpg,Tomato_Healthy_leaf,Tomato_Healthy_leaf,0.9999709129333496,1,1.1859149932861328,7.63968563079834,0.15876007080078125,8.987343788146973
dataset/test/Tomato_Healthy_leaf/h81_change_180_aug_16aug113.jpg,Tomato_Healthy_leaf,Tomato_Healthy_leaf,0.9999994039535522,1,1.0439157485961914,7.854428291320801,0.16272258758544922,9.064103126525879
dataset/test/Tomato_Healthy_leaf/h81_change_180_aug_17aug117.jpg,Tomato_Healthy_leaf,Tomato_Healthy_leaf,0.9999953508377075,1,1.0764884948730469,7.753852844238281,0.15896320343017578,8.991899490356445
dataset/test/Tomato_Healthy_leaf/h81_change_180aug8.jpg,Tomato_Healthy_leaf,Tomato_Healthy_leaf,0.9999947547912598,1,1.0960273742675781,8.041670799255371,0.1640005111694336,9.304364204406738
dataset/test/Tomato_Healthy_leaf/h84_mirroraug40.jpg,Tomato_Healthy_leaf,Tomato_Healthy_leaf,0.9999929666519165,1,1.1092863082885742,8.153282165527344,0.16463184356689453,9.429940223693848
dataset/test/Tomato_Healthy_leaf/h8_change_90aug35.jpg,Tomato_Healthy_leaf,Tomato_Healthy_leaf,0.9999372959136963,1,1.0880632400512695,7.857724189758301,0.16874122619628906,9.117140769958496
dataset/test/Tomato_Healthy_leaf/h95_mirror_verticalaug46.jpg,Tomato_Healthy_leaf,Tomato_Healthy_leaf,0.8812649846076965,1,1.2158985137939453,7.870150566101074,0.1631307601928711,9.25227165222168
dataset/test/Tomato_Healthy_leaf/h96_change_270aug47.jpg,Tomato_Healthy_leaf,Tomato_Healthy_leaf,0.9990293979644775,1,1.0793228149414062,8.00153923034668,0.16376018524169922,9.247271537780762
dataset/test/Tomato_Healthy_leaf/h96_mirror_vertical_aug_14aug107.jpg,Tomato_Healthy_leaf,Tomato_Healthy_leaf,0.9999994039535522,1,1.0808048248291016,8.08430004119873,0.16333580017089844,9.331217765808105
dataset/test/Tomato_Healthy_leaf/h96_mirror_vertical_aug_15aug112.jpg,Tomato_Healthy_leaf,Tomato_Healthy_leaf,0.9999998807907104,1,1.111323356628418,8.08755874633789,0.1630573272705078,9.365049362182617
dataset/test/Tomato_Healthy_leaf/h96_mirror_verticalaug7.jpg,Tomato_Healthy_leaf,Tomato_Healthy_leaf,0.9999997615814209,1,1.078582763671875,8.065577507019043,0.16327857971191406,9.310310363769531
dataset/test/Tomato_Healthy_leaf/h99_hight_aug_32aug92.jpg,Tomato_Healthy_leaf,Tomato_Healthy_leaf,0.9982920289039612,1,1.1011009216308594,8.05829906463623,0.16474151611328125,9.327383041381836
dataset/test/Tomato_Healthy_leaf/h99_hight_aug_33aug101.jpg,Tomato_Healthy_leaf,Tomato_Healthy_leaf,0.9997087121009827,1,1.1336565017700195,8.08755874633789,0.16379833221435547,9.388142585754395
dataset/test/Tomato_Healthy_leaf/h99_hightaug16.jpg,Tomato_Healthy_leaf,Tomato_Healthy_leaf,0.9999704360961914,1,1.0825824737548828,8.08609676361084,0.16488933563232422,9.336605072021484
dataset/test/Tomato_Healthy_leaf/h99_lower_aug_46aug78.jpg,Tomato_Healthy_leaf,Tomato_Healthy_leaf,0.939891517162323,1,1.1099519729614258,8.065337181091309,0.16307449340820312,9.3414945602417
dataset/test/Tomato_Healthy_leaf/h99_lower_aug_47aug81.jpg,Tomato_Healthy_leaf,Tomato_Healthy_leaf,0.9997465014457703,1,1.1341190338134766,8.053262710571289,0.15809345245361328,9.348217964172363
dataset/test/Tomato_Healthy_leaf/h99_loweraug23.jpg,Tomato_Healthy_leaf,Tomato_Healthy_leaf,0.9484300017356873,1,1.105860710144043,16.779308319091797,0.16509342193603516,18.053447723388672
dataset/test/Tomato_Healthy_leaf/h9_change_180_aug_48aug86.jpg,Tomato_Healthy_leaf,Tomato_Healthy_leaf,0.9999687671661377,1,1.1043977737426758,11.750160217285156,0.16692733764648438,13.024152755737305
dataset/test/Tomato_Healthy_leaf/h9_change_180_aug_49aug85.jpg,Tomato_Healthy_leaf,Tomato_Healthy_leaf,0.999988317489624,1,1.133286476135254,8.120244979858398,0.15451908111572266,9.410531997680664
dataset/test/Tomato_Healthy_leaf/h9_change_180aug24.jpg,Tomato_Healthy_leaf,Tomato_Healthy_leaf,0.9999924898147583,1,1.070953369140625,7.916687965393066,0.16576004028320312,9.156549453735352
dataset/test/Tomato_Healthy_leaf/russian-2-319-dt-2010-leaves-high-tunnel-9-29-2014-c_jpg.rf.7ef5d3901dbeaf27776a27bfc8197b72_aug_0aug52.jpg,Tomato_Healthy_leaf,Tomato_Healthy_leaf,0.9740158319473267,1,1.2630643844604492,15.765318870544434,0.1660938262939453,17.19745922088623
dataset/test/Tomato_Healthy_leaf/russian-2-319-dt-2010-leaves-high-tunnel-9-29-2014-c_jpg.rf.7ef5d3901dbeaf27776a27bfc8197b72_aug_1aug58.jpg,Tomato_Healthy_leaf,Tomato_Healthy_leaf,0.9943845272064209,1,1.2398414611816406,17.679129600524902,0.17539024353027344,19.097046852111816
dataset/test/Tomato_Healthy_leaf/russian-2-319-dt-2010-leaves-high-tunnel-9-29-2014-c_jpg.rf.7ef5d3901dbeaf27776a27bfc8197b72aug0.jpg,Tomato_Healthy_leaf,Tomato_Healthy_leaf,0.9876418113708496,1,1.1846942901611328,17.301849365234375,0.1683349609375,18.65793228149414
dataset/test/Tomato_Healthy_leaf/unnamed_aug_64aug64.jpg,Tomato_Healthy_leaf,Tomato_Healthy_leaf,0.9390348792076111,1,1.0912294387817383,8.221707344055176,0.17003822326660156,9.4859037399292
dataset/test/Tomato_Healthy_leaf/unnamed_aug_65aug60.jpg,Tomato_Healthy_leaf,Tomato_Healthy_leaf,0.9912871718406677,1,1.1780824661254883,8.371709823608398,0.1654825210571289,9.718034744262695
dataset/test/Tomato_Healthy_leaf/unnamedaug32.jpg,Tomato_Healthy_leaf,Tomato_Healthy_leaf,0.9874588251113892,1,1.0887680053710938,8.25772762298584,0.1652984619140625,9.514273643493652
dataset/test/Tomato_Septoria_leaf_spot/1723454507354_aug_44aug83.jpg,Tomato_Septoria_leaf_spot,Tomato_Septoria_leaf_spot,0.9999996423721313,1,1.0987663269042969,8.205838203430176,0.16142749786376953,9.468977928161621
dataset/test/Tomato_Septoria_leaf_spot/1723454507354_aug_45aug80.jpg,Tomato_Septoria_leaf_spot,Tomato_Septoria_leaf_spot,0.9999988079071045,1,1.118082046508789,8.018319129943848,0.3140592575073242,9.453495025634766
dataset/test/Tomato_Septoria_leaf_spot/1723454507354aug22.jpg,Tomato_Septoria_leaf_spot,Tomato_Septoria_leaf_spot,0.9999980926513672,1,1.0589714050292969,8.108170509338379,0.17335224151611328,9.343734741210938
dataset/test/Tomato_Septoria_leaf_spot/1723454507465_aug_58aug67.jpg,Tomato_Septoria_leaf_spot,Tomato_Septoria_leaf_spot,0.9958916902542114,1,1.1465635299682617,8.262763977050781,0.2005014419555664,9.6126070022583
dataset/test/Tomato_Septoria_leaf_spot/1723454507465_aug_59aug66.jpg,Tomato_Septoria_leaf_spot,Tomato_Septoria_leaf_spot,0.916136622428894,1,1.133620262145996,8.275543212890625,0.1651325225830078,9.577069282531738
dataset/test/Tomato_Septoria_leaf_spot/1723454507465aug29.jpg,Tomato_Septoria_leaf_spot,Tomato_Early_blight_leaf,0.5602030158042908,0,1.1218786239624023,7.931927680969238,0.16309452056884766,9.219734191894531
dataset/test/Tomato_Septoria_leaf_spot/5454635393351680.jpeg_aug_14aug115.jpg,Tomato_Septoria_leaf_spot,Tomato_Septoria_leaf_spot,0.9745292067527771,1,1.1129341125488281,7.929244041442871,0.19137287139892578,9.236309051513672
dataset/test/Tomato_Septoria_leaf_spot/5454635393351680.jpeg_aug_15aug46.jpg,Tomato_Septoria_leaf_spot,Tomato_Septoria_leaf_spot,0.8652110695838928,1,1.0593795776367188,7.92972469329834,0.15002059936523438,9.14160442352295
dataset/test/Tomato_Septoria_leaf_spot/5454635393351680.jpegaug7.jpg,Tomato_Septoria_leaf_spot,Tomato_Septoria_leaf_spot,0.9816044569015503,1,1.047581672668457,7.77366828918457,0.16276168823242188,8.98673152923584
dataset/test/Tomato_Septoria_leaf_spot/6134794031202304-600x272-jpeg_jpg.rf.5482c323fe160b26426628094ae3646baug42.jpg,Tomato_Septoria_leaf_spot,Tomato_Septoria_leaf_spot,0.9996354579925537,1,1.221674919128418,7.723184585571289,0.17087078094482422,9.119122505187988
dataset/test/Tomato_Septoria_leaf_spot/66e7583ebe11cf0bd06435e4167bd4fdaug41.jpg,Tomato_Septoria_leaf_spot,Tomato_Septoria_leaf_spot,0.9723808169364929,1,1.1116561889648438,7.949726104736328,0.16298389434814453,9.227105140686035
dataset/test/Tomato_Septoria_leaf_spot/8_20mistakes_204_aug_72aug61.jpg,Tomato_Septoria_leaf_spot,Tomato_leaf_late_blight,0.3649146258831024,0,1.0728225708007812,7.893946647644043,0.1620931625366211,9.131808280944824
dataset/test/Tomato_Septoria_leaf_spot/8_20mistakes_204_aug_73aug62.jpg,Tomato_Septoria_leaf_spot,Tomato_mold_leaf,0.6903514266014099,0,1.0891199111938477,7.96431827545166,0.16224193572998047,9.218475341796875
dataset/test/Tomato_Septoria_leaf_spot/8_20mistakes_204aug36.jpg,Tomato_Septoria_leaf_spot,Tomato_mold_leaf,0.974578320980072,0,1.109527587890625,8.360116958618164,0.16240882873535156,9.634477615356445
dataset/test/Tomato_Septoria_leaf_spot/Gls11_mirror_vertical_aug_42aug85.jpg,Tomato_Septoria_leaf_spot,Tomato_Septoria_leaf_spot,0.9996089339256287,1,1.0614519119262695,8.031538963317871,0.16790771484375,9.263364791870117
dataset/test/Tomato_Septoria_leaf_spot/Gls11_mirror_vertical_aug_43aug86.jpg,Tomato_Septoria_leaf_spot,Tomato_Septoria_leaf_spot,0.997980535030365,1,1.0627107620239258,8.006187438964844,0.20565032958984375,9.277918815612793
dataset/test/Tomato_Septoria_leaf_spot/Gls11_mirror_verticalaug21.jpg,Tomato_Septoria_leaf_spot,Tomato_Septoria_leaf_spot,0.998488187789917,1,1.2093420028686523,9.600571632385254,0.16831588745117188,10.98150634765625
dataset/test/Tomato_Septoria_leaf_spot/Gls12_mirror_aug_46aug81.jpg,Tomato_Septoria_leaf_spot,Tomato_Septoria_leaf_spot,0.9999862909317017,1,1.1027860641479492,9.565422058105469,0.1680011749267578,10.838671684265137
dataset/test/Tomato_Septoria_leaf_spot/Gls12_mirror_aug_47aug92.jpg,Tomato_Septoria_leaf_spot,Tomato_Septoria_leaf_spot,0.9999099969863892,1,1.120896339416504,14.443458557128906,0.16931629180908203,15.736745834350586
dataset/test/Tomato_Septoria_leaf_spot/Gls12_mirroraug23.jpg,Tomato_Septoria_leaf_spot,Tomato_Septoria_leaf_spot,0.9999921321868896,1,1.1849899291992188,13.077855110168457,0.16853904724121094,14.434550285339355
dataset/test/Tomato_Septoria_leaf_spot/Gls1_mirror_aug_38aug82.jpg,Tomato_Septoria_leaf_spot,Tomato_Septoria_leaf_spot,0.9981603026390076,1,1.321639060974121,9.275215148925781,0.16900157928466797,10.76861572265625
dataset/test/Tomato_Septoria_leaf_spot/Gls1_mirror_aug_39aug84.jpg,Tomato_Septoria_leaf_spot,Tomato_Septoria_leaf_spot,0.9999182224273682,1,1.0993223190307617,8.354171752929688,0.16718673706054688,9.623533248901367
dataset/test/Tomato_Septoria_leaf_spot/Gls1_mirroraug19.jpg,Tomato_Septoria_leaf_spot,Tomato_Septoria_leaf_spot,0.9995269775390625,1,1.142324447631836,8.5083589553833,0.16714954376220703,9.820720672607422
dataset/test/Tomato_Septoria_leaf_spot/Gls21_change_270aug43.jpg,Tomato_Septoria_leaf_spot,Tomato_leaf_late_blight,0.8680030703544617,0,1.0935077667236328,8.345245361328125,0.16809463500976562,9.610440254211426
dataset/test/Tomato_Septoria_leaf_spot/Gls21_hight_aug_56aug78.jpg,Tomato_Septoria_leaf_spot,Tomato_Septoria_leaf_spot,0.9999997615814209,1,1.1470088958740234,8.388245582580566,0.17228031158447266,9.710367202758789
dataset/test/Tomato_Septoria_leaf_spot/Gls21_hight_aug_57aug79.jpg,Tomato_Septoria_leaf_spot,Tomato_Septoria_leaf_spot,0.9999675750732422,1,1.0939903259277344,8.024076461791992,0.1620197296142578,9.282976150512695
dataset/test/Tomato_Septoria_leaf_spot/Gls21_hightaug28.jpg,Tomato_Septoria_leaf_spot,Tomato_Septoria_leaf_spot,0.9999638795852661,1,1.0678606033325195,8.05844783782959,0.15400028228759766,9.282808303833008
dataset/test/Tomato_Septoria_leaf_spot/Gls29_change_180_aug_40aug89.jpg,Tomato_Septoria_leaf_spot,Tomato_Septoria_leaf_spot,0.9996306896209717,1,1.0923233032226562,8.008466720581055,0.16550159454345703,9.269197463989258
dataset/test/Tomato_Septoria_leaf_spot/Gls29_change_180_aug_41aug91.jpg,Tomato_Septoria_leaf_spot,Tomato_Septoria_leaf_spot,0.9998195767402649,1,1.1840267181396484,8.024540901184082,0.16544628143310547,9.377531051635742
dataset/test/Tomato_Septoria_leaf_spot/Gls29_change_180aug20.jpg,Tomato_Septoria_leaf_spot,Tomato_Septoria_leaf_spot,0.9998645782470703,1,1.0808982849121094,7.969020843505859,0.16414928436279297,9.216456413269043
dataset/test/Tomato_Septoria_leaf_spot/Gls36_hight_aug_20aug116.jpg,Tomato_Septoria_leaf_spot,Tomato_Septoria_leaf_spot,0.9954153299331665,1,1.1079139709472656,8.064262390136719,0.16357421875,9.338717460632324
dataset/test/Tomato_Septoria_leaf_spot/Gls36_hight_aug_21aug118.jpg,Tomato_Septoria_leaf_spot,Tomato_Septoria_leaf_spot,0.9853458404541016,1,1.0504150390625,8.05322551727295,0.16385269165039062,9.270234107971191
dataset/test/Tomato_Septoria_leaf_spot/Gls36_hightaug10.jpg,Tomato_Septoria_leaf_spot,Tomato_Septoria_leaf_spot,0.9982376098632812,1,1.0559520721435547,8.939046859741211,0.19961261749267578,10.197667121887207
dataset/test/Tomato_Septoria_leaf_spot/Gls41_change_270_aug_50aug90.jpg,Tomato_Septoria_leaf_spot,Tomato_Healthy_leaf,0.9974809288978577,0,1.1238231658935547,8.064558029174805,0.16407489776611328,9.355550765991211
dataset/test/Tomato_Septoria_leaf_spot/Gls41_change_270_aug_51aug77.jpg,Tomato_Septoria_leaf_spot,Tomato_Septoria_leaf_spot,0.9936738014221191,1,1.1101369857788086,8.109391212463379,0.16342830657958984,9.385568618774414
dataset/test/Tomato_Septoria_leaf_spot/Gls41_change_270aug25.jpg,Tomato_Septoria_leaf_spot,Tomato_Septoria_leaf_spot,0.8436708450317383,1,1.128453254699707,8.096707344055176,0.1662607192993164,9.393884658813477
dataset/test/Tomato_Septoria_leaf_spot/Gls43_change_90_aug_60aug75.jpg,Tomato_Septoria_leaf_spot,Tomato_Septoria_leaf_spot,0.9823790192604065,1,1.0654888153076172,8.200929641723633,0.2232980728149414,9.492735862731934
dataset/test/Tomato_Septoria_leaf_spot/Gls43_change_90_aug_61aug73.jpg,Tomato_Septoria_leaf_spot,Tomato_Septoria_leaf_spot,0.9899444580078125,1,1.053044319152832,8.004206657409668,0.16681575775146484,9.226678848266602
dataset/test/Tomato_Septoria_leaf_spot/Gls43_change_90aug30.jpg,Tomato_Septoria_leaf_spot,Tomato_Septoria_leaf_spot,0.9573286771774292,1,1.147730827331543,8.071300506591797,0.16770458221435547,9.389198303222656
dataset/test/Tomato_Septoria_leaf_spot/Gls46_change_90_aug_6aug53.jpg,Tomato_Septoria_leaf_spot,Tomato_Septoria_leaf_spot,0.9998408555984497,1,1.1024160385131836,8.121150970458984,0.1748342514038086,9.401606559753418
dataset/test/Tomato_Septoria_leaf_spot/Gls46_change_90_aug_7aug56.jpg,Tomato_Septoria_leaf_spot,Tomato_Septoria_leaf_spot,0.996819019317627,1,1.1213788986206055,8.13226318359375,0.1647968292236328,9.421440124511719
dataset/test/Tomato_Septoria_leaf_spot/Gls46_change_90aug3.jpg,Tomato_Septoria_leaf_spot,Tomato_Septoria_leaf_spot,0.998177170753479,1,1.140212059020996,8.146597862243652,0.16514968872070312,9.454679489135742
dataset/test/Tomato_Septoria_leaf_spot/Gls47aug44.jpg,Tomato_Septoria_leaf_spot,Tomato_Septoria_leaf_spot,0.998776376247406,1,1.1014337539672852,8.104393005371094,0.1719646453857422,9.380661010742188
dataset/test/Tomato_Septoria_leaf_spot/Gls76_aug_34aug97.jpg,Tomato_Septoria_leaf_spot,Tomato_mold_leaf,0.8729784488677979,0,1.0930261611938477,8.1514310836792,0.17357635498046875,9.42138385772705
dataset/test/Tomato_Septoria_leaf_spot/Gls76_aug_35aug103.jpg,Tomato_Septoria_leaf_spot,Tomato_mold_leaf,0.8318704962730408,0,1.1416196823120117,8.257319450378418,0.16716670989990234,9.569014549255371
dataset/test/Tomato_Septoria_leaf_spot/Gls76_change_180_aug_30aug96.jpg,Tomato_Septoria_leaf_spot,Tomato_mold_leaf,0.9970753192901611,0,1.0840826034545898,8.036152839660645,0.17164993286132812,9.29545783996582
dataset/test/Tomato_Septoria_leaf_spot/Gls76_change_180_aug_31aug100.jpg,Tomato_Septoria_leaf_spot,Tomato_mold_leaf,0.7382680773735046,0,1.1040267944335938,8.232337951660156,0.16033363342285156,9.499161720275879
dataset/test/Tomato_Septoria_leaf_spot/Gls76_change_180aug15.jpg,Tomato_Septoria_leaf_spot,Tomato_mold_leaf,0.9700931310653687,0,1.1192293167114258,8.539563179016113,0.18146419525146484,9.843146324157715
dataset/test/Tomato_Septoria_leaf_spot/Gls76aug17.jpg,Tomato_Septoria_leaf_spot,Tomato_mold_leaf,0.9968982934951782,0,1.0777301788330078,8.035651206970215,0.15538978576660156,9.271289825439453
dataset/test/Tomato_Septoria_leaf_spot/Gls7_change_270_aug_64aug68.jpg,Tomato_Septoria_leaf_spot,Tomato_Septoria_leaf_spot,0.9989896416664124,1,1.0975446701049805,7.8665571212768555,0.16640853881835938,9.133511543273926
dataset/test/Tomato_Septoria_leaf_spot/Gls7_change_270_aug_65aug71.jpg,Tomato_Septoria_leaf_spot,Tomato_Septoria_leaf_spot,0.9983924031257629,1,1.091064453125,7.921392440795898,0.16372299194335938,9.178956031799316
dataset/test/Tomato_Septoria_leaf_spot/Gls7_change_270aug32.jpg,Tomato_Septoria_leaf_spot,Tomato_Septoria_leaf_spot,0.9989690780639648,1,1.121953010559082,8.171171188354492,0.17166805267333984,9.467495918273926
dataset/test/Tomato_Septoria_leaf_spot/Gls7_lower_aug_0aug57.jpg,Tomato_Septoria_leaf_spot,Tomato_Septoria_leaf_spot,0.9960582256317139,1,1.0977306365966797,8.11504077911377,0.1706686019897461,9.386994361877441
dataset/test/Tomato_Septoria_leaf_spot/Gls7_lower_aug_1aug52.jpg,Tomato_Septoria_leaf_spot,Tomato_Septoria_leaf_spot,0.998970627784729,1,1.0979909896850586,8.04287338256836,0.17289066314697266,9.316865921020508
dataset/test/Tomato_Septoria_leaf_spot/Gls7_loweraug0.jpg,Tomato_Septoria_leaf_spot,Tomato_Septoria_leaf_spot,0.9902961850166321,1,1.085007667541504,7.99583625793457,0.1642608642578125,9.24786376953125
dataset/test/Tomato_Septoria_leaf_spot/Gls81_lower_aug_2aug51.jpg,Tomato_Septoria_leaf_spot,Tomato_Septoria_leaf_spot,0.999434769153595,1,1.026026725769043,8.020355224609375,0.214019775390625,9.263216018676758
dataset/test/Tomato_Septoria_leaf_spot/Gls81_lower_aug_3aug54.jpg,Tomato_Septoria_leaf_spot,Tomato_Septoria_leaf_spot,0.9985274076461792,1,1.0444707870483398,8.21883773803711,0.1790943145751953,9.446125030517578
dataset/test/Tomato_Septoria_leaf_spot/Gls81_loweraug1.jpg,Tomato_Septoria_leaf_spot,Tomato_Septoria_leaf_spot,0.9999731779098511,1,1.065230369567871,8.12141227722168,0.18579769134521484,9.376124382019043
dataset/test/Tomato_Septoria_leaf_spot/IMG-20240812-WA0213_aug_70aug59.jpg,Tomato_Septoria_leaf_spot,Tomato_Early_blight_leaf,0.9996036887168884,0,1.1921749114990234,8.207764625549316,0.1652984619140625,9.567902565002441
dataset/test/Tomato_Septoria_leaf_spot/IMG-20240812-WA0213_aug_71aug60.jpg,Tomato_Septoria_leaf_spot,Tomato_Early_blight_leaf,0.9987797141075134,0,1.1353416442871094,8.24046802520752,0.1653900146484375,9.543754577636719
dataset/test/Tomato_Septoria_leaf_spot/IMG-20240812-WA0213aug35.jpg,Tomato_Septoria_leaf_spot,Tomato_Early_blight_leaf,0.9995207786560059,0,1.1415643692016602,8.169153213500977,0.16463088989257812,9.47801399230957
dataset/test/Tomato_Septoria_leaf_spot/Original_e-blight.JPG.rend.hgtvcom.966.725.jpeg_aug_52aug74.jpg,Tomato_Septoria_leaf_spot,Tomato_Septoria_leaf_spot,0.999990701675415,1,1.1467304229736328,8.180227279663086,0.16448116302490234,9.493884086608887
dataset/test/Tomato_Septoria_leaf_spot/Original_e-blight.JPG.rend.hgtvcom.966.725.jpeg_aug_53aug76.jpg,Tomato_Septoria_leaf_spot,Tomato_Septoria_leaf_spot,0.9999562501907349,1,1.1108970642089844,8.199874877929688,0.16644573211669922,9.47997760772705
dataset/test/Tomato_Septoria_leaf_spot/Original_e-blight.JPG.rend.hgtvcom.966.725.jpegaug26.jpg,Tomato_Septoria_leaf_spot,Tomato_Septoria_leaf_spot,0.999987006187439,1,1.1244897842407227,8.011189460754395,0.17063140869140625,9.309160232543945
dataset/test/Tomato_Septoria_leaf_spot/SS_ (990)_aug_24aug107.jpg,Tomato_Septoria_leaf_spot,Tomato_Septoria_leaf_spot,0.9999921321868896,1,1.139359474182129,8.231097221374512,0.1644268035888672,9.537699699401855
dataset/test/Tomato_Septoria_leaf_spot/SS_ (990)_aug_25aug113.jpg,Tomato_Septoria_leaf_spot,Tomato_Septoria_leaf_spot,0.9999867677688599,1,1.0906009674072266,8.013338088989258,0.16544628143310547,9.272011756896973
dataset/test/Tomato_Septoria_leaf_spot/SS_ (990)aug12.jpg,Tomato_Septoria_leaf_spot,Tomato_Septoria_leaf_spot,0.9999899864196777,1,1.1009521484375,8.11489200592041,0.20035266876220703,9.419218063354492
dataset/test/Tomato_Septoria_leaf_spot/Septoria_tomato_Margaret-20B_p8170755_0002_25004_jpg.rf.3fbb14d553c623c77f342b3a54baddab_aug_66aug70.jpg,Tomato_Septoria_leaf_spot,Tomato_Septoria_leaf_spot,0.7248223423957825,1,1.1747312545776367,8.154040336608887,0.16570377349853516,9.497532844543457
dataset/test/Tomato_Septoria_leaf_spot/Septoria_tomato_Margaret-20B_p8170755_0002_25004_jpg.rf.3fbb14d553c623c77f342b3a54baddab_aug_67aug63.jpg,Tomato_Septoria_leaf_spot,Tomato_Septoria_leaf_spot,0.5246067047119141,1,1.1444358825683594,8.190022468566895,0.1630563735961914,9.499903678894043
dataset/test/Tomato_Septoria_leaf_spot/Septoria_tomato_Margaret-20B_p8170755_0002_25004_jpg.rf.3fbb14d553c623c77f342b3a54baddabaug33.jpg,Tomato_Septoria_leaf_spot,Tomato_mold_leaf,0.8305373787879944,0,1.1633224487304688,8.150078773498535,0.1685934066772461,9.485051155090332
dataset/test/Tomato_Septoria_leaf_spot/Tomato-Plant-with-Septoria-Leaf-Spot_aug_68aug65.jpg,Tomato_Septoria_leaf_spot,Tomato_Septoria_leaf_spot,0.9775198101997375,1,1.1171932220458984,8.041818618774414,0.16544628143310547,9.327106475830078
dataset/test/Tomato_Septoria_leaf_spot/Tomato-Plant-with-Septoria-Leaf-Spot_aug_69aug64.jpg,Tomato_Septoria_leaf_spot,Tomato_Septoria_leaf_spot,0.8683420419692993,1,1.1809167861938477,7.961188316345215,0.17514991760253906,9.320383071899414
dataset/test/Tomato_Septoria_leaf_spot/Tomato-Plant-with-Septoria-Leaf-Spotaug34.jpg,Tomato_Septoria_leaf_spot,Tomato_Septoria_leaf_spot,0.7287920713424683,1,1.222304344177246,8.305245399475098,0.17114830017089844,9.70175552368164
dataset/test/Tomato_Septoria_leaf_spot/b54d0e40027ff5e90e8ba7e1e9abf9bdaug39.jpg,Tomato_Septoria_leaf_spot,Tomato_Septoria_leaf_spot,0.9865617156028748,1,1.0790081024169922,8.122115135192871,0.1766500473022461,9.380570411682129
dataset/test/Tomato_Septoria_leaf_spot/classic-septoria_aug_10aug48.jpg,Tomato_Septoria_leaf_spot,Tomato_Septoria_leaf_spot,0.9999909400939941,1,1.1496391296386719,8.119596481323242,0.165130615234375,9.437106132507324
dataset/test/Tomato_Septoria_leaf_spot/classic-septoria_aug_11aug49.jpg,Tomato_Septoria_leaf_spot,Tomato_Septoria_leaf_spot,0.9999997615814209,1,1.1789722442626953,8.34787654876709,0.17209434509277344,9.702384948730469
dataset/test/Tomato_Septoria_leaf_spot/classic-septoriaaug5.jpg,Tomato_Septoria_leaf_spot,Tomato_Septoria_leaf_spot,0.9999940395355225,1,1.2159719467163086,8.080780982971191,0.17592811584472656,9.476494789123535
dataset/test/Tomato_Septoria_leaf_spot/early+blight+on+leaf+yel+halo+IMG_2313.JPG_aug_62aug69.jpg,Tomato_Septoria_leaf_spot,Tomato_Septoria_leaf_spot,0.9999650716781616,1,1.1279535293579102,8.123188972473145,0.16394615173339844,9.418681144714355
dataset/test/Tomato_Septoria_leaf_spot/early+blight+on+leaf+yel+halo+IMG_2313.JPG_aug_63aug72.jpg,Tomato_Septoria_leaf_spot,Tomato_Septoria_leaf_spot,0.9999861717224121,1,1.1199140548706055,8.043670654296875,0.1653900146484375,9.331419944763184
dataset/test/Tomato_Septoria_leaf_spot/early+blight+on+leaf+yel+halo+IMG_2313.JPGaug31.jpg,Tomato_Septoria_leaf_spot,Tomato_Septoria_leaf_spot,0.9999837875366211,1,1.103266716003418,8.17693042755127,0.1701669692993164,9.453311920166016
dataset/test/Tomato_Septoria_leaf_spot/early-blight-of-tomato-tomato-1aug38.jpg,Tomato_Septoria_leaf_spot,Tomato_Septoria_leaf_spot,0.9989332556724548,1,1.1813793182373047,8.209949493408203,0.17488956451416016,9.569977760314941
dataset/test/Tomato_Septoria_leaf_spot/eblight5_aug_18aug110.jpg,Tomato_Septoria_leaf_spot,Tomato_Septoria_leaf_spot,0.9874945282936096,1,1.0644149780273438,8.02513313293457,0.17472457885742188,9.267142295837402
dataset/test/Tomato_Septoria_leaf_spot/eblight5_aug_19aug117.jpg,Tomato_Septoria_leaf_spot,Tomato_Septoria_leaf_spot,0.996843695640564,1,1.0720434188842773,8.144801139831543,0.16533374786376953,9.384957313537598
dataset/test/Tomato_Septoria_leaf_spot/eblight5aug9.jpg,Tomato_Septoria_leaf_spot,Tomato_Septoria_leaf_spot,0.8988379240036011,1,1.0934152603149414,8.182429313659668,0.16577911376953125,9.444199562072754
dataset/test/Tomato_Septoria_leaf_spot/images (1)_aug_54aug93.jpg,Tomato_Septoria_leaf_spot,Tomato_Septoria_leaf_spot,0.9811780452728271,1,1.079360008239746,8.199540138244629,0.16463088989257812,9.44667911529541
dataset/test/Tomato_Septoria_leaf_spot/images (1)_aug_55aug87.jpg,Tomato_Septoria_leaf_spot,Tomato_Septoria_leaf_spot,0.9923416376113892,1,1.0720443725585938,8.016817092895508,0.16585254669189453,9.2573823928833
dataset/test/Tomato_Septoria_leaf_spot/images (1)aug27.jpg,Tomato_Septoria_leaf_spot,Tomato_Septoria_leaf_spot,0.9836049675941467,1,1.118194580078125,8.189449310302734,0.18005752563476562,9.490976333618164
dataset/test/Tomato_Septoria_leaf_spot/tomato-blight-treatment-blight_jpg.rf.78cbf6055199828cb682fd0a6435a157_aug_74aug58.jpg,Tomato_Septoria_leaf_spot,Tomato_Septoria_leaf_spot,1.0,1,1.1015644073486328,8.0396146774292,0.1742420196533203,9.318364143371582
dataset/test/Tomato_Septoria_leaf_spot/tomato-blight-treatment-blight_jpg.rf.78cbf6055199828cb682fd0a6435a157aug37.jpg,Tomato_Septoria_leaf_spot,Tomato_Septoria_leaf_spot,0.9999992847442627,1,1.1016931533813477,8.136040687561035,0.1720571517944336,9.413105010986328
dataset/test/Tomato_Septoria_leaf_spot/tomato-early-blight-e1437503226856_aug_4aug50.jpg,Tomato_Septoria_leaf_spot,Tomato_Septoria_leaf_spot,0.9999197721481323,1,1.1547479629516602,8.064614295959473,0.17176055908203125,9.394366264343262
dataset/test/Tomato_Septoria_leaf_spot/tomato-early-blight-e1437503226856_aug_5aug55.jpg,Tomato_Septoria_leaf_spot,Tomato_Septoria_leaf_spot,0.9998680353164673,1,1.1405086517333984,8.2044677734375,0.1698160171508789,9.517755508422852
dataset/test/Tomato_Septoria_leaf_spot/tomato-early-blight-e1437503226856aug2.jpg,Tomato_Septoria_leaf_spot,Tomato_Septoria_leaf_spot,0.9998787641525269,1,1.1564531326293945,8.134690284729004,0.15998268127441406,9.453681945800781
dataset/test/Tomato_Septoria_leaf_spot/tomato-early-blightH_jpg.rf.2633fbae0a933eb2711cb8466f34aca1_aug_12aug119.jpg,Tomato_Septoria_leaf_spot,Tomato_Septoria_leaf_spot,0.9964271187782288,1,1.1581182479858398,8.017521858215332,0.1638164520263672,9.34227180480957
dataset/test/Tomato_Septoria_leaf_spot/tomato-early-blightH_jpg.rf.2633fbae0a933eb2711cb8466f34aca1_aug_13aug114.jpg,Tomato_Septoria_leaf_spot,Tomato_Septoria_leaf_spot,0.9993975162506104,1,1.1280632019042969,8.030837059020996,0.16483402252197266,9.326569557189941
dataset/test/Tomato_Septoria_leaf_spot/tomato-early-blightH_jpg.rf.2633fbae0a933eb2711cb8466f34aca1aug6.jpg,Tomato_Septoria_leaf_spot,Tomato_Septoria_leaf_spot,0.9992561936378479,1,1.1752681732177734,8.089004516601562,0.1670207977294922,9.433919906616211
dataset/test/Tomato_Septoria_leaf_spot/tomato-septoria-3-500x384_aug_32aug104.jpg,Tomato_Septoria_leaf_spot,Tomato_Septoria_leaf_spot,0.9999805688858032,1,1.0850639343261719,8.126781463623047,0.17548179626464844,9.390753746032715
dataset/test/Tomato_Septoria_leaf_spot/tomato-septoria-3-500x384_aug_33aug106.jpg,Tomato_Septoria_leaf_spot,Tomato_Septoria_leaf_spot,0.9999356269836426,1,1.109248161315918,8.188505172729492,0.16605663299560547,9.466568946838379
dataset/test/Tomato_Septoria_leaf_spot/tomato-septoria-3-500x384_jpg.rf.40a23512bd3b6d8df2115d7f591913fb_aug_16aug112.jpg,Tomato_Septoria_leaf_spot,Tomato_Septoria_leaf_spot,0.999893307685852,1,1.1297674179077148,8.18748664855957,0.17403793334960938,9.494292259216309
dataset/test/Tomato_Septoria_leaf_spot/tomato-septoria-3-500x384_jpg.rf.40a23512bd3b6d8df2115d7f591913fb_aug_17aug111.jpg,Tomato_Septoria_leaf_spot,Tomato_Septoria_leaf_spot,0.9999430179595947,1,1.1226930618286133,8.140059471130371,0.16579914093017578,9.431790351867676
dataset/test/Tomato_Septoria_leaf_spot/tomato-septoria-3-500x384_jpg.rf.40a23512bd3b6d8df2115d7f591913fbaug8.jpg,Tomato_Septoria_leaf_spot,Tomato_Septoria_leaf_spot,0.9999830722808838,1,1.1005258560180664,8.088836669921875,0.17044448852539062,9.362624168395996
dataset/test/Tomato_Septoria_leaf_spot/tomato-septoria-3-500x384aug16.jpg,Tomato_Septoria_leaf_spot,Tomato_Septoria_leaf_spot,0.9999992847442627,1,1.2267866134643555,8.0668363571167,0.16518688201904297,9.461662292480469
dataset/test/Tomato_Septoria_leaf_spot/tomato-septoria-5_jpg.rf.fab97ae4bb3726e33dcbde7262ec6a65aug40.jpg,Tomato_Septoria_leaf_spot,Tomato_Septoria_leaf_spot,0.9999992847442627,1,1.1068429946899414,8.040855407714844,0.1655569076538086,9.316234588623047
dataset/test/Tomato_Septoria_leaf_spot/tomato-septoria-leaf-spot--_aug_22aug109.jpg,Tomato_Septoria_leaf_spot,Tomato_Early_blight_leaf,0.4913784861564636,0,1.1714906692504883,8.088634490966797,0.16316604614257812,9.426051139831543
dataset/test/Tomato_Septoria_leaf_spot/tomato-septoria-leaf-spot--_aug_23aug108.jpg,Tomato_Septoria_leaf_spot,Tomato_Early_blight_leaf,0.5050147771835327,0,1.1919536590576172,8.124595642089844,0.16838932037353516,9.488236427307129
dataset/test/Tomato_Septoria_leaf_spot/tomato-septoria-leaf-spot--_jpg.rf.06783859d6d3e49976374e4146674e0b_aug_48aug94.jpg,Tomato_Septoria_leaf_spot,Tomato_Septoria_leaf_spot,0.9953456521034241,1,1.157841682434082,8.186284065246582,0.16164875030517578,9.50892162322998
dataset/test/Tomato_Septoria_leaf_spot/tomato-septoria-leaf-spot--_jpg.rf.06783859d6d3e49976374e4146674e0b_aug_49aug88.jpg,Tomato_Septoria_leaf_spot,Tomato_Septoria_leaf_spot,0.9943808913230896,1,1.2156009674072266,7.9903364181518555,0.16961383819580078,9.378292083740234
dataset/test/Tomato_Septoria_leaf_spot/tomato-septoria-leaf-spot--_jpg.rf.06783859d6d3e49976374e4146674e0baug24.jpg,Tomato_Septoria_leaf_spot,Tomato_Septoria_leaf_spot,0.47690844535827637,1,1.2957124710083008,8.102668762207031,0.1657419204711914,9.566978454589844
dataset/test/Tomato_Septoria_leaf_spot/tomato-septoria-leaf-spot--_jpg.rf.5e63d9a20f5557b9bb3617e79b48ef85_aug_26aug95.jpg,Tomato_Septoria_leaf_spot,Tomato_Septoria_leaf_spot,0.6141396164894104,1,1.1800270080566406,8.099669456481934,0.17251968383789062,9.455791473388672
dataset/test/Tomato_Septoria_leaf_spot/tomato-septoria-leaf-spot--_jpg.rf.5e63d9a20f5557b9bb3617e79b48ef85_aug_27aug101.jpg,Tomato_Septoria_leaf_spot,Tomato_Septoria_leaf_spot,0.5174359083175659,1,1.2099533081054688,8.184633255004883,0.18192672729492188,9.579644203186035
dataset/test/Tomato_Septoria_leaf_spot/tomato-septoria-leaf-spot--_jpg.rf.5e63d9a20f5557b9bb3617e79b48ef85aug13.jpg,Tomato_Septoria_leaf_spot,Tomato_Septoria_leaf_spot,0.5525224208831787,1,1.1671009063720703,8.031022071838379,0.17305755615234375,9.374308586120605
dataset/test/Tomato_Septoria_leaf_spot/tomato-septoria-leaf-spot--aug11.jpg,Tomato_Septoria_leaf_spot,Tomato_Septoria_leaf_spot,0.9270162582397461,1,1.2198610305786133,8.040021896362305,0.16450023651123047,9.427606582641602
dataset/test/Tomato_Septoria_leaf_spot/tomato-septoria-leaf-spot-_aug_28aug105.jpg,Tomato_Septoria_leaf_spot,Tomato_Septoria_leaf_spot,0.9624266624450684,1,1.1758403778076172,8.157095909118652,0.17633438110351562,9.512755393981934
dataset/test/Tomato_Septoria_leaf_spot/tomato-septoria-leaf-spot-_aug_29aug102.jpg,Tomato_Septoria_leaf_spot,Tomato_Septoria_leaf_spot,0.8959557414054871,1,1.159712791442871,8.069744110107422,0.16403770446777344,9.396345138549805
dataset/test/Tomato_Septoria_leaf_spot/tomato-septoria-leaf-spot-aug14.jpg,Tomato_Septoria_leaf_spot,Tomato_Septoria_leaf_spot,0.9994990825653076,1,1.1093969345092773,8.150430679321289,0.1925201416015625,9.454866409301758
dataset/test/Tomato_Septoria_leaf_spot/tomato_D2b-Early-blight---RPitblado_zoom_jpg.rf.93df1c3cb830b3940e4a23a5c4a05598_aug_8aug45.jpg,Tomato_Septoria_leaf_spot,Tomato_Septoria_leaf_spot,0.9999864101409912,1,1.1298046112060547,8.028595924377441,0.1676492691040039,9.328679084777832
dataset/test/Tomato_Septoria_leaf_spot/tomato_D2b-Early-blight---RPitblado_zoom_jpg.rf.93df1c3cb830b3940e4a23a5c4a05598_aug_9aug47.jpg,Tomato_Septoria_leaf_spot,Tomato_Septoria_leaf_spot,0.9999700784683228,1,1.2154350280761719,8.008780479431152,0.17227840423583984,9.3991060256958
dataset/test/Tomato_Septoria_leaf_spot/tomato_D2b-Early-blight---RPitblado_zoom_jpg.rf.93df1c3cb830b3940e4a23a5c4a05598aug4.jpg,Tomato_Septoria_leaf_spot,Tomato_Septoria_leaf_spot,0.9998459815979004,1,1.2705459594726562,8.021374702453613,0.16602039337158203,9.460698127746582
dataset/test/Tomato_Septoria_leaf_spot/tomatoseptorialeafspotjpg-788d20798a3c74e7_aug_36aug98.jpg,Tomato_Septoria_leaf_spot,Tomato_Septoria_leaf_spot,0.9977121353149414,1,1.119786262512207,8.776954650878906,0.16724205017089844,10.066426277160645
dataset/test/Tomato_Septoria_leaf_spot/tomatoseptorialeafspotjpg-788d20798a3c74e7_aug_37aug99.jpg,Tomato_Septoria_leaf_spot,Tomato_Septoria_leaf_spot,0.9861292243003845,1,1.168710708618164,8.224838256835938,0.16979694366455078,9.566256523132324
dataset/test/Tomato_Septoria_leaf_spot/tomatoseptorialeafspotjpg-788d20798a3c74e7aug18.jpg,Tomato_Septoria_leaf_spot,Tomato_Septoria_leaf_spot,0.9992744326591492,1,1.1583051681518555,8.16124439239502,0.16476058959960938,9.486772537231445
dataset/test/Tomato_leaf_late_blight/Gls74_change_90_aug_66aug46.jpg,Tomato_leaf_late_blight,Tomato_leaf_late_blight,0.6064404249191284,1,1.0809154510498047,9.53460693359375,0.16516780853271484,10.783153533935547
dataset/test/Tomato_leaf_late_blight/Gls74_change_90_aug_67aug49.jpg,Tomato_leaf_late_blight,Tomato_Early_blight_leaf,0.6688128113746643,0,1.0801935195922852,9.698238372802734,0.36376094818115234,11.144878387451172
dataset/test/Tomato_leaf_late_blight/Gls74_change_90_aug_68aug41.jpg,Tomato_leaf_late_blight,Tomato_leaf_late_blight,0.46560919284820557,1,2.5140552520751953,20.826985359191895,0.16794490814208984,23.511913299560547
dataset/test/Tomato_leaf_late_blight/Gls74_change_90aug22.jpg,Tomato_leaf_late_blight,Tomato_Septoria_leaf_spot,0.6573075652122498,0,1.2401208877563477,13.612321853637695,0.16855716705322266,15.024166107177734
dataset/test/Tomato_leaf_late_blight/Gls78_change_270_aug_24aug95.jpg,Tomato_leaf_late_blight,Tomato_leaf_late_blight,0.9767716526985168,1,1.092951774597168,8.255653381347656,0.1660938262939453,9.518014907836914
dataset/test/Tomato_leaf_late_blight/Gls78_change_270_aug_25aug80.jpg,Tomato_leaf_late_blight,Tomato_leaf_late_blight,0.9942504167556763,1,1.1598052978515625,8.084004402160645,0.17281627655029297,9.419846534729004
dataset/test/Tomato_leaf_late_blight/Gls78_change_270_aug_26aug81.jpg,Tomato_leaf_late_blight,Tomato_leaf_late_blight,0.9988402724266052,1,1.101247787475586,8.086745262145996,0.1655559539794922,9.356290817260742
dataset/test/Tomato_leaf_late_blight/Gls78_change_270aug8.jpg,Tomato_leaf_late_blight,Tomato_leaf_late_blight,0.9966592788696289,1,1.0679521560668945,8.63139533996582,0.16176128387451172,9.86436939239502
dataset/test/Tomato_leaf_late_blight/Gls79_change_270_aug_51aug69.jpg,Tomato_leaf_late_blight,Tomato_leaf_late_blight,0.9998202919960022,1,1.061081886291504,8.1331148147583,0.16735363006591797,9.364956855773926
dataset/test/Tomato_leaf_late_blight/Gls79_change_270_aug_52aug74.jpg,Tomato_leaf_late_blight,Tomato_leaf_late_blight,0.9998553991317749,1,1.079599380493164,8.174283981323242,0.1677227020263672,9.424846649169922
dataset/test/Tomato_leaf_late_blight/Gls79_change_270_aug_53aug68.jpg,Tomato_leaf_late_blight,Tomato_leaf_late_blight,0.9999332427978516,1,1.1242303848266602,8.397542953491211,0.16881465911865234,9.693496704101562
dataset/test/Tomato_leaf_late_blight/Gls79_change_270aug17.jpg,Tomato_leaf_late_blight,Tomato_leaf_late_blight,0.9981037378311157,1,1.0710620880126953,8.280060768127441,0.16770458221435547,9.52164363861084
dataset/test/Tomato_leaf_late_blight/Gls79_change_90_aug_27aug85.jpg,Tomato_leaf_late_blight,Tomato_leaf_late_blight,0.9983882904052734,1,1.089247703552246,8.343006134033203,0.16655731201171875,9.601495742797852
dataset/test/Tomato_leaf_late_blight/Gls79_change_90_aug_28aug97.jpg,Tomato_leaf_late_blight,Tomato_leaf_late_blight,0.9839425086975098,1,1.1061010360717773,8.297858238220215,0.1760549545288086,9.582903861999512
dataset/test/Tomato_leaf_late_blight/Gls79_change_90_aug_29aug89.jpg,Tomato_leaf_late_blight,Tomato_leaf_late_blight,0.9975056052207947,1,1.086008071899414,8.450987815856934,0.1675567626953125,9.707514762878418
dataset/test/Tomato_leaf_late_blight/Gls79_change_90aug9.jpg,Tomato_leaf_late_blight,Tomato_leaf_late_blight,0.9989941716194153,1,1.1057119369506836,8.164373397827148,0.1659259796142578,9.43893814086914
dataset/test/Tomato_leaf_late_blight/Gls79_mirror_aug_15aug104.jpg,Tomato_leaf_late_blight,Tomato_leaf_late_blight,0.9997215867042542,1,1.0804519653320312,9.113214492797852,0.1670207977294922,10.36357593536377
dataset/test/Tomato_leaf_late_blight/Gls79_mirror_aug_16aug113.jpg,Tomato_leaf_late_blight,Tomato_leaf_late_blight,0.9992849230766296,1,1.102879524230957,8.402135848999023,0.1755380630493164,9.683774948120117
dataset/test/Tomato_leaf_late_blight/Gls79_mirror_aug_17aug109.jpg,Tomato_leaf_late_blight,Tomato_leaf_late_blight,0.9998513460159302,1,1.0951385498046875,8.314820289611816,0.16598224639892578,9.578421592712402
dataset/test/Tomato_leaf_late_blight/Gls79_mirroraug5.jpg,Tomato_leaf_late_blight,Tomato_leaf_late_blight,0.999512791633606,1,1.054173469543457,8.043837547302246,0.16509342193603516,9.26580810546875
dataset/test/Tomato_leaf_late_blight/IMG_20251102_155822aug32.jpg,Tomato_leaf_late_blight,Tomato_leaf_yellow_curl_virus,0.4749963879585266,0,1.164656639099121,8.177652359008789,0.16559410095214844,9.51101303100586
dataset/test/Tomato_leaf_late_blight/IMG_20251102_160928aug33.jpg,Tomato_leaf_late_blight,Tomato_leaf_late_blight,0.8124964833259583,1,1.08734130859375,8.104540824890137,0.16466808319091797,9.359456062316895
dataset/test/Tomato_leaf_late_blight/IMG_20251102_161202_aug_57aug50.jpg,Tomato_leaf_late_blight,Tomato_Early_blight_leaf,0.989348292350769,0,1.1628046035766602,8.141189575195312,0.15946388244628906,9.465994834899902
dataset/test/Tomato_leaf_late_blight/IMG_20251102_161202_aug_58aug52.jpg,Tomato_leaf_late_blight,Tomato_Early_blight_leaf,0.9970295429229736,0,1.1723613739013672,8.040558815002441,0.16176128387451172,9.377198219299316
dataset/test/Tomato_leaf_late_blight/IMG_20251102_161202_aug_59aug39.jpg,Tomato_leaf_late_blight,Tomato_Early_blight_leaf,0.8961308002471924,0,1.1441192626953125,8.074411392211914,0.16552066802978516,9.386459350585938
dataset/test/Tomato_leaf_late_blight/IMG_20251102_161202aug19.jpg,Tomato_leaf_late_blight,Tomato_Early_blight_leaf,0.9146497845649719,0,1.1581201553344727,8.004651069641113,0.21074199676513672,9.376272201538086
dataset/test/Tomato_leaf_late_blight/IMG_5808_jpg.rf.9de5af872dd2e7a58b115c4826fb18d4_aug_63aug53.jpg,Tomato_leaf_late_blight,Tomato_leaf_late_blight,0.9962480664253235,1,1.1135835647583008,8.08313274383545,0.16372203826904297,9.36316204071045
dataset/test/Tomato_leaf_late_blight/IMG_5808_jpg.rf.9de5af872dd2e7a58b115c4826fb18d4_aug_64aug43.jpg,Tomato_leaf_late_blight,Tomato_leaf_late_blight,0.9980104565620422,1,1.1213054656982422,8.540043830871582,0.1705760955810547,9.835238456726074
dataset/test/Tomato_leaf_late_blight/IMG_5808_jpg.rf.9de5af872dd2e7a58b115c4826fb18d4_aug_65aug38.jpg,Tomato_leaf_late_blight,Tomato_leaf_late_blight,0.9797849059104919,1,1.1631765365600586,8.261781692504883,0.16446399688720703,9.591940879821777
dataset/test/Tomato_leaf_late_blight/IMG_5808_jpg.rf.9de5af872dd2e7a58b115c4826fb18d4aug21.jpg,Tomato_leaf_late_blight,Tomato_leaf_late_blight,0.9857760071754456,1,1.1057863235473633,9.833535194396973,0.2561502456665039,11.19919204711914
dataset/test/Tomato_leaf_late_blight/LB_ (254)_aug_54aug73.jpg,Tomato_leaf_late_blight,Tomato_leaf_late_blight,0.7288094758987427,1,1.3968439102172852,11.405601501464844,0.20555686950683594,13.011612892150879
dataset/test/Tomato_leaf_late_blight/LB_ (254)_aug_55aug71.jpg,Tomato_leaf_late_blight,Tomato_leaf_late_blight,0.7312792539596558,1,1.3604536056518555,11.121304512023926,0.20883560180664062,12.694425582885742
dataset/test/Tomato_leaf_late_blight/LB_ (254)_aug_56aug78.jpg,Tomato_leaf_late_blight,Tomato_leaf_late_blight,0.9622178077697754,1,1.4056587219238281,11.170045852661133,0.20948314666748047,12.78968620300293
dataset/test/Tomato_leaf_late_blight/LB_ (254)aug18.jpg,Tomato_leaf_late_blight,Tomato_leaf_late_blight,0.855413556098938,1,1.3956947326660156,11.006062507629395,0.20394515991210938,12.609869003295898
dataset/test/Tomato_leaf_late_blight/LB_ (276)_aug_60aug45.jpg,Tomato_leaf_late_blight,Tomato_leaf_late_blight,0.9997511506080627,1,1.4434175491333008,10.792171478271484,0.20435237884521484,12.44373893737793
dataset/test/Tomato_leaf_late_blight/LB_ (276)_aug_61aug44.jpg,Tomato_leaf_late_blight,Tomato_leaf_late_blight,0.9999874830245972,1,1.4369735717773438,11.127080917358398,0.20740890502929688,12.774889945983887
dataset/test/Tomato_leaf_late_blight/LB_ (276)_aug_62aug40.jpg,Tomato_leaf_late_blight,Tomato_leaf_late_blight,0.9998155236244202,1,1.4124727249145508,11.255470275878906,0.21459388732910156,12.885391235351562
dataset/test/Tomato_leaf_late_blight/LB_ (276)aug20.jpg,Tomato_leaf_late_blight,Tomato_leaf_late_blight,0.9996925592422485,1,1.3875656127929688,9.071919441223145,0.1973896026611328,10.660207748413086
dataset/test/Tomato_leaf_late_blight/Late-blight-foliar-leasion-on-tomato_jpg.rf.331af81e5b2aae24af0dc9b6d9933591_aug_72aug60.jpg,Tomato_leaf_late_blight,Tomato_leaf_late_blight,0.9998708963394165,1,1.1039152145385742,7.703834533691406,0.15200042724609375,8.962584495544434
dataset/test/Tomato_leaf_late_blight/Late-blight-foliar-leasion-on-tomato_jpg.rf.331af81e5b2aae24af0dc9b6d9933591_aug_73aug51.jpg,Tomato_leaf_late_blight,Tomato_leaf_late_blight,0.9999889135360718,1,1.0841941833496094,7.501499176025391,0.1606121063232422,8.74923038482666
dataset/test/Tomato_leaf_late_blight/Late-blight-foliar-leasion-on-tomato_jpg.rf.331af81e5b2aae24af0dc9b6d9933591_aug_74aug37.jpg,Tomato_leaf_late_blight,Tomato_leaf_late_blight,0.9999891519546509,1,1.1638240814208984,7.656223297119141,0.15968704223632812,8.982658386230469
dataset/test/Tomato_leaf_late_blight/Late-blight-foliar-leasion-on-tomato_jpg.rf.331af81e5b2aae24af0dc9b6d9933591aug24.jpg,Tomato_leaf_late_blight,Tomato_leaf_late_blight,0.9999983310699463,1,1.08734130859375,7.647204399108887,0.16994476318359375,8.907804489135742
dataset/test/Tomato_leaf_late_blight/Late-blight-on-a-tomato-leaf_jpg.rf.8a0bcac661db5b0d51beab8e2bf6cd6caug29.jpg,Tomato_leaf_late_blight,Tomato_leaf_late_blight,0.9999945163726807,1,1.112619400024414,7.710334777832031,0.16042709350585938,8.98569393157959
dataset/test/Tomato_leaf_late_blight/Late-blight-on-a-tomato-leaf_jpg.rf.8defdb736385f3e1da6fba17b2786ac9_aug_84aug36.jpg,Tomato_leaf_late_blight,Tomato_leaf_late_blight,0.9999995231628418,1,1.0322303771972656,7.60279655456543,0.1703338623046875,8.808656692504883
dataset/test/Tomato_leaf_late_blight/Late-blight-on-a-tomato-leaf_jpg.rf.8defdb736385f3e1da6fba17b2786ac9aug28.jpg,Tomato_leaf_late_blight,Tomato_leaf_late_blight,0.9999992847442627,1,1.0472488403320312,7.552870750427246,0.15863037109375,8.761712074279785
dataset/test/Tomato_leaf_late_blight/Late-blight-symptoms-on-tomato-leaves-1r3uhy2_jpg.rf.92fa5ba375a2c3ce572ef7e12695be90aug31.jpg,Tomato_leaf_late_blight,Tomato_leaf_late_blight,0.9990406632423401,1,1.0674333572387695,7.728501319885254,0.15807533264160156,8.956472396850586
dataset/test/Tomato_leaf_late_blight/Late-blight-tomato-leaf-VikramBisht-MBag_jpg.rf.ec494f1ab0c0417fed47095af181f852_aug_6aug117.jpg,Tomato_leaf_late_blight,Tomato_leaf_late_blight,0.9971363544464111,1,1.1149330139160156,7.693092346191406,0.15564918518066406,8.966120719909668
dataset/test/Tomato_leaf_late_blight/Late-blight-tomato-leaf-VikramBisht-MBag_jpg.rf.ec494f1ab0c0417fed47095af181f852_aug_7aug116.jpg,Tomato_leaf_late_blight,Tomato_leaf_late_blight,0.9908979535102844,1,1.0330991744995117,7.554091453552246,0.15807533264160156,8.748045921325684
dataset/test/Tomato_leaf_late_blight/Late-blight-tomato-leaf-VikramBisht-MBag_jpg.rf.ec494f1ab0c0417fed47095af181f852_aug_8aug115.jpg,Tomato_leaf_late_blight,Tomato_leaf_late_blight,0.9999113082885742,1,1.075118064880371,9.321365356445312,0.17187118530273438,10.57126235961914
dataset/test/Tomato_leaf_late_blight/Late-blight-tomato-leaf-VikramBisht-MBag_jpg.rf.ec494f1ab0c0417fed47095af181f852aug2.jpg,Tomato_leaf_late_blight,Tomato_leaf_late_blight,0.9986087679862976,1,1.2240095138549805,7.883650779724121,0.16492652893066406,9.275104522705078
dataset/test/Tomato_leaf_late_blight/LateBlight-Tomato-JJ-2009-17nxg4q_aug_36aug79.jpg,Tomato_leaf_late_blight,Tomato_leaf_late_blight,0.9979419112205505,1,1.0810823440551758,8.063910484313965,0.16368675231933594,9.31151294708252
dataset/test/Tomato_leaf_late_blight/LateBlight-Tomato-JJ-2009-17nxg4q_aug_37aug87.jpg,Tomato_leaf_late_blight,Tomato_leaf_late_blight,0.9979783892631531,1,1.0829706192016602,8.05848503112793,0.16427898406982422,9.308327674865723
dataset/test/Tomato_leaf_late_blight/LateBlight-Tomato-JJ-2009-17nxg4q_aug_38aug67.jpg,Tomato_leaf_late_blight,Tomato_leaf_late_blight,0.9937958717346191,1,1.0764904022216797,8.041410446166992,0.16237258911132812,9.283013343811035
dataset/test/Tomato_leaf_late_blight/LateBlight-Tomato-JJ-2009-17nxg4q_jpg.rf.93780f99f071013cf0764b40fc6db48c_aug_48aug77.jpg,Tomato_leaf_late_blight,Tomato_leaf_late_blight,0.9999908208847046,1,1.0336189270019531,7.847464561462402,0.17207622528076172,9.056159019470215
dataset/test/Tomato_leaf_late_blight/LateBlight-Tomato-JJ-2009-17nxg4q_jpg.rf.93780f99f071013cf0764b40fc6db48c_aug_49aug65.jpg,Tomato_leaf_late_blight,Tomato_leaf_late_blight,0.9999986886978149,1,1.0492477416992188,8.029687881469727,0.16238975524902344,9.243770599365234
dataset/test/Tomato_leaf_late_blight/LateBlight-Tomato-JJ-2009-17nxg4q_jpg.rf.93780f99f071013cf0764b40fc6db48c_aug_50aug75.jpg,Tomato_leaf_late_blight,Tomato_leaf_late_blight,0.9999717473983765,1,1.0766382217407227,7.803426742553711,0.22253894805908203,9.105843544006348
dataset/test/Tomato_leaf_late_blight/LateBlight-Tomato-JJ-2009-17nxg4q_jpg.rf.93780f99f071013cf0764b40fc6db48caug16.jpg,Tomato_leaf_late_blight,Tomato_leaf_late_blight,0.9999998807907104,1,1.1482295989990234,7.9964094161987305,0.1615762710571289,9.308956146240234
dataset/test/Tomato_leaf_late_blight/LateBlight-Tomato-JJ-2009-17nxg4qaug12.jpg,Tomato_leaf_late_blight,Tomato_leaf_late_blight,0.9981034994125366,1,1.0471925735473633,7.941947937011719,0.16233444213867188,9.15434455871582
dataset/test/Tomato_leaf_late_blight/Lb11_mirror_verticalaug34.jpg,Tomato_leaf_late_blight,Tomato_leaf_late_blight,0.9894959330558777,1,1.0914897918701172,8.070688247680664,0.1954822540283203,9.360530853271484
dataset/test/Tomato_leaf_late_blight/Lb51_mirror_aug_39aug83.jpg,Tomato_leaf_late_blight,Tomato_leaf_late_blight,0.998139500617981,1,1.0704526901245117,8.28057861328125,0.16820526123046875,9.522348403930664
dataset/test/Tomato_leaf_late_blight/Lb51_mirror_aug_40aug96.jpg,Tomato_leaf_late_blight,Tomato_leaf_late_blight,0.9998499155044556,1,1.0896377563476562,8.17689323425293,0.16489028930664062,9.434051513671875
dataset/test/Tomato_leaf_late_blight/Lb51_mirror_aug_41aug91.jpg,Tomato_leaf_late_blight,Tomato_leaf_late_blight,0.999116837978363,1,1.116990089416504,8.086634635925293,0.17376041412353516,9.380827903747559
dataset/test/Tomato_leaf_late_blight/Lb51_mirroraug13.jpg,Tomato_leaf_late_blight,Tomato_leaf_late_blight,0.9999814033508301,1,1.0999526977539062,8.197579383850098,0.175537109375,9.47612476348877
dataset/test/Tomato_leaf_late_blight/Lb52_change_90_aug_42aug64.jpg,Tomato_leaf_late_blight,Tomato_leaf_late_blight,0.9999790191650391,1,1.0760631561279297,8.00909423828125,0.16407489776611328,9.25195598602295
dataset/test/Tomato_leaf_late_blight/Lb52_change_90_aug_43aug63.jpg,Tomato_leaf_late_blight,Tomato_leaf_late_blight,0.999988317489624,1,1.0969152450561523,8.257820129394531,0.16439056396484375,9.52207088470459
dataset/test/Tomato_leaf_late_blight/Lb52_change_90_aug_44aug70.jpg,Tomato_leaf_late_blight,Tomato_leaf_late_blight,0.9998737573623657,1,1.0570993423461914,8.146318435668945,0.16368484497070312,9.369660377502441
dataset/test/Tomato_leaf_late_blight/Lb52_change_90aug14.jpg,Tomato_leaf_late_blight,Tomato_leaf_late_blight,0.9999791383743286,1,1.0843782424926758,8.174078941345215,0.1599445343017578,9.420623779296875
dataset/test/Tomato_leaf_late_blight/Lb69_aug_45aug76.jpg,Tomato_leaf_late_blight,Tomato_leaf_late_blight,0.9927700161933899,1,1.0725460052490234,8.093948364257812,0.17809391021728516,9.347180366516113
dataset/test/Tomato_leaf_late_blight/Lb69_aug_46aug72.jpg,Tomato_leaf_late_blight,Tomato_leaf_late_blight,0.996787428855896,1,1.149989128112793,8.11504077911377,0.1662425994873047,9.43386459350586
dataset/test/Tomato_leaf_late_blight/Lb69_aug_47aug66.jpg,Tomato_leaf_late_blight,Tomato_leaf_late_blight,0.995989978313446,1,1.1151189804077148,7.985262870788574,0.17298221588134766,9.27651309967041
dataset/test/Tomato_leaf_late_blight/Lb69aug15.jpg,Tomato_leaf_late_blight,Tomato_leaf_late_blight,0.9801254868507385,1,1.1111383438110352,8.135817527770996,0.16553783416748047,9.415438652038574
dataset/test/Tomato_leaf_late_blight/Lb8_mirror_vertical_aug_10aug118.jpg,Tomato_leaf_late_blight,Tomato_leaf_late_blight,0.996000349521637,1,1.0688228607177734,8.171060562133789,0.1647806167602539,9.407421112060547
dataset/test/Tomato_leaf_late_blight/Lb8_mirror_vertical_aug_11aug111.jpg,Tomato_leaf_late_blight,Tomato_leaf_late_blight,0.9934892654418945,1,1.0748796463012695,8.128744125366211,0.17377948760986328,9.380661010742188
dataset/test/Tomato_leaf_late_blight/Lb8_mirror_vertical_aug_9aug103.jpg,Tomato_leaf_late_blight,Tomato_leaf_late_blight,0.9952830672264099,1,1.1033029556274414,7.989206314086914,0.17433547973632812,9.269919395446777
dataset/test/Tomato_leaf_late_blight/Lb8_mirror_verticalaug3.jpg,Tomato_leaf_late_blight,Tomato_leaf_late_blight,0.9990423321723938,1,1.0727672576904297,8.174226760864258,0.1636495590209961,9.413439750671387
dataset/test/Tomato_leaf_late_blight/Lb97_aug_21aug84.jpg,Tomato_leaf_late_blight,Tomato_leaf_late_blight,0.9999864101409912,1,1.0815811157226562,8.012577056884766,0.17139053344726562,9.268754005432129
dataset/test/Tomato_leaf_late_blight/Lb97_aug_22aug101.jpg,Tomato_leaf_late_blight,Tomato_leaf_late_blight,0.9999523162841797,1,1.123138427734375,8.139410972595215,0.16544437408447266,9.430883407592773
dataset/test/Tomato_leaf_late_blight/Lb97_aug_23aug82.jpg,Tomato_leaf_late_blight,Tomato_leaf_late_blight,0.9999996423721313,1,1.081599235534668,8.061521530151367,0.1714639663696289,9.317680358886719
dataset/test/Tomato_leaf_late_blight/Lb97aug7.jpg,Tomato_leaf_late_blight,Tomato_leaf_late_blight,0.9999128580093384,1,1.09661865234375,8.129226684570312,0.1595010757446289,9.387826919555664
dataset/test/Tomato_leaf_late_blight/Leaf-2Bsymptoms-2BMDA_jpg.rf.39b220104d04636fad4f5aae043826cb_aug_0aug108.jpg,Tomato_leaf_late_blight,Tomato_leaf_late_blight,0.9999799728393555,1,1.144378662109375,7.987483978271484,0.1741495132446289,9.309142112731934
dataset/test/Tomato_leaf_late_blight/Leaf-2Bsymptoms-2BMDA_jpg.rf.39b220104d04636fad4f5aae043826cb_aug_1aug106.jpg,Tomato_leaf_late_blight,Tomato_leaf_late_blight,0.9998370409011841,1,1.1577873229980469,8.190226554870605,0.165130615234375,9.516162872314453
dataset/test/Tomato_leaf_late_blight/Leaf-2Bsymptoms-2BMDA_jpg.rf.39b220104d04636fad4f5aae043826cb_aug_2aug119.jpg,Tomato_leaf_late_blight,Tomato_leaf_late_blight,0.9999872446060181,1,1.113804817199707,8.381803512573242,0.17385387420654297,9.672496795654297
dataset/test/Tomato_leaf_late_blight/Leaf-2Bsymptoms-2BMDA_jpg.rf.39b220104d04636fad4f5aae043826cbaug0.jpg,Tomato_leaf_late_blight,Tomato_leaf_late_blight,0.9996795654296875,1,1.1726188659667969,8.179634094238281,0.16676044464111328,9.522107124328613
dataset/test/Tomato_leaf_late_blight/Tomato-20bacterial-20canker-JPG_jpg.rf.8b568c1d5efcfdcef44c606eb076b889_aug_30aug92.jpg,Tomato_leaf_late_blight,Tomato_leaf_late_blight,0.4751681387424469,1,1.1604156494140625,8.278948783874512,0.16959381103515625,9.611590385437012
dataset/test/Tomato_leaf_late_blight/Tomato-20bacterial-20canker-JPG_jpg.rf.8b568c1d5efcfdcef44c606eb076b889_aug_31aug98.jpg,Tomato_leaf_late_blight,Tomato_leaf_late_blight,0.9071464538574219,1,1.2028236389160156,8.351024627685547,0.16607666015625,9.722478866577148
dataset/test/Tomato_leaf_late_blight/Tomato-20bacterial-20canker-JPG_jpg.rf.8b568c1d5efcfdcef44c606eb076b889_aug_32aug90.jpg,Tomato_leaf_late_blight,Tomato_leaf_late_blight,0.9972774386405945,1,1.1533422470092773,8.179689407348633,0.16640853881835938,9.50220012664795
dataset/test/Tomato_leaf_late_blight/Tomato-20bacterial-20canker-JPG_jpg.rf.8b568c1d5efcfdcef44c606eb076b889aug10.jpg,Tomato_leaf_late_blight,Tomato_leaf_late_blight,0.8439505100250244,1,1.1883964538574219,8.244300842285156,0.16689014434814453,9.602533340454102
dataset/test/Tomato_leaf_late_blight/TomatoBlight-JPG_jpg.rf.234cbc5809dc7d942e46760a63e10d9f_aug_33aug88.jpg,Tomato_leaf_late_blight,Tomato_leaf_late_blight,0.9999910593032837,1,1.1209716796875,8.352079391479492,0.17948341369628906,9.65542221069336
dataset/test/Tomato_leaf_late_blight/TomatoBlight-JPG_jpg.rf.234cbc5809dc7d942e46760a63e10d9f_aug_34aug86.jpg,Tomato_leaf_late_blight,Tomato_leaf_late_blight,0.9999781847000122,1,1.1344537734985352,8.252226829528809,0.17022323608398438,9.559532165527344
dataset/test/Tomato_leaf_late_blight/TomatoBlight-JPG_jpg.rf.234cbc5809dc7d942e46760a63e10d9f_aug_35aug93.jpg,Tomato_leaf_late_blight,Tomato_leaf_late_blight,0.99991774559021,1,1.1687850952148438,8.421358108520508,0.16422271728515625,9.757071495056152
dataset/test/Tomato_leaf_late_blight/TomatoBlight-JPG_jpg.rf.234cbc5809dc7d942e46760a63e10d9faug11.jpg,Tomato_leaf_late_blight,Tomato_leaf_late_blight,0.9936142563819885,1,1.146636962890625,8.33898639678955,0.1601858139038086,9.647849082946777
dataset/test/Tomato_leaf_late_blight/dsc_8140cs_aug_3aug114.jpg,Tomato_leaf_late_blight,Tomato_leaf_late_blight,0.9999920129776001,1,1.1697320938110352,9.110306739807129,0.20835399627685547,10.491706848144531
dataset/test/Tomato_leaf_late_blight/dsc_8140cs_aug_4aug99.jpg,Tomato_leaf_late_blight,Tomato_leaf_late_blight,0.9995390176773071,1,1.5168085098266602,10.946005821228027,0.20637130737304688,12.67238998413086
dataset/test/Tomato_leaf_late_blight/dsc_8140cs_aug_5aug102.jpg,Tomato_leaf_late_blight,Tomato_leaf_late_blight,0.9998446702957153,1,1.5111398696899414,10.874154090881348,0.2017049789428711,12.590574264526367
dataset/test/Tomato_leaf_late_blight/dsc_8140csaug1.jpg,Tomato_leaf_late_blight,Tomato_leaf_late_blight,0.9999983310699463,1,1.5206232070922852,10.95915412902832,0.20503711700439453,12.68853759765625
dataset/test/Tomato_leaf_late_blight/late_jpg.rf.f64883c6ac50eb4f477851ddc23305e8_aug_69aug47.jpg,Tomato_leaf_late_blight,Tomato_Early_blight_leaf,0.44424542784690857,0,1.5588264465332031,10.980246543884277,0.19424152374267578,12.73646354675293
dataset/test/Tomato_leaf_late_blight/late_jpg.rf.f64883c6ac50eb4f477851ddc23305e8_aug_70aug48.jpg,Tomato_leaf_late_blight,Tomato_Early_blight_leaf,0.6310477256774902,0,1.4841041564941406,11.559733390808105,0.20364952087402344,13.251023292541504
dataset/test/Tomato_leaf_late_blight/late_jpg.rf.f64883c6ac50eb4f477851ddc23305e8_aug_71aug42.jpg,Tomato_leaf_late_blight,Tomato_leaf_late_blight,0.4746866226196289,1,1.5033063888549805,10.928542137145996,0.20164871215820312,12.636869430541992
dataset/test/Tomato_leaf_late_blight/late_jpg.rf.f64883c6ac50eb4f477851ddc23305e8aug23.jpg,Tomato_leaf_late_blight,Tomato_Septoria_leaf_spot,0.44700610637664795,0,1.5421228408813477,11.720011711120605,0.21372318267822266,13.480117797851562
dataset/test/Tomato_leaf_late_blight/lateblightTom_lesionaug30.jpg,Tomato_leaf_late_blight,Tomato_leaf_late_blight,0.9053030610084534,1,1.4112882614135742,9.660514831542969,0.1646127700805664,11.239897727966309
dataset/test/Tomato_leaf_late_blight/lb_leaf_lesions2x1200_jpg.rf.3a72cc9627c3ba6d79a876e19220824e_aug_81aug56.jpg,Tomato_leaf_late_blight,Tomato_leaf_late_blight,0.9999723434448242,1,1.0983037948608398,22.755629539489746,0.1720571517944336,24.029231071472168
dataset/test/Tomato_leaf_late_blight/lb_leaf_lesions2x1200_jpg.rf.3a72cc9627c3ba6d79a876e19220824e_aug_82aug62.jpg,Tomato_leaf_late_blight,Tomato_leaf_late_blight,0.9999843835830688,1,1.166581153869629,9.323271751403809,0.16324234008789062,10.656078338623047
dataset/test/Tomato_leaf_late_blight/lb_leaf_lesions2x1200_jpg.rf.3a72cc9627c3ba6d79a876e19220824e_aug_83aug57.jpg,Tomato_leaf_late_blight,Tomato_leaf_late_blight,0.9999839067459106,1,1.0829906463623047,7.780094146728516,0.16135311126708984,9.026881217956543
dataset/test/Tomato_leaf_late_blight/lb_leaf_lesions2x1200_jpg.rf.3a72cc9627c3ba6d79a876e19220824eaug27.jpg,Tomato_leaf_late_blight,Tomato_leaf_late_blight,0.9999802112579346,1,1.0362472534179688,7.571648597717285,0.15977954864501953,8.770118713378906
dataset/test/Tomato_leaf_late_blight/p1020076cs_aug_78aug35.jpg,Tomato_leaf_late_blight,Tomato_leaf_late_blight,0.9993435740470886,1,1.0855636596679688,7.798852920532227,0.15961265563964844,9.046454429626465
dataset/test/Tomato_leaf_late_blight/p1020076cs_aug_79aug59.jpg,Tomato_leaf_late_blight,Tomato_leaf_late_blight,0.999848484992981,1,1.0345821380615234,7.747426986694336,0.16846466064453125,8.953768730163574
dataset/test/Tomato_leaf_late_blight/p1020076cs_aug_80aug55.jpg,Tomato_leaf_late_blight,Tomato_leaf_late_blight,0.9999862909317017,1,1.0244884490966797,7.598536491394043,0.16594600677490234,8.791693687438965
dataset/test/Tomato_leaf_late_blight/p1020076csaug26.jpg,Tomato_leaf_late_blight,Tomato_leaf_late_blight,0.9998703002929688,1,1.0149707794189453,7.668796539306641,0.1631307601928711,8.850194931030273
dataset/test/Tomato_leaf_late_blight/symptoms_of_late_blight_0_jpg.rf.417903f6c86ccb4f4bcd7139e0867018_aug_75aug58.jpg,Tomato_leaf_late_blight,Tomato_leaf_late_blight,0.9999986886978149,1,1.1161384582519531,7.585796356201172,0.18720531463623047,8.891732215881348
dataset/test/Tomato_leaf_late_blight/symptoms_of_late_blight_0_jpg.rf.417903f6c86ccb4f4bcd7139e0867018_aug_76aug54.jpg,Tomato_leaf_late_blight,Tomato_leaf_late_blight,0.9999955892562866,1,1.0603599548339844,11.145231246948242,0.20616722106933594,12.414665222167969
dataset/test/Tomato_leaf_late_blight/symptoms_of_late_blight_0_jpg.rf.417903f6c86ccb4f4bcd7139e0867018_aug_77aug61.jpg,Tomato_leaf_late_blight,Tomato_leaf_late_blight,0.9999998807907104,1,1.5048255920410156,10.83913516998291,0.2071676254272461,12.554462432861328
dataset/test/Tomato_leaf_late_blight/symptoms_of_late_blight_0_jpg.rf.417903f6c86ccb4f4bcd7139e0867018aug25.jpg,Tomato_leaf_late_blight,Tomato_leaf_late_blight,0.9995576739311218,1,1.489640235900879,11.014451026916504,0.20611190795898438,12.713778495788574
dataset/test/Tomato_leaf_late_blight/tomato-late-blight-leaf-61-3x32_aug_12aug112.jpg,Tomato_leaf_late_blight,Tomato_leaf_late_blight,0.9999995231628418,1,1.42401123046875,10.91604232788086,0.22722434997558594,12.57059097290039
dataset/test/Tomato_leaf_late_blight/tomato-late-blight-leaf-61-3x32_aug_13aug110.jpg,Tomato_leaf_late_blight,Tomato_leaf_late_blight,0.8618233799934387,1,1.4746217727661133,10.848098754882812,0.21226215362548828,12.538591384887695
dataset/test/Tomato_leaf_late_blight/tomato-late-blight-leaf-61-3x32_aug_14aug105.jpg,Tomato_leaf_late_blight,Tomato_leaf_late_blight,0.9999872446060181,1,1.4434175491333008,12.532110214233398,0.2074451446533203,14.186363220214844
dataset/test/Tomato_leaf_late_blight/tomato-late-blight-leaf-61-3x32aug4.jpg,Tomato_leaf_late_blight,Tomato_leaf_late_blight,0.9999982118606567,1,1.3877687454223633,11.073321342468262,0.20918655395507812,12.673832893371582
dataset/test/Tomato_leaf_late_blight/tomato.early.blightH_aug_18aug100.jpg,Tomato_leaf_late_blight,Tomato_Septoria_leaf_spot,0.9999929666519165,0,1.5622711181640625,11.209100723266602,0.20192909240722656,12.976632118225098
dataset/test/Tomato_leaf_late_blight/tomato.early.blightH_aug_19aug107.jpg,Tomato_leaf_late_blight,Tomato_Septoria_leaf_spot,0.9990559220314026,0,1.4702882766723633,7.462757110595703,0.1722421646118164,9.107975006103516
dataset/test/Tomato_leaf_late_blight/tomato.early.blightH_aug_20aug94.jpg,Tomato_leaf_late_blight,Tomato_Septoria_leaf_spot,0.9921903014183044,0,1.196120262145996,7.58864688873291,0.15944480895996094,8.947566032409668
dataset/test/Tomato_leaf_late_blight/tomato.early.blightHaug6.jpg,Tomato_leaf_late_blight,Tomato_Septoria_leaf_spot,0.9997560381889343,0,1.1336565017700195,7.552481651306152,0.16550064086914062,8.854527473449707
dataset/test/Tomato_leaf_yellow_curl_virus/1342017-162221-44540_jpg.rf.f68314ea4850dade3a214dec71c83715_aug_77aug56.jpg,Tomato_leaf_yellow_curl_virus,Tomato_leaf_yellow_curl_virus,0.999998927116394,1,1.0971183776855469,7.701833724975586,0.1582040786743164,8.959918022155762
dataset/test/Tomato_leaf_yellow_curl_virus/1342017-162221-44540_jpg.rf.f68314ea4850dade3a214dec71c83715_aug_78aug81.jpg,Tomato_leaf_yellow_curl_virus,Tomato_leaf_yellow_curl_virus,0.9999867677688599,1,1.1004514694213867,7.624536514282227,0.15314960479736328,8.880640029907227
dataset/test/Tomato_leaf_yellow_curl_virus/1342017-162221-44540_jpg.rf.f68314ea4850dade3a214dec71c83715_aug_79aug60.jpg,Tomato_leaf_yellow_curl_virus,Tomato_leaf_yellow_curl_virus,0.9999983310699463,1,1.1238794326782227,7.556369781494141,0.1597604751586914,8.842804908752441
dataset/test/Tomato_leaf_yellow_curl_virus/1342017-162221-44540_jpg.rf.f68314ea4850dade3a214dec71c83715_aug_80aug64.jpg,Tomato_leaf_yellow_curl_virus,Tomato_leaf_yellow_curl_virus,0.9999996423721313,1,1.100860595703125,7.51057243347168,0.16509532928466797,8.779767036437988
dataset/test/Tomato_leaf_yellow_curl_virus/1342017-162221-44540_jpg.rf.f68314ea4850dade3a214dec71c83715_aug_81aug61.jpg,Tomato_leaf_yellow_curl_virus,Tomato_leaf_yellow_curl_virus,0.9999991655349731,1,1.1111564636230469,7.827205657958984,0.15970325469970703,9.10069751739502
dataset/test/Tomato_leaf_yellow_curl_virus/1342017-162221-44540_jpg.rf.f68314ea4850dade3a214dec71c83715_aug_82aug80.jpg,Tomato_leaf_yellow_curl_virus,Tomato_leaf_yellow_curl_virus,0.9999996423721313,1,1.105025291442871,7.854576110839844,0.1587972640991211,9.12110424041748
dataset/test/Tomato_leaf_yellow_curl_virus/1342017-162221-44540_jpg.rf.f68314ea4850dade3a214dec71c83715_aug_83aug70.jpg,Tomato_leaf_yellow_curl_virus,Tomato_leaf_yellow_curl_virus,0.9999985694885254,1,1.1485261917114258,7.63362979888916,0.15746402740478516,8.942436218261719
dataset/test/Tomato_leaf_yellow_curl_virus/1342017-162221-44540_jpg.rf.f68314ea4850dade3a214dec71c83715aug11.jpg,Tomato_leaf_yellow_curl_virus,Tomato_leaf_yellow_curl_virus,0.9999985694885254,1,1.0992860794067383,7.567481994628906,0.17192649841308594,8.841655731201172
dataset/test/Tomato_leaf_yellow_curl_virus/8226402877_9abf151b5b_b_jpg.rf.a2dff27e03c5ab47916df5d873c1590f_aug_70aug66.jpg,Tomato_leaf_yellow_curl_virus,Tomato_leaf_yellow_curl_virus,0.9999854564666748,1,1.0766925811767578,8.212430000305176,0.16109371185302734,9.452642440795898
dataset/test/Tomato_leaf_yellow_curl_virus/8226402877_9abf151b5b_b_jpg.rf.a2dff27e03c5ab47916df5d873c1590f_aug_71aug69.jpg,Tomato_leaf_yellow_curl_virus,Tomato_leaf_yellow_curl_virus,0.999855637550354,1,1.0778236389160156,8.094911575317383,0.19663143157958984,9.372032165527344
dataset/test/Tomato_leaf_yellow_curl_virus/8226402877_9abf151b5b_b_jpg.rf.a2dff27e03c5ab47916df5d873c1590f_aug_72aug73.jpg,Tomato_leaf_yellow_curl_virus,Tomato_leaf_yellow_curl_virus,0.9999338388442993,1,1.0877666473388672,7.899188041687012,0.15544509887695312,9.144733428955078
dataset/test/Tomato_leaf_yellow_curl_virus/8226402877_9abf151b5b_b_jpg.rf.a2dff27e03c5ab47916df5d873c1590f_aug_73aug54.jpg,Tomato_leaf_yellow_curl_virus,Tomato_leaf_yellow_curl_virus,0.9999668598175049,1,1.068526268005371,7.7228899002075195,0.16887187957763672,8.96300983428955
dataset/test/Tomato_leaf_yellow_curl_virus/8226402877_9abf151b5b_b_jpg.rf.a2dff27e03c5ab47916df5d873c1590f_aug_74aug76.jpg,Tomato_leaf_yellow_curl_virus,Tomato_leaf_yellow_curl_virus,0.9998378753662109,1,1.1174707412719727,7.750000953674316,0.16179752349853516,9.031807899475098
dataset/test/Tomato_leaf_yellow_curl_virus/8226402877_9abf151b5b_b_jpg.rf.a2dff27e03c5ab47916df5d873c1590f_aug_75aug74.jpg,Tomato_leaf_yellow_curl_virus,Tomato_leaf_yellow_curl_virus,0.9999864101409912,1,1.120100975036621,8.071078300476074,0.1676311492919922,9.3621244430542
dataset/test/Tomato_leaf_yellow_curl_virus/8226402877_9abf151b5b_b_jpg.rf.a2dff27e03c5ab47916df5d873c1590f_aug_76aug65.jpg,Tomato_leaf_yellow_curl_virus,Tomato_leaf_yellow_curl_virus,0.9999781847000122,1,1.093231201171875,8.140318870544434,0.15911197662353516,9.395364761352539
dataset/test/Tomato_leaf_yellow_curl_virus/8226402877_9abf151b5b_b_jpg.rf.a2dff27e03c5ab47916df5d873c1590faug10.jpg,Tomato_leaf_yellow_curl_virus,Tomato_leaf_yellow_curl_virus,0.9999698400497437,1,1.0839710235595703,7.930632591247559,0.1686859130859375,9.186919212341309
dataset/test/Tomato_leaf_yellow_curl_virus/DSC01999-JPG_jpg.rf.700fa6596ab8750ad0f1c47a0defe191_aug_84aug53.jpg,Tomato_leaf_yellow_curl_virus,Tomato_leaf_yellow_curl_virus,1.0,1,1.2125625610351562,8.022965431213379,0.15994644165039062,9.398123741149902
dataset/test/Tomato_leaf_yellow_curl_virus/DSC01999-JPG_jpg.rf.700fa6596ab8750ad0f1c47a0defe191_aug_85aug82.jpg,Tomato_leaf_yellow_curl_virus,Tomato_leaf_yellow_curl_virus,0.9999998807907104,1,1.1571197509765625,8.00379753112793,0.1673908233642578,9.331160545349121
dataset/test/Tomato_leaf_yellow_curl_virus/DSC01999-JPG_jpg.rf.700fa6596ab8750ad0f1c47a0defe191_aug_86aug71.jpg,Tomato_leaf_yellow_curl_virus,Tomato_leaf_yellow_curl_virus,0.9999923706054688,1,1.158860206604004,8.019501686096191,0.16527938842773438,9.346273422241211
dataset/test/Tomato_leaf_yellow_curl_virus/DSC01999-JPG_jpg.rf.700fa6596ab8750ad0f1c47a0defe191_aug_87aug78.jpg,Tomato_leaf_yellow_curl_virus,Tomato_leaf_yellow_curl_virus,0.9999998807907104,1,1.1976938247680664,8.075392723083496,0.16490936279296875,9.440995216369629
dataset/test/Tomato_leaf_yellow_curl_virus/DSC01999-JPG_jpg.rf.700fa6596ab8750ad0f1c47a0defe191_aug_88aug51.jpg,Tomato_leaf_yellow_curl_virus,Tomato_leaf_yellow_curl_virus,1.0,1,1.1925277709960938,8.335524559020996,0.16466808319091797,9.695276260375977
dataset/test/Tomato_leaf_yellow_curl_virus/DSC01999-JPG_jpg.rf.700fa6596ab8750ad0f1c47a0defe191_aug_89aug63.jpg,Tomato_leaf_yellow_curl_virus,Tomato_leaf_yellow_curl_virus,0.9999955892562866,1,1.1529340744018555,8.043781280517578,0.16161346435546875,9.36125373840332
dataset/test/Tomato_leaf_yellow_curl_virus/DSC01999-JPG_jpg.rf.700fa6596ab8750ad0f1c47a0defe191_aug_90aug85.jpg,Tomato_leaf_yellow_curl_virus,Tomato_leaf_yellow_curl_virus,1.0,1,1.2329721450805664,8.22854232788086,0.15911102294921875,9.623181343078613
dataset/test/Tomato_leaf_yellow_curl_virus/DSC01999-JPG_jpg.rf.700fa6596ab8750ad0f1c47a0defe191aug12.jpg,Tomato_leaf_yellow_curl_virus,Tomato_leaf_yellow_curl_virus,0.9999444484710693,1,1.1198968887329102,8.027910232543945,0.17650127410888672,9.327678680419922
dataset/test/Tomato_leaf_yellow_curl_virus/DSC01999.JPG_aug_63aug68.jpg,Tomato_leaf_yellow_curl_virus,Tomato_leaf_yellow_curl_virus,0.999964714050293,1,1.23297119140625,8.02850341796875,0.16585350036621094,9.429864883422852
dataset/test/Tomato_leaf_yellow_curl_virus/DSC01999.JPG_aug_64aug72.jpg,Tomato_leaf_yellow_curl_virus,Tomato_leaf_yellow_curl_virus,0.9999939203262329,1,1.2142868041992188,8.08341121673584,0.16462993621826172,9.464588165283203
dataset/test/Tomato_leaf_yellow_curl_virus/DSC01999.JPG_aug_65aug75.jpg,Tomato_leaf_yellow_curl_virus,Tomato_leaf_yellow_curl_virus,0.9999223947525024,1,1.2104902267456055,8.219467163085938,0.1778726577758789,9.610810279846191
dataset/test/Tomato_leaf_yellow_curl_virus/DSC01999.JPG_aug_66aug58.jpg,Tomato_leaf_yellow_curl_virus,Tomato_leaf_yellow_curl_virus,0.9999715089797974,1,1.2561769485473633,8.181449890136719,0.1735372543334961,9.614310264587402
dataset/test/Tomato_leaf_yellow_curl_virus/DSC01999.JPG_aug_67aug83.jpg,Tomato_leaf_yellow_curl_virus,Tomato_leaf_yellow_curl_virus,0.9999462366104126,1,1.1762123107910156,8.158652305603027,0.16800212860107422,9.505273818969727
dataset/test/Tomato_leaf_yellow_curl_virus/DSC01999.JPG_aug_68aug79.jpg,Tomato_leaf_yellow_curl_virus,Tomato_leaf_yellow_curl_virus,0.9999067783355713,1,1.2028799057006836,8.04054069519043,0.16950130462646484,9.415533065795898
dataset/test/Tomato_leaf_yellow_curl_virus/DSC01999.JPG_aug_69aug62.jpg,Tomato_leaf_yellow_curl_virus,Tomato_leaf_yellow_curl_virus,0.9999953508377075,1,1.2036571502685547,8.136911392211914,0.1746683120727539,9.518532752990723
dataset/test/Tomato_leaf_yellow_curl_virus/DSC01999.JPGaug9.jpg,Tomato_leaf_yellow_curl_virus,Tomato_leaf_yellow_curl_virus,0.9999762773513794,1,1.2137117385864258,8.14326286315918,0.17539024353027344,9.535384178161621
dataset/test/Tomato_leaf_yellow_curl_virus/IMG_20251102_155103aug15.jpg,Tomato_leaf_yellow_curl_virus,Tomato_leaf_yellow_curl_virus,0.9540244340896606,1,1.1272859573364258,8.129262924194336,0.1757793426513672,9.435587882995605
dataset/test/Tomato_leaf_yellow_curl_virus/IMG_20251102_160455_aug_42aug104.jpg,Tomato_leaf_yellow_curl_virus,Tomato_leaf_yellow_curl_virus,0.9366360306739807,1,1.1226568222045898,8.088041305541992,0.15751934051513672,9.371438980102539
dataset/test/Tomato_leaf_yellow_curl_virus/IMG_20251102_160455_aug_43aug111.jpg,Tomato_leaf_yellow_curl_virus,Tomato_mold_leaf,0.8623837232589722,0,1.0808954238891602,8.036687850952148,0.16655731201171875,9.286920547485352
dataset/test/Tomato_leaf_yellow_curl_virus/IMG_20251102_160455_aug_44aug112.jpg,Tomato_leaf_yellow_curl_virus,Tomato_leaf_yellow_curl_virus,0.993857204914093,1,1.2127504348754883,8.011817932128906,0.17572402954101562,9.403327941894531
dataset/test/Tomato_leaf_yellow_curl_virus/IMG_20251102_160455_aug_45aug108.jpg,Tomato_leaf_yellow_curl_virus,Tomato_leaf_yellow_curl_virus,0.99442458152771,1,1.224618911743164,8.289931297302246,0.16605567932128906,9.683497428894043
dataset/test/Tomato_leaf_yellow_curl_virus/IMG_20251102_160455_aug_46aug110.jpg,Tomato_leaf_yellow_curl_virus,Tomato_mold_leaf,0.8325825333595276,0,1.086970329284668,8.173745155334473,0.16983413696289062,9.43325424194336
dataset/test/Tomato_leaf_yellow_curl_virus/IMG_20251102_160455_aug_47aug98.jpg,Tomato_leaf_yellow_curl_virus,Tomato_leaf_yellow_curl_virus,0.9928111433982849,1,1.1414337158203125,8.246134757995605,0.16511249542236328,9.555218696594238
dataset/test/Tomato_leaf_yellow_curl_virus/IMG_20251102_160455_aug_48aug105.jpg,Tomato_leaf_yellow_curl_virus,Tomato_leaf_yellow_curl_virus,0.9944255352020264,1,1.085526466369629,10.86915397644043,0.2032613754272461,12.16088581085205
dataset/test/Tomato_leaf_yellow_curl_virus/IMG_20251102_160455aug6.jpg,Tomato_leaf_yellow_curl_virus,Tomato_leaf_yellow_curl_virus,0.9408223032951355,1,1.4901227951049805,11.022969245910645,0.1990203857421875,12.715258598327637
dataset/test/Tomato_leaf_yellow_curl_virus/IMG_20251102_160553_aug_35aug49.jpg,Tomato_leaf_yellow_curl_virus,Tomato_leaf_yellow_curl_virus,0.7431683540344238,1,1.554215431213379,10.86459732055664,0.2049274444580078,12.62661075592041
dataset/test/Tomato_leaf_yellow_curl_virus/IMG_20251102_160553_aug_36aug113.jpg,Tomato_leaf_yellow_curl_virus,Tomato_leaf_yellow_curl_virus,0.8084033727645874,1,1.6255683898925781,10.871987342834473,0.20565032958984375,12.706500053405762
dataset/test/Tomato_leaf_yellow_curl_virus/IMG_20251102_160553_aug_37aug114.jpg,Tomato_leaf_yellow_curl_virus,Tomato_Septoria_leaf_spot,0.7093243598937988,0,1.5209922790527344,10.823763847351074,0.2516670227050781,12.600424766540527
dataset/test/Tomato_leaf_yellow_curl_virus/IMG_20251102_160553_aug_38aug101.jpg,Tomato_leaf_yellow_curl_virus,Tomato_Septoria_leaf_spot,0.4911572337150574,0,1.5184555053710938,10.959468841552734,0.20533466339111328,12.686369895935059
dataset/test/Tomato_leaf_yellow_curl_virus/IMG_20251102_160553_aug_39aug118.jpg,Tomato_leaf_yellow_curl_virus,Tomato_Early_blight_leaf,0.4616888165473938,0,1.4869747161865234,11.371489524841309,0.1947803497314453,13.056595802307129
dataset/test/Tomato_leaf_yellow_curl_virus/IMG_20251102_160553_aug_40aug19.jpg,Tomato_leaf_yellow_curl_virus,Tomato_Early_blight_leaf,0.9303662180900574,0,1.5082712173461914,11.082803726196289,0.2092418670654297,12.804242134094238
dataset/test/Tomato_leaf_yellow_curl_virus/IMG_20251102_160553_aug_41aug119.jpg,Tomato_leaf_yellow_curl_virus,Tomato_Septoria_leaf_spot,0.537828803062439,0,1.5431594848632812,7.937650680541992,0.16646385192871094,9.65060806274414
dataset/test/Tomato_leaf_yellow_curl_virus/IMG_20251102_160553aug5.jpg,Tomato_leaf_yellow_curl_virus,Tomato_leaf_yellow_curl_virus,0.8413844704627991,1,1.1498041152954102,7.695611953735352,0.15774154663085938,9.006175994873047
dataset/test/Tomato_leaf_yellow_curl_virus/TYLCV-tomate-DB-445-171_jpg.rf.9d70326900dd981ab5d49063b0d644f0_aug_21aug41.jpg,Tomato_leaf_yellow_curl_virus,Tomato_leaf_yellow_curl_virus,0.9999840259552002,1,1.075840950012207,7.588074684143066,0.17589092254638672,8.842713356018066
dataset/test/Tomato_leaf_yellow_curl_virus/TYLCV-tomate-DB-445-171_jpg.rf.9d70326900dd981ab5d49063b0d644f0_aug_22aug30.jpg,Tomato_leaf_yellow_curl_virus,Tomato_leaf_yellow_curl_virus,0.9999604225158691,1,1.1501197814941406,7.631017684936523,0.16094493865966797,8.944825172424316
dataset/test/Tomato_leaf_yellow_curl_virus/TYLCV-tomate-DB-445-171_jpg.rf.9d70326900dd981ab5d49063b0d644f0_aug_23aug42.jpg,Tomato_leaf_yellow_curl_virus,Tomato_leaf_yellow_curl_virus,0.9999253749847412,1,1.103377342224121,7.625148773193359,0.20053863525390625,8.932415962219238
dataset/test/Tomato_leaf_yellow_curl_virus/TYLCV-tomate-DB-445-171_jpg.rf.9d70326900dd981ab5d49063b0d644f0_aug_24aug45.jpg,Tomato_leaf_yellow_curl_virus,Tomato_leaf_yellow_curl_virus,0.9999529123306274,1,1.0830078125,7.763149261474609,0.16102027893066406,9.00990104675293
dataset/test/Tomato_leaf_yellow_curl_virus/TYLCV-tomate-DB-445-171_jpg.rf.9d70326900dd981ab5d49063b0d644f0_aug_25aug20.jpg,Tomato_leaf_yellow_curl_virus,Tomato_leaf_yellow_curl_virus,0.999555766582489,1,1.0941381454467773,7.746390342712402,0.1637420654296875,9.007584571838379
dataset/test/Tomato_leaf_yellow_curl_virus/TYLCV-tomate-DB-445-171_jpg.rf.9d70326900dd981ab5d49063b0d644f0_aug_26aug18.jpg,Tomato_leaf_yellow_curl_virus,Tomato_leaf_yellow_curl_virus,0.9992969036102295,1,1.1045074462890625,7.763001441955566,0.16076087951660156,9.030806541442871
dataset/test/Tomato_leaf_yellow_curl_virus/TYLCV-tomate-DB-445-171_jpg.rf.9d70326900dd981ab5d49063b0d644f0_aug_27aug29.jpg,Tomato_leaf_yellow_curl_virus,Tomato_leaf_yellow_curl_virus,0.9999610185623169,1,1.1112489700317383,7.654073715209961,0.19548320770263672,8.963622093200684
dataset/test/Tomato_leaf_yellow_curl_virus/TYLCV-tomate-DB-445-171_jpg.rf.9d70326900dd981ab5d49063b0d644f0aug3.jpg,Tomato_leaf_yellow_curl_virus,Tomato_leaf_yellow_curl_virus,0.9999817609786987,1,1.1005821228027344,7.806279182434082,0.15803813934326172,9.067861557006836
dataset/test/Tomato_leaf_yellow_curl_virus/TYLCV4_jpg.rf.2e4accea501a220be9dc475dd1ca3121_aug_10aug22.jpg,Tomato_leaf_yellow_curl_virus,Tomato_leaf_yellow_curl_virus,1.0,1,1.0843591690063477,7.784520149230957,0.1552419662475586,9.026602745056152
dataset/test/Tomato_leaf_yellow_curl_virus/TYLCV4_jpg.rf.2e4accea501a220be9dc475dd1ca3121_aug_11aug44.jpg,Tomato_leaf_yellow_curl_virus,Tomato_leaf_yellow_curl_virus,0.9999997615814209,1,1.0673036575317383,7.746742248535156,0.16474151611328125,8.981158256530762
dataset/test/Tomato_leaf_yellow_curl_virus/TYLCV4_jpg.rf.2e4accea501a220be9dc475dd1ca3121_aug_12aug39.jpg,Tomato_leaf_yellow_curl_virus,Tomato_leaf_yellow_curl_virus,0.9999998807907104,1,1.132248878479004,7.843835830688477,0.17533493041992188,9.154641151428223
dataset/test/Tomato_leaf_yellow_curl_virus/TYLCV4_jpg.rf.2e4accea501a220be9dc475dd1ca3121_aug_13aug35.jpg,Tomato_leaf_yellow_curl_virus,Tomato_leaf_yellow_curl_virus,1.0,1,1.106618881225586,8.026984214782715,0.16246318817138672,9.299309730529785
dataset/test/Tomato_leaf_yellow_curl_virus/TYLCV4_jpg.rf.2e4accea501a220be9dc475dd1ca3121_aug_7aug40.jpg,Tomato_leaf_yellow_curl_virus,Tomato_leaf_yellow_curl_virus,1.0,1,1.0971755981445312,7.8929643630981445,0.17314815521240234,9.166492462158203
dataset/test/Tomato_leaf_yellow_curl_virus/TYLCV4_jpg.rf.2e4accea501a220be9dc475dd1ca3121_aug_8aug33.jpg,Tomato_leaf_yellow_curl_virus,Tomato_leaf_yellow_curl_virus,0.9999998807907104,1,1.1099529266357422,8.084911346435547,0.16439056396484375,9.36178970336914
dataset/test/Tomato_leaf_yellow_curl_virus/TYLCV4_jpg.rf.2e4accea501a220be9dc475dd1ca3121_aug_9aug48.jpg,Tomato_leaf_yellow_curl_virus,Tomato_leaf_yellow_curl_virus,1.0,1,1.1102848052978516,7.941150665283203,0.1580371856689453,9.211882591247559
dataset/test/Tomato_leaf_yellow_curl_virus/TYLCV4_jpg.rf.2e4accea501a220be9dc475dd1ca3121aug1.jpg,Tomato_leaf_yellow_curl_virus,Tomato_leaf_yellow_curl_virus,1.0,1,1.094099998474121,7.880704879760742,0.16302013397216797,9.140677452087402
dataset/test/Tomato_leaf_yellow_curl_virus/art_15017325188173_a24a66_aug_14aug36.jpg,Tomato_leaf_yellow_curl_virus,Tomato_leaf_yellow_curl_virus,0.9999521970748901,1,1.2239713668823242,7.957484245300293,0.16337013244628906,9.347735404968262
dataset/test/Tomato_leaf_yellow_curl_virus/art_15017325188173_a24a66_aug_15aug23.jpg,Tomato_leaf_yellow_curl_virus,Tomato_leaf_yellow_curl_virus,0.9985576272010803,1,1.220693588256836,8.010910034179688,0.1627979278564453,9.39753246307373
dataset/test/Tomato_leaf_yellow_curl_virus/art_15017325188173_a24a66_aug_16aug34.jpg,Tomato_leaf_yellow_curl_virus,Tomato_leaf_yellow_curl_virus,0.9998040795326233,1,1.1321754455566406,8.04028034210205,0.1719646453857422,9.347771644592285
dataset/test/Tomato_leaf_yellow_curl_virus/art_15017325188173_a24a66_aug_17aug43.jpg,Tomato_leaf_yellow_curl_virus,Tomato_leaf_yellow_curl_virus,0.998766303062439,1,1.1529531478881836,8.056743621826172,0.1985025405883789,9.410809516906738
dataset/test/Tomato_leaf_yellow_curl_virus/art_15017325188173_a24a66_aug_18aug47.jpg,Tomato_leaf_yellow_curl_virus,Tomato_leaf_yellow_curl_virus,0.9988535642623901,1,1.1655082702636719,8.781231880187988,0.17057514190673828,10.12094497680664
dataset/test/Tomato_leaf_yellow_curl_virus/art_15017325188173_a24a66_aug_19aug25.jpg,Tomato_leaf_yellow_curl_virus,Tomato_leaf_yellow_curl_virus,0.9417834281921387,1,1.173008918762207,8.000078201293945,0.16601943969726562,9.342216491699219
dataset/test/Tomato_leaf_yellow_curl_virus/art_15017325188173_a24a66_aug_20aug46.jpg,Tomato_leaf_yellow_curl_virus,Tomato_leaf_yellow_curl_virus,0.9993345141410828,1,1.1876182556152344,7.908927917480469,0.1617412567138672,9.261178970336914
dataset/test/Tomato_leaf_yellow_curl_virus/art_15017325188173_a24a66aug2.jpg,Tomato_leaf_yellow_curl_virus,Tomato_leaf_yellow_curl_virus,0.9989388585090637,1,1.1685266494750977,7.910336494445801,0.15972232818603516,9.241066932678223
dataset/test/Tomato_leaf_yellow_curl_virus/psyllid-yellows_jpg.rf.1d99aab2f43a840be530ce313eb0c0fd_aug_56aug57.jpg,Tomato_leaf_yellow_curl_virus,Tomato_leaf_yellow_curl_virus,0.9965910911560059,1,1.1172113418579102,7.903557777404785,0.1678905487060547,9.191919326782227
dataset/test/Tomato_leaf_yellow_curl_virus/psyllid-yellows_jpg.rf.1d99aab2f43a840be530ce313eb0c0fd_aug_57aug84.jpg,Tomato_leaf_yellow_curl_virus,Tomato_leaf_yellow_curl_virus,0.999725878238678,1,1.172952651977539,8.033539772033691,0.16239070892333984,9.371438026428223
dataset/test/Tomato_leaf_yellow_curl_virus/psyllid-yellows_jpg.rf.1d99aab2f43a840be530ce313eb0c0fd_aug_58aug52.jpg,Tomato_leaf_yellow_curl_virus,Tomato_leaf_yellow_curl_virus,0.999725878238678,1,1.111581802368164,7.947817802429199,0.15746402740478516,9.219475746154785
dataset/test/Tomato_leaf_yellow_curl_virus/psyllid-yellows_jpg.rf.1d99aab2f43a840be530ce313eb0c0fd_aug_59aug77.jpg,Tomato_leaf_yellow_curl_virus,Tomato_leaf_yellow_curl_virus,0.9999741315841675,1,1.1361751556396484,8.774415969848633,0.15857410430908203,10.072073936462402
dataset/test/Tomato_leaf_yellow_curl_virus/psyllid-yellows_jpg.rf.1d99aab2f43a840be530ce313eb0c0fd_aug_60aug86.jpg,Tomato_leaf_yellow_curl_virus,Tomato_leaf_yellow_curl_virus,0.9998935461044312,1,1.1624164581298828,8.150875091552734,0.18600082397460938,9.501847267150879
dataset/test/Tomato_leaf_yellow_curl_virus/psyllid-yellows_jpg.rf.1d99aab2f43a840be530ce313eb0c0fd_aug_61aug59.jpg,Tomato_leaf_yellow_curl_virus,Tomato_leaf_yellow_curl_virus,0.9997028708457947,1,1.2135276794433594,8.483227729797363,0.1629638671875,9.862515449523926
dataset/test/Tomato_leaf_yellow_curl_virus/psyllid-yellows_jpg.rf.1d99aab2f43a840be530ce313eb0c0fd_aug_62aug67.jpg,Tomato_leaf_yellow_curl_virus,Tomato_leaf_yellow_curl_virus,0.9997844099998474,1,1.2814550399780273,8.02109432220459,0.16822433471679688,9.474347114562988
dataset/test/Tomato_leaf_yellow_curl_virus/psyllid-yellows_jpg.rf.1d99aab2f43a840be530ce313eb0c0fdaug8.jpg,Tomato_leaf_yellow_curl_virus,Tomato_leaf_yellow_curl_virus,0.9885518550872803,1,1.160879135131836,19.309548377990723,0.1763906478881836,20.64966869354248
dataset/test/Tomato_leaf_yellow_curl_virus/tj5itxzunn3k_jpg.rf.4aeda27b2535578e718fe6279491d0d4_aug_49aug102.jpg,Tomato_leaf_yellow_curl_virus,Tomato_leaf_yellow_curl_virus,0.9999998807907104,1,1.114175796508789,13.307209014892578,0.20970535278320312,14.634051322937012
dataset/test/Tomato_leaf_yellow_curl_virus/tj5itxzunn3k_jpg.rf.4aeda27b2535578e718fe6279491d0d4_aug_50aug109.jpg,Tomato_leaf_yellow_curl_virus,Tomato_leaf_yellow_curl_virus,0.9999996423721313,1,1.11065673828125,8.373617172241211,0.16837215423583984,9.655478477478027
dataset/test/Tomato_leaf_yellow_curl_virus/tj5itxzunn3k_jpg.rf.4aeda27b2535578e718fe6279491d0d4_aug_51aug99.jpg,Tomato_leaf_yellow_curl_virus,Tomato_leaf_yellow_curl_virus,0.9999865293502808,1,1.1008224487304688,8.337616920471191,0.16385364532470703,9.605070114135742
dataset/test/Tomato_leaf_yellow_curl_virus/tj5itxzunn3k_jpg.rf.4aeda27b2535578e718fe6279491d0d4_aug_52aug103.jpg,Tomato_leaf_yellow_curl_virus,Tomato_leaf_yellow_curl_virus,1.0,1,1.129119873046875,8.373245239257812,0.1627788543701172,9.667699813842773
dataset/test/Tomato_leaf_yellow_curl_virus/tj5itxzunn3k_jpg.rf.4aeda27b2535578e718fe6279491d0d4_aug_53aug100.jpg,Tomato_leaf_yellow_curl_virus,Tomato_leaf_yellow_curl_virus,0.9999998807907104,1,1.0830440521240234,8.275654792785645,0.18233394622802734,9.544198989868164
dataset/test/Tomato_leaf_yellow_curl_virus/tj5itxzunn3k_jpg.rf.4aeda27b2535578e718fe6279491d0d4_aug_54aug106.jpg,Tomato_leaf_yellow_curl_virus,Tomato_leaf_yellow_curl_virus,0.9999988079071045,1,1.1892671585083008,8.333690643310547,0.16812992095947266,9.693829536437988
dataset/test/Tomato_leaf_yellow_curl_virus/tj5itxzunn3k_jpg.rf.4aeda27b2535578e718fe6279491d0d4_aug_55aug107.jpg,Tomato_leaf_yellow_curl_virus,Tomato_leaf_yellow_curl_virus,0.9999990463256836,1,1.0945825576782227,8.321653366088867,0.18218612670898438,9.601606369018555
dataset/test/Tomato_leaf_yellow_curl_virus/tj5itxzunn3k_jpg.rf.4aeda27b2535578e718fe6279491d0d4aug7.jpg,Tomato_leaf_yellow_curl_virus,Tomato_leaf_yellow_curl_virus,0.9999934434890747,1,1.1444902420043945,8.200467109680176,0.16466808319091797,9.512198448181152
dataset/test/Tomato_leaf_yellow_curl_virus/tomato-yellow-closeup-3_aug_28aug16.jpg,Tomato_leaf_yellow_curl_virus,Tomato_Early_blight_leaf,0.3368263840675354,0,1.1793241500854492,8.142467498779297,0.1650381088256836,9.489347457885742
dataset/test/Tomato_leaf_yellow_curl_virus/tomato-yellow-closeup-3_aug_29aug27.jpg,Tomato_leaf_yellow_curl_virus,Tomato_Early_blight_leaf,0.7254366278648376,0,1.1473779678344727,8.116634368896484,0.16450119018554688,9.431289672851562
dataset/test/Tomato_leaf_yellow_curl_virus/tomato-yellow-closeup-3_aug_30aug117.jpg,Tomato_leaf_yellow_curl_virus,Tomato_leaf_yellow_curl_virus,0.3740665316581726,1,1.1287317276000977,8.054576873779297,0.16544532775878906,9.351605415344238
dataset/test/Tomato_leaf_yellow_curl_virus/tomato-yellow-closeup-3_aug_31aug31.jpg,Tomato_leaf_yellow_curl_virus,Tomato_leaf_yellow_curl_virus,0.4362892210483551,1,1.1682491302490234,7.926002502441406,0.16439056396484375,9.26123332977295
dataset/test/Tomato_leaf_yellow_curl_virus/tomato-yellow-closeup-3_aug_32aug115.jpg,Tomato_leaf_yellow_curl_virus,Tomato_mold_leaf,0.4442044794559479,0,1.138545036315918,8.144354820251465,0.16444683074951172,9.450032234191895
dataset/test/Tomato_leaf_yellow_curl_virus/tomato-yellow-closeup-3_aug_33aug116.jpg,Tomato_leaf_yellow_curl_virus,Tomato_mold_leaf,0.38456952571868896,0,1.1321945190429688,7.903428077697754,0.16544628143310547,9.2041597366333
dataset/test/Tomato_leaf_yellow_curl_virus/tomato-yellow-closeup-3_aug_34aug26.jpg,Tomato_leaf_yellow_curl_virus,Tomato_Septoria_leaf_spot,0.4036710560321808,0,1.2153053283691406,7.863186836242676,0.1673898696899414,9.24862289428711
dataset/test/Tomato_leaf_yellow_curl_virus/tomato-yellow-closeup-3aug4.jpg,Tomato_leaf_yellow_curl_virus,Tomato_Early_blight_leaf,0.45826756954193115,0,1.1384716033935547,8.67534065246582,0.1641864776611328,9.98086929321289
dataset/test/Tomato_leaf_yellow_curl_virus/tomato-yellow-leaf-curl-virus-tomato-1_aug_100aug92.jpg,Tomato_leaf_yellow_curl_virus,Tomato_leaf_yellow_curl_virus,0.9999977350234985,1,1.217026710510254,7.995837211608887,0.1650562286376953,9.38080883026123
dataset/test/Tomato_leaf_yellow_curl_virus/tomato-yellow-leaf-curl-virus-tomato-1_aug_101aug95.jpg,Tomato_leaf_yellow_curl_virus,Tomato_leaf_yellow_curl_virus,0.9999861717224121,1,1.138840675354004,8.235689163208008,0.16237163543701172,9.53997802734375
dataset/test/Tomato_leaf_yellow_curl_virus/tomato-yellow-leaf-curl-virus-tomato-1_aug_102aug88.jpg,Tomato_leaf_yellow_curl_virus,Tomato_leaf_yellow_curl_virus,0.9999992847442627,1,1.130488395690918,8.300857543945312,0.16863155364990234,9.602828979492188
dataset/test/Tomato_leaf_yellow_curl_virus/tomato-yellow-leaf-curl-virus-tomato-1_aug_103aug93.jpg,Tomato_leaf_yellow_curl_virus,Tomato_leaf_yellow_curl_virus,0.9999099969863892,1,1.2086200714111328,8.180541038513184,0.1658153533935547,9.55784797668457
dataset/test/Tomato_leaf_yellow_curl_virus/tomato-yellow-leaf-curl-virus-tomato-1_aug_98aug91.jpg,Tomato_leaf_yellow_curl_virus,Tomato_leaf_yellow_curl_virus,0.9999558925628662,1,1.1395072937011719,8.04544734954834,0.16792774200439453,9.35599422454834
dataset/test/Tomato_leaf_yellow_curl_virus/tomato-yellow-leaf-curl-virus-tomato-1_aug_99aug90.jpg,Tomato_leaf_yellow_curl_virus,Tomato_leaf_yellow_curl_virus,0.999966025352478,1,1.15130615234375,8.182540893554688,0.16481685638427734,9.501625061035156
dataset/test/Tomato_leaf_yellow_curl_virus/tomato-yellow-leaf-curl-virus-tomato-1aug14.jpg,Tomato_leaf_yellow_curl_virus,Tomato_leaf_yellow_curl_virus,0.9999964237213135,1,1.1842126846313477,8.013059616088867,0.17409420013427734,9.374494552612305
dataset/test/Tomato_leaf_yellow_curl_virus/tomatoyellowleafcurlcropped_aug_91aug55.jpg,Tomato_leaf_yellow_curl_virus,Tomato_leaf_yellow_curl_virus,0.9999967813491821,1,1.141951560974121,8.141448974609375,0.16602039337158203,9.452679634094238
dataset/test/Tomato_leaf_yellow_curl_virus/tomatoyellowleafcurlcropped_aug_92aug89.jpg,Tomato_leaf_yellow_curl_virus,Tomato_leaf_yellow_curl_virus,0.9999980926513672,1,1.1223783493041992,8.174745559692383,0.1719827651977539,9.472587585449219
dataset/test/Tomato_leaf_yellow_curl_virus/tomatoyellowleafcurlcropped_aug_93aug97.jpg,Tomato_leaf_yellow_curl_virus,Tomato_leaf_yellow_curl_virus,0.9999964237213135,1,1.1333417892456055,8.261319160461426,0.1745758056640625,9.572532653808594
dataset/test/Tomato_leaf_yellow_curl_virus/tomatoyellowleafcurlcropped_aug_94aug50.jpg,Tomato_leaf_yellow_curl_virus,Tomato_leaf_yellow_curl_virus,0.9999954700469971,1,1.1628227233886719,8.350838661193848,0.15900135040283203,9.675495147705078
dataset/test/Tomato_leaf_yellow_curl_virus/tomatoyellowleafcurlcropped_aug_95aug87.jpg,Tomato_leaf_yellow_curl_virus,Tomato_leaf_yellow_curl_virus,0.9999682903289795,1,1.1604900360107422,8.016336441040039,0.17768573760986328,9.357309341430664
dataset/test/Tomato_leaf_yellow_curl_virus/tomatoyellowleafcurlcropped_aug_96aug96.jpg,Tomato_leaf_yellow_curl_virus,Tomato_leaf_yellow_curl_virus,0.9999967813491821,1,1.2117862701416016,8.199688911437988,0.17139053344726562,9.585699081420898
dataset/test/Tomato_leaf_yellow_curl_virus/tomatoyellowleafcurlcropped_aug_97aug94.jpg,Tomato_leaf_yellow_curl_virus,Tomato_leaf_yellow_curl_virus,0.9999967813491821,1,1.2081012725830078,8.40515422821045,0.16740894317626953,9.783831596374512
dataset/test/Tomato_leaf_yellow_curl_virus/tomatoyellowleafcurlcroppedaug13.jpg,Tomato_leaf_yellow_curl_virus,Tomato_leaf_yellow_curl_virus,0.9999982118606567,1,1.1493415832519531,8.154227256774902,0.17659282684326172,9.483512878417969
dataset/test/Tomato_leaf_yellow_curl_virus/virus1_aug_0aug37.jpg,Tomato_leaf_yellow_curl_virus,Tomato_leaf_yellow_curl_virus,0.9997262358665466,1,1.1356754302978516,8.555747032165527,0.1663351058959961,9.860570907592773
dataset/test/Tomato_leaf_yellow_curl_virus/virus1_aug_1aug21.jpg,Tomato_leaf_yellow_curl_virus,Tomato_leaf_yellow_curl_virus,0.9524030685424805,1,1.1486568450927734,8.430228233337402,0.1642780303955078,9.745979309082031
dataset/test/Tomato_leaf_yellow_curl_virus/virus1_aug_2aug24.jpg,Tomato_leaf_yellow_curl_virus,Tomato_leaf_yellow_curl_virus,0.9999493360519409,1,1.1237668991088867,8.467451095581055,0.16716766357421875,9.761163711547852
dataset/test/Tomato_leaf_yellow_curl_virus/virus1_aug_3aug17.jpg,Tomato_leaf_yellow_curl_virus,Tomato_leaf_yellow_curl_virus,0.9771780967712402,1,1.1597490310668945,8.626080513000488,0.16733264923095703,9.956610679626465
dataset/test/Tomato_leaf_yellow_curl_virus/virus1_aug_4aug28.jpg,Tomato_leaf_yellow_curl_virus,Tomato_leaf_yellow_curl_virus,0.9821633696556091,1,1.1247482299804688,8.353763580322266,0.1681671142578125,9.649551391601562
dataset/test/Tomato_leaf_yellow_curl_virus/virus1_aug_5aug32.jpg,Tomato_leaf_yellow_curl_virus,Tomato_leaf_yellow_curl_virus,0.9771780967712402,1,1.1226377487182617,8.329005241394043,0.17064952850341797,9.625347137451172
dataset/test/Tomato_leaf_yellow_curl_virus/virus1_aug_6aug38.jpg,Tomato_leaf_yellow_curl_virus,Tomato_leaf_yellow_curl_virus,0.9956756234169006,1,1.1284904479980469,8.481766700744629,0.1656494140625,9.778460502624512
dataset/test/Tomato_leaf_yellow_curl_virus/virus1aug0.jpg,Tomato_leaf_yellow_curl_virus,Tomato_leaf_yellow_curl_virus,0.9900581240653992,1,1.1090450286865234,8.338486671447754,0.16874122619628906,9.618959426879883
dataset/test/Tomato_mold_leaf/IMG-20240724-WA0020_aug_68aug87.jpg,Tomato_mold_leaf,Tomato_mold_leaf,0.9758240580558777,1,1.204416275024414,8.258892059326172,0.1602611541748047,9.62655258178711
dataset/test/Tomato_mold_leaf/IMG-20240724-WA0020_aug_69aug97.jpg,Tomato_mold_leaf,Tomato_mold_leaf,0.8133736848831177,1,1.1415834426879883,8.480117797851562,0.15901851654052734,9.783369064331055
dataset/test/Tomato_mold_leaf/IMG-20240724-WA0020_aug_70aug82.jpg,Tomato_mold_leaf,Tomato_mold_leaf,0.9811727404594421,1,1.195176124572754,8.32702350616455,0.1790752410888672,9.703997611999512
dataset/test/Tomato_mold_leaf/IMG-20240724-WA0020_aug_71aug98.jpg,Tomato_mold_leaf,Tomato_mold_leaf,0.9274517297744751,1,1.2373237609863281,8.18065357208252,0.1766500473022461,9.597516059875488
dataset/test/Tomato_mold_leaf/IMG-20240724-WA0020aug17.jpg,Tomato_mold_leaf,Tomato_mold_leaf,0.5277436375617981,1,1.178360939025879,8.197263717651367,0.1982593536376953,9.577014923095703
dataset/test/Tomato_mold_leaf/IMG-20240724-WA0044_aug_10aug44.jpg,Tomato_mold_leaf,Tomato_mold_leaf,0.9999685287475586,1,1.1383056640625,8.208930969238281,0.16594600677490234,9.515995025634766
dataset/test/Tomato_mold_leaf/IMG-20240724-WA0044_aug_11aug49.jpg,Tomato_mold_leaf,Tomato_mold_leaf,0.9999945163726807,1,1.174489974975586,8.300097465515137,0.16379737854003906,9.641441345214844
dataset/test/Tomato_mold_leaf/IMG-20240724-WA0044_aug_8aug35.jpg,Tomato_mold_leaf,Tomato_mold_leaf,0.9999991655349731,1,1.1944904327392578,8.336116790771484,0.17207622528076172,9.705866813659668
dataset/test/Tomato_mold_leaf/IMG-20240724-WA0044_aug_9aug41.jpg,Tomato_mold_leaf,Tomato_mold_leaf,0.9995162487030029,1,1.1614160537719727,8.37633991241455,0.1658344268798828,9.706347465515137
dataset/test/Tomato_mold_leaf/IMG-20240724-WA0044aug2.jpg,Tomato_mold_leaf,Tomato_mold_leaf,0.9997734427452087,1,1.1495447158813477,8.308728218078613,0.1769266128540039,9.638663291931152
dataset/test/Tomato_mold_leaf/IMG-20240724-WA0055_aug_28aug27.jpg,Tomato_mold_leaf,Tomato_mold_leaf,0.9999991655349731,1,1.166860580444336,8.1964111328125,0.17296504974365234,9.53955078125
dataset/test/Tomato_mold_leaf/IMG-20240724-WA0055_aug_29aug28.jpg,Tomato_mold_leaf,Tomato_mold_leaf,0.9999998807907104,1,1.1342496871948242,8.313227653503418,0.16164875030517578,9.612013816833496
dataset/test/Tomato_mold_leaf/IMG-20240724-WA0055_aug_30aug43.jpg,Tomato_mold_leaf,Tomato_mold_leaf,0.9999997615814209,1,1.1595649719238281,8.156170845031738,0.16463088989257812,9.483199119567871
dataset/test/Tomato_mold_leaf/IMG-20240724-WA0055_aug_31aug50.jpg,Tomato_mold_leaf,Tomato_mold_leaf,1.0,1,1.112156867980957,8.014132499694824,0.17892742156982422,9.308420181274414
dataset/test/Tomato_mold_leaf/IMG-20240724-WA0055aug7.jpg,Tomato_mold_leaf,Tomato_mold_leaf,0.9999998807907104,1,1.1460084915161133,8.219596862792969,0.1630382537841797,9.531754493713379
dataset/test/Tomato_mold_leaf/IMG-20240724-WA0065_aug_80aug69.jpg,Tomato_mold_leaf,Tomato_mold_leaf,0.9999996423721313,1,1.2065258026123047,8.149948120117188,0.16814899444580078,9.527791023254395
dataset/test/Tomato_mold_leaf/IMG-20240724-WA0065_aug_81aug70.jpg,Tomato_mold_leaf,Tomato_mold_leaf,0.9999945163726807,1,1.1844902038574219,8.10557746887207,0.15863037109375,9.451549530029297
dataset/test/Tomato_mold_leaf/IMG-20240724-WA0065_aug_82aug66.jpg,Tomato_mold_leaf,Tomato_mold_leaf,0.9999953508377075,1,1.1600456237792969,8.097521781921387,0.16107463836669922,9.421106338500977
dataset/test/Tomato_mold_leaf/IMG-20240724-WA0065_aug_83aug65.jpg,Tomato_mold_leaf,Tomato_mold_leaf,0.9999877214431763,1,1.1424341201782227,8.10987377166748,0.16500282287597656,9.420105934143066
dataset/test/Tomato_mold_leaf/IMG-20240724-WA0065aug20.jpg,Tomato_mold_leaf,Tomato_mold_leaf,0.9999964237213135,1,1.2458972930908203,7.978132247924805,0.17011356353759766,9.397326469421387
dataset/test/Tomato_mold_leaf/IMG-20240725-WA0031_aug_0aug46.jpg,Tomato_mold_leaf,Tomato_mold_leaf,0.9919431209564209,1,1.1352853775024414,8.206764221191406,0.16692733764648438,9.51171875
dataset/test/Tomato_mold_leaf/IMG-20240725-WA0031_aug_1aug47.jpg,Tomato_mold_leaf,Tomato_mold_leaf,0.9991512298583984,1,1.0756187438964844,8.11581802368164,0.1642608642578125,9.358549118041992
dataset/test/Tomato_mold_leaf/IMG-20240725-WA0031_aug_2aug37.jpg,Tomato_mold_leaf,Tomato_mold_leaf,0.9919431209564209,1,1.0828227996826172,8.006596565246582,0.16112995147705078,9.253512382507324
dataset/test/Tomato_mold_leaf/IMG-20240725-WA0031_aug_3aug45.jpg,Tomato_mold_leaf,Tomato_mold_leaf,0.9992302656173706,1,1.0950641632080078,8.011241912841797,0.16242599487304688,9.271326065063477
dataset/test/Tomato_mold_leaf/IMG-20240725-WA0031aug0.jpg,Tomato_mold_leaf,Tomato_mold_leaf,0.8051120042800903,1,1.0828418731689453,8.049114227294922,0.15826034545898438,9.292938232421875
dataset/test/Tomato_mold_leaf/IMG-20240725-WA0039_aug_72aug79.jpg,Tomato_mold_leaf,Tomato_mold_leaf,1.0,1,1.0792293548583984,7.825723648071289,0.1617422103881836,9.069436073303223
dataset/test/Tomato_mold_leaf/IMG-20240725-WA0039_aug_73aug95.jpg,Tomato_mold_leaf,Tomato_mold_leaf,1.0,1,1.2301750183105469,7.881595611572266,0.16481685638427734,9.279363632202148
dataset/test/Tomato_mold_leaf/IMG-20240725-WA0039_aug_74aug71.jpg,Tomato_mold_leaf,Tomato_mold_leaf,1.0,1,1.1966209411621094,8.17091178894043,0.16563129425048828,9.535754203796387
dataset/test/Tomato_mold_leaf/IMG-20240725-WA0039_aug_75aug80.jpg,Tomato_mold_leaf,Tomato_mold_leaf,1.0,1,1.0897865295410156,8.10067081451416,0.16170501708984375,9.355161666870117
dataset/test/Tomato_mold_leaf/IMG-20240725-WA0039aug18.jpg,Tomato_mold_leaf,Tomato_mold_leaf,1.0,1,1.1103401184082031,8.044929504394531,0.16361236572265625,9.321789741516113
dataset/test/Tomato_mold_leaf/IMG-20240727-WA0038_aug_40aug105.jpg,Tomato_mold_leaf,Tomato_mold_leaf,0.9999997615814209,1,1.1109895706176758,8.030874252319336,0.16394615173339844,9.308772087097168
dataset/test/Tomato_mold_leaf/IMG-20240727-WA0038_aug_41aug106.jpg,Tomato_mold_leaf,Tomato_mold_leaf,0.9999992847442627,1,1.0959892272949219,8.005446434020996,0.1621685028076172,9.266326904296875
dataset/test/Tomato_mold_leaf/IMG-20240727-WA0038_aug_42aug116.jpg,Tomato_mold_leaf,Tomato_mold_leaf,1.0,1,1.1112499237060547,8.136727333068848,0.16609477996826172,9.417736053466797
dataset/test/Tomato_mold_leaf/IMG-20240727-WA0038_aug_43aug110.jpg,Tomato_mold_leaf,Tomato_mold_leaf,0.9999979734420776,1,1.1159906387329102,8.394116401672363,0.16350173950195312,9.676460266113281
dataset/test/Tomato_mold_leaf/IMG-20240727-WA0038aug10.jpg,Tomato_mold_leaf,Tomato_mold_leaf,1.0,1,1.1030817031860352,8.148652076721191,0.1657238006591797,9.420698165893555
dataset/test/Tomato_mold_leaf/IMG-20240727-WA0040_aug_56aug92.jpg,Tomato_mold_leaf,Tomato_mold_leaf,0.9999995231628418,1,1.135416030883789,8.153206825256348,0.16898250579833984,9.46056842803955
dataset/test/Tomato_mold_leaf/IMG-20240727-WA0040_aug_57aug83.jpg,Tomato_mold_leaf,Tomato_mold_leaf,0.9999507665634155,1,1.1175823211669922,8.198022842407227,0.1617431640625,9.480237007141113
dataset/test/Tomato_mold_leaf/IMG-20240727-WA0040_aug_58aug77.jpg,Tomato_mold_leaf,Tomato_mold_leaf,0.9999760389328003,1,1.090378761291504,8.131041526794434,0.15564823150634766,9.379439353942871
dataset/test/Tomato_mold_leaf/IMG-20240727-WA0040_aug_59aug94.jpg,Tomato_mold_leaf,Tomato_mold_leaf,0.9999663829803467,1,1.091470718383789,8.034058570861816,0.16457462310791016,9.293327331542969
dataset/test/Tomato_mold_leaf/IMG-20240727-WA0040aug14.jpg,Tomato_mold_leaf,Tomato_mold_leaf,0.9999986886978149,1,1.2076377868652344,8.049613952636719,0.1762981414794922,9.437068939208984
dataset/test/Tomato_mold_leaf/IMG-20240727-WA0124_aug_20aug54.jpg,Tomato_mold_leaf,Tomato_mold_leaf,1.0,1,1.247694969177246,8.064373970031738,0.16540908813476562,9.480440139770508
dataset/test/Tomato_mold_leaf/IMG-20240727-WA0124_aug_21aug38.jpg,Tomato_mold_leaf,Tomato_mold_leaf,0.9998290538787842,1,1.1188974380493164,8.182818412780762,0.16405677795410156,9.468531608581543
dataset/test/Tomato_mold_leaf/IMG-20240727-WA0124_aug_22aug31.jpg,Tomato_mold_leaf,Tomato_mold_leaf,0.9999415874481201,1,1.1255817413330078,8.215373992919922,0.16537094116210938,9.509142875671387
dataset/test/Tomato_mold_leaf/IMG-20240727-WA0124_aug_23aug55.jpg,Tomato_mold_leaf,Tomato_mold_leaf,0.9999488592147827,1,1.1564531326293945,10.806727409362793,0.20587158203125,12.172236442565918
dataset/test/Tomato_mold_leaf/IMG-20240727-WA0124aug5.jpg,Tomato_mold_leaf,Tomato_mold_leaf,0.9999998807907104,1,1.6533632278442383,10.99504280090332,0.2019824981689453,12.853909492492676
dataset/test/Tomato_mold_leaf/IMG-20240727-WA0153_aug_92aug58.jpg,Tomato_mold_leaf,Tomato_mold_leaf,0.9999730587005615,1,1.4280662536621094,10.951358795166016,0.19444561004638672,12.576813697814941
dataset/test/Tomato_mold_leaf/IMG-20240727-WA0153_aug_93aug60.jpg,Tomato_mold_leaf,Tomato_mold_leaf,0.9999334812164307,1,1.4215097427368164,11.021894454956055,0.20296573638916016,12.649444580078125
dataset/test/Tomato_mold_leaf/IMG-20240727-WA0153aug23.jpg,Tomato_mold_leaf,Tomato_mold_leaf,0.996473491191864,1,1.4272890090942383,11.025914192199707,0.20226001739501953,12.6589994430542
dataset/test/Tomato_mold_leaf/IMG-20240727-WA0165aug25.jpg,Tomato_mold_leaf,Tomato_mold_leaf,0.9999834299087524,1,1.4508991241455078,11.055303573608398,0.20572471618652344,12.715333938598633
dataset/test/Tomato_mold_leaf/IMG-20240728-WA0028_aug_64aug91.jpg,Tomato_mold_leaf,Tomato_mold_leaf,0.9999850988388062,1,1.4588441848754883,11.087172508239746,0.18968677520751953,12.738964080810547
dataset/test/Tomato_mold_leaf/IMG-20240728-WA0028_aug_65aug86.jpg,Tomato_mold_leaf,Tomato_mold_leaf,0.9999802112579346,1,1.4305105209350586,11.017544746398926,0.20166778564453125,12.653129577636719
dataset/test/Tomato_mold_leaf/IMG-20240728-WA0028_aug_66aug78.jpg,Tomato_mold_leaf,Tomato_mold_leaf,0.9999895095825195,1,1.402547836303711,8.024429321289062,0.15735340118408203,9.587273597717285
dataset/test/Tomato_mold_leaf/IMG-20240728-WA0028_aug_67aug99.jpg,Tomato_mold_leaf,Tomato_mold_leaf,0.9999985694885254,1,1.0464706420898438,7.702482223510742,0.1537790298461914,8.905343055725098
dataset/test/Tomato_mold_leaf/IMG-20240728-WA0028aug16.jpg,Tomato_mold_leaf,Tomato_mold_leaf,0.9999903440475464,1,1.0070266723632812,7.511630058288574,0.15929698944091797,8.680804252624512
dataset/test/Tomato_mold_leaf/IMG-20240728-WA0068_aug_12aug29.jpg,Tomato_mold_leaf,Tomato_mold_leaf,0.9999696016311646,1,1.1823978424072266,7.562129020690918,0.17018699645996094,8.917769432067871
dataset/test/Tomato_mold_leaf/IMG-20240728-WA0068_aug_13aug30.jpg,Tomato_mold_leaf,Tomato_mold_leaf,0.9999911785125732,1,1.0410442352294922,7.663871765136719,0.15755748748779297,8.865157127380371
dataset/test/Tomato_mold_leaf/IMG-20240728-WA0068_aug_14aug56.jpg,Tomato_mold_leaf,Tomato_mold_leaf,0.9999821186065674,1,1.0561370849609375,7.752723693847656,0.1631488800048828,8.974620819091797
dataset/test/Tomato_mold_leaf/IMG-20240728-WA0068_aug_15aug42.jpg,Tomato_mold_leaf,Tomato_mold_leaf,0.9999889135360718,1,1.0462303161621094,8.401893615722656,0.15744495391845703,9.60814380645752
dataset/test/Tomato_mold_leaf/IMG-20240728-WA0068aug3.jpg,Tomato_mold_leaf,Tomato_mold_leaf,0.9999707937240601,1,1.0796737670898438,7.808629989624023,0.15772438049316406,9.04886245727539
dataset/test/Tomato_mold_leaf/IMG-20240728-WA0074_aug_44aug102.jpg,Tomato_mold_leaf,Tomato_mold_leaf,0.9999997615814209,1,1.0762853622436523,8.606043815612793,0.19992637634277344,9.885571479797363
dataset/test/Tomato_mold_leaf/IMG-20240728-WA0074_aug_45aug75.jpg,Tomato_mold_leaf,Tomato_mold_leaf,1.0,1,1.2288217544555664,7.836132049560547,0.19344615936279297,9.26136302947998
dataset/test/Tomato_mold_leaf/IMG-20240728-WA0074_aug_46aug89.jpg,Tomato_mold_leaf,Tomato_mold_leaf,0.9999998807907104,1,1.0506744384765625,10.416297912597656,0.16603755950927734,11.635732650756836
dataset/test/Tomato_mold_leaf/IMG-20240728-WA0074_aug_47aug111.jpg,Tomato_mold_leaf,Tomato_mold_leaf,1.0,1,1.1228971481323242,16.799196243286133,0.18344402313232422,18.10857582092285
dataset/test/Tomato_mold_leaf/IMG-20240728-WA0074aug11.jpg,Tomato_mold_leaf,Tomato_mold_leaf,0.9999998807907104,1,1.3578815460205078,10.538448333740234,0.1649456024169922,12.063958168029785
dataset/test/Tomato_mold_leaf/IMG-20240728-WA0075aug24.jpg,Tomato_mold_leaf,Tomato_mold_leaf,0.9999995231628418,1,1.1114158630371094,8.222968101501465,0.16335296630859375,9.500679969787598
dataset/test/Tomato_mold_leaf/IMG-20240728-WA0087_aug_32aug113.jpg,Tomato_mold_leaf,Tomato_mold_leaf,0.999992847442627,1,1.2645463943481445,8.023743629455566,0.1643524169921875,9.455236434936523
dataset/test/Tomato_mold_leaf/IMG-20240728-WA0087_aug_33aug112.jpg,Tomato_mold_leaf,Tomato_mold_leaf,0.9999946355819702,1,1.1362123489379883,8.18200397491455,0.16501998901367188,9.485865592956543
dataset/test/Tomato_mold_leaf/IMG-20240728-WA0087_aug_34aug104.jpg,Tomato_mold_leaf,Tomato_mold_leaf,0.9999933242797852,1,1.1174345016479492,8.177022933959961,0.17135238647460938,9.46906852722168
dataset/test/Tomato_mold_leaf/IMG-20240728-WA0087_aug_35aug100.jpg,Tomato_mold_leaf,Tomato_mold_leaf,0.9999996423721313,1,1.1755084991455078,8.247800827026367,0.16335391998291016,9.589811325073242
dataset/test/Tomato_mold_leaf/IMG-20240728-WA0087aug8.jpg,Tomato_mold_leaf,Tomato_mold_leaf,0.9999035596847534,1,1.120509147644043,8.175948143005371,0.16499996185302734,9.4642915725708
dataset/test/Tomato_mold_leaf/IMG-20240728-WA0093_aug_76aug90.jpg,Tomato_mold_leaf,Tomato_mold_leaf,0.9999992847442627,1,1.122100830078125,8.188151359558105,0.1650381088256836,9.477938652038574
dataset/test/Tomato_mold_leaf/IMG-20240728-WA0093_aug_77aug68.jpg,Tomato_mold_leaf,Tomato_mold_leaf,0.9999927282333374,1,1.0711565017700195,9.805719375610352,0.20607566833496094,11.086506843566895
dataset/test/Tomato_mold_leaf/IMG-20240728-WA0093_aug_78aug93.jpg,Tomato_mold_leaf,Tomato_mold_leaf,0.9999998807907104,1,1.4600114822387695,11.0828218460083,0.2042236328125,12.75068473815918
dataset/test/Tomato_mold_leaf/IMG-20240728-WA0093_aug_79aug64.jpg,Tomato_mold_leaf,Tomato_mold_leaf,0.9999912977218628,1,1.525289535522461,10.93615436553955,0.20103836059570312,12.666000366210938
dataset/test/Tomato_mold_leaf/IMG-20240728-WA0093aug19.jpg,Tomato_mold_leaf,Tomato_mold_leaf,0.9999996423721313,1,1.4091405868530273,11.09024715423584,0.2034463882446289,12.706130027770996
dataset/test/Tomato_mold_leaf/IMG-20240728-WA0101_aug_84aug73.jpg,Tomato_mold_leaf,Tomato_mold_leaf,0.9999973773956299,1,1.4755096435546875,10.965728759765625,0.20724201202392578,12.652000427246094
dataset/test/Tomato_mold_leaf/IMG-20240728-WA0101_aug_85aug72.jpg,Tomato_mold_leaf,Tomato_mold_leaf,0.9999862909317017,1,1.484659194946289,12.269015312194824,0.2052783966064453,13.962767601013184
dataset/test/Tomato_mold_leaf/IMG-20240728-WA0101_aug_86aug67.jpg,Tomato_mold_leaf,Tomato_mold_leaf,0.9999994039535522,1,1.5932703018188477,11.033413887023926,0.21503829956054688,12.845685958862305
dataset/test/Tomato_mold_leaf/IMG-20240728-WA0101_aug_87aug74.jpg,Tomato_mold_leaf,Tomato_mold_leaf,0.9999997615814209,1,1.4952888488769531,11.324138641357422,0.20568466186523438,13.028446197509766
dataset/test/Tomato_mold_leaf/IMG-20240728-WA0101aug21.jpg,Tomato_mold_leaf,Tomato_mold_leaf,0.9999815225601196,1,1.4761953353881836,8.889954566955566,0.16361236572265625,10.533280372619629
dataset/test/Tomato_mold_leaf/IMG-20240728-WA0103_aug_48aug107.jpg,Tomato_mold_leaf,Tomato_mold_leaf,1.0,1,1.0871000289916992,7.804093360900879,0.15913105010986328,9.052769660949707
dataset/test/Tomato_mold_leaf/IMG-20240728-WA0103_aug_49aug76.jpg,Tomato_mold_leaf,Tomato_mold_leaf,1.0,1,1.082803726196289,7.736520767211914,0.16102027893066406,8.982880592346191
dataset/test/Tomato_mold_leaf/IMG-20240728-WA0103_aug_50aug114.jpg,Tomato_mold_leaf,Tomato_mold_leaf,1.0,1,1.0880451202392578,7.8315582275390625,0.15920543670654297,9.081491470336914
dataset/test/Tomato_mold_leaf/IMG-20240728-WA0103_aug_51aug84.jpg,Tomato_mold_leaf,Tomato_mold_leaf,1.0,1,1.1195449829101562,7.761259078979492,0.15202045440673828,9.035160064697266
dataset/test/Tomato_mold_leaf/IMG-20240728-WA0103aug12.jpg,Tomato_mold_leaf,Tomato_mold_leaf,1.0,1,1.076711654663086,7.572739601135254,0.15803813934326172,8.810120582580566
dataset/test/Tomato_mold_leaf/IMG-20240812-WA0183_aug_88aug59.jpg,Tomato_mold_leaf,Tomato_Early_blight_leaf,0.5091805458068848,0,1.1760282516479492,7.686945915222168,0.16718673706054688,9.033881187438965
dataset/test/Tomato_mold_leaf/IMG-20240812-WA0183_aug_89aug61.jpg,Tomato_mold_leaf,Tomato_Septoria_leaf_spot,0.5009653568267822,0,1.0968408584594727,7.947503089904785,0.19207477569580078,9.238956451416016
dataset/test/Tomato_mold_leaf/IMG-20240812-WA0183_aug_90aug63.jpg,Tomato_mold_leaf,Tomato_Septoria_leaf_spot,0.8727851510047913,0,1.0634517669677734,7.7524261474609375,0.16133499145507812,8.979732513427734
dataset/test/Tomato_mold_leaf/IMG-20240812-WA0183_aug_91aug62.jpg,Tomato_mold_leaf,Tomato_Early_blight_leaf,0.49806997179985046,0,1.0862293243408203,7.804741859436035,0.1601114273071289,9.053899765014648
dataset/test/Tomato_mold_leaf/IMG-20240812-WA0183aug22.jpg,Tomato_mold_leaf,Tomato_Healthy_leaf,0.5814672112464905,0,1.0992307662963867,7.94666862487793,0.15650081634521484,9.205178260803223
dataset/test/Tomato_mold_leaf/IMG_20251102_155435_aug_24aug39.jpg,Tomato_mold_leaf,Tomato_leaf_yellow_curl_virus,0.8348467946052551,0,1.0806007385253906,7.781835556030273,0.16613197326660156,9.0310640335083
dataset/test/Tomato_mold_leaf/IMG_20251102_155435_aug_25aug51.jpg,Tomato_mold_leaf,Tomato_Early_blight_leaf,0.95789635181427,0,1.1905088424682617,8.352800369262695,0.16474151611328125,9.711071014404297
dataset/test/Tomato_mold_leaf/IMG_20251102_155435_aug_26aug26.jpg,Tomato_mold_leaf,Tomato_Early_blight_leaf,0.6142452359199524,0,1.2210464477539062,8.318097114562988,0.1645374298095703,9.706791877746582
dataset/test/Tomato_mold_leaf/IMG_20251102_155435_aug_27aug52.jpg,Tomato_mold_leaf,Tomato_Early_blight_leaf,0.9153636693954468,0,1.2260637283325195,7.9952802658081055,0.17437171936035156,9.399625778198242
dataset/test/Tomato_mold_leaf/IMG_20251102_155435aug6.jpg,Tomato_mold_leaf,Tomato_Early_blight_leaf,0.749721884727478,0,1.0955638885498047,8.168968200683594,0.16576194763183594,9.433401107788086
dataset/test/Tomato_mold_leaf/Leaf+mold+tomato+_25283_2529.JPG_aug_36aug118.jpg,Tomato_mold_leaf,Tomato_Septoria_leaf_spot,0.38825586438179016,0,1.1524152755737305,8.377598762512207,0.16424179077148438,9.696847915649414
dataset/test/Tomato_mold_leaf/Leaf+mold+tomato+_25283_2529.JPG_aug_37aug117.jpg,Tomato_mold_leaf,Tomato_mold_leaf,0.9590650200843811,1,1.149674415588379,8.453042984008789,0.1666860580444336,9.772571563720703
dataset/test/Tomato_mold_leaf/Leaf+mold+tomato+_25283_2529.JPG_aug_38aug119.jpg,Tomato_mold_leaf,Tomato_mold_leaf,0.2949318587779999,1,1.1530637741088867,8.177152633666992,0.16474246978759766,9.497865676879883
dataset/test/Tomato_mold_leaf/Leaf+mold+tomato+_25283_2529.JPG_aug_39aug103.jpg,Tomato_mold_leaf,Tomato_mold_leaf,0.6300644874572754,1,1.2049713134765625,8.272819519042969,0.1645193099975586,9.645421981811523
dataset/test/Tomato_mold_leaf/Leaf+mold+tomato+_25283_2529.JPGaug9.jpg,Tomato_mold_leaf,Tomato_Septoria_leaf_spot,0.8528019189834595,0,1.1241188049316406,8.180282592773438,0.1659078598022461,9.47340202331543
dataset/test/Tomato_mold_leaf/Leaf-mold-caused-by-the-fungal-pathogen-Passalore-fulva-in-tomatoes_aug_16aug33.jpg,Tomato_mold_leaf,Tomato_Early_blight_leaf,0.41385617852211,0,1.1001386642456055,8.196799278259277,0.16344547271728516,9.462995529174805
dataset/test/Tomato_mold_leaf/Leaf-mold-caused-by-the-fungal-pathogen-Passalore-fulva-in-tomatoes_aug_17aug57.jpg,Tomato_mold_leaf,Tomato_Healthy_leaf,0.454391747713089,0,1.0851926803588867,8.234949111938477,0.1631307601928711,9.485882759094238
dataset/test/Tomato_mold_leaf/Leaf-mold-caused-by-the-fungal-pathogen-Passalore-fulva-in-tomatoes_aug_18aug32.jpg,Tomato_mold_leaf,Tomato_Healthy_leaf,0.721057653427124,0,1.0856189727783203,8.063373565673828,0.16318607330322266,9.314994812011719
dataset/test/Tomato_mold_leaf/Leaf-mold-caused-by-the-fungal-pathogen-Passalore-fulva-in-tomatoes_aug_19aug53.jpg,Tomato_mold_leaf,Tomato_Early_blight_leaf,0.4572232961654663,0,1.101304054260254,8.033595085144043,0.16118621826171875,9.2987699508667
dataset/test/Tomato_mold_leaf/Leaf-mold-caused-by-the-fungal-pathogen-Passalore-fulva-in-tomatoesaug4.jpg,Tomato_mold_leaf,Tomato_mold_leaf,0.9972896575927734,1,1.073988914489746,8.058613777160645,0.15538883209228516,9.290604591369629
dataset/test/Tomato_mold_leaf/leaf_mold_nightshade2x500_aug_60aug81.jpg,Tomato_mold_leaf,Tomato_mold_leaf,0.999850869178772,1,1.0519161224365234,7.8398895263671875,0.16350078582763672,9.058066368103027
dataset/test/Tomato_mold_leaf/leaf_mold_nightshade2x500_aug_61aug96.jpg,Tomato_mold_leaf,Tomato_mold_leaf,0.9996634721755981,1,1.2074527740478516,7.889983177185059,0.20166778564453125,9.301679611206055
dataset/test/Tomato_mold_leaf/leaf_mold_nightshade2x500_aug_62aug85.jpg,Tomato_mold_leaf,Tomato_mold_leaf,0.9980095028877258,1,1.062230110168457,8.066634178161621,0.16292667388916016,9.294828414916992
dataset/test/Tomato_mold_leaf/leaf_mold_nightshade2x500_aug_63aug88.jpg,Tomato_mold_leaf,Tomato_mold_leaf,0.9999593496322632,1,1.1371374130249023,8.114152908325195,0.16472244262695312,9.418902397155762
dataset/test/Tomato_mold_leaf/leaf_mold_nightshade2x500aug15.jpg,Tomato_mold_leaf,Tomato_mold_leaf,0.9989601373672485,1,1.1071739196777344,8.023466110229492,0.19853878021240234,9.332122802734375
dataset/test/Tomato_mold_leaf/leaf_mold_tomato5x1200_jpg.rf.0a5ee47c78e753f9580bfb7744438ebf_aug_52aug101.jpg,Tomato_mold_leaf,Tomato_mold_leaf,1.0,1,1.1006746292114258,8.099873542785645,0.16238975524902344,9.365457534790039
dataset/test/Tomato_mold_leaf/leaf_mold_tomato5x1200_jpg.rf.0a5ee47c78e753f9580bfb7744438ebf_aug_53aug108.jpg,Tomato_mold_leaf,Tomato_mold_leaf,1.0,1,1.1154155731201172,8.18452262878418,0.15753841400146484,9.460199356079102
dataset/test/Tomato_mold_leaf/leaf_mold_tomato5x1200_jpg.rf.0a5ee47c78e753f9580bfb7744438ebf_aug_54aug115.jpg,Tomato_mold_leaf,Tomato_mold_leaf,1.0,1,1.1263427734375,8.138541221618652,0.30905818939208984,9.576587677001953
dataset/test/Tomato_mold_leaf/leaf_mold_tomato5x1200_jpg.rf.0a5ee47c78e753f9580bfb7744438ebf_aug_55aug109.jpg,Tomato_mold_leaf,Tomato_mold_leaf,1.0,1,1.0813407897949219,8.038039207458496,0.18276214599609375,9.304993629455566
dataset/test/Tomato_mold_leaf/leaf_mold_tomato5x1200_jpg.rf.0a5ee47c78e753f9580bfb7744438ebfaug13.jpg,Tomato_mold_leaf,Tomato_mold_leaf,1.0,1,1.2034721374511719,8.028669357299805,0.16431617736816406,9.399383544921875
dataset/test/Tomato_mold_leaf/tomato_leaf-mold_04_zoom_aug_4aug36.jpg,Tomato_mold_leaf,Tomato_leaf_late_blight,0.7528204321861267,0,1.1731948852539062,8.125558853149414,0.164093017578125,9.465550422668457
dataset/test/Tomato_mold_leaf/tomato_leaf-mold_04_zoom_aug_5aug48.jpg,Tomato_mold_leaf,Tomato_Septoria_leaf_spot,0.5100822448730469,0,1.1611003875732422,8.29469108581543,0.1654644012451172,9.624496459960938
dataset/test/Tomato_mold_leaf/tomato_leaf-mold_04_zoom_aug_6aug40.jpg,Tomato_mold_leaf,Tomato_Septoria_leaf_spot,0.8076004385948181,0,1.1437110900878906,8.373542785644531,0.19033336639404297,9.71025562286377
dataset/test/Tomato_mold_leaf/tomato_leaf-mold_04_zoom_aug_7aug34.jpg,Tomato_mold_leaf,Tomato_Septoria_leaf_spot,0.6624534726142883,0,1.1504335403442383,8.218318939208984,0.16499996185302734,9.53660774230957
dataset/test/Tomato_mold_leaf/tomato_leaf-mold_04_zoomaug1.jpg,Tomato_mold_leaf,Tomato_Septoria_leaf_spot,0.8989100456237793,0,1.1158599853515625,8.180466651916504,0.1652965545654297,9.464364051818848
