image_path,true_class,predicted_class,confidence,correct,preprocess_ms,inference_ms,postprocess_ms,total_pipeline_ms
dataset/test/Tomato_Early_blight_leaf/100_46341_aug_5aug62.jpg,Tomato_Early_blight_leaf,Tomato_Early_blight_leaf,0.936105489730835,1,1.1406946182250977,7.759893417358398,0.27344703674316406,9.178589820861816
dataset/test/Tomato_Early_blight_leaf/100_46341_aug_6aug64.jpg,Tomato_Early_blight_leaf,Tomato_Early_blight_leaf,0.8266789317131042,1,1.1732120513916016,8.167821884155273,0.20518779754638672,9.549165725708008
dataset/test/Tomato_Early_blight_leaf/100_46341_aug_7aug57.jpg,Tomato_Early_blight_leaf,Tomato_Early_blight_leaf,0.8266789317131042,1,1.1180830001831055,7.942042350769043,0.18194580078125,9.244757652282715
dataset/test/Tomato_Early_blight_leaf/100_46341_aug_8aug66.jpg,Tomato_Early_blight_leaf,Tomato_Early_blight_leaf,0.9537554383277893,1,1.1836214065551758,7.879154205322266,0.18572521209716797,9.251737594604492
dataset/test/Tomato_Early_blight_leaf/100_46341_aug_9aug65.jpg,Tomato_Early_blight_leaf,Tomato_Early_blight_leaf,0.7700159549713135,1,1.2741203308105469,7.817505836486816,0.1770000457763672,9.271293640136719
dataset/test/Tomato_Early_blight_leaf/100_46341aug1.jpg,Tomato_Early_blight_leaf,Tomato_Early_blight_leaf,0.9534356594085693,1,1.143472671508789,7.607189178466797,0.17894554138183594,8.932494163513184
dataset/test/Tomato_Early_blight_leaf/1723454500663_aug_20aug39.jpg,Tomato_Early_blight_leaf,Tomato_Early_blight_leaf,0.9965072274208069,1,1.1979541778564453,7.607076644897461,0.19029712677001953,8.998497009277344
dataset/test/Tomato_Early_blight_leaf/1723454500663_aug_21aug35.jpg,Tomato_Early_blight_leaf,Tomato_Early_blight_leaf,0.9976356029510498,1,1.1328229904174805,7.820579528808594,0.1866130828857422,9.143108367919922
dataset/test/Tomato_Early_blight_leaf/1723454500663_aug_22aug51.jpg,Tomato_Early_blight_leaf,Tomato_Early_blight_leaf,0.9982207417488098,1,1.076507568359375,7.784985542297363,0.16985225677490234,9.034050941467285
dataset/test/Tomato_Early_blight_leaf/1723454500663_aug_23aug33.jpg,Tomato_Early_blight_leaf,Tomato_Early_blight_leaf,0.9965072274208069,1,1.0874900817871094,7.805153846740723,0.166168212890625,9.061699867248535
dataset/test/Tomato_Early_blight_leaf/1723454500663_aug_24aug50.jpg,Tomato_Early_blight_leaf,Tomato_Early_blight_leaf,0.9953082203865051,1,1.0902862548828125,7.811820030212402,0.16535377502441406,9.070052146911621
dataset/test/Tomato_Early_blight_leaf/1723454500663aug4.jpg,Tomato_Early_blight_leaf,Tomato_Early_blight_leaf,0.9986604452133179,1,1.131082534790039,7.762373924255371,0.16994571685791016,9.06612491607666
dataset/test/Tomato_Early_blight_leaf/1723454507240aug20.jpg,Tomato_Early_blight_leaf,Tomato_Septoria_leaf_spot,0.8464580774307251,0,1.0963420867919922,7.772707939147949,0.1652050018310547,9.037680625915527
dataset/test/Tomato_Early_blight_leaf/EB_(981)_aug_65aug107.jpg,Tomato_Early_blight_leaf,Tomato_Early_blight_leaf,0.9999768733978271,1,1.1163787841796875,7.668430328369141,0.31981658935546875,9.107275009155273
dataset/test/Tomato_Early_blight_leaf/EB_(981)_aug_66aug102.jpg,Tomato_Early_blight_leaf,Tomato_Early_blight_leaf,0.9999359846115112,1,1.0855636596679688,7.718411445617676,0.1657419204711914,8.972199440002441
dataset/test/Tomato_Early_blight_leaf/EB_(981)_aug_67aug101.jpg,Tomato_Early_blight_leaf,Tomato_Early_blight_leaf,0.998129665851593,1,1.2415275573730469,7.628355979919434,0.1676502227783203,9.040404319763184
dataset/test/Tomato_Early_blight_leaf/EB_(981)_aug_68aug95.jpg,Tomato_Early_blight_leaf,Tomato_Early_blight_leaf,0.999947190284729,1,1.1014347076416016,7.838227272033691,0.1656503677368164,9.108015060424805
dataset/test/Tomato_Early_blight_leaf/EB_(981)_aug_69aug97.jpg,Tomato_Early_blight_leaf,Tomato_Early_blight_leaf,0.9970456957817078,1,1.100508689880371,7.824893951416016,0.1654644012451172,9.093903541564941
dataset/test/Tomato_Early_blight_leaf/EB_(981)aug13.jpg,Tomato_Early_blight_leaf,Tomato_Early_blight_leaf,0.9938334226608276,1,1.1461000442504883,7.791060447692871,0.2073345184326172,9.14731216430664
dataset/test/Tomato_Early_blight_leaf/Early-blight-660x440_aug_0aug61.jpg,Tomato_Early_blight_leaf,Tomato_Early_blight_leaf,0.9994550347328186,1,1.101731300354004,7.999265670776367,0.17333507537841797,9.277034759521484
dataset/test/Tomato_Early_blight_leaf/Early-blight-660x440_aug_1aug59.jpg,Tomato_Early_blight_leaf,Tomato_Early_blight_leaf,0.998685896396637,1,1.1320276260375977,8.177674293518066,0.17218589782714844,9.484518051147461
dataset/test/Tomato_Early_blight_leaf/Early-blight-660x440_aug_2aug63.jpg,Tomato_Early_blight_leaf,Tomato_Early_blight_leaf,0.9987397789955139,1,1.1858797073364258,8.205488204956055,0.17031478881835938,9.564536094665527
dataset/test/Tomato_Early_blight_leaf/Early-blight-660x440_aug_3aug60.jpg,Tomato_Early_blight_leaf,Tomato_Early_blight_leaf,0.9996696710586548,1,1.1508607864379883,8.204118728637695,0.16996383666992188,9.528167724609375
dataset/test/Tomato_Early_blight_leaf/Early-blight-660x440_aug_4aug58.jpg,Tomato_Early_blight_leaf,Tomato_Early_blight_leaf,0.9997847676277161,1,1.1459722518920898,8.221970558166504,0.1683340072631836,9.53925895690918
dataset/test/Tomato_Early_blight_leaf/Early-blight-660x440aug0.jpg,Tomato_Early_blight_leaf,Tomato_Early_blight_leaf,0.9996426105499268,1,1.1886024475097656,8.36584186553955,0.16153907775878906,9.71876049041748
dataset/test/Tomato_Early_blight_leaf/Gls42_change_180_aug_70aug100.jpg,Tomato_Early_blight_leaf,Tomato_Early_blight_leaf,0.9999861717224121,1,1.1026010513305664,8.092804908752441,0.171112060546875,9.369239807128906
dataset/test/Tomato_Early_blight_leaf/Gls42_change_180_aug_71aug109.jpg,Tomato_Early_blight_leaf,Tomato_Early_blight_leaf,0.9999974966049194,1,1.2458982467651367,8.311527252197266,0.17581558227539062,9.735835075378418
dataset/test/Tomato_Early_blight_leaf/Gls42_change_180_aug_72aug104.jpg,Tomato_Early_blight_leaf,Tomato_Early_blight_leaf,0.9998756647109985,1,1.2359914779663086,8.066636085510254,0.1909646987915039,9.496796607971191
dataset/test/Tomato_Early_blight_leaf/Gls42_change_180_aug_73aug94.jpg,Tomato_Early_blight_leaf,Tomato_Early_blight_leaf,0.9999898672103882,1,1.112100601196289,8.122562408447266,0.17616844177246094,9.413795471191406
dataset/test/Tomato_Early_blight_leaf/Gls42_change_180_aug_74aug108.jpg,Tomato_Early_blight_leaf,Tomato_Early_blight_leaf,0.9999943971633911,1,1.1847124099731445,8.207730293273926,0.17055702209472656,9.565853118896484
dataset/test/Tomato_Early_blight_leaf/Gls42_change_180aug14.jpg,Tomato_Early_blight_leaf,Tomato_Early_blight_leaf,0.9999850988388062,1,1.1094341278076172,8.084858894348145,0.16959381103515625,9.366442680358887
dataset/test/Tomato_Early_blight_leaf/Gls4_mirror_aug_60aug93.jpg,Tomato_Early_blight_leaf,Tomato_Early_blight_leaf,0.9999773502349854,1,1.0869722366333008,8.032377243041992,0.17148399353027344,9.293646812438965
dataset/test/Tomato_Early_blight_leaf/Gls4_mirror_aug_61aug98.jpg,Tomato_Early_blight_leaf,Tomato_Early_blight_leaf,0.9999970197677612,1,1.1148595809936523,8.049599647521973,0.1708354949951172,9.337830543518066
dataset/test/Tomato_Early_blight_leaf/Gls4_mirror_aug_62aug91.jpg,Tomato_Early_blight_leaf,Tomato_Early_blight_leaf,0.9999960660934448,1,1.0688600540161133,8.05941390991211,0.17331695556640625,9.304367065429688
dataset/test/Tomato_Early_blight_leaf/Gls4_mirror_aug_63aug110.jpg,Tomato_Early_blight_leaf,Tomato_Early_blight_leaf,0.9999867677688599,1,1.0729894638061523,8.04067325592041,0.1704263687133789,9.287274360656738
dataset/test/Tomato_Early_blight_leaf/Gls4_mirror_aug_64aug105.jpg,Tomato_Early_blight_leaf,Tomato_Early_blight_leaf,0.9999964237213135,1,1.1350088119506836,8.176487922668457,0.16787147521972656,9.482406616210938
dataset/test/Tomato_Early_blight_leaf/Gls4_mirror_vertical_aug_25aug37.jpg,Tomato_Early_blight_leaf,Tomato_Early_blight_leaf,0.9988375306129456,1,1.0668420791625977,8.10658073425293,0.1712799072265625,9.347644805908203
dataset/test/Tomato_Early_blight_leaf/Gls4_mirror_vertical_aug_26aug41.jpg,Tomato_Early_blight_leaf,Tomato_Early_blight_leaf,0.9971309900283813,1,1.069915771484375,8.013562202453613,0.15835285186767578,9.243978500366211
dataset/test/Tomato_Early_blight_leaf/Gls4_mirror_vertical_aug_27aug40.jpg,Tomato_Early_blight_leaf,Tomato_Early_blight_leaf,0.9998144507408142,1,1.072138786315918,7.892078399658203,0.16794395446777344,9.134627342224121
dataset/test/Tomato_Early_blight_leaf/Gls4_mirror_vertical_aug_28aug36.jpg,Tomato_Early_blight_leaf,Tomato_Early_blight_leaf,0.9923378825187683,1,1.1844167709350586,7.964339256286621,0.18087100982666016,9.332719802856445
dataset/test/Tomato_Early_blight_leaf/Gls4_mirror_vertical_aug_29aug42.jpg,Tomato_Early_blight_leaf,Tomato_Early_blight_leaf,0.9986226558685303,1,1.1004714965820312,7.978931427001953,0.17018604278564453,9.252608299255371
dataset/test/Tomato_Early_blight_leaf/Gls4_mirror_verticalaug5.jpg,Tomato_Early_blight_leaf,Tomato_Early_blight_leaf,0.9997387528419495,1,1.1156749725341797,7.95482063293457,0.16709423065185547,9.240644454956055
dataset/test/Tomato_Early_blight_leaf/Gls4_mirroraug12.jpg,Tomato_Early_blight_leaf,Tomato_Early_blight_leaf,0.9999982118606567,1,1.0695266723632812,7.910375595092773,0.167816162109375,9.15044116973877
dataset/test/Tomato_Early_blight_leaf/IMG-20240812-WA0445_aug_40aug23.jpg,Tomato_Early_blight_leaf,Tomato_Early_blight_leaf,0.7437999844551086,1,1.1275272369384766,7.933895111083984,0.16587162017822266,9.230052947998047
dataset/test/Tomato_Early_blight_leaf/IMG-20240812-WA0445_aug_41aug28.jpg,Tomato_Early_blight_leaf,Tomato_Early_blight_leaf,0.36042457818984985,1,1.159341812133789,7.9863386154174805,0.16761112213134766,9.316774368286133
dataset/test/Tomato_Early_blight_leaf/IMG-20240812-WA0445_aug_42aug21.jpg,Tomato_Early_blight_leaf,Tomato_Early_blight_leaf,0.9116942286491394,1,1.1283988952636719,7.896061897277832,0.16463184356689453,9.192089080810547
dataset/test/Tomato_Early_blight_leaf/IMG-20240812-WA0445_aug_43aug24.jpg,Tomato_Early_blight_leaf,Tomato_Early_blight_leaf,0.8182474374771118,1,1.1658430099487305,7.836023330688477,0.16646385192871094,9.171477317810059
dataset/test/Tomato_Early_blight_leaf/IMG-20240812-WA0445_aug_44aug22.jpg,Tomato_Early_blight_leaf,Tomato_Early_blight_leaf,0.8748073577880859,1,1.2341766357421875,7.729911804199219,0.16900157928466797,9.135775566101074
dataset/test/Tomato_Early_blight_leaf/IMG-20240812-WA0445aug8.jpg,Tomato_Early_blight_leaf,Tomato_Early_blight_leaf,0.8500440716743469,1,1.2917509078979492,7.781449317932129,0.1663351058959961,9.242330551147461
dataset/test/Tomato_Early_blight_leaf/IMG20240812111749_aug_90aug80.jpg,Tomato_Early_blight_leaf,Tomato_mold_leaf,0.9989392161369324,0,1.2039175033569336,7.903319358825684,0.16744613647460938,9.277589797973633
dataset/test/Tomato_Early_blight_leaf/IMG20240812111749_aug_91aug77.jpg,Tomato_Early_blight_leaf,Tomato_mold_leaf,0.9616281986236572,0,1.2158432006835938,7.994098663330078,0.1670370101928711,9.379980087280273
dataset/test/Tomato_Early_blight_leaf/IMG20240812111749_aug_92aug73.jpg,Tomato_Early_blight_leaf,Tomato_mold_leaf,0.9964136481285095,0,1.1901588439941406,7.919523239135742,0.16775989532470703,9.28005313873291
dataset/test/Tomato_Early_blight_leaf/IMG20240812111749_aug_93aug71.jpg,Tomato_Early_blight_leaf,Tomato_mold_leaf,0.9949807524681091,0,1.1586761474609375,8.237360000610352,0.1722240447998047,9.570870399475098
dataset/test/Tomato_Early_blight_leaf/IMG20240812111749_aug_94aug74.jpg,Tomato_Early_blight_leaf,Tomato_mold_leaf,0.9450711011886597,0,1.2647504806518555,8.24528694152832,0.1706867218017578,9.683612823486328
dataset/test/Tomato_Early_blight_leaf/IMG20240812111749aug18.jpg,Tomato_Early_blight_leaf,Tomato_mold_leaf,0.9781646728515625,0,1.2568063735961914,8.222860336303711,0.17185306549072266,9.654019355773926
dataset/test/Tomato_Early_blight_leaf/IMG_20251102_155150_aug_30aug34.jpg,Tomato_Early_blight_leaf,Tomato_Early_blight_leaf,1.0,1,1.1523981094360352,8.192564964294434,0.1698169708251953,9.517220497131348
dataset/test/Tomato_Early_blight_leaf/IMG_20251102_155150_aug_31aug43.jpg,Tomato_Early_blight_leaf,Tomato_Early_blight_leaf,0.9999997615814209,1,1.1600456237792969,8.254582405090332,0.17122268676757812,9.58838939666748
dataset/test/Tomato_Early_blight_leaf/IMG_20251102_155150_aug_32aug44.jpg,Tomato_Early_blight_leaf,Tomato_Early_blight_leaf,1.0,1,1.151158332824707,8.238897323608398,0.18840980529785156,9.581130027770996
dataset/test/Tomato_Early_blight_leaf/IMG_20251102_155150_aug_33aug38.jpg,Tomato_Early_blight_leaf,Tomato_Early_blight_leaf,1.0,1,1.1712312698364258,8.2686185836792,0.17044353485107422,9.612833976745605
dataset/test/Tomato_Early_blight_leaf/IMG_20251102_155150_aug_34aug32.jpg,Tomato_Early_blight_leaf,Tomato_Early_blight_leaf,1.0,1,1.173213005065918,8.043970108032227,0.18016719818115234,9.399979591369629
dataset/test/Tomato_Early_blight_leaf/IMG_20251102_155150aug6.jpg,Tomato_Early_blight_leaf,Tomato_Early_blight_leaf,0.9999997615814209,1,1.1270456314086914,8.228822708129883,0.1736316680908203,9.531981468200684
dataset/test/Tomato_Early_blight_leaf/IMG_20251102_155153_aug_85aug72.jpg,Tomato_Early_blight_leaf,Tomato_Early_blight_leaf,1.0,1,1.2726402282714844,8.235712051391602,0.1868915557861328,9.69870376586914
dataset/test/Tomato_Early_blight_leaf/IMG_20251102_155153_aug_86aug78.jpg,Tomato_Early_blight_leaf,Tomato_Early_blight_leaf,1.0,1,1.179194450378418,8.450972557067871,0.17252063751220703,9.805410385131836
dataset/test/Tomato_Early_blight_leaf/IMG_20251102_155153_aug_87aug76.jpg,Tomato_Early_blight_leaf,Tomato_Early_blight_leaf,1.0,1,1.2474546432495117,8.188897132873535,0.17207622528076172,9.611555099487305
dataset/test/Tomato_Early_blight_leaf/IMG_20251102_155153_aug_88aug79.jpg,Tomato_Early_blight_leaf,Tomato_Early_blight_leaf,1.0,1,1.1660642623901367,8.21875,0.1746501922607422,9.562166213989258
dataset/test/Tomato_Early_blight_leaf/IMG_20251102_155153_aug_89aug75.jpg,Tomato_Early_blight_leaf,Tomato_Early_blight_leaf,1.0,1,1.116694450378418,8.406732559204102,0.17407512664794922,9.700630187988281
dataset/test/Tomato_Early_blight_leaf/IMG_20251102_155153aug17.jpg,Tomato_Early_blight_leaf,Tomato_Early_blight_leaf,1.0,1,1.207101821899414,8.288507461547852,0.17148208618164062,9.669889450073242
dataset/test/Tomato_Early_blight_leaf/IMG_20251102_155207_aug_10aug47.jpg,Tomato_Early_blight_leaf,Tomato_Early_blight_leaf,0.9997673630714417,1,1.1920652389526367,8.2691011428833,0.17566871643066406,9.640186309814453
dataset/test/Tomato_Early_blight_leaf/IMG_20251102_155207_aug_11aug56.jpg,Tomato_Early_blight_leaf,Tomato_Early_blight_leaf,0.9999492168426514,1,1.1739349365234375,8.2300443649292,0.17342662811279297,9.580389022827148
dataset/test/Tomato_Early_blight_leaf/IMG_20251102_155207_aug_12aug45.jpg,Tomato_Early_blight_leaf,Tomato_Early_blight_leaf,0.9999672174453735,1,1.1968603134155273,8.228265762329102,0.18761348724365234,9.615629196166992
dataset/test/Tomato_Early_blight_leaf/IMG_20251102_155207_aug_13aug48.jpg,Tomato_Early_blight_leaf,Tomato_Early_blight_leaf,0.9999459981918335,1,1.1171369552612305,8.213193893432617,0.17018699645996094,9.503166198730469
dataset/test/Tomato_Early_blight_leaf/IMG_20251102_155207_aug_14aug49.jpg,Tomato_Early_blight_leaf,Tomato_Early_blight_leaf,0.9999005794525146,1,1.180119514465332,8.260915756225586,0.16959381103515625,9.613443374633789
dataset/test/Tomato_Early_blight_leaf/IMG_20251102_155207aug2.jpg,Tomato_Early_blight_leaf,Tomato_Early_blight_leaf,0.9997780919075012,1,1.2063426971435547,8.915940284729004,0.17428016662597656,10.299654006958008
dataset/test/Tomato_Early_blight_leaf/IMG_20251102_155305_aug_35aug25.jpg,Tomato_Early_blight_leaf,Tomato_Early_blight_leaf,0.8881962895393372,1,1.23175048828125,8.158914566040039,0.1611318588256836,9.5546293258667
dataset/test/Tomato_Early_blight_leaf/IMG_20251102_155305_aug_36aug27.jpg,Tomato_Early_blight_leaf,Tomato_Early_blight_leaf,0.8291639089584351,1,1.0941762924194336,7.750300407409668,0.16803741455078125,9.015644073486328
dataset/test/Tomato_Early_blight_leaf/IMG_20251102_155305_aug_37aug29.jpg,Tomato_Early_blight_leaf,Tomato_Early_blight_leaf,0.9776586294174194,1,1.9267559051513672,7.892560958862305,0.1720752716064453,9.994559288024902
dataset/test/Tomato_Early_blight_leaf/IMG_20251102_155305_aug_38aug31.jpg,Tomato_Early_blight_leaf,Tomato_Early_blight_leaf,0.9523314833641052,1,1.202397346496582,8.353971481323242,0.16951942443847656,9.728650093078613
dataset/test/Tomato_Early_blight_leaf/IMG_20251102_155305_aug_39aug26.jpg,Tomato_Early_blight_leaf,Tomato_Early_blight_leaf,0.9500680565834045,1,1.096156120300293,20.55373191833496,0.15753841400146484,21.810093879699707
dataset/test/Tomato_Early_blight_leaf/IMG_20251102_155305aug7.jpg,Tomato_Early_blight_leaf,Tomato_Early_blight_leaf,0.8939458131790161,1,1.1060638427734375,9.42622184753418,0.16242599487304688,10.697063446044922
dataset/test/Tomato_Early_blight_leaf/IMG_20251102_155853_aug_55aug106.jpg,Tomato_Early_blight_leaf,Tomato_leaf_late_blight,0.9977401494979858,0,1.1243972778320312,9.967927932739258,0.1668701171875,11.261678695678711
dataset/test/Tomato_Early_blight_leaf/IMG_20251102_155853_aug_56aug92.jpg,Tomato_Early_blight_leaf,Tomato_leaf_late_blight,0.9999709129333496,0,1.1263790130615234,8.072599411010742,0.16635417938232422,9.36766529083252
dataset/test/Tomato_Early_blight_leaf/IMG_20251102_155853_aug_57aug96.jpg,Tomato_Early_blight_leaf,Tomato_leaf_late_blight,0.9996260404586792,0,1.1709346771240234,7.867671966552734,0.31329822540283203,9.354850769042969
dataset/test/Tomato_Early_blight_leaf/IMG_20251102_155853_aug_58aug103.jpg,Tomato_Early_blight_leaf,Tomato_leaf_late_blight,0.9999994039535522,0,1.0524349212646484,7.626171112060547,0.1660747528076172,8.84732723236084
dataset/test/Tomato_Early_blight_leaf/IMG_20251102_155853_aug_59aug99.jpg,Tomato_Early_blight_leaf,Tomato_leaf_late_blight,0.9930002689361572,0,1.1213970184326172,7.6869306564331055,0.1687793731689453,8.979809761047363
dataset/test/Tomato_Early_blight_leaf/IMG_20251102_155853aug11.jpg,Tomato_Early_blight_leaf,Tomato_leaf_late_blight,0.9999992847442627,0,1.0890464782714844,7.820967674255371,0.16709423065185547,9.079700469970703
dataset/test/Tomato_Early_blight_leaf/IMG_20251102_160046_aug_95aug70.jpg,Tomato_Early_blight_leaf,Tomato_Early_blight_leaf,0.9995923638343811,1,1.131601333618164,8.02465534210205,0.1659088134765625,9.324831008911133
dataset/test/Tomato_Early_blight_leaf/IMG_20251102_160046_aug_96aug69.jpg,Tomato_Early_blight_leaf,Tomato_Early_blight_leaf,0.9999521970748901,1,1.1267499923706055,7.864487648010254,0.17407512664794922,9.167886734008789
dataset/test/Tomato_Early_blight_leaf/IMG_20251102_160046_aug_97aug67.jpg,Tomato_Early_blight_leaf,Tomato_Early_blight_leaf,0.9998672008514404,1,1.1337862014770508,7.808338165283203,0.16429805755615234,9.10925579071045
dataset/test/Tomato_Early_blight_leaf/IMG_20251102_160046_aug_98aug68.jpg,Tomato_Early_blight_leaf,Tomato_Early_blight_leaf,0.9999761581420898,1,1.150101661682129,7.801837921142578,0.1659832000732422,9.120441436767578
dataset/test/Tomato_Early_blight_leaf/IMG_20251102_160046aug19.jpg,Tomato_Early_blight_leaf,Tomato_Early_blight_leaf,0.9999284744262695,1,1.1185827255249023,7.799152374267578,0.1639270782470703,9.08479118347168
dataset/test/Tomato_Early_blight_leaf/IMG_20251102_160055_aug_15aug53.jpg,Tomato_Early_blight_leaf,Tomato_Early_blight_leaf,0.9999992847442627,1,1.083989143371582,7.688411712646484,0.16509342193603516,8.940513610839844
dataset/test/Tomato_Early_blight_leaf/IMG_20251102_160055_aug_16aug55.jpg,Tomato_Early_blight_leaf,Tomato_Early_blight_leaf,0.9998562335968018,1,1.0677289962768555,8.568343162536621,0.22703838348388672,9.866429328918457
dataset/test/Tomato_Early_blight_leaf/IMG_20251102_160055_aug_17aug46.jpg,Tomato_Early_blight_leaf,Tomato_Early_blight_leaf,0.9999998807907104,1,1.0796375274658203,7.798672676086426,0.16274261474609375,9.04380989074707
dataset/test/Tomato_Early_blight_leaf/IMG_20251102_160055_aug_18aug54.jpg,Tomato_Early_blight_leaf,Tomato_Early_blight_leaf,0.9999244213104248,1,1.0655088424682617,8.060155868530273,0.182373046875,9.311202049255371
dataset/test/Tomato_Early_blight_leaf/IMG_20251102_160055_aug_19aug52.jpg,Tomato_Early_blight_leaf,Tomato_Early_blight_leaf,0.9999977350234985,1,1.1080827713012695,8.459935188293457,0.1706676483154297,9.741223335266113
dataset/test/Tomato_Early_blight_leaf/IMG_20251102_160055aug3.jpg,Tomato_Early_blight_leaf,Tomato_Early_blight_leaf,0.9999994039535522,1,1.1100082397460938,8.083970069885254,0.169464111328125,9.36618423461914
dataset/test/Tomato_Early_blight_leaf/IMG_20251102_160217_aug_75aug82.jpg,Tomato_Early_blight_leaf,Tomato_Early_blight_leaf,0.9998503923416138,1,1.1066932678222656,8.265933990478516,0.1682424545288086,9.543591499328613
dataset/test/Tomato_Early_blight_leaf/IMG_20251102_160217_aug_76aug83.jpg,Tomato_Early_blight_leaf,Tomato_Early_blight_leaf,0.9983623623847961,1,1.1468048095703125,8.599048614501953,0.1670207977294922,9.915539741516113
dataset/test/Tomato_Early_blight_leaf/IMG_20251102_160217_aug_77aug90.jpg,Tomato_Early_blight_leaf,Tomato_Early_blight_leaf,0.9997771382331848,1,1.1033430099487305,8.075562477111816,0.16892719268798828,9.350608825683594
dataset/test/Tomato_Early_blight_leaf/IMG_20251102_160217_aug_78aug81.jpg,Tomato_Early_blight_leaf,Tomato_Early_blight_leaf,0.999692440032959,1,1.110304832458496,8.073118209838867,0.16968631744384766,9.35562801361084
dataset/test/Tomato_Early_blight_leaf/IMG_20251102_160217_aug_79aug86.jpg,Tomato_Early_blight_leaf,Tomato_Early_blight_leaf,0.9998822212219238,1,1.143174171447754,8.096285820007324,0.16987133026123047,9.411572456359863
dataset/test/Tomato_Early_blight_leaf/IMG_20251102_160217aug15.jpg,Tomato_Early_blight_leaf,Tomato_Early_blight_leaf,0.9998636245727539,1,1.107914924621582,8.079044342041016,0.1750936508178711,9.364553451538086
dataset/test/Tomato_Early_blight_leaf/IMG_20251102_160523_aug_50aug114.jpg,Tomato_Early_blight_leaf,Tomato_Early_blight_leaf,0.9999972581863403,1,1.138749122619629,7.962986946105957,0.1694650650024414,9.273515701293945
dataset/test/Tomato_Early_blight_leaf/IMG_20251102_160523_aug_51aug111.jpg,Tomato_Early_blight_leaf,Tomato_Early_blight_leaf,0.9999932050704956,1,1.2879915237426758,8.09035873413086,0.20894622802734375,9.590444564819336
dataset/test/Tomato_Early_blight_leaf/IMG_20251102_160523_aug_52aug112.jpg,Tomato_Early_blight_leaf,Tomato_Early_blight_leaf,0.9999470710754395,1,1.736419677734375,10.865676879882812,0.2073345184326172,12.813469886779785
dataset/test/Tomato_Early_blight_leaf/IMG_20251102_160523_aug_53aug115.jpg,Tomato_Early_blight_leaf,Tomato_Early_blight_leaf,0.999993085861206,1,1.5290489196777344,11.41566276550293,0.21135234832763672,13.15947151184082
dataset/test/Tomato_Early_blight_leaf/IMG_20251102_160523_aug_54aug113.jpg,Tomato_Early_blight_leaf,Tomato_Early_blight_leaf,0.999993085861206,1,1.5547161102294922,10.86084270477295,0.24648380279541016,12.666227340698242
dataset/test/Tomato_Early_blight_leaf/IMG_20251102_160523aug10.jpg,Tomato_Early_blight_leaf,Tomato_Early_blight_leaf,0.999984622001648,1,1.525437355041504,10.894935607910156,0.2095022201538086,12.633133888244629
dataset/test/Tomato_Early_blight_leaf/IMG_20251102_161202_aug_45aug118.jpg,Tomato_Early_blight_leaf,Tomato_Early_blight_leaf,0.9999117851257324,1,1.667067527770996,10.938676834106445,0.20876121520996094,12.817876815795898
dataset/test/Tomato_Early_blight_leaf/IMG_20251102_161202_aug_46aug116.jpg,Tomato_Early_blight_leaf,Tomato_Early_blight_leaf,0.9999117851257324,1,1.6686229705810547,10.837824821472168,0.20614910125732422,12.716506004333496
dataset/test/Tomato_Early_blight_leaf/IMG_20251102_161202_aug_47aug117.jpg,Tomato_Early_blight_leaf,Tomato_Early_blight_leaf,0.9992920160293579,1,1.5602531433105469,10.985733032226562,0.20566844940185547,12.75474739074707
dataset/test/Tomato_Early_blight_leaf/IMG_20251102_161202_aug_48aug30.jpg,Tomato_Early_blight_leaf,Tomato_Early_blight_leaf,0.9983818531036377,1,1.5894203186035156,10.653361320495605,0.16133594512939453,12.407169342041016
dataset/test/Tomato_Early_blight_leaf/IMG_20251102_161202_aug_49aug119.jpg,Tomato_Early_blight_leaf,Tomato_Early_blight_leaf,0.9998955726623535,1,1.1567497253417969,7.602855682373047,0.16129684448242188,8.923402786254883
dataset/test/Tomato_Early_blight_leaf/IMG_20251102_161202aug9.jpg,Tomato_Early_blight_leaf,Tomato_Early_blight_leaf,0.9981502294540405,1,1.1155834197998047,7.5955400466918945,0.16003799438476562,8.873790740966797
dataset/test/Tomato_Early_blight_leaf/early_blight_jpg.rf.1091c0a2a9a3da5b9ad688c89298614c_aug_80aug87.jpg,Tomato_Early_blight_leaf,Tomato_Early_blight_leaf,0.9960252046585083,1,1.0575456619262695,7.586151123046875,0.16203880310058594,8.808403015136719
dataset/test/Tomato_Early_blight_leaf/early_blight_jpg.rf.1091c0a2a9a3da5b9ad688c89298614c_aug_81aug84.jpg,Tomato_Early_blight_leaf,Tomato_Early_blight_leaf,0.9867510795593262,1,1.0704526901245117,7.631189346313477,0.1582050323486328,8.862180709838867
dataset/test/Tomato_Early_blight_leaf/early_blight_jpg.rf.1091c0a2a9a3da5b9ad688c89298614c_aug_82aug89.jpg,Tomato_Early_blight_leaf,Tomato_Early_blight_leaf,0.9915614724159241,1,1.0987482070922852,7.493669509887695,0.16472434997558594,8.75993824005127
dataset/test/Tomato_Early_blight_leaf/early_blight_jpg.rf.1091c0a2a9a3da5b9ad688c89298614c_aug_83aug85.jpg,Tomato_Early_blight_leaf,Tomato_Early_blight_leaf,0.9988744854927063,1,1.3275299072265625,7.429891586303711,0.1616678237915039,8.921958923339844
dataset/test/Tomato_Early_blight_leaf/early_blight_jpg.rf.1091c0a2a9a3da5b9ad688c89298614c_aug_84aug88.jpg,Tomato_Early_blight_leaf,Tomato_Early_blight_leaf,0.9940356016159058,1,1.0803050994873047,7.616706848144531,0.16129684448242188,8.86108684539795
dataset/test/Tomato_Early_blight_leaf/early_blight_jpg.rf.1091c0a2a9a3da5b9ad688c89298614caug16.jpg,Tomato_Early_blight_leaf,Tomato_Early_blight_leaf,0.9754603505134583,1,1.0737667083740234,7.57567024230957,0.16337203979492188,8.816141128540039
dataset/test/Tomato_Healthy_leaf/20140818-tomato-sauce-vicky-wasik-1_jpg.rf.d3d9b4a0642e72ba76b40dbdfff8b9f7_aug_6aug50.jpg,Tomato_Healthy_leaf,Tomato_Healthy_leaf,0.9982403516769409,1,1.035212516784668,7.607892036437988,0.16464996337890625,8.810383796691895
dataset/test/Tomato_Healthy_leaf/20140818-tomato-sauce-vicky-wasik-1_jpg.rf.d3d9b4a0642e72ba76b40dbdfff8b9f7_aug_7aug56.jpg,Tomato_Healthy_leaf,Tomato_Healthy_leaf,0.9990342855453491,1,1.0701007843017578,7.59963321685791,0.20011234283447266,8.873199462890625
dataset/test/Tomato_Healthy_leaf/20140818-tomato-sauce-vicky-wasik-1_jpg.rf.d3d9b4a0642e72ba76b40dbdfff8b9f7aug3.jpg,Tomato_Healthy_leaf,Tomato_Healthy_leaf,0.9967458248138428,1,1.0255632400512695,7.586688041687012,0.16116809844970703,8.776233673095703
dataset/test/Tomato_Healthy_leaf/2015-09-17-01_aug_20aug110.jpg,Tomato_Healthy_leaf,Tomato_leaf_late_blight,0.7876237630844116,0,1.0678415298461914,7.602540016174316,0.3189277648925781,8.992161750793457
dataset/test/Tomato_Healthy_leaf/2015-09-17-01_aug_21aug114.jpg,Tomato_Healthy_leaf,Tomato_Healthy_leaf,0.9395745396614075,1,1.016526222229004,7.608133316040039,0.16437244415283203,8.791938781738281
dataset/test/Tomato_Healthy_leaf/2015-09-17-01aug10.jpg,Tomato_Healthy_leaf,Tomato_Healthy_leaf,0.9392356872558594,1,1.0603599548339844,7.698577880859375,0.16385173797607422,8.925644874572754
dataset/test/Tomato_Healthy_leaf/Basil_2Binfected_2Bby_2BTomato_2BSpotted_2BWilt_2BVirus_aug_2aug59.jpg,Tomato_Healthy_leaf,Tomato_Healthy_leaf,0.998100221157074,1,1.1028785705566406,8.031134605407715,0.16498184204101562,9.301551818847656
dataset/test/Tomato_Healthy_leaf/Basil_2Binfected_2Bby_2BTomato_2BSpotted_2BWilt_2BVirus_aug_3aug51.jpg,Tomato_Healthy_leaf,Tomato_Healthy_leaf,0.9990383386611938,1,1.0665092468261719,7.890376091003418,0.16898250579833984,9.129088401794434
dataset/test/Tomato_Healthy_leaf/Basil_2Binfected_2Bby_2BTomato_2BSpotted_2BWilt_2BVirusaug1.jpg,Tomato_Healthy_leaf,Tomato_Healthy_leaf,0.9994741082191467,1,1.0632858276367188,7.797541618347168,0.16359424591064453,9.026700019836426
dataset/test/Tomato_Healthy_leaf/Fig-2_aug_22aug102.jpg,Tomato_Healthy_leaf,Tomato_mold_leaf,0.4016745090484619,0,1.1208782196044922,7.666040420532227,0.19985294342041016,8.989606857299805
dataset/test/Tomato_Healthy_leaf/Fig-2_aug_23aug90.jpg,Tomato_Healthy_leaf,Tomato_mold_leaf,0.358574241399765,0,1.1917133331298828,7.601280212402344,0.1644287109375,8.96006965637207
dataset/test/Tomato_Healthy_leaf/Fig-2aug11.jpg,Tomato_Healthy_leaf,Tomato_leaf_late_blight,0.39196014404296875,0,1.0946016311645508,7.784633636474609,0.1681680679321289,9.050237655639648
dataset/test/Tomato_Healthy_leaf/HL_(103)aug39.jpg,Tomato_Healthy_leaf,Tomato_Healthy_leaf,0.9999884366989136,1,1.0870838165283203,7.8383378982543945,0.1642780303955078,9.092644691467285
dataset/test/Tomato_Healthy_leaf/HL_(118)_aug_38aug103.jpg,Tomato_Healthy_leaf,Tomato_Healthy_leaf,0.9999932050704956,1,1.1287126541137695,7.780505180358887,0.16515064239501953,9.077347755432129
dataset/test/Tomato_Healthy_leaf/HL_(118)_aug_39aug104.jpg,Tomato_Healthy_leaf,Tomato_Healthy_leaf,0.9999995231628418,1,1.078007698059082,7.908987045288086,0.16822433471679688,9.158015251159668
dataset/test/Tomato_Healthy_leaf/HL_(118)aug19.jpg,Tomato_Healthy_leaf,Tomato_Healthy_leaf,0.9999953508377075,1,1.1022119522094727,7.890318870544434,0.16750144958496094,9.1625337600708
dataset/test/Tomato_Healthy_leaf/HL_(165)_aug_28aug105.jpg,Tomato_Healthy_leaf,Tomato_Healthy_leaf,0.9999814033508301,1,1.1113033294677734,7.945060729980469,0.1668720245361328,9.226387023925781
dataset/test/Tomato_Healthy_leaf/HL_(165)_aug_29aug91.jpg,Tomato_Healthy_leaf,Tomato_Healthy_leaf,0.9996883869171143,1,1.154287338256836,7.902912139892578,0.1807413101196289,9.24112606048584
dataset/test/Tomato_Healthy_leaf/HL_(165)aug14.jpg,Tomato_Healthy_leaf,Tomato_Healthy_leaf,0.9999618530273438,1,1.1151752471923828,8.042376518249512,0.1548900604248047,9.31468391418457
dataset/test/Tomato_Healthy_leaf/HL_(61)_aug_50aug83.jpg,Tomato_Healthy_leaf,Tomato_Healthy_leaf,0.9991590976715088,1,1.0768604278564453,7.7455034255981445,0.1682415008544922,8.993088722229004
dataset/test/Tomato_Healthy_leaf/HL_(61)_aug_51aug76.jpg,Tomato_Healthy_leaf,Tomato_Healthy_leaf,0.9988942742347717,1,1.2343425750732422,7.771356582641602,0.16970443725585938,9.17829418182373
dataset/test/Tomato_Healthy_leaf/HL_(61)aug25.jpg,Tomato_Healthy_leaf,Tomato_Healthy_leaf,0.9998031258583069,1,1.0915088653564453,7.907191276550293,0.17011260986328125,9.171570777893066
dataset/test/Tomato_Healthy_leaf/HL_(62)aug36.jpg,Tomato_Healthy_leaf,Tomato_Healthy_leaf,0.9971939325332642,1,1.1165647506713867,7.921801567077637,0.16801929473876953,9.209497451782227
dataset/test/Tomato_Healthy_leaf/IMG_20251102_161618_aug_58aug71.jpg,Tomato_Healthy_leaf,Tomato_Healthy_leaf,0.9938872456550598,1,1.175027847290039,7.914542198181152,0.1658344268798828,9.258275032043457
dataset/test/Tomato_Healthy_leaf/IMG_20251102_161618_aug_59aug63.jpg,Tomato_Healthy_leaf,Tomato_Healthy_leaf,0.9982982277870178,1,1.1768789291381836,7.95382022857666,0.1681680679321289,9.30147933959961
dataset/test/Tomato_Healthy_leaf/IMG_20251102_161618aug29.jpg,Tomato_Healthy_leaf,Tomato_Healthy_leaf,0.8522083163261414,1,1.1803607940673828,7.897652626037598,0.16820430755615234,9.248849868774414
dataset/test/Tomato_Healthy_leaf/IMG_20251102_161625aug44.jpg,Tomato_Healthy_leaf,Tomato_Healthy_leaf,0.9965819716453552,1,1.1674537658691406,7.826634407043457,0.2119283676147461,9.209349632263184
dataset/test/Tomato_Healthy_leaf/IMG_20251102_161629_aug_10aug115.jpg,Tomato_Healthy_leaf,Tomato_Healthy_leaf,0.9947234392166138,1,1.1599159240722656,7.7977094650268555,0.17859458923339844,9.139200210571289
dataset/test/Tomato_Healthy_leaf/IMG_20251102_161629_aug_11aug109.jpg,Tomato_Healthy_leaf,Tomato_Healthy_leaf,0.9999701976776123,1,1.102879524230957,7.81156063079834,0.15692710876464844,9.07379150390625
dataset/test/Tomato_Healthy_leaf/IMG_20251102_161629aug5.jpg,Tomato_Healthy_leaf,Tomato_Healthy_leaf,0.9998507499694824,1,1.0769338607788086,7.676410675048828,0.16450119018554688,8.920180320739746
dataset/test/Tomato_Healthy_leaf/IMG_20251102_161652aug43.jpg,Tomato_Healthy_leaf,Tomato_Healthy_leaf,0.9992916584014893,1,1.2843437194824219,7.622762680053711,0.16570568084716797,9.075551986694336
dataset/test/Tomato_Healthy_leaf/IMG_20251102_161826_aug_60aug68.jpg,Tomato_Healthy_leaf,Tomato_Healthy_leaf,0.9985338449478149,1,1.1683244705200195,7.745152473449707,0.1667613983154297,9.082902908325195
dataset/test/Tomato_Healthy_leaf/IMG_20251102_161826_aug_61aug62.jpg,Tomato_Healthy_leaf,Tomato_Healthy_leaf,0.9999477863311768,1,1.1214160919189453,7.821338653564453,0.1655569076538086,9.110978126525879
dataset/test/Tomato_Healthy_leaf/IMG_20251102_161826aug30.jpg,Tomato_Healthy_leaf,Tomato_Healthy_leaf,0.9961789846420288,1,1.156620979309082,7.79422664642334,0.1655750274658203,9.118922233581543
dataset/test/Tomato_Healthy_leaf/IMG_20251102_161850_aug_56aug74.jpg,Tomato_Healthy_leaf,Tomato_Healthy_leaf,0.9940352439880371,1,1.1516742706298828,7.818986892700195,0.1660938262939453,9.139442443847656
dataset/test/Tomato_Healthy_leaf/IMG_20251102_161850_aug_57aug72.jpg,Tomato_Healthy_leaf,Tomato_Healthy_leaf,0.9932445883750916,1,1.0755443572998047,7.80489444732666,0.17164897918701172,9.054718017578125
dataset/test/Tomato_Healthy_leaf/IMG_20251102_161850aug28.jpg,Tomato_Healthy_leaf,Tomato_Healthy_leaf,0.9941636919975281,1,1.0910453796386719,7.653539657592773,0.16492652893066406,8.9120512008667
dataset/test/Tomato_Healthy_leaf/IMG_20251102_161859aug38.jpg,Tomato_Healthy_leaf,Tomato_Healthy_leaf,0.9998661279678345,1,1.1601572036743164,7.669781684875488,0.17281532287597656,9.005606651306152
dataset/test/Tomato_Healthy_leaf/IMG_20251102_161935_aug_4aug55.jpg,Tomato_Healthy_leaf,Tomato_Healthy_leaf,0.9999983310699463,1,1.116490364074707,7.827413558959961,0.1761312484741211,9.123534202575684
dataset/test/Tomato_Healthy_leaf/IMG_20251102_161935_aug_5aug53.jpg,Tomato_Healthy_leaf,Tomato_Healthy_leaf,0.9999996423721313,1,1.0905466079711914,7.813318252563477,0.16498279571533203,9.071828842163086
dataset/test/Tomato_Healthy_leaf/IMG_20251102_161935aug2.jpg,Tomato_Healthy_leaf,Tomato_Healthy_leaf,0.9999990463256836,1,1.0783605575561523,7.9227094650268555,0.1659088134765625,9.169755935668945
dataset/test/Tomato_Healthy_leaf/IMG_20251102_162037aug45.jpg,Tomato_Healthy_leaf,Tomato_Healthy_leaf,0.9937562942504883,1,1.163416862487793,7.765688896179199,0.16676044464111328,9.098422050476074
dataset/test/Tomato_Healthy_leaf/h100_lower_aug_54aug73.jpg,Tomato_Healthy_leaf,Tomato_Healthy_leaf,0.9997782111167908,1,1.0884714126586914,7.803708076477051,0.16602039337158203,9.060755729675293
dataset/test/Tomato_Healthy_leaf/h100_lower_aug_55aug75.jpg,Tomato_Healthy_leaf,Tomato_Healthy_leaf,0.9999790191650391,1,1.0846939086914062,7.784560203552246,0.1675567626953125,9.039920806884766
dataset/test/Tomato_Healthy_leaf/h100_loweraug27.jpg,Tomato_Healthy_leaf,Tomato_Healthy_leaf,0.9998430013656616,1,1.0993413925170898,7.606576919555664,0.16622447967529297,8.874773025512695
dataset/test/Tomato_Healthy_leaf/h101_aug_18aug119.jpg,Tomato_Healthy_leaf,Tomato_Healthy_leaf,0.9976102113723755,1,1.2188053131103516,7.643596649169922,0.16570568084716797,9.030960083007812
dataset/test/Tomato_Healthy_leaf/h101_aug_19aug116.jpg,Tomato_Healthy_leaf,Tomato_Healthy_leaf,0.9862290620803833,1,1.1050634384155273,8.052691459655762,0.16709327697753906,9.327313423156738
dataset/test/Tomato_Healthy_leaf/h101aug9.jpg,Tomato_Healthy_leaf,Tomato_Healthy_leaf,0.9269193410873413,1,1.0895271301269531,7.770783424377441,0.1660938262939453,9.029181480407715
dataset/test/Tomato_Healthy_leaf/h103_aug_42aug82.jpg,Tomato_Healthy_leaf,Tomato_Healthy_leaf,0.9999594688415527,1,1.0996379852294922,7.924542427062988,0.20616817474365234,9.233479499816895
dataset/test/Tomato_Healthy_leaf/h103_aug_43aug77.jpg,Tomato_Healthy_leaf,Tomato_Healthy_leaf,0.9999794960021973,1,1.086136817932129,8.07169246673584,0.16557598114013672,9.326386451721191
dataset/test/Tomato_Healthy_leaf/h103aug21.jpg,Tomato_Healthy_leaf,Tomato_Healthy_leaf,0.9998588562011719,1,1.0788593292236328,7.953005790710449,0.17070484161376953,9.205904960632324
dataset/test/Tomato_Healthy_leaf/h1_change_90_aug_12aug118.jpg,Tomato_Healthy_leaf,Tomato_Healthy_leaf,0.9999979734420776,1,1.2468996047973633,8.269082069396973,0.16531658172607422,9.683853149414062
dataset/test/Tomato_Healthy_leaf/h1_change_90_aug_13aug108.jpg,Tomato_Healthy_leaf,Tomato_Healthy_leaf,0.9999727010726929,1,1.0966196060180664,7.98043155670166,0.1669635772705078,9.246627807617188
dataset/test/Tomato_Healthy_leaf/h1_change_90aug6.jpg,Tomato_Healthy_leaf,Tomato_Healthy_leaf,0.9999991655349731,1,1.1076011657714844,7.937247276306152,0.1656494140625,9.213293075561523
dataset/test/Tomato_Healthy_leaf/h39_change_270aug48.jpg,Tomato_Healthy_leaf,Tomato_Healthy_leaf,0.9997813105583191,1,1.0936574935913086,7.949469566345215,0.15779876708984375,9.203571319580078
dataset/test/Tomato_Healthy_leaf/h39_hight_aug_40aug96.jpg,Tomato_Healthy_leaf,Tomato_Healthy_leaf,0.9998144507408142,1,1.112527847290039,7.785968780517578,0.16683483123779297,9.06784725189209
dataset/test/Tomato_Healthy_leaf/h39_hight_aug_41aug98.jpg,Tomato_Healthy_leaf,Tomato_Healthy_leaf,0.9999555349349976,1,1.1843242645263672,8.22799015045166,0.16792583465576172,9.582980155944824
dataset/test/Tomato_Healthy_leaf/h39_hightaug20.jpg,Tomato_Healthy_leaf,Tomato_Healthy_leaf,0.999834418296814,1,1.2094354629516602,7.870579719543457,0.16827964782714844,9.251479148864746
dataset/test/Tomato_Healthy_leaf/h39_lower_aug_30aug95.jpg,Tomato_Healthy_leaf,Tomato_Healthy_leaf,0.9986773133277893,1,1.3353796005249023,7.94895076751709,0.16803741455078125,9.455109596252441
dataset/test/Tomato_Healthy_leaf/h39_lower_aug_31aug89.jpg,Tomato_Healthy_leaf,Tomato_Healthy_leaf,0.9999889135360718,1,1.1798419952392578,8.541120529174805,0.1692218780517578,9.8925199508667
dataset/test/Tomato_Healthy_leaf/h39_loweraug15.jpg,Tomato_Healthy_leaf,Tomato_Healthy_leaf,0.999990701675415,1,1.1396751403808594,8.027376174926758,0.16711139678955078,9.336737632751465
dataset/test/Tomato_Healthy_leaf/h3_aug_8aug57.jpg,Tomato_Healthy_leaf,Tomato_Healthy_leaf,0.9999995231628418,1,1.342881202697754,21.48948097229004,0.1697235107421875,23.005196571350098
dataset/test/Tomato_Healthy_leaf/h3_aug_9aug54.jpg,Tomato_Healthy_leaf,Tomato_Healthy_leaf,0.9999994039535522,1,1.2179908752441406,10.375877380371094,0.1688518524169922,11.76562786102295
dataset/test/Tomato_Healthy_leaf/h3_mirror_aug_52aug84.jpg,Tomato_Healthy_leaf,Tomato_Healthy_leaf,0.9999998807907104,1,1.1265640258789062,8.99610710144043,0.16785335540771484,10.293320655822754
dataset/test/Tomato_Healthy_leaf/h3_mirror_aug_53aug80.jpg,Tomato_Healthy_leaf,Tomato_Healthy_leaf,0.9999994039535522,1,1.0848960876464844,8.035245895385742,0.16559314727783203,9.288572311401367
dataset/test/Tomato_Healthy_leaf/h3_mirroraug26.jpg,Tomato_Healthy_leaf,Tomato_Healthy_leaf,0.9999992847442627,1,1.1497488021850586,7.941061973571777,0.1687784194946289,9.262275695800781
dataset/test/Tomato_Healthy_leaf/h3aug4.jpg,Tomato_Healthy_leaf,Tomato_Healthy_leaf,0.9999977350234985,1,1.0878791809082031,7.987357139587402,0.1703338623046875,9.248368263244629
dataset/test/Tomato_Healthy_leaf/h45_mirror_verticalaug42.jpg,Tomato_Healthy_leaf,Tomato_Healthy_leaf,0.99977046251297,1,1.1278228759765625,8.103192329406738,0.16887187957763672,9.40246295928955
dataset/test/Tomato_Healthy_leaf/h49_change_90aug49.jpg,Tomato_Healthy_leaf,Tomato_Healthy_leaf,0.9999967813491821,1,1.1408061981201172,8.093024253845215,0.16731739044189453,9.403887748718262
dataset/test/Tomato_Healthy_leaf/h50_hight_aug_68aug69.jpg,Tomato_Healthy_leaf,Tomato_Healthy_leaf,0.9629621505737305,1,1.0588598251342773,8.143636703491211,0.16689109802246094,9.371941566467285
dataset/test/Tomato_Healthy_leaf/h50_hight_aug_69aug61.jpg,Tomato_Healthy_leaf,Tomato_Healthy_leaf,0.8761823177337646,1,1.071211814880371,8.144359588623047,0.16294574737548828,9.381017684936523
dataset/test/Tomato_Healthy_leaf/h50_hightaug34.jpg,Tomato_Healthy_leaf,Tomato_Healthy_leaf,0.9975332021713257,1,1.1078243255615234,7.9485979080200195,0.16735267639160156,9.226109504699707
dataset/test/Tomato_Healthy_leaf/h50_lower_aug_66aug65.jpg,Tomato_Healthy_leaf,Tomato_Healthy_leaf,0.9958991408348083,1,1.1860828399658203,7.917172431945801,0.16896438598632812,9.274848937988281
dataset/test/Tomato_Healthy_leaf/h50_lower_aug_67aug70.jpg,Tomato_Healthy_leaf,Tomato_Healthy_leaf,0.9901981353759766,1,1.0906381607055664,8.122267723083496,0.16802024841308594,9.384035110473633
dataset/test/Tomato_Healthy_leaf/h50_loweraug33.jpg,Tomato_Healthy_leaf,Tomato_Healthy_leaf,0.9532034397125244,1,1.1204719543457031,8.047303199768066,0.16857528686523438,9.339534759521484
dataset/test/Tomato_Healthy_leaf/h50_mirror_vertical_aug_24aug111.jpg,Tomato_Healthy_leaf,Tomato_Healthy_leaf,0.9999939203262329,1,1.0803604125976562,8.94112491607666,0.1668529510498047,10.191041946411133
dataset/test/Tomato_Healthy_leaf/h50_mirror_vertical_aug_25aug100.jpg,Tomato_Healthy_leaf,Tomato_Healthy_leaf,0.9999629259109497,1,1.0892114639282227,8.112637519836426,0.16900157928466797,9.373536109924316
dataset/test/Tomato_Healthy_leaf/h50_mirror_verticalaug12.jpg,Tomato_Healthy_leaf,Tomato_Healthy_leaf,0.998829185962677,1,1.1610088348388672,8.096026420593262,0.16863059997558594,9.428740501403809
dataset/test/Tomato_Healthy_leaf/h50aug37.jpg,Tomato_Healthy_leaf,Tomato_Healthy_leaf,0.9939913153648376,1,1.0769147872924805,8.269489288330078,0.17001914978027344,9.518961906433105
dataset/test/Tomato_Healthy_leaf/h5_mirroraug41.jpg,Tomato_Healthy_leaf,Tomato_Healthy_leaf,0.9999997615814209,1,1.1379890441894531,8.072895050048828,0.1684093475341797,9.381776809692383
dataset/test/Tomato_Healthy_leaf/h65_mirror_vertical_aug_26aug97.jpg,Tomato_Healthy_leaf,Tomato_Healthy_leaf,1.0,1,1.2023983001708984,8.159859657287598,0.16761207580566406,9.53251838684082
dataset/test/Tomato_Healthy_leaf/h65_mirror_vertical_aug_27aug106.jpg,Tomato_Healthy_leaf,Tomato_Healthy_leaf,0.9999957084655762,1,1.1982316970825195,8.111210823059082,0.16672325134277344,9.478924751281738
dataset/test/Tomato_Healthy_leaf/h65_mirror_verticalaug13.jpg,Tomato_Healthy_leaf,Tomato_Healthy_leaf,1.0,1,1.1400461196899414,8.129469871520996,0.16855812072753906,9.44083309173584
dataset/test/Tomato_Healthy_leaf/h71_mirror_aug_62aug66.jpg,Tomato_Healthy_leaf,Tomato_Healthy_leaf,0.9999990463256836,1,1.109990119934082,8.1958589553833,0.166168212890625,9.474814414978027
dataset/test/Tomato_Healthy_leaf/h71_mirror_aug_63aug67.jpg,Tomato_Healthy_leaf,Tomato_Healthy_leaf,0.9999911785125732,1,1.1097679138183594,8.057101249694824,0.15859413146972656,9.327832221984863
dataset/test/Tomato_Healthy_leaf/h71_mirroraug31.jpg,Tomato_Healthy_leaf,Tomato_Healthy_leaf,0.9999992847442627,1,1.104379653930664,7.892820358276367,0.1673727035522461,9.16758918762207
dataset/test/Tomato_Healthy_leaf/h76_hight_aug_34aug88.jpg,Tomato_Healthy_leaf,Tomato_Healthy_leaf,0.9999990463256836,1,1.1127681732177734,8.165322303771973,0.16909217834472656,9.449906349182129
dataset/test/Tomato_Healthy_leaf/h76_hight_aug_35aug93.jpg,Tomato_Healthy_leaf,Tomato_Healthy_leaf,0.9999815225601196,1,1.0988035202026367,8.06678581237793,0.16594696044921875,9.334033966064453
dataset/test/Tomato_Healthy_leaf/h76_hightaug17.jpg,Tomato_Healthy_leaf,Tomato_Healthy_leaf,0.9999884366989136,1,1.1367502212524414,10.407302856445312,0.2075214385986328,11.754517555236816
dataset/test/Tomato_Healthy_leaf/h78_change_270_aug_36aug94.jpg,Tomato_Healthy_leaf,Tomato_Healthy_leaf,0.9999994039535522,1,1.4686040878295898,11.018343925476074,0.43918800354003906,12.9295072555542
dataset/test/Tomato_Healthy_leaf/h78_change_270_aug_37aug99.jpg,Tomato_Healthy_leaf,Tomato_Healthy_leaf,0.9999780654907227,1,1.549753189086914,10.881381034851074,0.20557498931884766,12.639801025390625
dataset/test/Tomato_Healthy_leaf/h78_change_270aug18.jpg,Tomato_Healthy_leaf,Tomato_Healthy_leaf,0.9999979734420776,1,1.4501590728759766,11.212178230285645,0.20522403717041016,12.870969772338867
dataset/test/Tomato_Healthy_leaf/h7_lower_aug_44aug87.jpg,Tomato_Healthy_leaf,Tomato_Healthy_leaf,0.9997782111167908,1,1.4795122146606445,10.840897560119629,0.20540904998779297,12.52918815612793
dataset/test/Tomato_Healthy_leaf/h7_lower_aug_45aug79.jpg,Tomato_Healthy_leaf,Tomato_Healthy_leaf,0.9999347925186157,1,1.4598627090454102,10.840564727783203,0.2074270248413086,12.511595726013184
dataset/test/Tomato_Healthy_leaf/h7_loweraug22.jpg,Tomato_Healthy_leaf,Tomato_Healthy_leaf,0.9997870326042175,1,1.646531105041504,10.96226978302002,0.20609378814697266,12.81869125366211
dataset/test/Tomato_Healthy_leaf/h81_change_180_aug_16aug113.jpg,Tomato_Healthy_leaf,Tomato_Healthy_leaf,0.9998518228530884,1,1.4989557266235352,10.887712478637695,0.2083721160888672,12.598337173461914
dataset/test/Tomato_Healthy_leaf/h81_change_180_aug_17aug117.jpg,Tomato_Healthy_leaf,Tomato_Healthy_leaf,0.9999498128890991,1,1.471658706665039,8.344564437866211,0.16196346282958984,9.980892181396484
dataset/test/Tomato_Healthy_leaf/h81_change_180aug8.jpg,Tomato_Healthy_leaf,Tomato_Healthy_leaf,0.9996575117111206,1,1.0674705505371094,7.5544843673706055,0.16048240661621094,8.785104751586914
dataset/test/Tomato_Healthy_leaf/h84_mirroraug40.jpg,Tomato_Healthy_leaf,Tomato_Healthy_leaf,0.9999992847442627,1,1.1074333190917969,7.585132598876953,0.15833473205566406,8.853289604187012
dataset/test/Tomato_Healthy_leaf/h8_change_90aug35.jpg,Tomato_Healthy_leaf,Tomato_Healthy_leaf,0.9999884366989136,1,1.0990266799926758,7.490762710571289,0.16150188446044922,8.753678321838379
dataset/test/Tomato_Healthy_leaf/h95_mirror_verticalaug46.jpg,Tomato_Healthy_leaf,Tomato_Healthy_leaf,0.9974472522735596,1,1.1547479629516602,7.511873245239258,0.16277790069580078,8.832752227783203
dataset/test/Tomato_Healthy_leaf/h96_change_270aug47.jpg,Tomato_Healthy_leaf,Tomato_Healthy_leaf,0.9999908208847046,1,1.0627117156982422,7.571577072143555,0.16225910186767578,8.799307823181152
dataset/test/Tomato_Healthy_leaf/h96_mirror_vertical_aug_14aug107.jpg,Tomato_Healthy_leaf,Tomato_Healthy_leaf,0.9999988079071045,1,1.0528593063354492,7.612372398376465,0.16138935089111328,8.829512596130371
dataset/test/Tomato_Healthy_leaf/h96_mirror_vertical_aug_15aug112.jpg,Tomato_Healthy_leaf,Tomato_Healthy_leaf,0.9999727010726929,1,1.0881376266479492,7.557040214538574,0.23948287963867188,8.887475967407227
dataset/test/Tomato_Healthy_leaf/h96_mirror_verticalaug7.jpg,Tomato_Healthy_leaf,Tomato_Healthy_leaf,1.0,1,1.0460081100463867,7.626299858093262,0.15631580352783203,8.831364631652832
dataset/test/Tomato_Healthy_leaf/h99_hight_aug_32aug92.jpg,Tomato_Healthy_leaf,Tomato_Healthy_leaf,0.9994587302207947,1,1.0735998153686523,7.496094703674316,0.16005706787109375,8.732159614562988
dataset/test/Tomato_Healthy_leaf/h99_hight_aug_33aug101.jpg,Tomato_Healthy_leaf,Tomato_Healthy_leaf,0.9999197721481323,1,1.1666574478149414,7.404482841491699,0.1617593765258789,8.735549926757812
dataset/test/Tomato_Healthy_leaf/h99_hightaug16.jpg,Tomato_Healthy_leaf,Tomato_Healthy_leaf,0.9999922513961792,1,1.0660266876220703,7.597521781921387,0.16476058959960938,8.83110523223877
dataset/test/Tomato_Healthy_leaf/h99_lower_aug_46aug78.jpg,Tomato_Healthy_leaf,Tomato_Healthy_leaf,0.9995455145835876,1,1.1324901580810547,7.803670883178711,0.1650562286376953,9.1045503616333
dataset/test/Tomato_Healthy_leaf/h99_lower_aug_47aug81.jpg,Tomato_Healthy_leaf,Tomato_Healthy_leaf,0.9998853206634521,1,1.0946006774902344,7.7888383865356445,0.1633901596069336,9.049513816833496
dataset/test/Tomato_Healthy_leaf/h99_loweraug23.jpg,Tomato_Healthy_leaf,Tomato_Healthy_leaf,0.9981474876403809,1,1.104452133178711,7.783763885498047,0.164093017578125,9.054847717285156
dataset/test/Tomato_Healthy_leaf/h9_change_180_aug_48aug86.jpg,Tomato_Healthy_leaf,Tomato_Healthy_leaf,0.9999995231628418,1,1.0916757583618164,7.853004455566406,0.16396427154541016,9.111237525939941
dataset/test/Tomato_Healthy_leaf/h9_change_180_aug_49aug85.jpg,Tomato_Healthy_leaf,Tomato_Healthy_leaf,0.9999994039535522,1,1.1307487487792969,14.335926055908203,0.1664447784423828,15.635916709899902
dataset/test/Tomato_Healthy_leaf/h9_change_180aug24.jpg,Tomato_Healthy_leaf,Tomato_Healthy_leaf,0.9999967813491821,1,1.2294540405273438,9.366016387939453,0.1621866226196289,10.760897636413574
dataset/test/Tomato_Healthy_leaf/russian-2-319-dt-2010-leaves-high-tunnel-9-29-2014-c_jpg.rf.7ef5d3901dbeaf27776a27bfc8197b72_aug_0aug52.jpg,Tomato_Healthy_leaf,Tomato_Healthy_leaf,0.9999750852584839,1,1.134749412536621,7.940173149108887,0.16376018524169922,9.241293907165527
dataset/test/Tomato_Healthy_leaf/russian-2-319-dt-2010-leaves-high-tunnel-9-29-2014-c_jpg.rf.7ef5d3901dbeaf27776a27bfc8197b72_aug_1aug58.jpg,Tomato_Healthy_leaf,Tomato_Healthy_leaf,0.9995836615562439,1,1.2373428344726562,7.798226356506348,0.16340923309326172,9.201533317565918
dataset/test/Tomato_Healthy_leaf/russian-2-319-dt-2010-leaves-high-tunnel-9-29-2014-c_jpg.rf.7ef5d3901dbeaf27776a27bfc8197b72aug0.jpg,Tomato_Healthy_leaf,Tomato_Healthy_leaf,0.9999868869781494,1,1.1396751403808594,7.800394058227539,0.16440963745117188,9.107125282287598
dataset/test/Tomato_Healthy_leaf/unnamed_aug_64aug64.jpg,Tomato_Healthy_leaf,Tomato_Healthy_leaf,0.9526890516281128,1,1.0724716186523438,7.785411834716797,0.1654644012451172,9.025883674621582
dataset/test/Tomato_Healthy_leaf/unnamed_aug_65aug60.jpg,Tomato_Healthy_leaf,Tomato_Healthy_leaf,0.9887204766273499,1,1.087045669555664,8.233729362487793,0.2120208740234375,9.535554885864258
dataset/test/Tomato_Healthy_leaf/unnamedaug32.jpg,Tomato_Healthy_leaf,Tomato_Healthy_leaf,0.9994476437568665,1,1.1087493896484375,8.21943473815918,0.1704082489013672,9.501110076904297
dataset/test/Tomato_Septoria_leaf_spot/1723454507354_aug_44aug83.jpg,Tomato_Septoria_leaf_spot,Tomato_Septoria_leaf_spot,0.6720490455627441,1,1.11993408203125,8.067673683166504,0.16922378540039062,9.359369277954102
dataset/test/Tomato_Septoria_leaf_spot/1723454507354_aug_45aug80.jpg,Tomato_Septoria_leaf_spot,Tomato_Septoria_leaf_spot,0.9523459672927856,1,1.1848039627075195,8.1223783493042,0.17055702209472656,9.480628967285156
dataset/test/Tomato_Septoria_leaf_spot/1723454507354aug22.jpg,Tomato_Septoria_leaf_spot,Tomato_Septoria_leaf_spot,0.9922152161598206,1,1.1162481307983398,8.194673538208008,0.16992759704589844,9.48351764678955
dataset/test/Tomato_Septoria_leaf_spot/1723454507465_aug_58aug67.jpg,Tomato_Septoria_leaf_spot,Tomato_Septoria_leaf_spot,0.8806463479995728,1,1.1321945190429688,8.190803527832031,0.16926002502441406,9.495332717895508
dataset/test/Tomato_Septoria_leaf_spot/1723454507465_aug_59aug66.jpg,Tomato_Septoria_leaf_spot,Tomato_Septoria_leaf_spot,0.9513981938362122,1,1.2444171905517578,8.429823875427246,0.1693716049194336,9.846687316894531
dataset/test/Tomato_Septoria_leaf_spot/1723454507465aug29.jpg,Tomato_Septoria_leaf_spot,Tomato_Septoria_leaf_spot,0.8278793692588806,1,1.1444902420043945,8.258434295654297,0.16994571685791016,9.575462341308594
dataset/test/Tomato_Septoria_leaf_spot/5454635393351680.jpeg_aug_14aug115.jpg,Tomato_Septoria_leaf_spot,Tomato_Septoria_leaf_spot,0.8824973702430725,1,1.1680469512939453,8.190360069274902,0.1695384979248047,9.531000137329102
dataset/test/Tomato_Septoria_leaf_spot/5454635393351680.jpeg_aug_15aug46.jpg,Tomato_Septoria_leaf_spot,Tomato_Septoria_leaf_spot,0.989041268825531,1,1.1231012344360352,8.237008094787598,0.17116832733154297,9.534073829650879
dataset/test/Tomato_Septoria_leaf_spot/5454635393351680.jpegaug7.jpg,Tomato_Septoria_leaf_spot,Tomato_Septoria_leaf_spot,0.9796125888824463,1,1.127528190612793,8.181100845336914,0.16835498809814453,9.47983169555664
dataset/test/Tomato_Septoria_leaf_spot/6134794031202304-600x272-jpeg_jpg.rf.5482c323fe160b26426628094ae3646baug42.jpg,Tomato_Septoria_leaf_spot,Tomato_Septoria_leaf_spot,0.9999828338623047,1,1.1796941757202148,8.259378433227539,0.1678333282470703,9.6095552444458
dataset/test/Tomato_Septoria_leaf_spot/66e7583ebe11cf0bd06435e4167bd4fdaug41.jpg,Tomato_Septoria_leaf_spot,Tomato_Septoria_leaf_spot,0.9992679953575134,1,1.0955829620361328,7.970227241516113,0.167816162109375,9.236348152160645
dataset/test/Tomato_Septoria_leaf_spot/8_20mistakes_204_aug_72aug61.jpg,Tomato_Septoria_leaf_spot,Tomato_mold_leaf,0.6931062936782837,0,1.111785888671875,8.042729377746582,0.17555618286132812,9.333090782165527
dataset/test/Tomato_Septoria_leaf_spot/8_20mistakes_204_aug_73aug62.jpg,Tomato_Septoria_leaf_spot,Tomato_mold_leaf,0.742822527885437,0,1.1628227233886719,8.129691123962402,0.16248321533203125,9.457683563232422
dataset/test/Tomato_Septoria_leaf_spot/8_20mistakes_204aug36.jpg,Tomato_Septoria_leaf_spot,Tomato_Healthy_leaf,0.3751356303691864,0,1.093027114868164,7.916060447692871,0.17079639434814453,9.182886123657227
dataset/test/Tomato_Septoria_leaf_spot/Gls11_mirror_vertical_aug_42aug85.jpg,Tomato_Septoria_leaf_spot,Tomato_Septoria_leaf_spot,0.4983294606208801,1,1.1130266189575195,7.941450119018555,0.17339038848876953,9.230607986450195
dataset/test/Tomato_Septoria_leaf_spot/Gls11_mirror_vertical_aug_43aug86.jpg,Tomato_Septoria_leaf_spot,Tomato_Early_blight_leaf,0.5997350215911865,0,1.2004728317260742,8.06106185913086,0.1698160171508789,9.43431282043457
dataset/test/Tomato_Septoria_leaf_spot/Gls11_mirror_verticalaug21.jpg,Tomato_Septoria_leaf_spot,Tomato_Septoria_leaf_spot,0.9912727475166321,1,1.1854352951049805,8.164155006408691,0.17835235595703125,9.531702995300293
dataset/test/Tomato_Septoria_leaf_spot/Gls12_mirror_aug_46aug81.jpg,Tomato_Septoria_leaf_spot,Tomato_Septoria_leaf_spot,0.9977892637252808,1,1.1616201400756836,8.02087688446045,0.21542835235595703,9.40179443359375
dataset/test/Tomato_Septoria_leaf_spot/Gls12_mirror_aug_47aug92.jpg,Tomato_Septoria_leaf_spot,Tomato_Septoria_leaf_spot,0.9979202151298523,1,1.1674537658691406,8.08108139038086,0.1806497573852539,9.43259048461914
dataset/test/Tomato_Septoria_leaf_spot/Gls12_mirroraug23.jpg,Tomato_Septoria_leaf_spot,Tomato_Septoria_leaf_spot,0.9982905983924866,1,1.1584720611572266,10.07865047454834,0.20896434783935547,11.449440956115723
dataset/test/Tomato_Septoria_leaf_spot/Gls1_mirror_aug_38aug82.jpg,Tomato_Septoria_leaf_spot,Tomato_Septoria_leaf_spot,0.9253962635993958,1,1.5346975326538086,10.887343406677246,0.21194839477539062,12.637578964233398
dataset/test/Tomato_Septoria_leaf_spot/Gls1_mirror_aug_39aug84.jpg,Tomato_Septoria_leaf_spot,Tomato_Septoria_leaf_spot,0.9750755429267883,1,1.4656782150268555,10.723917007446289,0.20701980590820312,12.400318145751953
dataset/test/Tomato_Septoria_leaf_spot/Gls1_mirroraug19.jpg,Tomato_Septoria_leaf_spot,Tomato_Septoria_leaf_spot,0.9830584526062012,1,1.4724187850952148,10.874731063842773,0.2092418670654297,12.559894561767578
dataset/test/Tomato_Septoria_leaf_spot/Gls21_change_270aug43.jpg,Tomato_Septoria_leaf_spot,Tomato_leaf_late_blight,0.858817994594574,0,1.5362520217895508,10.787398338317871,0.2062053680419922,12.533393859863281
dataset/test/Tomato_Septoria_leaf_spot/Gls21_hight_aug_56aug78.jpg,Tomato_Septoria_leaf_spot,Tomato_Septoria_leaf_spot,0.9957185387611389,1,1.5222511291503906,10.671101570129395,0.20751953125,12.404966354370117
dataset/test/Tomato_Septoria_leaf_spot/Gls21_hight_aug_57aug79.jpg,Tomato_Septoria_leaf_spot,Tomato_Septoria_leaf_spot,0.9984896183013916,1,1.542734146118164,10.830342292785645,0.2524099349975586,12.629301071166992
dataset/test/Tomato_Septoria_leaf_spot/Gls21_hightaug28.jpg,Tomato_Septoria_leaf_spot,Tomato_Septoria_leaf_spot,0.9794019460678101,1,1.4831037521362305,10.861175537109375,0.20757675170898438,12.555412292480469
dataset/test/Tomato_Septoria_leaf_spot/Gls29_change_180_aug_40aug89.jpg,Tomato_Septoria_leaf_spot,Tomato_Septoria_leaf_spot,0.9976310729980469,1,1.5304937362670898,8.966421127319336,0.16664981842041016,10.667342185974121
dataset/test/Tomato_Septoria_leaf_spot/Gls29_change_180_aug_41aug91.jpg,Tomato_Septoria_leaf_spot,Tomato_Septoria_leaf_spot,0.99989914894104,1,1.1128787994384766,7.437797546386719,0.19446372985839844,8.748030662536621
dataset/test/Tomato_Septoria_leaf_spot/Gls29_change_180aug20.jpg,Tomato_Septoria_leaf_spot,Tomato_Septoria_leaf_spot,0.9990532994270325,1,1.101898193359375,7.606670379638672,0.1613903045654297,8.872641563415527
dataset/test/Tomato_Septoria_leaf_spot/Gls36_hight_aug_20aug116.jpg,Tomato_Septoria_leaf_spot,Tomato_Septoria_leaf_spot,0.9919053316116333,1,1.088897705078125,7.9987287521362305,0.1617412567138672,9.25259017944336
dataset/test/Tomato_Septoria_leaf_spot/Gls36_hight_aug_21aug118.jpg,Tomato_Septoria_leaf_spot,Tomato_Septoria_leaf_spot,0.9466968774795532,1,1.0837125778198242,7.597818374633789,0.17203807830810547,8.85680866241455
dataset/test/Tomato_Septoria_leaf_spot/Gls36_hightaug10.jpg,Tomato_Septoria_leaf_spot,Tomato_Septoria_leaf_spot,0.9621107578277588,1,1.122415542602539,7.454409599304199,0.16185283660888672,8.74177074432373
dataset/test/Tomato_Septoria_leaf_spot/Gls41_change_270_aug_50aug90.jpg,Tomato_Septoria_leaf_spot,Tomato_Healthy_leaf,0.8353949189186096,0,1.1863059997558594,7.676115036010742,0.16094589233398438,9.026217460632324
dataset/test/Tomato_Septoria_leaf_spot/Gls41_change_270_aug_51aug77.jpg,Tomato_Septoria_leaf_spot,Tomato_Septoria_leaf_spot,0.9821886420249939,1,1.118027687072754,7.664262771606445,0.1617593765258789,8.947125434875488
dataset/test/Tomato_Septoria_leaf_spot/Gls41_change_270aug25.jpg,Tomato_Septoria_leaf_spot,Tomato_Septoria_leaf_spot,0.903062105178833,1,1.0963611602783203,7.505596160888672,0.1706686019897461,8.775808334350586
dataset/test/Tomato_Septoria_leaf_spot/Gls43_change_90_aug_60aug75.jpg,Tomato_Septoria_leaf_spot,Tomato_Septoria_leaf_spot,0.9988922476768494,1,1.1675643920898438,7.911820411682129,0.16864871978759766,9.251885414123535
dataset/test/Tomato_Septoria_leaf_spot/Gls43_change_90_aug_61aug73.jpg,Tomato_Septoria_leaf_spot,Tomato_Septoria_leaf_spot,0.9995474219322205,1,1.1139898300170898,7.592355728149414,0.17039012908935547,8.879734992980957
dataset/test/Tomato_Septoria_leaf_spot/Gls43_change_90aug30.jpg,Tomato_Septoria_leaf_spot,Tomato_Septoria_leaf_spot,0.9996554851531982,1,1.067805290222168,8.306360244750977,0.16896438598632812,9.54588794708252
dataset/test/Tomato_Septoria_leaf_spot/Gls46_change_90_aug_6aug53.jpg,Tomato_Septoria_leaf_spot,Tomato_Septoria_leaf_spot,0.9999912977218628,1,1.1712675094604492,8.222360610961914,0.16829776763916016,9.564666748046875
dataset/test/Tomato_Septoria_leaf_spot/Gls46_change_90_aug_7aug56.jpg,Tomato_Septoria_leaf_spot,Tomato_Septoria_leaf_spot,0.9995602965354919,1,1.2193241119384766,17.253503799438477,0.1708354949951172,18.647032737731934
dataset/test/Tomato_Septoria_leaf_spot/Gls46_change_90aug3.jpg,Tomato_Septoria_leaf_spot,Tomato_Septoria_leaf_spot,0.9994563460350037,1,1.1527128219604492,16.446459770202637,0.1731128692626953,17.77528476715088
dataset/test/Tomato_Septoria_leaf_spot/Gls47aug44.jpg,Tomato_Septoria_leaf_spot,Tomato_Septoria_leaf_spot,0.999609649181366,1,1.2130279541015625,10.662785530090332,0.16424179077148438,12.042593002319336
dataset/test/Tomato_Septoria_leaf_spot/Gls76_aug_34aug97.jpg,Tomato_Septoria_leaf_spot,Tomato_mold_leaf,0.6371492743492126,0,1.109971046447754,8.032672882080078,0.1704263687133789,9.315756797790527
dataset/test/Tomato_Septoria_leaf_spot/Gls76_aug_35aug103.jpg,Tomato_Septoria_leaf_spot,Tomato_Septoria_leaf_spot,0.8055908679962158,1,1.2487878799438477,7.989950180053711,0.1684274673461914,9.41014575958252
dataset/test/Tomato_Septoria_leaf_spot/Gls76_change_180_aug_30aug96.jpg,Tomato_Septoria_leaf_spot,Tomato_mold_leaf,0.9821262955665588,0,1.2390480041503906,7.950636863708496,0.16848373413085938,9.36103630065918
dataset/test/Tomato_Septoria_leaf_spot/Gls76_change_180_aug_31aug100.jpg,Tomato_Septoria_leaf_spot,Tomato_mold_leaf,0.9384141564369202,0,1.1248235702514648,8.313119888305664,0.17022418975830078,9.611111640930176
dataset/test/Tomato_Septoria_leaf_spot/Gls76_change_180aug15.jpg,Tomato_Septoria_leaf_spot,Tomato_mold_leaf,0.9254336357116699,0,1.1385459899902344,7.921486854553223,0.16729736328125,9.229812622070312
dataset/test/Tomato_Septoria_leaf_spot/Gls76aug17.jpg,Tomato_Septoria_leaf_spot,Tomato_Septoria_leaf_spot,0.6445830464363098,1,1.1327877044677734,7.969710350036621,0.16718673706054688,9.27249813079834
dataset/test/Tomato_Septoria_leaf_spot/Gls7_change_270_aug_64aug68.jpg,Tomato_Septoria_leaf_spot,Tomato_Septoria_leaf_spot,0.9987218976020813,1,1.1052122116088867,7.915986061096191,0.16570377349853516,9.189330101013184
dataset/test/Tomato_Septoria_leaf_spot/Gls7_change_270_aug_65aug71.jpg,Tomato_Septoria_leaf_spot,Tomato_Septoria_leaf_spot,0.9967930912971497,1,1.090510368347168,7.834059715270996,0.16664886474609375,9.093921661376953
dataset/test/Tomato_Septoria_leaf_spot/Gls7_change_270aug32.jpg,Tomato_Septoria_leaf_spot,Tomato_Septoria_leaf_spot,0.9938018918037415,1,1.133601188659668,7.722744941711426,0.21833515167236328,9.07786750793457
dataset/test/Tomato_Septoria_leaf_spot/Gls7_lower_aug_0aug57.jpg,Tomato_Septoria_leaf_spot,Tomato_Septoria_leaf_spot,0.9942302703857422,1,1.1594161987304688,7.86976432800293,0.16629695892333984,9.198200225830078
dataset/test/Tomato_Septoria_leaf_spot/Gls7_lower_aug_1aug52.jpg,Tomato_Septoria_leaf_spot,Tomato_Septoria_leaf_spot,0.9984374642372131,1,1.1231746673583984,7.983376502990723,0.1657419204711914,9.274757385253906
dataset/test/Tomato_Septoria_leaf_spot/Gls7_loweraug0.jpg,Tomato_Septoria_leaf_spot,Tomato_Septoria_leaf_spot,0.999858021736145,1,1.094675064086914,8.567047119140625,0.16768550872802734,9.832168579101562
dataset/test/Tomato_Septoria_leaf_spot/Gls81_lower_aug_2aug51.jpg,Tomato_Septoria_leaf_spot,Tomato_Septoria_leaf_spot,0.9957666397094727,1,1.0416011810302734,7.99776554107666,0.16603851318359375,9.208571434020996
dataset/test/Tomato_Septoria_leaf_spot/Gls81_lower_aug_3aug54.jpg,Tomato_Septoria_leaf_spot,Tomato_Septoria_leaf_spot,0.995100200176239,1,1.1181211471557617,7.972912788391113,0.16429710388183594,9.257922172546387
dataset/test/Tomato_Septoria_leaf_spot/Gls81_loweraug1.jpg,Tomato_Septoria_leaf_spot,Tomato_Septoria_leaf_spot,0.999458372592926,1,1.0551376342773438,8.171080589294434,0.16879749298095703,9.39773941040039
dataset/test/Tomato_Septoria_leaf_spot/IMG-20240812-WA0213_aug_70aug59.jpg,Tomato_Septoria_leaf_spot,Tomato_Early_blight_leaf,0.8689390420913696,0,1.1543598175048828,8.162303924560547,0.17022418975830078,9.489461898803711
dataset/test/Tomato_Septoria_leaf_spot/IMG-20240812-WA0213_aug_71aug60.jpg,Tomato_Septoria_leaf_spot,Tomato_Early_blight_leaf,0.8600238561630249,0,1.1704349517822266,8.168377876281738,0.17175960540771484,9.513426780700684
dataset/test/Tomato_Septoria_leaf_spot/IMG-20240812-WA0213aug35.jpg,Tomato_Septoria_leaf_spot,Tomato_Early_blight_leaf,0.874968409538269,0,1.2060661315917969,8.384156227111816,0.17039012908935547,9.76379680633545
dataset/test/Tomato_Septoria_leaf_spot/Original_e-blight.JPG.rend.hgtvcom.966.725.jpeg_aug_52aug74.jpg,Tomato_Septoria_leaf_spot,Tomato_Septoria_leaf_spot,0.9987955093383789,1,1.149026870727539,8.124432563781738,0.1693897247314453,9.445813179016113
dataset/test/Tomato_Septoria_leaf_spot/Original_e-blight.JPG.rend.hgtvcom.966.725.jpeg_aug_53aug76.jpg,Tomato_Septoria_leaf_spot,Tomato_Septoria_leaf_spot,0.9980033040046692,1,1.132767677307129,8.223786354064941,0.2134103775024414,9.57300090789795
dataset/test/Tomato_Septoria_leaf_spot/Original_e-blight.JPG.rend.hgtvcom.966.725.jpegaug26.jpg,Tomato_Septoria_leaf_spot,Tomato_Septoria_leaf_spot,0.9994729161262512,1,1.159322738647461,8.19858169555664,0.17568492889404297,9.537201881408691
dataset/test/Tomato_Septoria_leaf_spot/SS_ (990)_aug_24aug107.jpg,Tomato_Septoria_leaf_spot,Tomato_Septoria_leaf_spot,0.9998238682746887,1,1.1259164810180664,8.074932098388672,0.16359329223632812,9.36723804473877
dataset/test/Tomato_Septoria_leaf_spot/SS_ (990)_aug_25aug113.jpg,Tomato_Septoria_leaf_spot,Tomato_Septoria_leaf_spot,0.9997872710227966,1,1.1248054504394531,8.251896858215332,0.16983413696289062,9.549481391906738
dataset/test/Tomato_Septoria_leaf_spot/SS_ (990)aug12.jpg,Tomato_Septoria_leaf_spot,Tomato_Septoria_leaf_spot,0.9999904632568359,1,1.12261962890625,8.052727699279785,0.1730194091796875,9.351109504699707
dataset/test/Tomato_Septoria_leaf_spot/Septoria_tomato_Margaret-20B_p8170755_0002_25004_jpg.rf.3fbb14d553c623c77f342b3a54baddab_aug_66aug70.jpg,Tomato_Septoria_leaf_spot,Tomato_Septoria_leaf_spot,0.9671456217765808,1,1.2599906921386719,8.049283981323242,0.17013168334960938,9.482110023498535
dataset/test/Tomato_Septoria_leaf_spot/Septoria_tomato_Margaret-20B_p8170755_0002_25004_jpg.rf.3fbb14d553c623c77f342b3a54baddab_aug_67aug63.jpg,Tomato_Septoria_leaf_spot,Tomato_Septoria_leaf_spot,0.9872555732727051,1,1.2616195678710938,8.15732192993164,0.16187191009521484,9.583500862121582
dataset/test/Tomato_Septoria_leaf_spot/Septoria_tomato_Margaret-20B_p8170755_0002_25004_jpg.rf.3fbb14d553c623c77f342b3a54baddabaug33.jpg,Tomato_Septoria_leaf_spot,Tomato_Septoria_leaf_spot,0.9921166300773621,1,1.1524534225463867,8.176767349243164,0.1620197296142578,9.493999481201172
dataset/test/Tomato_Septoria_leaf_spot/Tomato-Plant-with-Septoria-Leaf-Spot_aug_68aug65.jpg,Tomato_Septoria_leaf_spot,Tomato_Septoria_leaf_spot,0.9966040849685669,1,1.095656394958496,7.527483940124512,0.16544723510742188,8.791104316711426
dataset/test/Tomato_Septoria_leaf_spot/Tomato-Plant-with-Septoria-Leaf-Spot_aug_69aug64.jpg,Tomato_Septoria_leaf_spot,Tomato_Septoria_leaf_spot,0.9327307343482971,1,1.1756210327148438,7.587890625,0.17331600189208984,8.939827919006348
dataset/test/Tomato_Septoria_leaf_spot/Tomato-Plant-with-Septoria-Leaf-Spotaug34.jpg,Tomato_Septoria_leaf_spot,Tomato_Septoria_leaf_spot,0.9962823987007141,1,1.114786148071289,7.664522171020508,0.16724205017089844,8.949291229248047
dataset/test/Tomato_Septoria_leaf_spot/b54d0e40027ff5e90e8ba7e1e9abf9bdaug39.jpg,Tomato_Septoria_leaf_spot,Tomato_Septoria_leaf_spot,0.9999980926513672,1,1.1226940155029297,7.653522491455078,0.16198253631591797,8.940624237060547
dataset/test/Tomato_Septoria_leaf_spot/classic-septoria_aug_10aug48.jpg,Tomato_Septoria_leaf_spot,Tomato_Septoria_leaf_spot,0.9767376780509949,1,1.1048040390014648,7.532502174377441,0.17177867889404297,8.81243896484375
dataset/test/Tomato_Septoria_leaf_spot/classic-septoria_aug_11aug49.jpg,Tomato_Septoria_leaf_spot,Tomato_Septoria_leaf_spot,0.9973005652427673,1,1.1516571044921875,7.575780868530273,0.16472434997558594,8.894457817077637
dataset/test/Tomato_Septoria_leaf_spot/classic-septoriaaug5.jpg,Tomato_Septoria_leaf_spot,Tomato_Septoria_leaf_spot,0.9877153038978577,1,1.1941947937011719,7.7203369140625,0.1729269027709961,9.090866088867188
dataset/test/Tomato_Septoria_leaf_spot/early+blight+on+leaf+yel+halo+IMG_2313.JPG_aug_62aug69.jpg,Tomato_Septoria_leaf_spot,Tomato_Septoria_leaf_spot,0.9991181492805481,1,1.133620262145996,7.55070686340332,0.18068599700927734,8.868791580200195
dataset/test/Tomato_Septoria_leaf_spot/early+blight+on+leaf+yel+halo+IMG_2313.JPG_aug_63aug72.jpg,Tomato_Septoria_leaf_spot,Tomato_Septoria_leaf_spot,0.9998575448989868,1,1.1398229598999023,7.524724960327148,0.16438961029052734,8.832271575927734
dataset/test/Tomato_Septoria_leaf_spot/early+blight+on+leaf+yel+halo+IMG_2313.JPGaug31.jpg,Tomato_Septoria_leaf_spot,Tomato_Septoria_leaf_spot,0.9998607635498047,1,1.1413602828979492,7.610319137573242,0.16544532775878906,8.920161247253418
dataset/test/Tomato_Septoria_leaf_spot/early-blight-of-tomato-tomato-1aug38.jpg,Tomato_Septoria_leaf_spot,Tomato_Septoria_leaf_spot,0.9658068418502808,1,1.1932687759399414,8.06617259979248,0.17283344268798828,9.435220718383789
dataset/test/Tomato_Septoria_leaf_spot/eblight5_aug_18aug110.jpg,Tomato_Septoria_leaf_spot,Tomato_Septoria_leaf_spot,0.9706534147262573,1,1.1355819702148438,8.114099502563477,0.16896343231201172,9.422053337097168
dataset/test/Tomato_Septoria_leaf_spot/eblight5_aug_19aug117.jpg,Tomato_Septoria_leaf_spot,Tomato_Septoria_leaf_spot,0.9712292551994324,1,1.1194725036621094,8.067450523376465,0.1780557632446289,9.367941856384277
dataset/test/Tomato_Septoria_leaf_spot/eblight5aug9.jpg,Tomato_Septoria_leaf_spot,Tomato_Septoria_leaf_spot,0.9242720603942871,1,1.2540645599365234,7.930727958679199,0.1695575714111328,9.35712718963623
dataset/test/Tomato_Septoria_leaf_spot/images (1)_aug_54aug93.jpg,Tomato_Septoria_leaf_spot,Tomato_Septoria_leaf_spot,0.9997300505638123,1,1.1500091552734375,8.013691902160645,0.1787242889404297,9.345701217651367
dataset/test/Tomato_Septoria_leaf_spot/images (1)_aug_55aug87.jpg,Tomato_Septoria_leaf_spot,Tomato_Septoria_leaf_spot,0.9997918009757996,1,1.1680831909179688,8.08397102355957,0.21153736114501953,9.466757774353027
dataset/test/Tomato_Septoria_leaf_spot/images (1)aug27.jpg,Tomato_Septoria_leaf_spot,Tomato_Septoria_leaf_spot,0.9998376369476318,1,1.145064353942871,8.096136093139648,0.168853759765625,9.41299819946289
dataset/test/Tomato_Septoria_leaf_spot/tomato-blight-treatment-blight_jpg.rf.78cbf6055199828cb682fd0a6435a157_aug_74aug58.jpg,Tomato_Septoria_leaf_spot,Tomato_Septoria_leaf_spot,0.9966577291488647,1,1.1625089645385742,8.000691413879395,0.18166732788085938,9.348590850830078
dataset/test/Tomato_Septoria_leaf_spot/tomato-blight-treatment-blight_jpg.rf.78cbf6055199828cb682fd0a6435a157aug37.jpg,Tomato_Septoria_leaf_spot,Tomato_Septoria_leaf_spot,0.9997090697288513,1,1.2138071060180664,8.164545059204102,0.16913127899169922,9.550777435302734
dataset/test/Tomato_Septoria_leaf_spot/tomato-early-blight-e1437503226856_aug_4aug50.jpg,Tomato_Septoria_leaf_spot,Tomato_Septoria_leaf_spot,0.9999996423721313,1,1.1905269622802734,8.231212615966797,0.16609477996826172,9.59109115600586
dataset/test/Tomato_Septoria_leaf_spot/tomato-early-blight-e1437503226856_aug_5aug55.jpg,Tomato_Septoria_leaf_spot,Tomato_Septoria_leaf_spot,0.9999983310699463,1,1.1967134475708008,8.160860061645508,0.1633157730102539,9.523277282714844
dataset/test/Tomato_Septoria_leaf_spot/tomato-early-blight-e1437503226856aug2.jpg,Tomato_Septoria_leaf_spot,Tomato_Septoria_leaf_spot,0.9999995231628418,1,1.1911563873291016,8.002098083496094,0.1767597198486328,9.372978210449219
dataset/test/Tomato_Septoria_leaf_spot/tomato-early-blightH_jpg.rf.2633fbae0a933eb2711cb8466f34aca1_aug_12aug119.jpg,Tomato_Septoria_leaf_spot,Tomato_Septoria_leaf_spot,0.9996137022972107,1,1.3042325973510742,7.806041717529297,0.18300151824951172,9.296015739440918
dataset/test/Tomato_Septoria_leaf_spot/tomato-early-blightH_jpg.rf.2633fbae0a933eb2711cb8466f34aca1_aug_13aug114.jpg,Tomato_Septoria_leaf_spot,Tomato_Septoria_leaf_spot,0.999519944190979,1,1.2468433380126953,7.850041389465332,0.16701984405517578,9.266571998596191
dataset/test/Tomato_Septoria_leaf_spot/tomato-early-blightH_jpg.rf.2633fbae0a933eb2711cb8466f34aca1aug6.jpg,Tomato_Septoria_leaf_spot,Tomato_Septoria_leaf_spot,0.9999657869338989,1,1.2304162979125977,7.914912223815918,0.16898155212402344,9.317108154296875
dataset/test/Tomato_Septoria_leaf_spot/tomato-septoria-3-500x384_aug_32aug104.jpg,Tomato_Septoria_leaf_spot,Tomato_mold_leaf,0.640822172164917,0,1.1573600769042969,8.08602523803711,0.16783523559570312,9.414072036743164
dataset/test/Tomato_Septoria_leaf_spot/tomato-septoria-3-500x384_aug_33aug106.jpg,Tomato_Septoria_leaf_spot,Tomato_Septoria_leaf_spot,0.5222752690315247,1,1.162583351135254,8.277544975280762,0.16805744171142578,9.611092567443848
dataset/test/Tomato_Septoria_leaf_spot/tomato-septoria-3-500x384_jpg.rf.40a23512bd3b6d8df2115d7f591913fb_aug_16aug112.jpg,Tomato_Septoria_leaf_spot,Tomato_Septoria_leaf_spot,0.9908655285835266,1,1.1841564178466797,7.949395179748535,0.1799640655517578,9.316961288452148
dataset/test/Tomato_Septoria_leaf_spot/tomato-septoria-3-500x384_jpg.rf.40a23512bd3b6d8df2115d7f591913fb_aug_17aug111.jpg,Tomato_Septoria_leaf_spot,Tomato_Septoria_leaf_spot,0.9758796691894531,1,1.1694345474243164,7.84135627746582,0.17927932739257812,9.194145202636719
dataset/test/Tomato_Septoria_leaf_spot/tomato-septoria-3-500x384_jpg.rf.40a23512bd3b6d8df2115d7f591913fbaug8.jpg,Tomato_Septoria_leaf_spot,Tomato_Septoria_leaf_spot,0.9809123277664185,1,1.1710834503173828,7.768857002258301,0.17581653594970703,9.11909008026123
dataset/test/Tomato_Septoria_leaf_spot/tomato-septoria-3-500x384aug16.jpg,Tomato_Septoria_leaf_spot,Tomato_Septoria_leaf_spot,0.5342714786529541,1,1.1971759796142578,7.986876487731934,0.16879844665527344,9.355886459350586
dataset/test/Tomato_Septoria_leaf_spot/tomato-septoria-5_jpg.rf.fab97ae4bb3726e33dcbde7262ec6a65aug40.jpg,Tomato_Septoria_leaf_spot,Tomato_Septoria_leaf_spot,0.9998008608818054,1,1.1705083847045898,7.939117431640625,0.17079734802246094,9.283775329589844
dataset/test/Tomato_Septoria_leaf_spot/tomato-septoria-leaf-spot--_aug_22aug109.jpg,Tomato_Septoria_leaf_spot,Tomato_Early_blight_leaf,0.9942255616188049,0,1.2110090255737305,7.7739105224609375,0.17381572723388672,9.161589622497559
dataset/test/Tomato_Septoria_leaf_spot/tomato-septoria-leaf-spot--_aug_23aug108.jpg,Tomato_Septoria_leaf_spot,Tomato_Early_blight_leaf,0.9929261207580566,0,1.3322505950927734,7.776021957397461,0.1670379638671875,9.277960777282715
dataset/test/Tomato_Septoria_leaf_spot/tomato-septoria-leaf-spot--_jpg.rf.06783859d6d3e49976374e4146674e0b_aug_48aug94.jpg,Tomato_Septoria_leaf_spot,Tomato_Septoria_leaf_spot,0.9101151823997498,1,1.2563982009887695,7.911541938781738,0.16775989532470703,9.338664054870605
dataset/test/Tomato_Septoria_leaf_spot/tomato-septoria-leaf-spot--_jpg.rf.06783859d6d3e49976374e4146674e0b_aug_49aug88.jpg,Tomato_Septoria_leaf_spot,Tomato_Septoria_leaf_spot,0.7225056886672974,1,1.2502317428588867,7.83076286315918,0.18218708038330078,9.266942024230957
dataset/test/Tomato_Septoria_leaf_spot/tomato-septoria-leaf-spot--_jpg.rf.06783859d6d3e49976374e4146674e0baug24.jpg,Tomato_Septoria_leaf_spot,Tomato_Septoria_leaf_spot,0.3848632872104645,1,1.2947330474853516,7.859450340270996,0.1674823760986328,9.324701309204102
dataset/test/Tomato_Septoria_leaf_spot/tomato-septoria-leaf-spot--_jpg.rf.5e63d9a20f5557b9bb3617e79b48ef85_aug_26aug95.jpg,Tomato_Septoria_leaf_spot,Tomato_Septoria_leaf_spot,0.7343494892120361,1,1.2474727630615234,7.785615921020508,0.16731739044189453,9.20290470123291
dataset/test/Tomato_Septoria_leaf_spot/tomato-septoria-leaf-spot--_jpg.rf.5e63d9a20f5557b9bb3617e79b48ef85_aug_27aug101.jpg,Tomato_Septoria_leaf_spot,Tomato_Septoria_leaf_spot,0.9879730939865112,1,1.2217321395874023,8.170804023742676,0.16861248016357422,9.564109802246094
dataset/test/Tomato_Septoria_leaf_spot/tomato-septoria-leaf-spot--_jpg.rf.5e63d9a20f5557b9bb3617e79b48ef85aug13.jpg,Tomato_Septoria_leaf_spot,Tomato_Septoria_leaf_spot,0.9885163307189941,1,1.2531394958496094,8.077544212341309,0.16611194610595703,9.499462127685547
dataset/test/Tomato_Septoria_leaf_spot/tomato-septoria-leaf-spot--aug11.jpg,Tomato_Septoria_leaf_spot,Tomato_Early_blight_leaf,0.9927549958229065,0,1.2639350891113281,7.922136306762695,0.16455650329589844,9.352998733520508
dataset/test/Tomato_Septoria_leaf_spot/tomato-septoria-leaf-spot-_aug_28aug105.jpg,Tomato_Septoria_leaf_spot,Tomato_Septoria_leaf_spot,0.8029581308364868,1,1.1922683715820312,7.745763778686523,0.19222450256347656,9.133440971374512
dataset/test/Tomato_Septoria_leaf_spot/tomato-septoria-leaf-spot-_aug_29aug102.jpg,Tomato_Septoria_leaf_spot,Tomato_Septoria_leaf_spot,0.8416086435317993,1,1.310194969177246,7.822301864624023,0.16718578338623047,9.302515029907227
dataset/test/Tomato_Septoria_leaf_spot/tomato-septoria-leaf-spot-aug14.jpg,Tomato_Septoria_leaf_spot,Tomato_Septoria_leaf_spot,0.9999585151672363,1,1.2361564636230469,7.807190895080566,0.16622257232666016,9.212348937988281
dataset/test/Tomato_Septoria_leaf_spot/tomato_D2b-Early-blight---RPitblado_zoom_jpg.rf.93df1c3cb830b3940e4a23a5c4a05598_aug_8aug45.jpg,Tomato_Septoria_leaf_spot,Tomato_Septoria_leaf_spot,0.9979559183120728,1,1.19647216796875,7.954097747802734,0.166778564453125,9.320072174072266
dataset/test/Tomato_Septoria_leaf_spot/tomato_D2b-Early-blight---RPitblado_zoom_jpg.rf.93df1c3cb830b3940e4a23a5c4a05598_aug_9aug47.jpg,Tomato_Septoria_leaf_spot,Tomato_Septoria_leaf_spot,0.9832687377929688,1,1.245619773864746,7.926468849182129,0.1652965545654297,9.33983039855957
dataset/test/Tomato_Septoria_leaf_spot/tomato_D2b-Early-blight---RPitblado_zoom_jpg.rf.93df1c3cb830b3940e4a23a5c4a05598aug4.jpg,Tomato_Septoria_leaf_spot,Tomato_Septoria_leaf_spot,0.9993971586227417,1,1.2194900512695312,7.918042182922363,0.16578006744384766,9.306256294250488
dataset/test/Tomato_Septoria_leaf_spot/tomatoseptorialeafspotjpg-788d20798a3c74e7_aug_36aug98.jpg,Tomato_Septoria_leaf_spot,Tomato_Septoria_leaf_spot,0.9995142221450806,1,1.1730279922485352,7.906079292297363,0.17644691467285156,9.258719444274902
dataset/test/Tomato_Septoria_leaf_spot/tomatoseptorialeafspotjpg-788d20798a3c74e7_aug_37aug99.jpg,Tomato_Septoria_leaf_spot,Tomato_Septoria_leaf_spot,0.9858086705207825,1,1.2593812942504883,7.784578323364258,0.16820526123046875,9.215163230895996
dataset/test/Tomato_Septoria_leaf_spot/tomatoseptorialeafspotjpg-788d20798a3c74e7aug18.jpg,Tomato_Septoria_leaf_spot,Tomato_Septoria_leaf_spot,0.9998832941055298,1,1.178360939025879,7.825819969177246,0.16646385192871094,9.173736572265625
dataset/test/Tomato_leaf_late_blight/Gls74_change_90_aug_66aug46.jpg,Tomato_leaf_late_blight,Tomato_leaf_late_blight,0.665066659450531,1,1.1270456314086914,7.760281562805176,0.16692638397216797,9.0570707321167
dataset/test/Tomato_leaf_late_blight/Gls74_change_90_aug_67aug49.jpg,Tomato_leaf_late_blight,Tomato_leaf_late_blight,0.9079781770706177,1,1.1378059387207031,7.824485778808594,0.1653156280517578,9.130366325378418
dataset/test/Tomato_leaf_late_blight/Gls74_change_90_aug_68aug41.jpg,Tomato_leaf_late_blight,Tomato_Septoria_leaf_spot,0.9838841557502747,0,1.1835098266601562,7.9505615234375,0.1665191650390625,9.303498268127441
dataset/test/Tomato_leaf_late_blight/Gls74_change_90aug22.jpg,Tomato_leaf_late_blight,Tomato_Early_blight_leaf,0.6089926958084106,0,1.138749122619629,8.044210433959961,0.16918563842773438,9.355091094970703
dataset/test/Tomato_leaf_late_blight/Gls78_change_270_aug_24aug95.jpg,Tomato_leaf_late_blight,Tomato_leaf_late_blight,0.5985367298126221,1,1.141286849975586,8.02698802947998,0.17026042938232422,9.341313362121582
dataset/test/Tomato_leaf_late_blight/Gls78_change_270_aug_25aug80.jpg,Tomato_leaf_late_blight,Tomato_leaf_late_blight,0.8041874766349792,1,1.1731376647949219,8.165618896484375,0.18139076232910156,9.52442455291748
dataset/test/Tomato_leaf_late_blight/Gls78_change_270_aug_26aug81.jpg,Tomato_leaf_late_blight,Tomato_leaf_late_blight,0.6359425187110901,1,1.1594152450561523,7.931560516357422,0.1729269027709961,9.267053604125977
dataset/test/Tomato_leaf_late_blight/Gls78_change_270aug8.jpg,Tomato_leaf_late_blight,Tomato_leaf_late_blight,0.8151925206184387,1,1.1371192932128906,7.9447832107543945,0.17514991760253906,9.260441780090332
dataset/test/Tomato_leaf_late_blight/Gls79_change_270_aug_51aug69.jpg,Tomato_leaf_late_blight,Tomato_leaf_late_blight,0.991412878036499,1,1.1815471649169922,8.082413673400879,0.1663341522216797,9.433165550231934
dataset/test/Tomato_leaf_late_blight/Gls79_change_270_aug_52aug74.jpg,Tomato_leaf_late_blight,Tomato_leaf_late_blight,0.9951293468475342,1,1.1264896392822266,8.084637641906738,0.16476058959960938,9.378739356994629
dataset/test/Tomato_leaf_late_blight/Gls79_change_270_aug_53aug68.jpg,Tomato_leaf_late_blight,Tomato_leaf_late_blight,0.9956836700439453,1,1.111433982849121,8.096284866333008,0.2198343276977539,9.430536270141602
dataset/test/Tomato_leaf_late_blight/Gls79_change_270aug17.jpg,Tomato_leaf_late_blight,Tomato_leaf_late_blight,0.9758589267730713,1,1.1885089874267578,7.971078872680664,0.16777896881103516,9.329885482788086
dataset/test/Tomato_leaf_late_blight/Gls79_change_90_aug_27aug85.jpg,Tomato_leaf_late_blight,Tomato_Early_blight_leaf,0.4432721436023712,0,1.1891021728515625,8.153543472290039,0.17037296295166016,9.515776634216309
dataset/test/Tomato_leaf_late_blight/Gls79_change_90_aug_28aug97.jpg,Tomato_leaf_late_blight,Tomato_leaf_late_blight,0.8159809112548828,1,1.11932373046875,8.041581153869629,0.1683521270751953,9.332293510437012
dataset/test/Tomato_leaf_late_blight/Gls79_change_90_aug_29aug89.jpg,Tomato_leaf_late_blight,Tomato_Early_blight_leaf,0.6036482453346252,0,1.0668973922729492,10.766786575317383,0.20618629455566406,12.04294490814209
dataset/test/Tomato_leaf_late_blight/Gls79_change_90aug9.jpg,Tomato_leaf_late_blight,Tomato_leaf_late_blight,0.7001339197158813,1,1.400787353515625,10.847657203674316,0.20540904998779297,12.45741081237793
dataset/test/Tomato_leaf_late_blight/Gls79_mirror_aug_15aug104.jpg,Tomato_leaf_late_blight,Tomato_leaf_late_blight,0.9941555261611938,1,1.3933258056640625,11.03125286102295,0.20757579803466797,12.635560035705566
dataset/test/Tomato_leaf_late_blight/Gls79_mirror_aug_16aug113.jpg,Tomato_leaf_late_blight,Tomato_leaf_late_blight,0.9858909845352173,1,1.397862434387207,11.319568634033203,0.20661163330078125,12.927655220031738
dataset/test/Tomato_leaf_late_blight/Gls79_mirror_aug_17aug109.jpg,Tomato_leaf_late_blight,Tomato_leaf_late_blight,0.999409556388855,1,1.4051408767700195,10.833065032958984,0.20800209045410156,12.449522018432617
dataset/test/Tomato_leaf_late_blight/Gls79_mirroraug5.jpg,Tomato_leaf_late_blight,Tomato_leaf_late_blight,0.9997056126594543,1,1.4281396865844727,11.46497631072998,0.2497415542602539,13.146637916564941
dataset/test/Tomato_leaf_late_blight/IMG_20251102_155822aug32.jpg,Tomato_leaf_late_blight,Tomato_Early_blight_leaf,0.9334806203842163,0,1.491678237915039,10.818731307983398,0.20450115203857422,12.518319129943848
dataset/test/Tomato_leaf_late_blight/IMG_20251102_160928aug33.jpg,Tomato_leaf_late_blight,Tomato_leaf_late_blight,0.7852113246917725,1,1.4573450088500977,12.317818641662598,0.2065753936767578,13.98549747467041
dataset/test/Tomato_leaf_late_blight/IMG_20251102_161202_aug_57aug50.jpg,Tomato_leaf_late_blight,Tomato_Early_blight_leaf,0.9967247843742371,0,1.5554180145263672,14.61687183380127,0.16276073455810547,16.33786678314209
dataset/test/Tomato_leaf_late_blight/IMG_20251102_161202_aug_58aug52.jpg,Tomato_leaf_late_blight,Tomato_Early_blight_leaf,0.9999117851257324,0,5.301355361938477,10.456524848937988,0.1652984619140625,15.926344871520996
dataset/test/Tomato_leaf_late_blight/IMG_20251102_161202_aug_59aug39.jpg,Tomato_leaf_late_blight,Tomato_Early_blight_leaf,0.9986093044281006,0,1.237380027770996,9.914260864257812,0.16576099395751953,11.319921493530273
dataset/test/Tomato_leaf_late_blight/IMG_20251102_161202aug19.jpg,Tomato_leaf_late_blight,Tomato_Early_blight_leaf,0.9981502294540405,0,1.1209897994995117,7.7413740158081055,0.1630563735961914,9.027976989746094
dataset/test/Tomato_leaf_late_blight/IMG_5808_jpg.rf.9de5af872dd2e7a58b115c4826fb18d4_aug_63aug53.jpg,Tomato_leaf_late_blight,Tomato_leaf_late_blight,0.9381680488586426,1,1.1097679138183594,7.6797075271606445,0.1745748519897461,8.967123985290527
dataset/test/Tomato_leaf_late_blight/IMG_5808_jpg.rf.9de5af872dd2e7a58b115c4826fb18d4_aug_64aug43.jpg,Tomato_leaf_late_blight,Tomato_leaf_late_blight,0.9543264508247375,1,1.1005277633666992,8.141100883483887,0.16237163543701172,9.406424522399902
dataset/test/Tomato_leaf_late_blight/IMG_5808_jpg.rf.9de5af872dd2e7a58b115c4826fb18d4_aug_65aug38.jpg,Tomato_leaf_late_blight,Tomato_leaf_late_blight,0.9963499307632446,1,1.0844526290893555,7.528705596923828,0.16127872467041016,8.77677059173584
dataset/test/Tomato_leaf_late_blight/IMG_5808_jpg.rf.9de5af872dd2e7a58b115c4826fb18d4aug21.jpg,Tomato_leaf_late_blight,Tomato_leaf_late_blight,0.9125214219093323,1,1.0757503509521484,8.92597484588623,0.16229724884033203,10.16635513305664
dataset/test/Tomato_leaf_late_blight/LB_ (254)_aug_54aug73.jpg,Tomato_leaf_late_blight,Tomato_leaf_late_blight,0.7960730791091919,1,1.1644535064697266,8.175154685974121,0.17107486724853516,9.51357364654541
dataset/test/Tomato_leaf_late_blight/LB_ (254)_aug_55aug71.jpg,Tomato_leaf_late_blight,Tomato_leaf_late_blight,0.8840398192405701,1,1.1643600463867188,8.075264930725098,0.17046451568603516,9.412664413452148
dataset/test/Tomato_leaf_late_blight/LB_ (254)_aug_56aug78.jpg,Tomato_leaf_late_blight,Tomato_leaf_late_blight,0.9837354421615601,1,1.1668243408203125,8.180286407470703,0.1704273223876953,9.52023983001709
dataset/test/Tomato_leaf_late_blight/LB_ (254)aug18.jpg,Tomato_leaf_late_blight,Tomato_leaf_late_blight,0.8145961761474609,1,1.0840091705322266,8.341137886047363,0.18389129638671875,9.612335205078125
dataset/test/Tomato_leaf_late_blight/LB_ (276)_aug_60aug45.jpg,Tomato_leaf_late_blight,Tomato_leaf_late_blight,0.9954712390899658,1,1.1061935424804688,8.201173782348633,0.1708354949951172,9.481221199035645
dataset/test/Tomato_leaf_late_blight/LB_ (276)_aug_61aug44.jpg,Tomato_leaf_late_blight,Tomato_leaf_late_blight,0.9994445443153381,1,1.0969152450561523,8.280972480773926,0.17089080810546875,9.551776885986328
dataset/test/Tomato_leaf_late_blight/LB_ (276)_aug_62aug40.jpg,Tomato_leaf_late_blight,Tomato_leaf_late_blight,0.9978557229042053,1,1.0896015167236328,8.24765682220459,0.1694650650024414,9.509592056274414
dataset/test/Tomato_leaf_late_blight/LB_ (276)aug20.jpg,Tomato_leaf_late_blight,Tomato_leaf_late_blight,0.9996227025985718,1,1.1297130584716797,8.979606628417969,0.17279911041259766,10.285189628601074
dataset/test/Tomato_leaf_late_blight/Late-blight-foliar-leasion-on-tomato_jpg.rf.331af81e5b2aae24af0dc9b6d9933591_aug_72aug60.jpg,Tomato_leaf_late_blight,Tomato_leaf_late_blight,0.999439537525177,1,1.1913232803344727,8.172526359558105,0.17068767547607422,9.537184715270996
dataset/test/Tomato_leaf_late_blight/Late-blight-foliar-leasion-on-tomato_jpg.rf.331af81e5b2aae24af0dc9b6d9933591_aug_73aug51.jpg,Tomato_leaf_late_blight,Tomato_leaf_late_blight,0.9999715089797974,1,1.2228240966796875,8.25248908996582,0.17844581604003906,9.656963348388672
dataset/test/Tomato_leaf_late_blight/Late-blight-foliar-leasion-on-tomato_jpg.rf.331af81e5b2aae24af0dc9b6d9933591_aug_74aug37.jpg,Tomato_leaf_late_blight,Tomato_leaf_late_blight,0.9999362230300903,1,1.2284536361694336,8.110766410827637,0.16457557678222656,9.506795883178711
dataset/test/Tomato_leaf_late_blight/Late-blight-foliar-leasion-on-tomato_jpg.rf.331af81e5b2aae24af0dc9b6d9933591aug24.jpg,Tomato_leaf_late_blight,Tomato_leaf_late_blight,0.9999762773513794,1,1.1269712448120117,7.779633522033691,0.16637229919433594,9.07616138458252
dataset/test/Tomato_leaf_late_blight/Late-blight-on-a-tomato-leaf_jpg.rf.8a0bcac661db5b0d51beab8e2bf6cd6caug29.jpg,Tomato_leaf_late_blight,Tomato_leaf_late_blight,0.999757707118988,1,1.1130638122558594,7.841912269592285,0.16042709350585938,9.117589950561523
dataset/test/Tomato_leaf_late_blight/Late-blight-on-a-tomato-leaf_jpg.rf.8defdb736385f3e1da6fba17b2786ac9_aug_84aug36.jpg,Tomato_leaf_late_blight,Tomato_leaf_late_blight,0.9998937845230103,1,1.092416763305664,8.148785591125488,0.15665054321289062,9.400257110595703
dataset/test/Tomato_leaf_late_blight/Late-blight-on-a-tomato-leaf_jpg.rf.8defdb736385f3e1da6fba17b2786ac9aug28.jpg,Tomato_leaf_late_blight,Tomato_leaf_late_blight,0.998295247554779,1,1.0523223876953125,7.658892631530762,0.16353797912597656,8.877532005310059
dataset/test/Tomato_leaf_late_blight/Late-blight-symptoms-on-tomato-leaves-1r3uhy2_jpg.rf.92fa5ba375a2c3ce572ef7e12695be90aug31.jpg,Tomato_leaf_late_blight,Tomato_leaf_late_blight,0.9999890327453613,1,1.2142505645751953,7.605446815490723,0.16803836822509766,8.99062442779541
dataset/test/Tomato_leaf_late_blight/Late-blight-tomato-leaf-VikramBisht-MBag_jpg.rf.ec494f1ab0c0417fed47095af181f852_aug_6aug117.jpg,Tomato_leaf_late_blight,Tomato_leaf_late_blight,0.9989078044891357,1,1.153249740600586,7.79691219329834,0.16290855407714844,9.115848541259766
dataset/test/Tomato_leaf_late_blight/Late-blight-tomato-leaf-VikramBisht-MBag_jpg.rf.ec494f1ab0c0417fed47095af181f852_aug_7aug116.jpg,Tomato_leaf_late_blight,Tomato_leaf_late_blight,0.9996957778930664,1,1.0946931838989258,7.753763198852539,0.1748523712158203,9.026792526245117
dataset/test/Tomato_leaf_late_blight/Late-blight-tomato-leaf-VikramBisht-MBag_jpg.rf.ec494f1ab0c0417fed47095af181f852_aug_8aug115.jpg,Tomato_leaf_late_blight,Tomato_leaf_late_blight,0.99600750207901,1,1.1036014556884766,7.874449729919434,0.16785335540771484,9.148458480834961
dataset/test/Tomato_leaf_late_blight/Late-blight-tomato-leaf-VikramBisht-MBag_jpg.rf.ec494f1ab0c0417fed47095af181f852aug2.jpg,Tomato_leaf_late_blight,Tomato_leaf_late_blight,0.9985904097557068,1,1.137120246887207,7.682743072509766,0.19031715393066406,9.012699127197266
dataset/test/Tomato_leaf_late_blight/LateBlight-Tomato-JJ-2009-17nxg4q_aug_36aug79.jpg,Tomato_leaf_late_blight,Tomato_leaf_late_blight,0.9976050853729248,1,1.1293973922729492,7.767597198486328,0.16170501708984375,9.061051368713379
dataset/test/Tomato_leaf_late_blight/LateBlight-Tomato-JJ-2009-17nxg4q_aug_37aug87.jpg,Tomato_leaf_late_blight,Tomato_leaf_late_blight,0.9999138116836548,1,1.0337677001953125,7.784152984619141,0.163482666015625,8.984216690063477
dataset/test/Tomato_leaf_late_blight/LateBlight-Tomato-JJ-2009-17nxg4q_aug_38aug67.jpg,Tomato_leaf_late_blight,Tomato_leaf_late_blight,0.9982708692550659,1,1.0355644226074219,7.775355339050293,0.17294692993164062,8.986940383911133
dataset/test/Tomato_leaf_late_blight/LateBlight-Tomato-JJ-2009-17nxg4q_jpg.rf.93780f99f071013cf0764b40fc6db48c_aug_48aug77.jpg,Tomato_leaf_late_blight,Tomato_leaf_late_blight,0.9999728202819824,1,1.1437311172485352,7.769133567810059,0.16405582427978516,9.079273223876953
dataset/test/Tomato_leaf_late_blight/LateBlight-Tomato-JJ-2009-17nxg4q_jpg.rf.93780f99f071013cf0764b40fc6db48c_aug_49aug65.jpg,Tomato_leaf_late_blight,Tomato_leaf_late_blight,0.9999995231628418,1,1.0373773574829102,7.80776309967041,0.16481685638427734,9.012605667114258
dataset/test/Tomato_leaf_late_blight/LateBlight-Tomato-JJ-2009-17nxg4q_jpg.rf.93780f99f071013cf0764b40fc6db48c_aug_50aug75.jpg,Tomato_leaf_late_blight,Tomato_leaf_late_blight,1.0,1,1.0444154739379883,8.348453521728516,0.16448307037353516,9.5604248046875
dataset/test/Tomato_leaf_late_blight/LateBlight-Tomato-JJ-2009-17nxg4q_jpg.rf.93780f99f071013cf0764b40fc6db48caug16.jpg,Tomato_leaf_late_blight,Tomato_leaf_late_blight,0.9999996423721313,1,1.0317115783691406,7.630780220031738,0.1624460220336914,8.827530860900879
dataset/test/Tomato_leaf_late_blight/LateBlight-Tomato-JJ-2009-17nxg4qaug12.jpg,Tomato_leaf_late_blight,Tomato_leaf_late_blight,0.9999954700469971,1,1.0959339141845703,7.781505584716797,0.16492652893066406,9.045272827148438
dataset/test/Tomato_leaf_late_blight/Lb11_mirror_verticalaug34.jpg,Tomato_leaf_late_blight,Tomato_leaf_late_blight,0.9991462230682373,1,1.0799894332885742,7.820615768432617,0.16176128387451172,9.06508731842041
dataset/test/Tomato_leaf_late_blight/Lb51_mirror_aug_39aug83.jpg,Tomato_leaf_late_blight,Tomato_leaf_late_blight,0.9712282419204712,1,1.0574541091918945,7.639020919799805,0.16490840911865234,8.864067077636719
dataset/test/Tomato_leaf_late_blight/Lb51_mirror_aug_40aug96.jpg,Tomato_leaf_late_blight,Tomato_leaf_late_blight,0.9987768530845642,1,1.0653982162475586,7.677577018737793,0.17768573760986328,8.923661231994629
dataset/test/Tomato_leaf_late_blight/Lb51_mirror_aug_41aug91.jpg,Tomato_leaf_late_blight,Tomato_leaf_late_blight,0.9910694360733032,1,1.1106195449829102,7.752411842346191,0.16498279571533203,9.030588150024414
dataset/test/Tomato_leaf_late_blight/Lb51_mirroraug13.jpg,Tomato_leaf_late_blight,Tomato_leaf_late_blight,0.9718005657196045,1,1.0596561431884766,7.863005638122559,0.1815204620361328,9.107754707336426
dataset/test/Tomato_leaf_late_blight/Lb52_change_90_aug_42aug64.jpg,Tomato_leaf_late_blight,Tomato_leaf_late_blight,0.9950855374336243,1,1.099599838256836,8.131877899169922,0.16887187957763672,9.403091430664062
dataset/test/Tomato_leaf_late_blight/Lb52_change_90_aug_43aug63.jpg,Tomato_leaf_late_blight,Tomato_leaf_late_blight,0.962464451789856,1,1.1169347763061523,8.219822883605957,0.16968727111816406,9.508980751037598
dataset/test/Tomato_leaf_late_blight/Lb52_change_90_aug_44aug70.jpg,Tomato_leaf_late_blight,Tomato_leaf_late_blight,0.9889553189277649,1,1.1035280227661133,8.275045394897461,0.17316818237304688,9.554314613342285
dataset/test/Tomato_leaf_late_blight/Lb52_change_90aug14.jpg,Tomato_leaf_late_blight,Tomato_leaf_late_blight,0.9924660921096802,1,1.0936756134033203,8.053747177124023,0.17870616912841797,9.32983112335205
dataset/test/Tomato_leaf_late_blight/Lb69_aug_45aug76.jpg,Tomato_leaf_late_blight,Tomato_leaf_late_blight,0.9998078942298889,1,1.132638931274414,8.036616325378418,0.1725931167602539,9.344866752624512
dataset/test/Tomato_leaf_late_blight/Lb69_aug_46aug72.jpg,Tomato_leaf_late_blight,Tomato_leaf_late_blight,0.9966656565666199,1,1.0924901962280273,8.159339904785156,0.16879653930664062,9.423201560974121
dataset/test/Tomato_leaf_late_blight/Lb69_aug_47aug66.jpg,Tomato_leaf_late_blight,Tomato_leaf_late_blight,0.9954589605331421,1,1.08551025390625,8.280452728271484,0.16594600677490234,9.534442901611328
dataset/test/Tomato_leaf_late_blight/Lb69aug15.jpg,Tomato_leaf_late_blight,Tomato_leaf_late_blight,0.9980612397193909,1,1.122157096862793,8.26424789428711,0.16389083862304688,9.55286979675293
dataset/test/Tomato_leaf_late_blight/Lb8_mirror_vertical_aug_10aug118.jpg,Tomato_leaf_late_blight,Tomato_leaf_late_blight,0.9828391671180725,1,1.0858049392700195,8.064692497253418,0.1689462661743164,9.321867942810059
dataset/test/Tomato_leaf_late_blight/Lb8_mirror_vertical_aug_11aug111.jpg,Tomato_leaf_late_blight,Tomato_leaf_late_blight,0.9951867461204529,1,1.160491943359375,8.123451232910156,0.17048263549804688,9.457313537597656
dataset/test/Tomato_leaf_late_blight/Lb8_mirror_vertical_aug_9aug103.jpg,Tomato_leaf_late_blight,Tomato_leaf_late_blight,0.9947500824928284,1,1.0940637588500977,8.003339767456055,0.16861343383789062,9.268590927124023
dataset/test/Tomato_leaf_late_blight/Lb8_mirror_verticalaug3.jpg,Tomato_leaf_late_blight,Tomato_leaf_late_blight,0.9976890087127686,1,1.0775632858276367,7.927467346191406,0.18042755126953125,9.18882942199707
dataset/test/Tomato_leaf_late_blight/Lb97_aug_21aug84.jpg,Tomato_leaf_late_blight,Tomato_leaf_late_blight,0.9940902590751648,1,1.1052484512329102,8.077914237976074,0.1999654769897461,9.386850357055664
dataset/test/Tomato_leaf_late_blight/Lb97_aug_22aug101.jpg,Tomato_leaf_late_blight,Tomato_leaf_late_blight,0.9983481168746948,1,1.0892858505249023,8.209451675415039,0.16316795349121094,9.464924812316895
dataset/test/Tomato_leaf_late_blight/Lb97_aug_23aug82.jpg,Tomato_leaf_late_blight,Tomato_leaf_late_blight,0.8865622878074646,1,1.1009712219238281,7.910931587219238,0.18131637573242188,9.196589469909668
dataset/test/Tomato_leaf_late_blight/Lb97aug7.jpg,Tomato_leaf_late_blight,Tomato_leaf_late_blight,0.9736498594284058,1,1.0957117080688477,7.913949012756348,0.22435379028320312,9.236848831176758
dataset/test/Tomato_leaf_late_blight/Leaf-2Bsymptoms-2BMDA_jpg.rf.39b220104d04636fad4f5aae043826cb_aug_0aug108.jpg,Tomato_leaf_late_blight,Tomato_leaf_late_blight,0.9999191761016846,1,1.147416114807129,8.006671905517578,0.18692874908447266,9.344127655029297
dataset/test/Tomato_leaf_late_blight/Leaf-2Bsymptoms-2BMDA_jpg.rf.39b220104d04636fad4f5aae043826cb_aug_1aug106.jpg,Tomato_leaf_late_blight,Tomato_leaf_late_blight,0.9998102784156799,1,1.2383241653442383,8.140785217285156,0.17139053344726562,9.553482055664062
dataset/test/Tomato_leaf_late_blight/Leaf-2Bsymptoms-2BMDA_jpg.rf.39b220104d04636fad4f5aae043826cb_aug_2aug119.jpg,Tomato_leaf_late_blight,Tomato_leaf_late_blight,0.9997679591178894,1,1.1585273742675781,8.054155349731445,0.16674232482910156,9.382183074951172
dataset/test/Tomato_leaf_late_blight/Leaf-2Bsymptoms-2BMDA_jpg.rf.39b220104d04636fad4f5aae043826cbaug0.jpg,Tomato_leaf_late_blight,Tomato_leaf_late_blight,0.9998212456703186,1,1.1523237228393555,8.0377836227417,0.16818809509277344,9.360998153686523
dataset/test/Tomato_leaf_late_blight/Tomato-20bacterial-20canker-JPG_jpg.rf.8b568c1d5efcfdcef44c606eb076b889_aug_30aug92.jpg,Tomato_leaf_late_blight,Tomato_leaf_late_blight,0.7634239196777344,1,1.1574735641479492,7.952820777893066,0.16770458221435547,9.280275344848633
dataset/test/Tomato_leaf_late_blight/Tomato-20bacterial-20canker-JPG_jpg.rf.8b568c1d5efcfdcef44c606eb076b889_aug_31aug98.jpg,Tomato_leaf_late_blight,Tomato_leaf_late_blight,0.9779499173164368,1,1.1844902038574219,8.020134925842285,0.16629791259765625,9.373682022094727
dataset/test/Tomato_leaf_late_blight/Tomato-20bacterial-20canker-JPG_jpg.rf.8b568c1d5efcfdcef44c606eb076b889_aug_32aug90.jpg,Tomato_leaf_late_blight,Tomato_leaf_late_blight,0.8517241477966309,1,1.1500835418701172,7.895783424377441,0.16996383666992188,9.218441009521484
dataset/test/Tomato_leaf_late_blight/Tomato-20bacterial-20canker-JPG_jpg.rf.8b568c1d5efcfdcef44c606eb076b889aug10.jpg,Tomato_leaf_late_blight,Tomato_leaf_late_blight,0.9381918907165527,1,1.1410284042358398,7.947357177734375,0.1777048110961914,9.269164085388184
dataset/test/Tomato_leaf_late_blight/TomatoBlight-JPG_jpg.rf.234cbc5809dc7d942e46760a63e10d9f_aug_33aug88.jpg,Tomato_leaf_late_blight,Tomato_leaf_late_blight,0.998849630355835,1,1.1699533462524414,8.124841690063477,0.16561222076416016,9.463183403015137
dataset/test/Tomato_leaf_late_blight/TomatoBlight-JPG_jpg.rf.234cbc5809dc7d942e46760a63e10d9f_aug_34aug86.jpg,Tomato_leaf_late_blight,Tomato_leaf_late_blight,0.999126136302948,1,1.1122493743896484,8.141265869140625,0.1599264144897461,9.415849685668945
dataset/test/Tomato_leaf_late_blight/TomatoBlight-JPG_jpg.rf.234cbc5809dc7d942e46760a63e10d9f_aug_35aug93.jpg,Tomato_leaf_late_blight,Tomato_leaf_late_blight,0.9936171770095825,1,1.1246566772460938,7.880709648132324,0.1795196533203125,9.187995910644531
dataset/test/Tomato_leaf_late_blight/TomatoBlight-JPG_jpg.rf.234cbc5809dc7d942e46760a63e10d9faug11.jpg,Tomato_leaf_late_blight,Tomato_leaf_late_blight,0.977495014667511,1,1.1709175109863281,7.918580055236816,0.16835308074951172,9.260644912719727
dataset/test/Tomato_leaf_late_blight/dsc_8140cs_aug_3aug114.jpg,Tomato_leaf_late_blight,Tomato_leaf_late_blight,0.9992239475250244,1,1.1468791961669922,7.954227447509766,0.16855716705322266,9.272701263427734
dataset/test/Tomato_leaf_late_blight/dsc_8140cs_aug_4aug99.jpg,Tomato_leaf_late_blight,Tomato_leaf_late_blight,0.9941955208778381,1,1.1542863845825195,8.021172523498535,0.18079662322998047,9.358978271484375
dataset/test/Tomato_leaf_late_blight/dsc_8140cs_aug_5aug102.jpg,Tomato_leaf_late_blight,Tomato_leaf_late_blight,0.9120453000068665,1,1.192544937133789,8.042062759399414,0.16890811920166016,9.406609535217285
dataset/test/Tomato_leaf_late_blight/dsc_8140csaug1.jpg,Tomato_leaf_late_blight,Tomato_leaf_late_blight,0.9999663829803467,1,1.125509262084961,8.039190292358398,0.16839027404785156,9.335996627807617
dataset/test/Tomato_leaf_late_blight/late_jpg.rf.f64883c6ac50eb4f477851ddc23305e8_aug_69aug47.jpg,Tomato_leaf_late_blight,Tomato_leaf_late_blight,0.3830077350139618,1,1.2974910736083984,10.796231269836426,0.22800254821777344,12.325854301452637
dataset/test/Tomato_leaf_late_blight/late_jpg.rf.f64883c6ac50eb4f477851ddc23305e8_aug_70aug48.jpg,Tomato_leaf_late_blight,Tomato_Early_blight_leaf,0.37185338139533997,0,1.5200119018554688,10.799970626831055,0.21796512603759766,12.542134284973145
dataset/test/Tomato_leaf_late_blight/late_jpg.rf.f64883c6ac50eb4f477851ddc23305e8_aug_71aug42.jpg,Tomato_leaf_late_blight,Tomato_leaf_late_blight,0.5785373449325562,1,1.5886783599853516,10.854769706726074,0.20827960968017578,12.655487060546875
dataset/test/Tomato_leaf_late_blight/late_jpg.rf.f64883c6ac50eb4f477851ddc23305e8aug23.jpg,Tomato_leaf_late_blight,Tomato_leaf_late_blight,0.4058254361152649,1,1.572031021118164,10.624785423278809,0.20722389221191406,12.40755844116211
dataset/test/Tomato_leaf_late_blight/lateblightTom_lesionaug30.jpg,Tomato_leaf_late_blight,Tomato_leaf_late_blight,0.8531448245048523,1,1.4283256530761719,10.726694107055664,0.25774192810058594,12.41718864440918
dataset/test/Tomato_leaf_late_blight/lb_leaf_lesions2x1200_jpg.rf.3a72cc9627c3ba6d79a876e19220824e_aug_81aug56.jpg,Tomato_leaf_late_blight,Tomato_leaf_late_blight,0.999734103679657,1,1.4413433074951172,10.836546897888184,0.2062053680419922,12.487410545349121
dataset/test/Tomato_leaf_late_blight/lb_leaf_lesions2x1200_jpg.rf.3a72cc9627c3ba6d79a876e19220824e_aug_82aug62.jpg,Tomato_leaf_late_blight,Tomato_leaf_late_blight,0.9999603033065796,1,1.472437858581543,10.77004623413086,0.2084827423095703,12.454504013061523
dataset/test/Tomato_leaf_late_blight/lb_leaf_lesions2x1200_jpg.rf.3a72cc9627c3ba6d79a876e19220824e_aug_83aug57.jpg,Tomato_leaf_late_blight,Tomato_leaf_late_blight,0.9999904632568359,1,1.5547704696655273,10.852306365966797,0.20181560516357422,12.612170219421387
dataset/test/Tomato_leaf_late_blight/lb_leaf_lesions2x1200_jpg.rf.3a72cc9627c3ba6d79a876e19220824eaug27.jpg,Tomato_leaf_late_blight,Tomato_leaf_late_blight,0.9999985694885254,1,1.4296588897705078,7.825634002685547,0.14974117279052734,9.407869338989258
dataset/test/Tomato_leaf_late_blight/p1020076cs_aug_78aug35.jpg,Tomato_leaf_late_blight,Tomato_leaf_late_blight,0.9969736337661743,1,1.0452861785888672,7.435593605041504,0.1619091033935547,8.64551067352295
dataset/test/Tomato_leaf_late_blight/p1020076cs_aug_79aug59.jpg,Tomato_leaf_late_blight,Tomato_leaf_late_blight,0.9986178874969482,1,1.0735816955566406,7.5103349685668945,0.1604633331298828,8.747307777404785
dataset/test/Tomato_leaf_late_blight/p1020076cs_aug_80aug55.jpg,Tomato_leaf_late_blight,Tomato_leaf_late_blight,0.9996095299720764,1,1.0258588790893555,7.579392433166504,0.16107463836669922,8.768937110900879
dataset/test/Tomato_leaf_late_blight/p1020076csaug26.jpg,Tomato_leaf_late_blight,Tomato_leaf_late_blight,0.9826452732086182,1,1.0265817642211914,7.490779876708984,0.15877819061279297,8.678807258605957
dataset/test/Tomato_leaf_late_blight/symptoms_of_late_blight_0_jpg.rf.417903f6c86ccb4f4bcd7139e0867018_aug_75aug58.jpg,Tomato_leaf_late_blight,Tomato_leaf_late_blight,0.9998685121536255,1,1.077692985534668,7.422334671020508,0.16040802001953125,8.663104057312012
dataset/test/Tomato_leaf_late_blight/symptoms_of_late_blight_0_jpg.rf.417903f6c86ccb4f4bcd7139e0867018_aug_76aug54.jpg,Tomato_leaf_late_blight,Tomato_leaf_late_blight,0.9987830519676208,1,1.0822858810424805,7.564854621887207,0.16081619262695312,8.810196876525879
dataset/test/Tomato_leaf_late_blight/symptoms_of_late_blight_0_jpg.rf.417903f6c86ccb4f4bcd7139e0867018_aug_77aug61.jpg,Tomato_leaf_late_blight,Tomato_leaf_late_blight,0.9998383522033691,1,1.1227130889892578,7.603873252868652,0.1533527374267578,8.882586479187012
dataset/test/Tomato_leaf_late_blight/symptoms_of_late_blight_0_jpg.rf.417903f6c86ccb4f4bcd7139e0867018aug25.jpg,Tomato_leaf_late_blight,Tomato_leaf_late_blight,0.9994494318962097,1,1.0705814361572266,7.406519889831543,0.1614084243774414,8.641140937805176
dataset/test/Tomato_leaf_late_blight/tomato-late-blight-leaf-61-3x32_aug_12aug112.jpg,Tomato_leaf_late_blight,Tomato_leaf_late_blight,0.9997941851615906,1,1.0264892578125,7.49376106262207,0.1613168716430664,8.683826446533203
dataset/test/Tomato_leaf_late_blight/tomato-late-blight-leaf-61-3x32_aug_13aug110.jpg,Tomato_leaf_late_blight,Tomato_leaf_late_blight,0.998421311378479,1,1.0219526290893555,7.553686141967773,0.17142772674560547,8.75015926361084
dataset/test/Tomato_leaf_late_blight/tomato-late-blight-leaf-61-3x32_aug_14aug105.jpg,Tomato_leaf_late_blight,Tomato_leaf_late_blight,0.9977325201034546,1,1.0305824279785156,7.503909111022949,0.17535400390625,8.713253021240234
dataset/test/Tomato_leaf_late_blight/tomato-late-blight-leaf-61-3x32aug4.jpg,Tomato_leaf_late_blight,Tomato_leaf_late_blight,0.9995406866073608,1,1.081822395324707,7.669672012329102,0.1967601776123047,8.951587677001953
dataset/test/Tomato_leaf_late_blight/tomato.early.blightH_aug_18aug100.jpg,Tomato_leaf_late_blight,Tomato_Septoria_leaf_spot,0.9998959302902222,0,1.1227312088012695,7.639632225036621,0.16464805603027344,8.929773330688477
dataset/test/Tomato_leaf_late_blight/tomato.early.blightH_aug_19aug107.jpg,Tomato_leaf_late_blight,Tomato_Septoria_leaf_spot,0.9608520269393921,0,1.1414709091186523,7.547335624694824,0.17164993286132812,8.86373519897461
dataset/test/Tomato_leaf_late_blight/tomato.early.blightH_aug_20aug94.jpg,Tomato_leaf_late_blight,Tomato_Healthy_leaf,0.4466590881347656,0,1.1551761627197266,7.937023162841797,0.16083335876464844,9.255423545837402
dataset/test/Tomato_leaf_late_blight/tomato.early.blightHaug6.jpg,Tomato_leaf_late_blight,Tomato_Septoria_leaf_spot,0.7096725106239319,0,1.1878995895385742,7.6798553466796875,0.162261962890625,9.032661437988281
dataset/test/Tomato_leaf_yellow_curl_virus/1342017-162221-44540_jpg.rf.f68314ea4850dade3a214dec71c83715_aug_77aug56.jpg,Tomato_leaf_yellow_curl_virus,Tomato_leaf_yellow_curl_virus,0.9999088048934937,1,1.1024713516235352,7.659243583679199,0.1629648208618164,8.927197456359863
dataset/test/Tomato_leaf_yellow_curl_virus/1342017-162221-44540_jpg.rf.f68314ea4850dade3a214dec71c83715_aug_78aug81.jpg,Tomato_leaf_yellow_curl_virus,Tomato_leaf_yellow_curl_virus,0.999925971031189,1,1.1151199340820312,7.516020774841309,0.171112060546875,8.80534553527832
dataset/test/Tomato_leaf_yellow_curl_virus/1342017-162221-44540_jpg.rf.f68314ea4850dade3a214dec71c83715_aug_79aug60.jpg,Tomato_leaf_yellow_curl_virus,Tomato_leaf_yellow_curl_virus,0.9999271631240845,1,1.1304712295532227,8.185894966125488,0.171630859375,9.491277694702148
dataset/test/Tomato_leaf_yellow_curl_virus/1342017-162221-44540_jpg.rf.f68314ea4850dade3a214dec71c83715_aug_80aug64.jpg,Tomato_leaf_yellow_curl_virus,Tomato_leaf_yellow_curl_virus,0.9999969005584717,1,1.1673603057861328,7.662726402282715,0.15942668914794922,8.991866111755371
dataset/test/Tomato_leaf_yellow_curl_virus/1342017-162221-44540_jpg.rf.f68314ea4850dade3a214dec71c83715_aug_81aug61.jpg,Tomato_leaf_yellow_curl_virus,Tomato_leaf_yellow_curl_virus,0.9999963045120239,1,1.104562759399414,8.078062057495117,0.16007423400878906,9.344868659973145
dataset/test/Tomato_leaf_yellow_curl_virus/1342017-162221-44540_jpg.rf.f68314ea4850dade3a214dec71c83715_aug_82aug80.jpg,Tomato_leaf_yellow_curl_virus,Tomato_leaf_yellow_curl_virus,0.999987006187439,1,1.1110458374023438,7.510817527770996,0.16127872467041016,8.786031723022461
dataset/test/Tomato_leaf_yellow_curl_virus/1342017-162221-44540_jpg.rf.f68314ea4850dade3a214dec71c83715_aug_83aug70.jpg,Tomato_leaf_yellow_curl_virus,Tomato_leaf_yellow_curl_virus,0.9999947547912598,1,1.2225284576416016,8.06134033203125,4.241421699523926,13.528549194335938
dataset/test/Tomato_leaf_yellow_curl_virus/1342017-162221-44540_jpg.rf.f68314ea4850dade3a214dec71c83715aug11.jpg,Tomato_leaf_yellow_curl_virus,Tomato_leaf_yellow_curl_virus,0.9998965263366699,1,1.3131952285766602,20.35024929046631,0.17052078247070312,21.836687088012695
dataset/test/Tomato_leaf_yellow_curl_virus/8226402877_9abf151b5b_b_jpg.rf.a2dff27e03c5ab47916df5d873c1590f_aug_70aug66.jpg,Tomato_leaf_yellow_curl_virus,Tomato_leaf_yellow_curl_virus,0.999993085861206,1,1.1878061294555664,11.37195873260498,0.1719827651977539,12.734430313110352
dataset/test/Tomato_leaf_yellow_curl_virus/8226402877_9abf151b5b_b_jpg.rf.a2dff27e03c5ab47916df5d873c1590f_aug_71aug69.jpg,Tomato_leaf_yellow_curl_virus,Tomato_leaf_yellow_curl_virus,0.999977707862854,1,1.1547870635986328,8.440434455871582,0.17183494567871094,9.7698335647583
dataset/test/Tomato_leaf_yellow_curl_virus/8226402877_9abf151b5b_b_jpg.rf.a2dff27e03c5ab47916df5d873c1590f_aug_72aug73.jpg,Tomato_leaf_yellow_curl_virus,Tomato_leaf_yellow_curl_virus,0.9995924830436707,1,1.1397666931152344,8.041135787963867,0.16866779327392578,9.352553367614746
dataset/test/Tomato_leaf_yellow_curl_virus/8226402877_9abf151b5b_b_jpg.rf.a2dff27e03c5ab47916df5d873c1590f_aug_73aug54.jpg,Tomato_leaf_yellow_curl_virus,Tomato_leaf_yellow_curl_virus,0.9999818801879883,1,1.1356382369995117,8.211711883544922,0.1679821014404297,9.51809310913086
dataset/test/Tomato_leaf_yellow_curl_virus/8226402877_9abf151b5b_b_jpg.rf.a2dff27e03c5ab47916df5d873c1590f_aug_74aug76.jpg,Tomato_leaf_yellow_curl_virus,Tomato_leaf_yellow_curl_virus,1.0,1,1.1882305145263672,8.159470558166504,0.1652240753173828,9.515387535095215
dataset/test/Tomato_leaf_yellow_curl_virus/8226402877_9abf151b5b_b_jpg.rf.a2dff27e03c5ab47916df5d873c1590f_aug_75aug74.jpg,Tomato_leaf_yellow_curl_virus,Tomato_leaf_yellow_curl_virus,0.9999945163726807,1,1.1247501373291016,7.910487174987793,0.18518733978271484,9.223329544067383
dataset/test/Tomato_leaf_yellow_curl_virus/8226402877_9abf151b5b_b_jpg.rf.a2dff27e03c5ab47916df5d873c1590f_aug_76aug65.jpg,Tomato_leaf_yellow_curl_virus,Tomato_leaf_yellow_curl_virus,0.9999771118164062,1,1.2238435745239258,7.9980058670043945,0.16913127899169922,9.39420223236084
dataset/test/Tomato_leaf_yellow_curl_virus/8226402877_9abf151b5b_b_jpg.rf.a2dff27e03c5ab47916df5d873c1590faug10.jpg,Tomato_leaf_yellow_curl_virus,Tomato_leaf_yellow_curl_virus,0.9999291896820068,1,1.2563629150390625,7.864117622375488,0.16849994659423828,9.291421890258789
dataset/test/Tomato_leaf_yellow_curl_virus/DSC01999-JPG_jpg.rf.700fa6596ab8750ad0f1c47a0defe191_aug_84aug53.jpg,Tomato_leaf_yellow_curl_virus,Tomato_leaf_yellow_curl_virus,0.9999933242797852,1,1.203658103942871,7.985283851623535,0.1670389175415039,9.358868598937988
dataset/test/Tomato_leaf_yellow_curl_virus/DSC01999-JPG_jpg.rf.700fa6596ab8750ad0f1c47a0defe191_aug_85aug82.jpg,Tomato_leaf_yellow_curl_virus,Tomato_leaf_yellow_curl_virus,0.999995231628418,1,1.1936759948730469,7.765652656555176,0.16812992095947266,9.130348205566406
dataset/test/Tomato_leaf_yellow_curl_virus/DSC01999-JPG_jpg.rf.700fa6596ab8750ad0f1c47a0defe191_aug_86aug71.jpg,Tomato_leaf_yellow_curl_virus,Tomato_leaf_yellow_curl_virus,0.9999984502792358,1,1.1857671737670898,7.832559585571289,0.16707611083984375,9.18825626373291
dataset/test/Tomato_leaf_yellow_curl_virus/DSC01999-JPG_jpg.rf.700fa6596ab8750ad0f1c47a0defe191_aug_87aug78.jpg,Tomato_leaf_yellow_curl_virus,Tomato_leaf_yellow_curl_virus,0.9999760389328003,1,1.1507139205932617,7.977154731750488,0.1638164520263672,9.294219017028809
dataset/test/Tomato_leaf_yellow_curl_virus/DSC01999-JPG_jpg.rf.700fa6596ab8750ad0f1c47a0defe191_aug_88aug51.jpg,Tomato_leaf_yellow_curl_virus,Tomato_leaf_yellow_curl_virus,0.9999080896377563,1,1.1485824584960938,7.795245170593262,0.15918540954589844,9.105829238891602
dataset/test/Tomato_leaf_yellow_curl_virus/DSC01999-JPG_jpg.rf.700fa6596ab8750ad0f1c47a0defe191_aug_89aug63.jpg,Tomato_leaf_yellow_curl_virus,Tomato_leaf_yellow_curl_virus,0.9999393224716187,1,1.1524724960327148,8.639344215393066,0.1777973175048828,9.972484588623047
dataset/test/Tomato_leaf_yellow_curl_virus/DSC01999-JPG_jpg.rf.700fa6596ab8750ad0f1c47a0defe191_aug_90aug85.jpg,Tomato_leaf_yellow_curl_virus,Tomato_leaf_yellow_curl_virus,0.9999465942382812,1,1.2763433456420898,7.879152297973633,0.20855712890625,9.367090225219727
dataset/test/Tomato_leaf_yellow_curl_virus/DSC01999-JPG_jpg.rf.700fa6596ab8750ad0f1c47a0defe191aug12.jpg,Tomato_leaf_yellow_curl_virus,Tomato_leaf_yellow_curl_virus,0.9999910593032837,1,1.2247495651245117,8.019876480102539,0.1797962188720703,9.427369117736816
dataset/test/Tomato_leaf_yellow_curl_virus/DSC01999.JPG_aug_63aug68.jpg,Tomato_leaf_yellow_curl_virus,Tomato_leaf_yellow_curl_virus,0.9997480511665344,1,1.2981042861938477,8.424452781677246,0.16692829132080078,9.892130851745605
dataset/test/Tomato_leaf_yellow_curl_virus/DSC01999.JPG_aug_64aug72.jpg,Tomato_leaf_yellow_curl_virus,Tomato_leaf_yellow_curl_virus,0.9993054866790771,1,1.1646747589111328,8.316452026367188,0.17070484161376953,9.654425621032715
dataset/test/Tomato_leaf_yellow_curl_virus/DSC01999.JPG_aug_65aug75.jpg,Tomato_leaf_yellow_curl_virus,Tomato_leaf_yellow_curl_virus,0.9990645051002502,1,1.282491683959961,8.601825714111328,0.16870403289794922,10.056242942810059
dataset/test/Tomato_leaf_yellow_curl_virus/DSC01999.JPG_aug_66aug58.jpg,Tomato_leaf_yellow_curl_virus,Tomato_leaf_yellow_curl_virus,0.9990311861038208,1,1.2553253173828125,8.509231567382812,0.1712799072265625,9.938576698303223
dataset/test/Tomato_leaf_yellow_curl_virus/DSC01999.JPG_aug_67aug83.jpg,Tomato_leaf_yellow_curl_virus,Tomato_leaf_yellow_curl_virus,0.999238133430481,1,1.2291574478149414,8.205469131469727,0.16848278045654297,9.60620403289795
dataset/test/Tomato_leaf_yellow_curl_virus/DSC01999.JPG_aug_68aug79.jpg,Tomato_leaf_yellow_curl_virus,Tomato_leaf_yellow_curl_virus,0.9977557063102722,1,1.242177963256836,8.124360084533691,0.18365001678466797,9.55311107635498
dataset/test/Tomato_leaf_yellow_curl_virus/DSC01999.JPG_aug_69aug62.jpg,Tomato_leaf_yellow_curl_virus,Tomato_leaf_yellow_curl_virus,0.9995755553245544,1,1.2050085067749023,8.164952278137207,0.20465087890625,9.577555656433105
dataset/test/Tomato_leaf_yellow_curl_virus/DSC01999.JPGaug9.jpg,Tomato_leaf_yellow_curl_virus,Tomato_leaf_yellow_curl_virus,0.9999052286148071,1,1.2420835494995117,8.204933166503906,0.17863178253173828,9.629555702209473
dataset/test/Tomato_leaf_yellow_curl_virus/IMG_20251102_155103aug15.jpg,Tomato_leaf_yellow_curl_virus,Tomato_leaf_yellow_curl_virus,0.7291146516799927,1,1.1301937103271484,8.21206283569336,0.1807422637939453,9.526517868041992
dataset/test/Tomato_leaf_yellow_curl_virus/IMG_20251102_160455_aug_42aug104.jpg,Tomato_leaf_yellow_curl_virus,Tomato_leaf_yellow_curl_virus,0.9811484217643738,1,1.172342300415039,8.025394439697266,0.16966819763183594,9.370497703552246
dataset/test/Tomato_leaf_yellow_curl_virus/IMG_20251102_160455_aug_43aug111.jpg,Tomato_leaf_yellow_curl_virus,Tomato_leaf_yellow_curl_virus,0.9978659749031067,1,1.1194524765014648,8.109451293945312,0.17070484161376953,9.40259075164795
dataset/test/Tomato_leaf_yellow_curl_virus/IMG_20251102_160455_aug_44aug112.jpg,Tomato_leaf_yellow_curl_virus,Tomato_leaf_yellow_curl_virus,0.7089231610298157,1,1.1270647048950195,8.315192222595215,0.17413043975830078,9.620074272155762
dataset/test/Tomato_leaf_yellow_curl_virus/IMG_20251102_160455_aug_45aug108.jpg,Tomato_leaf_yellow_curl_virus,Tomato_leaf_yellow_curl_virus,0.7097379565238953,1,1.1526575088500977,8.130414962768555,0.16905784606933594,9.454943656921387
dataset/test/Tomato_leaf_yellow_curl_virus/IMG_20251102_160455_aug_46aug110.jpg,Tomato_leaf_yellow_curl_virus,Tomato_leaf_yellow_curl_virus,0.9664729237556458,1,1.146453857421875,7.992525100708008,0.1762228012084961,9.318441390991211
dataset/test/Tomato_leaf_yellow_curl_virus/IMG_20251102_160455_aug_47aug98.jpg,Tomato_leaf_yellow_curl_virus,Tomato_leaf_yellow_curl_virus,0.6552857160568237,1,1.091822624206543,7.915356636047363,0.17694664001464844,9.187291145324707
dataset/test/Tomato_leaf_yellow_curl_virus/IMG_20251102_160455_aug_48aug105.jpg,Tomato_leaf_yellow_curl_virus,Tomato_leaf_yellow_curl_virus,0.7340719103813171,1,1.138453483581543,8.308212280273438,0.16679763793945312,9.61629581451416
dataset/test/Tomato_leaf_yellow_curl_virus/IMG_20251102_160455aug6.jpg,Tomato_leaf_yellow_curl_virus,Tomato_leaf_yellow_curl_virus,0.980222761631012,1,1.0879154205322266,7.896246910095215,0.1766500473022461,9.164032936096191
dataset/test/Tomato_leaf_yellow_curl_virus/IMG_20251102_160553_aug_35aug49.jpg,Tomato_leaf_yellow_curl_virus,Tomato_leaf_yellow_curl_virus,0.9433754682540894,1,1.1934528350830078,7.796653747558594,0.18224334716796875,9.175606727600098
dataset/test/Tomato_leaf_yellow_curl_virus/IMG_20251102_160553_aug_36aug113.jpg,Tomato_leaf_yellow_curl_virus,Tomato_leaf_yellow_curl_virus,0.9877803325653076,1,1.2335844039916992,7.979691505432129,0.17644596099853516,9.39320182800293
dataset/test/Tomato_leaf_yellow_curl_virus/IMG_20251102_160553_aug_37aug114.jpg,Tomato_leaf_yellow_curl_virus,Tomato_leaf_yellow_curl_virus,0.96665358543396,1,1.1381940841674805,7.966006278991699,0.1846485137939453,9.29166316986084
dataset/test/Tomato_leaf_yellow_curl_virus/IMG_20251102_160553_aug_38aug101.jpg,Tomato_leaf_yellow_curl_virus,Tomato_leaf_yellow_curl_virus,0.9056739807128906,1,1.150935173034668,7.768503189086914,0.1866312026977539,9.108977317810059
dataset/test/Tomato_leaf_yellow_curl_virus/IMG_20251102_160553_aug_39aug118.jpg,Tomato_leaf_yellow_curl_virus,Tomato_leaf_yellow_curl_virus,0.9134190678596497,1,1.245565414428711,7.759726524353027,0.16637039184570312,9.174551963806152
dataset/test/Tomato_leaf_yellow_curl_virus/IMG_20251102_160553_aug_40aug19.jpg,Tomato_leaf_yellow_curl_virus,Tomato_leaf_yellow_curl_virus,0.8480790853500366,1,1.1606197357177734,7.850226402282715,0.16500091552734375,9.1785888671875
dataset/test/Tomato_leaf_yellow_curl_virus/IMG_20251102_160553_aug_41aug119.jpg,Tomato_leaf_yellow_curl_virus,Tomato_leaf_yellow_curl_virus,0.9700854420661926,1,1.1320085525512695,7.970969200134277,0.16476154327392578,9.270367622375488
dataset/test/Tomato_leaf_yellow_curl_virus/IMG_20251102_160553aug5.jpg,Tomato_leaf_yellow_curl_virus,Tomato_leaf_yellow_curl_virus,0.9749861359596252,1,1.2221765518188477,8.013117790222168,0.1640005111694336,9.40179443359375
dataset/test/Tomato_leaf_yellow_curl_virus/TYLCV-tomate-DB-445-171_jpg.rf.9d70326900dd981ab5d49063b0d644f0_aug_21aug41.jpg,Tomato_leaf_yellow_curl_virus,Tomato_leaf_yellow_curl_virus,0.9999663829803467,1,1.116713523864746,7.876319885253906,0.16438961029052734,9.160367012023926
dataset/test/Tomato_leaf_yellow_curl_virus/TYLCV-tomate-DB-445-171_jpg.rf.9d70326900dd981ab5d49063b0d644f0_aug_22aug30.jpg,Tomato_leaf_yellow_curl_virus,Tomato_leaf_yellow_curl_virus,0.9999773502349854,1,1.1220464706420898,7.883561134338379,0.1680765151977539,9.176441192626953
dataset/test/Tomato_leaf_yellow_curl_virus/TYLCV-tomate-DB-445-171_jpg.rf.9d70326900dd981ab5d49063b0d644f0_aug_23aug42.jpg,Tomato_leaf_yellow_curl_virus,Tomato_leaf_yellow_curl_virus,0.9999537467956543,1,1.2098426818847656,7.764336585998535,0.20357513427734375,9.18051528930664
dataset/test/Tomato_leaf_yellow_curl_virus/TYLCV-tomate-DB-445-171_jpg.rf.9d70326900dd981ab5d49063b0d644f0_aug_24aug45.jpg,Tomato_leaf_yellow_curl_virus,Tomato_leaf_yellow_curl_virus,0.999964714050293,1,1.1151189804077148,7.979987144470215,0.1684274673461914,9.266533851623535
dataset/test/Tomato_leaf_yellow_curl_virus/TYLCV-tomate-DB-445-171_jpg.rf.9d70326900dd981ab5d49063b0d644f0_aug_25aug20.jpg,Tomato_leaf_yellow_curl_virus,Tomato_leaf_yellow_curl_virus,0.9999085664749146,1,1.1284713745117188,8.032210350036621,0.16335296630859375,9.326979637145996
dataset/test/Tomato_leaf_yellow_curl_virus/TYLCV-tomate-DB-445-171_jpg.rf.9d70326900dd981ab5d49063b0d644f0_aug_26aug18.jpg,Tomato_leaf_yellow_curl_virus,Tomato_leaf_yellow_curl_virus,0.9997720122337341,1,1.1275815963745117,7.745929718017578,0.16881561279296875,9.045439720153809
dataset/test/Tomato_leaf_yellow_curl_virus/TYLCV-tomate-DB-445-171_jpg.rf.9d70326900dd981ab5d49063b0d644f0_aug_27aug29.jpg,Tomato_leaf_yellow_curl_virus,Tomato_leaf_yellow_curl_virus,0.9999243021011353,1,1.2753610610961914,7.801170349121094,0.16640853881835938,9.245867729187012
dataset/test/Tomato_leaf_yellow_curl_virus/TYLCV-tomate-DB-445-171_jpg.rf.9d70326900dd981ab5d49063b0d644f0aug3.jpg,Tomato_leaf_yellow_curl_virus,Tomato_leaf_yellow_curl_virus,0.9999974966049194,1,1.1355457305908203,7.824468612670898,0.1782236099243164,9.141514778137207
dataset/test/Tomato_leaf_yellow_curl_virus/TYLCV4_jpg.rf.2e4accea501a220be9dc475dd1ca3121_aug_10aug22.jpg,Tomato_leaf_yellow_curl_virus,Tomato_leaf_yellow_curl_virus,1.0,1,1.1345844268798828,9.119199752807617,0.20853900909423828,10.465469360351562
dataset/test/Tomato_leaf_yellow_curl_virus/TYLCV4_jpg.rf.2e4accea501a220be9dc475dd1ca3121_aug_11aug44.jpg,Tomato_leaf_yellow_curl_virus,Tomato_leaf_yellow_curl_virus,0.9999998807907104,1,1.5039920806884766,10.979806900024414,0.19379711151123047,12.68065357208252
dataset/test/Tomato_leaf_yellow_curl_virus/TYLCV4_jpg.rf.2e4accea501a220be9dc475dd1ca3121_aug_12aug39.jpg,Tomato_leaf_yellow_curl_virus,Tomato_leaf_yellow_curl_virus,1.0,1,1.4705867767333984,10.940436363220215,0.20600128173828125,12.62041187286377
dataset/test/Tomato_leaf_yellow_curl_virus/TYLCV4_jpg.rf.2e4accea501a220be9dc475dd1ca3121_aug_13aug35.jpg,Tomato_leaf_yellow_curl_virus,Tomato_leaf_yellow_curl_virus,1.0,1,1.4912710189819336,10.813119888305664,0.21513080596923828,12.523836135864258
dataset/test/Tomato_leaf_yellow_curl_virus/TYLCV4_jpg.rf.2e4accea501a220be9dc475dd1ca3121_aug_7aug40.jpg,Tomato_leaf_yellow_curl_virus,Tomato_leaf_yellow_curl_virus,1.0,1,1.5391788482666016,10.610118865966797,0.21014976501464844,12.362669944763184
dataset/test/Tomato_leaf_yellow_curl_virus/TYLCV4_jpg.rf.2e4accea501a220be9dc475dd1ca3121_aug_8aug33.jpg,Tomato_leaf_yellow_curl_virus,Tomato_leaf_yellow_curl_virus,0.9999997615814209,1,1.5220861434936523,10.782249450683594,0.2162618637084961,12.525096893310547
dataset/test/Tomato_leaf_yellow_curl_virus/TYLCV4_jpg.rf.2e4accea501a220be9dc475dd1ca3121_aug_9aug48.jpg,Tomato_leaf_yellow_curl_virus,Tomato_leaf_yellow_curl_virus,1.0,1,1.5814571380615234,10.813157081604004,0.25922393798828125,12.658208847045898
dataset/test/Tomato_leaf_yellow_curl_virus/TYLCV4_jpg.rf.2e4accea501a220be9dc475dd1ca3121aug1.jpg,Tomato_leaf_yellow_curl_virus,Tomato_leaf_yellow_curl_virus,0.9999998807907104,1,1.4917516708374023,10.843452453613281,0.2017812728881836,12.540189743041992
dataset/test/Tomato_leaf_yellow_curl_virus/art_15017325188173_a24a66_aug_14aug36.jpg,Tomato_leaf_yellow_curl_virus,Tomato_leaf_yellow_curl_virus,0.9999916553497314,1,1.529252052307129,10.009651184082031,0.16076087951660156,11.702701568603516
dataset/test/Tomato_leaf_yellow_curl_virus/art_15017325188173_a24a66_aug_15aug23.jpg,Tomato_leaf_yellow_curl_virus,Tomato_leaf_yellow_curl_virus,0.9999971389770508,1,1.109212875366211,7.60028076171875,0.1600198745727539,8.872048377990723
dataset/test/Tomato_leaf_yellow_curl_virus/art_15017325188173_a24a66_aug_16aug34.jpg,Tomato_leaf_yellow_curl_virus,Tomato_leaf_yellow_curl_virus,0.9999997615814209,1,1.1106195449829102,7.652021408081055,0.15781593322753906,8.923308372497559
dataset/test/Tomato_leaf_yellow_curl_virus/art_15017325188173_a24a66_aug_17aug43.jpg,Tomato_leaf_yellow_curl_virus,Tomato_leaf_yellow_curl_virus,0.9999970197677612,1,1.0940275192260742,7.441483497619629,0.17166900634765625,8.710325241088867
dataset/test/Tomato_leaf_yellow_curl_virus/art_15017325188173_a24a66_aug_18aug47.jpg,Tomato_leaf_yellow_curl_virus,Tomato_leaf_yellow_curl_virus,0.999970555305481,1,1.2490463256835938,7.404963493347168,0.17620563507080078,8.833252906799316
dataset/test/Tomato_leaf_yellow_curl_virus/art_15017325188173_a24a66_aug_19aug25.jpg,Tomato_leaf_yellow_curl_virus,Tomato_leaf_yellow_curl_virus,0.9999915361404419,1,1.2053422927856445,7.552577018737793,0.16552066802978516,8.926939964294434
dataset/test/Tomato_leaf_yellow_curl_virus/art_15017325188173_a24a66_aug_20aug46.jpg,Tomato_leaf_yellow_curl_virus,Tomato_leaf_yellow_curl_virus,0.9999982118606567,1,1.139120101928711,7.60261344909668,0.1617593765258789,8.906402587890625
dataset/test/Tomato_leaf_yellow_curl_virus/art_15017325188173_a24a66aug2.jpg,Tomato_leaf_yellow_curl_virus,Tomato_leaf_yellow_curl_virus,0.9999868869781494,1,1.1257686614990234,7.53950309753418,0.1595010757446289,8.82723617553711
dataset/test/Tomato_leaf_yellow_curl_virus/psyllid-yellows_jpg.rf.1d99aab2f43a840be530ce313eb0c0fd_aug_56aug57.jpg,Tomato_leaf_yellow_curl_virus,Tomato_leaf_yellow_curl_virus,0.9992424249649048,1,1.091750144958496,7.444631576538086,0.16942691802978516,8.709307670593262
dataset/test/Tomato_leaf_yellow_curl_virus/psyllid-yellows_jpg.rf.1d99aab2f43a840be530ce313eb0c0fd_aug_57aug84.jpg,Tomato_leaf_yellow_curl_virus,Tomato_leaf_yellow_curl_virus,0.9995729327201843,1,1.1362676620483398,7.561799049377441,0.19005680084228516,8.890901565551758
dataset/test/Tomato_leaf_yellow_curl_virus/psyllid-yellows_jpg.rf.1d99aab2f43a840be530ce313eb0c0fd_aug_58aug52.jpg,Tomato_leaf_yellow_curl_virus,Tomato_leaf_yellow_curl_virus,0.9995729327201843,1,1.0892858505249023,7.414576530456543,0.16266918182373047,8.669585227966309
dataset/test/Tomato_leaf_yellow_curl_virus/psyllid-yellows_jpg.rf.1d99aab2f43a840be530ce313eb0c0fd_aug_59aug77.jpg,Tomato_leaf_yellow_curl_virus,Tomato_leaf_yellow_curl_virus,0.9999914169311523,1,1.1151008605957031,7.453871726989746,0.1710205078125,8.743178367614746
dataset/test/Tomato_leaf_yellow_curl_virus/psyllid-yellows_jpg.rf.1d99aab2f43a840be530ce313eb0c0fd_aug_60aug86.jpg,Tomato_leaf_yellow_curl_virus,Tomato_leaf_yellow_curl_virus,0.9999825954437256,1,1.1236934661865234,7.84311580657959,0.17459487915039062,9.144292831420898
dataset/test/Tomato_leaf_yellow_curl_virus/psyllid-yellows_jpg.rf.1d99aab2f43a840be530ce313eb0c0fd_aug_61aug59.jpg,Tomato_leaf_yellow_curl_virus,Tomato_leaf_yellow_curl_virus,0.9999985694885254,1,1.1360273361206055,7.960968017578125,0.1757049560546875,9.275274276733398
dataset/test/Tomato_leaf_yellow_curl_virus/psyllid-yellows_jpg.rf.1d99aab2f43a840be530ce313eb0c0fd_aug_62aug67.jpg,Tomato_leaf_yellow_curl_virus,Tomato_leaf_yellow_curl_virus,0.9995934367179871,1,1.1746940612792969,7.755078315734863,0.1772623062133789,9.11042308807373
dataset/test/Tomato_leaf_yellow_curl_virus/psyllid-yellows_jpg.rf.1d99aab2f43a840be530ce313eb0c0fdaug8.jpg,Tomato_leaf_yellow_curl_virus,Tomato_leaf_yellow_curl_virus,0.9999803304672241,1,1.1403045654296875,7.936208724975586,0.17540836334228516,9.254718780517578
dataset/test/Tomato_leaf_yellow_curl_virus/tj5itxzunn3k_jpg.rf.4aeda27b2535578e718fe6279491d0d4_aug_49aug102.jpg,Tomato_leaf_yellow_curl_virus,Tomato_leaf_yellow_curl_virus,0.9999951124191284,1,1.0826187133789062,7.881561279296875,0.16981792449951172,9.136774063110352
dataset/test/Tomato_leaf_yellow_curl_virus/tj5itxzunn3k_jpg.rf.4aeda27b2535578e718fe6279491d0d4_aug_50aug109.jpg,Tomato_leaf_yellow_curl_virus,Tomato_leaf_yellow_curl_virus,0.9999985694885254,1,1.1016569137573242,7.786004066467285,0.1679840087890625,9.05842113494873
dataset/test/Tomato_leaf_yellow_curl_virus/tj5itxzunn3k_jpg.rf.4aeda27b2535578e718fe6279491d0d4_aug_51aug99.jpg,Tomato_leaf_yellow_curl_virus,Tomato_leaf_yellow_curl_virus,0.9999909400939941,1,1.1234159469604492,7.800819396972656,0.1668529510498047,9.093792915344238
dataset/test/Tomato_leaf_yellow_curl_virus/tj5itxzunn3k_jpg.rf.4aeda27b2535578e718fe6279491d0d4_aug_52aug103.jpg,Tomato_leaf_yellow_curl_virus,Tomato_leaf_yellow_curl_virus,0.9999958276748657,1,1.0704517364501953,7.881320953369141,0.1665935516357422,9.121199607849121
dataset/test/Tomato_leaf_yellow_curl_virus/tj5itxzunn3k_jpg.rf.4aeda27b2535578e718fe6279491d0d4_aug_53aug100.jpg,Tomato_leaf_yellow_curl_virus,Tomato_leaf_yellow_curl_virus,0.999998927116394,1,1.0923233032226562,7.952818870544434,0.1737232208251953,9.222145080566406
dataset/test/Tomato_leaf_yellow_curl_virus/tj5itxzunn3k_jpg.rf.4aeda27b2535578e718fe6279491d0d4_aug_54aug106.jpg,Tomato_leaf_yellow_curl_virus,Tomato_leaf_yellow_curl_virus,0.9999996423721313,1,1.1272306442260742,7.865931510925293,0.16663169860839844,9.162365913391113
dataset/test/Tomato_leaf_yellow_curl_virus/tj5itxzunn3k_jpg.rf.4aeda27b2535578e718fe6279491d0d4_aug_55aug107.jpg,Tomato_leaf_yellow_curl_virus,Tomato_leaf_yellow_curl_virus,0.9999970197677612,1,1.1367120742797852,7.86589241027832,0.18520545959472656,9.191143989562988
dataset/test/Tomato_leaf_yellow_curl_virus/tj5itxzunn3k_jpg.rf.4aeda27b2535578e718fe6279491d0d4aug7.jpg,Tomato_leaf_yellow_curl_virus,Tomato_leaf_yellow_curl_virus,0.999969482421875,1,1.1484708786010742,7.756281852722168,0.16515064239501953,9.072568893432617
dataset/test/Tomato_leaf_yellow_curl_virus/tomato-yellow-closeup-3_aug_28aug16.jpg,Tomato_leaf_yellow_curl_virus,Tomato_leaf_yellow_curl_virus,0.9829713702201843,1,1.2393608093261719,7.842209815979004,0.16655731201171875,9.250903129577637
dataset/test/Tomato_leaf_yellow_curl_virus/tomato-yellow-closeup-3_aug_29aug27.jpg,Tomato_leaf_yellow_curl_virus,Tomato_leaf_yellow_curl_virus,0.9859679937362671,1,1.1405458450317383,7.822744369506836,0.1673908233642578,9.133255958557129
dataset/test/Tomato_leaf_yellow_curl_virus/tomato-yellow-closeup-3_aug_30aug117.jpg,Tomato_leaf_yellow_curl_virus,Tomato_leaf_yellow_curl_virus,0.9891955852508545,1,1.1473979949951172,7.902856826782227,0.15881729125976562,9.211701393127441
dataset/test/Tomato_leaf_yellow_curl_virus/tomato-yellow-closeup-3_aug_31aug31.jpg,Tomato_leaf_yellow_curl_virus,Tomato_leaf_yellow_curl_virus,0.949537992477417,1,1.1447877883911133,7.754356384277344,0.2029266357421875,9.10523509979248
dataset/test/Tomato_leaf_yellow_curl_virus/tomato-yellow-closeup-3_aug_32aug115.jpg,Tomato_leaf_yellow_curl_virus,Tomato_leaf_yellow_curl_virus,0.9475099444389343,1,1.1433963775634766,7.759504318237305,0.1653900146484375,9.071144104003906
dataset/test/Tomato_leaf_yellow_curl_virus/tomato-yellow-closeup-3_aug_33aug116.jpg,Tomato_leaf_yellow_curl_virus,Tomato_leaf_yellow_curl_virus,0.9973036050796509,1,1.1306934356689453,8.069506645202637,0.16664886474609375,9.369719505310059
dataset/test/Tomato_leaf_yellow_curl_virus/tomato-yellow-closeup-3_aug_34aug26.jpg,Tomato_leaf_yellow_curl_virus,Tomato_leaf_yellow_curl_virus,0.9867215156555176,1,1.1581945419311523,7.976728439331055,0.16898155212402344,9.306533813476562
dataset/test/Tomato_leaf_yellow_curl_virus/tomato-yellow-closeup-3aug4.jpg,Tomato_leaf_yellow_curl_virus,Tomato_leaf_yellow_curl_virus,0.9968208074569702,1,1.1606378555297852,7.89791202545166,0.16498279571533203,9.226219177246094
dataset/test/Tomato_leaf_yellow_curl_virus/tomato-yellow-leaf-curl-virus-tomato-1_aug_100aug92.jpg,Tomato_leaf_yellow_curl_virus,Tomato_leaf_yellow_curl_virus,0.9999966621398926,1,1.1469898223876953,7.827226638793945,0.16672420501708984,9.143385887145996
dataset/test/Tomato_leaf_yellow_curl_virus/tomato-yellow-leaf-curl-virus-tomato-1_aug_101aug95.jpg,Tomato_leaf_yellow_curl_virus,Tomato_leaf_yellow_curl_virus,0.9994252920150757,1,1.1382122039794922,8.251582145690918,0.16614818572998047,9.558887481689453
dataset/test/Tomato_leaf_yellow_curl_virus/tomato-yellow-leaf-curl-virus-tomato-1_aug_102aug88.jpg,Tomato_leaf_yellow_curl_virus,Tomato_leaf_yellow_curl_virus,0.9999924898147583,1,1.172379493713379,8.084468841552734,0.16083621978759766,9.420294761657715
dataset/test/Tomato_leaf_yellow_curl_virus/tomato-yellow-leaf-curl-virus-tomato-1_aug_103aug93.jpg,Tomato_leaf_yellow_curl_virus,Tomato_leaf_yellow_curl_virus,0.9908605813980103,1,1.154397964477539,7.972560882568359,0.1758899688720703,9.306163787841797
dataset/test/Tomato_leaf_yellow_curl_virus/tomato-yellow-leaf-curl-virus-tomato-1_aug_98aug91.jpg,Tomato_leaf_yellow_curl_virus,Tomato_leaf_yellow_curl_virus,0.9985288381576538,1,1.263214111328125,7.926356315612793,0.17652034759521484,9.36909008026123
dataset/test/Tomato_leaf_yellow_curl_virus/tomato-yellow-leaf-curl-virus-tomato-1_aug_99aug90.jpg,Tomato_leaf_yellow_curl_virus,Tomato_leaf_yellow_curl_virus,0.9990248680114746,1,1.2582311630249023,7.964338302612305,0.16711139678955078,9.392721176147461
dataset/test/Tomato_leaf_yellow_curl_virus/tomato-yellow-leaf-curl-virus-tomato-1aug14.jpg,Tomato_leaf_yellow_curl_virus,Tomato_leaf_yellow_curl_virus,0.9999018907546997,1,1.2976198196411133,8.199951171875,0.17348384857177734,9.6741304397583
dataset/test/Tomato_leaf_yellow_curl_virus/tomatoyellowleafcurlcropped_aug_91aug55.jpg,Tomato_leaf_yellow_curl_virus,Tomato_leaf_yellow_curl_virus,0.9999884366989136,1,1.1705083847045898,8.589751243591309,0.17346477508544922,9.936797142028809
dataset/test/Tomato_leaf_yellow_curl_virus/tomatoyellowleafcurlcropped_aug_92aug89.jpg,Tomato_leaf_yellow_curl_virus,Tomato_leaf_yellow_curl_virus,0.9999988079071045,1,1.1425085067749023,8.319231986999512,0.16785335540771484,9.632408142089844
dataset/test/Tomato_leaf_yellow_curl_virus/tomatoyellowleafcurlcropped_aug_93aug97.jpg,Tomato_leaf_yellow_curl_virus,Tomato_leaf_yellow_curl_virus,1.0,1,1.1403980255126953,8.053858757019043,0.20185279846191406,9.39914608001709
dataset/test/Tomato_leaf_yellow_curl_virus/tomatoyellowleafcurlcropped_aug_94aug50.jpg,Tomato_leaf_yellow_curl_virus,Tomato_leaf_yellow_curl_virus,0.9999865293502808,1,1.173304557800293,8.992143630981445,0.16788959503173828,10.336023330688477
dataset/test/Tomato_leaf_yellow_curl_virus/tomatoyellowleafcurlcropped_aug_95aug87.jpg,Tomato_leaf_yellow_curl_virus,Tomato_leaf_yellow_curl_virus,0.9999988079071045,1,1.1381950378417969,8.099154472351074,0.16813087463378906,9.408238410949707
dataset/test/Tomato_leaf_yellow_curl_virus/tomatoyellowleafcurlcropped_aug_96aug96.jpg,Tomato_leaf_yellow_curl_virus,Tomato_leaf_yellow_curl_virus,1.0,1,1.456843376159668,15.845640182495117,0.16750144958496094,17.47254180908203
dataset/test/Tomato_leaf_yellow_curl_virus/tomatoyellowleafcurlcropped_aug_97aug94.jpg,Tomato_leaf_yellow_curl_virus,Tomato_leaf_yellow_curl_virus,0.9999992847442627,1,1.1241750717163086,15.06381893157959,0.16814899444580078,16.35890293121338
dataset/test/Tomato_leaf_yellow_curl_virus/tomatoyellowleafcurlcroppedaug13.jpg,Tomato_leaf_yellow_curl_virus,Tomato_leaf_yellow_curl_virus,0.9999998807907104,1,1.1121025085449219,9.705704689025879,0.16775989532470703,10.988194465637207
dataset/test/Tomato_leaf_yellow_curl_virus/virus1_aug_0aug37.jpg,Tomato_leaf_yellow_curl_virus,Tomato_leaf_yellow_curl_virus,0.9999876022338867,1,1.179804801940918,8.220728874206543,0.1663532257080078,9.569591522216797
dataset/test/Tomato_leaf_yellow_curl_virus/virus1_aug_1aug21.jpg,Tomato_leaf_yellow_curl_virus,Tomato_leaf_yellow_curl_virus,0.9997618794441223,1,1.0989713668823242,7.963986396789551,0.1650400161743164,9.230792999267578
dataset/test/Tomato_leaf_yellow_curl_virus/virus1_aug_2aug24.jpg,Tomato_leaf_yellow_curl_virus,Tomato_leaf_yellow_curl_virus,0.9999693632125854,1,1.1527862548828125,7.951820373535156,0.17265033721923828,9.279775619506836
dataset/test/Tomato_leaf_yellow_curl_virus/virus1_aug_3aug17.jpg,Tomato_leaf_yellow_curl_virus,Tomato_leaf_yellow_curl_virus,0.999630331993103,1,1.101731300354004,7.7917280197143555,0.1655569076538086,9.061569213867188
dataset/test/Tomato_leaf_yellow_curl_virus/virus1_aug_4aug28.jpg,Tomato_leaf_yellow_curl_virus,Tomato_leaf_yellow_curl_virus,0.9992363452911377,1,1.0953054428100586,7.764986991882324,0.1665201187133789,9.029550552368164
dataset/test/Tomato_leaf_yellow_curl_virus/virus1_aug_5aug32.jpg,Tomato_leaf_yellow_curl_virus,Tomato_leaf_yellow_curl_virus,0.999630331993103,1,1.097489356994629,8.081839561462402,0.16429710388183594,9.345904350280762
dataset/test/Tomato_leaf_yellow_curl_virus/virus1_aug_6aug38.jpg,Tomato_leaf_yellow_curl_virus,Tomato_leaf_yellow_curl_virus,0.9980809688568115,1,1.0948801040649414,8.121562957763672,0.16307449340820312,9.382072448730469
dataset/test/Tomato_leaf_yellow_curl_virus/virus1aug0.jpg,Tomato_leaf_yellow_curl_virus,Tomato_leaf_yellow_curl_virus,0.9996567964553833,1,1.1015634536743164,7.899356842041016,0.16866779327392578,9.17223834991455
dataset/test/Tomato_mold_leaf/IMG-20240724-WA0020_aug_68aug87.jpg,Tomato_mold_leaf,Tomato_mold_leaf,0.9938229322433472,1,1.1558799743652344,7.918949127197266,0.2069835662841797,9.285033226013184
dataset/test/Tomato_mold_leaf/IMG-20240724-WA0020_aug_69aug97.jpg,Tomato_mold_leaf,Tomato_mold_leaf,0.9934840798377991,1,1.154637336730957,8.104710578918457,0.1668701171875,9.429442405700684
dataset/test/Tomato_mold_leaf/IMG-20240724-WA0020_aug_70aug82.jpg,Tomato_mold_leaf,Tomato_mold_leaf,0.9932358860969543,1,1.1610641479492188,8.040228843688965,0.16881561279296875,9.372832298278809
dataset/test/Tomato_mold_leaf/IMG-20240724-WA0020_aug_71aug98.jpg,Tomato_mold_leaf,Tomato_mold_leaf,0.9949446320533752,1,1.1970272064208984,8.015395164489746,0.16866683959960938,9.383906364440918
dataset/test/Tomato_mold_leaf/IMG-20240724-WA0020aug17.jpg,Tomato_mold_leaf,Tomato_mold_leaf,0.9919052124023438,1,1.1505632400512695,8.937180519104004,0.16826152801513672,10.259116172790527
dataset/test/Tomato_mold_leaf/IMG-20240724-WA0044_aug_10aug44.jpg,Tomato_mold_leaf,Tomato_mold_leaf,0.9012686014175415,1,1.1457500457763672,8.067988395690918,0.17837238311767578,9.395590782165527
dataset/test/Tomato_mold_leaf/IMG-20240724-WA0044_aug_11aug49.jpg,Tomato_mold_leaf,Tomato_mold_leaf,0.9986390471458435,1,1.1572494506835938,8.057636260986328,0.16802024841308594,9.386127471923828
dataset/test/Tomato_mold_leaf/IMG-20240724-WA0044_aug_8aug35.jpg,Tomato_mold_leaf,Tomato_mold_leaf,0.7582890391349792,1,1.1531562805175781,8.174932479858398,0.17331504821777344,9.504666328430176
dataset/test/Tomato_mold_leaf/IMG-20240724-WA0044_aug_9aug41.jpg,Tomato_mold_leaf,Tomato_mold_leaf,0.9349529147148132,1,1.1977310180664062,8.109785079956055,0.15701961517333984,9.467055320739746
dataset/test/Tomato_mold_leaf/IMG-20240724-WA0044aug2.jpg,Tomato_mold_leaf,Tomato_mold_leaf,0.8190323710441589,1,1.1093597412109375,7.703632354736328,0.1648712158203125,8.980568885803223
dataset/test/Tomato_mold_leaf/IMG-20240724-WA0055_aug_28aug27.jpg,Tomato_mold_leaf,Tomato_mold_leaf,0.9987805485725403,1,1.1584348678588867,8.02165412902832,0.1655559539794922,9.348479270935059
dataset/test/Tomato_mold_leaf/IMG-20240724-WA0055_aug_29aug28.jpg,Tomato_mold_leaf,Tomato_mold_leaf,0.995806097984314,1,1.1123428344726562,7.726374626159668,0.17339038848876953,9.015477180480957
dataset/test/Tomato_mold_leaf/IMG-20240724-WA0055_aug_30aug43.jpg,Tomato_mold_leaf,Tomato_mold_leaf,0.9991872906684875,1,1.1496200561523438,7.779060363769531,0.17116832733154297,9.102365493774414
dataset/test/Tomato_mold_leaf/IMG-20240724-WA0055_aug_31aug50.jpg,Tomato_mold_leaf,Tomato_mold_leaf,0.9997109770774841,1,1.1030263900756836,7.6809844970703125,0.16514968872070312,8.951902389526367
dataset/test/Tomato_mold_leaf/IMG-20240724-WA0055aug7.jpg,Tomato_mold_leaf,Tomato_mold_leaf,0.9990161657333374,1,1.1094532012939453,7.646725654602051,0.18361186981201172,8.943402290344238
dataset/test/Tomato_mold_leaf/IMG-20240724-WA0065_aug_80aug69.jpg,Tomato_mold_leaf,Tomato_mold_leaf,0.9999992847442627,1,1.1633243560791016,7.714632987976074,0.17116832733154297,9.05227279663086
dataset/test/Tomato_mold_leaf/IMG-20240724-WA0065_aug_81aug70.jpg,Tomato_mold_leaf,Tomato_mold_leaf,0.9997134804725647,1,1.1789169311523438,7.782207489013672,0.17496395111083984,9.139201164245605
dataset/test/Tomato_mold_leaf/IMG-20240724-WA0065_aug_82aug66.jpg,Tomato_mold_leaf,Tomato_mold_leaf,0.9999854564666748,1,1.1276378631591797,7.610132217407227,0.18646621704101562,8.926753997802734
dataset/test/Tomato_mold_leaf/IMG-20240724-WA0065_aug_83aug65.jpg,Tomato_mold_leaf,Tomato_mold_leaf,0.9999831914901733,1,1.1867313385009766,7.850689888000488,0.1735391616821289,9.213700294494629
dataset/test/Tomato_mold_leaf/IMG-20240724-WA0065aug20.jpg,Tomato_mold_leaf,Tomato_mold_leaf,0.9999688863754272,1,1.2055273056030273,7.616650581359863,0.20298290252685547,9.0277738571167
dataset/test/Tomato_mold_leaf/IMG-20240725-WA0031_aug_0aug46.jpg,Tomato_mold_leaf,Tomato_mold_leaf,0.8983575701713562,1,1.068674087524414,7.978320121765137,0.16511249542236328,9.214940071105957
dataset/test/Tomato_mold_leaf/IMG-20240725-WA0031_aug_1aug47.jpg,Tomato_mold_leaf,Tomato_mold_leaf,0.9536123275756836,1,1.0739336013793945,7.831300735473633,0.1725759506225586,9.081218719482422
dataset/test/Tomato_mold_leaf/IMG-20240725-WA0031_aug_2aug37.jpg,Tomato_mold_leaf,Tomato_mold_leaf,0.8983575701713562,1,1.0805444717407227,8.115209579467773,0.1660013198852539,9.364424705505371
dataset/test/Tomato_mold_leaf/IMG-20240725-WA0031_aug_3aug45.jpg,Tomato_mold_leaf,Tomato_mold_leaf,0.9533910155296326,1,1.0771942138671875,8.460249900817871,0.16522216796875,9.705314636230469
dataset/test/Tomato_mold_leaf/IMG-20240725-WA0031aug0.jpg,Tomato_mold_leaf,Tomato_mold_leaf,0.899914026260376,1,1.0807485580444336,7.6278181076049805,0.17451953887939453,8.886049270629883
dataset/test/Tomato_mold_leaf/IMG-20240725-WA0039_aug_72aug79.jpg,Tomato_mold_leaf,Tomato_mold_leaf,0.9999996423721313,1,1.087416648864746,7.771039962768555,0.16327857971191406,9.024402618408203
dataset/test/Tomato_mold_leaf/IMG-20240725-WA0039_aug_73aug95.jpg,Tomato_mold_leaf,Tomato_mold_leaf,1.0,1,1.124953269958496,7.898301124572754,0.16276073455810547,9.189033508300781
dataset/test/Tomato_mold_leaf/IMG-20240725-WA0039_aug_74aug71.jpg,Tomato_mold_leaf,Tomato_mold_leaf,0.9999963045120239,1,1.064249038696289,7.655540466308594,0.16533470153808594,8.887845993041992
dataset/test/Tomato_mold_leaf/IMG-20240725-WA0039_aug_75aug80.jpg,Tomato_mold_leaf,Tomato_mold_leaf,0.9999984502792358,1,1.0974540710449219,7.686985015869141,0.1642608642578125,8.95140266418457
dataset/test/Tomato_mold_leaf/IMG-20240725-WA0039aug18.jpg,Tomato_mold_leaf,Tomato_mold_leaf,0.9999996423721313,1,1.0807304382324219,7.723522186279297,0.1802978515625,8.987643241882324
dataset/test/Tomato_mold_leaf/IMG-20240727-WA0038_aug_40aug105.jpg,Tomato_mold_leaf,Tomato_mold_leaf,0.9999154806137085,1,1.1433801651000977,7.813116073608398,0.16483306884765625,9.124014854431152
dataset/test/Tomato_mold_leaf/IMG-20240727-WA0038_aug_41aug106.jpg,Tomato_mold_leaf,Tomato_mold_leaf,0.9998247027397156,1,1.0973968505859375,9.948687553405762,0.20892620086669922,11.2583646774292
dataset/test/Tomato_mold_leaf/IMG-20240727-WA0038_aug_42aug116.jpg,Tomato_mold_leaf,Tomato_mold_leaf,0.9999985694885254,1,1.4829559326171875,10.899527549743652,0.20703887939453125,12.592984199523926
dataset/test/Tomato_mold_leaf/IMG-20240727-WA0038_aug_43aug110.jpg,Tomato_mold_leaf,Tomato_mold_leaf,0.9999680519104004,1,1.5065851211547852,10.865435600280762,0.2054452896118164,12.581058502197266
dataset/test/Tomato_mold_leaf/IMG-20240727-WA0038aug10.jpg,Tomato_mold_leaf,Tomato_mold_leaf,0.9999979734420776,1,1.488215446472168,10.826583862304688,0.2113361358642578,12.530261993408203
dataset/test/Tomato_mold_leaf/IMG-20240727-WA0040_aug_56aug92.jpg,Tomato_mold_leaf,Tomato_mold_leaf,0.9998175501823425,1,1.4532155990600586,10.817008972167969,0.2139263153076172,12.48739242553711
dataset/test/Tomato_mold_leaf/IMG-20240727-WA0040_aug_57aug83.jpg,Tomato_mold_leaf,Tomato_mold_leaf,0.9999911785125732,1,1.4786596298217773,10.738306045532227,0.2185211181640625,12.439411163330078
dataset/test/Tomato_mold_leaf/IMG-20240727-WA0040_aug_58aug77.jpg,Tomato_mold_leaf,Tomato_mold_leaf,0.9999951124191284,1,1.5017147064208984,10.76817512512207,0.21735286712646484,12.491244316101074
dataset/test/Tomato_mold_leaf/IMG-20240727-WA0040_aug_59aug94.jpg,Tomato_mold_leaf,Tomato_mold_leaf,0.9999949932098389,1,1.5130863189697266,10.878305435180664,0.2242412567138672,12.6192626953125
dataset/test/Tomato_mold_leaf/IMG-20240727-WA0040aug14.jpg,Tomato_mold_leaf,Tomato_mold_leaf,0.9999970197677612,1,1.5720672607421875,9.240811347961426,0.15703868865966797,10.972898483276367
dataset/test/Tomato_mold_leaf/IMG-20240727-WA0124_aug_20aug54.jpg,Tomato_mold_leaf,Tomato_mold_leaf,0.9999992847442627,1,1.0421943664550781,7.594724655151367,0.1621875762939453,8.801880836486816
dataset/test/Tomato_mold_leaf/IMG-20240727-WA0124_aug_21aug38.jpg,Tomato_mold_leaf,Tomato_mold_leaf,0.9992560744285583,1,1.1650094985961914,7.46389102935791,0.16066837310791016,8.792196273803711
dataset/test/Tomato_mold_leaf/IMG-20240727-WA0124_aug_22aug31.jpg,Tomato_mold_leaf,Tomato_mold_leaf,0.9999889135360718,1,1.0734529495239258,7.58287239074707,0.16424274444580078,8.823198318481445
dataset/test/Tomato_mold_leaf/IMG-20240727-WA0124_aug_23aug55.jpg,Tomato_mold_leaf,Tomato_mold_leaf,0.9998267292976379,1,1.091268539428711,7.583001136779785,0.1731882095336914,8.851048469543457
dataset/test/Tomato_mold_leaf/IMG-20240727-WA0124aug5.jpg,Tomato_mold_leaf,Tomato_mold_leaf,0.9999966621398926,1,1.0832490921020508,7.589668273925781,0.16102027893066406,8.836771011352539
dataset/test/Tomato_mold_leaf/IMG-20240727-WA0153_aug_92aug58.jpg,Tomato_mold_leaf,Tomato_mold_leaf,0.9999909400939941,1,1.0613040924072266,7.496447563171387,0.16129779815673828,8.721604347229004
dataset/test/Tomato_mold_leaf/IMG-20240727-WA0153_aug_93aug60.jpg,Tomato_mold_leaf,Tomato_mold_leaf,0.9997387528419495,1,1.0826940536499023,7.616909980773926,0.1613903045654297,8.863531112670898
dataset/test/Tomato_mold_leaf/IMG-20240727-WA0153aug23.jpg,Tomato_mold_leaf,Tomato_mold_leaf,0.9998772144317627,1,1.0449714660644531,7.395817756652832,0.1618328094482422,8.6052885055542
dataset/test/Tomato_mold_leaf/IMG-20240727-WA0165aug25.jpg,Tomato_mold_leaf,Tomato_mold_leaf,0.999852180480957,1,1.0502300262451172,7.421873092651367,0.16222381591796875,8.636899948120117
dataset/test/Tomato_mold_leaf/IMG-20240728-WA0028_aug_64aug91.jpg,Tomato_mold_leaf,Tomato_mold_leaf,0.999998927116394,1,1.0470075607299805,7.552743911743164,0.1728534698486328,8.776030540466309
dataset/test/Tomato_mold_leaf/IMG-20240728-WA0028_aug_65aug86.jpg,Tomato_mold_leaf,Tomato_mold_leaf,0.9999992847442627,1,1.050766944885254,7.578150749206543,0.1750020980834961,8.807382583618164
dataset/test/Tomato_mold_leaf/IMG-20240728-WA0028_aug_66aug78.jpg,Tomato_mold_leaf,Tomato_mold_leaf,0.999995231628418,1,1.0879526138305664,8.034653663635254,0.16711139678955078,9.29216480255127
dataset/test/Tomato_mold_leaf/IMG-20240728-WA0028_aug_67aug99.jpg,Tomato_mold_leaf,Tomato_mold_leaf,0.9999861717224121,1,1.101898193359375,8.186285018920898,0.16846466064453125,9.459516525268555
dataset/test/Tomato_mold_leaf/IMG-20240728-WA0028aug16.jpg,Tomato_mold_leaf,Tomato_mold_leaf,0.9999953508377075,1,1.0925636291503906,7.920190811157227,0.16924190521240234,9.184829711914062
dataset/test/Tomato_mold_leaf/IMG-20240728-WA0068_aug_12aug29.jpg,Tomato_mold_leaf,Tomato_mold_leaf,0.9990594983100891,1,1.140305519104004,8.132100105285645,0.16907501220703125,9.443998336791992
dataset/test/Tomato_mold_leaf/IMG-20240728-WA0068_aug_13aug30.jpg,Tomato_mold_leaf,Tomato_mold_leaf,0.9999607801437378,1,1.105433464050293,8.035431861877441,0.1695575714111328,9.313201904296875
dataset/test/Tomato_mold_leaf/IMG-20240728-WA0068_aug_14aug56.jpg,Tomato_mold_leaf,Tomato_mold_leaf,0.9998061060905457,1,1.1089344024658203,8.075488090515137,0.16931533813476562,9.356496810913086
dataset/test/Tomato_mold_leaf/IMG-20240728-WA0068_aug_15aug42.jpg,Tomato_mold_leaf,Tomato_mold_leaf,0.9974960684776306,1,1.14923095703125,8.021857261657715,0.1687612533569336,9.342923164367676
dataset/test/Tomato_mold_leaf/IMG-20240728-WA0068aug3.jpg,Tomato_mold_leaf,Tomato_mold_leaf,0.9997233748435974,1,1.113490104675293,8.088414192199707,0.16931629180908203,9.373923301696777
dataset/test/Tomato_mold_leaf/IMG-20240728-WA0074_aug_44aug102.jpg,Tomato_mold_leaf,Tomato_mold_leaf,0.9999924898147583,1,1.128194808959961,7.9901533126831055,0.1805572509765625,9.302682876586914
dataset/test/Tomato_mold_leaf/IMG-20240728-WA0074_aug_45aug75.jpg,Tomato_mold_leaf,Tomato_mold_leaf,0.9999932050704956,1,1.1678428649902344,7.997672080993652,0.16811180114746094,9.33649730682373
dataset/test/Tomato_mold_leaf/IMG-20240728-WA0074_aug_46aug89.jpg,Tomato_mold_leaf,Tomato_mold_leaf,0.9999959468841553,1,1.1392135620117188,7.890874862670898,0.17103862762451172,9.203978538513184
dataset/test/Tomato_mold_leaf/IMG-20240728-WA0074_aug_47aug111.jpg,Tomato_mold_leaf,Tomato_mold_leaf,0.9999986886978149,1,1.1452322006225586,8.206432342529297,0.1789264678955078,9.533796310424805
dataset/test/Tomato_mold_leaf/IMG-20240728-WA0074aug11.jpg,Tomato_mold_leaf,Tomato_mold_leaf,0.9999874830245972,1,1.18780517578125,8.190285682678223,0.1790752410888672,9.560369491577148
dataset/test/Tomato_mold_leaf/IMG-20240728-WA0075aug24.jpg,Tomato_mold_leaf,Tomato_mold_leaf,0.9953815937042236,1,1.1400833129882812,8.208507537841797,0.17646408081054688,9.52811050415039
dataset/test/Tomato_mold_leaf/IMG-20240728-WA0087_aug_32aug113.jpg,Tomato_mold_leaf,Tomato_mold_leaf,0.9951004385948181,1,1.1560630798339844,8.041264533996582,0.21976089477539062,9.419628143310547
dataset/test/Tomato_mold_leaf/IMG-20240728-WA0087_aug_33aug112.jpg,Tomato_mold_leaf,Tomato_mold_leaf,0.9982520937919617,1,1.261880874633789,8.088321685791016,0.1712799072265625,9.524221420288086
dataset/test/Tomato_mold_leaf/IMG-20240728-WA0087_aug_34aug104.jpg,Tomato_mold_leaf,Tomato_mold_leaf,0.9911277294158936,1,1.2424535751342773,8.09193229675293,0.17039012908935547,9.507887840270996
dataset/test/Tomato_mold_leaf/IMG-20240728-WA0087_aug_35aug100.jpg,Tomato_mold_leaf,Tomato_mold_leaf,0.9869480133056641,1,1.1846199035644531,8.178044319152832,0.17013168334960938,9.535665512084961
dataset/test/Tomato_mold_leaf/IMG-20240728-WA0087aug8.jpg,Tomato_mold_leaf,Tomato_mold_leaf,0.9971160888671875,1,1.1542491912841797,8.240545272827148,0.16952037811279297,9.567055702209473
dataset/test/Tomato_mold_leaf/IMG-20240728-WA0093_aug_76aug90.jpg,Tomato_mold_leaf,Tomato_mold_leaf,0.9999988079071045,1,1.0976924896240234,8.228119850158691,0.17992687225341797,9.508925437927246
dataset/test/Tomato_mold_leaf/IMG-20240728-WA0093_aug_77aug68.jpg,Tomato_mold_leaf,Tomato_mold_leaf,0.999998927116394,1,1.1553421020507812,8.22072982788086,0.17035388946533203,9.548962593078613
dataset/test/Tomato_mold_leaf/IMG-20240728-WA0093_aug_78aug93.jpg,Tomato_mold_leaf,Tomato_mold_leaf,0.9999977350234985,1,1.0967493057250977,8.061266899108887,0.17568683624267578,9.336146354675293
dataset/test/Tomato_mold_leaf/IMG-20240728-WA0093_aug_79aug64.jpg,Tomato_mold_leaf,Tomato_mold_leaf,0.9999994039535522,1,1.0926933288574219,8.015321731567383,0.20298290252685547,9.313590049743652
dataset/test/Tomato_mold_leaf/IMG-20240728-WA0093aug19.jpg,Tomato_mold_leaf,Tomato_mold_leaf,0.9999994039535522,1,1.0845813751220703,7.921856880187988,0.16985225677490234,9.17886734008789
dataset/test/Tomato_mold_leaf/IMG-20240728-WA0101_aug_84aug73.jpg,Tomato_mold_leaf,Tomato_mold_leaf,0.9998968839645386,1,1.1407489776611328,7.975318908691406,0.18155670166015625,9.300904273986816
dataset/test/Tomato_mold_leaf/IMG-20240728-WA0101_aug_85aug72.jpg,Tomato_mold_leaf,Tomato_mold_leaf,0.9999865293502808,1,1.137415885925293,8.107952117919922,0.1665945053100586,9.414702415466309
dataset/test/Tomato_mold_leaf/IMG-20240728-WA0101_aug_86aug67.jpg,Tomato_mold_leaf,Tomato_mold_leaf,0.9998602867126465,1,1.1548233032226562,8.326859474182129,0.17357540130615234,9.657814979553223
dataset/test/Tomato_mold_leaf/IMG-20240728-WA0101_aug_87aug74.jpg,Tomato_mold_leaf,Tomato_mold_leaf,0.999994158744812,1,1.1447124481201172,8.064080238342285,0.1813344955444336,9.393813133239746
dataset/test/Tomato_mold_leaf/IMG-20240728-WA0101aug21.jpg,Tomato_mold_leaf,Tomato_mold_leaf,0.9997825026512146,1,1.1883058547973633,8.061488151550293,0.16670513153076172,9.419239044189453
dataset/test/Tomato_mold_leaf/IMG-20240728-WA0103_aug_48aug107.jpg,Tomato_mold_leaf,Tomato_mold_leaf,0.999627947807312,1,1.1340646743774414,7.972282409667969,0.17009353637695312,9.279182434082031
dataset/test/Tomato_mold_leaf/IMG-20240728-WA0103_aug_49aug76.jpg,Tomato_mold_leaf,Tomato_mold_leaf,0.9999432563781738,1,1.1444711685180664,7.973116874694824,0.1825389862060547,9.303589820861816
dataset/test/Tomato_mold_leaf/IMG-20240728-WA0103_aug_50aug114.jpg,Tomato_mold_leaf,Tomato_mold_leaf,0.9999628067016602,1,1.1878604888916016,7.936395645141602,0.16957378387451172,9.296571731567383
dataset/test/Tomato_mold_leaf/IMG-20240728-WA0103_aug_51aug84.jpg,Tomato_mold_leaf,Tomato_mold_leaf,0.9999555349349976,1,1.1382131576538086,10.769896507263184,0.2147045135498047,12.126259803771973
dataset/test/Tomato_mold_leaf/IMG-20240728-WA0103aug12.jpg,Tomato_mold_leaf,Tomato_mold_leaf,0.999968409538269,1,1.506678581237793,11.102622032165527,0.20714950561523438,12.819857597351074
dataset/test/Tomato_mold_leaf/IMG-20240812-WA0183_aug_88aug59.jpg,Tomato_mold_leaf,Tomato_Early_blight_leaf,0.9525535702705383,0,1.4699554443359375,11.72486686706543,0.2022418975830078,13.400120735168457
dataset/test/Tomato_mold_leaf/IMG-20240812-WA0183_aug_89aug61.jpg,Tomato_mold_leaf,Tomato_mold_leaf,0.3791964650154114,1,1.4924745559692383,11.288641929626465,0.20929813385009766,12.993674278259277
dataset/test/Tomato_mold_leaf/IMG-20240812-WA0183_aug_90aug63.jpg,Tomato_mold_leaf,Tomato_Early_blight_leaf,0.7288206815719604,0,1.4928264617919922,10.753822326660156,0.24342727661132812,12.493687629699707
dataset/test/Tomato_mold_leaf/IMG-20240812-WA0183_aug_91aug62.jpg,Tomato_mold_leaf,Tomato_Early_blight_leaf,0.8742735385894775,0,1.463362693786621,11.692403793334961,0.20911407470703125,13.36814022064209
dataset/test/Tomato_mold_leaf/IMG-20240812-WA0183aug22.jpg,Tomato_mold_leaf,Tomato_Early_blight_leaf,0.9257113337516785,0,1.6126794815063477,11.149105072021484,0.2049083709716797,12.969878196716309
dataset/test/Tomato_mold_leaf/IMG_20251102_155435_aug_24aug39.jpg,Tomato_mold_leaf,Tomato_Early_blight_leaf,0.9743629097938538,0,6.070917129516602,21.192255973815918,0.1712970733642578,27.437767028808594
dataset/test/Tomato_mold_leaf/IMG_20251102_155435_aug_25aug51.jpg,Tomato_mold_leaf,Tomato_Early_blight_leaf,0.9859224557876587,0,1.0829524993896484,9.855816841125488,0.165130615234375,11.10649299621582
dataset/test/Tomato_mold_leaf/IMG_20251102_155435_aug_26aug26.jpg,Tomato_mold_leaf,Tomato_Early_blight_leaf,0.9774148464202881,0,1.0920276641845703,8.0415620803833,0.1665935516357422,9.302663803100586
dataset/test/Tomato_mold_leaf/IMG_20251102_155435_aug_27aug52.jpg,Tomato_mold_leaf,Tomato_Early_blight_leaf,0.6196568012237549,0,1.0615644454956055,7.627076148986816,0.1717052459716797,8.86369800567627
dataset/test/Tomato_mold_leaf/IMG_20251102_155435aug6.jpg,Tomato_mold_leaf,Tomato_Early_blight_leaf,0.9279003739356995,0,1.1113433837890625,7.75028133392334,0.1648702621459961,9.029255867004395
dataset/test/Tomato_mold_leaf/Leaf+mold+tomato+_25283_2529.JPG_aug_36aug118.jpg,Tomato_mold_leaf,Tomato_Healthy_leaf,0.8713478446006775,0,1.1279535293579102,7.59702205657959,0.1620769500732422,8.88990306854248
dataset/test/Tomato_mold_leaf/Leaf+mold+tomato+_25283_2529.JPG_aug_37aug117.jpg,Tomato_mold_leaf,Tomato_Early_blight_leaf,0.47595542669296265,0,1.097712516784668,7.645503044128418,0.17720413208007812,8.923309326171875
dataset/test/Tomato_mold_leaf/Leaf+mold+tomato+_25283_2529.JPG_aug_38aug119.jpg,Tomato_mold_leaf,Tomato_Healthy_leaf,0.8351461291313171,0,1.1336936950683594,7.763152122497559,0.15894508361816406,9.058403015136719
dataset/test/Tomato_mold_leaf/Leaf+mold+tomato+_25283_2529.JPG_aug_39aug103.jpg,Tomato_mold_leaf,Tomato_Healthy_leaf,0.9680185914039612,0,1.148916244506836,7.482003211975098,0.20077896118164062,8.833715438842773
dataset/test/Tomato_mold_leaf/Leaf+mold+tomato+_25283_2529.JPGaug9.jpg,Tomato_mold_leaf,Tomato_Healthy_leaf,0.9376758933067322,0,1.136082649230957,7.498020172119141,0.1667041778564453,8.803271293640137
dataset/test/Tomato_mold_leaf/Leaf-mold-caused-by-the-fungal-pathogen-Passalore-fulva-in-tomatoes_aug_16aug33.jpg,Tomato_mold_leaf,Tomato_Septoria_leaf_spot,0.8650459051132202,0,1.0564346313476562,7.953930854797363,0.17672252655029297,9.190607070922852
dataset/test/Tomato_mold_leaf/Leaf-mold-caused-by-the-fungal-pathogen-Passalore-fulva-in-tomatoes_aug_17aug57.jpg,Tomato_mold_leaf,Tomato_Septoria_leaf_spot,0.958034873008728,0,1.1101932525634766,8.016727447509766,0.17733383178710938,9.307219505310059
dataset/test/Tomato_mold_leaf/Leaf-mold-caused-by-the-fungal-pathogen-Passalore-fulva-in-tomatoes_aug_18aug32.jpg,Tomato_mold_leaf,Tomato_Septoria_leaf_spot,0.9451351165771484,0,1.152359962463379,8.048210144042969,0.17027950286865234,9.373720169067383
dataset/test/Tomato_mold_leaf/Leaf-mold-caused-by-the-fungal-pathogen-Passalore-fulva-in-tomatoes_aug_19aug53.jpg,Tomato_mold_leaf,Tomato_Septoria_leaf_spot,0.8448171615600586,0,1.1056747436523438,8.056264877319336,0.16700267791748047,9.331534385681152
dataset/test/Tomato_mold_leaf/Leaf-mold-caused-by-the-fungal-pathogen-Passalore-fulva-in-tomatoesaug4.jpg,Tomato_mold_leaf,Tomato_mold_leaf,0.8592512011528015,1,1.1020469665527344,7.957338333129883,0.16820526123046875,9.230367660522461
dataset/test/Tomato_mold_leaf/leaf_mold_nightshade2x500_aug_60aug81.jpg,Tomato_mold_leaf,Tomato_mold_leaf,0.9791871309280396,1,1.1546201705932617,9.024216651916504,0.16757583618164062,10.349263191223145
dataset/test/Tomato_mold_leaf/leaf_mold_nightshade2x500_aug_61aug96.jpg,Tomato_mold_leaf,Tomato_mold_leaf,0.9986072182655334,1,1.1014900207519531,7.9381914138793945,0.16602039337158203,9.208420753479004
dataset/test/Tomato_mold_leaf/leaf_mold_nightshade2x500_aug_62aug85.jpg,Tomato_mold_leaf,Tomato_mold_leaf,0.9738757014274597,1,1.1482667922973633,8.149340629577637,0.16744518280029297,9.467813491821289
dataset/test/Tomato_mold_leaf/leaf_mold_nightshade2x500_aug_63aug88.jpg,Tomato_mold_leaf,Tomato_mold_leaf,0.991277813911438,1,1.1655454635620117,8.613566398620605,0.2431488037109375,10.025057792663574
dataset/test/Tomato_mold_leaf/leaf_mold_nightshade2x500aug15.jpg,Tomato_mold_leaf,Tomato_mold_leaf,0.9999164342880249,1,1.14117431640625,8.094079971313477,0.16542720794677734,9.403239250183105
dataset/test/Tomato_mold_leaf/leaf_mold_tomato5x1200_jpg.rf.0a5ee47c78e753f9580bfb7744438ebf_aug_52aug101.jpg,Tomato_mold_leaf,Tomato_mold_leaf,0.9999979734420776,1,1.1531753540039062,7.901431083679199,0.17046356201171875,9.227959632873535
dataset/test/Tomato_mold_leaf/leaf_mold_tomato5x1200_jpg.rf.0a5ee47c78e753f9580bfb7744438ebf_aug_53aug108.jpg,Tomato_mold_leaf,Tomato_mold_leaf,0.9999423027038574,1,1.136509895324707,8.274267196655273,0.16818523406982422,9.581591606140137
dataset/test/Tomato_mold_leaf/leaf_mold_tomato5x1200_jpg.rf.0a5ee47c78e753f9580bfb7744438ebf_aug_54aug115.jpg,Tomato_mold_leaf,Tomato_mold_leaf,0.9999983310699463,1,1.119267463684082,7.903487205505371,0.1737041473388672,9.199403762817383
dataset/test/Tomato_mold_leaf/leaf_mold_tomato5x1200_jpg.rf.0a5ee47c78e753f9580bfb7744438ebf_aug_55aug109.jpg,Tomato_mold_leaf,Tomato_mold_leaf,0.9999986886978149,1,1.1720647811889648,7.870913505554199,0.1838541030883789,9.229737281799316
dataset/test/Tomato_mold_leaf/leaf_mold_tomato5x1200_jpg.rf.0a5ee47c78e753f9580bfb7744438ebfaug13.jpg,Tomato_mold_leaf,Tomato_mold_leaf,0.9999877214431763,1,1.1130094528198242,7.782800674438477,0.1771860122680664,9.07608699798584
dataset/test/Tomato_mold_leaf/tomato_leaf-mold_04_zoom_aug_4aug36.jpg,Tomato_mold_leaf,Tomato_leaf_late_blight,0.6007316708564758,0,1.1413803100585938,7.847394943237305,0.17461299896240234,9.166460037231445
dataset/test/Tomato_mold_leaf/tomato_leaf-mold_04_zoom_aug_5aug48.jpg,Tomato_mold_leaf,Tomato_leaf_late_blight,0.5343071222305298,0,1.188934326171875,7.994617462158203,0.16648197174072266,9.352553367614746
dataset/test/Tomato_mold_leaf/tomato_leaf-mold_04_zoom_aug_6aug40.jpg,Tomato_mold_leaf,Tomato_leaf_late_blight,0.5061793327331543,0,1.1217689514160156,7.936820983886719,0.15933513641357422,9.220162391662598
dataset/test/Tomato_mold_leaf/tomato_leaf-mold_04_zoom_aug_7aug34.jpg,Tomato_mold_leaf,Tomato_leaf_late_blight,0.5659676790237427,0,1.1220273971557617,7.774949073791504,0.1741495132446289,9.074237823486328
dataset/test/Tomato_mold_leaf/tomato_leaf-mold_04_zoomaug1.jpg,Tomato_mold_leaf,Tomato_Septoria_leaf_spot,0.3944706916809082,0,1.1481399536132812,7.9160051345825195,0.16570472717285156,9.232606887817383
