image_path,true_class,predicted_class,confidence,correct,preprocess_ms,inference_ms,postprocess_ms,total_pipeline_ms
dataset/test/Tomato_Early_blight_leaf/100_46341_aug_5aug62.jpg,Tomato_Early_blight_leaf,Tomato_Early_blight_leaf,0.8661293983459473,1,1.1999530792236328,8.136127471923828,0.28235435485839844,9.622655868530273
dataset/test/Tomato_Early_blight_leaf/100_46341_aug_6aug64.jpg,Tomato_Early_blight_leaf,Tomato_Early_blight_leaf,0.9828073978424072,1,1.2178783416748047,8.196479797363281,0.21927833557128906,9.637101173400879
dataset/test/Tomato_Early_blight_leaf/100_46341_aug_7aug57.jpg,Tomato_Early_blight_leaf,Tomato_Early_blight_leaf,0.9828073978424072,1,1.176544189453125,8.12586784362793,0.19274139404296875,9.498191833496094
dataset/test/Tomato_Early_blight_leaf/100_46341_aug_8aug66.jpg,Tomato_Early_blight_leaf,Tomato_Early_blight_leaf,0.9102201461791992,1,1.237563133239746,8.353202819824219,0.22509479522705078,9.819341659545898
dataset/test/Tomato_Early_blight_leaf/100_46341_aug_9aug65.jpg,Tomato_Early_blight_leaf,Tomato_Early_blight_leaf,0.8951510190963745,1,1.215951919555664,8.214349746704102,0.20789051055908203,9.641230583190918
dataset/test/Tomato_Early_blight_leaf/100_46341aug1.jpg,Tomato_Early_blight_leaf,Tomato_Early_blight_leaf,0.9475052356719971,1,1.2441015243530273,8.07023811340332,0.1893901824951172,9.506211280822754
dataset/test/Tomato_Early_blight_leaf/1723454500663_aug_20aug39.jpg,Tomato_Early_blight_leaf,Tomato_Early_blight_leaf,0.9803916215896606,1,1.1854705810546875,8.108682632446289,0.19083404541015625,9.488228797912598
dataset/test/Tomato_Early_blight_leaf/1723454500663_aug_21aug35.jpg,Tomato_Early_blight_leaf,Tomato_Early_blight_leaf,0.9962965846061707,1,1.1405267715454102,8.083016395568848,0.19644737243652344,9.423154830932617
dataset/test/Tomato_Early_blight_leaf/1723454500663_aug_22aug51.jpg,Tomato_Early_blight_leaf,Tomato_Early_blight_leaf,0.9470304250717163,1,1.1351747512817383,8.128498077392578,0.17896652221679688,9.445876121520996
dataset/test/Tomato_Early_blight_leaf/1723454500663_aug_23aug33.jpg,Tomato_Early_blight_leaf,Tomato_Early_blight_leaf,0.9803916215896606,1,1.1749887466430664,8.142942428588867,0.17392730712890625,9.494895935058594
dataset/test/Tomato_Early_blight_leaf/1723454500663_aug_24aug50.jpg,Tomato_Early_blight_leaf,Tomato_Early_blight_leaf,0.9954402446746826,1,1.1422853469848633,8.083256721496582,0.15885257720947266,9.387118339538574
dataset/test/Tomato_Early_blight_leaf/1723454500663aug4.jpg,Tomato_Early_blight_leaf,Tomato_Early_blight_leaf,0.9968690276145935,1,1.1098766326904297,7.881811141967773,0.1794271469116211,9.174264907836914
dataset/test/Tomato_Early_blight_leaf/1723454507240aug20.jpg,Tomato_Early_blight_leaf,Tomato_Septoria_leaf_spot,0.7212563753128052,0,1.2893791198730469,8.025146484375,0.17307472229003906,9.490246772766113
dataset/test/Tomato_Early_blight_leaf/EB_(981)_aug_65aug107.jpg,Tomato_Early_blight_leaf,Tomato_Early_blight_leaf,0.9999754428863525,1,1.1728038787841797,8.015849113464355,0.1739816665649414,9.365172386169434
dataset/test/Tomato_Early_blight_leaf/EB_(981)_aug_66aug102.jpg,Tomato_Early_blight_leaf,Tomato_Early_blight_leaf,0.9999957084655762,1,1.1886186599731445,8.186406135559082,0.17624282836914062,9.55424976348877
dataset/test/Tomato_Early_blight_leaf/EB_(981)_aug_67aug101.jpg,Tomato_Early_blight_leaf,Tomato_Early_blight_leaf,0.9988986253738403,1,1.1563777923583984,8.062165260314941,0.17574214935302734,9.39696979522705
dataset/test/Tomato_Early_blight_leaf/EB_(981)_aug_68aug95.jpg,Tomato_Early_blight_leaf,Tomato_Early_blight_leaf,0.9999222755432129,1,1.1610078811645508,8.0065336227417,0.17253780364990234,9.343080520629883
dataset/test/Tomato_Early_blight_leaf/EB_(981)_aug_69aug97.jpg,Tomato_Early_blight_leaf,Tomato_Early_blight_leaf,0.984749436378479,1,1.2287492752075195,7.96490478515625,0.1713714599609375,9.367691040039062
dataset/test/Tomato_Early_blight_leaf/EB_(981)aug13.jpg,Tomato_Early_blight_leaf,Tomato_Early_blight_leaf,0.9921063184738159,1,1.150710105895996,7.951887130737305,0.17546367645263672,9.280765533447266
dataset/test/Tomato_Early_blight_leaf/Early-blight-660x440_aug_0aug61.jpg,Tomato_Early_blight_leaf,Tomato_Early_blight_leaf,0.9984569549560547,1,1.1417293548583984,8.225740432739258,0.16883468627929688,9.5384521484375
dataset/test/Tomato_Early_blight_leaf/Early-blight-660x440_aug_1aug59.jpg,Tomato_Early_blight_leaf,Tomato_Early_blight_leaf,0.9980317950248718,1,1.1657676696777344,7.842255592346191,0.17481613159179688,9.185450553894043
dataset/test/Tomato_Early_blight_leaf/Early-blight-660x440_aug_2aug63.jpg,Tomato_Early_blight_leaf,Tomato_Early_blight_leaf,0.9986993074417114,1,1.2495079040527344,7.7279205322265625,0.17409420013427734,9.15404224395752
dataset/test/Tomato_Early_blight_leaf/Early-blight-660x440_aug_3aug60.jpg,Tomato_Early_blight_leaf,Tomato_Early_blight_leaf,0.9981653094291687,1,1.2709903717041016,8.061349868774414,0.17279815673828125,9.507711410522461
dataset/test/Tomato_Early_blight_leaf/Early-blight-660x440_aug_4aug58.jpg,Tomato_Early_blight_leaf,Tomato_Early_blight_leaf,0.9986481070518494,1,1.2228775024414062,7.900570869445801,0.1738901138305664,9.30024528503418
dataset/test/Tomato_Early_blight_leaf/Early-blight-660x440aug0.jpg,Tomato_Early_blight_leaf,Tomato_Early_blight_leaf,0.9987627267837524,1,1.1450634002685547,7.956997871398926,0.1703348159790039,9.27545166015625
dataset/test/Tomato_Early_blight_leaf/Gls42_change_180_aug_70aug100.jpg,Tomato_Early_blight_leaf,Tomato_Early_blight_leaf,0.9996579885482788,1,1.1047849655151367,8.030533790588379,0.17218589782714844,9.310358047485352
dataset/test/Tomato_Early_blight_leaf/Gls42_change_180_aug_71aug109.jpg,Tomato_Early_blight_leaf,Tomato_Early_blight_leaf,0.9993220567703247,1,1.155247688293457,7.9410905838012695,0.1759634017944336,9.275321006774902
dataset/test/Tomato_Early_blight_leaf/Gls42_change_180_aug_72aug104.jpg,Tomato_Early_blight_leaf,Tomato_Early_blight_leaf,0.9986326098442078,1,1.1173782348632812,8.121203422546387,0.18846416473388672,9.429987907409668
dataset/test/Tomato_Early_blight_leaf/Gls42_change_180_aug_73aug94.jpg,Tomato_Early_blight_leaf,Tomato_Early_blight_leaf,0.9993525147438049,1,1.1111564636230469,8.107423782348633,0.17244434356689453,9.394136428833008
dataset/test/Tomato_Early_blight_leaf/Gls42_change_180_aug_74aug108.jpg,Tomato_Early_blight_leaf,Tomato_Early_blight_leaf,0.9988090991973877,1,1.1499881744384766,7.928366661071777,0.17287063598632812,9.254154205322266
dataset/test/Tomato_Early_blight_leaf/Gls42_change_180aug14.jpg,Tomato_Early_blight_leaf,Tomato_Early_blight_leaf,0.9994827508926392,1,1.1038217544555664,7.960773468017578,0.17026233673095703,9.237858772277832
dataset/test/Tomato_Early_blight_leaf/Gls4_mirror_aug_60aug93.jpg,Tomato_Early_blight_leaf,Tomato_Early_blight_leaf,0.9998419284820557,1,1.0881738662719727,8.425000190734863,0.16537094116210938,9.681341171264648
dataset/test/Tomato_Early_blight_leaf/Gls4_mirror_aug_61aug98.jpg,Tomato_Early_blight_leaf,Tomato_Early_blight_leaf,0.9997358918190002,1,1.1056556701660156,7.790699005126953,0.17316913604736328,9.072540283203125
dataset/test/Tomato_Early_blight_leaf/Gls4_mirror_aug_62aug91.jpg,Tomato_Early_blight_leaf,Tomato_Early_blight_leaf,0.9998553991317749,1,1.1873798370361328,7.871644020080566,0.1802043914794922,9.242060661315918
dataset/test/Tomato_Early_blight_leaf/Gls4_mirror_aug_63aug110.jpg,Tomato_Early_blight_leaf,Tomato_Early_blight_leaf,0.9998302459716797,1,1.0762662887573242,8.2879638671875,0.17340946197509766,9.54059886932373
dataset/test/Tomato_Early_blight_leaf/Gls4_mirror_aug_64aug105.jpg,Tomato_Early_blight_leaf,Tomato_Early_blight_leaf,0.9999485015869141,1,1.1282663345336914,7.957737922668457,0.18114948272705078,9.27057933807373
dataset/test/Tomato_Early_blight_leaf/Gls4_mirror_vertical_aug_25aug37.jpg,Tomato_Early_blight_leaf,Tomato_Early_blight_leaf,0.9990334510803223,1,1.0934696197509766,8.015422821044922,0.17359352111816406,9.285578727722168
dataset/test/Tomato_Early_blight_leaf/Gls4_mirror_vertical_aug_26aug41.jpg,Tomato_Early_blight_leaf,Tomato_Early_blight_leaf,0.98829585313797,1,1.0800247192382812,7.941644668579102,0.17385292053222656,9.198578834533691
dataset/test/Tomato_Early_blight_leaf/Gls4_mirror_vertical_aug_27aug40.jpg,Tomato_Early_blight_leaf,Tomato_Early_blight_leaf,0.999904990196228,1,1.1387481689453125,8.1030912399292,0.17272472381591797,9.4173583984375
dataset/test/Tomato_Early_blight_leaf/Gls4_mirror_vertical_aug_28aug36.jpg,Tomato_Early_blight_leaf,Tomato_Early_blight_leaf,0.9998774528503418,1,1.1048030853271484,8.083775520324707,0.17126178741455078,9.362691879272461
dataset/test/Tomato_Early_blight_leaf/Gls4_mirror_vertical_aug_29aug42.jpg,Tomato_Early_blight_leaf,Tomato_Early_blight_leaf,0.9989564418792725,1,1.1130809783935547,8.0938138961792,0.1626119613647461,9.371709823608398
dataset/test/Tomato_Early_blight_leaf/Gls4_mirror_verticalaug5.jpg,Tomato_Early_blight_leaf,Tomato_Early_blight_leaf,0.9996877908706665,1,1.112100601196289,7.944664001464844,0.17220592498779297,9.231504440307617
dataset/test/Tomato_Early_blight_leaf/Gls4_mirroraug12.jpg,Tomato_Early_blight_leaf,Tomato_Early_blight_leaf,0.9999135732650757,1,1.2095813751220703,7.9527740478515625,0.17470359802246094,9.339635848999023
dataset/test/Tomato_Early_blight_leaf/IMG-20240812-WA0445_aug_40aug23.jpg,Tomato_Early_blight_leaf,Tomato_mold_leaf,0.6380298733711243,0,1.1690988540649414,8.021700859069824,0.17481708526611328,9.368598937988281
dataset/test/Tomato_Early_blight_leaf/IMG-20240812-WA0445_aug_41aug28.jpg,Tomato_Early_blight_leaf,Tomato_mold_leaf,0.5272900462150574,0,1.2097129821777344,8.176405906677246,0.17455673217773438,9.56337833404541
dataset/test/Tomato_Early_blight_leaf/IMG-20240812-WA0445_aug_42aug21.jpg,Tomato_Early_blight_leaf,Tomato_Early_blight_leaf,0.4894813001155853,1,1.170414924621582,8.08190631866455,0.17529678344726562,9.430469512939453
dataset/test/Tomato_Early_blight_leaf/IMG-20240812-WA0445_aug_43aug24.jpg,Tomato_Early_blight_leaf,Tomato_Early_blight_leaf,0.7095824480056763,1,1.2146739959716797,8.171406745910645,0.18011188507080078,9.56985855102539
dataset/test/Tomato_Early_blight_leaf/IMG-20240812-WA0445_aug_44aug22.jpg,Tomato_Early_blight_leaf,Tomato_Early_blight_leaf,0.8559205532073975,1,1.24432373046875,8.110442161560059,0.1753530502319336,9.533025741577148
dataset/test/Tomato_Early_blight_leaf/IMG-20240812-WA0445aug8.jpg,Tomato_Early_blight_leaf,Tomato_Early_blight_leaf,0.6436355710029602,1,1.195897102355957,8.212702751159668,0.17633533477783203,9.5877103805542
dataset/test/Tomato_Early_blight_leaf/IMG20240812111749_aug_90aug80.jpg,Tomato_Early_blight_leaf,Tomato_mold_leaf,0.9981285929679871,0,1.3084726333618164,8.251127243041992,0.17794418334960938,9.740175247192383
dataset/test/Tomato_Early_blight_leaf/IMG20240812111749_aug_91aug77.jpg,Tomato_Early_blight_leaf,Tomato_mold_leaf,0.9932194352149963,0,1.2815265655517578,8.274740219116211,0.17555618286132812,9.734620094299316
dataset/test/Tomato_Early_blight_leaf/IMG20240812111749_aug_92aug73.jpg,Tomato_Early_blight_leaf,Tomato_mold_leaf,0.9994063377380371,0,1.222712516784668,8.223609924316406,0.21105670928955078,9.660285949707031
dataset/test/Tomato_Early_blight_leaf/IMG20240812111749_aug_93aug71.jpg,Tomato_Early_blight_leaf,Tomato_mold_leaf,0.9996125102043152,0,1.218785285949707,8.281091690063477,0.17496395111083984,9.67774772644043
dataset/test/Tomato_Early_blight_leaf/IMG20240812111749_aug_94aug74.jpg,Tomato_Early_blight_leaf,Tomato_mold_leaf,0.9905908703804016,0,1.2874526977539062,8.197720527648926,0.17713069915771484,9.665416717529297
dataset/test/Tomato_Early_blight_leaf/IMG20240812111749aug18.jpg,Tomato_Early_blight_leaf,Tomato_mold_leaf,0.9930896162986755,0,1.320267677307129,8.494072914123535,0.17409420013427734,9.991750717163086
dataset/test/Tomato_Early_blight_leaf/IMG_20251102_155150_aug_30aug34.jpg,Tomato_Early_blight_leaf,Tomato_Early_blight_leaf,1.0,1,1.1752300262451172,8.054089546203613,0.17594528198242188,9.408211708068848
dataset/test/Tomato_Early_blight_leaf/IMG_20251102_155150_aug_31aug43.jpg,Tomato_Early_blight_leaf,Tomato_Early_blight_leaf,0.9999998807907104,1,1.1480627059936523,8.225035667419434,0.17581558227539062,9.551563262939453
dataset/test/Tomato_Early_blight_leaf/IMG_20251102_155150_aug_32aug44.jpg,Tomato_Early_blight_leaf,Tomato_Early_blight_leaf,0.9999998807907104,1,1.1826181411743164,8.249832153320312,0.19422435760498047,9.62924861907959
dataset/test/Tomato_Early_blight_leaf/IMG_20251102_155150_aug_33aug38.jpg,Tomato_Early_blight_leaf,Tomato_Early_blight_leaf,0.9999997615814209,1,1.166285514831543,8.27220344543457,0.18087196350097656,9.622451782226562
dataset/test/Tomato_Early_blight_leaf/IMG_20251102_155150_aug_34aug32.jpg,Tomato_Early_blight_leaf,Tomato_Early_blight_leaf,0.9999998807907104,1,1.176081657409668,8.071980476379395,0.17268753051757812,9.423803329467773
dataset/test/Tomato_Early_blight_leaf/IMG_20251102_155150aug6.jpg,Tomato_Early_blight_leaf,Tomato_Early_blight_leaf,1.0,1,1.128824234008789,8.123794555664062,0.1905384063720703,9.446081161499023
dataset/test/Tomato_Early_blight_leaf/IMG_20251102_155153_aug_85aug72.jpg,Tomato_Early_blight_leaf,Tomato_Early_blight_leaf,0.9999990463256836,1,1.1671934127807617,8.063109397888184,0.17359447479248047,9.406710624694824
dataset/test/Tomato_Early_blight_leaf/IMG_20251102_155153_aug_86aug78.jpg,Tomato_Early_blight_leaf,Tomato_Early_blight_leaf,0.9999686479568481,1,1.2149896621704102,8.127238273620605,0.1730194091796875,9.518155097961426
dataset/test/Tomato_Early_blight_leaf/IMG_20251102_155153_aug_87aug76.jpg,Tomato_Early_blight_leaf,Tomato_Early_blight_leaf,0.9999986886978149,1,1.1784162521362305,8.080683708190918,0.17974185943603516,9.442228317260742
dataset/test/Tomato_Early_blight_leaf/IMG_20251102_155153_aug_88aug79.jpg,Tomato_Early_blight_leaf,Tomato_Early_blight_leaf,0.9999996423721313,1,1.2191572189331055,8.148425102233887,0.17711257934570312,9.547710418701172
dataset/test/Tomato_Early_blight_leaf/IMG_20251102_155153_aug_89aug75.jpg,Tomato_Early_blight_leaf,Tomato_Early_blight_leaf,0.9999997615814209,1,1.1232843399047852,8.179591178894043,0.1745758056640625,9.480302810668945
dataset/test/Tomato_Early_blight_leaf/IMG_20251102_155153aug17.jpg,Tomato_Early_blight_leaf,Tomato_Early_blight_leaf,0.9999914169311523,1,1.1711931228637695,8.102888107299805,0.17151927947998047,9.448822975158691
dataset/test/Tomato_Early_blight_leaf/IMG_20251102_155207_aug_10aug47.jpg,Tomato_Early_blight_leaf,Tomato_Early_blight_leaf,0.9998784065246582,1,1.1757850646972656,8.08997917175293,0.16274261474609375,9.430802345275879
dataset/test/Tomato_Early_blight_leaf/IMG_20251102_155207_aug_11aug56.jpg,Tomato_Early_blight_leaf,Tomato_Early_blight_leaf,0.9991376399993896,1,1.1242303848266602,7.934292793273926,0.1731853485107422,9.234541893005371
dataset/test/Tomato_Early_blight_leaf/IMG_20251102_155207_aug_12aug45.jpg,Tomato_Early_blight_leaf,Tomato_Early_blight_leaf,0.9993155002593994,1,1.2626752853393555,7.8846435546875,0.1875753402709961,9.33763599395752
dataset/test/Tomato_Early_blight_leaf/IMG_20251102_155207_aug_13aug48.jpg,Tomato_Early_blight_leaf,Tomato_Early_blight_leaf,0.9999357461929321,1,1.1459894180297852,8.088887214660645,0.17270469665527344,9.410116195678711
dataset/test/Tomato_Early_blight_leaf/IMG_20251102_155207_aug_14aug49.jpg,Tomato_Early_blight_leaf,Tomato_Early_blight_leaf,0.9989945292472839,1,1.1522302627563477,8.095775604248047,0.17383384704589844,9.424579620361328
dataset/test/Tomato_Early_blight_leaf/IMG_20251102_155207aug2.jpg,Tomato_Early_blight_leaf,Tomato_Early_blight_leaf,0.9982081651687622,1,1.1591367721557617,8.153849601745605,0.17364978790283203,9.489710807800293
dataset/test/Tomato_Early_blight_leaf/IMG_20251102_155305_aug_35aug25.jpg,Tomato_Early_blight_leaf,Tomato_Early_blight_leaf,0.9853616952896118,1,1.1878414154052734,8.671928405761719,0.1757030487060547,10.038492202758789
dataset/test/Tomato_Early_blight_leaf/IMG_20251102_155305_aug_36aug27.jpg,Tomato_Early_blight_leaf,Tomato_Early_blight_leaf,0.9832842946052551,1,1.1437854766845703,8.404610633850098,0.1717233657836914,9.723508834838867
dataset/test/Tomato_Early_blight_leaf/IMG_20251102_155305_aug_37aug29.jpg,Tomato_Early_blight_leaf,Tomato_Early_blight_leaf,0.9703108668327332,1,1.2046566009521484,8.245516777038574,0.17563152313232422,9.628471374511719
dataset/test/Tomato_Early_blight_leaf/IMG_20251102_155305_aug_38aug31.jpg,Tomato_Early_blight_leaf,Tomato_Early_blight_leaf,0.967485249042511,1,1.136897087097168,8.921464920043945,0.17655658721923828,10.238346099853516
dataset/test/Tomato_Early_blight_leaf/IMG_20251102_155305_aug_39aug26.jpg,Tomato_Early_blight_leaf,Tomato_Early_blight_leaf,0.9637582898139954,1,1.196786880493164,8.19766616821289,0.17540836334228516,9.572988510131836
dataset/test/Tomato_Early_blight_leaf/IMG_20251102_155305aug7.jpg,Tomato_Early_blight_leaf,Tomato_Early_blight_leaf,0.9455215930938721,1,1.1832666397094727,16.231218338012695,0.25818634033203125,17.67567253112793
dataset/test/Tomato_Early_blight_leaf/IMG_20251102_155853_aug_55aug106.jpg,Tomato_Early_blight_leaf,Tomato_leaf_late_blight,0.9831761121749878,0,1.3349542617797852,10.578717231750488,0.17609310150146484,12.09296989440918
dataset/test/Tomato_Early_blight_leaf/IMG_20251102_155853_aug_56aug92.jpg,Tomato_Early_blight_leaf,Tomato_leaf_late_blight,0.9999918937683105,0,1.199563980102539,11.108203887939453,0.1755199432373047,12.486618995666504
dataset/test/Tomato_Early_blight_leaf/IMG_20251102_155853_aug_57aug96.jpg,Tomato_Early_blight_leaf,Tomato_leaf_late_blight,0.9999185800552368,0,1.487436294555664,8.837114334106445,0.17805767059326172,10.506125450134277
dataset/test/Tomato_Early_blight_leaf/IMG_20251102_155853_aug_58aug103.jpg,Tomato_Early_blight_leaf,Tomato_leaf_late_blight,0.9999957084655762,0,1.1608238220214844,8.787983894348145,0.17846393585205078,10.130584716796875
dataset/test/Tomato_Early_blight_leaf/IMG_20251102_155853_aug_59aug99.jpg,Tomato_Early_blight_leaf,Tomato_leaf_late_blight,0.9898895621299744,0,1.2019529342651367,8.22488784790039,0.18214893341064453,9.612397193908691
dataset/test/Tomato_Early_blight_leaf/IMG_20251102_155853aug11.jpg,Tomato_Early_blight_leaf,Tomato_leaf_late_blight,0.9999874830245972,0,1.1670265197753906,8.313516616821289,0.17568492889404297,9.659451484680176
dataset/test/Tomato_Early_blight_leaf/IMG_20251102_160046_aug_95aug70.jpg,Tomato_Early_blight_leaf,Tomato_Early_blight_leaf,0.9869028329849243,1,1.2129526138305664,8.245203018188477,0.1801319122314453,9.641064643859863
dataset/test/Tomato_Early_blight_leaf/IMG_20251102_160046_aug_96aug69.jpg,Tomato_Early_blight_leaf,Tomato_Early_blight_leaf,0.9994052648544312,1,1.197896957397461,8.277276992797852,0.1752777099609375,9.653266906738281
dataset/test/Tomato_Early_blight_leaf/IMG_20251102_160046_aug_97aug67.jpg,Tomato_Early_blight_leaf,Tomato_Early_blight_leaf,0.9945647716522217,1,1.210860252380371,8.29573917388916,0.1750192642211914,9.684378623962402
dataset/test/Tomato_Early_blight_leaf/IMG_20251102_160046_aug_98aug68.jpg,Tomato_Early_blight_leaf,Tomato_Early_blight_leaf,0.9996215105056763,1,1.1851558685302734,8.270962715148926,0.16579723358154297,9.624692916870117
dataset/test/Tomato_Early_blight_leaf/IMG_20251102_160046aug19.jpg,Tomato_Early_blight_leaf,Tomato_Early_blight_leaf,0.999519944190979,1,1.1686735153198242,7.931735992431641,0.17672252655029297,9.279634475708008
dataset/test/Tomato_Early_blight_leaf/IMG_20251102_160055_aug_15aug53.jpg,Tomato_Early_blight_leaf,Tomato_Early_blight_leaf,0.9999988079071045,1,1.2942123413085938,7.96483039855957,0.17376041412353516,9.435469627380371
dataset/test/Tomato_Early_blight_leaf/IMG_20251102_160055_aug_16aug55.jpg,Tomato_Early_blight_leaf,Tomato_Early_blight_leaf,0.9999881982803345,1,1.2563791275024414,7.92368221282959,0.17637062072753906,9.35908031463623
dataset/test/Tomato_Early_blight_leaf/IMG_20251102_160055_aug_17aug46.jpg,Tomato_Early_blight_leaf,Tomato_Early_blight_leaf,0.9999982118606567,1,1.1406364440917969,8.08564567565918,0.17601966857910156,9.404951095581055
dataset/test/Tomato_Early_blight_leaf/IMG_20251102_160055_aug_18aug54.jpg,Tomato_Early_blight_leaf,Tomato_Early_blight_leaf,0.9999890327453613,1,1.1584339141845703,8.166794776916504,0.17609405517578125,9.50413703918457
dataset/test/Tomato_Early_blight_leaf/IMG_20251102_160055_aug_19aug52.jpg,Tomato_Early_blight_leaf,Tomato_Early_blight_leaf,0.9999980926513672,1,1.1302108764648438,8.158406257629395,0.17516803741455078,9.467024803161621
dataset/test/Tomato_Early_blight_leaf/IMG_20251102_160055aug3.jpg,Tomato_Early_blight_leaf,Tomato_Early_blight_leaf,0.9999988079071045,1,1.1375999450683594,9.08885669708252,0.1759634017944336,10.405364036560059
dataset/test/Tomato_Early_blight_leaf/IMG_20251102_160217_aug_75aug82.jpg,Tomato_Early_blight_leaf,Tomato_Early_blight_leaf,0.9998562335968018,1,1.1443042755126953,8.287720680236816,0.17533493041992188,9.610286712646484
dataset/test/Tomato_Early_blight_leaf/IMG_20251102_160217_aug_76aug83.jpg,Tomato_Early_blight_leaf,Tomato_Early_blight_leaf,0.9997357726097107,1,1.1855640411376953,8.165590286254883,0.21320533752441406,9.56732177734375
dataset/test/Tomato_Early_blight_leaf/IMG_20251102_160217_aug_77aug90.jpg,Tomato_Early_blight_leaf,Tomato_Early_blight_leaf,0.9999603033065796,1,1.1382484436035156,8.115942001342773,0.1748332977294922,9.43204402923584
dataset/test/Tomato_Early_blight_leaf/IMG_20251102_160217_aug_78aug81.jpg,Tomato_Early_blight_leaf,Tomato_Early_blight_leaf,0.9998844861984253,1,1.1413793563842773,8.734742164611816,0.21157455444335938,10.091233253479004
dataset/test/Tomato_Early_blight_leaf/IMG_20251102_160217_aug_79aug86.jpg,Tomato_Early_blight_leaf,Tomato_Early_blight_leaf,0.9998747110366821,1,1.5384178161621094,10.886072158813477,0.2333536148071289,12.661250114440918
dataset/test/Tomato_Early_blight_leaf/IMG_20251102_160217aug15.jpg,Tomato_Early_blight_leaf,Tomato_Early_blight_leaf,0.9998818635940552,1,1.4815645217895508,10.960684776306152,0.21625995635986328,12.662324905395508
dataset/test/Tomato_Early_blight_leaf/IMG_20251102_160523_aug_50aug114.jpg,Tomato_Early_blight_leaf,Tomato_Early_blight_leaf,0.9947890043258667,1,1.5676946640014648,10.948127746582031,0.21268749237060547,12.732083320617676
dataset/test/Tomato_Early_blight_leaf/IMG_20251102_160523_aug_51aug111.jpg,Tomato_Early_blight_leaf,Tomato_Early_blight_leaf,0.999700665473938,1,1.6716585159301758,10.869831085205078,0.2147045135498047,12.760509490966797
dataset/test/Tomato_Early_blight_leaf/IMG_20251102_160523_aug_52aug112.jpg,Tomato_Early_blight_leaf,Tomato_Early_blight_leaf,0.970353364944458,1,1.677474021911621,10.93603515625,0.2153167724609375,12.832880020141602
dataset/test/Tomato_Early_blight_leaf/IMG_20251102_160523_aug_53aug115.jpg,Tomato_Early_blight_leaf,Tomato_Early_blight_leaf,0.9995988011360168,1,1.614029884338379,11.207685470581055,0.21579933166503906,13.041566848754883
dataset/test/Tomato_Early_blight_leaf/IMG_20251102_160523_aug_54aug113.jpg,Tomato_Early_blight_leaf,Tomato_Early_blight_leaf,0.9969483017921448,1,1.546565055847168,10.887832641601562,0.2120199203491211,12.650343894958496
dataset/test/Tomato_Early_blight_leaf/IMG_20251102_160523aug10.jpg,Tomato_Early_blight_leaf,Tomato_Early_blight_leaf,0.9952131509780884,1,1.5808076858520508,10.277271270751953,0.17287063598632812,12.034041404724121
dataset/test/Tomato_Early_blight_leaf/IMG_20251102_161202_aug_45aug118.jpg,Tomato_Early_blight_leaf,Tomato_Early_blight_leaf,0.9981659054756165,1,1.2307300567626953,8.023423194885254,0.17516708374023438,9.432098388671875
dataset/test/Tomato_Early_blight_leaf/IMG_20251102_161202_aug_46aug116.jpg,Tomato_Early_blight_leaf,Tomato_Early_blight_leaf,0.9981659054756165,1,1.1929712295532227,8.065960884094238,0.1745758056640625,9.436636924743652
dataset/test/Tomato_Early_blight_leaf/IMG_20251102_161202_aug_47aug117.jpg,Tomato_Early_blight_leaf,Tomato_Early_blight_leaf,0.9960987567901611,1,1.2431554794311523,8.157498359680176,0.17642784118652344,9.579803466796875
dataset/test/Tomato_Early_blight_leaf/IMG_20251102_161202_aug_48aug30.jpg,Tomato_Early_blight_leaf,Tomato_Early_blight_leaf,0.9988076686859131,1,1.1968603134155273,8.099369049072266,0.17416858673095703,9.473526000976562
dataset/test/Tomato_Early_blight_leaf/IMG_20251102_161202_aug_49aug119.jpg,Tomato_Early_blight_leaf,Tomato_Early_blight_leaf,0.9981383085250854,1,1.2303781509399414,8.159164428710938,0.17300128936767578,9.5654878616333
dataset/test/Tomato_Early_blight_leaf/IMG_20251102_161202aug9.jpg,Tomato_Early_blight_leaf,Tomato_Early_blight_leaf,0.9991864562034607,1,1.2008790969848633,8.216590881347656,0.17470455169677734,9.595062255859375
dataset/test/Tomato_Early_blight_leaf/early_blight_jpg.rf.1091c0a2a9a3da5b9ad688c89298614c_aug_80aug87.jpg,Tomato_Early_blight_leaf,Tomato_Early_blight_leaf,0.9964588284492493,1,1.1392297744750977,8.083922386169434,0.1742420196533203,9.400581359863281
dataset/test/Tomato_Early_blight_leaf/early_blight_jpg.rf.1091c0a2a9a3da5b9ad688c89298614c_aug_81aug84.jpg,Tomato_Early_blight_leaf,Tomato_Early_blight_leaf,0.9992738366127014,1,1.1896381378173828,8.099108695983887,0.17531585693359375,9.466766357421875
dataset/test/Tomato_Early_blight_leaf/early_blight_jpg.rf.1091c0a2a9a3da5b9ad688c89298614c_aug_82aug89.jpg,Tomato_Early_blight_leaf,Tomato_Early_blight_leaf,0.9986067414283752,1,1.154952049255371,8.116979598999023,0.1740579605102539,9.449228286743164
dataset/test/Tomato_Early_blight_leaf/early_blight_jpg.rf.1091c0a2a9a3da5b9ad688c89298614c_aug_83aug85.jpg,Tomato_Early_blight_leaf,Tomato_Early_blight_leaf,0.999713122844696,1,1.2896385192871094,8.120664596557617,0.22198200225830078,9.635174751281738
dataset/test/Tomato_Early_blight_leaf/early_blight_jpg.rf.1091c0a2a9a3da5b9ad688c89298614c_aug_84aug88.jpg,Tomato_Early_blight_leaf,Tomato_Early_blight_leaf,0.9985978007316589,1,1.1583232879638672,8.233500480651855,0.17438983917236328,9.56900691986084
dataset/test/Tomato_Early_blight_leaf/early_blight_jpg.rf.1091c0a2a9a3da5b9ad688c89298614caug16.jpg,Tomato_Early_blight_leaf,Tomato_Early_blight_leaf,0.9999511241912842,1,1.1701183319091797,8.270387649536133,0.1660013198852539,9.609119415283203
dataset/test/Tomato_Healthy_leaf/20140818-tomato-sauce-vicky-wasik-1_jpg.rf.d3d9b4a0642e72ba76b40dbdfff8b9f7_aug_6aug50.jpg,Tomato_Healthy_leaf,Tomato_Healthy_leaf,0.9994307160377502,1,1.1448402404785156,8.256647109985352,0.3344268798828125,9.738804817199707
dataset/test/Tomato_Healthy_leaf/20140818-tomato-sauce-vicky-wasik-1_jpg.rf.d3d9b4a0642e72ba76b40dbdfff8b9f7_aug_7aug56.jpg,Tomato_Healthy_leaf,Tomato_Healthy_leaf,0.9993334412574768,1,1.0802116394042969,8.078831672668457,0.17837142944335938,9.340746879577637
dataset/test/Tomato_Healthy_leaf/20140818-tomato-sauce-vicky-wasik-1_jpg.rf.d3d9b4a0642e72ba76b40dbdfff8b9f7aug3.jpg,Tomato_Healthy_leaf,Tomato_Healthy_leaf,0.9971581697463989,1,1.2286376953125,8.064460754394531,0.17511272430419922,9.470988273620605
dataset/test/Tomato_Healthy_leaf/2015-09-17-01_aug_20aug110.jpg,Tomato_Healthy_leaf,Tomato_Healthy_leaf,0.5814163088798523,1,1.194192886352539,8.608963012695312,0.17720603942871094,9.983733177185059
dataset/test/Tomato_Healthy_leaf/2015-09-17-01_aug_21aug114.jpg,Tomato_Healthy_leaf,Tomato_leaf_yellow_curl_virus,0.7404913902282715,0,1.1949701309204102,8.23251724243164,0.17879772186279297,9.609007835388184
dataset/test/Tomato_Healthy_leaf/2015-09-17-01aug10.jpg,Tomato_Healthy_leaf,Tomato_leaf_yellow_curl_virus,0.9975153207778931,0,1.1844892501831055,8.26394271850586,0.17766666412353516,9.62902545928955
dataset/test/Tomato_Healthy_leaf/Basil_2Binfected_2Bby_2BTomato_2BSpotted_2BWilt_2BVirus_aug_2aug59.jpg,Tomato_Healthy_leaf,Tomato_leaf_late_blight,0.4196406900882721,0,1.135080337524414,8.289665222167969,0.17565059661865234,9.6034517288208
dataset/test/Tomato_Healthy_leaf/Basil_2Binfected_2Bby_2BTomato_2BSpotted_2BWilt_2BVirus_aug_3aug51.jpg,Tomato_Healthy_leaf,Tomato_leaf_late_blight,0.903529167175293,0,1.1353034973144531,8.284109115600586,0.18926048278808594,9.612008094787598
dataset/test/Tomato_Healthy_leaf/Basil_2Binfected_2Bby_2BTomato_2BSpotted_2BWilt_2BVirusaug1.jpg,Tomato_Healthy_leaf,Tomato_leaf_late_blight,0.8228665590286255,0,1.1381187438964844,8.4714994430542,0.21420574188232422,9.826916694641113
dataset/test/Tomato_Healthy_leaf/Fig-2_aug_22aug102.jpg,Tomato_Healthy_leaf,Tomato_mold_leaf,0.49810048937797546,0,1.496917724609375,10.84270191192627,0.22283363342285156,12.566526412963867
dataset/test/Tomato_Healthy_leaf/Fig-2_aug_23aug90.jpg,Tomato_Healthy_leaf,Tomato_mold_leaf,0.3636760115623474,0,1.550436019897461,11.08362865447998,0.21387290954589844,12.852011680603027
dataset/test/Tomato_Healthy_leaf/Fig-2aug11.jpg,Tomato_Healthy_leaf,Tomato_leaf_late_blight,0.35566046833992004,0,1.6937332153320312,15.443379402160645,0.2308340072631836,17.37168788909912
dataset/test/Tomato_Healthy_leaf/HL_(103)aug39.jpg,Tomato_Healthy_leaf,Tomato_Healthy_leaf,0.9999992847442627,1,2.4229421615600586,11.498445510864258,0.2154092788696289,14.13996410369873
dataset/test/Tomato_Healthy_leaf/HL_(118)_aug_38aug103.jpg,Tomato_Healthy_leaf,Tomato_Healthy_leaf,0.999991774559021,1,1.5431404113769531,10.835460662841797,0.2150745391845703,12.597102165222168
dataset/test/Tomato_Healthy_leaf/HL_(118)_aug_39aug104.jpg,Tomato_Healthy_leaf,Tomato_Healthy_leaf,0.9999936819076538,1,1.6404180526733398,11.072646141052246,0.21255779266357422,12.929437637329102
dataset/test/Tomato_Healthy_leaf/HL_(118)aug19.jpg,Tomato_Healthy_leaf,Tomato_Healthy_leaf,0.9999991655349731,1,1.4806756973266602,10.83936595916748,0.21537113189697266,12.538841247558594
dataset/test/Tomato_Healthy_leaf/HL_(165)_aug_28aug105.jpg,Tomato_Healthy_leaf,Tomato_Healthy_leaf,0.9999147653579712,1,1.5200109481811523,8.909411430358887,0.1706676483154297,10.6033296585083
dataset/test/Tomato_Healthy_leaf/HL_(165)_aug_29aug91.jpg,Tomato_Healthy_leaf,Tomato_Healthy_leaf,0.9997337460517883,1,1.1516542434692383,7.666903495788574,0.18320465087890625,9.00489330291748
dataset/test/Tomato_Healthy_leaf/HL_(165)aug14.jpg,Tomato_Healthy_leaf,Tomato_Healthy_leaf,0.99965500831604,1,1.1115446090698242,7.696920394897461,0.17105674743652344,8.982873916625977
dataset/test/Tomato_Healthy_leaf/HL_(61)_aug_50aug83.jpg,Tomato_Healthy_leaf,Tomato_Healthy_leaf,0.9380060434341431,1,1.1076736450195312,7.726459503173828,0.1685199737548828,9.005763053894043
dataset/test/Tomato_Healthy_leaf/HL_(61)_aug_51aug76.jpg,Tomato_Healthy_leaf,Tomato_Healthy_leaf,0.9899008870124817,1,1.1176557540893555,7.5339202880859375,0.16881561279296875,8.823020935058594
dataset/test/Tomato_Healthy_leaf/HL_(61)aug25.jpg,Tomato_Healthy_leaf,Tomato_Healthy_leaf,0.8489136099815369,1,1.2186002731323242,7.4920501708984375,0.1839447021484375,8.897483825683594
dataset/test/Tomato_Healthy_leaf/HL_(62)aug36.jpg,Tomato_Healthy_leaf,Tomato_Healthy_leaf,0.9992144107818604,1,1.1150083541870117,7.711309432983398,0.17098331451416016,9.000521659851074
dataset/test/Tomato_Healthy_leaf/IMG_20251102_161618_aug_58aug71.jpg,Tomato_Healthy_leaf,Tomato_Healthy_leaf,0.7681662440299988,1,1.1628408432006836,7.677217483520508,0.1703357696533203,9.012928009033203
dataset/test/Tomato_Healthy_leaf/IMG_20251102_161618_aug_59aug63.jpg,Tomato_Healthy_leaf,Tomato_leaf_yellow_curl_virus,0.6747797727584839,0,1.1622295379638672,7.744346618652344,0.1657238006591797,9.07520866394043
dataset/test/Tomato_Healthy_leaf/IMG_20251102_161618aug29.jpg,Tomato_Healthy_leaf,Tomato_leaf_yellow_curl_virus,0.8694881796836853,0,1.2134904861450195,7.695012092590332,0.2051868438720703,9.116986274719238
dataset/test/Tomato_Healthy_leaf/IMG_20251102_161625aug44.jpg,Tomato_Healthy_leaf,Tomato_Healthy_leaf,0.9895293116569519,1,1.1365070343017578,7.738457679748535,0.16857528686523438,9.046188354492188
dataset/test/Tomato_Healthy_leaf/IMG_20251102_161629_aug_10aug115.jpg,Tomato_Healthy_leaf,Tomato_Healthy_leaf,0.9932790398597717,1,1.1663036346435547,7.788291931152344,0.19077777862548828,9.149449348449707
dataset/test/Tomato_Healthy_leaf/IMG_20251102_161629_aug_11aug109.jpg,Tomato_Healthy_leaf,Tomato_Healthy_leaf,0.9991574287414551,1,1.1985454559326172,8.106478691101074,0.1710376739501953,9.478543281555176
dataset/test/Tomato_Healthy_leaf/IMG_20251102_161629aug5.jpg,Tomato_Healthy_leaf,Tomato_Healthy_leaf,0.9991069436073303,1,1.1522865295410156,7.910144805908203,0.33759498596191406,9.402580261230469
dataset/test/Tomato_Healthy_leaf/IMG_20251102_161652aug43.jpg,Tomato_Healthy_leaf,Tomato_Healthy_leaf,0.9997666478157043,1,1.1596202850341797,7.95462703704834,0.17572402954101562,9.292393684387207
dataset/test/Tomato_Healthy_leaf/IMG_20251102_161826_aug_60aug68.jpg,Tomato_Healthy_leaf,Tomato_Healthy_leaf,0.9980288147926331,1,1.3536195755004883,10.55588436126709,0.19457530975341797,12.106782913208008
dataset/test/Tomato_Healthy_leaf/IMG_20251102_161826_aug_61aug62.jpg,Tomato_Healthy_leaf,Tomato_Healthy_leaf,0.9998739957809448,1,1.2302675247192383,8.172293663024902,0.17418670654296875,9.579858779907227
dataset/test/Tomato_Healthy_leaf/IMG_20251102_161826aug30.jpg,Tomato_Healthy_leaf,Tomato_Healthy_leaf,0.9989691972732544,1,1.2143974304199219,8.124589920043945,0.1733713150024414,9.515192985534668
dataset/test/Tomato_Healthy_leaf/IMG_20251102_161850_aug_56aug74.jpg,Tomato_Healthy_leaf,Tomato_Healthy_leaf,0.9914839863777161,1,1.1641387939453125,8.109535217285156,0.21007537841796875,9.486988067626953
dataset/test/Tomato_Healthy_leaf/IMG_20251102_161850_aug_57aug72.jpg,Tomato_Healthy_leaf,Tomato_Healthy_leaf,0.9729728698730469,1,1.13995361328125,8.07966423034668,0.1709270477294922,9.393209457397461
dataset/test/Tomato_Healthy_leaf/IMG_20251102_161850aug28.jpg,Tomato_Healthy_leaf,Tomato_Healthy_leaf,0.9647372961044312,1,1.136988639831543,8.173996925354004,0.17322349548339844,9.487136840820312
dataset/test/Tomato_Healthy_leaf/IMG_20251102_161859aug38.jpg,Tomato_Healthy_leaf,Tomato_Healthy_leaf,0.999977707862854,1,1.2047853469848633,8.104146957397461,0.17140769958496094,9.483043670654297
dataset/test/Tomato_Healthy_leaf/IMG_20251102_161935_aug_4aug55.jpg,Tomato_Healthy_leaf,Tomato_Healthy_leaf,0.9999990463256836,1,1.1272106170654297,10.891459465026855,0.2109088897705078,12.23291301727295
dataset/test/Tomato_Healthy_leaf/IMG_20251102_161935_aug_5aug53.jpg,Tomato_Healthy_leaf,Tomato_Healthy_leaf,0.999998927116394,1,1.4905481338500977,10.885089874267578,0.21405696868896484,12.593453407287598
dataset/test/Tomato_Healthy_leaf/IMG_20251102_161935aug2.jpg,Tomato_Healthy_leaf,Tomato_Healthy_leaf,0.9999986886978149,1,1.491602897644043,10.94710922241211,0.21476173400878906,12.657991409301758
dataset/test/Tomato_Healthy_leaf/IMG_20251102_162037aug45.jpg,Tomato_Healthy_leaf,Tomato_Healthy_leaf,0.9618522524833679,1,1.5474729537963867,11.002554893493652,0.1952228546142578,12.748862266540527
dataset/test/Tomato_Healthy_leaf/h100_lower_aug_54aug73.jpg,Tomato_Healthy_leaf,Tomato_Healthy_leaf,0.9992827773094177,1,1.487936019897461,10.92764663696289,0.21518611907958984,12.634971618652344
dataset/test/Tomato_Healthy_leaf/h100_lower_aug_55aug75.jpg,Tomato_Healthy_leaf,Tomato_Healthy_leaf,0.9998786449432373,1,1.5428800582885742,10.88618278503418,0.25376129150390625,12.686158180236816
dataset/test/Tomato_Healthy_leaf/h100_loweraug27.jpg,Tomato_Healthy_leaf,Tomato_Healthy_leaf,0.9994694590568542,1,1.5151958465576172,10.945961952209473,0.21398353576660156,12.678510665893555
dataset/test/Tomato_Healthy_leaf/h101_aug_18aug119.jpg,Tomato_Healthy_leaf,Tomato_Healthy_leaf,0.946208655834198,1,1.5059728622436523,10.908831596374512,0.21453857421875,12.633064270019531
dataset/test/Tomato_Healthy_leaf/h101_aug_19aug116.jpg,Tomato_Healthy_leaf,Tomato_Healthy_leaf,0.8104346394538879,1,1.654714584350586,7.970385551452637,0.17064857482910156,9.798787117004395
dataset/test/Tomato_Healthy_leaf/h101aug9.jpg,Tomato_Healthy_leaf,Tomato_Healthy_leaf,0.5439485907554626,1,1.2455081939697266,7.595827102661133,0.1688528060913086,9.01289176940918
dataset/test/Tomato_Healthy_leaf/h103_aug_42aug82.jpg,Tomato_Healthy_leaf,Tomato_Healthy_leaf,0.9998801946640015,1,1.1076936721801758,8.53005599975586,0.1715383529663086,9.81204605102539
dataset/test/Tomato_Healthy_leaf/h103_aug_43aug77.jpg,Tomato_Healthy_leaf,Tomato_Healthy_leaf,0.9999557733535767,1,1.1071557998657227,7.886218070983887,0.17083454132080078,9.16661548614502
dataset/test/Tomato_Healthy_leaf/h103aug21.jpg,Tomato_Healthy_leaf,Tomato_Healthy_leaf,0.9994294047355652,1,1.1267852783203125,7.851441383361816,0.170074462890625,9.150819778442383
dataset/test/Tomato_Healthy_leaf/h1_change_90_aug_12aug118.jpg,Tomato_Healthy_leaf,Tomato_Healthy_leaf,0.9990918636322021,1,1.1204328536987305,8.714502334594727,0.16948318481445312,10.00732707977295
dataset/test/Tomato_Healthy_leaf/h1_change_90_aug_13aug108.jpg,Tomato_Healthy_leaf,Tomato_Healthy_leaf,0.9992683529853821,1,1.113896369934082,7.857294082641602,0.17203998565673828,9.146355628967285
dataset/test/Tomato_Healthy_leaf/h1_change_90aug6.jpg,Tomato_Healthy_leaf,Tomato_Healthy_leaf,0.9977245926856995,1,1.4328985214233398,16.15864372253418,0.16994476318359375,17.76478385925293
dataset/test/Tomato_Healthy_leaf/h39_change_270aug48.jpg,Tomato_Healthy_leaf,Tomato_Healthy_leaf,0.9984898567199707,1,1.1162662506103516,17.689061164855957,0.15868663787841797,18.966626167297363
dataset/test/Tomato_Healthy_leaf/h39_hight_aug_40aug96.jpg,Tomato_Healthy_leaf,Tomato_Healthy_leaf,0.9987252354621887,1,1.089451789855957,7.773459434509277,0.16926002502441406,9.035040855407715
dataset/test/Tomato_Healthy_leaf/h39_hight_aug_41aug98.jpg,Tomato_Healthy_leaf,Tomato_Healthy_leaf,0.9978286623954773,1,1.2245445251464844,7.887255668640137,0.1798715591430664,9.294302940368652
dataset/test/Tomato_Healthy_leaf/h39_hightaug20.jpg,Tomato_Healthy_leaf,Tomato_Healthy_leaf,0.9969377517700195,1,1.2755813598632812,8.229220390319824,0.17079734802246094,9.678157806396484
dataset/test/Tomato_Healthy_leaf/h39_lower_aug_30aug95.jpg,Tomato_Healthy_leaf,Tomato_Healthy_leaf,0.8692697882652283,1,1.1201000213623047,7.889830589294434,0.16983413696289062,9.182910919189453
dataset/test/Tomato_Healthy_leaf/h39_lower_aug_31aug89.jpg,Tomato_Healthy_leaf,Tomato_Healthy_leaf,0.9971659779548645,1,1.1201372146606445,8.45290756225586,0.17083454132080078,9.74669361114502
dataset/test/Tomato_Healthy_leaf/h39_loweraug15.jpg,Tomato_Healthy_leaf,Tomato_Healthy_leaf,0.9978495836257935,1,1.1493406295776367,8.131349563598633,0.17139053344726562,9.454803466796875
dataset/test/Tomato_Healthy_leaf/h3_aug_8aug57.jpg,Tomato_Healthy_leaf,Tomato_Healthy_leaf,0.9999969005584717,1,1.1115636825561523,7.956662178039551,0.1701488494873047,9.241134643554688
dataset/test/Tomato_Healthy_leaf/h3_aug_9aug54.jpg,Tomato_Healthy_leaf,Tomato_Healthy_leaf,0.9999960660934448,1,1.1015815734863281,7.853254318237305,0.16864967346191406,9.126133918762207
dataset/test/Tomato_Healthy_leaf/h3_mirror_aug_52aug84.jpg,Tomato_Healthy_leaf,Tomato_Healthy_leaf,0.9999934434890747,1,1.1436176300048828,7.83725643157959,0.16787052154541016,9.15139389038086
dataset/test/Tomato_Healthy_leaf/h3_mirror_aug_53aug80.jpg,Tomato_Healthy_leaf,Tomato_Healthy_leaf,0.9999978542327881,1,1.099137306213379,7.90032958984375,0.16914939880371094,9.1712646484375
dataset/test/Tomato_Healthy_leaf/h3_mirroraug26.jpg,Tomato_Healthy_leaf,Tomato_Healthy_leaf,0.9999971389770508,1,1.3827133178710938,10.889627456665039,0.21127891540527344,12.487008094787598
dataset/test/Tomato_Healthy_leaf/h3aug4.jpg,Tomato_Healthy_leaf,Tomato_Healthy_leaf,0.9999986886978149,1,1.4846572875976562,10.972332000732422,0.21513080596923828,12.675768852233887
dataset/test/Tomato_Healthy_leaf/h45_mirror_verticalaug42.jpg,Tomato_Healthy_leaf,Tomato_Healthy_leaf,0.99985671043396,1,1.5454530715942383,11.305037498474121,0.21294593811035156,13.066993713378906
dataset/test/Tomato_Healthy_leaf/h49_change_90aug49.jpg,Tomato_Healthy_leaf,Tomato_Healthy_leaf,0.9999990463256836,1,1.5305099487304688,10.96557331085205,0.2141876220703125,12.71434211730957
dataset/test/Tomato_Healthy_leaf/h50_hight_aug_68aug69.jpg,Tomato_Healthy_leaf,Tomato_Healthy_leaf,0.9968336224555969,1,1.5566024780273438,12.160783767700195,0.21520519256591797,13.936443328857422
dataset/test/Tomato_Healthy_leaf/h50_hight_aug_69aug61.jpg,Tomato_Healthy_leaf,Tomato_Healthy_leaf,0.9977887868881226,1,1.437490463256836,11.20842456817627,0.39920616149902344,13.049233436584473
dataset/test/Tomato_Healthy_leaf/h50_hightaug34.jpg,Tomato_Healthy_leaf,Tomato_Healthy_leaf,0.9998835325241089,1,1.4758062362670898,10.852479934692383,0.2529268264770508,12.584489822387695
dataset/test/Tomato_Healthy_leaf/h50_lower_aug_66aug65.jpg,Tomato_Healthy_leaf,Tomato_Healthy_leaf,0.9998693466186523,1,1.4417695999145508,10.980238914489746,0.15813064575195312,12.582916259765625
dataset/test/Tomato_Healthy_leaf/h50_lower_aug_67aug70.jpg,Tomato_Healthy_leaf,Tomato_Healthy_leaf,0.9808617234230042,1,1.0544328689575195,7.505475044250488,0.1680746078491211,8.730575561523438
dataset/test/Tomato_Healthy_leaf/h50_loweraug33.jpg,Tomato_Healthy_leaf,Tomato_Healthy_leaf,0.9967846870422363,1,1.1784887313842773,7.541827201843262,0.16709327697753906,8.890170097351074
dataset/test/Tomato_Healthy_leaf/h50_mirror_vertical_aug_24aug111.jpg,Tomato_Healthy_leaf,Tomato_Healthy_leaf,0.9999935626983643,1,1.0711555480957031,7.7347917556762695,0.16644668579101562,8.975743293762207
dataset/test/Tomato_Healthy_leaf/h50_mirror_vertical_aug_25aug100.jpg,Tomato_Healthy_leaf,Tomato_Healthy_leaf,0.9999805688858032,1,1.104933738708496,7.764476776123047,0.1678905487060547,9.03957748413086
dataset/test/Tomato_Healthy_leaf/h50_mirror_verticalaug12.jpg,Tomato_Healthy_leaf,Tomato_Healthy_leaf,0.9999425411224365,1,1.084136962890625,7.675771713256836,0.165130615234375,8.927688598632812
dataset/test/Tomato_Healthy_leaf/h50aug37.jpg,Tomato_Healthy_leaf,Tomato_Healthy_leaf,0.9999608993530273,1,1.0615615844726562,7.53049373626709,0.23176097869873047,8.826373100280762
dataset/test/Tomato_Healthy_leaf/h5_mirroraug41.jpg,Tomato_Healthy_leaf,Tomato_Healthy_leaf,0.9999997615814209,1,1.18182373046875,7.628384590148926,0.16887187957763672,8.981836318969727
dataset/test/Tomato_Healthy_leaf/h65_mirror_vertical_aug_26aug97.jpg,Tomato_Healthy_leaf,Tomato_Healthy_leaf,0.9999933242797852,1,1.110285758972168,7.738051414489746,0.20646381378173828,9.057281494140625
dataset/test/Tomato_Healthy_leaf/h65_mirror_vertical_aug_27aug106.jpg,Tomato_Healthy_leaf,Tomato_Healthy_leaf,0.9999854564666748,1,1.091822624206543,7.685809135437012,0.16766643524169922,8.948003768920898
dataset/test/Tomato_Healthy_leaf/h65_mirror_verticalaug13.jpg,Tomato_Healthy_leaf,Tomato_Healthy_leaf,0.9999996423721313,1,1.069284439086914,7.766144752502441,0.1670207977294922,9.005486488342285
dataset/test/Tomato_Healthy_leaf/h71_mirror_aug_62aug66.jpg,Tomato_Healthy_leaf,Tomato_Healthy_leaf,0.9999997615814209,1,1.0878782272338867,7.702791213989258,0.16829872131347656,8.961577415466309
dataset/test/Tomato_Healthy_leaf/h71_mirror_aug_63aug67.jpg,Tomato_Healthy_leaf,Tomato_Healthy_leaf,0.9999997615814209,1,1.1312294006347656,8.109477996826172,0.17168521881103516,9.41539478302002
dataset/test/Tomato_Healthy_leaf/h71_mirroraug31.jpg,Tomato_Healthy_leaf,Tomato_Healthy_leaf,0.999998927116394,1,1.1201553344726562,8.07181167602539,0.17522430419921875,9.370359420776367
dataset/test/Tomato_Healthy_leaf/h76_hight_aug_34aug88.jpg,Tomato_Healthy_leaf,Tomato_Healthy_leaf,0.9999982118606567,1,1.1110811233520508,8.129182815551758,0.17211246490478516,9.415339469909668
dataset/test/Tomato_Healthy_leaf/h76_hight_aug_35aug93.jpg,Tomato_Healthy_leaf,Tomato_Healthy_leaf,0.999992847442627,1,1.1678037643432617,8.267813682556152,0.1739826202392578,9.613248825073242
dataset/test/Tomato_Healthy_leaf/h76_hightaug17.jpg,Tomato_Healthy_leaf,Tomato_Healthy_leaf,0.9999964237213135,1,1.1141366958618164,7.999868392944336,0.17183589935302734,9.28863525390625
dataset/test/Tomato_Healthy_leaf/h78_change_270_aug_36aug94.jpg,Tomato_Healthy_leaf,Tomato_Healthy_leaf,0.9999997615814209,1,1.1889152526855469,8.005997657775879,0.17235374450683594,9.37083911895752
dataset/test/Tomato_Healthy_leaf/h78_change_270_aug_37aug99.jpg,Tomato_Healthy_leaf,Tomato_Healthy_leaf,0.9999996423721313,1,1.2690629959106445,7.920404434204102,0.17263031005859375,9.364617347717285
dataset/test/Tomato_Healthy_leaf/h78_change_270aug18.jpg,Tomato_Healthy_leaf,Tomato_Healthy_leaf,0.9999998807907104,1,1.1205816268920898,8.127367973327637,0.17176055908203125,9.422544479370117
dataset/test/Tomato_Healthy_leaf/h7_lower_aug_44aug87.jpg,Tomato_Healthy_leaf,Tomato_Healthy_leaf,0.9531608819961548,1,1.1555633544921875,8.18779468536377,0.17255592346191406,9.518766403198242
dataset/test/Tomato_Healthy_leaf/h7_lower_aug_45aug79.jpg,Tomato_Healthy_leaf,Tomato_Healthy_leaf,0.9118130207061768,1,1.1883049011230469,8.112665176391602,0.17437267303466797,9.478025436401367
dataset/test/Tomato_Healthy_leaf/h7_loweraug22.jpg,Tomato_Healthy_leaf,Tomato_Healthy_leaf,0.9986416697502136,1,1.1547670364379883,8.151830673217773,0.17539119720458984,9.484562873840332
dataset/test/Tomato_Healthy_leaf/h81_change_180_aug_16aug113.jpg,Tomato_Healthy_leaf,Tomato_Healthy_leaf,0.999428927898407,1,1.1869325637817383,8.218016624450684,0.17688941955566406,9.584711074829102
dataset/test/Tomato_Healthy_leaf/h81_change_180_aug_17aug117.jpg,Tomato_Healthy_leaf,Tomato_Healthy_leaf,0.9998490810394287,1,1.1636552810668945,8.563481330871582,0.17609500885009766,9.906102180480957
dataset/test/Tomato_Healthy_leaf/h81_change_180aug8.jpg,Tomato_Healthy_leaf,Tomato_Healthy_leaf,0.9998821020126343,1,1.1572856903076172,8.302556037902832,0.21322345733642578,9.6756010055542
dataset/test/Tomato_Healthy_leaf/h84_mirroraug40.jpg,Tomato_Healthy_leaf,Tomato_Healthy_leaf,0.9999969005584717,1,1.1681928634643555,8.29681396484375,0.17385292053222656,9.641655921936035
dataset/test/Tomato_Healthy_leaf/h8_change_90aug35.jpg,Tomato_Healthy_leaf,Tomato_Healthy_leaf,0.9988240599632263,1,1.1624155044555664,8.515556335449219,0.17429733276367188,9.855435371398926
dataset/test/Tomato_Healthy_leaf/h95_mirror_verticalaug46.jpg,Tomato_Healthy_leaf,Tomato_Healthy_leaf,0.9686359167098999,1,1.188340187072754,8.349888801574707,0.17655658721923828,9.718046188354492
dataset/test/Tomato_Healthy_leaf/h96_change_270aug47.jpg,Tomato_Healthy_leaf,Tomato_Healthy_leaf,0.9994953870773315,1,1.1502666473388672,8.037534713745117,0.17485332489013672,9.366228103637695
dataset/test/Tomato_Healthy_leaf/h96_mirror_vertical_aug_14aug107.jpg,Tomato_Healthy_leaf,Tomato_Healthy_leaf,0.9999980926513672,1,1.144303321838379,8.28001594543457,0.1757793426513672,9.603099822998047
dataset/test/Tomato_Healthy_leaf/h96_mirror_vertical_aug_15aug112.jpg,Tomato_Healthy_leaf,Tomato_Healthy_leaf,0.999997615814209,1,1.1447114944458008,8.237407684326172,0.17438983917236328,9.559025764465332
dataset/test/Tomato_Healthy_leaf/h96_mirror_verticalaug7.jpg,Tomato_Healthy_leaf,Tomato_Healthy_leaf,0.9999947547912598,1,1.138692855834961,8.331555366516113,0.18753814697265625,9.66104507446289
dataset/test/Tomato_Healthy_leaf/h99_hight_aug_32aug92.jpg,Tomato_Healthy_leaf,Tomato_Healthy_leaf,0.9999014139175415,1,1.248490333557129,8.038774490356445,0.1720561981201172,9.461950302124023
dataset/test/Tomato_Healthy_leaf/h99_hight_aug_33aug101.jpg,Tomato_Healthy_leaf,Tomato_Healthy_leaf,0.9998432397842407,1,1.1370630264282227,7.973238945007324,0.17157554626464844,9.284467697143555
dataset/test/Tomato_Healthy_leaf/h99_hightaug16.jpg,Tomato_Healthy_leaf,Tomato_Healthy_leaf,0.9999970197677612,1,1.1210269927978516,8.018071174621582,0.1736307144165039,9.315951347351074
dataset/test/Tomato_Healthy_leaf/h99_lower_aug_46aug78.jpg,Tomato_Healthy_leaf,Tomato_Healthy_leaf,0.9981385469436646,1,1.3354902267456055,8.068385124206543,0.1734457015991211,9.580008506774902
dataset/test/Tomato_Healthy_leaf/h99_lower_aug_47aug81.jpg,Tomato_Healthy_leaf,Tomato_Healthy_leaf,0.999468982219696,1,1.1231937408447266,7.927886009216309,0.1698160171508789,9.223763465881348
dataset/test/Tomato_Healthy_leaf/h99_loweraug23.jpg,Tomato_Healthy_leaf,Tomato_Healthy_leaf,0.9709087610244751,1,1.1563224792480469,8.075035095214844,0.17053890228271484,9.404950141906738
dataset/test/Tomato_Healthy_leaf/h9_change_180_aug_48aug86.jpg,Tomato_Healthy_leaf,Tomato_Healthy_leaf,0.9999847412109375,1,1.1599340438842773,8.344462394714355,0.17046546936035156,9.678303718566895
dataset/test/Tomato_Healthy_leaf/h9_change_180_aug_49aug85.jpg,Tomato_Healthy_leaf,Tomato_Healthy_leaf,0.9999305009841919,1,1.122452735900879,8.022553443908691,0.16405677795410156,9.311691284179688
dataset/test/Tomato_Healthy_leaf/h9_change_180aug24.jpg,Tomato_Healthy_leaf,Tomato_Healthy_leaf,0.9998140931129456,1,1.1336002349853516,7.72371768951416,0.17022323608398438,9.029984474182129
dataset/test/Tomato_Healthy_leaf/russian-2-319-dt-2010-leaves-high-tunnel-9-29-2014-c_jpg.rf.7ef5d3901dbeaf27776a27bfc8197b72_aug_0aug52.jpg,Tomato_Healthy_leaf,Tomato_Healthy_leaf,0.9992930889129639,1,1.3044891357421875,7.751216888427734,0.16933631896972656,9.227560997009277
dataset/test/Tomato_Healthy_leaf/russian-2-319-dt-2010-leaves-high-tunnel-9-29-2014-c_jpg.rf.7ef5d3901dbeaf27776a27bfc8197b72_aug_1aug58.jpg,Tomato_Healthy_leaf,Tomato_Healthy_leaf,0.9991152882575989,1,1.2397489547729492,7.905533790588379,0.16922473907470703,9.316858291625977
dataset/test/Tomato_Healthy_leaf/russian-2-319-dt-2010-leaves-high-tunnel-9-29-2014-c_jpg.rf.7ef5d3901dbeaf27776a27bfc8197b72aug0.jpg,Tomato_Healthy_leaf,Tomato_Healthy_leaf,0.9989707469940186,1,1.1834716796875,8.235498428344727,0.2147979736328125,9.636730194091797
dataset/test/Tomato_Healthy_leaf/unnamed_aug_64aug64.jpg,Tomato_Healthy_leaf,Tomato_Healthy_leaf,0.9729371666908264,1,1.1441936492919922,8.21866512298584,0.17459392547607422,9.540191650390625
dataset/test/Tomato_Healthy_leaf/unnamed_aug_65aug60.jpg,Tomato_Healthy_leaf,Tomato_Healthy_leaf,0.813508927822113,1,1.1397504806518555,8.326166152954102,0.17737102508544922,9.646618843078613
dataset/test/Tomato_Healthy_leaf/unnamedaug32.jpg,Tomato_Healthy_leaf,Tomato_Healthy_leaf,0.9950487017631531,1,1.2031011581420898,8.500981330871582,0.1764087677001953,9.88321304321289
dataset/test/Tomato_Septoria_leaf_spot/1723454507354_aug_44aug83.jpg,Tomato_Septoria_leaf_spot,Tomato_Septoria_leaf_spot,0.8703743815422058,1,1.1412115097045898,8.304165840148926,0.1739645004272461,9.622451782226562
dataset/test/Tomato_Septoria_leaf_spot/1723454507354_aug_45aug80.jpg,Tomato_Septoria_leaf_spot,Tomato_Septoria_leaf_spot,0.9964614510536194,1,1.1753787994384766,8.30520248413086,0.1763162612915039,9.65950870513916
dataset/test/Tomato_Septoria_leaf_spot/1723454507354aug22.jpg,Tomato_Septoria_leaf_spot,Tomato_Septoria_leaf_spot,0.9879050254821777,1,1.1451377868652344,8.277203559875488,0.17550182342529297,9.600638389587402
dataset/test/Tomato_Septoria_leaf_spot/1723454507465_aug_58aug67.jpg,Tomato_Septoria_leaf_spot,Tomato_Septoria_leaf_spot,0.5303200483322144,1,1.1566190719604492,8.155016899108887,0.1747598648071289,9.489063262939453
dataset/test/Tomato_Septoria_leaf_spot/1723454507465_aug_59aug66.jpg,Tomato_Septoria_leaf_spot,Tomato_Septoria_leaf_spot,0.6186975240707397,1,1.3009719848632812,8.11559009552002,0.17479705810546875,9.594228744506836
dataset/test/Tomato_Septoria_leaf_spot/1723454507465aug29.jpg,Tomato_Septoria_leaf_spot,Tomato_Early_blight_leaf,0.8139182925224304,0,1.312601089477539,8.063628196716309,0.18251991271972656,9.562044143676758
dataset/test/Tomato_Septoria_leaf_spot/5454635393351680.jpeg_aug_14aug115.jpg,Tomato_Septoria_leaf_spot,Tomato_leaf_late_blight,0.3933975100517273,0,1.1963777542114258,8.24577522277832,0.17513179779052734,9.619877815246582
dataset/test/Tomato_Septoria_leaf_spot/5454635393351680.jpeg_aug_15aug46.jpg,Tomato_Septoria_leaf_spot,Tomato_leaf_late_blight,0.7246471643447876,0,1.1497297286987305,8.241998672485352,0.17507553100585938,9.569692611694336
dataset/test/Tomato_Septoria_leaf_spot/5454635393351680.jpegaug7.jpg,Tomato_Septoria_leaf_spot,Tomato_leaf_late_blight,0.39519333839416504,0,1.1521549224853516,8.31074047088623,0.17583465576171875,9.641508102416992
dataset/test/Tomato_Septoria_leaf_spot/6134794031202304-600x272-jpeg_jpg.rf.5482c323fe160b26426628094ae3646baug42.jpg,Tomato_Septoria_leaf_spot,Tomato_Septoria_leaf_spot,0.986349880695343,1,1.2173595428466797,8.257758140563965,0.1769084930419922,9.655377388000488
dataset/test/Tomato_Septoria_leaf_spot/66e7583ebe11cf0bd06435e4167bd4fdaug41.jpg,Tomato_Septoria_leaf_spot,Tomato_Septoria_leaf_spot,0.9998434782028198,1,1.139359474182129,8.260313034057617,0.17815017700195312,9.581025123596191
dataset/test/Tomato_Septoria_leaf_spot/8_20mistakes_204_aug_72aug61.jpg,Tomato_Septoria_leaf_spot,Tomato_mold_leaf,0.9254859089851379,0,1.187784194946289,8.331406593322754,0.17655658721923828,9.698675155639648
dataset/test/Tomato_Septoria_leaf_spot/8_20mistakes_204_aug_73aug62.jpg,Tomato_Septoria_leaf_spot,Tomato_mold_leaf,0.9306126236915588,0,1.1545448303222656,8.32044506072998,0.17459392547607422,9.652581214904785
dataset/test/Tomato_Septoria_leaf_spot/8_20mistakes_204aug36.jpg,Tomato_Septoria_leaf_spot,Tomato_mold_leaf,0.9441947937011719,0,1.1513595581054688,8.231313705444336,0.17598342895507812,9.562100410461426
dataset/test/Tomato_Septoria_leaf_spot/Gls11_mirror_vertical_aug_42aug85.jpg,Tomato_Septoria_leaf_spot,Tomato_Septoria_leaf_spot,0.8027530312538147,1,1.1727113723754883,8.253609657287598,0.17859363555908203,9.607601165771484
dataset/test/Tomato_Septoria_leaf_spot/Gls11_mirror_vertical_aug_43aug86.jpg,Tomato_Septoria_leaf_spot,Tomato_Septoria_leaf_spot,0.6084496974945068,1,1.1392669677734375,8.233573913574219,0.17452049255371094,9.550545692443848
dataset/test/Tomato_Septoria_leaf_spot/Gls11_mirror_verticalaug21.jpg,Tomato_Septoria_leaf_spot,Tomato_Septoria_leaf_spot,0.9342886805534363,1,1.1818046569824219,8.304055213928223,0.17644500732421875,9.665396690368652
dataset/test/Tomato_Septoria_leaf_spot/Gls12_mirror_aug_46aug81.jpg,Tomato_Septoria_leaf_spot,Tomato_Septoria_leaf_spot,0.9976426959037781,1,1.1325626373291016,8.225590705871582,0.17238903045654297,9.533358573913574
dataset/test/Tomato_Septoria_leaf_spot/Gls12_mirror_aug_47aug92.jpg,Tomato_Septoria_leaf_spot,Tomato_Septoria_leaf_spot,0.9992226362228394,1,1.1471567153930664,8.297609329223633,0.16533374786376953,9.612822532653809
dataset/test/Tomato_Septoria_leaf_spot/Gls12_mirroraug23.jpg,Tomato_Septoria_leaf_spot,Tomato_Septoria_leaf_spot,0.9998993873596191,1,1.1443586349487305,8.293333053588867,0.32485389709472656,9.765119552612305
dataset/test/Tomato_Septoria_leaf_spot/Gls1_mirror_aug_38aug82.jpg,Tomato_Septoria_leaf_spot,Tomato_Septoria_leaf_spot,0.9774278998374939,1,1.1119890213012695,8.056478500366211,0.17533397674560547,9.346692085266113
dataset/test/Tomato_Septoria_leaf_spot/Gls1_mirror_aug_39aug84.jpg,Tomato_Septoria_leaf_spot,Tomato_Septoria_leaf_spot,0.9551899433135986,1,1.284193992614746,8.053534507751465,0.17653846740722656,9.516969680786133
dataset/test/Tomato_Septoria_leaf_spot/Gls1_mirroraug19.jpg,Tomato_Septoria_leaf_spot,Tomato_Septoria_leaf_spot,0.9849457740783691,1,1.126378059387207,8.308905601501465,0.17598342895507812,9.613822937011719
dataset/test/Tomato_Septoria_leaf_spot/Gls21_change_270aug43.jpg,Tomato_Septoria_leaf_spot,Tomato_leaf_late_blight,0.7877880334854126,0,1.138564109802246,8.226997375488281,0.17646312713623047,9.544488906860352
dataset/test/Tomato_Septoria_leaf_spot/Gls21_hight_aug_56aug78.jpg,Tomato_Septoria_leaf_spot,Tomato_Septoria_leaf_spot,0.9579835534095764,1,1.1725826263427734,8.279111862182617,0.17477798461914062,9.629192352294922
dataset/test/Tomato_Septoria_leaf_spot/Gls21_hight_aug_57aug79.jpg,Tomato_Septoria_leaf_spot,Tomato_Septoria_leaf_spot,0.989170253276825,1,1.1530818939208984,8.229035377502441,0.17568492889404297,9.56072998046875
dataset/test/Tomato_Septoria_leaf_spot/Gls21_hightaug28.jpg,Tomato_Septoria_leaf_spot,Tomato_Septoria_leaf_spot,0.950918972492218,1,1.1715087890625,8.274425506591797,0.17679882049560547,9.625693321228027
dataset/test/Tomato_Septoria_leaf_spot/Gls29_change_180_aug_40aug89.jpg,Tomato_Septoria_leaf_spot,Tomato_Septoria_leaf_spot,0.9973558187484741,1,1.1589336395263672,8.25447940826416,0.1737222671508789,9.589729309082031
dataset/test/Tomato_Septoria_leaf_spot/Gls29_change_180_aug_41aug91.jpg,Tomato_Septoria_leaf_spot,Tomato_Septoria_leaf_spot,0.9998795986175537,1,1.1326560974121094,8.294018745422363,0.1757221221923828,9.605063438415527
dataset/test/Tomato_Septoria_leaf_spot/Gls29_change_180aug20.jpg,Tomato_Septoria_leaf_spot,Tomato_Septoria_leaf_spot,0.9989173412322998,1,1.1908226013183594,8.866021156311035,0.17431640625,10.233975410461426
dataset/test/Tomato_Septoria_leaf_spot/Gls36_hight_aug_20aug116.jpg,Tomato_Septoria_leaf_spot,Tomato_Septoria_leaf_spot,0.9948468208312988,1,1.127619743347168,8.417499542236328,0.18363094329833984,9.732359886169434
dataset/test/Tomato_Septoria_leaf_spot/Gls36_hight_aug_21aug118.jpg,Tomato_Septoria_leaf_spot,Tomato_Septoria_leaf_spot,0.9962309002876282,1,1.1700992584228516,8.255887985229492,0.17340850830078125,9.602267265319824
dataset/test/Tomato_Septoria_leaf_spot/Gls36_hightaug10.jpg,Tomato_Septoria_leaf_spot,Tomato_Septoria_leaf_spot,0.9922784566879272,1,1.1142292022705078,9.206375122070312,0.1725015640258789,10.495569229125977
dataset/test/Tomato_Septoria_leaf_spot/Gls41_change_270_aug_50aug90.jpg,Tomato_Septoria_leaf_spot,Tomato_Septoria_leaf_spot,0.9314910769462585,1,1.2441940307617188,9.234411239624023,0.19318675994873047,10.674959182739258
dataset/test/Tomato_Septoria_leaf_spot/Gls41_change_270_aug_51aug77.jpg,Tomato_Septoria_leaf_spot,Tomato_Septoria_leaf_spot,0.9666343927383423,1,1.1920814514160156,13.51344108581543,0.20174217224121094,14.910394668579102
dataset/test/Tomato_Septoria_leaf_spot/Gls41_change_270aug25.jpg,Tomato_Septoria_leaf_spot,Tomato_Septoria_leaf_spot,0.8984402418136597,1,1.2442865371704102,9.703749656677246,0.17385292053222656,11.12468433380127
dataset/test/Tomato_Septoria_leaf_spot/Gls43_change_90_aug_60aug75.jpg,Tomato_Septoria_leaf_spot,Tomato_Septoria_leaf_spot,0.9974201917648315,1,1.116063117980957,15.1752290725708,0.21398258209228516,16.508553504943848
dataset/test/Tomato_Septoria_leaf_spot/Gls43_change_90_aug_61aug73.jpg,Tomato_Septoria_leaf_spot,Tomato_Septoria_leaf_spot,0.9928431510925293,1,1.4532136917114258,11.572797775268555,0.21550273895263672,13.244939804077148
dataset/test/Tomato_Septoria_leaf_spot/Gls43_change_90aug30.jpg,Tomato_Septoria_leaf_spot,Tomato_Septoria_leaf_spot,0.9957731366157532,1,1.4536018371582031,12.33587646484375,0.20653915405273438,13.999481201171875
dataset/test/Tomato_Septoria_leaf_spot/Gls46_change_90_aug_6aug53.jpg,Tomato_Septoria_leaf_spot,Tomato_Septoria_leaf_spot,0.9988413453102112,1,1.4972515106201172,13.530959129333496,0.21442699432373047,15.246526718139648
dataset/test/Tomato_Septoria_leaf_spot/Gls46_change_90_aug_7aug56.jpg,Tomato_Septoria_leaf_spot,Tomato_Septoria_leaf_spot,0.9964801669120789,1,1.5566949844360352,10.911811828613281,0.21309375762939453,12.684767723083496
dataset/test/Tomato_Septoria_leaf_spot/Gls46_change_90aug3.jpg,Tomato_Septoria_leaf_spot,Tomato_Septoria_leaf_spot,0.9819469451904297,1,1.5270671844482422,10.843368530273438,0.21440887451171875,12.588322639465332
dataset/test/Tomato_Septoria_leaf_spot/Gls47aug44.jpg,Tomato_Septoria_leaf_spot,Tomato_Septoria_leaf_spot,0.9991945624351501,1,1.5681028366088867,10.964923858642578,0.20750045776367188,12.743881225585938
dataset/test/Tomato_Septoria_leaf_spot/Gls76_aug_34aug97.jpg,Tomato_Septoria_leaf_spot,Tomato_Septoria_leaf_spot,0.5279022455215454,1,1.4945650100708008,10.988239288330078,0.21316909790039062,12.699491500854492
dataset/test/Tomato_Septoria_leaf_spot/Gls76_aug_35aug103.jpg,Tomato_Septoria_leaf_spot,Tomato_Septoria_leaf_spot,0.5633025169372559,1,1.4744548797607422,8.474684715270996,0.1680746078491211,10.120195388793945
dataset/test/Tomato_Septoria_leaf_spot/Gls76_change_180_aug_30aug96.jpg,Tomato_Septoria_leaf_spot,Tomato_mold_leaf,0.8403370976448059,0,1.0910606384277344,7.693346977233887,0.16666698455810547,8.953522682189941
dataset/test/Tomato_Septoria_leaf_spot/Gls76_change_180_aug_31aug100.jpg,Tomato_Septoria_leaf_spot,Tomato_Early_blight_leaf,0.49975842237472534,0,1.0841913223266602,7.789995193481445,0.17403793334960938,9.051596641540527
dataset/test/Tomato_Septoria_leaf_spot/Gls76_change_180aug15.jpg,Tomato_Septoria_leaf_spot,Tomato_mold_leaf,0.8012340664863586,0,1.1044883728027344,7.490679740905762,0.17818641662597656,8.776132583618164
dataset/test/Tomato_Septoria_leaf_spot/Gls76aug17.jpg,Tomato_Septoria_leaf_spot,Tomato_Septoria_leaf_spot,0.5349392294883728,1,1.1570816040039062,7.616641998291016,0.1675558090209961,8.944299697875977
dataset/test/Tomato_Septoria_leaf_spot/Gls7_change_270_aug_64aug68.jpg,Tomato_Septoria_leaf_spot,Tomato_Septoria_leaf_spot,0.968093991279602,1,1.0957298278808594,8.801466941833496,0.16996479034423828,10.069769859313965
dataset/test/Tomato_Septoria_leaf_spot/Gls7_change_270_aug_65aug71.jpg,Tomato_Septoria_leaf_spot,Tomato_Septoria_leaf_spot,0.9873906373977661,1,1.0982284545898438,7.947386741638184,0.1690196990966797,9.217133522033691
dataset/test/Tomato_Septoria_leaf_spot/Gls7_change_270aug32.jpg,Tomato_Septoria_leaf_spot,Tomato_Septoria_leaf_spot,0.992280125617981,1,1.1441001892089844,7.709808349609375,0.17003822326660156,9.026354789733887
dataset/test/Tomato_Septoria_leaf_spot/Gls7_lower_aug_0aug57.jpg,Tomato_Septoria_leaf_spot,Tomato_Septoria_leaf_spot,0.9992035031318665,1,1.0962104797363281,7.743884086608887,0.16792774200439453,9.010613441467285
dataset/test/Tomato_Septoria_leaf_spot/Gls7_lower_aug_1aug52.jpg,Tomato_Septoria_leaf_spot,Tomato_Septoria_leaf_spot,0.9896089434623718,1,1.0908021926879883,7.628456115722656,0.1733722686767578,8.895280838012695
dataset/test/Tomato_Septoria_leaf_spot/Gls7_loweraug0.jpg,Tomato_Septoria_leaf_spot,Tomato_Septoria_leaf_spot,0.9998331069946289,1,1.0800809860229492,7.524733543395996,0.17809391021728516,8.786279678344727
dataset/test/Tomato_Septoria_leaf_spot/Gls81_lower_aug_2aug51.jpg,Tomato_Septoria_leaf_spot,Tomato_Septoria_leaf_spot,0.8967498540878296,1,1.180434226989746,9.332802772521973,0.222686767578125,10.739958763122559
dataset/test/Tomato_Septoria_leaf_spot/Gls81_lower_aug_3aug54.jpg,Tomato_Septoria_leaf_spot,Tomato_Septoria_leaf_spot,0.9608924984931946,1,1.5484724044799805,11.007535934448242,0.21848201751708984,12.777769088745117
dataset/test/Tomato_Septoria_leaf_spot/Gls81_loweraug1.jpg,Tomato_Septoria_leaf_spot,Tomato_Septoria_leaf_spot,0.9613574743270874,1,1.4661760330200195,10.795256614685059,0.21668624877929688,12.481915473937988
dataset/test/Tomato_Septoria_leaf_spot/IMG-20240812-WA0213_aug_70aug59.jpg,Tomato_Septoria_leaf_spot,Tomato_Early_blight_leaf,0.9896418452262878,0,1.585805892944336,10.827812194824219,0.2650585174560547,12.682657241821289
dataset/test/Tomato_Septoria_leaf_spot/IMG-20240812-WA0213_aug_71aug60.jpg,Tomato_Septoria_leaf_spot,Tomato_Early_blight_leaf,0.9837407469749451,0,1.5398063659667969,11.176590919494629,0.21470355987548828,12.934510231018066
dataset/test/Tomato_Septoria_leaf_spot/IMG-20240812-WA0213aug35.jpg,Tomato_Septoria_leaf_spot,Tomato_Early_blight_leaf,0.9735132455825806,0,1.5441389083862305,10.92809009552002,0.2093343734741211,12.685230255126953
dataset/test/Tomato_Septoria_leaf_spot/Original_e-blight.JPG.rend.hgtvcom.966.725.jpeg_aug_52aug74.jpg,Tomato_Septoria_leaf_spot,Tomato_Septoria_leaf_spot,0.9883376955986023,1,1.5151023864746094,10.853479385375977,0.21189117431640625,12.58415699005127
dataset/test/Tomato_Septoria_leaf_spot/Original_e-blight.JPG.rend.hgtvcom.966.725.jpeg_aug_53aug76.jpg,Tomato_Septoria_leaf_spot,Tomato_Septoria_leaf_spot,0.9928292632102966,1,1.4956579208374023,10.848441123962402,0.2116861343383789,12.559288024902344
dataset/test/Tomato_Septoria_leaf_spot/Original_e-blight.JPG.rend.hgtvcom.966.725.jpegaug26.jpg,Tomato_Septoria_leaf_spot,Tomato_Septoria_leaf_spot,0.9920938611030579,1,1.5440282821655273,9.539563179016113,0.1725921630859375,11.259350776672363
dataset/test/Tomato_Septoria_leaf_spot/SS_ (990)_aug_24aug107.jpg,Tomato_Septoria_leaf_spot,Tomato_Septoria_leaf_spot,0.9994140863418579,1,1.1336936950683594,8.119386672973633,0.18529796600341797,9.441116333007812
dataset/test/Tomato_Septoria_leaf_spot/SS_ (990)_aug_25aug113.jpg,Tomato_Septoria_leaf_spot,Tomato_Septoria_leaf_spot,0.9996819496154785,1,1.1660079956054688,8.089923858642578,0.17331600189208984,9.431525230407715
dataset/test/Tomato_Septoria_leaf_spot/SS_ (990)aug12.jpg,Tomato_Septoria_leaf_spot,Tomato_Septoria_leaf_spot,0.9988738894462585,1,1.1320819854736328,8.108627319335938,0.17329788208007812,9.416839599609375
dataset/test/Tomato_Septoria_leaf_spot/Septoria_tomato_Margaret-20B_p8170755_0002_25004_jpg.rf.3fbb14d553c623c77f342b3a54baddab_aug_66aug70.jpg,Tomato_Septoria_leaf_spot,Tomato_Septoria_leaf_spot,0.6572163105010986,1,1.2159900665283203,8.104480743408203,0.18448162078857422,9.508284568786621
dataset/test/Tomato_Septoria_leaf_spot/Septoria_tomato_Margaret-20B_p8170755_0002_25004_jpg.rf.3fbb14d553c623c77f342b3a54baddab_aug_67aug63.jpg,Tomato_Septoria_leaf_spot,Tomato_Septoria_leaf_spot,0.9917799830436707,1,1.1999340057373047,8.164942741394043,0.1828899383544922,9.55195140838623
dataset/test/Tomato_Septoria_leaf_spot/Septoria_tomato_Margaret-20B_p8170755_0002_25004_jpg.rf.3fbb14d553c623c77f342b3a54baddabaug33.jpg,Tomato_Septoria_leaf_spot,Tomato_Septoria_leaf_spot,0.994940996170044,1,1.1861743927001953,8.048774719238281,0.18596363067626953,9.42434024810791
dataset/test/Tomato_Septoria_leaf_spot/Tomato-Plant-with-Septoria-Leaf-Spot_aug_68aug65.jpg,Tomato_Septoria_leaf_spot,Tomato_Septoria_leaf_spot,0.7890130877494812,1,1.2043037414550781,8.105183601379395,0.17283344268798828,9.485174179077148
dataset/test/Tomato_Septoria_leaf_spot/Tomato-Plant-with-Septoria-Leaf-Spot_aug_69aug64.jpg,Tomato_Septoria_leaf_spot,Tomato_mold_leaf,0.7576784491539001,0,1.2144899368286133,8.092442512512207,0.170501708984375,9.480415344238281
dataset/test/Tomato_Septoria_leaf_spot/Tomato-Plant-with-Septoria-Leaf-Spotaug34.jpg,Tomato_Septoria_leaf_spot,Tomato_mold_leaf,0.5289050936698914,0,1.1681184768676758,8.093090057373047,0.16733455657958984,9.431340217590332
dataset/test/Tomato_Septoria_leaf_spot/b54d0e40027ff5e90e8ba7e1e9abf9bdaug39.jpg,Tomato_Septoria_leaf_spot,Tomato_Septoria_leaf_spot,0.9854741096496582,1,1.1413965225219727,7.906496047973633,0.17289161682128906,9.223782539367676
dataset/test/Tomato_Septoria_leaf_spot/classic-septoria_aug_10aug48.jpg,Tomato_Septoria_leaf_spot,Tomato_Septoria_leaf_spot,0.9445308446884155,1,1.1787843704223633,8.12425708770752,0.17216777801513672,9.477599143981934
dataset/test/Tomato_Septoria_leaf_spot/classic-septoria_aug_11aug49.jpg,Tomato_Septoria_leaf_spot,Tomato_Septoria_leaf_spot,0.9914906620979309,1,1.197859764099121,8.26679515838623,0.1732044219970703,9.64085865020752
dataset/test/Tomato_Septoria_leaf_spot/classic-septoriaaug5.jpg,Tomato_Septoria_leaf_spot,Tomato_Septoria_leaf_spot,0.8368526697158813,1,1.2461004257202148,8.102181434631348,0.17340850830078125,9.524822235107422
dataset/test/Tomato_Septoria_leaf_spot/early+blight+on+leaf+yel+halo+IMG_2313.JPG_aug_62aug69.jpg,Tomato_Septoria_leaf_spot,Tomato_Septoria_leaf_spot,0.9936043620109558,1,1.112025260925293,8.274943351745605,0.17222309112548828,9.561728477478027
dataset/test/Tomato_Septoria_leaf_spot/early+blight+on+leaf+yel+halo+IMG_2313.JPG_aug_63aug72.jpg,Tomato_Septoria_leaf_spot,Tomato_Septoria_leaf_spot,0.9980787038803101,1,1.1908035278320312,8.080053329467773,0.17277812957763672,9.446579933166504
dataset/test/Tomato_Septoria_leaf_spot/early+blight+on+leaf+yel+halo+IMG_2313.JPGaug31.jpg,Tomato_Septoria_leaf_spot,Tomato_Septoria_leaf_spot,0.9948166012763977,1,1.1580448150634766,8.09338665008545,0.17357635498046875,9.42795181274414
dataset/test/Tomato_Septoria_leaf_spot/early-blight-of-tomato-tomato-1aug38.jpg,Tomato_Septoria_leaf_spot,Tomato_Septoria_leaf_spot,0.9970864653587341,1,1.171137809753418,8.14183235168457,0.18840885162353516,9.50474739074707
dataset/test/Tomato_Septoria_leaf_spot/eblight5_aug_18aug110.jpg,Tomato_Septoria_leaf_spot,Tomato_Septoria_leaf_spot,0.8597330451011658,1,1.1531744003295898,8.092294692993164,0.17070484161376953,9.418542861938477
dataset/test/Tomato_Septoria_leaf_spot/eblight5_aug_19aug117.jpg,Tomato_Septoria_leaf_spot,Tomato_Septoria_leaf_spot,0.3526093363761902,1,1.0929527282714844,7.934421539306641,0.18285369873046875,9.213079452514648
dataset/test/Tomato_Septoria_leaf_spot/eblight5aug9.jpg,Tomato_Septoria_leaf_spot,Tomato_leaf_yellow_curl_virus,0.5418719053268433,0,1.1746368408203125,7.914960861206055,0.1724100112915039,9.264690399169922
dataset/test/Tomato_Septoria_leaf_spot/images (1)_aug_54aug93.jpg,Tomato_Septoria_leaf_spot,Tomato_Septoria_leaf_spot,0.9997252821922302,1,1.2452497482299805,8.128850936889648,0.1721487045288086,9.549044609069824
dataset/test/Tomato_Septoria_leaf_spot/images (1)_aug_55aug87.jpg,Tomato_Septoria_leaf_spot,Tomato_Septoria_leaf_spot,0.996541440486908,1,1.1189699172973633,8.254313468933105,0.17277908325195312,9.549450874328613
dataset/test/Tomato_Septoria_leaf_spot/images (1)aug27.jpg,Tomato_Septoria_leaf_spot,Tomato_Septoria_leaf_spot,0.9942718744277954,1,1.107081413269043,8.332980155944824,0.17420387268066406,9.617118835449219
dataset/test/Tomato_Septoria_leaf_spot/tomato-blight-treatment-blight_jpg.rf.78cbf6055199828cb682fd0a6435a157_aug_74aug58.jpg,Tomato_Septoria_leaf_spot,Tomato_Septoria_leaf_spot,0.9847809076309204,1,1.1297292709350586,8.020607948303223,0.1809091567993164,9.3340425491333
dataset/test/Tomato_Septoria_leaf_spot/tomato-blight-treatment-blight_jpg.rf.78cbf6055199828cb682fd0a6435a157aug37.jpg,Tomato_Septoria_leaf_spot,Tomato_Septoria_leaf_spot,0.9830506443977356,1,1.1210441589355469,8.25712776184082,0.17400074005126953,9.554377555847168
dataset/test/Tomato_Septoria_leaf_spot/tomato-early-blight-e1437503226856_aug_4aug50.jpg,Tomato_Septoria_leaf_spot,Tomato_Septoria_leaf_spot,0.9996477365493774,1,1.1874713897705078,8.756204605102539,0.1732797622680664,10.119454383850098
dataset/test/Tomato_Septoria_leaf_spot/tomato-early-blight-e1437503226856_aug_5aug55.jpg,Tomato_Septoria_leaf_spot,Tomato_Septoria_leaf_spot,0.9920567870140076,1,1.1619148254394531,8.117127418518066,0.1807231903076172,9.463340759277344
dataset/test/Tomato_Septoria_leaf_spot/tomato-early-blight-e1437503226856aug2.jpg,Tomato_Septoria_leaf_spot,Tomato_Septoria_leaf_spot,0.9954661130905151,1,1.1817293167114258,8.083442687988281,0.1825571060180664,9.450563430786133
dataset/test/Tomato_Septoria_leaf_spot/tomato-early-blightH_jpg.rf.2633fbae0a933eb2711cb8466f34aca1_aug_12aug119.jpg,Tomato_Septoria_leaf_spot,Tomato_Septoria_leaf_spot,0.9791431427001953,1,1.2233400344848633,8.10179328918457,0.17192649841308594,9.499451637268066
dataset/test/Tomato_Septoria_leaf_spot/tomato-early-blightH_jpg.rf.2633fbae0a933eb2711cb8466f34aca1_aug_13aug114.jpg,Tomato_Septoria_leaf_spot,Tomato_Septoria_leaf_spot,0.9962316155433655,1,1.1702299118041992,8.084220886230469,0.1710195541381836,9.428467750549316
dataset/test/Tomato_Septoria_leaf_spot/tomato-early-blightH_jpg.rf.2633fbae0a933eb2711cb8466f34aca1aug6.jpg,Tomato_Septoria_leaf_spot,Tomato_Septoria_leaf_spot,0.9990543723106384,1,1.205617904663086,8.184553146362305,0.17390823364257812,9.567045211791992
dataset/test/Tomato_Septoria_leaf_spot/tomato-septoria-3-500x384_aug_32aug104.jpg,Tomato_Septoria_leaf_spot,Tomato_Early_blight_leaf,0.583595335483551,0,1.1403589248657227,9.57015609741211,0.21268653869628906,10.92599868774414
dataset/test/Tomato_Septoria_leaf_spot/tomato-septoria-3-500x384_aug_33aug106.jpg,Tomato_Septoria_leaf_spot,Tomato_Early_blight_leaf,0.47010931372642517,0,1.5236587524414062,10.877347946166992,0.2564105987548828,12.660786628723145
dataset/test/Tomato_Septoria_leaf_spot/tomato-septoria-3-500x384_jpg.rf.40a23512bd3b6d8df2115d7f591913fb_aug_16aug112.jpg,Tomato_Septoria_leaf_spot,Tomato_Septoria_leaf_spot,0.9662910103797913,1,1.4868059158325195,10.798033714294434,0.21231555938720703,12.500600814819336
dataset/test/Tomato_Septoria_leaf_spot/tomato-septoria-3-500x384_jpg.rf.40a23512bd3b6d8df2115d7f591913fb_aug_17aug111.jpg,Tomato_Septoria_leaf_spot,Tomato_Early_blight_leaf,0.7380706071853638,0,1.5064544677734375,10.858607292175293,0.2129650115966797,12.581730842590332
dataset/test/Tomato_Septoria_leaf_spot/tomato-septoria-3-500x384_jpg.rf.40a23512bd3b6d8df2115d7f591913fbaug8.jpg,Tomato_Septoria_leaf_spot,Tomato_Septoria_leaf_spot,0.879092276096344,1,1.49163818359375,10.796941757202148,0.2100200653076172,12.501860618591309
dataset/test/Tomato_Septoria_leaf_spot/tomato-septoria-3-500x384aug16.jpg,Tomato_Septoria_leaf_spot,Tomato_Septoria_leaf_spot,0.9737457036972046,1,1.516676902770996,10.91873836517334,0.21022510528564453,12.648547172546387
dataset/test/Tomato_Septoria_leaf_spot/tomato-septoria-5_jpg.rf.fab97ae4bb3726e33dcbde7262ec6a65aug40.jpg,Tomato_Septoria_leaf_spot,Tomato_Septoria_leaf_spot,0.9977299571037292,1,1.5152702331542969,10.82446002960205,0.2257251739501953,12.569397926330566
dataset/test/Tomato_Septoria_leaf_spot/tomato-septoria-leaf-spot--_aug_22aug109.jpg,Tomato_Septoria_leaf_spot,Tomato_Early_blight_leaf,0.8287972807884216,0,1.6367874145507812,10.802942276000977,0.21362972259521484,12.65674877166748
dataset/test/Tomato_Septoria_leaf_spot/tomato-septoria-leaf-spot--_aug_23aug108.jpg,Tomato_Septoria_leaf_spot,Tomato_Early_blight_leaf,0.8308785557746887,0,1.6370668411254883,9.428488731384277,0.17627811431884766,11.245776176452637
dataset/test/Tomato_Septoria_leaf_spot/tomato-septoria-leaf-spot--_jpg.rf.06783859d6d3e49976374e4146674e0b_aug_48aug94.jpg,Tomato_Septoria_leaf_spot,Tomato_Septoria_leaf_spot,0.8207311630249023,1,1.1839141845703125,7.645421981811523,0.16666793823242188,8.998539924621582
dataset/test/Tomato_Septoria_leaf_spot/tomato-septoria-leaf-spot--_jpg.rf.06783859d6d3e49976374e4146674e0b_aug_49aug88.jpg,Tomato_Septoria_leaf_spot,Tomato_Septoria_leaf_spot,0.6030983924865723,1,1.2087297439575195,7.581439018249512,0.16777801513671875,8.960411071777344
dataset/test/Tomato_Septoria_leaf_spot/tomato-septoria-leaf-spot--_jpg.rf.06783859d6d3e49976374e4146674e0baug24.jpg,Tomato_Septoria_leaf_spot,Tomato_Septoria_leaf_spot,0.38478273153305054,1,1.1853055953979492,7.598235130310059,0.16405773162841797,8.95005989074707
dataset/test/Tomato_Septoria_leaf_spot/tomato-septoria-leaf-spot--_jpg.rf.5e63d9a20f5557b9bb3617e79b48ef85_aug_26aug95.jpg,Tomato_Septoria_leaf_spot,Tomato_Early_blight_leaf,0.5179401636123657,0,1.1683588027954102,7.545680046081543,0.17164993286132812,8.888447761535645
dataset/test/Tomato_Septoria_leaf_spot/tomato-septoria-leaf-spot--_jpg.rf.5e63d9a20f5557b9bb3617e79b48ef85_aug_27aug101.jpg,Tomato_Septoria_leaf_spot,Tomato_Septoria_leaf_spot,0.5481517314910889,1,1.1444520950317383,7.667550086975098,0.17551898956298828,8.991188049316406
dataset/test/Tomato_Septoria_leaf_spot/tomato-septoria-leaf-spot--_jpg.rf.5e63d9a20f5557b9bb3617e79b48ef85aug13.jpg,Tomato_Septoria_leaf_spot,Tomato_Septoria_leaf_spot,0.8172550797462463,1,1.1831560134887695,7.488493919372559,0.1659832000732422,8.840818405151367
dataset/test/Tomato_Septoria_leaf_spot/tomato-septoria-leaf-spot--aug11.jpg,Tomato_Septoria_leaf_spot,Tomato_Early_blight_leaf,0.9639241695404053,0,1.2486190795898438,7.452178955078125,0.16594505310058594,8.869187355041504
dataset/test/Tomato_Septoria_leaf_spot/tomato-septoria-leaf-spot-_aug_28aug105.jpg,Tomato_Septoria_leaf_spot,Tomato_Early_blight_leaf,0.5404103398323059,0,1.121450424194336,8.3011474609375,0.16414833068847656,9.589359283447266
dataset/test/Tomato_Septoria_leaf_spot/tomato-septoria-leaf-spot-_aug_29aug102.jpg,Tomato_Septoria_leaf_spot,Tomato_Early_blight_leaf,0.5330517888069153,0,1.164229393005371,7.579733848571777,0.16692733764648438,8.913392066955566
dataset/test/Tomato_Septoria_leaf_spot/tomato-septoria-leaf-spot-aug14.jpg,Tomato_Septoria_leaf_spot,Tomato_Septoria_leaf_spot,0.9666081070899963,1,1.1117305755615234,7.555864334106445,0.16650104522705078,8.836706161499023
dataset/test/Tomato_Septoria_leaf_spot/tomato_D2b-Early-blight---RPitblado_zoom_jpg.rf.93df1c3cb830b3940e4a23a5c4a05598_aug_8aug45.jpg,Tomato_Septoria_leaf_spot,Tomato_Septoria_leaf_spot,0.983281672000885,1,1.1245994567871094,7.832680702209473,0.2274465560913086,9.188265800476074
dataset/test/Tomato_Septoria_leaf_spot/tomato_D2b-Early-blight---RPitblado_zoom_jpg.rf.93df1c3cb830b3940e4a23a5c4a05598_aug_9aug47.jpg,Tomato_Septoria_leaf_spot,Tomato_Septoria_leaf_spot,0.9774454832077026,1,1.587824821472168,10.840718269348145,0.21377944946289062,12.64578628540039
dataset/test/Tomato_Septoria_leaf_spot/tomato_D2b-Early-blight---RPitblado_zoom_jpg.rf.93df1c3cb830b3940e4a23a5c4a05598aug4.jpg,Tomato_Septoria_leaf_spot,Tomato_Septoria_leaf_spot,0.9737427830696106,1,1.6120481491088867,10.77632999420166,0.2128162384033203,12.60452651977539
dataset/test/Tomato_Septoria_leaf_spot/tomatoseptorialeafspotjpg-788d20798a3c74e7_aug_36aug98.jpg,Tomato_Septoria_leaf_spot,Tomato_Septoria_leaf_spot,0.9914108514785767,1,1.5570287704467773,10.78145980834961,0.22418689727783203,12.566508293151855
dataset/test/Tomato_Septoria_leaf_spot/tomatoseptorialeafspotjpg-788d20798a3c74e7_aug_37aug99.jpg,Tomato_Septoria_leaf_spot,Tomato_Septoria_leaf_spot,0.9872424602508545,1,1.6377134323120117,10.853275299072266,0.22852039337158203,12.72300910949707
dataset/test/Tomato_Septoria_leaf_spot/tomatoseptorialeafspotjpg-788d20798a3c74e7aug18.jpg,Tomato_Septoria_leaf_spot,Tomato_Septoria_leaf_spot,0.9996174573898315,1,1.6136589050292969,10.887052536010742,0.21146488189697266,12.71569538116455
dataset/test/Tomato_leaf_late_blight/Gls74_change_90_aug_66aug46.jpg,Tomato_leaf_late_blight,Tomato_Septoria_leaf_spot,0.951961100101471,0,1.4579353332519531,10.833756446838379,0.21251869201660156,12.507915496826172
dataset/test/Tomato_leaf_late_blight/Gls74_change_90_aug_67aug49.jpg,Tomato_leaf_late_blight,Tomato_Septoria_leaf_spot,0.7541276216506958,0,1.4650650024414062,10.920275688171387,0.20851993560791016,12.59773063659668
dataset/test/Tomato_leaf_late_blight/Gls74_change_90_aug_68aug41.jpg,Tomato_leaf_late_blight,Tomato_Septoria_leaf_spot,0.9675746560096741,0,1.4645280838012695,11.041423797607422,0.21179771423339844,12.721528053283691
dataset/test/Tomato_leaf_late_blight/Gls74_change_90aug22.jpg,Tomato_leaf_late_blight,Tomato_Septoria_leaf_spot,0.9900741577148438,0,1.450566291809082,8.282849311828613,0.1697235107421875,9.905731201171875
dataset/test/Tomato_leaf_late_blight/Gls78_change_270_aug_24aug95.jpg,Tomato_leaf_late_blight,Tomato_leaf_late_blight,0.7509059906005859,1,1.1789331436157227,7.678715705871582,0.18283367156982422,9.04394817352295
dataset/test/Tomato_leaf_late_blight/Gls78_change_270_aug_25aug80.jpg,Tomato_leaf_late_blight,Tomato_leaf_late_blight,0.48713335394859314,1,1.0815439224243164,7.787070274353027,0.3001871109008789,9.172264099121094
dataset/test/Tomato_leaf_late_blight/Gls78_change_270_aug_26aug81.jpg,Tomato_leaf_late_blight,Tomato_leaf_late_blight,0.9369305372238159,1,1.6572322845458984,7.902460098266602,0.1707601547241211,9.733509063720703
dataset/test/Tomato_leaf_late_blight/Gls78_change_270aug8.jpg,Tomato_leaf_late_blight,Tomato_leaf_late_blight,0.8423550724983215,1,1.0911359786987305,8.229369163513184,0.17048358917236328,9.493860244750977
dataset/test/Tomato_leaf_late_blight/Gls79_change_270_aug_51aug69.jpg,Tomato_leaf_late_blight,Tomato_leaf_late_blight,0.9893274307250977,1,1.1039695739746094,15.945530891418457,0.19137191772460938,17.244040489196777
dataset/test/Tomato_leaf_late_blight/Gls79_change_270_aug_52aug74.jpg,Tomato_leaf_late_blight,Tomato_leaf_late_blight,0.983819305896759,1,1.6262140274047852,10.69456958770752,0.1723346710205078,12.495952606201172
dataset/test/Tomato_leaf_late_blight/Gls79_change_270_aug_53aug68.jpg,Tomato_leaf_late_blight,Tomato_leaf_late_blight,0.9753138422966003,1,1.0689525604248047,9.371766090393066,0.1691303253173828,10.612236022949219
dataset/test/Tomato_leaf_late_blight/Gls79_change_270aug17.jpg,Tomato_leaf_late_blight,Tomato_leaf_late_blight,0.9987655878067017,1,1.1412858963012695,8.888391494750977,0.17220401763916016,10.20491886138916
dataset/test/Tomato_leaf_late_blight/Gls79_change_90_aug_27aug85.jpg,Tomato_leaf_late_blight,Tomato_leaf_late_blight,0.9998757839202881,1,1.0958223342895508,8.184664726257324,0.1722412109375,9.455302238464355
dataset/test/Tomato_leaf_late_blight/Gls79_change_90_aug_28aug97.jpg,Tomato_leaf_late_blight,Tomato_leaf_late_blight,0.9989799857139587,1,1.0976171493530273,8.021923065185547,0.17381668090820312,9.296024322509766
dataset/test/Tomato_leaf_late_blight/Gls79_change_90_aug_29aug89.jpg,Tomato_leaf_late_blight,Tomato_leaf_late_blight,0.9996945858001709,1,1.097062110900879,8.493778228759766,0.17403888702392578,9.767471313476562
dataset/test/Tomato_leaf_late_blight/Gls79_change_90aug9.jpg,Tomato_leaf_late_blight,Tomato_leaf_late_blight,0.9999120235443115,1,1.0906915664672852,8.259886741638184,0.17220592498779297,9.525581359863281
dataset/test/Tomato_leaf_late_blight/Gls79_mirror_aug_15aug104.jpg,Tomato_leaf_late_blight,Tomato_leaf_late_blight,0.9999568462371826,1,1.2826004028320312,8.660017967224121,0.1728534698486328,10.118122100830078
dataset/test/Tomato_leaf_late_blight/Gls79_mirror_aug_16aug113.jpg,Tomato_leaf_late_blight,Tomato_leaf_late_blight,0.9999361038208008,1,1.0943965911865234,8.257425308227539,0.17107486724853516,9.526155471801758
dataset/test/Tomato_leaf_late_blight/Gls79_mirror_aug_17aug109.jpg,Tomato_leaf_late_blight,Tomato_leaf_late_blight,0.9999459981918335,1,1.1322669982910156,8.14581298828125,0.1686878204345703,9.449172019958496
dataset/test/Tomato_leaf_late_blight/Gls79_mirroraug5.jpg,Tomato_leaf_late_blight,Tomato_leaf_late_blight,0.9999940395355225,1,1.0860061645507812,7.928960800170898,0.17263126373291016,9.190505027770996
dataset/test/Tomato_leaf_late_blight/IMG_20251102_155822aug32.jpg,Tomato_leaf_late_blight,Tomato_leaf_yellow_curl_virus,0.8368424773216248,0,1.1698789596557617,8.05577564239502,0.18413066864013672,9.413228034973145
dataset/test/Tomato_leaf_late_blight/IMG_20251102_160928aug33.jpg,Tomato_leaf_late_blight,Tomato_leaf_late_blight,0.3799205720424652,1,1.200434684753418,8.093127250671387,0.17237091064453125,9.468859672546387
dataset/test/Tomato_leaf_late_blight/IMG_20251102_161202_aug_57aug50.jpg,Tomato_leaf_late_blight,Tomato_Early_blight_leaf,0.9984411597251892,0,1.1904335021972656,8.08223819732666,0.17248153686523438,9.447969436645508
dataset/test/Tomato_leaf_late_blight/IMG_20251102_161202_aug_58aug52.jpg,Tomato_leaf_late_blight,Tomato_Early_blight_leaf,0.9981659054756165,0,1.2011175155639648,8.106794357299805,0.17209243774414062,9.482709884643555
dataset/test/Tomato_leaf_late_blight/IMG_20251102_161202_aug_59aug39.jpg,Tomato_leaf_late_blight,Tomato_Early_blight_leaf,0.9993762373924255,0,1.242915153503418,8.383352279663086,0.17398357391357422,9.803064346313477
dataset/test/Tomato_leaf_late_blight/IMG_20251102_161202aug19.jpg,Tomato_leaf_late_blight,Tomato_Early_blight_leaf,0.9991864562034607,0,1.195174217224121,8.886837005615234,0.17463111877441406,10.259622573852539
dataset/test/Tomato_leaf_late_blight/IMG_5808_jpg.rf.9de5af872dd2e7a58b115c4826fb18d4_aug_63aug53.jpg,Tomato_leaf_late_blight,Tomato_leaf_late_blight,0.9109664559364319,1,1.1743583679199219,8.908466339111328,0.1766672134399414,10.262511253356934
dataset/test/Tomato_leaf_late_blight/IMG_5808_jpg.rf.9de5af872dd2e7a58b115c4826fb18d4_aug_64aug43.jpg,Tomato_leaf_late_blight,Tomato_leaf_late_blight,0.6768360137939453,1,1.1611547470092773,8.174516677856445,0.17288970947265625,9.511674880981445
dataset/test/Tomato_leaf_late_blight/IMG_5808_jpg.rf.9de5af872dd2e7a58b115c4826fb18d4_aug_65aug38.jpg,Tomato_leaf_late_blight,Tomato_leaf_late_blight,0.5139964818954468,1,1.2167301177978516,8.11827564239502,0.17329692840576172,9.510913848876953
dataset/test/Tomato_leaf_late_blight/IMG_5808_jpg.rf.9de5af872dd2e7a58b115c4826fb18d4aug21.jpg,Tomato_leaf_late_blight,Tomato_leaf_late_blight,0.5936794877052307,1,1.1357107162475586,8.023737907409668,0.18564987182617188,9.349117279052734
dataset/test/Tomato_leaf_late_blight/LB_ (254)_aug_54aug73.jpg,Tomato_leaf_late_blight,Tomato_leaf_late_blight,0.56671541929245,1,1.0998401641845703,8.090850830078125,0.17988967895507812,9.37356185913086
dataset/test/Tomato_leaf_late_blight/LB_ (254)_aug_55aug71.jpg,Tomato_leaf_late_blight,Tomato_Early_blight_leaf,0.5151551961898804,0,1.126358985900879,8.023829460144043,0.16385173797607422,9.31674575805664
dataset/test/Tomato_leaf_late_blight/LB_ (254)_aug_56aug78.jpg,Tomato_leaf_late_blight,Tomato_Early_blight_leaf,0.5758640170097351,0,1.0761175155639648,8.072164535522461,0.18440914154052734,9.335745811462402
dataset/test/Tomato_leaf_late_blight/LB_ (254)aug18.jpg,Tomato_leaf_late_blight,Tomato_leaf_late_blight,0.469446063041687,1,1.1705074310302734,8.133756637573242,0.18364906311035156,9.49189567565918
dataset/test/Tomato_leaf_late_blight/LB_ (276)_aug_60aug45.jpg,Tomato_leaf_late_blight,Tomato_leaf_late_blight,0.9992800354957581,1,1.2267675399780273,8.088350296020508,0.17753887176513672,9.495840072631836
dataset/test/Tomato_leaf_late_blight/LB_ (276)_aug_61aug44.jpg,Tomato_leaf_late_blight,Tomato_leaf_late_blight,0.9959596991539001,1,1.1195993423461914,8.194331169128418,0.17520427703857422,9.492079734802246
dataset/test/Tomato_leaf_late_blight/LB_ (276)_aug_62aug40.jpg,Tomato_leaf_late_blight,Tomato_leaf_late_blight,0.9998599290847778,1,1.1062850952148438,8.314702033996582,0.17668724060058594,9.600266456604004
dataset/test/Tomato_leaf_late_blight/LB_ (276)aug20.jpg,Tomato_leaf_late_blight,Tomato_leaf_late_blight,0.9999481439590454,1,1.1129693984985352,8.495148658752441,0.1745929718017578,9.785731315612793
dataset/test/Tomato_leaf_late_blight/Late-blight-foliar-leasion-on-tomato_jpg.rf.331af81e5b2aae24af0dc9b6d9933591_aug_72aug60.jpg,Tomato_leaf_late_blight,Tomato_leaf_late_blight,0.9889489412307739,1,1.1997852325439453,8.271905899047852,0.1906871795654297,9.665860176086426
dataset/test/Tomato_leaf_late_blight/Late-blight-foliar-leasion-on-tomato_jpg.rf.331af81e5b2aae24af0dc9b6d9933591_aug_73aug51.jpg,Tomato_leaf_late_blight,Tomato_leaf_late_blight,0.9997578263282776,1,1.2592859268188477,8.0961275100708,0.18355751037597656,9.541728973388672
dataset/test/Tomato_leaf_late_blight/Late-blight-foliar-leasion-on-tomato_jpg.rf.331af81e5b2aae24af0dc9b6d9933591_aug_74aug37.jpg,Tomato_leaf_late_blight,Tomato_leaf_late_blight,0.9980753660202026,1,1.2372674942016602,8.253202438354492,0.17546463012695312,9.668489456176758
dataset/test/Tomato_leaf_late_blight/Late-blight-foliar-leasion-on-tomato_jpg.rf.331af81e5b2aae24af0dc9b6d9933591aug24.jpg,Tomato_leaf_late_blight,Tomato_leaf_late_blight,0.9997782111167908,1,1.2561569213867188,8.209386825561523,0.17594432830810547,9.644118309020996
dataset/test/Tomato_leaf_late_blight/Late-blight-on-a-tomato-leaf_jpg.rf.8a0bcac661db5b0d51beab8e2bf6cd6caug29.jpg,Tomato_leaf_late_blight,Tomato_leaf_late_blight,0.9999977350234985,1,1.145655632019043,9.026854515075684,0.2114267349243164,10.38682746887207
dataset/test/Tomato_leaf_late_blight/Late-blight-on-a-tomato-leaf_jpg.rf.8defdb736385f3e1da6fba17b2786ac9_aug_84aug36.jpg,Tomato_leaf_late_blight,Tomato_leaf_late_blight,0.9999996423721313,1,1.4991569519042969,10.885589599609375,0.21246337890625,12.601175308227539
dataset/test/Tomato_leaf_late_blight/Late-blight-on-a-tomato-leaf_jpg.rf.8defdb736385f3e1da6fba17b2786ac9aug28.jpg,Tomato_leaf_late_blight,Tomato_leaf_late_blight,0.9999979734420776,1,1.5138616561889648,10.851459503173828,0.2114267349243164,12.58006477355957
dataset/test/Tomato_leaf_late_blight/Late-blight-symptoms-on-tomato-leaves-1r3uhy2_jpg.rf.92fa5ba375a2c3ce572ef7e12695be90aug31.jpg,Tomato_leaf_late_blight,Tomato_leaf_late_blight,0.9993969202041626,1,1.5248613357543945,10.83914566040039,0.21464920043945312,12.581805229187012
dataset/test/Tomato_leaf_late_blight/Late-blight-tomato-leaf-VikramBisht-MBag_jpg.rf.ec494f1ab0c0417fed47095af181f852_aug_6aug117.jpg,Tomato_leaf_late_blight,Tomato_leaf_late_blight,0.9944880604743958,1,1.541769027709961,10.930571556091309,0.21026039123535156,12.685786247253418
dataset/test/Tomato_leaf_late_blight/Late-blight-tomato-leaf-VikramBisht-MBag_jpg.rf.ec494f1ab0c0417fed47095af181f852_aug_7aug116.jpg,Tomato_leaf_late_blight,Tomato_leaf_late_blight,0.994067907333374,1,1.4970836639404297,10.847904205322266,0.22639083862304688,12.575211524963379
dataset/test/Tomato_leaf_late_blight/Late-blight-tomato-leaf-VikramBisht-MBag_jpg.rf.ec494f1ab0c0417fed47095af181f852_aug_8aug115.jpg,Tomato_leaf_late_blight,Tomato_leaf_late_blight,0.9982866644859314,1,1.5277328491210938,10.825385093688965,0.22548198699951172,12.582416534423828
dataset/test/Tomato_leaf_late_blight/Late-blight-tomato-leaf-VikramBisht-MBag_jpg.rf.ec494f1ab0c0417fed47095af181f852aug2.jpg,Tomato_leaf_late_blight,Tomato_leaf_late_blight,0.9984437823295593,1,1.575453758239746,10.693181037902832,0.22611236572265625,12.49911880493164
dataset/test/Tomato_leaf_late_blight/LateBlight-Tomato-JJ-2009-17nxg4q_aug_36aug79.jpg,Tomato_leaf_late_blight,Tomato_leaf_late_blight,0.9993570446968079,1,1.4814367294311523,10.289216041564941,0.17063045501708984,11.944744110107422
dataset/test/Tomato_leaf_late_blight/LateBlight-Tomato-JJ-2009-17nxg4q_aug_37aug87.jpg,Tomato_leaf_late_blight,Tomato_leaf_late_blight,0.9988126754760742,1,1.1282672882080078,8.404757499694824,0.18355751037597656,9.719120025634766
dataset/test/Tomato_leaf_late_blight/LateBlight-Tomato-JJ-2009-17nxg4q_aug_38aug67.jpg,Tomato_leaf_late_blight,Tomato_leaf_late_blight,0.9924448132514954,1,1.0840635299682617,8.129054069519043,0.18120574951171875,9.397969245910645
dataset/test/Tomato_leaf_late_blight/LateBlight-Tomato-JJ-2009-17nxg4q_jpg.rf.93780f99f071013cf0764b40fc6db48c_aug_48aug77.jpg,Tomato_leaf_late_blight,Tomato_leaf_late_blight,0.9994943141937256,1,1.094285011291504,8.076312065124512,0.18303966522216797,9.357172012329102
dataset/test/Tomato_leaf_late_blight/LateBlight-Tomato-JJ-2009-17nxg4q_jpg.rf.93780f99f071013cf0764b40fc6db48c_aug_49aug65.jpg,Tomato_leaf_late_blight,Tomato_leaf_late_blight,0.9999847412109375,1,1.1277847290039062,8.45690631866455,0.17187118530273438,9.759527206420898
dataset/test/Tomato_leaf_late_blight/LateBlight-Tomato-JJ-2009-17nxg4q_jpg.rf.93780f99f071013cf0764b40fc6db48c_aug_50aug75.jpg,Tomato_leaf_late_blight,Tomato_leaf_late_blight,0.9999997615814209,1,1.098841667175293,8.030385971069336,0.17151927947998047,9.303894996643066
dataset/test/Tomato_leaf_late_blight/LateBlight-Tomato-JJ-2009-17nxg4q_jpg.rf.93780f99f071013cf0764b40fc6db48caug16.jpg,Tomato_leaf_late_blight,Tomato_leaf_late_blight,0.9999994039535522,1,1.0916175842285156,7.9636077880859375,0.20963096618652344,9.26796817779541
dataset/test/Tomato_leaf_late_blight/LateBlight-Tomato-JJ-2009-17nxg4qaug12.jpg,Tomato_leaf_late_blight,Tomato_leaf_late_blight,0.9992163181304932,1,1.107304573059082,8.104293823242188,0.17229652404785156,9.386932373046875
dataset/test/Tomato_leaf_late_blight/Lb11_mirror_verticalaug34.jpg,Tomato_leaf_late_blight,Tomato_leaf_late_blight,0.9974783062934875,1,1.1268224716186523,8.082609176635742,0.1685190200805664,9.38046932220459
dataset/test/Tomato_leaf_late_blight/Lb51_mirror_aug_39aug83.jpg,Tomato_leaf_late_blight,Tomato_leaf_late_blight,0.9714146852493286,1,1.1732873916625977,8.244203567504883,0.16161155700683594,9.58182144165039
dataset/test/Tomato_leaf_late_blight/Lb51_mirror_aug_40aug96.jpg,Tomato_leaf_late_blight,Tomato_leaf_late_blight,0.8470636010169983,1,1.0998029708862305,7.961940765380859,0.171539306640625,9.23587417602539
dataset/test/Tomato_leaf_late_blight/Lb51_mirror_aug_41aug91.jpg,Tomato_leaf_late_blight,Tomato_leaf_late_blight,0.9024384021759033,1,1.1309890747070312,9.339913368225098,0.22609424591064453,10.700478553771973
dataset/test/Tomato_leaf_late_blight/Lb51_mirroraug13.jpg,Tomato_leaf_late_blight,Tomato_leaf_late_blight,0.9843268990516663,1,1.5737152099609375,11.259740829467773,0.21111297607421875,13.048141479492188
dataset/test/Tomato_leaf_late_blight/Lb52_change_90_aug_42aug64.jpg,Tomato_leaf_late_blight,Tomato_leaf_late_blight,1.0,1,1.4296207427978516,10.908534049987793,0.21035385131835938,12.55252742767334
dataset/test/Tomato_leaf_late_blight/Lb52_change_90_aug_43aug63.jpg,Tomato_leaf_late_blight,Tomato_leaf_late_blight,0.9999994039535522,1,1.4198980331420898,10.89527416229248,0.21413135528564453,12.532527923583984
dataset/test/Tomato_leaf_late_blight/Lb52_change_90_aug_44aug70.jpg,Tomato_leaf_late_blight,Tomato_leaf_late_blight,1.0,1,1.6345300674438477,10.929757118225098,0.2121868133544922,12.779935836791992
dataset/test/Tomato_leaf_late_blight/Lb52_change_90aug14.jpg,Tomato_leaf_late_blight,Tomato_leaf_late_blight,0.9999960660934448,1,1.4886388778686523,10.818349838256836,0.21352005004882812,12.524211883544922
dataset/test/Tomato_leaf_late_blight/Lb69_aug_45aug76.jpg,Tomato_leaf_late_blight,Tomato_leaf_late_blight,1.0,1,1.4705276489257812,10.832423210144043,0.21570491790771484,12.522433280944824
dataset/test/Tomato_leaf_late_blight/Lb69_aug_46aug72.jpg,Tomato_leaf_late_blight,Tomato_leaf_late_blight,0.9999722242355347,1,1.4312324523925781,10.820664405822754,0.21329784393310547,12.46904468536377
dataset/test/Tomato_leaf_late_blight/Lb69_aug_47aug66.jpg,Tomato_leaf_late_blight,Tomato_leaf_late_blight,0.9999953508377075,1,1.4380102157592773,9.599617958068848,0.17200088500976562,11.212555885314941
dataset/test/Tomato_leaf_late_blight/Lb69aug15.jpg,Tomato_leaf_late_blight,Tomato_leaf_late_blight,0.9999837875366211,1,1.0439329147338867,7.626734733581543,0.1660747528076172,8.839151382446289
dataset/test/Tomato_leaf_late_blight/Lb8_mirror_vertical_aug_10aug118.jpg,Tomato_leaf_late_blight,Tomato_leaf_late_blight,0.9951948523521423,1,1.0534687042236328,7.626086235046387,0.17835235595703125,8.860669136047363
dataset/test/Tomato_leaf_late_blight/Lb8_mirror_vertical_aug_11aug111.jpg,Tomato_leaf_late_blight,Tomato_leaf_late_blight,0.9979361295700073,1,1.057673454284668,7.429012298583984,0.1772775650024414,8.66700267791748
dataset/test/Tomato_leaf_late_blight/Lb8_mirror_vertical_aug_9aug103.jpg,Tomato_leaf_late_blight,Tomato_leaf_late_blight,0.9997907280921936,1,1.0784883499145508,7.448956489562988,0.17948341369628906,8.710075378417969
dataset/test/Tomato_leaf_late_blight/Lb8_mirror_verticalaug3.jpg,Tomato_leaf_late_blight,Tomato_leaf_late_blight,0.9998593330383301,1,1.104156494140625,7.642531394958496,0.16985416412353516,8.919058799743652
dataset/test/Tomato_leaf_late_blight/Lb97_aug_21aug84.jpg,Tomato_leaf_late_blight,Tomato_leaf_late_blight,0.9999988079071045,1,1.082228660583496,7.667919158935547,0.16596508026123047,8.918966293334961
dataset/test/Tomato_leaf_late_blight/Lb97_aug_22aug101.jpg,Tomato_leaf_late_blight,Tomato_leaf_late_blight,0.9999998807907104,1,1.061173439025879,7.624957084655762,0.1657238006591797,8.855225563049316
dataset/test/Tomato_leaf_late_blight/Lb97_aug_23aug82.jpg,Tomato_leaf_late_blight,Tomato_leaf_late_blight,0.9999997615814209,1,1.0738964080810547,7.5917158126831055,0.16629695892333984,8.834392547607422
dataset/test/Tomato_leaf_late_blight/Lb97aug7.jpg,Tomato_leaf_late_blight,Tomato_leaf_late_blight,0.9999991655349731,1,1.063619613647461,7.644290924072266,0.17200279235839844,8.882614135742188
dataset/test/Tomato_leaf_late_blight/Leaf-2Bsymptoms-2BMDA_jpg.rf.39b220104d04636fad4f5aae043826cb_aug_0aug108.jpg,Tomato_leaf_late_blight,Tomato_leaf_late_blight,0.9949327111244202,1,1.1485624313354492,7.681032180786133,0.15763092041015625,8.989501953125
dataset/test/Tomato_leaf_late_blight/Leaf-2Bsymptoms-2BMDA_jpg.rf.39b220104d04636fad4f5aae043826cb_aug_1aug106.jpg,Tomato_leaf_late_blight,Tomato_leaf_late_blight,0.9903056621551514,1,1.0987110137939453,7.5052900314331055,0.16662979125976562,8.773538589477539
dataset/test/Tomato_leaf_late_blight/Leaf-2Bsymptoms-2BMDA_jpg.rf.39b220104d04636fad4f5aae043826cb_aug_2aug119.jpg,Tomato_leaf_late_blight,Tomato_leaf_late_blight,0.9974294304847717,1,1.2108039855957031,7.926143646240234,0.17776012420654297,9.317302703857422
dataset/test/Tomato_leaf_late_blight/Leaf-2Bsymptoms-2BMDA_jpg.rf.39b220104d04636fad4f5aae043826cbaug0.jpg,Tomato_leaf_late_blight,Tomato_leaf_late_blight,0.9571081399917603,1,1.209193229675293,8.06264591217041,0.17226028442382812,9.446637153625488
dataset/test/Tomato_leaf_late_blight/Tomato-20bacterial-20canker-JPG_jpg.rf.8b568c1d5efcfdcef44c606eb076b889_aug_30aug92.jpg,Tomato_leaf_late_blight,Tomato_leaf_late_blight,0.8665844798088074,1,1.188878059387207,8.077459335327148,0.1729269027709961,9.441654205322266
dataset/test/Tomato_leaf_late_blight/Tomato-20bacterial-20canker-JPG_jpg.rf.8b568c1d5efcfdcef44c606eb076b889_aug_31aug98.jpg,Tomato_leaf_late_blight,Tomato_leaf_late_blight,0.9578248262405396,1,1.1700820922851562,8.120441436767578,0.17394638061523438,9.467025756835938
dataset/test/Tomato_leaf_late_blight/Tomato-20bacterial-20canker-JPG_jpg.rf.8b568c1d5efcfdcef44c606eb076b889_aug_32aug90.jpg,Tomato_leaf_late_blight,Tomato_leaf_late_blight,0.9923962950706482,1,1.208765983581543,8.062701225280762,0.17331600189208984,9.447469711303711
dataset/test/Tomato_leaf_late_blight/Tomato-20bacterial-20canker-JPG_jpg.rf.8b568c1d5efcfdcef44c606eb076b889aug10.jpg,Tomato_leaf_late_blight,Tomato_leaf_late_blight,0.9648054242134094,1,1.161489486694336,8.136369705200195,0.17391014099121094,9.474302291870117
dataset/test/Tomato_leaf_late_blight/TomatoBlight-JPG_jpg.rf.234cbc5809dc7d942e46760a63e10d9f_aug_33aug88.jpg,Tomato_leaf_late_blight,Tomato_leaf_late_blight,0.9453498125076294,1,1.1417112350463867,7.98116397857666,0.17627811431884766,9.301653861999512
dataset/test/Tomato_leaf_late_blight/TomatoBlight-JPG_jpg.rf.234cbc5809dc7d942e46760a63e10d9f_aug_34aug86.jpg,Tomato_leaf_late_blight,Tomato_leaf_late_blight,0.9614977240562439,1,1.1714897155761719,8.095017433166504,0.17364883422851562,9.442599296569824
dataset/test/Tomato_leaf_late_blight/TomatoBlight-JPG_jpg.rf.234cbc5809dc7d942e46760a63e10d9f_aug_35aug93.jpg,Tomato_leaf_late_blight,Tomato_leaf_late_blight,0.9761097431182861,1,1.1690263748168945,8.006348609924316,0.17472362518310547,9.3525972366333
dataset/test/Tomato_leaf_late_blight/TomatoBlight-JPG_jpg.rf.234cbc5809dc7d942e46760a63e10d9faug11.jpg,Tomato_leaf_late_blight,Tomato_mold_leaf,0.507989764213562,0,1.1546363830566406,8.122368812561035,0.1751861572265625,9.45524787902832
dataset/test/Tomato_leaf_late_blight/dsc_8140cs_aug_3aug114.jpg,Tomato_leaf_late_blight,Tomato_leaf_late_blight,0.9512335658073425,1,1.2088966369628906,8.065701484680176,0.16255664825439453,9.43932056427002
dataset/test/Tomato_leaf_late_blight/dsc_8140cs_aug_4aug99.jpg,Tomato_leaf_late_blight,Tomato_mold_leaf,0.6188033819198608,0,1.1469717025756836,7.977385520935059,0.17377948760986328,9.300893783569336
dataset/test/Tomato_leaf_late_blight/dsc_8140cs_aug_5aug102.jpg,Tomato_leaf_late_blight,Tomato_leaf_late_blight,0.515722930431366,1,1.2789897918701172,7.881495475769043,0.18200111389160156,9.345821380615234
dataset/test/Tomato_leaf_late_blight/dsc_8140csaug1.jpg,Tomato_leaf_late_blight,Tomato_mold_leaf,0.8775116801261902,0,1.1866750717163086,8.151774406433105,0.18487167358398438,9.52606201171875
dataset/test/Tomato_leaf_late_blight/late_jpg.rf.f64883c6ac50eb4f477851ddc23305e8_aug_69aug47.jpg,Tomato_leaf_late_blight,Tomato_Early_blight_leaf,0.4907950460910797,0,1.2047309875488281,8.111183166503906,0.1829996109008789,9.502747535705566
dataset/test/Tomato_leaf_late_blight/late_jpg.rf.f64883c6ac50eb4f477851ddc23305e8_aug_70aug48.jpg,Tomato_leaf_late_blight,Tomato_Early_blight_leaf,0.7937091588973999,0,1.2092294692993164,8.07475757598877,0.17313003540039062,9.45987606048584
dataset/test/Tomato_leaf_late_blight/late_jpg.rf.f64883c6ac50eb4f477851ddc23305e8_aug_71aug42.jpg,Tomato_leaf_late_blight,Tomato_leaf_late_blight,0.7102434039115906,1,1.1854887008666992,8.144201278686523,0.17266845703125,9.505284309387207
dataset/test/Tomato_leaf_late_blight/late_jpg.rf.f64883c6ac50eb4f477851ddc23305e8aug23.jpg,Tomato_leaf_late_blight,Tomato_leaf_late_blight,0.4209595024585724,1,1.193878173828125,8.068460464477539,0.1740570068359375,9.438764572143555
dataset/test/Tomato_leaf_late_blight/lateblightTom_lesionaug30.jpg,Tomato_leaf_late_blight,Tomato_leaf_late_blight,0.4936240017414093,1,1.1285076141357422,8.054718017578125,0.17185306549072266,9.35807991027832
dataset/test/Tomato_leaf_late_blight/lb_leaf_lesions2x1200_jpg.rf.3a72cc9627c3ba6d79a876e19220824e_aug_81aug56.jpg,Tomato_leaf_late_blight,Tomato_leaf_late_blight,0.9999685287475586,1,1.1225433349609375,8.097441673278809,0.1660938262939453,9.388468742370605
dataset/test/Tomato_leaf_late_blight/lb_leaf_lesions2x1200_jpg.rf.3a72cc9627c3ba6d79a876e19220824e_aug_82aug62.jpg,Tomato_leaf_late_blight,Tomato_leaf_late_blight,0.9999704360961914,1,1.1433610916137695,7.911626815795898,0.18337154388427734,9.242060661315918
dataset/test/Tomato_leaf_late_blight/lb_leaf_lesions2x1200_jpg.rf.3a72cc9627c3ba6d79a876e19220824e_aug_83aug57.jpg,Tomato_leaf_late_blight,Tomato_leaf_late_blight,0.9995388984680176,1,1.24761962890625,10.200011253356934,0.20626068115234375,11.65661334991455
dataset/test/Tomato_leaf_late_blight/lb_leaf_lesions2x1200_jpg.rf.3a72cc9627c3ba6d79a876e19220824eaug27.jpg,Tomato_leaf_late_blight,Tomato_leaf_late_blight,0.9999790191650391,1,1.4865102767944336,10.985072135925293,0.21387195587158203,12.689138412475586
dataset/test/Tomato_leaf_late_blight/p1020076cs_aug_78aug35.jpg,Tomato_leaf_late_blight,Tomato_leaf_late_blight,0.9997066855430603,1,1.4877138137817383,11.875669479370117,0.21518707275390625,13.58253288269043
dataset/test/Tomato_leaf_late_blight/p1020076cs_aug_79aug59.jpg,Tomato_leaf_late_blight,Tomato_leaf_late_blight,0.9999791383743286,1,1.4577693939208984,11.130461692810059,0.21572399139404297,12.80771541595459
dataset/test/Tomato_leaf_late_blight/p1020076cs_aug_80aug55.jpg,Tomato_leaf_late_blight,Tomato_leaf_late_blight,0.999895453453064,1,1.4254732131958008,29.148710250854492,0.21466827392578125,30.792461395263672
dataset/test/Tomato_leaf_late_blight/p1020076csaug26.jpg,Tomato_leaf_late_blight,Tomato_leaf_late_blight,0.9999707937240601,1,1.4961214065551758,16.435330390930176,0.21455669403076172,18.14972972869873
dataset/test/Tomato_leaf_late_blight/symptoms_of_late_blight_0_jpg.rf.417903f6c86ccb4f4bcd7139e0867018_aug_75aug58.jpg,Tomato_leaf_late_blight,Tomato_leaf_late_blight,0.9999798536300659,1,1.859938621520996,11.076869010925293,0.16814899444580078,13.107623100280762
dataset/test/Tomato_leaf_late_blight/symptoms_of_late_blight_0_jpg.rf.417903f6c86ccb4f4bcd7139e0867018_aug_76aug54.jpg,Tomato_leaf_late_blight,Tomato_leaf_late_blight,0.9999814033508301,1,1.1465072631835938,8.015015602111816,0.16822338104248047,9.3321533203125
dataset/test/Tomato_leaf_late_blight/symptoms_of_late_blight_0_jpg.rf.417903f6c86ccb4f4bcd7139e0867018_aug_77aug61.jpg,Tomato_leaf_late_blight,Tomato_leaf_late_blight,0.9999920129776001,1,1.1862668991088867,7.58808708190918,0.1669635772705078,8.943743705749512
dataset/test/Tomato_leaf_late_blight/symptoms_of_late_blight_0_jpg.rf.417903f6c86ccb4f4bcd7139e0867018aug25.jpg,Tomato_leaf_late_blight,Tomato_leaf_late_blight,0.999997615814209,1,1.1236743927001953,7.6609954833984375,0.17729663848876953,8.96507740020752
dataset/test/Tomato_leaf_late_blight/tomato-late-blight-leaf-61-3x32_aug_12aug112.jpg,Tomato_leaf_late_blight,Tomato_leaf_late_blight,0.9999047517776489,1,1.1851367950439453,8.371257781982422,0.17020511627197266,9.72948932647705
dataset/test/Tomato_leaf_late_blight/tomato-late-blight-leaf-61-3x32_aug_13aug110.jpg,Tomato_leaf_late_blight,Tomato_leaf_late_blight,0.9943068623542786,1,1.070322036743164,7.687309265136719,0.17313003540039062,8.93402099609375
dataset/test/Tomato_leaf_late_blight/tomato-late-blight-leaf-61-3x32_aug_14aug105.jpg,Tomato_leaf_late_blight,Tomato_leaf_late_blight,0.9998944997787476,1,1.0678768157958984,7.697792053222656,0.18426036834716797,8.952779769897461
dataset/test/Tomato_leaf_late_blight/tomato-late-blight-leaf-61-3x32aug4.jpg,Tomato_leaf_late_blight,Tomato_leaf_late_blight,0.9999585151672363,1,1.1117286682128906,7.799494743347168,0.16818618774414062,9.082208633422852
dataset/test/Tomato_leaf_late_blight/tomato.early.blightH_aug_18aug100.jpg,Tomato_leaf_late_blight,Tomato_Septoria_leaf_spot,0.9989711046218872,0,1.1550626754760742,7.85197639465332,0.1636486053466797,9.173133850097656
dataset/test/Tomato_leaf_late_blight/tomato.early.blightH_aug_19aug107.jpg,Tomato_leaf_late_blight,Tomato_Septoria_leaf_spot,0.9336615204811096,0,1.1612300872802734,7.530104637145996,0.1750020980834961,8.869336128234863
dataset/test/Tomato_leaf_late_blight/tomato.early.blightH_aug_20aug94.jpg,Tomato_leaf_late_blight,Tomato_Septoria_leaf_spot,0.6661699414253235,0,1.185563087463379,7.6527910232543945,0.17620563507080078,9.017837524414062
dataset/test/Tomato_leaf_late_blight/tomato.early.blightHaug6.jpg,Tomato_leaf_late_blight,Tomato_Septoria_leaf_spot,0.8751289248466492,0,1.229562759399414,9.136467933654785,0.21137142181396484,10.580865859985352
dataset/test/Tomato_leaf_yellow_curl_virus/1342017-162221-44540_jpg.rf.f68314ea4850dade3a214dec71c83715_aug_77aug56.jpg,Tomato_leaf_yellow_curl_virus,Tomato_leaf_yellow_curl_virus,0.9998718500137329,1,1.5470848083496094,10.883367538452148,0.22446537017822266,12.658824920654297
dataset/test/Tomato_leaf_yellow_curl_virus/1342017-162221-44540_jpg.rf.f68314ea4850dade3a214dec71c83715_aug_78aug81.jpg,Tomato_leaf_yellow_curl_virus,Tomato_leaf_yellow_curl_virus,0.9999734163284302,1,1.6165094375610352,10.830940246582031,0.2088909149169922,12.659453392028809
dataset/test/Tomato_leaf_yellow_curl_virus/1342017-162221-44540_jpg.rf.f68314ea4850dade3a214dec71c83715_aug_79aug60.jpg,Tomato_leaf_yellow_curl_virus,Tomato_leaf_yellow_curl_virus,0.9999895095825195,1,1.5925836563110352,11.880597114562988,0.21059322357177734,13.687182426452637
dataset/test/Tomato_leaf_yellow_curl_virus/1342017-162221-44540_jpg.rf.f68314ea4850dade3a214dec71c83715_aug_80aug64.jpg,Tomato_leaf_yellow_curl_virus,Tomato_leaf_yellow_curl_virus,0.9999945163726807,1,1.5851774215698242,10.989386558532715,0.2127065658569336,12.790250778198242
dataset/test/Tomato_leaf_yellow_curl_virus/1342017-162221-44540_jpg.rf.f68314ea4850dade3a214dec71c83715_aug_81aug61.jpg,Tomato_leaf_yellow_curl_virus,Tomato_leaf_yellow_curl_virus,0.9999704360961914,1,1.5563430786132812,10.887052536010742,0.21246623992919922,12.658767700195312
dataset/test/Tomato_leaf_yellow_curl_virus/1342017-162221-44540_jpg.rf.f68314ea4850dade3a214dec71c83715_aug_82aug80.jpg,Tomato_leaf_yellow_curl_virus,Tomato_leaf_yellow_curl_virus,0.9999697208404541,1,1.6278448104858398,10.838552474975586,0.20929718017578125,12.694063186645508
dataset/test/Tomato_leaf_yellow_curl_virus/1342017-162221-44540_jpg.rf.f68314ea4850dade3a214dec71c83715_aug_83aug70.jpg,Tomato_leaf_yellow_curl_virus,Tomato_leaf_yellow_curl_virus,0.9999996423721313,1,1.6337528228759766,10.88786792755127,0.21544742584228516,12.740232467651367
dataset/test/Tomato_leaf_yellow_curl_virus/1342017-162221-44540_jpg.rf.f68314ea4850dade3a214dec71c83715aug11.jpg,Tomato_leaf_yellow_curl_virus,Tomato_leaf_yellow_curl_virus,0.9999881982803345,1,1.5837507247924805,9.3876371383667,0.17000102996826172,11.144498825073242
dataset/test/Tomato_leaf_yellow_curl_virus/8226402877_9abf151b5b_b_jpg.rf.a2dff27e03c5ab47916df5d873c1590f_aug_70aug66.jpg,Tomato_leaf_yellow_curl_virus,Tomato_leaf_yellow_curl_virus,0.9999856948852539,1,1.1479692459106445,7.793087959289551,0.20415019989013672,9.148096084594727
dataset/test/Tomato_leaf_yellow_curl_virus/8226402877_9abf151b5b_b_jpg.rf.a2dff27e03c5ab47916df5d873c1590f_aug_71aug69.jpg,Tomato_leaf_yellow_curl_virus,Tomato_leaf_yellow_curl_virus,0.9999872446060181,1,1.1232481002807617,7.761810302734375,0.16413116455078125,9.051429748535156
dataset/test/Tomato_leaf_yellow_curl_virus/8226402877_9abf151b5b_b_jpg.rf.a2dff27e03c5ab47916df5d873c1590f_aug_72aug73.jpg,Tomato_leaf_yellow_curl_virus,Tomato_leaf_yellow_curl_virus,0.9982500672340393,1,1.1173591613769531,7.850607872009277,0.19366931915283203,9.165077209472656
dataset/test/Tomato_leaf_yellow_curl_virus/8226402877_9abf151b5b_b_jpg.rf.a2dff27e03c5ab47916df5d873c1590f_aug_73aug54.jpg,Tomato_leaf_yellow_curl_virus,Tomato_leaf_yellow_curl_virus,0.9998196959495544,1,1.2071380615234375,7.836847305297852,0.1729269027709961,9.219968795776367
dataset/test/Tomato_leaf_yellow_curl_virus/8226402877_9abf151b5b_b_jpg.rf.a2dff27e03c5ab47916df5d873c1590f_aug_74aug76.jpg,Tomato_leaf_yellow_curl_virus,Tomato_leaf_yellow_curl_virus,0.9999994039535522,1,1.229508399963379,7.739699363708496,0.17359352111816406,9.145282745361328
dataset/test/Tomato_leaf_yellow_curl_virus/8226402877_9abf151b5b_b_jpg.rf.a2dff27e03c5ab47916df5d873c1590f_aug_75aug74.jpg,Tomato_leaf_yellow_curl_virus,Tomato_leaf_yellow_curl_virus,0.9999961853027344,1,1.126729965209961,7.8034772872924805,0.16874122619628906,9.100744247436523
dataset/test/Tomato_leaf_yellow_curl_virus/8226402877_9abf151b5b_b_jpg.rf.a2dff27e03c5ab47916df5d873c1590f_aug_76aug65.jpg,Tomato_leaf_yellow_curl_virus,Tomato_leaf_yellow_curl_virus,0.9999226331710815,1,1.1226177215576172,7.836014747619629,0.1849803924560547,9.14683723449707
dataset/test/Tomato_leaf_yellow_curl_virus/8226402877_9abf151b5b_b_jpg.rf.a2dff27e03c5ab47916df5d873c1590faug10.jpg,Tomato_leaf_yellow_curl_virus,Tomato_leaf_yellow_curl_virus,0.9999459981918335,1,1.1751928329467773,8.420479774475098,0.1725006103515625,9.77061939239502
dataset/test/Tomato_leaf_yellow_curl_virus/DSC01999-JPG_jpg.rf.700fa6596ab8750ad0f1c47a0defe191_aug_84aug53.jpg,Tomato_leaf_yellow_curl_virus,Tomato_leaf_yellow_curl_virus,0.9999250173568726,1,1.2108421325683594,7.878904342651367,0.1685953140258789,9.260726928710938
dataset/test/Tomato_leaf_yellow_curl_virus/DSC01999-JPG_jpg.rf.700fa6596ab8750ad0f1c47a0defe191_aug_85aug82.jpg,Tomato_leaf_yellow_curl_virus,Tomato_leaf_yellow_curl_virus,0.9999986886978149,1,1.1989164352416992,7.814255714416504,0.18061161041259766,9.196986198425293
dataset/test/Tomato_leaf_yellow_curl_virus/DSC01999-JPG_jpg.rf.700fa6596ab8750ad0f1c47a0defe191_aug_86aug71.jpg,Tomato_leaf_yellow_curl_virus,Tomato_leaf_yellow_curl_virus,0.999996542930603,1,1.2296380996704102,8.102625846862793,0.17548179626464844,9.510542869567871
dataset/test/Tomato_leaf_yellow_curl_virus/DSC01999-JPG_jpg.rf.700fa6596ab8750ad0f1c47a0defe191_aug_87aug78.jpg,Tomato_leaf_yellow_curl_virus,Tomato_leaf_yellow_curl_virus,0.9999815225601196,1,1.2213773727416992,8.100164413452148,0.1745767593383789,9.498970031738281
dataset/test/Tomato_leaf_yellow_curl_virus/DSC01999-JPG_jpg.rf.700fa6596ab8750ad0f1c47a0defe191_aug_88aug51.jpg,Tomato_leaf_yellow_curl_virus,Tomato_leaf_yellow_curl_virus,0.99988853931427,1,1.213174819946289,8.327905654907227,0.2102794647216797,9.754045486450195
dataset/test/Tomato_leaf_yellow_curl_virus/DSC01999-JPG_jpg.rf.700fa6596ab8750ad0f1c47a0defe191_aug_89aug63.jpg,Tomato_leaf_yellow_curl_virus,Tomato_leaf_yellow_curl_virus,0.9999856948852539,1,1.2104148864746094,8.204387664794922,0.1826314926147461,9.60019302368164
dataset/test/Tomato_leaf_yellow_curl_virus/DSC01999-JPG_jpg.rf.700fa6596ab8750ad0f1c47a0defe191_aug_90aug85.jpg,Tomato_leaf_yellow_curl_virus,Tomato_leaf_yellow_curl_virus,0.999987006187439,1,1.255472183227539,8.201294898986816,0.18496322631835938,9.644340515136719
dataset/test/Tomato_leaf_yellow_curl_virus/DSC01999-JPG_jpg.rf.700fa6596ab8750ad0f1c47a0defe191aug12.jpg,Tomato_leaf_yellow_curl_virus,Tomato_leaf_yellow_curl_virus,0.9999960660934448,1,1.210322380065918,8.074665069580078,0.17650127410888672,9.464025497436523
dataset/test/Tomato_leaf_yellow_curl_virus/DSC01999.JPG_aug_63aug68.jpg,Tomato_leaf_yellow_curl_virus,Tomato_leaf_yellow_curl_virus,0.9987565279006958,1,1.3175630569458008,8.109052658081055,0.1747598648071289,9.604211807250977
dataset/test/Tomato_leaf_yellow_curl_virus/DSC01999.JPG_aug_64aug72.jpg,Tomato_leaf_yellow_curl_virus,Tomato_leaf_yellow_curl_virus,0.9997245669364929,1,1.3646764755249023,8.065442085266113,0.2730588912963867,9.70663833618164
dataset/test/Tomato_leaf_yellow_curl_virus/DSC01999.JPG_aug_65aug75.jpg,Tomato_leaf_yellow_curl_virus,Tomato_leaf_yellow_curl_virus,0.9998840093612671,1,1.2499885559082031,8.105293273925781,0.17407512664794922,9.531766891479492
dataset/test/Tomato_leaf_yellow_curl_virus/DSC01999.JPG_aug_66aug58.jpg,Tomato_leaf_yellow_curl_virus,Tomato_leaf_yellow_curl_virus,0.9998716115951538,1,1.2794523239135742,8.189275741577148,0.18633556365966797,9.658193588256836
dataset/test/Tomato_leaf_yellow_curl_virus/DSC01999.JPG_aug_67aug83.jpg,Tomato_leaf_yellow_curl_virus,Tomato_leaf_yellow_curl_virus,0.9999641180038452,1,1.2676935195922852,8.448147773742676,0.17435264587402344,9.893194198608398
dataset/test/Tomato_leaf_yellow_curl_virus/DSC01999.JPG_aug_68aug79.jpg,Tomato_leaf_yellow_curl_virus,Tomato_leaf_yellow_curl_virus,0.9954237341880798,1,1.2556934356689453,8.080998420715332,0.17903804779052734,9.51854419708252
dataset/test/Tomato_leaf_yellow_curl_virus/DSC01999.JPG_aug_69aug62.jpg,Tomato_leaf_yellow_curl_virus,Tomato_leaf_yellow_curl_virus,0.999830961227417,1,1.2016563415527344,8.122126579284668,0.17774200439453125,9.504544258117676
dataset/test/Tomato_leaf_yellow_curl_virus/DSC01999.JPGaug9.jpg,Tomato_leaf_yellow_curl_virus,Tomato_leaf_yellow_curl_virus,0.999921441078186,1,1.4178800582885742,8.104106903076172,0.1740550994873047,9.699007987976074
dataset/test/Tomato_leaf_yellow_curl_virus/IMG_20251102_155103aug15.jpg,Tomato_leaf_yellow_curl_virus,Tomato_leaf_yellow_curl_virus,0.8993887901306152,1,1.1271371841430664,8.160368919372559,0.1796865463256836,9.46989631652832
dataset/test/Tomato_leaf_yellow_curl_virus/IMG_20251102_160455_aug_42aug104.jpg,Tomato_leaf_yellow_curl_virus,Tomato_leaf_yellow_curl_virus,0.9698976874351501,1,1.1856193542480469,8.089997291564941,0.17420482635498047,9.452544212341309
dataset/test/Tomato_leaf_yellow_curl_virus/IMG_20251102_160455_aug_43aug111.jpg,Tomato_leaf_yellow_curl_virus,Tomato_leaf_yellow_curl_virus,0.9987710118293762,1,1.1162300109863281,8.10531234741211,0.1672048568725586,9.391172409057617
dataset/test/Tomato_leaf_yellow_curl_virus/IMG_20251102_160455_aug_44aug112.jpg,Tomato_leaf_yellow_curl_virus,Tomato_leaf_yellow_curl_virus,0.748132050037384,1,1.1252851486206055,7.937254905700684,0.17151927947998047,9.236449241638184
dataset/test/Tomato_leaf_yellow_curl_virus/IMG_20251102_160455_aug_45aug108.jpg,Tomato_leaf_yellow_curl_virus,Tomato_leaf_yellow_curl_virus,0.7182480692863464,1,1.2595834732055664,8.074886322021484,0.1884288787841797,9.526524543762207
dataset/test/Tomato_leaf_yellow_curl_virus/IMG_20251102_160455_aug_46aug110.jpg,Tomato_leaf_yellow_curl_virus,Tomato_leaf_yellow_curl_virus,0.9806163311004639,1,1.2386388778686523,8.005330085754395,0.17964935302734375,9.426913261413574
dataset/test/Tomato_leaf_yellow_curl_virus/IMG_20251102_160455_aug_47aug98.jpg,Tomato_leaf_yellow_curl_virus,Tomato_leaf_yellow_curl_virus,0.6800988912582397,1,1.134469985961914,8.26675796508789,0.2190389633178711,9.622896194458008
dataset/test/Tomato_leaf_yellow_curl_virus/IMG_20251102_160455_aug_48aug105.jpg,Tomato_leaf_yellow_curl_virus,Tomato_leaf_yellow_curl_virus,0.8340452909469604,1,1.1961755752563477,8.19723892211914,0.17461299896240234,9.571136474609375
dataset/test/Tomato_leaf_yellow_curl_virus/IMG_20251102_160455aug6.jpg,Tomato_leaf_yellow_curl_virus,Tomato_leaf_yellow_curl_virus,0.9855189323425293,1,1.3148231506347656,8.319518089294434,0.17383384704589844,9.811100959777832
dataset/test/Tomato_leaf_yellow_curl_virus/IMG_20251102_160553_aug_35aug49.jpg,Tomato_leaf_yellow_curl_virus,Tomato_leaf_yellow_curl_virus,0.9507691860198975,1,1.2702484130859375,8.35568618774414,0.1908893585205078,9.820286750793457
dataset/test/Tomato_leaf_yellow_curl_virus/IMG_20251102_160553_aug_36aug113.jpg,Tomato_leaf_yellow_curl_virus,Tomato_leaf_yellow_curl_virus,0.9986547231674194,1,1.2543983459472656,8.562593460083008,0.1760568618774414,9.995621681213379
dataset/test/Tomato_leaf_yellow_curl_virus/IMG_20251102_160553_aug_37aug114.jpg,Tomato_leaf_yellow_curl_virus,Tomato_leaf_yellow_curl_virus,0.9899391531944275,1,1.2253227233886719,8.219442367553711,0.17252063751220703,9.620062828063965
dataset/test/Tomato_leaf_yellow_curl_virus/IMG_20251102_160553_aug_38aug101.jpg,Tomato_leaf_yellow_curl_virus,Tomato_leaf_yellow_curl_virus,0.9979318380355835,1,1.1885643005371094,8.284516334533691,0.19144725799560547,9.66789722442627
dataset/test/Tomato_leaf_yellow_curl_virus/IMG_20251102_160553_aug_39aug118.jpg,Tomato_leaf_yellow_curl_virus,Tomato_leaf_yellow_curl_virus,0.98637855052948,1,1.19439697265625,8.381610870361328,0.17498397827148438,9.754007339477539
dataset/test/Tomato_leaf_yellow_curl_virus/IMG_20251102_160553_aug_40aug19.jpg,Tomato_leaf_yellow_curl_virus,Tomato_leaf_yellow_curl_virus,0.9015091061592102,1,1.1921005249023438,8.231534957885742,0.17381572723388672,9.600321769714355
dataset/test/Tomato_leaf_yellow_curl_virus/IMG_20251102_160553_aug_41aug119.jpg,Tomato_leaf_yellow_curl_virus,Tomato_leaf_yellow_curl_virus,0.9691913723945618,1,1.1975088119506836,8.158145904541016,0.1820383071899414,9.5403413772583
dataset/test/Tomato_leaf_yellow_curl_virus/IMG_20251102_160553aug5.jpg,Tomato_leaf_yellow_curl_virus,Tomato_leaf_yellow_curl_virus,0.9294726848602295,1,1.2813968658447266,8.21414566040039,0.17309284210205078,9.671377182006836
dataset/test/Tomato_leaf_yellow_curl_virus/TYLCV-tomate-DB-445-171_jpg.rf.9d70326900dd981ab5d49063b0d644f0_aug_21aug41.jpg,Tomato_leaf_yellow_curl_virus,Tomato_leaf_yellow_curl_virus,0.9995391368865967,1,1.175729751586914,8.316035270690918,0.18113040924072266,9.676026344299316
dataset/test/Tomato_leaf_yellow_curl_virus/TYLCV-tomate-DB-445-171_jpg.rf.9d70326900dd981ab5d49063b0d644f0_aug_22aug30.jpg,Tomato_leaf_yellow_curl_virus,Tomato_leaf_yellow_curl_virus,0.9996460676193237,1,1.1984148025512695,8.117256164550781,0.16561222076416016,9.4839506149292
dataset/test/Tomato_leaf_yellow_curl_virus/TYLCV-tomate-DB-445-171_jpg.rf.9d70326900dd981ab5d49063b0d644f0_aug_23aug42.jpg,Tomato_leaf_yellow_curl_virus,Tomato_leaf_yellow_curl_virus,0.9994978904724121,1,1.1307659149169922,7.902050018310547,0.1715564727783203,9.206892967224121
dataset/test/Tomato_leaf_yellow_curl_virus/TYLCV-tomate-DB-445-171_jpg.rf.9d70326900dd981ab5d49063b0d644f0_aug_24aug45.jpg,Tomato_leaf_yellow_curl_virus,Tomato_leaf_yellow_curl_virus,0.9994582533836365,1,1.1590642929077148,8.11744213104248,0.18231582641601562,9.462209701538086
dataset/test/Tomato_leaf_yellow_curl_virus/TYLCV-tomate-DB-445-171_jpg.rf.9d70326900dd981ab5d49063b0d644f0_aug_25aug20.jpg,Tomato_leaf_yellow_curl_virus,Tomato_leaf_yellow_curl_virus,0.9999709129333496,1,1.2221193313598633,8.142219543457031,0.17298221588134766,9.540303230285645
dataset/test/Tomato_leaf_yellow_curl_virus/TYLCV-tomate-DB-445-171_jpg.rf.9d70326900dd981ab5d49063b0d644f0_aug_26aug18.jpg,Tomato_leaf_yellow_curl_virus,Tomato_leaf_yellow_curl_virus,0.9999995231628418,1,1.1798591613769531,8.157126426696777,0.17296600341796875,9.512989044189453
dataset/test/Tomato_leaf_yellow_curl_virus/TYLCV-tomate-DB-445-171_jpg.rf.9d70326900dd981ab5d49063b0d644f0_aug_27aug29.jpg,Tomato_leaf_yellow_curl_virus,Tomato_leaf_yellow_curl_virus,0.9999779462814331,1,1.1679344177246094,8.058126449584961,0.1815938949584961,9.411246299743652
dataset/test/Tomato_leaf_yellow_curl_virus/TYLCV-tomate-DB-445-171_jpg.rf.9d70326900dd981ab5d49063b0d644f0aug3.jpg,Tomato_leaf_yellow_curl_virus,Tomato_leaf_yellow_curl_virus,0.9999376535415649,1,1.2258062362670898,8.085590362548828,0.18187236785888672,9.496339797973633
dataset/test/Tomato_leaf_yellow_curl_virus/TYLCV4_jpg.rf.2e4accea501a220be9dc475dd1ca3121_aug_10aug22.jpg,Tomato_leaf_yellow_curl_virus,Tomato_leaf_yellow_curl_virus,0.9999998807907104,1,1.1498231887817383,8.081424713134766,0.17038917541503906,9.404765129089355
dataset/test/Tomato_leaf_yellow_curl_virus/TYLCV4_jpg.rf.2e4accea501a220be9dc475dd1ca3121_aug_11aug44.jpg,Tomato_leaf_yellow_curl_virus,Tomato_leaf_yellow_curl_virus,0.9999990463256836,1,1.159785270690918,8.07131290435791,0.21426105499267578,9.44909954071045
dataset/test/Tomato_leaf_yellow_curl_virus/TYLCV4_jpg.rf.2e4accea501a220be9dc475dd1ca3121_aug_12aug39.jpg,Tomato_leaf_yellow_curl_virus,Tomato_leaf_yellow_curl_virus,0.9999998807907104,1,1.1674518585205078,8.057663917541504,0.18340778350830078,9.411524772644043
dataset/test/Tomato_leaf_yellow_curl_virus/TYLCV4_jpg.rf.2e4accea501a220be9dc475dd1ca3121_aug_13aug35.jpg,Tomato_leaf_yellow_curl_virus,Tomato_leaf_yellow_curl_virus,0.9999998807907104,1,1.1609163284301758,8.148109436035156,0.17590808868408203,9.488265991210938
dataset/test/Tomato_leaf_yellow_curl_virus/TYLCV4_jpg.rf.2e4accea501a220be9dc475dd1ca3121_aug_7aug40.jpg,Tomato_leaf_yellow_curl_virus,Tomato_leaf_yellow_curl_virus,1.0,1,1.1943225860595703,7.968904495239258,0.170501708984375,9.336430549621582
dataset/test/Tomato_leaf_yellow_curl_virus/TYLCV4_jpg.rf.2e4accea501a220be9dc475dd1ca3121_aug_8aug33.jpg,Tomato_leaf_yellow_curl_virus,Tomato_leaf_yellow_curl_virus,0.9999994039535522,1,1.200545310974121,7.982367515563965,0.1725940704345703,9.358209609985352
dataset/test/Tomato_leaf_yellow_curl_virus/TYLCV4_jpg.rf.2e4accea501a220be9dc475dd1ca3121_aug_9aug48.jpg,Tomato_leaf_yellow_curl_virus,Tomato_leaf_yellow_curl_virus,1.0,1,1.2144880294799805,7.914680480957031,0.1770191192626953,9.308486938476562
dataset/test/Tomato_leaf_yellow_curl_virus/TYLCV4_jpg.rf.2e4accea501a220be9dc475dd1ca3121aug1.jpg,Tomato_leaf_yellow_curl_virus,Tomato_leaf_yellow_curl_virus,0.9999992847442627,1,1.1812105178833008,8.077033996582031,0.1723346710205078,9.433412551879883
dataset/test/Tomato_leaf_yellow_curl_virus/art_15017325188173_a24a66_aug_14aug36.jpg,Tomato_leaf_yellow_curl_virus,Tomato_leaf_yellow_curl_virus,0.9999839067459106,1,1.1835994720458984,8.037552833557129,0.17081642150878906,9.394598007202148
dataset/test/Tomato_leaf_yellow_curl_virus/art_15017325188173_a24a66_aug_15aug23.jpg,Tomato_leaf_yellow_curl_virus,Tomato_leaf_yellow_curl_virus,0.9999613761901855,1,1.1874141693115234,8.03197956085205,0.17385292053222656,9.395986557006836
dataset/test/Tomato_leaf_yellow_curl_virus/art_15017325188173_a24a66_aug_16aug34.jpg,Tomato_leaf_yellow_curl_virus,Tomato_leaf_yellow_curl_virus,0.9999980926513672,1,1.2416362762451172,8.102424621582031,0.17540931701660156,9.522191047668457
dataset/test/Tomato_leaf_yellow_curl_virus/art_15017325188173_a24a66_aug_17aug43.jpg,Tomato_leaf_yellow_curl_virus,Tomato_leaf_yellow_curl_virus,0.9999794960021973,1,1.1883420944213867,8.10551643371582,0.17659473419189453,9.47302532196045
dataset/test/Tomato_leaf_yellow_curl_virus/art_15017325188173_a24a66_aug_18aug47.jpg,Tomato_leaf_yellow_curl_virus,Tomato_leaf_yellow_curl_virus,0.9999336004257202,1,1.2190065383911133,7.9787187576293945,0.16500091552734375,9.365023612976074
dataset/test/Tomato_leaf_yellow_curl_virus/art_15017325188173_a24a66_aug_19aug25.jpg,Tomato_leaf_yellow_curl_virus,Tomato_leaf_yellow_curl_virus,0.9999949932098389,1,1.2381935119628906,8.512761116027832,0.1635570526123047,9.917304992675781
dataset/test/Tomato_leaf_yellow_curl_virus/art_15017325188173_a24a66_aug_20aug46.jpg,Tomato_leaf_yellow_curl_virus,Tomato_leaf_yellow_curl_virus,0.9999843835830688,1,1.1612110137939453,7.9250898361206055,0.18192768096923828,9.271042823791504
dataset/test/Tomato_leaf_yellow_curl_virus/art_15017325188173_a24a66aug2.jpg,Tomato_leaf_yellow_curl_virus,Tomato_leaf_yellow_curl_virus,0.9999860525131226,1,1.2570075988769531,7.989459991455078,0.17512989044189453,9.424210548400879
dataset/test/Tomato_leaf_yellow_curl_virus/psyllid-yellows_jpg.rf.1d99aab2f43a840be530ce313eb0c0fd_aug_56aug57.jpg,Tomato_leaf_yellow_curl_virus,Tomato_leaf_yellow_curl_virus,0.9990153312683105,1,1.2609529495239258,7.919384956359863,0.17213153839111328,9.35543155670166
dataset/test/Tomato_leaf_yellow_curl_virus/psyllid-yellows_jpg.rf.1d99aab2f43a840be530ce313eb0c0fd_aug_57aug84.jpg,Tomato_leaf_yellow_curl_virus,Tomato_leaf_yellow_curl_virus,0.9998557567596436,1,1.1777124404907227,8.153165817260742,0.18683433532714844,9.520766258239746
dataset/test/Tomato_leaf_yellow_curl_virus/psyllid-yellows_jpg.rf.1d99aab2f43a840be530ce313eb0c0fd_aug_58aug52.jpg,Tomato_leaf_yellow_curl_virus,Tomato_leaf_yellow_curl_virus,0.9998557567596436,1,1.230656623840332,8.072368621826172,0.17255687713623047,9.478248596191406
dataset/test/Tomato_leaf_yellow_curl_virus/psyllid-yellows_jpg.rf.1d99aab2f43a840be530ce313eb0c0fd_aug_59aug77.jpg,Tomato_leaf_yellow_curl_virus,Tomato_leaf_yellow_curl_virus,0.9999873638153076,1,1.200526237487793,8.139461517333984,0.17142677307128906,9.514396667480469
dataset/test/Tomato_leaf_yellow_curl_virus/psyllid-yellows_jpg.rf.1d99aab2f43a840be530ce313eb0c0fd_aug_60aug86.jpg,Tomato_leaf_yellow_curl_virus,Tomato_leaf_yellow_curl_virus,0.9999618530273438,1,1.2040987014770508,8.079237937927246,0.1718158721923828,9.457525253295898
dataset/test/Tomato_leaf_yellow_curl_virus/psyllid-yellows_jpg.rf.1d99aab2f43a840be530ce313eb0c0fd_aug_61aug59.jpg,Tomato_leaf_yellow_curl_virus,Tomato_leaf_yellow_curl_virus,0.9999929666519165,1,1.2071924209594727,8.114867210388184,0.1720752716064453,9.49726676940918
dataset/test/Tomato_leaf_yellow_curl_virus/psyllid-yellows_jpg.rf.1d99aab2f43a840be530ce313eb0c0fd_aug_62aug67.jpg,Tomato_leaf_yellow_curl_virus,Tomato_leaf_yellow_curl_virus,0.9998806715011597,1,1.1769161224365234,8.12486743927002,0.17013072967529297,9.474987983703613
dataset/test/Tomato_leaf_yellow_curl_virus/psyllid-yellows_jpg.rf.1d99aab2f43a840be530ce313eb0c0fdaug8.jpg,Tomato_leaf_yellow_curl_virus,Tomato_leaf_yellow_curl_virus,0.9999920129776001,1,1.1747121810913086,8.661835670471191,0.17279720306396484,10.012231826782227
dataset/test/Tomato_leaf_yellow_curl_virus/tj5itxzunn3k_jpg.rf.4aeda27b2535578e718fe6279491d0d4_aug_49aug102.jpg,Tomato_leaf_yellow_curl_virus,Tomato_leaf_yellow_curl_virus,0.9999839067459106,1,1.1432666778564453,8.185332298278809,0.1734457015991211,9.50454330444336
dataset/test/Tomato_leaf_yellow_curl_virus/tj5itxzunn3k_jpg.rf.4aeda27b2535578e718fe6279491d0d4_aug_50aug109.jpg,Tomato_leaf_yellow_curl_virus,Tomato_leaf_yellow_curl_virus,0.9999957084655762,1,1.1625823974609375,10.821107864379883,0.21950244903564453,12.206636428833008
dataset/test/Tomato_leaf_yellow_curl_virus/tj5itxzunn3k_jpg.rf.4aeda27b2535578e718fe6279491d0d4_aug_51aug99.jpg,Tomato_leaf_yellow_curl_virus,Tomato_leaf_yellow_curl_virus,0.9999998807907104,1,2.017605781555176,10.96199893951416,0.21453857421875,13.197976112365723
dataset/test/Tomato_leaf_yellow_curl_virus/tj5itxzunn3k_jpg.rf.4aeda27b2535578e718fe6279491d0d4_aug_52aug103.jpg,Tomato_leaf_yellow_curl_virus,Tomato_leaf_yellow_curl_virus,0.9999960660934448,1,1.522324562072754,14.982136726379395,0.2088155746459961,16.716609954833984
dataset/test/Tomato_leaf_yellow_curl_virus/tj5itxzunn3k_jpg.rf.4aeda27b2535578e718fe6279491d0d4_aug_53aug100.jpg,Tomato_leaf_yellow_curl_virus,Tomato_leaf_yellow_curl_virus,0.9999995231628418,1,1.4415283203125,17.31759548187256,0.21459293365478516,18.977514266967773
dataset/test/Tomato_leaf_yellow_curl_virus/tj5itxzunn3k_jpg.rf.4aeda27b2535578e718fe6279491d0d4_aug_54aug106.jpg,Tomato_leaf_yellow_curl_virus,Tomato_leaf_yellow_curl_virus,1.0,1,1.599029541015625,12.764695167541504,0.21248340606689453,14.580280303955078
dataset/test/Tomato_leaf_yellow_curl_virus/tj5itxzunn3k_jpg.rf.4aeda27b2535578e718fe6279491d0d4_aug_55aug107.jpg,Tomato_leaf_yellow_curl_virus,Tomato_leaf_yellow_curl_virus,0.9999978542327881,1,1.462601661682129,15.422804832458496,0.1714639663696289,17.06009292602539
dataset/test/Tomato_leaf_yellow_curl_virus/tj5itxzunn3k_jpg.rf.4aeda27b2535578e718fe6279491d0d4aug7.jpg,Tomato_leaf_yellow_curl_virus,Tomato_leaf_yellow_curl_virus,0.9999963045120239,1,1.1330642700195312,8.506481170654297,0.1680011749267578,9.810397148132324
dataset/test/Tomato_leaf_yellow_curl_virus/tomato-yellow-closeup-3_aug_28aug16.jpg,Tomato_leaf_yellow_curl_virus,Tomato_leaf_yellow_curl_virus,0.6979179382324219,1,1.122563362121582,7.5681047439575195,0.16827869415283203,8.861409187316895
dataset/test/Tomato_leaf_yellow_curl_virus/tomato-yellow-closeup-3_aug_29aug27.jpg,Tomato_leaf_yellow_curl_virus,Tomato_Early_blight_leaf,0.5920063257217407,0,1.1339521408081055,7.656717300415039,0.16740798950195312,8.961373329162598
dataset/test/Tomato_leaf_yellow_curl_virus/tomato-yellow-closeup-3_aug_30aug117.jpg,Tomato_leaf_yellow_curl_virus,Tomato_leaf_yellow_curl_virus,0.7878126502037048,1,1.1211004257202148,7.676328659057617,0.1768341064453125,8.977502822875977
dataset/test/Tomato_leaf_yellow_curl_virus/tomato-yellow-closeup-3_aug_31aug31.jpg,Tomato_leaf_yellow_curl_virus,Tomato_leaf_yellow_curl_virus,0.9346482157707214,1,1.1750450134277344,7.6338653564453125,0.16653823852539062,8.978188514709473
dataset/test/Tomato_leaf_yellow_curl_virus/tomato-yellow-closeup-3_aug_32aug115.jpg,Tomato_leaf_yellow_curl_virus,Tomato_leaf_yellow_curl_virus,0.4892702102661133,1,1.1373043060302734,8.229147911071777,0.16007423400878906,9.528746604919434
dataset/test/Tomato_leaf_yellow_curl_virus/tomato-yellow-closeup-3_aug_33aug116.jpg,Tomato_leaf_yellow_curl_virus,Tomato_leaf_yellow_curl_virus,0.7089390754699707,1,1.096933364868164,7.486603736877441,0.16674232482910156,8.75339126586914
dataset/test/Tomato_leaf_yellow_curl_virus/tomato-yellow-closeup-3_aug_34aug26.jpg,Tomato_leaf_yellow_curl_virus,Tomato_leaf_yellow_curl_virus,0.9452565908432007,1,1.2330455780029297,7.444770812988281,0.16631603240966797,8.847225189208984
dataset/test/Tomato_leaf_yellow_curl_virus/tomato-yellow-closeup-3aug4.jpg,Tomato_leaf_yellow_curl_virus,Tomato_Early_blight_leaf,0.6036099195480347,0,1.1652488708496094,7.615994453430176,0.1675567626953125,8.951188087463379
dataset/test/Tomato_leaf_yellow_curl_virus/tomato-yellow-leaf-curl-virus-tomato-1_aug_100aug92.jpg,Tomato_leaf_yellow_curl_virus,Tomato_leaf_yellow_curl_virus,0.999985933303833,1,1.1390457153320312,7.554826736450195,0.16527938842773438,8.861948013305664
dataset/test/Tomato_leaf_yellow_curl_virus/tomato-yellow-leaf-curl-virus-tomato-1_aug_101aug95.jpg,Tomato_leaf_yellow_curl_virus,Tomato_leaf_yellow_curl_virus,0.999747097492218,1,1.1324892044067383,7.885790824890137,0.16601943969726562,9.1869478225708
dataset/test/Tomato_leaf_yellow_curl_virus/tomato-yellow-leaf-curl-virus-tomato-1_aug_102aug88.jpg,Tomato_leaf_yellow_curl_virus,Tomato_leaf_yellow_curl_virus,0.9999995231628418,1,1.180619239807129,8.099146842956543,0.1724834442138672,9.455377578735352
dataset/test/Tomato_leaf_yellow_curl_virus/tomato-yellow-leaf-curl-virus-tomato-1_aug_103aug93.jpg,Tomato_leaf_yellow_curl_virus,Tomato_leaf_yellow_curl_virus,0.9867540001869202,1,1.1893978118896484,8.115885734558105,0.17227935791015625,9.480581283569336
dataset/test/Tomato_leaf_yellow_curl_virus/tomato-yellow-leaf-curl-virus-tomato-1_aug_98aug91.jpg,Tomato_leaf_yellow_curl_virus,Tomato_leaf_yellow_curl_virus,0.9999637603759766,1,1.1873226165771484,8.089163780212402,0.17651844024658203,9.455673217773438
dataset/test/Tomato_leaf_yellow_curl_virus/tomato-yellow-leaf-curl-virus-tomato-1_aug_99aug90.jpg,Tomato_leaf_yellow_curl_virus,Tomato_leaf_yellow_curl_virus,0.9999270439147949,1,1.2241945266723633,8.830354690551758,0.17194652557373047,10.229530334472656
dataset/test/Tomato_leaf_yellow_curl_virus/tomato-yellow-leaf-curl-virus-tomato-1aug14.jpg,Tomato_leaf_yellow_curl_virus,Tomato_leaf_yellow_curl_virus,0.9999986886978149,1,1.1905632019042969,8.0125150680542,0.17355632781982422,9.379469871520996
dataset/test/Tomato_leaf_yellow_curl_virus/tomatoyellowleafcurlcropped_aug_91aug55.jpg,Tomato_leaf_yellow_curl_virus,Tomato_leaf_yellow_curl_virus,0.9999985694885254,1,1.1582670211791992,8.093626976013184,0.17203712463378906,9.426857948303223
dataset/test/Tomato_leaf_yellow_curl_virus/tomatoyellowleafcurlcropped_aug_92aug89.jpg,Tomato_leaf_yellow_curl_virus,Tomato_leaf_yellow_curl_virus,0.9999998807907104,1,1.1648235321044922,8.013941764831543,0.17261314392089844,9.354321479797363
dataset/test/Tomato_leaf_yellow_curl_virus/tomatoyellowleafcurlcropped_aug_93aug97.jpg,Tomato_leaf_yellow_curl_virus,Tomato_leaf_yellow_curl_virus,0.9999998807907104,1,1.1497116088867188,8.025979042053223,0.18240928649902344,9.361783981323242
dataset/test/Tomato_leaf_yellow_curl_virus/tomatoyellowleafcurlcropped_aug_94aug50.jpg,Tomato_leaf_yellow_curl_virus,Tomato_leaf_yellow_curl_virus,0.9999897480010986,1,1.2436561584472656,8.049219131469727,0.17096424102783203,9.466506004333496
dataset/test/Tomato_leaf_yellow_curl_virus/tomatoyellowleafcurlcropped_aug_95aug87.jpg,Tomato_leaf_yellow_curl_virus,Tomato_leaf_yellow_curl_virus,0.9999995231628418,1,1.1531925201416016,8.144830703735352,0.1710376739501953,9.472116470336914
dataset/test/Tomato_leaf_yellow_curl_virus/tomatoyellowleafcurlcropped_aug_96aug96.jpg,Tomato_leaf_yellow_curl_virus,Tomato_leaf_yellow_curl_virus,1.0,1,1.159785270690918,8.12357234954834,0.17429733276367188,9.460321426391602
dataset/test/Tomato_leaf_yellow_curl_virus/tomatoyellowleafcurlcropped_aug_97aug94.jpg,Tomato_leaf_yellow_curl_virus,Tomato_leaf_yellow_curl_virus,0.9999998807907104,1,1.2163782119750977,8.206332206726074,0.1909465789794922,9.617488861083984
dataset/test/Tomato_leaf_yellow_curl_virus/tomatoyellowleafcurlcroppedaug13.jpg,Tomato_leaf_yellow_curl_virus,Tomato_leaf_yellow_curl_virus,0.9999997615814209,1,1.1754331588745117,8.207221031188965,0.17489147186279297,9.56065559387207
dataset/test/Tomato_leaf_yellow_curl_virus/virus1_aug_0aug37.jpg,Tomato_leaf_yellow_curl_virus,Tomato_leaf_yellow_curl_virus,0.9992979764938354,1,1.15521240234375,8.391498565673828,0.1741313934326172,9.72373104095459
dataset/test/Tomato_leaf_yellow_curl_virus/virus1_aug_1aug21.jpg,Tomato_leaf_yellow_curl_virus,Tomato_leaf_yellow_curl_virus,0.9980828762054443,1,1.1482858657836914,8.350961685180664,0.17403793334960938,9.675860404968262
dataset/test/Tomato_leaf_yellow_curl_virus/virus1_aug_2aug24.jpg,Tomato_leaf_yellow_curl_virus,Tomato_leaf_yellow_curl_virus,0.9997305274009705,1,1.1453227996826172,8.302369117736816,0.17142677307128906,9.621878623962402
dataset/test/Tomato_leaf_yellow_curl_virus/virus1_aug_3aug17.jpg,Tomato_leaf_yellow_curl_virus,Tomato_leaf_yellow_curl_virus,0.9988852143287659,1,1.2043418884277344,8.229609489440918,0.16751956939697266,9.604580879211426
dataset/test/Tomato_leaf_yellow_curl_virus/virus1_aug_4aug28.jpg,Tomato_leaf_yellow_curl_virus,Tomato_leaf_yellow_curl_virus,0.9817611575126648,1,1.1206932067871094,8.21084976196289,0.1947793960571289,9.528950691223145
dataset/test/Tomato_leaf_yellow_curl_virus/virus1_aug_5aug32.jpg,Tomato_leaf_yellow_curl_virus,Tomato_leaf_yellow_curl_virus,0.9988852143287659,1,1.2596921920776367,8.136460304260254,0.1773538589477539,9.576265335083008
dataset/test/Tomato_leaf_yellow_curl_virus/virus1_aug_6aug38.jpg,Tomato_leaf_yellow_curl_virus,Tomato_leaf_yellow_curl_virus,0.7702966928482056,1,1.1762666702270508,8.104035377502441,0.17199993133544922,9.45517349243164
dataset/test/Tomato_leaf_yellow_curl_virus/virus1aug0.jpg,Tomato_leaf_yellow_curl_virus,Tomato_leaf_yellow_curl_virus,0.9989004135131836,1,1.1628971099853516,8.147997856140137,0.18570518493652344,9.499931335449219
dataset/test/Tomato_mold_leaf/IMG-20240724-WA0020_aug_68aug87.jpg,Tomato_mold_leaf,Tomato_mold_leaf,0.9939661622047424,1,1.2463226318359375,8.335979461669922,0.17496299743652344,9.760544776916504
dataset/test/Tomato_mold_leaf/IMG-20240724-WA0020_aug_69aug97.jpg,Tomato_mold_leaf,Tomato_mold_leaf,0.946217954158783,1,1.1897106170654297,8.21368408203125,0.17481517791748047,9.581452369689941
dataset/test/Tomato_mold_leaf/IMG-20240724-WA0020_aug_70aug82.jpg,Tomato_mold_leaf,Tomato_mold_leaf,0.9998666048049927,1,1.2119522094726562,8.360590934753418,0.17559432983398438,9.750933647155762
dataset/test/Tomato_mold_leaf/IMG-20240724-WA0020_aug_71aug98.jpg,Tomato_mold_leaf,Tomato_mold_leaf,0.9972127079963684,1,1.201101303100586,8.278665542602539,0.17455673217773438,9.657470703125
dataset/test/Tomato_mold_leaf/IMG-20240724-WA0020aug17.jpg,Tomato_mold_leaf,Tomato_mold_leaf,0.9769924879074097,1,1.2026195526123047,8.294665336608887,0.18327808380126953,9.683470726013184
dataset/test/Tomato_mold_leaf/IMG-20240724-WA0044_aug_10aug44.jpg,Tomato_mold_leaf,Tomato_mold_leaf,0.9987969398498535,1,1.2273969650268555,8.274055480957031,0.18831634521484375,9.693081855773926
dataset/test/Tomato_mold_leaf/IMG-20240724-WA0044_aug_11aug49.jpg,Tomato_mold_leaf,Tomato_mold_leaf,0.9933839440345764,1,1.1850624084472656,8.078238487243652,0.18359375,9.449302673339844
dataset/test/Tomato_mold_leaf/IMG-20240724-WA0044_aug_8aug35.jpg,Tomato_mold_leaf,Tomato_mold_leaf,0.9985912442207336,1,1.2973604202270508,8.104535102844238,0.17542743682861328,9.579729080200195
dataset/test/Tomato_mold_leaf/IMG-20240724-WA0044_aug_9aug41.jpg,Tomato_mold_leaf,Tomato_mold_leaf,0.9932791590690613,1,1.233804702758789,8.07510757446289,0.1749277114868164,9.486783027648926
dataset/test/Tomato_mold_leaf/IMG-20240724-WA0044aug2.jpg,Tomato_mold_leaf,Tomato_mold_leaf,0.9927303194999695,1,1.183527946472168,8.138886451721191,0.17359542846679688,9.498970031738281
dataset/test/Tomato_mold_leaf/IMG-20240724-WA0055_aug_28aug27.jpg,Tomato_mold_leaf,Tomato_mold_leaf,0.9954416751861572,1,1.3289718627929688,8.363222122192383,0.17212963104248047,9.86736011505127
dataset/test/Tomato_mold_leaf/IMG-20240724-WA0055_aug_29aug28.jpg,Tomato_mold_leaf,Tomato_mold_leaf,0.99433434009552,1,1.1672859191894531,8.064349174499512,0.1830577850341797,9.417875289916992
dataset/test/Tomato_mold_leaf/IMG-20240724-WA0055_aug_30aug43.jpg,Tomato_mold_leaf,Tomato_mold_leaf,0.9993022680282593,1,1.2097492218017578,8.102757453918457,0.1707611083984375,9.486024856567383
dataset/test/Tomato_mold_leaf/IMG-20240724-WA0055_aug_31aug50.jpg,Tomato_mold_leaf,Tomato_mold_leaf,0.9994640946388245,1,1.308638572692871,8.309147834777832,0.17235374450683594,9.79306411743164
dataset/test/Tomato_mold_leaf/IMG-20240724-WA0055aug7.jpg,Tomato_mold_leaf,Tomato_mold_leaf,0.9994434714317322,1,1.1584711074829102,8.1881103515625,0.1705026626586914,9.51980209350586
dataset/test/Tomato_mold_leaf/IMG-20240724-WA0065_aug_80aug69.jpg,Tomato_mold_leaf,Tomato_mold_leaf,0.9999914169311523,1,1.2528791427612305,8.053237915039062,0.17125988006591797,9.480432510375977
dataset/test/Tomato_mold_leaf/IMG-20240724-WA0065_aug_81aug70.jpg,Tomato_mold_leaf,Tomato_mold_leaf,0.9998438358306885,1,1.2031192779541016,8.039534568786621,0.17079830169677734,9.416210174560547
dataset/test/Tomato_mold_leaf/IMG-20240724-WA0065_aug_82aug66.jpg,Tomato_mold_leaf,Tomato_mold_leaf,0.9999510049819946,1,1.1873970031738281,8.225664138793945,0.16913127899169922,9.58526611328125
dataset/test/Tomato_mold_leaf/IMG-20240724-WA0065_aug_83aug65.jpg,Tomato_mold_leaf,Tomato_mold_leaf,0.9999721050262451,1,1.1639528274536133,8.067423820495605,0.17359256744384766,9.4078950881958
dataset/test/Tomato_mold_leaf/IMG-20240724-WA0065aug20.jpg,Tomato_mold_leaf,Tomato_mold_leaf,0.999943733215332,1,1.172119140625,8.724519729614258,0.1824636459350586,10.082992553710938
dataset/test/Tomato_mold_leaf/IMG-20240725-WA0031_aug_0aug46.jpg,Tomato_mold_leaf,Tomato_mold_leaf,0.9959912896156311,1,1.210545539855957,8.20566463470459,0.171630859375,9.5903959274292
dataset/test/Tomato_mold_leaf/IMG-20240725-WA0031_aug_1aug47.jpg,Tomato_mold_leaf,Tomato_mold_leaf,0.9882807731628418,1,1.1224145889282227,8.496556282043457,0.16914939880371094,9.791028022766113
dataset/test/Tomato_mold_leaf/IMG-20240725-WA0031_aug_2aug37.jpg,Tomato_mold_leaf,Tomato_mold_leaf,0.9959912896156311,1,1.1673221588134766,8.324591636657715,0.1686859130859375,9.663544654846191
dataset/test/Tomato_mold_leaf/IMG-20240725-WA0031_aug_3aug45.jpg,Tomato_mold_leaf,Tomato_mold_leaf,0.9936662316322327,1,1.11456298828125,8.07046127319336,0.18492794036865234,9.373616218566895
dataset/test/Tomato_mold_leaf/IMG-20240725-WA0031aug0.jpg,Tomato_mold_leaf,Tomato_mold_leaf,0.6273321509361267,1,1.1843233108520508,8.300071716308594,0.17576026916503906,9.662915229797363
dataset/test/Tomato_mold_leaf/IMG-20240725-WA0039_aug_72aug79.jpg,Tomato_mold_leaf,Tomato_mold_leaf,0.9999904632568359,1,1.2868223190307617,8.099849700927734,0.17568588256835938,9.565433502197266
dataset/test/Tomato_mold_leaf/IMG-20240725-WA0039_aug_73aug95.jpg,Tomato_mold_leaf,Tomato_mold_leaf,0.9999982118606567,1,1.1670446395874023,8.240888595581055,0.17235279083251953,9.58326530456543
dataset/test/Tomato_mold_leaf/IMG-20240725-WA0039_aug_74aug71.jpg,Tomato_mold_leaf,Tomato_mold_leaf,0.999958872795105,1,1.1680078506469727,8.238999366760254,0.17555618286132812,9.585580825805664
dataset/test/Tomato_mold_leaf/IMG-20240725-WA0039_aug_75aug80.jpg,Tomato_mold_leaf,Tomato_mold_leaf,0.9999463558197021,1,1.1448030471801758,8.147089004516602,0.17437171936035156,9.46908187866211
dataset/test/Tomato_mold_leaf/IMG-20240725-WA0039aug18.jpg,Tomato_mold_leaf,Tomato_mold_leaf,0.9999046325683594,1,1.151747703552246,8.15601634979248,0.1796875,9.490080833435059
dataset/test/Tomato_mold_leaf/IMG-20240727-WA0038_aug_40aug105.jpg,Tomato_mold_leaf,Tomato_mold_leaf,0.9999336004257202,1,1.2080631256103516,8.258721351623535,0.17896366119384766,9.64911937713623
dataset/test/Tomato_mold_leaf/IMG-20240727-WA0038_aug_41aug106.jpg,Tomato_mold_leaf,Tomato_mold_leaf,0.9996466636657715,1,1.1650629043579102,8.285849571228027,0.19063091278076172,9.644989013671875
dataset/test/Tomato_mold_leaf/IMG-20240727-WA0038_aug_42aug116.jpg,Tomato_mold_leaf,Tomato_mold_leaf,0.9999940395355225,1,1.1835079193115234,8.181979179382324,0.17646503448486328,9.544915199279785
dataset/test/Tomato_mold_leaf/IMG-20240727-WA0038_aug_43aug110.jpg,Tomato_mold_leaf,Tomato_mold_leaf,0.999508261680603,1,1.1851749420166016,8.230517387390137,0.1882610321044922,9.607507705688477
dataset/test/Tomato_mold_leaf/IMG-20240727-WA0038aug10.jpg,Tomato_mold_leaf,Tomato_mold_leaf,0.9999939203262329,1,1.1463956832885742,8.192794799804688,0.1752605438232422,9.51774787902832
dataset/test/Tomato_mold_leaf/IMG-20240727-WA0040_aug_56aug92.jpg,Tomato_mold_leaf,Tomato_mold_leaf,0.9998764991760254,1,1.1818227767944336,8.030571937561035,0.20255756378173828,9.418098449707031
dataset/test/Tomato_mold_leaf/IMG-20240727-WA0040_aug_57aug83.jpg,Tomato_mold_leaf,Tomato_mold_leaf,0.9992782473564148,1,1.2667312622070312,8.184905052185059,0.1867237091064453,9.641582489013672
dataset/test/Tomato_mold_leaf/IMG-20240727-WA0040_aug_58aug77.jpg,Tomato_mold_leaf,Tomato_mold_leaf,0.999944806098938,1,1.1638412475585938,8.054238319396973,0.22914886474609375,9.450692176818848
dataset/test/Tomato_mold_leaf/IMG-20240727-WA0040_aug_59aug94.jpg,Tomato_mold_leaf,Tomato_mold_leaf,0.9999624490737915,1,1.165989875793457,8.184571266174316,0.1856861114501953,9.539284706115723
dataset/test/Tomato_mold_leaf/IMG-20240727-WA0040aug14.jpg,Tomato_mold_leaf,Tomato_mold_leaf,0.999923586845398,1,1.1664342880249023,8.208147048950195,0.1856689453125,9.563563346862793
dataset/test/Tomato_mold_leaf/IMG-20240727-WA0124_aug_20aug54.jpg,Tomato_mold_leaf,Tomato_mold_leaf,0.9999953508377075,1,1.1995820999145508,8.287795066833496,0.17407512664794922,9.664323806762695
dataset/test/Tomato_mold_leaf/IMG-20240727-WA0124_aug_21aug38.jpg,Tomato_mold_leaf,Tomato_mold_leaf,0.9974223375320435,1,1.180119514465332,8.301238059997559,0.18087196350097656,9.665933609008789
dataset/test/Tomato_mold_leaf/IMG-20240727-WA0124_aug_22aug31.jpg,Tomato_mold_leaf,Tomato_mold_leaf,0.9980229139328003,1,1.1756935119628906,8.295202255249023,0.1727609634399414,9.647063255310059
dataset/test/Tomato_mold_leaf/IMG-20240727-WA0124_aug_23aug55.jpg,Tomato_mold_leaf,Tomato_mold_leaf,0.9903450608253479,1,1.1798410415649414,8.217110633850098,0.17390823364257812,9.57341480255127
dataset/test/Tomato_mold_leaf/IMG-20240727-WA0124aug5.jpg,Tomato_mold_leaf,Tomato_mold_leaf,0.9999964237213135,1,1.1511545181274414,8.248516082763672,0.1833515167236328,9.586506843566895
dataset/test/Tomato_mold_leaf/IMG-20240727-WA0153_aug_92aug58.jpg,Tomato_mold_leaf,Tomato_mold_leaf,0.9999998807907104,1,1.2016563415527344,8.221553802490234,0.17600154876708984,9.602340698242188
dataset/test/Tomato_mold_leaf/IMG-20240727-WA0153_aug_93aug60.jpg,Tomato_mold_leaf,Tomato_mold_leaf,0.9999995231628418,1,1.1317481994628906,8.252424240112305,0.16485214233398438,9.551451683044434
dataset/test/Tomato_mold_leaf/IMG-20240727-WA0153aug23.jpg,Tomato_mold_leaf,Tomato_mold_leaf,0.9999980926513672,1,1.1292476654052734,8.086311340332031,0.17331695556640625,9.39146900177002
dataset/test/Tomato_mold_leaf/IMG-20240727-WA0165aug25.jpg,Tomato_mold_leaf,Tomato_mold_leaf,0.9998984336853027,1,1.2307491302490234,8.135201454162598,0.17953777313232422,9.54909896850586
dataset/test/Tomato_mold_leaf/IMG-20240728-WA0028_aug_64aug91.jpg,Tomato_mold_leaf,Tomato_mold_leaf,0.9999982118606567,1,1.1505451202392578,8.18496036529541,0.17251968383789062,9.510672569274902
dataset/test/Tomato_mold_leaf/IMG-20240728-WA0028_aug_65aug86.jpg,Tomato_mold_leaf,Tomato_mold_leaf,0.999997615814209,1,1.1668224334716797,8.217405319213867,0.17361164093017578,9.560952186584473
dataset/test/Tomato_mold_leaf/IMG-20240728-WA0028_aug_66aug78.jpg,Tomato_mold_leaf,Tomato_mold_leaf,0.9999914169311523,1,1.1280813217163086,8.19086742401123,0.1741485595703125,9.496099472045898
dataset/test/Tomato_mold_leaf/IMG-20240728-WA0028_aug_67aug99.jpg,Tomato_mold_leaf,Tomato_mold_leaf,0.9999908208847046,1,1.1345806121826172,8.245794296264648,0.1857595443725586,9.56972885131836
dataset/test/Tomato_mold_leaf/IMG-20240728-WA0028aug16.jpg,Tomato_mold_leaf,Tomato_mold_leaf,0.999992847442627,1,1.1571931838989258,8.081052780151367,0.1815929412841797,9.423097610473633
dataset/test/Tomato_mold_leaf/IMG-20240728-WA0068_aug_12aug29.jpg,Tomato_mold_leaf,Tomato_mold_leaf,0.9992941617965698,1,1.1505069732666016,8.098701477050781,0.17251873016357422,9.424488067626953
dataset/test/Tomato_mold_leaf/IMG-20240728-WA0068_aug_13aug30.jpg,Tomato_mold_leaf,Tomato_mold_leaf,0.9999222755432129,1,1.1260261535644531,8.114350318908691,0.21270465850830078,9.45561695098877
dataset/test/Tomato_mold_leaf/IMG-20240728-WA0068_aug_14aug56.jpg,Tomato_mold_leaf,Tomato_mold_leaf,0.9996311664581299,1,1.1362667083740234,8.084126472473145,0.17037105560302734,9.393616676330566
dataset/test/Tomato_mold_leaf/IMG-20240728-WA0068_aug_15aug42.jpg,Tomato_mold_leaf,Tomato_mold_leaf,0.9991600513458252,1,1.148970603942871,8.106681823730469,0.17107582092285156,9.429285049438477
dataset/test/Tomato_mold_leaf/IMG-20240728-WA0068aug3.jpg,Tomato_mold_leaf,Tomato_mold_leaf,0.9998067021369934,1,1.17108154296875,8.131738662719727,0.17055702209472656,9.476006507873535
dataset/test/Tomato_mold_leaf/IMG-20240728-WA0074_aug_44aug102.jpg,Tomato_mold_leaf,Tomato_mold_leaf,0.9996585845947266,1,1.1450634002685547,8.11984920501709,0.1670379638671875,9.434821128845215
dataset/test/Tomato_mold_leaf/IMG-20240728-WA0074_aug_45aug75.jpg,Tomato_mold_leaf,Tomato_mold_leaf,0.9998655319213867,1,1.1277847290039062,7.921236991882324,0.18268489837646484,9.23480224609375
dataset/test/Tomato_mold_leaf/IMG-20240728-WA0074_aug_46aug89.jpg,Tomato_mold_leaf,Tomato_mold_leaf,0.9994210004806519,1,1.2013216018676758,7.912199974060059,0.17455768585205078,9.290948867797852
dataset/test/Tomato_mold_leaf/IMG-20240728-WA0074_aug_47aug111.jpg,Tomato_mold_leaf,Tomato_mold_leaf,0.9999357461929321,1,1.1419525146484375,8.72822380065918,0.17264938354492188,10.045658111572266
dataset/test/Tomato_mold_leaf/IMG-20240728-WA0074aug11.jpg,Tomato_mold_leaf,Tomato_mold_leaf,0.9991839528083801,1,1.1558961868286133,9.854323387145996,0.22661209106445312,11.240777969360352
dataset/test/Tomato_mold_leaf/IMG-20240728-WA0075aug24.jpg,Tomato_mold_leaf,Tomato_mold_leaf,0.9998500347137451,1,1.4745101928710938,11.734095573425293,0.2122974395751953,13.42497730255127
dataset/test/Tomato_mold_leaf/IMG-20240728-WA0087_aug_32aug113.jpg,Tomato_mold_leaf,Tomato_mold_leaf,0.9997785687446594,1,1.586806297302246,11.916967391967773,0.21372413635253906,13.720996856689453
dataset/test/Tomato_mold_leaf/IMG-20240728-WA0087_aug_33aug112.jpg,Tomato_mold_leaf,Tomato_mold_leaf,0.9998973608016968,1,1.5123062133789062,31.486522674560547,0.21798229217529297,33.22062587738037
dataset/test/Tomato_mold_leaf/IMG-20240728-WA0087_aug_34aug104.jpg,Tomato_mold_leaf,Tomato_mold_leaf,0.9998331069946289,1,1.530416488647461,13.985480308532715,0.20442771911621094,15.724028587341309
dataset/test/Tomato_mold_leaf/IMG-20240728-WA0087_aug_35aug100.jpg,Tomato_mold_leaf,Tomato_mold_leaf,0.999987006187439,1,1.5073976516723633,11.155165672302246,0.21461200714111328,12.880696296691895
dataset/test/Tomato_mold_leaf/IMG-20240728-WA0087aug8.jpg,Tomato_mold_leaf,Tomato_mold_leaf,0.9998666048049927,1,1.5882701873779297,9.029447555541992,0.1648721694946289,10.785848617553711
dataset/test/Tomato_mold_leaf/IMG-20240728-WA0093_aug_76aug90.jpg,Tomato_mold_leaf,Tomato_mold_leaf,0.9999977350234985,1,1.0639324188232422,7.912274360656738,0.16761302947998047,9.146671295166016
dataset/test/Tomato_mold_leaf/IMG-20240728-WA0093_aug_77aug68.jpg,Tomato_mold_leaf,Tomato_mold_leaf,0.999990701675415,1,1.2724533081054688,7.692328453063965,0.16631603240966797,9.134004592895508
dataset/test/Tomato_mold_leaf/IMG-20240728-WA0093_aug_78aug93.jpg,Tomato_mold_leaf,Tomato_mold_leaf,0.9999998807907104,1,1.0993976593017578,7.83253288269043,0.1585378646850586,9.093356132507324
dataset/test/Tomato_mold_leaf/IMG-20240728-WA0093_aug_79aug64.jpg,Tomato_mold_leaf,Tomato_mold_leaf,0.9999876022338867,1,1.0439882278442383,8.056534767150879,0.16887187957763672,9.271745681762695
dataset/test/Tomato_mold_leaf/IMG-20240728-WA0093aug19.jpg,Tomato_mold_leaf,Tomato_mold_leaf,0.999997615814209,1,1.0728225708007812,7.51319694519043,0.16907596588134766,8.757538795471191
dataset/test/Tomato_mold_leaf/IMG-20240728-WA0101_aug_84aug73.jpg,Tomato_mold_leaf,Tomato_mold_leaf,0.9999932050704956,1,1.160914421081543,7.796698570251465,0.20835304260253906,9.168838500976562
dataset/test/Tomato_mold_leaf/IMG-20240728-WA0101_aug_85aug72.jpg,Tomato_mold_leaf,Tomato_mold_leaf,0.9999988079071045,1,1.0995063781738281,7.757828712463379,0.16622352600097656,9.026187896728516
dataset/test/Tomato_mold_leaf/IMG-20240728-WA0101_aug_86aug67.jpg,Tomato_mold_leaf,Tomato_mold_leaf,0.9999864101409912,1,1.1300811767578125,7.692679405212402,0.1811676025390625,9.007577896118164
dataset/test/Tomato_mold_leaf/IMG-20240728-WA0101_aug_87aug74.jpg,Tomato_mold_leaf,Tomato_mold_leaf,0.9999998807907104,1,1.1246366500854492,7.683661460876465,0.1757040023803711,8.986909866333008
dataset/test/Tomato_mold_leaf/IMG-20240728-WA0101aug21.jpg,Tomato_mold_leaf,Tomato_mold_leaf,0.9999810457229614,1,1.1721000671386719,7.688754081726074,0.16716670989990234,9.031189918518066
dataset/test/Tomato_mold_leaf/IMG-20240728-WA0103_aug_48aug107.jpg,Tomato_mold_leaf,Tomato_mold_leaf,0.9998563528060913,1,1.1147651672363281,7.780346870422363,0.1739826202392578,9.071949005126953
dataset/test/Tomato_mold_leaf/IMG-20240728-WA0103_aug_49aug76.jpg,Tomato_mold_leaf,Tomato_mold_leaf,0.9999915361404419,1,1.1832466125488281,8.367925643920898,0.17433547973632812,9.727804183959961
dataset/test/Tomato_mold_leaf/IMG-20240728-WA0103_aug_50aug114.jpg,Tomato_mold_leaf,Tomato_mold_leaf,0.9999065399169922,1,1.211212158203125,8.149274826049805,0.17096519470214844,9.534748077392578
dataset/test/Tomato_mold_leaf/IMG-20240728-WA0103_aug_51aug84.jpg,Tomato_mold_leaf,Tomato_mold_leaf,0.9999886751174927,1,1.1650266647338867,9.20106029510498,0.16770553588867188,10.536031723022461
dataset/test/Tomato_mold_leaf/IMG-20240728-WA0103aug12.jpg,Tomato_mold_leaf,Tomato_mold_leaf,0.9999984502792358,1,1.1964149475097656,8.204943656921387,0.1753530502319336,9.579117774963379
dataset/test/Tomato_mold_leaf/IMG-20240812-WA0183_aug_88aug59.jpg,Tomato_mold_leaf,Tomato_Early_blight_leaf,0.817135751247406,0,1.1578960418701172,8.21336841583252,0.19066810607910156,9.565526962280273
dataset/test/Tomato_mold_leaf/IMG-20240812-WA0183_aug_89aug61.jpg,Tomato_mold_leaf,Tomato_Early_blight_leaf,0.8042057156562805,0,1.1756000518798828,8.203386306762695,0.17507553100585938,9.556916236877441
dataset/test/Tomato_mold_leaf/IMG-20240812-WA0183_aug_90aug63.jpg,Tomato_mold_leaf,Tomato_Early_blight_leaf,0.34320592880249023,0,1.1860275268554688,8.198905944824219,0.17316818237304688,9.561209678649902
dataset/test/Tomato_mold_leaf/IMG-20240812-WA0183_aug_91aug62.jpg,Tomato_mold_leaf,Tomato_Early_blight_leaf,0.768750786781311,0,1.1506919860839844,8.234923362731934,0.1861124038696289,9.575321197509766
dataset/test/Tomato_mold_leaf/IMG-20240812-WA0183aug22.jpg,Tomato_mold_leaf,Tomato_Early_blight_leaf,0.9960916638374329,0,1.2442684173583984,8.218017578125,0.17296504974365234,9.63784122467041
dataset/test/Tomato_mold_leaf/IMG_20251102_155435_aug_24aug39.jpg,Tomato_mold_leaf,Tomato_Early_blight_leaf,0.5938062071800232,0,1.1535444259643555,8.254552841186523,0.1738901138305664,9.584765434265137
dataset/test/Tomato_mold_leaf/IMG_20251102_155435_aug_25aug51.jpg,Tomato_mold_leaf,Tomato_Early_blight_leaf,0.9238308072090149,0,1.1640634536743164,8.220887184143066,0.1885385513305664,9.577062606811523
dataset/test/Tomato_mold_leaf/IMG_20251102_155435_aug_26aug26.jpg,Tomato_mold_leaf,Tomato_Early_blight_leaf,0.909372866153717,0,1.2172679901123047,8.272443771362305,0.19177913665771484,9.685359001159668
dataset/test/Tomato_mold_leaf/IMG_20251102_155435_aug_27aug52.jpg,Tomato_mold_leaf,Tomato_Early_blight_leaf,0.8803924322128296,0,1.1763601303100586,8.39209270477295,0.17159271240234375,9.742841720581055
dataset/test/Tomato_mold_leaf/IMG_20251102_155435aug6.jpg,Tomato_mold_leaf,Tomato_Early_blight_leaf,0.8933713436126709,0,1.170414924621582,8.25466537475586,0.16620349884033203,9.593729972839355
dataset/test/Tomato_mold_leaf/Leaf+mold+tomato+_25283_2529.JPG_aug_36aug118.jpg,Tomato_mold_leaf,Tomato_mold_leaf,0.9895588159561157,1,1.1963233947753906,8.11125659942627,0.19116783142089844,9.501933097839355
dataset/test/Tomato_mold_leaf/Leaf+mold+tomato+_25283_2529.JPG_aug_37aug117.jpg,Tomato_mold_leaf,Tomato_mold_leaf,0.9907954335212708,1,1.2736740112304688,8.06394100189209,0.1828155517578125,9.523395538330078
dataset/test/Tomato_mold_leaf/Leaf+mold+tomato+_25283_2529.JPG_aug_38aug119.jpg,Tomato_mold_leaf,Tomato_mold_leaf,0.9799607396125793,1,1.2540092468261719,8.066607475280762,0.174407958984375,9.497598648071289
dataset/test/Tomato_mold_leaf/Leaf+mold+tomato+_25283_2529.JPG_aug_39aug103.jpg,Tomato_mold_leaf,Tomato_mold_leaf,0.9842356443405151,1,1.2081565856933594,8.116165161132812,0.17650127410888672,9.503581047058105
dataset/test/Tomato_mold_leaf/Leaf+mold+tomato+_25283_2529.JPGaug9.jpg,Tomato_mold_leaf,Tomato_mold_leaf,0.8755863904953003,1,1.2180824279785156,8.193053245544434,0.17533302307128906,9.589155197143555
dataset/test/Tomato_mold_leaf/Leaf-mold-caused-by-the-fungal-pathogen-Passalore-fulva-in-tomatoes_aug_16aug33.jpg,Tomato_mold_leaf,Tomato_mold_leaf,0.3787321448326111,1,1.1388225555419922,8.241350173950195,0.17481613159179688,9.557804107666016
dataset/test/Tomato_mold_leaf/Leaf-mold-caused-by-the-fungal-pathogen-Passalore-fulva-in-tomatoes_aug_17aug57.jpg,Tomato_mold_leaf,Tomato_mold_leaf,0.4903367757797241,1,1.140284538269043,8.208332061767578,0.1839275360107422,9.535747528076172
dataset/test/Tomato_mold_leaf/Leaf-mold-caused-by-the-fungal-pathogen-Passalore-fulva-in-tomatoes_aug_18aug32.jpg,Tomato_mold_leaf,Tomato_Early_blight_leaf,0.593467652797699,0,1.1841192245483398,8.254719734191895,0.1900196075439453,9.632710456848145
dataset/test/Tomato_mold_leaf/Leaf-mold-caused-by-the-fungal-pathogen-Passalore-fulva-in-tomatoes_aug_19aug53.jpg,Tomato_mold_leaf,Tomato_Early_blight_leaf,0.6137399673461914,0,1.150228500366211,8.236478805541992,0.18839073181152344,9.578747749328613
dataset/test/Tomato_mold_leaf/Leaf-mold-caused-by-the-fungal-pathogen-Passalore-fulva-in-tomatoesaug4.jpg,Tomato_mold_leaf,Tomato_mold_leaf,0.987450361251831,1,1.1801185607910156,8.312164306640625,0.17444610595703125,9.669193267822266
dataset/test/Tomato_mold_leaf/leaf_mold_nightshade2x500_aug_60aug81.jpg,Tomato_mold_leaf,Tomato_mold_leaf,0.9758182764053345,1,1.1417665481567383,8.288554191589355,0.17555618286132812,9.608821868896484
dataset/test/Tomato_mold_leaf/leaf_mold_nightshade2x500_aug_61aug96.jpg,Tomato_mold_leaf,Tomato_mold_leaf,0.9958906173706055,1,1.1371374130249023,8.177220344543457,0.17470455169677734,9.491728782653809
dataset/test/Tomato_mold_leaf/leaf_mold_nightshade2x500_aug_62aug85.jpg,Tomato_mold_leaf,Tomato_mold_leaf,0.7080414891242981,1,1.183211326599121,8.26920223236084,0.1734457015991211,9.628488540649414
dataset/test/Tomato_mold_leaf/leaf_mold_nightshade2x500_aug_63aug88.jpg,Tomato_mold_leaf,Tomato_mold_leaf,0.9989761114120483,1,1.2049894332885742,8.072868347167969,0.18513107299804688,9.466487884521484
dataset/test/Tomato_mold_leaf/leaf_mold_nightshade2x500aug15.jpg,Tomato_mold_leaf,Tomato_mold_leaf,0.9777293801307678,1,1.1895637512207031,8.142351150512695,0.1754465103149414,9.509953498840332
dataset/test/Tomato_mold_leaf/leaf_mold_tomato5x1200_jpg.rf.0a5ee47c78e753f9580bfb7744438ebf_aug_52aug101.jpg,Tomato_mold_leaf,Tomato_mold_leaf,0.9999990463256836,1,1.1674890518188477,8.472702980041504,0.17507553100585938,9.817915916442871
dataset/test/Tomato_mold_leaf/leaf_mold_tomato5x1200_jpg.rf.0a5ee47c78e753f9580bfb7744438ebf_aug_53aug108.jpg,Tomato_mold_leaf,Tomato_mold_leaf,0.9999895095825195,1,1.1637840270996094,8.262165069580078,0.17392635345458984,9.602877616882324
dataset/test/Tomato_mold_leaf/leaf_mold_tomato5x1200_jpg.rf.0a5ee47c78e753f9580bfb7744438ebf_aug_54aug115.jpg,Tomato_mold_leaf,Tomato_mold_leaf,0.9999898672103882,1,1.201711654663086,10.737089157104492,0.21266746520996094,12.154708862304688
dataset/test/Tomato_mold_leaf/leaf_mold_tomato5x1200_jpg.rf.0a5ee47c78e753f9580bfb7744438ebf_aug_55aug109.jpg,Tomato_mold_leaf,Tomato_mold_leaf,0.9999874830245972,1,1.6864728927612305,11.257628440856934,0.20909404754638672,13.156622886657715
dataset/test/Tomato_mold_leaf/leaf_mold_tomato5x1200_jpg.rf.0a5ee47c78e753f9580bfb7744438ebfaug13.jpg,Tomato_mold_leaf,Tomato_mold_leaf,0.9999991655349731,1,1.4841947555541992,10.905366897583008,0.214111328125,12.607081413269043
dataset/test/Tomato_mold_leaf/tomato_leaf-mold_04_zoom_aug_4aug36.jpg,Tomato_mold_leaf,Tomato_mold_leaf,0.5145609974861145,1,1.542694091796875,10.837663650512695,0.21474170684814453,12.599194526672363
dataset/test/Tomato_mold_leaf/tomato_leaf-mold_04_zoom_aug_5aug48.jpg,Tomato_mold_leaf,Tomato_mold_leaf,0.9790806174278259,1,1.5566949844360352,10.935922622680664,0.2225961685180664,12.719361305236816
dataset/test/Tomato_mold_leaf/tomato_leaf-mold_04_zoom_aug_6aug40.jpg,Tomato_mold_leaf,Tomato_leaf_late_blight,0.9607946872711182,0,1.6266584396362305,10.85401439666748,0.20270538330078125,12.687028884887695
dataset/test/Tomato_mold_leaf/tomato_leaf-mold_04_zoom_aug_7aug34.jpg,Tomato_mold_leaf,Tomato_mold_leaf,0.9559123516082764,1,1.5589923858642578,11.015090942382812,0.2146310806274414,12.7918062210083
dataset/test/Tomato_mold_leaf/tomato_leaf-mold_04_zoomaug1.jpg,Tomato_mold_leaf,Tomato_leaf_late_blight,0.9037759304046631,0,1.5263614654541016,11.147461891174316,0.21381568908691406,12.891473770141602
