image_path,true_class,predicted_class,confidence,correct,preprocess_ms,inference_ms,postprocess_ms,total_pipeline_ms
dataset/test/Tomato_Early_blight_leaf/100_46341_aug_5aug62.jpg,Tomato_Early_blight_leaf,Tomato_Early_blight_leaf,0.9588735103607178,1,1.1518068313598633,7.983179092407227,0.2604656219482422,9.399449348449707
dataset/test/Tomato_Early_blight_leaf/100_46341_aug_6aug64.jpg,Tomato_Early_blight_leaf,Tomato_Early_blight_leaf,0.9539709687232971,1,1.115250587463379,7.960898399353027,0.20198345184326172,9.280985832214355
dataset/test/Tomato_Early_blight_leaf/100_46341_aug_7aug57.jpg,Tomato_Early_blight_leaf,Tomato_Early_blight_leaf,0.9539709687232971,1,1.1238441467285156,8.35566234588623,0.18994617462158203,9.672468185424805
dataset/test/Tomato_Early_blight_leaf/100_46341_aug_8aug66.jpg,Tomato_Early_blight_leaf,Tomato_leaf_yellow_curl_virus,0.9498046040534973,0,1.1697320938110352,8.757609367370605,0.18224334716796875,10.112194061279297
dataset/test/Tomato_Early_blight_leaf/100_46341_aug_9aug65.jpg,Tomato_Early_blight_leaf,Tomato_Healthy_leaf,0.5095088481903076,0,1.1545648574829102,7.920009613037109,0.1927785873413086,9.270170211791992
dataset/test/Tomato_Early_blight_leaf/100_46341aug1.jpg,Tomato_Early_blight_leaf,Tomato_leaf_yellow_curl_virus,0.6670932173728943,0,1.208120346069336,7.913622856140137,0.17576026916503906,9.3005952835083
dataset/test/Tomato_Early_blight_leaf/1723454500663_aug_20aug39.jpg,Tomato_Early_blight_leaf,Tomato_Early_blight_leaf,0.999942421913147,1,1.088639259338379,8.05510425567627,0.17329788208007812,9.319429397583008
dataset/test/Tomato_Early_blight_leaf/1723454500663_aug_21aug35.jpg,Tomato_Early_blight_leaf,Tomato_Early_blight_leaf,0.9999940395355225,1,1.075434684753418,7.650156021118164,0.1826324462890625,8.911166191101074
dataset/test/Tomato_Early_blight_leaf/1723454500663_aug_22aug51.jpg,Tomato_Early_blight_leaf,Tomato_Early_blight_leaf,0.9999790191650391,1,1.201676368713379,7.801342010498047,0.16344547271728516,9.169317245483398
dataset/test/Tomato_Early_blight_leaf/1723454500663_aug_23aug33.jpg,Tomato_Early_blight_leaf,Tomato_Early_blight_leaf,0.999942421913147,1,1.0897111892700195,7.649453163146973,0.16146469116210938,8.903426170349121
dataset/test/Tomato_Early_blight_leaf/1723454500663_aug_24aug50.jpg,Tomato_Early_blight_leaf,Tomato_Early_blight_leaf,0.9993497729301453,1,1.0791196823120117,7.814176559448242,0.16142749786376953,9.057409286499023
dataset/test/Tomato_Early_blight_leaf/1723454500663aug4.jpg,Tomato_Early_blight_leaf,Tomato_Early_blight_leaf,0.9999244213104248,1,1.067453384399414,7.709285736083984,0.1641674041748047,8.94375991821289
dataset/test/Tomato_Early_blight_leaf/1723454507240aug20.jpg,Tomato_Early_blight_leaf,Tomato_Septoria_leaf_spot,0.7336820363998413,0,1.125101089477539,7.9742889404296875,0.16137123107910156,9.263614654541016
dataset/test/Tomato_Early_blight_leaf/EB_(981)_aug_65aug107.jpg,Tomato_Early_blight_leaf,Tomato_Early_blight_leaf,0.9999301433563232,1,1.095564842224121,7.729897499084473,0.16033458709716797,8.988667488098145
dataset/test/Tomato_Early_blight_leaf/EB_(981)_aug_66aug102.jpg,Tomato_Early_blight_leaf,Tomato_Early_blight_leaf,0.9999262094497681,1,1.1104717254638672,7.801860809326172,0.1601858139038086,9.075074195861816
dataset/test/Tomato_Early_blight_leaf/EB_(981)_aug_67aug101.jpg,Tomato_Early_blight_leaf,Tomato_Early_blight_leaf,0.999749481678009,1,1.0801029205322266,7.742250442504883,0.15694618225097656,8.982390403747559
dataset/test/Tomato_Early_blight_leaf/EB_(981)_aug_68aug95.jpg,Tomato_Early_blight_leaf,Tomato_Early_blight_leaf,0.9997437596321106,1,1.1150283813476562,7.601174354553223,0.15994644165039062,8.87844467163086
dataset/test/Tomato_Early_blight_leaf/EB_(981)_aug_69aug97.jpg,Tomato_Early_blight_leaf,Tomato_Early_blight_leaf,0.9982284903526306,1,1.170231819152832,7.571525573730469,0.17296504974365234,8.917981147766113
dataset/test/Tomato_Early_blight_leaf/EB_(981)aug13.jpg,Tomato_Early_blight_leaf,Tomato_Early_blight_leaf,0.9999792575836182,1,1.0764894485473633,7.775860786437988,0.24970531463623047,9.105241775512695
dataset/test/Tomato_Early_blight_leaf/Early-blight-660x440_aug_0aug61.jpg,Tomato_Early_blight_leaf,Tomato_Early_blight_leaf,0.9992327690124512,1,1.0763788223266602,7.875454902648926,0.16309452056884766,9.117816925048828
dataset/test/Tomato_Early_blight_leaf/Early-blight-660x440_aug_1aug59.jpg,Tomato_Early_blight_leaf,Tomato_Early_blight_leaf,0.9996250867843628,1,1.125584602355957,7.898268699645996,0.1655569076538086,9.192336082458496
dataset/test/Tomato_Early_blight_leaf/Early-blight-660x440_aug_2aug63.jpg,Tomato_Early_blight_leaf,Tomato_Early_blight_leaf,0.9998335838317871,1,1.0945463180541992,7.888436317443848,0.16172409057617188,9.147500991821289
dataset/test/Tomato_Early_blight_leaf/Early-blight-660x440_aug_3aug60.jpg,Tomato_Early_blight_leaf,Tomato_Early_blight_leaf,0.9990481734275818,1,1.1063976287841797,7.849472999572754,0.1645374298095703,9.123409271240234
dataset/test/Tomato_Early_blight_leaf/Early-blight-660x440_aug_4aug58.jpg,Tomato_Early_blight_leaf,Tomato_Early_blight_leaf,0.9994625449180603,1,1.1273612976074219,20.340353965759277,0.16653823852539062,21.637216567993164
dataset/test/Tomato_Early_blight_leaf/Early-blight-660x440aug0.jpg,Tomato_Early_blight_leaf,Tomato_Early_blight_leaf,0.9988480806350708,1,1.111231803894043,8.051288604736328,0.16418743133544922,9.32972526550293
dataset/test/Tomato_Early_blight_leaf/Gls42_change_180_aug_70aug100.jpg,Tomato_Early_blight_leaf,Tomato_Early_blight_leaf,0.9999500513076782,1,1.065896987915039,7.971029281616211,0.16414928436279297,9.203594207763672
dataset/test/Tomato_Early_blight_leaf/Gls42_change_180_aug_71aug109.jpg,Tomato_Early_blight_leaf,Tomato_Early_blight_leaf,0.9999778270721436,1,1.1307878494262695,15.906150817871094,0.17576026916503906,17.21495819091797
dataset/test/Tomato_Early_blight_leaf/Gls42_change_180_aug_72aug104.jpg,Tomato_Early_blight_leaf,Tomato_Early_blight_leaf,0.9999833106994629,1,1.0932493209838867,9.966842651367188,0.21885299682617188,11.28187084197998
dataset/test/Tomato_Early_blight_leaf/Gls42_change_180_aug_73aug94.jpg,Tomato_Early_blight_leaf,Tomato_Early_blight_leaf,0.9999868869781494,1,2.7965593338012695,17.06256866455078,0.21920490264892578,20.081777572631836
dataset/test/Tomato_Early_blight_leaf/Gls42_change_180_aug_74aug108.jpg,Tomato_Early_blight_leaf,Tomato_Early_blight_leaf,0.9998751878738403,1,2.288092613220215,11.403484344482422,0.16072368621826172,13.855003356933594
dataset/test/Tomato_Early_blight_leaf/Gls42_change_180aug14.jpg,Tomato_Early_blight_leaf,Tomato_Early_blight_leaf,0.9997001886367798,1,1.0581398010253906,7.877861976623535,0.16168689727783203,9.100892066955566
dataset/test/Tomato_Early_blight_leaf/Gls4_mirror_aug_60aug93.jpg,Tomato_Early_blight_leaf,Tomato_Early_blight_leaf,0.9999997615814209,1,1.078934669494629,7.650082588195801,0.20989131927490234,8.941426277160645
dataset/test/Tomato_Early_blight_leaf/Gls4_mirror_aug_61aug98.jpg,Tomato_Early_blight_leaf,Tomato_Early_blight_leaf,0.9999994039535522,1,1.0369720458984375,7.785378456115723,0.16090774536132812,8.985796928405762
dataset/test/Tomato_Early_blight_leaf/Gls4_mirror_aug_62aug91.jpg,Tomato_Early_blight_leaf,Tomato_Early_blight_leaf,0.9999995231628418,1,1.0161008834838867,7.96806526184082,0.16205787658691406,9.148927688598633
dataset/test/Tomato_Early_blight_leaf/Gls4_mirror_aug_63aug110.jpg,Tomato_Early_blight_leaf,Tomato_Early_blight_leaf,0.9999996423721313,1,1.0135831832885742,7.77952766418457,0.15890884399414062,8.955056190490723
dataset/test/Tomato_Early_blight_leaf/Gls4_mirror_aug_64aug105.jpg,Tomato_Early_blight_leaf,Tomato_Early_blight_leaf,1.0,1,1.0624895095825195,7.407895088195801,0.16311359405517578,8.63614559173584
dataset/test/Tomato_Early_blight_leaf/Gls4_mirror_vertical_aug_25aug37.jpg,Tomato_Early_blight_leaf,Tomato_Early_blight_leaf,0.9996148347854614,1,1.1623992919921875,7.503543853759766,0.1669464111328125,8.8362398147583
dataset/test/Tomato_Early_blight_leaf/Gls4_mirror_vertical_aug_26aug41.jpg,Tomato_Early_blight_leaf,Tomato_Early_blight_leaf,0.9998562335968018,1,1.0214710235595703,7.882009506225586,0.173797607421875,9.080204963684082
dataset/test/Tomato_Early_blight_leaf/Gls4_mirror_vertical_aug_27aug40.jpg,Tomato_Early_blight_leaf,Tomato_Early_blight_leaf,0.9999837875366211,1,1.0790824890136719,8.439107894897461,0.16698360443115234,9.68806266784668
dataset/test/Tomato_Early_blight_leaf/Gls4_mirror_vertical_aug_28aug36.jpg,Tomato_Early_blight_leaf,Tomato_Early_blight_leaf,0.9999500513076782,1,1.1039161682128906,8.134881973266602,0.16750144958496094,9.40926456451416
dataset/test/Tomato_Early_blight_leaf/Gls4_mirror_vertical_aug_29aug42.jpg,Tomato_Early_blight_leaf,Tomato_Early_blight_leaf,0.9999524354934692,1,1.0964899063110352,8.207844734191895,0.1708354949951172,9.478985786437988
dataset/test/Tomato_Early_blight_leaf/Gls4_mirror_verticalaug5.jpg,Tomato_Early_blight_leaf,Tomato_Early_blight_leaf,0.9999023675918579,1,1.0755090713500977,8.159178733825684,0.1672801971435547,9.404561042785645
dataset/test/Tomato_Early_blight_leaf/Gls4_mirroraug12.jpg,Tomato_Early_blight_leaf,Tomato_Early_blight_leaf,1.0,1,1.1247501373291016,8.172548294067383,0.16605663299560547,9.465874671936035
dataset/test/Tomato_Early_blight_leaf/IMG-20240812-WA0445_aug_40aug23.jpg,Tomato_Early_blight_leaf,Tomato_Septoria_leaf_spot,0.3552508056163788,0,1.1394720077514648,8.171124458312988,0.16464996337890625,9.477949142456055
dataset/test/Tomato_Early_blight_leaf/IMG-20240812-WA0445_aug_41aug28.jpg,Tomato_Early_blight_leaf,Tomato_mold_leaf,0.4654008448123932,0,1.1411199569702148,8.273846626281738,0.17322444915771484,9.591154098510742
dataset/test/Tomato_Early_blight_leaf/IMG-20240812-WA0445_aug_42aug21.jpg,Tomato_Early_blight_leaf,Tomato_mold_leaf,0.906450092792511,0,1.1426944732666016,8.14686393737793,0.16602039337158203,9.45844841003418
dataset/test/Tomato_Early_blight_leaf/IMG-20240812-WA0445_aug_43aug24.jpg,Tomato_Early_blight_leaf,Tomato_leaf_yellow_curl_virus,0.31828930974006653,0,1.183065414428711,8.163531303405762,0.1620006561279297,9.511487007141113
dataset/test/Tomato_Early_blight_leaf/IMG-20240812-WA0445_aug_44aug22.jpg,Tomato_Early_blight_leaf,Tomato_leaf_yellow_curl_virus,0.7111320495605469,0,1.2348060607910156,7.586397171020508,0.1612415313720703,8.985260009765625
dataset/test/Tomato_Early_blight_leaf/IMG-20240812-WA0445aug8.jpg,Tomato_Early_blight_leaf,Tomato_Early_blight_leaf,0.45343098044395447,1,1.2337875366210938,7.590304374694824,0.1682424545288086,8.995296478271484
dataset/test/Tomato_Early_blight_leaf/IMG20240812111749_aug_90aug80.jpg,Tomato_Early_blight_leaf,Tomato_mold_leaf,0.9999063014984131,0,1.1735668182373047,7.694045066833496,0.16168689727783203,9.031816482543945
dataset/test/Tomato_Early_blight_leaf/IMG20240812111749_aug_91aug77.jpg,Tomato_Early_blight_leaf,Tomato_mold_leaf,0.9983522891998291,0,1.185232162475586,7.73826789855957,0.16150188446044922,9.087482452392578
dataset/test/Tomato_Early_blight_leaf/IMG20240812111749_aug_92aug73.jpg,Tomato_Early_blight_leaf,Tomato_mold_leaf,0.9999493360519409,0,1.157639503479004,7.781656265258789,0.1602783203125,9.102815628051758
dataset/test/Tomato_Early_blight_leaf/IMG20240812111749_aug_93aug71.jpg,Tomato_Early_blight_leaf,Tomato_mold_leaf,0.9999690055847168,0,1.1210460662841797,7.7712297439575195,0.15977859497070312,9.054668426513672
dataset/test/Tomato_Early_blight_leaf/IMG20240812111749_aug_94aug74.jpg,Tomato_Early_blight_leaf,Tomato_mold_leaf,0.9947364926338196,0,1.1791572570800781,7.583563804626465,0.16415023803710938,8.929686546325684
dataset/test/Tomato_Early_blight_leaf/IMG20240812111749aug18.jpg,Tomato_Early_blight_leaf,Tomato_mold_leaf,0.9979149699211121,0,1.186509132385254,7.8915300369262695,0.15996360778808594,9.240558624267578
dataset/test/Tomato_Early_blight_leaf/IMG_20251102_155150_aug_30aug34.jpg,Tomato_Early_blight_leaf,Tomato_Early_blight_leaf,1.0,1,1.1303434371948242,7.549063682556152,0.16120529174804688,8.843536376953125
dataset/test/Tomato_Early_blight_leaf/IMG_20251102_155150_aug_31aug43.jpg,Tomato_Early_blight_leaf,Tomato_Early_blight_leaf,1.0,1,1.0587873458862305,7.756583213806152,0.15979766845703125,8.977704048156738
dataset/test/Tomato_Early_blight_leaf/IMG_20251102_155150_aug_32aug44.jpg,Tomato_Early_blight_leaf,Tomato_Early_blight_leaf,1.0,1,1.0775279998779297,7.658452033996582,0.16329669952392578,8.902239799499512
dataset/test/Tomato_Early_blight_leaf/IMG_20251102_155150_aug_33aug38.jpg,Tomato_Early_blight_leaf,Tomato_Early_blight_leaf,1.0,1,1.0828971862792969,7.854473114013672,0.16488933563232422,9.104907989501953
dataset/test/Tomato_Early_blight_leaf/IMG_20251102_155150_aug_34aug32.jpg,Tomato_Early_blight_leaf,Tomato_Early_blight_leaf,1.0,1,1.1117677688598633,7.863880157470703,0.1646127700805664,9.142928123474121
dataset/test/Tomato_Early_blight_leaf/IMG_20251102_155150aug6.jpg,Tomato_Early_blight_leaf,Tomato_Early_blight_leaf,1.0,1,1.0886754989624023,7.890342712402344,0.17837142944335938,9.160186767578125
dataset/test/Tomato_Early_blight_leaf/IMG_20251102_155153_aug_85aug72.jpg,Tomato_Early_blight_leaf,Tomato_Early_blight_leaf,1.0,1,1.1164541244506836,7.975732803344727,0.16611194610595703,9.26109504699707
dataset/test/Tomato_Early_blight_leaf/IMG_20251102_155153_aug_86aug78.jpg,Tomato_Early_blight_leaf,Tomato_Early_blight_leaf,1.0,1,1.1589536666870117,8.0419921875,0.16666793823242188,9.370281219482422
dataset/test/Tomato_Early_blight_leaf/IMG_20251102_155153_aug_87aug76.jpg,Tomato_Early_blight_leaf,Tomato_Early_blight_leaf,1.0,1,1.1130638122558594,7.802862167358398,0.16618728637695312,9.08488941192627
dataset/test/Tomato_Early_blight_leaf/IMG_20251102_155153_aug_88aug79.jpg,Tomato_Early_blight_leaf,Tomato_Early_blight_leaf,1.0,1,1.2559537887573242,7.938178062438965,0.16744613647460938,9.363893508911133
dataset/test/Tomato_Early_blight_leaf/IMG_20251102_155153_aug_89aug75.jpg,Tomato_Early_blight_leaf,Tomato_Early_blight_leaf,1.0,1,1.1705474853515625,7.877584457397461,0.1654815673828125,9.21642780303955
dataset/test/Tomato_Early_blight_leaf/IMG_20251102_155153aug17.jpg,Tomato_Early_blight_leaf,Tomato_Early_blight_leaf,1.0,1,1.1180830001831055,8.020271301269531,0.16307544708251953,9.3042631149292
dataset/test/Tomato_Early_blight_leaf/IMG_20251102_155207_aug_10aug47.jpg,Tomato_Early_blight_leaf,Tomato_Early_blight_leaf,1.0,1,1.0931205749511719,8.001344680786133,0.16461181640625,9.262187957763672
dataset/test/Tomato_Early_blight_leaf/IMG_20251102_155207_aug_11aug56.jpg,Tomato_Early_blight_leaf,Tomato_Early_blight_leaf,1.0,1,1.141953468322754,7.882325172424316,0.19559478759765625,9.222501754760742
dataset/test/Tomato_Early_blight_leaf/IMG_20251102_155207_aug_12aug45.jpg,Tomato_Early_blight_leaf,Tomato_Early_blight_leaf,1.0,1,1.0917692184448242,8.15456771850586,0.16346359252929688,9.412745475769043
dataset/test/Tomato_Early_blight_leaf/IMG_20251102_155207_aug_13aug48.jpg,Tomato_Early_blight_leaf,Tomato_Early_blight_leaf,1.0,1,1.0834341049194336,7.993862152099609,0.16490936279296875,9.244817733764648
dataset/test/Tomato_Early_blight_leaf/IMG_20251102_155207_aug_14aug49.jpg,Tomato_Early_blight_leaf,Tomato_Early_blight_leaf,1.0,1,1.1116580963134766,7.914602279663086,0.21042728424072266,9.23946475982666
dataset/test/Tomato_Early_blight_leaf/IMG_20251102_155207aug2.jpg,Tomato_Early_blight_leaf,Tomato_Early_blight_leaf,1.0,1,1.2042865753173828,7.981622695922852,0.16631603240966797,9.355077743530273
dataset/test/Tomato_Early_blight_leaf/IMG_20251102_155305_aug_35aug25.jpg,Tomato_Early_blight_leaf,Tomato_Early_blight_leaf,0.8560317754745483,1,1.1493425369262695,7.954084396362305,0.1654825210571289,9.271448135375977
dataset/test/Tomato_Early_blight_leaf/IMG_20251102_155305_aug_36aug27.jpg,Tomato_Early_blight_leaf,Tomato_Early_blight_leaf,0.8853533864021301,1,1.1066579818725586,8.0919189453125,0.20513153076171875,9.406317710876465
dataset/test/Tomato_Early_blight_leaf/IMG_20251102_155305_aug_37aug29.jpg,Tomato_Early_blight_leaf,Tomato_Early_blight_leaf,0.9866188168525696,1,1.123063087463379,8.024103164672852,0.2168722152709961,9.366837501525879
dataset/test/Tomato_Early_blight_leaf/IMG_20251102_155305_aug_38aug31.jpg,Tomato_Early_blight_leaf,Tomato_Early_blight_leaf,0.9968633651733398,1,1.108565330505371,8.11971664428711,0.16970443725585938,9.400670051574707
dataset/test/Tomato_Early_blight_leaf/IMG_20251102_155305_aug_39aug26.jpg,Tomato_Early_blight_leaf,Tomato_Early_blight_leaf,0.9903984069824219,1,1.131638526916504,8.011215209960938,0.17985248565673828,9.326096534729004
dataset/test/Tomato_Early_blight_leaf/IMG_20251102_155305aug7.jpg,Tomato_Early_blight_leaf,Tomato_Early_blight_leaf,0.9949389696121216,1,1.1168241500854492,8.139307022094727,0.1658344268798828,9.424781799316406
dataset/test/Tomato_Early_blight_leaf/IMG_20251102_155853_aug_55aug106.jpg,Tomato_Early_blight_leaf,Tomato_leaf_late_blight,0.9851926565170288,0,1.1361761093139648,7.996343612670898,0.17383480072021484,9.309521675109863
dataset/test/Tomato_Early_blight_leaf/IMG_20251102_155853_aug_56aug92.jpg,Tomato_Early_blight_leaf,Tomato_leaf_late_blight,0.9984266757965088,0,1.1553974151611328,8.814017295837402,0.16922378540039062,10.141547203063965
dataset/test/Tomato_Early_blight_leaf/IMG_20251102_155853_aug_57aug96.jpg,Tomato_Early_blight_leaf,Tomato_leaf_late_blight,0.999293327331543,0,1.1475658416748047,8.323382377624512,0.16803836822509766,9.641450881958008
dataset/test/Tomato_Early_blight_leaf/IMG_20251102_155853_aug_58aug103.jpg,Tomato_Early_blight_leaf,Tomato_leaf_late_blight,0.9999257326126099,0,1.1319169998168945,8.680109024047852,0.1716480255126953,9.986324310302734
dataset/test/Tomato_Early_blight_leaf/IMG_20251102_155853_aug_59aug99.jpg,Tomato_Early_blight_leaf,Tomato_leaf_late_blight,0.9676258563995361,0,1.165694236755371,8.757165908813477,0.16718673706054688,10.092916488647461
dataset/test/Tomato_Early_blight_leaf/IMG_20251102_155853aug11.jpg,Tomato_Early_blight_leaf,Tomato_leaf_late_blight,0.9999253749847412,0,1.1626386642456055,12.64417839050293,0.2081317901611328,14.017857551574707
dataset/test/Tomato_Early_blight_leaf/IMG_20251102_160046_aug_95aug70.jpg,Tomato_Early_blight_leaf,Tomato_Early_blight_leaf,0.9843898415565491,1,1.384714126586914,16.848305702209473,0.17237186431884766,18.408635139465332
dataset/test/Tomato_Early_blight_leaf/IMG_20251102_160046_aug_96aug69.jpg,Tomato_Early_blight_leaf,Tomato_Early_blight_leaf,0.999591052532196,1,3.049544334411621,10.1490478515625,0.17194652557373047,13.373778343200684
dataset/test/Tomato_Early_blight_leaf/IMG_20251102_160046_aug_97aug67.jpg,Tomato_Early_blight_leaf,Tomato_Early_blight_leaf,0.9994812607765198,1,1.1660842895507812,8.407329559326172,0.169464111328125,9.74608039855957
dataset/test/Tomato_Early_blight_leaf/IMG_20251102_160046_aug_98aug68.jpg,Tomato_Early_blight_leaf,Tomato_Early_blight_leaf,0.9990984201431274,1,1.167435646057129,8.28092098236084,0.21944618225097656,9.670802116394043
dataset/test/Tomato_Early_blight_leaf/IMG_20251102_160046aug19.jpg,Tomato_Early_blight_leaf,Tomato_Early_blight_leaf,0.9999362230300903,1,1.1145095825195312,8.036380767822266,0.1642608642578125,9.318391799926758
dataset/test/Tomato_Early_blight_leaf/IMG_20251102_160055_aug_15aug53.jpg,Tomato_Early_blight_leaf,Tomato_Early_blight_leaf,0.9999996423721313,1,1.098546028137207,7.9827880859375,0.1635570526123047,9.248021125793457
dataset/test/Tomato_Early_blight_leaf/IMG_20251102_160055_aug_16aug55.jpg,Tomato_Early_blight_leaf,Tomato_Early_blight_leaf,0.9999998807907104,1,1.0764904022216797,8.233235359191895,0.18096542358398438,9.494023323059082
dataset/test/Tomato_Early_blight_leaf/IMG_20251102_160055_aug_17aug46.jpg,Tomato_Early_blight_leaf,Tomato_Early_blight_leaf,0.9999997615814209,1,1.0912303924560547,7.873417854309082,0.16233539581298828,9.13007640838623
dataset/test/Tomato_Early_blight_leaf/IMG_20251102_160055_aug_18aug54.jpg,Tomato_Early_blight_leaf,Tomato_Early_blight_leaf,0.999996542930603,1,1.061305046081543,7.796194076538086,0.16722488403320312,9.027482032775879
dataset/test/Tomato_Early_blight_leaf/IMG_20251102_160055_aug_19aug52.jpg,Tomato_Early_blight_leaf,Tomato_Early_blight_leaf,1.0,1,1.0879344940185547,7.966158866882324,0.1646127700805664,9.221447944641113
dataset/test/Tomato_Early_blight_leaf/IMG_20251102_160055aug3.jpg,Tomato_Early_blight_leaf,Tomato_Early_blight_leaf,1.0,1,1.128194808959961,8.015159606933594,0.16342639923095703,9.309688568115234
dataset/test/Tomato_Early_blight_leaf/IMG_20251102_160217_aug_75aug82.jpg,Tomato_Early_blight_leaf,Tomato_Early_blight_leaf,0.9999958276748657,1,1.0929346084594727,8.091344833374023,0.16350173950195312,9.35063362121582
dataset/test/Tomato_Early_blight_leaf/IMG_20251102_160217_aug_76aug83.jpg,Tomato_Early_blight_leaf,Tomato_Early_blight_leaf,0.9999994039535522,1,1.0826568603515625,7.869603157043457,0.16289043426513672,9.11794662475586
dataset/test/Tomato_Early_blight_leaf/IMG_20251102_160217_aug_77aug90.jpg,Tomato_Early_blight_leaf,Tomato_Early_blight_leaf,0.99997878074646,1,1.1271381378173828,7.890380859375,0.17401981353759766,9.1949462890625
dataset/test/Tomato_Early_blight_leaf/IMG_20251102_160217_aug_78aug81.jpg,Tomato_Early_blight_leaf,Tomato_Early_blight_leaf,0.9999798536300659,1,1.0926189422607422,7.809213638305664,0.16150188446044922,9.065926551818848
dataset/test/Tomato_Early_blight_leaf/IMG_20251102_160217_aug_79aug86.jpg,Tomato_Early_blight_leaf,Tomato_Early_blight_leaf,0.9999974966049194,1,1.0687675476074219,7.745749473571777,0.15644550323486328,8.973390579223633
dataset/test/Tomato_Early_blight_leaf/IMG_20251102_160217aug15.jpg,Tomato_Early_blight_leaf,Tomato_Early_blight_leaf,0.9999916553497314,1,1.0526390075683594,7.655599594116211,0.17264938354492188,8.883462905883789
dataset/test/Tomato_Early_blight_leaf/IMG_20251102_160523_aug_50aug114.jpg,Tomato_Early_blight_leaf,Tomato_Early_blight_leaf,0.9999908208847046,1,1.2097692489624023,7.644951820373535,0.1750020980834961,9.032483100891113
dataset/test/Tomato_Early_blight_leaf/IMG_20251102_160523_aug_51aug111.jpg,Tomato_Early_blight_leaf,Tomato_Early_blight_leaf,0.9999027252197266,1,1.0795087814331055,7.766195297241211,0.16024208068847656,9.008500099182129
dataset/test/Tomato_Early_blight_leaf/IMG_20251102_160523_aug_52aug112.jpg,Tomato_Early_blight_leaf,Tomato_Early_blight_leaf,0.9998706579208374,1,1.2252683639526367,8.042048454284668,0.1607046127319336,9.43130111694336
dataset/test/Tomato_Early_blight_leaf/IMG_20251102_160523_aug_53aug115.jpg,Tomato_Early_blight_leaf,Tomato_Early_blight_leaf,0.9999872446060181,1,1.1355094909667969,7.688858985900879,0.19759368896484375,9.024761199951172
dataset/test/Tomato_Early_blight_leaf/IMG_20251102_160523_aug_54aug113.jpg,Tomato_Early_blight_leaf,Tomato_Early_blight_leaf,0.9998297691345215,1,1.1003990173339844,8.626441955566406,0.1625194549560547,9.89197063446045
dataset/test/Tomato_Early_blight_leaf/IMG_20251102_160523aug10.jpg,Tomato_Early_blight_leaf,Tomato_Early_blight_leaf,0.9999982118606567,1,1.0955657958984375,8.049345016479492,0.1595745086669922,9.307114601135254
dataset/test/Tomato_Early_blight_leaf/IMG_20251102_161202_aug_45aug118.jpg,Tomato_Early_blight_leaf,Tomato_Early_blight_leaf,0.9996154308319092,1,1.191157341003418,7.7140092849731445,0.1646137237548828,9.072760581970215
dataset/test/Tomato_Early_blight_leaf/IMG_20251102_161202_aug_46aug116.jpg,Tomato_Early_blight_leaf,Tomato_Early_blight_leaf,0.9996154308319092,1,1.1052875518798828,7.736194610595703,0.17148399353027344,9.015925407409668
dataset/test/Tomato_Early_blight_leaf/IMG_20251102_161202_aug_47aug117.jpg,Tomato_Early_blight_leaf,Tomato_Early_blight_leaf,0.9979519248008728,1,1.138047218322754,7.993677139282227,0.1631298065185547,9.297300338745117
dataset/test/Tomato_Early_blight_leaf/IMG_20251102_161202_aug_48aug30.jpg,Tomato_Early_blight_leaf,Tomato_Early_blight_leaf,0.9998520612716675,1,1.1470842361450195,8.137455940246582,0.15901947021484375,9.446170806884766
dataset/test/Tomato_Early_blight_leaf/IMG_20251102_161202_aug_49aug119.jpg,Tomato_Early_blight_leaf,Tomato_Early_blight_leaf,0.9997828602790833,1,1.1473417282104492,8.155031204223633,0.1662616729736328,9.47144889831543
dataset/test/Tomato_Early_blight_leaf/IMG_20251102_161202aug9.jpg,Tomato_Early_blight_leaf,Tomato_Early_blight_leaf,0.9996618032455444,1,1.2397127151489258,8.087196350097656,0.1714639663696289,9.50178337097168
dataset/test/Tomato_Early_blight_leaf/early_blight_jpg.rf.1091c0a2a9a3da5b9ad688c89298614c_aug_80aug87.jpg,Tomato_Early_blight_leaf,Tomato_Early_blight_leaf,0.9991934895515442,1,1.1759538650512695,8.367051124572754,0.1772613525390625,9.723079681396484
dataset/test/Tomato_Early_blight_leaf/early_blight_jpg.rf.1091c0a2a9a3da5b9ad688c89298614c_aug_81aug84.jpg,Tomato_Early_blight_leaf,Tomato_Early_blight_leaf,0.9968511462211609,1,1.1266393661499023,8.027936935424805,0.16655635833740234,9.3239107131958
dataset/test/Tomato_Early_blight_leaf/early_blight_jpg.rf.1091c0a2a9a3da5b9ad688c89298614c_aug_82aug89.jpg,Tomato_Early_blight_leaf,Tomato_Early_blight_leaf,0.9976211190223694,1,1.1145648956298828,8.0452880859375,0.16509342193603516,9.327595710754395
dataset/test/Tomato_Early_blight_leaf/early_blight_jpg.rf.1091c0a2a9a3da5b9ad688c89298614c_aug_83aug85.jpg,Tomato_Early_blight_leaf,Tomato_Early_blight_leaf,0.993698239326477,1,1.2841577529907227,8.057252883911133,0.1660013198852539,9.510468482971191
dataset/test/Tomato_Early_blight_leaf/early_blight_jpg.rf.1091c0a2a9a3da5b9ad688c89298614c_aug_84aug88.jpg,Tomato_Early_blight_leaf,Tomato_Early_blight_leaf,0.9909408688545227,1,1.131399154663086,8.194419860839844,0.16648197174072266,9.495133399963379
dataset/test/Tomato_Early_blight_leaf/early_blight_jpg.rf.1091c0a2a9a3da5b9ad688c89298614caug16.jpg,Tomato_Early_blight_leaf,Tomato_Early_blight_leaf,0.9984129667282104,1,1.1096391677856445,8.001694679260254,0.1582794189453125,9.272743225097656
dataset/test/Tomato_Healthy_leaf/20140818-tomato-sauce-vicky-wasik-1_jpg.rf.d3d9b4a0642e72ba76b40dbdfff8b9f7_aug_6aug50.jpg,Tomato_Healthy_leaf,Tomato_Healthy_leaf,0.9999997615814209,1,1.1046380996704102,8.31179141998291,0.1579456329345703,9.577006340026855
dataset/test/Tomato_Healthy_leaf/20140818-tomato-sauce-vicky-wasik-1_jpg.rf.d3d9b4a0642e72ba76b40dbdfff8b9f7_aug_7aug56.jpg,Tomato_Healthy_leaf,Tomato_Healthy_leaf,1.0,1,1.0545101165771484,7.885103225708008,0.16246509552001953,9.104780197143555
dataset/test/Tomato_Healthy_leaf/20140818-tomato-sauce-vicky-wasik-1_jpg.rf.d3d9b4a0642e72ba76b40dbdfff8b9f7aug3.jpg,Tomato_Healthy_leaf,Tomato_Healthy_leaf,1.0,1,1.0491561889648438,7.766528129577637,0.16163063049316406,8.979927062988281
dataset/test/Tomato_Healthy_leaf/2015-09-17-01_aug_20aug110.jpg,Tomato_Healthy_leaf,Tomato_Healthy_leaf,0.9999043941497803,1,1.1293249130249023,7.771823883056641,0.1668539047241211,9.071260452270508
dataset/test/Tomato_Healthy_leaf/2015-09-17-01_aug_21aug114.jpg,Tomato_Healthy_leaf,Tomato_Healthy_leaf,0.9973502159118652,1,1.0668792724609375,7.869101524353027,0.1616668701171875,9.10035228729248
dataset/test/Tomato_Healthy_leaf/2015-09-17-01aug10.jpg,Tomato_Healthy_leaf,Tomato_Healthy_leaf,0.9800912737846375,1,1.0453605651855469,7.7013044357299805,0.16125965118408203,8.910980224609375
dataset/test/Tomato_Healthy_leaf/Basil_2Binfected_2Bby_2BTomato_2BSpotted_2BWilt_2BVirus_aug_2aug59.jpg,Tomato_Healthy_leaf,Tomato_mold_leaf,0.450621098279953,0,1.0564346313476562,7.732973098754883,0.1682605743408203,8.960888862609863
dataset/test/Tomato_Healthy_leaf/Basil_2Binfected_2Bby_2BTomato_2BSpotted_2BWilt_2BVirus_aug_3aug51.jpg,Tomato_Healthy_leaf,Tomato_leaf_late_blight,0.6666613817214966,0,1.2651023864746094,7.7989912033081055,0.1658163070678711,9.232725143432617
dataset/test/Tomato_Healthy_leaf/Basil_2Binfected_2Bby_2BTomato_2BSpotted_2BWilt_2BVirusaug1.jpg,Tomato_Healthy_leaf,Tomato_leaf_late_blight,0.5260810256004333,0,1.0532875061035156,7.874565124511719,0.1607046127319336,9.091168403625488
dataset/test/Tomato_Healthy_leaf/Fig-2_aug_22aug102.jpg,Tomato_Healthy_leaf,Tomato_Healthy_leaf,0.5192481279373169,1,1.0759897232055664,8.150141716003418,0.15670394897460938,9.385318756103516
dataset/test/Tomato_Healthy_leaf/Fig-2_aug_23aug90.jpg,Tomato_Healthy_leaf,Tomato_leaf_yellow_curl_virus,0.7456024885177612,0,1.1103239059448242,7.822028160095215,0.16064929962158203,9.096056938171387
dataset/test/Tomato_Healthy_leaf/Fig-2aug11.jpg,Tomato_Healthy_leaf,Tomato_leaf_yellow_curl_virus,0.7060365080833435,0,1.09271240234375,7.685175895690918,0.16935348510742188,8.950536727905273
dataset/test/Tomato_Healthy_leaf/HL_(103)aug39.jpg,Tomato_Healthy_leaf,Tomato_Healthy_leaf,1.0,1,1.0833234786987305,7.912583351135254,0.16492652893066406,9.163743019104004
dataset/test/Tomato_Healthy_leaf/HL_(118)_aug_38aug103.jpg,Tomato_Healthy_leaf,Tomato_Healthy_leaf,1.0,1,1.089010238647461,7.966733932495117,0.16179752349853516,9.22066879272461
dataset/test/Tomato_Healthy_leaf/HL_(118)_aug_39aug104.jpg,Tomato_Healthy_leaf,Tomato_Healthy_leaf,1.0,1,1.1191215515136719,8.014232635498047,0.1641683578491211,9.300374031066895
dataset/test/Tomato_Healthy_leaf/HL_(118)aug19.jpg,Tomato_Healthy_leaf,Tomato_Healthy_leaf,1.0,1,1.082951545715332,7.876473426818848,0.1609640121459961,9.12292766571045
dataset/test/Tomato_Healthy_leaf/HL_(165)_aug_28aug105.jpg,Tomato_Healthy_leaf,Tomato_Healthy_leaf,0.9999998807907104,1,1.1100645065307617,8.155863761901855,0.16731643676757812,9.436226844787598
dataset/test/Tomato_Healthy_leaf/HL_(165)_aug_29aug91.jpg,Tomato_Healthy_leaf,Tomato_Healthy_leaf,1.0,1,1.1361751556396484,7.967584609985352,0.17679882049560547,9.283132553100586
dataset/test/Tomato_Healthy_leaf/HL_(165)aug14.jpg,Tomato_Healthy_leaf,Tomato_Healthy_leaf,1.0,1,1.1107501983642578,8.200586318969727,0.16829872131347656,9.483115196228027
dataset/test/Tomato_Healthy_leaf/HL_(61)_aug_50aug83.jpg,Tomato_Healthy_leaf,Tomato_Healthy_leaf,0.9959211349487305,1,1.0937671661376953,7.944120407104492,0.1607980728149414,9.201038360595703
dataset/test/Tomato_Healthy_leaf/HL_(61)_aug_51aug76.jpg,Tomato_Healthy_leaf,Tomato_Healthy_leaf,0.9994471669197083,1,1.1984729766845703,8.029343605041504,0.1547985076904297,9.385244369506836
dataset/test/Tomato_Healthy_leaf/HL_(61)aug25.jpg,Tomato_Healthy_leaf,Tomato_Healthy_leaf,0.999950647354126,1,1.0498056411743164,8.010047912597656,0.16596412658691406,9.228428840637207
dataset/test/Tomato_Healthy_leaf/HL_(62)aug36.jpg,Tomato_Healthy_leaf,Tomato_Healthy_leaf,0.9999997615814209,1,1.1166391372680664,7.825713157653809,0.16620445251464844,9.11092758178711
dataset/test/Tomato_Healthy_leaf/IMG_20251102_161618_aug_58aug71.jpg,Tomato_Healthy_leaf,Tomato_Healthy_leaf,0.9909161925315857,1,1.1687870025634766,7.923935890197754,0.16275978088378906,9.258280754089355
dataset/test/Tomato_Healthy_leaf/IMG_20251102_161618_aug_59aug63.jpg,Tomato_Healthy_leaf,Tomato_Healthy_leaf,0.9929423332214355,1,1.1753978729248047,8.738202095031738,0.1647787094116211,10.081324577331543
dataset/test/Tomato_Healthy_leaf/IMG_20251102_161618aug29.jpg,Tomato_Healthy_leaf,Tomato_Healthy_leaf,0.9903948903083801,1,1.2046384811401367,7.849509239196777,0.19837284088134766,9.255373001098633
dataset/test/Tomato_Healthy_leaf/IMG_20251102_161625aug44.jpg,Tomato_Healthy_leaf,Tomato_Healthy_leaf,0.9569141268730164,1,1.1408796310424805,8.028010368347168,0.16420555114746094,9.335762977600098
dataset/test/Tomato_Healthy_leaf/IMG_20251102_161629_aug_10aug115.jpg,Tomato_Healthy_leaf,Tomato_Healthy_leaf,0.9939915537834167,1,1.15997314453125,7.923288345336914,0.17624187469482422,9.26250171661377
dataset/test/Tomato_Healthy_leaf/IMG_20251102_161629_aug_11aug109.jpg,Tomato_Healthy_leaf,Tomato_Healthy_leaf,0.9999774694442749,1,1.117213249206543,7.969010353088379,0.15802001953125,9.246631622314453
dataset/test/Tomato_Healthy_leaf/IMG_20251102_161629aug5.jpg,Tomato_Healthy_leaf,Tomato_Healthy_leaf,0.9999451637268066,1,1.1197872161865234,7.9157514572143555,0.16422367095947266,9.202280044555664
dataset/test/Tomato_Healthy_leaf/IMG_20251102_161652aug43.jpg,Tomato_Healthy_leaf,Tomato_Healthy_leaf,0.9999959468841553,1,1.183675765991211,7.9194536209106445,0.16489124298095703,9.270761489868164
dataset/test/Tomato_Healthy_leaf/IMG_20251102_161826_aug_60aug68.jpg,Tomato_Healthy_leaf,Tomato_Healthy_leaf,0.9981649518013,1,1.1623601913452148,7.880843162536621,0.1701498031616211,9.215853691101074
dataset/test/Tomato_Healthy_leaf/IMG_20251102_161826_aug_61aug62.jpg,Tomato_Healthy_leaf,Tomato_Healthy_leaf,0.9999725818634033,1,1.1746406555175781,8.053288459777832,0.1685018539428711,9.399764060974121
dataset/test/Tomato_Healthy_leaf/IMG_20251102_161826aug30.jpg,Tomato_Healthy_leaf,Tomato_Healthy_leaf,0.9994404911994934,1,1.1654539108276367,7.959639549255371,0.17133522033691406,9.299651145935059
dataset/test/Tomato_Healthy_leaf/IMG_20251102_161850_aug_56aug74.jpg,Tomato_Healthy_leaf,Tomato_leaf_yellow_curl_virus,0.8195956945419312,0,1.125472068786621,7.734951972961426,0.16222286224365234,9.025333404541016
dataset/test/Tomato_Healthy_leaf/IMG_20251102_161850_aug_57aug72.jpg,Tomato_Healthy_leaf,Tomato_Healthy_leaf,0.9298091530799866,1,1.1126394271850586,7.701119422912598,0.15981674194335938,8.976593017578125
dataset/test/Tomato_Healthy_leaf/IMG_20251102_161850aug28.jpg,Tomato_Healthy_leaf,Tomato_Healthy_leaf,0.9420400857925415,1,1.0806388854980469,7.805639266967773,0.16203784942626953,9.050945281982422
dataset/test/Tomato_Healthy_leaf/IMG_20251102_161859aug38.jpg,Tomato_Healthy_leaf,Tomato_Healthy_leaf,0.9999971389770508,1,1.1061573028564453,7.942176818847656,0.166778564453125,9.217947959899902
dataset/test/Tomato_Healthy_leaf/IMG_20251102_161935_aug_4aug55.jpg,Tomato_Healthy_leaf,Tomato_Healthy_leaf,0.9999998807907104,1,1.0809526443481445,7.914342880249023,0.1580190658569336,9.155760765075684
dataset/test/Tomato_Healthy_leaf/IMG_20251102_161935_aug_5aug53.jpg,Tomato_Healthy_leaf,Tomato_Healthy_leaf,0.9999997615814209,1,1.0882863998413086,7.686526298522949,0.1674823760986328,8.945221900939941
dataset/test/Tomato_Healthy_leaf/IMG_20251102_161935aug2.jpg,Tomato_Healthy_leaf,Tomato_Healthy_leaf,0.9999998807907104,1,1.1035833358764648,7.772174835205078,0.162445068359375,9.040816307067871
dataset/test/Tomato_Healthy_leaf/IMG_20251102_162037aug45.jpg,Tomato_Healthy_leaf,Tomato_Septoria_leaf_spot,0.3557044267654419,0,1.1069536209106445,7.827732086181641,0.1711864471435547,9.109057426452637
dataset/test/Tomato_Healthy_leaf/h100_lower_aug_54aug73.jpg,Tomato_Healthy_leaf,Tomato_Healthy_leaf,1.0,1,1.1247138977050781,7.8849897384643555,0.2011127471923828,9.213891983032227
dataset/test/Tomato_Healthy_leaf/h100_lower_aug_55aug75.jpg,Tomato_Healthy_leaf,Tomato_Healthy_leaf,1.0,1,1.0696020126342773,7.666081428527832,0.16013050079345703,8.898629188537598
dataset/test/Tomato_Healthy_leaf/h100_loweraug27.jpg,Tomato_Healthy_leaf,Tomato_Healthy_leaf,0.9999938011169434,1,1.100417137145996,7.853084564208984,0.1619272232055664,9.118149757385254
dataset/test/Tomato_Healthy_leaf/h101_aug_18aug119.jpg,Tomato_Healthy_leaf,Tomato_Healthy_leaf,0.9837039113044739,1,1.0666017532348633,8.187031745910645,0.1666126251220703,9.423484802246094
dataset/test/Tomato_Healthy_leaf/h101_aug_19aug116.jpg,Tomato_Healthy_leaf,Tomato_Healthy_leaf,0.973220705986023,1,1.204437255859375,8.37321662902832,0.1666879653930664,9.747303009033203
dataset/test/Tomato_Healthy_leaf/h101aug9.jpg,Tomato_Healthy_leaf,Tomato_Healthy_leaf,0.9937485456466675,1,1.129251480102539,8.09721565246582,0.1673717498779297,9.396966934204102
dataset/test/Tomato_Healthy_leaf/h103_aug_42aug82.jpg,Tomato_Healthy_leaf,Tomato_Healthy_leaf,1.0,1,1.1210832595825195,8.276087760925293,0.169464111328125,9.569450378417969
dataset/test/Tomato_Healthy_leaf/h103_aug_43aug77.jpg,Tomato_Healthy_leaf,Tomato_Healthy_leaf,1.0,1,1.102564811706543,8.261569023132324,0.16570568084716797,9.532930374145508
dataset/test/Tomato_Healthy_leaf/h103aug21.jpg,Tomato_Healthy_leaf,Tomato_Healthy_leaf,1.0,1,1.1115083694458008,8.320902824401855,0.2255573272705078,9.6611909866333
dataset/test/Tomato_Healthy_leaf/h1_change_90_aug_12aug118.jpg,Tomato_Healthy_leaf,Tomato_Healthy_leaf,0.999998927116394,1,1.1667490005493164,8.283623695373535,0.1722412109375,9.625173568725586
dataset/test/Tomato_Healthy_leaf/h1_change_90_aug_13aug108.jpg,Tomato_Healthy_leaf,Tomato_Healthy_leaf,0.9999982118606567,1,1.1299352645874023,8.386346817016602,0.1671123504638672,9.68606185913086
dataset/test/Tomato_Healthy_leaf/h1_change_90aug6.jpg,Tomato_Healthy_leaf,Tomato_Healthy_leaf,0.9999998807907104,1,1.1771211624145508,8.436773300170898,0.16535377502441406,9.781821250915527
dataset/test/Tomato_Healthy_leaf/h39_change_270aug48.jpg,Tomato_Healthy_leaf,Tomato_Healthy_leaf,0.9999998807907104,1,1.1307878494262695,8.459421157836914,0.16740894317626953,9.760467529296875
dataset/test/Tomato_Healthy_leaf/h39_hight_aug_40aug96.jpg,Tomato_Healthy_leaf,Tomato_Healthy_leaf,0.9997262358665466,1,1.1200828552246094,8.1339750289917,0.16290855407714844,9.419374465942383
dataset/test/Tomato_Healthy_leaf/h39_hight_aug_41aug98.jpg,Tomato_Healthy_leaf,Tomato_Healthy_leaf,1.0,1,1.120009422302246,8.001547813415527,0.16474151611328125,9.289705276489258
dataset/test/Tomato_Healthy_leaf/h39_hightaug20.jpg,Tomato_Healthy_leaf,Tomato_Healthy_leaf,0.9999346733093262,1,1.0930461883544922,8.06527042388916,0.16433429718017578,9.325189590454102
dataset/test/Tomato_Healthy_leaf/h39_lower_aug_30aug95.jpg,Tomato_Healthy_leaf,Tomato_Healthy_leaf,0.9999918937683105,1,1.0941190719604492,8.17340087890625,0.20781707763671875,9.478059768676758
dataset/test/Tomato_Healthy_leaf/h39_lower_aug_31aug89.jpg,Tomato_Healthy_leaf,Tomato_Healthy_leaf,0.999798595905304,1,1.102787971496582,8.038232803344727,0.1582794189453125,9.301984786987305
dataset/test/Tomato_Healthy_leaf/h39_loweraug15.jpg,Tomato_Healthy_leaf,Tomato_Healthy_leaf,0.9999172687530518,1,1.0899543762207031,7.828435897827148,0.16203975677490234,9.082834243774414
dataset/test/Tomato_Healthy_leaf/h3_aug_8aug57.jpg,Tomato_Healthy_leaf,Tomato_Healthy_leaf,1.0,1,1.1878986358642578,7.857509613037109,0.16377925872802734,9.21192741394043
dataset/test/Tomato_Healthy_leaf/h3_aug_9aug54.jpg,Tomato_Healthy_leaf,Tomato_Healthy_leaf,1.0,1,1.1301021575927734,8.015085220336914,0.16515064239501953,9.31307601928711
dataset/test/Tomato_Healthy_leaf/h3_mirror_aug_52aug84.jpg,Tomato_Healthy_leaf,Tomato_Healthy_leaf,1.0,1,1.0733423233032227,8.042474746704102,0.16389083862304688,9.282797813415527
dataset/test/Tomato_Healthy_leaf/h3_mirror_aug_53aug80.jpg,Tomato_Healthy_leaf,Tomato_Healthy_leaf,1.0,1,1.0868806838989258,7.985658645629883,0.16257572174072266,9.238019943237305
dataset/test/Tomato_Healthy_leaf/h3_mirroraug26.jpg,Tomato_Healthy_leaf,Tomato_Healthy_leaf,1.0,1,1.1047496795654297,8.626496315002441,0.17131614685058594,9.905266761779785
dataset/test/Tomato_Healthy_leaf/h3aug4.jpg,Tomato_Healthy_leaf,Tomato_Healthy_leaf,1.0,1,1.0884342193603516,8.542387008666992,0.1619281768798828,9.79596996307373
dataset/test/Tomato_Healthy_leaf/h45_mirror_verticalaug42.jpg,Tomato_Healthy_leaf,Tomato_Healthy_leaf,0.999804675579071,1,1.1295995712280273,8.887425422668457,0.16283512115478516,10.182881355285645
dataset/test/Tomato_Healthy_leaf/h49_change_90aug49.jpg,Tomato_Healthy_leaf,Tomato_Healthy_leaf,1.0,1,1.0973434448242188,9.438966751098633,0.20201969146728516,10.740995407104492
dataset/test/Tomato_Healthy_leaf/h50_hight_aug_68aug69.jpg,Tomato_Healthy_leaf,Tomato_Healthy_leaf,0.9999891519546509,1,1.0319890975952148,8.302884101867676,0.16242694854736328,9.499837875366211
dataset/test/Tomato_Healthy_leaf/h50_hight_aug_69aug61.jpg,Tomato_Healthy_leaf,Tomato_Healthy_leaf,0.9999626874923706,1,1.0436935424804688,17.175050735473633,0.18405628204345703,18.405763626098633
dataset/test/Tomato_Healthy_leaf/h50_hightaug34.jpg,Tomato_Healthy_leaf,Tomato_Healthy_leaf,0.9999985694885254,1,1.0363597869873047,14.70675277709961,0.23957443237304688,15.98552131652832
dataset/test/Tomato_Healthy_leaf/h50_lower_aug_66aug65.jpg,Tomato_Healthy_leaf,Tomato_Healthy_leaf,1.0,1,1.2680482864379883,9.500282287597656,0.16318702697753906,10.934239387512207
dataset/test/Tomato_Healthy_leaf/h50_lower_aug_67aug70.jpg,Tomato_Healthy_leaf,Tomato_Healthy_leaf,0.999984622001648,1,1.1180286407470703,8.138827323913574,0.1631317138671875,9.422504425048828
dataset/test/Tomato_Healthy_leaf/h50_loweraug33.jpg,Tomato_Healthy_leaf,Tomato_Healthy_leaf,0.9999936819076538,1,1.078749656677246,8.50110912322998,0.16351890563964844,9.746302604675293
dataset/test/Tomato_Healthy_leaf/h50_mirror_vertical_aug_24aug111.jpg,Tomato_Healthy_leaf,Tomato_Healthy_leaf,0.9998102784156799,1,1.039712905883789,8.0205659866333,0.16005706787109375,9.223075866699219
dataset/test/Tomato_Healthy_leaf/h50_mirror_vertical_aug_25aug100.jpg,Tomato_Healthy_leaf,Tomato_Healthy_leaf,0.9999761581420898,1,1.0840826034545898,7.951621055603027,0.16177940368652344,9.200040817260742
dataset/test/Tomato_Healthy_leaf/h50_mirror_verticalaug12.jpg,Tomato_Healthy_leaf,Tomato_Healthy_leaf,0.9999734163284302,1,1.0465641021728516,8.136215209960938,0.16142654418945312,9.346689224243164
dataset/test/Tomato_Healthy_leaf/h50aug37.jpg,Tomato_Healthy_leaf,Tomato_Healthy_leaf,1.0,1,1.0457677841186523,7.899787902832031,0.16246414184570312,9.110705375671387
dataset/test/Tomato_Healthy_leaf/h5_mirroraug41.jpg,Tomato_Healthy_leaf,Tomato_Healthy_leaf,1.0,1,1.0878419876098633,7.820213317871094,0.15087032318115234,9.061333656311035
dataset/test/Tomato_Healthy_leaf/h65_mirror_vertical_aug_26aug97.jpg,Tomato_Healthy_leaf,Tomato_Healthy_leaf,0.9999560117721558,1,1.0434894561767578,7.757267951965332,0.1614828109741211,8.964740753173828
dataset/test/Tomato_Healthy_leaf/h65_mirror_vertical_aug_27aug106.jpg,Tomato_Healthy_leaf,Tomato_Healthy_leaf,0.9999992847442627,1,1.1496953964233398,7.719045639038086,0.1599273681640625,9.031296730041504
dataset/test/Tomato_Healthy_leaf/h65_mirror_verticalaug13.jpg,Tomato_Healthy_leaf,Tomato_Healthy_leaf,0.9999986886978149,1,1.0498428344726562,7.888899803161621,0.16203784942626953,9.10346508026123
dataset/test/Tomato_Healthy_leaf/h71_mirror_aug_62aug66.jpg,Tomato_Healthy_leaf,Tomato_Healthy_leaf,1.0,1,1.088841438293457,7.838768005371094,0.16040992736816406,9.090888977050781
dataset/test/Tomato_Healthy_leaf/h71_mirror_aug_63aug67.jpg,Tomato_Healthy_leaf,Tomato_Healthy_leaf,1.0,1,1.0854902267456055,7.950603485107422,0.16320419311523438,9.20215129852295
dataset/test/Tomato_Healthy_leaf/h71_mirroraug31.jpg,Tomato_Healthy_leaf,Tomato_Healthy_leaf,1.0,1,1.0428590774536133,7.904231071472168,0.16101932525634766,9.110723495483398
dataset/test/Tomato_Healthy_leaf/h76_hight_aug_34aug88.jpg,Tomato_Healthy_leaf,Tomato_Healthy_leaf,0.9999998807907104,1,1.052175521850586,8.006195068359375,0.16222381591796875,9.223169326782227
dataset/test/Tomato_Healthy_leaf/h76_hight_aug_35aug93.jpg,Tomato_Healthy_leaf,Tomato_Healthy_leaf,0.9999872446060181,1,1.0866937637329102,8.30649471282959,0.16857433319091797,9.564949035644531
dataset/test/Tomato_Healthy_leaf/h76_hightaug17.jpg,Tomato_Healthy_leaf,Tomato_Healthy_leaf,0.9999959468841553,1,1.0840835571289062,8.106697082519531,0.16115093231201172,9.354596138000488
dataset/test/Tomato_Healthy_leaf/h78_change_270_aug_36aug94.jpg,Tomato_Healthy_leaf,Tomato_Healthy_leaf,0.9999980926513672,1,1.1000471115112305,8.255365371704102,0.15318584442138672,9.510893821716309
dataset/test/Tomato_Healthy_leaf/h78_change_270_aug_37aug99.jpg,Tomato_Healthy_leaf,Tomato_Healthy_leaf,0.9999996423721313,1,1.0641212463378906,8.133901596069336,0.16300201416015625,9.363615036010742
dataset/test/Tomato_Healthy_leaf/h78_change_270aug18.jpg,Tomato_Healthy_leaf,Tomato_Healthy_leaf,0.9999986886978149,1,1.0936012268066406,8.78742504119873,0.16613101959228516,10.049750328063965
dataset/test/Tomato_Healthy_leaf/h7_lower_aug_44aug87.jpg,Tomato_Healthy_leaf,Tomato_Healthy_leaf,0.9999850988388062,1,1.1793060302734375,8.117178916931152,0.1612415313720703,9.460707664489746
dataset/test/Tomato_Healthy_leaf/h7_lower_aug_45aug79.jpg,Tomato_Healthy_leaf,Tomato_Healthy_leaf,0.9999955892562866,1,1.0764341354370117,8.140716552734375,0.16388893127441406,9.383745193481445
dataset/test/Tomato_Healthy_leaf/h7_loweraug22.jpg,Tomato_Healthy_leaf,Tomato_Healthy_leaf,0.9999990463256836,1,1.105916976928711,8.059752464294434,0.1994647979736328,9.367947578430176
dataset/test/Tomato_Healthy_leaf/h81_change_180_aug_16aug113.jpg,Tomato_Healthy_leaf,Tomato_Healthy_leaf,0.9999985694885254,1,1.0746946334838867,7.945065498352051,0.1641683578491211,9.186502456665039
dataset/test/Tomato_Healthy_leaf/h81_change_180_aug_17aug117.jpg,Tomato_Healthy_leaf,Tomato_Healthy_leaf,0.9999998807907104,1,1.0950098037719727,8.127472877502441,0.1678905487060547,9.39333724975586
dataset/test/Tomato_Healthy_leaf/h81_change_180aug8.jpg,Tomato_Healthy_leaf,Tomato_Healthy_leaf,1.0,1,1.1174907684326172,8.310365676879883,0.16413021087646484,9.594858169555664
dataset/test/Tomato_Healthy_leaf/h84_mirroraug40.jpg,Tomato_Healthy_leaf,Tomato_Healthy_leaf,1.0,1,1.1489534378051758,8.364958763122559,0.1678905487060547,9.684544563293457
dataset/test/Tomato_Healthy_leaf/h8_change_90aug35.jpg,Tomato_Healthy_leaf,Tomato_Healthy_leaf,0.9999997615814209,1,1.1265830993652344,8.299901008605957,0.16464900970458984,9.593802452087402
dataset/test/Tomato_Healthy_leaf/h95_mirror_verticalaug46.jpg,Tomato_Healthy_leaf,Tomato_Healthy_leaf,0.8988401293754578,1,1.1622514724731445,8.287216186523438,0.16344451904296875,9.615671157836914
dataset/test/Tomato_Healthy_leaf/h96_change_270aug47.jpg,Tomato_Healthy_leaf,Tomato_Healthy_leaf,0.9999397993087769,1,1.1047697067260742,8.264660835266113,0.1581869125366211,9.52985668182373
dataset/test/Tomato_Healthy_leaf/h96_mirror_vertical_aug_14aug107.jpg,Tomato_Healthy_leaf,Tomato_Healthy_leaf,1.0,1,1.0964536666870117,8.228235244750977,0.16666793823242188,9.493782043457031
dataset/test/Tomato_Healthy_leaf/h96_mirror_vertical_aug_15aug112.jpg,Tomato_Healthy_leaf,Tomato_Healthy_leaf,1.0,1,1.2281770706176758,8.124900817871094,0.16666889190673828,9.522634506225586
dataset/test/Tomato_Healthy_leaf/h96_mirror_verticalaug7.jpg,Tomato_Healthy_leaf,Tomato_Healthy_leaf,1.0,1,1.2266206741333008,8.167086601257324,0.16594600677490234,9.562931060791016
dataset/test/Tomato_Healthy_leaf/h99_hight_aug_32aug92.jpg,Tomato_Healthy_leaf,Tomato_Healthy_leaf,0.9999986886978149,1,1.1818246841430664,8.249345779418945,0.1673717498779297,9.601468086242676
dataset/test/Tomato_Healthy_leaf/h99_hight_aug_33aug101.jpg,Tomato_Healthy_leaf,Tomato_Healthy_leaf,0.9999978542327881,1,1.1336936950683594,8.473254203796387,0.16918659210205078,9.779191017150879
dataset/test/Tomato_Healthy_leaf/h99_hightaug16.jpg,Tomato_Healthy_leaf,Tomato_Healthy_leaf,0.9999610185623169,1,1.115065574645996,10.677218437194824,0.20442771911621094,12.000228881835938
dataset/test/Tomato_Healthy_leaf/h99_lower_aug_46aug78.jpg,Tomato_Healthy_leaf,Tomato_Healthy_leaf,0.9999998807907104,1,1.5276975631713867,10.928812980651855,0.205780029296875,12.666085243225098
dataset/test/Tomato_Healthy_leaf/h99_lower_aug_47aug81.jpg,Tomato_Healthy_leaf,Tomato_Healthy_leaf,0.9999954700469971,1,1.607975959777832,10.95823860168457,0.20139026641845703,12.770994186401367
dataset/test/Tomato_Healthy_leaf/h99_loweraug23.jpg,Tomato_Healthy_leaf,Tomato_Healthy_leaf,0.9999982118606567,1,1.4945497512817383,11.148777961730957,0.20472240447998047,12.851569175720215
dataset/test/Tomato_Healthy_leaf/h9_change_180_aug_48aug86.jpg,Tomato_Healthy_leaf,Tomato_Healthy_leaf,0.9999995231628418,1,1.4421968460083008,10.997424125671387,0.20446491241455078,12.647308349609375
dataset/test/Tomato_Healthy_leaf/h9_change_180_aug_49aug85.jpg,Tomato_Healthy_leaf,Tomato_Healthy_leaf,0.9999988079071045,1,1.4878292083740234,11.016497611999512,0.2160205841064453,12.723995208740234
dataset/test/Tomato_Healthy_leaf/h9_change_180aug24.jpg,Tomato_Healthy_leaf,Tomato_Healthy_leaf,0.999954342842102,1,1.6074581146240234,10.899978637695312,0.20183563232421875,12.712716102600098
dataset/test/Tomato_Healthy_leaf/russian-2-319-dt-2010-leaves-high-tunnel-9-29-2014-c_jpg.rf.7ef5d3901dbeaf27776a27bfc8197b72_aug_0aug52.jpg,Tomato_Healthy_leaf,Tomato_Healthy_leaf,0.9989904761314392,1,1.7755155563354492,11.063314437866211,0.20611286163330078,13.048349380493164
dataset/test/Tomato_Healthy_leaf/russian-2-319-dt-2010-leaves-high-tunnel-9-29-2014-c_jpg.rf.7ef5d3901dbeaf27776a27bfc8197b72_aug_1aug58.jpg,Tomato_Healthy_leaf,Tomato_Healthy_leaf,0.9995943903923035,1,1.607828140258789,8.343439102172852,0.16022300720214844,10.1151762008667
dataset/test/Tomato_Healthy_leaf/russian-2-319-dt-2010-leaves-high-tunnel-9-29-2014-c_jpg.rf.7ef5d3901dbeaf27776a27bfc8197b72aug0.jpg,Tomato_Healthy_leaf,Tomato_Healthy_leaf,0.999570906162262,1,1.1102495193481445,7.738211631774902,0.15826129913330078,9.009464263916016
dataset/test/Tomato_Healthy_leaf/unnamed_aug_64aug64.jpg,Tomato_Healthy_leaf,Tomato_Healthy_leaf,0.9999853372573853,1,1.073324203491211,7.6529340744018555,0.15770435333251953,8.886314392089844
dataset/test/Tomato_Healthy_leaf/unnamed_aug_65aug60.jpg,Tomato_Healthy_leaf,Tomato_Healthy_leaf,0.9999971389770508,1,1.0479345321655273,7.87343692779541,0.15037059783935547,9.074575424194336
dataset/test/Tomato_Healthy_leaf/unnamedaug32.jpg,Tomato_Healthy_leaf,Tomato_Healthy_leaf,0.999988317489624,1,1.0187854766845703,7.508395195007324,0.15774250030517578,8.687886238098145
dataset/test/Tomato_Septoria_leaf_spot/1723454507354_aug_44aug83.jpg,Tomato_Septoria_leaf_spot,Tomato_Septoria_leaf_spot,0.9993682503700256,1,1.1744728088378906,7.568544387817383,0.1595010757446289,8.905462265014648
dataset/test/Tomato_Septoria_leaf_spot/1723454507354_aug_45aug80.jpg,Tomato_Septoria_leaf_spot,Tomato_Septoria_leaf_spot,0.9999754428863525,1,1.0756196975708008,7.683285713195801,0.15874290466308594,8.920127868652344
dataset/test/Tomato_Septoria_leaf_spot/1723454507354aug22.jpg,Tomato_Septoria_leaf_spot,Tomato_Septoria_leaf_spot,0.9999890327453613,1,1.0851011276245117,7.730360984802246,0.1580190658569336,8.976481437683105
dataset/test/Tomato_Septoria_leaf_spot/1723454507465_aug_58aug67.jpg,Tomato_Septoria_leaf_spot,Tomato_Septoria_leaf_spot,0.9943069815635681,1,1.0506563186645508,7.786472320556641,0.1589651107788086,8.998611450195312
dataset/test/Tomato_Septoria_leaf_spot/1723454507465_aug_59aug66.jpg,Tomato_Septoria_leaf_spot,Tomato_Septoria_leaf_spot,0.9965434670448303,1,1.0840272903442383,7.67269229888916,0.15815067291259766,8.9176664352417
dataset/test/Tomato_Septoria_leaf_spot/1723454507465aug29.jpg,Tomato_Septoria_leaf_spot,Tomato_Septoria_leaf_spot,0.8545979857444763,1,1.0634326934814453,7.481450080871582,0.1589651107788086,8.707091331481934
dataset/test/Tomato_Septoria_leaf_spot/5454635393351680.jpeg_aug_14aug115.jpg,Tomato_Septoria_leaf_spot,Tomato_Septoria_leaf_spot,0.9499480128288269,1,1.191436767578125,7.555878639221191,0.16159534454345703,8.911832809448242
dataset/test/Tomato_Septoria_leaf_spot/5454635393351680.jpeg_aug_15aug46.jpg,Tomato_Septoria_leaf_spot,Tomato_Septoria_leaf_spot,0.8616308569908142,1,1.0438232421875,7.71506404876709,0.16050148010253906,8.922130584716797
dataset/test/Tomato_Septoria_leaf_spot/5454635393351680.jpegaug7.jpg,Tomato_Septoria_leaf_spot,Tomato_Septoria_leaf_spot,0.9062916040420532,1,1.0610647201538086,8.012826919555664,0.16033458709716797,9.236763000488281
dataset/test/Tomato_Septoria_leaf_spot/6134794031202304-600x272-jpeg_jpg.rf.5482c323fe160b26426628094ae3646baug42.jpg,Tomato_Septoria_leaf_spot,Tomato_Septoria_leaf_spot,0.9997901320457458,1,1.0867681503295898,7.725322723388672,0.15942764282226562,8.97435188293457
dataset/test/Tomato_Septoria_leaf_spot/66e7583ebe11cf0bd06435e4167bd4fdaug41.jpg,Tomato_Septoria_leaf_spot,Tomato_Septoria_leaf_spot,0.9995192289352417,1,1.0876388549804688,7.742489814758301,0.16033554077148438,8.993056297302246
dataset/test/Tomato_Septoria_leaf_spot/8_20mistakes_204_aug_72aug61.jpg,Tomato_Septoria_leaf_spot,Tomato_Septoria_leaf_spot,0.4890320897102356,1,1.0485076904296875,7.796750068664551,0.15979576110839844,9.008074760437012
dataset/test/Tomato_Septoria_leaf_spot/8_20mistakes_204_aug_73aug62.jpg,Tomato_Septoria_leaf_spot,Tomato_Septoria_leaf_spot,0.4651966392993927,1,1.0690650939941406,7.801618576049805,0.15692710876464844,9.029945373535156
dataset/test/Tomato_Septoria_leaf_spot/8_20mistakes_204aug36.jpg,Tomato_Septoria_leaf_spot,Tomato_Septoria_leaf_spot,0.5442643761634827,1,1.0545654296875,7.549507141113281,0.16133499145507812,8.768331527709961
dataset/test/Tomato_Septoria_leaf_spot/Gls11_mirror_vertical_aug_42aug85.jpg,Tomato_Septoria_leaf_spot,Tomato_Septoria_leaf_spot,0.9693673849105835,1,1.1697330474853516,7.609395980834961,0.16379737854003906,8.945536613464355
dataset/test/Tomato_Septoria_leaf_spot/Gls11_mirror_vertical_aug_43aug86.jpg,Tomato_Septoria_leaf_spot,Tomato_Septoria_leaf_spot,0.9860971570014954,1,1.0439910888671875,7.631229400634766,0.16109466552734375,8.83979606628418
dataset/test/Tomato_Septoria_leaf_spot/Gls11_mirror_verticalaug21.jpg,Tomato_Septoria_leaf_spot,Tomato_Septoria_leaf_spot,0.6807346343994141,1,1.059767723083496,7.792917251586914,0.1602783203125,9.015666961669922
dataset/test/Tomato_Septoria_leaf_spot/Gls12_mirror_aug_46aug81.jpg,Tomato_Septoria_leaf_spot,Tomato_Septoria_leaf_spot,0.9999998807907104,1,1.0447492599487305,8.151067733764648,0.1653146743774414,9.363707542419434
dataset/test/Tomato_Septoria_leaf_spot/Gls12_mirror_aug_47aug92.jpg,Tomato_Septoria_leaf_spot,Tomato_Septoria_leaf_spot,1.0,1,1.140824317932129,8.14395523071289,0.16757583618164062,9.454948425292969
dataset/test/Tomato_Septoria_leaf_spot/Gls12_mirroraug23.jpg,Tomato_Septoria_leaf_spot,Tomato_Septoria_leaf_spot,0.9999997615814209,1,1.0823421478271484,8.181864738464355,0.175537109375,9.442874908447266
dataset/test/Tomato_Septoria_leaf_spot/Gls1_mirror_aug_38aug82.jpg,Tomato_Septoria_leaf_spot,Tomato_Septoria_leaf_spot,0.9905300736427307,1,1.1209163665771484,8.177698135375977,0.205352783203125,9.506856918334961
dataset/test/Tomato_Septoria_leaf_spot/Gls1_mirror_aug_39aug84.jpg,Tomato_Septoria_leaf_spot,Tomato_Septoria_leaf_spot,0.999936580657959,1,1.0791196823120117,8.16075325012207,0.16705703735351562,9.409687995910645
dataset/test/Tomato_Septoria_leaf_spot/Gls1_mirroraug19.jpg,Tomato_Septoria_leaf_spot,Tomato_Septoria_leaf_spot,0.9995644688606262,1,1.0852489471435547,8.369272232055664,0.1628713607788086,9.61996841430664
dataset/test/Tomato_Septoria_leaf_spot/Gls21_change_270aug43.jpg,Tomato_Septoria_leaf_spot,Tomato_Septoria_leaf_spot,0.9192413687705994,1,1.09539794921875,8.192715644836426,0.1557607650756836,9.44615364074707
dataset/test/Tomato_Septoria_leaf_spot/Gls21_hight_aug_56aug78.jpg,Tomato_Septoria_leaf_spot,Tomato_Septoria_leaf_spot,0.9999094009399414,1,1.0745658874511719,8.030937194824219,0.17000198364257812,9.27854061126709
dataset/test/Tomato_Septoria_leaf_spot/Gls21_hight_aug_57aug79.jpg,Tomato_Septoria_leaf_spot,Tomato_Septoria_leaf_spot,0.99998939037323,1,1.1218242645263672,8.100937843322754,0.16674137115478516,9.392318725585938
dataset/test/Tomato_Septoria_leaf_spot/Gls21_hightaug28.jpg,Tomato_Septoria_leaf_spot,Tomato_Septoria_leaf_spot,0.9995728135108948,1,1.1296195983886719,8.186419486999512,0.1659832000732422,9.48502254486084
dataset/test/Tomato_Septoria_leaf_spot/Gls29_change_180_aug_40aug89.jpg,Tomato_Septoria_leaf_spot,Tomato_Septoria_leaf_spot,0.999997615814209,1,1.093897819519043,8.129178047180176,0.17002010345458984,9.396133422851562
dataset/test/Tomato_Septoria_leaf_spot/Gls29_change_180_aug_41aug91.jpg,Tomato_Septoria_leaf_spot,Tomato_Septoria_leaf_spot,0.9999701976776123,1,1.1112871170043945,8.31953239440918,0.16620540618896484,9.599838256835938
dataset/test/Tomato_Septoria_leaf_spot/Gls29_change_180aug20.jpg,Tomato_Septoria_leaf_spot,Tomato_Septoria_leaf_spot,0.9999995231628418,1,1.1267681121826172,8.254364013671875,0.16831588745117188,9.552153587341309
dataset/test/Tomato_Septoria_leaf_spot/Gls36_hight_aug_20aug116.jpg,Tomato_Septoria_leaf_spot,Tomato_Septoria_leaf_spot,0.9989274144172668,1,1.1020269393920898,8.325069427490234,0.17368602752685547,9.603838920593262
dataset/test/Tomato_Septoria_leaf_spot/Gls36_hight_aug_21aug118.jpg,Tomato_Septoria_leaf_spot,Tomato_Septoria_leaf_spot,0.9998693466186523,1,1.121861457824707,8.293919563293457,0.16831588745117188,9.586560249328613
dataset/test/Tomato_Septoria_leaf_spot/Gls36_hightaug10.jpg,Tomato_Septoria_leaf_spot,Tomato_Septoria_leaf_spot,0.999642014503479,1,1.089787483215332,8.347496032714844,0.1672048568725586,9.607413291931152
dataset/test/Tomato_Septoria_leaf_spot/Gls41_change_270_aug_50aug90.jpg,Tomato_Septoria_leaf_spot,Tomato_Septoria_leaf_spot,0.988706111907959,1,1.1580657958984375,8.325865745544434,0.16924285888671875,9.65593147277832
dataset/test/Tomato_Septoria_leaf_spot/Gls41_change_270_aug_51aug77.jpg,Tomato_Septoria_leaf_spot,Tomato_Septoria_leaf_spot,0.999964714050293,1,1.1730098724365234,8.385643005371094,0.1662607192993164,9.727655410766602
dataset/test/Tomato_Septoria_leaf_spot/Gls41_change_270aug25.jpg,Tomato_Septoria_leaf_spot,Tomato_Septoria_leaf_spot,0.9853524565696716,1,1.1262331008911133,8.331106185913086,0.1635761260986328,9.62348747253418
dataset/test/Tomato_Septoria_leaf_spot/Gls43_change_90_aug_60aug75.jpg,Tomato_Septoria_leaf_spot,Tomato_Septoria_leaf_spot,0.9999980926513672,1,1.1111211776733398,8.0764741897583,0.31574249267578125,9.506041526794434
dataset/test/Tomato_Septoria_leaf_spot/Gls43_change_90_aug_61aug73.jpg,Tomato_Septoria_leaf_spot,Tomato_Septoria_leaf_spot,0.9999785423278809,1,1.0355644226074219,8.100214958190918,0.16802024841308594,9.306743621826172
dataset/test/Tomato_Septoria_leaf_spot/Gls43_change_90aug30.jpg,Tomato_Septoria_leaf_spot,Tomato_Septoria_leaf_spot,0.9999982118606567,1,1.2029733657836914,7.915231704711914,0.15963077545166016,9.280540466308594
dataset/test/Tomato_Septoria_leaf_spot/Gls46_change_90_aug_6aug53.jpg,Tomato_Septoria_leaf_spot,Tomato_Septoria_leaf_spot,0.9998403787612915,1,1.1083240509033203,7.690359115600586,0.16038894653320312,8.961686134338379
dataset/test/Tomato_Septoria_leaf_spot/Gls46_change_90_aug_7aug56.jpg,Tomato_Septoria_leaf_spot,Tomato_Septoria_leaf_spot,0.9994451403617859,1,1.078378677368164,7.738508224487305,0.15903949737548828,8.978575706481934
dataset/test/Tomato_Septoria_leaf_spot/Gls46_change_90aug3.jpg,Tomato_Septoria_leaf_spot,Tomato_Septoria_leaf_spot,0.9993849992752075,1,1.0666379928588867,7.720766067504883,0.1589641571044922,8.949295043945312
dataset/test/Tomato_Septoria_leaf_spot/Gls47aug44.jpg,Tomato_Septoria_leaf_spot,Tomato_Septoria_leaf_spot,0.9999905824661255,1,1.053267478942871,7.748322486877441,0.1560201644897461,8.959888458251953
dataset/test/Tomato_Septoria_leaf_spot/Gls76_aug_34aug97.jpg,Tomato_Septoria_leaf_spot,Tomato_mold_leaf,0.9918694496154785,0,1.0818614959716797,7.477524757385254,0.1609649658203125,8.722979545593262
dataset/test/Tomato_Septoria_leaf_spot/Gls76_aug_35aug103.jpg,Tomato_Septoria_leaf_spot,Tomato_mold_leaf,0.9909542202949524,0,1.185805320739746,7.607989311218262,0.16070556640625,8.957074165344238
dataset/test/Tomato_Septoria_leaf_spot/Gls76_change_180_aug_30aug96.jpg,Tomato_Septoria_leaf_spot,Tomato_mold_leaf,0.9916845560073853,0,1.0444536209106445,7.6820268630981445,0.16092681884765625,8.89001750946045
dataset/test/Tomato_Septoria_leaf_spot/Gls76_change_180_aug_31aug100.jpg,Tomato_Septoria_leaf_spot,Tomato_mold_leaf,0.7512504458427429,0,1.0581026077270508,7.798471450805664,0.1601123809814453,9.019613265991211
dataset/test/Tomato_Septoria_leaf_spot/Gls76_change_180aug15.jpg,Tomato_Septoria_leaf_spot,Tomato_mold_leaf,0.9506286978721619,0,1.057267189025879,7.6752119064331055,0.16059303283691406,8.89609146118164
dataset/test/Tomato_Septoria_leaf_spot/Gls76aug17.jpg,Tomato_Septoria_leaf_spot,Tomato_mold_leaf,0.9019716382026672,0,1.1201753616333008,8.302105903625488,0.1603717803955078,9.585357666015625
dataset/test/Tomato_Septoria_leaf_spot/Gls7_change_270_aug_64aug68.jpg,Tomato_Septoria_leaf_spot,Tomato_Septoria_leaf_spot,0.9999994039535522,1,1.0644168853759766,7.705323219299316,0.1605205535888672,8.933111190795898
dataset/test/Tomato_Septoria_leaf_spot/Gls7_change_270_aug_65aug71.jpg,Tomato_Septoria_leaf_spot,Tomato_Septoria_leaf_spot,0.9999938011169434,1,1.0498228073120117,7.969973564147949,0.17609310150146484,9.198723793029785
dataset/test/Tomato_Septoria_leaf_spot/Gls7_change_270aug32.jpg,Tomato_Septoria_leaf_spot,Tomato_Septoria_leaf_spot,0.9999946355819702,1,1.118194580078125,7.938510894775391,0.15544509887695312,9.214983940124512
dataset/test/Tomato_Septoria_leaf_spot/Gls7_lower_aug_0aug57.jpg,Tomato_Septoria_leaf_spot,Tomato_Septoria_leaf_spot,0.9988216757774353,1,1.0567493438720703,7.890436172485352,0.16131591796875,9.111111640930176
dataset/test/Tomato_Septoria_leaf_spot/Gls7_lower_aug_1aug52.jpg,Tomato_Septoria_leaf_spot,Tomato_Septoria_leaf_spot,0.9865038394927979,1,1.151749610900879,24.584036827087402,0.16959381103515625,25.908215522766113
dataset/test/Tomato_Septoria_leaf_spot/Gls7_loweraug0.jpg,Tomato_Septoria_leaf_spot,Tomato_Septoria_leaf_spot,0.9997993111610413,1,1.1894912719726562,10.126694679260254,0.15918731689453125,11.478409767150879
dataset/test/Tomato_Septoria_leaf_spot/Gls81_lower_aug_2aug51.jpg,Tomato_Septoria_leaf_spot,Tomato_Septoria_leaf_spot,1.0,1,1.037435531616211,7.815990447998047,0.15972232818603516,9.016036987304688
dataset/test/Tomato_Septoria_leaf_spot/Gls81_lower_aug_3aug54.jpg,Tomato_Septoria_leaf_spot,Tomato_Septoria_leaf_spot,0.99998939037323,1,1.0121746063232422,7.744878768920898,0.15966796875,8.919629096984863
dataset/test/Tomato_Septoria_leaf_spot/Gls81_loweraug1.jpg,Tomato_Septoria_leaf_spot,Tomato_Septoria_leaf_spot,0.9999998807907104,1,1.0110454559326172,7.925213813781738,0.1591320037841797,9.098038673400879
dataset/test/Tomato_Septoria_leaf_spot/IMG-20240812-WA0213_aug_70aug59.jpg,Tomato_Septoria_leaf_spot,Tomato_Early_blight_leaf,0.8790109157562256,0,1.0976390838623047,7.916009902954102,0.1675558090209961,9.184353828430176
dataset/test/Tomato_Septoria_leaf_spot/IMG-20240812-WA0213_aug_71aug60.jpg,Tomato_Septoria_leaf_spot,Tomato_Early_blight_leaf,0.979017972946167,0,1.1841955184936523,8.298069953918457,0.1758899688720703,9.660895347595215
dataset/test/Tomato_Septoria_leaf_spot/IMG-20240812-WA0213aug35.jpg,Tomato_Septoria_leaf_spot,Tomato_Early_blight_leaf,0.9949776530265808,0,1.2157697677612305,8.537867546081543,0.16540908813476562,9.921878814697266
dataset/test/Tomato_Septoria_leaf_spot/Original_e-blight.JPG.rend.hgtvcom.966.725.jpeg_aug_52aug74.jpg,Tomato_Septoria_leaf_spot,Tomato_Septoria_leaf_spot,0.9999814033508301,1,1.1568794250488281,8.303865432739258,0.1560192108154297,9.619209289550781
dataset/test/Tomato_Septoria_leaf_spot/Original_e-blight.JPG.rend.hgtvcom.966.725.jpeg_aug_53aug76.jpg,Tomato_Septoria_leaf_spot,Tomato_Septoria_leaf_spot,0.9999707937240601,1,1.111973762512207,8.14091968536377,0.16770458221435547,9.423226356506348
dataset/test/Tomato_Septoria_leaf_spot/Original_e-blight.JPG.rend.hgtvcom.966.725.jpegaug26.jpg,Tomato_Septoria_leaf_spot,Tomato_Septoria_leaf_spot,0.9999594688415527,1,1.2267332077026367,8.179252624511719,0.16900062561035156,9.577783584594727
dataset/test/Tomato_Septoria_leaf_spot/SS_ (990)_aug_24aug107.jpg,Tomato_Septoria_leaf_spot,Tomato_Septoria_leaf_spot,1.0,1,1.1635284423828125,8.28329086303711,0.1672048568725586,9.616838455200195
dataset/test/Tomato_Septoria_leaf_spot/SS_ (990)_aug_25aug113.jpg,Tomato_Septoria_leaf_spot,Tomato_Septoria_leaf_spot,1.0,1,1.108565330505371,8.292272567749023,0.16849994659423828,9.571911811828613
dataset/test/Tomato_Septoria_leaf_spot/SS_ (990)aug12.jpg,Tomato_Septoria_leaf_spot,Tomato_Septoria_leaf_spot,1.0,1,1.1461944580078125,8.397180557250977,0.16777896881103516,9.714098930358887
dataset/test/Tomato_Septoria_leaf_spot/Septoria_tomato_Margaret-20B_p8170755_0002_25004_jpg.rf.3fbb14d553c623c77f342b3a54baddab_aug_66aug70.jpg,Tomato_Septoria_leaf_spot,Tomato_Septoria_leaf_spot,0.8229076862335205,1,1.1854915618896484,8.273846626281738,0.16829872131347656,9.630487442016602
dataset/test/Tomato_Septoria_leaf_spot/Septoria_tomato_Margaret-20B_p8170755_0002_25004_jpg.rf.3fbb14d553c623c77f342b3a54baddab_aug_67aug63.jpg,Tomato_Septoria_leaf_spot,Tomato_Septoria_leaf_spot,0.9986768364906311,1,1.1688613891601562,8.271883010864258,0.1692790985107422,9.613042831420898
dataset/test/Tomato_Septoria_leaf_spot/Septoria_tomato_Margaret-20B_p8170755_0002_25004_jpg.rf.3fbb14d553c623c77f342b3a54baddabaug33.jpg,Tomato_Septoria_leaf_spot,Tomato_Septoria_leaf_spot,0.9963304400444031,1,1.1953067779541016,7.8910112380981445,0.1592416763305664,9.248188972473145
dataset/test/Tomato_Septoria_leaf_spot/Tomato-Plant-with-Septoria-Leaf-Spot_aug_68aug65.jpg,Tomato_Septoria_leaf_spot,Tomato_Septoria_leaf_spot,0.9087616801261902,1,1.1797866821289062,7.931657791137695,0.15901947021484375,9.272910118103027
dataset/test/Tomato_Septoria_leaf_spot/Tomato-Plant-with-Septoria-Leaf-Spot_aug_69aug64.jpg,Tomato_Septoria_leaf_spot,Tomato_Septoria_leaf_spot,0.9986961483955383,1,1.128286361694336,7.789193153381348,0.3112621307373047,9.2315034866333
dataset/test/Tomato_Septoria_leaf_spot/Tomato-Plant-with-Septoria-Leaf-Spotaug34.jpg,Tomato_Septoria_leaf_spot,Tomato_Septoria_leaf_spot,0.8728419542312622,1,1.0942115783691406,7.99843692779541,0.16098403930664062,9.256021499633789
dataset/test/Tomato_Septoria_leaf_spot/b54d0e40027ff5e90e8ba7e1e9abf9bdaug39.jpg,Tomato_Septoria_leaf_spot,Tomato_Septoria_leaf_spot,0.9986914992332458,1,1.167750358581543,7.645971298217773,0.16189002990722656,8.978203773498535
dataset/test/Tomato_Septoria_leaf_spot/classic-septoria_aug_10aug48.jpg,Tomato_Septoria_leaf_spot,Tomato_Septoria_leaf_spot,0.9940773248672485,1,1.1133251190185547,8.747831344604492,0.16401958465576172,10.027935028076172
dataset/test/Tomato_Septoria_leaf_spot/classic-septoria_aug_11aug49.jpg,Tomato_Septoria_leaf_spot,Tomato_Septoria_leaf_spot,0.9994733929634094,1,1.1445283889770508,7.917916297912598,0.16361141204833984,9.229113578796387
dataset/test/Tomato_Septoria_leaf_spot/classic-septoriaaug5.jpg,Tomato_Septoria_leaf_spot,Tomato_Septoria_leaf_spot,0.9993194341659546,1,1.1464529037475586,8.05265998840332,0.16440963745117188,9.366281509399414
dataset/test/Tomato_Septoria_leaf_spot/early+blight+on+leaf+yel+halo+IMG_2313.JPG_aug_62aug69.jpg,Tomato_Septoria_leaf_spot,Tomato_Septoria_leaf_spot,0.9999966621398926,1,1.0493602752685547,7.8580474853515625,0.1592416763305664,9.06929874420166
dataset/test/Tomato_Septoria_leaf_spot/early+blight+on+leaf+yel+halo+IMG_2313.JPG_aug_63aug72.jpg,Tomato_Septoria_leaf_spot,Tomato_Septoria_leaf_spot,0.9999940395355225,1,1.1457500457763672,7.973491668701172,0.1614093780517578,9.283448219299316
dataset/test/Tomato_Septoria_leaf_spot/early+blight+on+leaf+yel+halo+IMG_2313.JPGaug31.jpg,Tomato_Septoria_leaf_spot,Tomato_Septoria_leaf_spot,0.999872088432312,1,1.079416275024414,7.850787162780762,0.16324234008789062,9.09627914428711
dataset/test/Tomato_Septoria_leaf_spot/early-blight-of-tomato-tomato-1aug38.jpg,Tomato_Septoria_leaf_spot,Tomato_Septoria_leaf_spot,0.9999827146530151,1,1.133453369140625,8.311421394348145,0.16751861572265625,9.61543083190918
dataset/test/Tomato_Septoria_leaf_spot/eblight5_aug_18aug110.jpg,Tomato_Septoria_leaf_spot,Tomato_Septoria_leaf_spot,0.9979925155639648,1,1.1248979568481445,8.235420227050781,0.1665201187133789,9.529837608337402
dataset/test/Tomato_Septoria_leaf_spot/eblight5_aug_19aug117.jpg,Tomato_Septoria_leaf_spot,Tomato_Septoria_leaf_spot,0.9972767233848572,1,1.0872678756713867,8.440328598022461,0.16544532775878906,9.69550609588623
dataset/test/Tomato_Septoria_leaf_spot/eblight5aug9.jpg,Tomato_Septoria_leaf_spot,Tomato_Septoria_leaf_spot,0.9997537732124329,1,1.0565261840820312,8.260272026062012,0.15639114379882812,9.475689888000488
dataset/test/Tomato_Septoria_leaf_spot/images (1)_aug_54aug93.jpg,Tomato_Septoria_leaf_spot,Tomato_Septoria_leaf_spot,0.9121720790863037,1,1.0679893493652344,8.165307998657227,0.16820430755615234,9.404393196105957
dataset/test/Tomato_Septoria_leaf_spot/images (1)_aug_55aug87.jpg,Tomato_Septoria_leaf_spot,Tomato_Septoria_leaf_spot,0.9931506514549255,1,1.2095832824707031,8.141844749450684,0.1672220230102539,9.521726608276367
dataset/test/Tomato_Septoria_leaf_spot/images (1)aug27.jpg,Tomato_Septoria_leaf_spot,Tomato_Septoria_leaf_spot,0.9802268743515015,1,1.228769302368164,8.165475845336914,0.1763906478881836,9.57387638092041
dataset/test/Tomato_Septoria_leaf_spot/tomato-blight-treatment-blight_jpg.rf.78cbf6055199828cb682fd0a6435a157_aug_74aug58.jpg,Tomato_Septoria_leaf_spot,Tomato_Septoria_leaf_spot,0.9999966621398926,1,1.107508659362793,8.297903060913086,0.1664285659790039,9.574597358703613
dataset/test/Tomato_Septoria_leaf_spot/tomato-blight-treatment-blight_jpg.rf.78cbf6055199828cb682fd0a6435a157aug37.jpg,Tomato_Septoria_leaf_spot,Tomato_Septoria_leaf_spot,0.9999955892562866,1,1.1156196594238281,8.357069969177246,0.20087051391601562,9.676467895507812
dataset/test/Tomato_Septoria_leaf_spot/tomato-early-blight-e1437503226856_aug_4aug50.jpg,Tomato_Septoria_leaf_spot,Tomato_Septoria_leaf_spot,0.9926629066467285,1,1.1406946182250977,8.294252395629883,0.16733455657958984,9.605117797851562
dataset/test/Tomato_Septoria_leaf_spot/tomato-early-blight-e1437503226856_aug_5aug55.jpg,Tomato_Septoria_leaf_spot,Tomato_Septoria_leaf_spot,0.9772883057594299,1,1.1563615798950195,8.263197898864746,0.16857624053955078,9.591171264648438
dataset/test/Tomato_Septoria_leaf_spot/tomato-early-blight-e1437503226856aug2.jpg,Tomato_Septoria_leaf_spot,Tomato_Septoria_leaf_spot,0.9958438277244568,1,1.189509391784668,8.281790733337402,0.16609477996826172,9.640228271484375
dataset/test/Tomato_Septoria_leaf_spot/tomato-early-blightH_jpg.rf.2633fbae0a933eb2711cb8466f34aca1_aug_12aug119.jpg,Tomato_Septoria_leaf_spot,Tomato_Septoria_leaf_spot,0.999717652797699,1,1.2040290832519531,8.29714298248291,0.1655559539794922,9.669450759887695
dataset/test/Tomato_Septoria_leaf_spot/tomato-early-blightH_jpg.rf.2633fbae0a933eb2711cb8466f34aca1_aug_13aug114.jpg,Tomato_Septoria_leaf_spot,Tomato_Septoria_leaf_spot,0.9999793767929077,1,1.1498603820800781,8.271086692810059,0.16683483123779297,9.590266227722168
dataset/test/Tomato_Septoria_leaf_spot/tomato-early-blightH_jpg.rf.2633fbae0a933eb2711cb8466f34aca1aug6.jpg,Tomato_Septoria_leaf_spot,Tomato_Septoria_leaf_spot,0.9999926090240479,1,1.1622867584228516,8.313864707946777,0.16524314880371094,9.643838882446289
dataset/test/Tomato_Septoria_leaf_spot/tomato-septoria-3-500x384_aug_32aug104.jpg,Tomato_Septoria_leaf_spot,Tomato_Septoria_leaf_spot,0.9999762773513794,1,1.1123046875,8.326179504394531,0.15746402740478516,9.598579406738281
dataset/test/Tomato_Septoria_leaf_spot/tomato-septoria-3-500x384_aug_33aug106.jpg,Tomato_Septoria_leaf_spot,Tomato_Septoria_leaf_spot,0.9999939203262329,1,1.1291580200195312,8.326345443725586,0.1690387725830078,9.627246856689453
dataset/test/Tomato_Septoria_leaf_spot/tomato-septoria-3-500x384_jpg.rf.40a23512bd3b6d8df2115d7f591913fb_aug_16aug112.jpg,Tomato_Septoria_leaf_spot,Tomato_Septoria_leaf_spot,0.999991774559021,1,1.225010871887207,8.095086097717285,0.16629791259765625,9.489133834838867
dataset/test/Tomato_Septoria_leaf_spot/tomato-septoria-3-500x384_jpg.rf.40a23512bd3b6d8df2115d7f591913fb_aug_17aug111.jpg,Tomato_Septoria_leaf_spot,Tomato_Septoria_leaf_spot,0.9999998807907104,1,1.248159408569336,8.439217567443848,0.16735267639160156,9.857137680053711
dataset/test/Tomato_Septoria_leaf_spot/tomato-septoria-3-500x384_jpg.rf.40a23512bd3b6d8df2115d7f591913fbaug8.jpg,Tomato_Septoria_leaf_spot,Tomato_Septoria_leaf_spot,1.0,1,1.2129182815551758,8.11713981628418,0.16714859008789062,9.49991226196289
dataset/test/Tomato_Septoria_leaf_spot/tomato-septoria-3-500x384aug16.jpg,Tomato_Septoria_leaf_spot,Tomato_Septoria_leaf_spot,0.9999959468841553,1,1.1270103454589844,8.297030448913574,0.17468738555908203,9.601672172546387
dataset/test/Tomato_Septoria_leaf_spot/tomato-septoria-5_jpg.rf.fab97ae4bb3726e33dcbde7262ec6a65aug40.jpg,Tomato_Septoria_leaf_spot,Tomato_Septoria_leaf_spot,0.9999940395355225,1,1.1684904098510742,8.002177238464355,0.16353893280029297,9.336984634399414
dataset/test/Tomato_Septoria_leaf_spot/tomato-septoria-leaf-spot--_aug_22aug109.jpg,Tomato_Septoria_leaf_spot,Tomato_Septoria_leaf_spot,0.7765175700187683,1,1.1595468521118164,8.059566497802734,0.16257572174072266,9.384836196899414
dataset/test/Tomato_Septoria_leaf_spot/tomato-septoria-leaf-spot--_aug_23aug108.jpg,Tomato_Septoria_leaf_spot,Tomato_Early_blight_leaf,0.85628342628479,0,1.1510276794433594,8.163344383239746,0.16524219512939453,9.482503890991211
dataset/test/Tomato_Septoria_leaf_spot/tomato-septoria-leaf-spot--_jpg.rf.06783859d6d3e49976374e4146674e0b_aug_48aug94.jpg,Tomato_Septoria_leaf_spot,Tomato_Septoria_leaf_spot,0.7638540863990784,1,1.1778249740600586,8.02412223815918,0.16318607330322266,9.367670059204102
dataset/test/Tomato_Septoria_leaf_spot/tomato-septoria-leaf-spot--_jpg.rf.06783859d6d3e49976374e4146674e0b_aug_49aug88.jpg,Tomato_Septoria_leaf_spot,Tomato_Septoria_leaf_spot,0.6731831431388855,1,1.176584243774414,7.996732711791992,0.16438961029052734,9.340633392333984
dataset/test/Tomato_Septoria_leaf_spot/tomato-septoria-leaf-spot--_jpg.rf.06783859d6d3e49976374e4146674e0baug24.jpg,Tomato_Septoria_leaf_spot,Tomato_leaf_yellow_curl_virus,0.723312258720398,0,1.2576580047607422,8.139363288879395,0.16361141204833984,9.563690185546875
dataset/test/Tomato_Septoria_leaf_spot/tomato-septoria-leaf-spot--_jpg.rf.5e63d9a20f5557b9bb3617e79b48ef85_aug_26aug95.jpg,Tomato_Septoria_leaf_spot,Tomato_leaf_yellow_curl_virus,0.7381046414375305,0,1.2743988037109375,8.046993255615234,0.1629638671875,9.487632751464844
dataset/test/Tomato_Septoria_leaf_spot/tomato-septoria-leaf-spot--_jpg.rf.5e63d9a20f5557b9bb3617e79b48ef85_aug_27aug101.jpg,Tomato_Septoria_leaf_spot,Tomato_Septoria_leaf_spot,0.4684411585330963,1,1.1521215438842773,8.013789176940918,0.1622791290283203,9.33126163482666
dataset/test/Tomato_Septoria_leaf_spot/tomato-septoria-leaf-spot--_jpg.rf.5e63d9a20f5557b9bb3617e79b48ef85aug13.jpg,Tomato_Septoria_leaf_spot,Tomato_Septoria_leaf_spot,0.6175986528396606,1,1.1796026229858398,7.978991508483887,0.15433311462402344,9.315299987792969
dataset/test/Tomato_Septoria_leaf_spot/tomato-septoria-leaf-spot--aug11.jpg,Tomato_Septoria_leaf_spot,Tomato_leaf_yellow_curl_virus,0.5253284573554993,0,1.1878986358642578,8.001900672912598,0.1649456024169922,9.357818603515625
dataset/test/Tomato_Septoria_leaf_spot/tomato-septoria-leaf-spot-_aug_28aug105.jpg,Tomato_Septoria_leaf_spot,Tomato_Septoria_leaf_spot,0.90352463722229,1,1.1390104293823242,7.980806350708008,0.16787242889404297,9.29054069519043
dataset/test/Tomato_Septoria_leaf_spot/tomato-septoria-leaf-spot-_aug_29aug102.jpg,Tomato_Septoria_leaf_spot,Tomato_Septoria_leaf_spot,0.8961651921272278,1,1.2097139358520508,8.382680892944336,0.16655635833740234,9.761357307434082
dataset/test/Tomato_Septoria_leaf_spot/tomato-septoria-leaf-spot-aug14.jpg,Tomato_Septoria_leaf_spot,Tomato_Septoria_leaf_spot,0.9997642636299133,1,1.3193244934082031,8.303031921386719,0.16785430908203125,9.792896270751953
dataset/test/Tomato_Septoria_leaf_spot/tomato_D2b-Early-blight---RPitblado_zoom_jpg.rf.93df1c3cb830b3940e4a23a5c4a05598_aug_8aug45.jpg,Tomato_Septoria_leaf_spot,Tomato_Septoria_leaf_spot,0.999996542930603,1,1.1621942520141602,8.360976219177246,0.17026042938232422,9.696505546569824
dataset/test/Tomato_Septoria_leaf_spot/tomato_D2b-Early-blight---RPitblado_zoom_jpg.rf.93df1c3cb830b3940e4a23a5c4a05598_aug_9aug47.jpg,Tomato_Septoria_leaf_spot,Tomato_Septoria_leaf_spot,0.9999979734420776,1,1.1845836639404297,8.296401977539062,0.16787147521972656,9.651579856872559
dataset/test/Tomato_Septoria_leaf_spot/tomato_D2b-Early-blight---RPitblado_zoom_jpg.rf.93df1c3cb830b3940e4a23a5c4a05598aug4.jpg,Tomato_Septoria_leaf_spot,Tomato_Septoria_leaf_spot,0.9999996423721313,1,1.197601318359375,8.535810470581055,0.16776084899902344,9.904026985168457
dataset/test/Tomato_Septoria_leaf_spot/tomatoseptorialeafspotjpg-788d20798a3c74e7_aug_36aug98.jpg,Tomato_Septoria_leaf_spot,Tomato_Septoria_leaf_spot,0.9989820122718811,1,1.1816577911376953,8.321308135986328,0.1675567626953125,9.67330265045166
dataset/test/Tomato_Septoria_leaf_spot/tomatoseptorialeafspotjpg-788d20798a3c74e7_aug_37aug99.jpg,Tomato_Septoria_leaf_spot,Tomato_Septoria_leaf_spot,0.9794579744338989,1,1.1857881546020508,8.284753799438477,0.16907596588134766,9.642450332641602
dataset/test/Tomato_Septoria_leaf_spot/tomatoseptorialeafspotjpg-788d20798a3c74e7aug18.jpg,Tomato_Septoria_leaf_spot,Tomato_Septoria_leaf_spot,0.9999253749847412,1,1.171769142150879,8.27045726776123,0.16644573211669922,9.611283302307129
dataset/test/Tomato_leaf_late_blight/Gls74_change_90_aug_66aug46.jpg,Tomato_leaf_late_blight,Tomato_Early_blight_leaf,0.9966545104980469,0,1.1035823822021484,8.464310646057129,0.16761112213134766,9.737987518310547
dataset/test/Tomato_leaf_late_blight/Gls74_change_90_aug_67aug49.jpg,Tomato_leaf_late_blight,Tomato_Early_blight_leaf,0.967410147190094,0,1.0941572189331055,8.446310997009277,0.1747608184814453,9.718173027038574
dataset/test/Tomato_leaf_late_blight/Gls74_change_90_aug_68aug41.jpg,Tomato_leaf_late_blight,Tomato_Early_blight_leaf,0.8721928596496582,0,1.1081199645996094,7.838991165161133,0.15668678283691406,9.106094360351562
dataset/test/Tomato_leaf_late_blight/Gls74_change_90aug22.jpg,Tomato_leaf_late_blight,Tomato_Early_blight_leaf,0.9909743666648865,0,1.0347509384155273,7.5428571701049805,0.15966796875,8.739850997924805
dataset/test/Tomato_leaf_late_blight/Gls78_change_270_aug_24aug95.jpg,Tomato_leaf_late_blight,Tomato_leaf_late_blight,0.9930061101913452,1,1.1376771926879883,7.588397026062012,0.16192626953125,8.890666007995605
dataset/test/Tomato_leaf_late_blight/Gls78_change_270_aug_25aug80.jpg,Tomato_leaf_late_blight,Tomato_leaf_late_blight,0.9936687350273132,1,1.0648422241210938,7.707211494445801,0.19422435760498047,8.969110488891602
dataset/test/Tomato_leaf_late_blight/Gls78_change_270_aug_26aug81.jpg,Tomato_leaf_late_blight,Tomato_leaf_late_blight,0.9518255591392517,1,1.0413055419921875,7.774120330810547,0.15935325622558594,8.977537155151367
dataset/test/Tomato_leaf_late_blight/Gls78_change_270aug8.jpg,Tomato_leaf_late_blight,Tomato_leaf_late_blight,0.9800283908843994,1,1.0297307968139648,7.748359680175781,0.16126155853271484,8.942277908325195
dataset/test/Tomato_leaf_late_blight/Gls79_change_270_aug_51aug69.jpg,Tomato_leaf_late_blight,Tomato_leaf_late_blight,0.9999597072601318,1,1.0218400955200195,7.790583610534668,0.1499643325805664,8.964612007141113
dataset/test/Tomato_leaf_late_blight/Gls79_change_270_aug_52aug74.jpg,Tomato_leaf_late_blight,Tomato_leaf_late_blight,0.9999924898147583,1,0.9948978424072266,7.579062461853027,0.16072368621826172,8.736924171447754
dataset/test/Tomato_leaf_late_blight/Gls79_change_270_aug_53aug68.jpg,Tomato_leaf_late_blight,Tomato_leaf_late_blight,0.9999984502792358,1,1.174656867980957,7.613155364990234,0.1631317138671875,8.953703880310059
dataset/test/Tomato_leaf_late_blight/Gls79_change_270aug17.jpg,Tomato_leaf_late_blight,Tomato_leaf_late_blight,0.9419345259666443,1,1.0128602981567383,7.727638244628906,0.16051864624023438,8.90390682220459
dataset/test/Tomato_leaf_late_blight/Gls79_change_90_aug_27aug85.jpg,Tomato_leaf_late_blight,Tomato_leaf_late_blight,0.97967529296875,1,1.0253429412841797,7.731413841247559,0.15964984893798828,8.919425964355469
dataset/test/Tomato_leaf_late_blight/Gls79_change_90_aug_28aug97.jpg,Tomato_leaf_late_blight,Tomato_leaf_late_blight,0.9961146116256714,1,1.0061006546020508,7.743250846862793,0.1631298065185547,8.914888381958008
dataset/test/Tomato_leaf_late_blight/Gls79_change_90_aug_29aug89.jpg,Tomato_leaf_late_blight,Tomato_leaf_late_blight,0.9724178314208984,1,1.0685834884643555,7.911731719970703,0.16100120544433594,9.143945693969727
dataset/test/Tomato_leaf_late_blight/Gls79_change_90aug9.jpg,Tomato_leaf_late_blight,Tomato_leaf_late_blight,0.9986532926559448,1,1.0180444717407227,7.831565856933594,0.16051959991455078,9.012742042541504
dataset/test/Tomato_leaf_late_blight/Gls79_mirror_aug_15aug104.jpg,Tomato_leaf_late_blight,Tomato_leaf_late_blight,0.9997841715812683,1,1.0281553268432617,7.881879806518555,0.15513134002685547,9.067481994628906
dataset/test/Tomato_leaf_late_blight/Gls79_mirror_aug_16aug113.jpg,Tomato_leaf_late_blight,Tomato_leaf_late_blight,0.9993796348571777,1,1.0151557922363281,7.621026039123535,0.1612987518310547,8.799925804138184
dataset/test/Tomato_leaf_late_blight/Gls79_mirror_aug_17aug109.jpg,Tomato_leaf_late_blight,Tomato_leaf_late_blight,0.9999827146530151,1,1.1591949462890625,7.767674446105957,0.1624279022216797,9.091890335083008
dataset/test/Tomato_leaf_late_blight/Gls79_mirroraug5.jpg,Tomato_leaf_late_blight,Tomato_leaf_late_blight,0.9999890327453613,1,1.0202302932739258,7.899271011352539,0.16066837310791016,9.082704544067383
dataset/test/Tomato_leaf_late_blight/IMG_20251102_155822aug32.jpg,Tomato_leaf_late_blight,Tomato_Healthy_leaf,0.5853555202484131,0,1.0913057327270508,7.8820085525512695,0.16137027740478516,9.137446403503418
dataset/test/Tomato_leaf_late_blight/IMG_20251102_160928aug33.jpg,Tomato_leaf_late_blight,Tomato_leaf_late_blight,0.5175542235374451,1,1.058934211730957,7.869973182678223,0.16237163543701172,9.09383487701416
dataset/test/Tomato_leaf_late_blight/IMG_20251102_161202_aug_57aug50.jpg,Tomato_leaf_late_blight,Tomato_Early_blight_leaf,0.9993975162506104,0,1.167769432067871,8.039233207702637,0.16213130950927734,9.37191104888916
dataset/test/Tomato_leaf_late_blight/IMG_20251102_161202_aug_58aug52.jpg,Tomato_leaf_late_blight,Tomato_Early_blight_leaf,0.9996154308319092,0,1.1181564331054688,7.840694427490234,0.16176128387451172,9.123408317565918
dataset/test/Tomato_leaf_late_blight/IMG_20251102_161202_aug_59aug39.jpg,Tomato_leaf_late_blight,Tomato_Early_blight_leaf,0.9995711445808411,0,1.1435842514038086,7.905546188354492,0.1616497039794922,9.213372230529785
dataset/test/Tomato_leaf_late_blight/IMG_20251102_161202aug19.jpg,Tomato_leaf_late_blight,Tomato_Early_blight_leaf,0.9996618032455444,0,1.1498613357543945,7.825028419494629,0.1608905792236328,9.13827896118164
dataset/test/Tomato_leaf_late_blight/IMG_5808_jpg.rf.9de5af872dd2e7a58b115c4826fb18d4_aug_63aug53.jpg,Tomato_leaf_late_blight,Tomato_Early_blight_leaf,0.6226702928543091,0,1.0804901123046875,7.709674835205078,0.3219470977783203,9.115427017211914
dataset/test/Tomato_leaf_late_blight/IMG_5808_jpg.rf.9de5af872dd2e7a58b115c4826fb18d4_aug_64aug43.jpg,Tomato_leaf_late_blight,Tomato_Early_blight_leaf,0.5733268857002258,0,1.0513229370117188,7.693082809448242,0.16283416748046875,8.91024112701416
dataset/test/Tomato_leaf_late_blight/IMG_5808_jpg.rf.9de5af872dd2e7a58b115c4826fb18d4_aug_65aug38.jpg,Tomato_leaf_late_blight,Tomato_Early_blight_leaf,0.6069856882095337,0,1.091435432434082,7.835971832275391,0.1631317138671875,9.093334197998047
dataset/test/Tomato_leaf_late_blight/IMG_5808_jpg.rf.9de5af872dd2e7a58b115c4826fb18d4aug21.jpg,Tomato_leaf_late_blight,Tomato_Early_blight_leaf,0.770831286907196,0,1.1108055114746094,7.904102325439453,0.16285324096679688,9.180317878723145
dataset/test/Tomato_leaf_late_blight/LB_ (254)_aug_54aug73.jpg,Tomato_leaf_late_blight,Tomato_leaf_late_blight,0.9990667700767517,1,1.027268409729004,7.976306915283203,0.1608905792236328,9.167223930358887
dataset/test/Tomato_leaf_late_blight/LB_ (254)_aug_55aug71.jpg,Tomato_leaf_late_blight,Tomato_leaf_late_blight,0.993582010269165,1,1.0145273208618164,7.875677108764648,0.15839004516601562,9.050945281982422
dataset/test/Tomato_leaf_late_blight/LB_ (254)_aug_56aug78.jpg,Tomato_leaf_late_blight,Tomato_leaf_late_blight,0.8499055504798889,1,1.0717124938964844,7.690229415893555,0.16168689727783203,8.926481246948242
dataset/test/Tomato_leaf_late_blight/LB_ (254)aug18.jpg,Tomato_leaf_late_blight,Tomato_leaf_late_blight,0.9689986705780029,1,1.1433429718017578,8.210716247558594,0.16137218475341797,9.518041610717773
dataset/test/Tomato_leaf_late_blight/LB_ (276)_aug_60aug45.jpg,Tomato_leaf_late_blight,Tomato_leaf_late_blight,0.9935152530670166,1,1.1444358825683594,7.763859748840332,0.16913127899169922,9.080464363098145
dataset/test/Tomato_leaf_late_blight/LB_ (276)_aug_61aug44.jpg,Tomato_leaf_late_blight,Tomato_leaf_late_blight,0.9999724626541138,1,1.0398988723754883,8.759812355041504,0.18742656707763672,9.990379333496094
dataset/test/Tomato_leaf_late_blight/LB_ (276)_aug_62aug40.jpg,Tomato_leaf_late_blight,Tomato_leaf_late_blight,0.9999916553497314,1,1.0727119445800781,8.38249683380127,0.16788959503173828,9.626152992248535
dataset/test/Tomato_leaf_late_blight/LB_ (276)aug20.jpg,Tomato_leaf_late_blight,Tomato_leaf_late_blight,0.9997119307518005,1,1.0689163208007812,12.690679550170898,0.161407470703125,13.923893928527832
dataset/test/Tomato_leaf_late_blight/Late-blight-foliar-leasion-on-tomato_jpg.rf.331af81e5b2aae24af0dc9b6d9933591_aug_72aug60.jpg,Tomato_leaf_late_blight,Tomato_leaf_late_blight,0.9999715089797974,1,1.376938819885254,16.655433654785156,0.17766952514648438,18.213539123535156
dataset/test/Tomato_leaf_late_blight/Late-blight-foliar-leasion-on-tomato_jpg.rf.331af81e5b2aae24af0dc9b6d9933591_aug_73aug51.jpg,Tomato_leaf_late_blight,Tomato_leaf_late_blight,0.9999996423721313,1,1.3755855560302734,11.781746864318848,0.22557544708251953,13.386000633239746
dataset/test/Tomato_leaf_late_blight/Late-blight-foliar-leasion-on-tomato_jpg.rf.331af81e5b2aae24af0dc9b6d9933591_aug_74aug37.jpg,Tomato_leaf_late_blight,Tomato_leaf_late_blight,0.999854326248169,1,1.2164173126220703,8.533995628356934,0.1683349609375,9.921823501586914
dataset/test/Tomato_leaf_late_blight/Late-blight-foliar-leasion-on-tomato_jpg.rf.331af81e5b2aae24af0dc9b6d9933591aug24.jpg,Tomato_leaf_late_blight,Tomato_leaf_late_blight,0.9998158812522888,1,1.1586008071899414,8.29718017578125,0.16378021240234375,9.62222671508789
dataset/test/Tomato_leaf_late_blight/Late-blight-on-a-tomato-leaf_jpg.rf.8a0bcac661db5b0d51beab8e2bf6cd6caug29.jpg,Tomato_leaf_late_blight,Tomato_leaf_late_blight,0.9995296001434326,1,1.171675682067871,9.113428115844727,0.16811180114746094,10.45599365234375
dataset/test/Tomato_leaf_late_blight/Late-blight-on-a-tomato-leaf_jpg.rf.8defdb736385f3e1da6fba17b2786ac9_aug_84aug36.jpg,Tomato_leaf_late_blight,Tomato_leaf_late_blight,0.9999978542327881,1,1.093658447265625,8.557682037353516,0.16263103485107422,9.816675186157227
dataset/test/Tomato_leaf_late_blight/Late-blight-on-a-tomato-leaf_jpg.rf.8defdb736385f3e1da6fba17b2786ac9aug28.jpg,Tomato_leaf_late_blight,Tomato_leaf_late_blight,0.999975323677063,1,1.151972770690918,7.722805023193359,0.16066837310791016,9.038260459899902
dataset/test/Tomato_leaf_late_blight/Late-blight-symptoms-on-tomato-leaves-1r3uhy2_jpg.rf.92fa5ba375a2c3ce572ef7e12695be90aug31.jpg,Tomato_leaf_late_blight,Tomato_leaf_late_blight,0.9997403025627136,1,1.1754159927368164,7.854269027709961,0.16098308563232422,9.193575859069824
dataset/test/Tomato_leaf_late_blight/Late-blight-tomato-leaf-VikramBisht-MBag_jpg.rf.ec494f1ab0c0417fed47095af181f852_aug_6aug117.jpg,Tomato_leaf_late_blight,Tomato_leaf_late_blight,0.9999966621398926,1,1.2031583786010742,7.57863712310791,0.1605396270751953,8.945073127746582
dataset/test/Tomato_leaf_late_blight/Late-blight-tomato-leaf-VikramBisht-MBag_jpg.rf.ec494f1ab0c0417fed47095af181f852_aug_7aug116.jpg,Tomato_leaf_late_blight,Tomato_leaf_late_blight,0.9995911717414856,1,1.0981569290161133,7.719266891479492,0.1940011978149414,9.01388931274414
dataset/test/Tomato_leaf_late_blight/Late-blight-tomato-leaf-VikramBisht-MBag_jpg.rf.ec494f1ab0c0417fed47095af181f852_aug_8aug115.jpg,Tomato_leaf_late_blight,Tomato_leaf_late_blight,0.9998558759689331,1,1.0824356079101562,7.795195579528809,0.16024112701416016,9.040425300598145
dataset/test/Tomato_leaf_late_blight/Late-blight-tomato-leaf-VikramBisht-MBag_jpg.rf.ec494f1ab0c0417fed47095af181f852aug2.jpg,Tomato_leaf_late_blight,Tomato_leaf_late_blight,0.9985925555229187,1,1.06878662109375,7.762693405151367,0.16168594360351562,8.996001243591309
dataset/test/Tomato_leaf_late_blight/LateBlight-Tomato-JJ-2009-17nxg4q_aug_36aug79.jpg,Tomato_leaf_late_blight,Tomato_leaf_late_blight,0.9718958735466003,1,1.0139732360839844,7.831934928894043,0.15855693817138672,9.007147789001465
dataset/test/Tomato_leaf_late_blight/LateBlight-Tomato-JJ-2009-17nxg4q_aug_37aug87.jpg,Tomato_leaf_late_blight,Tomato_leaf_late_blight,0.9996024966239929,1,1.0676383972167969,7.6886749267578125,0.16501998901367188,8.955147743225098
dataset/test/Tomato_leaf_late_blight/LateBlight-Tomato-JJ-2009-17nxg4q_aug_38aug67.jpg,Tomato_leaf_late_blight,Tomato_leaf_late_blight,0.9976994395256042,1,1.0574531555175781,7.772324562072754,0.15085315704345703,8.982759475708008
dataset/test/Tomato_leaf_late_blight/LateBlight-Tomato-JJ-2009-17nxg4q_jpg.rf.93780f99f071013cf0764b40fc6db48c_aug_48aug77.jpg,Tomato_leaf_late_blight,Tomato_leaf_late_blight,0.9999533891677856,1,0.9889516830444336,7.5273590087890625,0.15953826904296875,8.67805290222168
dataset/test/Tomato_leaf_late_blight/LateBlight-Tomato-JJ-2009-17nxg4q_jpg.rf.93780f99f071013cf0764b40fc6db48c_aug_49aug65.jpg,Tomato_leaf_late_blight,Tomato_leaf_late_blight,0.9998323917388916,1,1.1438055038452148,7.6496171951293945,0.16131591796875,8.95716667175293
dataset/test/Tomato_leaf_late_blight/LateBlight-Tomato-JJ-2009-17nxg4q_jpg.rf.93780f99f071013cf0764b40fc6db48c_aug_50aug75.jpg,Tomato_leaf_late_blight,Tomato_leaf_late_blight,0.9998977184295654,1,1.0174894332885742,8.083047866821289,0.1952056884765625,9.298670768737793
dataset/test/Tomato_leaf_late_blight/LateBlight-Tomato-JJ-2009-17nxg4q_jpg.rf.93780f99f071013cf0764b40fc6db48caug16.jpg,Tomato_leaf_late_blight,Tomato_leaf_late_blight,0.9999953508377075,1,1.0319900512695312,7.908954620361328,0.16335296630859375,9.107001304626465
dataset/test/Tomato_leaf_late_blight/LateBlight-Tomato-JJ-2009-17nxg4qaug12.jpg,Tomato_leaf_late_blight,Tomato_leaf_late_blight,0.9998544454574585,1,1.1273431777954102,7.891379356384277,0.16172409057617188,9.183574676513672
dataset/test/Tomato_leaf_late_blight/Lb11_mirror_verticalaug34.jpg,Tomato_leaf_late_blight,Tomato_leaf_late_blight,0.9988137483596802,1,1.0697307586669922,8.147493362426758,0.1534261703491211,9.37341022491455
dataset/test/Tomato_leaf_late_blight/Lb51_mirror_aug_39aug83.jpg,Tomato_leaf_late_blight,Tomato_leaf_late_blight,0.9704601168632507,1,1.075601577758789,8.443326950073242,0.16439056396484375,9.685820579528809
dataset/test/Tomato_leaf_late_blight/Lb51_mirror_aug_40aug96.jpg,Tomato_leaf_late_blight,Tomato_leaf_late_blight,0.9999204874038696,1,1.1704740524291992,7.799230575561523,0.16246509552001953,9.135074615478516
dataset/test/Tomato_leaf_late_blight/Lb51_mirror_aug_41aug91.jpg,Tomato_leaf_late_blight,Tomato_leaf_late_blight,0.9990848302841187,1,1.0586938858032227,7.883398056030273,0.1626129150390625,9.107500076293945
dataset/test/Tomato_leaf_late_blight/Lb51_mirroraug13.jpg,Tomato_leaf_late_blight,Tomato_leaf_late_blight,0.999901294708252,1,1.1067113876342773,7.951159477233887,0.16355609893798828,9.2240571975708
dataset/test/Tomato_leaf_late_blight/Lb52_change_90_aug_42aug64.jpg,Tomato_leaf_late_blight,Tomato_leaf_late_blight,0.9993718266487122,1,1.0407304763793945,7.803287506103516,0.1609649658203125,9.007444381713867
dataset/test/Tomato_leaf_late_blight/Lb52_change_90_aug_43aug63.jpg,Tomato_leaf_late_blight,Tomato_leaf_late_blight,0.9996126294136047,1,1.0417861938476562,7.879934310913086,0.1612415313720703,9.085871696472168
dataset/test/Tomato_leaf_late_blight/Lb52_change_90_aug_44aug70.jpg,Tomato_leaf_late_blight,Tomato_leaf_late_blight,0.9999916553497314,1,1.0632133483886719,7.848972320556641,0.16177940368652344,9.076684951782227
dataset/test/Tomato_leaf_late_blight/Lb52_change_90aug14.jpg,Tomato_leaf_late_blight,Tomato_leaf_late_blight,0.997584342956543,1,1.0596017837524414,8.037196159362793,0.16187191009521484,9.261335372924805
dataset/test/Tomato_leaf_late_blight/Lb69_aug_45aug76.jpg,Tomato_leaf_late_blight,Tomato_leaf_late_blight,0.9998345375061035,1,1.0357494354248047,8.023529052734375,0.162445068359375,9.224186897277832
dataset/test/Tomato_leaf_late_blight/Lb69_aug_46aug72.jpg,Tomato_leaf_late_blight,Tomato_leaf_late_blight,0.9999783039093018,1,1.0548782348632812,8.02512264251709,0.15444564819335938,9.236705780029297
dataset/test/Tomato_leaf_late_blight/Lb69_aug_47aug66.jpg,Tomato_leaf_late_blight,Tomato_leaf_late_blight,0.999993085861206,1,1.0444164276123047,7.782692909240723,0.17165088653564453,9.001537322998047
dataset/test/Tomato_leaf_late_blight/Lb69aug15.jpg,Tomato_leaf_late_blight,Tomato_leaf_late_blight,0.9999152421951294,1,1.1683807373046875,7.915881156921387,0.16431522369384766,9.2510404586792
dataset/test/Tomato_leaf_late_blight/Lb8_mirror_vertical_aug_10aug118.jpg,Tomato_leaf_late_blight,Tomato_leaf_late_blight,0.9856078624725342,1,1.0488615036010742,7.942288398742676,0.16250133514404297,9.156706809997559
dataset/test/Tomato_leaf_late_blight/Lb8_mirror_vertical_aug_11aug111.jpg,Tomato_leaf_late_blight,Tomato_leaf_late_blight,0.9999079704284668,1,1.094045639038086,8.0541410446167,0.16411209106445312,9.31515121459961
dataset/test/Tomato_leaf_late_blight/Lb8_mirror_vertical_aug_9aug103.jpg,Tomato_leaf_late_blight,Tomato_leaf_late_blight,0.9998373985290527,1,1.0423965454101562,8.057992935180664,0.16446399688720703,9.26768684387207
dataset/test/Tomato_leaf_late_blight/Lb8_mirror_verticalaug3.jpg,Tomato_leaf_late_blight,Tomato_leaf_late_blight,0.9999810457229614,1,1.0688982009887695,8.067343711853027,0.16472244262695312,9.303503036499023
dataset/test/Tomato_leaf_late_blight/Lb97_aug_21aug84.jpg,Tomato_leaf_late_blight,Tomato_leaf_late_blight,0.9999690055847168,1,1.1536941528320312,8.000584602355957,0.1636676788330078,9.320762634277344
dataset/test/Tomato_leaf_late_blight/Lb97_aug_22aug101.jpg,Tomato_leaf_late_blight,Tomato_leaf_late_blight,0.9999843835830688,1,1.0711383819580078,8.028083801269531,0.1629638671875,9.264817237854004
dataset/test/Tomato_leaf_late_blight/Lb97_aug_23aug82.jpg,Tomato_leaf_late_blight,Tomato_leaf_late_blight,0.9998812675476074,1,1.061380386352539,7.977306365966797,0.1626138687133789,9.204168319702148
dataset/test/Tomato_leaf_late_blight/Lb97aug7.jpg,Tomato_leaf_late_blight,Tomato_leaf_late_blight,0.9999762773513794,1,1.1011390686035156,7.996881484985352,0.1592235565185547,9.259723663330078
dataset/test/Tomato_leaf_late_blight/Leaf-2Bsymptoms-2BMDA_jpg.rf.39b220104d04636fad4f5aae043826cb_aug_0aug108.jpg,Tomato_leaf_late_blight,Tomato_leaf_late_blight,0.9999926090240479,1,1.1005840301513672,7.855342864990234,0.31590938568115234,9.274836540222168
dataset/test/Tomato_leaf_late_blight/Leaf-2Bsymptoms-2BMDA_jpg.rf.39b220104d04636fad4f5aae043826cb_aug_1aug106.jpg,Tomato_leaf_late_blight,Tomato_leaf_late_blight,0.9999980926513672,1,1.0894546508789062,7.811842918395996,0.16707420349121094,9.071037292480469
dataset/test/Tomato_leaf_late_blight/Leaf-2Bsymptoms-2BMDA_jpg.rf.39b220104d04636fad4f5aae043826cb_aug_2aug119.jpg,Tomato_leaf_late_blight,Tomato_leaf_late_blight,0.9999920129776001,1,1.2273616790771484,7.856916427612305,0.16327953338623047,9.250205039978027
dataset/test/Tomato_leaf_late_blight/Leaf-2Bsymptoms-2BMDA_jpg.rf.39b220104d04636fad4f5aae043826cbaug0.jpg,Tomato_leaf_late_blight,Tomato_leaf_late_blight,0.999958872795105,1,1.1663808822631836,8.27060604095459,0.16359424591064453,9.603339195251465
dataset/test/Tomato_leaf_late_blight/Tomato-20bacterial-20canker-JPG_jpg.rf.8b568c1d5efcfdcef44c606eb076b889_aug_30aug92.jpg,Tomato_leaf_late_blight,Tomato_leaf_late_blight,0.9992198944091797,1,1.1288061141967773,8.030974388122559,0.1646127700805664,9.327133178710938
dataset/test/Tomato_leaf_late_blight/Tomato-20bacterial-20canker-JPG_jpg.rf.8b568c1d5efcfdcef44c606eb076b889_aug_31aug98.jpg,Tomato_leaf_late_blight,Tomato_leaf_late_blight,0.9999535083770752,1,1.1588430404663086,8.193401336669922,0.1627788543701172,9.517412185668945
dataset/test/Tomato_leaf_late_blight/Tomato-20bacterial-20canker-JPG_jpg.rf.8b568c1d5efcfdcef44c606eb076b889_aug_32aug90.jpg,Tomato_leaf_late_blight,Tomato_leaf_late_blight,0.9674682021141052,1,1.111917495727539,7.981417655944824,0.16327953338623047,9.25901985168457
dataset/test/Tomato_leaf_late_blight/Tomato-20bacterial-20canker-JPG_jpg.rf.8b568c1d5efcfdcef44c606eb076b889aug10.jpg,Tomato_leaf_late_blight,Tomato_leaf_late_blight,0.9997648596763611,1,1.1275453567504883,8.174066543579102,0.16337203979492188,9.467411041259766
dataset/test/Tomato_leaf_late_blight/TomatoBlight-JPG_jpg.rf.234cbc5809dc7d942e46760a63e10d9f_aug_33aug88.jpg,Tomato_leaf_late_blight,Tomato_leaf_late_blight,0.9998509883880615,1,1.1052141189575195,7.971564292907715,0.1514263153076172,9.230040550231934
dataset/test/Tomato_leaf_late_blight/TomatoBlight-JPG_jpg.rf.234cbc5809dc7d942e46760a63e10d9f_aug_34aug86.jpg,Tomato_leaf_late_blight,Tomato_leaf_late_blight,0.9996163845062256,1,1.0643234252929688,7.843416213989258,0.16520404815673828,9.075538635253906
dataset/test/Tomato_leaf_late_blight/TomatoBlight-JPG_jpg.rf.234cbc5809dc7d942e46760a63e10d9f_aug_35aug93.jpg,Tomato_leaf_late_blight,Tomato_leaf_late_blight,0.9997685551643372,1,1.2389726638793945,7.8246564865112305,0.16544532775878906,9.23187255859375
dataset/test/Tomato_leaf_late_blight/TomatoBlight-JPG_jpg.rf.234cbc5809dc7d942e46760a63e10d9faug11.jpg,Tomato_leaf_late_blight,Tomato_leaf_late_blight,0.993444561958313,1,1.107712745666504,8.027546882629395,0.19952011108398438,9.337392807006836
dataset/test/Tomato_leaf_late_blight/dsc_8140cs_aug_3aug114.jpg,Tomato_leaf_late_blight,Tomato_leaf_late_blight,0.9999972581863403,1,1.1151752471923828,7.96910285949707,0.16370487213134766,9.250669479370117
dataset/test/Tomato_leaf_late_blight/dsc_8140cs_aug_4aug99.jpg,Tomato_leaf_late_blight,Tomato_leaf_late_blight,0.9998001456260681,1,1.132990837097168,8.069103240966797,0.16372203826904297,9.368762016296387
dataset/test/Tomato_leaf_late_blight/dsc_8140cs_aug_5aug102.jpg,Tomato_leaf_late_blight,Tomato_leaf_late_blight,0.9996761083602905,1,1.1232872009277344,8.023641586303711,0.20035266876220703,9.350022315979004
dataset/test/Tomato_leaf_late_blight/dsc_8140csaug1.jpg,Tomato_leaf_late_blight,Tomato_leaf_late_blight,0.9999792575836182,1,1.100621223449707,8.032658576965332,0.16342735290527344,9.299798965454102
dataset/test/Tomato_leaf_late_blight/late_jpg.rf.f64883c6ac50eb4f477851ddc23305e8_aug_69aug47.jpg,Tomato_leaf_late_blight,Tomato_leaf_late_blight,0.9030312895774841,1,1.1386384963989258,8.002493858337402,0.16285419464111328,9.306780815124512
dataset/test/Tomato_leaf_late_blight/late_jpg.rf.f64883c6ac50eb4f477851ddc23305e8_aug_70aug48.jpg,Tomato_leaf_late_blight,Tomato_leaf_late_blight,0.4809682071208954,1,1.1187496185302734,8.123252868652344,0.20928096771240234,9.454113960266113
dataset/test/Tomato_leaf_late_blight/late_jpg.rf.f64883c6ac50eb4f477851ddc23305e8_aug_71aug42.jpg,Tomato_leaf_late_blight,Tomato_leaf_late_blight,0.942306637763977,1,1.1256389617919922,7.958398818969727,0.1639089584350586,9.250964164733887
dataset/test/Tomato_leaf_late_blight/late_jpg.rf.f64883c6ac50eb4f477851ddc23305e8aug23.jpg,Tomato_leaf_late_blight,Tomato_Early_blight_leaf,0.9104183316230774,0,1.1516199111938477,8.0812349319458,0.1559457778930664,9.391356468200684
dataset/test/Tomato_leaf_late_blight/lateblightTom_lesionaug30.jpg,Tomato_leaf_late_blight,Tomato_leaf_late_blight,0.9997571110725403,1,1.0178422927856445,7.777287483215332,0.16396427154541016,8.961795806884766
dataset/test/Tomato_leaf_late_blight/lb_leaf_lesions2x1200_jpg.rf.3a72cc9627c3ba6d79a876e19220824e_aug_81aug56.jpg,Tomato_leaf_late_blight,Tomato_leaf_late_blight,0.9999936819076538,1,1.2407512664794922,7.858712196350098,0.1788349151611328,9.281280517578125
dataset/test/Tomato_leaf_late_blight/lb_leaf_lesions2x1200_jpg.rf.3a72cc9627c3ba6d79a876e19220824e_aug_82aug62.jpg,Tomato_leaf_late_blight,Tomato_leaf_late_blight,0.9999935626983643,1,1.2803630828857422,8.096956253051758,0.16453838348388672,9.54461669921875
dataset/test/Tomato_leaf_late_blight/lb_leaf_lesions2x1200_jpg.rf.3a72cc9627c3ba6d79a876e19220824e_aug_83aug57.jpg,Tomato_leaf_late_blight,Tomato_leaf_late_blight,0.9999862909317017,1,1.0803232192993164,8.010639190673828,0.1633901596069336,9.257390975952148
dataset/test/Tomato_leaf_late_blight/lb_leaf_lesions2x1200_jpg.rf.3a72cc9627c3ba6d79a876e19220824eaug27.jpg,Tomato_leaf_late_blight,Tomato_leaf_late_blight,0.9999902248382568,1,1.1100091934204102,8.105918884277344,0.16309452056884766,9.381891250610352
dataset/test/Tomato_leaf_late_blight/p1020076cs_aug_78aug35.jpg,Tomato_leaf_late_blight,Tomato_leaf_late_blight,0.9940853118896484,1,1.0664167404174805,8.11941909790039,0.16090869903564453,9.34935474395752
dataset/test/Tomato_leaf_late_blight/p1020076cs_aug_79aug59.jpg,Tomato_leaf_late_blight,Tomato_leaf_late_blight,0.9999772310256958,1,1.061676025390625,8.371438980102539,0.16481590270996094,9.600579261779785
dataset/test/Tomato_leaf_late_blight/p1020076cs_aug_80aug55.jpg,Tomato_leaf_late_blight,Tomato_leaf_late_blight,0.9999343156814575,1,1.0466375350952148,8.104715347290039,0.1650381088256836,9.318946838378906
dataset/test/Tomato_leaf_late_blight/p1020076csaug26.jpg,Tomato_leaf_late_blight,Tomato_leaf_late_blight,0.9996103644371033,1,1.0439529418945312,7.9406023025512695,0.16259479522705078,9.149853706359863
dataset/test/Tomato_leaf_late_blight/symptoms_of_late_blight_0_jpg.rf.417903f6c86ccb4f4bcd7139e0867018_aug_75aug58.jpg,Tomato_leaf_late_blight,Tomato_leaf_late_blight,0.9999524354934692,1,1.1219711303710938,7.998602867126465,0.20120525360107422,9.324298858642578
dataset/test/Tomato_leaf_late_blight/symptoms_of_late_blight_0_jpg.rf.417903f6c86ccb4f4bcd7139e0867018_aug_76aug54.jpg,Tomato_leaf_late_blight,Tomato_leaf_late_blight,0.9999873638153076,1,1.097970962524414,7.772619247436523,0.1620197296142578,9.036038398742676
dataset/test/Tomato_leaf_late_blight/symptoms_of_late_blight_0_jpg.rf.417903f6c86ccb4f4bcd7139e0867018_aug_77aug61.jpg,Tomato_leaf_late_blight,Tomato_leaf_late_blight,0.9999998807907104,1,1.1058788299560547,7.879953384399414,0.1610565185546875,9.149353981018066
dataset/test/Tomato_leaf_late_blight/symptoms_of_late_blight_0_jpg.rf.417903f6c86ccb4f4bcd7139e0867018aug25.jpg,Tomato_leaf_late_blight,Tomato_leaf_late_blight,0.9999592304229736,1,1.1037673950195312,7.887656211853027,0.16153907775878906,9.155669212341309
dataset/test/Tomato_leaf_late_blight/tomato-late-blight-leaf-61-3x32_aug_12aug112.jpg,Tomato_leaf_late_blight,Tomato_leaf_late_blight,0.9999896287918091,1,1.0823421478271484,8.057863235473633,0.16127872467041016,9.304187774658203
dataset/test/Tomato_leaf_late_blight/tomato-late-blight-leaf-61-3x32_aug_13aug110.jpg,Tomato_leaf_late_blight,Tomato_leaf_late_blight,0.9992850422859192,1,1.0355281829833984,7.905268669128418,0.2143545150756836,9.157815933227539
dataset/test/Tomato_leaf_late_blight/tomato-late-blight-leaf-61-3x32_aug_14aug105.jpg,Tomato_leaf_late_blight,Tomato_leaf_late_blight,0.999998927116394,1,1.0363597869873047,7.879064559936523,0.16420555114746094,9.08255672454834
dataset/test/Tomato_leaf_late_blight/tomato-late-blight-leaf-61-3x32aug4.jpg,Tomato_leaf_late_blight,Tomato_leaf_late_blight,0.9999728202819824,1,1.0914726257324219,7.920454978942871,0.15650272369384766,9.17070484161377
dataset/test/Tomato_leaf_late_blight/tomato.early.blightH_aug_18aug100.jpg,Tomato_leaf_late_blight,Tomato_Septoria_leaf_spot,0.9999735355377197,0,1.1336946487426758,7.7196550369262695,0.1668529510498047,9.022981643676758
dataset/test/Tomato_leaf_late_blight/tomato.early.blightH_aug_19aug107.jpg,Tomato_leaf_late_blight,Tomato_Septoria_leaf_spot,0.9976488947868347,0,1.2383251190185547,7.6567487716674805,0.16248321533203125,9.06053638458252
dataset/test/Tomato_leaf_late_blight/tomato.early.blightH_aug_20aug94.jpg,Tomato_leaf_late_blight,Tomato_Septoria_leaf_spot,0.9990623593330383,0,1.2792329788208008,7.723453521728516,0.16144561767578125,9.166668891906738
dataset/test/Tomato_leaf_late_blight/tomato.early.blightHaug6.jpg,Tomato_leaf_late_blight,Tomato_Septoria_leaf_spot,0.9978578686714172,0,1.1988258361816406,7.849897384643555,0.1607046127319336,9.212390899658203
dataset/test/Tomato_leaf_yellow_curl_virus/1342017-162221-44540_jpg.rf.f68314ea4850dade3a214dec71c83715_aug_77aug56.jpg,Tomato_leaf_yellow_curl_virus,Tomato_leaf_yellow_curl_virus,1.0,1,1.1150264739990234,7.873379707336426,0.16135215759277344,9.152482032775879
dataset/test/Tomato_leaf_yellow_curl_virus/1342017-162221-44540_jpg.rf.f68314ea4850dade3a214dec71c83715_aug_78aug81.jpg,Tomato_leaf_yellow_curl_virus,Tomato_leaf_yellow_curl_virus,1.0,1,1.1188983917236328,7.839600563049316,0.16126155853271484,9.12263011932373
dataset/test/Tomato_leaf_yellow_curl_virus/1342017-162221-44540_jpg.rf.f68314ea4850dade3a214dec71c83715_aug_79aug60.jpg,Tomato_leaf_yellow_curl_virus,Tomato_leaf_yellow_curl_virus,1.0,1,1.1645097732543945,7.8775835037231445,0.16118621826171875,9.205686569213867
dataset/test/Tomato_leaf_yellow_curl_virus/1342017-162221-44540_jpg.rf.f68314ea4850dade3a214dec71c83715_aug_80aug64.jpg,Tomato_leaf_yellow_curl_virus,Tomato_leaf_yellow_curl_virus,1.0,1,1.129380226135254,7.844287872314453,0.1617603302001953,9.138298034667969
dataset/test/Tomato_leaf_yellow_curl_virus/1342017-162221-44540_jpg.rf.f68314ea4850dade3a214dec71c83715_aug_81aug61.jpg,Tomato_leaf_yellow_curl_virus,Tomato_leaf_yellow_curl_virus,1.0,1,1.1164522171020508,7.935491561889648,0.16172409057617188,9.216075897216797
dataset/test/Tomato_leaf_yellow_curl_virus/1342017-162221-44540_jpg.rf.f68314ea4850dade3a214dec71c83715_aug_82aug80.jpg,Tomato_leaf_yellow_curl_virus,Tomato_leaf_yellow_curl_virus,1.0,1,1.121286392211914,7.824175834655762,0.15709400177001953,9.105278968811035
dataset/test/Tomato_leaf_yellow_curl_virus/1342017-162221-44540_jpg.rf.f68314ea4850dade3a214dec71c83715_aug_83aug70.jpg,Tomato_leaf_yellow_curl_virus,Tomato_leaf_yellow_curl_virus,1.0,1,1.1718244552612305,7.74228572845459,0.162261962890625,9.079056739807129
dataset/test/Tomato_leaf_yellow_curl_virus/1342017-162221-44540_jpg.rf.f68314ea4850dade3a214dec71c83715aug11.jpg,Tomato_leaf_yellow_curl_virus,Tomato_leaf_yellow_curl_virus,1.0,1,1.2191219329833984,7.658692359924316,0.1626110076904297,9.043241500854492
dataset/test/Tomato_leaf_yellow_curl_virus/8226402877_9abf151b5b_b_jpg.rf.a2dff27e03c5ab47916df5d873c1590f_aug_70aug66.jpg,Tomato_leaf_yellow_curl_virus,Tomato_leaf_yellow_curl_virus,1.0,1,1.0917510986328125,7.878823280334473,0.16181564331054688,9.135279655456543
dataset/test/Tomato_leaf_yellow_curl_virus/8226402877_9abf151b5b_b_jpg.rf.a2dff27e03c5ab47916df5d873c1590f_aug_71aug69.jpg,Tomato_leaf_yellow_curl_virus,Tomato_leaf_yellow_curl_virus,1.0,1,1.1147499084472656,7.804934501647949,0.1953716278076172,9.11776065826416
dataset/test/Tomato_leaf_yellow_curl_virus/8226402877_9abf151b5b_b_jpg.rf.a2dff27e03c5ab47916df5d873c1590f_aug_72aug73.jpg,Tomato_leaf_yellow_curl_virus,Tomato_leaf_yellow_curl_virus,1.0,1,1.0965089797973633,7.90621280670166,0.1640005111694336,9.1697416305542
dataset/test/Tomato_leaf_yellow_curl_virus/8226402877_9abf151b5b_b_jpg.rf.a2dff27e03c5ab47916df5d873c1590f_aug_73aug54.jpg,Tomato_leaf_yellow_curl_virus,Tomato_leaf_yellow_curl_virus,1.0,1,1.082045555114746,7.784398078918457,0.16013145446777344,9.0297212600708
dataset/test/Tomato_leaf_yellow_curl_virus/8226402877_9abf151b5b_b_jpg.rf.a2dff27e03c5ab47916df5d873c1590f_aug_74aug76.jpg,Tomato_leaf_yellow_curl_virus,Tomato_leaf_yellow_curl_virus,1.0,1,1.0903987884521484,7.740452766418457,0.15963077545166016,8.993241310119629
dataset/test/Tomato_leaf_yellow_curl_virus/8226402877_9abf151b5b_b_jpg.rf.a2dff27e03c5ab47916df5d873c1590f_aug_75aug74.jpg,Tomato_leaf_yellow_curl_virus,Tomato_leaf_yellow_curl_virus,1.0,1,1.125452995300293,7.730600357055664,0.1592235565185547,9.01809310913086
dataset/test/Tomato_leaf_yellow_curl_virus/8226402877_9abf151b5b_b_jpg.rf.a2dff27e03c5ab47916df5d873c1590f_aug_76aug65.jpg,Tomato_leaf_yellow_curl_virus,Tomato_leaf_yellow_curl_virus,1.0,1,1.0777673721313477,7.738063812255859,0.1535015106201172,8.971648216247559
dataset/test/Tomato_leaf_yellow_curl_virus/8226402877_9abf151b5b_b_jpg.rf.a2dff27e03c5ab47916df5d873c1590faug10.jpg,Tomato_leaf_yellow_curl_virus,Tomato_leaf_yellow_curl_virus,1.0,1,1.0655450820922852,7.551321029663086,0.2219095230102539,8.841461181640625
dataset/test/Tomato_leaf_yellow_curl_virus/DSC01999-JPG_jpg.rf.700fa6596ab8750ad0f1c47a0defe191_aug_84aug53.jpg,Tomato_leaf_yellow_curl_virus,Tomato_leaf_yellow_curl_virus,1.0,1,1.2608985900878906,7.622934341430664,0.15911197662353516,9.045740127563477
dataset/test/Tomato_leaf_yellow_curl_virus/DSC01999-JPG_jpg.rf.700fa6596ab8750ad0f1c47a0defe191_aug_85aug82.jpg,Tomato_leaf_yellow_curl_virus,Tomato_leaf_yellow_curl_virus,1.0,1,1.1865100860595703,7.745730400085449,0.16190814971923828,9.097075462341309
dataset/test/Tomato_leaf_yellow_curl_virus/DSC01999-JPG_jpg.rf.700fa6596ab8750ad0f1c47a0defe191_aug_86aug71.jpg,Tomato_leaf_yellow_curl_virus,Tomato_leaf_yellow_curl_virus,0.9999998807907104,1,1.1060819625854492,7.782230377197266,0.1629648208618164,9.05422306060791
dataset/test/Tomato_leaf_yellow_curl_virus/DSC01999-JPG_jpg.rf.700fa6596ab8750ad0f1c47a0defe191_aug_87aug78.jpg,Tomato_leaf_yellow_curl_virus,Tomato_leaf_yellow_curl_virus,0.9999998807907104,1,1.1036930084228516,8.070158004760742,0.16014862060546875,9.336800575256348
dataset/test/Tomato_leaf_yellow_curl_virus/DSC01999-JPG_jpg.rf.700fa6596ab8750ad0f1c47a0defe191_aug_88aug51.jpg,Tomato_leaf_yellow_curl_virus,Tomato_leaf_yellow_curl_virus,1.0,1,1.1182126998901367,7.806452751159668,0.15868568420410156,9.08657455444336
dataset/test/Tomato_leaf_yellow_curl_virus/DSC01999-JPG_jpg.rf.700fa6596ab8750ad0f1c47a0defe191_aug_89aug63.jpg,Tomato_leaf_yellow_curl_virus,Tomato_leaf_yellow_curl_virus,1.0,1,1.1510086059570312,7.704174995422363,0.1531686782836914,9.01077938079834
dataset/test/Tomato_leaf_yellow_curl_virus/DSC01999-JPG_jpg.rf.700fa6596ab8750ad0f1c47a0defe191_aug_90aug85.jpg,Tomato_leaf_yellow_curl_virus,Tomato_leaf_yellow_curl_virus,1.0,1,1.1424169540405273,8.795979499816895,0.15864944458007812,10.099102020263672
dataset/test/Tomato_leaf_yellow_curl_virus/DSC01999-JPG_jpg.rf.700fa6596ab8750ad0f1c47a0defe191aug12.jpg,Tomato_leaf_yellow_curl_virus,Tomato_leaf_yellow_curl_virus,0.9999997615814209,1,1.1644353866577148,8.0227689743042,0.16950035095214844,9.359503746032715
dataset/test/Tomato_leaf_yellow_curl_virus/DSC01999.JPG_aug_63aug68.jpg,Tomato_leaf_yellow_curl_virus,Tomato_leaf_yellow_curl_virus,0.9999611377716064,1,1.3838090896606445,17.441587448120117,0.1649456024169922,18.993361473083496
dataset/test/Tomato_leaf_yellow_curl_virus/DSC01999.JPG_aug_64aug72.jpg,Tomato_leaf_yellow_curl_virus,Tomato_leaf_yellow_curl_virus,0.9999836683273315,1,1.2567510604858398,12.210285186767578,0.1790761947631836,13.649742126464844
dataset/test/Tomato_leaf_yellow_curl_virus/DSC01999.JPG_aug_65aug75.jpg,Tomato_leaf_yellow_curl_virus,Tomato_leaf_yellow_curl_virus,0.9998815059661865,1,1.3493070602416992,13.2737398147583,0.16577911376953125,14.792325973510742
dataset/test/Tomato_leaf_yellow_curl_virus/DSC01999.JPG_aug_66aug58.jpg,Tomato_leaf_yellow_curl_virus,Tomato_leaf_yellow_curl_virus,0.9985437393188477,1,1.2537708282470703,8.20556640625,0.16579818725585938,9.628283500671387
dataset/test/Tomato_leaf_yellow_curl_virus/DSC01999.JPG_aug_67aug83.jpg,Tomato_leaf_yellow_curl_virus,Tomato_leaf_yellow_curl_virus,0.9999556541442871,1,1.1688232421875,8.403532981872559,0.16629791259765625,9.74178409576416
dataset/test/Tomato_leaf_yellow_curl_virus/DSC01999.JPG_aug_68aug79.jpg,Tomato_leaf_yellow_curl_virus,Tomato_leaf_yellow_curl_virus,0.9998145699501038,1,1.2608442306518555,8.181529998779297,0.16957569122314453,9.615004539489746
dataset/test/Tomato_leaf_yellow_curl_virus/DSC01999.JPG_aug_69aug62.jpg,Tomato_leaf_yellow_curl_virus,Tomato_leaf_yellow_curl_virus,0.9999771118164062,1,1.178269386291504,8.260642051696777,0.17096328735351562,9.612968444824219
dataset/test/Tomato_leaf_yellow_curl_virus/DSC01999.JPGaug9.jpg,Tomato_leaf_yellow_curl_virus,Tomato_leaf_yellow_curl_virus,0.9998791217803955,1,1.221083641052246,8.132102966308594,0.16189002990722656,9.517874717712402
dataset/test/Tomato_leaf_yellow_curl_virus/IMG_20251102_155103aug15.jpg,Tomato_leaf_yellow_curl_virus,Tomato_leaf_yellow_curl_virus,0.9971725344657898,1,1.1035451889038086,7.935213088989258,0.16038894653320312,9.2017240524292
dataset/test/Tomato_leaf_yellow_curl_virus/IMG_20251102_160455_aug_42aug104.jpg,Tomato_leaf_yellow_curl_virus,Tomato_leaf_yellow_curl_virus,0.891282856464386,1,1.0759353637695312,7.852119445800781,0.1592416763305664,9.090278625488281
dataset/test/Tomato_leaf_yellow_curl_virus/IMG_20251102_160455_aug_43aug111.jpg,Tomato_leaf_yellow_curl_virus,Tomato_leaf_yellow_curl_virus,0.8852142691612244,1,1.0627870559692383,7.681027412414551,0.1629638671875,8.90985107421875
dataset/test/Tomato_leaf_yellow_curl_virus/IMG_20251102_160455_aug_44aug112.jpg,Tomato_leaf_yellow_curl_virus,Tomato_leaf_yellow_curl_virus,0.9926936626434326,1,1.1512689590454102,7.772250175476074,0.16213130950927734,9.088704109191895
dataset/test/Tomato_leaf_yellow_curl_virus/IMG_20251102_160455_aug_45aug108.jpg,Tomato_leaf_yellow_curl_virus,Tomato_leaf_yellow_curl_virus,0.996972918510437,1,1.0729150772094727,7.93454647064209,0.1618337631225586,9.171928405761719
dataset/test/Tomato_leaf_yellow_curl_virus/IMG_20251102_160455_aug_46aug110.jpg,Tomato_leaf_yellow_curl_virus,Tomato_leaf_yellow_curl_virus,0.8846433162689209,1,1.0751018524169922,7.870268821716309,0.16137218475341797,9.109277725219727
dataset/test/Tomato_leaf_yellow_curl_virus/IMG_20251102_160455_aug_47aug98.jpg,Tomato_leaf_yellow_curl_virus,Tomato_leaf_yellow_curl_virus,0.9958601593971252,1,1.0759162902832031,7.855639457702637,0.1617412567138672,9.095926284790039
dataset/test/Tomato_leaf_yellow_curl_virus/IMG_20251102_160455_aug_48aug105.jpg,Tomato_leaf_yellow_curl_virus,Tomato_leaf_yellow_curl_virus,0.9916143417358398,1,1.1015281677246094,7.888175964355469,0.16211223602294922,9.154557228088379
dataset/test/Tomato_leaf_yellow_curl_virus/IMG_20251102_160455aug6.jpg,Tomato_leaf_yellow_curl_virus,Tomato_leaf_yellow_curl_virus,0.9802025556564331,1,1.069528579711914,7.909491539001465,0.16144561767578125,9.143223762512207
dataset/test/Tomato_leaf_yellow_curl_virus/IMG_20251102_160553_aug_35aug49.jpg,Tomato_leaf_yellow_curl_virus,Tomato_Early_blight_leaf,0.9983433485031128,0,1.1505107879638672,7.695137977600098,0.16992664337158203,9.018333435058594
dataset/test/Tomato_leaf_yellow_curl_virus/IMG_20251102_160553_aug_36aug113.jpg,Tomato_leaf_yellow_curl_virus,Tomato_Early_blight_leaf,0.9943532943725586,0,1.3697881698608398,8.037232398986816,0.16531658172607422,9.575004577636719
dataset/test/Tomato_leaf_yellow_curl_virus/IMG_20251102_160553_aug_37aug114.jpg,Tomato_leaf_yellow_curl_virus,Tomato_Early_blight_leaf,0.6960412263870239,0,1.2803802490234375,8.077215194702148,0.1670389175415039,9.52778148651123
dataset/test/Tomato_leaf_yellow_curl_virus/IMG_20251102_160553_aug_38aug101.jpg,Tomato_leaf_yellow_curl_virus,Tomato_Early_blight_leaf,0.9712892770767212,0,1.1452322006225586,8.397494316101074,0.16787147521972656,9.713616371154785
dataset/test/Tomato_leaf_yellow_curl_virus/IMG_20251102_160553_aug_39aug118.jpg,Tomato_leaf_yellow_curl_virus,Tomato_Early_blight_leaf,0.8745226263999939,0,1.1642866134643555,8.118325233459473,0.16437149047851562,9.45042896270752
dataset/test/Tomato_leaf_yellow_curl_virus/IMG_20251102_160553_aug_40aug19.jpg,Tomato_leaf_yellow_curl_virus,Tomato_Early_blight_leaf,0.9989192485809326,0,1.948293685913086,8.262178421020508,0.16585254669189453,10.37917709350586
dataset/test/Tomato_leaf_yellow_curl_virus/IMG_20251102_160553_aug_41aug119.jpg,Tomato_leaf_yellow_curl_virus,Tomato_Early_blight_leaf,0.8060992360115051,0,1.1916027069091797,8.286142349243164,0.16566848754882812,9.646541595458984
dataset/test/Tomato_leaf_yellow_curl_virus/IMG_20251102_160553aug5.jpg,Tomato_leaf_yellow_curl_virus,Tomato_Early_blight_leaf,0.9981600642204285,0,1.200510025024414,8.383143424987793,0.17300128936767578,9.759209632873535
dataset/test/Tomato_leaf_yellow_curl_virus/TYLCV-tomate-DB-445-171_jpg.rf.9d70326900dd981ab5d49063b0d644f0_aug_21aug41.jpg,Tomato_leaf_yellow_curl_virus,Tomato_leaf_yellow_curl_virus,1.0,1,1.1452865600585938,8.104065895080566,0.16309452056884766,9.415300369262695
dataset/test/Tomato_leaf_yellow_curl_virus/TYLCV-tomate-DB-445-171_jpg.rf.9d70326900dd981ab5d49063b0d644f0_aug_22aug30.jpg,Tomato_leaf_yellow_curl_virus,Tomato_leaf_yellow_curl_virus,0.9999998807907104,1,1.1294546127319336,8.227845191955566,0.1634836196899414,9.52363395690918
dataset/test/Tomato_leaf_yellow_curl_virus/TYLCV-tomate-DB-445-171_jpg.rf.9d70326900dd981ab5d49063b0d644f0_aug_23aug42.jpg,Tomato_leaf_yellow_curl_virus,Tomato_leaf_yellow_curl_virus,1.0,1,1.1210651397705078,8.11921501159668,0.16527938842773438,9.40841007232666
dataset/test/Tomato_leaf_yellow_curl_virus/TYLCV-tomate-DB-445-171_jpg.rf.9d70326900dd981ab5d49063b0d644f0_aug_24aug45.jpg,Tomato_leaf_yellow_curl_virus,Tomato_leaf_yellow_curl_virus,1.0,1,1.1667137145996094,8.097512245178223,0.16142845153808594,9.428299903869629
dataset/test/Tomato_leaf_yellow_curl_virus/TYLCV-tomate-DB-445-171_jpg.rf.9d70326900dd981ab5d49063b0d644f0_aug_25aug20.jpg,Tomato_leaf_yellow_curl_virus,Tomato_leaf_yellow_curl_virus,0.9999979734420776,1,1.1537141799926758,7.843416213989258,0.16563034057617188,9.166407585144043
dataset/test/Tomato_leaf_yellow_curl_virus/TYLCV-tomate-DB-445-171_jpg.rf.9d70326900dd981ab5d49063b0d644f0_aug_26aug18.jpg,Tomato_leaf_yellow_curl_virus,Tomato_leaf_yellow_curl_virus,0.9999998807907104,1,1.1236953735351562,7.882250785827637,0.1619091033935547,9.170334815979004
dataset/test/Tomato_leaf_yellow_curl_virus/TYLCV-tomate-DB-445-171_jpg.rf.9d70326900dd981ab5d49063b0d644f0_aug_27aug29.jpg,Tomato_leaf_yellow_curl_virus,Tomato_leaf_yellow_curl_virus,0.9999997615814209,1,1.1465282440185547,7.930546760559082,0.14853858947753906,9.227835655212402
dataset/test/Tomato_leaf_yellow_curl_virus/TYLCV-tomate-DB-445-171_jpg.rf.9d70326900dd981ab5d49063b0d644f0aug3.jpg,Tomato_leaf_yellow_curl_virus,Tomato_leaf_yellow_curl_virus,1.0,1,1.0978422164916992,7.80087947845459,0.16248321533203125,9.0637788772583
dataset/test/Tomato_leaf_yellow_curl_virus/TYLCV4_jpg.rf.2e4accea501a220be9dc475dd1ca3121_aug_10aug22.jpg,Tomato_leaf_yellow_curl_virus,Tomato_leaf_yellow_curl_virus,1.0,1,1.232121467590332,7.6789703369140625,0.17077922821044922,9.085037231445312
dataset/test/Tomato_leaf_yellow_curl_virus/TYLCV4_jpg.rf.2e4accea501a220be9dc475dd1ca3121_aug_11aug44.jpg,Tomato_leaf_yellow_curl_virus,Tomato_leaf_yellow_curl_virus,1.0,1,1.1067314147949219,7.904508590698242,0.16255664825439453,9.176650047302246
dataset/test/Tomato_leaf_yellow_curl_virus/TYLCV4_jpg.rf.2e4accea501a220be9dc475dd1ca3121_aug_12aug39.jpg,Tomato_leaf_yellow_curl_virus,Tomato_leaf_yellow_curl_virus,1.0,1,1.1320648193359375,7.91867733001709,0.16109466552734375,9.21465015411377
dataset/test/Tomato_leaf_yellow_curl_virus/TYLCV4_jpg.rf.2e4accea501a220be9dc475dd1ca3121_aug_13aug35.jpg,Tomato_leaf_yellow_curl_virus,Tomato_leaf_yellow_curl_virus,1.0,1,1.0991945266723633,7.928955078125,0.16309356689453125,9.193798065185547
dataset/test/Tomato_leaf_yellow_curl_virus/TYLCV4_jpg.rf.2e4accea501a220be9dc475dd1ca3121_aug_7aug40.jpg,Tomato_leaf_yellow_curl_virus,Tomato_leaf_yellow_curl_virus,1.0,1,1.0967683792114258,7.842768669128418,0.16118717193603516,9.103240966796875
dataset/test/Tomato_leaf_yellow_curl_virus/TYLCV4_jpg.rf.2e4accea501a220be9dc475dd1ca3121_aug_8aug33.jpg,Tomato_leaf_yellow_curl_virus,Tomato_leaf_yellow_curl_virus,1.0,1,1.1365652084350586,7.906435966491699,0.1536874771118164,9.198908805847168
dataset/test/Tomato_leaf_yellow_curl_virus/TYLCV4_jpg.rf.2e4accea501a220be9dc475dd1ca3121_aug_9aug48.jpg,Tomato_leaf_yellow_curl_virus,Tomato_leaf_yellow_curl_virus,1.0,1,1.0740652084350586,7.784156799316406,0.16605663299560547,9.026870727539062
dataset/test/Tomato_leaf_yellow_curl_virus/TYLCV4_jpg.rf.2e4accea501a220be9dc475dd1ca3121aug1.jpg,Tomato_leaf_yellow_curl_virus,Tomato_leaf_yellow_curl_virus,1.0,1,1.2446212768554688,8.021732330322266,0.16863155364990234,9.437746047973633
dataset/test/Tomato_leaf_yellow_curl_virus/art_15017325188173_a24a66_aug_14aug36.jpg,Tomato_leaf_yellow_curl_virus,Tomato_leaf_yellow_curl_virus,0.9996863603591919,1,1.2693443298339844,7.994824409484863,0.1658172607421875,9.433040618896484
dataset/test/Tomato_leaf_yellow_curl_virus/art_15017325188173_a24a66_aug_15aug23.jpg,Tomato_leaf_yellow_curl_virus,Tomato_leaf_yellow_curl_virus,0.9997926354408264,1,1.1657514572143555,8.13347339630127,0.16622257232666016,9.468225479125977
dataset/test/Tomato_leaf_yellow_curl_virus/art_15017325188173_a24a66_aug_16aug34.jpg,Tomato_leaf_yellow_curl_virus,Tomato_leaf_yellow_curl_virus,0.9999982118606567,1,1.1515655517578125,8.222494125366211,0.1664276123046875,9.543357849121094
dataset/test/Tomato_leaf_yellow_curl_virus/art_15017325188173_a24a66_aug_17aug43.jpg,Tomato_leaf_yellow_curl_virus,Tomato_leaf_yellow_curl_virus,0.9999961853027344,1,1.2085657119750977,8.241844177246094,0.16757678985595703,9.621079444885254
dataset/test/Tomato_leaf_yellow_curl_virus/art_15017325188173_a24a66_aug_18aug47.jpg,Tomato_leaf_yellow_curl_virus,Tomato_leaf_yellow_curl_virus,0.9998520612716675,1,1.183603286743164,8.342883110046387,0.16551780700683594,9.695412635803223
dataset/test/Tomato_leaf_yellow_curl_virus/art_15017325188173_a24a66_aug_19aug25.jpg,Tomato_leaf_yellow_curl_virus,Tomato_leaf_yellow_curl_virus,0.9998948574066162,1,1.2222509384155273,8.168456077575684,0.16527938842773438,9.558690071105957
dataset/test/Tomato_leaf_yellow_curl_virus/art_15017325188173_a24a66_aug_20aug46.jpg,Tomato_leaf_yellow_curl_virus,Tomato_leaf_yellow_curl_virus,0.9999983310699463,1,1.1583051681518555,8.112251281738281,0.16585350036621094,9.43900203704834
dataset/test/Tomato_leaf_yellow_curl_virus/art_15017325188173_a24a66aug2.jpg,Tomato_leaf_yellow_curl_virus,Tomato_leaf_yellow_curl_virus,0.9998922348022461,1,1.1828804016113281,8.463809967041016,0.16561222076416016,9.815191268920898
dataset/test/Tomato_leaf_yellow_curl_virus/psyllid-yellows_jpg.rf.1d99aab2f43a840be530ce313eb0c0fd_aug_56aug57.jpg,Tomato_leaf_yellow_curl_virus,Tomato_leaf_yellow_curl_virus,1.0,1,1.1682319641113281,8.117401123046875,0.1650371551513672,9.45296573638916
dataset/test/Tomato_leaf_yellow_curl_virus/psyllid-yellows_jpg.rf.1d99aab2f43a840be530ce313eb0c0fd_aug_57aug84.jpg,Tomato_leaf_yellow_curl_virus,Tomato_leaf_yellow_curl_virus,1.0,1,1.1526765823364258,8.007492065429688,0.16429805755615234,9.327428817749023
dataset/test/Tomato_leaf_yellow_curl_virus/psyllid-yellows_jpg.rf.1d99aab2f43a840be530ce313eb0c0fd_aug_58aug52.jpg,Tomato_leaf_yellow_curl_virus,Tomato_leaf_yellow_curl_virus,1.0,1,1.110250473022461,8.125530242919922,0.15987300872802734,9.398466110229492
dataset/test/Tomato_leaf_yellow_curl_virus/psyllid-yellows_jpg.rf.1d99aab2f43a840be530ce313eb0c0fd_aug_59aug77.jpg,Tomato_leaf_yellow_curl_virus,Tomato_leaf_yellow_curl_virus,1.0,1,1.1701393127441406,7.7152299880981445,0.1620016098022461,9.050722122192383
dataset/test/Tomato_leaf_yellow_curl_virus/psyllid-yellows_jpg.rf.1d99aab2f43a840be530ce313eb0c0fd_aug_60aug86.jpg,Tomato_leaf_yellow_curl_virus,Tomato_leaf_yellow_curl_virus,0.9999998807907104,1,1.1269350051879883,7.847639083862305,0.16272449493408203,9.140704154968262
dataset/test/Tomato_leaf_yellow_curl_virus/psyllid-yellows_jpg.rf.1d99aab2f43a840be530ce313eb0c0fd_aug_61aug59.jpg,Tomato_leaf_yellow_curl_virus,Tomato_leaf_yellow_curl_virus,1.0,1,1.1179170608520508,8.269216537475586,0.16202068328857422,9.551745414733887
dataset/test/Tomato_leaf_yellow_curl_virus/psyllid-yellows_jpg.rf.1d99aab2f43a840be530ce313eb0c0fd_aug_62aug67.jpg,Tomato_leaf_yellow_curl_virus,Tomato_leaf_yellow_curl_virus,1.0,1,1.1459531784057617,7.970344543457031,0.16829872131347656,9.287446975708008
dataset/test/Tomato_leaf_yellow_curl_virus/psyllid-yellows_jpg.rf.1d99aab2f43a840be530ce313eb0c0fdaug8.jpg,Tomato_leaf_yellow_curl_virus,Tomato_leaf_yellow_curl_virus,0.9999996423721313,1,1.1408052444458008,7.929990768432617,0.16133403778076172,9.234872817993164
dataset/test/Tomato_leaf_yellow_curl_virus/tj5itxzunn3k_jpg.rf.4aeda27b2535578e718fe6279491d0d4_aug_49aug102.jpg,Tomato_leaf_yellow_curl_virus,Tomato_leaf_yellow_curl_virus,1.0,1,1.0525646209716797,7.864601135253906,0.16070556640625,9.080853462219238
dataset/test/Tomato_leaf_yellow_curl_virus/tj5itxzunn3k_jpg.rf.4aeda27b2535578e718fe6279491d0d4_aug_50aug109.jpg,Tomato_leaf_yellow_curl_virus,Tomato_leaf_yellow_curl_virus,1.0,1,1.0876569747924805,7.8994550704956055,0.1587228775024414,9.14842700958252
dataset/test/Tomato_leaf_yellow_curl_virus/tj5itxzunn3k_jpg.rf.4aeda27b2535578e718fe6279491d0d4_aug_51aug99.jpg,Tomato_leaf_yellow_curl_virus,Tomato_leaf_yellow_curl_virus,1.0,1,1.0457868576049805,7.976083755493164,0.15203857421875,9.175945281982422
dataset/test/Tomato_leaf_yellow_curl_virus/tj5itxzunn3k_jpg.rf.4aeda27b2535578e718fe6279491d0d4_aug_52aug103.jpg,Tomato_leaf_yellow_curl_virus,Tomato_leaf_yellow_curl_virus,1.0,1,1.0257492065429688,7.714303970336914,0.16274261474609375,8.905147552490234
dataset/test/Tomato_leaf_yellow_curl_virus/tj5itxzunn3k_jpg.rf.4aeda27b2535578e718fe6279491d0d4_aug_53aug100.jpg,Tomato_leaf_yellow_curl_virus,Tomato_leaf_yellow_curl_virus,1.0,1,1.1817131042480469,7.767693519592285,0.16953754425048828,9.122298240661621
dataset/test/Tomato_leaf_yellow_curl_virus/tj5itxzunn3k_jpg.rf.4aeda27b2535578e718fe6279491d0d4_aug_54aug106.jpg,Tomato_leaf_yellow_curl_virus,Tomato_leaf_yellow_curl_virus,1.0,1,1.1127309799194336,8.279086112976074,0.16540813446044922,9.560263633728027
dataset/test/Tomato_leaf_yellow_curl_virus/tj5itxzunn3k_jpg.rf.4aeda27b2535578e718fe6279491d0d4_aug_55aug107.jpg,Tomato_leaf_yellow_curl_virus,Tomato_leaf_yellow_curl_virus,1.0,1,1.0623979568481445,7.933287620544434,0.16470623016357422,9.163352966308594
dataset/test/Tomato_leaf_yellow_curl_virus/tj5itxzunn3k_jpg.rf.4aeda27b2535578e718fe6279491d0d4aug7.jpg,Tomato_leaf_yellow_curl_virus,Tomato_leaf_yellow_curl_virus,1.0,1,1.0697307586669922,7.998325347900391,0.16535377502441406,9.236334800720215
dataset/test/Tomato_leaf_yellow_curl_virus/tomato-yellow-closeup-3_aug_28aug16.jpg,Tomato_leaf_yellow_curl_virus,Tomato_leaf_yellow_curl_virus,0.497633695602417,1,1.1994361877441406,7.933195114135742,0.1634082794189453,9.298687934875488
dataset/test/Tomato_leaf_yellow_curl_virus/tomato-yellow-closeup-3_aug_29aug27.jpg,Tomato_leaf_yellow_curl_virus,Tomato_leaf_yellow_curl_virus,0.4000610113143921,1,1.1382503509521484,8.04030704498291,0.1632242202758789,9.344372749328613
dataset/test/Tomato_leaf_yellow_curl_virus/tomato-yellow-closeup-3_aug_30aug117.jpg,Tomato_leaf_yellow_curl_virus,Tomato_leaf_yellow_curl_virus,0.6164510250091553,1,1.1261205673217773,7.941398620605469,0.16350173950195312,9.233890533447266
dataset/test/Tomato_leaf_yellow_curl_virus/tomato-yellow-closeup-3_aug_31aug31.jpg,Tomato_leaf_yellow_curl_virus,Tomato_leaf_yellow_curl_virus,0.6544646620750427,1,1.160325050354004,8.011547088623047,0.16159439086914062,9.336244583129883
dataset/test/Tomato_leaf_yellow_curl_virus/tomato-yellow-closeup-3_aug_32aug115.jpg,Tomato_leaf_yellow_curl_virus,Tomato_leaf_yellow_curl_virus,0.5144484639167786,1,1.1293621063232422,7.984565734863281,0.15885353088378906,9.275224685668945
dataset/test/Tomato_leaf_yellow_curl_virus/tomato-yellow-closeup-3_aug_33aug116.jpg,Tomato_leaf_yellow_curl_virus,Tomato_Early_blight_leaf,0.43097788095474243,0,1.119156837463379,7.825139045715332,0.3158731460571289,9.263168334960938
dataset/test/Tomato_leaf_yellow_curl_virus/tomato-yellow-closeup-3_aug_34aug26.jpg,Tomato_leaf_yellow_curl_virus,Tomato_leaf_yellow_curl_virus,0.48384660482406616,1,1.1191577911376953,7.80302619934082,0.17790794372558594,9.103611946105957
dataset/test/Tomato_leaf_yellow_curl_virus/tomato-yellow-closeup-3aug4.jpg,Tomato_leaf_yellow_curl_virus,Tomato_leaf_yellow_curl_virus,0.9101321697235107,1,1.2545461654663086,8.100603103637695,0.17625999450683594,9.53406047821045
dataset/test/Tomato_leaf_yellow_curl_virus/tomato-yellow-leaf-curl-virus-tomato-1_aug_100aug92.jpg,Tomato_leaf_yellow_curl_virus,Tomato_leaf_yellow_curl_virus,0.9999997615814209,1,1.1829729080200195,8.243864059448242,0.16883468627929688,9.598616600036621
dataset/test/Tomato_leaf_yellow_curl_virus/tomato-yellow-leaf-curl-virus-tomato-1_aug_101aug95.jpg,Tomato_leaf_yellow_curl_virus,Tomato_leaf_yellow_curl_virus,0.9999326467514038,1,1.2015466690063477,8.310327529907227,0.16881656646728516,9.683357238769531
dataset/test/Tomato_leaf_yellow_curl_virus/tomato-yellow-leaf-curl-virus-tomato-1_aug_102aug88.jpg,Tomato_leaf_yellow_curl_virus,Tomato_leaf_yellow_curl_virus,1.0,1,1.1582326889038086,8.325494766235352,0.16922473907470703,9.655393600463867
dataset/test/Tomato_leaf_yellow_curl_virus/tomato-yellow-leaf-curl-virus-tomato-1_aug_103aug93.jpg,Tomato_leaf_yellow_curl_virus,Tomato_leaf_yellow_curl_virus,0.9993577599525452,1,1.2215290069580078,8.312790870666504,0.16761207580566406,9.705005645751953
dataset/test/Tomato_leaf_yellow_curl_virus/tomato-yellow-leaf-curl-virus-tomato-1_aug_98aug91.jpg,Tomato_leaf_yellow_curl_virus,Tomato_leaf_yellow_curl_virus,0.9999799728393555,1,1.1639909744262695,8.309328079223633,0.1676492691040039,9.643820762634277
dataset/test/Tomato_leaf_yellow_curl_virus/tomato-yellow-leaf-curl-virus-tomato-1_aug_99aug90.jpg,Tomato_leaf_yellow_curl_virus,Tomato_leaf_yellow_curl_virus,0.9999758005142212,1,1.174046516418457,8.2986421585083,0.20538997650146484,9.680505752563477
dataset/test/Tomato_leaf_yellow_curl_virus/tomato-yellow-leaf-curl-virus-tomato-1aug14.jpg,Tomato_leaf_yellow_curl_virus,Tomato_leaf_yellow_curl_virus,0.9999971389770508,1,1.1624174118041992,8.244772911071777,0.167816162109375,9.577818870544434
dataset/test/Tomato_leaf_yellow_curl_virus/tomatoyellowleafcurlcropped_aug_91aug55.jpg,Tomato_leaf_yellow_curl_virus,Tomato_leaf_yellow_curl_virus,1.0,1,1.154397964477539,8.308050155639648,0.16476154327392578,9.630043029785156
dataset/test/Tomato_leaf_yellow_curl_virus/tomatoyellowleafcurlcropped_aug_92aug89.jpg,Tomato_leaf_yellow_curl_virus,Tomato_leaf_yellow_curl_virus,1.0,1,1.1698799133300781,8.281956672668457,0.1605377197265625,9.615041732788086
dataset/test/Tomato_leaf_yellow_curl_virus/tomatoyellowleafcurlcropped_aug_93aug97.jpg,Tomato_leaf_yellow_curl_virus,Tomato_leaf_yellow_curl_virus,1.0,1,1.1295280456542969,8.009899139404297,0.17124271392822266,9.313780784606934
dataset/test/Tomato_leaf_yellow_curl_virus/tomatoyellowleafcurlcropped_aug_94aug50.jpg,Tomato_leaf_yellow_curl_virus,Tomato_leaf_yellow_curl_virus,1.0,1,1.2561216354370117,7.687952041625977,0.1633901596069336,9.109947204589844
dataset/test/Tomato_leaf_yellow_curl_virus/tomatoyellowleafcurlcropped_aug_95aug87.jpg,Tomato_leaf_yellow_curl_virus,Tomato_leaf_yellow_curl_virus,1.0,1,1.1556940078735352,7.855860710144043,0.16257476806640625,9.176779747009277
dataset/test/Tomato_leaf_yellow_curl_virus/tomatoyellowleafcurlcropped_aug_96aug96.jpg,Tomato_leaf_yellow_curl_virus,Tomato_leaf_yellow_curl_virus,1.0,1,1.0880460739135742,7.863861083984375,0.16318702697753906,9.117890357971191
dataset/test/Tomato_leaf_yellow_curl_virus/tomatoyellowleafcurlcropped_aug_97aug94.jpg,Tomato_leaf_yellow_curl_virus,Tomato_leaf_yellow_curl_virus,0.9999996423721313,1,1.1046390533447266,8.001380920410156,0.16457557678222656,9.273687362670898
dataset/test/Tomato_leaf_yellow_curl_virus/tomatoyellowleafcurlcroppedaug13.jpg,Tomato_leaf_yellow_curl_virus,Tomato_leaf_yellow_curl_virus,1.0,1,1.117527961730957,7.891195297241211,0.1588153839111328,9.17026138305664
dataset/test/Tomato_leaf_yellow_curl_virus/virus1_aug_0aug37.jpg,Tomato_leaf_yellow_curl_virus,Tomato_leaf_yellow_curl_virus,0.999943733215332,1,1.0774154663085938,7.863158226013184,0.1618337631225586,9.10537052154541
dataset/test/Tomato_leaf_yellow_curl_virus/virus1_aug_1aug21.jpg,Tomato_leaf_yellow_curl_virus,Tomato_leaf_yellow_curl_virus,0.9999986886978149,1,1.0653791427612305,7.841991424560547,0.16159343719482422,9.071648597717285
dataset/test/Tomato_leaf_yellow_curl_virus/virus1_aug_2aug24.jpg,Tomato_leaf_yellow_curl_virus,Tomato_leaf_yellow_curl_virus,0.9999983310699463,1,1.075693130493164,7.86000919342041,0.16401958465576172,9.102630615234375
dataset/test/Tomato_leaf_yellow_curl_virus/virus1_aug_3aug17.jpg,Tomato_leaf_yellow_curl_virus,Tomato_leaf_yellow_curl_virus,0.9999663829803467,1,1.0986194610595703,7.829730987548828,0.15024185180664062,9.081038475036621
dataset/test/Tomato_leaf_yellow_curl_virus/virus1_aug_4aug28.jpg,Tomato_leaf_yellow_curl_virus,Tomato_leaf_yellow_curl_virus,0.9999618530273438,1,1.0433788299560547,7.725193023681641,0.16561222076416016,8.93675708770752
dataset/test/Tomato_leaf_yellow_curl_virus/virus1_aug_5aug32.jpg,Tomato_leaf_yellow_curl_virus,Tomato_leaf_yellow_curl_virus,0.9999663829803467,1,1.1883792877197266,7.751047134399414,0.17244625091552734,9.11514949798584
dataset/test/Tomato_leaf_yellow_curl_virus/virus1_aug_6aug38.jpg,Tomato_leaf_yellow_curl_virus,Tomato_leaf_yellow_curl_virus,0.9995220899581909,1,1.1149358749389648,8.208085060119629,0.16820526123046875,9.493597030639648
dataset/test/Tomato_leaf_yellow_curl_virus/virus1aug0.jpg,Tomato_leaf_yellow_curl_virus,Tomato_leaf_yellow_curl_virus,0.9999901056289673,1,1.103379249572754,8.1220121383667,0.16481685638427734,9.39311408996582
dataset/test/Tomato_mold_leaf/IMG-20240724-WA0020_aug_68aug87.jpg,Tomato_mold_leaf,Tomato_mold_leaf,0.999956488609314,1,1.149916648864746,8.182680130004883,0.16576194763183594,9.501337051391602
dataset/test/Tomato_mold_leaf/IMG-20240724-WA0020_aug_69aug97.jpg,Tomato_mold_leaf,Tomato_mold_leaf,0.97856605052948,1,1.214935302734375,8.19993782043457,0.16689109802246094,9.584654808044434
dataset/test/Tomato_mold_leaf/IMG-20240724-WA0020_aug_70aug82.jpg,Tomato_mold_leaf,Tomato_mold_leaf,0.9878402352333069,1,1.1631383895874023,8.206585884094238,0.1679086685180664,9.540077209472656
dataset/test/Tomato_mold_leaf/IMG-20240724-WA0020_aug_71aug98.jpg,Tomato_mold_leaf,Tomato_mold_leaf,0.9998387098312378,1,1.1432504653930664,8.09597396850586,0.16483306884765625,9.40687370300293
dataset/test/Tomato_mold_leaf/IMG-20240724-WA0020aug17.jpg,Tomato_mold_leaf,Tomato_mold_leaf,0.9855980277061462,1,1.185175895690918,9.147965431213379,0.17124271392822266,10.50725269317627
dataset/test/Tomato_mold_leaf/IMG-20240724-WA0044_aug_10aug44.jpg,Tomato_mold_leaf,Tomato_mold_leaf,0.999704897403717,1,1.1338605880737305,7.958732604980469,0.16637229919433594,9.261612892150879
dataset/test/Tomato_mold_leaf/IMG-20240724-WA0044_aug_11aug49.jpg,Tomato_mold_leaf,Tomato_mold_leaf,0.999994158744812,1,1.272843360900879,8.797127723693848,0.17470455169677734,10.247991561889648
dataset/test/Tomato_mold_leaf/IMG-20240724-WA0044_aug_8aug35.jpg,Tomato_mold_leaf,Tomato_mold_leaf,0.9999617338180542,1,1.2526216506958008,8.015214920043945,0.16546344757080078,9.436115264892578
dataset/test/Tomato_mold_leaf/IMG-20240724-WA0044_aug_9aug41.jpg,Tomato_mold_leaf,Tomato_mold_leaf,0.9999794960021973,1,1.2782516479492188,8.999519348144531,0.16726112365722656,10.448067665100098
dataset/test/Tomato_mold_leaf/IMG-20240724-WA0044aug2.jpg,Tomato_mold_leaf,Tomato_mold_leaf,0.9999765157699585,1,1.2762327194213867,15.525312423706055,0.16829776763916016,16.97264003753662
dataset/test/Tomato_mold_leaf/IMG-20240724-WA0055_aug_28aug27.jpg,Tomato_mold_leaf,Tomato_mold_leaf,1.0,1,1.1615657806396484,12.186545372009277,0.19994544982910156,13.550870895385742
dataset/test/Tomato_mold_leaf/IMG-20240724-WA0055_aug_29aug28.jpg,Tomato_mold_leaf,Tomato_mold_leaf,0.9999959468841553,1,1.2453441619873047,8.443699836730957,0.16759395599365234,9.859136581420898
dataset/test/Tomato_mold_leaf/IMG-20240724-WA0055_aug_30aug43.jpg,Tomato_mold_leaf,Tomato_mold_leaf,0.999996542930603,1,1.1565828323364258,8.48503303527832,0.1698160171508789,9.814544677734375
dataset/test/Tomato_mold_leaf/IMG-20240724-WA0055_aug_31aug50.jpg,Tomato_mold_leaf,Tomato_mold_leaf,0.9999864101409912,1,1.198899269104004,8.294549942016602,0.16855716705322266,9.664709091186523
dataset/test/Tomato_mold_leaf/IMG-20240724-WA0055aug7.jpg,Tomato_mold_leaf,Tomato_mold_leaf,0.9999984502792358,1,1.1747684478759766,8.551681518554688,0.16933536529541016,9.898710250854492
dataset/test/Tomato_mold_leaf/IMG-20240724-WA0065_aug_80aug69.jpg,Tomato_mold_leaf,Tomato_mold_leaf,1.0,1,1.2375831604003906,8.316420555114746,0.17694473266601562,9.734729766845703
dataset/test/Tomato_mold_leaf/IMG-20240724-WA0065_aug_81aug70.jpg,Tomato_mold_leaf,Tomato_mold_leaf,0.9999995231628418,1,1.2057514190673828,8.38488483428955,0.16613101959228516,9.759561538696289
dataset/test/Tomato_mold_leaf/IMG-20240724-WA0065_aug_82aug66.jpg,Tomato_mold_leaf,Tomato_mold_leaf,0.9999998807907104,1,1.221658706665039,8.347235679626465,0.16770553588867188,9.739765167236328
dataset/test/Tomato_mold_leaf/IMG-20240724-WA0065_aug_83aug65.jpg,Tomato_mold_leaf,Tomato_mold_leaf,0.9999996423721313,1,1.129953384399414,8.020658493041992,0.1636676788330078,9.317392349243164
dataset/test/Tomato_mold_leaf/IMG-20240724-WA0065aug20.jpg,Tomato_mold_leaf,Tomato_mold_leaf,0.9999998807907104,1,1.1213064193725586,7.994658470153809,0.1641683578491211,9.282557487487793
dataset/test/Tomato_mold_leaf/IMG-20240725-WA0031_aug_0aug46.jpg,Tomato_mold_leaf,Tomato_mold_leaf,0.9992235898971558,1,1.1172685623168945,8.077436447143555,0.16264915466308594,9.360075950622559
dataset/test/Tomato_mold_leaf/IMG-20240725-WA0031_aug_1aug47.jpg,Tomato_mold_leaf,Tomato_mold_leaf,0.9992314577102661,1,1.0678987503051758,8.030695915222168,0.16341018676757812,9.264575958251953
dataset/test/Tomato_mold_leaf/IMG-20240725-WA0031_aug_2aug37.jpg,Tomato_mold_leaf,Tomato_mold_leaf,0.9992235898971558,1,1.0872859954833984,8.085881233215332,0.1621866226196289,9.337780952453613
dataset/test/Tomato_mold_leaf/IMG-20240725-WA0031_aug_3aug45.jpg,Tomato_mold_leaf,Tomato_mold_leaf,0.9993736147880554,1,1.0868606567382812,8.002453804016113,0.15772438049316406,9.249464988708496
dataset/test/Tomato_mold_leaf/IMG-20240725-WA0031aug0.jpg,Tomato_mold_leaf,Tomato_mold_leaf,0.9859921336174011,1,1.0773611068725586,7.849323272705078,0.17142677307128906,9.101353645324707
dataset/test/Tomato_mold_leaf/IMG-20240725-WA0039_aug_72aug79.jpg,Tomato_mold_leaf,Tomato_mold_leaf,1.0,1,1.2225093841552734,7.7831010818481445,0.16351985931396484,9.171629905700684
dataset/test/Tomato_mold_leaf/IMG-20240725-WA0039_aug_73aug95.jpg,Tomato_mold_leaf,Tomato_mold_leaf,0.9999998807907104,1,1.087601661682129,8.179011344909668,0.24559497833251953,9.515336990356445
dataset/test/Tomato_mold_leaf/IMG-20240725-WA0039_aug_74aug71.jpg,Tomato_mold_leaf,Tomato_mold_leaf,1.0,1,1.0962677001953125,8.101325988769531,0.16090869903564453,9.361818313598633
dataset/test/Tomato_mold_leaf/IMG-20240725-WA0039_aug_75aug80.jpg,Tomato_mold_leaf,Tomato_mold_leaf,0.9999998807907104,1,1.0818443298339844,8.153437614440918,0.1646871566772461,9.403059005737305
dataset/test/Tomato_mold_leaf/IMG-20240725-WA0039aug18.jpg,Tomato_mold_leaf,Tomato_mold_leaf,1.0,1,1.1306581497192383,8.143326759338379,0.16646385192871094,9.443391799926758
dataset/test/Tomato_mold_leaf/IMG-20240727-WA0038_aug_40aug105.jpg,Tomato_mold_leaf,Tomato_mold_leaf,0.9999890327453613,1,1.3073444366455078,8.346235275268555,0.16363048553466797,9.819988250732422
dataset/test/Tomato_mold_leaf/IMG-20240727-WA0038_aug_41aug106.jpg,Tomato_mold_leaf,Tomato_mold_leaf,0.9999922513961792,1,1.1130828857421875,9.133390426635742,0.17227840423583984,10.421605110168457
dataset/test/Tomato_mold_leaf/IMG-20240727-WA0038_aug_42aug116.jpg,Tomato_mold_leaf,Tomato_mold_leaf,0.9999996423721313,1,1.1021575927734375,8.288122177124023,0.1654653549194336,9.558448791503906
dataset/test/Tomato_mold_leaf/IMG-20240727-WA0038_aug_43aug110.jpg,Tomato_mold_leaf,Tomato_mold_leaf,0.9999865293502808,1,1.1282682418823242,8.124381065368652,0.16466808319091797,9.420169830322266
dataset/test/Tomato_mold_leaf/IMG-20240727-WA0038aug10.jpg,Tomato_mold_leaf,Tomato_mold_leaf,0.9999991655349731,1,1.1446752548217773,8.171086311340332,0.16205692291259766,9.48057746887207
dataset/test/Tomato_mold_leaf/IMG-20240727-WA0040_aug_56aug92.jpg,Tomato_mold_leaf,Tomato_mold_leaf,0.9998984336853027,1,1.0892868041992188,8.134215354919434,0.15640926361083984,9.382298469543457
dataset/test/Tomato_mold_leaf/IMG-20240727-WA0040_aug_57aug83.jpg,Tomato_mold_leaf,Tomato_mold_leaf,0.9999679327011108,1,1.0924921035766602,7.9766950607299805,0.16407489776611328,9.235910415649414
dataset/test/Tomato_mold_leaf/IMG-20240727-WA0040_aug_58aug77.jpg,Tomato_mold_leaf,Tomato_mold_leaf,0.9997709393501282,1,1.240157127380371,7.960102081298828,0.16488933563232422,9.368041038513184
dataset/test/Tomato_mold_leaf/IMG-20240727-WA0040_aug_59aug94.jpg,Tomato_mold_leaf,Tomato_mold_leaf,0.9999288320541382,1,1.1441936492919922,8.063362121582031,0.16185283660888672,9.372428894042969
dataset/test/Tomato_mold_leaf/IMG-20240727-WA0040aug14.jpg,Tomato_mold_leaf,Tomato_mold_leaf,0.9999713897705078,1,1.0737876892089844,7.8249711990356445,0.16624164581298828,9.068500518798828
dataset/test/Tomato_mold_leaf/IMG-20240727-WA0124_aug_20aug54.jpg,Tomato_mold_leaf,Tomato_mold_leaf,0.9999953508377075,1,1.1155462265014648,7.920046806335449,0.16351985931396484,9.201744079589844
dataset/test/Tomato_mold_leaf/IMG-20240727-WA0124_aug_21aug38.jpg,Tomato_mold_leaf,Tomato_mold_leaf,0.9999740123748779,1,1.0952320098876953,7.951084136962891,0.16137218475341797,9.210594177246094
dataset/test/Tomato_mold_leaf/IMG-20240727-WA0124_aug_22aug31.jpg,Tomato_mold_leaf,Tomato_mold_leaf,0.9999505281448364,1,1.094101905822754,7.933380126953125,0.15981578826904297,9.189964294433594
dataset/test/Tomato_mold_leaf/IMG-20240727-WA0124_aug_23aug55.jpg,Tomato_mold_leaf,Tomato_mold_leaf,0.9999750852584839,1,1.129990577697754,8.040122985839844,0.16250038146972656,9.335040092468262
dataset/test/Tomato_mold_leaf/IMG-20240727-WA0124aug5.jpg,Tomato_mold_leaf,Tomato_mold_leaf,0.9999995231628418,1,1.078639030456543,8.17665958404541,0.16068649291992188,9.418614387512207
dataset/test/Tomato_mold_leaf/IMG-20240727-WA0153_aug_92aug58.jpg,Tomato_mold_leaf,Tomato_mold_leaf,0.9999995231628418,1,1.062342643737793,7.970028877258301,0.15961170196533203,9.194427490234375
dataset/test/Tomato_mold_leaf/IMG-20240727-WA0153_aug_93aug60.jpg,Tomato_mold_leaf,Tomato_mold_leaf,0.999980092048645,1,1.1007862091064453,7.876898765563965,0.14903831481933594,9.128575325012207
dataset/test/Tomato_mold_leaf/IMG-20240727-WA0153aug23.jpg,Tomato_mold_leaf,Tomato_mold_leaf,0.9999938011169434,1,1.0355815887451172,7.666267395019531,0.16033458709716797,8.864609718322754
dataset/test/Tomato_mold_leaf/IMG-20240727-WA0165aug25.jpg,Tomato_mold_leaf,Tomato_mold_leaf,0.9999991655349731,1,1.1729917526245117,7.718527793884277,0.1630392074584961,9.057241439819336
dataset/test/Tomato_mold_leaf/IMG-20240728-WA0028_aug_64aug91.jpg,Tomato_mold_leaf,Tomato_mold_leaf,1.0,1,1.0605278015136719,7.859675407409668,0.16570472717285156,9.088852882385254
dataset/test/Tomato_mold_leaf/IMG-20240728-WA0028_aug_65aug86.jpg,Tomato_mold_leaf,Tomato_mold_leaf,1.0,1,1.1206188201904297,8.209606170654297,0.16627883911132812,9.499319076538086
dataset/test/Tomato_mold_leaf/IMG-20240728-WA0028_aug_66aug78.jpg,Tomato_mold_leaf,Tomato_mold_leaf,1.0,1,1.0748605728149414,8.170048713684082,0.16314983367919922,9.411392211914062
dataset/test/Tomato_mold_leaf/IMG-20240728-WA0028_aug_67aug99.jpg,Tomato_mold_leaf,Tomato_mold_leaf,1.0,1,1.0948972702026367,8.210104942321777,0.16463184356689453,9.472060203552246
dataset/test/Tomato_mold_leaf/IMG-20240728-WA0028aug16.jpg,Tomato_mold_leaf,Tomato_mold_leaf,1.0,1,1.1063785552978516,8.165531158447266,0.1627054214477539,9.437596321105957
dataset/test/Tomato_mold_leaf/IMG-20240728-WA0068_aug_12aug29.jpg,Tomato_mold_leaf,Tomato_mold_leaf,1.0,1,1.102621078491211,8.338642120361328,0.193389892578125,9.63735580444336
dataset/test/Tomato_mold_leaf/IMG-20240728-WA0068_aug_13aug30.jpg,Tomato_mold_leaf,Tomato_mold_leaf,1.0,1,1.1008052825927734,8.003270149230957,0.16541004180908203,9.27205753326416
dataset/test/Tomato_mold_leaf/IMG-20240728-WA0068_aug_14aug56.jpg,Tomato_mold_leaf,Tomato_mold_leaf,0.9999998807907104,1,1.222102165222168,8.02206802368164,0.17079734802246094,9.418428421020508
dataset/test/Tomato_mold_leaf/IMG-20240728-WA0068_aug_15aug42.jpg,Tomato_mold_leaf,Tomato_mold_leaf,1.0,1,1.220473289489746,7.92201042175293,0.16420459747314453,9.309557914733887
dataset/test/Tomato_mold_leaf/IMG-20240728-WA0068aug3.jpg,Tomato_mold_leaf,Tomato_mold_leaf,1.0,1,1.141214370727539,8.179086685180664,0.17161178588867188,9.495282173156738
dataset/test/Tomato_mold_leaf/IMG-20240728-WA0074_aug_44aug102.jpg,Tomato_mold_leaf,Tomato_mold_leaf,1.0,1,1.116694450378418,8.424661636352539,0.16526031494140625,9.70907974243164
dataset/test/Tomato_mold_leaf/IMG-20240728-WA0074_aug_45aug75.jpg,Tomato_mold_leaf,Tomato_mold_leaf,1.0,1,1.1269912719726562,8.061640739440918,0.1645946502685547,9.356077194213867
dataset/test/Tomato_mold_leaf/IMG-20240728-WA0074_aug_46aug89.jpg,Tomato_mold_leaf,Tomato_mold_leaf,0.9999992847442627,1,1.1308412551879883,7.961009979248047,0.16831684112548828,9.263463973999023
dataset/test/Tomato_mold_leaf/IMG-20240728-WA0074_aug_47aug111.jpg,Tomato_mold_leaf,Tomato_mold_leaf,1.0,1,1.1149520874023438,8.024991989135742,0.16663074493408203,9.309039115905762
dataset/test/Tomato_mold_leaf/IMG-20240728-WA0074aug11.jpg,Tomato_mold_leaf,Tomato_mold_leaf,0.9999978542327881,1,1.1041584014892578,8.060881614685059,0.16931724548339844,9.33700180053711
dataset/test/Tomato_mold_leaf/IMG-20240728-WA0075aug24.jpg,Tomato_mold_leaf,Tomato_mold_leaf,1.0,1,1.1260833740234375,8.053010940551758,0.1619272232055664,9.34372615814209
dataset/test/Tomato_mold_leaf/IMG-20240728-WA0087_aug_32aug113.jpg,Tomato_mold_leaf,Tomato_mold_leaf,0.9999947547912598,1,1.116917610168457,7.986435890197754,0.1607046127319336,9.266595840454102
dataset/test/Tomato_mold_leaf/IMG-20240728-WA0087_aug_33aug112.jpg,Tomato_mold_leaf,Tomato_mold_leaf,1.0,1,1.1138057708740234,8.055085182189941,0.1538715362548828,9.325502395629883
dataset/test/Tomato_mold_leaf/IMG-20240728-WA0087_aug_34aug104.jpg,Tomato_mold_leaf,Tomato_mold_leaf,0.9999678134918213,1,1.1269168853759766,7.807028770446777,0.16316795349121094,9.099760055541992
dataset/test/Tomato_mold_leaf/IMG-20240728-WA0087_aug_35aug100.jpg,Tomato_mold_leaf,Tomato_mold_leaf,1.0,1,1.212306022644043,8.051621437072754,0.16190814971923828,9.428448677062988
dataset/test/Tomato_mold_leaf/IMG-20240728-WA0087aug8.jpg,Tomato_mold_leaf,Tomato_mold_leaf,0.9999901056289673,1,1.2253808975219727,7.784008979797363,0.16172409057617188,9.17416763305664
dataset/test/Tomato_mold_leaf/IMG-20240728-WA0093_aug_76aug90.jpg,Tomato_mold_leaf,Tomato_mold_leaf,1.0,1,1.1077136993408203,8.012862205505371,0.1637420654296875,9.287557601928711
dataset/test/Tomato_mold_leaf/IMG-20240728-WA0093_aug_77aug68.jpg,Tomato_mold_leaf,Tomato_mold_leaf,1.0,1,1.0603981018066406,8.19478988647461,0.16611289978027344,9.424300193786621
dataset/test/Tomato_mold_leaf/IMG-20240728-WA0093_aug_78aug93.jpg,Tomato_mold_leaf,Tomato_mold_leaf,1.0,1,1.098897933959961,8.335661888122559,0.1661853790283203,9.603541374206543
dataset/test/Tomato_mold_leaf/IMG-20240728-WA0093_aug_79aug64.jpg,Tomato_mold_leaf,Tomato_mold_leaf,1.0,1,1.1227130889892578,8.51464557647705,0.16553783416748047,9.805617332458496
dataset/test/Tomato_mold_leaf/IMG-20240728-WA0093aug19.jpg,Tomato_mold_leaf,Tomato_mold_leaf,1.0,1,1.1604909896850586,8.305456161499023,0.16822433471679688,9.636966705322266
dataset/test/Tomato_mold_leaf/IMG-20240728-WA0101_aug_84aug73.jpg,Tomato_mold_leaf,Tomato_mold_leaf,0.9999971389770508,1,1.1851396560668945,8.303790092468262,0.15894603729248047,9.650635719299316
dataset/test/Tomato_mold_leaf/IMG-20240728-WA0101_aug_85aug72.jpg,Tomato_mold_leaf,Tomato_mold_leaf,1.0,1,1.1301021575927734,8.124269485473633,0.16648292541503906,9.423521041870117
dataset/test/Tomato_mold_leaf/IMG-20240728-WA0101_aug_86aug67.jpg,Tomato_mold_leaf,Tomato_mold_leaf,0.9999997615814209,1,1.2511215209960938,8.114603996276855,0.16872406005859375,9.537763595581055
dataset/test/Tomato_mold_leaf/IMG-20240728-WA0101_aug_87aug74.jpg,Tomato_mold_leaf,Tomato_mold_leaf,0.9999991655349731,1,1.2800483703613281,8.16795539855957,0.16596508026123047,9.616820335388184
dataset/test/Tomato_mold_leaf/IMG-20240728-WA0101aug21.jpg,Tomato_mold_leaf,Tomato_mold_leaf,0.9999996423721313,1,1.1383237838745117,8.217864036560059,0.16700077056884766,9.526299476623535
dataset/test/Tomato_mold_leaf/IMG-20240728-WA0103_aug_48aug107.jpg,Tomato_mold_leaf,Tomato_mold_leaf,0.9999778270721436,1,1.1809921264648438,8.260326385498047,0.16644573211669922,9.610837936401367
dataset/test/Tomato_mold_leaf/IMG-20240728-WA0103_aug_49aug76.jpg,Tomato_mold_leaf,Tomato_mold_leaf,0.9999998807907104,1,1.1479902267456055,8.339142799377441,0.16639041900634766,9.656208992004395
dataset/test/Tomato_mold_leaf/IMG-20240728-WA0103_aug_50aug114.jpg,Tomato_mold_leaf,Tomato_mold_leaf,1.0,1,1.1602325439453125,8.304920196533203,0.16848278045654297,9.636524200439453
dataset/test/Tomato_mold_leaf/IMG-20240728-WA0103_aug_51aug84.jpg,Tomato_mold_leaf,Tomato_mold_leaf,0.9999996423721313,1,1.181990623474121,8.485219955444336,0.16813182830810547,9.838081359863281
dataset/test/Tomato_mold_leaf/IMG-20240728-WA0103aug12.jpg,Tomato_mold_leaf,Tomato_mold_leaf,0.9999995231628418,1,1.161508560180664,8.337902069091797,0.1680755615234375,9.670171737670898
dataset/test/Tomato_mold_leaf/IMG-20240812-WA0183_aug_88aug59.jpg,Tomato_mold_leaf,Tomato_Septoria_leaf_spot,0.9529524445533752,0,1.152176856994629,8.302494049072266,0.17459392547607422,9.632099151611328
dataset/test/Tomato_mold_leaf/IMG-20240812-WA0183_aug_89aug61.jpg,Tomato_mold_leaf,Tomato_Septoria_leaf_spot,0.6904019117355347,0,1.1427135467529297,8.338956832885742,0.16748332977294922,9.65167236328125
dataset/test/Tomato_mold_leaf/IMG-20240812-WA0183_aug_90aug63.jpg,Tomato_mold_leaf,Tomato_leaf_late_blight,0.8491825461387634,0,1.1183805465698242,8.239697456359863,0.19848251342773438,9.559301376342773
dataset/test/Tomato_mold_leaf/IMG-20240812-WA0183_aug_91aug62.jpg,Tomato_mold_leaf,Tomato_Septoria_leaf_spot,0.9744238257408142,0,1.1289911270141602,8.298882484436035,0.16891002655029297,9.599467277526855
dataset/test/Tomato_mold_leaf/IMG-20240812-WA0183aug22.jpg,Tomato_mold_leaf,Tomato_Early_blight_leaf,0.8765153884887695,0,1.1662893295288086,8.270808219909668,0.16583538055419922,9.605413436889648
dataset/test/Tomato_mold_leaf/IMG_20251102_155435_aug_24aug39.jpg,Tomato_mold_leaf,Tomato_Early_blight_leaf,0.9805846810340881,0,1.1577129364013672,8.342826843261719,0.1652050018310547,9.66861629486084
dataset/test/Tomato_mold_leaf/IMG_20251102_155435_aug_25aug51.jpg,Tomato_mold_leaf,Tomato_Early_blight_leaf,0.9516929388046265,0,1.124063491821289,8.261141777038574,0.16274261474609375,9.550559997558594
dataset/test/Tomato_mold_leaf/IMG_20251102_155435_aug_26aug26.jpg,Tomato_mold_leaf,Tomato_Early_blight_leaf,0.8960340619087219,0,1.1017875671386719,8.045880317687988,0.15563011169433594,9.305797576904297
dataset/test/Tomato_mold_leaf/IMG_20251102_155435_aug_27aug52.jpg,Tomato_mold_leaf,Tomato_Early_blight_leaf,0.9974489808082581,0,1.0771007537841797,7.776101112365723,0.16335391998291016,9.01901912689209
dataset/test/Tomato_mold_leaf/IMG_20251102_155435aug6.jpg,Tomato_mold_leaf,Tomato_Early_blight_leaf,0.9945939183235168,0,1.187861442565918,7.857879638671875,0.1701669692993164,9.21922492980957
dataset/test/Tomato_mold_leaf/Leaf+mold+tomato+_25283_2529.JPG_aug_36aug118.jpg,Tomato_mold_leaf,Tomato_mold_leaf,0.9876182079315186,1,1.1984357833862305,8.015361785888672,0.1629638671875,9.37942886352539
dataset/test/Tomato_mold_leaf/Leaf+mold+tomato+_25283_2529.JPG_aug_37aug117.jpg,Tomato_mold_leaf,Tomato_mold_leaf,0.9848787188529968,1,1.155806541442871,8.030898094177246,0.16594409942626953,9.355317115783691
dataset/test/Tomato_mold_leaf/Leaf+mold+tomato+_25283_2529.JPG_aug_38aug119.jpg,Tomato_mold_leaf,Tomato_mold_leaf,0.99488765001297,1,1.1415090560913086,8.060195922851562,0.16213130950927734,9.366613388061523
dataset/test/Tomato_mold_leaf/Leaf+mold+tomato+_25283_2529.JPG_aug_39aug103.jpg,Tomato_mold_leaf,Tomato_mold_leaf,0.851561427116394,1,1.1554536819458008,8.01469612121582,0.16414928436279297,9.337206840515137
dataset/test/Tomato_mold_leaf/Leaf+mold+tomato+_25283_2529.JPGaug9.jpg,Tomato_mold_leaf,Tomato_mold_leaf,0.5769065618515015,1,1.1471939086914062,7.975214004516602,0.1638355255126953,9.289077758789062
dataset/test/Tomato_mold_leaf/Leaf-mold-caused-by-the-fungal-pathogen-Passalore-fulva-in-tomatoes_aug_16aug33.jpg,Tomato_mold_leaf,Tomato_Early_blight_leaf,0.788676917552948,0,1.0781383514404297,8.020362854003906,0.16229820251464844,9.263928413391113
dataset/test/Tomato_mold_leaf/Leaf-mold-caused-by-the-fungal-pathogen-Passalore-fulva-in-tomatoes_aug_17aug57.jpg,Tomato_mold_leaf,Tomato_Septoria_leaf_spot,0.6974570751190186,0,1.0719356536865234,7.961306571960449,0.16068649291992188,9.197391510009766
dataset/test/Tomato_mold_leaf/Leaf-mold-caused-by-the-fungal-pathogen-Passalore-fulva-in-tomatoes_aug_18aug32.jpg,Tomato_mold_leaf,Tomato_Healthy_leaf,0.8100185394287109,0,1.1171016693115234,8.033344268798828,0.16405677795410156,9.317151069641113
dataset/test/Tomato_mold_leaf/Leaf-mold-caused-by-the-fungal-pathogen-Passalore-fulva-in-tomatoes_aug_19aug53.jpg,Tomato_mold_leaf,Tomato_Early_blight_leaf,0.7462347745895386,0,1.0683050155639648,7.954453468322754,0.15850067138671875,9.183945655822754
dataset/test/Tomato_mold_leaf/Leaf-mold-caused-by-the-fungal-pathogen-Passalore-fulva-in-tomatoesaug4.jpg,Tomato_mold_leaf,Tomato_mold_leaf,0.8092113733291626,1,1.0662498474121094,7.8278045654296875,0.1633901596069336,9.060035705566406
dataset/test/Tomato_mold_leaf/leaf_mold_nightshade2x500_aug_60aug81.jpg,Tomato_mold_leaf,Tomato_mold_leaf,0.9999765157699585,1,1.1517887115478516,8.039956092834473,0.16344547271728516,9.357892036437988
dataset/test/Tomato_mold_leaf/leaf_mold_nightshade2x500_aug_61aug96.jpg,Tomato_mold_leaf,Tomato_mold_leaf,1.0,1,1.080953598022461,8.045936584472656,0.16248321533203125,9.29183578491211
dataset/test/Tomato_mold_leaf/leaf_mold_nightshade2x500_aug_62aug85.jpg,Tomato_mold_leaf,Tomato_mold_leaf,0.9999796152114868,1,1.0728979110717773,8.051011085510254,0.16013050079345703,9.28642749786377
dataset/test/Tomato_mold_leaf/leaf_mold_nightshade2x500_aug_63aug88.jpg,Tomato_mold_leaf,Tomato_mold_leaf,1.0,1,1.1736774444580078,8.61233139038086,0.16172409057617188,9.950359344482422
dataset/test/Tomato_mold_leaf/leaf_mold_nightshade2x500aug15.jpg,Tomato_mold_leaf,Tomato_mold_leaf,1.0,1,1.0993986129760742,8.043213844299316,0.15933513641357422,9.304502487182617
dataset/test/Tomato_mold_leaf/leaf_mold_tomato5x1200_jpg.rf.0a5ee47c78e753f9580bfb7744438ebf_aug_52aug101.jpg,Tomato_mold_leaf,Tomato_mold_leaf,1.0,1,1.1037683486938477,7.947602272033691,0.14972400665283203,9.20361328125
dataset/test/Tomato_mold_leaf/leaf_mold_tomato5x1200_jpg.rf.0a5ee47c78e753f9580bfb7744438ebf_aug_53aug108.jpg,Tomato_mold_leaf,Tomato_mold_leaf,1.0,1,1.0962495803833008,9.426318168640137,0.15613079071044922,10.680994987487793
dataset/test/Tomato_mold_leaf/leaf_mold_tomato5x1200_jpg.rf.0a5ee47c78e753f9580bfb7744438ebf_aug_54aug115.jpg,Tomato_mold_leaf,Tomato_mold_leaf,1.0,1,1.078211784362793,7.827138900756836,0.16370487213134766,9.071463584899902
dataset/test/Tomato_mold_leaf/leaf_mold_tomato5x1200_jpg.rf.0a5ee47c78e753f9580bfb7744438ebf_aug_55aug109.jpg,Tomato_mold_leaf,Tomato_mold_leaf,1.0,1,1.2523078918457031,13.405406951904297,0.16653728485107422,14.827306747436523
dataset/test/Tomato_mold_leaf/leaf_mold_tomato5x1200_jpg.rf.0a5ee47c78e753f9580bfb7744438ebfaug13.jpg,Tomato_mold_leaf,Tomato_mold_leaf,1.0,1,1.1183242797851562,18.96722984313965,0.18690967559814453,20.275612831115723
dataset/test/Tomato_mold_leaf/tomato_leaf-mold_04_zoom_aug_4aug36.jpg,Tomato_mold_leaf,Tomato_leaf_late_blight,0.8433550596237183,0,1.267251968383789,8.285568237304688,0.2102060317993164,9.766525268554688
dataset/test/Tomato_mold_leaf/tomato_leaf-mold_04_zoom_aug_5aug48.jpg,Tomato_mold_leaf,Tomato_leaf_late_blight,0.939863383769989,0,1.1692314147949219,8.267624855041504,0.16439056396484375,9.603801727294922
dataset/test/Tomato_mold_leaf/tomato_leaf-mold_04_zoom_aug_6aug40.jpg,Tomato_mold_leaf,Tomato_leaf_late_blight,0.8646414875984192,0,1.1238975524902344,8.190049171447754,0.16618633270263672,9.48298454284668
dataset/test/Tomato_mold_leaf/tomato_leaf-mold_04_zoom_aug_7aug34.jpg,Tomato_mold_leaf,Tomato_leaf_late_blight,0.5161799192428589,0,1.195694923400879,8.417031288146973,0.16283512115478516,9.778376579284668
dataset/test/Tomato_mold_leaf/tomato_leaf-mold_04_zoomaug1.jpg,Tomato_mold_leaf,Tomato_leaf_late_blight,0.7518438696861267,0,1.114304542541504,8.21684455871582,0.16455745697021484,9.498855590820312
