image_path,true_class,predicted_class,confidence,correct,preprocess_ms,inference_ms,postprocess_ms,total_pipeline_ms
dataset/test/Tomato_Early_blight_leaf/100_46341_aug_5aug62.jpg,Tomato_Early_blight_leaf,Tomato_Early_blight_leaf,0.9970990419387817,1,1.2287302017211914,8.303254127502441,0.2816505432128906,9.818283081054688
dataset/test/Tomato_Early_blight_leaf/100_46341_aug_6aug64.jpg,Tomato_Early_blight_leaf,Tomato_Early_blight_leaf,0.9639573097229004,1,1.1780996322631836,8.199716567993164,0.2163524627685547,9.597448348999023
dataset/test/Tomato_Early_blight_leaf/100_46341_aug_7aug57.jpg,Tomato_Early_blight_leaf,Tomato_Early_blight_leaf,0.9639573097229004,1,1.1782474517822266,8.212386131286621,0.1901874542236328,9.583578109741211
dataset/test/Tomato_Early_blight_leaf/100_46341_aug_8aug66.jpg,Tomato_Early_blight_leaf,Tomato_Early_blight_leaf,0.9602023363113403,1,1.2824716567993164,8.249773979187012,0.19183349609375,9.726653099060059
dataset/test/Tomato_Early_blight_leaf/100_46341_aug_9aug65.jpg,Tomato_Early_blight_leaf,Tomato_Early_blight_leaf,0.9877124428749084,1,1.2203235626220703,8.168771743774414,0.2049093246459961,9.596893310546875
dataset/test/Tomato_Early_blight_leaf/100_46341aug1.jpg,Tomato_Early_blight_leaf,Tomato_Early_blight_leaf,0.973018229007721,1,1.2733039855957031,8.216050148010254,0.18796443939208984,9.679948806762695
dataset/test/Tomato_Early_blight_leaf/1723454500663_aug_20aug39.jpg,Tomato_Early_blight_leaf,Tomato_Early_blight_leaf,0.9992565512657166,1,1.1414880752563477,8.259827613830566,0.18518543243408203,9.58907699584961
dataset/test/Tomato_Early_blight_leaf/1723454500663_aug_21aug35.jpg,Tomato_Early_blight_leaf,Tomato_Early_blight_leaf,0.9945853352546692,1,1.1348028182983398,8.156976699829102,0.17802047729492188,9.472650527954102
dataset/test/Tomato_Early_blight_leaf/1723454500663_aug_22aug51.jpg,Tomato_Early_blight_leaf,Tomato_Early_blight_leaf,0.9990862607955933,1,1.1293020248413086,7.9947710037231445,0.17948150634765625,9.306669235229492
dataset/test/Tomato_Early_blight_leaf/1723454500663_aug_23aug33.jpg,Tomato_Early_blight_leaf,Tomato_Early_blight_leaf,0.9992565512657166,1,1.2458410263061523,7.98192024230957,0.1732797622680664,9.404260635375977
dataset/test/Tomato_Early_blight_leaf/1723454500663_aug_24aug50.jpg,Tomato_Early_blight_leaf,Tomato_Early_blight_leaf,0.9982650876045227,1,1.146285057067871,8.150847434997559,0.21570491790771484,9.515836715698242
dataset/test/Tomato_Early_blight_leaf/1723454500663aug4.jpg,Tomato_Early_blight_leaf,Tomato_Early_blight_leaf,0.9981673955917358,1,1.1446733474731445,8.165197372436523,0.17957401275634766,9.492612838745117
dataset/test/Tomato_Early_blight_leaf/1723454507240aug20.jpg,Tomato_Early_blight_leaf,Tomato_Septoria_leaf_spot,0.4482438862323761,0,1.1555814743041992,8.172587394714355,0.17376041412353516,9.504670143127441
dataset/test/Tomato_Early_blight_leaf/EB_(981)_aug_65aug107.jpg,Tomato_Early_blight_leaf,Tomato_Early_blight_leaf,0.986940324306488,1,1.2114524841308594,8.211736679077148,0.17342662811279297,9.599096298217773
dataset/test/Tomato_Early_blight_leaf/EB_(981)_aug_66aug102.jpg,Tomato_Early_blight_leaf,Tomato_Early_blight_leaf,0.9438585638999939,1,1.1911916732788086,8.221014022827148,0.17327880859375,9.588431358337402
dataset/test/Tomato_Early_blight_leaf/EB_(981)_aug_67aug101.jpg,Tomato_Early_blight_leaf,Tomato_Early_blight_leaf,0.625056266784668,1,1.1557483673095703,8.168994903564453,0.17668628692626953,9.504612922668457
dataset/test/Tomato_Early_blight_leaf/EB_(981)_aug_68aug95.jpg,Tomato_Early_blight_leaf,Tomato_Early_blight_leaf,0.714441180229187,1,1.2096185684204102,8.221346855163574,0.17455673217773438,9.608429908752441
dataset/test/Tomato_Early_blight_leaf/EB_(981)_aug_69aug97.jpg,Tomato_Early_blight_leaf,Tomato_leaf_late_blight,0.8580523133277893,0,1.1680984497070312,8.341958045959473,0.17601966857910156,9.688874244689941
dataset/test/Tomato_Early_blight_leaf/EB_(981)aug13.jpg,Tomato_Early_blight_leaf,Tomato_Early_blight_leaf,0.34172317385673523,1,1.2030458450317383,8.231736183166504,0.17875957489013672,9.61672592163086
dataset/test/Tomato_Early_blight_leaf/Early-blight-660x440_aug_0aug61.jpg,Tomato_Early_blight_leaf,Tomato_Early_blight_leaf,0.9624534845352173,1,1.1527109146118164,8.20634651184082,0.1719818115234375,9.53372573852539
dataset/test/Tomato_Early_blight_leaf/Early-blight-660x440_aug_1aug59.jpg,Tomato_Early_blight_leaf,Tomato_Early_blight_leaf,0.993599534034729,1,1.1469144821166992,8.244032859802246,0.17261123657226562,9.566762924194336
dataset/test/Tomato_Early_blight_leaf/Early-blight-660x440_aug_2aug63.jpg,Tomato_Early_blight_leaf,Tomato_Early_blight_leaf,0.9899576306343079,1,1.1966552734375,8.707091331481934,0.1739635467529297,10.08069133758545
dataset/test/Tomato_Early_blight_leaf/Early-blight-660x440_aug_3aug60.jpg,Tomato_Early_blight_leaf,Tomato_Early_blight_leaf,0.9586161375045776,1,1.1605253219604492,8.195050239562988,0.17305660247802734,9.531521797180176
dataset/test/Tomato_Early_blight_leaf/Early-blight-660x440_aug_4aug58.jpg,Tomato_Early_blight_leaf,Tomato_Early_blight_leaf,0.9933435916900635,1,1.182729721069336,11.583292961120605,0.31333446502685547,13.083006858825684
dataset/test/Tomato_Early_blight_leaf/Early-blight-660x440aug0.jpg,Tomato_Early_blight_leaf,Tomato_Early_blight_leaf,0.9613197445869446,1,1.6973447799682617,8.420605659484863,0.17572402954101562,10.296470642089844
dataset/test/Tomato_Early_blight_leaf/Gls42_change_180_aug_70aug100.jpg,Tomato_Early_blight_leaf,Tomato_Early_blight_leaf,0.9998749494552612,1,1.167266845703125,15.567392349243164,0.19725990295410156,16.93453025817871
dataset/test/Tomato_Early_blight_leaf/Gls42_change_180_aug_71aug109.jpg,Tomato_Early_blight_leaf,Tomato_Early_blight_leaf,0.9996556043624878,1,3.8147077560424805,12.206001281738281,0.20824241638183594,16.232526779174805
dataset/test/Tomato_Early_blight_leaf/Gls42_change_180_aug_72aug104.jpg,Tomato_Early_blight_leaf,Tomato_Early_blight_leaf,0.9996696710586548,1,1.1268033981323242,10.386972427368164,0.19220447540283203,11.709237098693848
dataset/test/Tomato_Early_blight_leaf/Gls42_change_180_aug_73aug94.jpg,Tomato_Early_blight_leaf,Tomato_Early_blight_leaf,0.9998712539672852,1,1.1806554794311523,8.492125511169434,0.17642688751220703,9.852433204650879
dataset/test/Tomato_Early_blight_leaf/Gls42_change_180_aug_74aug108.jpg,Tomato_Early_blight_leaf,Tomato_Early_blight_leaf,0.9998034834861755,1,1.1488780975341797,8.362496376037598,0.1764078140258789,9.690725326538086
dataset/test/Tomato_Early_blight_leaf/Gls42_change_180aug14.jpg,Tomato_Early_blight_leaf,Tomato_Early_blight_leaf,0.9998062252998352,1,1.191359519958496,8.411125183105469,0.1746683120727539,9.780116081237793
dataset/test/Tomato_Early_blight_leaf/Gls4_mirror_aug_60aug93.jpg,Tomato_Early_blight_leaf,Tomato_Early_blight_leaf,0.9998458623886108,1,1.1307659149169922,8.334107398986816,0.17785358428955078,9.64594841003418
dataset/test/Tomato_Early_blight_leaf/Gls4_mirror_aug_61aug98.jpg,Tomato_Early_blight_leaf,Tomato_Early_blight_leaf,0.9995480179786682,1,1.158599853515625,8.382163047790527,0.1764078140258789,9.720263481140137
dataset/test/Tomato_Early_blight_leaf/Gls4_mirror_aug_62aug91.jpg,Tomato_Early_blight_leaf,Tomato_Early_blight_leaf,0.9997783303260803,1,1.1120805740356445,8.314885139465332,0.18024063110351562,9.610005378723145
dataset/test/Tomato_Early_blight_leaf/Gls4_mirror_aug_63aug110.jpg,Tomato_Early_blight_leaf,Tomato_Early_blight_leaf,0.9998719692230225,1,1.1152849197387695,8.352182388305664,0.1742420196533203,9.644820213317871
dataset/test/Tomato_Early_blight_leaf/Gls4_mirror_aug_64aug105.jpg,Tomato_Early_blight_leaf,Tomato_Early_blight_leaf,0.9996615648269653,1,1.1604528427124023,8.350069046020508,0.17615032196044922,9.68989372253418
dataset/test/Tomato_Early_blight_leaf/Gls4_mirror_vertical_aug_25aug37.jpg,Tomato_Early_blight_leaf,Tomato_Early_blight_leaf,0.8648771643638611,1,1.1143951416015625,8.32827377319336,0.17703723907470703,9.622836112976074
dataset/test/Tomato_Early_blight_leaf/Gls4_mirror_vertical_aug_26aug41.jpg,Tomato_Early_blight_leaf,Tomato_Early_blight_leaf,0.8155540823936462,1,1.1598596572875977,8.323533058166504,0.17357444763183594,9.65967082977295
dataset/test/Tomato_Early_blight_leaf/Gls4_mirror_vertical_aug_27aug40.jpg,Tomato_Early_blight_leaf,Tomato_Early_blight_leaf,0.8596177101135254,1,1.1096916198730469,8.28621768951416,0.1809072494506836,9.579873085021973
dataset/test/Tomato_Early_blight_leaf/Gls4_mirror_vertical_aug_28aug36.jpg,Tomato_Early_blight_leaf,Tomato_Early_blight_leaf,0.9413847327232361,1,1.1217288970947266,11.261161804199219,0.20114898681640625,12.586817741394043
dataset/test/Tomato_Early_blight_leaf/Gls4_mirror_vertical_aug_29aug42.jpg,Tomato_Early_blight_leaf,Tomato_Early_blight_leaf,0.9071068167686462,1,1.4770832061767578,10.883086204528809,0.2110748291015625,12.575188636779785
dataset/test/Tomato_Early_blight_leaf/Gls4_mirror_verticalaug5.jpg,Tomato_Early_blight_leaf,Tomato_Early_blight_leaf,0.9334965348243713,1,1.4900455474853516,11.548089981079102,0.21198272705078125,13.253525733947754
dataset/test/Tomato_Early_blight_leaf/Gls4_mirroraug12.jpg,Tomato_Early_blight_leaf,Tomato_Early_blight_leaf,0.9998345375061035,1,1.4608240127563477,11.107994079589844,0.2147045135498047,12.787209510803223
dataset/test/Tomato_Early_blight_leaf/IMG-20240812-WA0445_aug_40aug23.jpg,Tomato_Early_blight_leaf,Tomato_Early_blight_leaf,0.7364234924316406,1,1.6791572570800781,11.044086456298828,0.20990943908691406,12.936541557312012
dataset/test/Tomato_Early_blight_leaf/IMG-20240812-WA0445_aug_41aug28.jpg,Tomato_Early_blight_leaf,Tomato_Early_blight_leaf,0.7444183826446533,1,1.5676765441894531,10.900641441345215,0.214019775390625,12.68628215789795
dataset/test/Tomato_Early_blight_leaf/IMG-20240812-WA0445_aug_42aug21.jpg,Tomato_Early_blight_leaf,Tomato_Early_blight_leaf,0.6131645441055298,1,1.5903234481811523,10.928696632385254,0.26007652282714844,12.7824125289917
dataset/test/Tomato_Early_blight_leaf/IMG-20240812-WA0445_aug_43aug24.jpg,Tomato_Early_blight_leaf,Tomato_Early_blight_leaf,0.492890328168869,1,1.6003618240356445,11.025790214538574,0.21250057220458984,12.842022895812988
dataset/test/Tomato_Early_blight_leaf/IMG-20240812-WA0445_aug_44aug22.jpg,Tomato_Early_blight_leaf,Tomato_mold_leaf,0.453484445810318,0,1.673788070678711,7.631139755249023,0.17516708374023438,9.483724594116211
dataset/test/Tomato_Early_blight_leaf/IMG-20240812-WA0445aug8.jpg,Tomato_Early_blight_leaf,Tomato_leaf_yellow_curl_virus,0.8756864666938782,0,1.1496000289916992,7.787140846252441,0.16802024841308594,9.107073783874512
dataset/test/Tomato_Early_blight_leaf/IMG20240812111749_aug_90aug80.jpg,Tomato_Early_blight_leaf,Tomato_mold_leaf,0.982772707939148,0,1.2288970947265625,7.763324737548828,0.1686105728149414,9.163372039794922
dataset/test/Tomato_Early_blight_leaf/IMG20240812111749_aug_91aug77.jpg,Tomato_Early_blight_leaf,Tomato_mold_leaf,0.9783077239990234,0,1.1999893188476562,7.917973518371582,0.1693897247314453,9.289946556091309
dataset/test/Tomato_Early_blight_leaf/IMG20240812111749_aug_92aug73.jpg,Tomato_Early_blight_leaf,Tomato_mold_leaf,0.9896926283836365,0,1.1406917572021484,7.853623390197754,0.16689014434814453,9.163870811462402
dataset/test/Tomato_Early_blight_leaf/IMG20240812111749_aug_93aug71.jpg,Tomato_Early_blight_leaf,Tomato_mold_leaf,0.9917899370193481,0,1.1756172180175781,7.824714660644531,0.16733360290527344,9.17074203491211
dataset/test/Tomato_Early_blight_leaf/IMG20240812111749_aug_94aug74.jpg,Tomato_Early_blight_leaf,Tomato_mold_leaf,0.9356849193572998,0,1.2320451736450195,7.835992813110352,0.18616771697998047,9.2572603225708
dataset/test/Tomato_Early_blight_leaf/IMG20240812111749aug18.jpg,Tomato_Early_blight_leaf,Tomato_mold_leaf,0.9489805102348328,0,1.2072486877441406,7.653657913208008,0.1677227020263672,9.031665802001953
dataset/test/Tomato_Early_blight_leaf/IMG_20251102_155150_aug_30aug34.jpg,Tomato_Early_blight_leaf,Tomato_Early_blight_leaf,0.9999738931655884,1,1.1133956909179688,7.721990585327148,0.1669445037841797,9.005814552307129
dataset/test/Tomato_Early_blight_leaf/IMG_20251102_155150_aug_31aug43.jpg,Tomato_Early_blight_leaf,Tomato_Early_blight_leaf,0.9999338388442993,1,1.114877700805664,7.859196662902832,0.1681671142578125,9.145000457763672
dataset/test/Tomato_Early_blight_leaf/IMG_20251102_155150_aug_32aug44.jpg,Tomato_Early_blight_leaf,Tomato_Early_blight_leaf,0.9999971389770508,1,1.1071186065673828,7.796418190002441,0.16763019561767578,9.074186325073242
dataset/test/Tomato_Early_blight_leaf/IMG_20251102_155150_aug_33aug38.jpg,Tomato_Early_blight_leaf,Tomato_Early_blight_leaf,0.9999891519546509,1,1.1007299423217773,8.18610668182373,0.17229747772216797,9.462206840515137
dataset/test/Tomato_Early_blight_leaf/IMG_20251102_155150_aug_34aug32.jpg,Tomato_Early_blight_leaf,Tomato_Early_blight_leaf,0.9999860525131226,1,1.1664142608642578,8.176106452941895,0.17392730712890625,9.5194091796875
dataset/test/Tomato_Early_blight_leaf/IMG_20251102_155150aug6.jpg,Tomato_Early_blight_leaf,Tomato_Early_blight_leaf,0.9999545812606812,1,1.1278400421142578,8.196495056152344,0.19005584716796875,9.517595291137695
dataset/test/Tomato_Early_blight_leaf/IMG_20251102_155153_aug_85aug72.jpg,Tomato_Early_blight_leaf,Tomato_Early_blight_leaf,0.9999474287033081,1,1.1631174087524414,8.22075366973877,0.21074199676513672,9.597245216369629
dataset/test/Tomato_Early_blight_leaf/IMG_20251102_155153_aug_86aug78.jpg,Tomato_Early_blight_leaf,Tomato_Early_blight_leaf,0.9999195337295532,1,1.166377067565918,8.185364723205566,0.1723155975341797,9.527337074279785
dataset/test/Tomato_Early_blight_leaf/IMG_20251102_155153_aug_87aug76.jpg,Tomato_Early_blight_leaf,Tomato_Early_blight_leaf,0.9999430179595947,1,1.1679134368896484,8.164606094360352,0.17374134063720703,9.510113716125488
dataset/test/Tomato_Early_blight_leaf/IMG_20251102_155153_aug_88aug79.jpg,Tomato_Early_blight_leaf,Tomato_Early_blight_leaf,0.9999921321868896,1,1.2075624465942383,8.152549743652344,0.17287254333496094,9.535521507263184
dataset/test/Tomato_Early_blight_leaf/IMG_20251102_155153_aug_89aug75.jpg,Tomato_Early_blight_leaf,Tomato_Early_blight_leaf,0.9998897314071655,1,1.1058588027954102,7.979679107666016,0.17307567596435547,9.261631965637207
dataset/test/Tomato_Early_blight_leaf/IMG_20251102_155153aug17.jpg,Tomato_Early_blight_leaf,Tomato_Early_blight_leaf,0.999962568283081,1,1.306915283203125,8.020326614379883,0.17365074157714844,9.503985404968262
dataset/test/Tomato_Early_blight_leaf/IMG_20251102_155207_aug_10aug47.jpg,Tomato_Early_blight_leaf,Tomato_Early_blight_leaf,0.9981586337089539,1,1.301804542541504,7.981457710266113,0.17116737365722656,9.457132339477539
dataset/test/Tomato_Early_blight_leaf/IMG_20251102_155207_aug_11aug56.jpg,Tomato_Early_blight_leaf,Tomato_Early_blight_leaf,0.9105691313743591,1,1.147322654724121,8.168994903564453,0.173797607421875,9.492539405822754
dataset/test/Tomato_Early_blight_leaf/IMG_20251102_155207_aug_12aug45.jpg,Tomato_Early_blight_leaf,Tomato_Early_blight_leaf,0.9882130026817322,1,1.1394872665405273,8.225625038146973,0.2571134567260742,9.625133514404297
dataset/test/Tomato_Early_blight_leaf/IMG_20251102_155207_aug_13aug48.jpg,Tomato_Early_blight_leaf,Tomato_Early_blight_leaf,0.9597457647323608,1,1.1103763580322266,8.16110610961914,0.17594528198242188,9.450485229492188
dataset/test/Tomato_Early_blight_leaf/IMG_20251102_155207_aug_14aug49.jpg,Tomato_Early_blight_leaf,Tomato_Early_blight_leaf,0.9860842823982239,1,1.143784523010254,8.162493705749512,0.17227840423583984,9.481447219848633
dataset/test/Tomato_Early_blight_leaf/IMG_20251102_155207aug2.jpg,Tomato_Early_blight_leaf,Tomato_Early_blight_leaf,0.9699562191963196,1,1.199507713317871,8.204123497009277,0.21352005004882812,9.62079906463623
dataset/test/Tomato_Early_blight_leaf/IMG_20251102_155305_aug_35aug25.jpg,Tomato_Early_blight_leaf,Tomato_Early_blight_leaf,0.9126917123794556,1,1.1365633010864258,8.244662284851074,0.18374061584472656,9.568873405456543
dataset/test/Tomato_Early_blight_leaf/IMG_20251102_155305_aug_36aug27.jpg,Tomato_Early_blight_leaf,Tomato_Early_blight_leaf,0.9851964712142944,1,1.1337480545043945,8.206680297851562,0.16976070404052734,9.512707710266113
dataset/test/Tomato_Early_blight_leaf/IMG_20251102_155305_aug_37aug29.jpg,Tomato_Early_blight_leaf,Tomato_Early_blight_leaf,0.9967129230499268,1,1.190378189086914,8.477310180664062,0.16438865661621094,9.83415412902832
dataset/test/Tomato_Early_blight_leaf/IMG_20251102_155305_aug_38aug31.jpg,Tomato_Early_blight_leaf,Tomato_Early_blight_leaf,0.9952215552330017,1,1.1181001663208008,8.238365173339844,0.19040870666503906,9.549652099609375
dataset/test/Tomato_Early_blight_leaf/IMG_20251102_155305_aug_39aug26.jpg,Tomato_Early_blight_leaf,Tomato_Early_blight_leaf,0.9952214360237122,1,1.2437286376953125,8.068938255310059,0.17377853393554688,9.489131927490234
dataset/test/Tomato_Early_blight_leaf/IMG_20251102_155305aug7.jpg,Tomato_Early_blight_leaf,Tomato_Early_blight_leaf,0.9972864389419556,1,1.223989486694336,8.490052223205566,0.18094539642333984,9.898430824279785
dataset/test/Tomato_Early_blight_leaf/IMG_20251102_155853_aug_55aug106.jpg,Tomato_Early_blight_leaf,Tomato_leaf_late_blight,0.882570743560791,0,1.256434440612793,8.005974769592285,0.22105693817138672,9.486501693725586
dataset/test/Tomato_Early_blight_leaf/IMG_20251102_155853_aug_56aug92.jpg,Tomato_Early_blight_leaf,Tomato_leaf_late_blight,0.9955171942710876,0,1.1355438232421875,8.282272338867188,0.17307472229003906,9.5934476852417
dataset/test/Tomato_Early_blight_leaf/IMG_20251102_155853_aug_57aug96.jpg,Tomato_Early_blight_leaf,Tomato_Early_blight_leaf,0.7082244753837585,1,1.1623048782348633,8.442569732666016,0.1747608184814453,9.782559394836426
dataset/test/Tomato_Early_blight_leaf/IMG_20251102_155853_aug_58aug103.jpg,Tomato_Early_blight_leaf,Tomato_leaf_late_blight,0.958989143371582,0,1.1755256652832031,8.265680313110352,0.17305660247802734,9.617040634155273
dataset/test/Tomato_Early_blight_leaf/IMG_20251102_155853_aug_59aug99.jpg,Tomato_Early_blight_leaf,Tomato_leaf_late_blight,0.6026579141616821,0,1.1673955917358398,8.31186580657959,0.17646312713623047,9.658392906188965
dataset/test/Tomato_Early_blight_leaf/IMG_20251102_155853aug11.jpg,Tomato_Early_blight_leaf,Tomato_leaf_late_blight,0.9218956828117371,0,1.1701364517211914,8.233661651611328,0.17303752899169922,9.580133438110352
dataset/test/Tomato_Early_blight_leaf/IMG_20251102_160046_aug_95aug70.jpg,Tomato_Early_blight_leaf,Tomato_Early_blight_leaf,0.9997227787971497,1,1.1334524154663086,8.121753692626953,0.1867971420288086,9.445539474487305
dataset/test/Tomato_Early_blight_leaf/IMG_20251102_160046_aug_96aug69.jpg,Tomato_Early_blight_leaf,Tomato_Early_blight_leaf,0.9994373917579651,1,1.1685819625854492,8.197735786437988,0.17283344268798828,9.542224884033203
dataset/test/Tomato_Early_blight_leaf/IMG_20251102_160046_aug_97aug67.jpg,Tomato_Early_blight_leaf,Tomato_Early_blight_leaf,0.999566376209259,1,1.2098407745361328,8.311273574829102,0.17366600036621094,9.69744873046875
dataset/test/Tomato_Early_blight_leaf/IMG_20251102_160046_aug_98aug68.jpg,Tomato_Early_blight_leaf,Tomato_Early_blight_leaf,0.9990665316581726,1,1.1701936721801758,8.237754821777344,0.17474079132080078,9.585688591003418
dataset/test/Tomato_Early_blight_leaf/IMG_20251102_160046aug19.jpg,Tomato_Early_blight_leaf,Tomato_Early_blight_leaf,0.9999127388000488,1,1.1679344177246094,8.133940696716309,0.21172237396240234,9.516057968139648
dataset/test/Tomato_Early_blight_leaf/IMG_20251102_160055_aug_15aug53.jpg,Tomato_Early_blight_leaf,Tomato_Early_blight_leaf,0.9999700784683228,1,1.1144323348999023,8.032660484313965,0.1730937957763672,9.323243141174316
dataset/test/Tomato_Early_blight_leaf/IMG_20251102_160055_aug_16aug55.jpg,Tomato_Early_blight_leaf,Tomato_Early_blight_leaf,0.9974647760391235,1,1.1078767776489258,7.875974655151367,0.17270565032958984,9.159444808959961
dataset/test/Tomato_Early_blight_leaf/IMG_20251102_160055_aug_17aug46.jpg,Tomato_Early_blight_leaf,Tomato_Early_blight_leaf,0.9999548196792603,1,1.1224498748779297,8.158384323120117,0.21518707275390625,9.499317169189453
dataset/test/Tomato_Early_blight_leaf/IMG_20251102_160055_aug_18aug54.jpg,Tomato_Early_blight_leaf,Tomato_Early_blight_leaf,0.9941478967666626,1,1.0895814895629883,8.013956069946289,0.17374134063720703,9.280186653137207
dataset/test/Tomato_Early_blight_leaf/IMG_20251102_160055_aug_19aug52.jpg,Tomato_Early_blight_leaf,Tomato_Early_blight_leaf,0.9999654293060303,1,1.1064510345458984,8.010791778564453,0.1709461212158203,9.29107666015625
dataset/test/Tomato_Early_blight_leaf/IMG_20251102_160055aug3.jpg,Tomato_Early_blight_leaf,Tomato_Early_blight_leaf,0.9999572038650513,1,1.120692253112793,8.28468132019043,0.17124080657958984,9.579522132873535
dataset/test/Tomato_Early_blight_leaf/IMG_20251102_160217_aug_75aug82.jpg,Tomato_Early_blight_leaf,Tomato_Early_blight_leaf,0.9998292922973633,1,1.1128759384155273,8.041308403015137,0.17861175537109375,9.335630416870117
dataset/test/Tomato_Early_blight_leaf/IMG_20251102_160217_aug_76aug83.jpg,Tomato_Early_blight_leaf,Tomato_Early_blight_leaf,0.9995415210723877,1,1.1144332885742188,8.042346000671387,0.18777847290039062,9.347373008728027
dataset/test/Tomato_Early_blight_leaf/IMG_20251102_160217_aug_77aug90.jpg,Tomato_Early_blight_leaf,Tomato_Early_blight_leaf,0.998975396156311,1,1.1389150619506836,8.112308502197266,0.17100143432617188,9.424798965454102
dataset/test/Tomato_Early_blight_leaf/IMG_20251102_160217_aug_78aug81.jpg,Tomato_Early_blight_leaf,Tomato_Early_blight_leaf,0.9998810291290283,1,1.1145811080932617,8.034087181091309,0.16950130462646484,9.320650100708008
dataset/test/Tomato_Early_blight_leaf/IMG_20251102_160217_aug_79aug86.jpg,Tomato_Early_blight_leaf,Tomato_Early_blight_leaf,0.999830961227417,1,1.1188411712646484,8.168309211730957,0.19392776489257812,9.483835220336914
dataset/test/Tomato_Early_blight_leaf/IMG_20251102_160217aug15.jpg,Tomato_Early_blight_leaf,Tomato_Early_blight_leaf,0.9998389482498169,1,1.1786918640136719,8.327013969421387,0.1738901138305664,9.681912422180176
dataset/test/Tomato_Early_blight_leaf/IMG_20251102_160523_aug_50aug114.jpg,Tomato_Early_blight_leaf,Tomato_Early_blight_leaf,0.9979678988456726,1,1.1969518661499023,8.356606483459473,0.167816162109375,9.723875045776367
dataset/test/Tomato_Early_blight_leaf/IMG_20251102_160523_aug_51aug111.jpg,Tomato_Early_blight_leaf,Tomato_Early_blight_leaf,0.9999434947967529,1,1.168543815612793,8.366642951965332,0.17329788208007812,9.710670471191406
dataset/test/Tomato_Early_blight_leaf/IMG_20251102_160523_aug_52aug112.jpg,Tomato_Early_blight_leaf,Tomato_Early_blight_leaf,0.9989111423492432,1,1.274155616760254,8.200606346130371,0.17350101470947266,9.650930404663086
dataset/test/Tomato_Early_blight_leaf/IMG_20251102_160523_aug_53aug115.jpg,Tomato_Early_blight_leaf,Tomato_Early_blight_leaf,0.999659538269043,1,1.202840805053711,8.130513191223145,0.18388938903808594,9.52055835723877
dataset/test/Tomato_Early_blight_leaf/IMG_20251102_160523_aug_54aug113.jpg,Tomato_Early_blight_leaf,Tomato_Early_blight_leaf,0.999833345413208,1,1.2737674713134766,8.239439010620117,0.17627811431884766,9.69196605682373
dataset/test/Tomato_Early_blight_leaf/IMG_20251102_160523aug10.jpg,Tomato_Early_blight_leaf,Tomato_Early_blight_leaf,0.9997851252555847,1,1.1954708099365234,8.262106895446777,0.1750936508178711,9.635910987854004
dataset/test/Tomato_Early_blight_leaf/IMG_20251102_161202_aug_45aug118.jpg,Tomato_Early_blight_leaf,Tomato_Early_blight_leaf,0.9993302822113037,1,1.2520990371704102,8.319533348083496,0.17557525634765625,9.750245094299316
dataset/test/Tomato_Early_blight_leaf/IMG_20251102_161202_aug_46aug116.jpg,Tomato_Early_blight_leaf,Tomato_Early_blight_leaf,0.9993302822113037,1,1.2026176452636719,8.361847877502441,0.17237091064453125,9.73998737335205
dataset/test/Tomato_Early_blight_leaf/IMG_20251102_161202_aug_47aug117.jpg,Tomato_Early_blight_leaf,Tomato_Early_blight_leaf,0.9715386033058167,1,1.225876808166504,8.366903305053711,0.17470455169677734,9.770763397216797
dataset/test/Tomato_Early_blight_leaf/IMG_20251102_161202_aug_48aug30.jpg,Tomato_Early_blight_leaf,Tomato_Early_blight_leaf,0.9990818500518799,1,1.2090063095092773,8.319644927978516,0.17635250091552734,9.70752239227295
dataset/test/Tomato_Early_blight_leaf/IMG_20251102_161202_aug_49aug119.jpg,Tomato_Early_blight_leaf,Tomato_Early_blight_leaf,0.9994155168533325,1,1.2168588638305664,8.35168170928955,0.17624187469482422,9.748059272766113
dataset/test/Tomato_Early_blight_leaf/IMG_20251102_161202aug9.jpg,Tomato_Early_blight_leaf,Tomato_Early_blight_leaf,0.9945993423461914,1,1.2522859573364258,8.307181358337402,0.17461299896240234,9.737466812133789
dataset/test/Tomato_Early_blight_leaf/early_blight_jpg.rf.1091c0a2a9a3da5b9ad688c89298614c_aug_80aug87.jpg,Tomato_Early_blight_leaf,Tomato_Early_blight_leaf,0.5782794952392578,1,1.1581926345825195,8.356124877929688,0.17601966857910156,9.6933012008667
dataset/test/Tomato_Early_blight_leaf/early_blight_jpg.rf.1091c0a2a9a3da5b9ad688c89298614c_aug_81aug84.jpg,Tomato_Early_blight_leaf,Tomato_Early_blight_leaf,0.7283911108970642,1,1.193471908569336,8.23367977142334,0.173187255859375,9.603411674499512
dataset/test/Tomato_Early_blight_leaf/early_blight_jpg.rf.1091c0a2a9a3da5b9ad688c89298614c_aug_82aug89.jpg,Tomato_Early_blight_leaf,Tomato_Early_blight_leaf,0.8557991981506348,1,1.1661367416381836,8.356829643249512,0.16705703735351562,9.692522048950195
dataset/test/Tomato_Early_blight_leaf/early_blight_jpg.rf.1091c0a2a9a3da5b9ad688c89298614c_aug_83aug85.jpg,Tomato_Early_blight_leaf,Tomato_Early_blight_leaf,0.9566496014595032,1,1.289175033569336,8.15749454498291,0.220611572265625,9.670300483703613
dataset/test/Tomato_Early_blight_leaf/early_blight_jpg.rf.1091c0a2a9a3da5b9ad688c89298614c_aug_84aug88.jpg,Tomato_Early_blight_leaf,Tomato_Early_blight_leaf,0.825253427028656,1,1.2457666397094727,8.262866020202637,0.17574310302734375,9.68705940246582
dataset/test/Tomato_Early_blight_leaf/early_blight_jpg.rf.1091c0a2a9a3da5b9ad688c89298614caug16.jpg,Tomato_Early_blight_leaf,Tomato_Early_blight_leaf,0.7951496839523315,1,1.1754894256591797,8.128438949584961,0.17927837371826172,9.48609447479248
dataset/test/Tomato_Healthy_leaf/20140818-tomato-sauce-vicky-wasik-1_jpg.rf.d3d9b4a0642e72ba76b40dbdfff8b9f7_aug_6aug50.jpg,Tomato_Healthy_leaf,Tomato_Healthy_leaf,0.9778316020965576,1,1.168452262878418,8.238569259643555,0.17512989044189453,9.584891319274902
dataset/test/Tomato_Healthy_leaf/20140818-tomato-sauce-vicky-wasik-1_jpg.rf.d3d9b4a0642e72ba76b40dbdfff8b9f7_aug_7aug56.jpg,Tomato_Healthy_leaf,Tomato_Healthy_leaf,0.9842014908790588,1,1.1259698867797852,10.692252159118652,0.21477890014648438,12.03631591796875
dataset/test/Tomato_Healthy_leaf/20140818-tomato-sauce-vicky-wasik-1_jpg.rf.d3d9b4a0642e72ba76b40dbdfff8b9f7aug3.jpg,Tomato_Healthy_leaf,Tomato_Healthy_leaf,0.9771535396575928,1,1.453378677368164,10.866029739379883,0.21146583557128906,12.534632682800293
dataset/test/Tomato_Healthy_leaf/2015-09-17-01_aug_20aug110.jpg,Tomato_Healthy_leaf,Tomato_Healthy_leaf,0.643090009689331,1,1.5684919357299805,11.814127922058105,0.21509361267089844,13.601436614990234
dataset/test/Tomato_Healthy_leaf/2015-09-17-01_aug_21aug114.jpg,Tomato_Healthy_leaf,Tomato_Healthy_leaf,0.3488921523094177,1,1.5143060684204102,17.619998931884766,0.2223529815673828,19.360471725463867
dataset/test/Tomato_Healthy_leaf/2015-09-17-01aug10.jpg,Tomato_Healthy_leaf,Tomato_mold_leaf,0.6730905175209045,0,5.587257385253906,19.356194496154785,0.22211170196533203,25.16991424560547
dataset/test/Tomato_Healthy_leaf/Basil_2Binfected_2Bby_2BTomato_2BSpotted_2BWilt_2BVirus_aug_2aug59.jpg,Tomato_Healthy_leaf,Tomato_mold_leaf,0.6675941348075867,0,1.7607336044311523,12.057019233703613,0.21802043914794922,14.039474487304688
dataset/test/Tomato_Healthy_leaf/Basil_2Binfected_2Bby_2BTomato_2BSpotted_2BWilt_2BVirus_aug_3aug51.jpg,Tomato_Healthy_leaf,Tomato_mold_leaf,0.6118537783622742,0,1.5546207427978516,10.439323425292969,0.1787424087524414,12.176482200622559
dataset/test/Tomato_Healthy_leaf/Basil_2Binfected_2Bby_2BTomato_2BSpotted_2BWilt_2BVirusaug1.jpg,Tomato_Healthy_leaf,Tomato_mold_leaf,0.6328108906745911,0,1.0708036422729492,7.554564476013184,0.1692047119140625,8.797295570373535
dataset/test/Tomato_Healthy_leaf/Fig-2_aug_22aug102.jpg,Tomato_Healthy_leaf,Tomato_Healthy_leaf,0.7828911542892456,1,1.0954513549804688,7.516731262207031,0.16961193084716797,8.78473949432373
dataset/test/Tomato_Healthy_leaf/Fig-2_aug_23aug90.jpg,Tomato_Healthy_leaf,Tomato_Healthy_leaf,0.6839458346366882,1,1.138026237487793,7.806750297546387,0.16866683959960938,9.116094589233398
dataset/test/Tomato_Healthy_leaf/Fig-2aug11.jpg,Tomato_Healthy_leaf,Tomato_Healthy_leaf,0.8600945472717285,1,1.0918769836425781,7.658824920654297,0.16664886474609375,8.920035362243652
dataset/test/Tomato_Healthy_leaf/HL_(103)aug39.jpg,Tomato_Healthy_leaf,Tomato_Healthy_leaf,0.9999939203262329,1,1.083303451538086,7.74847412109375,0.16601848602294922,9.000351905822754
dataset/test/Tomato_Healthy_leaf/HL_(118)_aug_38aug103.jpg,Tomato_Healthy_leaf,Tomato_Healthy_leaf,0.9999997615814209,1,1.088785171508789,7.587065696716309,0.16679763793945312,8.845442771911621
dataset/test/Tomato_Healthy_leaf/HL_(118)_aug_39aug104.jpg,Tomato_Healthy_leaf,Tomato_Healthy_leaf,0.9999991655349731,1,1.117192268371582,7.715362548828125,0.1674642562866211,9.002388954162598
dataset/test/Tomato_Healthy_leaf/HL_(118)aug19.jpg,Tomato_Healthy_leaf,Tomato_Healthy_leaf,0.9999974966049194,1,1.0795059204101562,7.721548080444336,0.17633342742919922,8.980629920959473
dataset/test/Tomato_Healthy_leaf/HL_(165)_aug_28aug105.jpg,Tomato_Healthy_leaf,Tomato_Healthy_leaf,0.999922513961792,1,1.1019697189331055,7.706974029541016,0.16803741455078125,8.979795455932617
dataset/test/Tomato_Healthy_leaf/HL_(165)_aug_29aug91.jpg,Tomato_Healthy_leaf,Tomato_Healthy_leaf,0.9997372031211853,1,1.186544418334961,7.535101890563965,0.18157482147216797,8.905925750732422
dataset/test/Tomato_Healthy_leaf/HL_(165)aug14.jpg,Tomato_Healthy_leaf,Tomato_Healthy_leaf,0.9997193217277527,1,1.1278400421142578,7.870919227600098,0.16753768920898438,9.168834686279297
dataset/test/Tomato_Healthy_leaf/HL_(61)_aug_50aug83.jpg,Tomato_Healthy_leaf,Tomato_Healthy_leaf,0.9554567337036133,1,1.0908031463623047,8.217679023742676,0.17322349548339844,9.484614372253418
dataset/test/Tomato_Healthy_leaf/HL_(61)_aug_51aug76.jpg,Tomato_Healthy_leaf,Tomato_Healthy_leaf,0.991422712802887,1,1.1324892044067383,8.198439598083496,0.17446327209472656,9.508208274841309
dataset/test/Tomato_Healthy_leaf/HL_(61)aug25.jpg,Tomato_Healthy_leaf,Tomato_Healthy_leaf,0.9681550860404968,1,1.1733779907226562,9.030556678771973,0.17537212371826172,10.382007598876953
dataset/test/Tomato_Healthy_leaf/HL_(62)aug36.jpg,Tomato_Healthy_leaf,Tomato_Healthy_leaf,0.9996393918991089,1,1.1695442199707031,8.564386367797852,0.17418766021728516,9.911080360412598
dataset/test/Tomato_Healthy_leaf/IMG_20251102_161618_aug_58aug71.jpg,Tomato_Healthy_leaf,Tomato_Healthy_leaf,0.9993693232536316,1,1.2330999374389648,8.17129135131836,0.1746501922607422,9.581243515014648
dataset/test/Tomato_Healthy_leaf/IMG_20251102_161618_aug_59aug63.jpg,Tomato_Healthy_leaf,Tomato_Healthy_leaf,0.9631521105766296,1,1.219599723815918,8.211772918701172,0.17442703247070312,9.608189582824707
dataset/test/Tomato_Healthy_leaf/IMG_20251102_161618aug29.jpg,Tomato_Healthy_leaf,Tomato_Healthy_leaf,0.6095201969146729,1,1.2598228454589844,8.193735122680664,0.1755380630493164,9.6320219039917
dataset/test/Tomato_Healthy_leaf/IMG_20251102_161625aug44.jpg,Tomato_Healthy_leaf,Tomato_Healthy_leaf,0.9886454343795776,1,1.182525634765625,8.252846717834473,0.17490768432617188,9.613003730773926
dataset/test/Tomato_Healthy_leaf/IMG_20251102_161629_aug_10aug115.jpg,Tomato_Healthy_leaf,Tomato_Healthy_leaf,0.9747297167778015,1,1.2074527740478516,8.042216300964355,0.1734466552734375,9.426095962524414
dataset/test/Tomato_Healthy_leaf/IMG_20251102_161629_aug_11aug109.jpg,Tomato_Healthy_leaf,Tomato_Healthy_leaf,0.999927282333374,1,1.2158594131469727,8.045198440551758,0.1742420196533203,9.437891006469727
dataset/test/Tomato_Healthy_leaf/IMG_20251102_161629aug5.jpg,Tomato_Healthy_leaf,Tomato_Healthy_leaf,0.9999094009399414,1,1.2328786849975586,8.063863754272461,0.17350006103515625,9.472853660583496
dataset/test/Tomato_Healthy_leaf/IMG_20251102_161652aug43.jpg,Tomato_Healthy_leaf,Tomato_Healthy_leaf,0.9976020455360413,1,1.208841323852539,8.135717391967773,0.17472457885742188,9.522465705871582
dataset/test/Tomato_Healthy_leaf/IMG_20251102_161826_aug_60aug68.jpg,Tomato_Healthy_leaf,Tomato_Healthy_leaf,0.999618649482727,1,1.2127275466918945,8.223587036132812,0.1766490936279297,9.615910530090332
dataset/test/Tomato_Healthy_leaf/IMG_20251102_161826_aug_61aug62.jpg,Tomato_Healthy_leaf,Tomato_Healthy_leaf,0.999996542930603,1,1.174952507019043,8.304661750793457,0.17340850830078125,9.65591049194336
dataset/test/Tomato_Healthy_leaf/IMG_20251102_161826aug30.jpg,Tomato_Healthy_leaf,Tomato_Healthy_leaf,0.9999904632568359,1,1.2554140090942383,8.189737319946289,0.17490863800048828,9.622929573059082
dataset/test/Tomato_Healthy_leaf/IMG_20251102_161850_aug_56aug74.jpg,Tomato_Healthy_leaf,Tomato_Healthy_leaf,0.9952359795570374,1,1.1745624542236328,8.288347244262695,0.17312908172607422,9.638651847839355
dataset/test/Tomato_Healthy_leaf/IMG_20251102_161850_aug_57aug72.jpg,Tomato_Healthy_leaf,Tomato_Healthy_leaf,0.9873756170272827,1,1.1369695663452148,8.274773597717285,0.17325973510742188,9.587615966796875
dataset/test/Tomato_Healthy_leaf/IMG_20251102_161850aug28.jpg,Tomato_Healthy_leaf,Tomato_Healthy_leaf,0.996174693107605,1,1.1413764953613281,8.32329273223877,0.17542648315429688,9.642929077148438
dataset/test/Tomato_Healthy_leaf/IMG_20251102_161859aug38.jpg,Tomato_Healthy_leaf,Tomato_Healthy_leaf,0.9998737573623657,1,1.1642484664916992,8.183919906616211,0.18633460998535156,9.538058280944824
dataset/test/Tomato_Healthy_leaf/IMG_20251102_161935_aug_4aug55.jpg,Tomato_Healthy_leaf,Tomato_Healthy_leaf,0.9999996423721313,1,1.2011003494262695,8.302533149719238,0.18057537078857422,9.686744689941406
dataset/test/Tomato_Healthy_leaf/IMG_20251102_161935_aug_5aug53.jpg,Tomato_Healthy_leaf,Tomato_Healthy_leaf,0.9999992847442627,1,1.1429691314697266,8.13406753540039,0.17409420013427734,9.454150199890137
dataset/test/Tomato_Healthy_leaf/IMG_20251102_161935aug2.jpg,Tomato_Healthy_leaf,Tomato_Healthy_leaf,0.9999984502792358,1,1.2796001434326172,10.894177436828613,0.21622180938720703,12.39372444152832
dataset/test/Tomato_Healthy_leaf/IMG_20251102_162037aug45.jpg,Tomato_Healthy_leaf,Tomato_Healthy_leaf,0.9965409636497498,1,1.5938997268676758,10.888362884521484,0.21509361267089844,12.701245307922363
dataset/test/Tomato_Healthy_leaf/h100_lower_aug_54aug73.jpg,Tomato_Healthy_leaf,Tomato_Healthy_leaf,0.9997738003730774,1,1.5353612899780273,10.947548866271973,0.21398258209228516,12.700282096862793
dataset/test/Tomato_Healthy_leaf/h100_lower_aug_55aug75.jpg,Tomato_Healthy_leaf,Tomato_Healthy_leaf,0.999737560749054,1,1.4936399459838867,10.785622596740723,0.2125558853149414,12.495484352111816
dataset/test/Tomato_Healthy_leaf/h100_loweraug27.jpg,Tomato_Healthy_leaf,Tomato_Healthy_leaf,0.9998084902763367,1,1.5221929550170898,10.976234436035156,0.21655750274658203,12.718670845031738
dataset/test/Tomato_Healthy_leaf/h101_aug_18aug119.jpg,Tomato_Healthy_leaf,Tomato_Healthy_leaf,0.9998356103897095,1,1.5034914016723633,10.940048217773438,0.2114276885986328,12.658838272094727
dataset/test/Tomato_Healthy_leaf/h101_aug_19aug116.jpg,Tomato_Healthy_leaf,Tomato_Healthy_leaf,0.9999595880508423,1,1.556879997253418,10.975900650024414,0.2142791748046875,12.750577926635742
dataset/test/Tomato_Healthy_leaf/h101aug9.jpg,Tomato_Healthy_leaf,Tomato_Healthy_leaf,0.9997434020042419,1,1.5499725341796875,10.14124870300293,0.16701889038085938,11.861556053161621
dataset/test/Tomato_Healthy_leaf/h103_aug_42aug82.jpg,Tomato_Healthy_leaf,Tomato_Healthy_leaf,0.9999880790710449,1,1.1341733932495117,7.851030349731445,0.16709423065185547,9.155019760131836
dataset/test/Tomato_Healthy_leaf/h103_aug_43aug77.jpg,Tomato_Healthy_leaf,Tomato_Healthy_leaf,0.9999959468841553,1,1.0897655487060547,7.812028884887695,0.16900062561035156,9.073408126831055
dataset/test/Tomato_Healthy_leaf/h103aug21.jpg,Tomato_Healthy_leaf,Tomato_Healthy_leaf,0.9999886751174927,1,1.0742101669311523,7.881732940673828,0.17576026916503906,9.134870529174805
dataset/test/Tomato_Healthy_leaf/h1_change_90_aug_12aug118.jpg,Tomato_Healthy_leaf,Tomato_Healthy_leaf,0.9998088479042053,1,1.1166181564331055,8.144771575927734,0.16794681549072266,9.431910514831543
dataset/test/Tomato_Healthy_leaf/h1_change_90_aug_13aug108.jpg,Tomato_Healthy_leaf,Tomato_Healthy_leaf,0.9996912479400635,1,1.1350078582763672,7.784418106079102,0.17150115966796875,9.093796730041504
dataset/test/Tomato_Healthy_leaf/h1_change_90aug6.jpg,Tomato_Healthy_leaf,Tomato_Healthy_leaf,0.998507559299469,1,1.1020994186401367,7.805438041687012,0.17473983764648438,9.085111618041992
dataset/test/Tomato_Healthy_leaf/h39_change_270aug48.jpg,Tomato_Healthy_leaf,Tomato_Healthy_leaf,0.9993798732757568,1,1.1280431747436523,7.920123100280762,0.18327903747558594,9.234500885009766
dataset/test/Tomato_Healthy_leaf/h39_hight_aug_40aug96.jpg,Tomato_Healthy_leaf,Tomato_Healthy_leaf,0.9999614953994751,1,1.202193260192871,7.862177848815918,0.16724205017089844,9.233797073364258
dataset/test/Tomato_Healthy_leaf/h39_hight_aug_41aug98.jpg,Tomato_Healthy_leaf,Tomato_Healthy_leaf,0.9999942779541016,1,1.116302490234375,7.913031578063965,0.1799468994140625,9.212352752685547
dataset/test/Tomato_Healthy_leaf/h39_hightaug20.jpg,Tomato_Healthy_leaf,Tomato_Healthy_leaf,0.9999821186065674,1,1.203507423400879,7.746214866638184,0.17120361328125,9.123278617858887
dataset/test/Tomato_Healthy_leaf/h39_lower_aug_30aug95.jpg,Tomato_Healthy_leaf,Tomato_Healthy_leaf,0.9986572265625,1,1.132802963256836,10.515213012695312,0.21146392822265625,11.862573623657227
dataset/test/Tomato_Healthy_leaf/h39_lower_aug_31aug89.jpg,Tomato_Healthy_leaf,Tomato_Healthy_leaf,0.999984622001648,1,1.5575456619262695,11.35014533996582,0.20666790008544922,13.117395401000977
dataset/test/Tomato_Healthy_leaf/h39_loweraug15.jpg,Tomato_Healthy_leaf,Tomato_Healthy_leaf,0.9998276233673096,1,1.5166940689086914,10.994586944580078,0.2153158187866211,12.729782104492188
dataset/test/Tomato_Healthy_leaf/h3_aug_8aug57.jpg,Tomato_Healthy_leaf,Tomato_Healthy_leaf,0.9999954700469971,1,1.4912128448486328,11.163606643676758,0.21318721771240234,12.871670722961426
dataset/test/Tomato_Healthy_leaf/h3_aug_9aug54.jpg,Tomato_Healthy_leaf,Tomato_Healthy_leaf,0.9999942779541016,1,1.4859161376953125,10.901399612426758,0.21285438537597656,12.603893280029297
dataset/test/Tomato_Healthy_leaf/h3_mirror_aug_52aug84.jpg,Tomato_Healthy_leaf,Tomato_Healthy_leaf,0.9999558925628662,1,1.4849529266357422,10.954549789428711,0.20363140106201172,12.646410942077637
dataset/test/Tomato_Healthy_leaf/h3_mirror_aug_53aug80.jpg,Tomato_Healthy_leaf,Tomato_Healthy_leaf,0.9999160766601562,1,1.4970645904541016,10.767475128173828,0.21537017822265625,12.483502388000488
dataset/test/Tomato_Healthy_leaf/h3_mirroraug26.jpg,Tomato_Healthy_leaf,Tomato_Healthy_leaf,0.9998643398284912,1,1.4998807907104492,10.886641502380371,0.2102985382080078,12.600541114807129
dataset/test/Tomato_Healthy_leaf/h3aug4.jpg,Tomato_Healthy_leaf,Tomato_Healthy_leaf,0.9997127652168274,1,1.520268440246582,8.777071952819824,0.16572189331054688,10.466157913208008
dataset/test/Tomato_Healthy_leaf/h45_mirror_verticalaug42.jpg,Tomato_Healthy_leaf,Tomato_Healthy_leaf,0.9999691247940063,1,1.1009149551391602,7.798142433166504,0.16135311126708984,9.062814712524414
dataset/test/Tomato_Healthy_leaf/h49_change_90aug49.jpg,Tomato_Healthy_leaf,Tomato_Healthy_leaf,0.9999957084655762,1,1.110692024230957,7.909994125366211,0.16561222076416016,9.189481735229492
dataset/test/Tomato_Healthy_leaf/h50_hight_aug_68aug69.jpg,Tomato_Healthy_leaf,Tomato_Healthy_leaf,0.9821885228157043,1,1.0700244903564453,7.661677360534668,0.1705179214477539,8.904998779296875
dataset/test/Tomato_Healthy_leaf/h50_hight_aug_69aug61.jpg,Tomato_Healthy_leaf,Tomato_Healthy_leaf,0.9974520802497864,1,1.0499143600463867,7.8062334060668945,0.16711139678955078,9.025943756103516
dataset/test/Tomato_Healthy_leaf/h50_hightaug34.jpg,Tomato_Healthy_leaf,Tomato_Healthy_leaf,0.9961045980453491,1,1.0563583374023438,7.7065839767456055,0.171630859375,8.937573432922363
dataset/test/Tomato_Healthy_leaf/h50_lower_aug_66aug65.jpg,Tomato_Healthy_leaf,Tomato_Healthy_leaf,0.99920254945755,1,1.1230993270874023,7.917511940002441,0.16872310638427734,9.212185859680176
dataset/test/Tomato_Healthy_leaf/h50_lower_aug_67aug70.jpg,Tomato_Healthy_leaf,Tomato_Healthy_leaf,0.976280689239502,1,1.063765525817871,7.792492866516113,0.1688709259033203,9.027481079101562
dataset/test/Tomato_Healthy_leaf/h50_loweraug33.jpg,Tomato_Healthy_leaf,Tomato_Healthy_leaf,0.9980450868606567,1,1.0689506530761719,7.752918243408203,0.1647777557373047,8.98911190032959
dataset/test/Tomato_Healthy_leaf/h50_mirror_vertical_aug_24aug111.jpg,Tomato_Healthy_leaf,Tomato_Healthy_leaf,0.9998377561569214,1,1.0635976791381836,7.851363182067871,0.16501903533935547,9.082518577575684
dataset/test/Tomato_Healthy_leaf/h50_mirror_vertical_aug_25aug100.jpg,Tomato_Healthy_leaf,Tomato_Healthy_leaf,0.9999498128890991,1,1.1026906967163086,7.833474159240723,0.15850067138671875,9.097148895263672
dataset/test/Tomato_Healthy_leaf/h50_mirror_verticalaug12.jpg,Tomato_Healthy_leaf,Tomato_Healthy_leaf,0.9998936653137207,1,1.0554313659667969,7.832937240600586,0.17788982391357422,9.069204330444336
dataset/test/Tomato_Healthy_leaf/h50aug37.jpg,Tomato_Healthy_leaf,Tomato_Healthy_leaf,0.9998621940612793,1,1.1281356811523438,8.164327621459961,0.17542648315429688,9.470929145812988
dataset/test/Tomato_Healthy_leaf/h5_mirroraug41.jpg,Tomato_Healthy_leaf,Tomato_Healthy_leaf,0.9999841451644897,1,1.1861743927001953,8.202866554260254,0.17392730712890625,9.566001892089844
dataset/test/Tomato_Healthy_leaf/h65_mirror_vertical_aug_26aug97.jpg,Tomato_Healthy_leaf,Tomato_Healthy_leaf,0.9999994039535522,1,1.1498956680297852,8.29388427734375,0.17455673217773438,9.621336936950684
dataset/test/Tomato_Healthy_leaf/h65_mirror_vertical_aug_27aug106.jpg,Tomato_Healthy_leaf,Tomato_Healthy_leaf,0.9999998807907104,1,1.1437854766845703,8.36601448059082,0.17338943481445312,9.686299324035645
dataset/test/Tomato_Healthy_leaf/h65_mirror_verticalaug13.jpg,Tomato_Healthy_leaf,Tomato_Healthy_leaf,0.9999998807907104,1,1.1320810317993164,8.301198959350586,0.1769266128540039,9.61316967010498
dataset/test/Tomato_Healthy_leaf/h71_mirror_aug_62aug66.jpg,Tomato_Healthy_leaf,Tomato_Healthy_leaf,0.9999992847442627,1,1.146895408630371,8.276774406433105,0.1742420196533203,9.600409507751465
dataset/test/Tomato_Healthy_leaf/h71_mirror_aug_63aug67.jpg,Tomato_Healthy_leaf,Tomato_Healthy_leaf,0.9999988079071045,1,1.2017297744750977,8.354365348815918,0.17546367645263672,9.73472785949707
dataset/test/Tomato_Healthy_leaf/h71_mirroraug31.jpg,Tomato_Healthy_leaf,Tomato_Healthy_leaf,0.9999996423721313,1,1.1394691467285156,8.325218200683594,0.17650127410888672,9.643837928771973
dataset/test/Tomato_Healthy_leaf/h76_hight_aug_34aug88.jpg,Tomato_Healthy_leaf,Tomato_Healthy_leaf,0.9999994039535522,1,1.164210319519043,8.331625938415527,0.17600154876708984,9.674671173095703
dataset/test/Tomato_Healthy_leaf/h76_hight_aug_35aug93.jpg,Tomato_Healthy_leaf,Tomato_Healthy_leaf,0.999994158744812,1,1.1552295684814453,8.593202590942383,0.1751861572265625,9.926430702209473
dataset/test/Tomato_Healthy_leaf/h76_hightaug17.jpg,Tomato_Healthy_leaf,Tomato_Healthy_leaf,0.9999942779541016,1,1.1305246353149414,8.18134593963623,0.17479801177978516,9.489595413208008
dataset/test/Tomato_Healthy_leaf/h78_change_270_aug_36aug94.jpg,Tomato_Healthy_leaf,Tomato_Healthy_leaf,0.999998927116394,1,1.0945444107055664,8.048864364624023,0.16931629180908203,9.315816879272461
dataset/test/Tomato_Healthy_leaf/h78_change_270_aug_37aug99.jpg,Tomato_Healthy_leaf,Tomato_Healthy_leaf,0.9999606609344482,1,1.1056737899780273,8.208050727844238,0.16785335540771484,9.485076904296875
dataset/test/Tomato_Healthy_leaf/h78_change_270aug18.jpg,Tomato_Healthy_leaf,Tomato_Healthy_leaf,0.9999676942825317,1,1.1353778839111328,8.013346672058105,0.1651134490966797,9.316410064697266
dataset/test/Tomato_Healthy_leaf/h7_lower_aug_44aug87.jpg,Tomato_Healthy_leaf,Tomato_Healthy_leaf,0.9997333884239197,1,1.1192665100097656,7.852380752563477,0.16961193084716797,9.144259452819824
dataset/test/Tomato_Healthy_leaf/h7_lower_aug_45aug79.jpg,Tomato_Healthy_leaf,Tomato_Healthy_leaf,0.99980229139328,1,1.1194877624511719,8.054383277893066,0.16881561279296875,9.345501899719238
dataset/test/Tomato_Healthy_leaf/h7_loweraug22.jpg,Tomato_Healthy_leaf,Tomato_Healthy_leaf,0.9997386336326599,1,1.1708965301513672,8.078475952148438,0.17048263549804688,9.423057556152344
dataset/test/Tomato_Healthy_leaf/h81_change_180_aug_16aug113.jpg,Tomato_Healthy_leaf,Tomato_Healthy_leaf,0.999637246131897,1,1.1107101440429688,7.994900703430176,0.16996288299560547,9.27876091003418
dataset/test/Tomato_Healthy_leaf/h81_change_180_aug_17aug117.jpg,Tomato_Healthy_leaf,Tomato_Healthy_leaf,0.9998440742492676,1,1.1327838897705078,8.071605682373047,0.1717233657836914,9.378836631774902
dataset/test/Tomato_Healthy_leaf/h81_change_180aug8.jpg,Tomato_Healthy_leaf,Tomato_Healthy_leaf,0.9999675750732422,1,1.159433364868164,8.18210506439209,0.190093994140625,9.534170150756836
dataset/test/Tomato_Healthy_leaf/h84_mirroraug40.jpg,Tomato_Healthy_leaf,Tomato_Healthy_leaf,1.0,1,1.1315641403198242,8.191569328308105,0.21207523345947266,9.538373947143555
dataset/test/Tomato_Healthy_leaf/h8_change_90aug35.jpg,Tomato_Healthy_leaf,Tomato_Healthy_leaf,0.998381495475769,1,1.5028409957885742,10.889030456542969,0.23444557189941406,12.630651473999023
dataset/test/Tomato_Healthy_leaf/h95_mirror_verticalaug46.jpg,Tomato_Healthy_leaf,Tomato_leaf_yellow_curl_virus,0.7979145646095276,0,1.8476037979125977,11.116957664489746,0.2120380401611328,13.180118560791016
dataset/test/Tomato_Healthy_leaf/h96_change_270aug47.jpg,Tomato_Healthy_leaf,Tomato_Healthy_leaf,0.9983115196228027,1,1.5266761779785156,18.252537727355957,0.21451950073242188,19.997511863708496
dataset/test/Tomato_Healthy_leaf/h96_mirror_vertical_aug_14aug107.jpg,Tomato_Healthy_leaf,Tomato_Healthy_leaf,0.9999970197677612,1,1.6869182586669922,20.79990577697754,0.21465015411376953,22.70528793334961
dataset/test/Tomato_Healthy_leaf/h96_mirror_vertical_aug_15aug112.jpg,Tomato_Healthy_leaf,Tomato_Healthy_leaf,0.9999872446060181,1,1.557713508605957,14.740832328796387,0.21596431732177734,16.51856517791748
dataset/test/Tomato_Healthy_leaf/h96_mirror_verticalaug7.jpg,Tomato_Healthy_leaf,Tomato_Healthy_leaf,0.9999977350234985,1,1.629547119140625,10.916603088378906,0.2171497344970703,12.767263412475586
dataset/test/Tomato_Healthy_leaf/h99_hight_aug_32aug92.jpg,Tomato_Healthy_leaf,Tomato_Healthy_leaf,0.9999434947967529,1,1.7513437271118164,8.726480484008789,0.17255592346191406,10.65323257446289
dataset/test/Tomato_Healthy_leaf/h99_hight_aug_33aug101.jpg,Tomato_Healthy_leaf,Tomato_Healthy_leaf,0.9997519850730896,1,1.14508056640625,8.221217155456543,0.22907543182373047,9.597909927368164
dataset/test/Tomato_Healthy_leaf/h99_hightaug16.jpg,Tomato_Healthy_leaf,Tomato_Healthy_leaf,0.9997784495353699,1,1.1420440673828125,8.435348510742188,0.1734638214111328,9.754003524780273
dataset/test/Tomato_Healthy_leaf/h99_lower_aug_46aug78.jpg,Tomato_Healthy_leaf,Tomato_Healthy_leaf,0.9979451298713684,1,1.164266586303711,8.442978858947754,0.17216777801513672,9.782430648803711
dataset/test/Tomato_Healthy_leaf/h99_lower_aug_47aug81.jpg,Tomato_Healthy_leaf,Tomato_Healthy_leaf,0.9969478249549866,1,1.1883764266967773,8.17117977142334,0.17359447479248047,9.535892486572266
dataset/test/Tomato_Healthy_leaf/h99_loweraug23.jpg,Tomato_Healthy_leaf,Tomato_Healthy_leaf,0.9991238713264465,1,1.1809711456298828,8.150050163269043,0.17446422576904297,9.508077621459961
dataset/test/Tomato_Healthy_leaf/h9_change_180_aug_48aug86.jpg,Tomato_Healthy_leaf,Tomato_Healthy_leaf,0.9998975992202759,1,1.1390438079833984,8.197087287902832,0.1729450225830078,9.511576652526855
dataset/test/Tomato_Healthy_leaf/h9_change_180_aug_49aug85.jpg,Tomato_Healthy_leaf,Tomato_Healthy_leaf,0.9998862743377686,1,1.1419696807861328,8.273755073547363,0.17114925384521484,9.589484214782715
dataset/test/Tomato_Healthy_leaf/h9_change_180aug24.jpg,Tomato_Healthy_leaf,Tomato_Healthy_leaf,0.9999254941940308,1,1.1430988311767578,8.03253173828125,0.17352008819580078,9.352076530456543
dataset/test/Tomato_Healthy_leaf/russian-2-319-dt-2010-leaves-high-tunnel-9-29-2014-c_jpg.rf.7ef5d3901dbeaf27776a27bfc8197b72_aug_0aug52.jpg,Tomato_Healthy_leaf,Tomato_Healthy_leaf,0.9999879598617554,1,1.2817859649658203,8.190716743469238,0.17366695404052734,9.648725509643555
dataset/test/Tomato_Healthy_leaf/russian-2-319-dt-2010-leaves-high-tunnel-9-29-2014-c_jpg.rf.7ef5d3901dbeaf27776a27bfc8197b72_aug_1aug58.jpg,Tomato_Healthy_leaf,Tomato_Healthy_leaf,0.9999101161956787,1,1.2578964233398438,8.566829681396484,0.2149829864501953,10.042617797851562
dataset/test/Tomato_Healthy_leaf/russian-2-319-dt-2010-leaves-high-tunnel-9-29-2014-c_jpg.rf.7ef5d3901dbeaf27776a27bfc8197b72aug0.jpg,Tomato_Healthy_leaf,Tomato_Healthy_leaf,0.9999896287918091,1,1.6776227951049805,11.001900672912598,0.20983505249023438,12.89293098449707
dataset/test/Tomato_Healthy_leaf/unnamed_aug_64aug64.jpg,Tomato_Healthy_leaf,Tomato_mold_leaf,0.7707646489143372,0,1.4912490844726562,12.154963493347168,0.21216869354248047,13.86227035522461
dataset/test/Tomato_Healthy_leaf/unnamed_aug_65aug60.jpg,Tomato_Healthy_leaf,Tomato_mold_leaf,0.587438702583313,0,1.4784154891967773,10.97738265991211,0.21214962005615234,12.671542167663574
dataset/test/Tomato_Healthy_leaf/unnamedaug32.jpg,Tomato_Healthy_leaf,Tomato_Healthy_leaf,0.5419002175331116,1,1.6392316818237305,11.401922225952148,0.22820568084716797,13.27280330657959
dataset/test/Tomato_Septoria_leaf_spot/1723454507354_aug_44aug83.jpg,Tomato_Septoria_leaf_spot,Tomato_Septoria_leaf_spot,0.7982269525527954,1,1.6185302734375,10.96910572052002,0.2139453887939453,12.805283546447754
dataset/test/Tomato_Septoria_leaf_spot/1723454507354_aug_45aug80.jpg,Tomato_Septoria_leaf_spot,Tomato_Septoria_leaf_spot,0.9720500111579895,1,1.4758977890014648,10.900086402893066,0.21351909637451172,12.592836380004883
dataset/test/Tomato_Septoria_leaf_spot/1723454507354aug22.jpg,Tomato_Septoria_leaf_spot,Tomato_Septoria_leaf_spot,0.993701696395874,1,1.4864892959594727,11.009050369262695,0.21131610870361328,12.710003852844238
dataset/test/Tomato_Septoria_leaf_spot/1723454507465_aug_58aug67.jpg,Tomato_Septoria_leaf_spot,Tomato_Septoria_leaf_spot,0.7428173422813416,1,1.4921951293945312,10.130525588989258,0.1701679229736328,11.795610427856445
dataset/test/Tomato_Septoria_leaf_spot/1723454507465_aug_59aug66.jpg,Tomato_Septoria_leaf_spot,Tomato_Septoria_leaf_spot,0.6850857734680176,1,1.152876853942871,8.004809379577637,0.16992568969726562,9.330334663391113
dataset/test/Tomato_Septoria_leaf_spot/1723454507465aug29.jpg,Tomato_Septoria_leaf_spot,Tomato_Septoria_leaf_spot,0.5758501887321472,1,1.1674137115478516,8.22942066192627,0.17046356201171875,9.569836616516113
dataset/test/Tomato_Septoria_leaf_spot/5454635393351680.jpeg_aug_14aug115.jpg,Tomato_Septoria_leaf_spot,Tomato_mold_leaf,0.5968755483627319,0,1.1150627136230469,8.0428466796875,0.18146324157714844,9.342982292175293
dataset/test/Tomato_Septoria_leaf_spot/5454635393351680.jpeg_aug_15aug46.jpg,Tomato_Septoria_leaf_spot,Tomato_Septoria_leaf_spot,0.8993951082229614,1,1.1257305145263672,8.066143035888672,0.17055606842041016,9.365206718444824
dataset/test/Tomato_Septoria_leaf_spot/5454635393351680.jpegaug7.jpg,Tomato_Septoria_leaf_spot,Tomato_Septoria_leaf_spot,0.7753103375434875,1,1.1482858657836914,8.01090145111084,0.17194557189941406,9.333538055419922
dataset/test/Tomato_Septoria_leaf_spot/6134794031202304-600x272-jpeg_jpg.rf.5482c323fe160b26426628094ae3646baug42.jpg,Tomato_Septoria_leaf_spot,Tomato_Septoria_leaf_spot,0.9909427762031555,1,1.140432357788086,8.250162124633789,0.16983413696289062,9.563243865966797
dataset/test/Tomato_Septoria_leaf_spot/66e7583ebe11cf0bd06435e4167bd4fdaug41.jpg,Tomato_Septoria_leaf_spot,Tomato_Septoria_leaf_spot,0.9977688789367676,1,1.1069135665893555,8.035309791564941,0.16990947723388672,9.314538955688477
dataset/test/Tomato_Septoria_leaf_spot/8_20mistakes_204_aug_72aug61.jpg,Tomato_Septoria_leaf_spot,Tomato_Early_blight_leaf,0.4244084656238556,0,1.1617116928100586,8.174124717712402,0.16881656646728516,9.507298469543457
dataset/test/Tomato_Septoria_leaf_spot/8_20mistakes_204_aug_73aug62.jpg,Tomato_Septoria_leaf_spot,Tomato_Early_blight_leaf,0.37091296911239624,0,1.12115478515625,8.136123657226562,0.1702423095703125,9.42983627319336
dataset/test/Tomato_Septoria_leaf_spot/8_20mistakes_204aug36.jpg,Tomato_Septoria_leaf_spot,Tomato_Early_blight_leaf,0.4155430793762207,0,1.1186180114746094,8.000456809997559,0.16566848754882812,9.287002563476562
dataset/test/Tomato_Septoria_leaf_spot/Gls11_mirror_vertical_aug_42aug85.jpg,Tomato_Septoria_leaf_spot,Tomato_Septoria_leaf_spot,0.9898560047149658,1,1.1302289962768555,7.881011009216309,0.1750202178955078,9.188705444335938
dataset/test/Tomato_Septoria_leaf_spot/Gls11_mirror_vertical_aug_43aug86.jpg,Tomato_Septoria_leaf_spot,Tomato_Septoria_leaf_spot,0.8985921740531921,1,1.1044330596923828,8.01552963256836,0.18035316467285156,9.303483009338379
dataset/test/Tomato_Septoria_leaf_spot/Gls11_mirror_verticalaug21.jpg,Tomato_Septoria_leaf_spot,Tomato_Septoria_leaf_spot,0.9919667840003967,1,1.1118602752685547,8.06641960144043,0.17166805267333984,9.35250186920166
dataset/test/Tomato_Septoria_leaf_spot/Gls12_mirror_aug_46aug81.jpg,Tomato_Septoria_leaf_spot,Tomato_Septoria_leaf_spot,0.9468978643417358,1,1.1416358947753906,8.02164077758789,0.17107486724853516,9.337575912475586
dataset/test/Tomato_Septoria_leaf_spot/Gls12_mirror_aug_47aug92.jpg,Tomato_Septoria_leaf_spot,Tomato_Septoria_leaf_spot,0.840453565120697,1,1.1120996475219727,8.054438591003418,0.17026138305664062,9.339944839477539
dataset/test/Tomato_Septoria_leaf_spot/Gls12_mirroraug23.jpg,Tomato_Septoria_leaf_spot,Tomato_Septoria_leaf_spot,0.9515844583511353,1,1.1027288436889648,7.981511116027832,0.17018604278564453,9.257131576538086
dataset/test/Tomato_Septoria_leaf_spot/Gls1_mirror_aug_38aug82.jpg,Tomato_Septoria_leaf_spot,Tomato_leaf_yellow_curl_virus,0.6970791816711426,0,1.1690998077392578,8.074716567993164,0.16840744018554688,9.415186882019043
dataset/test/Tomato_Septoria_leaf_spot/Gls1_mirror_aug_39aug84.jpg,Tomato_Septoria_leaf_spot,Tomato_Septoria_leaf_spot,0.6647576689720154,1,1.0863590240478516,8.006474494934082,0.1652240753173828,9.260297775268555
dataset/test/Tomato_Septoria_leaf_spot/Gls1_mirroraug19.jpg,Tomato_Septoria_leaf_spot,Tomato_Septoria_leaf_spot,0.8728518486022949,1,1.0980443954467773,7.891568183898926,0.18435287475585938,9.176944732666016
dataset/test/Tomato_Septoria_leaf_spot/Gls21_change_270aug43.jpg,Tomato_Septoria_leaf_spot,Tomato_leaf_late_blight,0.6314692497253418,0,1.2342472076416016,7.888345718383789,0.17064857482910156,9.295853614807129
dataset/test/Tomato_Septoria_leaf_spot/Gls21_hight_aug_56aug78.jpg,Tomato_Septoria_leaf_spot,Tomato_Septoria_leaf_spot,0.7304984927177429,1,1.1516180038452148,7.937067985534668,0.17246341705322266,9.26431655883789
dataset/test/Tomato_Septoria_leaf_spot/Gls21_hight_aug_57aug79.jpg,Tomato_Septoria_leaf_spot,Tomato_Septoria_leaf_spot,0.8306769728660583,1,1.1140069961547852,8.138272285461426,0.17342662811279297,9.428723335266113
dataset/test/Tomato_Septoria_leaf_spot/Gls21_hightaug28.jpg,Tomato_Septoria_leaf_spot,Tomato_Septoria_leaf_spot,0.7114987373352051,1,1.161600112915039,8.204957962036133,0.1722421646118164,9.541743278503418
dataset/test/Tomato_Septoria_leaf_spot/Gls29_change_180_aug_40aug89.jpg,Tomato_Septoria_leaf_spot,Tomato_Septoria_leaf_spot,0.9969795942306519,1,1.1388397216796875,8.14238452911377,0.1725931167602539,9.456262588500977
dataset/test/Tomato_Septoria_leaf_spot/Gls29_change_180_aug_41aug91.jpg,Tomato_Septoria_leaf_spot,Tomato_Septoria_leaf_spot,0.9998196959495544,1,1.119563102722168,8.159662246704102,0.21090984344482422,9.493002891540527
dataset/test/Tomato_Septoria_leaf_spot/Gls29_change_180aug20.jpg,Tomato_Septoria_leaf_spot,Tomato_Septoria_leaf_spot,0.999085545539856,1,1.1130800247192383,13.940345764160156,0.17757415771484375,15.233907699584961
dataset/test/Tomato_Septoria_leaf_spot/Gls36_hight_aug_20aug116.jpg,Tomato_Septoria_leaf_spot,Tomato_Septoria_leaf_spot,0.9546967148780823,1,1.1528396606445312,8.1806058883667,0.17512989044189453,9.511261940002441
dataset/test/Tomato_Septoria_leaf_spot/Gls36_hight_aug_21aug118.jpg,Tomato_Septoria_leaf_spot,Tomato_Septoria_leaf_spot,0.9532039165496826,1,1.1034326553344727,8.620386123657227,0.17520523071289062,9.901689529418945
dataset/test/Tomato_Septoria_leaf_spot/Gls36_hightaug10.jpg,Tomato_Septoria_leaf_spot,Tomato_Septoria_leaf_spot,0.9370211958885193,1,1.1765632629394531,8.459494590759277,0.17281532287597656,9.811283111572266
dataset/test/Tomato_Septoria_leaf_spot/Gls41_change_270_aug_50aug90.jpg,Tomato_Septoria_leaf_spot,Tomato_Septoria_leaf_spot,0.3099897503852844,1,1.1758222579956055,8.543794631958008,0.17168617248535156,9.893708229064941
dataset/test/Tomato_Septoria_leaf_spot/Gls41_change_270_aug_51aug77.jpg,Tomato_Septoria_leaf_spot,Tomato_Septoria_leaf_spot,0.9705579280853271,1,1.1557483673095703,8.511682510375977,0.17340850830078125,9.843318939208984
dataset/test/Tomato_Septoria_leaf_spot/Gls41_change_270aug25.jpg,Tomato_Septoria_leaf_spot,Tomato_Septoria_leaf_spot,0.5992922782897949,1,1.1375808715820312,8.541070938110352,0.17583465576171875,9.85761547088623
dataset/test/Tomato_Septoria_leaf_spot/Gls43_change_90_aug_60aug75.jpg,Tomato_Septoria_leaf_spot,Tomato_Septoria_leaf_spot,0.9789180159568787,1,1.115488052368164,8.369088172912598,0.17281627655029297,9.66077995300293
dataset/test/Tomato_Septoria_leaf_spot/Gls43_change_90_aug_61aug73.jpg,Tomato_Septoria_leaf_spot,Tomato_Septoria_leaf_spot,0.9668483138084412,1,1.1513214111328125,8.556960105895996,0.1782970428466797,9.889801025390625
dataset/test/Tomato_Septoria_leaf_spot/Gls43_change_90aug30.jpg,Tomato_Septoria_leaf_spot,Tomato_Septoria_leaf_spot,0.9491512179374695,1,1.136357307434082,8.416069984436035,0.17759418487548828,9.733116149902344
dataset/test/Tomato_Septoria_leaf_spot/Gls46_change_90_aug_6aug53.jpg,Tomato_Septoria_leaf_spot,Tomato_Septoria_leaf_spot,0.9760514497756958,1,1.1977853775024414,8.337939262390137,0.16818618774414062,9.706466674804688
dataset/test/Tomato_Septoria_leaf_spot/Gls46_change_90_aug_7aug56.jpg,Tomato_Septoria_leaf_spot,Tomato_Septoria_leaf_spot,0.983532190322876,1,1.1563405990600586,8.17797565460205,0.1900014877319336,9.527076721191406
dataset/test/Tomato_Septoria_leaf_spot/Gls46_change_90aug3.jpg,Tomato_Septoria_leaf_spot,Tomato_Septoria_leaf_spot,0.9840925931930542,1,1.288766860961914,8.170551300048828,0.1747598648071289,9.636874198913574
dataset/test/Tomato_Septoria_leaf_spot/Gls47aug44.jpg,Tomato_Septoria_leaf_spot,Tomato_Septoria_leaf_spot,0.9924005270004272,1,1.1575984954833984,8.258810043334961,0.18074321746826172,9.600984573364258
dataset/test/Tomato_Septoria_leaf_spot/Gls76_aug_34aug97.jpg,Tomato_Septoria_leaf_spot,Tomato_mold_leaf,0.4089581370353699,0,1.153228759765625,8.169031143188477,0.1732044219970703,9.49820613861084
dataset/test/Tomato_Septoria_leaf_spot/Gls76_aug_35aug103.jpg,Tomato_Septoria_leaf_spot,Tomato_mold_leaf,0.44557979702949524,0,1.1832857131958008,8.304494857788086,0.17513179779052734,9.665762901306152
dataset/test/Tomato_Septoria_leaf_spot/Gls76_change_180_aug_30aug96.jpg,Tomato_Septoria_leaf_spot,Tomato_mold_leaf,0.7506457567214966,0,1.1420822143554688,9.239630699157715,0.17694664001464844,10.561285972595215
dataset/test/Tomato_Septoria_leaf_spot/Gls76_change_180_aug_31aug100.jpg,Tomato_Septoria_leaf_spot,Tomato_Early_blight_leaf,0.7159138321876526,0,1.197340965270996,8.574386596679688,0.175445556640625,9.949949264526367
dataset/test/Tomato_Septoria_leaf_spot/Gls76_change_180aug15.jpg,Tomato_Septoria_leaf_spot,Tomato_Early_blight_leaf,0.4078827202320099,0,1.1598587036132812,8.284884452819824,0.17487239837646484,9.622613906860352
dataset/test/Tomato_Septoria_leaf_spot/Gls76aug17.jpg,Tomato_Septoria_leaf_spot,Tomato_mold_leaf,0.5102552175521851,0,1.1897478103637695,8.330977439880371,0.1740560531616211,9.697578430175781
dataset/test/Tomato_Septoria_leaf_spot/Gls7_change_270_aug_64aug68.jpg,Tomato_Septoria_leaf_spot,Tomato_Septoria_leaf_spot,0.9887385368347168,1,1.1590986251831055,8.56758975982666,0.17400169372558594,9.903874397277832
dataset/test/Tomato_Septoria_leaf_spot/Gls7_change_270_aug_65aug71.jpg,Tomato_Septoria_leaf_spot,Tomato_Septoria_leaf_spot,0.968936026096344,1,1.199747085571289,8.343347549438477,0.1744089126586914,9.7205228805542
dataset/test/Tomato_Septoria_leaf_spot/Gls7_change_270aug32.jpg,Tomato_Septoria_leaf_spot,Tomato_Septoria_leaf_spot,0.9951371550559998,1,1.1427288055419922,8.324735641479492,0.18520545959472656,9.655965805053711
dataset/test/Tomato_Septoria_leaf_spot/Gls7_lower_aug_0aug57.jpg,Tomato_Septoria_leaf_spot,Tomato_Septoria_leaf_spot,0.5925960540771484,1,1.154433250427246,8.357995986938477,0.21559429168701172,9.73080062866211
dataset/test/Tomato_Septoria_leaf_spot/Gls7_lower_aug_1aug52.jpg,Tomato_Septoria_leaf_spot,Tomato_Septoria_leaf_spot,0.8543959259986877,1,1.152247428894043,8.320070266723633,0.17485332489013672,9.649725914001465
dataset/test/Tomato_Septoria_leaf_spot/Gls7_loweraug0.jpg,Tomato_Septoria_leaf_spot,Tomato_Septoria_leaf_spot,0.9173968434333801,1,1.1472110748291016,8.306587219238281,0.17324256896972656,9.630003929138184
dataset/test/Tomato_Septoria_leaf_spot/Gls81_lower_aug_2aug51.jpg,Tomato_Septoria_leaf_spot,Tomato_Septoria_leaf_spot,0.9959651231765747,1,1.1250991821289062,8.523683547973633,0.21022319793701172,9.8618745803833
dataset/test/Tomato_Septoria_leaf_spot/Gls81_lower_aug_3aug54.jpg,Tomato_Septoria_leaf_spot,Tomato_Septoria_leaf_spot,0.991365909576416,1,1.4053421020507812,10.967215538024902,0.2206878662109375,12.597021102905273
dataset/test/Tomato_Septoria_leaf_spot/Gls81_loweraug1.jpg,Tomato_Septoria_leaf_spot,Tomato_Septoria_leaf_spot,0.9993672966957092,1,1.4273796081542969,10.99625301361084,0.21001815795898438,12.636818885803223
dataset/test/Tomato_Septoria_leaf_spot/IMG-20240812-WA0213_aug_70aug59.jpg,Tomato_Septoria_leaf_spot,Tomato_Early_blight_leaf,0.9814395308494568,0,1.5903997421264648,10.871158599853516,0.21157455444335938,12.676799774169922
dataset/test/Tomato_Septoria_leaf_spot/IMG-20240812-WA0213_aug_71aug60.jpg,Tomato_Septoria_leaf_spot,Tomato_Early_blight_leaf,0.9928775429725647,0,1.5797510147094727,10.882530212402344,0.21205711364746094,12.677725791931152
dataset/test/Tomato_Septoria_leaf_spot/IMG-20240812-WA0213aug35.jpg,Tomato_Septoria_leaf_spot,Tomato_Early_blight_leaf,0.7941522002220154,0,1.5823993682861328,10.969419479370117,0.20935344696044922,12.764947891235352
dataset/test/Tomato_Septoria_leaf_spot/Original_e-blight.JPG.rend.hgtvcom.966.725.jpeg_aug_52aug74.jpg,Tomato_Septoria_leaf_spot,Tomato_Septoria_leaf_spot,0.9997406601905823,1,1.5041570663452148,10.970864295959473,0.2134084701538086,12.692523956298828
dataset/test/Tomato_Septoria_leaf_spot/Original_e-blight.JPG.rend.hgtvcom.966.725.jpeg_aug_53aug76.jpg,Tomato_Septoria_leaf_spot,Tomato_Septoria_leaf_spot,0.9946097135543823,1,1.5003986358642578,10.88571548461914,0.2130756378173828,12.602745056152344
dataset/test/Tomato_Septoria_leaf_spot/Original_e-blight.JPG.rend.hgtvcom.966.725.jpegaug26.jpg,Tomato_Septoria_leaf_spot,Tomato_Septoria_leaf_spot,0.9998743534088135,1,1.5011377334594727,10.887048721313477,0.18050193786621094,12.571966171264648
dataset/test/Tomato_Septoria_leaf_spot/SS_ (990)_aug_24aug107.jpg,Tomato_Septoria_leaf_spot,Tomato_Septoria_leaf_spot,0.9657833576202393,1,1.121856689453125,7.66964054107666,0.16588973999023438,8.959943771362305
dataset/test/Tomato_Septoria_leaf_spot/SS_ (990)_aug_25aug113.jpg,Tomato_Septoria_leaf_spot,Tomato_Septoria_leaf_spot,0.9305667877197266,1,1.1455631256103516,7.800010681152344,0.16683483123779297,9.115055084228516
dataset/test/Tomato_Septoria_leaf_spot/SS_ (990)aug12.jpg,Tomato_Septoria_leaf_spot,Tomato_Septoria_leaf_spot,0.9996559619903564,1,1.0890436172485352,7.724973678588867,0.1669464111328125,8.9832763671875
dataset/test/Tomato_Septoria_leaf_spot/Septoria_tomato_Margaret-20B_p8170755_0002_25004_jpg.rf.3fbb14d553c623c77f342b3a54baddab_aug_66aug70.jpg,Tomato_Septoria_leaf_spot,Tomato_mold_leaf,0.5014218688011169,0,1.1593217849731445,7.761788368225098,0.16568660736083984,9.089778900146484
dataset/test/Tomato_Septoria_leaf_spot/Septoria_tomato_Margaret-20B_p8170755_0002_25004_jpg.rf.3fbb14d553c623c77f342b3a54baddab_aug_67aug63.jpg,Tomato_Septoria_leaf_spot,Tomato_Septoria_leaf_spot,0.9786108136177063,1,1.1299495697021484,7.786308288574219,0.1691131591796875,9.088055610656738
dataset/test/Tomato_Septoria_leaf_spot/Septoria_tomato_Margaret-20B_p8170755_0002_25004_jpg.rf.3fbb14d553c623c77f342b3a54baddabaug33.jpg,Tomato_Septoria_leaf_spot,Tomato_Septoria_leaf_spot,0.9803361296653748,1,1.1665620803833008,7.871121406555176,0.16490745544433594,9.205167770385742
dataset/test/Tomato_Septoria_leaf_spot/Tomato-Plant-with-Septoria-Leaf-Spot_aug_68aug65.jpg,Tomato_Septoria_leaf_spot,Tomato_mold_leaf,0.7198082804679871,0,1.1100444793701172,7.7318620681762695,0.1628704071044922,9.007574081420898
dataset/test/Tomato_Septoria_leaf_spot/Tomato-Plant-with-Septoria-Leaf-Spot_aug_69aug64.jpg,Tomato_Septoria_leaf_spot,Tomato_mold_leaf,0.7330668568611145,0,1.1679162979125977,7.5881757736206055,0.16766834259033203,8.926407814025879
dataset/test/Tomato_Septoria_leaf_spot/Tomato-Plant-with-Septoria-Leaf-Spotaug34.jpg,Tomato_Septoria_leaf_spot,Tomato_mold_leaf,0.9239875674247742,0,1.2104339599609375,9.451891899108887,0.15589046478271484,10.820862770080566
dataset/test/Tomato_Septoria_leaf_spot/b54d0e40027ff5e90e8ba7e1e9abf9bdaug39.jpg,Tomato_Septoria_leaf_spot,Tomato_Septoria_leaf_spot,0.9995549321174622,1,1.0416364669799805,11.99377727508545,0.1687030792236328,13.207118034362793
dataset/test/Tomato_Septoria_leaf_spot/classic-septoria_aug_10aug48.jpg,Tomato_Septoria_leaf_spot,Tomato_Septoria_leaf_spot,0.6443772912025452,1,1.1522092819213867,8.827683448791504,0.17322349548339844,10.156414985656738
dataset/test/Tomato_Septoria_leaf_spot/classic-septoria_aug_11aug49.jpg,Tomato_Septoria_leaf_spot,Tomato_Septoria_leaf_spot,0.8927885293960571,1,1.1890249252319336,8.270625114440918,0.17516803741455078,9.637632369995117
dataset/test/Tomato_Septoria_leaf_spot/classic-septoriaaug5.jpg,Tomato_Septoria_leaf_spot,Tomato_Septoria_leaf_spot,0.8847339153289795,1,1.2563238143920898,18.6765775680542,0.1779460906982422,20.113698959350586
dataset/test/Tomato_Septoria_leaf_spot/early+blight+on+leaf+yel+halo+IMG_2313.JPG_aug_62aug69.jpg,Tomato_Septoria_leaf_spot,Tomato_Septoria_leaf_spot,0.9996395111083984,1,1.185506820678711,11.32877254486084,0.17594623565673828,12.6929292678833
dataset/test/Tomato_Septoria_leaf_spot/early+blight+on+leaf+yel+halo+IMG_2313.JPG_aug_63aug72.jpg,Tomato_Septoria_leaf_spot,Tomato_Septoria_leaf_spot,0.9904758930206299,1,1.324249267578125,9.054981231689453,0.17385292053222656,10.556249618530273
dataset/test/Tomato_Septoria_leaf_spot/early+blight+on+leaf+yel+halo+IMG_2313.JPGaug31.jpg,Tomato_Septoria_leaf_spot,Tomato_Septoria_leaf_spot,0.997759222984314,1,1.2314338684082031,8.59781265258789,0.17542743682861328,10.007858276367188
dataset/test/Tomato_Septoria_leaf_spot/early-blight-of-tomato-tomato-1aug38.jpg,Tomato_Septoria_leaf_spot,Tomato_Septoria_leaf_spot,0.9641603827476501,1,1.3226757049560547,8.311809539794922,0.1767416000366211,9.813709259033203
dataset/test/Tomato_Septoria_leaf_spot/eblight5_aug_18aug110.jpg,Tomato_Septoria_leaf_spot,Tomato_Septoria_leaf_spot,0.9911235570907593,1,1.1035995483398438,8.205551147460938,0.1800374984741211,9.492391586303711
dataset/test/Tomato_Septoria_leaf_spot/eblight5_aug_19aug117.jpg,Tomato_Septoria_leaf_spot,Tomato_Septoria_leaf_spot,0.9722840189933777,1,1.1430444717407227,8.0774564743042,0.16094493865966797,9.383947372436523
dataset/test/Tomato_Septoria_leaf_spot/eblight5aug9.jpg,Tomato_Septoria_leaf_spot,Tomato_Septoria_leaf_spot,0.9723327159881592,1,1.0491180419921875,7.973955154418945,0.17253780364990234,9.198408126831055
dataset/test/Tomato_Septoria_leaf_spot/images (1)_aug_54aug93.jpg,Tomato_Septoria_leaf_spot,Tomato_Septoria_leaf_spot,0.9976772665977478,1,1.2086191177368164,8.072253227233887,0.17209339141845703,9.455336570739746
dataset/test/Tomato_Septoria_leaf_spot/images (1)_aug_55aug87.jpg,Tomato_Septoria_leaf_spot,Tomato_Septoria_leaf_spot,0.9916349649429321,1,1.153860092163086,8.123939514160156,0.17351913452148438,9.454483985900879
dataset/test/Tomato_Septoria_leaf_spot/images (1)aug27.jpg,Tomato_Septoria_leaf_spot,Tomato_Septoria_leaf_spot,0.9947361350059509,1,1.1083955764770508,8.179346084594727,0.1772594451904297,9.467909812927246
dataset/test/Tomato_Septoria_leaf_spot/tomato-blight-treatment-blight_jpg.rf.78cbf6055199828cb682fd0a6435a157_aug_74aug58.jpg,Tomato_Septoria_leaf_spot,Tomato_Septoria_leaf_spot,0.9737529158592224,1,1.1270627975463867,8.162715911865234,0.21578025817871094,9.508559226989746
dataset/test/Tomato_Septoria_leaf_spot/tomato-blight-treatment-blight_jpg.rf.78cbf6055199828cb682fd0a6435a157aug37.jpg,Tomato_Septoria_leaf_spot,Tomato_Septoria_leaf_spot,0.9737357497215271,1,1.1208229064941406,8.129864692687988,0.1733531951904297,9.426485061645508
dataset/test/Tomato_Septoria_leaf_spot/tomato-early-blight-e1437503226856_aug_4aug50.jpg,Tomato_Septoria_leaf_spot,Tomato_Septoria_leaf_spot,0.9996249675750732,1,1.152674674987793,8.148975372314453,0.18222332000732422,9.487668991088867
dataset/test/Tomato_Septoria_leaf_spot/tomato-early-blight-e1437503226856_aug_5aug55.jpg,Tomato_Septoria_leaf_spot,Tomato_Septoria_leaf_spot,0.9973466396331787,1,1.2021198272705078,8.299142837524414,0.17237186431884766,9.676578521728516
dataset/test/Tomato_Septoria_leaf_spot/tomato-early-blight-e1437503226856aug2.jpg,Tomato_Septoria_leaf_spot,Tomato_Septoria_leaf_spot,0.9988625049591064,1,1.1642284393310547,8.292754173278809,0.17187118530273438,9.631613731384277
dataset/test/Tomato_Septoria_leaf_spot/tomato-early-blightH_jpg.rf.2633fbae0a933eb2711cb8466f34aca1_aug_12aug119.jpg,Tomato_Septoria_leaf_spot,Tomato_Septoria_leaf_spot,0.8891128301620483,1,1.2154722213745117,8.2382173538208,0.1736316680908203,9.629799842834473
dataset/test/Tomato_Septoria_leaf_spot/tomato-early-blightH_jpg.rf.2633fbae0a933eb2711cb8466f34aca1_aug_13aug114.jpg,Tomato_Septoria_leaf_spot,Tomato_Septoria_leaf_spot,0.995376706123352,1,1.1980438232421875,8.119494438171387,0.17333412170410156,9.493836402893066
dataset/test/Tomato_Septoria_leaf_spot/tomato-early-blightH_jpg.rf.2633fbae0a933eb2711cb8466f34aca1aug6.jpg,Tomato_Septoria_leaf_spot,Tomato_Septoria_leaf_spot,0.9976834058761597,1,1.2352294921875,12.288963317871094,0.22114944458007812,13.749418258666992
dataset/test/Tomato_Septoria_leaf_spot/tomato-septoria-3-500x384_aug_32aug104.jpg,Tomato_Septoria_leaf_spot,Tomato_Septoria_leaf_spot,0.9327303171157837,1,1.5243053436279297,10.827510833740234,0.2114095687866211,12.566670417785645
dataset/test/Tomato_Septoria_leaf_spot/tomato-septoria-3-500x384_aug_33aug106.jpg,Tomato_Septoria_leaf_spot,Tomato_Septoria_leaf_spot,0.9912343621253967,1,1.5342683792114258,10.959900856018066,0.2121124267578125,12.710151672363281
dataset/test/Tomato_Septoria_leaf_spot/tomato-septoria-3-500x384_jpg.rf.40a23512bd3b6d8df2115d7f591913fb_aug_16aug112.jpg,Tomato_Septoria_leaf_spot,Tomato_Septoria_leaf_spot,0.998397171497345,1,1.5796012878417969,10.919548034667969,0.2247610092163086,12.72796630859375
dataset/test/Tomato_Septoria_leaf_spot/tomato-septoria-3-500x384_jpg.rf.40a23512bd3b6d8df2115d7f591913fb_aug_17aug111.jpg,Tomato_Septoria_leaf_spot,Tomato_Septoria_leaf_spot,0.9975634813308716,1,1.5127506256103516,11.009142875671387,0.20894432067871094,12.734003067016602
dataset/test/Tomato_Septoria_leaf_spot/tomato-septoria-3-500x384_jpg.rf.40a23512bd3b6d8df2115d7f591913fbaug8.jpg,Tomato_Septoria_leaf_spot,Tomato_Septoria_leaf_spot,0.999394416809082,1,1.4909353256225586,10.889474868774414,0.21085357666015625,12.594688415527344
dataset/test/Tomato_Septoria_leaf_spot/tomato-septoria-3-500x384aug16.jpg,Tomato_Septoria_leaf_spot,Tomato_Septoria_leaf_spot,0.9965483546257019,1,1.5307693481445312,10.891973495483398,0.21302032470703125,12.639558792114258
dataset/test/Tomato_Septoria_leaf_spot/tomato-septoria-5_jpg.rf.fab97ae4bb3726e33dcbde7262ec6a65aug40.jpg,Tomato_Septoria_leaf_spot,Tomato_Septoria_leaf_spot,0.9996908903121948,1,1.544677734375,10.879307746887207,0.21329784393310547,12.640669822692871
dataset/test/Tomato_Septoria_leaf_spot/tomato-septoria-leaf-spot--_aug_22aug109.jpg,Tomato_Septoria_leaf_spot,Tomato_Septoria_leaf_spot,0.3836512267589569,1,1.464303970336914,7.891474723815918,0.16914939880371094,9.527854919433594
dataset/test/Tomato_Septoria_leaf_spot/tomato-septoria-leaf-spot--_aug_23aug108.jpg,Tomato_Septoria_leaf_spot,Tomato_Early_blight_leaf,0.8458662629127502,0,1.1562118530273438,7.743955612182617,0.16724205017089844,9.07009220123291
dataset/test/Tomato_Septoria_leaf_spot/tomato-septoria-leaf-spot--_jpg.rf.06783859d6d3e49976374e4146674e0b_aug_48aug94.jpg,Tomato_Septoria_leaf_spot,Tomato_Septoria_leaf_spot,0.9225113391876221,1,1.1454505920410156,7.876289367675781,0.16664886474609375,9.19122314453125
dataset/test/Tomato_Septoria_leaf_spot/tomato-septoria-leaf-spot--_jpg.rf.06783859d6d3e49976374e4146674e0b_aug_49aug88.jpg,Tomato_Septoria_leaf_spot,Tomato_Septoria_leaf_spot,0.5673463940620422,1,1.2491731643676758,7.771417617797852,0.1693706512451172,9.192795753479004
dataset/test/Tomato_Septoria_leaf_spot/tomato-septoria-leaf-spot--_jpg.rf.06783859d6d3e49976374e4146674e0baug24.jpg,Tomato_Septoria_leaf_spot,Tomato_Early_blight_leaf,0.34592849016189575,0,1.1828594207763672,7.78128719329834,0.16864967346191406,9.135666847229004
dataset/test/Tomato_Septoria_leaf_spot/tomato-septoria-leaf-spot--_jpg.rf.5e63d9a20f5557b9bb3617e79b48ef85_aug_26aug95.jpg,Tomato_Septoria_leaf_spot,Tomato_Early_blight_leaf,0.666526734828949,0,1.1748771667480469,7.709157943725586,0.1666851043701172,9.05314826965332
dataset/test/Tomato_Septoria_leaf_spot/tomato-septoria-leaf-spot--_jpg.rf.5e63d9a20f5557b9bb3617e79b48ef85_aug_27aug101.jpg,Tomato_Septoria_leaf_spot,Tomato_Septoria_leaf_spot,0.8361212611198425,1,1.1809701919555664,7.821398735046387,0.1658344268798828,9.171092987060547
dataset/test/Tomato_Septoria_leaf_spot/tomato-septoria-leaf-spot--_jpg.rf.5e63d9a20f5557b9bb3617e79b48ef85aug13.jpg,Tomato_Septoria_leaf_spot,Tomato_Septoria_leaf_spot,0.8153843879699707,1,1.1491737365722656,7.773270606994629,0.1721506118774414,9.097371101379395
dataset/test/Tomato_Septoria_leaf_spot/tomato-septoria-leaf-spot--aug11.jpg,Tomato_Septoria_leaf_spot,Tomato_Early_blight_leaf,0.875371515750885,0,1.192026138305664,7.6635284423828125,0.16575908660888672,9.024370193481445
dataset/test/Tomato_Septoria_leaf_spot/tomato-septoria-leaf-spot-_aug_28aug105.jpg,Tomato_Septoria_leaf_spot,Tomato_Septoria_leaf_spot,0.6499748826026917,1,1.1419525146484375,7.616565704345703,0.16725921630859375,8.928369522094727
dataset/test/Tomato_Septoria_leaf_spot/tomato-septoria-leaf-spot-_aug_29aug102.jpg,Tomato_Septoria_leaf_spot,Tomato_Early_blight_leaf,0.6860457062721252,0,1.1963224411010742,7.7576398849487305,0.1675577163696289,9.124000549316406
dataset/test/Tomato_Septoria_leaf_spot/tomato-septoria-leaf-spot-aug14.jpg,Tomato_Septoria_leaf_spot,Tomato_Septoria_leaf_spot,0.9972973465919495,1,1.107468605041504,10.92354965209961,0.2299642562866211,12.265242576599121
dataset/test/Tomato_Septoria_leaf_spot/tomato_D2b-Early-blight---RPitblado_zoom_jpg.rf.93df1c3cb830b3940e4a23a5c4a05598_aug_8aug45.jpg,Tomato_Septoria_leaf_spot,Tomato_Septoria_leaf_spot,0.8653755784034729,1,1.5665092468261719,10.959436416625977,0.22402095794677734,12.753726959228516
dataset/test/Tomato_Septoria_leaf_spot/tomato_D2b-Early-blight---RPitblado_zoom_jpg.rf.93df1c3cb830b3940e4a23a5c4a05598_aug_9aug47.jpg,Tomato_Septoria_leaf_spot,Tomato_Early_blight_leaf,0.5101092457771301,0,1.5935840606689453,10.774547576904297,0.21103954315185547,12.58237361907959
dataset/test/Tomato_Septoria_leaf_spot/tomato_D2b-Early-blight---RPitblado_zoom_jpg.rf.93df1c3cb830b3940e4a23a5c4a05598aug4.jpg,Tomato_Septoria_leaf_spot,Tomato_Septoria_leaf_spot,0.9806633591651917,1,1.5907316207885742,10.880400657653809,0.2109823226928711,12.685429573059082
dataset/test/Tomato_Septoria_leaf_spot/tomatoseptorialeafspotjpg-788d20798a3c74e7_aug_36aug98.jpg,Tomato_Septoria_leaf_spot,Tomato_Septoria_leaf_spot,0.950524091720581,1,1.560638427734375,10.897308349609375,0.21859169006347656,12.680891990661621
dataset/test/Tomato_Septoria_leaf_spot/tomatoseptorialeafspotjpg-788d20798a3c74e7_aug_37aug99.jpg,Tomato_Septoria_leaf_spot,Tomato_Septoria_leaf_spot,0.8692138195037842,1,1.625565528869629,10.93264102935791,0.21335315704345703,12.774819374084473
dataset/test/Tomato_Septoria_leaf_spot/tomatoseptorialeafspotjpg-788d20798a3c74e7aug18.jpg,Tomato_Septoria_leaf_spot,Tomato_Septoria_leaf_spot,0.9980961680412292,1,1.5182313919067383,10.967511177062988,0.19838905334472656,12.687430381774902
dataset/test/Tomato_leaf_late_blight/Gls74_change_90_aug_66aug46.jpg,Tomato_leaf_late_blight,Tomato_leaf_late_blight,0.7853666543960571,1,1.2449150085449219,8.0139741897583,0.1764812469482422,9.438410758972168
dataset/test/Tomato_leaf_late_blight/Gls74_change_90_aug_67aug49.jpg,Tomato_leaf_late_blight,Tomato_leaf_late_blight,0.9422978758811951,1,1.134821891784668,8.072513580322266,0.1732044219970703,9.383243560791016
dataset/test/Tomato_leaf_late_blight/Gls74_change_90_aug_68aug41.jpg,Tomato_leaf_late_blight,Tomato_leaf_late_blight,0.7999346256256104,1,1.1903047561645508,8.05943775177002,0.1742238998413086,9.427058219909668
dataset/test/Tomato_leaf_late_blight/Gls74_change_90aug22.jpg,Tomato_leaf_late_blight,Tomato_leaf_late_blight,0.8817998766899109,1,1.1209135055541992,8.53323745727539,0.17207622528076172,9.829245567321777
dataset/test/Tomato_leaf_late_blight/Gls78_change_270_aug_24aug95.jpg,Tomato_leaf_late_blight,Tomato_leaf_late_blight,0.9644821882247925,1,1.1200437545776367,8.267995834350586,0.17366695404052734,9.564558029174805
dataset/test/Tomato_leaf_late_blight/Gls78_change_270_aug_25aug80.jpg,Tomato_leaf_late_blight,Tomato_leaf_late_blight,0.9821922183036804,1,1.095728874206543,8.118587493896484,0.17187118530273438,9.389168739318848
dataset/test/Tomato_leaf_late_blight/Gls78_change_270_aug_26aug81.jpg,Tomato_leaf_late_blight,Tomato_leaf_yellow_curl_virus,0.9186061024665833,0,1.1121177673339844,8.441143989562988,0.1733541488647461,9.729522705078125
dataset/test/Tomato_leaf_late_blight/Gls78_change_270aug8.jpg,Tomato_leaf_late_blight,Tomato_leaf_late_blight,0.955842137336731,1,1.1384525299072266,8.325439453125,0.1740570068359375,9.640910148620605
dataset/test/Tomato_leaf_late_blight/Gls79_change_270_aug_51aug69.jpg,Tomato_leaf_late_blight,Tomato_leaf_late_blight,0.9965834021568298,1,1.088766098022461,8.422422409057617,0.1705760955810547,9.68448543548584
dataset/test/Tomato_leaf_late_blight/Gls79_change_270_aug_52aug74.jpg,Tomato_leaf_late_blight,Tomato_leaf_late_blight,0.9914815425872803,1,1.1268587112426758,8.163309097290039,0.17325973510742188,9.466447830200195
dataset/test/Tomato_leaf_late_blight/Gls79_change_270_aug_53aug68.jpg,Tomato_leaf_late_blight,Tomato_leaf_late_blight,0.9910467267036438,1,1.0874519348144531,8.252625465393066,0.1748342514038086,9.517318725585938
dataset/test/Tomato_leaf_late_blight/Gls79_change_270aug17.jpg,Tomato_leaf_late_blight,Tomato_leaf_late_blight,0.9963243007659912,1,1.2326364517211914,8.247976303100586,0.1702423095703125,9.653651237487793
dataset/test/Tomato_leaf_late_blight/Gls79_change_90_aug_27aug85.jpg,Tomato_leaf_late_blight,Tomato_leaf_late_blight,0.999637246131897,1,1.1276178359985352,8.300198554992676,0.17253684997558594,9.603058815002441
dataset/test/Tomato_leaf_late_blight/Gls79_change_90_aug_28aug97.jpg,Tomato_leaf_late_blight,Tomato_leaf_late_blight,0.945225715637207,1,1.0859136581420898,8.068733215332031,0.17070484161376953,9.32768726348877
dataset/test/Tomato_leaf_late_blight/Gls79_change_90_aug_29aug89.jpg,Tomato_leaf_late_blight,Tomato_leaf_late_blight,0.998627781867981,1,1.1240243911743164,8.517960548400879,0.16750144958496094,9.811912536621094
dataset/test/Tomato_leaf_late_blight/Gls79_change_90aug9.jpg,Tomato_leaf_late_blight,Tomato_leaf_late_blight,0.9994327425956726,1,1.070098876953125,8.057122230529785,0.1840190887451172,9.314260482788086
dataset/test/Tomato_leaf_late_blight/Gls79_mirror_aug_15aug104.jpg,Tomato_leaf_late_blight,Tomato_leaf_late_blight,0.9999483823776245,1,1.1965246200561523,8.076048851013184,0.1729269027709961,9.4484281539917
dataset/test/Tomato_leaf_late_blight/Gls79_mirror_aug_16aug113.jpg,Tomato_leaf_late_blight,Tomato_leaf_late_blight,0.9999165534973145,1,1.1909704208374023,8.045251846313477,0.17161178588867188,9.41051959991455
dataset/test/Tomato_leaf_late_blight/Gls79_mirror_aug_17aug109.jpg,Tomato_leaf_late_blight,Tomato_leaf_late_blight,0.9987395405769348,1,1.0852842330932617,8.06473445892334,0.1725749969482422,9.325390815734863
dataset/test/Tomato_leaf_late_blight/Gls79_mirroraug5.jpg,Tomato_leaf_late_blight,Tomato_leaf_late_blight,0.9995154142379761,1,1.0836362838745117,8.11627197265625,0.17140769958496094,9.373723983764648
dataset/test/Tomato_leaf_late_blight/IMG_20251102_155822aug32.jpg,Tomato_leaf_late_blight,Tomato_Healthy_leaf,0.5601754784584045,0,1.1830635070800781,8.214494705200195,0.17464923858642578,9.57563304901123
dataset/test/Tomato_leaf_late_blight/IMG_20251102_160928aug33.jpg,Tomato_leaf_late_blight,Tomato_leaf_late_blight,0.9795932769775391,1,1.123265266418457,8.323718070983887,0.1741485595703125,9.623818397521973
dataset/test/Tomato_leaf_late_blight/IMG_20251102_161202_aug_57aug50.jpg,Tomato_leaf_late_blight,Tomato_Early_blight_leaf,0.9985113739967346,0,1.2139320373535156,8.75964641571045,0.17364883422851562,10.149636268615723
dataset/test/Tomato_leaf_late_blight/IMG_20251102_161202_aug_58aug52.jpg,Tomato_leaf_late_blight,Tomato_Early_blight_leaf,0.9993302822113037,0,1.212137222290039,8.338550567626953,0.1819286346435547,9.735836029052734
dataset/test/Tomato_leaf_late_blight/IMG_20251102_161202_aug_59aug39.jpg,Tomato_leaf_late_blight,Tomato_Early_blight_leaf,0.9941200613975525,0,1.2221927642822266,8.344533920288086,0.17261219024658203,9.742077827453613
dataset/test/Tomato_leaf_late_blight/IMG_20251102_161202aug19.jpg,Tomato_leaf_late_blight,Tomato_Early_blight_leaf,0.9945993423461914,0,1.1982669830322266,8.775054931640625,0.1707782745361328,10.146506309509277
dataset/test/Tomato_leaf_late_blight/IMG_5808_jpg.rf.9de5af872dd2e7a58b115c4826fb18d4_aug_63aug53.jpg,Tomato_leaf_late_blight,Tomato_leaf_late_blight,0.9767656326293945,1,1.1518583297729492,8.545683860778809,0.17107391357421875,9.871264457702637
dataset/test/Tomato_leaf_late_blight/IMG_5808_jpg.rf.9de5af872dd2e7a58b115c4826fb18d4_aug_64aug43.jpg,Tomato_leaf_late_blight,Tomato_leaf_late_blight,0.9126238226890564,1,1.1647834777832031,8.302456855773926,0.1660003662109375,9.635984420776367
dataset/test/Tomato_leaf_late_blight/IMG_5808_jpg.rf.9de5af872dd2e7a58b115c4826fb18d4_aug_65aug38.jpg,Tomato_leaf_late_blight,Tomato_leaf_late_blight,0.7701732516288757,1,1.1517295837402344,8.20834732055664,0.17618751525878906,9.538985252380371
dataset/test/Tomato_leaf_late_blight/IMG_5808_jpg.rf.9de5af872dd2e7a58b115c4826fb18d4aug21.jpg,Tomato_leaf_late_blight,Tomato_leaf_late_blight,0.9439660310745239,1,1.2853412628173828,8.14023494720459,0.18407630920410156,9.612763404846191
dataset/test/Tomato_leaf_late_blight/LB_ (254)_aug_54aug73.jpg,Tomato_leaf_late_blight,Tomato_leaf_late_blight,0.6020980477333069,1,1.1780071258544922,8.199329376220703,0.17426109313964844,9.554540634155273
dataset/test/Tomato_leaf_late_blight/LB_ (254)_aug_55aug71.jpg,Tomato_leaf_late_blight,Tomato_leaf_late_blight,0.596625566482544,1,1.0972108840942383,8.27931022644043,0.17335224151611328,9.552318572998047
dataset/test/Tomato_leaf_late_blight/LB_ (254)_aug_56aug78.jpg,Tomato_leaf_late_blight,Tomato_leaf_late_blight,0.9149770140647888,1,1.1071176528930664,8.3234224319458,0.1767435073852539,9.610429763793945
dataset/test/Tomato_leaf_late_blight/LB_ (254)aug18.jpg,Tomato_leaf_late_blight,Tomato_leaf_late_blight,0.5796241164207458,1,1.1058034896850586,8.33764362335205,0.17442798614501953,9.620373725891113
dataset/test/Tomato_leaf_late_blight/LB_ (276)_aug_60aug45.jpg,Tomato_leaf_late_blight,Tomato_leaf_late_blight,0.9986771941184998,1,1.1508026123046875,8.34105110168457,0.17640972137451172,9.670763969421387
dataset/test/Tomato_leaf_late_blight/LB_ (276)_aug_61aug44.jpg,Tomato_leaf_late_blight,Tomato_leaf_late_blight,0.997979462146759,1,1.1143770217895508,8.2827730178833,0.17922306060791016,9.579039573669434
dataset/test/Tomato_leaf_late_blight/LB_ (276)_aug_62aug40.jpg,Tomato_leaf_late_blight,Tomato_leaf_late_blight,0.9998960494995117,1,1.1141538619995117,8.277032852172852,0.17438983917236328,9.568485260009766
dataset/test/Tomato_leaf_late_blight/LB_ (276)aug20.jpg,Tomato_leaf_late_blight,Tomato_leaf_late_blight,0.9997143149375916,1,1.1011924743652344,8.231846809387207,0.18716812133789062,9.5239839553833
dataset/test/Tomato_leaf_late_blight/Late-blight-foliar-leasion-on-tomato_jpg.rf.331af81e5b2aae24af0dc9b6d9933591_aug_72aug60.jpg,Tomato_leaf_late_blight,Tomato_leaf_late_blight,0.9948091506958008,1,1.202545166015625,8.300884246826172,0.1746683120727539,9.68076229095459
dataset/test/Tomato_leaf_late_blight/Late-blight-foliar-leasion-on-tomato_jpg.rf.331af81e5b2aae24af0dc9b6d9933591_aug_73aug51.jpg,Tomato_leaf_late_blight,Tomato_leaf_late_blight,0.9999556541442871,1,1.2460460662841797,8.171513557434082,0.17251968383789062,9.592615127563477
dataset/test/Tomato_leaf_late_blight/Late-blight-foliar-leasion-on-tomato_jpg.rf.331af81e5b2aae24af0dc9b6d9933591_aug_74aug37.jpg,Tomato_leaf_late_blight,Tomato_leaf_late_blight,0.9999655485153198,1,1.2385072708129883,8.151161193847656,0.1755390167236328,9.567761421203613
dataset/test/Tomato_leaf_late_blight/Late-blight-foliar-leasion-on-tomato_jpg.rf.331af81e5b2aae24af0dc9b6d9933591aug24.jpg,Tomato_leaf_late_blight,Tomato_leaf_late_blight,0.9999823570251465,1,1.2794523239135742,8.18342113494873,0.1761493682861328,9.642096519470215
dataset/test/Tomato_leaf_late_blight/Late-blight-on-a-tomato-leaf_jpg.rf.8a0bcac661db5b0d51beab8e2bf6cd6caug29.jpg,Tomato_leaf_late_blight,Tomato_leaf_late_blight,0.9771207571029663,1,1.1929702758789062,10.86695671081543,0.22316837310791016,12.286242485046387
dataset/test/Tomato_leaf_late_blight/Late-blight-on-a-tomato-leaf_jpg.rf.8defdb736385f3e1da6fba17b2786ac9_aug_84aug36.jpg,Tomato_leaf_late_blight,Tomato_leaf_late_blight,0.9997683167457581,1,1.5593986511230469,10.97980785369873,0.2128152847290039,12.755245208740234
dataset/test/Tomato_leaf_late_blight/Late-blight-on-a-tomato-leaf_jpg.rf.8defdb736385f3e1da6fba17b2786ac9aug28.jpg,Tomato_leaf_late_blight,Tomato_leaf_late_blight,0.9987499713897705,1,1.4731197357177734,10.713899612426758,0.22340965270996094,12.414632797241211
dataset/test/Tomato_leaf_late_blight/Late-blight-symptoms-on-tomato-leaves-1r3uhy2_jpg.rf.92fa5ba375a2c3ce572ef7e12695be90aug31.jpg,Tomato_leaf_late_blight,Tomato_leaf_late_blight,0.9800224304199219,1,1.5208978652954102,10.80427074432373,0.21248149871826172,12.540946960449219
dataset/test/Tomato_leaf_late_blight/Late-blight-tomato-leaf-VikramBisht-MBag_jpg.rf.ec494f1ab0c0417fed47095af181f852_aug_6aug117.jpg,Tomato_leaf_late_blight,Tomato_leaf_late_blight,0.9985252022743225,1,1.5785465240478516,10.880973815917969,0.2130565643310547,12.6759672164917
dataset/test/Tomato_leaf_late_blight/Late-blight-tomato-leaf-VikramBisht-MBag_jpg.rf.ec494f1ab0c0417fed47095af181f852_aug_7aug116.jpg,Tomato_leaf_late_blight,Tomato_leaf_late_blight,0.9980048537254333,1,1.5400285720825195,10.94202995300293,0.21037006378173828,12.695818901062012
dataset/test/Tomato_leaf_late_blight/Late-blight-tomato-leaf-VikramBisht-MBag_jpg.rf.ec494f1ab0c0417fed47095af181f852_aug_8aug115.jpg,Tomato_leaf_late_blight,Tomato_leaf_late_blight,0.9950592517852783,1,1.5497684478759766,13.139118194580078,0.21568584442138672,14.908036231994629
dataset/test/Tomato_leaf_late_blight/Late-blight-tomato-leaf-VikramBisht-MBag_jpg.rf.ec494f1ab0c0417fed47095af181f852aug2.jpg,Tomato_leaf_late_blight,Tomato_leaf_late_blight,0.9831997156143188,1,1.567824363708496,11.815756797790527,0.1700582504272461,13.556861877441406
dataset/test/Tomato_leaf_late_blight/LateBlight-Tomato-JJ-2009-17nxg4q_aug_36aug79.jpg,Tomato_leaf_late_blight,Tomato_leaf_late_blight,0.9874768853187561,1,1.064988136291504,7.820566177368164,0.170684814453125,9.059481620788574
dataset/test/Tomato_leaf_late_blight/LateBlight-Tomato-JJ-2009-17nxg4q_aug_37aug87.jpg,Tomato_leaf_late_blight,Tomato_leaf_late_blight,0.997200608253479,1,1.0535249710083008,8.188161849975586,0.1698894500732422,9.413891792297363
dataset/test/Tomato_leaf_late_blight/LateBlight-Tomato-JJ-2009-17nxg4q_aug_38aug67.jpg,Tomato_leaf_late_blight,Tomato_leaf_late_blight,0.999136745929718,1,1.0524520874023438,13.226580619812012,0.1709451675415039,14.452680587768555
dataset/test/Tomato_leaf_late_blight/LateBlight-Tomato-JJ-2009-17nxg4q_jpg.rf.93780f99f071013cf0764b40fc6db48c_aug_48aug77.jpg,Tomato_leaf_late_blight,Tomato_leaf_late_blight,0.9995974898338318,1,1.060563087463379,15.834894180297852,0.1724090576171875,17.0708646774292
dataset/test/Tomato_leaf_late_blight/LateBlight-Tomato-JJ-2009-17nxg4q_jpg.rf.93780f99f071013cf0764b40fc6db48c_aug_49aug65.jpg,Tomato_leaf_late_blight,Tomato_leaf_late_blight,0.9999840259552002,1,1.0631732940673828,9.77072811126709,0.17087268829345703,11.007585525512695
dataset/test/Tomato_leaf_late_blight/LateBlight-Tomato-JJ-2009-17nxg4q_jpg.rf.93780f99f071013cf0764b40fc6db48c_aug_50aug75.jpg,Tomato_leaf_late_blight,Tomato_leaf_late_blight,0.9999873638153076,1,1.1996002197265625,7.907788276672363,0.16970348358154297,9.279706001281738
dataset/test/Tomato_leaf_late_blight/LateBlight-Tomato-JJ-2009-17nxg4q_jpg.rf.93780f99f071013cf0764b40fc6db48caug16.jpg,Tomato_leaf_late_blight,Tomato_leaf_late_blight,0.999916672706604,1,1.0550622940063477,7.9596967697143555,0.1681680679321289,9.185370445251465
dataset/test/Tomato_leaf_late_blight/LateBlight-Tomato-JJ-2009-17nxg4qaug12.jpg,Tomato_leaf_late_blight,Tomato_leaf_late_blight,0.9967329502105713,1,1.112227439880371,7.904901504516602,0.1695384979248047,9.189038276672363
dataset/test/Tomato_leaf_late_blight/Lb11_mirror_verticalaug34.jpg,Tomato_leaf_late_blight,Tomato_leaf_late_blight,0.9421868324279785,1,1.0983028411865234,7.863899230957031,0.1688528060913086,9.133832931518555
dataset/test/Tomato_leaf_late_blight/Lb51_mirror_aug_39aug83.jpg,Tomato_leaf_late_blight,Tomato_leaf_late_blight,0.9049631953239441,1,1.088322639465332,8.072772026062012,0.17277908325195312,9.336631774902344
dataset/test/Tomato_leaf_late_blight/Lb51_mirror_aug_40aug96.jpg,Tomato_leaf_late_blight,Tomato_leaf_late_blight,0.984994113445282,1,1.1568050384521484,8.287996292114258,0.17194461822509766,9.6190767288208
dataset/test/Tomato_leaf_late_blight/Lb51_mirror_aug_41aug91.jpg,Tomato_leaf_late_blight,Tomato_leaf_late_blight,0.9690648317337036,1,1.1140069961547852,8.14306926727295,0.1631488800048828,9.422632217407227
dataset/test/Tomato_leaf_late_blight/Lb51_mirroraug13.jpg,Tomato_leaf_late_blight,Tomato_leaf_late_blight,0.987736701965332,1,1.0904150009155273,8.057717323303223,0.20390987396240234,9.355002403259277
dataset/test/Tomato_leaf_late_blight/Lb52_change_90_aug_42aug64.jpg,Tomato_leaf_late_blight,Tomato_leaf_late_blight,0.9998204112052917,1,1.0918970108032227,8.02923583984375,0.1720561981201172,9.295760154724121
dataset/test/Tomato_leaf_late_blight/Lb52_change_90_aug_43aug63.jpg,Tomato_leaf_late_blight,Tomato_leaf_late_blight,0.9998759031295776,1,1.0902843475341797,8.064030647277832,0.17200088500976562,9.329261779785156
dataset/test/Tomato_leaf_late_blight/Lb52_change_90_aug_44aug70.jpg,Tomato_leaf_late_blight,Tomato_leaf_late_blight,0.9999706745147705,1,1.0949697494506836,8.158790588378906,0.24190902709960938,9.498540878295898
dataset/test/Tomato_leaf_late_blight/Lb52_change_90aug14.jpg,Tomato_leaf_late_blight,Tomato_leaf_late_blight,0.9999281167984009,1,1.1029157638549805,8.196271896362305,0.17403888702392578,9.475799560546875
dataset/test/Tomato_leaf_late_blight/Lb69_aug_45aug76.jpg,Tomato_leaf_late_blight,Tomato_leaf_late_blight,0.9999558925628662,1,1.155858039855957,8.144086837768555,0.17229843139648438,9.475113868713379
dataset/test/Tomato_leaf_late_blight/Lb69_aug_46aug72.jpg,Tomato_leaf_late_blight,Tomato_leaf_late_blight,0.9998894929885864,1,1.133784294128418,8.21412467956543,0.17320537567138672,9.52392864227295
dataset/test/Tomato_leaf_late_blight/Lb69_aug_47aug66.jpg,Tomato_leaf_late_blight,Tomato_leaf_late_blight,0.9995132684707642,1,1.0925989151000977,8.182161331176758,0.17433547973632812,9.452132225036621
dataset/test/Tomato_leaf_late_blight/Lb69aug15.jpg,Tomato_leaf_late_blight,Tomato_leaf_late_blight,0.9998348951339722,1,1.093562126159668,8.016178131103516,0.19592761993408203,9.30890941619873
dataset/test/Tomato_leaf_late_blight/Lb8_mirror_vertical_aug_10aug118.jpg,Tomato_leaf_late_blight,Tomato_leaf_late_blight,0.999944806098938,1,1.1703224182128906,8.294403076171875,0.17531585693359375,9.642688751220703
dataset/test/Tomato_leaf_late_blight/Lb8_mirror_vertical_aug_11aug111.jpg,Tomato_leaf_late_blight,Tomato_leaf_late_blight,0.9977207779884338,1,1.096451759338379,8.108014106750488,0.17315006256103516,9.380594253540039
dataset/test/Tomato_leaf_late_blight/Lb8_mirror_vertical_aug_9aug103.jpg,Tomato_leaf_late_blight,Tomato_leaf_late_blight,0.9991043210029602,1,1.0895071029663086,8.167308807373047,0.17190933227539062,9.431540489196777
dataset/test/Tomato_leaf_late_blight/Lb8_mirror_verticalaug3.jpg,Tomato_leaf_late_blight,Tomato_leaf_late_blight,0.999159574508667,1,1.1388778686523438,8.196495056152344,0.1692962646484375,9.5074462890625
dataset/test/Tomato_leaf_late_blight/Lb97_aug_21aug84.jpg,Tomato_leaf_late_blight,Tomato_leaf_late_blight,0.9999969005584717,1,1.0980443954467773,7.987270355224609,0.17161178588867188,9.259315490722656
dataset/test/Tomato_leaf_late_blight/Lb97_aug_22aug101.jpg,Tomato_leaf_late_blight,Tomato_leaf_late_blight,0.9999409914016724,1,1.1352481842041016,8.10523509979248,0.20698165893554688,9.450149536132812
dataset/test/Tomato_leaf_late_blight/Lb97_aug_23aug82.jpg,Tomato_leaf_late_blight,Tomato_leaf_late_blight,0.9999483823776245,1,1.188248634338379,8.04621696472168,0.17381572723388672,9.411355018615723
dataset/test/Tomato_leaf_late_blight/Lb97aug7.jpg,Tomato_leaf_late_blight,Tomato_leaf_late_blight,0.9999773502349854,1,1.1113767623901367,8.136198043823242,0.1744823455810547,9.425058364868164
dataset/test/Tomato_leaf_late_blight/Leaf-2Bsymptoms-2BMDA_jpg.rf.39b220104d04636fad4f5aae043826cb_aug_0aug108.jpg,Tomato_leaf_late_blight,Tomato_leaf_late_blight,0.9821773767471313,1,1.1985063552856445,8.09743881225586,0.17235374450683594,9.470854759216309
dataset/test/Tomato_leaf_late_blight/Leaf-2Bsymptoms-2BMDA_jpg.rf.39b220104d04636fad4f5aae043826cb_aug_1aug106.jpg,Tomato_leaf_late_blight,Tomato_leaf_late_blight,0.9681652784347534,1,1.1670989990234375,8.069642066955566,0.1742238998413086,9.413723945617676
dataset/test/Tomato_leaf_late_blight/Leaf-2Bsymptoms-2BMDA_jpg.rf.39b220104d04636fad4f5aae043826cb_aug_2aug119.jpg,Tomato_leaf_late_blight,Tomato_leaf_late_blight,0.8599506616592407,1,1.1725997924804688,8.341218948364258,0.17327880859375,9.689855575561523
dataset/test/Tomato_leaf_late_blight/Leaf-2Bsymptoms-2BMDA_jpg.rf.39b220104d04636fad4f5aae043826cbaug0.jpg,Tomato_leaf_late_blight,Tomato_leaf_late_blight,0.48253047466278076,1,1.2353229522705078,8.292773246765137,0.17416763305664062,9.704856872558594
dataset/test/Tomato_leaf_late_blight/Tomato-20bacterial-20canker-JPG_jpg.rf.8b568c1d5efcfdcef44c606eb076b889_aug_30aug92.jpg,Tomato_leaf_late_blight,Tomato_leaf_late_blight,0.9491564035415649,1,1.201211929321289,8.328939437866211,0.17150115966796875,9.70511531829834
dataset/test/Tomato_leaf_late_blight/Tomato-20bacterial-20canker-JPG_jpg.rf.8b568c1d5efcfdcef44c606eb076b889_aug_31aug98.jpg,Tomato_leaf_late_blight,Tomato_leaf_late_blight,0.8514080047607422,1,1.222137451171875,8.340810775756836,0.17381668090820312,9.739651679992676
dataset/test/Tomato_leaf_late_blight/Tomato-20bacterial-20canker-JPG_jpg.rf.8b568c1d5efcfdcef44c606eb076b889_aug_32aug90.jpg,Tomato_leaf_late_blight,Tomato_leaf_late_blight,0.9931245446205139,1,1.1847105026245117,8.24632740020752,0.17070484161376953,9.604596138000488
dataset/test/Tomato_leaf_late_blight/Tomato-20bacterial-20canker-JPG_jpg.rf.8b568c1d5efcfdcef44c606eb076b889aug10.jpg,Tomato_leaf_late_blight,Tomato_leaf_late_blight,0.9625569581985474,1,1.1729707717895508,8.201272964477539,0.17837047576904297,9.555706024169922
dataset/test/Tomato_leaf_late_blight/TomatoBlight-JPG_jpg.rf.234cbc5809dc7d942e46760a63e10d9f_aug_33aug88.jpg,Tomato_leaf_late_blight,Tomato_leaf_late_blight,0.997802197933197,1,1.2149333953857422,8.215771675109863,0.1734638214111328,9.606595993041992
dataset/test/Tomato_leaf_late_blight/TomatoBlight-JPG_jpg.rf.234cbc5809dc7d942e46760a63e10d9f_aug_34aug86.jpg,Tomato_leaf_late_blight,Tomato_leaf_late_blight,0.9986061453819275,1,1.1606178283691406,8.174160957336426,0.1757049560546875,9.512761116027832
dataset/test/Tomato_leaf_late_blight/TomatoBlight-JPG_jpg.rf.234cbc5809dc7d942e46760a63e10d9f_aug_35aug93.jpg,Tomato_leaf_late_blight,Tomato_leaf_late_blight,0.9987672567367554,1,1.2125816345214844,8.33120059967041,0.1753711700439453,9.72252368927002
dataset/test/Tomato_leaf_late_blight/TomatoBlight-JPG_jpg.rf.234cbc5809dc7d942e46760a63e10d9faug11.jpg,Tomato_leaf_late_blight,Tomato_leaf_late_blight,0.9967696666717529,1,1.1669511795043945,8.294514656066895,0.19272327423095703,9.657282829284668
dataset/test/Tomato_leaf_late_blight/dsc_8140cs_aug_3aug114.jpg,Tomato_leaf_late_blight,Tomato_leaf_late_blight,0.8858109712600708,1,1.1857662200927734,11.009122848510742,0.21183395385742188,12.409891128540039
dataset/test/Tomato_leaf_late_blight/dsc_8140cs_aug_4aug99.jpg,Tomato_leaf_late_blight,Tomato_leaf_late_blight,0.7651650905609131,1,1.5943059921264648,11.092808723449707,0.2107229232788086,12.90170955657959
dataset/test/Tomato_leaf_late_blight/dsc_8140cs_aug_5aug102.jpg,Tomato_leaf_late_blight,Tomato_leaf_late_blight,0.9872334003448486,1,1.5868616104125977,10.713695526123047,0.21209335327148438,12.516002655029297
dataset/test/Tomato_leaf_late_blight/dsc_8140csaug1.jpg,Tomato_leaf_late_blight,Tomato_leaf_late_blight,0.9960272312164307,1,1.5078792572021484,10.733769416809082,0.21640968322753906,12.461280822753906
dataset/test/Tomato_leaf_late_blight/late_jpg.rf.f64883c6ac50eb4f477851ddc23305e8_aug_69aug47.jpg,Tomato_leaf_late_blight,Tomato_leaf_late_blight,0.5132461190223694,1,1.5705642700195312,11.102087020874023,0.2122039794921875,12.888338088989258
dataset/test/Tomato_leaf_late_blight/late_jpg.rf.f64883c6ac50eb4f477851ddc23305e8_aug_70aug48.jpg,Tomato_leaf_late_blight,Tomato_Early_blight_leaf,0.8827477693557739,0,1.5282678604125977,10.915233612060547,0.21087169647216797,12.657559394836426
dataset/test/Tomato_leaf_late_blight/late_jpg.rf.f64883c6ac50eb4f477851ddc23305e8_aug_71aug42.jpg,Tomato_leaf_late_blight,Tomato_leaf_late_blight,0.4926244914531708,1,1.5584726333618164,10.923084259033203,0.20966815948486328,12.694578170776367
dataset/test/Tomato_leaf_late_blight/late_jpg.rf.f64883c6ac50eb4f477851ddc23305e8aug23.jpg,Tomato_leaf_late_blight,Tomato_leaf_late_blight,0.6402795314788818,1,1.614288330078125,10.761919021606445,0.2132415771484375,12.592670440673828
dataset/test/Tomato_leaf_late_blight/lateblightTom_lesionaug30.jpg,Tomato_leaf_late_blight,Tomato_leaf_late_blight,0.6553745865821838,1,1.4536943435668945,8.305346488952637,0.170074462890625,9.93233871459961
dataset/test/Tomato_leaf_late_blight/lb_leaf_lesions2x1200_jpg.rf.3a72cc9627c3ba6d79a876e19220824e_aug_81aug56.jpg,Tomato_leaf_late_blight,Tomato_leaf_late_blight,0.9999986886978149,1,1.1145992279052734,7.948288917541504,0.17087173461914062,9.236371040344238
dataset/test/Tomato_leaf_late_blight/lb_leaf_lesions2x1200_jpg.rf.3a72cc9627c3ba6d79a876e19220824e_aug_82aug62.jpg,Tomato_leaf_late_blight,Tomato_leaf_late_blight,0.9999991655349731,1,1.1604509353637695,7.996808052062988,0.17135334014892578,9.331501960754395
dataset/test/Tomato_leaf_late_blight/lb_leaf_lesions2x1200_jpg.rf.3a72cc9627c3ba6d79a876e19220824e_aug_83aug57.jpg,Tomato_leaf_late_blight,Tomato_leaf_late_blight,0.9999992847442627,1,1.0969877243041992,8.101234436035156,0.1706867218017578,9.371817588806152
dataset/test/Tomato_leaf_late_blight/lb_leaf_lesions2x1200_jpg.rf.3a72cc9627c3ba6d79a876e19220824eaug27.jpg,Tomato_leaf_late_blight,Tomato_leaf_late_blight,0.9999997615814209,1,1.1006736755371094,8.274218559265137,0.16614818572998047,9.543984413146973
dataset/test/Tomato_leaf_late_blight/p1020076cs_aug_78aug35.jpg,Tomato_leaf_late_blight,Tomato_leaf_late_blight,0.9970719814300537,1,1.1105432510375977,8.162920951843262,0.18294525146484375,9.459464073181152
dataset/test/Tomato_leaf_late_blight/p1020076cs_aug_79aug59.jpg,Tomato_leaf_late_blight,Tomato_leaf_late_blight,0.9967029690742493,1,1.165452003479004,7.909566879272461,0.1892232894897461,9.26768684387207
dataset/test/Tomato_leaf_late_blight/p1020076cs_aug_80aug55.jpg,Tomato_leaf_late_blight,Tomato_mold_leaf,0.5006637573242188,0,1.1704330444335938,8.358199119567871,0.171112060546875,9.70254135131836
dataset/test/Tomato_leaf_late_blight/p1020076csaug26.jpg,Tomato_leaf_late_blight,Tomato_leaf_late_blight,0.9974672794342041,1,1.1592845916748047,8.010807037353516,0.17037200927734375,9.343353271484375
dataset/test/Tomato_leaf_late_blight/symptoms_of_late_blight_0_jpg.rf.417903f6c86ccb4f4bcd7139e0867018_aug_75aug58.jpg,Tomato_leaf_late_blight,Tomato_leaf_late_blight,0.9993222951889038,1,1.2568044662475586,8.451866149902344,0.1715383529663086,9.883135795593262
dataset/test/Tomato_leaf_late_blight/symptoms_of_late_blight_0_jpg.rf.417903f6c86ccb4f4bcd7139e0867018_aug_76aug54.jpg,Tomato_leaf_late_blight,Tomato_leaf_late_blight,0.9677526950836182,1,1.1753787994384766,8.1730318069458,0.17366790771484375,9.524577140808105
dataset/test/Tomato_leaf_late_blight/symptoms_of_late_blight_0_jpg.rf.417903f6c86ccb4f4bcd7139e0867018_aug_77aug61.jpg,Tomato_leaf_late_blight,Tomato_leaf_late_blight,0.9844796061515808,1,1.1815261840820312,8.486886024475098,0.1747417449951172,9.846227645874023
dataset/test/Tomato_leaf_late_blight/symptoms_of_late_blight_0_jpg.rf.417903f6c86ccb4f4bcd7139e0867018aug25.jpg,Tomato_leaf_late_blight,Tomato_leaf_late_blight,0.9972411394119263,1,1.1713590621948242,8.519775390625,0.19618606567382812,9.889986991882324
dataset/test/Tomato_leaf_late_blight/tomato-late-blight-leaf-61-3x32_aug_12aug112.jpg,Tomato_leaf_late_blight,Tomato_leaf_late_blight,0.999875545501709,1,1.1194887161254883,8.265106201171875,0.17589092254638672,9.563150405883789
dataset/test/Tomato_leaf_late_blight/tomato-late-blight-leaf-61-3x32_aug_13aug110.jpg,Tomato_leaf_late_blight,Tomato_leaf_late_blight,0.9985834360122681,1,1.1061735153198242,8.327569961547852,0.1735382080078125,9.610077857971191
dataset/test/Tomato_leaf_late_blight/tomato-late-blight-leaf-61-3x32_aug_14aug105.jpg,Tomato_leaf_late_blight,Tomato_leaf_late_blight,0.9997802376747131,1,1.1555442810058594,8.39416217803955,0.17596435546875,9.728615760803223
dataset/test/Tomato_leaf_late_blight/tomato-late-blight-leaf-61-3x32aug4.jpg,Tomato_leaf_late_blight,Tomato_leaf_late_blight,0.999882698059082,1,1.1068964004516602,8.36758804321289,0.1694650650024414,9.6466703414917
dataset/test/Tomato_leaf_late_blight/tomato.early.blightH_aug_18aug100.jpg,Tomato_leaf_late_blight,Tomato_Septoria_leaf_spot,0.9419307112693787,0,1.197636604309082,8.260420799255371,0.16301918029785156,9.62344741821289
dataset/test/Tomato_leaf_late_blight/tomato.early.blightH_aug_19aug107.jpg,Tomato_leaf_late_blight,Tomato_Healthy_leaf,0.7685503959655762,0,1.1925811767578125,8.175291061401367,0.1748342514038086,9.545337677001953
dataset/test/Tomato_leaf_late_blight/tomato.early.blightH_aug_20aug94.jpg,Tomato_leaf_late_blight,Tomato_Early_blight_leaf,0.4778223931789398,0,1.2440462112426758,8.180865287780762,0.1752033233642578,9.603188514709473
dataset/test/Tomato_leaf_late_blight/tomato.early.blightHaug6.jpg,Tomato_leaf_late_blight,Tomato_Healthy_leaf,0.7762818932533264,0,1.372990608215332,8.14030933380127,0.1753520965576172,9.691484451293945
dataset/test/Tomato_leaf_yellow_curl_virus/1342017-162221-44540_jpg.rf.f68314ea4850dade3a214dec71c83715_aug_77aug56.jpg,Tomato_leaf_yellow_curl_virus,Tomato_leaf_yellow_curl_virus,0.9999995231628418,1,1.1933956146240234,8.371811866760254,0.17748355865478516,9.745689392089844
dataset/test/Tomato_leaf_yellow_curl_virus/1342017-162221-44540_jpg.rf.f68314ea4850dade3a214dec71c83715_aug_78aug81.jpg,Tomato_leaf_yellow_curl_virus,Tomato_leaf_yellow_curl_virus,0.9999996423721313,1,1.2284517288208008,8.285438537597656,0.17392730712890625,9.690763473510742
dataset/test/Tomato_leaf_yellow_curl_virus/1342017-162221-44540_jpg.rf.f68314ea4850dade3a214dec71c83715_aug_79aug60.jpg,Tomato_leaf_yellow_curl_virus,Tomato_leaf_yellow_curl_virus,0.9999997615814209,1,1.2040443420410156,8.336385726928711,0.17374134063720703,9.716985702514648
dataset/test/Tomato_leaf_yellow_curl_virus/1342017-162221-44540_jpg.rf.f68314ea4850dade3a214dec71c83715_aug_80aug64.jpg,Tomato_leaf_yellow_curl_virus,Tomato_leaf_yellow_curl_virus,0.9999998807907104,1,1.218435287475586,8.56583023071289,0.17442703247070312,9.961172103881836
dataset/test/Tomato_leaf_yellow_curl_virus/1342017-162221-44540_jpg.rf.f68314ea4850dade3a214dec71c83715_aug_81aug61.jpg,Tomato_leaf_yellow_curl_virus,Tomato_leaf_yellow_curl_virus,0.9999997615814209,1,1.1935997009277344,8.319496154785156,0.1737222671508789,9.689949035644531
dataset/test/Tomato_leaf_yellow_curl_virus/1342017-162221-44540_jpg.rf.f68314ea4850dade3a214dec71c83715_aug_82aug80.jpg,Tomato_leaf_yellow_curl_virus,Tomato_leaf_yellow_curl_virus,0.9999982118606567,1,1.2302112579345703,8.330866813659668,0.17364883422851562,9.73770809173584
dataset/test/Tomato_leaf_yellow_curl_virus/1342017-162221-44540_jpg.rf.f68314ea4850dade3a214dec71c83715_aug_83aug70.jpg,Tomato_leaf_yellow_curl_virus,Tomato_leaf_yellow_curl_virus,0.9999985694885254,1,1.258286476135254,8.340272903442383,0.17576026916503906,9.777023315429688
dataset/test/Tomato_leaf_yellow_curl_virus/1342017-162221-44540_jpg.rf.f68314ea4850dade3a214dec71c83715aug11.jpg,Tomato_leaf_yellow_curl_virus,Tomato_leaf_yellow_curl_virus,0.9999997615814209,1,1.2006187438964844,8.138327598571777,0.1730194091796875,9.514948844909668
dataset/test/Tomato_leaf_yellow_curl_virus/8226402877_9abf151b5b_b_jpg.rf.a2dff27e03c5ab47916df5d873c1590f_aug_70aug66.jpg,Tomato_leaf_yellow_curl_virus,Tomato_leaf_yellow_curl_virus,0.9999589920043945,1,1.2030448913574219,8.193958282470703,0.1764822006225586,9.57628059387207
dataset/test/Tomato_leaf_yellow_curl_virus/8226402877_9abf151b5b_b_jpg.rf.a2dff27e03c5ab47916df5d873c1590f_aug_71aug69.jpg,Tomato_leaf_yellow_curl_virus,Tomato_leaf_yellow_curl_virus,0.999929666519165,1,1.1582860946655273,8.399774551391602,0.1733541488647461,9.73409652709961
dataset/test/Tomato_leaf_yellow_curl_virus/8226402877_9abf151b5b_b_jpg.rf.a2dff27e03c5ab47916df5d873c1590f_aug_72aug73.jpg,Tomato_leaf_yellow_curl_virus,Tomato_leaf_yellow_curl_virus,0.9773436784744263,1,1.1712656021118164,8.887350082397461,0.21092796325683594,10.272711753845215
dataset/test/Tomato_leaf_yellow_curl_virus/8226402877_9abf151b5b_b_jpg.rf.a2dff27e03c5ab47916df5d873c1590f_aug_73aug54.jpg,Tomato_leaf_yellow_curl_virus,Tomato_leaf_yellow_curl_virus,0.9999589920043945,1,1.5068426132202148,10.75599193572998,0.22092723846435547,12.487151145935059
dataset/test/Tomato_leaf_yellow_curl_virus/8226402877_9abf151b5b_b_jpg.rf.a2dff27e03c5ab47916df5d873c1590f_aug_74aug76.jpg,Tomato_leaf_yellow_curl_virus,Tomato_leaf_yellow_curl_virus,0.9999980926513672,1,1.538564682006836,10.876103401184082,0.21859455108642578,12.637187957763672
dataset/test/Tomato_leaf_yellow_curl_virus/8226402877_9abf151b5b_b_jpg.rf.a2dff27e03c5ab47916df5d873c1590f_aug_75aug74.jpg,Tomato_leaf_yellow_curl_virus,Tomato_leaf_yellow_curl_virus,0.9999758005142212,1,1.5179357528686523,10.927955627441406,0.21294593811035156,12.662613868713379
dataset/test/Tomato_leaf_yellow_curl_virus/8226402877_9abf151b5b_b_jpg.rf.a2dff27e03c5ab47916df5d873c1590f_aug_76aug65.jpg,Tomato_leaf_yellow_curl_virus,Tomato_leaf_yellow_curl_virus,0.9999475479125977,1,1.5670661926269531,10.902214050292969,0.2067413330078125,12.679299354553223
dataset/test/Tomato_leaf_yellow_curl_virus/8226402877_9abf151b5b_b_jpg.rf.a2dff27e03c5ab47916df5d873c1590faug10.jpg,Tomato_leaf_yellow_curl_virus,Tomato_leaf_yellow_curl_virus,0.9998372793197632,1,1.546304702758789,10.860808372497559,0.33264923095703125,12.743077278137207
dataset/test/Tomato_leaf_yellow_curl_virus/DSC01999-JPG_jpg.rf.700fa6596ab8750ad0f1c47a0defe191_aug_84aug53.jpg,Tomato_leaf_yellow_curl_virus,Tomato_leaf_yellow_curl_virus,0.9993313550949097,1,1.6343059539794922,10.884993553161621,0.21363162994384766,12.736114501953125
dataset/test/Tomato_leaf_yellow_curl_virus/DSC01999-JPG_jpg.rf.700fa6596ab8750ad0f1c47a0defe191_aug_85aug82.jpg,Tomato_leaf_yellow_curl_virus,Tomato_leaf_yellow_curl_virus,0.9981462955474854,1,1.6356010437011719,10.932456970214844,0.21326065063476562,12.784485816955566
dataset/test/Tomato_leaf_yellow_curl_virus/DSC01999-JPG_jpg.rf.700fa6596ab8750ad0f1c47a0defe191_aug_86aug71.jpg,Tomato_leaf_yellow_curl_virus,Tomato_leaf_yellow_curl_virus,0.9999916553497314,1,1.5732126235961914,10.363138198852539,0.1707592010498047,12.109944343566895
dataset/test/Tomato_leaf_yellow_curl_virus/DSC01999-JPG_jpg.rf.700fa6596ab8750ad0f1c47a0defe191_aug_87aug78.jpg,Tomato_leaf_yellow_curl_virus,Tomato_leaf_yellow_curl_virus,0.9996042847633362,1,1.170877456665039,8.003771781921387,0.18292713165283203,9.360687255859375
dataset/test/Tomato_leaf_yellow_curl_virus/DSC01999-JPG_jpg.rf.700fa6596ab8750ad0f1c47a0defe191_aug_88aug51.jpg,Tomato_leaf_yellow_curl_virus,Tomato_leaf_yellow_curl_virus,0.9998974800109863,1,1.2120819091796875,8.057624816894531,0.1718893051147461,9.444705963134766
dataset/test/Tomato_leaf_yellow_curl_virus/DSC01999-JPG_jpg.rf.700fa6596ab8750ad0f1c47a0defe191_aug_89aug63.jpg,Tomato_leaf_yellow_curl_virus,Tomato_leaf_yellow_curl_virus,0.9998990297317505,1,1.168100357055664,8.027512550354004,0.1724081039428711,9.370779037475586
dataset/test/Tomato_leaf_yellow_curl_virus/DSC01999-JPG_jpg.rf.700fa6596ab8750ad0f1c47a0defe191_aug_90aug85.jpg,Tomato_leaf_yellow_curl_virus,Tomato_leaf_yellow_curl_virus,0.9975426197052002,1,1.2139892578125,7.982419967651367,0.172760009765625,9.372020721435547
dataset/test/Tomato_leaf_yellow_curl_virus/DSC01999-JPG_jpg.rf.700fa6596ab8750ad0f1c47a0defe191aug12.jpg,Tomato_leaf_yellow_curl_virus,Tomato_leaf_yellow_curl_virus,0.9998973608016968,1,1.1998405456542969,7.852567672729492,0.17175960540771484,9.227187156677246
dataset/test/Tomato_leaf_yellow_curl_virus/DSC01999.JPG_aug_63aug68.jpg,Tomato_leaf_yellow_curl_virus,Tomato_leaf_yellow_curl_virus,0.9948384165763855,1,1.2135076522827148,7.964641571044922,0.18122386932373047,9.36257553100586
dataset/test/Tomato_leaf_yellow_curl_virus/DSC01999.JPG_aug_64aug72.jpg,Tomato_leaf_yellow_curl_virus,Tomato_leaf_yellow_curl_virus,0.996711254119873,1,1.1839513778686523,8.236014366149902,0.17090892791748047,9.593429565429688
dataset/test/Tomato_leaf_yellow_curl_virus/DSC01999.JPG_aug_65aug75.jpg,Tomato_leaf_yellow_curl_virus,Tomato_leaf_yellow_curl_virus,0.8682349920272827,1,1.2525997161865234,8.067474365234375,0.16727828979492188,9.490039825439453
dataset/test/Tomato_leaf_yellow_curl_virus/DSC01999.JPG_aug_66aug58.jpg,Tomato_leaf_yellow_curl_virus,Tomato_leaf_yellow_curl_virus,0.9963299632072449,1,1.2190065383911133,8.051252365112305,0.1648712158203125,9.4375581741333
dataset/test/Tomato_leaf_yellow_curl_virus/DSC01999.JPG_aug_67aug83.jpg,Tomato_leaf_yellow_curl_virus,Tomato_leaf_yellow_curl_virus,0.9990554451942444,1,1.812678337097168,8.069550514221191,0.17576026916503906,10.061394691467285
dataset/test/Tomato_leaf_yellow_curl_virus/DSC01999.JPG_aug_68aug79.jpg,Tomato_leaf_yellow_curl_virus,Tomato_leaf_yellow_curl_virus,0.8906077742576599,1,1.2931928634643555,8.379883766174316,0.17976093292236328,9.855839729309082
dataset/test/Tomato_leaf_yellow_curl_virus/DSC01999.JPG_aug_69aug62.jpg,Tomato_leaf_yellow_curl_virus,Tomato_leaf_yellow_curl_virus,0.9931532144546509,1,1.1954145431518555,19.073893547058105,0.1750011444091797,20.44699478149414
dataset/test/Tomato_leaf_yellow_curl_virus/DSC01999.JPGaug9.jpg,Tomato_leaf_yellow_curl_virus,Tomato_leaf_yellow_curl_virus,0.9886829257011414,1,3.5388364791870117,13.117839813232422,0.17914962768554688,16.839584350585938
dataset/test/Tomato_leaf_yellow_curl_virus/IMG_20251102_155103aug15.jpg,Tomato_leaf_yellow_curl_virus,Tomato_leaf_yellow_curl_virus,0.6092497110366821,1,1.175210952758789,8.780072212219238,0.17837047576904297,10.136061668395996
dataset/test/Tomato_leaf_yellow_curl_virus/IMG_20251102_160455_aug_42aug104.jpg,Tomato_leaf_yellow_curl_virus,Tomato_Healthy_leaf,0.8464234471321106,0,1.1372098922729492,8.142939567565918,0.1751117706298828,9.458076477050781
dataset/test/Tomato_leaf_yellow_curl_virus/IMG_20251102_160455_aug_43aug111.jpg,Tomato_leaf_yellow_curl_virus,Tomato_leaf_yellow_curl_virus,0.9816479682922363,1,1.166895866394043,8.226457595825195,0.17185306549072266,9.567855834960938
dataset/test/Tomato_leaf_yellow_curl_virus/IMG_20251102_160455_aug_44aug112.jpg,Tomato_leaf_yellow_curl_virus,Tomato_leaf_yellow_curl_virus,0.8639903664588928,1,1.1372652053833008,8.10093879699707,0.17300033569335938,9.41427993774414
dataset/test/Tomato_leaf_yellow_curl_virus/IMG_20251102_160455_aug_45aug108.jpg,Tomato_leaf_yellow_curl_virus,Tomato_leaf_yellow_curl_virus,0.8969782590866089,1,1.1293964385986328,8.03740119934082,0.1749267578125,9.344280242919922
dataset/test/Tomato_leaf_yellow_curl_virus/IMG_20251102_160455_aug_46aug110.jpg,Tomato_leaf_yellow_curl_virus,Tomato_leaf_yellow_curl_virus,0.9591501355171204,1,1.177896499633789,8.024733543395996,0.17281627655029297,9.378612518310547
dataset/test/Tomato_leaf_yellow_curl_virus/IMG_20251102_160455_aug_47aug98.jpg,Tomato_leaf_yellow_curl_virus,Tomato_leaf_yellow_curl_virus,0.8843589425086975,1,1.1676559448242188,8.16540241241455,0.17263031005859375,9.508374214172363
dataset/test/Tomato_leaf_yellow_curl_virus/IMG_20251102_160455_aug_48aug105.jpg,Tomato_leaf_yellow_curl_virus,Tomato_leaf_yellow_curl_virus,0.8733180165290833,1,1.128098487854004,8.146809577941895,0.17413043975830078,9.452001571655273
dataset/test/Tomato_leaf_yellow_curl_virus/IMG_20251102_160455aug6.jpg,Tomato_leaf_yellow_curl_virus,Tomato_leaf_yellow_curl_virus,0.9855164885520935,1,1.1663217544555664,8.211977005004883,0.17288970947265625,9.553873062133789
dataset/test/Tomato_leaf_yellow_curl_virus/IMG_20251102_160553_aug_35aug49.jpg,Tomato_leaf_yellow_curl_virus,Tomato_leaf_yellow_curl_virus,0.9948288798332214,1,1.225285530090332,8.162141799926758,0.17185306549072266,9.56250286102295
dataset/test/Tomato_leaf_yellow_curl_virus/IMG_20251102_160553_aug_36aug113.jpg,Tomato_leaf_yellow_curl_virus,Tomato_leaf_yellow_curl_virus,0.991719126701355,1,1.2670087814331055,8.223883628845215,0.17287063598632812,9.666559219360352
dataset/test/Tomato_leaf_yellow_curl_virus/IMG_20251102_160553_aug_37aug114.jpg,Tomato_leaf_yellow_curl_virus,Tomato_leaf_yellow_curl_virus,0.6756918430328369,1,1.163285255432129,8.165864944458008,0.17627906799316406,9.50794792175293
dataset/test/Tomato_leaf_yellow_curl_virus/IMG_20251102_160553_aug_38aug101.jpg,Tomato_leaf_yellow_curl_virus,Tomato_leaf_yellow_curl_virus,0.7990922927856445,1,1.175156593322754,8.25430965423584,0.17364883422851562,9.605798721313477
dataset/test/Tomato_leaf_yellow_curl_virus/IMG_20251102_160553_aug_39aug118.jpg,Tomato_leaf_yellow_curl_virus,Tomato_leaf_yellow_curl_virus,0.7792027592658997,1,1.2018413543701172,8.155550956726074,0.1779642105102539,9.538187980651855
dataset/test/Tomato_leaf_yellow_curl_virus/IMG_20251102_160553_aug_40aug19.jpg,Tomato_leaf_yellow_curl_virus,Tomato_leaf_yellow_curl_virus,0.9389437437057495,1,1.1770257949829102,8.05725383758545,0.17139053344726562,9.408576965332031
dataset/test/Tomato_leaf_yellow_curl_virus/IMG_20251102_160553_aug_41aug119.jpg,Tomato_leaf_yellow_curl_virus,Tomato_leaf_yellow_curl_virus,0.8674428462982178,1,1.2182111740112305,8.187198638916016,0.17305564880371094,9.58133602142334
dataset/test/Tomato_leaf_yellow_curl_virus/IMG_20251102_160553aug5.jpg,Tomato_leaf_yellow_curl_virus,Tomato_leaf_yellow_curl_virus,0.9781782031059265,1,1.2222490310668945,9.102758407592773,0.18535327911376953,10.513471603393555
dataset/test/Tomato_leaf_yellow_curl_virus/TYLCV-tomate-DB-445-171_jpg.rf.9d70326900dd981ab5d49063b0d644f0_aug_21aug41.jpg,Tomato_leaf_yellow_curl_virus,Tomato_leaf_yellow_curl_virus,0.9980554580688477,1,1.2160072326660156,8.437737464904785,0.17252063751220703,9.829041481018066
dataset/test/Tomato_leaf_yellow_curl_virus/TYLCV-tomate-DB-445-171_jpg.rf.9d70326900dd981ab5d49063b0d644f0_aug_22aug30.jpg,Tomato_leaf_yellow_curl_virus,Tomato_leaf_yellow_curl_virus,0.9992533326148987,1,1.169081687927246,8.369791984558105,0.189666748046875,9.731467247009277
dataset/test/Tomato_leaf_yellow_curl_virus/TYLCV-tomate-DB-445-171_jpg.rf.9d70326900dd981ab5d49063b0d644f0_aug_23aug42.jpg,Tomato_leaf_yellow_curl_virus,Tomato_leaf_yellow_curl_virus,0.998489499092102,1,1.1732473373413086,8.346162796020508,0.17083454132080078,9.692559242248535
dataset/test/Tomato_leaf_yellow_curl_virus/TYLCV-tomate-DB-445-171_jpg.rf.9d70326900dd981ab5d49063b0d644f0_aug_24aug45.jpg,Tomato_leaf_yellow_curl_virus,Tomato_leaf_yellow_curl_virus,0.999519944190979,1,1.1611003875732422,8.316736221313477,0.16501998901367188,9.645578384399414
dataset/test/Tomato_leaf_yellow_curl_virus/TYLCV-tomate-DB-445-171_jpg.rf.9d70326900dd981ab5d49063b0d644f0_aug_25aug20.jpg,Tomato_leaf_yellow_curl_virus,Tomato_leaf_yellow_curl_virus,0.9943974018096924,1,1.1633214950561523,8.216846466064453,0.184722900390625,9.568504333496094
dataset/test/Tomato_leaf_yellow_curl_virus/TYLCV-tomate-DB-445-171_jpg.rf.9d70326900dd981ab5d49063b0d644f0_aug_26aug18.jpg,Tomato_leaf_yellow_curl_virus,Tomato_leaf_yellow_curl_virus,0.9942877888679504,1,1.316990852355957,8.190569877624512,0.17420578002929688,9.684319496154785
dataset/test/Tomato_leaf_yellow_curl_virus/TYLCV-tomate-DB-445-171_jpg.rf.9d70326900dd981ab5d49063b0d644f0_aug_27aug29.jpg,Tomato_leaf_yellow_curl_virus,Tomato_leaf_yellow_curl_virus,0.9794573783874512,1,1.180506706237793,8.204716682434082,0.17698287963867188,9.564892768859863
dataset/test/Tomato_leaf_yellow_curl_virus/TYLCV-tomate-DB-445-171_jpg.rf.9d70326900dd981ab5d49063b0d644f0aug3.jpg,Tomato_leaf_yellow_curl_virus,Tomato_leaf_yellow_curl_virus,0.9993748068809509,1,1.198378562927246,8.325756072998047,0.17670345306396484,9.703763008117676
dataset/test/Tomato_leaf_yellow_curl_virus/TYLCV4_jpg.rf.2e4accea501a220be9dc475dd1ca3121_aug_10aug22.jpg,Tomato_leaf_yellow_curl_virus,Tomato_leaf_yellow_curl_virus,0.9999805688858032,1,1.157562255859375,8.19656753540039,0.1748514175415039,9.5315580368042
dataset/test/Tomato_leaf_yellow_curl_virus/TYLCV4_jpg.rf.2e4accea501a220be9dc475dd1ca3121_aug_11aug44.jpg,Tomato_leaf_yellow_curl_virus,Tomato_leaf_yellow_curl_virus,0.9999858140945435,1,1.1827850341796875,8.4266996383667,0.17407512664794922,9.786319732666016
dataset/test/Tomato_leaf_yellow_curl_virus/TYLCV4_jpg.rf.2e4accea501a220be9dc475dd1ca3121_aug_12aug39.jpg,Tomato_leaf_yellow_curl_virus,Tomato_leaf_yellow_curl_virus,0.9999881982803345,1,1.2028045654296875,10.728842735290527,0.21270465850830078,12.147648811340332
dataset/test/Tomato_leaf_yellow_curl_virus/TYLCV4_jpg.rf.2e4accea501a220be9dc475dd1ca3121_aug_13aug35.jpg,Tomato_leaf_yellow_curl_virus,Tomato_leaf_yellow_curl_virus,0.9999722242355347,1,1.548269271850586,12.533021926879883,0.21433448791503906,14.299439430236816
dataset/test/Tomato_leaf_yellow_curl_virus/TYLCV4_jpg.rf.2e4accea501a220be9dc475dd1ca3121_aug_7aug40.jpg,Tomato_leaf_yellow_curl_virus,Tomato_leaf_yellow_curl_virus,0.9999881982803345,1,1.6037330627441406,10.997437477111816,0.20637226104736328,12.810688972473145
dataset/test/Tomato_leaf_yellow_curl_virus/TYLCV4_jpg.rf.2e4accea501a220be9dc475dd1ca3121_aug_8aug33.jpg,Tomato_leaf_yellow_curl_virus,Tomato_leaf_yellow_curl_virus,0.9999918937683105,1,1.5372867584228516,10.794418334960938,0.2126302719116211,12.547466278076172
dataset/test/Tomato_leaf_yellow_curl_virus/TYLCV4_jpg.rf.2e4accea501a220be9dc475dd1ca3121_aug_9aug48.jpg,Tomato_leaf_yellow_curl_virus,Tomato_leaf_yellow_curl_virus,0.9999594688415527,1,1.574509620666504,10.940771102905273,0.21300029754638672,12.731671333312988
dataset/test/Tomato_leaf_yellow_curl_virus/TYLCV4_jpg.rf.2e4accea501a220be9dc475dd1ca3121aug1.jpg,Tomato_leaf_yellow_curl_virus,Tomato_leaf_yellow_curl_virus,0.9999943971633911,1,1.5018424987792969,10.88869571685791,0.2124462127685547,12.606633186340332
dataset/test/Tomato_leaf_yellow_curl_virus/art_15017325188173_a24a66_aug_14aug36.jpg,Tomato_leaf_yellow_curl_virus,Tomato_leaf_yellow_curl_virus,0.9999998807907104,1,1.5568609237670898,10.933418273925781,0.20389080047607422,12.697576522827148
dataset/test/Tomato_leaf_yellow_curl_virus/art_15017325188173_a24a66_aug_15aug23.jpg,Tomato_leaf_yellow_curl_virus,Tomato_leaf_yellow_curl_virus,0.9999979734420776,1,1.5553054809570312,10.799288749694824,0.2133350372314453,12.571335792541504
dataset/test/Tomato_leaf_yellow_curl_virus/art_15017325188173_a24a66_aug_16aug34.jpg,Tomato_leaf_yellow_curl_virus,Tomato_leaf_yellow_curl_virus,0.9999948740005493,1,1.476639747619629,8.015753746032715,0.17118549346923828,9.66661548614502
dataset/test/Tomato_leaf_yellow_curl_virus/art_15017325188173_a24a66_aug_17aug43.jpg,Tomato_leaf_yellow_curl_virus,Tomato_leaf_yellow_curl_virus,0.9999433755874634,1,1.2362661361694336,8.249847412109375,0.17689037322998047,9.666040420532227
dataset/test/Tomato_leaf_yellow_curl_virus/art_15017325188173_a24a66_aug_18aug47.jpg,Tomato_leaf_yellow_curl_virus,Tomato_leaf_yellow_curl_virus,0.9997926354408264,1,1.2193784713745117,8.283921241760254,0.16974258422851562,9.67574405670166
dataset/test/Tomato_leaf_yellow_curl_virus/art_15017325188173_a24a66_aug_19aug25.jpg,Tomato_leaf_yellow_curl_virus,Tomato_leaf_yellow_curl_virus,0.9998946189880371,1,1.2497310638427734,8.178810119628906,0.16753864288330078,9.598817825317383
dataset/test/Tomato_leaf_yellow_curl_virus/art_15017325188173_a24a66_aug_20aug46.jpg,Tomato_leaf_yellow_curl_virus,Tomato_leaf_yellow_curl_virus,0.9999611377716064,1,1.174173355102539,7.986808776855469,0.17705535888671875,9.341224670410156
dataset/test/Tomato_leaf_yellow_curl_virus/art_15017325188173_a24a66aug2.jpg,Tomato_leaf_yellow_curl_virus,Tomato_leaf_yellow_curl_virus,0.9999827146530151,1,1.3068771362304688,8.020752906799316,0.17442607879638672,9.505133628845215
dataset/test/Tomato_leaf_yellow_curl_virus/psyllid-yellows_jpg.rf.1d99aab2f43a840be530ce313eb0c0fd_aug_56aug57.jpg,Tomato_leaf_yellow_curl_virus,Tomato_leaf_yellow_curl_virus,0.9989284873008728,1,1.2589521408081055,7.987067222595215,0.17327880859375,9.421947479248047
dataset/test/Tomato_leaf_yellow_curl_virus/psyllid-yellows_jpg.rf.1d99aab2f43a840be530ce313eb0c0fd_aug_57aug84.jpg,Tomato_leaf_yellow_curl_virus,Tomato_leaf_yellow_curl_virus,0.99916672706604,1,1.1740436553955078,8.144810676574707,0.1727619171142578,9.49455738067627
dataset/test/Tomato_leaf_yellow_curl_virus/psyllid-yellows_jpg.rf.1d99aab2f43a840be530ce313eb0c0fd_aug_58aug52.jpg,Tomato_leaf_yellow_curl_virus,Tomato_leaf_yellow_curl_virus,0.99916672706604,1,1.1801176071166992,8.154271125793457,0.1729440689086914,9.510446548461914
dataset/test/Tomato_leaf_yellow_curl_virus/psyllid-yellows_jpg.rf.1d99aab2f43a840be530ce313eb0c0fd_aug_59aug77.jpg,Tomato_leaf_yellow_curl_virus,Tomato_leaf_yellow_curl_virus,0.9968184232711792,1,1.1950807571411133,8.275716781616211,0.1767597198486328,9.650245666503906
dataset/test/Tomato_leaf_yellow_curl_virus/psyllid-yellows_jpg.rf.1d99aab2f43a840be530ce313eb0c0fd_aug_60aug86.jpg,Tomato_leaf_yellow_curl_virus,Tomato_leaf_yellow_curl_virus,0.9989857077598572,1,1.2167301177978516,8.173088073730469,0.1739816665649414,9.566484451293945
dataset/test/Tomato_leaf_yellow_curl_virus/psyllid-yellows_jpg.rf.1d99aab2f43a840be530ce313eb0c0fd_aug_61aug59.jpg,Tomato_leaf_yellow_curl_virus,Tomato_leaf_yellow_curl_virus,0.9988490343093872,1,1.2118597030639648,8.128401756286621,0.17248153686523438,9.51539134979248
dataset/test/Tomato_leaf_yellow_curl_virus/psyllid-yellows_jpg.rf.1d99aab2f43a840be530ce313eb0c0fd_aug_62aug67.jpg,Tomato_leaf_yellow_curl_virus,Tomato_leaf_yellow_curl_virus,0.9983776807785034,1,1.174468994140625,8.028789520263672,0.17194652557373047,9.377964973449707
dataset/test/Tomato_leaf_yellow_curl_virus/psyllid-yellows_jpg.rf.1d99aab2f43a840be530ce313eb0c0fdaug8.jpg,Tomato_leaf_yellow_curl_virus,Tomato_leaf_yellow_curl_virus,0.9956632256507874,1,1.1708412170410156,8.683460235595703,0.17331504821777344,10.030190467834473
dataset/test/Tomato_leaf_yellow_curl_virus/tj5itxzunn3k_jpg.rf.4aeda27b2535578e718fe6279491d0d4_aug_49aug102.jpg,Tomato_leaf_yellow_curl_virus,Tomato_leaf_yellow_curl_virus,0.9998830556869507,1,1.1187658309936523,8.220161437988281,0.1704273223876953,9.511762619018555
dataset/test/Tomato_leaf_yellow_curl_virus/tj5itxzunn3k_jpg.rf.4aeda27b2535578e718fe6279491d0d4_aug_50aug109.jpg,Tomato_leaf_yellow_curl_virus,Tomato_leaf_yellow_curl_virus,0.9999780654907227,1,1.109487533569336,8.352108001708984,0.1664276123046875,9.630281448364258
dataset/test/Tomato_leaf_yellow_curl_virus/tj5itxzunn3k_jpg.rf.4aeda27b2535578e718fe6279491d0d4_aug_51aug99.jpg,Tomato_leaf_yellow_curl_virus,Tomato_leaf_yellow_curl_virus,0.9999793767929077,1,1.1399335861206055,8.230679512023926,0.18355560302734375,9.556855201721191
dataset/test/Tomato_leaf_yellow_curl_virus/tj5itxzunn3k_jpg.rf.4aeda27b2535578e718fe6279491d0d4_aug_52aug103.jpg,Tomato_leaf_yellow_curl_virus,Tomato_leaf_yellow_curl_virus,0.9998843669891357,1,1.1911373138427734,8.250182151794434,0.17655658721923828,9.620633125305176
dataset/test/Tomato_leaf_yellow_curl_virus/tj5itxzunn3k_jpg.rf.4aeda27b2535578e718fe6279491d0d4_aug_53aug100.jpg,Tomato_leaf_yellow_curl_virus,Tomato_leaf_yellow_curl_virus,0.9999829530715942,1,1.1388769149780273,8.003585815429688,0.25464916229248047,9.399890899658203
dataset/test/Tomato_leaf_yellow_curl_virus/tj5itxzunn3k_jpg.rf.4aeda27b2535578e718fe6279491d0d4_aug_54aug106.jpg,Tomato_leaf_yellow_curl_virus,Tomato_leaf_yellow_curl_virus,0.9999959468841553,1,1.1065435409545898,8.494940757751465,0.1725015640258789,9.776893615722656
dataset/test/Tomato_leaf_yellow_curl_virus/tj5itxzunn3k_jpg.rf.4aeda27b2535578e718fe6279491d0d4_aug_55aug107.jpg,Tomato_leaf_yellow_curl_virus,Tomato_leaf_yellow_curl_virus,0.99996018409729,1,1.1124887466430664,8.23192024230957,0.16822338104248047,9.51522445678711
dataset/test/Tomato_leaf_yellow_curl_virus/tj5itxzunn3k_jpg.rf.4aeda27b2535578e718fe6279491d0d4aug7.jpg,Tomato_leaf_yellow_curl_virus,Tomato_leaf_yellow_curl_virus,0.9999244213104248,1,1.124359130859375,7.961009979248047,0.1667795181274414,9.254963874816895
dataset/test/Tomato_leaf_yellow_curl_virus/tomato-yellow-closeup-3_aug_28aug16.jpg,Tomato_leaf_yellow_curl_virus,Tomato_leaf_yellow_curl_virus,0.8101892471313477,1,1.1357488632202148,8.097660064697266,0.18639087677001953,9.423131942749023
dataset/test/Tomato_leaf_yellow_curl_virus/tomato-yellow-closeup-3_aug_29aug27.jpg,Tomato_leaf_yellow_curl_virus,Tomato_leaf_yellow_curl_virus,0.8192142248153687,1,1.1648216247558594,7.869584083557129,0.1687793731689453,9.205853462219238
dataset/test/Tomato_leaf_yellow_curl_virus/tomato-yellow-closeup-3_aug_30aug117.jpg,Tomato_leaf_yellow_curl_virus,Tomato_leaf_yellow_curl_virus,0.9088103175163269,1,1.1837482452392578,7.95932674407959,0.16792678833007812,9.31453800201416
dataset/test/Tomato_leaf_yellow_curl_virus/tomato-yellow-closeup-3_aug_31aug31.jpg,Tomato_leaf_yellow_curl_virus,Tomato_leaf_yellow_curl_virus,0.8739138245582581,1,1.1498212814331055,7.794214248657227,0.1663532257080078,9.112908363342285
dataset/test/Tomato_leaf_yellow_curl_virus/tomato-yellow-closeup-3_aug_32aug115.jpg,Tomato_leaf_yellow_curl_virus,Tomato_leaf_yellow_curl_virus,0.43016737699508667,1,1.166025161743164,7.954288482666016,0.17079830169677734,9.293501853942871
dataset/test/Tomato_leaf_yellow_curl_virus/tomato-yellow-closeup-3_aug_33aug116.jpg,Tomato_leaf_yellow_curl_virus,Tomato_leaf_yellow_curl_virus,0.8877400159835815,1,1.1656370162963867,7.966067314147949,0.1669464111328125,9.301222801208496
dataset/test/Tomato_leaf_yellow_curl_virus/tomato-yellow-closeup-3_aug_34aug26.jpg,Tomato_leaf_yellow_curl_virus,Tomato_leaf_yellow_curl_virus,0.8878746628761292,1,1.1299514770507812,7.748529434204102,0.17975997924804688,9.061482429504395
dataset/test/Tomato_leaf_yellow_curl_virus/tomato-yellow-closeup-3aug4.jpg,Tomato_leaf_yellow_curl_virus,Tomato_leaf_yellow_curl_virus,0.9644735455513,1,1.137674331665039,7.894325256347656,0.1678333282470703,9.202500343322754
dataset/test/Tomato_leaf_yellow_curl_virus/tomato-yellow-leaf-curl-virus-tomato-1_aug_100aug92.jpg,Tomato_leaf_yellow_curl_virus,Tomato_leaf_yellow_curl_virus,0.9999512434005737,1,1.1542482376098633,7.970308303833008,0.19698333740234375,9.32435417175293
dataset/test/Tomato_leaf_yellow_curl_virus/tomato-yellow-leaf-curl-virus-tomato-1_aug_101aug95.jpg,Tomato_leaf_yellow_curl_virus,Tomato_leaf_yellow_curl_virus,0.9960875511169434,1,1.1679143905639648,10.816900253295898,0.2107982635498047,12.198833465576172
dataset/test/Tomato_leaf_yellow_curl_virus/tomato-yellow-leaf-curl-virus-tomato-1_aug_102aug88.jpg,Tomato_leaf_yellow_curl_virus,Tomato_leaf_yellow_curl_virus,0.9998396635055542,1,1.5628433227539062,10.858826637268066,0.21238994598388672,12.63720703125
dataset/test/Tomato_leaf_yellow_curl_virus/tomato-yellow-leaf-curl-virus-tomato-1_aug_103aug93.jpg,Tomato_leaf_yellow_curl_virus,Tomato_leaf_yellow_curl_virus,0.9981264472007751,1,1.7414922714233398,11.298051834106445,0.21120452880859375,13.254098892211914
dataset/test/Tomato_leaf_yellow_curl_virus/tomato-yellow-leaf-curl-virus-tomato-1_aug_98aug91.jpg,Tomato_leaf_yellow_curl_virus,Tomato_leaf_yellow_curl_virus,0.9997379183769226,1,1.5512495040893555,10.710824966430664,0.2124643325805664,12.477872848510742
dataset/test/Tomato_leaf_yellow_curl_virus/tomato-yellow-leaf-curl-virus-tomato-1_aug_99aug90.jpg,Tomato_leaf_yellow_curl_virus,Tomato_leaf_yellow_curl_virus,0.9998688697814941,1,1.5777502059936523,10.850419998168945,0.21170520782470703,12.643280982971191
dataset/test/Tomato_leaf_yellow_curl_virus/tomato-yellow-leaf-curl-virus-tomato-1aug14.jpg,Tomato_leaf_yellow_curl_virus,Tomato_leaf_yellow_curl_virus,0.9965552091598511,1,1.5999717712402344,10.85821533203125,0.2491312026977539,12.711095809936523
dataset/test/Tomato_leaf_yellow_curl_virus/tomatoyellowleafcurlcropped_aug_91aug55.jpg,Tomato_leaf_yellow_curl_virus,Tomato_leaf_yellow_curl_virus,0.9999567270278931,1,1.518157958984375,10.81752872467041,0.20964908599853516,12.548891067504883
dataset/test/Tomato_leaf_yellow_curl_virus/tomatoyellowleafcurlcropped_aug_92aug89.jpg,Tomato_leaf_yellow_curl_virus,Tomato_leaf_yellow_curl_virus,0.9999955892562866,1,1.5183429718017578,10.76093578338623,0.21014976501464844,12.493206977844238
dataset/test/Tomato_leaf_yellow_curl_virus/tomatoyellowleafcurlcropped_aug_93aug97.jpg,Tomato_leaf_yellow_curl_virus,Tomato_leaf_yellow_curl_virus,0.999997615814209,1,1.5172309875488281,8.362549781799316,0.16951942443847656,10.052154541015625
dataset/test/Tomato_leaf_yellow_curl_virus/tomatoyellowleafcurlcropped_aug_94aug50.jpg,Tomato_leaf_yellow_curl_virus,Tomato_leaf_yellow_curl_virus,0.999651312828064,1,1.1981925964355469,7.74915885925293,0.16896438598632812,9.118945121765137
dataset/test/Tomato_leaf_yellow_curl_virus/tomatoyellowleafcurlcropped_aug_95aug87.jpg,Tomato_leaf_yellow_curl_virus,Tomato_leaf_yellow_curl_virus,0.9999630451202393,1,1.115839958190918,7.926233291625977,0.17057514190673828,9.215092658996582
dataset/test/Tomato_leaf_yellow_curl_virus/tomatoyellowleafcurlcropped_aug_96aug96.jpg,Tomato_leaf_yellow_curl_virus,Tomato_leaf_yellow_curl_virus,0.9999949932098389,1,1.1294336318969727,7.740472793579102,0.16759395599365234,9.04022216796875
dataset/test/Tomato_leaf_yellow_curl_virus/tomatoyellowleafcurlcropped_aug_97aug94.jpg,Tomato_leaf_yellow_curl_virus,Tomato_leaf_yellow_curl_virus,0.9999996423721313,1,1.123154640197754,7.831955909729004,0.16801929473876953,9.125518798828125
dataset/test/Tomato_leaf_yellow_curl_virus/tomatoyellowleafcurlcroppedaug13.jpg,Tomato_leaf_yellow_curl_virus,Tomato_leaf_yellow_curl_virus,0.9999942779541016,1,1.1482658386230469,7.945825576782227,0.1699838638305664,9.266946792602539
dataset/test/Tomato_leaf_yellow_curl_virus/virus1_aug_0aug37.jpg,Tomato_leaf_yellow_curl_virus,Tomato_leaf_yellow_curl_virus,0.9999996423721313,1,1.0983963012695312,7.92379093170166,0.16905593872070312,9.194148063659668
dataset/test/Tomato_leaf_yellow_curl_virus/virus1_aug_1aug21.jpg,Tomato_leaf_yellow_curl_virus,Tomato_leaf_yellow_curl_virus,0.9999842643737793,1,1.0930795669555664,7.800363540649414,0.18122291564941406,9.078055381774902
dataset/test/Tomato_leaf_yellow_curl_virus/virus1_aug_2aug24.jpg,Tomato_leaf_yellow_curl_virus,Tomato_leaf_yellow_curl_virus,1.0,1,1.1403045654296875,7.768289566040039,0.16692638397216797,9.078129768371582
dataset/test/Tomato_leaf_yellow_curl_virus/virus1_aug_3aug17.jpg,Tomato_leaf_yellow_curl_virus,Tomato_leaf_yellow_curl_virus,0.9999991655349731,1,1.0982294082641602,7.717288970947266,0.174224853515625,8.992907524108887
dataset/test/Tomato_leaf_yellow_curl_virus/virus1_aug_4aug28.jpg,Tomato_leaf_yellow_curl_virus,Tomato_leaf_yellow_curl_virus,0.9999997615814209,1,1.0968027114868164,7.949363708496094,0.16577911376953125,9.21435260772705
dataset/test/Tomato_leaf_yellow_curl_virus/virus1_aug_5aug32.jpg,Tomato_leaf_yellow_curl_virus,Tomato_leaf_yellow_curl_virus,0.9999991655349731,1,1.112767219543457,10.265785217285156,0.21005725860595703,11.59184741973877
dataset/test/Tomato_leaf_yellow_curl_virus/virus1_aug_6aug38.jpg,Tomato_leaf_yellow_curl_virus,Tomato_leaf_yellow_curl_virus,0.9999595880508423,1,1.4932117462158203,10.740547180175781,0.21026039123535156,12.44774341583252
dataset/test/Tomato_leaf_yellow_curl_virus/virus1aug0.jpg,Tomato_leaf_yellow_curl_virus,Tomato_leaf_yellow_curl_virus,0.9999974966049194,1,1.522378921508789,10.763917922973633,0.2112417221069336,12.500761032104492
dataset/test/Tomato_mold_leaf/IMG-20240724-WA0020_aug_68aug87.jpg,Tomato_mold_leaf,Tomato_Healthy_leaf,0.4535914957523346,0,1.590195655822754,10.898641586303711,0.21209335327148438,12.7042818069458
dataset/test/Tomato_mold_leaf/IMG-20240724-WA0020_aug_69aug97.jpg,Tomato_mold_leaf,Tomato_mold_leaf,0.5902986526489258,1,1.584324836730957,11.609034538269043,0.21190929412841797,13.40908432006836
dataset/test/Tomato_mold_leaf/IMG-20240724-WA0020_aug_70aug82.jpg,Tomato_mold_leaf,Tomato_mold_leaf,0.6835611462593079,1,1.5633602142333984,10.746898651123047,0.21244525909423828,12.526244163513184
dataset/test/Tomato_mold_leaf/IMG-20240724-WA0020_aug_71aug98.jpg,Tomato_mold_leaf,Tomato_mold_leaf,0.5197973251342773,1,1.5474538803100586,11.77210807800293,0.2153339385986328,13.538731575012207
dataset/test/Tomato_mold_leaf/IMG-20240724-WA0020aug17.jpg,Tomato_mold_leaf,Tomato_Healthy_leaf,0.4590647518634796,0,1.6257505416870117,11.035624504089355,0.2143726348876953,12.87943172454834
dataset/test/Tomato_mold_leaf/IMG-20240724-WA0044_aug_10aug44.jpg,Tomato_mold_leaf,Tomato_mold_leaf,0.9911688566207886,1,1.5743799209594727,14.497440338134766,0.17333412170410156,16.24863624572754
dataset/test/Tomato_mold_leaf/IMG-20240724-WA0044_aug_11aug49.jpg,Tomato_mold_leaf,Tomato_mold_leaf,0.9791578650474548,1,1.1442861557006836,15.813541412353516,0.16359424591064453,17.124085426330566
dataset/test/Tomato_mold_leaf/IMG-20240724-WA0044_aug_8aug35.jpg,Tomato_mold_leaf,Tomato_mold_leaf,0.961189329624176,1,1.1309700012207031,8.771072387695312,0.16014957427978516,10.064542770385742
dataset/test/Tomato_mold_leaf/IMG-20240724-WA0044_aug_9aug41.jpg,Tomato_mold_leaf,Tomato_mold_leaf,0.9748961329460144,1,1.1527109146118164,8.070677757263184,0.1725940704345703,9.398298263549805
dataset/test/Tomato_mold_leaf/IMG-20240724-WA0044aug2.jpg,Tomato_mold_leaf,Tomato_mold_leaf,0.9702879786491394,1,1.255044937133789,7.7420654296875,0.17113018035888672,9.171147346496582
dataset/test/Tomato_mold_leaf/IMG-20240724-WA0055_aug_28aug27.jpg,Tomato_mold_leaf,Tomato_mold_leaf,0.998514711856842,1,1.1348590850830078,7.889269828796387,0.17113018035888672,9.198408126831055
dataset/test/Tomato_mold_leaf/IMG-20240724-WA0055_aug_29aug28.jpg,Tomato_mold_leaf,Tomato_mold_leaf,0.9816250205039978,1,1.171839714050293,7.943086624145508,0.1704082489013672,9.288168907165527
dataset/test/Tomato_mold_leaf/IMG-20240724-WA0055_aug_30aug43.jpg,Tomato_mold_leaf,Tomato_mold_leaf,0.994655966758728,1,1.1329517364501953,7.944103240966797,0.16976070404052734,9.249796867370605
dataset/test/Tomato_mold_leaf/IMG-20240724-WA0055_aug_31aug50.jpg,Tomato_mold_leaf,Tomato_mold_leaf,0.9988352656364441,1,1.1307477951049805,7.888808250427246,0.16753768920898438,9.189667701721191
dataset/test/Tomato_mold_leaf/IMG-20240724-WA0055aug7.jpg,Tomato_mold_leaf,Tomato_mold_leaf,0.9950394034385681,1,1.1712112426757812,8.506755828857422,0.2129077911376953,9.894042015075684
dataset/test/Tomato_mold_leaf/IMG-20240724-WA0065_aug_80aug69.jpg,Tomato_mold_leaf,Tomato_mold_leaf,0.999845027923584,1,1.5970287322998047,11.113215446472168,0.21222400665283203,12.926356315612793
dataset/test/Tomato_mold_leaf/IMG-20240724-WA0065_aug_81aug70.jpg,Tomato_mold_leaf,Tomato_mold_leaf,0.9998555183410645,1,1.5940837860107422,10.96562385559082,0.212799072265625,12.776615142822266
dataset/test/Tomato_mold_leaf/IMG-20240724-WA0065_aug_82aug66.jpg,Tomato_mold_leaf,Tomato_mold_leaf,0.9994520545005798,1,1.7278633117675781,10.913178443908691,0.21144580841064453,12.85650634765625
dataset/test/Tomato_mold_leaf/IMG-20240724-WA0065_aug_83aug65.jpg,Tomato_mold_leaf,Tomato_mold_leaf,0.9998236298561096,1,1.576491355895996,11.140753746032715,0.2126312255859375,12.933172225952148
dataset/test/Tomato_mold_leaf/IMG-20240724-WA0065aug20.jpg,Tomato_mold_leaf,Tomato_mold_leaf,0.9988358616828918,1,1.5410842895507812,11.02182674407959,0.21163082122802734,12.778021812438965
dataset/test/Tomato_mold_leaf/IMG-20240725-WA0031_aug_0aug46.jpg,Tomato_mold_leaf,Tomato_mold_leaf,0.9854875802993774,1,1.4764909744262695,10.933122634887695,0.21296405792236328,12.625872611999512
dataset/test/Tomato_mold_leaf/IMG-20240725-WA0031_aug_1aug47.jpg,Tomato_mold_leaf,Tomato_mold_leaf,0.9989529848098755,1,1.4704532623291016,11.09847640991211,0.4048175811767578,12.976932525634766
dataset/test/Tomato_mold_leaf/IMG-20240725-WA0031_aug_2aug37.jpg,Tomato_mold_leaf,Tomato_mold_leaf,0.9854875802993774,1,1.4961957931518555,10.435081481933594,0.17051982879638672,12.104889869689941
dataset/test/Tomato_mold_leaf/IMG-20240725-WA0031_aug_3aug45.jpg,Tomato_mold_leaf,Tomato_mold_leaf,0.9964119791984558,1,1.126877784729004,7.962067604064941,0.16346454620361328,9.255260467529297
dataset/test/Tomato_mold_leaf/IMG-20240725-WA0031aug0.jpg,Tomato_mold_leaf,Tomato_mold_leaf,0.9642918109893799,1,1.0868768692016602,7.759917259216309,0.17166805267333984,9.020981788635254
dataset/test/Tomato_mold_leaf/IMG-20240725-WA0039_aug_72aug79.jpg,Tomato_mold_leaf,Tomato_mold_leaf,0.9999493360519409,1,1.2197856903076172,7.711603164672852,0.16940784454345703,9.103480339050293
dataset/test/Tomato_mold_leaf/IMG-20240725-WA0039_aug_73aug95.jpg,Tomato_mold_leaf,Tomato_mold_leaf,0.9999841451644897,1,1.1075801849365234,7.885585784912109,0.1708536148071289,9.166890144348145
dataset/test/Tomato_mold_leaf/IMG-20240725-WA0039_aug_74aug71.jpg,Tomato_mold_leaf,Tomato_mold_leaf,0.9998165965080261,1,1.135045051574707,7.989808082580566,0.16727924346923828,9.294742584228516
dataset/test/Tomato_mold_leaf/IMG-20240725-WA0039_aug_75aug80.jpg,Tomato_mold_leaf,Tomato_mold_leaf,0.9997679591178894,1,1.100839614868164,7.948955535888672,0.16811180114746094,9.22052001953125
dataset/test/Tomato_mold_leaf/IMG-20240725-WA0039aug18.jpg,Tomato_mold_leaf,Tomato_mold_leaf,0.9994761347770691,1,1.104562759399414,7.908178329467773,0.1676492691040039,9.182760238647461
dataset/test/Tomato_mold_leaf/IMG-20240727-WA0038_aug_40aug105.jpg,Tomato_mold_leaf,Tomato_mold_leaf,0.9991219639778137,1,1.1535816192626953,7.937844276428223,0.1685924530029297,9.262870788574219
dataset/test/Tomato_mold_leaf/IMG-20240727-WA0038_aug_41aug106.jpg,Tomato_mold_leaf,Tomato_mold_leaf,0.9982865452766418,1,1.110173225402832,7.918585777282715,0.16709232330322266,9.19911003112793
dataset/test/Tomato_mold_leaf/IMG-20240727-WA0038_aug_42aug116.jpg,Tomato_mold_leaf,Tomato_mold_leaf,0.9999988079071045,1,1.120840072631836,7.812380790710449,0.16837120056152344,9.10440731048584
dataset/test/Tomato_mold_leaf/IMG-20240727-WA0038_aug_43aug110.jpg,Tomato_mold_leaf,Tomato_mold_leaf,0.9973993301391602,1,1.2668228149414062,7.830918312072754,0.17279815673828125,9.273260116577148
dataset/test/Tomato_mold_leaf/IMG-20240727-WA0038aug10.jpg,Tomato_mold_leaf,Tomato_mold_leaf,0.9999986886978149,1,1.1242847442626953,8.165493965148926,0.17213153839111328,9.464593887329102
dataset/test/Tomato_mold_leaf/IMG-20240727-WA0040_aug_56aug92.jpg,Tomato_mold_leaf,Tomato_mold_leaf,0.9999902248382568,1,1.1233768463134766,8.20718002319336,0.1714458465576172,9.504670143127441
dataset/test/Tomato_mold_leaf/IMG-20240727-WA0040_aug_57aug83.jpg,Tomato_mold_leaf,Tomato_mold_leaf,0.9999535083770752,1,1.1888227462768555,8.206291198730469,0.1750020980834961,9.572724342346191
dataset/test/Tomato_mold_leaf/IMG-20240727-WA0040_aug_58aug77.jpg,Tomato_mold_leaf,Tomato_mold_leaf,0.9998631477355957,1,1.1282463073730469,8.184439659118652,0.17885208129882812,9.495077133178711
dataset/test/Tomato_mold_leaf/IMG-20240727-WA0040_aug_59aug94.jpg,Tomato_mold_leaf,Tomato_mold_leaf,0.9999544620513916,1,1.1451740264892578,8.316791534423828,0.2102794647216797,9.675393104553223
dataset/test/Tomato_mold_leaf/IMG-20240727-WA0040aug14.jpg,Tomato_mold_leaf,Tomato_mold_leaf,0.9999892711639404,1,1.136897087097168,8.200845718383789,0.1733531951904297,9.514169692993164
dataset/test/Tomato_mold_leaf/IMG-20240727-WA0124_aug_20aug54.jpg,Tomato_mold_leaf,Tomato_mold_leaf,0.9999991655349731,1,1.1408214569091797,8.198161125183105,0.17194557189941406,9.513874053955078
dataset/test/Tomato_mold_leaf/IMG-20240727-WA0124_aug_21aug38.jpg,Tomato_mold_leaf,Tomato_mold_leaf,0.9990059733390808,1,1.1911182403564453,8.247475624084473,0.17268753051757812,9.614280700683594
dataset/test/Tomato_mold_leaf/IMG-20240727-WA0124_aug_22aug31.jpg,Tomato_mold_leaf,Tomato_mold_leaf,0.9999871253967285,1,1.1494331359863281,8.285272598266602,0.17190933227539062,9.609745979309082
dataset/test/Tomato_mold_leaf/IMG-20240727-WA0124_aug_23aug55.jpg,Tomato_mold_leaf,Tomato_mold_leaf,0.9999560117721558,1,1.163691520690918,8.246198654174805,0.2108898162841797,9.623374938964844
dataset/test/Tomato_mold_leaf/IMG-20240727-WA0124aug5.jpg,Tomato_mold_leaf,Tomato_mold_leaf,0.9999991655349731,1,1.1330814361572266,8.228495597839355,0.17090797424316406,9.535002708435059
dataset/test/Tomato_mold_leaf/IMG-20240727-WA0153_aug_92aug58.jpg,Tomato_mold_leaf,Tomato_mold_leaf,0.9999998807907104,1,1.129617691040039,8.14958667755127,0.15802001953125,9.439780235290527
dataset/test/Tomato_mold_leaf/IMG-20240727-WA0153_aug_93aug60.jpg,Tomato_mold_leaf,Tomato_mold_leaf,1.0,1,1.1219329833984375,8.000751495361328,0.17211151123046875,9.297834396362305
dataset/test/Tomato_mold_leaf/IMG-20240727-WA0153aug23.jpg,Tomato_mold_leaf,Tomato_mold_leaf,0.9999998807907104,1,1.2326374053955078,8.015178680419922,0.17081642150878906,9.421483039855957
dataset/test/Tomato_mold_leaf/IMG-20240727-WA0165aug25.jpg,Tomato_mold_leaf,Tomato_mold_leaf,0.9999980926513672,1,1.1174507141113281,8.252142906188965,0.17185306549072266,9.545022010803223
dataset/test/Tomato_mold_leaf/IMG-20240728-WA0028_aug_64aug91.jpg,Tomato_mold_leaf,Tomato_mold_leaf,0.9999692440032959,1,1.1613397598266602,8.12479019165039,0.172149658203125,9.461225509643555
dataset/test/Tomato_mold_leaf/IMG-20240728-WA0028_aug_65aug86.jpg,Tomato_mold_leaf,Tomato_mold_leaf,0.9999686479568481,1,1.1130447387695312,8.218012809753418,0.16924190521240234,9.502947807312012
dataset/test/Tomato_mold_leaf/IMG-20240728-WA0028_aug_66aug78.jpg,Tomato_mold_leaf,Tomato_mold_leaf,0.9999467134475708,1,1.1072111129760742,8.151124000549316,0.17044544219970703,9.431632041931152
dataset/test/Tomato_mold_leaf/IMG-20240728-WA0028_aug_67aug99.jpg,Tomato_mold_leaf,Tomato_mold_leaf,0.9999114274978638,1,1.162766456604004,8.18016242980957,0.17018604278564453,9.516280174255371
dataset/test/Tomato_mold_leaf/IMG-20240728-WA0028aug16.jpg,Tomato_mold_leaf,Tomato_mold_leaf,0.9999659061431885,1,1.1119699478149414,8.253401756286621,0.17477798461914062,9.54276180267334
dataset/test/Tomato_mold_leaf/IMG-20240728-WA0068_aug_12aug29.jpg,Tomato_mold_leaf,Tomato_mold_leaf,0.9999905824661255,1,1.1378231048583984,8.33642292022705,0.1991138458251953,9.676780700683594
dataset/test/Tomato_mold_leaf/IMG-20240728-WA0068_aug_13aug30.jpg,Tomato_mold_leaf,Tomato_mold_leaf,0.9999721050262451,1,1.4943065643310547,10.93356704711914,0.2104644775390625,12.64172649383545
dataset/test/Tomato_mold_leaf/IMG-20240728-WA0068_aug_14aug56.jpg,Tomato_mold_leaf,Tomato_mold_leaf,0.9999845027923584,1,1.4869718551635742,10.971400260925293,0.21240806579589844,12.674171447753906
dataset/test/Tomato_mold_leaf/IMG-20240728-WA0068_aug_15aug42.jpg,Tomato_mold_leaf,Tomato_mold_leaf,0.9999293088912964,1,1.4833984375,11.13930892944336,0.21318531036376953,12.839653015136719
dataset/test/Tomato_mold_leaf/IMG-20240728-WA0068aug3.jpg,Tomato_mold_leaf,Tomato_mold_leaf,0.9999772310256958,1,1.6511774063110352,10.957085609436035,0.2115945816040039,12.82344913482666
dataset/test/Tomato_mold_leaf/IMG-20240728-WA0074_aug_44aug102.jpg,Tomato_mold_leaf,Tomato_mold_leaf,0.9991706609725952,1,1.5495643615722656,11.495737075805664,0.21105670928955078,13.259858131408691
dataset/test/Tomato_mold_leaf/IMG-20240728-WA0074_aug_45aug75.jpg,Tomato_mold_leaf,Tomato_mold_leaf,0.9999445676803589,1,1.5171566009521484,11.082252502441406,0.21335315704345703,12.81639289855957
dataset/test/Tomato_mold_leaf/IMG-20240728-WA0074_aug_46aug89.jpg,Tomato_mold_leaf,Tomato_mold_leaf,0.9999423027038574,1,1.5012311935424805,11.6812744140625,0.20228004455566406,13.388599395751953
dataset/test/Tomato_mold_leaf/IMG-20240728-WA0074_aug_47aug111.jpg,Tomato_mold_leaf,Tomato_mold_leaf,0.9999716281890869,1,1.5105104446411133,10.679973602294922,0.16724300384521484,12.360650062561035
dataset/test/Tomato_mold_leaf/IMG-20240728-WA0074aug11.jpg,Tomato_mold_leaf,Tomato_mold_leaf,0.9998151659965515,1,1.161581039428711,8.031105041503906,0.1658172607421875,9.361093521118164
dataset/test/Tomato_mold_leaf/IMG-20240728-WA0075aug24.jpg,Tomato_mold_leaf,Tomato_mold_leaf,0.9984943866729736,1,1.0924501419067383,7.663620948791504,0.1646862030029297,8.923202514648438
dataset/test/Tomato_mold_leaf/IMG-20240728-WA0087_aug_32aug113.jpg,Tomato_mold_leaf,Tomato_mold_leaf,0.9805803298950195,1,1.121267318725586,7.819732666015625,0.16598224639892578,9.10966682434082
dataset/test/Tomato_mold_leaf/IMG-20240728-WA0087_aug_33aug112.jpg,Tomato_mold_leaf,Tomato_mold_leaf,0.9987049102783203,1,1.112839698791504,7.786548614501953,0.167816162109375,9.0697603225708
dataset/test/Tomato_mold_leaf/IMG-20240728-WA0087_aug_34aug104.jpg,Tomato_mold_leaf,Tomato_mold_leaf,0.9805271625518799,1,1.158524513244629,7.792510986328125,0.16722393035888672,9.121185302734375
dataset/test/Tomato_mold_leaf/IMG-20240728-WA0087_aug_35aug100.jpg,Tomato_mold_leaf,Tomato_mold_leaf,0.9886364340782166,1,1.1108207702636719,7.846381187438965,0.1682605743408203,9.128093719482422
dataset/test/Tomato_mold_leaf/IMG-20240728-WA0087aug8.jpg,Tomato_mold_leaf,Tomato_mold_leaf,0.9404674768447876,1,1.1139698028564453,7.732398986816406,0.16779708862304688,9.017037391662598
dataset/test/Tomato_mold_leaf/IMG-20240728-WA0093_aug_76aug90.jpg,Tomato_mold_leaf,Tomato_mold_leaf,0.9999765157699585,1,1.1024694442749023,7.893862724304199,0.1638336181640625,9.163094520568848
dataset/test/Tomato_mold_leaf/IMG-20240728-WA0093_aug_77aug68.jpg,Tomato_mold_leaf,Tomato_mold_leaf,0.999997615814209,1,1.0755634307861328,7.6663055419921875,0.3229827880859375,9.06740665435791
dataset/test/Tomato_mold_leaf/IMG-20240728-WA0093_aug_78aug93.jpg,Tomato_mold_leaf,Tomato_mold_leaf,0.9999861717224121,1,1.0141916275024414,7.889398574829102,0.17477798461914062,9.08137035369873
dataset/test/Tomato_mold_leaf/IMG-20240728-WA0093_aug_79aug64.jpg,Tomato_mold_leaf,Tomato_mold_leaf,0.999997615814209,1,1.1824884414672852,7.555602073669434,0.1653909683227539,8.906424522399902
dataset/test/Tomato_mold_leaf/IMG-20240728-WA0093aug19.jpg,Tomato_mold_leaf,Tomato_mold_leaf,0.9999929666519165,1,1.136526107788086,8.231439590454102,0.17159461975097656,9.542078018188477
dataset/test/Tomato_mold_leaf/IMG-20240728-WA0101_aug_84aug73.jpg,Tomato_mold_leaf,Tomato_mold_leaf,0.9999792575836182,1,1.2069149017333984,8.196958541870117,0.18181610107421875,9.589132308959961
dataset/test/Tomato_mold_leaf/IMG-20240728-WA0101_aug_85aug72.jpg,Tomato_mold_leaf,Tomato_mold_leaf,0.9999979734420776,1,1.1757478713989258,8.209327697753906,0.20579814910888672,9.593929290771484
dataset/test/Tomato_mold_leaf/IMG-20240728-WA0101_aug_86aug67.jpg,Tomato_mold_leaf,Tomato_mold_leaf,0.9999990463256836,1,1.15374755859375,8.231199264526367,0.17100143432617188,9.559131622314453
dataset/test/Tomato_mold_leaf/IMG-20240728-WA0101_aug_87aug74.jpg,Tomato_mold_leaf,Tomato_mold_leaf,0.9999973773956299,1,1.1610260009765625,8.188530921936035,0.17303943634033203,9.525243759155273
dataset/test/Tomato_mold_leaf/IMG-20240728-WA0101aug21.jpg,Tomato_mold_leaf,Tomato_mold_leaf,0.9999707937240601,1,1.20489501953125,8.160179138183594,0.17113018035888672,9.53996467590332
dataset/test/Tomato_mold_leaf/IMG-20240728-WA0103_aug_48aug107.jpg,Tomato_mold_leaf,Tomato_mold_leaf,0.999908447265625,1,1.163248062133789,8.174660682678223,0.17151927947998047,9.512057304382324
dataset/test/Tomato_mold_leaf/IMG-20240728-WA0103_aug_49aug76.jpg,Tomato_mold_leaf,Tomato_mold_leaf,0.999994158744812,1,1.163081169128418,8.174568176269531,0.17139053344726562,9.512003898620605
dataset/test/Tomato_mold_leaf/IMG-20240728-WA0103_aug_50aug114.jpg,Tomato_mold_leaf,Tomato_mold_leaf,0.9999991655349731,1,1.200765609741211,8.224957466125488,0.17711162567138672,9.605910301208496
dataset/test/Tomato_mold_leaf/IMG-20240728-WA0103_aug_51aug84.jpg,Tomato_mold_leaf,Tomato_mold_leaf,0.9999911785125732,1,1.1634712219238281,8.159049034118652,0.17125988006591797,9.496650695800781
dataset/test/Tomato_mold_leaf/IMG-20240728-WA0103aug12.jpg,Tomato_mold_leaf,Tomato_mold_leaf,0.9999892711639404,1,1.198211669921875,8.172419548034668,0.16500091552734375,9.538261413574219
dataset/test/Tomato_mold_leaf/IMG-20240812-WA0183_aug_88aug59.jpg,Tomato_mold_leaf,Tomato_leaf_late_blight,0.3485662043094635,0,1.1123218536376953,8.000271797180176,0.1752796173095703,9.290519714355469
dataset/test/Tomato_mold_leaf/IMG-20240812-WA0183_aug_89aug61.jpg,Tomato_mold_leaf,Tomato_mold_leaf,0.3487846851348877,1,1.26019287109375,8.035160064697266,0.17151832580566406,9.469391822814941
dataset/test/Tomato_mold_leaf/IMG-20240812-WA0183_aug_90aug63.jpg,Tomato_mold_leaf,Tomato_leaf_late_blight,0.37491992115974426,0,1.1802663803100586,8.148271560668945,0.17205524444580078,9.503595352172852
dataset/test/Tomato_mold_leaf/IMG-20240812-WA0183_aug_91aug62.jpg,Tomato_mold_leaf,Tomato_leaf_late_blight,0.5960487127304077,0,1.1358585357666016,8.259772300720215,0.17270565032958984,9.571354866027832
dataset/test/Tomato_mold_leaf/IMG-20240812-WA0183aug22.jpg,Tomato_mold_leaf,Tomato_Early_blight_leaf,0.5566543340682983,0,1.1867303848266602,8.155494689941406,0.1707601547241211,9.516039848327637
dataset/test/Tomato_mold_leaf/IMG_20251102_155435_aug_24aug39.jpg,Tomato_mold_leaf,Tomato_Early_blight_leaf,0.8537144660949707,0,1.163710594177246,8.19249439239502,0.1723346710205078,9.530983924865723
dataset/test/Tomato_mold_leaf/IMG_20251102_155435_aug_25aug51.jpg,Tomato_mold_leaf,Tomato_Early_blight_leaf,0.9845492839813232,0,1.1358394622802734,8.227773666381836,0.17148303985595703,9.5386323928833
dataset/test/Tomato_mold_leaf/IMG_20251102_155435_aug_26aug26.jpg,Tomato_mold_leaf,Tomato_Early_blight_leaf,0.9767563343048096,0,1.173654556274414,8.175551414489746,0.17211246490478516,9.524687767028809
dataset/test/Tomato_mold_leaf/IMG_20251102_155435_aug_27aug52.jpg,Tomato_mold_leaf,Tomato_Early_blight_leaf,0.9276459813117981,0,1.122267723083496,8.30270004272461,0.16187095642089844,9.589262962341309
dataset/test/Tomato_mold_leaf/IMG_20251102_155435aug6.jpg,Tomato_mold_leaf,Tomato_Early_blight_leaf,0.9663048982620239,0,1.1012840270996094,7.955104827880859,0.17477893829345703,9.233758926391602
dataset/test/Tomato_mold_leaf/Leaf+mold+tomato+_25283_2529.JPG_aug_36aug118.jpg,Tomato_mold_leaf,Tomato_Healthy_leaf,0.8179963231086731,0,1.3112306594848633,8.013494491577148,0.1732797622680664,9.500836372375488
dataset/test/Tomato_mold_leaf/Leaf+mold+tomato+_25283_2529.JPG_aug_37aug117.jpg,Tomato_mold_leaf,Tomato_mold_leaf,0.7683724761009216,1,1.302952766418457,8.037309646606445,0.17213058471679688,9.515317916870117
dataset/test/Tomato_mold_leaf/Leaf+mold+tomato+_25283_2529.JPG_aug_38aug119.jpg,Tomato_mold_leaf,Tomato_Healthy_leaf,0.836049497127533,0,1.193246841430664,8.136104583740234,0.17148303985595703,9.503539085388184
dataset/test/Tomato_mold_leaf/Leaf+mold+tomato+_25283_2529.JPG_aug_39aug103.jpg,Tomato_mold_leaf,Tomato_Healthy_leaf,0.8933662176132202,0,1.2334518432617188,8.30079174041748,0.17177867889404297,9.708633422851562
dataset/test/Tomato_mold_leaf/Leaf+mold+tomato+_25283_2529.JPGaug9.jpg,Tomato_mold_leaf,Tomato_Healthy_leaf,0.6001660823822021,0,1.1612663269042969,8.739480018615723,0.17194557189941406,10.075079917907715
dataset/test/Tomato_mold_leaf/Leaf-mold-caused-by-the-fungal-pathogen-Passalore-fulva-in-tomatoes_aug_16aug33.jpg,Tomato_mold_leaf,Tomato_Septoria_leaf_spot,0.60490483045578,0,1.1662473678588867,8.210290908813477,0.1722421646118164,9.551223754882812
dataset/test/Tomato_mold_leaf/Leaf-mold-caused-by-the-fungal-pathogen-Passalore-fulva-in-tomatoes_aug_17aug57.jpg,Tomato_mold_leaf,Tomato_mold_leaf,0.7059913873672485,1,1.1173954010009766,8.215975761413574,0.17044544219970703,9.506613731384277
dataset/test/Tomato_mold_leaf/Leaf-mold-caused-by-the-fungal-pathogen-Passalore-fulva-in-tomatoes_aug_18aug32.jpg,Tomato_mold_leaf,Tomato_mold_leaf,0.8150347471237183,1,1.3757495880126953,8.517848014831543,0.17140865325927734,10.067801475524902
dataset/test/Tomato_mold_leaf/Leaf-mold-caused-by-the-fungal-pathogen-Passalore-fulva-in-tomatoes_aug_19aug53.jpg,Tomato_mold_leaf,Tomato_Septoria_leaf_spot,0.6050245761871338,0,1.1233024597167969,8.498941421508789,0.17403793334960938,9.798782348632812
dataset/test/Tomato_mold_leaf/Leaf-mold-caused-by-the-fungal-pathogen-Passalore-fulva-in-tomatoesaug4.jpg,Tomato_mold_leaf,Tomato_leaf_yellow_curl_virus,0.5306702256202698,0,1.119802474975586,16.497953414916992,0.19229888916015625,17.812498092651367
dataset/test/Tomato_mold_leaf/leaf_mold_nightshade2x500_aug_60aug81.jpg,Tomato_mold_leaf,Tomato_mold_leaf,0.9951151609420776,1,1.2547664642333984,9.882967948913574,0.1757049560546875,11.3167724609375
dataset/test/Tomato_mold_leaf/leaf_mold_nightshade2x500_aug_61aug96.jpg,Tomato_mold_leaf,Tomato_mold_leaf,0.9992651343345642,1,1.2043228149414062,10.360193252563477,0.17429828643798828,11.742108345031738
dataset/test/Tomato_mold_leaf/leaf_mold_nightshade2x500_aug_62aug85.jpg,Tomato_mold_leaf,Tomato_mold_leaf,0.999351441860199,1,1.216822624206543,8.592904090881348,0.17451953887939453,9.987079620361328
dataset/test/Tomato_mold_leaf/leaf_mold_nightshade2x500_aug_63aug88.jpg,Tomato_mold_leaf,Tomato_mold_leaf,0.9992194175720215,1,1.2093963623046875,8.38725471496582,0.17585372924804688,9.775465965270996
dataset/test/Tomato_mold_leaf/leaf_mold_nightshade2x500aug15.jpg,Tomato_mold_leaf,Tomato_mold_leaf,0.9970877766609192,1,1.2306194305419922,8.377922058105469,0.1757040023803711,9.786930084228516
dataset/test/Tomato_mold_leaf/leaf_mold_tomato5x1200_jpg.rf.0a5ee47c78e753f9580bfb7744438ebf_aug_52aug101.jpg,Tomato_mold_leaf,Tomato_mold_leaf,0.9999951124191284,1,1.1731910705566406,8.365385055541992,0.17350101470947266,9.714521408081055
dataset/test/Tomato_mold_leaf/leaf_mold_tomato5x1200_jpg.rf.0a5ee47c78e753f9580bfb7744438ebf_aug_53aug108.jpg,Tomato_mold_leaf,Tomato_mold_leaf,0.9999902248382568,1,1.2150459289550781,8.36769962310791,0.17151927947998047,9.756836891174316
dataset/test/Tomato_mold_leaf/leaf_mold_tomato5x1200_jpg.rf.0a5ee47c78e753f9580bfb7744438ebf_aug_54aug115.jpg,Tomato_mold_leaf,Tomato_mold_leaf,0.9998899698257446,1,1.3178596496582031,8.400569915771484,0.17609500885009766,9.897541046142578
dataset/test/Tomato_mold_leaf/leaf_mold_tomato5x1200_jpg.rf.0a5ee47c78e753f9580bfb7744438ebf_aug_55aug109.jpg,Tomato_mold_leaf,Tomato_mold_leaf,0.9999960660934448,1,1.2354516983032227,8.53258991241455,0.1751852035522461,9.94611644744873
dataset/test/Tomato_mold_leaf/leaf_mold_tomato5x1200_jpg.rf.0a5ee47c78e753f9580bfb7744438ebfaug13.jpg,Tomato_mold_leaf,Tomato_mold_leaf,0.9999983310699463,1,1.1503963470458984,8.908628463745117,0.21161270141601562,10.274248123168945
dataset/test/Tomato_mold_leaf/tomato_leaf-mold_04_zoom_aug_4aug36.jpg,Tomato_mold_leaf,Tomato_leaf_late_blight,0.9539214968681335,0,1.5775651931762695,10.925806999206543,0.21448135375976562,12.721688270568848
dataset/test/Tomato_mold_leaf/tomato_leaf-mold_04_zoom_aug_5aug48.jpg,Tomato_mold_leaf,Tomato_leaf_late_blight,0.6279550790786743,0,1.6081199645996094,11.106882095336914,0.21379661560058594,12.932561874389648
dataset/test/Tomato_mold_leaf/tomato_leaf-mold_04_zoom_aug_6aug40.jpg,Tomato_mold_leaf,Tomato_leaf_late_blight,0.9976671934127808,0,1.5281753540039062,11.24564266204834,0.35770702362060547,13.135024070739746
dataset/test/Tomato_mold_leaf/tomato_leaf-mold_04_zoom_aug_7aug34.jpg,Tomato_mold_leaf,Tomato_leaf_late_blight,0.97199946641922,0,1.5018978118896484,11.021956443786621,0.2106304168701172,12.738004684448242
dataset/test/Tomato_mold_leaf/tomato_leaf-mold_04_zoomaug1.jpg,Tomato_mold_leaf,Tomato_leaf_late_blight,0.9633901715278625,0,1.5134162902832031,10.942548751831055,0.2104635238647461,12.670021057128906
