image_path,true_class,predicted_class,confidence,correct,preprocess_ms,inference_ms,postprocess_ms,total_pipeline_ms
dataset/test/Tomato_Early_blight_leaf/100_46341_aug_5aug62.jpg,Tomato_Early_blight_leaf,Tomato_Early_blight_leaf,0.8643860220909119,1,1.251917839050293,7.906994819641113,0.2579832077026367,9.421507835388184
dataset/test/Tomato_Early_blight_leaf/100_46341_aug_6aug64.jpg,Tomato_Early_blight_leaf,Tomato_Early_blight_leaf,0.8865872025489807,1,2.7071170806884766,22.506455421447754,0.21103954315185547,25.42783260345459
dataset/test/Tomato_Early_blight_leaf/100_46341_aug_7aug57.jpg,Tomato_Early_blight_leaf,Tomato_Early_blight_leaf,0.8865872025489807,1,3.5028076171875,10.133014678955078,0.18137168884277344,13.820509910583496
dataset/test/Tomato_Early_blight_leaf/100_46341_aug_8aug66.jpg,Tomato_Early_blight_leaf,Tomato_Early_blight_leaf,0.7125242352485657,1,1.1519546508789062,7.748513221740723,0.18633556365966797,9.089449882507324
dataset/test/Tomato_Early_blight_leaf/100_46341_aug_9aug65.jpg,Tomato_Early_blight_leaf,Tomato_Early_blight_leaf,0.8518622517585754,1,1.1525297164916992,7.72286319732666,0.28731632232666016,9.165506362915039
dataset/test/Tomato_Early_blight_leaf/100_46341aug1.jpg,Tomato_Early_blight_leaf,Tomato_Early_blight_leaf,0.8325608968734741,1,1.1825103759765625,7.620510101318359,0.21605777740478516,9.02141284942627
dataset/test/Tomato_Early_blight_leaf/1723454500663_aug_20aug39.jpg,Tomato_Early_blight_leaf,Tomato_Early_blight_leaf,0.9999991655349731,1,1.0657873153686523,7.74943733215332,0.17757511138916016,8.995319366455078
dataset/test/Tomato_Early_blight_leaf/1723454500663_aug_21aug35.jpg,Tomato_Early_blight_leaf,Tomato_Early_blight_leaf,0.9999995231628418,1,1.0707693099975586,7.648364067077637,0.18885326385498047,8.910985946655273
dataset/test/Tomato_Early_blight_leaf/1723454500663_aug_22aug51.jpg,Tomato_Early_blight_leaf,Tomato_Early_blight_leaf,0.9999998807907104,1,1.0582866668701172,7.6558074951171875,0.16414928436279297,8.880597114562988
dataset/test/Tomato_Early_blight_leaf/1723454500663_aug_23aug33.jpg,Tomato_Early_blight_leaf,Tomato_Early_blight_leaf,0.9999991655349731,1,1.1637687683105469,7.591159820556641,0.16213130950927734,8.919893264770508
dataset/test/Tomato_Early_blight_leaf/1723454500663_aug_24aug50.jpg,Tomato_Early_blight_leaf,Tomato_Early_blight_leaf,0.9999995231628418,1,1.1112327575683594,7.486473083496094,0.16572284698486328,8.76596450805664
dataset/test/Tomato_Early_blight_leaf/1723454500663aug4.jpg,Tomato_Early_blight_leaf,Tomato_Early_blight_leaf,0.9999988079071045,1,1.0685272216796875,7.971793174743652,0.16463088989257812,9.207488059997559
dataset/test/Tomato_Early_blight_leaf/1723454507240aug20.jpg,Tomato_Early_blight_leaf,Tomato_Septoria_leaf_spot,0.4893173575401306,0,1.0670652389526367,7.659121513366699,0.16292762756347656,8.892003059387207
dataset/test/Tomato_Early_blight_leaf/EB_(981)_aug_65aug107.jpg,Tomato_Early_blight_leaf,Tomato_Early_blight_leaf,0.9999998807907104,1,1.0956945419311523,7.879995346069336,0.16150188446044922,9.139801025390625
dataset/test/Tomato_Early_blight_leaf/EB_(981)_aug_66aug102.jpg,Tomato_Early_blight_leaf,Tomato_Early_blight_leaf,0.9999990463256836,1,1.1496391296386719,7.625844955444336,0.1611499786376953,8.938911437988281
dataset/test/Tomato_Early_blight_leaf/EB_(981)_aug_67aug101.jpg,Tomato_Early_blight_leaf,Tomato_Early_blight_leaf,0.9999980926513672,1,1.076547622680664,7.615455627441406,0.16361331939697266,8.858373641967773
dataset/test/Tomato_Early_blight_leaf/EB_(981)_aug_68aug95.jpg,Tomato_Early_blight_leaf,Tomato_Early_blight_leaf,0.9999996423721313,1,1.0794544219970703,7.8116044998168945,0.151519775390625,9.044801712036133
dataset/test/Tomato_Early_blight_leaf/EB_(981)_aug_69aug97.jpg,Tomato_Early_blight_leaf,Tomato_Early_blight_leaf,0.9998053908348083,1,1.0528068542480469,7.440046310424805,0.1628713607788086,8.658242225646973
dataset/test/Tomato_Early_blight_leaf/EB_(981)aug13.jpg,Tomato_Early_blight_leaf,Tomato_Early_blight_leaf,0.9999709129333496,1,1.1623449325561523,7.584992408752441,0.16439151763916016,8.914447784423828
dataset/test/Tomato_Early_blight_leaf/Early-blight-660x440_aug_0aug61.jpg,Tomato_Early_blight_leaf,Tomato_Early_blight_leaf,0.9991219639778137,1,1.0740280151367188,7.625511169433594,0.16939067840576172,8.872039794921875
dataset/test/Tomato_Early_blight_leaf/Early-blight-660x440_aug_1aug59.jpg,Tomato_Early_blight_leaf,Tomato_Early_blight_leaf,0.9999063014984131,1,1.0718984603881836,7.687437057495117,0.16520404815673828,8.92720890045166
dataset/test/Tomato_Early_blight_leaf/Early-blight-660x440_aug_2aug63.jpg,Tomato_Early_blight_leaf,Tomato_Early_blight_leaf,0.9999979734420776,1,1.075601577758789,7.589473724365234,0.17116928100585938,8.839503288269043
dataset/test/Tomato_Early_blight_leaf/Early-blight-660x440_aug_3aug60.jpg,Tomato_Early_blight_leaf,Tomato_Early_blight_leaf,0.9992380142211914,1,1.1260652542114258,8.458166122436523,0.16316795349121094,9.75008487701416
dataset/test/Tomato_Early_blight_leaf/Early-blight-660x440_aug_4aug58.jpg,Tomato_Early_blight_leaf,Tomato_Early_blight_leaf,0.9992297887802124,1,1.074991226196289,7.6407318115234375,0.17105674743652344,8.890243530273438
dataset/test/Tomato_Early_blight_leaf/Early-blight-660x440aug0.jpg,Tomato_Early_blight_leaf,Tomato_Early_blight_leaf,0.9991773962974548,1,1.0721940994262695,7.536972999572754,0.17316818237304688,8.784966468811035
dataset/test/Tomato_Early_blight_leaf/Gls42_change_180_aug_70aug100.jpg,Tomato_Early_blight_leaf,Tomato_Early_blight_leaf,0.9999439716339111,1,1.0943431854248047,7.614325523376465,0.16848278045654297,8.87957763671875
dataset/test/Tomato_Early_blight_leaf/Gls42_change_180_aug_71aug109.jpg,Tomato_Early_blight_leaf,Tomato_Early_blight_leaf,0.9999338388442993,1,1.0888233184814453,7.531658172607422,0.19568824768066406,8.818595886230469
dataset/test/Tomato_Early_blight_leaf/Gls42_change_180_aug_72aug104.jpg,Tomato_Early_blight_leaf,Tomato_Early_blight_leaf,0.999845027923584,1,1.051361083984375,7.605066299438477,0.17846393585205078,8.83739185333252
dataset/test/Tomato_Early_blight_leaf/Gls42_change_180_aug_73aug94.jpg,Tomato_Early_blight_leaf,Tomato_Early_blight_leaf,0.9999788999557495,1,1.0422134399414062,7.871809959411621,0.16033458709716797,9.07681941986084
dataset/test/Tomato_Early_blight_leaf/Gls42_change_180_aug_74aug108.jpg,Tomato_Early_blight_leaf,Tomato_Early_blight_leaf,0.999964714050293,1,1.0447874069213867,7.663178443908691,0.15311241149902344,8.863447189331055
dataset/test/Tomato_Early_blight_leaf/Gls42_change_180aug14.jpg,Tomato_Early_blight_leaf,Tomato_Early_blight_leaf,0.9997633099555969,1,1.0190448760986328,7.538344383239746,0.16283512115478516,8.722687721252441
dataset/test/Tomato_Early_blight_leaf/Gls4_mirror_aug_60aug93.jpg,Tomato_Early_blight_leaf,Tomato_Early_blight_leaf,1.0,1,1.1631393432617188,7.6215667724609375,0.16359424591064453,8.950745582580566
dataset/test/Tomato_Early_blight_leaf/Gls4_mirror_aug_61aug98.jpg,Tomato_Early_blight_leaf,Tomato_Early_blight_leaf,0.9999833106994629,1,1.0224895477294922,7.660104751586914,0.16385269165039062,8.848854064941406
dataset/test/Tomato_Early_blight_leaf/Gls4_mirror_aug_62aug91.jpg,Tomato_Early_blight_leaf,Tomato_Early_blight_leaf,0.9999998807907104,1,1.0177860260009766,7.721529960632324,0.16511249542236328,8.906966209411621
dataset/test/Tomato_Early_blight_leaf/Gls4_mirror_aug_63aug110.jpg,Tomato_Early_blight_leaf,Tomato_Early_blight_leaf,0.9999997615814209,1,1.0214166641235352,7.708252906799316,0.1610574722290039,8.893540382385254
dataset/test/Tomato_Early_blight_leaf/Gls4_mirror_aug_64aug105.jpg,Tomato_Early_blight_leaf,Tomato_Early_blight_leaf,1.0,1,1.060028076171875,7.580881118774414,0.19639110565185547,8.839910507202148
dataset/test/Tomato_Early_blight_leaf/Gls4_mirror_vertical_aug_25aug37.jpg,Tomato_Early_blight_leaf,Tomato_Early_blight_leaf,0.9999945163726807,1,1.0167875289916992,7.658437728881836,0.16250228881835938,8.840392112731934
dataset/test/Tomato_Early_blight_leaf/Gls4_mirror_vertical_aug_26aug41.jpg,Tomato_Early_blight_leaf,Tomato_Early_blight_leaf,0.9999864101409912,1,1.0149898529052734,7.432010650634766,0.16542625427246094,8.61572265625
dataset/test/Tomato_Early_blight_leaf/Gls4_mirror_vertical_aug_27aug40.jpg,Tomato_Early_blight_leaf,Tomato_Early_blight_leaf,0.999991774559021,1,1.032731056213379,7.622344017028809,0.16107654571533203,8.81909465789795
dataset/test/Tomato_Early_blight_leaf/Gls4_mirror_vertical_aug_28aug36.jpg,Tomato_Early_blight_leaf,Tomato_Early_blight_leaf,0.9999996423721313,1,1.0679903030395508,7.546639442443848,0.16620540618896484,8.783540725708008
dataset/test/Tomato_Early_blight_leaf/Gls4_mirror_vertical_aug_29aug42.jpg,Tomato_Early_blight_leaf,Tomato_Early_blight_leaf,0.9999897480010986,1,1.0764904022216797,7.7590131759643555,0.16094684600830078,8.999319076538086
dataset/test/Tomato_Early_blight_leaf/Gls4_mirror_verticalaug5.jpg,Tomato_Early_blight_leaf,Tomato_Early_blight_leaf,0.9999878406524658,1,1.0215091705322266,7.615492820739746,0.1598348617553711,8.79955768585205
dataset/test/Tomato_Early_blight_leaf/Gls4_mirroraug12.jpg,Tomato_Early_blight_leaf,Tomato_Early_blight_leaf,0.9999998807907104,1,1.0301761627197266,7.645603179931641,0.1614999771118164,8.839632987976074
dataset/test/Tomato_Early_blight_leaf/IMG-20240812-WA0445_aug_40aug23.jpg,Tomato_Early_blight_leaf,Tomato_mold_leaf,0.7959086298942566,0,1.087935447692871,7.610398292541504,0.16120433807373047,8.861688613891602
dataset/test/Tomato_Early_blight_leaf/IMG-20240812-WA0445_aug_41aug28.jpg,Tomato_Early_blight_leaf,Tomato_mold_leaf,0.863672137260437,0,1.0788612365722656,7.630732536315918,0.15491008758544922,8.866706848144531
dataset/test/Tomato_Early_blight_leaf/IMG-20240812-WA0445_aug_42aug21.jpg,Tomato_Early_blight_leaf,Tomato_mold_leaf,0.46850839257240295,0,1.0959548950195312,7.5437517166137695,0.16240882873535156,8.80504035949707
dataset/test/Tomato_Early_blight_leaf/IMG-20240812-WA0445_aug_43aug24.jpg,Tomato_Early_blight_leaf,Tomato_mold_leaf,0.9546641111373901,0,1.1914920806884766,7.726400375366211,0.16163063049316406,9.082060813903809
dataset/test/Tomato_Early_blight_leaf/IMG-20240812-WA0445_aug_44aug22.jpg,Tomato_Early_blight_leaf,Tomato_mold_leaf,0.8969283699989319,0,1.1157312393188477,7.535491943359375,0.16085338592529297,8.814668655395508
dataset/test/Tomato_Early_blight_leaf/IMG-20240812-WA0445aug8.jpg,Tomato_Early_blight_leaf,Tomato_mold_leaf,0.9885072708129883,0,1.1189355850219727,7.6679182052612305,0.1608905792236328,8.950301170349121
dataset/test/Tomato_Early_blight_leaf/IMG20240812111749_aug_90aug80.jpg,Tomato_Early_blight_leaf,Tomato_mold_leaf,0.9999792575836182,0,1.1963434219360352,7.592620849609375,0.16225910186767578,8.953929901123047
dataset/test/Tomato_Early_blight_leaf/IMG20240812111749_aug_91aug77.jpg,Tomato_Early_blight_leaf,Tomato_mold_leaf,0.9916713237762451,0,1.1606578826904297,7.8921613693237305,0.17948436737060547,9.235340118408203
dataset/test/Tomato_Early_blight_leaf/IMG20240812111749_aug_92aug73.jpg,Tomato_Early_blight_leaf,Tomato_mold_leaf,0.999687910079956,0,1.3020849227905273,8.884465217590332,0.18009471893310547,10.369684219360352
dataset/test/Tomato_Early_blight_leaf/IMG20240812111749_aug_93aug71.jpg,Tomato_Early_blight_leaf,Tomato_mold_leaf,0.9999809265136719,0,1.4222908020019531,8.92402172088623,0.18802165985107422,10.635165214538574
dataset/test/Tomato_Early_blight_leaf/IMG20240812111749_aug_94aug74.jpg,Tomato_Early_blight_leaf,Tomato_mold_leaf,0.9982238411903381,0,1.4809389114379883,8.84218978881836,0.17763137817382812,10.503554344177246
dataset/test/Tomato_Early_blight_leaf/IMG20240812111749aug18.jpg,Tomato_Early_blight_leaf,Tomato_mold_leaf,0.9999037981033325,0,1.4099197387695312,8.878817558288574,0.1994647979736328,10.490777015686035
dataset/test/Tomato_Early_blight_leaf/IMG_20251102_155150_aug_30aug34.jpg,Tomato_Early_blight_leaf,Tomato_Early_blight_leaf,1.0,1,1.4136228561401367,9.165116310119629,0.20094680786132812,10.782334327697754
dataset/test/Tomato_Early_blight_leaf/IMG_20251102_155150_aug_31aug43.jpg,Tomato_Early_blight_leaf,Tomato_Early_blight_leaf,1.0,1,1.1811580657958984,8.99100399017334,0.1709270477294922,10.34620189666748
dataset/test/Tomato_Early_blight_leaf/IMG_20251102_155150_aug_32aug44.jpg,Tomato_Early_blight_leaf,Tomato_Early_blight_leaf,1.0,1,1.2234916687011719,9.094819068908691,0.17651939392089844,10.497629165649414
dataset/test/Tomato_Early_blight_leaf/IMG_20251102_155150_aug_33aug38.jpg,Tomato_Early_blight_leaf,Tomato_Early_blight_leaf,1.0,1,1.2732152938842773,9.107486724853516,0.17766761779785156,10.561278343200684
dataset/test/Tomato_Early_blight_leaf/IMG_20251102_155150_aug_34aug32.jpg,Tomato_Early_blight_leaf,Tomato_Early_blight_leaf,1.0,1,1.2019920349121094,8.885466575622559,0.21907615661621094,10.31088638305664
dataset/test/Tomato_Early_blight_leaf/IMG_20251102_155150aug6.jpg,Tomato_Early_blight_leaf,Tomato_Early_blight_leaf,1.0,1,1.2092151641845703,8.427239418029785,0.1568899154663086,9.795900344848633
dataset/test/Tomato_Early_blight_leaf/IMG_20251102_155153_aug_85aug72.jpg,Tomato_Early_blight_leaf,Tomato_Early_blight_leaf,1.0,1,1.081491470336914,7.524084091186523,0.174835205078125,8.78329849243164
dataset/test/Tomato_Early_blight_leaf/IMG_20251102_155153_aug_86aug78.jpg,Tomato_Early_blight_leaf,Tomato_Early_blight_leaf,1.0,1,1.103658676147461,7.466286659240723,0.1684274673461914,8.74148178100586
dataset/test/Tomato_Early_blight_leaf/IMG_20251102_155153_aug_87aug76.jpg,Tomato_Early_blight_leaf,Tomato_Early_blight_leaf,1.0,1,1.1203241348266602,7.555917739868164,0.1634082794189453,8.842781066894531
dataset/test/Tomato_Early_blight_leaf/IMG_20251102_155153_aug_88aug79.jpg,Tomato_Early_blight_leaf,Tomato_Early_blight_leaf,1.0,1,1.080453872680664,7.590010643005371,0.16620445251464844,8.839502334594727
dataset/test/Tomato_Early_blight_leaf/IMG_20251102_155153_aug_89aug75.jpg,Tomato_Early_blight_leaf,Tomato_Early_blight_leaf,1.0,1,1.0444164276123047,7.652252197265625,0.16214942932128906,8.861428260803223
dataset/test/Tomato_Early_blight_leaf/IMG_20251102_155153aug17.jpg,Tomato_Early_blight_leaf,Tomato_Early_blight_leaf,1.0,1,1.0761938095092773,7.621306419372559,0.16131591796875,8.861466407775879
dataset/test/Tomato_Early_blight_leaf/IMG_20251102_155207_aug_10aug47.jpg,Tomato_Early_blight_leaf,Tomato_Early_blight_leaf,0.9988192915916443,1,1.0564727783203125,7.545769691467285,0.16250038146972656,8.767224311828613
dataset/test/Tomato_Early_blight_leaf/IMG_20251102_155207_aug_11aug56.jpg,Tomato_Early_blight_leaf,Tomato_Early_blight_leaf,0.9998708963394165,1,1.1034164428710938,7.478288650512695,0.1602802276611328,8.744540214538574
dataset/test/Tomato_Early_blight_leaf/IMG_20251102_155207_aug_12aug45.jpg,Tomato_Early_blight_leaf,Tomato_Early_blight_leaf,0.9999774694442749,1,1.1552515029907227,7.471139907836914,0.17800235748291016,8.807262420654297
dataset/test/Tomato_Early_blight_leaf/IMG_20251102_155207_aug_13aug48.jpg,Tomato_Early_blight_leaf,Tomato_Early_blight_leaf,0.9869915246963501,1,1.0314712524414062,7.611973762512207,0.16076087951660156,8.806927680969238
dataset/test/Tomato_Early_blight_leaf/IMG_20251102_155207_aug_14aug49.jpg,Tomato_Early_blight_leaf,Tomato_Early_blight_leaf,0.9926196932792664,1,1.0646209716796875,7.616602897644043,0.15963077545166016,8.843781471252441
dataset/test/Tomato_Early_blight_leaf/IMG_20251102_155207aug2.jpg,Tomato_Early_blight_leaf,Tomato_Early_blight_leaf,0.9938668608665466,1,1.0719165802001953,7.670807838439941,0.15953826904296875,8.904947280883789
dataset/test/Tomato_Early_blight_leaf/IMG_20251102_155305_aug_35aug25.jpg,Tomato_Early_blight_leaf,Tomato_Early_blight_leaf,0.489200234413147,1,1.1056756973266602,7.620770454406738,0.15964889526367188,8.888467788696289
dataset/test/Tomato_Early_blight_leaf/IMG_20251102_155305_aug_36aug27.jpg,Tomato_Early_blight_leaf,Tomato_Early_blight_leaf,0.580298900604248,1,1.0593976974487305,7.595714569091797,0.15929698944091797,8.817132949829102
dataset/test/Tomato_Early_blight_leaf/IMG_20251102_155305_aug_37aug29.jpg,Tomato_Early_blight_leaf,Tomato_Early_blight_leaf,0.9665614366531372,1,1.078139305114746,7.459545135498047,0.16424179077148438,8.704612731933594
dataset/test/Tomato_Early_blight_leaf/IMG_20251102_155305_aug_38aug31.jpg,Tomato_Early_blight_leaf,Tomato_Early_blight_leaf,0.9163520932197571,1,1.0549736022949219,7.558084487915039,0.15985393524169922,8.775538444519043
dataset/test/Tomato_Early_blight_leaf/IMG_20251102_155305_aug_39aug26.jpg,Tomato_Early_blight_leaf,Tomato_Early_blight_leaf,0.9372929930686951,1,1.0943603515625,7.690882682800293,0.19611263275146484,8.98409652709961
dataset/test/Tomato_Early_blight_leaf/IMG_20251102_155305aug7.jpg,Tomato_Early_blight_leaf,Tomato_Early_blight_leaf,0.9847599864006042,1,1.0522499084472656,7.641695022583008,0.16263103485107422,8.859317779541016
dataset/test/Tomato_Early_blight_leaf/IMG_20251102_155853_aug_55aug106.jpg,Tomato_Early_blight_leaf,Tomato_leaf_late_blight,0.9978875517845154,0,1.0877141952514648,7.602585792541504,0.1648712158203125,8.85766887664795
dataset/test/Tomato_Early_blight_leaf/IMG_20251102_155853_aug_56aug92.jpg,Tomato_Early_blight_leaf,Tomato_leaf_late_blight,0.9999333620071411,0,1.0623245239257812,7.600009918212891,0.16481781005859375,8.829445838928223
dataset/test/Tomato_Early_blight_leaf/IMG_20251102_155853_aug_57aug96.jpg,Tomato_Early_blight_leaf,Tomato_leaf_late_blight,0.9999433755874634,0,1.0853614807128906,7.396397590637207,0.1739645004272461,8.658205032348633
dataset/test/Tomato_Early_blight_leaf/IMG_20251102_155853_aug_58aug103.jpg,Tomato_Early_blight_leaf,Tomato_leaf_late_blight,0.9999983310699463,0,1.1648063659667969,7.4456024169921875,0.21235370635986328,8.82620620727539
dataset/test/Tomato_Early_blight_leaf/IMG_20251102_155853_aug_59aug99.jpg,Tomato_Early_blight_leaf,Tomato_leaf_late_blight,0.9934924244880676,0,1.0784912109375,7.553509712219238,0.16350078582763672,8.798095703125
dataset/test/Tomato_Early_blight_leaf/IMG_20251102_155853aug11.jpg,Tomato_Early_blight_leaf,Tomato_leaf_late_blight,0.9999758005142212,0,1.0609350204467773,7.703937530517578,0.16144561767578125,8.928707122802734
dataset/test/Tomato_Early_blight_leaf/IMG_20251102_160046_aug_95aug70.jpg,Tomato_Early_blight_leaf,Tomato_Early_blight_leaf,0.9996695518493652,1,1.0916948318481445,7.5971574783325195,0.15939044952392578,8.850781440734863
dataset/test/Tomato_Early_blight_leaf/IMG_20251102_160046_aug_96aug69.jpg,Tomato_Early_blight_leaf,Tomato_Early_blight_leaf,0.9998202919960022,1,1.084824562072754,7.588658332824707,0.1612415313720703,8.837780952453613
dataset/test/Tomato_Early_blight_leaf/IMG_20251102_160046_aug_97aug67.jpg,Tomato_Early_blight_leaf,Tomato_Early_blight_leaf,0.9997145533561707,1,1.1185474395751953,7.521733283996582,0.16064929962158203,8.803558349609375
dataset/test/Tomato_Early_blight_leaf/IMG_20251102_160046_aug_98aug68.jpg,Tomato_Early_blight_leaf,Tomato_Early_blight_leaf,0.9999035596847534,1,1.0835647583007812,7.6978254318237305,0.15400314331054688,8.937837600708008
dataset/test/Tomato_Early_blight_leaf/IMG_20251102_160046aug19.jpg,Tomato_Early_blight_leaf,Tomato_Early_blight_leaf,0.9997319579124451,1,1.0651206970214844,7.411194801330566,0.1618337631225586,8.640890121459961
dataset/test/Tomato_Early_blight_leaf/IMG_20251102_160055_aug_15aug53.jpg,Tomato_Early_blight_leaf,Tomato_Early_blight_leaf,1.0,1,1.1294364929199219,7.489953994750977,0.16150188446044922,8.783391952514648
dataset/test/Tomato_Early_blight_leaf/IMG_20251102_160055_aug_16aug55.jpg,Tomato_Early_blight_leaf,Tomato_Early_blight_leaf,1.0,1,1.0459346771240234,7.777920722961426,0.161834716796875,8.988097190856934
dataset/test/Tomato_Early_blight_leaf/IMG_20251102_160055_aug_17aug46.jpg,Tomato_Early_blight_leaf,Tomato_Early_blight_leaf,1.0,1,1.086899757385254,7.668290138244629,0.1633157730102539,8.921299934387207
dataset/test/Tomato_Early_blight_leaf/IMG_20251102_160055_aug_18aug54.jpg,Tomato_Early_blight_leaf,Tomato_Early_blight_leaf,0.9999996423721313,1,1.0435285568237305,7.569231986999512,0.1600027084350586,8.775132179260254
dataset/test/Tomato_Early_blight_leaf/IMG_20251102_160055_aug_19aug52.jpg,Tomato_Early_blight_leaf,Tomato_Early_blight_leaf,1.0,1,1.0401201248168945,7.4683990478515625,0.16070556640625,8.671798706054688
dataset/test/Tomato_Early_blight_leaf/IMG_20251102_160055aug3.jpg,Tomato_Early_blight_leaf,Tomato_Early_blight_leaf,1.0,1,1.1803998947143555,7.540195465087891,0.16142654418945312,8.884466171264648
dataset/test/Tomato_Early_blight_leaf/IMG_20251102_160217_aug_75aug82.jpg,Tomato_Early_blight_leaf,Tomato_Early_blight_leaf,0.9999988079071045,1,1.098897933959961,7.551675796508789,0.1635570526123047,8.816800117492676
dataset/test/Tomato_Early_blight_leaf/IMG_20251102_160217_aug_76aug83.jpg,Tomato_Early_blight_leaf,Tomato_Early_blight_leaf,0.9999998807907104,1,1.0844907760620117,7.593547821044922,0.17411327362060547,8.855595588684082
dataset/test/Tomato_Early_blight_leaf/IMG_20251102_160217_aug_77aug90.jpg,Tomato_Early_blight_leaf,Tomato_Early_blight_leaf,0.9999955892562866,1,1.049952507019043,7.754382133483887,0.15864944458007812,8.965707778930664
dataset/test/Tomato_Early_blight_leaf/IMG_20251102_160217_aug_78aug81.jpg,Tomato_Early_blight_leaf,Tomato_Early_blight_leaf,0.999997615814209,1,1.0515270233154297,7.6850481033325195,0.15918731689453125,8.898818016052246
dataset/test/Tomato_Early_blight_leaf/IMG_20251102_160217_aug_79aug86.jpg,Tomato_Early_blight_leaf,Tomato_Early_blight_leaf,0.9999986886978149,1,1.0506763458251953,7.630733489990234,0.17637157440185547,8.860428810119629
dataset/test/Tomato_Early_blight_leaf/IMG_20251102_160217aug15.jpg,Tomato_Early_blight_leaf,Tomato_Early_blight_leaf,0.9999986886978149,1,1.084712028503418,7.634548187255859,0.16203880310058594,8.88444709777832
dataset/test/Tomato_Early_blight_leaf/IMG_20251102_160523_aug_50aug114.jpg,Tomato_Early_blight_leaf,Tomato_Early_blight_leaf,1.0,1,1.0717124938964844,7.451342582702637,0.1654834747314453,8.690927505493164
dataset/test/Tomato_Early_blight_leaf/IMG_20251102_160523_aug_51aug111.jpg,Tomato_Early_blight_leaf,Tomato_Early_blight_leaf,0.9999983310699463,1,1.1564722061157227,7.493991851806641,0.16724205017089844,8.820002555847168
dataset/test/Tomato_Early_blight_leaf/IMG_20251102_160523_aug_52aug112.jpg,Tomato_Early_blight_leaf,Tomato_Early_blight_leaf,0.9999997615814209,1,1.1440095901489258,8.462740898132324,0.16372394561767578,9.772991180419922
dataset/test/Tomato_Early_blight_leaf/IMG_20251102_160523_aug_53aug115.jpg,Tomato_Early_blight_leaf,Tomato_Early_blight_leaf,0.9999998807907104,1,1.1304731369018555,7.556714057922363,0.1600933074951172,8.849836349487305
dataset/test/Tomato_Early_blight_leaf/IMG_20251102_160523_aug_54aug113.jpg,Tomato_Early_blight_leaf,Tomato_Early_blight_leaf,1.0,1,1.0821199417114258,8.009236335754395,0.16055774688720703,9.254674911499023
dataset/test/Tomato_Early_blight_leaf/IMG_20251102_160523aug10.jpg,Tomato_Early_blight_leaf,Tomato_Early_blight_leaf,1.0,1,1.1331596374511719,8.657114028930664,0.16203880310058594,9.955400466918945
dataset/test/Tomato_Early_blight_leaf/IMG_20251102_161202_aug_45aug118.jpg,Tomato_Early_blight_leaf,Tomato_Early_blight_leaf,0.9999767541885376,1,1.14263916015625,7.956198692321777,0.161224365234375,9.262598991394043
dataset/test/Tomato_Early_blight_leaf/IMG_20251102_161202_aug_46aug116.jpg,Tomato_Early_blight_leaf,Tomato_Early_blight_leaf,0.9999767541885376,1,1.1881399154663086,23.114423751831055,2.1053333282470703,26.412599563598633
dataset/test/Tomato_Early_blight_leaf/IMG_20251102_161202_aug_47aug117.jpg,Tomato_Early_blight_leaf,Tomato_Early_blight_leaf,0.9999951124191284,1,1.3619375228881836,8.389702796936035,0.1642780303955078,9.919031143188477
dataset/test/Tomato_Early_blight_leaf/IMG_20251102_161202_aug_48aug30.jpg,Tomato_Early_blight_leaf,Tomato_Early_blight_leaf,0.9999979734420776,1,1.141676902770996,7.817458152770996,0.1670379638671875,9.128783226013184
dataset/test/Tomato_Early_blight_leaf/IMG_20251102_161202_aug_49aug119.jpg,Tomato_Early_blight_leaf,Tomato_Early_blight_leaf,0.9999796152114868,1,1.123194694519043,7.658474922180176,0.16220569610595703,8.946540832519531
dataset/test/Tomato_Early_blight_leaf/IMG_20251102_161202aug9.jpg,Tomato_Early_blight_leaf,Tomato_Early_blight_leaf,0.9999991655349731,1,1.1563243865966797,7.732361793518066,0.1611309051513672,9.052393913269043
dataset/test/Tomato_Early_blight_leaf/early_blight_jpg.rf.1091c0a2a9a3da5b9ad688c89298614c_aug_80aug87.jpg,Tomato_Early_blight_leaf,Tomato_Early_blight_leaf,0.9887750148773193,1,1.058267593383789,7.65936279296875,0.16320514678955078,8.883484840393066
dataset/test/Tomato_Early_blight_leaf/early_blight_jpg.rf.1091c0a2a9a3da5b9ad688c89298614c_aug_81aug84.jpg,Tomato_Early_blight_leaf,Tomato_Early_blight_leaf,0.9800910353660583,1,1.0640649795532227,7.688567161560059,0.15953731536865234,8.914984703063965
dataset/test/Tomato_Early_blight_leaf/early_blight_jpg.rf.1091c0a2a9a3da5b9ad688c89298614c_aug_82aug89.jpg,Tomato_Early_blight_leaf,Tomato_Early_blight_leaf,0.9977744221687317,1,1.0558252334594727,7.479620933532715,0.16161346435546875,8.699891090393066
dataset/test/Tomato_Early_blight_leaf/early_blight_jpg.rf.1091c0a2a9a3da5b9ad688c89298614c_aug_83aug85.jpg,Tomato_Early_blight_leaf,Tomato_Early_blight_leaf,0.9999631643295288,1,1.2550477981567383,7.759364128112793,0.1637248992919922,9.180875778198242
dataset/test/Tomato_Early_blight_leaf/early_blight_jpg.rf.1091c0a2a9a3da5b9ad688c89298614c_aug_84aug88.jpg,Tomato_Early_blight_leaf,Tomato_Early_blight_leaf,0.9962073564529419,1,1.0810461044311523,7.771790504455566,0.16415023803710938,9.019875526428223
dataset/test/Tomato_Early_blight_leaf/early_blight_jpg.rf.1091c0a2a9a3da5b9ad688c89298614caug16.jpg,Tomato_Early_blight_leaf,Tomato_Early_blight_leaf,0.9702872633934021,1,1.0671024322509766,7.591139793395996,0.1620006561279297,8.822891235351562
dataset/test/Tomato_Healthy_leaf/20140818-tomato-sauce-vicky-wasik-1_jpg.rf.d3d9b4a0642e72ba76b40dbdfff8b9f7_aug_6aug50.jpg,Tomato_Healthy_leaf,Tomato_Healthy_leaf,0.9999383687973022,1,1.0913982391357422,7.815864562988281,0.16170501708984375,9.071468353271484
dataset/test/Tomato_Healthy_leaf/20140818-tomato-sauce-vicky-wasik-1_jpg.rf.d3d9b4a0642e72ba76b40dbdfff8b9f7_aug_7aug56.jpg,Tomato_Healthy_leaf,Tomato_Healthy_leaf,0.9996311664581299,1,1.0659904479980469,7.605585098266602,0.19837093353271484,8.872576713562012
dataset/test/Tomato_Healthy_leaf/20140818-tomato-sauce-vicky-wasik-1_jpg.rf.d3d9b4a0642e72ba76b40dbdfff8b9f7aug3.jpg,Tomato_Healthy_leaf,Tomato_Healthy_leaf,0.9999371767044067,1,1.0195465087890625,7.587807655334473,0.16013050079345703,8.770261764526367
dataset/test/Tomato_Healthy_leaf/2015-09-17-01_aug_20aug110.jpg,Tomato_Healthy_leaf,Tomato_Healthy_leaf,0.8600804209709167,1,1.0574722290039062,7.43673038482666,0.17009353637695312,8.667094230651855
dataset/test/Tomato_Healthy_leaf/2015-09-17-01_aug_21aug114.jpg,Tomato_Healthy_leaf,Tomato_leaf_yellow_curl_virus,0.8531466722488403,0,1.0397872924804688,7.760771751403809,0.16153812408447266,8.964578628540039
dataset/test/Tomato_Healthy_leaf/2015-09-17-01aug10.jpg,Tomato_Healthy_leaf,Tomato_leaf_yellow_curl_virus,0.9976832866668701,0,1.042323112487793,7.572214126586914,0.16250133514404297,8.77987289428711
dataset/test/Tomato_Healthy_leaf/Basil_2Binfected_2Bby_2BTomato_2BSpotted_2BWilt_2BVirus_aug_2aug59.jpg,Tomato_Healthy_leaf,Tomato_Early_blight_leaf,0.4608912169933319,0,1.0693607330322266,7.8731794357299805,0.1626119613647461,9.108098983764648
dataset/test/Tomato_Healthy_leaf/Basil_2Binfected_2Bby_2BTomato_2BSpotted_2BWilt_2BVirus_aug_3aug51.jpg,Tomato_Healthy_leaf,Tomato_Healthy_leaf,0.5382318496704102,1,1.0513248443603516,8.029513359069824,0.16457748413085938,9.248357772827148
dataset/test/Tomato_Healthy_leaf/Basil_2Binfected_2Bby_2BTomato_2BSpotted_2BWilt_2BVirusaug1.jpg,Tomato_Healthy_leaf,Tomato_Healthy_leaf,0.5612002611160278,1,1.0532865524291992,7.772068023681641,0.16070556640625,8.988449096679688
dataset/test/Tomato_Healthy_leaf/Fig-2_aug_22aug102.jpg,Tomato_Healthy_leaf,Tomato_Healthy_leaf,0.7569650411605835,1,1.0593976974487305,7.500768661499023,0.17668628692626953,8.739076614379883
dataset/test/Tomato_Healthy_leaf/Fig-2_aug_23aug90.jpg,Tomato_Healthy_leaf,Tomato_Healthy_leaf,0.6744323968887329,1,1.1040096282958984,7.460786819458008,0.1957235336303711,8.763188362121582
dataset/test/Tomato_Healthy_leaf/Fig-2aug11.jpg,Tomato_Healthy_leaf,Tomato_leaf_yellow_curl_virus,0.5475001335144043,0,1.0610084533691406,8.459184646606445,0.1640758514404297,9.68677043914795
dataset/test/Tomato_Healthy_leaf/HL_(103)aug39.jpg,Tomato_Healthy_leaf,Tomato_Healthy_leaf,0.9999998807907104,1,1.0643787384033203,7.634159088134766,0.16681575775146484,8.867707252502441
dataset/test/Tomato_Healthy_leaf/HL_(118)_aug_38aug103.jpg,Tomato_Healthy_leaf,Tomato_Healthy_leaf,1.0,1,1.0575838088989258,7.761696815490723,0.1768350601196289,8.99867057800293
dataset/test/Tomato_Healthy_leaf/HL_(118)_aug_39aug104.jpg,Tomato_Healthy_leaf,Tomato_Healthy_leaf,1.0,1,1.0725831985473633,7.675141334533691,0.16351985931396484,8.913725852966309
dataset/test/Tomato_Healthy_leaf/HL_(118)aug19.jpg,Tomato_Healthy_leaf,Tomato_Healthy_leaf,1.0,1,1.0588607788085938,7.595233917236328,0.16085338592529297,8.817577362060547
dataset/test/Tomato_Healthy_leaf/HL_(165)_aug_28aug105.jpg,Tomato_Healthy_leaf,Tomato_Healthy_leaf,0.9999934434890747,1,1.072824478149414,7.66301155090332,0.16181564331054688,8.900411605834961
dataset/test/Tomato_Healthy_leaf/HL_(165)_aug_29aug91.jpg,Tomato_Healthy_leaf,Tomato_Healthy_leaf,0.9999825954437256,1,1.0728063583374023,7.473453521728516,0.16318702697753906,8.712002754211426
dataset/test/Tomato_Healthy_leaf/HL_(165)aug14.jpg,Tomato_Healthy_leaf,Tomato_Healthy_leaf,0.9999967813491821,1,1.1236763000488281,7.840883255004883,0.16189002990722656,9.128783226013184
dataset/test/Tomato_Healthy_leaf/HL_(61)_aug_50aug83.jpg,Tomato_Healthy_leaf,Tomato_Healthy_leaf,0.986700713634491,1,1.1182498931884766,7.664029121398926,0.16363143920898438,8.948466300964355
dataset/test/Tomato_Healthy_leaf/HL_(61)_aug_51aug76.jpg,Tomato_Healthy_leaf,Tomato_Healthy_leaf,0.9997861981391907,1,1.057084083557129,7.675548553466797,0.16172409057617188,8.896781921386719
dataset/test/Tomato_Healthy_leaf/HL_(61)aug25.jpg,Tomato_Healthy_leaf,Tomato_Healthy_leaf,0.9965020418167114,1,1.047861099243164,7.622121810913086,0.16316795349121094,8.835577011108398
dataset/test/Tomato_Healthy_leaf/HL_(62)aug36.jpg,Tomato_Healthy_leaf,Tomato_Healthy_leaf,0.9999078512191772,1,1.1096582412719727,7.644530296325684,0.16698265075683594,8.92402172088623
dataset/test/Tomato_Healthy_leaf/IMG_20251102_161618_aug_58aug71.jpg,Tomato_Healthy_leaf,Tomato_Healthy_leaf,0.978633463382721,1,1.1391029357910156,7.587343215942383,0.1726856231689453,8.902226448059082
dataset/test/Tomato_Healthy_leaf/IMG_20251102_161618_aug_59aug63.jpg,Tomato_Healthy_leaf,Tomato_leaf_yellow_curl_virus,0.9783495664596558,0,1.1318988800048828,7.691084861755371,0.16464996337890625,8.990134239196777
dataset/test/Tomato_Healthy_leaf/IMG_20251102_161618aug29.jpg,Tomato_Healthy_leaf,Tomato_leaf_yellow_curl_virus,0.9989134073257446,0,1.169398307800293,7.438157081604004,0.16648197174072266,8.776503562927246
dataset/test/Tomato_Healthy_leaf/IMG_20251102_161625aug44.jpg,Tomato_Healthy_leaf,Tomato_Healthy_leaf,0.9625312685966492,1,1.249363899230957,7.571990966796875,0.16120433807373047,8.985319137573242
dataset/test/Tomato_Healthy_leaf/IMG_20251102_161629_aug_10aug115.jpg,Tomato_Healthy_leaf,Tomato_Healthy_leaf,0.9790357351303101,1,1.2019729614257812,7.662049293518066,0.16229820251464844,9.028874397277832
dataset/test/Tomato_Healthy_leaf/IMG_20251102_161629_aug_11aug109.jpg,Tomato_Healthy_leaf,Tomato_Healthy_leaf,0.9985365867614746,1,1.081563949584961,7.610380172729492,0.16102027893066406,8.85546588897705
dataset/test/Tomato_Healthy_leaf/IMG_20251102_161629aug5.jpg,Tomato_Healthy_leaf,Tomato_Healthy_leaf,0.998992383480072,1,1.079824447631836,7.7528076171875,0.16126060485839844,8.996337890625
dataset/test/Tomato_Healthy_leaf/IMG_20251102_161652aug43.jpg,Tomato_Healthy_leaf,Tomato_Healthy_leaf,0.9994078874588013,1,1.1255645751953125,7.628307342529297,0.16276168823242188,8.918856620788574
dataset/test/Tomato_Healthy_leaf/IMG_20251102_161826_aug_60aug68.jpg,Tomato_Healthy_leaf,Tomato_Healthy_leaf,0.9849485754966736,1,1.1616582870483398,7.61867618560791,0.15192699432373047,8.934541702270508
dataset/test/Tomato_Healthy_leaf/IMG_20251102_161826_aug_61aug62.jpg,Tomato_Healthy_leaf,Tomato_Healthy_leaf,0.948876678943634,1,1.0693798065185547,7.47706413269043,0.16042709350585938,8.709538459777832
dataset/test/Tomato_Healthy_leaf/IMG_20251102_161826aug30.jpg,Tomato_Healthy_leaf,Tomato_Healthy_leaf,0.9987336993217468,1,1.2571401596069336,7.523824691772461,0.16266918182373047,8.946170806884766
dataset/test/Tomato_Healthy_leaf/IMG_20251102_161850_aug_56aug74.jpg,Tomato_Healthy_leaf,Tomato_Healthy_leaf,0.8568447828292847,1,1.0849723815917969,7.612732887268066,0.1617412567138672,8.861928939819336
dataset/test/Tomato_Healthy_leaf/IMG_20251102_161850_aug_57aug72.jpg,Tomato_Healthy_leaf,Tomato_Healthy_leaf,0.9662383794784546,1,1.0566940307617188,7.59893798828125,0.1617603302001953,8.820335388183594
dataset/test/Tomato_Healthy_leaf/IMG_20251102_161850aug28.jpg,Tomato_Healthy_leaf,Tomato_Healthy_leaf,0.9681652784347534,1,1.0931587219238281,7.646788597106934,0.161224365234375,8.904280662536621
dataset/test/Tomato_Healthy_leaf/IMG_20251102_161859aug38.jpg,Tomato_Healthy_leaf,Tomato_Healthy_leaf,0.9997772574424744,1,1.0828800201416016,7.65775203704834,0.16066837310791016,8.904298782348633
dataset/test/Tomato_Healthy_leaf/IMG_20251102_161935_aug_4aug55.jpg,Tomato_Healthy_leaf,Tomato_Healthy_leaf,0.9999961853027344,1,1.047861099243164,7.486120223999023,0.16250228881835938,8.699113845825195
dataset/test/Tomato_Healthy_leaf/IMG_20251102_161935_aug_5aug53.jpg,Tomato_Healthy_leaf,Tomato_Healthy_leaf,0.9999971389770508,1,1.0544347763061523,7.57884407043457,0.15994644165039062,8.795780181884766
dataset/test/Tomato_Healthy_leaf/IMG_20251102_161935aug2.jpg,Tomato_Healthy_leaf,Tomato_Healthy_leaf,0.9999955892562866,1,1.094564437866211,7.682141304016113,0.19414997100830078,8.973356246948242
dataset/test/Tomato_Healthy_leaf/IMG_20251102_162037aug45.jpg,Tomato_Healthy_leaf,Tomato_Healthy_leaf,0.5377776622772217,1,1.0990839004516602,7.609955787658691,0.1632061004638672,8.874689102172852
dataset/test/Tomato_Healthy_leaf/h100_lower_aug_54aug73.jpg,Tomato_Healthy_leaf,Tomato_Healthy_leaf,0.9999732971191406,1,1.0598793029785156,7.648048400878906,0.16464996337890625,8.875151634216309
dataset/test/Tomato_Healthy_leaf/h100_lower_aug_55aug75.jpg,Tomato_Healthy_leaf,Tomato_Healthy_leaf,0.9999970197677612,1,1.0690650939941406,7.567251205444336,0.16081619262695312,8.799558639526367
dataset/test/Tomato_Healthy_leaf/h100_loweraug27.jpg,Tomato_Healthy_leaf,Tomato_Healthy_leaf,0.9999560117721558,1,1.0691204071044922,7.437619209289551,0.17409420013427734,8.684205055236816
dataset/test/Tomato_Healthy_leaf/h101_aug_18aug119.jpg,Tomato_Healthy_leaf,Tomato_Healthy_leaf,0.9984365105628967,1,1.208327293395996,7.417027473449707,0.1973724365234375,8.825355529785156
dataset/test/Tomato_Healthy_leaf/h101_aug_19aug116.jpg,Tomato_Healthy_leaf,Tomato_Healthy_leaf,0.998738706111908,1,1.0726385116577148,7.699363708496094,0.16905689239501953,8.943392753601074
dataset/test/Tomato_Healthy_leaf/h101aug9.jpg,Tomato_Healthy_leaf,Tomato_Healthy_leaf,0.9998444318771362,1,1.0650453567504883,7.560029029846191,0.16551971435546875,8.793724060058594
dataset/test/Tomato_Healthy_leaf/h103_aug_42aug82.jpg,Tomato_Healthy_leaf,Tomato_Healthy_leaf,0.9999847412109375,1,1.056879997253418,7.623973846435547,0.17244529724121094,8.856225967407227
dataset/test/Tomato_Healthy_leaf/h103_aug_43aug77.jpg,Tomato_Healthy_leaf,Tomato_Healthy_leaf,0.9999927282333374,1,1.0634536743164062,7.572992324829102,0.1699838638305664,8.81002140045166
dataset/test/Tomato_Healthy_leaf/h103aug21.jpg,Tomato_Healthy_leaf,Tomato_Healthy_leaf,0.9999517202377319,1,1.0791025161743164,7.623343467712402,0.1582050323486328,8.863150596618652
dataset/test/Tomato_Healthy_leaf/h1_change_90_aug_12aug118.jpg,Tomato_Healthy_leaf,Tomato_Healthy_leaf,0.9999988079071045,1,1.0784912109375,7.721992492675781,0.15548324584960938,8.958782196044922
dataset/test/Tomato_Healthy_leaf/h1_change_90_aug_13aug108.jpg,Tomato_Healthy_leaf,Tomato_Healthy_leaf,0.9999984502792358,1,1.038564682006836,7.464231491088867,0.1697244644165039,8.675853729248047
dataset/test/Tomato_Healthy_leaf/h1_change_90aug6.jpg,Tomato_Healthy_leaf,Tomato_Healthy_leaf,0.999996542930603,1,1.1868438720703125,7.450287818908691,0.1627054214477539,8.802595138549805
dataset/test/Tomato_Healthy_leaf/h39_change_270aug48.jpg,Tomato_Healthy_leaf,Tomato_Healthy_leaf,0.9999940395355225,1,1.0590639114379883,7.614622116088867,0.16072463989257812,8.837446212768555
dataset/test/Tomato_Healthy_leaf/h39_hight_aug_40aug96.jpg,Tomato_Healthy_leaf,Tomato_Healthy_leaf,0.9999598264694214,1,1.092677116394043,7.584583282470703,0.16640853881835938,8.846484184265137
dataset/test/Tomato_Healthy_leaf/h39_hight_aug_41aug98.jpg,Tomato_Healthy_leaf,Tomato_Healthy_leaf,0.9998495578765869,1,1.0463237762451172,7.8670501708984375,0.16081714630126953,9.07663345336914
dataset/test/Tomato_Healthy_leaf/h39_hightaug20.jpg,Tomato_Healthy_leaf,Tomato_Healthy_leaf,0.9996738433837891,1,1.0601940155029297,7.619826316833496,0.16094589233398438,8.84337329864502
dataset/test/Tomato_Healthy_leaf/h39_lower_aug_30aug95.jpg,Tomato_Healthy_leaf,Tomato_Healthy_leaf,0.9991876482963562,1,1.053304672241211,7.650677680969238,0.15894603729248047,8.865633010864258
dataset/test/Tomato_Healthy_leaf/h39_lower_aug_31aug89.jpg,Tomato_Healthy_leaf,Tomato_Healthy_leaf,0.9999473094940186,1,1.1154165267944336,7.406008720397949,0.21377944946289062,8.738446235656738
dataset/test/Tomato_Healthy_leaf/h39_loweraug15.jpg,Tomato_Healthy_leaf,Tomato_Healthy_leaf,0.999864935874939,1,1.1252689361572266,7.498786926269531,0.16179847717285156,8.78846549987793
dataset/test/Tomato_Healthy_leaf/h3_aug_8aug57.jpg,Tomato_Healthy_leaf,Tomato_Healthy_leaf,1.0,1,1.0435285568237305,7.617938041687012,0.17151927947998047,8.836523056030273
dataset/test/Tomato_Healthy_leaf/h3_aug_9aug54.jpg,Tomato_Healthy_leaf,Tomato_Healthy_leaf,0.9999997615814209,1,1.059305191040039,7.613918304443359,0.17829608917236328,8.8546142578125
dataset/test/Tomato_Healthy_leaf/h3_mirror_aug_52aug84.jpg,Tomato_Healthy_leaf,Tomato_Healthy_leaf,1.0,1,1.0585823059082031,7.649103164672852,0.15725994110107422,8.867521286010742
dataset/test/Tomato_Healthy_leaf/h3_mirror_aug_53aug80.jpg,Tomato_Healthy_leaf,Tomato_Healthy_leaf,1.0,1,1.0812320709228516,7.454584121704102,0.1612415313720703,8.700150489807129
dataset/test/Tomato_Healthy_leaf/h3_mirroraug26.jpg,Tomato_Healthy_leaf,Tomato_Healthy_leaf,1.0,1,1.0529537200927734,7.431694030761719,0.16133499145507812,8.648483276367188
dataset/test/Tomato_Healthy_leaf/h3aug4.jpg,Tomato_Healthy_leaf,Tomato_Healthy_leaf,1.0,1,1.0393056869506836,7.575490951538086,0.16103744506835938,8.779279708862305
dataset/test/Tomato_Healthy_leaf/h45_mirror_verticalaug42.jpg,Tomato_Healthy_leaf,Tomato_Healthy_leaf,0.9999926090240479,1,1.0831012725830078,7.804363250732422,0.16068553924560547,9.050893783569336
dataset/test/Tomato_Healthy_leaf/h49_change_90aug49.jpg,Tomato_Healthy_leaf,Tomato_Healthy_leaf,1.0,1,1.0418243408203125,7.635345458984375,0.15918731689453125,8.838724136352539
dataset/test/Tomato_Healthy_leaf/h50_hight_aug_68aug69.jpg,Tomato_Healthy_leaf,Tomato_Healthy_leaf,0.9998842477798462,1,1.0442495346069336,7.5463056564331055,0.15900230407714844,8.75192928314209
dataset/test/Tomato_Healthy_leaf/h50_hight_aug_69aug61.jpg,Tomato_Healthy_leaf,Tomato_Healthy_leaf,0.9996745586395264,1,1.0160093307495117,7.629734039306641,0.16228008270263672,8.81059455871582
dataset/test/Tomato_Healthy_leaf/h50_hightaug34.jpg,Tomato_Healthy_leaf,Tomato_Healthy_leaf,0.9999412298202515,1,1.0136566162109375,7.4188432693481445,0.1807413101196289,8.616649627685547
dataset/test/Tomato_Healthy_leaf/h50_lower_aug_66aug65.jpg,Tomato_Healthy_leaf,Tomato_Healthy_leaf,0.9997524619102478,1,1.122788429260254,7.488120079040527,0.1722421646118164,8.786391258239746
dataset/test/Tomato_Healthy_leaf/h50_lower_aug_67aug70.jpg,Tomato_Healthy_leaf,Tomato_Healthy_leaf,0.9946746826171875,1,1.038583755493164,7.534695625305176,0.15994644165039062,8.735723495483398
dataset/test/Tomato_Healthy_leaf/h50_loweraug33.jpg,Tomato_Healthy_leaf,Tomato_Healthy_leaf,0.9993721842765808,1,1.0638980865478516,7.701140403747559,0.15844440460205078,8.926078796386719
dataset/test/Tomato_Healthy_leaf/h50_mirror_vertical_aug_24aug111.jpg,Tomato_Healthy_leaf,Tomato_Healthy_leaf,0.9999986886978149,1,1.0166387557983398,7.586974143981934,0.16126155853271484,8.767520904541016
dataset/test/Tomato_Healthy_leaf/h50_mirror_vertical_aug_25aug100.jpg,Tomato_Healthy_leaf,Tomato_Healthy_leaf,0.9999990463256836,1,1.0260448455810547,7.640937805175781,0.16437053680419922,8.834355354309082
dataset/test/Tomato_Healthy_leaf/h50_mirror_verticalaug12.jpg,Tomato_Healthy_leaf,Tomato_Healthy_leaf,0.999984860420227,1,1.0425100326538086,7.610640525817871,0.15868568420410156,8.814262390136719
dataset/test/Tomato_Healthy_leaf/h50aug37.jpg,Tomato_Healthy_leaf,Tomato_Healthy_leaf,0.9999508857727051,1,1.0174531936645508,7.580269813537598,0.1491680145263672,8.749150276184082
dataset/test/Tomato_Healthy_leaf/h5_mirroraug41.jpg,Tomato_Healthy_leaf,Tomato_Healthy_leaf,1.0,1,1.0758256912231445,7.450268745422363,0.1925210952758789,8.720890045166016
dataset/test/Tomato_Healthy_leaf/h65_mirror_vertical_aug_26aug97.jpg,Tomato_Healthy_leaf,Tomato_Healthy_leaf,0.9999405145645142,1,1.0373430252075195,7.537935256958008,0.16144561767578125,8.739391326904297
dataset/test/Tomato_Healthy_leaf/h65_mirror_vertical_aug_27aug106.jpg,Tomato_Healthy_leaf,Tomato_Healthy_leaf,0.9998843669891357,1,1.028508186340332,7.535733222961426,0.16250038146972656,8.729334831237793
dataset/test/Tomato_Healthy_leaf/h65_mirror_verticalaug13.jpg,Tomato_Healthy_leaf,Tomato_Healthy_leaf,0.9999972581863403,1,1.0269346237182617,7.741936683654785,0.16146469116210938,8.932596206665039
dataset/test/Tomato_Healthy_leaf/h71_mirror_aug_62aug66.jpg,Tomato_Healthy_leaf,Tomato_Healthy_leaf,1.0,1,1.047842025756836,7.63543701171875,0.16083431243896484,8.846856117248535
dataset/test/Tomato_Healthy_leaf/h71_mirror_aug_63aug67.jpg,Tomato_Healthy_leaf,Tomato_Healthy_leaf,0.9999996423721313,1,1.0922307968139648,7.636807441711426,0.15942668914794922,8.890929222106934
dataset/test/Tomato_Healthy_leaf/h71_mirroraug31.jpg,Tomato_Healthy_leaf,Tomato_Healthy_leaf,1.0,1,1.0390453338623047,10.234238624572754,0.1644268035888672,11.440303802490234
dataset/test/Tomato_Healthy_leaf/h76_hight_aug_34aug88.jpg,Tomato_Healthy_leaf,Tomato_Healthy_leaf,1.0,1,1.0746755599975586,7.681290626525879,0.1671304702758789,8.926263809204102
dataset/test/Tomato_Healthy_leaf/h76_hight_aug_35aug93.jpg,Tomato_Healthy_leaf,Tomato_Healthy_leaf,0.9999998807907104,1,1.0476932525634766,7.679696083068848,0.15587234497070312,8.88587474822998
dataset/test/Tomato_Healthy_leaf/h76_hightaug17.jpg,Tomato_Healthy_leaf,Tomato_Healthy_leaf,0.9999998807907104,1,1.0283422470092773,7.465823173522949,0.162872314453125,8.659316062927246
dataset/test/Tomato_Healthy_leaf/h78_change_270_aug_36aug94.jpg,Tomato_Healthy_leaf,Tomato_Healthy_leaf,0.9999982118606567,1,1.1176204681396484,7.530491828918457,0.15998363494873047,8.811206817626953
dataset/test/Tomato_Healthy_leaf/h78_change_270_aug_37aug99.jpg,Tomato_Healthy_leaf,Tomato_Healthy_leaf,0.9999990463256836,1,1.0772686004638672,8.29129409790039,0.16198348999023438,9.533008575439453
dataset/test/Tomato_Healthy_leaf/h78_change_270aug18.jpg,Tomato_Healthy_leaf,Tomato_Healthy_leaf,0.9999982118606567,1,1.051194190979004,7.6445112228393555,0.15727996826171875,8.855690002441406
dataset/test/Tomato_Healthy_leaf/h7_lower_aug_44aug87.jpg,Tomato_Healthy_leaf,Tomato_Healthy_leaf,0.9998664855957031,1,1.069972038269043,7.5298614501953125,0.1633157730102539,8.76565170288086
dataset/test/Tomato_Healthy_leaf/h7_lower_aug_45aug79.jpg,Tomato_Healthy_leaf,Tomato_Healthy_leaf,0.9997105002403259,1,1.0599164962768555,7.664234161376953,0.16231727600097656,8.88913345336914
dataset/test/Tomato_Healthy_leaf/h7_loweraug22.jpg,Tomato_Healthy_leaf,Tomato_Healthy_leaf,0.99992835521698,1,1.1156949996948242,8.110608100891113,0.16289043426513672,9.391803741455078
dataset/test/Tomato_Healthy_leaf/h81_change_180_aug_16aug113.jpg,Tomato_Healthy_leaf,Tomato_Healthy_leaf,0.9999903440475464,1,1.0541753768920898,7.668788909912109,0.16992855072021484,8.895745277404785
dataset/test/Tomato_Healthy_leaf/h81_change_180_aug_17aug117.jpg,Tomato_Healthy_leaf,Tomato_Healthy_leaf,0.9999171495437622,1,1.1160650253295898,7.9396820068359375,0.16918659210205078,9.228431701660156
dataset/test/Tomato_Healthy_leaf/h81_change_180aug8.jpg,Tomato_Healthy_leaf,Tomato_Healthy_leaf,0.9999260902404785,1,1.5394763946533203,8.094606399536133,0.1620197296142578,9.799456596374512
dataset/test/Tomato_Healthy_leaf/h84_mirroraug40.jpg,Tomato_Healthy_leaf,Tomato_Healthy_leaf,1.0,1,1.0918245315551758,8.01036548614502,0.16126060485839844,9.266377449035645
dataset/test/Tomato_Healthy_leaf/h8_change_90aug35.jpg,Tomato_Healthy_leaf,Tomato_Healthy_leaf,0.9999188184738159,1,1.0637130737304688,19.774209022521973,0.1738901138305664,21.01484966278076
dataset/test/Tomato_Healthy_leaf/h95_mirror_verticalaug46.jpg,Tomato_Healthy_leaf,Tomato_Healthy_leaf,0.9976074695587158,1,1.1119365692138672,13.697860717773438,0.1639089584350586,14.97711181640625
dataset/test/Tomato_Healthy_leaf/h96_change_270aug47.jpg,Tomato_Healthy_leaf,Tomato_Healthy_leaf,0.9999778270721436,1,1.111342430114746,7.70889949798584,0.16005802154541016,8.983078956604004
dataset/test/Tomato_Healthy_leaf/h96_mirror_vertical_aug_14aug107.jpg,Tomato_Healthy_leaf,Tomato_Healthy_leaf,0.9999995231628418,1,1.0470285415649414,7.616140365600586,0.15968608856201172,8.82546615600586
dataset/test/Tomato_Healthy_leaf/h96_mirror_vertical_aug_15aug112.jpg,Tomato_Healthy_leaf,Tomato_Healthy_leaf,0.999997615814209,1,1.1016387939453125,12.82051944732666,0.15720462799072266,14.08256721496582
dataset/test/Tomato_Healthy_leaf/h96_mirror_verticalaug7.jpg,Tomato_Healthy_leaf,Tomato_Healthy_leaf,0.9999996423721313,1,1.0366201400756836,8.184866905212402,0.17555713653564453,9.39984130859375
dataset/test/Tomato_Healthy_leaf/h99_hight_aug_32aug92.jpg,Tomato_Healthy_leaf,Tomato_Healthy_leaf,0.9999239444732666,1,1.1849374771118164,7.494270324707031,0.1996316909790039,8.88133716583252
dataset/test/Tomato_Healthy_leaf/h99_hight_aug_33aug101.jpg,Tomato_Healthy_leaf,Tomato_Healthy_leaf,0.9999704360961914,1,1.0571956634521484,7.615991592407227,0.171539306640625,8.848299026489258
dataset/test/Tomato_Healthy_leaf/h99_hightaug16.jpg,Tomato_Healthy_leaf,Tomato_Healthy_leaf,0.9996198415756226,1,1.0606956481933594,7.74123477935791,0.1604633331298828,8.965356826782227
dataset/test/Tomato_Healthy_leaf/h99_lower_aug_46aug78.jpg,Tomato_Healthy_leaf,Tomato_Healthy_leaf,0.9976168870925903,1,1.0714168548583984,7.628307342529297,0.16220569610595703,8.864521980285645
dataset/test/Tomato_Healthy_leaf/h99_lower_aug_47aug81.jpg,Tomato_Healthy_leaf,Tomato_Healthy_leaf,0.9999606609344482,1,1.0656204223632812,7.651252746582031,0.1633167266845703,8.88279914855957
dataset/test/Tomato_Healthy_leaf/h99_loweraug23.jpg,Tomato_Healthy_leaf,Tomato_Healthy_leaf,0.9996681213378906,1,1.1294164657592773,7.874198913574219,0.16129779815673828,9.167654037475586
dataset/test/Tomato_Healthy_leaf/h9_change_180_aug_48aug86.jpg,Tomato_Healthy_leaf,Tomato_Healthy_leaf,0.9999998807907104,1,1.0593242645263672,7.82014274597168,0.15783405303955078,9.03996753692627
dataset/test/Tomato_Healthy_leaf/h9_change_180_aug_49aug85.jpg,Tomato_Healthy_leaf,Tomato_Healthy_leaf,0.9999841451644897,1,1.0524168014526367,8.597612380981445,0.5665616989135742,10.219515800476074
dataset/test/Tomato_Healthy_leaf/h9_change_180aug24.jpg,Tomato_Healthy_leaf,Tomato_Healthy_leaf,0.9999994039535522,1,1.1928977966308594,8.408313751220703,0.15511322021484375,9.759566307067871
dataset/test/Tomato_Healthy_leaf/russian-2-319-dt-2010-leaves-high-tunnel-9-29-2014-c_jpg.rf.7ef5d3901dbeaf27776a27bfc8197b72_aug_0aug52.jpg,Tomato_Healthy_leaf,Tomato_Healthy_leaf,0.9994586110115051,1,1.0843801498413086,10.809001922607422,0.16307640075683594,12.059086799621582
dataset/test/Tomato_Healthy_leaf/russian-2-319-dt-2010-leaves-high-tunnel-9-29-2014-c_jpg.rf.7ef5d3901dbeaf27776a27bfc8197b72_aug_1aug58.jpg,Tomato_Healthy_leaf,Tomato_Healthy_leaf,0.9998272061347961,1,1.1603050231933594,7.83034610748291,0.16003894805908203,9.153284072875977
dataset/test/Tomato_Healthy_leaf/russian-2-319-dt-2010-leaves-high-tunnel-9-29-2014-c_jpg.rf.7ef5d3901dbeaf27776a27bfc8197b72aug0.jpg,Tomato_Healthy_leaf,Tomato_Healthy_leaf,0.9999428987503052,1,1.2331581115722656,7.593547821044922,0.2050762176513672,9.034540176391602
dataset/test/Tomato_Healthy_leaf/unnamed_aug_64aug64.jpg,Tomato_Healthy_leaf,Tomato_Healthy_leaf,0.9991291165351868,1,1.0854921340942383,7.7035675048828125,0.1598358154296875,8.951262474060059
dataset/test/Tomato_Healthy_leaf/unnamed_aug_65aug60.jpg,Tomato_Healthy_leaf,Tomato_Healthy_leaf,0.9996212720870972,1,1.0428228378295898,7.562917709350586,0.16024208068847656,8.76887321472168
dataset/test/Tomato_Healthy_leaf/unnamedaug32.jpg,Tomato_Healthy_leaf,Tomato_Healthy_leaf,0.9995378255844116,1,1.0496397018432617,7.589120864868164,0.16059398651123047,8.802168846130371
dataset/test/Tomato_Septoria_leaf_spot/1723454507354_aug_44aug83.jpg,Tomato_Septoria_leaf_spot,Tomato_Early_blight_leaf,0.7301530838012695,0,1.0506010055541992,8.50183391571045,0.16309452056884766,9.717769622802734
dataset/test/Tomato_Septoria_leaf_spot/1723454507354_aug_45aug80.jpg,Tomato_Septoria_leaf_spot,Tomato_Early_blight_leaf,0.9239282608032227,0,1.048213005065918,7.616362571716309,0.1643524169921875,8.831392288208008
dataset/test/Tomato_Septoria_leaf_spot/1723454507354aug22.jpg,Tomato_Septoria_leaf_spot,Tomato_Early_blight_leaf,0.778022289276123,0,1.053323745727539,7.687067985534668,0.16033458709716797,8.903837203979492
dataset/test/Tomato_Septoria_leaf_spot/1723454507465_aug_58aug67.jpg,Tomato_Septoria_leaf_spot,Tomato_Septoria_leaf_spot,0.694785475730896,1,1.0634536743164062,7.587638854980469,0.161834716796875,8.815354347229004
dataset/test/Tomato_Septoria_leaf_spot/1723454507465_aug_59aug66.jpg,Tomato_Septoria_leaf_spot,Tomato_Septoria_leaf_spot,0.965394139289856,1,1.1218433380126953,7.851365089416504,0.18441009521484375,9.160171508789062
dataset/test/Tomato_Septoria_leaf_spot/1723454507465aug29.jpg,Tomato_Septoria_leaf_spot,Tomato_Early_blight_leaf,0.6831556558609009,0,1.0503416061401367,7.416508674621582,0.1615009307861328,8.630703926086426
dataset/test/Tomato_Septoria_leaf_spot/5454635393351680.jpeg_aug_14aug115.jpg,Tomato_Septoria_leaf_spot,Tomato_leaf_late_blight,0.6466572284698486,0,1.058323860168457,7.6778459548950195,0.16372299194335938,8.902207374572754
dataset/test/Tomato_Septoria_leaf_spot/5454635393351680.jpeg_aug_15aug46.jpg,Tomato_Septoria_leaf_spot,Tomato_Septoria_leaf_spot,0.615598738193512,1,1.0575647354125977,7.873493194580078,0.16289043426513672,9.0966157913208
dataset/test/Tomato_Septoria_leaf_spot/5454635393351680.jpegaug7.jpg,Tomato_Septoria_leaf_spot,Tomato_leaf_late_blight,0.6276488900184631,0,1.0539169311523438,7.783417701721191,0.160186767578125,9.00020694732666
dataset/test/Tomato_Septoria_leaf_spot/6134794031202304-600x272-jpeg_jpg.rf.5482c323fe160b26426628094ae3646baug42.jpg,Tomato_Septoria_leaf_spot,Tomato_Septoria_leaf_spot,0.9999953508377075,1,1.116750717163086,7.57795524597168,0.1603717803955078,8.858002662658691
dataset/test/Tomato_Septoria_leaf_spot/66e7583ebe11cf0bd06435e4167bd4fdaug41.jpg,Tomato_Septoria_leaf_spot,Tomato_Septoria_leaf_spot,0.999995231628418,1,1.0401382446289062,7.855938911437988,0.16066741943359375,9.059152603149414
dataset/test/Tomato_Septoria_leaf_spot/8_20mistakes_204_aug_72aug61.jpg,Tomato_Septoria_leaf_spot,Tomato_mold_leaf,0.5185391306877136,0,1.061990737915039,7.702120780944824,0.16300106048583984,8.929689407348633
dataset/test/Tomato_Septoria_leaf_spot/8_20mistakes_204_aug_73aug62.jpg,Tomato_Septoria_leaf_spot,Tomato_mold_leaf,0.5344370007514954,0,1.0721015930175781,7.494231224060059,0.1617603302001953,8.730853080749512
dataset/test/Tomato_Septoria_leaf_spot/8_20mistakes_204aug36.jpg,Tomato_Septoria_leaf_spot,Tomato_mold_leaf,0.7650596499443054,0,1.0824165344238281,7.5284929275512695,0.16437149047851562,8.777872085571289
dataset/test/Tomato_Septoria_leaf_spot/Gls11_mirror_vertical_aug_42aug85.jpg,Tomato_Septoria_leaf_spot,Tomato_Septoria_leaf_spot,0.9615746736526489,1,1.0336198806762695,7.5717878341674805,0.16455650329589844,8.772520065307617
dataset/test/Tomato_Septoria_leaf_spot/Gls11_mirror_vertical_aug_43aug86.jpg,Tomato_Septoria_leaf_spot,Tomato_Septoria_leaf_spot,0.9061852693557739,1,1.046156883239746,7.708345413208008,0.16316795349121094,8.9205961227417
dataset/test/Tomato_Septoria_leaf_spot/Gls11_mirror_verticalaug21.jpg,Tomato_Septoria_leaf_spot,Tomato_Septoria_leaf_spot,0.8356599807739258,1,1.0549535751342773,7.809197425842285,0.1673727035522461,9.034299850463867
dataset/test/Tomato_Septoria_leaf_spot/Gls12_mirror_aug_46aug81.jpg,Tomato_Septoria_leaf_spot,Tomato_Septoria_leaf_spot,0.9999942779541016,1,1.077286720275879,7.851641654968262,0.19787311553955078,9.129246711730957
dataset/test/Tomato_Septoria_leaf_spot/Gls12_mirror_aug_47aug92.jpg,Tomato_Septoria_leaf_spot,Tomato_Septoria_leaf_spot,0.9999804496765137,1,1.0574541091918945,7.816734313964844,0.15322303771972656,9.030060768127441
dataset/test/Tomato_Septoria_leaf_spot/Gls12_mirroraug23.jpg,Tomato_Septoria_leaf_spot,Tomato_Septoria_leaf_spot,0.9999997615814209,1,1.0202503204345703,7.418861389160156,0.1594085693359375,8.600834846496582
dataset/test/Tomato_Septoria_leaf_spot/Gls1_mirror_aug_38aug82.jpg,Tomato_Septoria_leaf_spot,Tomato_Septoria_leaf_spot,0.9998443126678467,1,1.0932502746582031,7.516324043273926,0.1608715057373047,8.773225784301758
dataset/test/Tomato_Septoria_leaf_spot/Gls1_mirror_aug_39aug84.jpg,Tomato_Septoria_leaf_spot,Tomato_Septoria_leaf_spot,0.9999675750732422,1,1.0253610610961914,7.582269668579102,0.16996479034423828,8.78040885925293
dataset/test/Tomato_Septoria_leaf_spot/Gls1_mirroraug19.jpg,Tomato_Septoria_leaf_spot,Tomato_Septoria_leaf_spot,0.9999681711196899,1,1.072657585144043,7.761234283447266,0.15963172912597656,8.996560096740723
dataset/test/Tomato_Septoria_leaf_spot/Gls21_change_270aug43.jpg,Tomato_Septoria_leaf_spot,Tomato_leaf_late_blight,0.5892045497894287,0,1.0421209335327148,7.569418907165527,0.16137218475341797,8.775113105773926
dataset/test/Tomato_Septoria_leaf_spot/Gls21_hight_aug_56aug78.jpg,Tomato_Septoria_leaf_spot,Tomato_Septoria_leaf_spot,0.9999963045120239,1,1.0532684326171875,7.76692008972168,0.16072368621826172,8.983504295349121
dataset/test/Tomato_Septoria_leaf_spot/Gls21_hight_aug_57aug79.jpg,Tomato_Septoria_leaf_spot,Tomato_Septoria_leaf_spot,0.9999953508377075,1,1.1012496948242188,7.447157859802246,0.16372394561767578,8.71457576751709
dataset/test/Tomato_Septoria_leaf_spot/Gls21_hightaug28.jpg,Tomato_Septoria_leaf_spot,Tomato_Septoria_leaf_spot,0.9999796152114868,1,1.0329704284667969,7.49306583404541,0.16016769409179688,8.688798904418945
dataset/test/Tomato_Septoria_leaf_spot/Gls29_change_180_aug_40aug89.jpg,Tomato_Septoria_leaf_spot,Tomato_Septoria_leaf_spot,0.9999066591262817,1,1.0957317352294922,7.632084846496582,0.15803813934326172,8.888484001159668
dataset/test/Tomato_Septoria_leaf_spot/Gls29_change_180_aug_41aug91.jpg,Tomato_Septoria_leaf_spot,Tomato_Septoria_leaf_spot,0.9999852180480957,1,1.0338964462280273,7.697086334228516,0.16213130950927734,8.895448684692383
dataset/test/Tomato_Septoria_leaf_spot/Gls29_change_180aug20.jpg,Tomato_Septoria_leaf_spot,Tomato_Septoria_leaf_spot,0.999977707862854,1,1.0421934127807617,7.670289039611816,0.16283416748046875,8.878169059753418
dataset/test/Tomato_Septoria_leaf_spot/Gls36_hight_aug_20aug116.jpg,Tomato_Septoria_leaf_spot,Tomato_Septoria_leaf_spot,0.9978731870651245,1,1.0322504043579102,7.926087379455566,0.1602792739868164,9.120800971984863
dataset/test/Tomato_Septoria_leaf_spot/Gls36_hight_aug_21aug118.jpg,Tomato_Septoria_leaf_spot,Tomato_Septoria_leaf_spot,0.9998947381973267,1,1.1454362869262695,7.814309120178223,0.15305614471435547,9.115190505981445
dataset/test/Tomato_Septoria_leaf_spot/Gls36_hightaug10.jpg,Tomato_Septoria_leaf_spot,Tomato_Septoria_leaf_spot,0.9989874958992004,1,1.0091009140014648,7.509860992431641,0.16411304473876953,8.685445785522461
dataset/test/Tomato_Septoria_leaf_spot/Gls41_change_270_aug_50aug90.jpg,Tomato_Septoria_leaf_spot,Tomato_Septoria_leaf_spot,0.9996311664581299,1,1.2085294723510742,7.737826347351074,0.16014957427978516,9.10930061340332
dataset/test/Tomato_Septoria_leaf_spot/Gls41_change_270_aug_51aug77.jpg,Tomato_Septoria_leaf_spot,Tomato_Septoria_leaf_spot,0.99998939037323,1,1.1420459747314453,7.598287582397461,0.1612415313720703,8.904484748840332
dataset/test/Tomato_Septoria_leaf_spot/Gls41_change_270aug25.jpg,Tomato_Septoria_leaf_spot,Tomato_Septoria_leaf_spot,0.9999725818634033,1,1.0933799743652344,7.50832462310791,0.16038990020751953,8.764724731445312
dataset/test/Tomato_Septoria_leaf_spot/Gls43_change_90_aug_60aug75.jpg,Tomato_Septoria_leaf_spot,Tomato_Septoria_leaf_spot,0.9992683529853821,1,1.0526399612426758,7.64045524597168,0.16120529174804688,8.857076644897461
dataset/test/Tomato_Septoria_leaf_spot/Gls43_change_90_aug_61aug73.jpg,Tomato_Septoria_leaf_spot,Tomato_Septoria_leaf_spot,0.9991457462310791,1,1.0194721221923828,7.636992454528809,0.1671314239501953,8.826003074645996
dataset/test/Tomato_Septoria_leaf_spot/Gls43_change_90aug30.jpg,Tomato_Septoria_leaf_spot,Tomato_Septoria_leaf_spot,0.997715950012207,1,1.0226573944091797,7.776677131652832,0.1587982177734375,8.960744857788086
dataset/test/Tomato_Septoria_leaf_spot/Gls46_change_90_aug_6aug53.jpg,Tomato_Septoria_leaf_spot,Tomato_Septoria_leaf_spot,0.9999979734420776,1,1.061232566833496,7.423750877380371,0.16203880310058594,8.650132179260254
dataset/test/Tomato_Septoria_leaf_spot/Gls46_change_90_aug_7aug56.jpg,Tomato_Septoria_leaf_spot,Tomato_Septoria_leaf_spot,0.9999963045120239,1,1.1089916229248047,7.539824485778809,0.19618701934814453,8.847947120666504
dataset/test/Tomato_Septoria_leaf_spot/Gls46_change_90aug3.jpg,Tomato_Septoria_leaf_spot,Tomato_Septoria_leaf_spot,0.9999687671661377,1,1.062546730041504,7.58988094329834,0.1617431640625,8.817113876342773
dataset/test/Tomato_Septoria_leaf_spot/Gls47aug44.jpg,Tomato_Septoria_leaf_spot,Tomato_Septoria_leaf_spot,0.9999988079071045,1,1.0540285110473633,7.704141616821289,0.16463088989257812,8.925225257873535
dataset/test/Tomato_Septoria_leaf_spot/Gls76_aug_34aug97.jpg,Tomato_Septoria_leaf_spot,Tomato_mold_leaf,0.838632345199585,0,1.0479164123535156,7.588935852050781,0.1688528060913086,8.808613777160645
dataset/test/Tomato_Septoria_leaf_spot/Gls76_aug_35aug103.jpg,Tomato_Septoria_leaf_spot,Tomato_mold_leaf,0.666754424571991,0,1.0543603897094727,7.488101959228516,0.16022396087646484,8.705279350280762
dataset/test/Tomato_Septoria_leaf_spot/Gls76_change_180_aug_30aug96.jpg,Tomato_Septoria_leaf_spot,Tomato_mold_leaf,0.8283259868621826,0,1.1418981552124023,7.650196075439453,0.16163158416748047,8.956430435180664
dataset/test/Tomato_Septoria_leaf_spot/Gls76_change_180_aug_31aug100.jpg,Tomato_Septoria_leaf_spot,Tomato_mold_leaf,0.8805733919143677,0,1.0492115020751953,7.60223388671875,0.16544437408447266,8.819355964660645
dataset/test/Tomato_Septoria_leaf_spot/Gls76_change_180aug15.jpg,Tomato_Septoria_leaf_spot,Tomato_mold_leaf,0.9689595103263855,0,1.0594348907470703,7.647123336791992,0.159576416015625,8.868633270263672
dataset/test/Tomato_Septoria_leaf_spot/Gls76aug17.jpg,Tomato_Septoria_leaf_spot,Tomato_mold_leaf,0.7825550436973572,0,1.0547122955322266,7.788141250610352,0.15900135040283203,9.004578590393066
dataset/test/Tomato_Septoria_leaf_spot/Gls7_change_270_aug_64aug68.jpg,Tomato_Septoria_leaf_spot,Tomato_Septoria_leaf_spot,0.9998552799224854,1,1.0840282440185547,7.586992263793945,0.15994548797607422,8.833393096923828
dataset/test/Tomato_Septoria_leaf_spot/Gls7_change_270_aug_65aug71.jpg,Tomato_Septoria_leaf_spot,Tomato_Septoria_leaf_spot,0.9999096393585205,1,1.0845098495483398,7.691493034362793,0.16327857971191406,8.941893577575684
dataset/test/Tomato_Septoria_leaf_spot/Gls7_change_270aug32.jpg,Tomato_Septoria_leaf_spot,Tomato_Septoria_leaf_spot,0.9998626708984375,1,1.0413246154785156,7.780697822570801,0.1565389633178711,8.980949401855469
dataset/test/Tomato_Septoria_leaf_spot/Gls7_lower_aug_0aug57.jpg,Tomato_Septoria_leaf_spot,Tomato_Septoria_leaf_spot,0.9999986886978149,1,1.0333232879638672,7.486213684082031,0.16103744506835938,8.683704376220703
dataset/test/Tomato_Septoria_leaf_spot/Gls7_lower_aug_1aug52.jpg,Tomato_Septoria_leaf_spot,Tomato_Septoria_leaf_spot,0.9999995231628418,1,1.1677322387695312,7.427861213684082,0.16005706787109375,8.758408546447754
dataset/test/Tomato_Septoria_leaf_spot/Gls7_loweraug0.jpg,Tomato_Septoria_leaf_spot,Tomato_Septoria_leaf_spot,1.0,1,1.0778980255126953,7.5543060302734375,0.19455718994140625,8.829910278320312
dataset/test/Tomato_Septoria_leaf_spot/Gls81_lower_aug_2aug51.jpg,Tomato_Septoria_leaf_spot,Tomato_Septoria_leaf_spot,0.9989019632339478,1,1.005453109741211,7.592935562133789,0.1607046127319336,8.761669158935547
dataset/test/Tomato_Septoria_leaf_spot/Gls81_lower_aug_3aug54.jpg,Tomato_Septoria_leaf_spot,Tomato_Septoria_leaf_spot,0.9997270703315735,1,0.9988241195678711,7.772604942321777,0.16016769409179688,8.934651374816895
dataset/test/Tomato_Septoria_leaf_spot/Gls81_loweraug1.jpg,Tomato_Septoria_leaf_spot,Tomato_Septoria_leaf_spot,0.999930739402771,1,1.030954360961914,7.729715347290039,0.15987110137939453,8.923114776611328
dataset/test/Tomato_Septoria_leaf_spot/IMG-20240812-WA0213_aug_70aug59.jpg,Tomato_Septoria_leaf_spot,Tomato_Early_blight_leaf,0.8912746906280518,0,1.0948619842529297,7.651325225830078,0.15727901458740234,8.906206130981445
dataset/test/Tomato_Septoria_leaf_spot/IMG-20240812-WA0213_aug_71aug60.jpg,Tomato_Septoria_leaf_spot,Tomato_Early_blight_leaf,0.8541501760482788,0,1.1324739456176758,7.418157577514648,0.16005706787109375,8.713242530822754
dataset/test/Tomato_Septoria_leaf_spot/IMG-20240812-WA0213aug35.jpg,Tomato_Septoria_leaf_spot,Tomato_Early_blight_leaf,0.987748384475708,0,1.090714454650879,7.510490417480469,0.16092681884765625,8.764817237854004
dataset/test/Tomato_Septoria_leaf_spot/Original_e-blight.JPG.rend.hgtvcom.966.725.jpeg_aug_52aug74.jpg,Tomato_Septoria_leaf_spot,Tomato_Septoria_leaf_spot,0.9937115907669067,1,1.0684537887573242,7.602231979370117,0.16398239135742188,8.837539672851562
dataset/test/Tomato_Septoria_leaf_spot/Original_e-blight.JPG.rend.hgtvcom.966.725.jpeg_aug_53aug76.jpg,Tomato_Septoria_leaf_spot,Tomato_Septoria_leaf_spot,0.9944970011711121,1,1.0568618774414062,7.661325454711914,0.16189002990722656,8.882670402526855
dataset/test/Tomato_Septoria_leaf_spot/Original_e-blight.JPG.rend.hgtvcom.966.725.jpegaug26.jpg,Tomato_Septoria_leaf_spot,Tomato_Septoria_leaf_spot,0.9957582354545593,1,1.091287612915039,7.770512580871582,0.1604461669921875,9.024579048156738
dataset/test/Tomato_Septoria_leaf_spot/SS_ (990)_aug_24aug107.jpg,Tomato_Septoria_leaf_spot,Tomato_Septoria_leaf_spot,0.9999990463256836,1,1.098825454711914,7.6167144775390625,0.16033458709716797,8.878633499145508
dataset/test/Tomato_Septoria_leaf_spot/SS_ (990)_aug_25aug113.jpg,Tomato_Septoria_leaf_spot,Tomato_Septoria_leaf_spot,0.999998927116394,1,1.0453062057495117,7.641992568969727,0.16083335876464844,8.850687980651855
dataset/test/Tomato_Septoria_leaf_spot/SS_ (990)aug12.jpg,Tomato_Septoria_leaf_spot,Tomato_Septoria_leaf_spot,0.9999979734420776,1,1.048269271850586,7.534084320068359,0.15883445739746094,8.743298530578613
dataset/test/Tomato_Septoria_leaf_spot/Septoria_tomato_Margaret-20B_p8170755_0002_25004_jpg.rf.3fbb14d553c623c77f342b3a54baddab_aug_66aug70.jpg,Tomato_Septoria_leaf_spot,Tomato_Septoria_leaf_spot,0.9040773510932922,1,1.1494731903076172,7.513657569885254,0.1610555648803711,8.82642936706543
dataset/test/Tomato_Septoria_leaf_spot/Septoria_tomato_Margaret-20B_p8170755_0002_25004_jpg.rf.3fbb14d553c623c77f342b3a54baddab_aug_67aug63.jpg,Tomato_Septoria_leaf_spot,Tomato_Septoria_leaf_spot,0.9907254576683044,1,1.1306953430175781,7.544583320617676,0.19316768646240234,8.871817588806152
dataset/test/Tomato_Septoria_leaf_spot/Septoria_tomato_Margaret-20B_p8170755_0002_25004_jpg.rf.3fbb14d553c623c77f342b3a54baddabaug33.jpg,Tomato_Septoria_leaf_spot,Tomato_Septoria_leaf_spot,0.994082510471344,1,1.0863800048828125,7.651567459106445,0.16292858123779297,8.903447151184082
dataset/test/Tomato_Septoria_leaf_spot/Tomato-Plant-with-Septoria-Leaf-Spot_aug_68aug65.jpg,Tomato_Septoria_leaf_spot,Tomato_Septoria_leaf_spot,0.9976414442062378,1,1.0921764373779297,7.737734794616699,0.1599273681640625,8.992374420166016
dataset/test/Tomato_Septoria_leaf_spot/Tomato-Plant-with-Septoria-Leaf-Spot_aug_69aug64.jpg,Tomato_Septoria_leaf_spot,Tomato_Septoria_leaf_spot,0.8477256298065186,1,1.1194353103637695,8.000457763671875,0.16540908813476562,9.287858963012695
dataset/test/Tomato_Septoria_leaf_spot/Tomato-Plant-with-Septoria-Leaf-Spotaug34.jpg,Tomato_Septoria_leaf_spot,Tomato_Septoria_leaf_spot,0.9970742464065552,1,1.1284542083740234,7.558084487915039,0.16116809844970703,8.850279808044434
dataset/test/Tomato_Septoria_leaf_spot/b54d0e40027ff5e90e8ba7e1e9abf9bdaug39.jpg,Tomato_Septoria_leaf_spot,Tomato_Septoria_leaf_spot,0.9999847412109375,1,1.059065818786621,7.471139907836914,0.1639261245727539,8.69651985168457
dataset/test/Tomato_Septoria_leaf_spot/classic-septoria_aug_10aug48.jpg,Tomato_Septoria_leaf_spot,Tomato_Septoria_leaf_spot,0.9793062210083008,1,1.0931205749511719,7.651122093200684,0.16046524047851562,8.907337188720703
dataset/test/Tomato_Septoria_leaf_spot/classic-septoria_aug_11aug49.jpg,Tomato_Septoria_leaf_spot,Tomato_Septoria_leaf_spot,0.9988749623298645,1,1.0936574935913086,7.657696723937988,0.15826034545898438,8.912077903747559
dataset/test/Tomato_Septoria_leaf_spot/classic-septoriaaug5.jpg,Tomato_Septoria_leaf_spot,Tomato_Septoria_leaf_spot,0.9957291483879089,1,1.133138656616211,7.676752090454102,0.1605396270751953,8.973301887512207
dataset/test/Tomato_Septoria_leaf_spot/early+blight+on+leaf+yel+halo+IMG_2313.JPG_aug_62aug69.jpg,Tomato_Septoria_leaf_spot,Tomato_Septoria_leaf_spot,0.9999985694885254,1,1.0722122192382812,7.679195404052734,0.1608896255493164,8.914911270141602
dataset/test/Tomato_Septoria_leaf_spot/early+blight+on+leaf+yel+halo+IMG_2313.JPG_aug_63aug72.jpg,Tomato_Septoria_leaf_spot,Tomato_Septoria_leaf_spot,0.9999996423721313,1,1.0696001052856445,7.550843238830566,0.1611309051513672,8.7840576171875
dataset/test/Tomato_Septoria_leaf_spot/early+blight+on+leaf+yel+halo+IMG_2313.JPGaug31.jpg,Tomato_Septoria_leaf_spot,Tomato_Septoria_leaf_spot,0.9999984502792358,1,1.1205472946166992,7.61208438873291,0.1608715057373047,8.89572525024414
dataset/test/Tomato_Septoria_leaf_spot/early-blight-of-tomato-tomato-1aug38.jpg,Tomato_Septoria_leaf_spot,Tomato_Septoria_leaf_spot,0.999771773815155,1,1.1533985137939453,7.4982500076293945,0.1602802276611328,8.814557075500488
dataset/test/Tomato_Septoria_leaf_spot/eblight5_aug_18aug110.jpg,Tomato_Septoria_leaf_spot,Tomato_Septoria_leaf_spot,0.9612429738044739,1,1.1071949005126953,7.42250919342041,0.16977882385253906,8.703187942504883
dataset/test/Tomato_Septoria_leaf_spot/eblight5_aug_19aug117.jpg,Tomato_Septoria_leaf_spot,Tomato_Septoria_leaf_spot,0.9983079433441162,1,1.0835275650024414,7.775531768798828,0.15961170196533203,9.021522521972656
dataset/test/Tomato_Septoria_leaf_spot/eblight5aug9.jpg,Tomato_Septoria_leaf_spot,Tomato_Septoria_leaf_spot,0.9858320951461792,1,1.0096940994262695,8.136162757873535,0.1614837646484375,9.309859275817871
dataset/test/Tomato_Septoria_leaf_spot/images (1)_aug_54aug93.jpg,Tomato_Septoria_leaf_spot,Tomato_Septoria_leaf_spot,0.994179368019104,1,1.0338048934936523,7.6748809814453125,0.1595020294189453,8.871355056762695
dataset/test/Tomato_Septoria_leaf_spot/images (1)_aug_55aug87.jpg,Tomato_Septoria_leaf_spot,Tomato_Septoria_leaf_spot,0.9934606552124023,1,1.0681018829345703,8.784927368164062,0.1604452133178711,10.016254425048828
dataset/test/Tomato_Septoria_leaf_spot/images (1)aug27.jpg,Tomato_Septoria_leaf_spot,Tomato_Septoria_leaf_spot,0.997645914554596,1,1.0213050842285156,7.707474708557129,0.16129779815673828,8.893040657043457
dataset/test/Tomato_Septoria_leaf_spot/tomato-blight-treatment-blight_jpg.rf.78cbf6055199828cb682fd0a6435a157_aug_74aug58.jpg,Tomato_Septoria_leaf_spot,Tomato_Septoria_leaf_spot,0.9999783039093018,1,1.0506210327148438,7.789973258972168,0.1600198745727539,9.003540992736816
dataset/test/Tomato_Septoria_leaf_spot/tomato-blight-treatment-blight_jpg.rf.78cbf6055199828cb682fd0a6435a157aug37.jpg,Tomato_Septoria_leaf_spot,Tomato_Septoria_leaf_spot,0.9999935626983643,1,1.2098445892333984,15.630136489868164,0.22128009796142578,17.064223289489746
dataset/test/Tomato_Septoria_leaf_spot/tomato-early-blight-e1437503226856_aug_4aug50.jpg,Tomato_Septoria_leaf_spot,Tomato_Septoria_leaf_spot,0.9999215602874756,1,1.2534198760986328,13.089669227600098,0.15581607818603516,14.502867698669434
dataset/test/Tomato_Septoria_leaf_spot/tomato-early-blight-e1437503226856_aug_5aug55.jpg,Tomato_Septoria_leaf_spot,Tomato_Septoria_leaf_spot,0.9956990480422974,1,1.0688066482543945,9.574138641357422,0.16142654418945312,10.80702018737793
dataset/test/Tomato_Septoria_leaf_spot/tomato-early-blight-e1437503226856aug2.jpg,Tomato_Septoria_leaf_spot,Tomato_Septoria_leaf_spot,0.9997460246086121,1,1.1073789596557617,7.788530349731445,0.17840862274169922,9.077374458312988
dataset/test/Tomato_Septoria_leaf_spot/tomato-early-blightH_jpg.rf.2633fbae0a933eb2711cb8466f34aca1_aug_12aug119.jpg,Tomato_Septoria_leaf_spot,Tomato_Septoria_leaf_spot,0.9999531507492065,1,1.1946210861206055,7.743381500244141,0.16133403778076172,9.10185718536377
dataset/test/Tomato_Septoria_leaf_spot/tomato-early-blightH_jpg.rf.2633fbae0a933eb2711cb8466f34aca1_aug_13aug114.jpg,Tomato_Septoria_leaf_spot,Tomato_Septoria_leaf_spot,0.9996142387390137,1,1.1911945343017578,7.5444746017456055,0.16059398651123047,8.898781776428223
dataset/test/Tomato_Septoria_leaf_spot/tomato-early-blightH_jpg.rf.2633fbae0a933eb2711cb8466f34aca1aug6.jpg,Tomato_Septoria_leaf_spot,Tomato_Septoria_leaf_spot,0.999809205532074,1,1.086991310119629,7.663455963134766,0.16246509552001953,8.915781021118164
dataset/test/Tomato_Septoria_leaf_spot/tomato-septoria-3-500x384_aug_32aug104.jpg,Tomato_Septoria_leaf_spot,Tomato_Early_blight_leaf,0.5102934837341309,0,1.056565284729004,7.701789855957031,0.15937137603759766,8.920449256896973
dataset/test/Tomato_Septoria_leaf_spot/tomato-septoria-3-500x384_aug_33aug106.jpg,Tomato_Septoria_leaf_spot,Tomato_Septoria_leaf_spot,0.9939646124839783,1,1.0545463562011719,7.5879926681518555,0.16126060485839844,8.806501388549805
dataset/test/Tomato_Septoria_leaf_spot/tomato-septoria-3-500x384_jpg.rf.40a23512bd3b6d8df2115d7f591913fb_aug_16aug112.jpg,Tomato_Septoria_leaf_spot,Tomato_Septoria_leaf_spot,0.9532749652862549,1,1.1031036376953125,7.921143531799316,0.16189098358154297,9.188394546508789
dataset/test/Tomato_Septoria_leaf_spot/tomato-septoria-3-500x384_jpg.rf.40a23512bd3b6d8df2115d7f591913fb_aug_17aug111.jpg,Tomato_Septoria_leaf_spot,Tomato_Septoria_leaf_spot,0.9994888305664062,1,1.0632495880126953,7.653473854064941,0.15903854370117188,8.878411293029785
dataset/test/Tomato_Septoria_leaf_spot/tomato-septoria-3-500x384_jpg.rf.40a23512bd3b6d8df2115d7f591913fbaug8.jpg,Tomato_Septoria_leaf_spot,Tomato_Septoria_leaf_spot,0.9996204376220703,1,1.0576753616333008,7.503862380981445,0.15994644165039062,8.72428035736084
dataset/test/Tomato_Septoria_leaf_spot/tomato-septoria-3-500x384aug16.jpg,Tomato_Septoria_leaf_spot,Tomato_Septoria_leaf_spot,0.9989759922027588,1,1.1355104446411133,7.769549369812012,0.16048336029052734,9.068633079528809
dataset/test/Tomato_Septoria_leaf_spot/tomato-septoria-5_jpg.rf.fab97ae4bb3726e33dcbde7262ec6a65aug40.jpg,Tomato_Septoria_leaf_spot,Tomato_Septoria_leaf_spot,0.9999967813491821,1,1.1117134094238281,7.568842887878418,0.19914913177490234,8.882355690002441
dataset/test/Tomato_Septoria_leaf_spot/tomato-septoria-leaf-spot--_aug_22aug109.jpg,Tomato_Septoria_leaf_spot,Tomato_Septoria_leaf_spot,0.636546790599823,1,1.1130657196044922,7.643492698669434,0.1606121063232422,8.919706344604492
dataset/test/Tomato_Septoria_leaf_spot/tomato-septoria-leaf-spot--_aug_23aug108.jpg,Tomato_Septoria_leaf_spot,Tomato_Septoria_leaf_spot,0.5779920220375061,1,1.1155281066894531,7.634250640869141,0.16016769409179688,8.912428855895996
dataset/test/Tomato_Septoria_leaf_spot/tomato-septoria-leaf-spot--_jpg.rf.06783859d6d3e49976374e4146674e0b_aug_48aug94.jpg,Tomato_Septoria_leaf_spot,Tomato_Septoria_leaf_spot,0.8492632508277893,1,1.1104736328125,7.642232894897461,0.16346454620361328,8.918781280517578
dataset/test/Tomato_Septoria_leaf_spot/tomato-septoria-leaf-spot--_jpg.rf.06783859d6d3e49976374e4146674e0b_aug_49aug88.jpg,Tomato_Septoria_leaf_spot,Tomato_Septoria_leaf_spot,0.7095308899879456,1,1.1463813781738281,7.669586181640625,0.16024208068847656,8.97867202758789
dataset/test/Tomato_Septoria_leaf_spot/tomato-septoria-leaf-spot--_jpg.rf.06783859d6d3e49976374e4146674e0baug24.jpg,Tomato_Septoria_leaf_spot,Tomato_Early_blight_leaf,0.5994735956192017,0,1.2002525329589844,7.772289276123047,0.1605205535888672,9.135708808898926
dataset/test/Tomato_Septoria_leaf_spot/tomato-septoria-leaf-spot--_jpg.rf.5e63d9a20f5557b9bb3617e79b48ef85_aug_26aug95.jpg,Tomato_Septoria_leaf_spot,Tomato_Early_blight_leaf,0.5148748159408569,0,1.1401042938232422,7.695306777954102,0.16498279571533203,9.002800941467285
dataset/test/Tomato_Septoria_leaf_spot/tomato-septoria-leaf-spot--_jpg.rf.5e63d9a20f5557b9bb3617e79b48ef85_aug_27aug101.jpg,Tomato_Septoria_leaf_spot,Tomato_Septoria_leaf_spot,0.7273751497268677,1,1.1833810806274414,7.607973098754883,0.15927791595458984,8.952893257141113
dataset/test/Tomato_Septoria_leaf_spot/tomato-septoria-leaf-spot--_jpg.rf.5e63d9a20f5557b9bb3617e79b48ef85aug13.jpg,Tomato_Septoria_leaf_spot,Tomato_Septoria_leaf_spot,0.7533468008041382,1,1.1465835571289062,7.500861167907715,0.16035175323486328,8.810187339782715
dataset/test/Tomato_Septoria_leaf_spot/tomato-septoria-leaf-spot--aug11.jpg,Tomato_Septoria_leaf_spot,Tomato_Early_blight_leaf,0.9522449970245361,0,1.196176528930664,8.46046257019043,0.16359424591064453,9.822696685791016
dataset/test/Tomato_Septoria_leaf_spot/tomato-septoria-leaf-spot-_aug_28aug105.jpg,Tomato_Septoria_leaf_spot,Tomato_Septoria_leaf_spot,0.9067007899284363,1,1.1013622283935547,7.672307014465332,0.16376018524169922,8.9402437210083
dataset/test/Tomato_Septoria_leaf_spot/tomato-septoria-leaf-spot-_aug_29aug102.jpg,Tomato_Septoria_leaf_spot,Tomato_Septoria_leaf_spot,0.9728708267211914,1,1.1073980331420898,7.551251411437988,0.1611309051513672,8.822260856628418
dataset/test/Tomato_Septoria_leaf_spot/tomato-septoria-leaf-spot-aug14.jpg,Tomato_Septoria_leaf_spot,Tomato_Septoria_leaf_spot,0.992428719997406,1,1.1144905090332031,7.387490272521973,0.21752071380615234,8.722816467285156
dataset/test/Tomato_Septoria_leaf_spot/tomato_D2b-Early-blight---RPitblado_zoom_jpg.rf.93df1c3cb830b3940e4a23a5c4a05598_aug_8aug45.jpg,Tomato_Septoria_leaf_spot,Tomato_Septoria_leaf_spot,0.9992517828941345,1,1.1604557037353516,7.742234230041504,0.16083526611328125,9.065875053405762
dataset/test/Tomato_Septoria_leaf_spot/tomato_D2b-Early-blight---RPitblado_zoom_jpg.rf.93df1c3cb830b3940e4a23a5c4a05598_aug_9aug47.jpg,Tomato_Septoria_leaf_spot,Tomato_Septoria_leaf_spot,0.9989250302314758,1,1.111546516418457,7.518453598022461,0.1728343963623047,8.806594848632812
dataset/test/Tomato_Septoria_leaf_spot/tomato_D2b-Early-blight---RPitblado_zoom_jpg.rf.93df1c3cb830b3940e4a23a5c4a05598aug4.jpg,Tomato_Septoria_leaf_spot,Tomato_Septoria_leaf_spot,0.9998120665550232,1,1.1152496337890625,7.602380752563477,0.1594839096069336,8.879520416259766
dataset/test/Tomato_Septoria_leaf_spot/tomatoseptorialeafspotjpg-788d20798a3c74e7_aug_36aug98.jpg,Tomato_Septoria_leaf_spot,Tomato_Septoria_leaf_spot,0.9999831914901733,1,1.0747690200805664,7.687232971191406,0.15968704223632812,8.92413330078125
dataset/test/Tomato_Septoria_leaf_spot/tomatoseptorialeafspotjpg-788d20798a3c74e7_aug_37aug99.jpg,Tomato_Septoria_leaf_spot,Tomato_Septoria_leaf_spot,0.9936011433601379,1,1.1419544219970703,7.813790321350098,0.16016864776611328,9.118265151977539
dataset/test/Tomato_Septoria_leaf_spot/tomatoseptorialeafspotjpg-788d20798a3c74e7aug18.jpg,Tomato_Septoria_leaf_spot,Tomato_Septoria_leaf_spot,0.9997085928916931,1,1.075566291809082,7.798771858215332,0.16239070892333984,9.039338111877441
dataset/test/Tomato_leaf_late_blight/Gls74_change_90_aug_66aug46.jpg,Tomato_leaf_late_blight,Tomato_Septoria_leaf_spot,0.6979793310165405,0,1.036489486694336,7.588140487670898,0.15668582916259766,8.78409481048584
dataset/test/Tomato_leaf_late_blight/Gls74_change_90_aug_67aug49.jpg,Tomato_leaf_late_blight,Tomato_Septoria_leaf_spot,0.5042483806610107,0,1.0443620681762695,7.453306198120117,0.1610565185546875,8.66163158416748
dataset/test/Tomato_leaf_late_blight/Gls74_change_90_aug_68aug41.jpg,Tomato_leaf_late_blight,Tomato_Septoria_leaf_spot,0.9906737208366394,0,1.1689558029174805,7.520195007324219,0.1624279022216797,8.853724479675293
dataset/test/Tomato_leaf_late_blight/Gls74_change_90aug22.jpg,Tomato_leaf_late_blight,Tomato_Septoria_leaf_spot,0.6366056203842163,0,1.0401020050048828,7.5670671463012695,0.16146373748779297,8.7712984085083
dataset/test/Tomato_leaf_late_blight/Gls78_change_270_aug_24aug95.jpg,Tomato_leaf_late_blight,Tomato_leaf_yellow_curl_virus,0.4797765016555786,0,1.0265264511108398,7.6233062744140625,0.1594076156616211,8.811614036560059
dataset/test/Tomato_leaf_late_blight/Gls78_change_270_aug_25aug80.jpg,Tomato_leaf_late_blight,Tomato_leaf_late_blight,0.9254959225654602,1,1.0291929244995117,7.712363243103027,0.16501998901367188,8.909540176391602
dataset/test/Tomato_leaf_late_blight/Gls78_change_270_aug_26aug81.jpg,Tomato_leaf_late_blight,Tomato_leaf_late_blight,0.9962974190711975,1,1.0328607559204102,7.730696678161621,0.15901947021484375,8.925189018249512
dataset/test/Tomato_leaf_late_blight/Gls78_change_270aug8.jpg,Tomato_leaf_late_blight,Tomato_leaf_late_blight,0.9412243962287903,1,1.063323974609375,7.654529571533203,0.15918731689453125,8.879688262939453
dataset/test/Tomato_leaf_late_blight/Gls79_change_270_aug_51aug69.jpg,Tomato_leaf_late_blight,Tomato_leaf_late_blight,0.9982976317405701,1,1.0106182098388672,7.735233306884766,0.15424156188964844,8.902652740478516
dataset/test/Tomato_leaf_late_blight/Gls79_change_270_aug_52aug74.jpg,Tomato_leaf_late_blight,Tomato_leaf_late_blight,0.9989352822303772,1,0.9967107772827148,7.436064720153809,0.16124248504638672,8.597074508666992
dataset/test/Tomato_leaf_late_blight/Gls79_change_270_aug_53aug68.jpg,Tomato_leaf_late_blight,Tomato_leaf_late_blight,0.9983128309249878,1,1.017953872680664,7.608936309814453,0.16039085388183594,8.790114402770996
dataset/test/Tomato_leaf_late_blight/Gls79_change_270aug17.jpg,Tomato_leaf_late_blight,Tomato_leaf_late_blight,0.9985515475273132,1,1.0113239288330078,7.569121360778809,0.15990924835205078,8.743019104003906
dataset/test/Tomato_leaf_late_blight/Gls79_change_90_aug_27aug85.jpg,Tomato_leaf_late_blight,Tomato_leaf_late_blight,0.9970583915710449,1,1.0613431930541992,7.594603538513184,0.15951919555664062,8.818021774291992
dataset/test/Tomato_leaf_late_blight/Gls79_change_90_aug_28aug97.jpg,Tomato_leaf_late_blight,Tomato_leaf_late_blight,0.9902601838111877,1,1.0198040008544922,7.678807258605957,0.16118621826171875,8.862706184387207
dataset/test/Tomato_leaf_late_blight/Gls79_change_90_aug_29aug89.jpg,Tomato_leaf_late_blight,Tomato_leaf_late_blight,0.9989264607429504,1,1.010934829711914,7.544936180114746,0.1593160629272461,8.717706680297852
dataset/test/Tomato_leaf_late_blight/Gls79_change_90aug9.jpg,Tomato_leaf_late_blight,Tomato_leaf_late_blight,0.9922599196434021,1,1.0154895782470703,7.657382965087891,0.15198230743408203,8.827021598815918
dataset/test/Tomato_leaf_late_blight/Gls79_mirror_aug_15aug104.jpg,Tomato_leaf_late_blight,Tomato_leaf_late_blight,0.9999709129333496,1,0.9894542694091797,7.471972465515137,0.1603708267211914,8.624130249023438
dataset/test/Tomato_leaf_late_blight/Gls79_mirror_aug_16aug113.jpg,Tomato_leaf_late_blight,Tomato_leaf_late_blight,0.9996764659881592,1,1.0569915771484375,7.594325065612793,0.16205596923828125,8.816039085388184
dataset/test/Tomato_leaf_late_blight/Gls79_mirror_aug_17aug109.jpg,Tomato_leaf_late_blight,Tomato_leaf_late_blight,0.9994101524353027,1,1.0164165496826172,7.659659385681152,0.16683578491210938,8.84626293182373
dataset/test/Tomato_leaf_late_blight/Gls79_mirroraug5.jpg,Tomato_leaf_late_blight,Tomato_leaf_late_blight,0.9999010562896729,1,1.0203981399536133,7.650659561157227,0.16153812408447266,8.835371971130371
dataset/test/Tomato_leaf_late_blight/IMG_20251102_155822aug32.jpg,Tomato_leaf_late_blight,Tomato_Early_blight_leaf,0.6813287734985352,0,1.0685644149780273,7.679623603820801,0.14837169647216797,8.899632453918457
dataset/test/Tomato_leaf_late_blight/IMG_20251102_160928aug33.jpg,Tomato_leaf_late_blight,Tomato_leaf_late_blight,0.9420225620269775,1,1.0416202545166016,7.385026931762695,0.15989017486572266,8.588981628417969
dataset/test/Tomato_leaf_late_blight/IMG_20251102_161202_aug_57aug50.jpg,Tomato_leaf_late_blight,Tomato_Early_blight_leaf,0.9999862909317017,0,1.1479177474975586,7.589639663696289,0.16003799438476562,8.900299072265625
dataset/test/Tomato_leaf_late_blight/IMG_20251102_161202_aug_58aug52.jpg,Tomato_leaf_late_blight,Tomato_Early_blight_leaf,0.9999767541885376,0,1.106156349182129,7.576936721801758,0.16075897216796875,8.845985412597656
dataset/test/Tomato_leaf_late_blight/IMG_20251102_161202_aug_59aug39.jpg,Tomato_leaf_late_blight,Tomato_Early_blight_leaf,0.9999991655349731,0,1.1172494888305664,7.701678276062012,0.1584453582763672,8.979910850524902
dataset/test/Tomato_leaf_late_blight/IMG_20251102_161202aug19.jpg,Tomato_leaf_late_blight,Tomato_Early_blight_leaf,0.9999991655349731,0,1.1020479202270508,7.614362716674805,0.16127967834472656,8.880446434020996
dataset/test/Tomato_leaf_late_blight/IMG_5808_jpg.rf.9de5af872dd2e7a58b115c4826fb18d4_aug_63aug53.jpg,Tomato_leaf_late_blight,Tomato_Early_blight_leaf,0.8467941880226135,0,1.095677375793457,7.948810577392578,0.16057491302490234,9.207783699035645
dataset/test/Tomato_leaf_late_blight/IMG_5808_jpg.rf.9de5af872dd2e7a58b115c4826fb18d4_aug_64aug43.jpg,Tomato_leaf_late_blight,Tomato_Early_blight_leaf,0.8298751711845398,0,1.1077136993408203,7.782808303833008,0.16015052795410156,9.053115844726562
dataset/test/Tomato_leaf_late_blight/IMG_5808_jpg.rf.9de5af872dd2e7a58b115c4826fb18d4_aug_65aug38.jpg,Tomato_leaf_late_blight,Tomato_leaf_late_blight,0.5699127912521362,1,1.068471908569336,7.657288551330566,0.1476306915283203,8.875669479370117
dataset/test/Tomato_leaf_late_blight/IMG_5808_jpg.rf.9de5af872dd2e7a58b115c4826fb18d4aug21.jpg,Tomato_leaf_late_blight,Tomato_Early_blight_leaf,0.795788586139679,0,1.0292682647705078,7.444175720214844,0.16020584106445312,8.636167526245117
dataset/test/Tomato_leaf_late_blight/LB_ (254)_aug_54aug73.jpg,Tomato_leaf_late_blight,Tomato_leaf_late_blight,0.41924023628234863,1,1.0451202392578125,7.541417121887207,0.16098308563232422,8.750113487243652
dataset/test/Tomato_leaf_late_blight/LB_ (254)_aug_55aug71.jpg,Tomato_leaf_late_blight,Tomato_leaf_late_blight,0.5114647746086121,1,1.0357866287231445,7.67193603515625,0.1594085693359375,8.870132446289062
dataset/test/Tomato_leaf_late_blight/LB_ (254)_aug_56aug78.jpg,Tomato_leaf_late_blight,Tomato_leaf_late_blight,0.9712805151939392,1,1.011305809020996,7.660177230834961,0.16024112701416016,8.83448314666748
dataset/test/Tomato_leaf_late_blight/LB_ (254)aug18.jpg,Tomato_leaf_late_blight,Tomato_leaf_late_blight,0.8075873851776123,1,1.0098609924316406,7.717659950256348,0.16022300720214844,8.891003608703613
dataset/test/Tomato_leaf_late_blight/LB_ (276)_aug_60aug45.jpg,Tomato_leaf_late_blight,Tomato_leaf_late_blight,0.9997174143791199,1,1.019230842590332,7.759640693664551,0.15796470642089844,8.93942928314209
dataset/test/Tomato_leaf_late_blight/LB_ (276)_aug_61aug44.jpg,Tomato_leaf_late_blight,Tomato_leaf_late_blight,0.999530553817749,1,1.0515460968017578,7.564269065856934,0.22046375274658203,8.839224815368652
dataset/test/Tomato_leaf_late_blight/LB_ (276)_aug_62aug40.jpg,Tomato_leaf_late_blight,Tomato_leaf_late_blight,0.9999964237213135,1,1.005990982055664,7.482213020324707,0.17016887664794922,8.66135311126709
dataset/test/Tomato_leaf_late_blight/LB_ (276)aug20.jpg,Tomato_leaf_late_blight,Tomato_leaf_late_blight,0.9999659061431885,1,1.140066146850586,7.449193954467773,0.17485332489013672,8.767464637756348
dataset/test/Tomato_leaf_late_blight/Late-blight-foliar-leasion-on-tomato_jpg.rf.331af81e5b2aae24af0dc9b6d9933591_aug_72aug60.jpg,Tomato_leaf_late_blight,Tomato_leaf_late_blight,0.9999665021896362,1,1.1049909591674805,7.626622200012207,0.16696453094482422,8.901613235473633
dataset/test/Tomato_leaf_late_blight/Late-blight-foliar-leasion-on-tomato_jpg.rf.331af81e5b2aae24af0dc9b6d9933591_aug_73aug51.jpg,Tomato_leaf_late_blight,Tomato_leaf_late_blight,0.9998553991317749,1,1.0988798141479492,7.615825653076172,0.16102027893066406,8.878077507019043
dataset/test/Tomato_leaf_late_blight/Late-blight-foliar-leasion-on-tomato_jpg.rf.331af81e5b2aae24af0dc9b6d9933591_aug_74aug37.jpg,Tomato_leaf_late_blight,Tomato_leaf_late_blight,0.9999295473098755,1,1.1656579971313477,7.756752967834473,0.16029644012451172,9.086115837097168
dataset/test/Tomato_leaf_late_blight/Late-blight-foliar-leasion-on-tomato_jpg.rf.331af81e5b2aae24af0dc9b6d9933591aug24.jpg,Tomato_leaf_late_blight,Tomato_leaf_late_blight,0.9999328851699829,1,1.095749855041504,7.701641082763672,0.1602792739868164,8.960264205932617
dataset/test/Tomato_leaf_late_blight/Late-blight-on-a-tomato-leaf_jpg.rf.8a0bcac661db5b0d51beab8e2bf6cd6caug29.jpg,Tomato_leaf_late_blight,Tomato_leaf_late_blight,0.999816358089447,1,1.0521574020385742,7.679048538208008,0.1627979278564453,8.896855354309082
dataset/test/Tomato_leaf_late_blight/Late-blight-on-a-tomato-leaf_jpg.rf.8defdb736385f3e1da6fba17b2786ac9_aug_84aug36.jpg,Tomato_leaf_late_blight,Tomato_leaf_late_blight,1.0,1,1.0292692184448242,7.61921501159668,0.14985275268554688,8.8005952835083
dataset/test/Tomato_leaf_late_blight/Late-blight-on-a-tomato-leaf_jpg.rf.8defdb736385f3e1da6fba17b2786ac9aug28.jpg,Tomato_leaf_late_blight,Tomato_leaf_late_blight,1.0,1,1.0456762313842773,7.436620712280273,0.1603527069091797,8.645389556884766
dataset/test/Tomato_leaf_late_blight/Late-blight-symptoms-on-tomato-leaves-1r3uhy2_jpg.rf.92fa5ba375a2c3ce572ef7e12695be90aug31.jpg,Tomato_leaf_late_blight,Tomato_leaf_late_blight,0.9999136924743652,1,1.2114734649658203,7.4607133865356445,0.1603717803955078,8.835095405578613
dataset/test/Tomato_leaf_late_blight/Late-blight-tomato-leaf-VikramBisht-MBag_jpg.rf.ec494f1ab0c0417fed47095af181f852_aug_6aug117.jpg,Tomato_leaf_late_blight,Tomato_leaf_late_blight,0.9956802129745483,1,1.0687685012817383,7.750530242919922,0.15994548797607422,8.98172664642334
dataset/test/Tomato_leaf_late_blight/Late-blight-tomato-leaf-VikramBisht-MBag_jpg.rf.ec494f1ab0c0417fed47095af181f852_aug_7aug116.jpg,Tomato_leaf_late_blight,Tomato_leaf_late_blight,0.9994161128997803,1,1.0813236236572266,7.924180030822754,0.16205787658691406,9.171043395996094
dataset/test/Tomato_leaf_late_blight/Late-blight-tomato-leaf-VikramBisht-MBag_jpg.rf.ec494f1ab0c0417fed47095af181f852_aug_8aug115.jpg,Tomato_leaf_late_blight,Tomato_leaf_late_blight,0.999716579914093,1,1.0718803405761719,7.684233665466309,0.1605205535888672,8.919132232666016
dataset/test/Tomato_leaf_late_blight/Late-blight-tomato-leaf-VikramBisht-MBag_jpg.rf.ec494f1ab0c0417fed47095af181f852aug2.jpg,Tomato_leaf_late_blight,Tomato_leaf_late_blight,0.9988414645195007,1,1.1111383438110352,7.399026870727539,0.32987213134765625,8.842947006225586
dataset/test/Tomato_leaf_late_blight/LateBlight-Tomato-JJ-2009-17nxg4q_aug_36aug79.jpg,Tomato_leaf_late_blight,Tomato_Early_blight_leaf,0.9526642560958862,0,0.9740076065063477,7.602455139160156,0.16038990020751953,8.73922348022461
dataset/test/Tomato_leaf_late_blight/LateBlight-Tomato-JJ-2009-17nxg4q_aug_37aug87.jpg,Tomato_leaf_late_blight,Tomato_Early_blight_leaf,0.7600749731063843,0,1.0214529037475586,7.560677528381348,0.1609649658203125,8.746354103088379
dataset/test/Tomato_leaf_late_blight/LateBlight-Tomato-JJ-2009-17nxg4q_aug_38aug67.jpg,Tomato_leaf_late_blight,Tomato_leaf_late_blight,0.9753023982048035,1,1.000565528869629,7.6493072509765625,0.1587982177734375,8.811169624328613
dataset/test/Tomato_leaf_late_blight/LateBlight-Tomato-JJ-2009-17nxg4q_jpg.rf.93780f99f071013cf0764b40fc6db48c_aug_48aug77.jpg,Tomato_leaf_late_blight,Tomato_leaf_late_blight,0.9995294809341431,1,1.0449342727661133,7.614641189575195,0.16152000427246094,8.823817253112793
dataset/test/Tomato_leaf_late_blight/LateBlight-Tomato-JJ-2009-17nxg4q_jpg.rf.93780f99f071013cf0764b40fc6db48c_aug_49aug65.jpg,Tomato_leaf_late_blight,Tomato_leaf_late_blight,0.9998074173927307,1,1.0531578063964844,7.665307998657227,0.16092777252197266,8.882410049438477
dataset/test/Tomato_leaf_late_blight/LateBlight-Tomato-JJ-2009-17nxg4q_jpg.rf.93780f99f071013cf0764b40fc6db48c_aug_50aug75.jpg,Tomato_leaf_late_blight,Tomato_leaf_late_blight,0.9999914169311523,1,1.0161561965942383,7.617881774902344,0.15996456146240234,8.796612739562988
dataset/test/Tomato_leaf_late_blight/LateBlight-Tomato-JJ-2009-17nxg4q_jpg.rf.93780f99f071013cf0764b40fc6db48caug16.jpg,Tomato_leaf_late_blight,Tomato_leaf_late_blight,0.9999970197677612,1,1.0144357681274414,7.625990867614746,0.15137290954589844,8.794224739074707
dataset/test/Tomato_leaf_late_blight/LateBlight-Tomato-JJ-2009-17nxg4qaug12.jpg,Tomato_leaf_late_blight,Tomato_leaf_late_blight,0.804036557674408,1,0.9977493286132812,7.478231430053711,0.16005611419677734,8.638372421264648
dataset/test/Tomato_leaf_late_blight/Lb11_mirror_verticalaug34.jpg,Tomato_leaf_late_blight,Tomato_leaf_late_blight,0.9961127638816833,1,1.1796588897705078,7.649714469909668,0.16259384155273438,8.994429588317871
dataset/test/Tomato_leaf_late_blight/Lb51_mirror_aug_39aug83.jpg,Tomato_leaf_late_blight,Tomato_leaf_late_blight,0.8363873362541199,1,1.0703611373901367,7.702030181884766,0.16072463989257812,8.93581771850586
dataset/test/Tomato_leaf_late_blight/Lb51_mirror_aug_40aug96.jpg,Tomato_leaf_late_blight,Tomato_leaf_late_blight,0.9882275462150574,1,1.035787582397461,7.628602981567383,0.16083621978759766,8.828392028808594
dataset/test/Tomato_leaf_late_blight/Lb51_mirror_aug_41aug91.jpg,Tomato_leaf_late_blight,Tomato_leaf_late_blight,0.9246888756752014,1,1.0334157943725586,7.6013994216918945,0.16255664825439453,8.800094604492188
dataset/test/Tomato_leaf_late_blight/Lb51_mirroraug13.jpg,Tomato_leaf_late_blight,Tomato_leaf_late_blight,0.9718545079231262,1,1.0416936874389648,7.6460466384887695,0.16003894805908203,8.850687980651855
dataset/test/Tomato_leaf_late_blight/Lb52_change_90_aug_42aug64.jpg,Tomato_leaf_late_blight,Tomato_leaf_late_blight,0.9977003931999207,1,1.0530824661254883,7.577454566955566,0.1615581512451172,8.794742584228516
dataset/test/Tomato_leaf_late_blight/Lb52_change_90_aug_43aug63.jpg,Tomato_leaf_late_blight,Tomato_leaf_late_blight,0.9999994039535522,1,1.0098600387573242,7.456842422485352,0.1605386734008789,8.630130767822266
dataset/test/Tomato_leaf_late_blight/Lb52_change_90_aug_44aug70.jpg,Tomato_leaf_late_blight,Tomato_leaf_late_blight,0.9998131394386292,1,1.1198797225952148,7.591826438903809,0.16307449340820312,8.877448081970215
dataset/test/Tomato_leaf_late_blight/Lb52_change_90aug14.jpg,Tomato_leaf_late_blight,Tomato_leaf_late_blight,0.9999990463256836,1,1.018082618713379,7.7426042556762695,0.16133499145507812,8.925076484680176
dataset/test/Tomato_leaf_late_blight/Lb69_aug_45aug76.jpg,Tomato_leaf_late_blight,Tomato_leaf_late_blight,0.9999669790267944,1,1.0173978805541992,7.653417587280273,0.16055679321289062,8.833910942077637
dataset/test/Tomato_leaf_late_blight/Lb69_aug_46aug72.jpg,Tomato_leaf_late_blight,Tomato_leaf_late_blight,0.9999606609344482,1,1.0521211624145508,7.631289482116699,0.16707611083984375,8.85368824005127
dataset/test/Tomato_leaf_late_blight/Lb69_aug_47aug66.jpg,Tomato_leaf_late_blight,Tomato_leaf_late_blight,0.9938595294952393,1,1.0230274200439453,7.623603820800781,0.15903854370117188,8.808428764343262
dataset/test/Tomato_leaf_late_blight/Lb69aug15.jpg,Tomato_leaf_late_blight,Tomato_leaf_late_blight,0.9998112320899963,1,1.0006942749023438,7.513084411621094,0.16085338592529297,8.677186012268066
dataset/test/Tomato_leaf_late_blight/Lb8_mirror_vertical_aug_10aug118.jpg,Tomato_leaf_late_blight,Tomato_leaf_late_blight,0.999876856803894,1,1.118269920349121,7.429899215698242,0.16111278533935547,8.711945533752441
dataset/test/Tomato_leaf_late_blight/Lb8_mirror_vertical_aug_11aug111.jpg,Tomato_leaf_late_blight,Tomato_leaf_late_blight,0.9998210072517395,1,1.0196208953857422,7.618696212768555,0.1603708267211914,8.801483154296875
dataset/test/Tomato_leaf_late_blight/Lb8_mirror_vertical_aug_9aug103.jpg,Tomato_leaf_late_blight,Tomato_leaf_late_blight,0.9998527765274048,1,1.056509017944336,8.402424812316895,0.15850067138671875,9.620214462280273
dataset/test/Tomato_leaf_late_blight/Lb8_mirror_verticalaug3.jpg,Tomato_leaf_late_blight,Tomato_leaf_late_blight,0.9997794032096863,1,1.0082311630249023,7.735640525817871,0.16501808166503906,8.911835670471191
dataset/test/Tomato_leaf_late_blight/Lb97_aug_21aug84.jpg,Tomato_leaf_late_blight,Tomato_leaf_late_blight,0.9998518228530884,1,1.0518617630004883,7.64510440826416,0.1597604751586914,8.859466552734375
dataset/test/Tomato_leaf_late_blight/Lb97_aug_22aug101.jpg,Tomato_leaf_late_blight,Tomato_leaf_late_blight,0.9999934434890747,1,1.0656938552856445,8.565130233764648,0.1609821319580078,9.794307708740234
dataset/test/Tomato_leaf_late_blight/Lb97_aug_23aug82.jpg,Tomato_leaf_late_blight,Tomato_leaf_late_blight,0.9997349381446838,1,1.0352497100830078,7.6276960372924805,0.1615581512451172,8.826929092407227
dataset/test/Tomato_leaf_late_blight/Lb97aug7.jpg,Tomato_leaf_late_blight,Tomato_leaf_late_blight,0.9999479055404663,1,1.0415287017822266,9.749492645263672,0.16253948211669922,10.956428527832031
dataset/test/Tomato_leaf_late_blight/Leaf-2Bsymptoms-2BMDA_jpg.rf.39b220104d04636fad4f5aae043826cb_aug_0aug108.jpg,Tomato_leaf_late_blight,Tomato_leaf_late_blight,0.999969482421875,1,1.3081035614013672,21.84350299835205,0.16507530212402344,23.319554328918457
dataset/test/Tomato_leaf_late_blight/Leaf-2Bsymptoms-2BMDA_jpg.rf.39b220104d04636fad4f5aae043826cb_aug_1aug106.jpg,Tomato_leaf_late_blight,Tomato_leaf_late_blight,0.9998323917388916,1,1.1344919204711914,7.82562255859375,0.16237258911132812,9.125486373901367
dataset/test/Tomato_leaf_late_blight/Leaf-2Bsymptoms-2BMDA_jpg.rf.39b220104d04636fad4f5aae043826cb_aug_2aug119.jpg,Tomato_leaf_late_blight,Tomato_leaf_late_blight,0.9995550513267517,1,1.095712661743164,7.757918357849121,0.16142749786376953,9.017653465270996
dataset/test/Tomato_leaf_late_blight/Leaf-2Bsymptoms-2BMDA_jpg.rf.39b220104d04636fad4f5aae043826cbaug0.jpg,Tomato_leaf_late_blight,Tomato_leaf_late_blight,0.9994655251502991,1,1.0952692031860352,8.182293891906738,0.1605377197265625,9.440860748291016
dataset/test/Tomato_leaf_late_blight/Tomato-20bacterial-20canker-JPG_jpg.rf.8b568c1d5efcfdcef44c606eb076b889_aug_30aug92.jpg,Tomato_leaf_late_blight,Tomato_leaf_late_blight,0.9970871806144714,1,1.2235107421875,7.778307914733887,0.1598348617553711,9.16391372680664
dataset/test/Tomato_leaf_late_blight/Tomato-20bacterial-20canker-JPG_jpg.rf.8b568c1d5efcfdcef44c606eb076b889_aug_31aug98.jpg,Tomato_leaf_late_blight,Tomato_leaf_late_blight,0.9668743014335632,1,1.089158058166504,7.506028175354004,0.31904029846191406,8.916780471801758
dataset/test/Tomato_leaf_late_blight/Tomato-20bacterial-20canker-JPG_jpg.rf.8b568c1d5efcfdcef44c606eb076b889_aug_32aug90.jpg,Tomato_leaf_late_blight,Tomato_leaf_late_blight,0.9490767121315002,1,1.0503597259521484,7.533381462097168,0.1613330841064453,8.747854232788086
dataset/test/Tomato_leaf_late_blight/Tomato-20bacterial-20canker-JPG_jpg.rf.8b568c1d5efcfdcef44c606eb076b889aug10.jpg,Tomato_leaf_late_blight,Tomato_leaf_late_blight,0.9967034459114075,1,1.0812501907348633,7.58482551574707,0.16177940368652344,8.830317497253418
dataset/test/Tomato_leaf_late_blight/TomatoBlight-JPG_jpg.rf.234cbc5809dc7d942e46760a63e10d9f_aug_33aug88.jpg,Tomato_leaf_late_blight,Tomato_leaf_late_blight,0.9995412826538086,1,1.0994348526000977,7.56591796875,0.16170501708984375,8.829724311828613
dataset/test/Tomato_leaf_late_blight/TomatoBlight-JPG_jpg.rf.234cbc5809dc7d942e46760a63e10d9f_aug_34aug86.jpg,Tomato_leaf_late_blight,Tomato_leaf_late_blight,0.9996154308319092,1,1.1316757202148438,7.750974655151367,0.1621112823486328,9.047670364379883
dataset/test/Tomato_leaf_late_blight/TomatoBlight-JPG_jpg.rf.234cbc5809dc7d942e46760a63e10d9f_aug_35aug93.jpg,Tomato_leaf_late_blight,Tomato_leaf_late_blight,0.9959706664085388,1,1.0713253021240234,7.663881301879883,0.16137218475341797,8.899540901184082
dataset/test/Tomato_leaf_late_blight/TomatoBlight-JPG_jpg.rf.234cbc5809dc7d942e46760a63e10d9faug11.jpg,Tomato_leaf_late_blight,Tomato_leaf_late_blight,0.9934682846069336,1,1.0682687759399414,7.854365348815918,0.15250110626220703,9.077394485473633
dataset/test/Tomato_leaf_late_blight/dsc_8140cs_aug_3aug114.jpg,Tomato_leaf_late_blight,Tomato_leaf_late_blight,0.9999614953994751,1,1.0613422393798828,7.435619354248047,0.1615009307861328,8.661482810974121
dataset/test/Tomato_leaf_late_blight/dsc_8140cs_aug_4aug99.jpg,Tomato_leaf_late_blight,Tomato_leaf_late_blight,0.9783105850219727,1,1.2387876510620117,7.480841636657715,0.16274166107177734,8.884891510009766
dataset/test/Tomato_leaf_late_blight/dsc_8140cs_aug_5aug102.jpg,Tomato_leaf_late_blight,Tomato_leaf_late_blight,0.9883360266685486,1,1.0979738235473633,7.640992164611816,0.16126155853271484,8.902631759643555
dataset/test/Tomato_leaf_late_blight/dsc_8140csaug1.jpg,Tomato_leaf_late_blight,Tomato_leaf_late_blight,0.9976707100868225,1,1.072601318359375,7.682029724121094,0.16127872467041016,8.918447494506836
dataset/test/Tomato_leaf_late_blight/late_jpg.rf.f64883c6ac50eb4f477851ddc23305e8_aug_69aug47.jpg,Tomato_leaf_late_blight,Tomato_Early_blight_leaf,0.6270554661750793,0,1.1068801879882812,7.605287551879883,0.16220474243164062,8.877448081970215
dataset/test/Tomato_leaf_late_blight/late_jpg.rf.f64883c6ac50eb4f477851ddc23305e8_aug_70aug48.jpg,Tomato_leaf_late_blight,Tomato_Early_blight_leaf,0.8570488095283508,0,1.1136016845703125,7.646345138549805,0.19179916381835938,8.954244613647461
dataset/test/Tomato_leaf_late_blight/late_jpg.rf.f64883c6ac50eb4f477851ddc23305e8_aug_71aug42.jpg,Tomato_leaf_late_blight,Tomato_leaf_late_blight,0.48597845435142517,1,1.0991020202636719,7.578972816467285,0.16077899932861328,8.841279983520508
dataset/test/Tomato_leaf_late_blight/late_jpg.rf.f64883c6ac50eb4f477851ddc23305e8aug23.jpg,Tomato_leaf_late_blight,Tomato_leaf_late_blight,0.6699386239051819,1,1.1031761169433594,7.8012895584106445,0.1489086151123047,9.055559158325195
dataset/test/Tomato_leaf_late_blight/lateblightTom_lesionaug30.jpg,Tomato_leaf_late_blight,Tomato_Early_blight_leaf,0.6106414794921875,0,0.9734897613525391,7.414176940917969,0.16681575775146484,8.5573148727417
dataset/test/Tomato_leaf_late_blight/lb_leaf_lesions2x1200_jpg.rf.3a72cc9627c3ba6d79a876e19220824e_aug_81aug56.jpg,Tomato_leaf_late_blight,Tomato_leaf_late_blight,0.9999663829803467,1,1.0493793487548828,7.580622673034668,0.16207408905029297,8.7946138381958
dataset/test/Tomato_leaf_late_blight/lb_leaf_lesions2x1200_jpg.rf.3a72cc9627c3ba6d79a876e19220824e_aug_82aug62.jpg,Tomato_leaf_late_blight,Tomato_leaf_late_blight,0.9999780654907227,1,1.1033058166503906,8.602593421936035,0.1663351058959961,9.874917984008789
dataset/test/Tomato_leaf_late_blight/lb_leaf_lesions2x1200_jpg.rf.3a72cc9627c3ba6d79a876e19220824e_aug_83aug57.jpg,Tomato_leaf_late_blight,Tomato_leaf_late_blight,0.9999980926513672,1,1.0560455322265625,7.704547882080078,0.16742897033691406,8.930541038513184
dataset/test/Tomato_leaf_late_blight/lb_leaf_lesions2x1200_jpg.rf.3a72cc9627c3ba6d79a876e19220824eaug27.jpg,Tomato_leaf_late_blight,Tomato_leaf_late_blight,0.9999997615814209,1,1.0433235168457031,7.632214546203613,0.1629648208618164,8.841076850891113
dataset/test/Tomato_leaf_late_blight/p1020076cs_aug_78aug35.jpg,Tomato_leaf_late_blight,Tomato_leaf_late_blight,0.9997362494468689,1,1.076416015625,7.6342878341674805,0.20164966583251953,8.915281295776367
dataset/test/Tomato_leaf_late_blight/p1020076cs_aug_79aug59.jpg,Tomato_leaf_late_blight,Tomato_leaf_late_blight,0.9999017715454102,1,1.0378608703613281,7.668012619018555,0.17089080810546875,8.879557609558105
dataset/test/Tomato_leaf_late_blight/p1020076cs_aug_80aug55.jpg,Tomato_leaf_late_blight,Tomato_leaf_late_blight,0.9982262253761292,1,1.0236940383911133,7.5308427810668945,0.16437244415283203,8.721427917480469
dataset/test/Tomato_leaf_late_blight/p1020076csaug26.jpg,Tomato_leaf_late_blight,Tomato_leaf_late_blight,0.9994500279426575,1,1.0300273895263672,7.690585136413574,0.16337203979492188,8.886521339416504
dataset/test/Tomato_leaf_late_blight/symptoms_of_late_blight_0_jpg.rf.417903f6c86ccb4f4bcd7139e0867018_aug_75aug58.jpg,Tomato_leaf_late_blight,Tomato_leaf_late_blight,0.9997513890266418,1,1.0885820388793945,7.668473243713379,0.1600208282470703,8.919856071472168
dataset/test/Tomato_leaf_late_blight/symptoms_of_late_blight_0_jpg.rf.417903f6c86ccb4f4bcd7139e0867018_aug_76aug54.jpg,Tomato_leaf_late_blight,Tomato_leaf_late_blight,0.9998931884765625,1,1.1029729843139648,7.818586349487305,0.16318702697753906,9.087467193603516
dataset/test/Tomato_leaf_late_blight/symptoms_of_late_blight_0_jpg.rf.417903f6c86ccb4f4bcd7139e0867018_aug_77aug61.jpg,Tomato_leaf_late_blight,Tomato_leaf_late_blight,0.9999988079071045,1,1.1072864532470703,7.683585166931152,0.1677417755126953,8.961763381958008
dataset/test/Tomato_leaf_late_blight/symptoms_of_late_blight_0_jpg.rf.417903f6c86ccb4f4bcd7139e0867018aug25.jpg,Tomato_leaf_late_blight,Tomato_leaf_late_blight,0.9997978806495667,1,1.0849533081054688,7.613065719604492,0.1606302261352539,8.861724853515625
dataset/test/Tomato_leaf_late_blight/tomato-late-blight-leaf-61-3x32_aug_12aug112.jpg,Tomato_leaf_late_blight,Tomato_leaf_late_blight,0.9864418506622314,1,1.0398054122924805,7.564176559448242,0.2730579376220703,8.8804292678833
dataset/test/Tomato_leaf_late_blight/tomato-late-blight-leaf-61-3x32_aug_13aug110.jpg,Tomato_leaf_late_blight,Tomato_leaf_late_blight,0.9294793605804443,1,0.9994163513183594,7.41448974609375,0.16333484649658203,8.579574584960938
dataset/test/Tomato_leaf_late_blight/tomato-late-blight-leaf-61-3x32_aug_14aug105.jpg,Tomato_leaf_late_blight,Tomato_leaf_late_blight,0.996656060218811,1,1.0561399459838867,7.635288238525391,0.1625204086303711,8.856485366821289
dataset/test/Tomato_leaf_late_blight/tomato-late-blight-leaf-61-3x32aug4.jpg,Tomato_leaf_late_blight,Tomato_leaf_late_blight,0.9815402626991272,1,1.0214910507202148,7.71047306060791,0.16339111328125,8.897873878479004
dataset/test/Tomato_leaf_late_blight/tomato.early.blightH_aug_18aug100.jpg,Tomato_leaf_late_blight,Tomato_Septoria_leaf_spot,0.9995241165161133,0,1.1148614883422852,7.800548553466797,0.16179752349853516,9.07954216003418
dataset/test/Tomato_leaf_late_blight/tomato.early.blightH_aug_19aug107.jpg,Tomato_leaf_late_blight,Tomato_Septoria_leaf_spot,0.947088897228241,0,1.1138057708740234,7.626084327697754,0.16266727447509766,8.905003547668457
dataset/test/Tomato_leaf_late_blight/tomato.early.blightH_aug_20aug94.jpg,Tomato_leaf_late_blight,Tomato_Septoria_leaf_spot,0.9883766770362854,0,1.1713991165161133,7.6679182052612305,0.16168594360351562,9.003725051879883
dataset/test/Tomato_leaf_late_blight/tomato.early.blightHaug6.jpg,Tomato_leaf_late_blight,Tomato_Septoria_leaf_spot,0.7111701965332031,0,1.1429367065429688,7.714844703674316,0.16403865814208984,9.024653434753418
dataset/test/Tomato_leaf_yellow_curl_virus/1342017-162221-44540_jpg.rf.f68314ea4850dade3a214dec71c83715_aug_77aug56.jpg,Tomato_leaf_yellow_curl_virus,Tomato_leaf_yellow_curl_virus,0.9999984502792358,1,1.0900278091430664,7.466638565063477,0.16563129425048828,8.724742889404297
dataset/test/Tomato_leaf_yellow_curl_virus/1342017-162221-44540_jpg.rf.f68314ea4850dade3a214dec71c83715_aug_78aug81.jpg,Tomato_leaf_yellow_curl_virus,Tomato_leaf_yellow_curl_virus,0.9999996423721313,1,1.2255678176879883,7.451748847961426,0.1622600555419922,8.842151641845703
dataset/test/Tomato_leaf_yellow_curl_virus/1342017-162221-44540_jpg.rf.f68314ea4850dade3a214dec71c83715_aug_79aug60.jpg,Tomato_leaf_yellow_curl_virus,Tomato_leaf_yellow_curl_virus,0.9999963045120239,1,1.1339349746704102,7.675937652587891,0.17314910888671875,8.985577583312988
dataset/test/Tomato_leaf_yellow_curl_virus/1342017-162221-44540_jpg.rf.f68314ea4850dade3a214dec71c83715_aug_80aug64.jpg,Tomato_leaf_yellow_curl_virus,Tomato_leaf_yellow_curl_virus,1.0,1,1.1143064498901367,7.603307723999023,0.16109466552734375,8.881094932556152
dataset/test/Tomato_leaf_yellow_curl_virus/1342017-162221-44540_jpg.rf.f68314ea4850dade3a214dec71c83715_aug_81aug61.jpg,Tomato_leaf_yellow_curl_virus,Tomato_leaf_yellow_curl_virus,0.9999985694885254,1,1.1630096435546875,7.648604393005371,0.16131591796875,8.97559642791748
dataset/test/Tomato_leaf_yellow_curl_virus/1342017-162221-44540_jpg.rf.f68314ea4850dade3a214dec71c83715_aug_82aug80.jpg,Tomato_leaf_yellow_curl_virus,Tomato_leaf_yellow_curl_virus,0.9999997615814209,1,1.1135473251342773,7.604361534118652,0.16077899932861328,8.88107681274414
dataset/test/Tomato_leaf_yellow_curl_virus/1342017-162221-44540_jpg.rf.f68314ea4850dade3a214dec71c83715_aug_83aug70.jpg,Tomato_leaf_yellow_curl_virus,Tomato_leaf_yellow_curl_virus,1.0,1,1.1514177322387695,7.631159782409668,0.19418716430664062,8.979354858398438
dataset/test/Tomato_leaf_yellow_curl_virus/1342017-162221-44540_jpg.rf.f68314ea4850dade3a214dec71c83715aug11.jpg,Tomato_leaf_yellow_curl_virus,Tomato_leaf_yellow_curl_virus,0.9999942779541016,1,1.100860595703125,7.589139938354492,0.16068744659423828,8.853299140930176
dataset/test/Tomato_leaf_yellow_curl_virus/8226402877_9abf151b5b_b_jpg.rf.a2dff27e03c5ab47916df5d873c1590f_aug_70aug66.jpg,Tomato_leaf_yellow_curl_virus,Tomato_leaf_yellow_curl_virus,1.0,1,1.055842399597168,7.492547988891602,0.17238998413085938,8.723538398742676
dataset/test/Tomato_leaf_yellow_curl_virus/8226402877_9abf151b5b_b_jpg.rf.a2dff27e03c5ab47916df5d873c1590f_aug_71aug69.jpg,Tomato_leaf_yellow_curl_virus,Tomato_leaf_yellow_curl_virus,1.0,1,1.1696577072143555,7.44708251953125,0.16126060485839844,8.780632019042969
dataset/test/Tomato_leaf_yellow_curl_virus/8226402877_9abf151b5b_b_jpg.rf.a2dff27e03c5ab47916df5d873c1590f_aug_72aug73.jpg,Tomato_leaf_yellow_curl_virus,Tomato_leaf_yellow_curl_virus,0.9999872446060181,1,1.0673065185546875,7.707530975341797,0.16038990020751953,8.937744140625
dataset/test/Tomato_leaf_yellow_curl_virus/8226402877_9abf151b5b_b_jpg.rf.a2dff27e03c5ab47916df5d873c1590f_aug_73aug54.jpg,Tomato_leaf_yellow_curl_virus,Tomato_leaf_yellow_curl_virus,0.999994158744812,1,1.1109161376953125,7.715104103088379,0.16076087951660156,8.989411354064941
dataset/test/Tomato_leaf_yellow_curl_virus/8226402877_9abf151b5b_b_jpg.rf.a2dff27e03c5ab47916df5d873c1590f_aug_74aug76.jpg,Tomato_leaf_yellow_curl_virus,Tomato_leaf_yellow_curl_virus,1.0,1,1.0832691192626953,7.753085136413574,0.15642738342285156,8.995096206665039
dataset/test/Tomato_leaf_yellow_curl_virus/8226402877_9abf151b5b_b_jpg.rf.a2dff27e03c5ab47916df5d873c1590f_aug_75aug74.jpg,Tomato_leaf_yellow_curl_virus,Tomato_leaf_yellow_curl_virus,0.9999997615814209,1,1.0678415298461914,7.4428606033325195,0.1608724594116211,8.674148559570312
dataset/test/Tomato_leaf_yellow_curl_virus/8226402877_9abf151b5b_b_jpg.rf.a2dff27e03c5ab47916df5d873c1590f_aug_76aug65.jpg,Tomato_leaf_yellow_curl_virus,Tomato_leaf_yellow_curl_virus,0.9999998807907104,1,1.1885290145874023,7.747623443603516,0.16368770599365234,9.102560043334961
dataset/test/Tomato_leaf_yellow_curl_virus/8226402877_9abf151b5b_b_jpg.rf.a2dff27e03c5ab47916df5d873c1590faug10.jpg,Tomato_leaf_yellow_curl_virus,Tomato_leaf_yellow_curl_virus,0.9999998807907104,1,1.0961952209472656,7.629621505737305,0.20055770874023438,8.929096221923828
dataset/test/Tomato_leaf_yellow_curl_virus/DSC01999-JPG_jpg.rf.700fa6596ab8750ad0f1c47a0defe191_aug_84aug53.jpg,Tomato_leaf_yellow_curl_virus,Tomato_leaf_yellow_curl_virus,0.9999990463256836,1,1.1571578979492188,7.653715133666992,0.16631698608398438,8.980152130126953
dataset/test/Tomato_leaf_yellow_curl_virus/DSC01999-JPG_jpg.rf.700fa6596ab8750ad0f1c47a0defe191_aug_85aug82.jpg,Tomato_leaf_yellow_curl_virus,Tomato_leaf_yellow_curl_virus,1.0,1,1.1459903717041016,7.6342878341674805,0.16224288940429688,8.944799423217773
dataset/test/Tomato_leaf_yellow_curl_virus/DSC01999-JPG_jpg.rf.700fa6596ab8750ad0f1c47a0defe191_aug_86aug71.jpg,Tomato_leaf_yellow_curl_virus,Tomato_leaf_yellow_curl_virus,1.0,1,1.106917381286621,7.663103103637695,0.16116809844970703,8.933835983276367
dataset/test/Tomato_leaf_yellow_curl_virus/DSC01999-JPG_jpg.rf.700fa6596ab8750ad0f1c47a0defe191_aug_87aug78.jpg,Tomato_leaf_yellow_curl_virus,Tomato_leaf_yellow_curl_virus,1.0,1,1.1499366760253906,7.573121070861816,0.1600198745727539,8.885799407958984
dataset/test/Tomato_leaf_yellow_curl_virus/DSC01999-JPG_jpg.rf.700fa6596ab8750ad0f1c47a0defe191_aug_88aug51.jpg,Tomato_leaf_yellow_curl_virus,Tomato_leaf_yellow_curl_virus,0.9999996423721313,1,1.1377496719360352,7.640713691711426,0.15738964080810547,8.938207626342773
dataset/test/Tomato_leaf_yellow_curl_virus/DSC01999-JPG_jpg.rf.700fa6596ab8750ad0f1c47a0defe191_aug_89aug63.jpg,Tomato_leaf_yellow_curl_virus,Tomato_leaf_yellow_curl_virus,0.9999996423721313,1,1.1036758422851562,7.485435485839844,0.1614093780517578,8.753019332885742
dataset/test/Tomato_leaf_yellow_curl_virus/DSC01999-JPG_jpg.rf.700fa6596ab8750ad0f1c47a0defe191_aug_90aug85.jpg,Tomato_leaf_yellow_curl_virus,Tomato_leaf_yellow_curl_virus,0.9999997615814209,1,1.2448244094848633,7.607010841369629,0.16715049743652344,9.021671295166016
dataset/test/Tomato_leaf_yellow_curl_virus/DSC01999-JPG_jpg.rf.700fa6596ab8750ad0f1c47a0defe191aug12.jpg,Tomato_leaf_yellow_curl_virus,Tomato_leaf_yellow_curl_virus,1.0,1,1.0950098037719727,7.570287704467773,0.1615753173828125,8.82937240600586
dataset/test/Tomato_leaf_yellow_curl_virus/DSC01999.JPG_aug_63aug68.jpg,Tomato_leaf_yellow_curl_virus,Tomato_leaf_yellow_curl_virus,0.9999982118606567,1,1.1821012496948242,7.642380714416504,0.15814971923828125,8.985429763793945
dataset/test/Tomato_leaf_yellow_curl_virus/DSC01999.JPG_aug_64aug72.jpg,Tomato_leaf_yellow_curl_virus,Tomato_leaf_yellow_curl_virus,0.9999998807907104,1,1.1234722137451172,7.59873104095459,0.16214942932128906,8.8870210647583
dataset/test/Tomato_leaf_yellow_curl_virus/DSC01999.JPG_aug_65aug75.jpg,Tomato_leaf_yellow_curl_virus,Tomato_leaf_yellow_curl_virus,1.0,1,1.150899887084961,7.630695343017578,0.15829753875732422,8.942466735839844
dataset/test/Tomato_leaf_yellow_curl_virus/DSC01999.JPG_aug_66aug58.jpg,Tomato_leaf_yellow_curl_virus,Tomato_leaf_yellow_curl_virus,0.9999947547912598,1,1.158268928527832,7.592066764831543,0.15987110137939453,8.912652015686035
dataset/test/Tomato_leaf_yellow_curl_virus/DSC01999.JPG_aug_67aug83.jpg,Tomato_leaf_yellow_curl_virus,Tomato_leaf_yellow_curl_virus,0.9999998807907104,1,1.1435842514038086,7.608381271362305,0.18885421752929688,8.94361400604248
dataset/test/Tomato_leaf_yellow_curl_virus/DSC01999.JPG_aug_68aug79.jpg,Tomato_leaf_yellow_curl_virus,Tomato_leaf_yellow_curl_virus,0.9999964237213135,1,1.144434928894043,8.279385566711426,0.1467599868774414,9.572879791259766
dataset/test/Tomato_leaf_yellow_curl_virus/DSC01999.JPG_aug_69aug62.jpg,Tomato_leaf_yellow_curl_virus,Tomato_leaf_yellow_curl_virus,0.9999997615814209,1,1.0737495422363281,7.516267776489258,0.16479778289794922,8.757613182067871
dataset/test/Tomato_leaf_yellow_curl_virus/DSC01999.JPGaug9.jpg,Tomato_leaf_yellow_curl_virus,Tomato_leaf_yellow_curl_virus,0.9999973773956299,1,1.2734928131103516,7.427159309387207,0.1615753173828125,8.865020751953125
dataset/test/Tomato_leaf_yellow_curl_virus/IMG_20251102_155103aug15.jpg,Tomato_leaf_yellow_curl_virus,Tomato_leaf_late_blight,0.35563263297080994,0,1.0815458297729492,7.6869916915893555,0.16198253631591797,8.933595657348633
dataset/test/Tomato_leaf_yellow_curl_virus/IMG_20251102_160455_aug_42aug104.jpg,Tomato_leaf_yellow_curl_virus,Tomato_leaf_yellow_curl_virus,0.9743311405181885,1,1.0662126541137695,7.602547645568848,0.16640949249267578,8.83803939819336
dataset/test/Tomato_leaf_yellow_curl_virus/IMG_20251102_160455_aug_43aug111.jpg,Tomato_leaf_yellow_curl_virus,Tomato_leaf_yellow_curl_virus,0.6657220125198364,1,1.0467491149902344,7.6628265380859375,0.1667613983154297,8.878705978393555
dataset/test/Tomato_leaf_yellow_curl_virus/IMG_20251102_160455_aug_44aug112.jpg,Tomato_leaf_yellow_curl_virus,Tomato_Early_blight_leaf,0.3928720951080322,0,1.0501394271850586,7.623787879943848,0.16127872467041016,8.837614059448242
dataset/test/Tomato_leaf_yellow_curl_virus/IMG_20251102_160455_aug_45aug108.jpg,Tomato_leaf_yellow_curl_virus,Tomato_Early_blight_leaf,0.45859265327453613,0,1.048269271850586,7.667900085449219,0.158538818359375,8.876910209655762
dataset/test/Tomato_leaf_yellow_curl_virus/IMG_20251102_160455_aug_46aug110.jpg,Tomato_leaf_yellow_curl_virus,Tomato_leaf_yellow_curl_virus,0.5373234748840332,1,1.082472801208496,7.515935897827148,0.16038990020751953,8.761670112609863
dataset/test/Tomato_leaf_yellow_curl_virus/IMG_20251102_160455_aug_47aug98.jpg,Tomato_leaf_yellow_curl_virus,Tomato_Early_blight_leaf,0.40060922503471375,0,1.148787498474121,7.490548133850098,0.16189002990722656,8.803576469421387
dataset/test/Tomato_leaf_yellow_curl_virus/IMG_20251102_160455_aug_48aug105.jpg,Tomato_leaf_yellow_curl_virus,Tomato_Healthy_leaf,0.3858487010002136,0,1.0539722442626953,7.630270004272461,0.16081619262695312,8.847482681274414
dataset/test/Tomato_leaf_yellow_curl_virus/IMG_20251102_160455aug6.jpg,Tomato_leaf_yellow_curl_virus,Tomato_leaf_yellow_curl_virus,0.5365999341011047,1,1.051009178161621,7.688881874084473,0.16822433471679688,8.910577774047852
dataset/test/Tomato_leaf_yellow_curl_virus/IMG_20251102_160553_aug_35aug49.jpg,Tomato_leaf_yellow_curl_virus,Tomato_leaf_yellow_curl_virus,0.8526371121406555,1,1.1686773300170898,7.5496015548706055,0.20150089263916016,8.922504425048828
dataset/test/Tomato_leaf_yellow_curl_virus/IMG_20251102_160553_aug_36aug113.jpg,Tomato_leaf_yellow_curl_virus,Tomato_leaf_yellow_curl_virus,0.9163340926170349,1,1.1324920654296875,7.624342918395996,0.1552419662475586,8.914928436279297
dataset/test/Tomato_leaf_yellow_curl_virus/IMG_20251102_160553_aug_37aug114.jpg,Tomato_leaf_yellow_curl_virus,Tomato_leaf_yellow_curl_virus,0.7605440020561218,1,1.076157569885254,7.464119911193848,0.16083526611328125,8.703685760498047
dataset/test/Tomato_leaf_yellow_curl_virus/IMG_20251102_160553_aug_38aug101.jpg,Tomato_leaf_yellow_curl_virus,Tomato_leaf_yellow_curl_virus,0.9863742589950562,1,1.2003250122070312,7.561899185180664,0.16100025177001953,8.926041603088379
dataset/test/Tomato_leaf_yellow_curl_virus/IMG_20251102_160553_aug_39aug118.jpg,Tomato_leaf_yellow_curl_virus,Tomato_leaf_yellow_curl_virus,0.8907395005226135,1,1.080286979675293,7.569084167480469,0.15909385681152344,8.811614036560059
dataset/test/Tomato_leaf_yellow_curl_virus/IMG_20251102_160553_aug_40aug19.jpg,Tomato_leaf_yellow_curl_virus,Tomato_Early_blight_leaf,0.821323037147522,0,1.1369915008544922,7.644195556640625,0.1617603302001953,8.945670127868652
dataset/test/Tomato_leaf_yellow_curl_virus/IMG_20251102_160553_aug_41aug119.jpg,Tomato_leaf_yellow_curl_virus,Tomato_leaf_yellow_curl_virus,0.573961079120636,1,1.095139503479004,7.649381637573242,0.16794586181640625,8.91531753540039
dataset/test/Tomato_leaf_yellow_curl_virus/IMG_20251102_160553aug5.jpg,Tomato_leaf_yellow_curl_virus,Tomato_leaf_yellow_curl_virus,0.9016777873039246,1,1.1352510452270508,7.657382011413574,0.16240978240966797,8.957743644714355
dataset/test/Tomato_leaf_yellow_curl_virus/TYLCV-tomate-DB-445-171_jpg.rf.9d70326900dd981ab5d49063b0d644f0_aug_21aug41.jpg,Tomato_leaf_yellow_curl_virus,Tomato_leaf_yellow_curl_virus,0.9999947547912598,1,1.122380256652832,7.681419372558594,0.1606121063232422,8.966763496398926
dataset/test/Tomato_leaf_yellow_curl_virus/TYLCV-tomate-DB-445-171_jpg.rf.9d70326900dd981ab5d49063b0d644f0_aug_22aug30.jpg,Tomato_leaf_yellow_curl_virus,Tomato_leaf_yellow_curl_virus,0.9999983310699463,1,1.0973615646362305,7.607008934020996,0.17072391510009766,8.877761840820312
dataset/test/Tomato_leaf_yellow_curl_virus/TYLCV-tomate-DB-445-171_jpg.rf.9d70326900dd981ab5d49063b0d644f0_aug_23aug42.jpg,Tomato_leaf_yellow_curl_virus,Tomato_leaf_yellow_curl_virus,0.9999459981918335,1,1.0442686080932617,7.463268280029297,0.1651315689086914,8.675296783447266
dataset/test/Tomato_leaf_yellow_curl_virus/TYLCV-tomate-DB-445-171_jpg.rf.9d70326900dd981ab5d49063b0d644f0_aug_24aug45.jpg,Tomato_leaf_yellow_curl_virus,Tomato_leaf_yellow_curl_virus,0.9999960660934448,1,1.178269386291504,7.531730651855469,0.16155624389648438,8.873744010925293
dataset/test/Tomato_leaf_yellow_curl_virus/TYLCV-tomate-DB-445-171_jpg.rf.9d70326900dd981ab5d49063b0d644f0_aug_25aug20.jpg,Tomato_leaf_yellow_curl_virus,Tomato_leaf_yellow_curl_virus,0.9999970197677612,1,1.0867137908935547,7.606899261474609,0.16324138641357422,8.859317779541016
dataset/test/Tomato_leaf_yellow_curl_virus/TYLCV-tomate-DB-445-171_jpg.rf.9d70326900dd981ab5d49063b0d644f0_aug_26aug18.jpg,Tomato_leaf_yellow_curl_virus,Tomato_leaf_yellow_curl_virus,0.9999992847442627,1,1.0948801040649414,7.6224365234375,0.16120529174804688,8.88133716583252
dataset/test/Tomato_leaf_yellow_curl_virus/TYLCV-tomate-DB-445-171_jpg.rf.9d70326900dd981ab5d49063b0d644f0_aug_27aug29.jpg,Tomato_leaf_yellow_curl_virus,Tomato_leaf_yellow_curl_virus,1.0,1,1.111027717590332,7.663677215576172,0.16794490814208984,8.94565200805664
dataset/test/Tomato_leaf_yellow_curl_virus/TYLCV-tomate-DB-445-171_jpg.rf.9d70326900dd981ab5d49063b0d644f0aug3.jpg,Tomato_leaf_yellow_curl_virus,Tomato_leaf_yellow_curl_virus,0.9999992847442627,1,1.0949726104736328,7.628011703491211,0.16744613647460938,8.893595695495605
dataset/test/Tomato_leaf_yellow_curl_virus/TYLCV4_jpg.rf.2e4accea501a220be9dc475dd1ca3121_aug_10aug22.jpg,Tomato_leaf_yellow_curl_virus,Tomato_leaf_yellow_curl_virus,1.0,1,1.0799541473388672,7.651029586791992,0.15848255157470703,8.891873359680176
dataset/test/Tomato_leaf_yellow_curl_virus/TYLCV4_jpg.rf.2e4accea501a220be9dc475dd1ca3121_aug_11aug44.jpg,Tomato_leaf_yellow_curl_virus,Tomato_leaf_yellow_curl_virus,0.9999997615814209,1,1.0684537887573242,7.452954292297363,0.16048240661621094,8.684798240661621
dataset/test/Tomato_leaf_yellow_curl_virus/TYLCV4_jpg.rf.2e4accea501a220be9dc475dd1ca3121_aug_12aug39.jpg,Tomato_leaf_yellow_curl_virus,Tomato_leaf_yellow_curl_virus,1.0,1,1.2212505340576172,7.43121337890625,0.1594085693359375,8.814149856567383
dataset/test/Tomato_leaf_yellow_curl_virus/TYLCV4_jpg.rf.2e4accea501a220be9dc475dd1ca3121_aug_13aug35.jpg,Tomato_leaf_yellow_curl_virus,Tomato_leaf_yellow_curl_virus,1.0,1,1.0993614196777344,7.697491645812988,0.16118621826171875,8.960558891296387
dataset/test/Tomato_leaf_yellow_curl_virus/TYLCV4_jpg.rf.2e4accea501a220be9dc475dd1ca3121_aug_7aug40.jpg,Tomato_leaf_yellow_curl_virus,Tomato_leaf_yellow_curl_virus,1.0,1,1.0766935348510742,7.628324508666992,0.16320419311523438,8.870855331420898
dataset/test/Tomato_leaf_yellow_curl_virus/TYLCV4_jpg.rf.2e4accea501a220be9dc475dd1ca3121_aug_8aug33.jpg,Tomato_leaf_yellow_curl_virus,Tomato_leaf_yellow_curl_virus,1.0,1,1.0740833282470703,7.666916847229004,0.1595010757446289,8.902928352355957
dataset/test/Tomato_leaf_yellow_curl_virus/TYLCV4_jpg.rf.2e4accea501a220be9dc475dd1ca3121_aug_9aug48.jpg,Tomato_leaf_yellow_curl_virus,Tomato_leaf_yellow_curl_virus,1.0,1,1.0838432312011719,7.9593095779418945,0.16726112365722656,9.213024139404297
dataset/test/Tomato_leaf_yellow_curl_virus/TYLCV4_jpg.rf.2e4accea501a220be9dc475dd1ca3121aug1.jpg,Tomato_leaf_yellow_curl_virus,Tomato_leaf_yellow_curl_virus,1.0,1,1.1845474243164062,7.695140838623047,0.14577960968017578,9.027652740478516
dataset/test/Tomato_leaf_yellow_curl_virus/art_15017325188173_a24a66_aug_14aug36.jpg,Tomato_leaf_yellow_curl_virus,Tomato_leaf_yellow_curl_virus,1.0,1,1.0751209259033203,7.519583702087402,0.16239070892333984,8.759908676147461
dataset/test/Tomato_leaf_yellow_curl_virus/art_15017325188173_a24a66_aug_15aug23.jpg,Tomato_leaf_yellow_curl_virus,Tomato_leaf_yellow_curl_virus,1.0,1,1.1429738998413086,8.904373168945312,0.1645956039428711,10.214606285095215
dataset/test/Tomato_leaf_yellow_curl_virus/art_15017325188173_a24a66_aug_16aug34.jpg,Tomato_leaf_yellow_curl_virus,Tomato_leaf_yellow_curl_virus,1.0,1,1.2548818588256836,7.54421329498291,0.16255664825439453,8.964188575744629
dataset/test/Tomato_leaf_yellow_curl_virus/art_15017325188173_a24a66_aug_17aug43.jpg,Tomato_leaf_yellow_curl_virus,Tomato_leaf_yellow_curl_virus,1.0,1,1.1170463562011719,9.165746688842773,0.1602783203125,10.445886611938477
dataset/test/Tomato_leaf_yellow_curl_virus/art_15017325188173_a24a66_aug_18aug47.jpg,Tomato_leaf_yellow_curl_virus,Tomato_leaf_yellow_curl_virus,0.9999997615814209,1,1.3648262023925781,21.04690456390381,0.16987228393554688,22.584880828857422
dataset/test/Tomato_leaf_yellow_curl_virus/art_15017325188173_a24a66_aug_19aug25.jpg,Tomato_leaf_yellow_curl_virus,Tomato_leaf_yellow_curl_virus,1.0,1,1.3047523498535156,8.06540298461914,0.16535377502441406,9.538212776184082
dataset/test/Tomato_leaf_yellow_curl_virus/art_15017325188173_a24a66_aug_20aug46.jpg,Tomato_leaf_yellow_curl_virus,Tomato_leaf_yellow_curl_virus,1.0,1,1.1661958694458008,7.695918083190918,0.16387081146240234,9.028614044189453
dataset/test/Tomato_leaf_yellow_curl_virus/art_15017325188173_a24a66aug2.jpg,Tomato_leaf_yellow_curl_virus,Tomato_leaf_yellow_curl_virus,1.0,1,1.1247320175170898,7.716880798339844,0.1686115264892578,9.012800216674805
dataset/test/Tomato_leaf_yellow_curl_virus/psyllid-yellows_jpg.rf.1d99aab2f43a840be530ce313eb0c0fd_aug_56aug57.jpg,Tomato_leaf_yellow_curl_virus,Tomato_leaf_yellow_curl_virus,0.9999984502792358,1,1.1020097732543945,7.706955909729004,0.16203784942626953,8.97330093383789
dataset/test/Tomato_leaf_yellow_curl_virus/psyllid-yellows_jpg.rf.1d99aab2f43a840be530ce313eb0c0fd_aug_57aug84.jpg,Tomato_leaf_yellow_curl_virus,Tomato_leaf_yellow_curl_virus,1.0,1,1.097306251525879,7.923069000244141,0.15979766845703125,9.182950973510742
dataset/test/Tomato_leaf_yellow_curl_virus/psyllid-yellows_jpg.rf.1d99aab2f43a840be530ce313eb0c0fd_aug_58aug52.jpg,Tomato_leaf_yellow_curl_virus,Tomato_leaf_yellow_curl_virus,1.0,1,1.1391582489013672,7.6946210861206055,0.16966724395751953,9.006095886230469
dataset/test/Tomato_leaf_yellow_curl_virus/psyllid-yellows_jpg.rf.1d99aab2f43a840be530ce313eb0c0fd_aug_59aug77.jpg,Tomato_leaf_yellow_curl_virus,Tomato_leaf_yellow_curl_virus,0.9999990463256836,1,1.1028423309326172,7.519510269165039,0.16501903533935547,8.790114402770996
dataset/test/Tomato_leaf_yellow_curl_virus/psyllid-yellows_jpg.rf.1d99aab2f43a840be530ce313eb0c0fd_aug_60aug86.jpg,Tomato_leaf_yellow_curl_virus,Tomato_leaf_yellow_curl_virus,1.0,1,1.2275476455688477,7.452841758728027,0.16092681884765625,8.843947410583496
dataset/test/Tomato_leaf_yellow_curl_virus/psyllid-yellows_jpg.rf.1d99aab2f43a840be530ce313eb0c0fd_aug_61aug59.jpg,Tomato_leaf_yellow_curl_virus,Tomato_leaf_yellow_curl_virus,1.0,1,1.0937871932983398,7.956476211547852,0.1608905792236328,9.213988304138184
dataset/test/Tomato_leaf_yellow_curl_virus/psyllid-yellows_jpg.rf.1d99aab2f43a840be530ce313eb0c0fd_aug_62aug67.jpg,Tomato_leaf_yellow_curl_virus,Tomato_leaf_yellow_curl_virus,0.9999998807907104,1,1.1280288696289062,7.637417793273926,0.16135311126708984,8.929391860961914
dataset/test/Tomato_leaf_yellow_curl_virus/psyllid-yellows_jpg.rf.1d99aab2f43a840be530ce313eb0c0fdaug8.jpg,Tomato_leaf_yellow_curl_virus,Tomato_leaf_yellow_curl_virus,0.9999979734420776,1,1.0853242874145508,7.696695327758789,0.15985393524169922,8.944244384765625
dataset/test/Tomato_leaf_yellow_curl_virus/tj5itxzunn3k_jpg.rf.4aeda27b2535578e718fe6279491d0d4_aug_49aug102.jpg,Tomato_leaf_yellow_curl_virus,Tomato_leaf_yellow_curl_virus,0.9999237060546875,1,1.0387134552001953,7.820919036865234,0.15881633758544922,9.021169662475586
dataset/test/Tomato_leaf_yellow_curl_virus/tj5itxzunn3k_jpg.rf.4aeda27b2535578e718fe6279491d0d4_aug_50aug109.jpg,Tomato_leaf_yellow_curl_virus,Tomato_leaf_yellow_curl_virus,0.999991774559021,1,1.025620460510254,7.451750755310059,0.1598520278930664,8.639686584472656
dataset/test/Tomato_leaf_yellow_curl_virus/tj5itxzunn3k_jpg.rf.4aeda27b2535578e718fe6279491d0d4_aug_51aug99.jpg,Tomato_leaf_yellow_curl_virus,Tomato_leaf_yellow_curl_virus,0.9999611377716064,1,1.176009178161621,7.393379211425781,0.16439151763916016,8.736482620239258
dataset/test/Tomato_leaf_yellow_curl_virus/tj5itxzunn3k_jpg.rf.4aeda27b2535578e718fe6279491d0d4_aug_52aug103.jpg,Tomato_leaf_yellow_curl_virus,Tomato_leaf_yellow_curl_virus,0.9999325275421143,1,1.1047124862670898,7.61204719543457,0.16142845153808594,8.880891799926758
dataset/test/Tomato_leaf_yellow_curl_virus/tj5itxzunn3k_jpg.rf.4aeda27b2535578e718fe6279491d0d4_aug_53aug100.jpg,Tomato_leaf_yellow_curl_virus,Tomato_leaf_yellow_curl_virus,0.9999998807907104,1,1.0330829620361328,7.602639198303223,0.16266822814941406,8.800928115844727
dataset/test/Tomato_leaf_yellow_curl_virus/tj5itxzunn3k_jpg.rf.4aeda27b2535578e718fe6279491d0d4_aug_54aug106.jpg,Tomato_leaf_yellow_curl_virus,Tomato_leaf_yellow_curl_virus,0.9999966621398926,1,1.040360450744629,7.726103782653809,0.16026020050048828,8.92935562133789
dataset/test/Tomato_leaf_yellow_curl_virus/tj5itxzunn3k_jpg.rf.4aeda27b2535578e718fe6279491d0d4_aug_55aug107.jpg,Tomato_leaf_yellow_curl_virus,Tomato_leaf_yellow_curl_virus,0.9999916553497314,1,1.0328235626220703,7.67558479309082,0.16301918029785156,8.874095916748047
dataset/test/Tomato_leaf_yellow_curl_virus/tj5itxzunn3k_jpg.rf.4aeda27b2535578e718fe6279491d0d4aug7.jpg,Tomato_leaf_yellow_curl_virus,Tomato_leaf_yellow_curl_virus,0.99994957447052,1,1.0751371383666992,7.7870683670043945,0.16042709350585938,9.02517032623291
dataset/test/Tomato_leaf_yellow_curl_virus/tomato-yellow-closeup-3_aug_28aug16.jpg,Tomato_leaf_yellow_curl_virus,Tomato_leaf_yellow_curl_virus,0.6618008017539978,1,1.0882692337036133,7.5942888259887695,0.15185165405273438,8.836761474609375
dataset/test/Tomato_leaf_yellow_curl_virus/tomato-yellow-closeup-3_aug_29aug27.jpg,Tomato_leaf_yellow_curl_virus,Tomato_leaf_yellow_curl_virus,0.9084048271179199,1,1.0753412246704102,7.471990585327148,0.16683483123779297,8.717000961303711
dataset/test/Tomato_leaf_yellow_curl_virus/tomato-yellow-closeup-3_aug_30aug117.jpg,Tomato_leaf_yellow_curl_virus,Tomato_leaf_yellow_curl_virus,0.8719699382781982,1,1.205881118774414,7.495028495788574,0.16127872467041016,8.864798545837402
dataset/test/Tomato_leaf_yellow_curl_virus/tomato-yellow-closeup-3_aug_31aug31.jpg,Tomato_leaf_yellow_curl_virus,Tomato_leaf_yellow_curl_virus,0.6955990791320801,1,1.8975343704223633,7.718862533569336,0.16215133666992188,9.781492233276367
dataset/test/Tomato_leaf_yellow_curl_virus/tomato-yellow-closeup-3_aug_32aug115.jpg,Tomato_leaf_yellow_curl_virus,Tomato_leaf_yellow_curl_virus,0.9870007038116455,1,1.102583885192871,7.618307113647461,0.16309452056884766,8.886817932128906
dataset/test/Tomato_leaf_yellow_curl_virus/tomato-yellow-closeup-3_aug_33aug116.jpg,Tomato_leaf_yellow_curl_virus,Tomato_leaf_yellow_curl_virus,0.9977599382400513,1,1.089472770690918,7.759807586669922,0.16137123107910156,9.013243675231934
dataset/test/Tomato_leaf_yellow_curl_virus/tomato-yellow-closeup-3_aug_34aug26.jpg,Tomato_leaf_yellow_curl_virus,Tomato_leaf_yellow_curl_virus,0.9563794732093811,1,1.095602035522461,7.657418251037598,0.16388988494873047,8.919594764709473
dataset/test/Tomato_leaf_yellow_curl_virus/tomato-yellow-closeup-3aug4.jpg,Tomato_leaf_yellow_curl_virus,Tomato_leaf_yellow_curl_virus,0.9466695189476013,1,1.131582260131836,7.669158935546875,0.16100025177001953,8.964597702026367
dataset/test/Tomato_leaf_yellow_curl_virus/tomato-yellow-leaf-curl-virus-tomato-1_aug_100aug92.jpg,Tomato_leaf_yellow_curl_virus,Tomato_leaf_yellow_curl_virus,0.9999990463256836,1,1.112065315246582,7.879197120666504,0.15963077545166016,9.15328311920166
dataset/test/Tomato_leaf_yellow_curl_virus/tomato-yellow-leaf-curl-virus-tomato-1_aug_101aug95.jpg,Tomato_leaf_yellow_curl_virus,Tomato_leaf_yellow_curl_virus,0.999923825263977,1,1.093954086303711,7.637139320373535,0.27352142333984375,9.007429122924805
dataset/test/Tomato_leaf_yellow_curl_virus/tomato-yellow-leaf-curl-virus-tomato-1_aug_102aug88.jpg,Tomato_leaf_yellow_curl_virus,Tomato_leaf_yellow_curl_virus,0.9999998807907104,1,1.0524892807006836,7.601584434509277,0.1594076156616211,8.816614151000977
dataset/test/Tomato_leaf_yellow_curl_virus/tomato-yellow-leaf-curl-virus-tomato-1_aug_103aug93.jpg,Tomato_leaf_yellow_curl_virus,Tomato_leaf_yellow_curl_virus,0.9999061822891235,1,1.1491022109985352,14.423384666442871,0.16242694854736328,15.737395286560059
dataset/test/Tomato_leaf_yellow_curl_virus/tomato-yellow-leaf-curl-virus-tomato-1_aug_98aug91.jpg,Tomato_leaf_yellow_curl_virus,Tomato_leaf_yellow_curl_virus,0.9996274709701538,1,1.182917594909668,11.011983871459961,0.16448307037353516,12.376829147338867
dataset/test/Tomato_leaf_yellow_curl_virus/tomato-yellow-leaf-curl-virus-tomato-1_aug_99aug90.jpg,Tomato_leaf_yellow_curl_virus,Tomato_leaf_yellow_curl_virus,0.9999994039535522,1,1.1743440628051758,7.804753303527832,0.16239166259765625,9.144245147705078
dataset/test/Tomato_leaf_yellow_curl_virus/tomato-yellow-leaf-curl-virus-tomato-1aug14.jpg,Tomato_leaf_yellow_curl_virus,Tomato_leaf_yellow_curl_virus,0.9999988079071045,1,1.0934524536132812,7.690252304077148,0.1589832305908203,8.945651054382324
dataset/test/Tomato_leaf_yellow_curl_virus/tomatoyellowleafcurlcropped_aug_91aug55.jpg,Tomato_leaf_yellow_curl_virus,Tomato_leaf_yellow_curl_virus,1.0,1,1.0729713439941406,27.358960151672363,0.20626163482666016,28.64113712310791
dataset/test/Tomato_leaf_yellow_curl_virus/tomatoyellowleafcurlcropped_aug_92aug89.jpg,Tomato_leaf_yellow_curl_virus,Tomato_leaf_yellow_curl_virus,1.0,1,1.7091264724731445,11.200319290161133,0.1660747528076172,13.078743934631348
dataset/test/Tomato_leaf_yellow_curl_virus/tomatoyellowleafcurlcropped_aug_93aug97.jpg,Tomato_leaf_yellow_curl_virus,Tomato_leaf_yellow_curl_virus,1.0,1,1.1493616104125977,10.284812927246094,0.16492748260498047,11.602136611938477
dataset/test/Tomato_leaf_yellow_curl_virus/tomatoyellowleafcurlcropped_aug_94aug50.jpg,Tomato_leaf_yellow_curl_virus,Tomato_leaf_yellow_curl_virus,0.9999988079071045,1,1.1506767272949219,7.600584030151367,0.16359424591064453,8.9179105758667
dataset/test/Tomato_leaf_yellow_curl_virus/tomatoyellowleafcurlcropped_aug_95aug87.jpg,Tomato_leaf_yellow_curl_virus,Tomato_leaf_yellow_curl_virus,1.0,1,1.194474220275879,7.7459564208984375,0.1593341827392578,9.102486610412598
dataset/test/Tomato_leaf_yellow_curl_virus/tomatoyellowleafcurlcropped_aug_96aug96.jpg,Tomato_leaf_yellow_curl_virus,Tomato_leaf_yellow_curl_virus,1.0,1,1.0755653381347656,7.581972122192383,0.16629791259765625,8.826539039611816
dataset/test/Tomato_leaf_yellow_curl_virus/tomatoyellowleafcurlcropped_aug_97aug94.jpg,Tomato_leaf_yellow_curl_virus,Tomato_leaf_yellow_curl_virus,1.0,1,1.1937332153320312,7.750955581665039,0.16207504272460938,9.109264373779297
dataset/test/Tomato_leaf_yellow_curl_virus/tomatoyellowleafcurlcroppedaug13.jpg,Tomato_leaf_yellow_curl_virus,Tomato_leaf_yellow_curl_virus,1.0,1,1.078120231628418,7.6242876052856445,0.16205787658691406,8.86722469329834
dataset/test/Tomato_leaf_yellow_curl_virus/virus1_aug_0aug37.jpg,Tomato_leaf_yellow_curl_virus,Tomato_leaf_yellow_curl_virus,0.9999984502792358,1,1.1225290298461914,7.679492950439453,0.1610393524169922,8.9657621383667
dataset/test/Tomato_leaf_yellow_curl_virus/virus1_aug_1aug21.jpg,Tomato_leaf_yellow_curl_virus,Tomato_leaf_yellow_curl_virus,0.9999867677688599,1,1.0557689666748047,7.661769866943359,0.1637420654296875,8.884057998657227
dataset/test/Tomato_leaf_yellow_curl_virus/virus1_aug_2aug24.jpg,Tomato_leaf_yellow_curl_virus,Tomato_leaf_yellow_curl_virus,0.999996542930603,1,1.0564899444580078,7.700492858886719,0.16135311126708984,8.921226501464844
dataset/test/Tomato_leaf_yellow_curl_virus/virus1_aug_3aug17.jpg,Tomato_leaf_yellow_curl_virus,Tomato_leaf_yellow_curl_virus,0.9999974966049194,1,1.060805320739746,7.615825653076172,0.16153717041015625,8.840705871582031
dataset/test/Tomato_leaf_yellow_curl_virus/virus1_aug_4aug28.jpg,Tomato_leaf_yellow_curl_virus,Tomato_leaf_yellow_curl_virus,0.9999899864196777,1,1.0910825729370117,7.717881202697754,0.1671133041381836,8.97904109954834
dataset/test/Tomato_leaf_yellow_curl_virus/virus1_aug_5aug32.jpg,Tomato_leaf_yellow_curl_virus,Tomato_leaf_yellow_curl_virus,0.9999974966049194,1,1.0617313385009766,7.505527496337891,0.17313098907470703,8.744038581848145
dataset/test/Tomato_leaf_yellow_curl_virus/virus1_aug_6aug38.jpg,Tomato_leaf_yellow_curl_virus,Tomato_leaf_yellow_curl_virus,0.9997708201408386,1,1.172621726989746,7.488101959228516,0.16268634796142578,8.825855255126953
dataset/test/Tomato_leaf_yellow_curl_virus/virus1aug0.jpg,Tomato_leaf_yellow_curl_virus,Tomato_leaf_yellow_curl_virus,0.9999970197677612,1,1.0606765747070312,7.614546775817871,0.16181564331054688,8.839557647705078
dataset/test/Tomato_mold_leaf/IMG-20240724-WA0020_aug_68aug87.jpg,Tomato_mold_leaf,Tomato_mold_leaf,0.723122239112854,1,1.099527359008789,7.785122871398926,0.1621685028076172,9.04952335357666
dataset/test/Tomato_mold_leaf/IMG-20240724-WA0020_aug_69aug97.jpg,Tomato_mold_leaf,Tomato_leaf_yellow_curl_virus,0.7537782788276672,0,1.1262874603271484,7.628362655639648,0.16231727600097656,8.91972541809082
dataset/test/Tomato_mold_leaf/IMG-20240724-WA0020_aug_70aug82.jpg,Tomato_mold_leaf,Tomato_mold_leaf,0.9073767066001892,1,1.1019535064697266,7.661102294921875,0.16102027893066406,8.92739200592041
dataset/test/Tomato_mold_leaf/IMG-20240724-WA0020_aug_71aug98.jpg,Tomato_mold_leaf,Tomato_mold_leaf,0.8712286949157715,1,1.0969352722167969,7.58543586730957,0.1608905792236328,8.845890998840332
dataset/test/Tomato_mold_leaf/IMG-20240724-WA0020aug17.jpg,Tomato_mold_leaf,Tomato_mold_leaf,0.4998183846473694,1,1.1002874374389648,7.635750770568848,0.16074180603027344,8.899910926818848
dataset/test/Tomato_mold_leaf/IMG-20240724-WA0044_aug_10aug44.jpg,Tomato_mold_leaf,Tomato_mold_leaf,0.7615031003952026,1,1.1089906692504883,7.442601203918457,0.16090869903564453,8.7153902053833
dataset/test/Tomato_mold_leaf/IMG-20240724-WA0044_aug_11aug49.jpg,Tomato_mold_leaf,Tomato_mold_leaf,0.8198721408843994,1,1.2001028060913086,7.482806205749512,0.1589651107788086,8.844576835632324
dataset/test/Tomato_mold_leaf/IMG-20240724-WA0044_aug_8aug35.jpg,Tomato_mold_leaf,Tomato_mold_leaf,0.849875271320343,1,1.0956401824951172,7.650140762329102,0.16266822814941406,8.91120719909668
dataset/test/Tomato_mold_leaf/IMG-20240724-WA0044_aug_9aug41.jpg,Tomato_mold_leaf,Tomato_mold_leaf,0.9636126160621643,1,1.0928974151611328,7.643159866333008,0.16240882873535156,8.900928497314453
dataset/test/Tomato_mold_leaf/IMG-20240724-WA0044aug2.jpg,Tomato_mold_leaf,Tomato_mold_leaf,0.9762320518493652,1,1.1123056411743164,7.568675994873047,0.1603536605834961,8.84448528289795
dataset/test/Tomato_mold_leaf/IMG-20240724-WA0055_aug_28aug27.jpg,Tomato_mold_leaf,Tomato_mold_leaf,0.9758725166320801,1,1.109583854675293,8.055328369140625,0.15111160278320312,9.318562507629395
dataset/test/Tomato_mold_leaf/IMG-20240724-WA0055_aug_29aug28.jpg,Tomato_mold_leaf,Tomato_mold_leaf,0.9152722954750061,1,1.0596942901611328,7.4669904708862305,0.16163063049316406,8.69118595123291
dataset/test/Tomato_mold_leaf/IMG-20240724-WA0055_aug_30aug43.jpg,Tomato_mold_leaf,Tomato_mold_leaf,0.9992597699165344,1,1.1968803405761719,7.569195747375488,0.16250133514404297,8.931133270263672
dataset/test/Tomato_mold_leaf/IMG-20240724-WA0055_aug_31aug50.jpg,Tomato_mold_leaf,Tomato_mold_leaf,0.9995278120040894,1,1.0805654525756836,7.659066200256348,0.16751956939697266,8.909947395324707
dataset/test/Tomato_mold_leaf/IMG-20240724-WA0055aug7.jpg,Tomato_mold_leaf,Tomato_mold_leaf,0.9996356964111328,1,1.126657485961914,7.627901077270508,0.16135215759277344,8.91868782043457
dataset/test/Tomato_mold_leaf/IMG-20240724-WA0065_aug_80aug69.jpg,Tomato_mold_leaf,Tomato_mold_leaf,0.9999998807907104,1,1.129323959350586,7.638140678405762,0.16007614135742188,8.93004035949707
dataset/test/Tomato_mold_leaf/IMG-20240724-WA0065_aug_81aug70.jpg,Tomato_mold_leaf,Tomato_mold_leaf,0.9999796152114868,1,1.116231918334961,7.666418075561523,0.16159439086914062,8.947076797485352
dataset/test/Tomato_mold_leaf/IMG-20240724-WA0065_aug_82aug66.jpg,Tomato_mold_leaf,Tomato_mold_leaf,0.9993975162506104,1,1.1049728393554688,7.700826644897461,0.16089153289794922,8.969819068908691
dataset/test/Tomato_mold_leaf/IMG-20240724-WA0065_aug_83aug65.jpg,Tomato_mold_leaf,Tomato_mold_leaf,0.9999089241027832,1,1.136770248413086,7.752067565917969,0.15077877044677734,9.042430877685547
dataset/test/Tomato_mold_leaf/IMG-20240724-WA0065aug20.jpg,Tomato_mold_leaf,Tomato_mold_leaf,0.9990629553794861,1,1.0733423233032227,7.49006462097168,0.17029857635498047,8.736871719360352
dataset/test/Tomato_mold_leaf/IMG-20240725-WA0031_aug_0aug46.jpg,Tomato_mold_leaf,Tomato_mold_leaf,0.953843355178833,1,1.1441030502319336,7.505082130432129,0.16016769409179688,8.812150955200195
dataset/test/Tomato_mold_leaf/IMG-20240725-WA0031_aug_1aug47.jpg,Tomato_mold_leaf,Tomato_mold_leaf,0.9969063401222229,1,1.0471363067626953,7.649325370788574,0.1684284210205078,8.867891311645508
dataset/test/Tomato_mold_leaf/IMG-20240725-WA0031_aug_2aug37.jpg,Tomato_mold_leaf,Tomato_mold_leaf,0.953843355178833,1,1.0833415985107422,7.754345893859863,0.16302013397216797,9.003133773803711
dataset/test/Tomato_mold_leaf/IMG-20240725-WA0031_aug_3aug45.jpg,Tomato_mold_leaf,Tomato_mold_leaf,0.9881365299224854,1,1.0700092315673828,7.672455787658691,0.15972232818603516,8.90461540222168
dataset/test/Tomato_mold_leaf/IMG-20240725-WA0031aug0.jpg,Tomato_mold_leaf,Tomato_Early_blight_leaf,0.9490594267845154,0,1.0505285263061523,7.658733367919922,0.16020488739013672,8.872096061706543
dataset/test/Tomato_mold_leaf/IMG-20240725-WA0039_aug_72aug79.jpg,Tomato_mold_leaf,Tomato_mold_leaf,0.9999909400939941,1,1.0589351654052734,7.586214065551758,0.16172313690185547,8.809853553771973
dataset/test/Tomato_mold_leaf/IMG-20240725-WA0039_aug_73aug95.jpg,Tomato_mold_leaf,Tomato_mold_leaf,0.9999996423721313,1,1.0468778610229492,7.466954231262207,0.16039180755615234,8.677167892456055
dataset/test/Tomato_mold_leaf/IMG-20240725-WA0039_aug_74aug71.jpg,Tomato_mold_leaf,Tomato_mold_leaf,0.999988317489624,1,1.1770668029785156,7.422990798950195,0.1944103240966797,8.797019958496094
dataset/test/Tomato_mold_leaf/IMG-20240725-WA0039_aug_75aug80.jpg,Tomato_mold_leaf,Tomato_mold_leaf,0.9999822378158569,1,1.0529346466064453,7.642992973327637,0.15885353088378906,8.85787296295166
dataset/test/Tomato_mold_leaf/IMG-20240725-WA0039aug18.jpg,Tomato_mold_leaf,Tomato_mold_leaf,0.9999959468841553,1,1.0545644760131836,7.775844573974609,0.15961170196533203,8.992670059204102
dataset/test/Tomato_mold_leaf/IMG-20240727-WA0038_aug_40aug105.jpg,Tomato_mold_leaf,Tomato_mold_leaf,0.9995038509368896,1,1.0665092468261719,7.694474220275879,0.16325950622558594,8.927726745605469
dataset/test/Tomato_mold_leaf/IMG-20240727-WA0038_aug_41aug106.jpg,Tomato_mold_leaf,Tomato_mold_leaf,0.9981600642204285,1,1.065842628479004,7.608399391174316,0.1607227325439453,8.837984085083008
dataset/test/Tomato_mold_leaf/IMG-20240727-WA0038_aug_42aug116.jpg,Tomato_mold_leaf,Tomato_mold_leaf,0.9999959468841553,1,1.0916566848754883,7.4359540939331055,0.161834716796875,8.69211196899414
dataset/test/Tomato_mold_leaf/IMG-20240727-WA0038_aug_43aug110.jpg,Tomato_mold_leaf,Tomato_mold_leaf,0.9998651742935181,1,1.1798429489135742,7.46012020111084,0.1597614288330078,8.802947044372559
dataset/test/Tomato_mold_leaf/IMG-20240727-WA0038aug10.jpg,Tomato_mold_leaf,Tomato_mold_leaf,0.999997615814209,1,1.0449352264404297,7.611048698425293,0.1606121063232422,8.819207191467285
dataset/test/Tomato_mold_leaf/IMG-20240727-WA0040_aug_56aug92.jpg,Tomato_mold_leaf,Tomato_mold_leaf,0.9999977350234985,1,1.0496196746826172,7.659306526184082,0.16159343719482422,8.873335838317871
dataset/test/Tomato_mold_leaf/IMG-20240727-WA0040_aug_57aug83.jpg,Tomato_mold_leaf,Tomato_mold_leaf,0.9999672174453735,1,1.0660285949707031,7.604140281677246,0.15826129913330078,8.831595420837402
dataset/test/Tomato_mold_leaf/IMG-20240727-WA0040_aug_58aug77.jpg,Tomato_mold_leaf,Tomato_mold_leaf,0.9999212026596069,1,1.0959548950195312,7.624955177307129,0.1621866226196289,8.885781288146973
dataset/test/Tomato_mold_leaf/IMG-20240727-WA0040_aug_59aug94.jpg,Tomato_mold_leaf,Tomato_mold_leaf,0.9999970197677612,1,1.0687503814697266,7.743399620056152,0.15988922119140625,8.974614143371582
dataset/test/Tomato_mold_leaf/IMG-20240727-WA0040aug14.jpg,Tomato_mold_leaf,Tomato_mold_leaf,0.9999980926513672,1,1.056046485900879,7.66373348236084,0.15633487701416016,8.878705978393555
dataset/test/Tomato_mold_leaf/IMG-20240727-WA0124_aug_20aug54.jpg,Tomato_mold_leaf,Tomato_mold_leaf,0.9999374151229858,1,1.0502691268920898,7.478639602661133,0.16026020050048828,8.691815376281738
dataset/test/Tomato_mold_leaf/IMG-20240727-WA0124_aug_21aug38.jpg,Tomato_mold_leaf,Tomato_mold_leaf,0.9586279392242432,1,1.1963815689086914,7.462398529052734,0.2040395736694336,8.865317344665527
dataset/test/Tomato_mold_leaf/IMG-20240727-WA0124_aug_22aug31.jpg,Tomato_mold_leaf,Tomato_mold_leaf,0.978908896446228,1,1.0639715194702148,7.599454879760742,0.16133403778076172,8.827446937561035
dataset/test/Tomato_mold_leaf/IMG-20240727-WA0124_aug_23aug55.jpg,Tomato_mold_leaf,Tomato_mold_leaf,0.9994648098945618,1,1.0750093460083008,7.608029365539551,0.1607227325439453,8.846317291259766
dataset/test/Tomato_mold_leaf/IMG-20240727-WA0124aug5.jpg,Tomato_mold_leaf,Tomato_mold_leaf,0.9999293088912964,1,1.054490089416504,7.77278995513916,0.16679763793945312,8.996966361999512
dataset/test/Tomato_mold_leaf/IMG-20240727-WA0153_aug_92aug58.jpg,Tomato_mold_leaf,Tomato_mold_leaf,1.0,1,1.0720653533935547,7.6313066482543945,0.16238975524902344,8.868705749511719
dataset/test/Tomato_mold_leaf/IMG-20240727-WA0153_aug_93aug60.jpg,Tomato_mold_leaf,Tomato_mold_leaf,1.0,1,1.1076011657714844,7.8099565505981445,0.15900135040283203,9.079523086547852
dataset/test/Tomato_mold_leaf/IMG-20240727-WA0153aug23.jpg,Tomato_mold_leaf,Tomato_mold_leaf,1.0,1,1.0455083847045898,7.463287353515625,0.1585378646850586,8.670001029968262
dataset/test/Tomato_mold_leaf/IMG-20240727-WA0165aug25.jpg,Tomato_mold_leaf,Tomato_mold_leaf,0.9999997615814209,1,1.0502681732177734,7.660677909851074,0.1599264144897461,8.873595237731934
dataset/test/Tomato_mold_leaf/IMG-20240728-WA0028_aug_64aug91.jpg,Tomato_mold_leaf,Tomato_mold_leaf,0.9999995231628418,1,1.0478410720825195,7.579195976257324,0.16024303436279297,8.78972339630127
dataset/test/Tomato_mold_leaf/IMG-20240728-WA0028_aug_65aug86.jpg,Tomato_mold_leaf,Tomato_mold_leaf,0.9999986886978149,1,1.117527961730957,8.142069816589355,0.16518592834472656,9.427599906921387
dataset/test/Tomato_mold_leaf/IMG-20240728-WA0028_aug_66aug78.jpg,Tomato_mold_leaf,Tomato_mold_leaf,0.9999994039535522,1,1.0406007766723633,7.604658126831055,0.16328048706054688,8.811409950256348
dataset/test/Tomato_mold_leaf/IMG-20240728-WA0028_aug_67aug99.jpg,Tomato_mold_leaf,Tomato_mold_leaf,0.9999998807907104,1,1.0516576766967773,8.626908302307129,0.16240882873535156,9.843326568603516
dataset/test/Tomato_mold_leaf/IMG-20240728-WA0028aug16.jpg,Tomato_mold_leaf,Tomato_mold_leaf,0.9999994039535522,1,1.0666208267211914,7.701845169067383,0.1861133575439453,8.957540512084961
dataset/test/Tomato_mold_leaf/IMG-20240728-WA0068_aug_12aug29.jpg,Tomato_mold_leaf,Tomato_mold_leaf,0.9999998807907104,1,1.0510835647583008,14.03432559967041,0.18820476531982422,15.276281356811523
dataset/test/Tomato_mold_leaf/IMG-20240728-WA0068_aug_13aug30.jpg,Tomato_mold_leaf,Tomato_mold_leaf,0.9999959468841553,1,1.538680076599121,20.75255012512207,0.16527938842773438,22.45923137664795
dataset/test/Tomato_mold_leaf/IMG-20240728-WA0068_aug_14aug56.jpg,Tomato_mold_leaf,Tomato_mold_leaf,0.9999998807907104,1,1.0633249282836914,7.680844306945801,0.1606311798095703,8.907373428344727
dataset/test/Tomato_mold_leaf/IMG-20240728-WA0068_aug_15aug42.jpg,Tomato_mold_leaf,Tomato_mold_leaf,0.9999996423721313,1,1.0540275573730469,7.956345558166504,0.195556640625,9.209358215332031
dataset/test/Tomato_mold_leaf/IMG-20240728-WA0068aug3.jpg,Tomato_mold_leaf,Tomato_mold_leaf,0.9999903440475464,1,1.0603055953979492,7.803530693054199,0.16290950775146484,9.02942943572998
dataset/test/Tomato_mold_leaf/IMG-20240728-WA0074_aug_44aug102.jpg,Tomato_mold_leaf,Tomato_mold_leaf,0.999640703201294,1,1.0693235397338867,7.897605895996094,0.1600942611694336,9.129875183105469
dataset/test/Tomato_mold_leaf/IMG-20240728-WA0074_aug_45aug75.jpg,Tomato_mold_leaf,Tomato_mold_leaf,0.999799907207489,1,1.0671195983886719,7.9105682373046875,0.15461349487304688,9.134987831115723
dataset/test/Tomato_mold_leaf/IMG-20240728-WA0074_aug_46aug89.jpg,Tomato_mold_leaf,Tomato_mold_leaf,0.9999538660049438,1,1.082047462463379,7.444972038269043,0.2026691436767578,8.732743263244629
dataset/test/Tomato_mold_leaf/IMG-20240728-WA0074_aug_47aug111.jpg,Tomato_mold_leaf,Tomato_mold_leaf,0.9998495578765869,1,1.1792888641357422,7.487546920776367,0.1629657745361328,8.832706451416016
dataset/test/Tomato_mold_leaf/IMG-20240728-WA0074aug11.jpg,Tomato_mold_leaf,Tomato_mold_leaf,0.9998942613601685,1,1.068434715270996,7.6026411056518555,0.16011333465576172,8.834095001220703
dataset/test/Tomato_mold_leaf/IMG-20240728-WA0075aug24.jpg,Tomato_mold_leaf,Tomato_mold_leaf,0.9997517466545105,1,1.1476211547851562,7.936994552612305,0.16103839874267578,9.248321533203125
dataset/test/Tomato_mold_leaf/IMG-20240728-WA0087_aug_32aug113.jpg,Tomato_mold_leaf,Tomato_mold_leaf,0.977188229560852,1,1.1282691955566406,7.588473320007324,0.1621685028076172,8.881133079528809
dataset/test/Tomato_mold_leaf/IMG-20240728-WA0087_aug_33aug112.jpg,Tomato_mold_leaf,Tomato_mold_leaf,0.9968094229698181,1,1.119694709777832,7.726103782653809,0.1605205535888672,9.008967399597168
dataset/test/Tomato_mold_leaf/IMG-20240728-WA0087_aug_34aug104.jpg,Tomato_mold_leaf,Tomato_mold_leaf,0.9986390471458435,1,1.1052312850952148,7.833437919616699,0.16163063049316406,9.103468894958496
dataset/test/Tomato_mold_leaf/IMG-20240728-WA0087_aug_35aug100.jpg,Tomato_mold_leaf,Tomato_mold_leaf,0.9992291927337646,1,1.0774345397949219,7.664492607116699,0.15363025665283203,8.898114204406738
dataset/test/Tomato_mold_leaf/IMG-20240728-WA0087aug8.jpg,Tomato_mold_leaf,Tomato_mold_leaf,0.9999127388000488,1,1.0915098190307617,7.426268577575684,0.1606311798095703,8.680852890014648
dataset/test/Tomato_mold_leaf/IMG-20240728-WA0093_aug_76aug90.jpg,Tomato_mold_leaf,Tomato_mold_leaf,0.9999966621398926,1,1.1554546356201172,7.475602149963379,0.1606311798095703,8.794169425964355
dataset/test/Tomato_mold_leaf/IMG-20240728-WA0093_aug_77aug68.jpg,Tomato_mold_leaf,Tomato_mold_leaf,0.9999998807907104,1,1.0285272598266602,7.649454116821289,0.15790939331054688,8.838483810424805
dataset/test/Tomato_mold_leaf/IMG-20240728-WA0093_aug_78aug93.jpg,Tomato_mold_leaf,Tomato_mold_leaf,0.9999992847442627,1,1.031285285949707,7.7189741134643555,0.16024112701416016,8.913169860839844
dataset/test/Tomato_mold_leaf/IMG-20240728-WA0093_aug_79aug64.jpg,Tomato_mold_leaf,Tomato_mold_leaf,0.9999998807907104,1,1.032322883605957,7.6255292892456055,0.15900039672851562,8.819374084472656
dataset/test/Tomato_mold_leaf/IMG-20240728-WA0093aug19.jpg,Tomato_mold_leaf,Tomato_mold_leaf,0.9999997615814209,1,1.0689525604248047,7.744696617126465,0.32918739318847656,9.14557933807373
dataset/test/Tomato_mold_leaf/IMG-20240728-WA0101_aug_84aug73.jpg,Tomato_mold_leaf,Tomato_mold_leaf,0.9999356269836426,1,1.0340843200683594,7.475323677062988,0.16127967834472656,8.672945022583008
dataset/test/Tomato_mold_leaf/IMG-20240728-WA0101_aug_85aug72.jpg,Tomato_mold_leaf,Tomato_mold_leaf,0.9999942779541016,1,1.0723981857299805,7.621954917907715,0.1622791290283203,8.859297752380371
dataset/test/Tomato_mold_leaf/IMG-20240728-WA0101_aug_86aug67.jpg,Tomato_mold_leaf,Tomato_mold_leaf,0.9999951124191284,1,1.0723066329956055,8.405795097351074,0.1652231216430664,9.645380020141602
dataset/test/Tomato_mold_leaf/IMG-20240728-WA0101_aug_87aug74.jpg,Tomato_mold_leaf,Tomato_mold_leaf,0.999990701675415,1,1.1396398544311523,7.742048263549805,0.1602611541748047,9.04504108428955
dataset/test/Tomato_mold_leaf/IMG-20240728-WA0101aug21.jpg,Tomato_mold_leaf,Tomato_mold_leaf,0.9999696016311646,1,1.08221435546875,7.609251022338867,0.16300106048583984,8.856688499450684
dataset/test/Tomato_mold_leaf/IMG-20240728-WA0103_aug_48aug107.jpg,Tomato_mold_leaf,Tomato_mold_leaf,0.9999682903289795,1,1.0805654525756836,7.63436222076416,0.16742706298828125,8.884687423706055
dataset/test/Tomato_mold_leaf/IMG-20240728-WA0103_aug_49aug76.jpg,Tomato_mold_leaf,Tomato_mold_leaf,0.9999970197677612,1,1.0861759185791016,7.597751617431641,0.16081619262695312,8.847501754760742
dataset/test/Tomato_mold_leaf/IMG-20240728-WA0103_aug_50aug114.jpg,Tomato_mold_leaf,Tomato_mold_leaf,0.999997615814209,1,1.1129913330078125,7.620491981506348,0.14990806579589844,8.885392189025879
dataset/test/Tomato_mold_leaf/IMG-20240728-WA0103_aug_51aug84.jpg,Tomato_mold_leaf,Tomato_mold_leaf,0.9999964237213135,1,1.08837890625,7.432211875915527,0.1622791290283203,8.685260772705078
dataset/test/Tomato_mold_leaf/IMG-20240728-WA0103aug12.jpg,Tomato_mold_leaf,Tomato_mold_leaf,0.9999960660934448,1,1.1310100555419922,7.821124076843262,0.1625385284423828,9.117134094238281
dataset/test/Tomato_mold_leaf/IMG-20240812-WA0183_aug_88aug59.jpg,Tomato_mold_leaf,Tomato_Early_blight_leaf,0.5201712846755981,0,1.1046390533447266,7.645788192749023,0.16340923309326172,8.916706085205078
dataset/test/Tomato_mold_leaf/IMG-20240812-WA0183_aug_89aug61.jpg,Tomato_mold_leaf,Tomato_Early_blight_leaf,0.9642673134803772,0,1.0600090026855469,7.634455680847168,0.16102027893066406,8.858464241027832
dataset/test/Tomato_mold_leaf/IMG-20240812-WA0183_aug_90aug63.jpg,Tomato_mold_leaf,Tomato_Early_blight_leaf,0.7300728559494019,0,1.0911216735839844,7.825383186340332,0.16326045989990234,9.082392692565918
dataset/test/Tomato_mold_leaf/IMG-20240812-WA0183_aug_91aug62.jpg,Tomato_mold_leaf,Tomato_Early_blight_leaf,0.441376656293869,0,1.0591764450073242,7.545749664306641,0.16081523895263672,8.768353462219238
dataset/test/Tomato_mold_leaf/IMG-20240812-WA0183aug22.jpg,Tomato_mold_leaf,Tomato_Early_blight_leaf,0.5305521488189697,0,1.1551389694213867,7.598435401916504,0.1605205535888672,8.916763305664062
dataset/test/Tomato_mold_leaf/IMG_20251102_155435_aug_24aug39.jpg,Tomato_mold_leaf,Tomato_Early_blight_leaf,0.997914731502533,0,1.0408973693847656,7.477897644042969,0.3157625198364258,8.83724308013916
dataset/test/Tomato_mold_leaf/IMG_20251102_155435_aug_25aug51.jpg,Tomato_mold_leaf,Tomato_Early_blight_leaf,0.9922758936882019,0,1.0410652160644531,7.374637603759766,0.16039180755615234,8.578592300415039
dataset/test/Tomato_mold_leaf/IMG_20251102_155435_aug_26aug26.jpg,Tomato_mold_leaf,Tomato_Early_blight_leaf,0.9991315007209778,0,1.1100473403930664,7.690049171447754,0.1610565185546875,8.964038848876953
dataset/test/Tomato_mold_leaf/IMG_20251102_155435_aug_27aug52.jpg,Tomato_mold_leaf,Tomato_Early_blight_leaf,0.9859859943389893,0,1.0457134246826172,7.642363548278809,0.16092777252197266,8.851743698120117
dataset/test/Tomato_mold_leaf/IMG_20251102_155435aug6.jpg,Tomato_mold_leaf,Tomato_Early_blight_leaf,0.998412013053894,0,1.0467872619628906,7.652935981750488,0.16705703735351562,8.869873046875
dataset/test/Tomato_mold_leaf/Leaf+mold+tomato+_25283_2529.JPG_aug_36aug118.jpg,Tomato_mold_leaf,Tomato_Healthy_leaf,0.3787488639354706,0,1.1133613586425781,7.678048133850098,0.16007423400878906,8.954151153564453
dataset/test/Tomato_mold_leaf/Leaf+mold+tomato+_25283_2529.JPG_aug_37aug117.jpg,Tomato_mold_leaf,Tomato_Early_blight_leaf,0.890277087688446,0,1.1195087432861328,7.62247371673584,0.16133499145507812,8.905742645263672
dataset/test/Tomato_mold_leaf/Leaf+mold+tomato+_25283_2529.JPG_aug_38aug119.jpg,Tomato_mold_leaf,Tomato_Healthy_leaf,0.601262629032135,0,1.1103429794311523,7.455971717834473,0.1595935821533203,8.728353500366211
dataset/test/Tomato_mold_leaf/Leaf+mold+tomato+_25283_2529.JPG_aug_39aug103.jpg,Tomato_mold_leaf,Tomato_Healthy_leaf,0.4582900106906891,0,1.1111392974853516,7.624083518981934,0.1620016098022461,8.899503707885742
dataset/test/Tomato_mold_leaf/Leaf+mold+tomato+_25283_2529.JPGaug9.jpg,Tomato_mold_leaf,Tomato_Healthy_leaf,0.7436201572418213,0,1.0824174880981445,7.581028938293457,0.16213130950927734,8.828224182128906
dataset/test/Tomato_mold_leaf/Leaf-mold-caused-by-the-fungal-pathogen-Passalore-fulva-in-tomatoes_aug_16aug33.jpg,Tomato_mold_leaf,Tomato_Septoria_leaf_spot,0.45210501551628113,0,1.042860984802246,7.739289283752441,0.1620941162109375,8.947541236877441
dataset/test/Tomato_mold_leaf/Leaf-mold-caused-by-the-fungal-pathogen-Passalore-fulva-in-tomatoes_aug_17aug57.jpg,Tomato_mold_leaf,Tomato_Early_blight_leaf,0.7783523201942444,0,1.0840272903442383,7.608770370483398,0.15913105010986328,8.854928016662598
dataset/test/Tomato_mold_leaf/Leaf-mold-caused-by-the-fungal-pathogen-Passalore-fulva-in-tomatoes_aug_18aug32.jpg,Tomato_mold_leaf,Tomato_Septoria_leaf_spot,0.6212374567985535,0,1.0471200942993164,7.6771955490112305,0.15439128875732422,8.88098430633545
dataset/test/Tomato_mold_leaf/Leaf-mold-caused-by-the-fungal-pathogen-Passalore-fulva-in-tomatoes_aug_19aug53.jpg,Tomato_mold_leaf,Tomato_Septoria_leaf_spot,0.6290025115013123,0,1.0197868347167969,7.445804595947266,0.16150188446044922,8.629834175109863
dataset/test/Tomato_mold_leaf/Leaf-mold-caused-by-the-fungal-pathogen-Passalore-fulva-in-tomatoesaug4.jpg,Tomato_mold_leaf,Tomato_Septoria_leaf_spot,0.4442919194698334,0,1.158879280090332,7.609602928161621,0.15996360778808594,8.93140983581543
dataset/test/Tomato_mold_leaf/leaf_mold_nightshade2x500_aug_60aug81.jpg,Tomato_mold_leaf,Tomato_mold_leaf,0.9998108744621277,1,1.0911760330200195,7.603583335876465,0.2035198211669922,8.900965690612793
dataset/test/Tomato_mold_leaf/leaf_mold_nightshade2x500_aug_61aug96.jpg,Tomato_mold_leaf,Tomato_mold_leaf,0.9998250603675842,1,1.038712501525879,7.689343452453613,0.1607227325439453,8.89154052734375
dataset/test/Tomato_mold_leaf/leaf_mold_nightshade2x500_aug_62aug85.jpg,Tomato_mold_leaf,Tomato_mold_leaf,0.9991388320922852,1,1.048619270324707,7.812475204467773,0.16242599487304688,9.026041984558105
dataset/test/Tomato_mold_leaf/leaf_mold_nightshade2x500_aug_63aug88.jpg,Tomato_mold_leaf,Tomato_mold_leaf,0.9997524619102478,1,1.0962696075439453,7.611213684082031,0.16066741943359375,8.870502471923828
dataset/test/Tomato_mold_leaf/leaf_mold_nightshade2x500aug15.jpg,Tomato_mold_leaf,Tomato_mold_leaf,0.9789790511131287,1,1.0764532089233398,7.569917678833008,0.16024208068847656,8.809372901916504
dataset/test/Tomato_mold_leaf/leaf_mold_tomato5x1200_jpg.rf.0a5ee47c78e753f9580bfb7744438ebf_aug_52aug101.jpg,Tomato_mold_leaf,Tomato_mold_leaf,1.0,1,1.104414939880371,7.84295654296875,0.15077781677246094,9.100375175476074
dataset/test/Tomato_mold_leaf/leaf_mold_tomato5x1200_jpg.rf.0a5ee47c78e753f9580bfb7744438ebf_aug_53aug108.jpg,Tomato_mold_leaf,Tomato_mold_leaf,1.0,1,1.0463237762451172,7.6915483474731445,0.16116809844970703,8.90153980255127
dataset/test/Tomato_mold_leaf/leaf_mold_tomato5x1200_jpg.rf.0a5ee47c78e753f9580bfb7744438ebf_aug_54aug115.jpg,Tomato_mold_leaf,Tomato_mold_leaf,1.0,1,1.190805435180664,7.661290168762207,0.15850162506103516,9.013115882873535
dataset/test/Tomato_mold_leaf/leaf_mold_tomato5x1200_jpg.rf.0a5ee47c78e753f9580bfb7744438ebf_aug_55aug109.jpg,Tomato_mold_leaf,Tomato_mold_leaf,0.9999986886978149,1,1.0821571350097656,7.5699357986450195,0.16411209106445312,8.818632125854492
dataset/test/Tomato_mold_leaf/leaf_mold_tomato5x1200_jpg.rf.0a5ee47c78e753f9580bfb7744438ebfaug13.jpg,Tomato_mold_leaf,Tomato_mold_leaf,0.9999998807907104,1,1.0956201553344727,7.622770309448242,0.16263103485107422,8.883466720581055
dataset/test/Tomato_mold_leaf/tomato_leaf-mold_04_zoom_aug_4aug36.jpg,Tomato_mold_leaf,Tomato_leaf_late_blight,0.969853937625885,0,1.0880279541015625,7.703604698181152,0.16135406494140625,8.955689430236816
dataset/test/Tomato_mold_leaf/tomato_leaf-mold_04_zoom_aug_5aug48.jpg,Tomato_mold_leaf,Tomato_leaf_late_blight,0.9900546073913574,0,1.0962495803833008,7.635287284851074,0.16811275482177734,8.902558326721191
dataset/test/Tomato_mold_leaf/tomato_leaf-mold_04_zoom_aug_6aug40.jpg,Tomato_mold_leaf,Tomato_leaf_late_blight,0.9980205297470093,0,1.0782127380371094,7.610992431640625,0.15996360778808594,8.85189151763916
dataset/test/Tomato_mold_leaf/tomato_leaf-mold_04_zoom_aug_7aug34.jpg,Tomato_mold_leaf,Tomato_leaf_late_blight,0.9985867738723755,0,1.1266212463378906,7.578418731689453,0.16353702545166016,8.871003150939941
dataset/test/Tomato_mold_leaf/tomato_leaf-mold_04_zoomaug1.jpg,Tomato_mold_leaf,Tomato_leaf_late_blight,0.9938849806785583,0,1.0329713821411133,7.402064323425293,0.1739654541015625,8.612056732177734
