image_path,true_class,predicted_class,confidence,correct,preprocess_ms,inference_ms,postprocess_ms,total_pipeline_ms
dataset/test/Tomato_Early_blight_leaf/100_46341_aug_5aug62.jpg,Tomato_Early_blight_leaf,Tomato_Early_blight_leaf,0.9877871870994568,1,1.1514701843261719,7.728721618652344,0.2540006637573242,9.13860034942627
dataset/test/Tomato_Early_blight_leaf/100_46341_aug_6aug64.jpg,Tomato_Early_blight_leaf,Tomato_Septoria_leaf_spot,0.6291688680648804,0,1.098099708557129,7.67410945892334,0.19933509826660156,8.974394798278809
dataset/test/Tomato_Early_blight_leaf/100_46341_aug_7aug57.jpg,Tomato_Early_blight_leaf,Tomato_Septoria_leaf_spot,0.6291688680648804,0,1.089766502380371,7.705573081970215,0.9583024978637695,9.7567720413208
dataset/test/Tomato_Early_blight_leaf/100_46341_aug_8aug66.jpg,Tomato_Early_blight_leaf,Tomato_Early_blight_leaf,0.9523513913154602,1,1.2015094757080078,7.907036781311035,0.1887054443359375,9.3006591796875
dataset/test/Tomato_Early_blight_leaf/100_46341_aug_9aug65.jpg,Tomato_Early_blight_leaf,Tomato_Early_blight_leaf,0.9819774031639099,1,1.1553211212158203,7.894796371459961,0.1901111602783203,9.24271297454834
dataset/test/Tomato_Early_blight_leaf/100_46341aug1.jpg,Tomato_Early_blight_leaf,Tomato_Early_blight_leaf,0.9953975081443787,1,1.1668787002563477,7.6564788818359375,0.3300943374633789,9.156063079833984
dataset/test/Tomato_Early_blight_leaf/1723454500663_aug_20aug39.jpg,Tomato_Early_blight_leaf,Tomato_Early_blight_leaf,0.9999618530273438,1,1.0764894485473633,7.72564697265625,0.17677879333496094,8.981414794921875
dataset/test/Tomato_Early_blight_leaf/1723454500663_aug_21aug35.jpg,Tomato_Early_blight_leaf,Tomato_Early_blight_leaf,0.9999998807907104,1,1.1896753311157227,7.8029985427856445,0.19222354888916016,9.18773078918457
dataset/test/Tomato_Early_blight_leaf/1723454500663_aug_22aug51.jpg,Tomato_Early_blight_leaf,Tomato_Early_blight_leaf,0.9932314157485962,1,1.0819149017333984,7.925741195678711,0.16511249542236328,9.175564765930176
dataset/test/Tomato_Early_blight_leaf/1723454500663_aug_23aug33.jpg,Tomato_Early_blight_leaf,Tomato_Early_blight_leaf,0.9999618530273438,1,1.0812664031982422,7.846517562866211,0.1646862030029297,9.094990730285645
dataset/test/Tomato_Early_blight_leaf/1723454500663_aug_24aug50.jpg,Tomato_Early_blight_leaf,Tomato_Early_blight_leaf,0.9999921321868896,1,1.1146183013916016,7.908295631408691,0.16263103485107422,9.188600540161133
dataset/test/Tomato_Early_blight_leaf/1723454500663aug4.jpg,Tomato_Early_blight_leaf,Tomato_Early_blight_leaf,0.9999232292175293,1,1.0840826034545898,7.98076057434082,0.1659097671508789,9.233509063720703
dataset/test/Tomato_Early_blight_leaf/1723454507240aug20.jpg,Tomato_Early_blight_leaf,Tomato_leaf_late_blight,0.5498755574226379,0,1.0902118682861328,7.839000701904297,0.16337013244628906,9.095212936401367
dataset/test/Tomato_Early_blight_leaf/EB_(981)_aug_65aug107.jpg,Tomato_Early_blight_leaf,Tomato_Early_blight_leaf,1.0,1,1.149064064025879,7.886462211608887,0.1611499786376953,9.199472427368164
dataset/test/Tomato_Early_blight_leaf/EB_(981)_aug_66aug102.jpg,Tomato_Early_blight_leaf,Tomato_Early_blight_leaf,1.0,1,1.123581886291504,7.9616851806640625,0.15907573699951172,9.246638298034668
dataset/test/Tomato_Early_blight_leaf/EB_(981)_aug_67aug101.jpg,Tomato_Early_blight_leaf,Tomato_Early_blight_leaf,0.9999943971633911,1,1.1053600311279297,7.7661285400390625,0.1655750274658203,9.040101051330566
dataset/test/Tomato_Early_blight_leaf/EB_(981)_aug_68aug95.jpg,Tomato_Early_blight_leaf,Tomato_Early_blight_leaf,1.0,1,1.263916015625,7.819425582885742,0.20018577575683594,9.286046981811523
dataset/test/Tomato_Early_blight_leaf/EB_(981)_aug_69aug97.jpg,Tomato_Early_blight_leaf,Tomato_Early_blight_leaf,0.9999368190765381,1,1.146378517150879,8.114667892456055,0.16413116455078125,9.42780590057373
dataset/test/Tomato_Early_blight_leaf/EB_(981)aug13.jpg,Tomato_Early_blight_leaf,Tomato_Early_blight_leaf,1.0,1,1.1187858581542969,8.190872192382812,0.16952037811279297,9.481678009033203
dataset/test/Tomato_Early_blight_leaf/Early-blight-660x440_aug_0aug61.jpg,Tomato_Early_blight_leaf,Tomato_Early_blight_leaf,0.9999994039535522,1,1.1517305374145508,7.992963790893555,0.17374134063720703,9.321972846984863
dataset/test/Tomato_Early_blight_leaf/Early-blight-660x440_aug_1aug59.jpg,Tomato_Early_blight_leaf,Tomato_Early_blight_leaf,0.9999992847442627,1,1.1072664260864258,8.031797409057617,0.16438961029052734,9.306232452392578
dataset/test/Tomato_Early_blight_leaf/Early-blight-660x440_aug_2aug63.jpg,Tomato_Early_blight_leaf,Tomato_Early_blight_leaf,0.9999978542327881,1,1.1096000671386719,8.076260566711426,0.16472244262695312,9.353583335876465
dataset/test/Tomato_Early_blight_leaf/Early-blight-660x440_aug_3aug60.jpg,Tomato_Early_blight_leaf,Tomato_Early_blight_leaf,0.9999992847442627,1,1.1424331665039062,8.089927673339844,0.16996383666992188,9.405472755432129
dataset/test/Tomato_Early_blight_leaf/Early-blight-660x440_aug_4aug58.jpg,Tomato_Early_blight_leaf,Tomato_Early_blight_leaf,0.9999971389770508,1,1.1103219985961914,7.98470401763916,0.1705188751220703,9.268303871154785
dataset/test/Tomato_Early_blight_leaf/Early-blight-660x440aug0.jpg,Tomato_Early_blight_leaf,Tomato_Early_blight_leaf,0.9999994039535522,1,1.1115083694458008,8.299224853515625,0.16585254669189453,9.579325675964355
dataset/test/Tomato_Early_blight_leaf/Gls42_change_180_aug_70aug100.jpg,Tomato_Early_blight_leaf,Tomato_Early_blight_leaf,0.9999791383743286,1,1.3018054962158203,8.001501083374023,0.16507625579833984,9.471268653869629
dataset/test/Tomato_Early_blight_leaf/Gls42_change_180_aug_71aug109.jpg,Tomato_Early_blight_leaf,Tomato_Early_blight_leaf,0.9999991655349731,1,1.0863971710205078,8.02729606628418,0.15616798400878906,9.273138999938965
dataset/test/Tomato_Early_blight_leaf/Gls42_change_180_aug_72aug104.jpg,Tomato_Early_blight_leaf,Tomato_Early_blight_leaf,1.0,1,1.057525634765625,8.02131462097168,0.18277931213378906,9.264324188232422
dataset/test/Tomato_Early_blight_leaf/Gls42_change_180_aug_73aug94.jpg,Tomato_Early_blight_leaf,Tomato_Early_blight_leaf,0.9999991655349731,1,1.2128591537475586,7.860184669494629,0.16727924346923828,9.243268966674805
dataset/test/Tomato_Early_blight_leaf/Gls42_change_180_aug_74aug108.jpg,Tomato_Early_blight_leaf,Tomato_Early_blight_leaf,0.9999979734420776,1,1.0699138641357422,7.950166702270508,0.1638345718383789,9.186582565307617
dataset/test/Tomato_Early_blight_leaf/Gls42_change_180aug14.jpg,Tomato_Early_blight_leaf,Tomato_Early_blight_leaf,1.0,1,1.0741376876831055,8.029834747314453,0.16788959503173828,9.274787902832031
dataset/test/Tomato_Early_blight_leaf/Gls4_mirror_aug_60aug93.jpg,Tomato_Early_blight_leaf,Tomato_Early_blight_leaf,0.9999998807907104,1,1.0922489166259766,8.011130332946777,0.16566848754882812,9.27173137664795
dataset/test/Tomato_Early_blight_leaf/Gls4_mirror_aug_61aug98.jpg,Tomato_Early_blight_leaf,Tomato_Early_blight_leaf,0.9999998807907104,1,1.054229736328125,8.058333396911621,0.1641674041748047,9.279953956604004
dataset/test/Tomato_Early_blight_leaf/Gls4_mirror_aug_62aug91.jpg,Tomato_Early_blight_leaf,Tomato_Early_blight_leaf,1.0,1,1.0512847900390625,7.98900032043457,0.15857505798339844,9.201045036315918
dataset/test/Tomato_Early_blight_leaf/Gls4_mirror_aug_63aug110.jpg,Tomato_Early_blight_leaf,Tomato_Early_blight_leaf,1.0,1,1.0242652893066406,7.788702964782715,0.16472339630126953,8.98009967803955
dataset/test/Tomato_Early_blight_leaf/Gls4_mirror_aug_64aug105.jpg,Tomato_Early_blight_leaf,Tomato_Early_blight_leaf,0.9999997615814209,1,1.1827306747436523,8.236112594604492,0.17242717742919922,9.594215393066406
dataset/test/Tomato_Early_blight_leaf/Gls4_mirror_vertical_aug_25aug37.jpg,Tomato_Early_blight_leaf,Tomato_Early_blight_leaf,0.9998890161514282,1,1.0870990753173828,8.271929740905762,0.16951942443847656,9.531530380249023
dataset/test/Tomato_Early_blight_leaf/Gls4_mirror_vertical_aug_26aug41.jpg,Tomato_Early_blight_leaf,Tomato_Early_blight_leaf,0.9985839128494263,1,1.1287298202514648,8.215797424316406,0.1699810028076172,9.517213821411133
dataset/test/Tomato_Early_blight_leaf/Gls4_mirror_vertical_aug_27aug40.jpg,Tomato_Early_blight_leaf,Tomato_Early_blight_leaf,0.9988671541213989,1,1.0837841033935547,8.600987434387207,0.16966819763183594,9.856995582580566
dataset/test/Tomato_Early_blight_leaf/Gls4_mirror_vertical_aug_28aug36.jpg,Tomato_Early_blight_leaf,Tomato_Early_blight_leaf,0.9860522747039795,1,1.088766098022461,8.28068733215332,0.17676162719726562,9.549436569213867
dataset/test/Tomato_Early_blight_leaf/Gls4_mirror_vertical_aug_29aug42.jpg,Tomato_Early_blight_leaf,Tomato_Early_blight_leaf,0.9994357228279114,1,1.146841049194336,8.305686950683594,0.17118549346923828,9.6264009475708
dataset/test/Tomato_Early_blight_leaf/Gls4_mirror_verticalaug5.jpg,Tomato_Early_blight_leaf,Tomato_Early_blight_leaf,0.99920254945755,1,1.0841922760009766,8.332762718200684,0.1684274673461914,9.588252067565918
dataset/test/Tomato_Early_blight_leaf/Gls4_mirroraug12.jpg,Tomato_Early_blight_leaf,Tomato_Early_blight_leaf,0.9999780654907227,1,1.182692527770996,8.539356231689453,0.16961288452148438,9.894402503967285
dataset/test/Tomato_Early_blight_leaf/IMG-20240812-WA0445_aug_40aug23.jpg,Tomato_Early_blight_leaf,Tomato_mold_leaf,0.3784991502761841,0,1.1567487716674805,8.352355003356934,0.17048358917236328,9.68275260925293
dataset/test/Tomato_Early_blight_leaf/IMG-20240812-WA0445_aug_41aug28.jpg,Tomato_Early_blight_leaf,Tomato_Early_blight_leaf,0.521537184715271,1,1.156951904296875,8.315261840820312,0.1699838638305664,9.64484691619873
dataset/test/Tomato_Early_blight_leaf/IMG-20240812-WA0445_aug_42aug21.jpg,Tomato_Early_blight_leaf,Tomato_mold_leaf,0.8404682874679565,0,1.1561365127563477,8.29794692993164,0.16835308074951172,9.625401496887207
dataset/test/Tomato_Early_blight_leaf/IMG-20240812-WA0445_aug_43aug24.jpg,Tomato_Early_blight_leaf,Tomato_Early_blight_leaf,0.6480892300605774,1,1.1973590850830078,7.832444190979004,0.16537189483642578,9.198287010192871
dataset/test/Tomato_Early_blight_leaf/IMG-20240812-WA0445_aug_44aug22.jpg,Tomato_Early_blight_leaf,Tomato_Early_blight_leaf,0.8493766784667969,1,1.17706298828125,7.842851638793945,0.16311264038085938,9.185657501220703
dataset/test/Tomato_Early_blight_leaf/IMG-20240812-WA0445aug8.jpg,Tomato_Early_blight_leaf,Tomato_Early_blight_leaf,0.8157007694244385,1,1.1280813217163086,7.902000427246094,0.15370464324951172,9.186342239379883
dataset/test/Tomato_Early_blight_leaf/IMG20240812111749_aug_90aug80.jpg,Tomato_Early_blight_leaf,Tomato_mold_leaf,0.9938775897026062,0,1.1553421020507812,7.6689605712890625,0.16439056396484375,8.991451263427734
dataset/test/Tomato_Early_blight_leaf/IMG20240812111749_aug_91aug77.jpg,Tomato_Early_blight_leaf,Tomato_mold_leaf,0.9971946477890015,0,1.2944154739379883,7.911684989929199,0.19881629943847656,9.40764045715332
dataset/test/Tomato_Early_blight_leaf/IMG20240812111749_aug_92aug73.jpg,Tomato_Early_blight_leaf,Tomato_mold_leaf,0.9962903261184692,0,1.1294708251953125,7.763091087341309,0.17218685150146484,9.067525863647461
dataset/test/Tomato_Early_blight_leaf/IMG20240812111749_aug_93aug71.jpg,Tomato_Early_blight_leaf,Tomato_mold_leaf,0.9964182376861572,0,1.1397294998168945,7.9611663818359375,0.1631488800048828,9.266620635986328
dataset/test/Tomato_Early_blight_leaf/IMG20240812111749_aug_94aug74.jpg,Tomato_Early_blight_leaf,Tomato_mold_leaf,0.9993589520454407,0,1.2926750183105469,7.953963279724121,0.1622610092163086,9.411511421203613
dataset/test/Tomato_Early_blight_leaf/IMG20240812111749aug18.jpg,Tomato_Early_blight_leaf,Tomato_mold_leaf,0.9987561702728271,0,1.2210273742675781,7.899203300476074,0.16283416748046875,9.285713195800781
dataset/test/Tomato_Early_blight_leaf/IMG_20251102_155150_aug_30aug34.jpg,Tomato_Early_blight_leaf,Tomato_Early_blight_leaf,1.0,1,1.0925073623657227,8.042963981628418,0.1620006561279297,9.300436019897461
dataset/test/Tomato_Early_blight_leaf/IMG_20251102_155150_aug_31aug43.jpg,Tomato_Early_blight_leaf,Tomato_Early_blight_leaf,1.0,1,1.0613765716552734,7.908092498779297,0.16411304473876953,9.136157035827637
dataset/test/Tomato_Early_blight_leaf/IMG_20251102_155150_aug_32aug44.jpg,Tomato_Early_blight_leaf,Tomato_Early_blight_leaf,1.0,1,1.1296367645263672,8.172410011291504,0.18274211883544922,9.48784351348877
dataset/test/Tomato_Early_blight_leaf/IMG_20251102_155150_aug_33aug38.jpg,Tomato_Early_blight_leaf,Tomato_Early_blight_leaf,0.9999998807907104,1,1.1151924133300781,8.461799621582031,0.16916847229003906,9.748956680297852
dataset/test/Tomato_Early_blight_leaf/IMG_20251102_155150_aug_34aug32.jpg,Tomato_Early_blight_leaf,Tomato_Early_blight_leaf,1.0,1,1.094747543334961,8.177428245544434,0.1620941162109375,9.437102317810059
dataset/test/Tomato_Early_blight_leaf/IMG_20251102_155150aug6.jpg,Tomato_Early_blight_leaf,Tomato_Early_blight_leaf,1.0,1,1.0940074920654297,7.989258766174316,0.16611099243164062,9.251898765563965
dataset/test/Tomato_Early_blight_leaf/IMG_20251102_155153_aug_85aug72.jpg,Tomato_Early_blight_leaf,Tomato_Early_blight_leaf,1.0,1,1.1359529495239258,8.07994556427002,0.1802053451538086,9.399157524108887
dataset/test/Tomato_Early_blight_leaf/IMG_20251102_155153_aug_86aug78.jpg,Tomato_Early_blight_leaf,Tomato_Early_blight_leaf,1.0,1,1.1791009902954102,8.165298461914062,0.165557861328125,9.512566566467285
dataset/test/Tomato_Early_blight_leaf/IMG_20251102_155153_aug_87aug76.jpg,Tomato_Early_blight_leaf,Tomato_Early_blight_leaf,1.0,1,1.1291017532348633,8.13390827178955,0.1679821014404297,9.434342384338379
dataset/test/Tomato_Early_blight_leaf/IMG_20251102_155153_aug_88aug79.jpg,Tomato_Early_blight_leaf,Tomato_Early_blight_leaf,1.0,1,1.133692741394043,8.327466011047363,0.17129898071289062,9.635251998901367
dataset/test/Tomato_Early_blight_leaf/IMG_20251102_155153_aug_89aug75.jpg,Tomato_Early_blight_leaf,Tomato_Early_blight_leaf,1.0,1,1.1259145736694336,8.202872276306152,0.1664276123046875,9.498066902160645
dataset/test/Tomato_Early_blight_leaf/IMG_20251102_155153aug17.jpg,Tomato_Early_blight_leaf,Tomato_Early_blight_leaf,1.0,1,1.1392669677734375,8.136611938476562,0.16670513153076172,9.445658683776855
dataset/test/Tomato_Early_blight_leaf/IMG_20251102_155207_aug_10aug47.jpg,Tomato_Early_blight_leaf,Tomato_Early_blight_leaf,0.999995231628418,1,1.1094894409179688,8.20809268951416,0.2051677703857422,9.525826454162598
dataset/test/Tomato_Early_blight_leaf/IMG_20251102_155207_aug_11aug56.jpg,Tomato_Early_blight_leaf,Tomato_Early_blight_leaf,0.999997615814209,1,1.1359529495239258,8.278206825256348,0.17265033721923828,9.590418815612793
dataset/test/Tomato_Early_blight_leaf/IMG_20251102_155207_aug_12aug45.jpg,Tomato_Early_blight_leaf,Tomato_Early_blight_leaf,0.9999997615814209,1,1.138340950012207,8.273131370544434,0.17990970611572266,9.59417724609375
dataset/test/Tomato_Early_blight_leaf/IMG_20251102_155207_aug_13aug48.jpg,Tomato_Early_blight_leaf,Tomato_Early_blight_leaf,1.0,1,1.1303787231445312,8.286928176879883,0.15990924835205078,9.579549789428711
dataset/test/Tomato_Early_blight_leaf/IMG_20251102_155207_aug_14aug49.jpg,Tomato_Early_blight_leaf,Tomato_Early_blight_leaf,0.9999990463256836,1,1.117915153503418,8.094389915466309,0.16844558715820312,9.38339900970459
dataset/test/Tomato_Early_blight_leaf/IMG_20251102_155207aug2.jpg,Tomato_Early_blight_leaf,Tomato_Early_blight_leaf,0.9999994039535522,1,1.2224903106689453,8.102038383483887,0.16992759704589844,9.4974365234375
dataset/test/Tomato_Early_blight_leaf/IMG_20251102_155305_aug_35aug25.jpg,Tomato_Early_blight_leaf,Tomato_Early_blight_leaf,0.998505711555481,1,1.2578601837158203,8.087556838989258,0.1691122055053711,9.517621994018555
dataset/test/Tomato_Early_blight_leaf/IMG_20251102_155305_aug_36aug27.jpg,Tomato_Early_blight_leaf,Tomato_Early_blight_leaf,0.9988583326339722,1,1.1234712600708008,8.315632820129395,0.16753768920898438,9.60997486114502
dataset/test/Tomato_Early_blight_leaf/IMG_20251102_155305_aug_37aug29.jpg,Tomato_Early_blight_leaf,Tomato_Early_blight_leaf,0.9711655974388123,1,1.192953109741211,8.21994686126709,0.16888904571533203,9.584900856018066
dataset/test/Tomato_Early_blight_leaf/IMG_20251102_155305_aug_38aug31.jpg,Tomato_Early_blight_leaf,Tomato_Early_blight_leaf,0.9939642548561096,1,1.1278419494628906,8.305614471435547,0.16714954376220703,9.603715896606445
dataset/test/Tomato_Early_blight_leaf/IMG_20251102_155305_aug_39aug26.jpg,Tomato_Early_blight_leaf,Tomato_Early_blight_leaf,0.9907841682434082,1,1.1251201629638672,8.285947799682617,0.1677417755126953,9.58191967010498
dataset/test/Tomato_Early_blight_leaf/IMG_20251102_155305aug7.jpg,Tomato_Early_blight_leaf,Tomato_Early_blight_leaf,0.9983158111572266,1,1.1634340286254883,8.353114128112793,0.16650104522705078,9.685604095458984
dataset/test/Tomato_Early_blight_leaf/IMG_20251102_155853_aug_55aug106.jpg,Tomato_Early_blight_leaf,Tomato_leaf_late_blight,0.9979636669158936,0,1.140970230102539,8.152168273925781,0.16585254669189453,9.462270736694336
dataset/test/Tomato_Early_blight_leaf/IMG_20251102_155853_aug_56aug92.jpg,Tomato_Early_blight_leaf,Tomato_leaf_late_blight,0.9994837045669556,0,1.1418962478637695,8.125704765319824,0.1646127700805664,9.434937477111816
dataset/test/Tomato_Early_blight_leaf/IMG_20251102_155853_aug_57aug96.jpg,Tomato_Early_blight_leaf,Tomato_leaf_late_blight,0.9973137974739075,0,1.1331005096435547,8.180315971374512,0.16838932037353516,9.48486328125
dataset/test/Tomato_Early_blight_leaf/IMG_20251102_155853_aug_58aug103.jpg,Tomato_Early_blight_leaf,Tomato_leaf_late_blight,0.9999771118164062,0,1.1035633087158203,8.15942668914795,0.1630573272705078,9.428603172302246
dataset/test/Tomato_Early_blight_leaf/IMG_20251102_155853_aug_59aug99.jpg,Tomato_Early_blight_leaf,Tomato_leaf_late_blight,0.9926906228065491,0,1.1619901657104492,7.938591003417969,0.31037235260009766,9.413805961608887
dataset/test/Tomato_Early_blight_leaf/IMG_20251102_155853aug11.jpg,Tomato_Early_blight_leaf,Tomato_leaf_late_blight,0.9999412298202515,0,1.068598747253418,7.9854631423950195,0.1678333282470703,9.224508285522461
dataset/test/Tomato_Early_blight_leaf/IMG_20251102_160046_aug_95aug70.jpg,Tomato_Early_blight_leaf,Tomato_Early_blight_leaf,0.9999961853027344,1,1.2416019439697266,8.027092933654785,0.16753864288330078,9.439011573791504
dataset/test/Tomato_Early_blight_leaf/IMG_20251102_160046_aug_96aug69.jpg,Tomato_Early_blight_leaf,Tomato_Early_blight_leaf,0.9999839067459106,1,1.1813974380493164,8.146870613098145,0.1664266586303711,9.49790096282959
dataset/test/Tomato_Early_blight_leaf/IMG_20251102_160046_aug_97aug67.jpg,Tomato_Early_blight_leaf,Tomato_Early_blight_leaf,0.9999996423721313,1,1.1428403854370117,8.145241737365723,0.1672229766845703,9.457992553710938
dataset/test/Tomato_Early_blight_leaf/IMG_20251102_160046_aug_98aug68.jpg,Tomato_Early_blight_leaf,Tomato_Early_blight_leaf,0.9999996423721313,1,1.138655662536621,8.234335899353027,0.16283607482910156,9.538806915283203
dataset/test/Tomato_Early_blight_leaf/IMG_20251102_160046aug19.jpg,Tomato_Early_blight_leaf,Tomato_Early_blight_leaf,0.9999990463256836,1,1.1615076065063477,7.8442230224609375,0.1615743637084961,9.169971466064453
dataset/test/Tomato_Early_blight_leaf/IMG_20251102_160055_aug_15aug53.jpg,Tomato_Early_blight_leaf,Tomato_Early_blight_leaf,1.0,1,1.0662479400634766,7.756387710571289,0.16048336029052734,8.985767364501953
dataset/test/Tomato_Early_blight_leaf/IMG_20251102_160055_aug_16aug55.jpg,Tomato_Early_blight_leaf,Tomato_Early_blight_leaf,0.9999998807907104,1,1.0505437850952148,9.033432960510254,0.17452049255371094,10.26121997833252
dataset/test/Tomato_Early_blight_leaf/IMG_20251102_160055_aug_17aug46.jpg,Tomato_Early_blight_leaf,Tomato_Early_blight_leaf,1.0,1,1.0562114715576172,7.7773332595825195,0.16266727447509766,8.998804092407227
dataset/test/Tomato_Early_blight_leaf/IMG_20251102_160055_aug_18aug54.jpg,Tomato_Early_blight_leaf,Tomato_Early_blight_leaf,0.9999964237213135,1,1.037785530090332,15.445886611938477,0.16400146484375,16.650561332702637
dataset/test/Tomato_Early_blight_leaf/IMG_20251102_160055_aug_19aug52.jpg,Tomato_Early_blight_leaf,Tomato_Early_blight_leaf,1.0,1,1.165618896484375,14.311155319213867,0.16870498657226562,15.648627281188965
dataset/test/Tomato_Early_blight_leaf/IMG_20251102_160055aug3.jpg,Tomato_Early_blight_leaf,Tomato_Early_blight_leaf,1.0,1,1.0666570663452148,7.852739334106445,0.16179656982421875,9.08365535736084
dataset/test/Tomato_Early_blight_leaf/IMG_20251102_160217_aug_75aug82.jpg,Tomato_Early_blight_leaf,Tomato_Early_blight_leaf,0.9999992847442627,1,1.0612306594848633,7.57955265045166,0.16211223602294922,8.805692672729492
dataset/test/Tomato_Early_blight_leaf/IMG_20251102_160217_aug_76aug83.jpg,Tomato_Early_blight_leaf,Tomato_Early_blight_leaf,0.9999998807907104,1,1.1814346313476562,7.639738082885742,0.16059303283691406,8.984748840332031
dataset/test/Tomato_Early_blight_leaf/IMG_20251102_160217_aug_77aug90.jpg,Tomato_Early_blight_leaf,Tomato_Early_blight_leaf,0.9999251365661621,1,1.047785758972168,8.073186874389648,0.1670379638671875,9.290379524230957
dataset/test/Tomato_Early_blight_leaf/IMG_20251102_160217_aug_78aug81.jpg,Tomato_Early_blight_leaf,Tomato_Early_blight_leaf,0.9999969005584717,1,1.102137565612793,8.13538932800293,0.16411209106445312,9.404621124267578
dataset/test/Tomato_Early_blight_leaf/IMG_20251102_160217_aug_79aug86.jpg,Tomato_Early_blight_leaf,Tomato_Early_blight_leaf,0.9999994039535522,1,1.1445999145507812,8.189687728881836,0.1663532257080078,9.503697395324707
dataset/test/Tomato_Early_blight_leaf/IMG_20251102_160217aug15.jpg,Tomato_Early_blight_leaf,Tomato_Early_blight_leaf,0.9999996423721313,1,1.1035995483398438,8.142834663391113,0.18274211883544922,9.432065963745117
dataset/test/Tomato_Early_blight_leaf/IMG_20251102_160523_aug_50aug114.jpg,Tomato_Early_blight_leaf,Tomato_Early_blight_leaf,0.999997615814209,1,1.1514530181884766,8.140131950378418,0.1658153533935547,9.460028648376465
dataset/test/Tomato_Early_blight_leaf/IMG_20251102_160523_aug_51aug111.jpg,Tomato_Early_blight_leaf,Tomato_Early_blight_leaf,0.9999685287475586,1,1.1761198043823242,8.115520477294922,0.1655559539794922,9.459806442260742
dataset/test/Tomato_Early_blight_leaf/IMG_20251102_160523_aug_52aug112.jpg,Tomato_Early_blight_leaf,Tomato_Early_blight_leaf,0.9999679327011108,1,1.2166376113891602,8.18061351776123,0.16431522369384766,9.564271926879883
dataset/test/Tomato_Early_blight_leaf/IMG_20251102_160523_aug_53aug115.jpg,Tomato_Early_blight_leaf,Tomato_Early_blight_leaf,0.9999958276748657,1,1.148599624633789,8.240687370300293,0.1647043228149414,9.556807518005371
dataset/test/Tomato_Early_blight_leaf/IMG_20251102_160523_aug_54aug113.jpg,Tomato_Early_blight_leaf,Tomato_Early_blight_leaf,0.9998915195465088,1,1.14056396484375,8.115148544311523,0.1646881103515625,9.42304801940918
dataset/test/Tomato_Early_blight_leaf/IMG_20251102_160523aug10.jpg,Tomato_Early_blight_leaf,Tomato_Early_blight_leaf,0.9999539852142334,1,1.1466741561889648,8.090741157531738,0.15961170196533203,9.399825096130371
dataset/test/Tomato_Early_blight_leaf/IMG_20251102_161202_aug_45aug118.jpg,Tomato_Early_blight_leaf,Tomato_Early_blight_leaf,0.9993740916252136,1,1.2063970565795898,9.003543853759766,0.1705007553100586,10.383313179016113
dataset/test/Tomato_Early_blight_leaf/IMG_20251102_161202_aug_46aug116.jpg,Tomato_Early_blight_leaf,Tomato_Early_blight_leaf,0.9993740916252136,1,1.1638603210449219,8.1152982711792,0.1551494598388672,9.436843872070312
dataset/test/Tomato_Early_blight_leaf/IMG_20251102_161202_aug_47aug117.jpg,Tomato_Early_blight_leaf,Tomato_Early_blight_leaf,0.9999736547470093,1,1.199453353881836,8.007444381713867,0.1672983169555664,9.377287864685059
dataset/test/Tomato_Early_blight_leaf/IMG_20251102_161202_aug_48aug30.jpg,Tomato_Early_blight_leaf,Tomato_Early_blight_leaf,0.9999192953109741,1,1.2452125549316406,8.000868797302246,0.16814804077148438,9.417454719543457
dataset/test/Tomato_Early_blight_leaf/IMG_20251102_161202_aug_49aug119.jpg,Tomato_Early_blight_leaf,Tomato_Early_blight_leaf,0.9995037317276001,1,1.263768196105957,8.19559383392334,0.1720571517944336,9.634549140930176
dataset/test/Tomato_Early_blight_leaf/IMG_20251102_161202aug9.jpg,Tomato_Early_blight_leaf,Tomato_Early_blight_leaf,0.9999017715454102,1,1.2113056182861328,8.161612510681152,0.16674137115478516,9.542954444885254
dataset/test/Tomato_Early_blight_leaf/early_blight_jpg.rf.1091c0a2a9a3da5b9ad688c89298614c_aug_80aug87.jpg,Tomato_Early_blight_leaf,Tomato_Early_blight_leaf,0.9999879598617554,1,1.1048212051391602,8.158760070800781,0.1659259796142578,9.432547569274902
dataset/test/Tomato_Early_blight_leaf/early_blight_jpg.rf.1091c0a2a9a3da5b9ad688c89298614c_aug_81aug84.jpg,Tomato_Early_blight_leaf,Tomato_Early_blight_leaf,0.999525785446167,1,1.1113595962524414,8.168667793273926,0.17375946044921875,9.456936836242676
dataset/test/Tomato_Early_blight_leaf/early_blight_jpg.rf.1091c0a2a9a3da5b9ad688c89298614c_aug_82aug89.jpg,Tomato_Early_blight_leaf,Tomato_Early_blight_leaf,0.9999803304672241,1,1.138230323791504,8.16500186920166,0.16639041900634766,9.473121643066406
dataset/test/Tomato_Early_blight_leaf/early_blight_jpg.rf.1091c0a2a9a3da5b9ad688c89298614c_aug_83aug85.jpg,Tomato_Early_blight_leaf,Tomato_Early_blight_leaf,0.9999960660934448,1,1.2448978424072266,8.121353149414062,0.1697235107421875,9.539252281188965
dataset/test/Tomato_Early_blight_leaf/early_blight_jpg.rf.1091c0a2a9a3da5b9ad688c89298614c_aug_84aug88.jpg,Tomato_Early_blight_leaf,Tomato_Early_blight_leaf,0.999968409538269,1,1.1570262908935547,8.198335647583008,0.1653900146484375,9.523287773132324
dataset/test/Tomato_Early_blight_leaf/early_blight_jpg.rf.1091c0a2a9a3da5b9ad688c89298614caug16.jpg,Tomato_Early_blight_leaf,Tomato_Early_blight_leaf,0.9999958276748657,1,1.1125450134277344,9.008803367614746,0.2065744400024414,10.331368446350098
dataset/test/Tomato_Healthy_leaf/20140818-tomato-sauce-vicky-wasik-1_jpg.rf.d3d9b4a0642e72ba76b40dbdfff8b9f7_aug_6aug50.jpg,Tomato_Healthy_leaf,Tomato_Healthy_leaf,0.9999986886978149,1,1.4561586380004883,10.893908500671387,0.2087240219116211,12.562273025512695
dataset/test/Tomato_Healthy_leaf/20140818-tomato-sauce-vicky-wasik-1_jpg.rf.d3d9b4a0642e72ba76b40dbdfff8b9f7_aug_7aug56.jpg,Tomato_Healthy_leaf,Tomato_Healthy_leaf,0.9999997615814209,1,1.458806037902832,11.009058952331543,0.24446487426757812,12.715682029724121
dataset/test/Tomato_Healthy_leaf/20140818-tomato-sauce-vicky-wasik-1_jpg.rf.d3d9b4a0642e72ba76b40dbdfff8b9f7aug3.jpg,Tomato_Healthy_leaf,Tomato_Healthy_leaf,0.9999988079071045,1,1.4066572189331055,11.158134460449219,0.20615005493164062,12.774515151977539
dataset/test/Tomato_Healthy_leaf/2015-09-17-01_aug_20aug110.jpg,Tomato_Healthy_leaf,Tomato_Healthy_leaf,0.9987081289291382,1,1.5817699432373047,10.948336601257324,0.20548248291015625,12.739459991455078
dataset/test/Tomato_Healthy_leaf/2015-09-17-01_aug_21aug114.jpg,Tomato_Healthy_leaf,Tomato_Healthy_leaf,0.9999986886978149,1,1.4245100021362305,10.994742393493652,0.20739078521728516,12.630180358886719
dataset/test/Tomato_Healthy_leaf/2015-09-17-01aug10.jpg,Tomato_Healthy_leaf,Tomato_Healthy_leaf,0.9994755387306213,1,1.4275093078613281,10.88552188873291,0.20727825164794922,12.523957252502441
dataset/test/Tomato_Healthy_leaf/Basil_2Binfected_2Bby_2BTomato_2BSpotted_2BWilt_2BVirus_aug_2aug59.jpg,Tomato_Healthy_leaf,Tomato_mold_leaf,0.8130013346672058,0,1.4662885665893555,11.187431335449219,0.20763111114501953,12.865053176879883
dataset/test/Tomato_Healthy_leaf/Basil_2Binfected_2Bby_2BTomato_2BSpotted_2BWilt_2BVirus_aug_3aug51.jpg,Tomato_Healthy_leaf,Tomato_mold_leaf,0.8265499472618103,0,1.5749187469482422,10.040106773376465,0.15955543518066406,11.777896881103516
dataset/test/Tomato_Healthy_leaf/Basil_2Binfected_2Bby_2BTomato_2BSpotted_2BWilt_2BVirusaug1.jpg,Tomato_Healthy_leaf,Tomato_mold_leaf,0.913646399974823,0,1.0697851181030273,7.565718650817871,0.1637411117553711,8.802597999572754
dataset/test/Tomato_Healthy_leaf/Fig-2_aug_22aug102.jpg,Tomato_Healthy_leaf,Tomato_Healthy_leaf,0.8182271718978882,1,1.1873054504394531,7.523553848266602,0.16292667388916016,8.876432418823242
dataset/test/Tomato_Healthy_leaf/Fig-2_aug_23aug90.jpg,Tomato_Healthy_leaf,Tomato_Healthy_leaf,0.9569436311721802,1,1.0579700469970703,7.676516532897949,0.1604461669921875,8.89758014678955
dataset/test/Tomato_Healthy_leaf/Fig-2aug11.jpg,Tomato_Healthy_leaf,Tomato_Healthy_leaf,0.9345890879631042,1,1.0637121200561523,7.483163833618164,0.16229724884033203,8.711801528930664
dataset/test/Tomato_Healthy_leaf/HL_(103)aug39.jpg,Tomato_Healthy_leaf,Tomato_Healthy_leaf,0.9999990463256836,1,1.053654670715332,7.643793106079102,0.16424179077148438,8.864839553833008
dataset/test/Tomato_Healthy_leaf/HL_(118)_aug_38aug103.jpg,Tomato_Healthy_leaf,Tomato_Healthy_leaf,0.9999998807907104,1,1.086989402770996,7.448792457580566,0.16231632232666016,8.700728416442871
dataset/test/Tomato_Healthy_leaf/HL_(118)_aug_39aug104.jpg,Tomato_Healthy_leaf,Tomato_Healthy_leaf,0.9999998807907104,1,1.1408605575561523,7.586350440979004,0.1633157730102539,8.892990112304688
dataset/test/Tomato_Healthy_leaf/HL_(118)aug19.jpg,Tomato_Healthy_leaf,Tomato_Healthy_leaf,1.0,1,1.051116943359375,7.582368850708008,0.16068553924560547,8.79715347290039
dataset/test/Tomato_Healthy_leaf/HL_(165)_aug_28aug105.jpg,Tomato_Healthy_leaf,Tomato_Healthy_leaf,0.9999960660934448,1,1.0679340362548828,7.597441673278809,0.16081619262695312,8.829024314880371
dataset/test/Tomato_Healthy_leaf/HL_(165)_aug_29aug91.jpg,Tomato_Healthy_leaf,Tomato_Healthy_leaf,0.9999949932098389,1,1.0708951950073242,7.603756904602051,0.17481613159179688,8.852080345153809
dataset/test/Tomato_Healthy_leaf/HL_(165)aug14.jpg,Tomato_Healthy_leaf,Tomato_Healthy_leaf,0.9999889135360718,1,1.112229347229004,7.713202476501465,0.16126060485839844,8.989063262939453
dataset/test/Tomato_Healthy_leaf/HL_(61)_aug_50aug83.jpg,Tomato_Healthy_leaf,Tomato_Healthy_leaf,0.9982768297195435,1,1.0579137802124023,8.22937297821045,0.1706676483154297,9.460546493530273
dataset/test/Tomato_Healthy_leaf/HL_(61)_aug_51aug76.jpg,Tomato_Healthy_leaf,Tomato_Healthy_leaf,0.9999818801879883,1,1.1152124404907227,8.416873931884766,0.16698360443115234,9.701753616333008
dataset/test/Tomato_Healthy_leaf/HL_(61)aug25.jpg,Tomato_Healthy_leaf,Tomato_Healthy_leaf,0.9999325275421143,1,1.1436386108398438,8.236372947692871,0.16705703735351562,9.54962158203125
dataset/test/Tomato_Healthy_leaf/HL_(62)aug36.jpg,Tomato_Healthy_leaf,Tomato_Healthy_leaf,0.999994158744812,1,1.1476383209228516,8.218354225158691,0.1631317138671875,9.531769752502441
dataset/test/Tomato_Healthy_leaf/IMG_20251102_161618_aug_58aug71.jpg,Tomato_Healthy_leaf,Tomato_Healthy_leaf,0.9999221563339233,1,1.1835079193115234,8.086723327636719,0.17842674255371094,9.451159477233887
dataset/test/Tomato_Healthy_leaf/IMG_20251102_161618_aug_59aug63.jpg,Tomato_Healthy_leaf,Tomato_Healthy_leaf,0.8985030651092529,1,1.2788047790527344,8.378059387207031,0.16844558715820312,9.827678680419922
dataset/test/Tomato_Healthy_leaf/IMG_20251102_161618aug29.jpg,Tomato_Healthy_leaf,Tomato_leaf_yellow_curl_virus,0.8715237975120544,0,1.2152490615844727,8.22926139831543,0.180908203125,9.629012107849121
dataset/test/Tomato_Healthy_leaf/IMG_20251102_161625aug44.jpg,Tomato_Healthy_leaf,Tomato_Healthy_leaf,0.9973315000534058,1,1.3622865676879883,8.17711353302002,0.1781301498413086,9.720902442932129
dataset/test/Tomato_Healthy_leaf/IMG_20251102_161629_aug_10aug115.jpg,Tomato_Healthy_leaf,Tomato_Healthy_leaf,0.9994919300079346,1,1.2207860946655273,8.307465553283691,0.1867055892944336,9.718124389648438
dataset/test/Tomato_Healthy_leaf/IMG_20251102_161629_aug_11aug109.jpg,Tomato_Healthy_leaf,Tomato_Healthy_leaf,0.9999887943267822,1,1.1931753158569336,8.321280479431152,0.17000102996826172,9.686864852905273
dataset/test/Tomato_Healthy_leaf/IMG_20251102_161629aug5.jpg,Tomato_Healthy_leaf,Tomato_Healthy_leaf,0.9999712705612183,1,1.145711898803711,9.192508697509766,0.20779705047607422,10.549164772033691
dataset/test/Tomato_Healthy_leaf/IMG_20251102_161652aug43.jpg,Tomato_Healthy_leaf,Tomato_Healthy_leaf,0.9989714622497559,1,1.6849365234375,10.967483520507812,0.20805644989013672,12.863757133483887
dataset/test/Tomato_Healthy_leaf/IMG_20251102_161826_aug_60aug68.jpg,Tomato_Healthy_leaf,Tomato_Healthy_leaf,0.9991846680641174,1,1.5817337036132812,11.291561126708984,0.20827960968017578,13.08477783203125
dataset/test/Tomato_Healthy_leaf/IMG_20251102_161826_aug_61aug62.jpg,Tomato_Healthy_leaf,Tomato_Healthy_leaf,0.999995231628418,1,1.5166034698486328,10.902242660522461,0.20385360717773438,12.626032829284668
dataset/test/Tomato_Healthy_leaf/IMG_20251102_161826aug30.jpg,Tomato_Healthy_leaf,Tomato_Healthy_leaf,0.9997003078460693,1,1.5688810348510742,11.08735466003418,0.2073526382446289,12.86673641204834
dataset/test/Tomato_Healthy_leaf/IMG_20251102_161850_aug_56aug74.jpg,Tomato_Healthy_leaf,Tomato_Healthy_leaf,0.6839107275009155,1,1.540715217590332,11.132726669311523,0.22800159454345703,12.904775619506836
dataset/test/Tomato_Healthy_leaf/IMG_20251102_161850_aug_57aug72.jpg,Tomato_Healthy_leaf,Tomato_Healthy_leaf,0.8247926235198975,1,1.4657506942749023,10.933649063110352,0.20614910125732422,12.608773231506348
dataset/test/Tomato_Healthy_leaf/IMG_20251102_161850aug28.jpg,Tomato_Healthy_leaf,Tomato_Healthy_leaf,0.9118192195892334,1,1.4623804092407227,10.993465423583984,0.20498371124267578,12.664088249206543
dataset/test/Tomato_Healthy_leaf/IMG_20251102_161859aug38.jpg,Tomato_Healthy_leaf,Tomato_Healthy_leaf,0.9999998807907104,1,1.6316604614257812,7.874092102050781,0.161224365234375,9.669827461242676
dataset/test/Tomato_Healthy_leaf/IMG_20251102_161935_aug_4aug55.jpg,Tomato_Healthy_leaf,Tomato_Healthy_leaf,0.9998669624328613,1,1.0856752395629883,7.467385292053223,0.16220474243164062,8.717801094055176
dataset/test/Tomato_Healthy_leaf/IMG_20251102_161935_aug_5aug53.jpg,Tomato_Healthy_leaf,Tomato_Healthy_leaf,0.999840497970581,1,1.1762113571166992,7.476737976074219,0.1620197296142578,8.817468643188477
dataset/test/Tomato_Healthy_leaf/IMG_20251102_161935aug2.jpg,Tomato_Healthy_leaf,Tomato_Healthy_leaf,0.9998774528503418,1,1.0441932678222656,7.6458330154418945,0.16935253143310547,8.862211227416992
dataset/test/Tomato_Healthy_leaf/IMG_20251102_162037aug45.jpg,Tomato_Healthy_leaf,Tomato_Healthy_leaf,0.9895153045654297,1,1.0965442657470703,7.6526641845703125,0.16544532775878906,8.917579650878906
dataset/test/Tomato_Healthy_leaf/h100_lower_aug_54aug73.jpg,Tomato_Healthy_leaf,Tomato_Healthy_leaf,0.9999805688858032,1,1.0646371841430664,7.612313270568848,0.16205501556396484,8.841485977172852
dataset/test/Tomato_Healthy_leaf/h100_lower_aug_55aug75.jpg,Tomato_Healthy_leaf,Tomato_Healthy_leaf,0.9999724626541138,1,1.0996932983398438,7.565070152282715,0.19550037384033203,8.863117218017578
dataset/test/Tomato_Healthy_leaf/h100_loweraug27.jpg,Tomato_Healthy_leaf,Tomato_Healthy_leaf,0.999687910079956,1,1.0820064544677734,7.7129974365234375,0.15901851654052734,8.956523895263672
dataset/test/Tomato_Healthy_leaf/h101_aug_18aug119.jpg,Tomato_Healthy_leaf,Tomato_Healthy_leaf,0.9988964796066284,1,1.0611562728881836,7.619904518127441,0.15305709838867188,8.836599349975586
dataset/test/Tomato_Healthy_leaf/h101_aug_19aug116.jpg,Tomato_Healthy_leaf,Tomato_Healthy_leaf,0.9935213923454285,1,1.044896125793457,7.47486686706543,0.16072368621826172,8.682968139648438
dataset/test/Tomato_Healthy_leaf/h101aug9.jpg,Tomato_Healthy_leaf,Tomato_Healthy_leaf,0.9749019145965576,1,1.1073970794677734,7.488089561462402,0.16046428680419922,8.75876522064209
dataset/test/Tomato_Healthy_leaf/h103_aug_42aug82.jpg,Tomato_Healthy_leaf,Tomato_Healthy_leaf,0.9990147352218628,1,1.0801734924316406,7.769980430603027,0.16605663299560547,9.018952369689941
dataset/test/Tomato_Healthy_leaf/h103_aug_43aug77.jpg,Tomato_Healthy_leaf,Tomato_Healthy_leaf,0.9998588562011719,1,1.0884332656860352,7.891129493713379,0.17798233032226562,9.160637855529785
dataset/test/Tomato_Healthy_leaf/h103aug21.jpg,Tomato_Healthy_leaf,Tomato_Healthy_leaf,0.9967904686927795,1,1.0853595733642578,7.996593475341797,0.17609310150146484,9.261176109313965
dataset/test/Tomato_Healthy_leaf/h1_change_90_aug_12aug118.jpg,Tomato_Healthy_leaf,Tomato_Healthy_leaf,0.9999847412109375,1,1.1236190795898438,7.946556091308594,0.2092418670654297,9.282546043395996
dataset/test/Tomato_Healthy_leaf/h1_change_90_aug_13aug108.jpg,Tomato_Healthy_leaf,Tomato_Healthy_leaf,0.9999964237213135,1,1.100062370300293,7.984518051147461,0.17129802703857422,9.25893497467041
dataset/test/Tomato_Healthy_leaf/h1_change_90aug6.jpg,Tomato_Healthy_leaf,Tomato_Healthy_leaf,0.9999948740005493,1,1.1055631637573242,7.938518524169922,0.1770191192626953,9.224342346191406
dataset/test/Tomato_Healthy_leaf/h39_change_270aug48.jpg,Tomato_Healthy_leaf,Tomato_Healthy_leaf,0.9999552965164185,1,1.0973224639892578,7.961888313293457,0.1670370101928711,9.229140281677246
dataset/test/Tomato_Healthy_leaf/h39_hight_aug_40aug96.jpg,Tomato_Healthy_leaf,Tomato_Healthy_leaf,0.9999979734420776,1,1.1266365051269531,7.785703659057617,0.1653900146484375,9.080192565917969
dataset/test/Tomato_Healthy_leaf/h39_hight_aug_41aug98.jpg,Tomato_Healthy_leaf,Tomato_Healthy_leaf,0.9999957084655762,1,1.1731748580932617,7.854406356811523,0.16329669952392578,9.193731307983398
dataset/test/Tomato_Healthy_leaf/h39_hightaug20.jpg,Tomato_Healthy_leaf,Tomato_Healthy_leaf,0.999964714050293,1,1.1893434524536133,7.8178510665893555,0.16605663299560547,9.176137924194336
dataset/test/Tomato_Healthy_leaf/h39_lower_aug_30aug95.jpg,Tomato_Healthy_leaf,Tomato_Healthy_leaf,0.9998065829277039,1,1.122396469116211,8.032814025878906,0.1648712158203125,9.322602272033691
dataset/test/Tomato_Healthy_leaf/h39_lower_aug_31aug89.jpg,Tomato_Healthy_leaf,Tomato_Healthy_leaf,0.926518440246582,1,1.1000442504882812,9.241565704345703,0.20687198638916016,10.5513334274292
dataset/test/Tomato_Healthy_leaf/h39_loweraug15.jpg,Tomato_Healthy_leaf,Tomato_Healthy_leaf,0.9977096319198608,1,1.5093622207641602,10.863018989562988,0.20805740356445312,12.583661079406738
dataset/test/Tomato_Healthy_leaf/h3_aug_8aug57.jpg,Tomato_Healthy_leaf,Tomato_Healthy_leaf,0.9999279975891113,1,1.5601787567138672,10.871909141540527,0.22053813934326172,12.656681060791016
dataset/test/Tomato_Healthy_leaf/h3_aug_9aug54.jpg,Tomato_Healthy_leaf,Tomato_Healthy_leaf,0.9999997615814209,1,1.5699357986450195,10.910262107849121,0.2042245864868164,12.687496185302734
dataset/test/Tomato_Healthy_leaf/h3_mirror_aug_52aug84.jpg,Tomato_Healthy_leaf,Tomato_Healthy_leaf,0.9998646974563599,1,1.4328804016113281,10.91592788696289,0.21238994598388672,12.564772605895996
dataset/test/Tomato_Healthy_leaf/h3_mirror_aug_53aug80.jpg,Tomato_Healthy_leaf,Tomato_Healthy_leaf,0.999998927116394,1,1.4492321014404297,11.0123929977417,0.20550155639648438,12.670755386352539
dataset/test/Tomato_Healthy_leaf/h3_mirroraug26.jpg,Tomato_Healthy_leaf,Tomato_Healthy_leaf,0.9999964237213135,1,1.4352140426635742,10.872038841247559,0.2083721160888672,12.519235610961914
dataset/test/Tomato_Healthy_leaf/h3aug4.jpg,Tomato_Healthy_leaf,Tomato_Healthy_leaf,0.9995075464248657,1,1.4826774597167969,10.98405933380127,0.20857620239257812,12.678699493408203
dataset/test/Tomato_Healthy_leaf/h45_mirror_verticalaug42.jpg,Tomato_Healthy_leaf,Tomato_Healthy_leaf,0.9999991655349731,1,1.5398445129394531,9.924532890319824,0.15868759155273438,11.6260986328125
dataset/test/Tomato_Healthy_leaf/h49_change_90aug49.jpg,Tomato_Healthy_leaf,Tomato_Healthy_leaf,1.0,1,1.0742301940917969,7.689369201660156,0.16242694854736328,8.928543090820312
dataset/test/Tomato_Healthy_leaf/h50_hight_aug_68aug69.jpg,Tomato_Healthy_leaf,Tomato_Healthy_leaf,0.9996272325515747,1,0.997746467590332,9.373269081115723,0.1580944061279297,10.5317964553833
dataset/test/Tomato_Healthy_leaf/h50_hight_aug_69aug61.jpg,Tomato_Healthy_leaf,Tomato_Healthy_leaf,0.999792754650116,1,1.0175256729125977,7.617570877075195,0.1590738296508789,8.797303199768066
dataset/test/Tomato_Healthy_leaf/h50_hightaug34.jpg,Tomato_Healthy_leaf,Tomato_Healthy_leaf,0.9998283386230469,1,1.058563232421875,19.13554096221924,0.15831661224365234,20.354920387268066
dataset/test/Tomato_Healthy_leaf/h50_lower_aug_66aug65.jpg,Tomato_Healthy_leaf,Tomato_Healthy_leaf,0.999909520149231,1,4.685478210449219,8.800172805786133,0.16346454620361328,13.651741981506348
dataset/test/Tomato_Healthy_leaf/h50_lower_aug_67aug70.jpg,Tomato_Healthy_leaf,Tomato_Healthy_leaf,0.9998260140419006,1,1.0451364517211914,7.87629508972168,0.15902042388916016,9.083100318908691
dataset/test/Tomato_Healthy_leaf/h50_loweraug33.jpg,Tomato_Healthy_leaf,Tomato_Healthy_leaf,0.9998480081558228,1,1.0356369018554688,7.658127784729004,0.15716838836669922,8.85370922088623
dataset/test/Tomato_Healthy_leaf/h50_mirror_vertical_aug_24aug111.jpg,Tomato_Healthy_leaf,Tomato_Healthy_leaf,0.9954778552055359,1,1.0609521865844727,7.548255920410156,0.15998268127441406,8.771821022033691
dataset/test/Tomato_Healthy_leaf/h50_mirror_vertical_aug_25aug100.jpg,Tomato_Healthy_leaf,Tomato_Healthy_leaf,0.9999662637710571,1,1.0311546325683594,7.652498245239258,0.15909385681152344,8.845229148864746
dataset/test/Tomato_Healthy_leaf/h50_mirror_verticalaug12.jpg,Tomato_Healthy_leaf,Tomato_Healthy_leaf,0.9988226294517517,1,1.0427656173706055,8.08764934539795,0.16707420349121094,9.300176620483398
dataset/test/Tomato_Healthy_leaf/h50aug37.jpg,Tomato_Healthy_leaf,Tomato_Healthy_leaf,0.9998416900634766,1,1.0755252838134766,8.08251953125,0.1679830551147461,9.328843116760254
dataset/test/Tomato_Healthy_leaf/h5_mirroraug41.jpg,Tomato_Healthy_leaf,Tomato_Healthy_leaf,0.9999996423721313,1,1.1294527053833008,8.071760177612305,0.1646862030029297,9.368453979492188
dataset/test/Tomato_Healthy_leaf/h65_mirror_vertical_aug_26aug97.jpg,Tomato_Healthy_leaf,Tomato_Healthy_leaf,0.9999774694442749,1,1.099191665649414,8.146890640258789,0.1739816665649414,9.422917366027832
dataset/test/Tomato_Healthy_leaf/h65_mirror_vertical_aug_27aug106.jpg,Tomato_Healthy_leaf,Tomato_Healthy_leaf,0.9999943971633911,1,1.0840816497802734,8.164020538330078,0.1919269561767578,9.442418098449707
dataset/test/Tomato_Healthy_leaf/h65_mirror_verticalaug13.jpg,Tomato_Healthy_leaf,Tomato_Healthy_leaf,0.9999991655349731,1,1.0719890594482422,8.004388809204102,0.1790761947631836,9.25808334350586
dataset/test/Tomato_Healthy_leaf/h71_mirror_aug_62aug66.jpg,Tomato_Healthy_leaf,Tomato_Healthy_leaf,0.9999978542327881,1,1.1843595504760742,8.021686553955078,0.16811275482177734,9.376380920410156
dataset/test/Tomato_Healthy_leaf/h71_mirror_aug_63aug67.jpg,Tomato_Healthy_leaf,Tomato_Healthy_leaf,0.9999997615814209,1,1.1759710311889648,7.965500831604004,0.2144641876220703,9.35925006866455
dataset/test/Tomato_Healthy_leaf/h71_mirroraug31.jpg,Tomato_Healthy_leaf,Tomato_Healthy_leaf,0.9999998807907104,1,1.095785140991211,8.005388259887695,0.1657238006591797,9.269582748413086
dataset/test/Tomato_Healthy_leaf/h76_hight_aug_34aug88.jpg,Tomato_Healthy_leaf,Tomato_Healthy_leaf,0.9999823570251465,1,1.0748224258422852,8.893320083618164,0.16750144958496094,10.138348579406738
dataset/test/Tomato_Healthy_leaf/h76_hight_aug_35aug93.jpg,Tomato_Healthy_leaf,Tomato_Healthy_leaf,0.9997580647468567,1,1.1465444564819336,8.422819137573242,0.2099447250366211,9.78234577178955
dataset/test/Tomato_Healthy_leaf/h76_hightaug17.jpg,Tomato_Healthy_leaf,Tomato_Healthy_leaf,0.9998908042907715,1,1.4436025619506836,10.948095321655273,0.20703887939453125,12.602144241333008
dataset/test/Tomato_Healthy_leaf/h78_change_270_aug_36aug94.jpg,Tomato_Healthy_leaf,Tomato_Healthy_leaf,0.9999991655349731,1,1.431528091430664,11.176522254943848,0.20285415649414062,12.814367294311523
dataset/test/Tomato_Healthy_leaf/h78_change_270_aug_37aug99.jpg,Tomato_Healthy_leaf,Tomato_Healthy_leaf,0.9999991655349731,1,1.4681396484375,10.870261192321777,0.20946407318115234,12.551032066345215
dataset/test/Tomato_Healthy_leaf/h78_change_270aug18.jpg,Tomato_Healthy_leaf,Tomato_Healthy_leaf,0.9999735355377197,1,1.5070295333862305,10.850945472717285,0.2068347930908203,12.567902565002441
dataset/test/Tomato_Healthy_leaf/h7_lower_aug_44aug87.jpg,Tomato_Healthy_leaf,Tomato_Healthy_leaf,0.9999858140945435,1,1.5298633575439453,10.927558898925781,0.21087169647216797,12.671348571777344
dataset/test/Tomato_Healthy_leaf/h7_lower_aug_45aug79.jpg,Tomato_Healthy_leaf,Tomato_Healthy_leaf,0.9992889165878296,1,1.5295114517211914,10.907576560974121,0.2019643783569336,12.641940116882324
dataset/test/Tomato_Healthy_leaf/h7_loweraug22.jpg,Tomato_Healthy_leaf,Tomato_Healthy_leaf,0.9997122883796692,1,1.4778614044189453,11.002873420715332,0.20722389221191406,12.690903663635254
dataset/test/Tomato_Healthy_leaf/h81_change_180_aug_16aug113.jpg,Tomato_Healthy_leaf,Tomato_Healthy_leaf,0.999924898147583,1,1.4497509002685547,10.845038414001465,0.20427894592285156,12.50236701965332
dataset/test/Tomato_Healthy_leaf/h81_change_180_aug_17aug117.jpg,Tomato_Healthy_leaf,Tomato_Healthy_leaf,0.9999614953994751,1,1.1029701232910156,7.7087202072143555,0.16205596923828125,8.976266860961914
dataset/test/Tomato_Healthy_leaf/h81_change_180aug8.jpg,Tomato_Healthy_leaf,Tomato_Healthy_leaf,0.9999891519546509,1,1.1097497940063477,7.781258583068848,0.16153812408447266,9.055323600769043
dataset/test/Tomato_Healthy_leaf/h84_mirroraug40.jpg,Tomato_Healthy_leaf,Tomato_Healthy_leaf,0.9999997615814209,1,1.073063850402832,7.888129234313965,0.17142677307128906,9.13565731048584
dataset/test/Tomato_Healthy_leaf/h8_change_90aug35.jpg,Tomato_Healthy_leaf,Tomato_Healthy_leaf,0.9999887943267822,1,1.0835638046264648,7.6934614181518555,0.1579275131225586,8.937877655029297
dataset/test/Tomato_Healthy_leaf/h95_mirror_verticalaug46.jpg,Tomato_Healthy_leaf,Tomato_Healthy_leaf,0.7535616159439087,1,1.0661182403564453,7.654275894165039,0.1725759506225586,8.895785331726074
dataset/test/Tomato_Healthy_leaf/h96_change_270aug47.jpg,Tomato_Healthy_leaf,Tomato_Healthy_leaf,0.9999949932098389,1,1.1008596420288086,7.620589256286621,0.1608715057373047,8.884710311889648
dataset/test/Tomato_Healthy_leaf/h96_mirror_vertical_aug_14aug107.jpg,Tomato_Healthy_leaf,Tomato_Healthy_leaf,0.9999996423721313,1,1.0548028945922852,7.731145858764648,0.16190719604492188,8.950432777404785
dataset/test/Tomato_Healthy_leaf/h96_mirror_vertical_aug_15aug112.jpg,Tomato_Healthy_leaf,Tomato_Healthy_leaf,0.9999840259552002,1,1.0558042526245117,7.676756858825684,0.15981578826904297,8.894988059997559
dataset/test/Tomato_Healthy_leaf/h96_mirror_verticalaug7.jpg,Tomato_Healthy_leaf,Tomato_Healthy_leaf,0.9999995231628418,1,1.0497846603393555,7.926833152770996,0.16048336029052734,9.140027046203613
dataset/test/Tomato_Healthy_leaf/h99_hight_aug_32aug92.jpg,Tomato_Healthy_leaf,Tomato_Healthy_leaf,0.9999840259552002,1,1.1690263748168945,7.600090980529785,0.15718746185302734,8.92859935760498
dataset/test/Tomato_Healthy_leaf/h99_hight_aug_33aug101.jpg,Tomato_Healthy_leaf,Tomato_Healthy_leaf,0.9999945163726807,1,1.1091375350952148,7.564311981201172,0.15892696380615234,8.834653854370117
dataset/test/Tomato_Healthy_leaf/h99_hightaug16.jpg,Tomato_Healthy_leaf,Tomato_Healthy_leaf,0.999922513961792,1,1.0656003952026367,8.065352439880371,0.16100025177001953,9.29486083984375
dataset/test/Tomato_Healthy_leaf/h99_lower_aug_46aug78.jpg,Tomato_Healthy_leaf,Tomato_Healthy_leaf,0.9999992847442627,1,1.0909347534179688,7.894092559814453,0.16405582427978516,9.151896476745605
dataset/test/Tomato_Healthy_leaf/h99_lower_aug_47aug81.jpg,Tomato_Healthy_leaf,Tomato_Healthy_leaf,0.9999991655349731,1,1.1162109375,7.863258361816406,0.1721668243408203,9.155194282531738
dataset/test/Tomato_Healthy_leaf/h99_loweraug23.jpg,Tomato_Healthy_leaf,Tomato_Healthy_leaf,0.9999860525131226,1,1.1051006317138672,7.779794692993164,0.16422271728515625,9.051749229431152
dataset/test/Tomato_Healthy_leaf/h9_change_180_aug_48aug86.jpg,Tomato_Healthy_leaf,Tomato_Healthy_leaf,0.9999996423721313,1,1.0915451049804688,7.651090621948242,0.16316795349121094,8.908562660217285
dataset/test/Tomato_Healthy_leaf/h9_change_180_aug_49aug85.jpg,Tomato_Healthy_leaf,Tomato_Healthy_leaf,1.0,1,1.0780811309814453,7.900777816772461,0.16109371185302734,9.142730712890625
dataset/test/Tomato_Healthy_leaf/h9_change_180aug24.jpg,Tomato_Healthy_leaf,Tomato_Healthy_leaf,0.9999995231628418,1,1.1125068664550781,7.836666107177734,0.15739059448242188,9.109322547912598
dataset/test/Tomato_Healthy_leaf/russian-2-319-dt-2010-leaves-high-tunnel-9-29-2014-c_jpg.rf.7ef5d3901dbeaf27776a27bfc8197b72_aug_0aug52.jpg,Tomato_Healthy_leaf,Tomato_Healthy_leaf,0.9997374415397644,1,1.126729965209961,7.706923484802246,0.17264938354492188,9.009174346923828
dataset/test/Tomato_Healthy_leaf/russian-2-319-dt-2010-leaves-high-tunnel-9-29-2014-c_jpg.rf.7ef5d3901dbeaf27776a27bfc8197b72_aug_1aug58.jpg,Tomato_Healthy_leaf,Tomato_Healthy_leaf,0.999091386795044,1,1.2771568298339844,7.6474409103393555,0.17096424102783203,9.098526954650879
dataset/test/Tomato_Healthy_leaf/russian-2-319-dt-2010-leaves-high-tunnel-9-29-2014-c_jpg.rf.7ef5d3901dbeaf27776a27bfc8197b72aug0.jpg,Tomato_Healthy_leaf,Tomato_Healthy_leaf,0.9998676776885986,1,1.1993036270141602,8.261373519897461,0.1643533706665039,9.62819766998291
dataset/test/Tomato_Healthy_leaf/unnamed_aug_64aug64.jpg,Tomato_Healthy_leaf,Tomato_Healthy_leaf,0.99994957447052,1,1.066915512084961,7.778720855712891,0.16274166107177734,9.010841369628906
dataset/test/Tomato_Healthy_leaf/unnamed_aug_65aug60.jpg,Tomato_Healthy_leaf,Tomato_Healthy_leaf,0.9999661445617676,1,1.0624513626098633,7.966259002685547,0.17246437072753906,9.204341888427734
dataset/test/Tomato_Healthy_leaf/unnamedaug32.jpg,Tomato_Healthy_leaf,Tomato_Healthy_leaf,0.9999803304672241,1,1.1233596801757812,8.195038795471191,0.16753768920898438,9.488880157470703
dataset/test/Tomato_Septoria_leaf_spot/1723454507354_aug_44aug83.jpg,Tomato_Septoria_leaf_spot,Tomato_Septoria_leaf_spot,0.9813075065612793,1,1.087895393371582,8.02772331237793,0.17057514190673828,9.289490699768066
dataset/test/Tomato_Septoria_leaf_spot/1723454507354_aug_45aug80.jpg,Tomato_Septoria_leaf_spot,Tomato_Septoria_leaf_spot,0.9660073518753052,1,1.0859699249267578,7.789369583129883,0.16437053680419922,9.042156219482422
dataset/test/Tomato_Septoria_leaf_spot/1723454507354aug22.jpg,Tomato_Septoria_leaf_spot,Tomato_Septoria_leaf_spot,0.9726602435112,1,1.0765256881713867,8.312335968017578,0.1630392074584961,9.554677963256836
dataset/test/Tomato_Septoria_leaf_spot/1723454507465_aug_58aug67.jpg,Tomato_Septoria_leaf_spot,Tomato_Septoria_leaf_spot,0.7739057540893555,1,1.0842113494873047,7.942018508911133,0.17088985443115234,9.200360298156738
dataset/test/Tomato_Septoria_leaf_spot/1723454507465_aug_59aug66.jpg,Tomato_Septoria_leaf_spot,Tomato_Septoria_leaf_spot,0.9329586625099182,1,1.1183404922485352,8.044832229614258,0.15713214874267578,9.322805404663086
dataset/test/Tomato_Septoria_leaf_spot/1723454507465aug29.jpg,Tomato_Septoria_leaf_spot,Tomato_Septoria_leaf_spot,0.4872162640094757,1,1.131378173828125,7.783572196960449,0.19570541381835938,9.113006591796875
dataset/test/Tomato_Septoria_leaf_spot/5454635393351680.jpeg_aug_14aug115.jpg,Tomato_Septoria_leaf_spot,Tomato_Septoria_leaf_spot,0.9955388903617859,1,1.1022491455078125,7.952796936035156,0.16396427154541016,9.222286224365234
dataset/test/Tomato_Septoria_leaf_spot/5454635393351680.jpeg_aug_15aug46.jpg,Tomato_Septoria_leaf_spot,Tomato_Septoria_leaf_spot,0.9755472540855408,1,1.073044776916504,7.927946090698242,0.16361236572265625,9.167118072509766
dataset/test/Tomato_Septoria_leaf_spot/5454635393351680.jpegaug7.jpg,Tomato_Septoria_leaf_spot,Tomato_Septoria_leaf_spot,0.9991291165351868,1,1.0820083618164062,7.971036911010742,0.1627044677734375,9.218379020690918
dataset/test/Tomato_Septoria_leaf_spot/6134794031202304-600x272-jpeg_jpg.rf.5482c323fe160b26426628094ae3646baug42.jpg,Tomato_Septoria_leaf_spot,Tomato_Septoria_leaf_spot,1.0,1,1.1371192932128906,10.697075843811035,0.20416736602783203,12.041677474975586
dataset/test/Tomato_Septoria_leaf_spot/66e7583ebe11cf0bd06435e4167bd4fdaug41.jpg,Tomato_Septoria_leaf_spot,Tomato_Septoria_leaf_spot,1.0,1,1.4795093536376953,10.88000202178955,0.20640945434570312,12.569328308105469
dataset/test/Tomato_Septoria_leaf_spot/8_20mistakes_204_aug_72aug61.jpg,Tomato_Septoria_leaf_spot,Tomato_mold_leaf,0.8827738761901855,0,1.4558420181274414,10.968724250793457,0.2036876678466797,12.631328582763672
dataset/test/Tomato_Septoria_leaf_spot/8_20mistakes_204_aug_73aug62.jpg,Tomato_Septoria_leaf_spot,Tomato_mold_leaf,0.8948160409927368,0,1.4666213989257812,11.072464942932129,0.19768714904785156,12.740792274475098
dataset/test/Tomato_Septoria_leaf_spot/8_20mistakes_204aug36.jpg,Tomato_Septoria_leaf_spot,Tomato_mold_leaf,0.9588067531585693,0,1.43719482421875,11.118021011352539,0.2037792205810547,12.762348175048828
dataset/test/Tomato_Septoria_leaf_spot/Gls11_mirror_vertical_aug_42aug85.jpg,Tomato_Septoria_leaf_spot,Tomato_Septoria_leaf_spot,0.999848484992981,1,1.4232501983642578,10.756150245666504,0.20887088775634766,12.39188289642334
dataset/test/Tomato_Septoria_leaf_spot/Gls11_mirror_vertical_aug_43aug86.jpg,Tomato_Septoria_leaf_spot,Tomato_Septoria_leaf_spot,0.995180606842041,1,1.4793071746826172,11.033429145812988,0.20698261260986328,12.723681449890137
dataset/test/Tomato_Septoria_leaf_spot/Gls11_mirror_verticalaug21.jpg,Tomato_Septoria_leaf_spot,Tomato_Septoria_leaf_spot,0.9983685612678528,1,1.4854354858398438,10.931243896484375,0.20446300506591797,12.624310493469238
dataset/test/Tomato_Septoria_leaf_spot/Gls12_mirror_aug_46aug81.jpg,Tomato_Septoria_leaf_spot,Tomato_Septoria_leaf_spot,0.9999995231628418,1,1.5484552383422852,7.948611259460449,0.15901947021484375,9.659049034118652
dataset/test/Tomato_Septoria_leaf_spot/Gls12_mirror_aug_47aug92.jpg,Tomato_Septoria_leaf_spot,Tomato_Septoria_leaf_spot,0.9999997615814209,1,1.112360954284668,7.605257987976074,0.1672983169555664,8.887932777404785
dataset/test/Tomato_Septoria_leaf_spot/Gls12_mirroraug23.jpg,Tomato_Septoria_leaf_spot,Tomato_Septoria_leaf_spot,0.9999996423721313,1,1.0488033294677734,7.664478302001953,0.1685924530029297,8.885322570800781
dataset/test/Tomato_Septoria_leaf_spot/Gls1_mirror_aug_38aug82.jpg,Tomato_Septoria_leaf_spot,Tomato_Septoria_leaf_spot,0.999998927116394,1,1.0984516143798828,7.685588836669922,0.17126083374023438,8.958267211914062
dataset/test/Tomato_Septoria_leaf_spot/Gls1_mirror_aug_39aug84.jpg,Tomato_Septoria_leaf_spot,Tomato_Septoria_leaf_spot,0.9999998807907104,1,1.0367660522460938,7.660035133361816,0.16892719268798828,8.868968963623047
dataset/test/Tomato_Septoria_leaf_spot/Gls1_mirroraug19.jpg,Tomato_Septoria_leaf_spot,Tomato_Septoria_leaf_spot,0.9999524354934692,1,1.0528783798217773,7.677645683288574,0.15963172912597656,8.892524719238281
dataset/test/Tomato_Septoria_leaf_spot/Gls21_change_270aug43.jpg,Tomato_Septoria_leaf_spot,Tomato_leaf_late_blight,0.545928418636322,0,1.048044204711914,7.641960144042969,0.15977859497070312,8.852025032043457
dataset/test/Tomato_Septoria_leaf_spot/Gls21_hight_aug_56aug78.jpg,Tomato_Septoria_leaf_spot,Tomato_Septoria_leaf_spot,0.9999988079071045,1,1.0788040161132812,7.521144866943359,0.2143716812133789,8.81689453125
dataset/test/Tomato_Septoria_leaf_spot/Gls21_hight_aug_57aug79.jpg,Tomato_Septoria_leaf_spot,Tomato_Septoria_leaf_spot,0.9994636178016663,1,1.1339712142944336,7.5941267013549805,0.2184276580810547,8.948951721191406
dataset/test/Tomato_Septoria_leaf_spot/Gls21_hightaug28.jpg,Tomato_Septoria_leaf_spot,Tomato_Septoria_leaf_spot,0.9998168349266052,1,1.0377864837646484,7.673534393310547,0.1602783203125,8.87372875213623
dataset/test/Tomato_Septoria_leaf_spot/Gls29_change_180_aug_40aug89.jpg,Tomato_Septoria_leaf_spot,Tomato_Septoria_leaf_spot,0.9999994039535522,1,1.061598777770996,7.619683265686035,0.16151905059814453,8.84530258178711
dataset/test/Tomato_Septoria_leaf_spot/Gls29_change_180_aug_41aug91.jpg,Tomato_Septoria_leaf_spot,Tomato_Septoria_leaf_spot,0.9999992847442627,1,1.0375633239746094,7.644237518310547,0.17266845703125,8.857969284057617
dataset/test/Tomato_Septoria_leaf_spot/Gls29_change_180aug20.jpg,Tomato_Septoria_leaf_spot,Tomato_Septoria_leaf_spot,0.9999977350234985,1,1.12591552734375,7.812312126159668,0.1618356704711914,9.102749824523926
dataset/test/Tomato_Septoria_leaf_spot/Gls36_hight_aug_20aug116.jpg,Tomato_Septoria_leaf_spot,Tomato_Septoria_leaf_spot,0.9999150037765503,1,1.0682497024536133,7.84999942779541,0.16335296630859375,9.084304809570312
dataset/test/Tomato_Septoria_leaf_spot/Gls36_hight_aug_21aug118.jpg,Tomato_Septoria_leaf_spot,Tomato_Septoria_leaf_spot,0.9995055198669434,1,1.063673973083496,7.840609550476074,0.1620187759399414,9.068822860717773
dataset/test/Tomato_Septoria_leaf_spot/Gls36_hightaug10.jpg,Tomato_Septoria_leaf_spot,Tomato_Septoria_leaf_spot,0.999872088432312,1,1.093099594116211,8.000852584838867,0.15694522857666016,9.253434181213379
dataset/test/Tomato_Septoria_leaf_spot/Gls41_change_270_aug_50aug90.jpg,Tomato_Septoria_leaf_spot,Tomato_Healthy_leaf,0.971382200717926,0,1.1167669296264648,7.793479919433594,0.16189002990722656,9.074488639831543
dataset/test/Tomato_Septoria_leaf_spot/Gls41_change_270_aug_51aug77.jpg,Tomato_Septoria_leaf_spot,Tomato_Septoria_leaf_spot,0.978573739528656,1,1.1157493591308594,7.87127685546875,0.16387081146240234,9.153266906738281
dataset/test/Tomato_Septoria_leaf_spot/Gls41_change_270aug25.jpg,Tomato_Septoria_leaf_spot,Tomato_Septoria_leaf_spot,0.9877243041992188,1,1.0904521942138672,7.913926124572754,0.1652059555053711,9.172138214111328
dataset/test/Tomato_Septoria_leaf_spot/Gls43_change_90_aug_60aug75.jpg,Tomato_Septoria_leaf_spot,Tomato_Septoria_leaf_spot,0.9999939203262329,1,1.0902290344238281,7.969629287719727,0.1637411117553711,9.226880073547363
dataset/test/Tomato_Septoria_leaf_spot/Gls43_change_90_aug_61aug73.jpg,Tomato_Septoria_leaf_spot,Tomato_Septoria_leaf_spot,0.9999868869781494,1,1.107452392578125,7.968149185180664,0.16127872467041016,9.239788055419922
dataset/test/Tomato_Septoria_leaf_spot/Gls43_change_90aug30.jpg,Tomato_Septoria_leaf_spot,Tomato_Septoria_leaf_spot,0.999980092048645,1,1.0527105331420898,7.933333396911621,0.16657543182373047,9.155285835266113
dataset/test/Tomato_Septoria_leaf_spot/Gls46_change_90_aug_6aug53.jpg,Tomato_Septoria_leaf_spot,Tomato_Septoria_leaf_spot,0.9999991655349731,1,1.1398601531982422,7.865851402282715,0.16501998901367188,9.173471450805664
dataset/test/Tomato_Septoria_leaf_spot/Gls46_change_90_aug_7aug56.jpg,Tomato_Septoria_leaf_spot,Tomato_Septoria_leaf_spot,0.9999816417694092,1,1.1191930770874023,7.9758148193359375,0.18026065826416016,9.278602600097656
dataset/test/Tomato_Septoria_leaf_spot/Gls46_change_90aug3.jpg,Tomato_Septoria_leaf_spot,Tomato_Septoria_leaf_spot,0.9999784231185913,1,1.1326560974121094,8.104853630065918,0.16289043426513672,9.403491020202637
dataset/test/Tomato_Septoria_leaf_spot/Gls47aug44.jpg,Tomato_Septoria_leaf_spot,Tomato_Septoria_leaf_spot,0.9999959468841553,1,1.1330451965332031,8.095816612243652,0.1662616729736328,9.39793586730957
dataset/test/Tomato_Septoria_leaf_spot/Gls76_aug_34aug97.jpg,Tomato_Septoria_leaf_spot,Tomato_mold_leaf,0.9709659814834595,0,1.0942115783691406,8.091797828674316,0.1627979278564453,9.351602554321289
dataset/test/Tomato_Septoria_leaf_spot/Gls76_aug_35aug103.jpg,Tomato_Septoria_leaf_spot,Tomato_mold_leaf,0.5848636627197266,0,1.0787105560302734,8.02255630493164,0.16577911376953125,9.270009994506836
dataset/test/Tomato_Septoria_leaf_spot/Gls76_change_180_aug_30aug96.jpg,Tomato_Septoria_leaf_spot,Tomato_mold_leaf,0.982410192489624,0,1.132730484008789,8.012351989746094,0.16501903533935547,9.31308364868164
dataset/test/Tomato_Septoria_leaf_spot/Gls76_change_180_aug_31aug100.jpg,Tomato_Septoria_leaf_spot,Tomato_mold_leaf,0.8906508088111877,0,1.0954322814941406,8.098352432250977,0.16683387756347656,9.363251686096191
dataset/test/Tomato_Septoria_leaf_spot/Gls76_change_180aug15.jpg,Tomato_Septoria_leaf_spot,Tomato_mold_leaf,0.9788886904716492,0,1.109933853149414,8.02524185180664,0.16709327697753906,9.304842948913574
dataset/test/Tomato_Septoria_leaf_spot/Gls76aug17.jpg,Tomato_Septoria_leaf_spot,Tomato_mold_leaf,0.984247088432312,0,1.1923599243164062,8.143037796020508,0.16533565521240234,9.503900527954102
dataset/test/Tomato_Septoria_leaf_spot/Gls7_change_270_aug_64aug68.jpg,Tomato_Septoria_leaf_spot,Tomato_Septoria_leaf_spot,0.9999967813491821,1,1.109156608581543,7.953184127807617,0.16740798950195312,9.232417106628418
dataset/test/Tomato_Septoria_leaf_spot/Gls7_change_270_aug_65aug71.jpg,Tomato_Septoria_leaf_spot,Tomato_Septoria_leaf_spot,0.9999462366104126,1,1.0950078964233398,8.537224769592285,0.16446399688720703,9.799160957336426
dataset/test/Tomato_Septoria_leaf_spot/Gls7_change_270aug32.jpg,Tomato_Septoria_leaf_spot,Tomato_Septoria_leaf_spot,0.9999711513519287,1,1.2309904098510742,9.255934715270996,0.17272377014160156,10.662816047668457
dataset/test/Tomato_Septoria_leaf_spot/Gls7_lower_aug_0aug57.jpg,Tomato_Septoria_leaf_spot,Tomato_Septoria_leaf_spot,0.9989745616912842,1,1.1018791198730469,17.9041805267334,0.1701679229736328,19.17894744873047
dataset/test/Tomato_Septoria_leaf_spot/Gls7_lower_aug_1aug52.jpg,Tomato_Septoria_leaf_spot,Tomato_Septoria_leaf_spot,0.9995778203010559,1,1.1194887161254883,14.585046768188477,0.1719646453857422,15.879405975341797
dataset/test/Tomato_Septoria_leaf_spot/Gls7_loweraug0.jpg,Tomato_Septoria_leaf_spot,Tomato_Septoria_leaf_spot,0.999943733215332,1,1.1087112426757812,8.303632736206055,0.17759323120117188,9.593160629272461
dataset/test/Tomato_Septoria_leaf_spot/Gls81_lower_aug_2aug51.jpg,Tomato_Septoria_leaf_spot,Tomato_Septoria_leaf_spot,0.9999953508377075,1,1.105952262878418,8.088167190551758,0.17048358917236328,9.367918014526367
dataset/test/Tomato_Septoria_leaf_spot/Gls81_lower_aug_3aug54.jpg,Tomato_Septoria_leaf_spot,Tomato_Septoria_leaf_spot,0.9999979734420776,1,1.050933837890625,8.225834846496582,0.16550159454345703,9.444880485534668
dataset/test/Tomato_Septoria_leaf_spot/Gls81_loweraug1.jpg,Tomato_Septoria_leaf_spot,Tomato_Septoria_leaf_spot,0.9999583959579468,1,1.0631742477416992,8.031112670898438,0.1668529510498047,9.263879776000977
dataset/test/Tomato_Septoria_leaf_spot/IMG-20240812-WA0213_aug_70aug59.jpg,Tomato_Septoria_leaf_spot,Tomato_Early_blight_leaf,0.9886658191680908,0,1.1963605880737305,8.275186538696289,0.16670513153076172,9.64180850982666
dataset/test/Tomato_Septoria_leaf_spot/IMG-20240812-WA0213_aug_71aug60.jpg,Tomato_Septoria_leaf_spot,Tomato_Early_blight_leaf,0.9985255599021912,0,1.1341381072998047,8.258983612060547,0.21383380889892578,9.60982608795166
dataset/test/Tomato_Septoria_leaf_spot/IMG-20240812-WA0213aug35.jpg,Tomato_Septoria_leaf_spot,Tomato_Early_blight_leaf,0.9985929131507874,0,1.1487855911254883,12.010638236999512,0.1677227020263672,13.329816818237305
dataset/test/Tomato_Septoria_leaf_spot/Original_e-blight.JPG.rend.hgtvcom.966.725.jpeg_aug_52aug74.jpg,Tomato_Septoria_leaf_spot,Tomato_Septoria_leaf_spot,1.0,1,1.2681188583374023,8.27739143371582,0.1667613983154297,9.715105056762695
dataset/test/Tomato_Septoria_leaf_spot/Original_e-blight.JPG.rend.hgtvcom.966.725.jpeg_aug_53aug76.jpg,Tomato_Septoria_leaf_spot,Tomato_Septoria_leaf_spot,0.9999994039535522,1,1.1237850189208984,8.043946266174316,0.16700172424316406,9.337509155273438
dataset/test/Tomato_Septoria_leaf_spot/Original_e-blight.JPG.rend.hgtvcom.966.725.jpegaug26.jpg,Tomato_Septoria_leaf_spot,Tomato_Septoria_leaf_spot,1.0,1,1.151174545288086,8.121537208557129,0.17696475982666016,9.45330810546875
dataset/test/Tomato_Septoria_leaf_spot/SS_ (990)_aug_24aug107.jpg,Tomato_Septoria_leaf_spot,Tomato_Septoria_leaf_spot,1.0,1,1.105341911315918,8.101798057556152,0.1689453125,9.37906551361084
dataset/test/Tomato_Septoria_leaf_spot/SS_ (990)_aug_25aug113.jpg,Tomato_Septoria_leaf_spot,Tomato_Septoria_leaf_spot,1.0,1,1.0993976593017578,8.77391242980957,0.1583719253540039,10.034106254577637
dataset/test/Tomato_Septoria_leaf_spot/SS_ (990)aug12.jpg,Tomato_Septoria_leaf_spot,Tomato_Septoria_leaf_spot,1.0,1,1.0990266799926758,9.045580863952637,0.16268539428710938,10.309535026550293
dataset/test/Tomato_Septoria_leaf_spot/Septoria_tomato_Margaret-20B_p8170755_0002_25004_jpg.rf.3fbb14d553c623c77f342b3a54baddab_aug_66aug70.jpg,Tomato_Septoria_leaf_spot,Tomato_Septoria_leaf_spot,0.8914188742637634,1,1.1723976135253906,8.93308162689209,0.16213035583496094,10.27010726928711
dataset/test/Tomato_Septoria_leaf_spot/Septoria_tomato_Margaret-20B_p8170755_0002_25004_jpg.rf.3fbb14d553c623c77f342b3a54baddab_aug_67aug63.jpg,Tomato_Septoria_leaf_spot,Tomato_Septoria_leaf_spot,0.9999496936798096,1,1.142674446105957,7.987630844116211,0.18781566619873047,9.321307182312012
dataset/test/Tomato_Septoria_leaf_spot/Septoria_tomato_Margaret-20B_p8170755_0002_25004_jpg.rf.3fbb14d553c623c77f342b3a54baddabaug33.jpg,Tomato_Septoria_leaf_spot,Tomato_Septoria_leaf_spot,0.9999510049819946,1,1.2321739196777344,7.9300537109375,0.16940879821777344,9.334213256835938
dataset/test/Tomato_Septoria_leaf_spot/Tomato-Plant-with-Septoria-Leaf-Spot_aug_68aug65.jpg,Tomato_Septoria_leaf_spot,Tomato_mold_leaf,0.9029566645622253,0,1.2053050994873047,8.220983505249023,0.16890907287597656,9.597955703735352
dataset/test/Tomato_Septoria_leaf_spot/Tomato-Plant-with-Septoria-Leaf-Spot_aug_69aug64.jpg,Tomato_Septoria_leaf_spot,Tomato_Septoria_leaf_spot,0.858318030834198,1,1.1858797073364258,8.15809440612793,0.16822338104248047,9.514974594116211
dataset/test/Tomato_Septoria_leaf_spot/Tomato-Plant-with-Septoria-Leaf-Spotaug34.jpg,Tomato_Septoria_leaf_spot,Tomato_mold_leaf,0.7766380310058594,0,1.1375818252563477,8.147093772888184,0.16731548309326172,9.454750061035156
dataset/test/Tomato_Septoria_leaf_spot/b54d0e40027ff5e90e8ba7e1e9abf9bdaug39.jpg,Tomato_Septoria_leaf_spot,Tomato_Septoria_leaf_spot,0.9999995231628418,1,1.125248908996582,8.161890029907227,0.1694469451904297,9.459437370300293
dataset/test/Tomato_Septoria_leaf_spot/classic-septoria_aug_10aug48.jpg,Tomato_Septoria_leaf_spot,Tomato_Septoria_leaf_spot,0.9996848106384277,1,1.1664342880249023,8.12466812133789,0.16492652893066406,9.45854663848877
dataset/test/Tomato_Septoria_leaf_spot/classic-septoria_aug_11aug49.jpg,Tomato_Septoria_leaf_spot,Tomato_Septoria_leaf_spot,0.9999362230300903,1,1.1403417587280273,8.075501441955566,0.16666793823242188,9.3851957321167
dataset/test/Tomato_Septoria_leaf_spot/classic-septoriaaug5.jpg,Tomato_Septoria_leaf_spot,Tomato_Septoria_leaf_spot,0.9999990463256836,1,1.2116384506225586,8.07392692565918,0.16527938842773438,9.45356559753418
dataset/test/Tomato_Septoria_leaf_spot/early+blight+on+leaf+yel+halo+IMG_2313.JPG_aug_62aug69.jpg,Tomato_Septoria_leaf_spot,Tomato_Septoria_leaf_spot,0.9999998807907104,1,1.163156509399414,7.974703788757324,0.16942596435546875,9.309379577636719
dataset/test/Tomato_Septoria_leaf_spot/early+blight+on+leaf+yel+halo+IMG_2313.JPG_aug_63aug72.jpg,Tomato_Septoria_leaf_spot,Tomato_Septoria_leaf_spot,1.0,1,1.1302108764648438,8.143758773803711,0.16615009307861328,9.443140029907227
dataset/test/Tomato_Septoria_leaf_spot/early+blight+on+leaf+yel+halo+IMG_2313.JPGaug31.jpg,Tomato_Septoria_leaf_spot,Tomato_Septoria_leaf_spot,1.0,1,1.1183404922485352,8.065611839294434,0.1654825210571289,9.352028846740723
dataset/test/Tomato_Septoria_leaf_spot/early-blight-of-tomato-tomato-1aug38.jpg,Tomato_Septoria_leaf_spot,Tomato_Septoria_leaf_spot,0.9999885559082031,1,1.1322126388549805,8.10222339630127,0.15953826904296875,9.39660358428955
dataset/test/Tomato_Septoria_leaf_spot/eblight5_aug_18aug110.jpg,Tomato_Septoria_leaf_spot,Tomato_Septoria_leaf_spot,0.8676145076751709,1,1.0841741561889648,7.916871070861816,0.20540904998779297,9.2086763381958
dataset/test/Tomato_Septoria_leaf_spot/eblight5_aug_19aug117.jpg,Tomato_Septoria_leaf_spot,Tomato_Septoria_leaf_spot,0.9950959086418152,1,1.071803092956543,7.989519119262695,0.1655559539794922,9.22967529296875
dataset/test/Tomato_Septoria_leaf_spot/eblight5aug9.jpg,Tomato_Septoria_leaf_spot,Tomato_Septoria_leaf_spot,0.9985743761062622,1,1.0573577880859375,8.1099271774292,0.16646385192871094,9.336990356445312
dataset/test/Tomato_Septoria_leaf_spot/images (1)_aug_54aug93.jpg,Tomato_Septoria_leaf_spot,Tomato_Septoria_leaf_spot,0.9999909400939941,1,1.0788965225219727,8.095816612243652,0.19622325897216797,9.374103546142578
dataset/test/Tomato_Septoria_leaf_spot/images (1)_aug_55aug87.jpg,Tomato_Septoria_leaf_spot,Tomato_Septoria_leaf_spot,0.9999972581863403,1,1.0832109451293945,8.878912925720215,0.16735267639160156,10.13212776184082
dataset/test/Tomato_Septoria_leaf_spot/images (1)aug27.jpg,Tomato_Septoria_leaf_spot,Tomato_Septoria_leaf_spot,0.9999996423721313,1,1.0826187133789062,8.005573272705078,0.16705703735351562,9.25797176361084
dataset/test/Tomato_Septoria_leaf_spot/tomato-blight-treatment-blight_jpg.rf.78cbf6055199828cb682fd0a6435a157_aug_74aug58.jpg,Tomato_Septoria_leaf_spot,Tomato_Septoria_leaf_spot,1.0,1,1.1349334716796875,8.40085506439209,0.16507530212402344,9.703437805175781
dataset/test/Tomato_Septoria_leaf_spot/tomato-blight-treatment-blight_jpg.rf.78cbf6055199828cb682fd0a6435a157aug37.jpg,Tomato_Septoria_leaf_spot,Tomato_Septoria_leaf_spot,1.0,1,1.0950069427490234,8.105557441711426,0.16100120544433594,9.364251136779785
dataset/test/Tomato_Septoria_leaf_spot/tomato-early-blight-e1437503226856_aug_4aug50.jpg,Tomato_Septoria_leaf_spot,Tomato_Septoria_leaf_spot,0.9999998807907104,1,1.1174163818359375,8.132352828979492,0.1802053451538086,9.432602882385254
dataset/test/Tomato_Septoria_leaf_spot/tomato-early-blight-e1437503226856_aug_5aug55.jpg,Tomato_Septoria_leaf_spot,Tomato_Septoria_leaf_spot,0.9999995231628418,1,1.1537847518920898,7.971814155578613,0.1627969741821289,9.291379928588867
dataset/test/Tomato_Septoria_leaf_spot/tomato-early-blight-e1437503226856aug2.jpg,Tomato_Septoria_leaf_spot,Tomato_Septoria_leaf_spot,1.0,1,1.1199522018432617,7.829442977905273,0.1654834747314453,9.118229866027832
dataset/test/Tomato_Septoria_leaf_spot/tomato-early-blightH_jpg.rf.2633fbae0a933eb2711cb8466f34aca1_aug_12aug119.jpg,Tomato_Septoria_leaf_spot,Tomato_Septoria_leaf_spot,0.9915315508842468,1,1.1660261154174805,7.903757095336914,0.1636495590209961,9.236193656921387
dataset/test/Tomato_Septoria_leaf_spot/tomato-early-blightH_jpg.rf.2633fbae0a933eb2711cb8466f34aca1_aug_13aug114.jpg,Tomato_Septoria_leaf_spot,Tomato_Septoria_leaf_spot,0.9999550580978394,1,1.1562490463256836,7.934314727783203,0.1637411117553711,9.25697135925293
dataset/test/Tomato_Septoria_leaf_spot/tomato-early-blightH_jpg.rf.2633fbae0a933eb2711cb8466f34aca1aug6.jpg,Tomato_Septoria_leaf_spot,Tomato_Septoria_leaf_spot,0.9999887943267822,1,1.1232671737670898,8.01349925994873,0.1642780303955078,9.303638458251953
dataset/test/Tomato_Septoria_leaf_spot/tomato-septoria-3-500x384_aug_32aug104.jpg,Tomato_Septoria_leaf_spot,Tomato_Septoria_leaf_spot,0.9999984502792358,1,1.1008586883544922,7.937685012817383,0.16516780853271484,9.206193923950195
dataset/test/Tomato_Septoria_leaf_spot/tomato-septoria-3-500x384_aug_33aug106.jpg,Tomato_Septoria_leaf_spot,Tomato_Septoria_leaf_spot,0.9999984502792358,1,1.1191740036010742,7.996480941772461,0.16376113891601562,9.281786918640137
dataset/test/Tomato_Septoria_leaf_spot/tomato-septoria-3-500x384_jpg.rf.40a23512bd3b6d8df2115d7f591913fb_aug_16aug112.jpg,Tomato_Septoria_leaf_spot,Tomato_Septoria_leaf_spot,0.9999253749847412,1,1.0847110748291016,7.855219841003418,0.16479778289794922,9.107434272766113
dataset/test/Tomato_Septoria_leaf_spot/tomato-septoria-3-500x384_jpg.rf.40a23512bd3b6d8df2115d7f591913fb_aug_17aug111.jpg,Tomato_Septoria_leaf_spot,Tomato_Septoria_leaf_spot,0.9998774528503418,1,1.0962486267089844,8.109557151794434,0.16424179077148438,9.372547149658203
dataset/test/Tomato_Septoria_leaf_spot/tomato-septoria-3-500x384_jpg.rf.40a23512bd3b6d8df2115d7f591913fbaug8.jpg,Tomato_Septoria_leaf_spot,Tomato_Septoria_leaf_spot,0.9999945163726807,1,1.1237115859985352,7.916314125061035,0.1602039337158203,9.202564239501953
dataset/test/Tomato_Septoria_leaf_spot/tomato-septoria-3-500x384aug16.jpg,Tomato_Septoria_leaf_spot,Tomato_Septoria_leaf_spot,0.9999958276748657,1,1.080526351928711,7.874739646911621,0.17859363555908203,9.136600494384766
dataset/test/Tomato_Septoria_leaf_spot/tomato-septoria-5_jpg.rf.fab97ae4bb3726e33dcbde7262ec6a65aug40.jpg,Tomato_Septoria_leaf_spot,Tomato_Septoria_leaf_spot,0.9978933930397034,1,1.1901931762695312,8.20103931427002,0.1737051010131836,9.567474365234375
dataset/test/Tomato_Septoria_leaf_spot/tomato-septoria-leaf-spot--_aug_22aug109.jpg,Tomato_Septoria_leaf_spot,Tomato_Septoria_leaf_spot,0.7941931486129761,1,1.2123603820800781,7.998666763305664,0.1652050018310547,9.378954887390137
dataset/test/Tomato_Septoria_leaf_spot/tomato-septoria-leaf-spot--_aug_23aug108.jpg,Tomato_Septoria_leaf_spot,Tomato_Septoria_leaf_spot,0.9494217038154602,1,1.1743593215942383,8.013240814208984,0.1673898696899414,9.357879638671875
dataset/test/Tomato_Septoria_leaf_spot/tomato-septoria-leaf-spot--_jpg.rf.06783859d6d3e49976374e4146674e0b_aug_48aug94.jpg,Tomato_Septoria_leaf_spot,Tomato_Septoria_leaf_spot,0.7806608080863953,1,1.1615829467773438,8.06875991821289,0.16679859161376953,9.400120735168457
dataset/test/Tomato_Septoria_leaf_spot/tomato-septoria-leaf-spot--_jpg.rf.06783859d6d3e49976374e4146674e0b_aug_49aug88.jpg,Tomato_Septoria_leaf_spot,Tomato_Septoria_leaf_spot,0.9939625859260559,1,1.240675926208496,8.090612411499023,0.1653900146484375,9.499585151672363
dataset/test/Tomato_Septoria_leaf_spot/tomato-septoria-leaf-spot--_jpg.rf.06783859d6d3e49976374e4146674e0baug24.jpg,Tomato_Septoria_leaf_spot,Tomato_Septoria_leaf_spot,0.7025809288024902,1,1.206416130065918,8.169631958007812,0.16481590270996094,9.543585777282715
dataset/test/Tomato_Septoria_leaf_spot/tomato-septoria-leaf-spot--_jpg.rf.5e63d9a20f5557b9bb3617e79b48ef85_aug_26aug95.jpg,Tomato_Septoria_leaf_spot,Tomato_Septoria_leaf_spot,0.7397041916847229,1,1.2020082473754883,8.2023344039917,0.2050018310546875,9.612308502197266
dataset/test/Tomato_Septoria_leaf_spot/tomato-septoria-leaf-spot--_jpg.rf.5e63d9a20f5557b9bb3617e79b48ef85_aug_27aug101.jpg,Tomato_Septoria_leaf_spot,Tomato_Septoria_leaf_spot,0.9779794812202454,1,1.1706562042236328,8.163687705993652,0.16370582580566406,9.500622749328613
dataset/test/Tomato_Septoria_leaf_spot/tomato-septoria-leaf-spot--_jpg.rf.5e63d9a20f5557b9bb3617e79b48ef85aug13.jpg,Tomato_Septoria_leaf_spot,Tomato_Septoria_leaf_spot,0.9940837025642395,1,1.1637678146362305,8.169240951538086,0.16102027893066406,9.496862411499023
dataset/test/Tomato_Septoria_leaf_spot/tomato-septoria-leaf-spot--aug11.jpg,Tomato_Septoria_leaf_spot,Tomato_Septoria_leaf_spot,0.9062908291816711,1,1.2376384735107422,8.315706253051758,0.15468788146972656,9.710790634155273
dataset/test/Tomato_Septoria_leaf_spot/tomato-septoria-leaf-spot-_aug_28aug105.jpg,Tomato_Septoria_leaf_spot,Tomato_Septoria_leaf_spot,0.9315218925476074,1,1.119619369506836,8.059741973876953,0.16774272918701172,9.349730491638184
dataset/test/Tomato_Septoria_leaf_spot/tomato-septoria-leaf-spot-_aug_29aug102.jpg,Tomato_Septoria_leaf_spot,Tomato_Septoria_leaf_spot,0.9479405879974365,1,1.1557865142822266,10.571017265319824,0.2134084701538086,11.943380355834961
dataset/test/Tomato_Septoria_leaf_spot/tomato-septoria-leaf-spot-aug14.jpg,Tomato_Septoria_leaf_spot,Tomato_Septoria_leaf_spot,0.9999886751174927,1,1.491084098815918,10.869002342224121,0.20711326599121094,12.571069717407227
dataset/test/Tomato_Septoria_leaf_spot/tomato_D2b-Early-blight---RPitblado_zoom_jpg.rf.93df1c3cb830b3940e4a23a5c4a05598_aug_8aug45.jpg,Tomato_Septoria_leaf_spot,Tomato_Septoria_leaf_spot,0.9999823570251465,1,1.6111774444580078,10.938075065612793,0.20427989959716797,12.757292747497559
dataset/test/Tomato_Septoria_leaf_spot/tomato_D2b-Early-blight---RPitblado_zoom_jpg.rf.93df1c3cb830b3940e4a23a5c4a05598_aug_9aug47.jpg,Tomato_Septoria_leaf_spot,Tomato_Septoria_leaf_spot,0.9999403953552246,1,1.5876970291137695,10.958688735961914,0.20468616485595703,12.75423812866211
dataset/test/Tomato_Septoria_leaf_spot/tomato_D2b-Early-blight---RPitblado_zoom_jpg.rf.93df1c3cb830b3940e4a23a5c4a05598aug4.jpg,Tomato_Septoria_leaf_spot,Tomato_Septoria_leaf_spot,0.9995118379592896,1,1.6371040344238281,10.88770580291748,0.19550132751464844,12.723495483398438
dataset/test/Tomato_Septoria_leaf_spot/tomatoseptorialeafspotjpg-788d20798a3c74e7_aug_36aug98.jpg,Tomato_Septoria_leaf_spot,Tomato_Septoria_leaf_spot,0.9999734163284302,1,1.4718437194824219,11.14426326751709,0.20718765258789062,12.826497077941895
dataset/test/Tomato_Septoria_leaf_spot/tomatoseptorialeafspotjpg-788d20798a3c74e7_aug_37aug99.jpg,Tomato_Septoria_leaf_spot,Tomato_Septoria_leaf_spot,0.9988057613372803,1,1.5461044311523438,11.465856552124023,0.20359325408935547,13.21894359588623
dataset/test/Tomato_Septoria_leaf_spot/tomatoseptorialeafspotjpg-788d20798a3c74e7aug18.jpg,Tomato_Septoria_leaf_spot,Tomato_Septoria_leaf_spot,0.9997746348381042,1,1.5321216583251953,8.387577056884766,0.16266822814941406,10.08529281616211
dataset/test/Tomato_leaf_late_blight/Gls74_change_90_aug_66aug46.jpg,Tomato_leaf_late_blight,Tomato_leaf_late_blight,0.6613628268241882,1,1.0676546096801758,7.994463920593262,0.16918563842773438,9.234435081481934
dataset/test/Tomato_leaf_late_blight/Gls74_change_90_aug_67aug49.jpg,Tomato_leaf_late_blight,Tomato_leaf_late_blight,0.8797034025192261,1,1.0702295303344727,7.901556015014648,0.16994571685791016,9.145007133483887
dataset/test/Tomato_leaf_late_blight/Gls74_change_90_aug_68aug41.jpg,Tomato_leaf_late_blight,Tomato_leaf_late_blight,0.48486536741256714,1,1.1159343719482422,7.823739051818848,0.16489124298095703,9.106951713562012
dataset/test/Tomato_leaf_late_blight/Gls74_change_90aug22.jpg,Tomato_leaf_late_blight,Tomato_Septoria_leaf_spot,0.7881370186805725,0,1.0740070343017578,8.004315376281738,0.16316699981689453,9.24428653717041
dataset/test/Tomato_leaf_late_blight/Gls78_change_270_aug_24aug95.jpg,Tomato_leaf_late_blight,Tomato_leaf_late_blight,0.9959191679954529,1,1.0622844696044922,7.957611083984375,0.16518592834472656,9.187359809875488
dataset/test/Tomato_leaf_late_blight/Gls78_change_270_aug_25aug80.jpg,Tomato_leaf_late_blight,Tomato_leaf_late_blight,0.9970555305480957,1,1.083841323852539,7.830683708190918,0.17083263397216797,9.087730407714844
dataset/test/Tomato_leaf_late_blight/Gls78_change_270_aug_26aug81.jpg,Tomato_leaf_late_blight,Tomato_leaf_late_blight,0.9143429398536682,1,1.1630821228027344,7.906795501708984,0.1664276123046875,9.238842010498047
dataset/test/Tomato_leaf_late_blight/Gls78_change_270aug8.jpg,Tomato_leaf_late_blight,Tomato_leaf_late_blight,0.9951257109642029,1,1.1435270309448242,7.851813316345215,0.16424274444580078,9.162156105041504
dataset/test/Tomato_leaf_late_blight/Gls79_change_270_aug_51aug69.jpg,Tomato_leaf_late_blight,Tomato_leaf_late_blight,0.9999771118164062,1,1.1059885025024414,7.984999656677246,0.16229724884033203,9.255841255187988
dataset/test/Tomato_leaf_late_blight/Gls79_change_270_aug_52aug74.jpg,Tomato_leaf_late_blight,Tomato_leaf_late_blight,0.9999945163726807,1,1.080174446105957,8.0024995803833,0.15572357177734375,9.240824699401855
dataset/test/Tomato_leaf_late_blight/Gls79_change_270_aug_53aug68.jpg,Tomato_leaf_late_blight,Tomato_leaf_late_blight,0.9999978542327881,1,1.0273218154907227,10.76500129699707,0.20339107513427734,11.999139785766602
dataset/test/Tomato_leaf_late_blight/Gls79_change_270aug17.jpg,Tomato_leaf_late_blight,Tomato_leaf_late_blight,0.9998216032981873,1,1.3959159851074219,10.726648330688477,0.20427989959716797,12.330400466918945
dataset/test/Tomato_leaf_late_blight/Gls79_change_90_aug_27aug85.jpg,Tomato_leaf_late_blight,Tomato_leaf_late_blight,0.7518481612205505,1,1.400010108947754,10.750982284545898,0.2049274444580078,12.360160827636719
dataset/test/Tomato_leaf_late_blight/Gls79_change_90_aug_28aug97.jpg,Tomato_leaf_late_blight,Tomato_leaf_late_blight,0.8984828591346741,1,1.3882312774658203,10.857111930847168,0.20550155639648438,12.454254150390625
dataset/test/Tomato_leaf_late_blight/Gls79_change_90_aug_29aug89.jpg,Tomato_leaf_late_blight,Tomato_leaf_late_blight,0.9493468403816223,1,1.4342880249023438,10.964707374572754,0.1967611312866211,12.598865509033203
dataset/test/Tomato_leaf_late_blight/Gls79_change_90aug9.jpg,Tomato_leaf_late_blight,Tomato_leaf_late_blight,0.9983275532722473,1,1.4035835266113281,10.79981517791748,0.2066478729248047,12.413124084472656
dataset/test/Tomato_leaf_late_blight/Gls79_mirror_aug_15aug104.jpg,Tomato_leaf_late_blight,Tomato_leaf_late_blight,0.9999990463256836,1,1.4182319641113281,11.115077018737793,0.24714946746826172,12.784477233886719
dataset/test/Tomato_leaf_late_blight/Gls79_mirror_aug_16aug113.jpg,Tomato_leaf_late_blight,Tomato_leaf_late_blight,0.9998595714569092,1,1.3941583633422852,10.880224227905273,0.20694637298583984,12.484865188598633
dataset/test/Tomato_leaf_late_blight/Gls79_mirror_aug_17aug109.jpg,Tomato_leaf_late_blight,Tomato_leaf_late_blight,0.9999918937683105,1,1.3902873992919922,8.390966415405273,0.16531658172607422,9.950014114379883
dataset/test/Tomato_leaf_late_blight/Gls79_mirroraug5.jpg,Tomato_leaf_late_blight,Tomato_leaf_late_blight,0.9999815225601196,1,1.0177841186523438,7.673053741455078,0.16624164581298828,8.860044479370117
dataset/test/Tomato_leaf_late_blight/IMG_20251102_155822aug32.jpg,Tomato_leaf_late_blight,Tomato_mold_leaf,0.4660344421863556,0,1.107229232788086,7.671886444091797,0.1573162078857422,8.938711166381836
dataset/test/Tomato_leaf_late_blight/IMG_20251102_160928aug33.jpg,Tomato_leaf_late_blight,Tomato_Early_blight_leaf,0.9415051937103271,0,1.0401735305786133,7.480403900146484,0.1669445037841797,8.690357208251953
dataset/test/Tomato_leaf_late_blight/IMG_20251102_161202_aug_57aug50.jpg,Tomato_leaf_late_blight,Tomato_Early_blight_leaf,0.9999315738677979,0,1.1143970489501953,7.692035675048828,0.15772342681884766,8.966729164123535
dataset/test/Tomato_leaf_late_blight/IMG_20251102_161202_aug_58aug52.jpg,Tomato_leaf_late_blight,Tomato_Early_blight_leaf,0.9993740916252136,0,1.1013965606689453,7.571516990661621,0.1542043685913086,8.829394340515137
dataset/test/Tomato_leaf_late_blight/IMG_20251102_161202_aug_59aug39.jpg,Tomato_leaf_late_blight,Tomato_Early_blight_leaf,0.9996755123138428,0,1.1555824279785156,7.512478828430176,0.15999984741210938,8.830728530883789
dataset/test/Tomato_leaf_late_blight/IMG_20251102_161202aug19.jpg,Tomato_leaf_late_blight,Tomato_Early_blight_leaf,0.9999017715454102,0,1.144155502319336,7.477903366088867,0.16081619262695312,8.785135269165039
dataset/test/Tomato_leaf_late_blight/IMG_5808_jpg.rf.9de5af872dd2e7a58b115c4826fb18d4_aug_63aug53.jpg,Tomato_leaf_late_blight,Tomato_leaf_late_blight,0.9993497729301453,1,1.052229881286621,7.5884599685668945,0.15970325469970703,8.803116798400879
dataset/test/Tomato_leaf_late_blight/IMG_5808_jpg.rf.9de5af872dd2e7a58b115c4826fb18d4_aug_64aug43.jpg,Tomato_leaf_late_blight,Tomato_leaf_late_blight,0.9996433258056641,1,1.0637283325195312,8.286724090576172,0.16061115264892578,9.513456344604492
dataset/test/Tomato_leaf_late_blight/IMG_5808_jpg.rf.9de5af872dd2e7a58b115c4826fb18d4_aug_65aug38.jpg,Tomato_leaf_late_blight,Tomato_leaf_late_blight,0.9999110698699951,1,1.0727663040161133,7.546367645263672,0.15826034545898438,8.780284881591797
dataset/test/Tomato_leaf_late_blight/IMG_5808_jpg.rf.9de5af872dd2e7a58b115c4826fb18d4aug21.jpg,Tomato_leaf_late_blight,Tomato_leaf_late_blight,0.9996315240859985,1,1.093191146850586,7.998110771179199,0.17540836334228516,9.269824028015137
dataset/test/Tomato_leaf_late_blight/LB_ (254)_aug_54aug73.jpg,Tomato_leaf_late_blight,Tomato_leaf_late_blight,0.9949507713317871,1,1.0372285842895508,9.976033210754395,0.19898223876953125,11.215041160583496
dataset/test/Tomato_leaf_late_blight/LB_ (254)_aug_55aug71.jpg,Tomato_leaf_late_blight,Tomato_leaf_late_blight,0.9999728202819824,1,1.0373764038085938,20.54042148590088,0.16849994659423828,21.7492618560791
dataset/test/Tomato_leaf_late_blight/LB_ (254)_aug_56aug78.jpg,Tomato_leaf_late_blight,Tomato_leaf_late_blight,0.99982750415802,1,1.0576553344726562,13.684059143066406,0.16016674041748047,14.904678344726562
dataset/test/Tomato_leaf_late_blight/LB_ (254)aug18.jpg,Tomato_leaf_late_blight,Tomato_leaf_late_blight,0.9999632835388184,1,1.039266586303711,7.929128646850586,0.18024158477783203,9.151840209960938
dataset/test/Tomato_leaf_late_blight/LB_ (276)_aug_60aug45.jpg,Tomato_leaf_late_blight,Tomato_leaf_late_blight,0.9999780654907227,1,1.0787477493286133,7.941554069519043,0.16462993621826172,9.187602043151855
dataset/test/Tomato_leaf_late_blight/LB_ (276)_aug_61aug44.jpg,Tomato_leaf_late_blight,Tomato_leaf_late_blight,0.9996695518493652,1,1.104619026184082,8.015425682067871,0.16627979278564453,9.289212226867676
dataset/test/Tomato_leaf_late_blight/LB_ (276)_aug_62aug40.jpg,Tomato_leaf_late_blight,Tomato_leaf_late_blight,0.9999990463256836,1,1.0457477569580078,8.043499946594238,0.16472339630126953,9.256768226623535
dataset/test/Tomato_leaf_late_blight/LB_ (276)aug20.jpg,Tomato_leaf_late_blight,Tomato_leaf_late_blight,0.9999412298202515,1,1.054081916809082,7.931407928466797,0.16618633270263672,9.154378890991211
dataset/test/Tomato_leaf_late_blight/Late-blight-foliar-leasion-on-tomato_jpg.rf.331af81e5b2aae24af0dc9b6d9933591_aug_72aug60.jpg,Tomato_leaf_late_blight,Tomato_leaf_late_blight,0.9999991655349731,1,1.1820449829101562,8.145408630371094,0.1661691665649414,9.496103286743164
dataset/test/Tomato_leaf_late_blight/Late-blight-foliar-leasion-on-tomato_jpg.rf.331af81e5b2aae24af0dc9b6d9933591_aug_73aug51.jpg,Tomato_leaf_late_blight,Tomato_leaf_late_blight,0.9999951124191284,1,1.1570634841918945,8.00361156463623,0.16579914093017578,9.329084396362305
dataset/test/Tomato_leaf_late_blight/Late-blight-foliar-leasion-on-tomato_jpg.rf.331af81e5b2aae24af0dc9b6d9933591_aug_74aug37.jpg,Tomato_leaf_late_blight,Tomato_leaf_late_blight,0.9999997615814209,1,1.1863231658935547,8.104000091552734,0.15998172760009766,9.452510833740234
dataset/test/Tomato_leaf_late_blight/Late-blight-foliar-leasion-on-tomato_jpg.rf.331af81e5b2aae24af0dc9b6d9933591aug24.jpg,Tomato_leaf_late_blight,Tomato_leaf_late_blight,0.9999997615814209,1,1.182509422302246,8.23007583618164,0.1549081802368164,9.569788932800293
dataset/test/Tomato_leaf_late_blight/Late-blight-on-a-tomato-leaf_jpg.rf.8a0bcac661db5b0d51beab8e2bf6cd6caug29.jpg,Tomato_leaf_late_blight,Tomato_leaf_late_blight,1.0,1,1.0899324417114258,8.024388313293457,0.16614913940429688,9.283064842224121
dataset/test/Tomato_leaf_late_blight/Late-blight-on-a-tomato-leaf_jpg.rf.8defdb736385f3e1da6fba17b2786ac9_aug_84aug36.jpg,Tomato_leaf_late_blight,Tomato_leaf_late_blight,0.9999997615814209,1,1.1031370162963867,8.021870613098145,0.16587257385253906,9.29325008392334
dataset/test/Tomato_leaf_late_blight/Late-blight-on-a-tomato-leaf_jpg.rf.8defdb736385f3e1da6fba17b2786ac9aug28.jpg,Tomato_leaf_late_blight,Tomato_leaf_late_blight,0.9999997615814209,1,1.1323423385620117,8.011462211608887,0.16674137115478516,9.313584327697754
dataset/test/Tomato_leaf_late_blight/Late-blight-symptoms-on-tomato-leaves-1r3uhy2_jpg.rf.92fa5ba375a2c3ce572ef7e12695be90aug31.jpg,Tomato_leaf_late_blight,Tomato_leaf_late_blight,0.9841683506965637,1,1.1199150085449219,8.254612922668457,0.16696453094482422,9.543807983398438
dataset/test/Tomato_leaf_late_blight/Late-blight-tomato-leaf-VikramBisht-MBag_jpg.rf.ec494f1ab0c0417fed47095af181f852_aug_6aug117.jpg,Tomato_leaf_late_blight,Tomato_leaf_late_blight,0.9997918009757996,1,1.1434154510498047,9.10026741027832,0.1676311492919922,10.414091110229492
dataset/test/Tomato_leaf_late_blight/Late-blight-tomato-leaf-VikramBisht-MBag_jpg.rf.ec494f1ab0c0417fed47095af181f852_aug_7aug116.jpg,Tomato_leaf_late_blight,Tomato_leaf_late_blight,0.9898433685302734,1,1.1133413314819336,8.08413028717041,0.16518592834472656,9.36534309387207
dataset/test/Tomato_leaf_late_blight/Late-blight-tomato-leaf-VikramBisht-MBag_jpg.rf.ec494f1ab0c0417fed47095af181f852_aug_8aug115.jpg,Tomato_leaf_late_blight,Tomato_leaf_late_blight,0.9997003078460693,1,1.1273422241210938,8.186389923095703,0.17140865325927734,9.487881660461426
dataset/test/Tomato_leaf_late_blight/Late-blight-tomato-leaf-VikramBisht-MBag_jpg.rf.ec494f1ab0c0417fed47095af181f852aug2.jpg,Tomato_leaf_late_blight,Tomato_leaf_late_blight,0.9996209144592285,1,1.196157455444336,10.812315940856934,0.20652103424072266,12.217955589294434
dataset/test/Tomato_leaf_late_blight/LateBlight-Tomato-JJ-2009-17nxg4q_aug_36aug79.jpg,Tomato_leaf_late_blight,Tomato_leaf_late_blight,0.985024094581604,1,1.4302873611450195,11.037707328796387,0.20694541931152344,12.678236961364746
dataset/test/Tomato_leaf_late_blight/LateBlight-Tomato-JJ-2009-17nxg4q_aug_37aug87.jpg,Tomato_leaf_late_blight,Tomato_leaf_late_blight,0.9976640939712524,1,1.424306869506836,10.910093307495117,0.2037792205810547,12.541810035705566
dataset/test/Tomato_leaf_late_blight/LateBlight-Tomato-JJ-2009-17nxg4q_aug_38aug67.jpg,Tomato_leaf_late_blight,Tomato_leaf_late_blight,0.9998061060905457,1,1.3821754455566406,10.85555648803711,0.20624256134033203,12.44743824005127
dataset/test/Tomato_leaf_late_blight/LateBlight-Tomato-JJ-2009-17nxg4q_jpg.rf.93780f99f071013cf0764b40fc6db48c_aug_48aug77.jpg,Tomato_leaf_late_blight,Tomato_leaf_late_blight,1.0,1,1.3868980407714844,10.71114730834961,0.21737289428710938,12.319031715393066
dataset/test/Tomato_leaf_late_blight/LateBlight-Tomato-JJ-2009-17nxg4q_jpg.rf.93780f99f071013cf0764b40fc6db48c_aug_49aug65.jpg,Tomato_leaf_late_blight,Tomato_leaf_late_blight,1.0,1,1.3989362716674805,10.909613609313965,0.20461273193359375,12.516754150390625
dataset/test/Tomato_leaf_late_blight/LateBlight-Tomato-JJ-2009-17nxg4q_jpg.rf.93780f99f071013cf0764b40fc6db48c_aug_50aug75.jpg,Tomato_leaf_late_blight,Tomato_leaf_late_blight,1.0,1,1.4501571655273438,11.00053882598877,0.20116710662841797,12.655291557312012
dataset/test/Tomato_leaf_late_blight/LateBlight-Tomato-JJ-2009-17nxg4q_jpg.rf.93780f99f071013cf0764b40fc6db48caug16.jpg,Tomato_leaf_late_blight,Tomato_leaf_late_blight,1.0,1,1.4056377410888672,10.745519638061523,0.21633434295654297,12.370994567871094
dataset/test/Tomato_leaf_late_blight/LateBlight-Tomato-JJ-2009-17nxg4qaug12.jpg,Tomato_leaf_late_blight,Tomato_leaf_late_blight,0.999459445476532,1,1.4487314224243164,8.416910171508789,0.16142559051513672,10.030143737792969
dataset/test/Tomato_leaf_late_blight/Lb11_mirror_verticalaug34.jpg,Tomato_leaf_late_blight,Tomato_leaf_late_blight,1.0,1,1.08258056640625,7.762739181518555,0.1624460220336914,9.010859489440918
dataset/test/Tomato_leaf_late_blight/Lb51_mirror_aug_39aug83.jpg,Tomato_leaf_late_blight,Tomato_leaf_late_blight,0.9981920123100281,1,1.0625801086425781,7.800498962402344,0.16205692291259766,9.027729988098145
dataset/test/Tomato_leaf_late_blight/Lb51_mirror_aug_40aug96.jpg,Tomato_leaf_late_blight,Tomato_leaf_late_blight,0.999725878238678,1,1.089879035949707,7.817665100097656,0.16038894653320312,9.070804595947266
dataset/test/Tomato_leaf_late_blight/Lb51_mirror_aug_41aug91.jpg,Tomato_leaf_late_blight,Tomato_leaf_late_blight,0.9998904466629028,1,1.0596923828125,7.727849960327148,0.16131591796875,8.951728820800781
dataset/test/Tomato_leaf_late_blight/Lb51_mirroraug13.jpg,Tomato_leaf_late_blight,Tomato_leaf_late_blight,0.9999579191207886,1,1.0604705810546875,7.896757125854492,0.16127872467041016,9.121026992797852
dataset/test/Tomato_leaf_late_blight/Lb52_change_90_aug_42aug64.jpg,Tomato_leaf_late_blight,Tomato_leaf_late_blight,0.9999294281005859,1,1.039322853088379,7.6903486251831055,0.1606121063232422,8.892988204956055
dataset/test/Tomato_leaf_late_blight/Lb52_change_90_aug_43aug63.jpg,Tomato_leaf_late_blight,Tomato_leaf_late_blight,0.9999996423721313,1,1.065526008605957,8.08076000213623,0.16005611419677734,9.309453964233398
dataset/test/Tomato_leaf_late_blight/Lb52_change_90_aug_44aug70.jpg,Tomato_leaf_late_blight,Tomato_leaf_late_blight,0.9999369382858276,1,1.0280265808105469,7.8643693923950195,0.15576171875,9.050674438476562
dataset/test/Tomato_leaf_late_blight/Lb52_change_90aug14.jpg,Tomato_leaf_late_blight,Tomato_leaf_late_blight,0.9999755620956421,1,1.0440616607666016,8.953804969787598,0.1849832534790039,10.184942245483398
dataset/test/Tomato_leaf_late_blight/Lb69_aug_45aug76.jpg,Tomato_leaf_late_blight,Tomato_leaf_late_blight,0.9987769722938538,1,1.0206737518310547,7.904461860656738,0.1607227325439453,9.088191986083984
dataset/test/Tomato_leaf_late_blight/Lb69_aug_46aug72.jpg,Tomato_leaf_late_blight,Tomato_leaf_late_blight,0.9992049336433411,1,1.0398778915405273,10.234033584594727,0.19514942169189453,11.472171783447266
dataset/test/Tomato_leaf_late_blight/Lb69_aug_47aug66.jpg,Tomato_leaf_late_blight,Tomato_leaf_late_blight,0.9996926784515381,1,1.3832130432128906,10.889965057373047,0.20524215698242188,12.4822359085083
dataset/test/Tomato_leaf_late_blight/Lb69aug15.jpg,Tomato_leaf_late_blight,Tomato_leaf_late_blight,0.9996553659439087,1,1.391972541809082,10.70414924621582,0.2082986831665039,12.307770729064941
dataset/test/Tomato_leaf_late_blight/Lb8_mirror_vertical_aug_10aug118.jpg,Tomato_leaf_late_blight,Tomato_leaf_late_blight,0.9936352968215942,1,1.402120590209961,10.806407928466797,0.2051687240600586,12.417012214660645
dataset/test/Tomato_leaf_late_blight/Lb8_mirror_vertical_aug_11aug111.jpg,Tomato_leaf_late_blight,Tomato_leaf_late_blight,0.5467351078987122,1,1.4094371795654297,10.93831729888916,0.20479869842529297,12.555734634399414
dataset/test/Tomato_leaf_late_blight/Lb8_mirror_vertical_aug_9aug103.jpg,Tomato_leaf_late_blight,Tomato_leaf_late_blight,0.945941686630249,1,1.4239921569824219,10.851371765136719,0.20940876007080078,12.488290786743164
dataset/test/Tomato_leaf_late_blight/Lb8_mirror_verticalaug3.jpg,Tomato_leaf_late_blight,Tomato_leaf_late_blight,0.9189635515213013,1,1.457564353942871,11.264503479003906,0.20583343505859375,12.931645393371582
dataset/test/Tomato_leaf_late_blight/Lb97_aug_21aug84.jpg,Tomato_leaf_late_blight,Tomato_leaf_late_blight,0.9999902248382568,1,1.4773244857788086,10.814538955688477,0.2042217254638672,12.499308586120605
dataset/test/Tomato_leaf_late_blight/Lb97_aug_22aug101.jpg,Tomato_leaf_late_blight,Tomato_leaf_late_blight,0.9999983310699463,1,1.425398826599121,9.316657066345215,0.1608715057373047,10.905668258666992
dataset/test/Tomato_leaf_late_blight/Lb97_aug_23aug82.jpg,Tomato_leaf_late_blight,Tomato_leaf_late_blight,0.9998857975006104,1,1.066655158996582,7.660460472106934,0.17481517791748047,8.905804634094238
dataset/test/Tomato_leaf_late_blight/Lb97aug7.jpg,Tomato_leaf_late_blight,Tomato_leaf_late_blight,0.9998458623886108,1,1.0418596267700195,7.515478134155273,0.1585378646850586,8.71846866607666
dataset/test/Tomato_leaf_late_blight/Leaf-2Bsymptoms-2BMDA_jpg.rf.39b220104d04636fad4f5aae043826cb_aug_0aug108.jpg,Tomato_leaf_late_blight,Tomato_leaf_late_blight,0.9999996423721313,1,1.0763587951660156,7.662590980529785,0.1574087142944336,8.899118423461914
dataset/test/Tomato_leaf_late_blight/Leaf-2Bsymptoms-2BMDA_jpg.rf.39b220104d04636fad4f5aae043826cb_aug_1aug106.jpg,Tomato_leaf_late_blight,Tomato_leaf_late_blight,1.0,1,1.0872116088867188,7.659978866577148,0.1603536605834961,8.910191535949707
dataset/test/Tomato_leaf_late_blight/Leaf-2Bsymptoms-2BMDA_jpg.rf.39b220104d04636fad4f5aae043826cb_aug_2aug119.jpg,Tomato_leaf_late_blight,Tomato_leaf_late_blight,0.999990701675415,1,1.070469856262207,7.574070930480957,0.16085338592529297,8.807931900024414
dataset/test/Tomato_leaf_late_blight/Leaf-2Bsymptoms-2BMDA_jpg.rf.39b220104d04636fad4f5aae043826cbaug0.jpg,Tomato_leaf_late_blight,Tomato_leaf_late_blight,0.9999635219573975,1,1.1242856979370117,7.462254524230957,0.1691122055053711,8.758580207824707
dataset/test/Tomato_leaf_late_blight/Tomato-20bacterial-20canker-JPG_jpg.rf.8b568c1d5efcfdcef44c606eb076b889_aug_30aug92.jpg,Tomato_leaf_late_blight,Tomato_leaf_late_blight,0.992263674736023,1,1.1060256958007812,7.575423240661621,0.1589641571044922,8.84321117401123
dataset/test/Tomato_leaf_late_blight/Tomato-20bacterial-20canker-JPG_jpg.rf.8b568c1d5efcfdcef44c606eb076b889_aug_31aug98.jpg,Tomato_leaf_late_blight,Tomato_leaf_late_blight,0.9991113543510437,1,1.0951738357543945,7.692275047302246,0.16118526458740234,8.951229095458984
dataset/test/Tomato_leaf_late_blight/Tomato-20bacterial-20canker-JPG_jpg.rf.8b568c1d5efcfdcef44c606eb076b889_aug_32aug90.jpg,Tomato_leaf_late_blight,Tomato_leaf_late_blight,0.9734627604484558,1,1.0846004486083984,7.578830718994141,0.16453838348388672,8.830673217773438
dataset/test/Tomato_leaf_late_blight/Tomato-20bacterial-20canker-JPG_jpg.rf.8b568c1d5efcfdcef44c606eb076b889aug10.jpg,Tomato_leaf_late_blight,Tomato_leaf_late_blight,0.9974525570869446,1,1.1159887313842773,7.645386695861816,0.15600204467773438,8.919543266296387
dataset/test/Tomato_leaf_late_blight/TomatoBlight-JPG_jpg.rf.234cbc5809dc7d942e46760a63e10d9f_aug_33aug88.jpg,Tomato_leaf_late_blight,Tomato_leaf_late_blight,0.9984413981437683,1,1.0845260620117188,7.474478721618652,0.1712970733642578,8.73276424407959
dataset/test/Tomato_leaf_late_blight/TomatoBlight-JPG_jpg.rf.234cbc5809dc7d942e46760a63e10d9f_aug_34aug86.jpg,Tomato_leaf_late_blight,Tomato_leaf_late_blight,0.9967135190963745,1,1.2113227844238281,8.109186172485352,0.1688518524169922,9.491825103759766
dataset/test/Tomato_leaf_late_blight/TomatoBlight-JPG_jpg.rf.234cbc5809dc7d942e46760a63e10d9f_aug_35aug93.jpg,Tomato_leaf_late_blight,Tomato_leaf_late_blight,0.9922083020210266,1,1.2275638580322266,8.12735366821289,0.16681575775146484,9.524214744567871
dataset/test/Tomato_leaf_late_blight/TomatoBlight-JPG_jpg.rf.234cbc5809dc7d942e46760a63e10d9faug11.jpg,Tomato_leaf_late_blight,Tomato_leaf_late_blight,0.9995705485343933,1,1.1795825958251953,8.169816017150879,0.17070484161376953,9.523031234741211
dataset/test/Tomato_leaf_late_blight/dsc_8140cs_aug_3aug114.jpg,Tomato_leaf_late_blight,Tomato_leaf_late_blight,0.9998672008514404,1,1.2748050689697266,8.412798881530762,0.1667795181274414,9.857401847839355
dataset/test/Tomato_leaf_late_blight/dsc_8140cs_aug_4aug99.jpg,Tomato_leaf_late_blight,Tomato_leaf_late_blight,0.999316930770874,1,1.2146940231323242,8.273889541625977,0.18068695068359375,9.67251205444336
dataset/test/Tomato_leaf_late_blight/dsc_8140cs_aug_5aug102.jpg,Tomato_leaf_late_blight,Tomato_leaf_late_blight,0.9999227523803711,1,1.1786384582519531,8.271188735961914,0.16672325134277344,9.619270324707031
dataset/test/Tomato_leaf_late_blight/dsc_8140csaug1.jpg,Tomato_leaf_late_blight,Tomato_leaf_late_blight,0.9999213218688965,1,1.1393795013427734,8.800394058227539,0.16709327697753906,10.109773635864258
dataset/test/Tomato_leaf_late_blight/late_jpg.rf.f64883c6ac50eb4f477851ddc23305e8_aug_69aug47.jpg,Tomato_leaf_late_blight,Tomato_leaf_late_blight,0.7843426465988159,1,1.2317495346069336,8.296854019165039,0.16724205017089844,9.698716163635254
dataset/test/Tomato_leaf_late_blight/late_jpg.rf.f64883c6ac50eb4f477851ddc23305e8_aug_70aug48.jpg,Tomato_leaf_late_blight,Tomato_leaf_late_blight,0.940232515335083,1,1.1548776626586914,8.148297309875488,0.1747417449951172,9.480621337890625
dataset/test/Tomato_leaf_late_blight/late_jpg.rf.f64883c6ac50eb4f477851ddc23305e8_aug_71aug42.jpg,Tomato_leaf_late_blight,Tomato_leaf_late_blight,0.9382010102272034,1,1.2512664794921875,8.27409553527832,0.16733455657958984,9.695141792297363
dataset/test/Tomato_leaf_late_blight/late_jpg.rf.f64883c6ac50eb4f477851ddc23305e8aug23.jpg,Tomato_leaf_late_blight,Tomato_Early_blight_leaf,0.6471089720726013,0,1.1867866516113281,8.117074966430664,0.17216873168945312,9.479620933532715
dataset/test/Tomato_leaf_late_blight/lateblightTom_lesionaug30.jpg,Tomato_leaf_late_blight,Tomato_leaf_late_blight,0.9997970461845398,1,1.081212043762207,7.80344295501709,0.20233535766601562,9.090526580810547
dataset/test/Tomato_leaf_late_blight/lb_leaf_lesions2x1200_jpg.rf.3a72cc9627c3ba6d79a876e19220824e_aug_81aug56.jpg,Tomato_leaf_late_blight,Tomato_leaf_late_blight,1.0,1,1.0879888534545898,7.975666046142578,0.17459392547607422,9.241674423217773
dataset/test/Tomato_leaf_late_blight/lb_leaf_lesions2x1200_jpg.rf.3a72cc9627c3ba6d79a876e19220824e_aug_82aug62.jpg,Tomato_leaf_late_blight,Tomato_leaf_late_blight,1.0,1,1.1113595962524414,7.97342586517334,0.16683483123779297,9.254379272460938
dataset/test/Tomato_leaf_late_blight/lb_leaf_lesions2x1200_jpg.rf.3a72cc9627c3ba6d79a876e19220824e_aug_83aug57.jpg,Tomato_leaf_late_blight,Tomato_leaf_late_blight,1.0,1,1.0800800323486328,7.931571960449219,0.16285324096679688,9.17713737487793
dataset/test/Tomato_leaf_late_blight/lb_leaf_lesions2x1200_jpg.rf.3a72cc9627c3ba6d79a876e19220824eaug27.jpg,Tomato_leaf_late_blight,Tomato_leaf_late_blight,1.0,1,1.1290454864501953,7.852203369140625,0.16248226165771484,9.146305084228516
dataset/test/Tomato_leaf_late_blight/p1020076cs_aug_78aug35.jpg,Tomato_leaf_late_blight,Tomato_leaf_late_blight,0.9999089241027832,1,1.1428050994873047,7.884461402893066,0.16405773162841797,9.193785667419434
dataset/test/Tomato_leaf_late_blight/p1020076cs_aug_79aug59.jpg,Tomato_leaf_late_blight,Tomato_leaf_late_blight,0.999998927116394,1,1.0696744918823242,7.989850997924805,0.1631488800048828,9.225341796875
dataset/test/Tomato_leaf_late_blight/p1020076cs_aug_80aug55.jpg,Tomato_leaf_late_blight,Tomato_leaf_late_blight,1.0,1,1.2083587646484375,8.0445556640625,0.16164875030517578,9.417325019836426
dataset/test/Tomato_leaf_late_blight/p1020076csaug26.jpg,Tomato_leaf_late_blight,Tomato_leaf_late_blight,0.9999997615814209,1,1.052988052368164,7.850592613220215,0.16353988647460938,9.069396018981934
dataset/test/Tomato_leaf_late_blight/symptoms_of_late_blight_0_jpg.rf.417903f6c86ccb4f4bcd7139e0867018_aug_75aug58.jpg,Tomato_leaf_late_blight,Tomato_leaf_late_blight,0.9999958276748657,1,1.1111927032470703,7.948906898498535,0.16476058959960938,9.22795295715332
dataset/test/Tomato_leaf_late_blight/symptoms_of_late_blight_0_jpg.rf.417903f6c86ccb4f4bcd7139e0867018_aug_76aug54.jpg,Tomato_leaf_late_blight,Tomato_leaf_late_blight,0.9999984502792358,1,1.12591552734375,10.160367012023926,0.20201873779296875,11.49158000946045
dataset/test/Tomato_leaf_late_blight/symptoms_of_late_blight_0_jpg.rf.417903f6c86ccb4f4bcd7139e0867018_aug_77aug61.jpg,Tomato_leaf_late_blight,Tomato_leaf_late_blight,0.9999998807907104,1,1.5276765823364258,10.755870819091797,0.20513057708740234,12.491938591003418
dataset/test/Tomato_leaf_late_blight/symptoms_of_late_blight_0_jpg.rf.417903f6c86ccb4f4bcd7139e0867018aug25.jpg,Tomato_leaf_late_blight,Tomato_leaf_late_blight,0.9999765157699585,1,1.5541772842407227,10.686686515808105,0.20866870880126953,12.45284652709961
dataset/test/Tomato_leaf_late_blight/tomato-late-blight-leaf-61-3x32_aug_12aug112.jpg,Tomato_leaf_late_blight,Tomato_leaf_late_blight,1.0,1,1.4623241424560547,10.923446655273438,0.23937129974365234,12.628329277038574
dataset/test/Tomato_leaf_late_blight/tomato-late-blight-leaf-61-3x32_aug_13aug110.jpg,Tomato_leaf_late_blight,Tomato_leaf_late_blight,0.965453565120697,1,1.4735298156738281,10.822221755981445,0.2000751495361328,12.498790740966797
dataset/test/Tomato_leaf_late_blight/tomato-late-blight-leaf-61-3x32_aug_14aug105.jpg,Tomato_leaf_late_blight,Tomato_leaf_late_blight,1.0,1,1.3878974914550781,10.917076110839844,0.2060384750366211,12.514327049255371
dataset/test/Tomato_leaf_late_blight/tomato-late-blight-leaf-61-3x32aug4.jpg,Tomato_leaf_late_blight,Tomato_leaf_late_blight,1.0,1,1.4268436431884766,10.847871780395508,0.2056875228881836,12.483623504638672
dataset/test/Tomato_leaf_late_blight/tomato.early.blightH_aug_18aug100.jpg,Tomato_leaf_late_blight,Tomato_Septoria_leaf_spot,0.9984354376792908,0,1.5530290603637695,10.879705429077148,0.20472335815429688,12.64119815826416
dataset/test/Tomato_leaf_late_blight/tomato.early.blightH_aug_19aug107.jpg,Tomato_leaf_late_blight,Tomato_Septoria_leaf_spot,0.9992283582687378,0,1.5683069229125977,8.90091323852539,0.16653823852539062,10.639554977416992
dataset/test/Tomato_leaf_late_blight/tomato.early.blightH_aug_20aug94.jpg,Tomato_leaf_late_blight,Tomato_Septoria_leaf_spot,0.9740508794784546,0,1.1471014022827148,7.655126571655273,0.16770553588867188,8.972858428955078
dataset/test/Tomato_leaf_late_blight/tomato.early.blightHaug6.jpg,Tomato_leaf_late_blight,Tomato_Septoria_leaf_spot,0.9144570231437683,0,1.1411924362182617,7.592071533203125,0.1575756072998047,8.893468856811523
dataset/test/Tomato_leaf_yellow_curl_virus/1342017-162221-44540_jpg.rf.f68314ea4850dade3a214dec71c83715_aug_77aug56.jpg,Tomato_leaf_yellow_curl_virus,Tomato_leaf_yellow_curl_virus,1.0,1,1.089766502380371,7.511829376220703,0.159149169921875,8.763486862182617
dataset/test/Tomato_leaf_yellow_curl_virus/1342017-162221-44540_jpg.rf.f68314ea4850dade3a214dec71c83715_aug_78aug81.jpg,Tomato_leaf_yellow_curl_virus,Tomato_leaf_yellow_curl_virus,0.9999997615814209,1,1.1448421478271484,7.558829307556152,0.15987110137939453,8.866061210632324
dataset/test/Tomato_leaf_yellow_curl_virus/1342017-162221-44540_jpg.rf.f68314ea4850dade3a214dec71c83715_aug_79aug60.jpg,Tomato_leaf_yellow_curl_virus,Tomato_leaf_yellow_curl_virus,0.9999996423721313,1,1.094304084777832,7.677071571350098,0.16259193420410156,8.937321662902832
dataset/test/Tomato_leaf_yellow_curl_virus/1342017-162221-44540_jpg.rf.f68314ea4850dade3a214dec71c83715_aug_80aug64.jpg,Tomato_leaf_yellow_curl_virus,Tomato_leaf_yellow_curl_virus,0.9999995231628418,1,1.1147851943969727,7.626330375671387,0.15007495880126953,8.893450736999512
dataset/test/Tomato_leaf_yellow_curl_virus/1342017-162221-44540_jpg.rf.f68314ea4850dade3a214dec71c83715_aug_81aug61.jpg,Tomato_leaf_yellow_curl_virus,Tomato_leaf_yellow_curl_virus,0.9999959468841553,1,1.0745820999145508,8.14781665802002,0.1596670150756836,9.385175704956055
dataset/test/Tomato_leaf_yellow_curl_virus/1342017-162221-44540_jpg.rf.f68314ea4850dade3a214dec71c83715_aug_82aug80.jpg,Tomato_leaf_yellow_curl_virus,Tomato_leaf_yellow_curl_virus,0.9999995231628418,1,1.1573410034179688,7.485774993896484,0.15988922119140625,8.805634498596191
dataset/test/Tomato_leaf_yellow_curl_virus/1342017-162221-44540_jpg.rf.f68314ea4850dade3a214dec71c83715_aug_83aug70.jpg,Tomato_leaf_yellow_curl_virus,Tomato_leaf_yellow_curl_virus,0.9999990463256836,1,1.1159143447875977,7.672515869140625,0.15883445739746094,8.949785232543945
dataset/test/Tomato_leaf_yellow_curl_virus/1342017-162221-44540_jpg.rf.f68314ea4850dade3a214dec71c83715aug11.jpg,Tomato_leaf_yellow_curl_virus,Tomato_leaf_yellow_curl_virus,0.9999996423721313,1,1.1295814514160156,8.45492935180664,0.16420459747314453,9.751272201538086
dataset/test/Tomato_leaf_yellow_curl_virus/8226402877_9abf151b5b_b_jpg.rf.a2dff27e03c5ab47916df5d873c1590f_aug_70aug66.jpg,Tomato_leaf_yellow_curl_virus,Tomato_leaf_yellow_curl_virus,1.0,1,1.1258039474487305,8.717209815979004,0.24798297882080078,10.095885276794434
dataset/test/Tomato_leaf_yellow_curl_virus/8226402877_9abf151b5b_b_jpg.rf.a2dff27e03c5ab47916df5d873c1590f_aug_71aug69.jpg,Tomato_leaf_yellow_curl_virus,Tomato_leaf_yellow_curl_virus,1.0,1,1.483083724975586,26.09542179107666,0.20594501495361328,27.788192749023438
dataset/test/Tomato_leaf_yellow_curl_virus/8226402877_9abf151b5b_b_jpg.rf.a2dff27e03c5ab47916df5d873c1590f_aug_72aug73.jpg,Tomato_leaf_yellow_curl_virus,Tomato_leaf_yellow_curl_virus,1.0,1,1.5030288696289062,16.687467575073242,0.2032794952392578,18.397109031677246
dataset/test/Tomato_leaf_yellow_curl_virus/8226402877_9abf151b5b_b_jpg.rf.a2dff27e03c5ab47916df5d873c1590f_aug_73aug54.jpg,Tomato_leaf_yellow_curl_virus,Tomato_leaf_yellow_curl_virus,1.0,1,1.555251121520996,11.242671012878418,0.20892715454101562,13.010553359985352
dataset/test/Tomato_leaf_yellow_curl_virus/8226402877_9abf151b5b_b_jpg.rf.a2dff27e03c5ab47916df5d873c1590f_aug_74aug76.jpg,Tomato_leaf_yellow_curl_virus,Tomato_leaf_yellow_curl_virus,1.0,1,1.582880973815918,10.968353271484375,0.2094268798828125,12.764107704162598
dataset/test/Tomato_leaf_yellow_curl_virus/8226402877_9abf151b5b_b_jpg.rf.a2dff27e03c5ab47916df5d873c1590f_aug_75aug74.jpg,Tomato_leaf_yellow_curl_virus,Tomato_leaf_yellow_curl_virus,1.0,1,1.4939727783203125,10.977094650268555,0.2112598419189453,12.68649673461914
dataset/test/Tomato_leaf_yellow_curl_virus/8226402877_9abf151b5b_b_jpg.rf.a2dff27e03c5ab47916df5d873c1590f_aug_76aug65.jpg,Tomato_leaf_yellow_curl_virus,Tomato_leaf_yellow_curl_virus,1.0,1,1.5278072357177734,10.925501823425293,0.20729827880859375,12.664440155029297
dataset/test/Tomato_leaf_yellow_curl_virus/8226402877_9abf151b5b_b_jpg.rf.a2dff27e03c5ab47916df5d873c1590faug10.jpg,Tomato_leaf_yellow_curl_virus,Tomato_leaf_yellow_curl_virus,1.0,1,1.5164909362792969,7.8237762451171875,0.1521129608154297,9.494751930236816
dataset/test/Tomato_leaf_yellow_curl_virus/DSC01999-JPG_jpg.rf.700fa6596ab8750ad0f1c47a0defe191_aug_84aug53.jpg,Tomato_leaf_yellow_curl_virus,Tomato_leaf_yellow_curl_virus,0.9999997615814209,1,1.162156105041504,7.762443542480469,0.16407489776611328,9.091767311096191
dataset/test/Tomato_leaf_yellow_curl_virus/DSC01999-JPG_jpg.rf.700fa6596ab8750ad0f1c47a0defe191_aug_85aug82.jpg,Tomato_leaf_yellow_curl_virus,Tomato_leaf_yellow_curl_virus,0.9999974966049194,1,1.2947874069213867,7.717145919799805,0.1617422103881836,9.17648983001709
dataset/test/Tomato_leaf_yellow_curl_virus/DSC01999-JPG_jpg.rf.700fa6596ab8750ad0f1c47a0defe191_aug_86aug71.jpg,Tomato_leaf_yellow_curl_virus,Tomato_leaf_yellow_curl_virus,0.9999986886978149,1,1.134842872619629,7.876202583312988,0.16353893280029297,9.176989555358887
dataset/test/Tomato_leaf_yellow_curl_virus/DSC01999-JPG_jpg.rf.700fa6596ab8750ad0f1c47a0defe191_aug_87aug78.jpg,Tomato_leaf_yellow_curl_virus,Tomato_leaf_yellow_curl_virus,0.9999966621398926,1,1.1707487106323242,7.79946231842041,0.1731128692626953,9.14715576171875
dataset/test/Tomato_leaf_yellow_curl_virus/DSC01999-JPG_jpg.rf.700fa6596ab8750ad0f1c47a0defe191_aug_88aug51.jpg,Tomato_leaf_yellow_curl_virus,Tomato_leaf_yellow_curl_virus,0.999980092048645,1,1.1507301330566406,7.743145942687988,0.16181564331054688,9.058730125427246
dataset/test/Tomato_leaf_yellow_curl_virus/DSC01999-JPG_jpg.rf.700fa6596ab8750ad0f1c47a0defe191_aug_89aug63.jpg,Tomato_leaf_yellow_curl_virus,Tomato_leaf_yellow_curl_virus,0.9999946355819702,1,1.128525733947754,8.736745834350586,0.2141876220703125,10.082976341247559
dataset/test/Tomato_leaf_yellow_curl_virus/DSC01999-JPG_jpg.rf.700fa6596ab8750ad0f1c47a0defe191_aug_90aug85.jpg,Tomato_leaf_yellow_curl_virus,Tomato_leaf_yellow_curl_virus,0.9999995231628418,1,1.1818218231201172,7.892239570617676,0.1647968292236328,9.241859436035156
dataset/test/Tomato_leaf_yellow_curl_virus/DSC01999-JPG_jpg.rf.700fa6596ab8750ad0f1c47a0defe191aug12.jpg,Tomato_leaf_yellow_curl_virus,Tomato_leaf_yellow_curl_virus,0.9999978542327881,1,1.119100570678711,7.753998756408691,0.16281509399414062,9.038618087768555
dataset/test/Tomato_leaf_yellow_curl_virus/DSC01999.JPG_aug_63aug68.jpg,Tomato_leaf_yellow_curl_virus,Tomato_leaf_yellow_curl_virus,0.999977707862854,1,1.1763057708740234,7.732683181762695,0.16611194610595703,9.078173637390137
dataset/test/Tomato_leaf_yellow_curl_virus/DSC01999.JPG_aug_64aug72.jpg,Tomato_leaf_yellow_curl_virus,Tomato_leaf_yellow_curl_virus,0.9999922513961792,1,1.1852121353149414,7.819591522216797,0.1638345718383789,9.171212196350098
dataset/test/Tomato_leaf_yellow_curl_virus/DSC01999.JPG_aug_65aug75.jpg,Tomato_leaf_yellow_curl_virus,Tomato_leaf_yellow_curl_virus,0.999822199344635,1,1.1787109375,7.873963356018066,0.16727828979492188,9.222601890563965
dataset/test/Tomato_leaf_yellow_curl_virus/DSC01999.JPG_aug_66aug58.jpg,Tomato_leaf_yellow_curl_virus,Tomato_leaf_yellow_curl_virus,0.999146580696106,1,1.1897668838500977,7.829333305358887,0.1625194549560547,9.18419361114502
dataset/test/Tomato_leaf_yellow_curl_virus/DSC01999.JPG_aug_67aug83.jpg,Tomato_leaf_yellow_curl_virus,Tomato_leaf_yellow_curl_virus,0.9999995231628418,1,1.1753969192504883,7.767017364501953,0.21051979064941406,9.156249046325684
dataset/test/Tomato_leaf_yellow_curl_virus/DSC01999.JPG_aug_68aug79.jpg,Tomato_leaf_yellow_curl_virus,Tomato_leaf_yellow_curl_virus,0.9997438788414001,1,1.186563491821289,7.803664207458496,0.1778717041015625,9.171360969543457
dataset/test/Tomato_leaf_yellow_curl_virus/DSC01999.JPG_aug_69aug62.jpg,Tomato_leaf_yellow_curl_virus,Tomato_leaf_yellow_curl_virus,0.9999934434890747,1,1.145359992980957,7.696793556213379,0.16433429718017578,9.008950233459473
dataset/test/Tomato_leaf_yellow_curl_virus/DSC01999.JPGaug9.jpg,Tomato_leaf_yellow_curl_virus,Tomato_leaf_yellow_curl_virus,0.9997747540473938,1,1.1871938705444336,7.826663970947266,0.16340923309326172,9.180156707763672
dataset/test/Tomato_leaf_yellow_curl_virus/IMG_20251102_155103aug15.jpg,Tomato_leaf_yellow_curl_virus,Tomato_leaf_yellow_curl_virus,0.998711347579956,1,1.1030445098876953,7.830387115478516,0.15972328186035156,9.09539794921875
dataset/test/Tomato_leaf_yellow_curl_virus/IMG_20251102_160455_aug_42aug104.jpg,Tomato_leaf_yellow_curl_virus,Tomato_leaf_yellow_curl_virus,0.680144190788269,1,1.065673828125,7.682053565979004,0.17218589782714844,8.922913551330566
dataset/test/Tomato_leaf_yellow_curl_virus/IMG_20251102_160455_aug_43aug111.jpg,Tomato_leaf_yellow_curl_virus,Tomato_leaf_yellow_curl_virus,0.9911502599716187,1,1.1596364974975586,8.033852577209473,0.16613101959228516,9.361990928649902
dataset/test/Tomato_leaf_yellow_curl_virus/IMG_20251102_160455_aug_44aug112.jpg,Tomato_leaf_yellow_curl_virus,Tomato_leaf_yellow_curl_virus,0.965865969657898,1,1.145247459411621,7.716850280761719,0.19881629943847656,9.06341552734375
dataset/test/Tomato_leaf_yellow_curl_virus/IMG_20251102_160455_aug_45aug108.jpg,Tomato_leaf_yellow_curl_virus,Tomato_leaf_yellow_curl_virus,0.978209376335144,1,1.0736923217773438,7.997666358947754,0.15946388244628906,9.233545303344727
dataset/test/Tomato_leaf_yellow_curl_virus/IMG_20251102_160455_aug_46aug110.jpg,Tomato_leaf_yellow_curl_virus,Tomato_leaf_yellow_curl_virus,0.9973579049110413,1,1.0669336318969727,10.673741340637207,0.21285247802734375,11.957769393920898
dataset/test/Tomato_leaf_yellow_curl_virus/IMG_20251102_160455_aug_47aug98.jpg,Tomato_leaf_yellow_curl_virus,Tomato_leaf_yellow_curl_virus,0.9772740602493286,1,1.5241031646728516,10.9356689453125,0.19803810119628906,12.661236763000488
dataset/test/Tomato_leaf_yellow_curl_virus/IMG_20251102_160455_aug_48aug105.jpg,Tomato_leaf_yellow_curl_virus,Tomato_leaf_yellow_curl_virus,0.9481479525566101,1,1.438547134399414,10.894057273864746,0.20277976989746094,12.539125442504883
dataset/test/Tomato_leaf_yellow_curl_virus/IMG_20251102_160455aug6.jpg,Tomato_leaf_yellow_curl_virus,Tomato_leaf_yellow_curl_virus,0.9711723327636719,1,1.451584815979004,10.814056396484375,0.21535396575927734,12.48517894744873
dataset/test/Tomato_leaf_yellow_curl_virus/IMG_20251102_160553_aug_35aug49.jpg,Tomato_leaf_yellow_curl_virus,Tomato_Early_blight_leaf,0.9822465181350708,0,1.6430854797363281,11.138299942016602,0.208038330078125,12.992997169494629
dataset/test/Tomato_leaf_yellow_curl_virus/IMG_20251102_160553_aug_36aug113.jpg,Tomato_leaf_yellow_curl_virus,Tomato_Early_blight_leaf,0.6195309162139893,0,1.6185302734375,10.907150268554688,0.20729637145996094,12.73675537109375
dataset/test/Tomato_leaf_yellow_curl_virus/IMG_20251102_160553_aug_37aug114.jpg,Tomato_leaf_yellow_curl_virus,Tomato_Early_blight_leaf,0.352130264043808,0,1.5016775131225586,11.264891624450684,0.2035198211669922,12.973275184631348
dataset/test/Tomato_leaf_yellow_curl_virus/IMG_20251102_160553_aug_38aug101.jpg,Tomato_leaf_yellow_curl_virus,Tomato_Early_blight_leaf,0.9119554758071899,0,1.5083074569702148,10.787168502807617,0.20739078521728516,12.506160736083984
dataset/test/Tomato_leaf_yellow_curl_virus/IMG_20251102_160553_aug_39aug118.jpg,Tomato_leaf_yellow_curl_virus,Tomato_Early_blight_leaf,0.7777382731437683,0,1.504714012145996,7.863720893859863,0.15979766845703125,9.531103134155273
dataset/test/Tomato_leaf_yellow_curl_virus/IMG_20251102_160553_aug_40aug19.jpg,Tomato_leaf_yellow_curl_virus,Tomato_leaf_late_blight,0.4544033706188202,0,1.1240816116333008,7.615700721740723,0.16007518768310547,8.902692794799805
dataset/test/Tomato_leaf_yellow_curl_virus/IMG_20251102_160553_aug_41aug119.jpg,Tomato_leaf_yellow_curl_virus,Tomato_Septoria_leaf_spot,0.3889814615249634,0,1.0928230285644531,7.478978157043457,0.1744832992553711,8.749282836914062
dataset/test/Tomato_leaf_yellow_curl_virus/IMG_20251102_160553aug5.jpg,Tomato_leaf_yellow_curl_virus,Tomato_Early_blight_leaf,0.7885739803314209,0,1.2353239059448242,7.802257537841797,0.15963077545166016,9.199859619140625
dataset/test/Tomato_leaf_yellow_curl_virus/TYLCV-tomate-DB-445-171_jpg.rf.9d70326900dd981ab5d49063b0d644f0_aug_21aug41.jpg,Tomato_leaf_yellow_curl_virus,Tomato_leaf_yellow_curl_virus,0.9999970197677612,1,1.103062629699707,7.488459587097168,0.1663341522216797,8.760672569274902
dataset/test/Tomato_leaf_yellow_curl_virus/TYLCV-tomate-DB-445-171_jpg.rf.9d70326900dd981ab5d49063b0d644f0_aug_22aug30.jpg,Tomato_leaf_yellow_curl_virus,Tomato_leaf_yellow_curl_virus,0.9999916553497314,1,1.1016740798950195,7.665924072265625,0.1621856689453125,8.932727813720703
dataset/test/Tomato_leaf_yellow_curl_virus/TYLCV-tomate-DB-445-171_jpg.rf.9d70326900dd981ab5d49063b0d644f0_aug_23aug42.jpg,Tomato_leaf_yellow_curl_virus,Tomato_leaf_yellow_curl_virus,0.999950647354126,1,1.071563720703125,7.519571304321289,0.16438961029052734,8.758302688598633
dataset/test/Tomato_leaf_yellow_curl_virus/TYLCV-tomate-DB-445-171_jpg.rf.9d70326900dd981ab5d49063b0d644f0_aug_24aug45.jpg,Tomato_leaf_yellow_curl_virus,Tomato_leaf_yellow_curl_virus,0.9999786615371704,1,1.1707115173339844,7.68768310546875,0.16057491302490234,9.021674156188965
dataset/test/Tomato_leaf_yellow_curl_virus/TYLCV-tomate-DB-445-171_jpg.rf.9d70326900dd981ab5d49063b0d644f0_aug_25aug20.jpg,Tomato_leaf_yellow_curl_virus,Tomato_leaf_yellow_curl_virus,0.9999967813491821,1,1.0910453796386719,7.5900163650512695,0.1619100570678711,8.845542907714844
dataset/test/Tomato_leaf_yellow_curl_virus/TYLCV-tomate-DB-445-171_jpg.rf.9d70326900dd981ab5d49063b0d644f0_aug_26aug18.jpg,Tomato_leaf_yellow_curl_virus,Tomato_leaf_yellow_curl_virus,0.9999948740005493,1,1.1293401718139648,7.823720932006836,0.1796121597290039,9.1349515914917
dataset/test/Tomato_leaf_yellow_curl_virus/TYLCV-tomate-DB-445-171_jpg.rf.9d70326900dd981ab5d49063b0d644f0_aug_27aug29.jpg,Tomato_leaf_yellow_curl_virus,Tomato_leaf_yellow_curl_virus,0.9999741315841675,1,1.0753602981567383,7.457273483276367,0.1608896255493164,8.695985794067383
dataset/test/Tomato_leaf_yellow_curl_virus/TYLCV-tomate-DB-445-171_jpg.rf.9d70326900dd981ab5d49063b0d644f0aug3.jpg,Tomato_leaf_yellow_curl_virus,Tomato_leaf_yellow_curl_virus,0.9999752044677734,1,1.194305419921875,7.725776672363281,0.1677417755126953,9.090453147888184
dataset/test/Tomato_leaf_yellow_curl_virus/TYLCV4_jpg.rf.2e4accea501a220be9dc475dd1ca3121_aug_10aug22.jpg,Tomato_leaf_yellow_curl_virus,Tomato_leaf_yellow_curl_virus,1.0,1,1.1458234786987305,8.130760192871094,0.16761207580566406,9.446955680847168
dataset/test/Tomato_leaf_yellow_curl_virus/TYLCV4_jpg.rf.2e4accea501a220be9dc475dd1ca3121_aug_11aug44.jpg,Tomato_leaf_yellow_curl_virus,Tomato_leaf_yellow_curl_virus,1.0,1,1.187138557434082,8.23961353302002,0.16785335540771484,9.597270965576172
dataset/test/Tomato_leaf_yellow_curl_virus/TYLCV4_jpg.rf.2e4accea501a220be9dc475dd1ca3121_aug_12aug39.jpg,Tomato_leaf_yellow_curl_virus,Tomato_leaf_yellow_curl_virus,1.0,1,1.1444530487060547,8.290095329284668,0.1682605743408203,9.605624198913574
dataset/test/Tomato_leaf_yellow_curl_virus/TYLCV4_jpg.rf.2e4accea501a220be9dc475dd1ca3121_aug_13aug35.jpg,Tomato_leaf_yellow_curl_virus,Tomato_leaf_yellow_curl_virus,1.0,1,1.1382665634155273,8.485688209533691,0.16726016998291016,9.793994903564453
dataset/test/Tomato_leaf_yellow_curl_virus/TYLCV4_jpg.rf.2e4accea501a220be9dc475dd1ca3121_aug_7aug40.jpg,Tomato_leaf_yellow_curl_virus,Tomato_leaf_yellow_curl_virus,1.0,1,1.1353225708007812,8.273908615112305,0.16809368133544922,9.58003044128418
dataset/test/Tomato_leaf_yellow_curl_virus/TYLCV4_jpg.rf.2e4accea501a220be9dc475dd1ca3121_aug_8aug33.jpg,Tomato_leaf_yellow_curl_virus,Tomato_leaf_yellow_curl_virus,1.0,1,1.1369333267211914,8.233963966369629,0.16759300231933594,9.541325569152832
dataset/test/Tomato_leaf_yellow_curl_virus/TYLCV4_jpg.rf.2e4accea501a220be9dc475dd1ca3121_aug_9aug48.jpg,Tomato_leaf_yellow_curl_virus,Tomato_leaf_yellow_curl_virus,1.0,1,1.1935453414916992,8.36911392211914,0.16655635833740234,9.732048988342285
dataset/test/Tomato_leaf_yellow_curl_virus/TYLCV4_jpg.rf.2e4accea501a220be9dc475dd1ca3121aug1.jpg,Tomato_leaf_yellow_curl_virus,Tomato_leaf_yellow_curl_virus,1.0,1,1.1339902877807617,8.292909622192383,0.16846370697021484,9.597973823547363
dataset/test/Tomato_leaf_yellow_curl_virus/art_15017325188173_a24a66_aug_14aug36.jpg,Tomato_leaf_yellow_curl_virus,Tomato_leaf_yellow_curl_virus,0.9999508857727051,1,1.2019529342651367,8.26439094543457,0.16796398162841797,9.637214660644531
dataset/test/Tomato_leaf_yellow_curl_virus/art_15017325188173_a24a66_aug_15aug23.jpg,Tomato_leaf_yellow_curl_virus,Tomato_leaf_yellow_curl_virus,0.9999805688858032,1,1.174600601196289,8.274630546569824,0.15835285186767578,9.610233306884766
dataset/test/Tomato_leaf_yellow_curl_virus/art_15017325188173_a24a66_aug_16aug34.jpg,Tomato_leaf_yellow_curl_virus,Tomato_leaf_yellow_curl_virus,0.9999687671661377,1,1.1551198959350586,7.915740966796875,0.16524124145507812,9.239063262939453
dataset/test/Tomato_leaf_yellow_curl_virus/art_15017325188173_a24a66_aug_17aug43.jpg,Tomato_leaf_yellow_curl_virus,Tomato_leaf_yellow_curl_virus,0.9998830556869507,1,1.2004356384277344,7.9955549240112305,0.1654644012451172,9.364380836486816
dataset/test/Tomato_leaf_yellow_curl_virus/art_15017325188173_a24a66_aug_18aug47.jpg,Tomato_leaf_yellow_curl_virus,Tomato_leaf_yellow_curl_virus,0.9999558925628662,1,1.1954145431518555,8.418983459472656,0.16670513153076172,9.784161567687988
dataset/test/Tomato_leaf_yellow_curl_virus/art_15017325188173_a24a66_aug_19aug25.jpg,Tomato_leaf_yellow_curl_virus,Tomato_leaf_yellow_curl_virus,0.9999645948410034,1,1.185582160949707,8.12735366821289,0.20652008056640625,9.52312183380127
dataset/test/Tomato_leaf_yellow_curl_virus/art_15017325188173_a24a66_aug_20aug46.jpg,Tomato_leaf_yellow_curl_virus,Tomato_leaf_yellow_curl_virus,0.999980092048645,1,1.170212745666504,8.14272403717041,0.1652240753173828,9.481194496154785
dataset/test/Tomato_leaf_yellow_curl_virus/art_15017325188173_a24a66aug2.jpg,Tomato_leaf_yellow_curl_virus,Tomato_leaf_yellow_curl_virus,0.9999326467514038,1,1.2143802642822266,8.366483688354492,0.17329788208007812,9.757309913635254
dataset/test/Tomato_leaf_yellow_curl_virus/psyllid-yellows_jpg.rf.1d99aab2f43a840be530ce313eb0c0fd_aug_56aug57.jpg,Tomato_leaf_yellow_curl_virus,Tomato_leaf_yellow_curl_virus,0.9985456466674805,1,1.2329521179199219,8.38857650756836,0.16464900970458984,9.788605690002441
dataset/test/Tomato_leaf_yellow_curl_virus/psyllid-yellows_jpg.rf.1d99aab2f43a840be530ce313eb0c0fd_aug_57aug84.jpg,Tomato_leaf_yellow_curl_virus,Tomato_leaf_yellow_curl_virus,0.9998188614845276,1,1.1481189727783203,8.003203392028809,0.17876148223876953,9.333712577819824
dataset/test/Tomato_leaf_yellow_curl_virus/psyllid-yellows_jpg.rf.1d99aab2f43a840be530ce313eb0c0fd_aug_58aug52.jpg,Tomato_leaf_yellow_curl_virus,Tomato_leaf_yellow_curl_virus,0.9998188614845276,1,1.156174659729004,8.082000732421875,0.16440963745117188,9.405120849609375
dataset/test/Tomato_leaf_yellow_curl_virus/psyllid-yellows_jpg.rf.1d99aab2f43a840be530ce313eb0c0fd_aug_59aug77.jpg,Tomato_leaf_yellow_curl_virus,Tomato_leaf_yellow_curl_virus,0.999996542930603,1,1.2226371765136719,8.424409866333008,0.16531658172607422,9.815179824829102
dataset/test/Tomato_leaf_yellow_curl_virus/psyllid-yellows_jpg.rf.1d99aab2f43a840be530ce313eb0c0fd_aug_60aug86.jpg,Tomato_leaf_yellow_curl_virus,Tomato_leaf_yellow_curl_virus,0.9999284744262695,1,1.1903963088989258,8.254095077514648,0.16505718231201172,9.612455368041992
dataset/test/Tomato_leaf_yellow_curl_virus/psyllid-yellows_jpg.rf.1d99aab2f43a840be530ce313eb0c0fd_aug_61aug59.jpg,Tomato_leaf_yellow_curl_virus,Tomato_leaf_yellow_curl_virus,0.9999982118606567,1,1.2020454406738281,8.305169105529785,0.1615009307861328,9.671252250671387
dataset/test/Tomato_leaf_yellow_curl_virus/psyllid-yellows_jpg.rf.1d99aab2f43a840be530ce313eb0c0fd_aug_62aug67.jpg,Tomato_leaf_yellow_curl_virus,Tomato_leaf_yellow_curl_virus,0.9998055100440979,1,1.1466188430786133,8.062020301818848,0.16690826416015625,9.378083229064941
dataset/test/Tomato_leaf_yellow_curl_virus/psyllid-yellows_jpg.rf.1d99aab2f43a840be530ce313eb0c0fdaug8.jpg,Tomato_leaf_yellow_curl_virus,Tomato_leaf_yellow_curl_virus,0.9999426603317261,1,1.265768051147461,8.136131286621094,0.19977951049804688,9.604584693908691
dataset/test/Tomato_leaf_yellow_curl_virus/tj5itxzunn3k_jpg.rf.4aeda27b2535578e718fe6279491d0d4_aug_49aug102.jpg,Tomato_leaf_yellow_curl_virus,Tomato_leaf_yellow_curl_virus,0.9999986886978149,1,1.139897346496582,8.133797645568848,0.17583465576171875,9.453158378601074
dataset/test/Tomato_leaf_yellow_curl_virus/tj5itxzunn3k_jpg.rf.4aeda27b2535578e718fe6279491d0d4_aug_50aug109.jpg,Tomato_leaf_yellow_curl_virus,Tomato_leaf_yellow_curl_virus,0.9999998807907104,1,1.1027851104736328,8.275872230529785,0.16792678833007812,9.549196243286133
dataset/test/Tomato_leaf_yellow_curl_virus/tj5itxzunn3k_jpg.rf.4aeda27b2535578e718fe6279491d0d4_aug_51aug99.jpg,Tomato_leaf_yellow_curl_virus,Tomato_leaf_yellow_curl_virus,0.9999880790710449,1,1.1362667083740234,8.328446388244629,0.16679859161376953,9.634214401245117
dataset/test/Tomato_leaf_yellow_curl_virus/tj5itxzunn3k_jpg.rf.4aeda27b2535578e718fe6279491d0d4_aug_52aug103.jpg,Tomato_leaf_yellow_curl_virus,Tomato_leaf_yellow_curl_virus,0.9999998807907104,1,1.094766616821289,8.232150077819824,0.16655540466308594,9.496437072753906
dataset/test/Tomato_leaf_yellow_curl_virus/tj5itxzunn3k_jpg.rf.4aeda27b2535578e718fe6279491d0d4_aug_53aug100.jpg,Tomato_leaf_yellow_curl_virus,Tomato_leaf_yellow_curl_virus,0.9999997615814209,1,1.1036558151245117,8.18294620513916,0.16777896881103516,9.457046508789062
dataset/test/Tomato_leaf_yellow_curl_virus/tj5itxzunn3k_jpg.rf.4aeda27b2535578e718fe6279491d0d4_aug_54aug106.jpg,Tomato_leaf_yellow_curl_virus,Tomato_leaf_yellow_curl_virus,1.0,1,1.1383237838745117,8.050629615783691,0.16450119018554688,9.356230735778809
dataset/test/Tomato_leaf_yellow_curl_virus/tj5itxzunn3k_jpg.rf.4aeda27b2535578e718fe6279491d0d4_aug_55aug107.jpg,Tomato_leaf_yellow_curl_virus,Tomato_leaf_yellow_curl_virus,0.9999759197235107,1,1.0806560516357422,8.086629867553711,0.17385292053222656,9.344657897949219
dataset/test/Tomato_leaf_yellow_curl_virus/tj5itxzunn3k_jpg.rf.4aeda27b2535578e718fe6279491d0d4aug7.jpg,Tomato_leaf_yellow_curl_virus,Tomato_leaf_yellow_curl_virus,0.9999998807907104,1,1.0922479629516602,7.996537208557129,0.16615009307861328,9.257990837097168
dataset/test/Tomato_leaf_yellow_curl_virus/tomato-yellow-closeup-3_aug_28aug16.jpg,Tomato_leaf_yellow_curl_virus,Tomato_leaf_yellow_curl_virus,0.9920024871826172,1,1.1863775253295898,8.117778778076172,0.16401958465576172,9.47089958190918
dataset/test/Tomato_leaf_yellow_curl_virus/tomato-yellow-closeup-3_aug_29aug27.jpg,Tomato_leaf_yellow_curl_virus,Tomato_mold_leaf,0.5124351978302002,0,1.1555070877075195,8.173074722290039,0.1625375747680664,9.49386215209961
dataset/test/Tomato_leaf_yellow_curl_virus/tomato-yellow-closeup-3_aug_30aug117.jpg,Tomato_leaf_yellow_curl_virus,Tomato_leaf_yellow_curl_virus,0.9847562909126282,1,1.146139144897461,8.03459358215332,0.15748214721679688,9.341121673583984
dataset/test/Tomato_leaf_yellow_curl_virus/tomato-yellow-closeup-3_aug_31aug31.jpg,Tomato_leaf_yellow_curl_virus,Tomato_leaf_yellow_curl_virus,0.9883078932762146,1,1.1765632629394531,7.978407859802246,0.1910390853881836,9.349565505981445
dataset/test/Tomato_leaf_yellow_curl_virus/tomato-yellow-closeup-3_aug_32aug115.jpg,Tomato_leaf_yellow_curl_virus,Tomato_Septoria_leaf_spot,0.2839621305465698,0,1.2524347305297852,7.956055641174316,0.16583538055419922,9.377416610717773
dataset/test/Tomato_leaf_yellow_curl_virus/tomato-yellow-closeup-3_aug_33aug116.jpg,Tomato_leaf_yellow_curl_virus,Tomato_leaf_yellow_curl_virus,0.5788631439208984,1,1.194192886352539,8.043537139892578,0.20074176788330078,9.441307067871094
dataset/test/Tomato_leaf_yellow_curl_virus/tomato-yellow-closeup-3_aug_34aug26.jpg,Tomato_leaf_yellow_curl_virus,Tomato_leaf_yellow_curl_virus,0.9909667372703552,1,1.1443052291870117,7.95179557800293,0.1647787094116211,9.26402759552002
dataset/test/Tomato_leaf_yellow_curl_virus/tomato-yellow-closeup-3aug4.jpg,Tomato_leaf_yellow_curl_virus,Tomato_Early_blight_leaf,0.5343458652496338,0,1.1365251541137695,8.166537284851074,0.17392635345458984,9.480083465576172
dataset/test/Tomato_leaf_yellow_curl_virus/tomato-yellow-leaf-curl-virus-tomato-1_aug_100aug92.jpg,Tomato_leaf_yellow_curl_virus,Tomato_leaf_yellow_curl_virus,0.9999970197677612,1,1.2071189880371094,7.852814674377441,0.18874168395996094,9.251232147216797
dataset/test/Tomato_leaf_yellow_curl_virus/tomato-yellow-leaf-curl-virus-tomato-1_aug_101aug95.jpg,Tomato_leaf_yellow_curl_virus,Tomato_leaf_yellow_curl_virus,0.9999814033508301,1,1.1292848587036133,7.969648361206055,0.15522289276123047,9.256674766540527
dataset/test/Tomato_leaf_yellow_curl_virus/tomato-yellow-leaf-curl-virus-tomato-1_aug_102aug88.jpg,Tomato_leaf_yellow_curl_virus,Tomato_leaf_yellow_curl_virus,0.9999994039535522,1,1.1103954315185547,7.800480842590332,0.16394519805908203,9.077507972717285
dataset/test/Tomato_leaf_yellow_curl_virus/tomato-yellow-leaf-curl-virus-tomato-1_aug_103aug93.jpg,Tomato_leaf_yellow_curl_virus,Tomato_leaf_yellow_curl_virus,0.9998165965080261,1,1.154322624206543,7.830018043518066,0.16422271728515625,9.15098762512207
dataset/test/Tomato_leaf_yellow_curl_virus/tomato-yellow-leaf-curl-virus-tomato-1_aug_98aug91.jpg,Tomato_leaf_yellow_curl_virus,Tomato_leaf_yellow_curl_virus,0.9999991655349731,1,1.1671924591064453,8.002518653869629,0.16350078582763672,9.33615779876709
dataset/test/Tomato_leaf_yellow_curl_virus/tomato-yellow-leaf-curl-virus-tomato-1_aug_99aug90.jpg,Tomato_leaf_yellow_curl_virus,Tomato_leaf_yellow_curl_virus,0.9999985694885254,1,1.1304702758789062,7.945146560668945,0.1783895492553711,9.257637977600098
dataset/test/Tomato_leaf_yellow_curl_virus/tomato-yellow-leaf-curl-virus-tomato-1aug14.jpg,Tomato_leaf_yellow_curl_virus,Tomato_leaf_yellow_curl_virus,0.9999969005584717,1,1.1458959579467773,7.887462615966797,0.16303730010986328,9.199322700500488
dataset/test/Tomato_leaf_yellow_curl_virus/tomatoyellowleafcurlcropped_aug_91aug55.jpg,Tomato_leaf_yellow_curl_virus,Tomato_leaf_yellow_curl_virus,0.9999336004257202,1,1.143174171447754,8.329075813293457,0.1635570526123047,9.638660430908203
dataset/test/Tomato_leaf_yellow_curl_virus/tomatoyellowleafcurlcropped_aug_92aug89.jpg,Tomato_leaf_yellow_curl_virus,Tomato_leaf_yellow_curl_virus,0.9999945163726807,1,1.113377571105957,7.855147361755371,0.1665201187133789,9.137749671936035
dataset/test/Tomato_leaf_yellow_curl_virus/tomatoyellowleafcurlcropped_aug_93aug97.jpg,Tomato_leaf_yellow_curl_virus,Tomato_leaf_yellow_curl_virus,0.9999033212661743,1,1.1084709167480469,7.980629920959473,0.16285324096679688,9.254619598388672
dataset/test/Tomato_leaf_yellow_curl_virus/tomatoyellowleafcurlcropped_aug_94aug50.jpg,Tomato_leaf_yellow_curl_virus,Tomato_leaf_yellow_curl_virus,0.9999955892562866,1,1.3884353637695312,8.353836059570312,0.16255664825439453,9.907679557800293
dataset/test/Tomato_leaf_yellow_curl_virus/tomatoyellowleafcurlcropped_aug_95aug87.jpg,Tomato_leaf_yellow_curl_virus,Tomato_leaf_yellow_curl_virus,0.9999921321868896,1,1.1067476272583008,15.719572067260742,0.2524843215942383,17.082785606384277
dataset/test/Tomato_leaf_yellow_curl_virus/tomatoyellowleafcurlcropped_aug_96aug96.jpg,Tomato_leaf_yellow_curl_virus,Tomato_leaf_yellow_curl_virus,0.9999442100524902,1,1.6740846633911133,19.470524787902832,0.20583343505859375,21.353816032409668
dataset/test/Tomato_leaf_yellow_curl_virus/tomatoyellowleafcurlcropped_aug_97aug94.jpg,Tomato_leaf_yellow_curl_virus,Tomato_leaf_yellow_curl_virus,0.999743640422821,1,1.6088075637817383,16.382800102233887,0.20324230194091797,18.198311805725098
dataset/test/Tomato_leaf_yellow_curl_virus/tomatoyellowleafcurlcroppedaug13.jpg,Tomato_leaf_yellow_curl_virus,Tomato_leaf_yellow_curl_virus,0.9999274015426636,1,1.4874725341796875,11.025224685668945,0.20557594299316406,12.721606254577637
dataset/test/Tomato_leaf_yellow_curl_virus/virus1_aug_0aug37.jpg,Tomato_leaf_yellow_curl_virus,Tomato_leaf_yellow_curl_virus,0.9999760389328003,1,1.6707897186279297,10.959632873535156,0.20425987243652344,12.838162422180176
dataset/test/Tomato_leaf_yellow_curl_virus/virus1_aug_1aug21.jpg,Tomato_leaf_yellow_curl_virus,Tomato_leaf_yellow_curl_virus,0.9990088939666748,1,1.5185661315917969,10.783352851867676,0.20235347747802734,12.50767993927002
dataset/test/Tomato_leaf_yellow_curl_virus/virus1_aug_2aug24.jpg,Tomato_leaf_yellow_curl_virus,Tomato_leaf_yellow_curl_virus,0.9999498128890991,1,1.454676628112793,9.931587219238281,0.1570577621459961,11.546394348144531
dataset/test/Tomato_leaf_yellow_curl_virus/virus1_aug_3aug17.jpg,Tomato_leaf_yellow_curl_virus,Tomato_leaf_yellow_curl_virus,0.9998906850814819,1,1.0913400650024414,7.4748125076293945,0.16890907287597656,8.738024711608887
dataset/test/Tomato_leaf_yellow_curl_virus/virus1_aug_4aug28.jpg,Tomato_leaf_yellow_curl_virus,Tomato_leaf_yellow_curl_virus,0.9999434947967529,1,1.052525520324707,7.6441450119018555,0.15999984741210938,8.859357833862305
dataset/test/Tomato_leaf_yellow_curl_virus/virus1_aug_5aug32.jpg,Tomato_leaf_yellow_curl_virus,Tomato_leaf_yellow_curl_virus,0.9998906850814819,1,1.0585060119628906,7.538291931152344,0.15703868865966797,8.755931854248047
dataset/test/Tomato_leaf_yellow_curl_virus/virus1_aug_6aug38.jpg,Tomato_leaf_yellow_curl_virus,Tomato_leaf_yellow_curl_virus,0.9593272805213928,1,1.0513038635253906,7.716405868530273,0.14981651306152344,8.919672966003418
dataset/test/Tomato_leaf_yellow_curl_virus/virus1aug0.jpg,Tomato_leaf_yellow_curl_virus,Tomato_leaf_yellow_curl_virus,0.9999452829360962,1,1.0556001663208008,7.468144416809082,0.16046428680419922,8.687191009521484
dataset/test/Tomato_mold_leaf/IMG-20240724-WA0020_aug_68aug87.jpg,Tomato_mold_leaf,Tomato_mold_leaf,0.98066645860672,1,1.2048425674438477,7.5251264572143555,0.1598529815673828,8.892468452453613
dataset/test/Tomato_mold_leaf/IMG-20240724-WA0020_aug_69aug97.jpg,Tomato_mold_leaf,Tomato_mold_leaf,0.9889397025108337,1,1.086507797241211,7.6242570877075195,0.16844463348388672,8.882135391235352
dataset/test/Tomato_mold_leaf/IMG-20240724-WA0020_aug_70aug82.jpg,Tomato_mold_leaf,Tomato_mold_leaf,0.9967218041419983,1,1.1133966445922852,8.449261665344238,0.15946388244628906,9.72486400604248
dataset/test/Tomato_mold_leaf/IMG-20240724-WA0020_aug_71aug98.jpg,Tomato_mold_leaf,Tomato_mold_leaf,0.9616655707359314,1,1.1814155578613281,7.537347793579102,0.1581859588623047,8.879358291625977
dataset/test/Tomato_mold_leaf/IMG-20240724-WA0020aug17.jpg,Tomato_mold_leaf,Tomato_mold_leaf,0.9826483726501465,1,1.0916004180908203,7.518903732299805,0.15892601013183594,8.772154808044434
dataset/test/Tomato_mold_leaf/IMG-20240724-WA0044_aug_10aug44.jpg,Tomato_mold_leaf,Tomato_mold_leaf,0.9930756092071533,1,1.0837287902832031,7.771886825561523,0.1639270782470703,9.02280330657959
dataset/test/Tomato_mold_leaf/IMG-20240724-WA0044_aug_11aug49.jpg,Tomato_mold_leaf,Tomato_mold_leaf,0.9423157572746277,1,1.09393310546875,7.839906692504883,0.16255664825439453,9.098970413208008
dataset/test/Tomato_mold_leaf/IMG-20240724-WA0044_aug_8aug35.jpg,Tomato_mold_leaf,Tomato_mold_leaf,0.8383060097694397,1,1.1634340286254883,7.883072853088379,0.16344547271728516,9.212545394897461
dataset/test/Tomato_mold_leaf/IMG-20240724-WA0044_aug_9aug41.jpg,Tomato_mold_leaf,Tomato_mold_leaf,0.9806582927703857,1,1.1182870864868164,7.923147201538086,0.16281604766845703,9.206860542297363
dataset/test/Tomato_mold_leaf/IMG-20240724-WA0044aug2.jpg,Tomato_mold_leaf,Tomato_mold_leaf,0.9853488802909851,1,1.1196393966674805,8.10035228729248,0.17366790771484375,9.397232055664062
dataset/test/Tomato_mold_leaf/IMG-20240724-WA0055_aug_28aug27.jpg,Tomato_mold_leaf,Tomato_mold_leaf,0.9999653100967407,1,1.158766746520996,8.054851531982422,0.17338943481445312,9.390174865722656
dataset/test/Tomato_mold_leaf/IMG-20240724-WA0055_aug_29aug28.jpg,Tomato_mold_leaf,Tomato_mold_leaf,0.9994511008262634,1,1.1201753616333008,7.848295211791992,0.1625375747680664,9.133434295654297
dataset/test/Tomato_mold_leaf/IMG-20240724-WA0055_aug_30aug43.jpg,Tomato_mold_leaf,Tomato_mold_leaf,0.9998631477355957,1,1.1199884414672852,7.9574432373046875,0.17374229431152344,9.254304885864258
dataset/test/Tomato_mold_leaf/IMG-20240724-WA0055_aug_31aug50.jpg,Tomato_mold_leaf,Tomato_mold_leaf,0.9998759031295776,1,1.1183042526245117,7.875054359436035,0.1640186309814453,9.160822868347168
dataset/test/Tomato_mold_leaf/IMG-20240724-WA0055aug7.jpg,Tomato_mold_leaf,Tomato_mold_leaf,0.9999047517776489,1,1.1540088653564453,8.055482864379883,0.1621866226196289,9.374213218688965
dataset/test/Tomato_mold_leaf/IMG-20240724-WA0065_aug_80aug69.jpg,Tomato_mold_leaf,Tomato_mold_leaf,0.999924898147583,1,1.1796932220458984,8.0511474609375,0.1610393524169922,9.3944730758667
dataset/test/Tomato_mold_leaf/IMG-20240724-WA0065_aug_81aug70.jpg,Tomato_mold_leaf,Tomato_mold_leaf,0.9999991655349731,1,1.1605634689331055,8.07722282409668,0.1848907470703125,9.425009727478027
dataset/test/Tomato_mold_leaf/IMG-20240724-WA0065_aug_82aug66.jpg,Tomato_mold_leaf,Tomato_mold_leaf,0.9999994039535522,1,1.1146564483642578,7.945407867431641,0.16515064239501953,9.227694511413574
dataset/test/Tomato_mold_leaf/IMG-20240724-WA0065_aug_83aug65.jpg,Tomato_mold_leaf,Tomato_mold_leaf,0.9999898672103882,1,1.1348962783813477,8.096147537231445,0.1653146743774414,9.399232864379883
dataset/test/Tomato_mold_leaf/IMG-20240724-WA0065aug20.jpg,Tomato_mold_leaf,Tomato_mold_leaf,0.9999988079071045,1,1.1398239135742188,8.114334106445312,0.1651315689086914,9.422176361083984
dataset/test/Tomato_mold_leaf/IMG-20240725-WA0031_aug_0aug46.jpg,Tomato_mold_leaf,Tomato_mold_leaf,0.9999115467071533,1,1.100081443786621,8.063704490661621,0.16544532775878906,9.33182430267334
dataset/test/Tomato_mold_leaf/IMG-20240725-WA0031_aug_1aug47.jpg,Tomato_mold_leaf,Tomato_mold_leaf,0.9994592070579529,1,1.0924148559570312,8.091816902160645,0.16368675231933594,9.350602149963379
dataset/test/Tomato_mold_leaf/IMG-20240725-WA0031_aug_2aug37.jpg,Tomato_mold_leaf,Tomato_mold_leaf,0.9999115467071533,1,1.1279335021972656,8.073352813720703,0.17472267150878906,9.379362106323242
dataset/test/Tomato_mold_leaf/IMG-20240725-WA0031_aug_3aug45.jpg,Tomato_mold_leaf,Tomato_mold_leaf,0.99991774559021,1,1.089970588684082,8.33900260925293,0.16542720794677734,9.597455978393555
dataset/test/Tomato_mold_leaf/IMG-20240725-WA0031aug0.jpg,Tomato_mold_leaf,Tomato_mold_leaf,0.9999545812606812,1,1.0975446701049805,8.119390487670898,0.16563034057617188,9.385231971740723
dataset/test/Tomato_mold_leaf/IMG-20240725-WA0039_aug_72aug79.jpg,Tomato_mold_leaf,Tomato_mold_leaf,0.9999998807907104,1,1.132415771484375,8.149724006652832,0.16239070892333984,9.44762134552002
dataset/test/Tomato_mold_leaf/IMG-20240725-WA0039_aug_73aug95.jpg,Tomato_mold_leaf,Tomato_mold_leaf,0.9999998807907104,1,1.0990266799926758,8.40031623840332,0.1575937271118164,9.65964126586914
dataset/test/Tomato_mold_leaf/IMG-20240725-WA0039_aug_74aug71.jpg,Tomato_mold_leaf,Tomato_mold_leaf,0.9999998807907104,1,1.0821552276611328,8.429557800292969,0.23029804229736328,9.74488353729248
dataset/test/Tomato_mold_leaf/IMG-20240725-WA0039_aug_75aug80.jpg,Tomato_mold_leaf,Tomato_mold_leaf,1.0,1,1.5172147750854492,10.820554733276367,0.2023153305053711,12.543716430664062
dataset/test/Tomato_mold_leaf/IMG-20240725-WA0039aug18.jpg,Tomato_mold_leaf,Tomato_mold_leaf,1.0,1,1.4486579895019531,10.694018363952637,0.2022418975830078,12.348252296447754
dataset/test/Tomato_mold_leaf/IMG-20240727-WA0038_aug_40aug105.jpg,Tomato_mold_leaf,Tomato_mold_leaf,0.9999197721481323,1,1.4819164276123047,10.86109447479248,0.20463180541992188,12.551179885864258
dataset/test/Tomato_mold_leaf/IMG-20240727-WA0038_aug_41aug106.jpg,Tomato_mold_leaf,Tomato_mold_leaf,0.9999911785125732,1,1.4808988571166992,10.867630958557129,0.20442771911621094,12.556809425354004
dataset/test/Tomato_mold_leaf/IMG-20240727-WA0038_aug_42aug116.jpg,Tomato_mold_leaf,Tomato_mold_leaf,0.9999992847442627,1,1.5205659866333008,10.950798034667969,0.24607563018798828,12.721070289611816
dataset/test/Tomato_mold_leaf/IMG-20240727-WA0038_aug_43aug110.jpg,Tomato_mold_leaf,Tomato_mold_leaf,0.999737560749054,1,1.5010852813720703,10.787353515625,0.20446395874023438,12.496196746826172
dataset/test/Tomato_mold_leaf/IMG-20240727-WA0038aug10.jpg,Tomato_mold_leaf,Tomato_mold_leaf,0.9999992847442627,1,1.4919910430908203,10.924076080322266,0.24685287475585938,12.6664400100708
dataset/test/Tomato_mold_leaf/IMG-20240727-WA0040_aug_56aug92.jpg,Tomato_mold_leaf,Tomato_mold_leaf,0.9999014139175415,1,1.4574718475341797,11.04265022277832,0.15674209594726562,12.659699440002441
dataset/test/Tomato_mold_leaf/IMG-20240727-WA0040_aug_57aug83.jpg,Tomato_mold_leaf,Tomato_mold_leaf,0.9999980926513672,1,1.0601558685302734,7.526699066162109,0.15881633758544922,8.748449325561523
dataset/test/Tomato_mold_leaf/IMG-20240727-WA0040_aug_58aug77.jpg,Tomato_mold_leaf,Tomato_mold_leaf,0.9999550580978394,1,1.081913948059082,7.871793746948242,0.15800189971923828,9.114007949829102
dataset/test/Tomato_mold_leaf/IMG-20240727-WA0040_aug_59aug94.jpg,Tomato_mold_leaf,Tomato_mold_leaf,0.9999730587005615,1,1.0613956451416016,7.668979644775391,0.15092754364013672,8.88365364074707
dataset/test/Tomato_mold_leaf/IMG-20240727-WA0040aug14.jpg,Tomato_mold_leaf,Tomato_mold_leaf,0.9995571970939636,1,1.080007553100586,7.554867744445801,0.1578350067138672,8.795042037963867
dataset/test/Tomato_mold_leaf/IMG-20240727-WA0124_aug_20aug54.jpg,Tomato_mold_leaf,Tomato_mold_leaf,0.9999908208847046,1,1.0525274276733398,7.488533973693848,0.1718158721923828,8.715819358825684
dataset/test/Tomato_mold_leaf/IMG-20240727-WA0124_aug_21aug38.jpg,Tomato_mold_leaf,Tomato_mold_leaf,0.9999072551727295,1,1.080728530883789,7.618293762207031,0.15761184692382812,8.85908031463623
dataset/test/Tomato_mold_leaf/IMG-20240727-WA0124_aug_22aug31.jpg,Tomato_mold_leaf,Tomato_mold_leaf,0.9996104836463928,1,1.0678768157958984,7.699553489685059,0.1571493148803711,8.927117347717285
dataset/test/Tomato_mold_leaf/IMG-20240727-WA0124_aug_23aug55.jpg,Tomato_mold_leaf,Tomato_mold_leaf,0.9996645450592041,1,1.0731744766235352,7.529386520385742,0.15677928924560547,8.7615966796875
dataset/test/Tomato_mold_leaf/IMG-20240727-WA0124aug5.jpg,Tomato_mold_leaf,Tomato_mold_leaf,1.0,1,1.0947866439819336,7.51870059967041,0.1587047576904297,8.774839401245117
dataset/test/Tomato_mold_leaf/IMG-20240727-WA0153_aug_92aug58.jpg,Tomato_mold_leaf,Tomato_mold_leaf,0.9999998807907104,1,1.0468406677246094,7.572959899902344,0.1628894805908203,8.785857200622559
dataset/test/Tomato_mold_leaf/IMG-20240727-WA0153_aug_93aug60.jpg,Tomato_mold_leaf,Tomato_mold_leaf,0.999990701675415,1,1.042191505432129,7.506126403808594,0.1717243194580078,8.72305965423584
dataset/test/Tomato_mold_leaf/IMG-20240727-WA0153aug23.jpg,Tomato_mold_leaf,Tomato_mold_leaf,0.9999891519546509,1,1.1111383438110352,7.643813133239746,0.1631307601928711,8.921025276184082
dataset/test/Tomato_mold_leaf/IMG-20240727-WA0165aug25.jpg,Tomato_mold_leaf,Tomato_mold_leaf,0.9999982118606567,1,1.0566186904907227,7.815258026123047,0.17098236083984375,9.045933723449707
dataset/test/Tomato_mold_leaf/IMG-20240728-WA0028_aug_64aug91.jpg,Tomato_mold_leaf,Tomato_mold_leaf,0.9999998807907104,1,1.1053237915039062,7.781794548034668,0.16198158264160156,9.051711082458496
dataset/test/Tomato_mold_leaf/IMG-20240728-WA0028_aug_65aug86.jpg,Tomato_mold_leaf,Tomato_mold_leaf,0.9999998807907104,1,1.0527667999267578,7.768313407897949,0.17079830169677734,8.994877815246582
dataset/test/Tomato_mold_leaf/IMG-20240728-WA0028_aug_66aug78.jpg,Tomato_mold_leaf,Tomato_mold_leaf,0.9999995231628418,1,1.0574884414672852,7.933259010314941,0.16098308563232422,9.154305458068848
dataset/test/Tomato_mold_leaf/IMG-20240728-WA0028_aug_67aug99.jpg,Tomato_mold_leaf,Tomato_mold_leaf,1.0,1,1.1021747589111328,7.695498466491699,0.1969451904296875,8.997635841369629
dataset/test/Tomato_mold_leaf/IMG-20240728-WA0028aug16.jpg,Tomato_mold_leaf,Tomato_mold_leaf,0.9999991655349731,1,1.0460433959960938,7.779962539672852,0.16181659698486328,8.991230010986328
dataset/test/Tomato_mold_leaf/IMG-20240728-WA0068_aug_12aug29.jpg,Tomato_mold_leaf,Tomato_mold_leaf,0.999998927116394,1,1.128321647644043,8.348780632019043,0.15840816497802734,9.637788772583008
dataset/test/Tomato_mold_leaf/IMG-20240728-WA0068_aug_13aug30.jpg,Tomato_mold_leaf,Tomato_mold_leaf,0.9999998807907104,1,1.0586357116699219,7.638904571533203,0.16107463836669922,8.861265182495117
dataset/test/Tomato_mold_leaf/IMG-20240728-WA0068_aug_14aug56.jpg,Tomato_mold_leaf,Tomato_mold_leaf,0.9999903440475464,1,1.1776018142700195,7.723813056945801,0.17392635345458984,9.078396797180176
dataset/test/Tomato_mold_leaf/IMG-20240728-WA0068_aug_15aug42.jpg,Tomato_mold_leaf,Tomato_mold_leaf,0.9999991655349731,1,1.07330322265625,8.149148941040039,0.16255569458007812,9.387601852416992
dataset/test/Tomato_mold_leaf/IMG-20240728-WA0068aug3.jpg,Tomato_mold_leaf,Tomato_mold_leaf,0.9999978542327881,1,1.0915260314941406,7.888628959655762,0.16385269165039062,9.146915435791016
dataset/test/Tomato_mold_leaf/IMG-20240728-WA0074_aug_44aug102.jpg,Tomato_mold_leaf,Tomato_mold_leaf,0.999980092048645,1,1.1458778381347656,7.917055130004883,0.16379642486572266,9.229860305786133
dataset/test/Tomato_mold_leaf/IMG-20240728-WA0074_aug_45aug75.jpg,Tomato_mold_leaf,Tomato_mold_leaf,0.9999934434890747,1,1.104599952697754,7.82736873626709,0.16505718231201172,9.100042343139648
dataset/test/Tomato_mold_leaf/IMG-20240728-WA0074_aug_46aug89.jpg,Tomato_mold_leaf,Tomato_mold_leaf,0.9999698400497437,1,1.096970558166504,7.980334281921387,0.16427993774414062,9.244544982910156
dataset/test/Tomato_mold_leaf/IMG-20240728-WA0074_aug_47aug111.jpg,Tomato_mold_leaf,Tomato_mold_leaf,0.9999910593032837,1,1.1327133178710938,7.897499084472656,0.19940853118896484,9.2326021194458
dataset/test/Tomato_mold_leaf/IMG-20240728-WA0074aug11.jpg,Tomato_mold_leaf,Tomato_mold_leaf,0.9999303817749023,1,1.1007680892944336,7.993444442749023,0.16111278533935547,9.258304595947266
dataset/test/Tomato_mold_leaf/IMG-20240728-WA0075aug24.jpg,Tomato_mold_leaf,Tomato_mold_leaf,0.9999915361404419,1,1.0905065536499023,7.919055938720703,0.16116809844970703,9.173304557800293
dataset/test/Tomato_mold_leaf/IMG-20240728-WA0087_aug_32aug113.jpg,Tomato_mold_leaf,Tomato_mold_leaf,0.9999771118164062,1,1.11663818359375,7.919055938720703,0.16274261474609375,9.201712608337402
dataset/test/Tomato_mold_leaf/IMG-20240728-WA0087_aug_33aug112.jpg,Tomato_mold_leaf,Tomato_mold_leaf,0.9999951124191284,1,1.1421375274658203,7.986055374145508,0.16940784454345703,9.300304412841797
dataset/test/Tomato_mold_leaf/IMG-20240728-WA0087_aug_34aug104.jpg,Tomato_mold_leaf,Tomato_mold_leaf,0.9999943971633911,1,1.1143779754638672,7.952834129333496,0.16350078582763672,9.23324966430664
dataset/test/Tomato_mold_leaf/IMG-20240728-WA0087_aug_35aug100.jpg,Tomato_mold_leaf,Tomato_mold_leaf,0.9999909400939941,1,1.109415054321289,7.833406448364258,0.1620006561279297,9.107526779174805
dataset/test/Tomato_mold_leaf/IMG-20240728-WA0087aug8.jpg,Tomato_mold_leaf,Tomato_mold_leaf,0.9998793601989746,1,1.1459894180297852,8.05068588256836,0.1675739288330078,9.366934776306152
dataset/test/Tomato_mold_leaf/IMG-20240728-WA0093_aug_76aug90.jpg,Tomato_mold_leaf,Tomato_mold_leaf,1.0,1,1.0971927642822266,8.13711166381836,0.16640853881835938,9.403064727783203
dataset/test/Tomato_mold_leaf/IMG-20240728-WA0093_aug_77aug68.jpg,Tomato_mold_leaf,Tomato_mold_leaf,1.0,1,1.098470687866211,8.245298385620117,0.1662616729736328,9.512602806091309
dataset/test/Tomato_mold_leaf/IMG-20240728-WA0093_aug_78aug93.jpg,Tomato_mold_leaf,Tomato_mold_leaf,1.0,1,1.139211654663086,8.212907791137695,0.1766500473022461,9.53200912475586
dataset/test/Tomato_mold_leaf/IMG-20240728-WA0093_aug_79aug64.jpg,Tomato_mold_leaf,Tomato_mold_leaf,0.9999998807907104,1,1.105452537536621,8.167520523071289,0.16085338592529297,9.436379432678223
dataset/test/Tomato_mold_leaf/IMG-20240728-WA0093aug19.jpg,Tomato_mold_leaf,Tomato_mold_leaf,1.0,1,1.0808229446411133,8.427114486694336,0.1664276123046875,9.677401542663574
dataset/test/Tomato_mold_leaf/IMG-20240728-WA0101_aug_84aug73.jpg,Tomato_mold_leaf,Tomato_mold_leaf,0.9999998807907104,1,1.1332483291625977,8.126778602600098,0.17498302459716797,9.438250541687012
dataset/test/Tomato_mold_leaf/IMG-20240728-WA0101_aug_85aug72.jpg,Tomato_mold_leaf,Tomato_mold_leaf,0.9999983310699463,1,1.2425642013549805,8.1083345413208,0.17724227905273438,9.531399726867676
dataset/test/Tomato_mold_leaf/IMG-20240728-WA0101_aug_86aug67.jpg,Tomato_mold_leaf,Tomato_mold_leaf,1.0,1,1.2870283126831055,8.123629570007324,0.16620540618896484,9.57941722869873
dataset/test/Tomato_mold_leaf/IMG-20240728-WA0101_aug_87aug74.jpg,Tomato_mold_leaf,Tomato_mold_leaf,0.9999964237213135,1,1.1388587951660156,8.273871421813965,0.18344497680664062,9.59926986694336
dataset/test/Tomato_mold_leaf/IMG-20240728-WA0101aug21.jpg,Tomato_mold_leaf,Tomato_mold_leaf,0.9999998807907104,1,1.1623048782348633,8.269928932189941,0.16498374938964844,9.599936485290527
dataset/test/Tomato_mold_leaf/IMG-20240728-WA0103_aug_48aug107.jpg,Tomato_mold_leaf,Tomato_mold_leaf,1.0,1,1.1367101669311523,8.082796096801758,0.17316818237304688,9.39593505859375
dataset/test/Tomato_mold_leaf/IMG-20240728-WA0103_aug_49aug76.jpg,Tomato_mold_leaf,Tomato_mold_leaf,1.0,1,1.1396369934082031,8.071370124816895,0.1654825210571289,9.379249572753906
dataset/test/Tomato_mold_leaf/IMG-20240728-WA0103_aug_50aug114.jpg,Tomato_mold_leaf,Tomato_mold_leaf,1.0,1,1.1691360473632812,8.062666893005371,0.1655569076538086,9.400249481201172
dataset/test/Tomato_mold_leaf/IMG-20240728-WA0103_aug_51aug84.jpg,Tomato_mold_leaf,Tomato_mold_leaf,1.0,1,1.1345081329345703,8.14742660522461,0.16100120544433594,9.445547103881836
dataset/test/Tomato_mold_leaf/IMG-20240728-WA0103aug12.jpg,Tomato_mold_leaf,Tomato_mold_leaf,1.0,1,1.138026237487793,8.033241271972656,0.1610574722290039,9.335490226745605
dataset/test/Tomato_mold_leaf/IMG-20240812-WA0183_aug_88aug59.jpg,Tomato_mold_leaf,Tomato_leaf_late_blight,0.47686100006103516,0,1.1425819396972656,8.641578674316406,0.1683349609375,9.955476760864258
dataset/test/Tomato_mold_leaf/IMG-20240812-WA0183_aug_89aug61.jpg,Tomato_mold_leaf,Tomato_Early_blight_leaf,0.8141139149665833,0,1.1630077362060547,7.998018264770508,0.17294597625732422,9.336583137512207
dataset/test/Tomato_mold_leaf/IMG-20240812-WA0183_aug_90aug63.jpg,Tomato_mold_leaf,Tomato_Early_blight_leaf,0.3964393436908722,0,1.2299528121948242,9.57473373413086,0.16377830505371094,10.97109603881836
dataset/test/Tomato_mold_leaf/IMG-20240812-WA0183_aug_91aug62.jpg,Tomato_mold_leaf,Tomato_leaf_late_blight,0.6484580039978027,0,1.089193344116211,8.061925888061523,0.1650390625,9.318657875061035
dataset/test/Tomato_mold_leaf/IMG-20240812-WA0183aug22.jpg,Tomato_mold_leaf,Tomato_leaf_late_blight,0.954563319683075,0,1.250472068786621,12.254826545715332,0.173187255859375,13.681114196777344
dataset/test/Tomato_mold_leaf/IMG_20251102_155435_aug_24aug39.jpg,Tomato_mold_leaf,Tomato_leaf_yellow_curl_virus,0.76153165102005,0,1.259953498840332,17.754883766174316,0.1736307144165039,19.1912260055542
dataset/test/Tomato_mold_leaf/IMG_20251102_155435_aug_25aug51.jpg,Tomato_mold_leaf,Tomato_leaf_late_blight,0.43177470564842224,0,1.884568214416504,8.675318717956543,0.1684274673461914,10.73151969909668
dataset/test/Tomato_mold_leaf/IMG_20251102_155435_aug_26aug26.jpg,Tomato_mold_leaf,Tomato_Early_blight_leaf,0.45961496233940125,0,1.1204891204833984,8.307780265808105,0.23053836822509766,9.662271499633789
dataset/test/Tomato_mold_leaf/IMG_20251102_155435_aug_27aug52.jpg,Tomato_mold_leaf,Tomato_leaf_yellow_curl_virus,0.5871714353561401,0,1.1017303466796875,8.140278816223145,0.16853809356689453,9.413361549377441
dataset/test/Tomato_mold_leaf/IMG_20251102_155435aug6.jpg,Tomato_mold_leaf,Tomato_leaf_yellow_curl_virus,0.5519868731498718,0,1.0961742401123047,8.268539428710938,0.16848278045654297,9.536307334899902
dataset/test/Tomato_mold_leaf/Leaf+mold+tomato+_25283_2529.JPG_aug_36aug118.jpg,Tomato_mold_leaf,Tomato_mold_leaf,0.9917106628417969,1,1.2151193618774414,8.154427528381348,0.16692733764648438,9.539621353149414
dataset/test/Tomato_mold_leaf/Leaf+mold+tomato+_25283_2529.JPG_aug_37aug117.jpg,Tomato_mold_leaf,Tomato_mold_leaf,0.75022292137146,1,1.1409711837768555,8.110334396362305,0.17479801177978516,9.42945384979248
dataset/test/Tomato_mold_leaf/Leaf+mold+tomato+_25283_2529.JPG_aug_38aug119.jpg,Tomato_mold_leaf,Tomato_mold_leaf,0.9893520474433899,1,1.1690082550048828,7.915647506713867,0.1660003662109375,9.253287315368652
dataset/test/Tomato_mold_leaf/Leaf+mold+tomato+_25283_2529.JPG_aug_39aug103.jpg,Tomato_mold_leaf,Tomato_mold_leaf,0.7675989270210266,1,1.2096576690673828,8.130870819091797,0.1670398712158203,9.51028823852539
dataset/test/Tomato_mold_leaf/Leaf+mold+tomato+_25283_2529.JPGaug9.jpg,Tomato_mold_leaf,Tomato_mold_leaf,0.5408031344413757,1,1.1315269470214844,8.104835510253906,0.1649456024169922,9.404046058654785
dataset/test/Tomato_mold_leaf/Leaf-mold-caused-by-the-fungal-pathogen-Passalore-fulva-in-tomatoes_aug_16aug33.jpg,Tomato_mold_leaf,Tomato_Healthy_leaf,0.5576456189155579,0,1.1095428466796875,8.108612060546875,0.16255760192871094,9.383360862731934
dataset/test/Tomato_mold_leaf/Leaf-mold-caused-by-the-fungal-pathogen-Passalore-fulva-in-tomatoes_aug_17aug57.jpg,Tomato_mold_leaf,Tomato_Healthy_leaf,0.8900669813156128,0,1.1067495346069336,7.899758338928223,0.1595010757446289,9.169026374816895
dataset/test/Tomato_mold_leaf/Leaf-mold-caused-by-the-fungal-pathogen-Passalore-fulva-in-tomatoes_aug_18aug32.jpg,Tomato_mold_leaf,Tomato_Healthy_leaf,0.9386513829231262,0,1.0564155578613281,7.919092178344727,0.16566848754882812,9.143712043762207
dataset/test/Tomato_mold_leaf/Leaf-mold-caused-by-the-fungal-pathogen-Passalore-fulva-in-tomatoes_aug_19aug53.jpg,Tomato_mold_leaf,Tomato_Healthy_leaf,0.7899500131607056,0,1.1880455017089844,7.816831588745117,0.16316795349121094,9.17078685760498
dataset/test/Tomato_mold_leaf/Leaf-mold-caused-by-the-fungal-pathogen-Passalore-fulva-in-tomatoesaug4.jpg,Tomato_mold_leaf,Tomato_Septoria_leaf_spot,0.4048846662044525,0,1.114211082458496,7.979647636413574,0.1632232666015625,9.259674072265625
dataset/test/Tomato_mold_leaf/leaf_mold_nightshade2x500_aug_60aug81.jpg,Tomato_mold_leaf,Tomato_mold_leaf,0.9999994039535522,1,1.0758228302001953,8.885117530822754,0.16509246826171875,10.128496170043945
dataset/test/Tomato_mold_leaf/leaf_mold_nightshade2x500_aug_61aug96.jpg,Tomato_mold_leaf,Tomato_mold_leaf,0.9999998807907104,1,1.0844154357910156,8.019591331481934,0.16587066650390625,9.27262020111084
dataset/test/Tomato_mold_leaf/leaf_mold_nightshade2x500_aug_62aug85.jpg,Tomato_mold_leaf,Tomato_mold_leaf,0.9999855756759644,1,1.145212173461914,7.921629905700684,0.16429710388183594,9.233749389648438
dataset/test/Tomato_mold_leaf/leaf_mold_nightshade2x500_aug_63aug88.jpg,Tomato_mold_leaf,Tomato_mold_leaf,0.9999998807907104,1,1.1563587188720703,8.264370918273926,0.16457462310791016,9.58815860748291
dataset/test/Tomato_mold_leaf/leaf_mold_nightshade2x500aug15.jpg,Tomato_mold_leaf,Tomato_mold_leaf,0.9999998807907104,1,1.1234521865844727,8.023260116577148,0.2030010223388672,9.352676391601562
dataset/test/Tomato_mold_leaf/leaf_mold_tomato5x1200_jpg.rf.0a5ee47c78e753f9580bfb7744438ebf_aug_52aug101.jpg,Tomato_mold_leaf,Tomato_mold_leaf,1.0,1,1.115692138671875,10.583370208740234,0.24526119232177734,11.947656631469727
dataset/test/Tomato_mold_leaf/leaf_mold_tomato5x1200_jpg.rf.0a5ee47c78e753f9580bfb7744438ebf_aug_53aug108.jpg,Tomato_mold_leaf,Tomato_mold_leaf,1.0,1,1.5126590728759766,10.910390853881836,0.21985340118408203,12.646347999572754
dataset/test/Tomato_mold_leaf/leaf_mold_tomato5x1200_jpg.rf.0a5ee47c78e753f9580bfb7744438ebf_aug_54aug115.jpg,Tomato_mold_leaf,Tomato_mold_leaf,1.0,1,1.5073442459106445,11.150874137878418,0.20244598388671875,12.864145278930664
dataset/test/Tomato_mold_leaf/leaf_mold_tomato5x1200_jpg.rf.0a5ee47c78e753f9580bfb7744438ebf_aug_55aug109.jpg,Tomato_mold_leaf,Tomato_mold_leaf,1.0,1,1.5048799514770508,11.024928092956543,0.20913028717041016,12.74231243133545
dataset/test/Tomato_mold_leaf/leaf_mold_tomato5x1200_jpg.rf.0a5ee47c78e753f9580bfb7744438ebfaug13.jpg,Tomato_mold_leaf,Tomato_mold_leaf,1.0,1,1.494917869567871,11.101873397827148,0.21763038635253906,12.81808853149414
dataset/test/Tomato_mold_leaf/tomato_leaf-mold_04_zoom_aug_4aug36.jpg,Tomato_mold_leaf,Tomato_leaf_late_blight,0.9847121238708496,0,1.5817146301269531,10.937224388122559,0.22305774688720703,12.746200561523438
dataset/test/Tomato_mold_leaf/tomato_leaf-mold_04_zoom_aug_5aug48.jpg,Tomato_mold_leaf,Tomato_leaf_late_blight,0.9966042041778564,0,1.6057138442993164,11.273892402648926,0.21290874481201172,13.096534729003906
dataset/test/Tomato_mold_leaf/tomato_leaf-mold_04_zoom_aug_6aug40.jpg,Tomato_mold_leaf,Tomato_leaf_late_blight,0.6656383275985718,0,1.6100101470947266,10.864483833312988,0.2076129913330078,12.68525505065918
dataset/test/Tomato_mold_leaf/tomato_leaf-mold_04_zoom_aug_7aug34.jpg,Tomato_mold_leaf,Tomato_leaf_late_blight,0.9362725615501404,0,1.539565086364746,8.377984046936035,0.1603708267211914,10.080643653869629
dataset/test/Tomato_mold_leaf/tomato_leaf-mold_04_zoomaug1.jpg,Tomato_mold_leaf,Tomato_leaf_late_blight,0.8667677044868469,0,1.1141557693481445,7.55021858215332,0.1818714141845703,8.849153518676758
