image_path,true_class,predicted_class,confidence,correct,preprocess_ms,inference_ms,postprocess_ms,total_pipeline_ms
dataset/test/Tomato_Early_blight_leaf/100_46341_aug_5aug62.jpg,Tomato_Early_blight_leaf,Tomato_Early_blight_leaf,0.9966379404067993,1,1.1586017608642578,7.5545454025268555,0.25940895080566406,8.976946830749512
dataset/test/Tomato_Early_blight_leaf/100_46341_aug_6aug64.jpg,Tomato_Early_blight_leaf,Tomato_Early_blight_leaf,0.9893020987510681,1,1.1024913787841797,7.572786331176758,0.2019643783569336,8.880148887634277
dataset/test/Tomato_Early_blight_leaf/100_46341_aug_7aug57.jpg,Tomato_Early_blight_leaf,Tomato_Early_blight_leaf,0.9893020987510681,1,1.1003971099853516,7.577322959899902,0.17996501922607422,8.860464096069336
dataset/test/Tomato_Early_blight_leaf/100_46341_aug_8aug66.jpg,Tomato_Early_blight_leaf,Tomato_Early_blight_leaf,0.5665439367294312,1,1.1532506942749023,7.594823837280273,0.16498279571533203,8.915205001831055
dataset/test/Tomato_Early_blight_leaf/100_46341_aug_9aug65.jpg,Tomato_Early_blight_leaf,Tomato_Early_blight_leaf,0.9767270088195801,1,1.2171392440795898,7.651785850524902,0.2121868133544922,9.083817481994629
dataset/test/Tomato_Early_blight_leaf/100_46341aug1.jpg,Tomato_Early_blight_leaf,Tomato_Early_blight_leaf,0.7839010953903198,1,1.250288963317871,7.376267433166504,0.19172382354736328,8.821110725402832
dataset/test/Tomato_Early_blight_leaf/1723454500663_aug_20aug39.jpg,Tomato_Early_blight_leaf,Tomato_Early_blight_leaf,0.999897837638855,1,1.0559730529785156,8.436479568481445,0.1777801513671875,9.673099517822266
dataset/test/Tomato_Early_blight_leaf/1723454500663_aug_21aug35.jpg,Tomato_Early_blight_leaf,Tomato_Early_blight_leaf,0.9981599450111389,1,1.0674543380737305,7.535655975341797,0.17894649505615234,8.784592628479004
dataset/test/Tomato_Early_blight_leaf/1723454500663_aug_22aug51.jpg,Tomato_Early_blight_leaf,Tomato_Early_blight_leaf,0.9999861717224121,1,1.0959348678588867,11.744674682617188,0.17372417449951172,13.017276763916016
dataset/test/Tomato_Early_blight_leaf/1723454500663_aug_23aug33.jpg,Tomato_Early_blight_leaf,Tomato_Early_blight_leaf,0.999897837638855,1,1.0986013412475586,21.55240535736084,0.16126155853271484,22.814526557922363
dataset/test/Tomato_Early_blight_leaf/1723454500663_aug_24aug50.jpg,Tomato_Early_blight_leaf,Tomato_Early_blight_leaf,0.9942664504051208,1,3.046285629272461,8.35436725616455,0.1647787094116211,11.568264961242676
dataset/test/Tomato_Early_blight_leaf/1723454500663aug4.jpg,Tomato_Early_blight_leaf,Tomato_Early_blight_leaf,0.9959147572517395,1,1.0725278854370117,7.962826728820801,0.26470470428466797,9.303226470947266
dataset/test/Tomato_Early_blight_leaf/1723454507240aug20.jpg,Tomato_Early_blight_leaf,Tomato_mold_leaf,0.32110416889190674,0,1.1061954498291016,7.649953842163086,0.1532611846923828,8.911761283874512
dataset/test/Tomato_Early_blight_leaf/EB_(981)_aug_65aug107.jpg,Tomato_Early_blight_leaf,Tomato_Early_blight_leaf,0.9998683929443359,1,1.0760278701782227,7.575803756713867,0.16181468963623047,8.816056251525879
dataset/test/Tomato_Early_blight_leaf/EB_(981)_aug_66aug102.jpg,Tomato_Early_blight_leaf,Tomato_Early_blight_leaf,0.9998632669448853,1,1.2271032333374023,7.473748207092285,0.16681575775146484,8.870723724365234
dataset/test/Tomato_Early_blight_leaf/EB_(981)_aug_67aug101.jpg,Tomato_Early_blight_leaf,Tomato_Early_blight_leaf,0.9887893199920654,1,1.0882501602172852,7.615008354187012,0.16340923309326172,8.869483947753906
dataset/test/Tomato_Early_blight_leaf/EB_(981)_aug_68aug95.jpg,Tomato_Early_blight_leaf,Tomato_Early_blight_leaf,0.9996567964553833,1,1.1329736709594727,7.574028015136719,0.1635570526123047,8.873297691345215
dataset/test/Tomato_Early_blight_leaf/EB_(981)_aug_69aug97.jpg,Tomato_Early_blight_leaf,Tomato_Early_blight_leaf,0.9493255615234375,1,1.0790090560913086,7.716917991638184,0.16379642486572266,8.962557792663574
dataset/test/Tomato_Early_blight_leaf/EB_(981)aug13.jpg,Tomato_Early_blight_leaf,Tomato_Early_blight_leaf,0.9919208288192749,1,1.083786964416504,7.814493179321289,0.16459369659423828,9.065594673156738
dataset/test/Tomato_Early_blight_leaf/Early-blight-660x440_aug_0aug61.jpg,Tomato_Early_blight_leaf,Tomato_Early_blight_leaf,0.9996230602264404,1,1.0772323608398438,7.5603227615356445,0.1620197296142578,8.802148818969727
dataset/test/Tomato_Early_blight_leaf/Early-blight-660x440_aug_1aug59.jpg,Tomato_Early_blight_leaf,Tomato_Early_blight_leaf,0.9970743656158447,1,1.1044540405273438,7.38648796081543,0.33385467529296875,8.827388763427734
dataset/test/Tomato_Early_blight_leaf/Early-blight-660x440_aug_2aug63.jpg,Tomato_Early_blight_leaf,Tomato_Early_blight_leaf,0.9989663362503052,1,1.0308599472045898,7.448433876037598,0.1633892059326172,8.64538860321045
dataset/test/Tomato_Early_blight_leaf/Early-blight-660x440_aug_3aug60.jpg,Tomato_Early_blight_leaf,Tomato_Early_blight_leaf,0.9996579885482788,1,1.285658836364746,7.635804176330566,0.16179656982421875,9.086039543151855
dataset/test/Tomato_Early_blight_leaf/Early-blight-660x440_aug_4aug58.jpg,Tomato_Early_blight_leaf,Tomato_Early_blight_leaf,0.9997493624687195,1,1.0849533081054688,7.6118974685668945,0.16272354125976562,8.862409591674805
dataset/test/Tomato_Early_blight_leaf/Early-blight-660x440aug0.jpg,Tomato_Early_blight_leaf,Tomato_Early_blight_leaf,0.9994919300079346,1,1.0774173736572266,8.898094177246094,0.16544628143310547,10.143475532531738
dataset/test/Tomato_Early_blight_leaf/Gls42_change_180_aug_70aug100.jpg,Tomato_Early_blight_leaf,Tomato_Early_blight_leaf,0.9999934434890747,1,1.1438236236572266,11.8197660446167,0.16500186920166016,13.131295204162598
dataset/test/Tomato_Early_blight_leaf/Gls42_change_180_aug_71aug109.jpg,Tomato_Early_blight_leaf,Tomato_Early_blight_leaf,0.9999966621398926,1,1.162398338317871,7.472545623779297,0.1647043228149414,8.802630424499512
dataset/test/Tomato_Early_blight_leaf/Gls42_change_180_aug_72aug104.jpg,Tomato_Early_blight_leaf,Tomato_Early_blight_leaf,0.9999992847442627,1,1.11602783203125,7.885660171508789,0.2116870880126953,9.215873718261719
dataset/test/Tomato_Early_blight_leaf/Gls42_change_180_aug_73aug94.jpg,Tomato_Early_blight_leaf,Tomato_Early_blight_leaf,0.9999985694885254,1,1.053359031677246,7.690954208374023,0.16463088989257812,8.911445617675781
dataset/test/Tomato_Early_blight_leaf/Gls42_change_180_aug_74aug108.jpg,Tomato_Early_blight_leaf,Tomato_Early_blight_leaf,0.9999990463256836,1,11.81413745880127,8.229809761047363,0.1673717498779297,20.214523315429688
dataset/test/Tomato_Early_blight_leaf/Gls42_change_180aug14.jpg,Tomato_Early_blight_leaf,Tomato_Early_blight_leaf,0.9999995231628418,1,1.0555648803710938,7.6355085372924805,0.16403865814208984,8.85783576965332
dataset/test/Tomato_Early_blight_leaf/Gls4_mirror_aug_60aug93.jpg,Tomato_Early_blight_leaf,Tomato_Early_blight_leaf,0.9999986886978149,1,1.0475454330444336,7.563138961791992,0.16707611083984375,8.780500411987305
dataset/test/Tomato_Early_blight_leaf/Gls4_mirror_aug_61aug98.jpg,Tomato_Early_blight_leaf,Tomato_Early_blight_leaf,0.9999986886978149,1,1.0753974914550781,7.548637390136719,0.16553878784179688,8.792519569396973
dataset/test/Tomato_Early_blight_leaf/Gls4_mirror_aug_62aug91.jpg,Tomato_Early_blight_leaf,Tomato_Early_blight_leaf,1.0,1,1.0744352340698242,7.582934379577637,0.16681575775146484,8.826796531677246
dataset/test/Tomato_Early_blight_leaf/Gls4_mirror_aug_63aug110.jpg,Tomato_Early_blight_leaf,Tomato_Early_blight_leaf,0.9999992847442627,1,1.0226926803588867,7.866621971130371,0.1620197296142578,9.053853034973145
dataset/test/Tomato_Early_blight_leaf/Gls4_mirror_aug_64aug105.jpg,Tomato_Early_blight_leaf,Tomato_Early_blight_leaf,1.0,1,1.0328245162963867,7.486414909362793,0.16272354125976562,8.684796333312988
dataset/test/Tomato_Early_blight_leaf/Gls4_mirror_vertical_aug_25aug37.jpg,Tomato_Early_blight_leaf,Tomato_Early_blight_leaf,0.9998443126678467,1,1.0271568298339844,7.539268493652344,0.16205692291259766,8.731350898742676
dataset/test/Tomato_Early_blight_leaf/Gls4_mirror_vertical_aug_26aug41.jpg,Tomato_Early_blight_leaf,Tomato_Early_blight_leaf,0.9998527765274048,1,1.0574531555175781,8.340126037597656,0.1630382537841797,9.563265800476074
dataset/test/Tomato_Early_blight_leaf/Gls4_mirror_vertical_aug_27aug40.jpg,Tomato_Early_blight_leaf,Tomato_Early_blight_leaf,0.9998949766159058,1,1.0281381607055664,7.642508506774902,0.1637420654296875,8.837278366088867
dataset/test/Tomato_Early_blight_leaf/Gls4_mirror_vertical_aug_28aug36.jpg,Tomato_Early_blight_leaf,Tomato_Early_blight_leaf,0.9999985694885254,1,1.025527000427246,7.889549255371094,0.1635751724243164,9.081316947937012
dataset/test/Tomato_Early_blight_leaf/Gls4_mirror_vertical_aug_29aug42.jpg,Tomato_Early_blight_leaf,Tomato_Early_blight_leaf,0.9998522996902466,1,1.037674903869629,7.552822113037109,0.16196346282958984,8.755128860473633
dataset/test/Tomato_Early_blight_leaf/Gls4_mirror_verticalaug5.jpg,Tomato_Early_blight_leaf,Tomato_Early_blight_leaf,0.9999978542327881,1,1.06982421875,7.512933731079102,0.1995391845703125,8.785612106323242
dataset/test/Tomato_Early_blight_leaf/Gls4_mirroraug12.jpg,Tomato_Early_blight_leaf,Tomato_Early_blight_leaf,0.9999988079071045,1,1.0350456237792969,7.388525009155273,0.1627054214477539,8.589147567749023
dataset/test/Tomato_Early_blight_leaf/IMG-20240812-WA0445_aug_40aug23.jpg,Tomato_Early_blight_leaf,Tomato_mold_leaf,0.4669778048992157,0,1.1957874298095703,7.389859199523926,0.16229724884033203,8.750628471374512
dataset/test/Tomato_Early_blight_leaf/IMG-20240812-WA0445_aug_41aug28.jpg,Tomato_Early_blight_leaf,Tomato_mold_leaf,0.4823155105113983,0,1.0941028594970703,7.646675109863281,0.1614837646484375,8.904890060424805
dataset/test/Tomato_Early_blight_leaf/IMG-20240812-WA0445_aug_42aug21.jpg,Tomato_Early_blight_leaf,Tomato_mold_leaf,0.5276334881782532,0,1.0903053283691406,7.514803886413574,0.16155719757080078,8.769647598266602
dataset/test/Tomato_Early_blight_leaf/IMG-20240812-WA0445_aug_43aug24.jpg,Tomato_Early_blight_leaf,Tomato_mold_leaf,0.6250817775726318,0,1.1622133255004883,7.524657249450684,0.19770526885986328,8.887038230895996
dataset/test/Tomato_Early_blight_leaf/IMG-20240812-WA0445_aug_44aug22.jpg,Tomato_Early_blight_leaf,Tomato_Early_blight_leaf,0.669902503490448,1,1.1365280151367188,7.589879035949707,0.1630563735961914,8.892464637756348
dataset/test/Tomato_Early_blight_leaf/IMG-20240812-WA0445aug8.jpg,Tomato_Early_blight_leaf,Tomato_leaf_yellow_curl_virus,0.4746828079223633,0,1.119917869567871,7.602453231811523,0.16031551361083984,8.885222434997559
dataset/test/Tomato_Early_blight_leaf/IMG20240812111749_aug_90aug80.jpg,Tomato_Early_blight_leaf,Tomato_mold_leaf,0.9998921155929565,0,1.1614360809326172,7.3556365966796875,0.31496620178222656,8.83452033996582
dataset/test/Tomato_Early_blight_leaf/IMG20240812111749_aug_91aug77.jpg,Tomato_Early_blight_leaf,Tomato_mold_leaf,0.9982580542564392,0,1.1377134323120117,7.815084457397461,0.16246509552001953,9.11815071105957
dataset/test/Tomato_Early_blight_leaf/IMG20240812111749_aug_92aug73.jpg,Tomato_Early_blight_leaf,Tomato_mold_leaf,0.9436226487159729,0,1.2632131576538086,7.3877105712890625,0.16205692291259766,8.815686225891113
dataset/test/Tomato_Early_blight_leaf/IMG20240812111749_aug_93aug71.jpg,Tomato_Early_blight_leaf,Tomato_mold_leaf,0.9977954626083374,0,1.1182126998901367,7.573433876037598,0.16179752349853516,8.855982780456543
dataset/test/Tomato_Early_blight_leaf/IMG20240812111749_aug_94aug74.jpg,Tomato_Early_blight_leaf,Tomato_mold_leaf,0.9966171383857727,0,1.1823797225952148,7.549007415771484,0.16300106048583984,8.896872520446777
dataset/test/Tomato_Early_blight_leaf/IMG20240812111749aug18.jpg,Tomato_Early_blight_leaf,Tomato_mold_leaf,0.9998383522033691,0,1.1747512817382812,7.585378646850586,0.16070556640625,8.923352241516113
dataset/test/Tomato_Early_blight_leaf/IMG_20251102_155150_aug_30aug34.jpg,Tomato_Early_blight_leaf,Tomato_Early_blight_leaf,1.0,1,1.1884737014770508,7.729288101196289,0.16350269317626953,9.083891868591309
dataset/test/Tomato_Early_blight_leaf/IMG_20251102_155150_aug_31aug43.jpg,Tomato_Early_blight_leaf,Tomato_Early_blight_leaf,0.9999996423721313,1,1.0488224029541016,7.605398178100586,0.17416858673095703,8.830907821655273
dataset/test/Tomato_Early_blight_leaf/IMG_20251102_155150_aug_32aug44.jpg,Tomato_Early_blight_leaf,Tomato_Early_blight_leaf,1.0,1,1.0812864303588867,7.455100059509277,0.18600177764892578,8.725203514099121
dataset/test/Tomato_Early_blight_leaf/IMG_20251102_155150_aug_33aug38.jpg,Tomato_Early_blight_leaf,Tomato_Early_blight_leaf,1.0,1,1.064009666442871,7.593213081359863,0.16185283660888672,8.821686744689941
dataset/test/Tomato_Early_blight_leaf/IMG_20251102_155150_aug_34aug32.jpg,Tomato_Early_blight_leaf,Tomato_Early_blight_leaf,0.9999997615814209,1,1.0540266036987305,7.574970245361328,0.1614093780517578,8.793055534362793
dataset/test/Tomato_Early_blight_leaf/IMG_20251102_155150aug6.jpg,Tomato_Early_blight_leaf,Tomato_Early_blight_leaf,1.0,1,1.0912485122680664,7.60624885559082,0.1745758056640625,8.874502182006836
dataset/test/Tomato_Early_blight_leaf/IMG_20251102_155153_aug_85aug72.jpg,Tomato_Early_blight_leaf,Tomato_Early_blight_leaf,0.9999997615814209,1,1.0840845108032227,7.598657608032227,0.1621112823486328,8.847444534301758
dataset/test/Tomato_Early_blight_leaf/IMG_20251102_155153_aug_86aug78.jpg,Tomato_Early_blight_leaf,Tomato_Early_blight_leaf,0.9999998807907104,1,1.0939912796020508,7.584323883056641,0.16337203979492188,8.844483375549316
dataset/test/Tomato_Early_blight_leaf/IMG_20251102_155153_aug_87aug76.jpg,Tomato_Early_blight_leaf,Tomato_Early_blight_leaf,0.9999996423721313,1,1.0902671813964844,7.3990068435668945,0.16294574737548828,8.654776573181152
dataset/test/Tomato_Early_blight_leaf/IMG_20251102_155153_aug_88aug79.jpg,Tomato_Early_blight_leaf,Tomato_Early_blight_leaf,1.0,1,1.2060670852661133,7.364321708679199,0.16890811920166016,8.741556167602539
dataset/test/Tomato_Early_blight_leaf/IMG_20251102_155153_aug_89aug75.jpg,Tomato_Early_blight_leaf,Tomato_Early_blight_leaf,0.9999949932098389,1,1.1284360885620117,7.533600807189941,0.16213035583496094,8.826759338378906
dataset/test/Tomato_Early_blight_leaf/IMG_20251102_155153aug17.jpg,Tomato_Early_blight_leaf,Tomato_Early_blight_leaf,0.9999998807907104,1,1.081472396850586,7.580286026000977,0.16118717193603516,8.825778007507324
dataset/test/Tomato_Early_blight_leaf/IMG_20251102_155207_aug_10aug47.jpg,Tomato_Early_blight_leaf,Tomato_Early_blight_leaf,0.9972761273384094,1,1.059861183166504,7.561953544616699,0.16155719757080078,8.786018371582031
dataset/test/Tomato_Early_blight_leaf/IMG_20251102_155207_aug_11aug56.jpg,Tomato_Early_blight_leaf,Tomato_Early_blight_leaf,0.9997372031211853,1,1.066380500793457,7.594934463500977,0.1627969741821289,8.826964378356934
dataset/test/Tomato_Early_blight_leaf/IMG_20251102_155207_aug_12aug45.jpg,Tomato_Early_blight_leaf,Tomato_Early_blight_leaf,0.9999501705169678,1,1.1071958541870117,7.526268005371094,0.174835205078125,8.811315536499023
dataset/test/Tomato_Early_blight_leaf/IMG_20251102_155207_aug_13aug48.jpg,Tomato_Early_blight_leaf,Tomato_Early_blight_leaf,0.9982153177261353,1,1.119898796081543,7.527249336242676,0.14957523345947266,8.799185752868652
dataset/test/Tomato_Early_blight_leaf/IMG_20251102_155207_aug_14aug49.jpg,Tomato_Early_blight_leaf,Tomato_Early_blight_leaf,0.9975086450576782,1,1.038304328918457,7.363617897033691,0.16170501708984375,8.56629467010498
dataset/test/Tomato_Early_blight_leaf/IMG_20251102_155207aug2.jpg,Tomato_Early_blight_leaf,Tomato_Early_blight_leaf,0.995579183101654,1,1.0796213150024414,7.592657089233398,0.1633901596069336,8.838444709777832
dataset/test/Tomato_Early_blight_leaf/IMG_20251102_155305_aug_35aug25.jpg,Tomato_Early_blight_leaf,Tomato_leaf_yellow_curl_virus,0.5932018756866455,0,1.0688800811767578,7.556286811828613,0.16003894805908203,8.788019180297852
dataset/test/Tomato_Early_blight_leaf/IMG_20251102_155305_aug_36aug27.jpg,Tomato_Early_blight_leaf,Tomato_Early_blight_leaf,0.9647483825683594,1,1.051527976989746,7.592898368835449,0.16187191009521484,8.808741569519043
dataset/test/Tomato_Early_blight_leaf/IMG_20251102_155305_aug_37aug29.jpg,Tomato_Early_blight_leaf,Tomato_Early_blight_leaf,0.8091347813606262,1,1.1161022186279297,7.538860321044922,0.15025997161865234,8.807279586791992
dataset/test/Tomato_Early_blight_leaf/IMG_20251102_155305_aug_38aug31.jpg,Tomato_Early_blight_leaf,Tomato_Early_blight_leaf,0.7709590196609497,1,1.023879051208496,7.564545631408691,0.1641864776611328,8.755019187927246
dataset/test/Tomato_Early_blight_leaf/IMG_20251102_155305_aug_39aug26.jpg,Tomato_Early_blight_leaf,Tomato_Early_blight_leaf,0.8438352346420288,1,1.1791391372680664,7.474637985229492,0.1697235107421875,8.826759338378906
dataset/test/Tomato_Early_blight_leaf/IMG_20251102_155305aug7.jpg,Tomato_Early_blight_leaf,Tomato_Early_blight_leaf,0.7262952923774719,1,1.0763607025146484,7.686156272888184,0.1616678237915039,8.92707633972168
dataset/test/Tomato_Early_blight_leaf/IMG_20251102_155853_aug_55aug106.jpg,Tomato_Early_blight_leaf,Tomato_leaf_late_blight,0.9996192455291748,0,1.1370820999145508,7.6189165115356445,0.16307640075683594,8.921796798706055
dataset/test/Tomato_Early_blight_leaf/IMG_20251102_155853_aug_56aug92.jpg,Tomato_Early_blight_leaf,Tomato_leaf_late_blight,0.9999786615371704,0,1.1013240814208984,7.65399169921875,0.1640768051147461,8.921891212463379
dataset/test/Tomato_Early_blight_leaf/IMG_20251102_155853_aug_57aug96.jpg,Tomato_Early_blight_leaf,Tomato_leaf_late_blight,0.9999970197677612,0,1.0979537963867188,7.690305709838867,0.1685943603515625,8.960149765014648
dataset/test/Tomato_Early_blight_leaf/IMG_20251102_155853_aug_58aug103.jpg,Tomato_Early_blight_leaf,Tomato_leaf_late_blight,1.0,0,1.069138526916504,7.6549530029296875,0.1622791290283203,8.8890380859375
dataset/test/Tomato_Early_blight_leaf/IMG_20251102_155853_aug_59aug99.jpg,Tomato_Early_blight_leaf,Tomato_leaf_late_blight,0.9991334080696106,0,1.100510597229004,7.448451995849609,0.3187246322631836,8.870519638061523
dataset/test/Tomato_Early_blight_leaf/IMG_20251102_155853aug11.jpg,Tomato_Early_blight_leaf,Tomato_leaf_late_blight,0.9999997615814209,0,1.056619644165039,7.489767074584961,0.1629648208618164,8.711852073669434
dataset/test/Tomato_Early_blight_leaf/IMG_20251102_160046_aug_95aug70.jpg,Tomato_Early_blight_leaf,Tomato_Early_blight_leaf,0.9688249826431274,1,1.0752506256103516,7.758379936218262,0.16427993774414062,9.00057601928711
dataset/test/Tomato_Early_blight_leaf/IMG_20251102_160046_aug_96aug69.jpg,Tomato_Early_blight_leaf,Tomato_Early_blight_leaf,0.9990522265434265,1,1.0950088500976562,7.713305473327637,0.1645374298095703,8.975481986999512
dataset/test/Tomato_Early_blight_leaf/IMG_20251102_160046_aug_97aug67.jpg,Tomato_Early_blight_leaf,Tomato_Early_blight_leaf,0.9962843656539917,1,1.0973243713378906,7.635194778442383,0.16324234008789062,8.898409843444824
dataset/test/Tomato_Early_blight_leaf/IMG_20251102_160046_aug_98aug68.jpg,Tomato_Early_blight_leaf,Tomato_Early_blight_leaf,0.9925397038459778,1,1.1204357147216797,7.513989448547363,0.19714927673339844,8.833982467651367
dataset/test/Tomato_Early_blight_leaf/IMG_20251102_160046aug19.jpg,Tomato_Early_blight_leaf,Tomato_Early_blight_leaf,0.9009985327720642,1,1.0886573791503906,7.563694000244141,0.16142845153808594,8.8164644241333
dataset/test/Tomato_Early_blight_leaf/IMG_20251102_160055_aug_15aug53.jpg,Tomato_Early_blight_leaf,Tomato_Early_blight_leaf,0.9999827146530151,1,1.0596933364868164,7.584990501403809,0.15925979614257812,8.806539535522461
dataset/test/Tomato_Early_blight_leaf/IMG_20251102_160055_aug_16aug55.jpg,Tomato_Early_blight_leaf,Tomato_Early_blight_leaf,0.9999814033508301,1,1.0372495651245117,7.394136428833008,0.178131103515625,8.612072944641113
dataset/test/Tomato_Early_blight_leaf/IMG_20251102_160055_aug_17aug46.jpg,Tomato_Early_blight_leaf,Tomato_Early_blight_leaf,0.9999915361404419,1,1.1537132263183594,7.477007865905762,0.1620769500732422,8.795259475708008
dataset/test/Tomato_Early_blight_leaf/IMG_20251102_160055_aug_18aug54.jpg,Tomato_Early_blight_leaf,Tomato_Early_blight_leaf,0.9999910593032837,1,1.071009635925293,7.511008262634277,0.16155719757080078,8.746426582336426
dataset/test/Tomato_Early_blight_leaf/IMG_20251102_160055_aug_19aug52.jpg,Tomato_Early_blight_leaf,Tomato_Early_blight_leaf,0.9999840259552002,1,1.0855646133422852,7.578359603881836,0.16194725036621094,8.828779220581055
dataset/test/Tomato_Early_blight_leaf/IMG_20251102_160055aug3.jpg,Tomato_Early_blight_leaf,Tomato_Early_blight_leaf,0.9999947547912598,1,1.0608434677124023,7.609508514404297,0.16048336029052734,8.833908081054688
dataset/test/Tomato_Early_blight_leaf/IMG_20251102_160217_aug_75aug82.jpg,Tomato_Early_blight_leaf,Tomato_Early_blight_leaf,0.999984622001648,1,1.0593986511230469,7.5454511642456055,0.1627969741821289,8.770258903503418
dataset/test/Tomato_Early_blight_leaf/IMG_20251102_160217_aug_76aug83.jpg,Tomato_Early_blight_leaf,Tomato_Early_blight_leaf,0.9999854564666748,1,1.0608596801757812,7.557119369506836,0.16031646728515625,8.780890464782715
dataset/test/Tomato_Early_blight_leaf/IMG_20251102_160217_aug_77aug90.jpg,Tomato_Early_blight_leaf,Tomato_Early_blight_leaf,0.9999576807022095,1,1.0855464935302734,7.376081466674805,0.16229820251464844,8.626017570495605
dataset/test/Tomato_Early_blight_leaf/IMG_20251102_160217_aug_78aug81.jpg,Tomato_Early_blight_leaf,Tomato_Early_blight_leaf,0.9999547004699707,1,1.1730470657348633,7.431748390197754,0.173797607421875,8.781778335571289
dataset/test/Tomato_Early_blight_leaf/IMG_20251102_160217_aug_79aug86.jpg,Tomato_Early_blight_leaf,Tomato_Early_blight_leaf,0.9999908208847046,1,1.0676202774047852,7.60471248626709,0.16344547271728516,8.83835220336914
dataset/test/Tomato_Early_blight_leaf/IMG_20251102_160217aug15.jpg,Tomato_Early_blight_leaf,Tomato_Early_blight_leaf,0.9999879598617554,1,1.0657672882080078,7.625749588012695,0.178131103515625,8.873019218444824
dataset/test/Tomato_Early_blight_leaf/IMG_20251102_160523_aug_50aug114.jpg,Tomato_Early_blight_leaf,Tomato_Early_blight_leaf,0.9999997615814209,1,1.1045284271240234,7.674065589904785,0.16302013397216797,8.944316864013672
dataset/test/Tomato_Early_blight_leaf/IMG_20251102_160523_aug_51aug111.jpg,Tomato_Early_blight_leaf,Tomato_Early_blight_leaf,1.0,1,1.1404180526733398,7.428877830505371,0.16420459747314453,8.735777854919434
dataset/test/Tomato_Early_blight_leaf/IMG_20251102_160523_aug_52aug112.jpg,Tomato_Early_blight_leaf,Tomato_Early_blight_leaf,0.9998586177825928,1,1.3123064041137695,7.478915214538574,0.16222286224365234,8.95598316192627
dataset/test/Tomato_Early_blight_leaf/IMG_20251102_160523_aug_53aug115.jpg,Tomato_Early_blight_leaf,Tomato_Early_blight_leaf,0.9999985694885254,1,1.1040830612182617,7.613768577575684,0.16289043426513672,8.88340950012207
dataset/test/Tomato_Early_blight_leaf/IMG_20251102_160523_aug_54aug113.jpg,Tomato_Early_blight_leaf,Tomato_Early_blight_leaf,0.9999994039535522,1,1.0995826721191406,7.626489639282227,0.16248226165771484,8.891260147094727
dataset/test/Tomato_Early_blight_leaf/IMG_20251102_160523aug10.jpg,Tomato_Early_blight_leaf,Tomato_Early_blight_leaf,0.9999991655349731,1,1.1058235168457031,7.672102928161621,0.16327857971191406,8.94363021850586
dataset/test/Tomato_Early_blight_leaf/IMG_20251102_161202_aug_45aug118.jpg,Tomato_Early_blight_leaf,Tomato_Early_blight_leaf,0.9996740818023682,1,1.1613616943359375,7.669233322143555,0.16170597076416016,8.995185852050781
dataset/test/Tomato_Early_blight_leaf/IMG_20251102_161202_aug_46aug116.jpg,Tomato_Early_blight_leaf,Tomato_Early_blight_leaf,0.9996740818023682,1,1.1198234558105469,7.6622314453125,0.16324138641357422,8.947872161865234
dataset/test/Tomato_Early_blight_leaf/IMG_20251102_161202_aug_47aug117.jpg,Tomato_Early_blight_leaf,Tomato_Early_blight_leaf,0.9998751878738403,1,1.1254167556762695,7.675045013427734,0.16111278533935547,8.964168548583984
dataset/test/Tomato_Early_blight_leaf/IMG_20251102_161202_aug_48aug30.jpg,Tomato_Early_blight_leaf,Tomato_Early_blight_leaf,0.9998579025268555,1,1.1251754760742188,7.413914680480957,0.16415023803710938,8.705981254577637
dataset/test/Tomato_Early_blight_leaf/IMG_20251102_161202_aug_49aug119.jpg,Tomato_Early_blight_leaf,Tomato_Early_blight_leaf,0.999758780002594,1,1.2479915618896484,7.984938621520996,0.16250228881835938,9.398449897766113
dataset/test/Tomato_Early_blight_leaf/IMG_20251102_161202aug9.jpg,Tomato_Early_blight_leaf,Tomato_Early_blight_leaf,0.9999767541885376,1,1.2431392669677734,7.478673934936523,0.16568756103515625,8.890222549438477
dataset/test/Tomato_Early_blight_leaf/early_blight_jpg.rf.1091c0a2a9a3da5b9ad688c89298614c_aug_80aug87.jpg,Tomato_Early_blight_leaf,Tomato_Early_blight_leaf,0.9999219179153442,1,1.0639715194702148,7.669656753540039,0.2301502227783203,8.966650009155273
dataset/test/Tomato_Early_blight_leaf/early_blight_jpg.rf.1091c0a2a9a3da5b9ad688c89298614c_aug_81aug84.jpg,Tomato_Early_blight_leaf,Tomato_Early_blight_leaf,0.9997758269309998,1,1.9895362854003906,8.196550369262695,0.16272354125976562,10.351531982421875
dataset/test/Tomato_Early_blight_leaf/early_blight_jpg.rf.1091c0a2a9a3da5b9ad688c89298614c_aug_82aug89.jpg,Tomato_Early_blight_leaf,Tomato_Early_blight_leaf,0.9999542236328125,1,1.134286880493164,7.9637346267700195,0.1630392074584961,9.263912200927734
dataset/test/Tomato_Early_blight_leaf/early_blight_jpg.rf.1091c0a2a9a3da5b9ad688c89298614c_aug_83aug85.jpg,Tomato_Early_blight_leaf,Tomato_Early_blight_leaf,0.999971866607666,1,1.226548194885254,21.037253379821777,0.22515010833740234,22.491708755493164
dataset/test/Tomato_Early_blight_leaf/early_blight_jpg.rf.1091c0a2a9a3da5b9ad688c89298614c_aug_84aug88.jpg,Tomato_Early_blight_leaf,Tomato_Early_blight_leaf,0.9998537302017212,1,1.7311067581176758,8.906167984008789,0.16342735290527344,10.80368423461914
dataset/test/Tomato_Early_blight_leaf/early_blight_jpg.rf.1091c0a2a9a3da5b9ad688c89298614caug16.jpg,Tomato_Early_blight_leaf,Tomato_Early_blight_leaf,0.999472439289093,1,1.1317682266235352,8.85226058959961,0.16309261322021484,10.149845123291016
dataset/test/Tomato_Healthy_leaf/20140818-tomato-sauce-vicky-wasik-1_jpg.rf.d3d9b4a0642e72ba76b40dbdfff8b9f7_aug_6aug50.jpg,Tomato_Healthy_leaf,Tomato_Healthy_leaf,0.9997462630271912,1,1.0197486877441406,8.031974792480469,0.16403770446777344,9.218375205993652
dataset/test/Tomato_Healthy_leaf/20140818-tomato-sauce-vicky-wasik-1_jpg.rf.d3d9b4a0642e72ba76b40dbdfff8b9f7_aug_7aug56.jpg,Tomato_Healthy_leaf,Tomato_Healthy_leaf,0.9995095729827881,1,1.0298051834106445,7.810269355773926,0.1635570526123047,9.006298065185547
dataset/test/Tomato_Healthy_leaf/20140818-tomato-sauce-vicky-wasik-1_jpg.rf.d3d9b4a0642e72ba76b40dbdfff8b9f7aug3.jpg,Tomato_Healthy_leaf,Tomato_Healthy_leaf,0.9999701976776123,1,1.0782318115234375,7.7000274658203125,0.1704092025756836,8.95146369934082
dataset/test/Tomato_Healthy_leaf/2015-09-17-01_aug_20aug110.jpg,Tomato_Healthy_leaf,Tomato_Healthy_leaf,0.9315169453620911,1,1.0653972625732422,7.612526893615723,0.1624460220336914,8.843000411987305
dataset/test/Tomato_Healthy_leaf/2015-09-17-01_aug_21aug114.jpg,Tomato_Healthy_leaf,Tomato_Healthy_leaf,0.841864824295044,1,1.0410280227661133,7.6281938552856445,0.16138935089111328,8.833148002624512
dataset/test/Tomato_Healthy_leaf/2015-09-17-01aug10.jpg,Tomato_Healthy_leaf,Tomato_Healthy_leaf,0.9043402671813965,1,1.0412864685058594,7.600471496582031,0.16003894805908203,8.804333686828613
dataset/test/Tomato_Healthy_leaf/Basil_2Binfected_2Bby_2BTomato_2BSpotted_2BWilt_2BVirus_aug_2aug59.jpg,Tomato_Healthy_leaf,Tomato_mold_leaf,0.865990400314331,0,1.0749359130859375,7.3653764724731445,0.20085430145263672,8.643758773803711
dataset/test/Tomato_Healthy_leaf/Basil_2Binfected_2Bby_2BTomato_2BSpotted_2BWilt_2BVirus_aug_3aug51.jpg,Tomato_Healthy_leaf,Tomato_leaf_late_blight,0.4764499366283417,0,1.1412134170532227,7.417136192321777,0.16733551025390625,8.728760719299316
dataset/test/Tomato_Healthy_leaf/Basil_2Binfected_2Bby_2BTomato_2BSpotted_2BWilt_2BVirusaug1.jpg,Tomato_Healthy_leaf,Tomato_leaf_late_blight,0.30407458543777466,0,1.038527488708496,7.551749229431152,0.16077899932861328,8.753630638122559
dataset/test/Tomato_Healthy_leaf/Fig-2_aug_22aug102.jpg,Tomato_Healthy_leaf,Tomato_Septoria_leaf_spot,0.5674846768379211,0,1.0649528503417969,7.547914505004883,0.16198253631591797,8.777573585510254
dataset/test/Tomato_Healthy_leaf/Fig-2_aug_23aug90.jpg,Tomato_Healthy_leaf,Tomato_Septoria_leaf_spot,0.44838786125183105,0,1.0673789978027344,7.603045463562012,0.1572418212890625,8.830057144165039
dataset/test/Tomato_Healthy_leaf/Fig-2aug11.jpg,Tomato_Healthy_leaf,Tomato_mold_leaf,0.5191494822502136,0,1.0901212692260742,7.595675468444824,0.21118736267089844,8.899538040161133
dataset/test/Tomato_Healthy_leaf/HL_(103)aug39.jpg,Tomato_Healthy_leaf,Tomato_Healthy_leaf,0.9999995231628418,1,1.1472320556640625,7.463284492492676,0.16292572021484375,8.776482582092285
dataset/test/Tomato_Healthy_leaf/HL_(118)_aug_38aug103.jpg,Tomato_Healthy_leaf,Tomato_Healthy_leaf,0.9999986886978149,1,1.0576200485229492,7.602563858032227,0.16075897216796875,8.8238525390625
dataset/test/Tomato_Healthy_leaf/HL_(118)_aug_39aug104.jpg,Tomato_Healthy_leaf,Tomato_Healthy_leaf,1.0,1,1.1408796310424805,7.624194145202637,0.16068649291992188,8.928576469421387
dataset/test/Tomato_Healthy_leaf/HL_(118)aug19.jpg,Tomato_Healthy_leaf,Tomato_Healthy_leaf,0.9999998807907104,1,1.0594348907470703,8.476552963256836,0.16437149047851562,9.70313835144043
dataset/test/Tomato_Healthy_leaf/HL_(165)_aug_28aug105.jpg,Tomato_Healthy_leaf,Tomato_Healthy_leaf,0.9999920129776001,1,1.0779170989990234,7.62476921081543,0.16224193572998047,8.867426872253418
dataset/test/Tomato_Healthy_leaf/HL_(165)_aug_29aug91.jpg,Tomato_Healthy_leaf,Tomato_Healthy_leaf,0.9998395442962646,1,1.1114921569824219,7.60743522644043,0.17790889739990234,8.899816513061523
dataset/test/Tomato_Healthy_leaf/HL_(165)aug14.jpg,Tomato_Healthy_leaf,Tomato_Healthy_leaf,0.999868631362915,1,1.0744352340698242,7.690713882446289,0.16081523895263672,8.928593635559082
dataset/test/Tomato_Healthy_leaf/HL_(61)_aug_50aug83.jpg,Tomato_Healthy_leaf,Tomato_Healthy_leaf,0.9425994157791138,1,1.1057863235473633,7.332562446594238,0.16250038146972656,8.603628158569336
dataset/test/Tomato_Healthy_leaf/HL_(61)_aug_51aug76.jpg,Tomato_Healthy_leaf,Tomato_Healthy_leaf,0.9044787287712097,1,1.1766958236694336,7.401598930358887,0.16164875030517578,8.742573738098145
dataset/test/Tomato_Healthy_leaf/HL_(61)aug25.jpg,Tomato_Healthy_leaf,Tomato_Healthy_leaf,0.9748347401618958,1,1.0488061904907227,7.555712699890137,0.1632223129272461,8.770389556884766
dataset/test/Tomato_Healthy_leaf/HL_(62)aug36.jpg,Tomato_Healthy_leaf,Tomato_Healthy_leaf,0.9999915361404419,1,1.0723438262939453,7.600786209106445,0.16344547271728516,8.839167594909668
dataset/test/Tomato_Healthy_leaf/IMG_20251102_161618_aug_58aug71.jpg,Tomato_Healthy_leaf,Tomato_Healthy_leaf,0.8149060606956482,1,1.1025276184082031,7.513507843017578,0.16263198852539062,8.781204223632812
dataset/test/Tomato_Healthy_leaf/IMG_20251102_161618_aug_59aug63.jpg,Tomato_Healthy_leaf,Tomato_leaf_yellow_curl_virus,0.5614334344863892,0,1.1289730072021484,7.564323425292969,0.1620941162109375,8.858260154724121
dataset/test/Tomato_Healthy_leaf/IMG_20251102_161618aug29.jpg,Tomato_Healthy_leaf,Tomato_leaf_yellow_curl_virus,0.8472570180892944,0,1.1788806915283203,7.567453384399414,0.162445068359375,8.911372184753418
dataset/test/Tomato_Healthy_leaf/IMG_20251102_161625aug44.jpg,Tomato_Healthy_leaf,Tomato_Healthy_leaf,0.9870396256446838,1,1.1004352569580078,7.5314531326293945,0.15040969848632812,8.78438949584961
dataset/test/Tomato_Healthy_leaf/IMG_20251102_161629_aug_10aug115.jpg,Tomato_Healthy_leaf,Tomato_Healthy_leaf,0.9915259480476379,1,1.3360109329223633,7.607824325561523,0.1766500473022461,9.122836112976074
dataset/test/Tomato_Healthy_leaf/IMG_20251102_161629_aug_11aug109.jpg,Tomato_Healthy_leaf,Tomato_Healthy_leaf,0.9999003410339355,1,1.1870660781860352,7.391210556030273,0.16609477996826172,8.747740745544434
dataset/test/Tomato_Healthy_leaf/IMG_20251102_161629aug5.jpg,Tomato_Healthy_leaf,Tomato_Healthy_leaf,0.9998016953468323,1,1.1270084381103516,7.833046913146973,0.160186767578125,9.123335838317871
dataset/test/Tomato_Healthy_leaf/IMG_20251102_161652aug43.jpg,Tomato_Healthy_leaf,Tomato_Healthy_leaf,0.9999942779541016,1,1.1213979721069336,7.588251113891602,0.16290855407714844,8.874907493591309
dataset/test/Tomato_Healthy_leaf/IMG_20251102_161826_aug_60aug68.jpg,Tomato_Healthy_leaf,Tomato_Healthy_leaf,0.9999833106994629,1,1.134786605834961,7.556897163391113,0.16342639923095703,8.857926368713379
dataset/test/Tomato_Healthy_leaf/IMG_20251102_161826_aug_61aug62.jpg,Tomato_Healthy_leaf,Tomato_Healthy_leaf,0.9999599456787109,1,1.0912322998046875,7.597823143005371,0.1633892059326172,8.855204582214355
dataset/test/Tomato_Healthy_leaf/IMG_20251102_161826aug30.jpg,Tomato_Healthy_leaf,Tomato_Healthy_leaf,0.999950647354126,1,1.166306495666504,7.545174598693848,0.16094684600830078,8.875149726867676
dataset/test/Tomato_Healthy_leaf/IMG_20251102_161850_aug_56aug74.jpg,Tomato_Healthy_leaf,Tomato_Healthy_leaf,0.7767247557640076,1,1.1139717102050781,7.617823600769043,0.1519641876220703,8.885945320129395
dataset/test/Tomato_Healthy_leaf/IMG_20251102_161850_aug_57aug72.jpg,Tomato_Healthy_leaf,Tomato_Healthy_leaf,0.9874093532562256,1,1.0433225631713867,7.549175262451172,0.16307640075683594,8.758389472961426
dataset/test/Tomato_Healthy_leaf/IMG_20251102_161850aug28.jpg,Tomato_Healthy_leaf,Tomato_Healthy_leaf,0.9792516827583313,1,1.1805286407470703,7.511545181274414,0.1631307601928711,8.857816696166992
dataset/test/Tomato_Healthy_leaf/IMG_20251102_161859aug38.jpg,Tomato_Healthy_leaf,Tomato_Healthy_leaf,0.9999994039535522,1,1.1027326583862305,7.577787399291992,0.1647052764892578,8.8477783203125
dataset/test/Tomato_Healthy_leaf/IMG_20251102_161935_aug_4aug55.jpg,Tomato_Healthy_leaf,Tomato_Healthy_leaf,1.0,1,1.0955276489257812,7.74539852142334,0.16233444213867188,9.005762100219727
dataset/test/Tomato_Healthy_leaf/IMG_20251102_161935_aug_5aug53.jpg,Tomato_Healthy_leaf,Tomato_Healthy_leaf,1.0,1,1.0691204071044922,7.649749755859375,0.15465068817138672,8.875518798828125
dataset/test/Tomato_Healthy_leaf/IMG_20251102_161935aug2.jpg,Tomato_Healthy_leaf,Tomato_Healthy_leaf,1.0,1,1.0484161376953125,7.543674468994141,0.16164875030517578,8.755888938903809
dataset/test/Tomato_Healthy_leaf/IMG_20251102_162037aug45.jpg,Tomato_Healthy_leaf,Tomato_Healthy_leaf,0.9773298501968384,1,1.2064361572265625,7.439322471618652,0.17035293579101562,8.819037437438965
dataset/test/Tomato_Healthy_leaf/h100_lower_aug_54aug73.jpg,Tomato_Healthy_leaf,Tomato_Healthy_leaf,0.9997515082359314,1,1.0752124786376953,7.798566818237305,0.16179656982421875,9.037836074829102
dataset/test/Tomato_Healthy_leaf/h100_lower_aug_55aug75.jpg,Tomato_Healthy_leaf,Tomato_Healthy_leaf,0.9998830556869507,1,1.1022138595581055,7.615156173706055,0.16272354125976562,8.883094787597656
dataset/test/Tomato_Healthy_leaf/h100_loweraug27.jpg,Tomato_Healthy_leaf,Tomato_Healthy_leaf,0.9995566010475159,1,1.0866937637329102,7.640878677368164,0.1627054214477539,8.892890930175781
dataset/test/Tomato_Healthy_leaf/h101_aug_18aug119.jpg,Tomato_Healthy_leaf,Tomato_Healthy_leaf,0.9976932406425476,1,1.0745086669921875,7.746843338012695,0.1625204086303711,8.98705768585205
dataset/test/Tomato_Healthy_leaf/h101_aug_19aug116.jpg,Tomato_Healthy_leaf,Tomato_Healthy_leaf,0.9928960204124451,1,1.0866947174072266,7.647528648376465,0.1603527069091797,8.897093772888184
dataset/test/Tomato_Healthy_leaf/h101aug9.jpg,Tomato_Healthy_leaf,Tomato_Healthy_leaf,0.9995013475418091,1,1.1228437423706055,7.61875057220459,0.15453815460205078,8.898871421813965
dataset/test/Tomato_Healthy_leaf/h103_aug_42aug82.jpg,Tomato_Healthy_leaf,Tomato_Healthy_leaf,0.9998140931129456,1,1.0339345932006836,7.4650068283081055,0.16481685638427734,8.666165351867676
dataset/test/Tomato_Healthy_leaf/h103_aug_43aug77.jpg,Tomato_Healthy_leaf,Tomato_Healthy_leaf,0.9999477863311768,1,1.1798067092895508,7.56173038482666,0.16250038146972656,8.906686782836914
dataset/test/Tomato_Healthy_leaf/h103aug21.jpg,Tomato_Healthy_leaf,Tomato_Healthy_leaf,0.9999340772628784,1,1.05352783203125,7.945677757263184,0.1615009307861328,9.163226127624512
dataset/test/Tomato_Healthy_leaf/h1_change_90_aug_12aug118.jpg,Tomato_Healthy_leaf,Tomato_Healthy_leaf,0.9999107122421265,1,1.1705846786499023,7.748695373535156,0.16246318817138672,9.084446907043457
dataset/test/Tomato_Healthy_leaf/h1_change_90_aug_13aug108.jpg,Tomato_Healthy_leaf,Tomato_Healthy_leaf,0.999945878982544,1,1.0681943893432617,7.667545318603516,0.1638345718383789,8.902186393737793
dataset/test/Tomato_Healthy_leaf/h1_change_90aug6.jpg,Tomato_Healthy_leaf,Tomato_Healthy_leaf,0.9999271631240845,1,1.081268310546875,7.663176536560059,0.1615009307861328,8.908445358276367
dataset/test/Tomato_Healthy_leaf/h39_change_270aug48.jpg,Tomato_Healthy_leaf,Tomato_Healthy_leaf,0.9912039041519165,1,1.0732879638671875,7.784621238708496,0.1633901596069336,9.023890495300293
dataset/test/Tomato_Healthy_leaf/h39_hight_aug_40aug96.jpg,Tomato_Healthy_leaf,Tomato_Healthy_leaf,0.9995571970939636,1,1.1010103225708008,7.6733245849609375,0.1951303482055664,8.972075462341309
dataset/test/Tomato_Healthy_leaf/h39_hight_aug_41aug98.jpg,Tomato_Healthy_leaf,Tomato_Healthy_leaf,0.9999446868896484,1,1.0517120361328125,7.786046981811523,0.16289138793945312,9.0033540725708
dataset/test/Tomato_Healthy_leaf/h39_hightaug20.jpg,Tomato_Healthy_leaf,Tomato_Healthy_leaf,0.999752938747406,1,1.1884174346923828,7.588693618774414,0.16546344757080078,8.945037841796875
dataset/test/Tomato_Healthy_leaf/h39_lower_aug_30aug95.jpg,Tomato_Healthy_leaf,Tomato_Healthy_leaf,0.9950923919677734,1,1.0818042755126953,7.7770843505859375,0.16433429718017578,9.025872230529785
dataset/test/Tomato_Healthy_leaf/h39_lower_aug_31aug89.jpg,Tomato_Healthy_leaf,Tomato_Healthy_leaf,0.9995787739753723,1,1.142435073852539,7.703786849975586,0.20090866088867188,9.05003833770752
dataset/test/Tomato_Healthy_leaf/h39_loweraug15.jpg,Tomato_Healthy_leaf,Tomato_Healthy_leaf,0.9991658926010132,1,1.0818414688110352,7.878195762634277,0.1643352508544922,9.127114295959473
dataset/test/Tomato_Healthy_leaf/h3_aug_8aug57.jpg,Tomato_Healthy_leaf,Tomato_Healthy_leaf,0.9999997615814209,1,1.0784168243408203,7.802862167358398,0.1638336181640625,9.04774284362793
dataset/test/Tomato_Healthy_leaf/h3_aug_9aug54.jpg,Tomato_Healthy_leaf,Tomato_Healthy_leaf,1.0,1,1.078139305114746,7.817844390869141,0.1626873016357422,9.061298370361328
dataset/test/Tomato_Healthy_leaf/h3_mirror_aug_52aug84.jpg,Tomato_Healthy_leaf,Tomato_Healthy_leaf,0.9999972581863403,1,1.1147308349609375,9.90069580078125,0.16542625427246094,11.183650016784668
dataset/test/Tomato_Healthy_leaf/h3_mirror_aug_53aug80.jpg,Tomato_Healthy_leaf,Tomato_Healthy_leaf,0.9999982118606567,1,1.072657585144043,15.612929344177246,0.16924190521240234,16.8578462600708
dataset/test/Tomato_Healthy_leaf/h3_mirroraug26.jpg,Tomato_Healthy_leaf,Tomato_Healthy_leaf,0.9999997615814209,1,1.335362434387207,11.008926391601562,0.2310943603515625,12.578198432922363
dataset/test/Tomato_Healthy_leaf/h3aug4.jpg,Tomato_Healthy_leaf,Tomato_Healthy_leaf,0.9999948740005493,1,1.4221792221069336,8.695704460144043,0.2024831771850586,10.324179649353027
dataset/test/Tomato_Healthy_leaf/h45_mirror_verticalaug42.jpg,Tomato_Healthy_leaf,Tomato_Healthy_leaf,0.9998492002487183,1,1.4619932174682617,10.429421424865723,0.20900249481201172,12.104287147521973
dataset/test/Tomato_Healthy_leaf/h49_change_90aug49.jpg,Tomato_Healthy_leaf,Tomato_Healthy_leaf,0.9999082088470459,1,1.408717155456543,7.769733428955078,0.15435314178466797,9.33513355255127
dataset/test/Tomato_Healthy_leaf/h50_hight_aug_68aug69.jpg,Tomato_Healthy_leaf,Tomato_Healthy_leaf,0.9833584427833557,1,1.056600570678711,7.593655586242676,0.1614818572998047,8.814371109008789
dataset/test/Tomato_Healthy_leaf/h50_hight_aug_69aug61.jpg,Tomato_Healthy_leaf,Tomato_Healthy_leaf,0.9935322999954224,1,1.1497316360473633,7.607805252075195,0.16246318817138672,8.922555923461914
dataset/test/Tomato_Healthy_leaf/h50_hightaug34.jpg,Tomato_Healthy_leaf,Tomato_Healthy_leaf,0.9990979433059692,1,1.0314521789550781,7.910825729370117,0.17000102996826172,9.115373611450195
dataset/test/Tomato_Healthy_leaf/h50_lower_aug_66aug65.jpg,Tomato_Healthy_leaf,Tomato_Healthy_leaf,0.9992491602897644,1,1.036952018737793,8.163717269897461,0.18674373626708984,9.390320777893066
dataset/test/Tomato_Healthy_leaf/h50_lower_aug_67aug70.jpg,Tomato_Healthy_leaf,Tomato_Healthy_leaf,0.9971392154693604,1,1.0453977584838867,7.718713760375977,0.16205692291259766,8.928705215454102
dataset/test/Tomato_Healthy_leaf/h50_loweraug33.jpg,Tomato_Healthy_leaf,Tomato_Healthy_leaf,0.9986662864685059,1,1.041971206665039,7.678898811340332,0.16059494018554688,8.88442611694336
dataset/test/Tomato_Healthy_leaf/h50_mirror_vertical_aug_24aug111.jpg,Tomato_Healthy_leaf,Tomato_Healthy_leaf,0.9998782873153687,1,1.038102149963379,7.64167594909668,0.1615753173828125,8.844334602355957
dataset/test/Tomato_Healthy_leaf/h50_mirror_vertical_aug_25aug100.jpg,Tomato_Healthy_leaf,Tomato_Healthy_leaf,0.9998207688331604,1,1.0362138748168945,7.638916015625,0.15527915954589844,8.832816123962402
dataset/test/Tomato_Healthy_leaf/h50_mirror_verticalaug12.jpg,Tomato_Healthy_leaf,Tomato_Healthy_leaf,0.9967484474182129,1,1.08074951171875,7.415266990661621,0.16181659698486328,8.660481452941895
dataset/test/Tomato_Healthy_leaf/h50aug37.jpg,Tomato_Healthy_leaf,Tomato_Healthy_leaf,0.9999345541000366,1,1.1277494430541992,7.603969573974609,0.16361236572265625,8.898093223571777
dataset/test/Tomato_Healthy_leaf/h5_mirroraug41.jpg,Tomato_Healthy_leaf,Tomato_Healthy_leaf,0.9999971389770508,1,1.0607872009277344,8.090975761413574,0.1625375747680664,9.316522598266602
dataset/test/Tomato_Healthy_leaf/h65_mirror_vertical_aug_26aug97.jpg,Tomato_Healthy_leaf,Tomato_Healthy_leaf,0.9999998807907104,1,1.1166019439697266,7.882214546203613,0.16151905059814453,9.163041114807129
dataset/test/Tomato_Healthy_leaf/h65_mirror_vertical_aug_27aug106.jpg,Tomato_Healthy_leaf,Tomato_Healthy_leaf,0.9999990463256836,1,1.0850086212158203,7.7033796310424805,0.1616687774658203,8.952779769897461
dataset/test/Tomato_Healthy_leaf/h65_mirror_verticalaug13.jpg,Tomato_Healthy_leaf,Tomato_Healthy_leaf,1.0,1,1.057785987854004,7.668473243713379,0.1605386734008789,8.889537811279297
dataset/test/Tomato_Healthy_leaf/h71_mirror_aug_62aug66.jpg,Tomato_Healthy_leaf,Tomato_Healthy_leaf,0.9999995231628418,1,1.0605077743530273,7.640045166015625,0.16211223602294922,8.865130424499512
dataset/test/Tomato_Healthy_leaf/h71_mirror_aug_63aug67.jpg,Tomato_Healthy_leaf,Tomato_Healthy_leaf,0.9999978542327881,1,1.0735836029052734,7.680915832519531,0.15953922271728516,8.916630744934082
dataset/test/Tomato_Healthy_leaf/h71_mirroraug31.jpg,Tomato_Healthy_leaf,Tomato_Healthy_leaf,0.9999998807907104,1,1.1128807067871094,7.4194135665893555,0.20044517517089844,8.735573768615723
dataset/test/Tomato_Healthy_leaf/h76_hight_aug_34aug88.jpg,Tomato_Healthy_leaf,Tomato_Healthy_leaf,1.0,1,1.1377134323120117,7.648380279541016,0.16259479522705078,8.951354026794434
dataset/test/Tomato_Healthy_leaf/h76_hight_aug_35aug93.jpg,Tomato_Healthy_leaf,Tomato_Healthy_leaf,0.9999654293060303,1,1.0595464706420898,7.894103050231934,0.1628894805908203,9.11918830871582
dataset/test/Tomato_Healthy_leaf/h76_hightaug17.jpg,Tomato_Healthy_leaf,Tomato_Healthy_leaf,0.9999697208404541,1,1.0701560974121094,7.763323783874512,0.16264820098876953,8.999075889587402
dataset/test/Tomato_Healthy_leaf/h78_change_270_aug_36aug94.jpg,Tomato_Healthy_leaf,Tomato_Healthy_leaf,0.9999998807907104,1,1.1091585159301758,7.796584129333496,0.16342830657958984,9.072094917297363
dataset/test/Tomato_Healthy_leaf/h78_change_270_aug_37aug99.jpg,Tomato_Healthy_leaf,Tomato_Healthy_leaf,0.9999990463256836,1,1.0658788681030273,7.796047210693359,0.15607547760009766,9.020428657531738
dataset/test/Tomato_Healthy_leaf/h78_change_270aug18.jpg,Tomato_Healthy_leaf,Tomato_Healthy_leaf,0.9999969005584717,1,1.054861068725586,7.581526756286621,0.16479873657226562,8.804128646850586
dataset/test/Tomato_Healthy_leaf/h7_lower_aug_44aug87.jpg,Tomato_Healthy_leaf,Tomato_Healthy_leaf,0.9999995231628418,1,1.2436208724975586,7.604526519775391,0.16363143920898438,9.014389991760254
dataset/test/Tomato_Healthy_leaf/h7_lower_aug_45aug79.jpg,Tomato_Healthy_leaf,Tomato_Healthy_leaf,0.9999219179153442,1,1.126805305480957,8.247161865234375,0.163482666015625,9.53995132446289
dataset/test/Tomato_Healthy_leaf/h7_loweraug22.jpg,Tomato_Healthy_leaf,Tomato_Healthy_leaf,0.9981263279914856,1,1.1134719848632812,7.824085235595703,0.16385269165039062,9.10433578491211
dataset/test/Tomato_Healthy_leaf/h81_change_180_aug_16aug113.jpg,Tomato_Healthy_leaf,Tomato_Healthy_leaf,0.9932530522346497,1,1.0792503356933594,7.801732063293457,0.16403961181640625,9.047614097595215
dataset/test/Tomato_Healthy_leaf/h81_change_180_aug_17aug117.jpg,Tomato_Healthy_leaf,Tomato_Healthy_leaf,0.9982134103775024,1,1.086008071899414,7.759140968322754,0.16468524932861328,9.012428283691406
dataset/test/Tomato_Healthy_leaf/h81_change_180aug8.jpg,Tomato_Healthy_leaf,Tomato_Healthy_leaf,0.9988172054290771,1,1.1142873764038086,7.792472839355469,0.16294574737548828,9.072280883789062
dataset/test/Tomato_Healthy_leaf/h84_mirroraug40.jpg,Tomato_Healthy_leaf,Tomato_Healthy_leaf,0.9999889135360718,1,1.0986385345458984,7.840065956115723,0.16281700134277344,9.103948593139648
dataset/test/Tomato_Healthy_leaf/h8_change_90aug35.jpg,Tomato_Healthy_leaf,Tomato_Healthy_leaf,0.9999780654907227,1,1.0931940078735352,7.875807762145996,0.1606130599975586,9.132521629333496
dataset/test/Tomato_Healthy_leaf/h95_mirror_verticalaug46.jpg,Tomato_Healthy_leaf,Tomato_Healthy_leaf,0.9825640320777893,1,1.1730842590332031,7.800307273864746,0.16464805603027344,9.140966415405273
dataset/test/Tomato_Healthy_leaf/h96_change_270aug47.jpg,Tomato_Healthy_leaf,Tomato_Healthy_leaf,0.9992524981498718,1,1.144953727722168,7.897214889526367,0.16259384155273438,9.241838455200195
dataset/test/Tomato_Healthy_leaf/h96_mirror_vertical_aug_14aug107.jpg,Tomato_Healthy_leaf,Tomato_Healthy_leaf,0.9999996423721313,1,1.1762504577636719,8.010642051696777,0.22539043426513672,9.415376663208008
dataset/test/Tomato_Healthy_leaf/h96_mirror_vertical_aug_15aug112.jpg,Tomato_Healthy_leaf,Tomato_Healthy_leaf,0.9999982118606567,1,1.1031198501586914,7.692751884460449,0.2038726806640625,9.002612113952637
dataset/test/Tomato_Healthy_leaf/h96_mirror_verticalaug7.jpg,Tomato_Healthy_leaf,Tomato_Healthy_leaf,0.9999998807907104,1,1.0671768188476562,9.953658103942871,0.1658163070678711,11.189780235290527
dataset/test/Tomato_Healthy_leaf/h99_hight_aug_32aug92.jpg,Tomato_Healthy_leaf,Tomato_Healthy_leaf,0.9999701976776123,1,9.090279579162598,12.488753318786621,0.1673898696899414,21.7492036819458
dataset/test/Tomato_Healthy_leaf/h99_hight_aug_33aug101.jpg,Tomato_Healthy_leaf,Tomato_Healthy_leaf,0.9999948740005493,1,1.096693992614746,9.357006072998047,0.16679763793945312,10.623404502868652
dataset/test/Tomato_Healthy_leaf/h99_hightaug16.jpg,Tomato_Healthy_leaf,Tomato_Healthy_leaf,0.999945878982544,1,1.259474754333496,7.736879348754883,0.1660003662109375,9.165077209472656
dataset/test/Tomato_Healthy_leaf/h99_lower_aug_46aug78.jpg,Tomato_Healthy_leaf,Tomato_Healthy_leaf,0.9999361038208008,1,1.2060470581054688,8.277366638183594,0.16394710540771484,9.649895668029785
dataset/test/Tomato_Healthy_leaf/h99_lower_aug_47aug81.jpg,Tomato_Healthy_leaf,Tomato_Healthy_leaf,0.9999902248382568,1,1.0716009140014648,7.771232604980469,0.16211223602294922,9.007871627807617
dataset/test/Tomato_Healthy_leaf/h99_loweraug23.jpg,Tomato_Healthy_leaf,Tomato_Healthy_leaf,0.9999674558639526,1,1.145639419555664,7.607767105102539,0.1605377197265625,8.917315483093262
dataset/test/Tomato_Healthy_leaf/h9_change_180_aug_48aug86.jpg,Tomato_Healthy_leaf,Tomato_Healthy_leaf,0.9999998807907104,1,1.067972183227539,7.582379341125488,0.16074180603027344,8.813944816589355
dataset/test/Tomato_Healthy_leaf/h9_change_180_aug_49aug85.jpg,Tomato_Healthy_leaf,Tomato_Healthy_leaf,0.9999934434890747,1,1.0623979568481445,7.748010635375977,0.16092681884765625,8.973963737487793
dataset/test/Tomato_Healthy_leaf/h9_change_180aug24.jpg,Tomato_Healthy_leaf,Tomato_Healthy_leaf,0.9999996423721313,1,1.1043424606323242,8.45803451538086,0.16294479370117188,9.727897644042969
dataset/test/Tomato_Healthy_leaf/russian-2-319-dt-2010-leaves-high-tunnel-9-29-2014-c_jpg.rf.7ef5d3901dbeaf27776a27bfc8197b72_aug_0aug52.jpg,Tomato_Healthy_leaf,Tomato_Healthy_leaf,0.9999996423721313,1,1.1584348678588867,7.6098785400390625,0.1570749282836914,8.928611755371094
dataset/test/Tomato_Healthy_leaf/russian-2-319-dt-2010-leaves-high-tunnel-9-29-2014-c_jpg.rf.7ef5d3901dbeaf27776a27bfc8197b72_aug_1aug58.jpg,Tomato_Healthy_leaf,Tomato_Healthy_leaf,0.9999954700469971,1,1.158102035522461,7.395267486572266,0.16370582580566406,8.719684600830078
dataset/test/Tomato_Healthy_leaf/russian-2-319-dt-2010-leaves-high-tunnel-9-29-2014-c_jpg.rf.7ef5d3901dbeaf27776a27bfc8197b72aug0.jpg,Tomato_Healthy_leaf,Tomato_Healthy_leaf,1.0,1,1.2223443984985352,7.377618789672852,0.17333507537841797,8.776555061340332
dataset/test/Tomato_Healthy_leaf/unnamed_aug_64aug64.jpg,Tomato_Healthy_leaf,Tomato_Healthy_leaf,0.9942615032196045,1,1.0679903030395508,7.515748023986816,0.1596851348876953,8.746092796325684
dataset/test/Tomato_Healthy_leaf/unnamed_aug_65aug60.jpg,Tomato_Healthy_leaf,Tomato_Healthy_leaf,0.9624575972557068,1,1.086935043334961,7.89206600189209,0.1612987518310547,9.143224716186523
dataset/test/Tomato_Healthy_leaf/unnamedaug32.jpg,Tomato_Healthy_leaf,Tomato_Healthy_leaf,0.9910792708396912,1,1.0512866973876953,7.597342491149902,0.1635761260986328,8.814630508422852
dataset/test/Tomato_Septoria_leaf_spot/1723454507354_aug_44aug83.jpg,Tomato_Septoria_leaf_spot,Tomato_Septoria_leaf_spot,0.7665323615074158,1,1.0694904327392578,7.785548210144043,0.16411209106445312,9.021872520446777
dataset/test/Tomato_Septoria_leaf_spot/1723454507354_aug_45aug80.jpg,Tomato_Septoria_leaf_spot,Tomato_Septoria_leaf_spot,0.9819349050521851,1,1.0701570510864258,8.005179405212402,0.16283416748046875,9.240487098693848
dataset/test/Tomato_Septoria_leaf_spot/1723454507354aug22.jpg,Tomato_Septoria_leaf_spot,Tomato_Septoria_leaf_spot,0.965469479560852,1,1.1334915161132812,7.832752227783203,0.16329669952392578,9.131911277770996
dataset/test/Tomato_Septoria_leaf_spot/1723454507465_aug_58aug67.jpg,Tomato_Septoria_leaf_spot,Tomato_Septoria_leaf_spot,0.8066655397415161,1,1.0842313766479492,8.684555053710938,0.15722274780273438,9.928306579589844
dataset/test/Tomato_Septoria_leaf_spot/1723454507465_aug_59aug66.jpg,Tomato_Septoria_leaf_spot,Tomato_Septoria_leaf_spot,0.8893463015556335,1,1.0889902114868164,8.01212215423584,0.1658153533935547,9.269708633422852
dataset/test/Tomato_Septoria_leaf_spot/1723454507465aug29.jpg,Tomato_Septoria_leaf_spot,Tomato_Septoria_leaf_spot,0.8580806255340576,1,1.253326416015625,7.612933158874512,0.16622447967529297,9.035076141357422
dataset/test/Tomato_Septoria_leaf_spot/5454635393351680.jpeg_aug_14aug115.jpg,Tomato_Septoria_leaf_spot,Tomato_mold_leaf,0.3925614058971405,0,1.086899757385254,7.8385114669799805,0.1650400161743164,9.092781066894531
dataset/test/Tomato_Septoria_leaf_spot/5454635393351680.jpeg_aug_15aug46.jpg,Tomato_Septoria_leaf_spot,Tomato_Septoria_leaf_spot,0.7169836163520813,1,1.0781755447387695,7.7655487060546875,0.16398239135742188,9.010409355163574
dataset/test/Tomato_Septoria_leaf_spot/5454635393351680.jpegaug7.jpg,Tomato_Septoria_leaf_spot,Tomato_Septoria_leaf_spot,0.6586916446685791,1,1.1161203384399414,7.749528884887695,0.1647806167602539,9.033095359802246
dataset/test/Tomato_Septoria_leaf_spot/6134794031202304-600x272-jpeg_jpg.rf.5482c323fe160b26426628094ae3646baug42.jpg,Tomato_Septoria_leaf_spot,Tomato_Septoria_leaf_spot,0.9502286314964294,1,1.1379547119140625,7.777233123779297,0.16459369659423828,9.082687377929688
dataset/test/Tomato_Septoria_leaf_spot/66e7583ebe11cf0bd06435e4167bd4fdaug41.jpg,Tomato_Septoria_leaf_spot,Tomato_Septoria_leaf_spot,0.9997585415840149,1,1.0641202926635742,7.8145294189453125,0.1660022735595703,9.047371864318848
dataset/test/Tomato_Septoria_leaf_spot/8_20mistakes_204_aug_72aug61.jpg,Tomato_Septoria_leaf_spot,Tomato_mold_leaf,0.9334847927093506,0,1.0974159240722656,7.921900749206543,0.16544628143310547,9.187503814697266
dataset/test/Tomato_Septoria_leaf_spot/8_20mistakes_204_aug_73aug62.jpg,Tomato_Septoria_leaf_spot,Tomato_mold_leaf,0.9629663825035095,0,1.1294355392456055,7.8617143630981445,0.16109371185302734,9.154726028442383
dataset/test/Tomato_Septoria_leaf_spot/8_20mistakes_204aug36.jpg,Tomato_Septoria_leaf_spot,Tomato_mold_leaf,0.9365290999412537,0,1.0863981246948242,7.7393798828125,0.23042774200439453,9.05894660949707
dataset/test/Tomato_Septoria_leaf_spot/Gls11_mirror_vertical_aug_42aug85.jpg,Tomato_Septoria_leaf_spot,Tomato_Septoria_leaf_spot,0.9911789298057556,1,1.347121238708496,8.016142845153809,0.1706676483154297,9.53669261932373
dataset/test/Tomato_Septoria_leaf_spot/Gls11_mirror_vertical_aug_43aug86.jpg,Tomato_Septoria_leaf_spot,Tomato_Septoria_leaf_spot,0.9437799453735352,1,1.237807273864746,7.832657814025879,0.16668701171875,9.24007797241211
dataset/test/Tomato_Septoria_leaf_spot/Gls11_mirror_verticalaug21.jpg,Tomato_Septoria_leaf_spot,Tomato_Septoria_leaf_spot,0.9450547099113464,1,1.0880088806152344,7.976308822631836,0.1663341522216797,9.233170509338379
dataset/test/Tomato_Septoria_leaf_spot/Gls12_mirror_aug_46aug81.jpg,Tomato_Septoria_leaf_spot,Tomato_Septoria_leaf_spot,0.9994016885757446,1,1.0811576843261719,8.079586029052734,0.16427898406982422,9.327746391296387
dataset/test/Tomato_Septoria_leaf_spot/Gls12_mirror_aug_47aug92.jpg,Tomato_Septoria_leaf_spot,Tomato_Septoria_leaf_spot,0.9998937845230103,1,1.127638816833496,8.124161720275879,0.1668539047241211,9.421283721923828
dataset/test/Tomato_Septoria_leaf_spot/Gls12_mirroraug23.jpg,Tomato_Septoria_leaf_spot,Tomato_Septoria_leaf_spot,0.9997900128364563,1,1.0908241271972656,7.920732498168945,0.1632242202758789,9.177558898925781
dataset/test/Tomato_Septoria_leaf_spot/Gls1_mirror_aug_38aug82.jpg,Tomato_Septoria_leaf_spot,Tomato_Septoria_leaf_spot,0.9997401833534241,1,1.0961580276489258,7.945623397827148,0.15427875518798828,9.198244094848633
dataset/test/Tomato_Septoria_leaf_spot/Gls1_mirror_aug_39aug84.jpg,Tomato_Septoria_leaf_spot,Tomato_Septoria_leaf_spot,0.9987862706184387,1,1.0429916381835938,7.764788627624512,0.16231727600097656,8.972538948059082
dataset/test/Tomato_Septoria_leaf_spot/Gls1_mirroraug19.jpg,Tomato_Septoria_leaf_spot,Tomato_Septoria_leaf_spot,0.9999309778213501,1,1.1924543380737305,7.542527198791504,0.16196537017822266,8.899575233459473
dataset/test/Tomato_Septoria_leaf_spot/Gls21_change_270aug43.jpg,Tomato_Septoria_leaf_spot,Tomato_Septoria_leaf_spot,0.9976596832275391,1,1.0631942749023438,7.744436264038086,0.1635751724243164,8.973723411560059
dataset/test/Tomato_Septoria_leaf_spot/Gls21_hight_aug_56aug78.jpg,Tomato_Septoria_leaf_spot,Tomato_Septoria_leaf_spot,0.9921092391014099,1,1.044194221496582,7.694806098937988,0.16307640075683594,8.904666900634766
dataset/test/Tomato_Septoria_leaf_spot/Gls21_hight_aug_57aug79.jpg,Tomato_Septoria_leaf_spot,Tomato_Septoria_leaf_spot,0.9970844388008118,1,1.0665836334228516,7.696656227111816,0.16553878784179688,8.931557655334473
dataset/test/Tomato_Septoria_leaf_spot/Gls21_hightaug28.jpg,Tomato_Septoria_leaf_spot,Tomato_Septoria_leaf_spot,0.9920699000358582,1,1.093897819519043,7.640786170959473,0.16103744506835938,8.898370742797852
dataset/test/Tomato_Septoria_leaf_spot/Gls29_change_180_aug_40aug89.jpg,Tomato_Septoria_leaf_spot,Tomato_Septoria_leaf_spot,0.9924159049987793,1,1.0699920654296875,7.632713317871094,0.1620006561279297,8.867389678955078
dataset/test/Tomato_Septoria_leaf_spot/Gls29_change_180_aug_41aug91.jpg,Tomato_Septoria_leaf_spot,Tomato_Septoria_leaf_spot,0.9992192983627319,1,1.0507307052612305,7.4679155349731445,0.2752981185913086,8.837482452392578
dataset/test/Tomato_Septoria_leaf_spot/Gls29_change_180aug20.jpg,Tomato_Septoria_leaf_spot,Tomato_Septoria_leaf_spot,0.9962041974067688,1,1.0119905471801758,7.742249488830566,0.16333484649658203,8.920019149780273
dataset/test/Tomato_Septoria_leaf_spot/Gls36_hight_aug_20aug116.jpg,Tomato_Septoria_leaf_spot,Tomato_Septoria_leaf_spot,0.9031553268432617,1,1.9913501739501953,7.546248435974121,0.16350173950195312,9.703729629516602
dataset/test/Tomato_Septoria_leaf_spot/Gls36_hight_aug_21aug118.jpg,Tomato_Septoria_leaf_spot,Tomato_Septoria_leaf_spot,0.9923037886619568,1,1.0391016006469727,7.644304275512695,0.16379833221435547,8.849538803100586
dataset/test/Tomato_Septoria_leaf_spot/Gls36_hightaug10.jpg,Tomato_Septoria_leaf_spot,Tomato_Septoria_leaf_spot,0.9940872192382812,1,1.0394706726074219,7.623008728027344,0.16307449340820312,8.828056335449219
dataset/test/Tomato_Septoria_leaf_spot/Gls41_change_270_aug_50aug90.jpg,Tomato_Septoria_leaf_spot,Tomato_Healthy_leaf,0.7480564713478088,0,1.1117324829101562,7.752287864685059,0.16596508026123047,9.032557487487793
dataset/test/Tomato_Septoria_leaf_spot/Gls41_change_270_aug_51aug77.jpg,Tomato_Septoria_leaf_spot,Tomato_Septoria_leaf_spot,0.8930224180221558,1,1.1306209564208984,8.067383766174316,0.16398239135742188,9.364615440368652
dataset/test/Tomato_Septoria_leaf_spot/Gls41_change_270aug25.jpg,Tomato_Septoria_leaf_spot,Tomato_Septoria_leaf_spot,0.9942439198493958,1,1.0928058624267578,7.739528656005859,0.1645946502685547,8.999557495117188
dataset/test/Tomato_Septoria_leaf_spot/Gls43_change_90_aug_60aug75.jpg,Tomato_Septoria_leaf_spot,Tomato_Septoria_leaf_spot,0.9990429282188416,1,1.0408239364624023,7.869511604309082,0.16007614135742188,9.072724342346191
dataset/test/Tomato_Septoria_leaf_spot/Gls43_change_90_aug_61aug73.jpg,Tomato_Septoria_leaf_spot,Tomato_Septoria_leaf_spot,0.9968333840370178,1,1.0474891662597656,7.604323387145996,0.16289043426513672,8.81718635559082
dataset/test/Tomato_Septoria_leaf_spot/Gls43_change_90aug30.jpg,Tomato_Septoria_leaf_spot,Tomato_Septoria_leaf_spot,0.9932317733764648,1,1.1769170761108398,7.6105451583862305,0.1639270782470703,8.95398235321045
dataset/test/Tomato_Septoria_leaf_spot/Gls46_change_90_aug_6aug53.jpg,Tomato_Septoria_leaf_spot,Tomato_Septoria_leaf_spot,0.9990948438644409,1,1.0936393737792969,7.725826263427734,0.16474151611328125,8.986889839172363
dataset/test/Tomato_Septoria_leaf_spot/Gls46_change_90_aug_7aug56.jpg,Tomato_Septoria_leaf_spot,Tomato_Septoria_leaf_spot,0.999872088432312,1,1.091731071472168,7.824714660644531,0.1627798080444336,9.082115173339844
dataset/test/Tomato_Septoria_leaf_spot/Gls46_change_90aug3.jpg,Tomato_Septoria_leaf_spot,Tomato_Septoria_leaf_spot,0.9994353652000427,1,1.0948429107666016,7.855955123901367,0.16422367095947266,9.118095397949219
dataset/test/Tomato_Septoria_leaf_spot/Gls47aug44.jpg,Tomato_Septoria_leaf_spot,Tomato_Septoria_leaf_spot,0.9998891353607178,1,1.1035089492797852,7.783268928527832,0.16544628143310547,9.055170059204102
dataset/test/Tomato_Septoria_leaf_spot/Gls76_aug_34aug97.jpg,Tomato_Septoria_leaf_spot,Tomato_Septoria_leaf_spot,0.7572890520095825,1,1.0809898376464844,7.81430721282959,0.1673908233642578,9.065373420715332
dataset/test/Tomato_Septoria_leaf_spot/Gls76_aug_35aug103.jpg,Tomato_Septoria_leaf_spot,Tomato_Septoria_leaf_spot,0.7408083081245422,1,1.0982122421264648,8.044271469116211,0.16701984405517578,9.312448501586914
dataset/test/Tomato_Septoria_leaf_spot/Gls76_change_180_aug_30aug96.jpg,Tomato_Septoria_leaf_spot,Tomato_mold_leaf,0.41101667284965515,0,1.1475286483764648,8.128328323364258,0.1669454574584961,9.44550609588623
dataset/test/Tomato_Septoria_leaf_spot/Gls76_change_180_aug_31aug100.jpg,Tomato_Septoria_leaf_spot,Tomato_Early_blight_leaf,0.6773366332054138,0,1.1028985977172852,7.869271278381348,0.16890907287597656,9.144281387329102
dataset/test/Tomato_Septoria_leaf_spot/Gls76_change_180aug15.jpg,Tomato_Septoria_leaf_spot,Tomato_mold_leaf,0.5575136542320251,0,1.121138572692871,8.039419174194336,0.1679840087890625,9.331283569335938
dataset/test/Tomato_Septoria_leaf_spot/Gls76aug17.jpg,Tomato_Septoria_leaf_spot,Tomato_Septoria_leaf_spot,0.6535441875457764,1,1.1388616561889648,8.072067260742188,0.17046356201171875,9.383968353271484
dataset/test/Tomato_Septoria_leaf_spot/Gls7_change_270_aug_64aug68.jpg,Tomato_Septoria_leaf_spot,Tomato_Septoria_leaf_spot,0.9991620779037476,1,1.110879898071289,8.030808448791504,0.16759490966796875,9.312281608581543
dataset/test/Tomato_Septoria_leaf_spot/Gls7_change_270_aug_65aug71.jpg,Tomato_Septoria_leaf_spot,Tomato_Septoria_leaf_spot,0.9983713030815125,1,1.095454216003418,8.03832721710205,0.16698360443115234,9.303689956665039
dataset/test/Tomato_Septoria_leaf_spot/Gls7_change_270aug32.jpg,Tomato_Septoria_leaf_spot,Tomato_Septoria_leaf_spot,0.9984250068664551,1,1.1529169082641602,8.0286226272583,0.1685009002685547,9.353004455566406
dataset/test/Tomato_Septoria_leaf_spot/Gls7_lower_aug_0aug57.jpg,Tomato_Septoria_leaf_spot,Tomato_Septoria_leaf_spot,0.9989665746688843,1,1.1075639724731445,8.046346664428711,0.16874217987060547,9.325153350830078
dataset/test/Tomato_Septoria_leaf_spot/Gls7_lower_aug_1aug52.jpg,Tomato_Septoria_leaf_spot,Tomato_Septoria_leaf_spot,0.9999227523803711,1,1.1218805313110352,8.02117919921875,0.16672420501708984,9.312337875366211
dataset/test/Tomato_Septoria_leaf_spot/Gls7_loweraug0.jpg,Tomato_Septoria_leaf_spot,Tomato_Septoria_leaf_spot,0.9999372959136963,1,1.1379919052124023,7.926955223083496,0.15990734100341797,9.227429389953613
dataset/test/Tomato_Septoria_leaf_spot/Gls81_lower_aug_2aug51.jpg,Tomato_Septoria_leaf_spot,Tomato_Septoria_leaf_spot,1.0,1,1.028787612915039,7.444045066833496,0.16014957427978516,8.635794639587402
dataset/test/Tomato_Septoria_leaf_spot/Gls81_lower_aug_3aug54.jpg,Tomato_Septoria_leaf_spot,Tomato_Septoria_leaf_spot,0.9999927282333374,1,1.1088428497314453,7.499174118041992,0.1729269027709961,8.784260749816895
dataset/test/Tomato_Septoria_leaf_spot/Gls81_loweraug1.jpg,Tomato_Septoria_leaf_spot,Tomato_Septoria_leaf_spot,1.0,1,1.034916877746582,7.610787391662598,0.16129589080810547,8.809833526611328
dataset/test/Tomato_Septoria_leaf_spot/IMG-20240812-WA0213_aug_70aug59.jpg,Tomato_Septoria_leaf_spot,Tomato_mold_leaf,0.40931957960128784,0,1.1011390686035156,7.789602279663086,0.1662425994873047,9.060094833374023
dataset/test/Tomato_Septoria_leaf_spot/IMG-20240812-WA0213_aug_71aug60.jpg,Tomato_Septoria_leaf_spot,Tomato_mold_leaf,0.41242650151252747,0,1.141158103942871,7.642212867736816,0.1634836196899414,8.949427604675293
dataset/test/Tomato_Septoria_leaf_spot/IMG-20240812-WA0213aug35.jpg,Tomato_Septoria_leaf_spot,Tomato_mold_leaf,0.7653400301933289,0,1.0954904556274414,7.661916732788086,0.1612415313720703,8.921260833740234
dataset/test/Tomato_Septoria_leaf_spot/Original_e-blight.JPG.rend.hgtvcom.966.725.jpeg_aug_52aug74.jpg,Tomato_Septoria_leaf_spot,Tomato_Septoria_leaf_spot,0.9934955835342407,1,1.0856199264526367,7.789862632751465,0.16192626953125,9.0400390625
dataset/test/Tomato_Septoria_leaf_spot/Original_e-blight.JPG.rend.hgtvcom.966.725.jpeg_aug_53aug76.jpg,Tomato_Septoria_leaf_spot,Tomato_Septoria_leaf_spot,0.9977855682373047,1,1.0600643157958984,7.685880661010742,0.15520477294921875,8.903520584106445
dataset/test/Tomato_Septoria_leaf_spot/Original_e-blight.JPG.rend.hgtvcom.966.725.jpegaug26.jpg,Tomato_Septoria_leaf_spot,Tomato_Septoria_leaf_spot,0.9961150884628296,1,1.1030082702636719,7.451562881469727,0.16085433959960938,8.717907905578613
dataset/test/Tomato_Septoria_leaf_spot/SS_ (990)_aug_24aug107.jpg,Tomato_Septoria_leaf_spot,Tomato_Septoria_leaf_spot,0.9999884366989136,1,1.157546043395996,7.505675315856934,0.1620950698852539,8.828019142150879
dataset/test/Tomato_Septoria_leaf_spot/SS_ (990)_aug_25aug113.jpg,Tomato_Septoria_leaf_spot,Tomato_Septoria_leaf_spot,0.9999892711639404,1,1.0690631866455078,7.619101524353027,0.16300201416015625,8.853777885437012
dataset/test/Tomato_Septoria_leaf_spot/SS_ (990)aug12.jpg,Tomato_Septoria_leaf_spot,Tomato_Septoria_leaf_spot,0.9999058246612549,1,1.06072998046875,7.644472122192383,0.16092777252197266,8.868814468383789
dataset/test/Tomato_Septoria_leaf_spot/Septoria_tomato_Margaret-20B_p8170755_0002_25004_jpg.rf.3fbb14d553c623c77f342b3a54baddab_aug_66aug70.jpg,Tomato_Septoria_leaf_spot,Tomato_Septoria_leaf_spot,0.9978390336036682,1,1.1683807373046875,7.596027374267578,0.1614828109741211,8.928871154785156
dataset/test/Tomato_Septoria_leaf_spot/Septoria_tomato_Margaret-20B_p8170755_0002_25004_jpg.rf.3fbb14d553c623c77f342b3a54baddab_aug_67aug63.jpg,Tomato_Septoria_leaf_spot,Tomato_Septoria_leaf_spot,0.9705632328987122,1,1.144343376159668,7.696213722229004,0.15855693817138672,9.002001762390137
dataset/test/Tomato_Septoria_leaf_spot/Septoria_tomato_Margaret-20B_p8170755_0002_25004_jpg.rf.3fbb14d553c623c77f342b3a54baddabaug33.jpg,Tomato_Septoria_leaf_spot,Tomato_Septoria_leaf_spot,0.9926396608352661,1,1.1010456085205078,7.517786026000977,0.1626110076904297,8.78435230255127
dataset/test/Tomato_Septoria_leaf_spot/Tomato-Plant-with-Septoria-Leaf-Spot_aug_68aug65.jpg,Tomato_Septoria_leaf_spot,Tomato_Septoria_leaf_spot,0.9824396371841431,1,1.186899185180664,7.483192443847656,0.16068553924560547,8.833612442016602
dataset/test/Tomato_Septoria_leaf_spot/Tomato-Plant-with-Septoria-Leaf-Spot_aug_69aug64.jpg,Tomato_Septoria_leaf_spot,Tomato_Septoria_leaf_spot,0.760969340801239,1,1.1386213302612305,7.618157386779785,0.15920448303222656,8.918482780456543
dataset/test/Tomato_Septoria_leaf_spot/Tomato-Plant-with-Septoria-Leaf-Spotaug34.jpg,Tomato_Septoria_leaf_spot,Tomato_Septoria_leaf_spot,0.9140888452529907,1,1.137491226196289,7.707751274108887,0.16351985931396484,9.011521339416504
dataset/test/Tomato_Septoria_leaf_spot/b54d0e40027ff5e90e8ba7e1e9abf9bdaug39.jpg,Tomato_Septoria_leaf_spot,Tomato_Septoria_leaf_spot,0.9996410608291626,1,1.0442132949829102,7.60460090637207,0.16029739379882812,8.81164836883545
dataset/test/Tomato_Septoria_leaf_spot/classic-septoria_aug_10aug48.jpg,Tomato_Septoria_leaf_spot,Tomato_Septoria_leaf_spot,0.9993290901184082,1,1.1053428649902344,7.607507705688477,0.16263198852539062,8.878316879272461
dataset/test/Tomato_Septoria_leaf_spot/classic-septoria_aug_11aug49.jpg,Tomato_Septoria_leaf_spot,Tomato_Septoria_leaf_spot,0.9998400211334229,1,1.1022701263427734,7.634435653686523,0.160797119140625,8.900519371032715
dataset/test/Tomato_Septoria_leaf_spot/classic-septoriaaug5.jpg,Tomato_Septoria_leaf_spot,Tomato_Septoria_leaf_spot,0.9981092214584351,1,1.1697311401367188,7.670269012451172,0.15440845489501953,8.996613502502441
dataset/test/Tomato_Septoria_leaf_spot/early+blight+on+leaf+yel+halo+IMG_2313.JPG_aug_62aug69.jpg,Tomato_Septoria_leaf_spot,Tomato_Septoria_leaf_spot,0.9981527924537659,1,1.0276384353637695,7.882345199584961,0.1674814224243164,9.080243110656738
dataset/test/Tomato_Septoria_leaf_spot/early+blight+on+leaf+yel+halo+IMG_2313.JPG_aug_63aug72.jpg,Tomato_Septoria_leaf_spot,Tomato_Septoria_leaf_spot,0.9999279975891113,1,1.2230100631713867,8.013936996459961,0.16814899444580078,9.407709121704102
dataset/test/Tomato_Septoria_leaf_spot/early+blight+on+leaf+yel+halo+IMG_2313.JPGaug31.jpg,Tomato_Septoria_leaf_spot,Tomato_Septoria_leaf_spot,0.9998006224632263,1,1.2450857162475586,7.852066993713379,0.16633319854736328,9.266301155090332
dataset/test/Tomato_Septoria_leaf_spot/early-blight-of-tomato-tomato-1aug38.jpg,Tomato_Septoria_leaf_spot,Tomato_Septoria_leaf_spot,0.9946763515472412,1,1.1983985900878906,8.168476104736328,0.16802024841308594,9.537580490112305
dataset/test/Tomato_Septoria_leaf_spot/eblight5_aug_18aug110.jpg,Tomato_Septoria_leaf_spot,Tomato_Septoria_leaf_spot,0.9976596832275391,1,1.080434799194336,7.989326477050781,0.16727924346923828,9.239577293395996
dataset/test/Tomato_Septoria_leaf_spot/eblight5_aug_19aug117.jpg,Tomato_Septoria_leaf_spot,Tomato_Septoria_leaf_spot,0.9910969734191895,1,1.070174217224121,8.10358715057373,0.2024097442626953,9.379154205322266
dataset/test/Tomato_Septoria_leaf_spot/eblight5aug9.jpg,Tomato_Septoria_leaf_spot,Tomato_Septoria_leaf_spot,0.8433862328529358,1,1.0595264434814453,8.018234252929688,0.17383575439453125,9.25454044342041
dataset/test/Tomato_Septoria_leaf_spot/images (1)_aug_54aug93.jpg,Tomato_Septoria_leaf_spot,Tomato_Septoria_leaf_spot,0.9956658482551575,1,1.087453842163086,8.049530982971191,0.1700763702392578,9.310357093811035
dataset/test/Tomato_Septoria_leaf_spot/images (1)_aug_55aug87.jpg,Tomato_Septoria_leaf_spot,Tomato_Septoria_leaf_spot,0.9905176758766174,1,1.0971765518188477,8.039159774780273,0.20814990997314453,9.34744930267334
dataset/test/Tomato_Septoria_leaf_spot/images (1)aug27.jpg,Tomato_Septoria_leaf_spot,Tomato_Septoria_leaf_spot,0.9976975321769714,1,1.0819740295410156,8.067938804626465,0.16640949249267578,9.319263458251953
dataset/test/Tomato_Septoria_leaf_spot/tomato-blight-treatment-blight_jpg.rf.78cbf6055199828cb682fd0a6435a157_aug_74aug58.jpg,Tomato_Septoria_leaf_spot,Tomato_Septoria_leaf_spot,0.9867838621139526,1,1.1008243560791016,7.883343696594238,0.17401885986328125,9.160966873168945
dataset/test/Tomato_Septoria_leaf_spot/tomato-blight-treatment-blight_jpg.rf.78cbf6055199828cb682fd0a6435a157aug37.jpg,Tomato_Septoria_leaf_spot,Tomato_Septoria_leaf_spot,0.9947335720062256,1,1.1034164428710938,7.965807914733887,0.16013050079345703,9.23237419128418
dataset/test/Tomato_Septoria_leaf_spot/tomato-early-blight-e1437503226856_aug_4aug50.jpg,Tomato_Septoria_leaf_spot,Tomato_Septoria_leaf_spot,0.9999045133590698,1,1.1218061447143555,7.535785675048828,0.1584453582763672,8.818427085876465
dataset/test/Tomato_Septoria_leaf_spot/tomato-early-blight-e1437503226856_aug_5aug55.jpg,Tomato_Septoria_leaf_spot,Tomato_Septoria_leaf_spot,0.9996157884597778,1,1.087620735168457,8.42031192779541,0.16118621826171875,9.671749114990234
dataset/test/Tomato_Septoria_leaf_spot/tomato-early-blight-e1437503226856aug2.jpg,Tomato_Septoria_leaf_spot,Tomato_Septoria_leaf_spot,0.9999257326126099,1,1.0857124328613281,7.633027076721191,0.1651315689086914,8.886926651000977
dataset/test/Tomato_Septoria_leaf_spot/tomato-early-blightH_jpg.rf.2633fbae0a933eb2711cb8466f34aca1_aug_12aug119.jpg,Tomato_Septoria_leaf_spot,Tomato_Septoria_leaf_spot,0.9997957348823547,1,1.170029640197754,14.372029304504395,0.16037273406982422,15.705151557922363
dataset/test/Tomato_Septoria_leaf_spot/tomato-early-blightH_jpg.rf.2633fbae0a933eb2711cb8466f34aca1_aug_13aug114.jpg,Tomato_Septoria_leaf_spot,Tomato_Septoria_leaf_spot,0.9999157190322876,1,1.232473373413086,11.175983428955078,0.17037296295166016,12.58188533782959
dataset/test/Tomato_Septoria_leaf_spot/tomato-early-blightH_jpg.rf.2633fbae0a933eb2711cb8466f34aca1aug6.jpg,Tomato_Septoria_leaf_spot,Tomato_Septoria_leaf_spot,0.9999892711639404,1,1.1724557876586914,12.653106689453125,0.16335296630859375,13.991507530212402
dataset/test/Tomato_Septoria_leaf_spot/tomato-septoria-3-500x384_aug_32aug104.jpg,Tomato_Septoria_leaf_spot,Tomato_Septoria_leaf_spot,0.9672580361366272,1,1.063471794128418,9.549135208129883,0.15900039672851562,10.774276733398438
dataset/test/Tomato_Septoria_leaf_spot/tomato-septoria-3-500x384_aug_33aug106.jpg,Tomato_Septoria_leaf_spot,Tomato_Septoria_leaf_spot,0.7830230593681335,1,1.061065673828125,8.052587509155273,0.16016769409179688,9.276504516601562
dataset/test/Tomato_Septoria_leaf_spot/tomato-septoria-3-500x384_jpg.rf.40a23512bd3b6d8df2115d7f591913fb_aug_16aug112.jpg,Tomato_Septoria_leaf_spot,Tomato_Septoria_leaf_spot,0.9998559951782227,1,1.0578041076660156,8.012566566467285,0.16342735290527344,9.236467361450195
dataset/test/Tomato_Septoria_leaf_spot/tomato-septoria-3-500x384_jpg.rf.40a23512bd3b6d8df2115d7f591913fb_aug_17aug111.jpg,Tomato_Septoria_leaf_spot,Tomato_Septoria_leaf_spot,0.9999401569366455,1,1.0859527587890625,7.949548721313477,0.20411300659179688,9.242910385131836
dataset/test/Tomato_Septoria_leaf_spot/tomato-septoria-3-500x384_jpg.rf.40a23512bd3b6d8df2115d7f591913fbaug8.jpg,Tomato_Septoria_leaf_spot,Tomato_Septoria_leaf_spot,0.9999498128890991,1,1.0877504348754883,7.813714027404785,0.16194534301757812,9.066280364990234
dataset/test/Tomato_Septoria_leaf_spot/tomato-septoria-3-500x384aug16.jpg,Tomato_Septoria_leaf_spot,Tomato_Septoria_leaf_spot,0.9935837388038635,1,1.0797481536865234,7.850141525268555,0.16585350036621094,9.098540306091309
dataset/test/Tomato_Septoria_leaf_spot/tomato-septoria-5_jpg.rf.fab97ae4bb3726e33dcbde7262ec6a65aug40.jpg,Tomato_Septoria_leaf_spot,Tomato_Septoria_leaf_spot,0.9749608635902405,1,1.10076904296875,7.790250778198242,0.15539073944091797,9.049019813537598
dataset/test/Tomato_Septoria_leaf_spot/tomato-septoria-leaf-spot--_aug_22aug109.jpg,Tomato_Septoria_leaf_spot,Tomato_Septoria_leaf_spot,0.38860371708869934,1,1.1496763229370117,7.661934852600098,0.16429805755615234,8.978816986083984
dataset/test/Tomato_Septoria_leaf_spot/tomato-septoria-leaf-spot--_aug_23aug108.jpg,Tomato_Septoria_leaf_spot,Tomato_Early_blight_leaf,0.9222770929336548,0,1.2487516403198242,7.606230735778809,0.16437053680419922,9.022150039672852
dataset/test/Tomato_Septoria_leaf_spot/tomato-septoria-leaf-spot--_jpg.rf.06783859d6d3e49976374e4146674e0b_aug_48aug94.jpg,Tomato_Septoria_leaf_spot,Tomato_Septoria_leaf_spot,0.8410664796829224,1,1.1325111389160156,7.762103080749512,0.1644277572631836,9.06163215637207
dataset/test/Tomato_Septoria_leaf_spot/tomato-septoria-leaf-spot--_jpg.rf.06783859d6d3e49976374e4146674e0b_aug_49aug88.jpg,Tomato_Septoria_leaf_spot,Tomato_Septoria_leaf_spot,0.8552255630493164,1,1.1743059158325195,7.771843910217285,0.16446399688720703,9.113261222839355
dataset/test/Tomato_Septoria_leaf_spot/tomato-septoria-leaf-spot--_jpg.rf.06783859d6d3e49976374e4146674e0baug24.jpg,Tomato_Septoria_leaf_spot,Tomato_leaf_yellow_curl_virus,0.8768001198768616,0,1.2151765823364258,7.794381141662598,0.16431617736816406,9.176541328430176
dataset/test/Tomato_Septoria_leaf_spot/tomato-septoria-leaf-spot--_jpg.rf.5e63d9a20f5557b9bb3617e79b48ef85_aug_26aug95.jpg,Tomato_Septoria_leaf_spot,Tomato_Septoria_leaf_spot,0.9341543316841125,1,1.660273551940918,10.10732650756836,0.1630392074584961,11.933563232421875
dataset/test/Tomato_Septoria_leaf_spot/tomato-septoria-leaf-spot--_jpg.rf.5e63d9a20f5557b9bb3617e79b48ef85_aug_27aug101.jpg,Tomato_Septoria_leaf_spot,Tomato_Septoria_leaf_spot,0.9867367148399353,1,1.1396751403808594,7.840362548828125,0.1640005111694336,9.14652156829834
dataset/test/Tomato_Septoria_leaf_spot/tomato-septoria-leaf-spot--_jpg.rf.5e63d9a20f5557b9bb3617e79b48ef85aug13.jpg,Tomato_Septoria_leaf_spot,Tomato_Septoria_leaf_spot,0.964682400226593,1,1.1443061828613281,8.213531494140625,0.16437149047851562,9.525153160095215
dataset/test/Tomato_Septoria_leaf_spot/tomato-septoria-leaf-spot--aug11.jpg,Tomato_Septoria_leaf_spot,Tomato_Early_blight_leaf,0.9890190958976746,0,1.2125654220581055,7.92332649230957,0.16231632232666016,9.30052375793457
dataset/test/Tomato_Septoria_leaf_spot/tomato-septoria-leaf-spot-_aug_28aug105.jpg,Tomato_Septoria_leaf_spot,Tomato_Septoria_leaf_spot,0.9782528281211853,1,1.8927946090698242,7.915623664855957,0.16481590270996094,9.97565746307373
dataset/test/Tomato_Septoria_leaf_spot/tomato-septoria-leaf-spot-_aug_29aug102.jpg,Tomato_Septoria_leaf_spot,Tomato_Septoria_leaf_spot,0.9919161200523376,1,1.1372499465942383,7.944770812988281,0.15764904022216797,9.24181842803955
dataset/test/Tomato_Septoria_leaf_spot/tomato-septoria-leaf-spot-aug14.jpg,Tomato_Septoria_leaf_spot,Tomato_Septoria_leaf_spot,0.9997859597206116,1,1.1327133178710938,7.770306587219238,0.1684274673461914,9.073871612548828
dataset/test/Tomato_Septoria_leaf_spot/tomato_D2b-Early-blight---RPitblado_zoom_jpg.rf.93df1c3cb830b3940e4a23a5c4a05598_aug_8aug45.jpg,Tomato_Septoria_leaf_spot,Tomato_Septoria_leaf_spot,0.9998534917831421,1,1.2427139282226562,7.8401031494140625,0.16479778289794922,9.249707221984863
dataset/test/Tomato_Septoria_leaf_spot/tomato_D2b-Early-blight---RPitblado_zoom_jpg.rf.93df1c3cb830b3940e4a23a5c4a05598_aug_9aug47.jpg,Tomato_Septoria_leaf_spot,Tomato_Septoria_leaf_spot,0.9891869425773621,1,1.144491195678711,7.797881126403809,0.1639842987060547,9.109261512756348
dataset/test/Tomato_Septoria_leaf_spot/tomato_D2b-Early-blight---RPitblado_zoom_jpg.rf.93df1c3cb830b3940e4a23a5c4a05598aug4.jpg,Tomato_Septoria_leaf_spot,Tomato_Septoria_leaf_spot,0.9998688697814941,1,1.173583984375,7.805379867553711,0.1633892059326172,9.145075798034668
dataset/test/Tomato_Septoria_leaf_spot/tomatoseptorialeafspotjpg-788d20798a3c74e7_aug_36aug98.jpg,Tomato_Septoria_leaf_spot,Tomato_Septoria_leaf_spot,0.9997861981391907,1,1.1016578674316406,7.730769157409668,0.1635570526123047,8.998723030090332
dataset/test/Tomato_Septoria_leaf_spot/tomatoseptorialeafspotjpg-788d20798a3c74e7_aug_37aug99.jpg,Tomato_Septoria_leaf_spot,Tomato_Septoria_leaf_spot,0.9839408993721008,1,1.1342859268188477,7.794675827026367,0.1646127700805664,9.096613883972168
dataset/test/Tomato_Septoria_leaf_spot/tomatoseptorialeafspotjpg-788d20798a3c74e7aug18.jpg,Tomato_Septoria_leaf_spot,Tomato_Septoria_leaf_spot,0.9989262223243713,1,1.1148061752319336,7.981733322143555,0.16718769073486328,9.26689338684082
dataset/test/Tomato_leaf_late_blight/Gls74_change_90_aug_66aug46.jpg,Tomato_leaf_late_blight,Tomato_Septoria_leaf_spot,0.9199150800704956,0,1.1171751022338867,8.111197471618652,0.16731643676757812,9.398355484008789
dataset/test/Tomato_leaf_late_blight/Gls74_change_90_aug_67aug49.jpg,Tomato_leaf_late_blight,Tomato_leaf_late_blight,0.8198972344398499,1,1.0970287322998047,8.09242057800293,0.16848373413085938,9.36098575592041
dataset/test/Tomato_leaf_late_blight/Gls74_change_90_aug_68aug41.jpg,Tomato_leaf_late_blight,Tomato_Septoria_leaf_spot,0.9471110701560974,0,1.0839176177978516,8.19277286529541,0.20287132263183594,9.482449531555176
dataset/test/Tomato_leaf_late_blight/Gls74_change_90aug22.jpg,Tomato_leaf_late_blight,Tomato_Septoria_leaf_spot,0.8331601619720459,0,1.0921564102172852,8.267552375793457,0.1607980728149414,9.523006439208984
dataset/test/Tomato_leaf_late_blight/Gls78_change_270_aug_24aug95.jpg,Tomato_leaf_late_blight,Tomato_leaf_late_blight,0.9805262684822083,1,1.0548782348632812,7.963937759399414,0.17642688751220703,9.199003219604492
dataset/test/Tomato_leaf_late_blight/Gls78_change_270_aug_25aug80.jpg,Tomato_leaf_late_blight,Tomato_leaf_late_blight,0.995125949382782,1,1.2094364166259766,7.819455146789551,0.20485496520996094,9.236855506896973
dataset/test/Tomato_leaf_late_blight/Gls78_change_270_aug_26aug81.jpg,Tomato_leaf_late_blight,Tomato_leaf_late_blight,0.9556972980499268,1,1.1776037216186523,8.106104850769043,0.16761302947998047,9.453986167907715
dataset/test/Tomato_leaf_late_blight/Gls78_change_270aug8.jpg,Tomato_leaf_late_blight,Tomato_leaf_late_blight,0.9836403727531433,1,1.0834360122680664,8.090882301330566,0.1672048568725586,9.34419059753418
dataset/test/Tomato_leaf_late_blight/Gls79_change_270_aug_51aug69.jpg,Tomato_leaf_late_blight,Tomato_leaf_late_blight,0.9882891178131104,1,1.0987873077392578,8.173234939575195,0.1660013198852539,9.440783500671387
dataset/test/Tomato_leaf_late_blight/Gls79_change_270_aug_52aug74.jpg,Tomato_leaf_late_blight,Tomato_leaf_late_blight,0.9768857955932617,1,1.0610828399658203,8.060717582702637,0.1659088134765625,9.290244102478027
dataset/test/Tomato_leaf_late_blight/Gls79_change_270_aug_53aug68.jpg,Tomato_leaf_late_blight,Tomato_leaf_late_blight,0.9776835441589355,1,1.044693946838379,8.067939758300781,0.16551971435546875,9.280762672424316
dataset/test/Tomato_leaf_late_blight/Gls79_change_270aug17.jpg,Tomato_leaf_late_blight,Tomato_leaf_late_blight,0.9668951034545898,1,1.0851764678955078,7.9051408767700195,0.19566917419433594,9.188633918762207
dataset/test/Tomato_leaf_late_blight/Gls79_change_90_aug_27aug85.jpg,Tomato_leaf_late_blight,Tomato_leaf_late_blight,0.957000732421875,1,1.0406570434570312,7.810972213745117,0.1649465560913086,9.018908500671387
dataset/test/Tomato_leaf_late_blight/Gls79_change_90_aug_28aug97.jpg,Tomato_leaf_late_blight,Tomato_leaf_late_blight,0.9759174585342407,1,1.1107873916625977,7.725620269775391,0.1752796173095703,9.014854431152344
dataset/test/Tomato_leaf_late_blight/Gls79_change_90_aug_29aug89.jpg,Tomato_leaf_late_blight,Tomato_leaf_late_blight,0.913106381893158,1,1.0535459518432617,7.879826545715332,0.1661672592163086,9.10207748413086
dataset/test/Tomato_leaf_late_blight/Gls79_change_90aug9.jpg,Tomato_leaf_late_blight,Tomato_leaf_late_blight,0.9766120314598083,1,1.0884733200073242,7.957178115844727,0.16292762756347656,9.211484909057617
dataset/test/Tomato_leaf_late_blight/Gls79_mirror_aug_15aug104.jpg,Tomato_leaf_late_blight,Tomato_leaf_late_blight,0.9935850501060486,1,1.0473966598510742,7.880029678344727,0.1652975082397461,9.095725059509277
dataset/test/Tomato_leaf_late_blight/Gls79_mirror_aug_16aug113.jpg,Tomato_leaf_late_blight,Tomato_leaf_late_blight,0.9953687191009521,1,1.049509048461914,7.894491195678711,0.16878032684326172,9.115410804748535
dataset/test/Tomato_leaf_late_blight/Gls79_mirror_aug_17aug109.jpg,Tomato_leaf_late_blight,Tomato_leaf_late_blight,0.9988459348678589,1,1.049880027770996,8.049530982971191,0.20320606231689453,9.306078910827637
dataset/test/Tomato_leaf_late_blight/Gls79_mirroraug5.jpg,Tomato_leaf_late_blight,Tomato_leaf_late_blight,0.9990070462226868,1,1.0473413467407227,7.892399787902832,0.16553783416748047,9.10791015625
dataset/test/Tomato_leaf_late_blight/IMG_20251102_155822aug32.jpg,Tomato_leaf_late_blight,Tomato_leaf_yellow_curl_virus,0.9558624625205994,0,1.1110448837280273,7.895622253417969,0.16038894653320312,9.170058250427246
dataset/test/Tomato_leaf_late_blight/IMG_20251102_160928aug33.jpg,Tomato_leaf_late_blight,Tomato_leaf_late_blight,0.9172536134719849,1,1.0611753463745117,7.9849748611450195,0.15276050567626953,9.201615333557129
dataset/test/Tomato_leaf_late_blight/IMG_20251102_161202_aug_57aug50.jpg,Tomato_leaf_late_blight,Tomato_Early_blight_leaf,0.9998773336410522,0,1.132491111755371,7.455507278442383,0.1609649658203125,8.75161075592041
dataset/test/Tomato_leaf_late_blight/IMG_20251102_161202_aug_58aug52.jpg,Tomato_leaf_late_blight,Tomato_Early_blight_leaf,0.9996740818023682,0,1.2218818664550781,7.538434028625488,0.15990924835205078,8.923315048217773
dataset/test/Tomato_leaf_late_blight/IMG_20251102_161202_aug_59aug39.jpg,Tomato_leaf_late_blight,Tomato_Early_blight_leaf,0.9999933242797852,0,1.122323989868164,7.753898620605469,0.16203784942626953,9.040742874145508
dataset/test/Tomato_leaf_late_blight/IMG_20251102_161202aug19.jpg,Tomato_leaf_late_blight,Tomato_Early_blight_leaf,0.9999767541885376,0,1.1184730529785156,7.6456193923950195,0.16250228881835938,8.929037094116211
dataset/test/Tomato_leaf_late_blight/IMG_5808_jpg.rf.9de5af872dd2e7a58b115c4826fb18d4_aug_63aug53.jpg,Tomato_leaf_late_blight,Tomato_leaf_late_blight,0.9971634745597839,1,1.1212701797485352,7.658804893493652,0.16137123107910156,8.944185256958008
dataset/test/Tomato_leaf_late_blight/IMG_5808_jpg.rf.9de5af872dd2e7a58b115c4826fb18d4_aug_64aug43.jpg,Tomato_leaf_late_blight,Tomato_leaf_late_blight,0.9995587468147278,1,1.0831756591796875,7.739175796508789,0.16103744506835938,8.986019134521484
dataset/test/Tomato_leaf_late_blight/IMG_5808_jpg.rf.9de5af872dd2e7a58b115c4826fb18d4_aug_65aug38.jpg,Tomato_leaf_late_blight,Tomato_leaf_late_blight,0.9997877478599548,1,1.0776748657226562,7.670528411865234,0.15866756439208984,8.909538269042969
dataset/test/Tomato_leaf_late_blight/IMG_5808_jpg.rf.9de5af872dd2e7a58b115c4826fb18d4aug21.jpg,Tomato_leaf_late_blight,Tomato_leaf_late_blight,0.9967306852340698,1,1.0702486038208008,7.743102073669434,0.16135406494140625,8.977666854858398
dataset/test/Tomato_leaf_late_blight/LB_ (254)_aug_54aug73.jpg,Tomato_leaf_late_blight,Tomato_leaf_late_blight,0.746175229549408,1,1.1923437118530273,7.486636161804199,0.20946407318115234,8.890778541564941
dataset/test/Tomato_leaf_late_blight/LB_ (254)_aug_55aug71.jpg,Tomato_leaf_late_blight,Tomato_leaf_late_blight,0.7285794019699097,1,1.022841453552246,7.592415809631348,0.1598348617553711,8.777593612670898
dataset/test/Tomato_leaf_late_blight/LB_ (254)_aug_56aug78.jpg,Tomato_leaf_late_blight,Tomato_leaf_late_blight,0.9434635639190674,1,1.0238418579101562,7.631527900695801,0.1601877212524414,8.81840705871582
dataset/test/Tomato_leaf_late_blight/LB_ (254)aug18.jpg,Tomato_leaf_late_blight,Tomato_leaf_late_blight,0.9360007643699646,1,1.022064208984375,7.639971733093262,0.16246414184570312,8.827278137207031
dataset/test/Tomato_leaf_late_blight/LB_ (276)_aug_60aug45.jpg,Tomato_leaf_late_blight,Tomato_leaf_late_blight,0.8872165083885193,1,1.031045913696289,7.701026916503906,0.1610574722290039,8.89566707611084
dataset/test/Tomato_leaf_late_blight/LB_ (276)_aug_61aug44.jpg,Tomato_leaf_late_blight,Tomato_leaf_late_blight,0.9021440148353577,1,1.0686750411987305,7.642083168029785,0.16109371185302734,8.87477970123291
dataset/test/Tomato_leaf_late_blight/LB_ (276)_aug_62aug40.jpg,Tomato_leaf_late_blight,Tomato_leaf_late_blight,0.9690163731575012,1,1.0188045501708984,7.504246711730957,0.1597423553466797,8.685202598571777
dataset/test/Tomato_leaf_late_blight/LB_ (276)aug20.jpg,Tomato_leaf_late_blight,Tomato_leaf_late_blight,0.9942781925201416,1,1.027750015258789,7.64700984954834,0.16168689727783203,8.839315414428711
dataset/test/Tomato_leaf_late_blight/Late-blight-foliar-leasion-on-tomato_jpg.rf.331af81e5b2aae24af0dc9b6d9933591_aug_72aug60.jpg,Tomato_leaf_late_blight,Tomato_leaf_late_blight,0.9980210065841675,1,1.111898422241211,7.659638404846191,0.16075992584228516,8.934869766235352
dataset/test/Tomato_leaf_late_blight/Late-blight-foliar-leasion-on-tomato_jpg.rf.331af81e5b2aae24af0dc9b6d9933591_aug_73aug51.jpg,Tomato_leaf_late_blight,Tomato_leaf_late_blight,0.9993608593940735,1,1.1130094528198242,7.613471984863281,0.16039085388183594,8.889555931091309
dataset/test/Tomato_leaf_late_blight/Late-blight-foliar-leasion-on-tomato_jpg.rf.331af81e5b2aae24af0dc9b6d9933591_aug_74aug37.jpg,Tomato_leaf_late_blight,Tomato_leaf_late_blight,0.9992212057113647,1,1.1733436584472656,7.696528434753418,0.16102027893066406,9.033428192138672
dataset/test/Tomato_leaf_late_blight/Late-blight-foliar-leasion-on-tomato_jpg.rf.331af81e5b2aae24af0dc9b6d9933591aug24.jpg,Tomato_leaf_late_blight,Tomato_leaf_late_blight,0.998433530330658,1,1.1076383590698242,7.701546669006348,0.15327930450439453,8.964705467224121
dataset/test/Tomato_leaf_late_blight/Late-blight-on-a-tomato-leaf_jpg.rf.8a0bcac661db5b0d51beab8e2bf6cd6caug29.jpg,Tomato_leaf_late_blight,Tomato_leaf_late_blight,0.990591824054718,1,1.109379768371582,7.785511016845703,0.16055583953857422,9.058021545410156
dataset/test/Tomato_leaf_late_blight/Late-blight-on-a-tomato-leaf_jpg.rf.8defdb736385f3e1da6fba17b2786ac9_aug_84aug36.jpg,Tomato_leaf_late_blight,Tomato_leaf_late_blight,0.9999974966049194,1,1.1546764373779297,7.665230751037598,0.16813087463378906,8.991130828857422
dataset/test/Tomato_leaf_late_blight/Late-blight-on-a-tomato-leaf_jpg.rf.8defdb736385f3e1da6fba17b2786ac9aug28.jpg,Tomato_leaf_late_blight,Tomato_leaf_late_blight,0.9999911785125732,1,1.1373977661132812,8.071179389953613,0.1687602996826172,9.38011646270752
dataset/test/Tomato_leaf_late_blight/Late-blight-symptoms-on-tomato-leaves-1r3uhy2_jpg.rf.92fa5ba375a2c3ce572ef7e12695be90aug31.jpg,Tomato_leaf_late_blight,Tomato_leaf_late_blight,0.9956554174423218,1,1.1274919509887695,8.031733512878418,0.16779708862304688,9.330208778381348
dataset/test/Tomato_leaf_late_blight/Late-blight-tomato-leaf-VikramBisht-MBag_jpg.rf.ec494f1ab0c0417fed47095af181f852_aug_6aug117.jpg,Tomato_leaf_late_blight,Tomato_leaf_late_blight,0.9899751543998718,1,1.2112512588500977,8.017826080322266,0.16918659210205078,9.401152610778809
dataset/test/Tomato_leaf_late_blight/Late-blight-tomato-leaf-VikramBisht-MBag_jpg.rf.ec494f1ab0c0417fed47095af181f852_aug_7aug116.jpg,Tomato_leaf_late_blight,Tomato_leaf_late_blight,0.998099148273468,1,1.156916618347168,8.019697189331055,0.16655635833740234,9.34637451171875
dataset/test/Tomato_leaf_late_blight/Late-blight-tomato-leaf-VikramBisht-MBag_jpg.rf.ec494f1ab0c0417fed47095af181f852_aug_8aug115.jpg,Tomato_leaf_late_blight,Tomato_leaf_late_blight,0.9987061023712158,1,1.121713638305664,8.273940086364746,0.16776084899902344,9.566265106201172
dataset/test/Tomato_leaf_late_blight/Late-blight-tomato-leaf-VikramBisht-MBag_jpg.rf.ec494f1ab0c0417fed47095af181f852aug2.jpg,Tomato_leaf_late_blight,Tomato_leaf_late_blight,0.9864577651023865,1,1.1314363479614258,8.028308868408203,0.19957637786865234,9.362190246582031
dataset/test/Tomato_leaf_late_blight/LateBlight-Tomato-JJ-2009-17nxg4q_aug_36aug79.jpg,Tomato_leaf_late_blight,Tomato_Early_blight_leaf,0.8515708446502686,0,1.0589714050292969,8.04686450958252,0.17333507537841797,9.282171249389648
dataset/test/Tomato_leaf_late_blight/LateBlight-Tomato-JJ-2009-17nxg4q_aug_37aug87.jpg,Tomato_leaf_late_blight,Tomato_Early_blight_leaf,0.9812982082366943,0,1.0683603286743164,8.058753967285156,0.16551971435546875,9.295097351074219
dataset/test/Tomato_leaf_late_blight/LateBlight-Tomato-JJ-2009-17nxg4q_aug_38aug67.jpg,Tomato_leaf_late_blight,Tomato_leaf_late_blight,0.5692938566207886,1,1.0511198043823242,8.034086227416992,0.19440937042236328,9.282225608825684
dataset/test/Tomato_leaf_late_blight/LateBlight-Tomato-JJ-2009-17nxg4q_jpg.rf.93780f99f071013cf0764b40fc6db48c_aug_48aug77.jpg,Tomato_leaf_late_blight,Tomato_leaf_late_blight,0.9982902407646179,1,1.0556564331054688,7.86415958404541,0.1698904037475586,9.09229850769043
dataset/test/Tomato_leaf_late_blight/LateBlight-Tomato-JJ-2009-17nxg4q_jpg.rf.93780f99f071013cf0764b40fc6db48c_aug_49aug65.jpg,Tomato_leaf_late_blight,Tomato_leaf_late_blight,0.9997103810310364,1,1.1807136535644531,7.765305519104004,0.16424083709716797,9.11328125
dataset/test/Tomato_leaf_late_blight/LateBlight-Tomato-JJ-2009-17nxg4q_jpg.rf.93780f99f071013cf0764b40fc6db48c_aug_50aug75.jpg,Tomato_leaf_late_blight,Tomato_leaf_late_blight,0.9999971389770508,1,1.0574350357055664,7.841233253479004,0.1665201187133789,9.068020820617676
dataset/test/Tomato_leaf_late_blight/LateBlight-Tomato-JJ-2009-17nxg4q_jpg.rf.93780f99f071013cf0764b40fc6db48caug16.jpg,Tomato_leaf_late_blight,Tomato_leaf_late_blight,0.9995664954185486,1,1.0806941986083984,7.986420631408691,0.1653156280517578,9.235503196716309
dataset/test/Tomato_leaf_late_blight/LateBlight-Tomato-JJ-2009-17nxg4qaug12.jpg,Tomato_leaf_late_blight,Tomato_Early_blight_leaf,0.7290597558021545,0,1.0594539642333984,7.866213798522949,0.16650104522705078,9.094873428344727
dataset/test/Tomato_leaf_late_blight/Lb11_mirror_verticalaug34.jpg,Tomato_leaf_late_blight,Tomato_leaf_late_blight,0.8051721453666687,1,1.0867128372192383,7.916715621948242,0.16524124145507812,9.171096801757812
dataset/test/Tomato_leaf_late_blight/Lb51_mirror_aug_39aug83.jpg,Tomato_leaf_late_blight,Tomato_leaf_late_blight,0.4582385718822479,1,1.077657699584961,7.927289009094238,0.19872379302978516,9.20607852935791
dataset/test/Tomato_leaf_late_blight/Lb51_mirror_aug_40aug96.jpg,Tomato_leaf_late_blight,Tomato_leaf_late_blight,0.9856033325195312,1,1.0685834884643555,7.888270378112793,0.1659832000732422,9.125187873840332
dataset/test/Tomato_leaf_late_blight/Lb51_mirror_aug_41aug91.jpg,Tomato_leaf_late_blight,Tomato_leaf_late_blight,0.8496313095092773,1,1.081416130065918,7.875602722167969,0.16613101959228516,9.12600326538086
dataset/test/Tomato_leaf_late_blight/Lb51_mirroraug13.jpg,Tomato_leaf_late_blight,Tomato_leaf_late_blight,0.9371101260185242,1,1.0754156112670898,7.918584823608398,0.15270519256591797,9.14885425567627
dataset/test/Tomato_leaf_late_blight/Lb52_change_90_aug_42aug64.jpg,Tomato_leaf_late_blight,Tomato_leaf_late_blight,0.9996178150177002,1,1.0581378936767578,7.736547470092773,0.16568660736083984,8.963094711303711
dataset/test/Tomato_leaf_late_blight/Lb52_change_90_aug_43aug63.jpg,Tomato_leaf_late_blight,Tomato_leaf_late_blight,0.9999985694885254,1,1.0627861022949219,7.912234306335449,0.1649646759033203,9.14294719696045
dataset/test/Tomato_leaf_late_blight/Lb52_change_90_aug_44aug70.jpg,Tomato_leaf_late_blight,Tomato_leaf_late_blight,0.9995284080505371,1,1.0633058547973633,7.711138725280762,0.1619100570678711,8.939094543457031
dataset/test/Tomato_leaf_late_blight/Lb52_change_90aug14.jpg,Tomato_leaf_late_blight,Tomato_leaf_late_blight,0.9999415874481201,1,1.026768684387207,7.666417121887207,0.1615009307861328,8.857260704040527
dataset/test/Tomato_leaf_late_blight/Lb69_aug_45aug76.jpg,Tomato_leaf_late_blight,Tomato_leaf_late_blight,0.9997078776359558,1,1.0672693252563477,7.656323432922363,0.1590566635131836,8.885074615478516
dataset/test/Tomato_leaf_late_blight/Lb69_aug_46aug72.jpg,Tomato_leaf_late_blight,Tomato_leaf_late_blight,0.9986999034881592,1,1.0164709091186523,7.612897872924805,0.14724159240722656,8.779167175292969
dataset/test/Tomato_leaf_late_blight/Lb69_aug_47aug66.jpg,Tomato_leaf_late_blight,Tomato_leaf_late_blight,0.9997715353965759,1,0.9886751174926758,7.458322525024414,0.16246414184570312,8.612092018127441
dataset/test/Tomato_leaf_late_blight/Lb69aug15.jpg,Tomato_leaf_late_blight,Tomato_leaf_late_blight,0.9991461038589478,1,1.0320262908935547,7.696361541748047,0.1609640121459961,8.892186164855957
dataset/test/Tomato_leaf_late_blight/Lb8_mirror_vertical_aug_10aug118.jpg,Tomato_leaf_late_blight,Tomato_Early_blight_leaf,0.7131367921829224,0,1.031102180480957,7.592470169067383,0.16013050079345703,8.786259651184082
dataset/test/Tomato_leaf_late_blight/Lb8_mirror_vertical_aug_11aug111.jpg,Tomato_leaf_late_blight,Tomato_leaf_late_blight,0.9767351746559143,1,1.0759162902832031,7.605841636657715,0.16120529174804688,8.845648765563965
dataset/test/Tomato_leaf_late_blight/Lb8_mirror_vertical_aug_9aug103.jpg,Tomato_leaf_late_blight,Tomato_leaf_late_blight,0.862849771976471,1,1.023249626159668,7.627898216247559,0.1616678237915039,8.815704345703125
dataset/test/Tomato_leaf_late_blight/Lb8_mirror_verticalaug3.jpg,Tomato_leaf_late_blight,Tomato_leaf_late_blight,0.9891765713691711,1,1.030879020690918,7.641546249389648,0.1616497039794922,8.836851119995117
dataset/test/Tomato_leaf_late_blight/Lb97_aug_21aug84.jpg,Tomato_leaf_late_blight,Tomato_leaf_late_blight,0.9885588884353638,1,1.0520267486572266,7.814362525939941,0.1602783203125,9.029613494873047
dataset/test/Tomato_leaf_late_blight/Lb97_aug_22aug101.jpg,Tomato_leaf_late_blight,Tomato_leaf_late_blight,0.999653697013855,1,1.0746393203735352,7.50321102142334,0.16450119018554688,8.744647026062012
dataset/test/Tomato_leaf_late_blight/Lb97_aug_23aug82.jpg,Tomato_leaf_late_blight,Tomato_leaf_late_blight,0.9998487234115601,1,1.204157829284668,7.829233169555664,0.1638355255126953,9.199854850769043
dataset/test/Tomato_leaf_late_blight/Lb97aug7.jpg,Tomato_leaf_late_blight,Tomato_leaf_late_blight,0.9999600648880005,1,1.069767951965332,8.567276000976562,0.16709327697753906,9.807026863098145
dataset/test/Tomato_leaf_late_blight/Leaf-2Bsymptoms-2BMDA_jpg.rf.39b220104d04636fad4f5aae043826cb_aug_0aug108.jpg,Tomato_leaf_late_blight,Tomato_leaf_late_blight,0.9999669790267944,1,1.1816034317016602,7.943844795227051,0.20565032958984375,9.334004402160645
dataset/test/Tomato_leaf_late_blight/Leaf-2Bsymptoms-2BMDA_jpg.rf.39b220104d04636fad4f5aae043826cb_aug_1aug106.jpg,Tomato_leaf_late_blight,Tomato_leaf_late_blight,0.9996907711029053,1,1.1404352188110352,18.69819450378418,0.24159526824951172,20.08322525024414
dataset/test/Tomato_leaf_late_blight/Leaf-2Bsymptoms-2BMDA_jpg.rf.39b220104d04636fad4f5aae043826cb_aug_2aug119.jpg,Tomato_leaf_late_blight,Tomato_leaf_late_blight,0.9975608587265015,1,1.272918701171875,14.909255027770996,0.16433429718017578,16.350045204162598
dataset/test/Tomato_leaf_late_blight/Leaf-2Bsymptoms-2BMDA_jpg.rf.39b220104d04636fad4f5aae043826cbaug0.jpg,Tomato_leaf_late_blight,Tomato_leaf_late_blight,0.9668179750442505,1,1.1242866516113281,8.02462387084961,0.1649456024169922,9.316636085510254
dataset/test/Tomato_leaf_late_blight/Tomato-20bacterial-20canker-JPG_jpg.rf.8b568c1d5efcfdcef44c606eb076b889_aug_30aug92.jpg,Tomato_leaf_late_blight,Tomato_leaf_late_blight,0.9726468324661255,1,1.1403989791870117,7.944252967834473,0.16511249542236328,9.2527437210083
dataset/test/Tomato_leaf_late_blight/Tomato-20bacterial-20canker-JPG_jpg.rf.8b568c1d5efcfdcef44c606eb076b889_aug_31aug98.jpg,Tomato_leaf_late_blight,Tomato_leaf_late_blight,0.9933444261550903,1,1.285548210144043,8.15512466430664,0.16450119018554688,9.607710838317871
dataset/test/Tomato_leaf_late_blight/Tomato-20bacterial-20canker-JPG_jpg.rf.8b568c1d5efcfdcef44c606eb076b889_aug_32aug90.jpg,Tomato_leaf_late_blight,Tomato_leaf_late_blight,0.929607629776001,1,1.1329536437988281,7.884454727172852,0.1628551483154297,9.183428764343262
dataset/test/Tomato_leaf_late_blight/Tomato-20bacterial-20canker-JPG_jpg.rf.8b568c1d5efcfdcef44c606eb076b889aug10.jpg,Tomato_leaf_late_blight,Tomato_leaf_late_blight,0.9898118376731873,1,1.1013994216918945,7.764046669006348,0.16283512115478516,9.030872344970703
dataset/test/Tomato_leaf_late_blight/TomatoBlight-JPG_jpg.rf.234cbc5809dc7d942e46760a63e10d9f_aug_33aug88.jpg,Tomato_leaf_late_blight,Tomato_leaf_late_blight,0.9975714087486267,1,1.1249351501464844,7.789176940917969,0.19194602966308594,9.108854293823242
dataset/test/Tomato_leaf_late_blight/TomatoBlight-JPG_jpg.rf.234cbc5809dc7d942e46760a63e10d9f_aug_34aug86.jpg,Tomato_leaf_late_blight,Tomato_leaf_late_blight,0.9983634352684021,1,1.0763063430786133,7.800380706787109,0.16931533813476562,9.048965454101562
dataset/test/Tomato_leaf_late_blight/TomatoBlight-JPG_jpg.rf.234cbc5809dc7d942e46760a63e10d9f_aug_35aug93.jpg,Tomato_leaf_late_blight,Tomato_leaf_late_blight,0.9940263032913208,1,1.1047496795654297,7.744916915893555,0.1653900146484375,9.017631530761719
dataset/test/Tomato_leaf_late_blight/TomatoBlight-JPG_jpg.rf.234cbc5809dc7d942e46760a63e10d9faug11.jpg,Tomato_leaf_late_blight,Tomato_leaf_late_blight,0.7668241262435913,1,1.091935157775879,7.890678405761719,0.1620941162109375,9.147891998291016
dataset/test/Tomato_leaf_late_blight/dsc_8140cs_aug_3aug114.jpg,Tomato_leaf_late_blight,Tomato_leaf_late_blight,0.995411217212677,1,1.1493234634399414,7.761343002319336,0.156463623046875,9.069780349731445
dataset/test/Tomato_leaf_late_blight/dsc_8140cs_aug_4aug99.jpg,Tomato_leaf_late_blight,Tomato_leaf_late_blight,0.9993871450424194,1,1.0902681350708008,7.594231605529785,0.1738147735595703,8.861610412597656
dataset/test/Tomato_leaf_late_blight/dsc_8140cs_aug_5aug102.jpg,Tomato_leaf_late_blight,Tomato_leaf_late_blight,0.9928925037384033,1,1.2342338562011719,7.565988540649414,0.17702007293701172,8.980353355407715
dataset/test/Tomato_leaf_late_blight/dsc_8140csaug1.jpg,Tomato_leaf_late_blight,Tomato_leaf_late_blight,0.9734010696411133,1,1.0992679595947266,8.204939842224121,0.16248321533203125,9.469321250915527
dataset/test/Tomato_leaf_late_blight/late_jpg.rf.f64883c6ac50eb4f477851ddc23305e8_aug_69aug47.jpg,Tomato_leaf_late_blight,Tomato_leaf_late_blight,0.8750264048576355,1,1.2055845260620117,7.947400093078613,0.16233444213867188,9.317985534667969
dataset/test/Tomato_leaf_late_blight/late_jpg.rf.f64883c6ac50eb4f477851ddc23305e8_aug_70aug48.jpg,Tomato_leaf_late_blight,Tomato_leaf_late_blight,0.9232921004295349,1,1.0989723205566406,7.764528274536133,0.1624460220336914,9.02907657623291
dataset/test/Tomato_leaf_late_blight/late_jpg.rf.f64883c6ac50eb4f477851ddc23305e8_aug_71aug42.jpg,Tomato_leaf_late_blight,Tomato_leaf_late_blight,0.9754637479782104,1,1.1271944046020508,8.024991989135742,0.16422367095947266,9.319022178649902
dataset/test/Tomato_leaf_late_blight/late_jpg.rf.f64883c6ac50eb4f477851ddc23305e8aug23.jpg,Tomato_leaf_late_blight,Tomato_leaf_late_blight,0.6479116082191467,1,1.1642684936523438,8.604110717773438,0.1653900146484375,9.936305046081543
dataset/test/Tomato_leaf_late_blight/lateblightTom_lesionaug30.jpg,Tomato_leaf_late_blight,Tomato_leaf_late_blight,0.9158169031143188,1,1.0388059616088867,7.872917175292969,0.1633892059326172,9.077873229980469
dataset/test/Tomato_leaf_late_blight/lb_leaf_lesions2x1200_jpg.rf.3a72cc9627c3ba6d79a876e19220824e_aug_81aug56.jpg,Tomato_leaf_late_blight,Tomato_leaf_late_blight,0.9997802376747131,1,1.0878057479858398,7.7586774826049805,0.16283416748046875,9.011945724487305
dataset/test/Tomato_leaf_late_blight/lb_leaf_lesions2x1200_jpg.rf.3a72cc9627c3ba6d79a876e19220824e_aug_82aug62.jpg,Tomato_leaf_late_blight,Tomato_leaf_late_blight,0.999966025352478,1,1.217824935913086,7.675860404968262,0.1652059555053711,9.061448097229004
dataset/test/Tomato_leaf_late_blight/lb_leaf_lesions2x1200_jpg.rf.3a72cc9627c3ba6d79a876e19220824e_aug_83aug57.jpg,Tomato_leaf_late_blight,Tomato_leaf_late_blight,0.9994075298309326,1,1.0679903030395508,7.749676704406738,0.16459369659423828,8.984871864318848
dataset/test/Tomato_leaf_late_blight/lb_leaf_lesions2x1200_jpg.rf.3a72cc9627c3ba6d79a876e19220824eaug27.jpg,Tomato_leaf_late_blight,Tomato_leaf_late_blight,0.9997716546058655,1,1.0670089721679688,7.805900573730469,0.16311264038085938,9.038985252380371
dataset/test/Tomato_leaf_late_blight/p1020076cs_aug_78aug35.jpg,Tomato_leaf_late_blight,Tomato_leaf_late_blight,0.9998098015785217,1,1.0571374893188477,7.774008750915527,0.16246414184570312,8.996465682983398
dataset/test/Tomato_leaf_late_blight/p1020076cs_aug_79aug59.jpg,Tomato_leaf_late_blight,Tomato_leaf_late_blight,0.9999730587005615,1,1.1024169921875,7.7316389083862305,0.1626129150390625,8.999520301818848
dataset/test/Tomato_leaf_late_blight/p1020076cs_aug_80aug55.jpg,Tomato_leaf_late_blight,Tomato_leaf_late_blight,0.9999305009841919,1,1.0313796997070312,7.778620719909668,0.16439056396484375,8.97714900970459
dataset/test/Tomato_leaf_late_blight/p1020076csaug26.jpg,Tomato_leaf_late_blight,Tomato_leaf_late_blight,0.9993675351142883,1,1.0456933975219727,7.820232391357422,0.16518592834472656,9.033483505249023
dataset/test/Tomato_leaf_late_blight/symptoms_of_late_blight_0_jpg.rf.417903f6c86ccb4f4bcd7139e0867018_aug_75aug58.jpg,Tomato_leaf_late_blight,Tomato_leaf_late_blight,0.9999754428863525,1,1.1253423690795898,8.053807258605957,0.18383407592773438,9.365338325500488
dataset/test/Tomato_leaf_late_blight/symptoms_of_late_blight_0_jpg.rf.417903f6c86ccb4f4bcd7139e0867018_aug_76aug54.jpg,Tomato_leaf_late_blight,Tomato_leaf_late_blight,0.9999866485595703,1,1.1131582260131836,7.902602195739746,0.16528034210205078,9.183391571044922
dataset/test/Tomato_leaf_late_blight/symptoms_of_late_blight_0_jpg.rf.417903f6c86ccb4f4bcd7139e0867018_aug_77aug61.jpg,Tomato_leaf_late_blight,Tomato_leaf_late_blight,0.9999982118606567,1,1.2679176330566406,7.921566963195801,0.16707515716552734,9.359875679016113
dataset/test/Tomato_leaf_late_blight/symptoms_of_late_blight_0_jpg.rf.417903f6c86ccb4f4bcd7139e0867018aug25.jpg,Tomato_leaf_late_blight,Tomato_leaf_late_blight,0.9995367527008057,1,1.302659034729004,8.065326690673828,0.20068645477294922,9.571599006652832
dataset/test/Tomato_leaf_late_blight/tomato-late-blight-leaf-61-3x32_aug_12aug112.jpg,Tomato_leaf_late_blight,Tomato_leaf_late_blight,0.9998564720153809,1,1.0947685241699219,8.047921180725098,0.1660757064819336,9.311188697814941
dataset/test/Tomato_leaf_late_blight/tomato-late-blight-leaf-61-3x32_aug_13aug110.jpg,Tomato_leaf_late_blight,Tomato_leaf_late_blight,0.9878365397453308,1,1.070082664489746,8.023141860961914,0.1660013198852539,9.262002944946289
dataset/test/Tomato_leaf_late_blight/tomato-late-blight-leaf-61-3x32_aug_14aug105.jpg,Tomato_leaf_late_blight,Tomato_leaf_late_blight,0.9984682202339172,1,1.0696191787719727,8.075698852539062,0.2059650421142578,9.354170799255371
dataset/test/Tomato_leaf_late_blight/tomato-late-blight-leaf-61-3x32aug4.jpg,Tomato_leaf_late_blight,Tomato_leaf_late_blight,0.9998107552528381,1,1.0769166946411133,8.23475456237793,0.1679830551147461,9.482245445251465
dataset/test/Tomato_leaf_late_blight/tomato.early.blightH_aug_18aug100.jpg,Tomato_leaf_late_blight,Tomato_Septoria_leaf_spot,0.9999771118164062,0,1.1683979034423828,8.057419776916504,0.167816162109375,9.396745681762695
dataset/test/Tomato_leaf_late_blight/tomato.early.blightH_aug_19aug107.jpg,Tomato_leaf_late_blight,Tomato_Septoria_leaf_spot,0.9988594055175781,0,1.2214546203613281,8.07758617401123,0.16592884063720703,9.467691421508789
dataset/test/Tomato_leaf_late_blight/tomato.early.blightH_aug_20aug94.jpg,Tomato_leaf_late_blight,Tomato_Septoria_leaf_spot,0.998088538646698,0,1.1941404342651367,7.942010879516602,0.1621866226196289,9.300614356994629
dataset/test/Tomato_leaf_late_blight/tomato.early.blightHaug6.jpg,Tomato_leaf_late_blight,Tomato_Septoria_leaf_spot,0.9901408553123474,0,1.1476945877075195,7.605064392089844,0.16022396087646484,8.916019439697266
dataset/test/Tomato_leaf_yellow_curl_virus/1342017-162221-44540_jpg.rf.f68314ea4850dade3a214dec71c83715_aug_77aug56.jpg,Tomato_leaf_yellow_curl_virus,Tomato_leaf_yellow_curl_virus,0.9998289346694946,1,1.0969171524047852,7.582988739013672,0.31383609771728516,8.996574401855469
dataset/test/Tomato_leaf_yellow_curl_virus/1342017-162221-44540_jpg.rf.f68314ea4850dade3a214dec71c83715_aug_78aug81.jpg,Tomato_leaf_yellow_curl_virus,Tomato_leaf_yellow_curl_virus,0.9999397993087769,1,1.1012678146362305,7.454024314880371,0.1609811782836914,8.718981742858887
dataset/test/Tomato_leaf_yellow_curl_virus/1342017-162221-44540_jpg.rf.f68314ea4850dade3a214dec71c83715_aug_79aug60.jpg,Tomato_leaf_yellow_curl_virus,Tomato_leaf_yellow_curl_virus,0.9999924898147583,1,1.1074542999267578,7.572768211364746,0.16827869415283203,8.851296424865723
dataset/test/Tomato_leaf_yellow_curl_virus/1342017-162221-44540_jpg.rf.f68314ea4850dade3a214dec71c83715_aug_80aug64.jpg,Tomato_leaf_yellow_curl_virus,Tomato_leaf_yellow_curl_virus,0.9999979734420776,1,1.118250846862793,7.652064323425293,0.1611309051513672,8.933778762817383
dataset/test/Tomato_leaf_yellow_curl_virus/1342017-162221-44540_jpg.rf.f68314ea4850dade3a214dec71c83715_aug_81aug61.jpg,Tomato_leaf_yellow_curl_virus,Tomato_leaf_yellow_curl_virus,0.9999622106552124,1,1.1069536209106445,7.690250396728516,0.16189002990722656,8.961576461791992
dataset/test/Tomato_leaf_yellow_curl_virus/1342017-162221-44540_jpg.rf.f68314ea4850dade3a214dec71c83715_aug_82aug80.jpg,Tomato_leaf_yellow_curl_virus,Tomato_leaf_yellow_curl_virus,0.9999940395355225,1,1.1637134552001953,7.416487693786621,0.16185474395751953,8.744555473327637
dataset/test/Tomato_leaf_yellow_curl_virus/1342017-162221-44540_jpg.rf.f68314ea4850dade3a214dec71c83715_aug_83aug70.jpg,Tomato_leaf_yellow_curl_virus,Tomato_leaf_yellow_curl_virus,0.9999949932098389,1,1.2468442916870117,7.788585662841797,0.16363048553466797,9.201374053955078
dataset/test/Tomato_leaf_yellow_curl_virus/1342017-162221-44540_jpg.rf.f68314ea4850dade3a214dec71c83715aug11.jpg,Tomato_leaf_yellow_curl_virus,Tomato_leaf_yellow_curl_virus,0.9999879598617554,1,1.2227706909179688,7.480210304260254,0.16198253631591797,8.867815017700195
dataset/test/Tomato_leaf_yellow_curl_virus/8226402877_9abf151b5b_b_jpg.rf.a2dff27e03c5ab47916df5d873c1590f_aug_70aug66.jpg,Tomato_leaf_yellow_curl_virus,Tomato_leaf_yellow_curl_virus,0.9999998807907104,1,1.075119972229004,7.662416458129883,0.16368579864501953,8.9036865234375
dataset/test/Tomato_leaf_yellow_curl_virus/8226402877_9abf151b5b_b_jpg.rf.a2dff27e03c5ab47916df5d873c1590f_aug_71aug69.jpg,Tomato_leaf_yellow_curl_virus,Tomato_leaf_yellow_curl_virus,0.9999995231628418,1,1.1176586151123047,7.5854902267456055,0.1632242202758789,8.869110107421875
dataset/test/Tomato_leaf_yellow_curl_virus/8226402877_9abf151b5b_b_jpg.rf.a2dff27e03c5ab47916df5d873c1590f_aug_72aug73.jpg,Tomato_leaf_yellow_curl_virus,Tomato_leaf_yellow_curl_virus,0.9998101592063904,1,1.151768684387207,7.813083648681641,0.16403865814208984,9.131651878356934
dataset/test/Tomato_leaf_yellow_curl_virus/8226402877_9abf151b5b_b_jpg.rf.a2dff27e03c5ab47916df5d873c1590f_aug_73aug54.jpg,Tomato_leaf_yellow_curl_virus,Tomato_leaf_yellow_curl_virus,0.9999725818634033,1,1.0851202011108398,8.064364433288574,0.1639080047607422,9.316078186035156
dataset/test/Tomato_leaf_yellow_curl_virus/8226402877_9abf151b5b_b_jpg.rf.a2dff27e03c5ab47916df5d873c1590f_aug_74aug76.jpg,Tomato_leaf_yellow_curl_virus,Tomato_leaf_yellow_curl_virus,0.9999997615814209,1,1.1079158782958984,7.744213104248047,0.1619091033935547,9.01696491241455
dataset/test/Tomato_leaf_yellow_curl_virus/8226402877_9abf151b5b_b_jpg.rf.a2dff27e03c5ab47916df5d873c1590f_aug_75aug74.jpg,Tomato_leaf_yellow_curl_virus,Tomato_leaf_yellow_curl_virus,0.9999992847442627,1,1.149601936340332,7.771601676940918,0.16038990020751953,9.084427833557129
dataset/test/Tomato_leaf_yellow_curl_virus/8226402877_9abf151b5b_b_jpg.rf.a2dff27e03c5ab47916df5d873c1590f_aug_76aug65.jpg,Tomato_leaf_yellow_curl_virus,Tomato_leaf_yellow_curl_virus,0.9999994039535522,1,1.0887680053710938,7.655620574951172,0.2122974395751953,8.95944595336914
dataset/test/Tomato_leaf_yellow_curl_virus/8226402877_9abf151b5b_b_jpg.rf.a2dff27e03c5ab47916df5d873c1590faug10.jpg,Tomato_leaf_yellow_curl_virus,Tomato_leaf_yellow_curl_virus,0.9999997615814209,1,1.1909542083740234,7.639970779418945,0.16320514678955078,8.996742248535156
dataset/test/Tomato_leaf_yellow_curl_virus/DSC01999-JPG_jpg.rf.700fa6596ab8750ad0f1c47a0defe191_aug_84aug53.jpg,Tomato_leaf_yellow_curl_virus,Tomato_leaf_yellow_curl_virus,0.9999902248382568,1,1.2362680435180664,7.677972793579102,0.16411304473876953,9.081668853759766
dataset/test/Tomato_leaf_yellow_curl_virus/DSC01999-JPG_jpg.rf.700fa6596ab8750ad0f1c47a0defe191_aug_85aug82.jpg,Tomato_leaf_yellow_curl_virus,Tomato_leaf_yellow_curl_virus,0.9999983310699463,1,1.2237138748168945,7.754138946533203,0.16292762756347656,9.143577575683594
dataset/test/Tomato_leaf_yellow_curl_virus/DSC01999-JPG_jpg.rf.700fa6596ab8750ad0f1c47a0defe191_aug_86aug71.jpg,Tomato_leaf_yellow_curl_virus,Tomato_leaf_yellow_curl_virus,0.9999929666519165,1,1.12408447265625,7.765546798706055,0.16518688201904297,9.05729866027832
dataset/test/Tomato_leaf_yellow_curl_virus/DSC01999-JPG_jpg.rf.700fa6596ab8750ad0f1c47a0defe191_aug_87aug78.jpg,Tomato_leaf_yellow_curl_virus,Tomato_leaf_yellow_curl_virus,0.9999924898147583,1,1.135324478149414,7.786008834838867,0.1632223129272461,9.087299346923828
dataset/test/Tomato_leaf_yellow_curl_virus/DSC01999-JPG_jpg.rf.700fa6596ab8750ad0f1c47a0defe191_aug_88aug51.jpg,Tomato_leaf_yellow_curl_virus,Tomato_leaf_yellow_curl_virus,0.9999750852584839,1,1.1250286102294922,7.753824234008789,0.16059303283691406,9.042427062988281
dataset/test/Tomato_leaf_yellow_curl_virus/DSC01999-JPG_jpg.rf.700fa6596ab8750ad0f1c47a0defe191_aug_89aug63.jpg,Tomato_leaf_yellow_curl_virus,Tomato_leaf_yellow_curl_virus,0.9996522665023804,1,1.145620346069336,7.624082565307617,0.16229915618896484,8.934444427490234
dataset/test/Tomato_leaf_yellow_curl_virus/DSC01999-JPG_jpg.rf.700fa6596ab8750ad0f1c47a0defe191_aug_90aug85.jpg,Tomato_leaf_yellow_curl_virus,Tomato_leaf_yellow_curl_virus,0.9999586343765259,1,1.1425647735595703,7.614360809326172,0.15353870391845703,8.912649154663086
dataset/test/Tomato_leaf_yellow_curl_virus/DSC01999-JPG_jpg.rf.700fa6596ab8750ad0f1c47a0defe191aug12.jpg,Tomato_leaf_yellow_curl_virus,Tomato_leaf_yellow_curl_virus,0.9999672174453735,1,1.074472427368164,7.415285110473633,0.1598520278930664,8.652054786682129
dataset/test/Tomato_leaf_yellow_curl_virus/DSC01999.JPG_aug_63aug68.jpg,Tomato_leaf_yellow_curl_virus,Tomato_leaf_yellow_curl_virus,0.9999954700469971,1,1.265676498413086,7.400876998901367,0.16076183319091797,8.830000877380371
dataset/test/Tomato_leaf_yellow_curl_virus/DSC01999.JPG_aug_64aug72.jpg,Tomato_leaf_yellow_curl_virus,Tomato_leaf_yellow_curl_virus,0.9998478889465332,1,1.1556758880615234,7.660508155822754,0.16138935089111328,8.980093002319336
dataset/test/Tomato_leaf_yellow_curl_virus/DSC01999.JPG_aug_65aug75.jpg,Tomato_leaf_yellow_curl_virus,Tomato_leaf_yellow_curl_virus,0.9815980195999146,1,1.1436767578125,7.5387678146362305,0.15922260284423828,8.844853401184082
dataset/test/Tomato_leaf_yellow_curl_virus/DSC01999.JPG_aug_66aug58.jpg,Tomato_leaf_yellow_curl_virus,Tomato_leaf_yellow_curl_virus,0.9999878406524658,1,1.16387939453125,7.554841041564941,0.1607046127319336,8.88205623626709
dataset/test/Tomato_leaf_yellow_curl_virus/DSC01999.JPG_aug_67aug83.jpg,Tomato_leaf_yellow_curl_virus,Tomato_leaf_yellow_curl_virus,0.9992796778678894,1,1.1076946258544922,7.56134033203125,0.1629638671875,8.835000038146973
dataset/test/Tomato_leaf_yellow_curl_virus/DSC01999.JPG_aug_68aug79.jpg,Tomato_leaf_yellow_curl_virus,Tomato_leaf_yellow_curl_virus,0.999491810798645,1,1.1515846252441406,7.545692443847656,0.16361331939697266,8.863574028015137
dataset/test/Tomato_leaf_yellow_curl_virus/DSC01999.JPG_aug_69aug62.jpg,Tomato_leaf_yellow_curl_virus,Tomato_leaf_yellow_curl_virus,0.9999269247055054,1,1.1489534378051758,7.385747909545898,0.16300106048583984,8.70068359375
dataset/test/Tomato_leaf_yellow_curl_virus/DSC01999.JPGaug9.jpg,Tomato_leaf_yellow_curl_virus,Tomato_leaf_yellow_curl_virus,0.9999954700469971,1,1.267232894897461,7.458155632019043,0.16342735290527344,8.892056465148926
dataset/test/Tomato_leaf_yellow_curl_virus/IMG_20251102_155103aug15.jpg,Tomato_leaf_yellow_curl_virus,Tomato_leaf_yellow_curl_virus,0.4711897373199463,1,1.051046371459961,7.935122489929199,0.16594505310058594,9.15457820892334
dataset/test/Tomato_leaf_yellow_curl_virus/IMG_20251102_160455_aug_42aug104.jpg,Tomato_leaf_yellow_curl_virus,Tomato_leaf_yellow_curl_virus,0.9817962050437927,1,1.0989913940429688,7.857881546020508,0.16664981842041016,9.126409530639648
dataset/test/Tomato_leaf_yellow_curl_virus/IMG_20251102_160455_aug_43aug111.jpg,Tomato_leaf_yellow_curl_virus,Tomato_leaf_yellow_curl_virus,0.9734617471694946,1,1.1176576614379883,8.024955749511719,0.16437244415283203,9.309782028198242
dataset/test/Tomato_leaf_yellow_curl_virus/IMG_20251102_160455_aug_44aug112.jpg,Tomato_leaf_yellow_curl_virus,Tomato_Healthy_leaf,0.6253409385681152,0,1.0952682495117188,7.934308052062988,0.16609477996826172,9.198205947875977
dataset/test/Tomato_leaf_yellow_curl_virus/IMG_20251102_160455_aug_45aug108.jpg,Tomato_leaf_yellow_curl_virus,Tomato_Healthy_leaf,0.7013953924179077,0,1.0765094757080078,7.945511817932129,0.17113208770751953,9.195706367492676
dataset/test/Tomato_leaf_yellow_curl_virus/IMG_20251102_160455_aug_46aug110.jpg,Tomato_leaf_yellow_curl_virus,Tomato_leaf_yellow_curl_virus,0.9228290319442749,1,1.2077322006225586,7.934121131896973,0.15740966796875,9.30213451385498
dataset/test/Tomato_leaf_yellow_curl_virus/IMG_20251102_160455_aug_47aug98.jpg,Tomato_leaf_yellow_curl_virus,Tomato_Healthy_leaf,0.6874954104423523,0,1.0657873153686523,7.878732681274414,0.16579818725585938,9.113187789916992
dataset/test/Tomato_leaf_yellow_curl_virus/IMG_20251102_160455_aug_48aug105.jpg,Tomato_leaf_yellow_curl_virus,Tomato_Healthy_leaf,0.5866265892982483,0,1.1920642852783203,7.725120544433594,0.16440868377685547,9.084503173828125
dataset/test/Tomato_leaf_yellow_curl_virus/IMG_20251102_160455aug6.jpg,Tomato_leaf_yellow_curl_virus,Tomato_leaf_yellow_curl_virus,0.8574545979499817,1,1.081120491027832,7.897918701171875,0.1663341522216797,9.148911476135254
dataset/test/Tomato_leaf_yellow_curl_virus/IMG_20251102_160553_aug_35aug49.jpg,Tomato_leaf_yellow_curl_virus,Tomato_leaf_yellow_curl_virus,0.9790290594100952,1,1.2211942672729492,7.885232925415039,0.16518688201904297,9.27441120147705
dataset/test/Tomato_leaf_yellow_curl_virus/IMG_20251102_160553_aug_36aug113.jpg,Tomato_leaf_yellow_curl_virus,Tomato_leaf_yellow_curl_virus,0.9995854496955872,1,1.1764535903930664,7.913122177124023,0.16551876068115234,9.257689476013184
dataset/test/Tomato_leaf_yellow_curl_virus/IMG_20251102_160553_aug_37aug114.jpg,Tomato_leaf_yellow_curl_virus,Tomato_leaf_yellow_curl_virus,0.972255289554596,1,1.130990982055664,7.880084991455078,0.16379642486572266,9.177594184875488
dataset/test/Tomato_leaf_yellow_curl_virus/IMG_20251102_160553_aug_38aug101.jpg,Tomato_leaf_yellow_curl_virus,Tomato_leaf_yellow_curl_virus,0.9981679916381836,1,1.1708059310913086,7.920326232910156,0.16448307037353516,9.258076667785645
dataset/test/Tomato_leaf_yellow_curl_virus/IMG_20251102_160553_aug_39aug118.jpg,Tomato_leaf_yellow_curl_virus,Tomato_leaf_yellow_curl_virus,0.9905992150306702,1,1.1919536590576172,7.89202880859375,0.16935253143310547,9.256152153015137
dataset/test/Tomato_leaf_yellow_curl_virus/IMG_20251102_160553_aug_40aug19.jpg,Tomato_leaf_yellow_curl_virus,Tomato_leaf_yellow_curl_virus,0.9963478446006775,1,1.1374731063842773,7.925270080566406,0.16398334503173828,9.229448318481445
dataset/test/Tomato_leaf_yellow_curl_virus/IMG_20251102_160553_aug_41aug119.jpg,Tomato_leaf_yellow_curl_virus,Tomato_leaf_yellow_curl_virus,0.9737017154693604,1,1.1735849380493164,7.9789018630981445,0.15901947021484375,9.313911437988281
dataset/test/Tomato_leaf_yellow_curl_virus/IMG_20251102_160553aug5.jpg,Tomato_leaf_yellow_curl_virus,Tomato_leaf_yellow_curl_virus,0.9981560111045837,1,1.1677865982055664,7.724601745605469,0.1650390625,9.060593605041504
dataset/test/Tomato_leaf_yellow_curl_virus/TYLCV-tomate-DB-445-171_jpg.rf.9d70326900dd981ab5d49063b0d644f0_aug_21aug41.jpg,Tomato_leaf_yellow_curl_virus,Tomato_leaf_yellow_curl_virus,0.9998292922973633,1,1.2283430099487305,7.739767074584961,0.16363143920898438,9.134502410888672
dataset/test/Tomato_leaf_yellow_curl_virus/TYLCV-tomate-DB-445-171_jpg.rf.9d70326900dd981ab5d49063b0d644f0_aug_22aug30.jpg,Tomato_leaf_yellow_curl_virus,Tomato_leaf_yellow_curl_virus,0.9998546838760376,1,1.1468982696533203,7.8706769943237305,0.16613006591796875,9.186373710632324
dataset/test/Tomato_leaf_yellow_curl_virus/TYLCV-tomate-DB-445-171_jpg.rf.9d70326900dd981ab5d49063b0d644f0_aug_23aug42.jpg,Tomato_leaf_yellow_curl_virus,Tomato_leaf_yellow_curl_virus,0.9988967180252075,1,1.1063060760498047,7.9345293045043945,0.16585254669189453,9.209816932678223
dataset/test/Tomato_leaf_yellow_curl_virus/TYLCV-tomate-DB-445-171_jpg.rf.9d70326900dd981ab5d49063b0d644f0_aug_24aug45.jpg,Tomato_leaf_yellow_curl_virus,Tomato_leaf_yellow_curl_virus,0.9971478581428528,1,1.1112499237060547,7.928215026855469,0.16777992248535156,9.210355758666992
dataset/test/Tomato_leaf_yellow_curl_virus/TYLCV-tomate-DB-445-171_jpg.rf.9d70326900dd981ab5d49063b0d644f0_aug_25aug20.jpg,Tomato_leaf_yellow_curl_virus,Tomato_leaf_yellow_curl_virus,0.9999734163284302,1,1.1274538040161133,7.8950653076171875,0.16461181640625,9.189966201782227
dataset/test/Tomato_leaf_yellow_curl_virus/TYLCV-tomate-DB-445-171_jpg.rf.9d70326900dd981ab5d49063b0d644f0_aug_26aug18.jpg,Tomato_leaf_yellow_curl_virus,Tomato_leaf_yellow_curl_virus,0.999987006187439,1,1.1531753540039062,7.782251358032227,0.1640758514404297,9.102113723754883
dataset/test/Tomato_leaf_yellow_curl_virus/TYLCV-tomate-DB-445-171_jpg.rf.9d70326900dd981ab5d49063b0d644f0_aug_27aug29.jpg,Tomato_leaf_yellow_curl_virus,Tomato_leaf_yellow_curl_virus,0.9956615567207336,1,1.1234731674194336,7.826787948608398,0.16379833221435547,9.116594314575195
dataset/test/Tomato_leaf_yellow_curl_virus/TYLCV-tomate-DB-445-171_jpg.rf.9d70326900dd981ab5d49063b0d644f0aug3.jpg,Tomato_leaf_yellow_curl_virus,Tomato_leaf_yellow_curl_virus,0.9998897314071655,1,1.1131572723388672,7.582247734069824,0.1657428741455078,8.863704681396484
dataset/test/Tomato_leaf_yellow_curl_virus/TYLCV4_jpg.rf.2e4accea501a220be9dc475dd1ca3121_aug_10aug22.jpg,Tomato_leaf_yellow_curl_virus,Tomato_leaf_yellow_curl_virus,1.0,1,1.2195663452148438,7.532619476318359,0.16198348999023438,8.916463851928711
dataset/test/Tomato_leaf_yellow_curl_virus/TYLCV4_jpg.rf.2e4accea501a220be9dc475dd1ca3121_aug_11aug44.jpg,Tomato_leaf_yellow_curl_virus,Tomato_leaf_yellow_curl_virus,0.9999998807907104,1,1.1319351196289062,7.8814191818237305,0.16198348999023438,9.178004264831543
dataset/test/Tomato_leaf_yellow_curl_virus/TYLCV4_jpg.rf.2e4accea501a220be9dc475dd1ca3121_aug_12aug39.jpg,Tomato_leaf_yellow_curl_virus,Tomato_leaf_yellow_curl_virus,0.9999998807907104,1,1.0970258712768555,7.740657806396484,0.16420364379882812,9.004687309265137
dataset/test/Tomato_leaf_yellow_curl_virus/TYLCV4_jpg.rf.2e4accea501a220be9dc475dd1ca3121_aug_13aug35.jpg,Tomato_leaf_yellow_curl_virus,Tomato_leaf_yellow_curl_virus,1.0,1,1.0909528732299805,7.762991905212402,0.1632242202758789,9.019965171813965
dataset/test/Tomato_leaf_yellow_curl_virus/TYLCV4_jpg.rf.2e4accea501a220be9dc475dd1ca3121_aug_7aug40.jpg,Tomato_leaf_yellow_curl_virus,Tomato_leaf_yellow_curl_virus,1.0,1,1.141305923461914,7.690082550048828,0.1964273452758789,9.03076171875
dataset/test/Tomato_leaf_yellow_curl_virus/TYLCV4_jpg.rf.2e4accea501a220be9dc475dd1ca3121_aug_8aug33.jpg,Tomato_leaf_yellow_curl_virus,Tomato_leaf_yellow_curl_virus,0.9999992847442627,1,1.0895280838012695,7.784603118896484,0.16153812408447266,9.038686752319336
dataset/test/Tomato_leaf_yellow_curl_virus/TYLCV4_jpg.rf.2e4accea501a220be9dc475dd1ca3121_aug_9aug48.jpg,Tomato_leaf_yellow_curl_virus,Tomato_leaf_yellow_curl_virus,1.0,1,1.1237688064575195,8.415275573730469,0.16259384155273438,9.70443344116211
dataset/test/Tomato_leaf_yellow_curl_virus/TYLCV4_jpg.rf.2e4accea501a220be9dc475dd1ca3121aug1.jpg,Tomato_leaf_yellow_curl_virus,Tomato_leaf_yellow_curl_virus,0.9999493360519409,1,1.086897850036621,7.84543514251709,0.1539630889892578,9.088650703430176
dataset/test/Tomato_leaf_yellow_curl_virus/art_15017325188173_a24a66_aug_14aug36.jpg,Tomato_leaf_yellow_curl_virus,Tomato_leaf_yellow_curl_virus,0.9999994039535522,1,1.1232690811157227,8.413590431213379,0.30896472930908203,9.848916053771973
dataset/test/Tomato_leaf_yellow_curl_virus/art_15017325188173_a24a66_aug_15aug23.jpg,Tomato_leaf_yellow_curl_virus,Tomato_leaf_yellow_curl_virus,0.9999898672103882,1,1.0644359588623047,7.570638656616211,0.16070556640625,8.798425674438477
dataset/test/Tomato_leaf_yellow_curl_virus/art_15017325188173_a24a66_aug_16aug34.jpg,Tomato_leaf_yellow_curl_virus,Tomato_leaf_yellow_curl_virus,0.9999970197677612,1,1.1067686080932617,8.095789909362793,0.19739055633544922,9.402691841125488
dataset/test/Tomato_leaf_yellow_curl_virus/art_15017325188173_a24a66_aug_17aug43.jpg,Tomato_leaf_yellow_curl_virus,Tomato_leaf_yellow_curl_virus,0.9999099969863892,1,1.3085289001464844,17.34633159637451,0.16448307037353516,18.82284450531006
dataset/test/Tomato_leaf_yellow_curl_virus/art_15017325188173_a24a66_aug_18aug47.jpg,Tomato_leaf_yellow_curl_virus,Tomato_leaf_yellow_curl_virus,0.9999972581863403,1,1.2213068008422852,9.636563301086426,0.19233417510986328,11.053853034973145
dataset/test/Tomato_leaf_yellow_curl_virus/art_15017325188173_a24a66_aug_19aug25.jpg,Tomato_leaf_yellow_curl_virus,Tomato_leaf_yellow_curl_virus,0.9999969005584717,1,1.2607526779174805,9.61567497253418,0.15963077545166016,11.038684844970703
dataset/test/Tomato_leaf_yellow_curl_virus/art_15017325188173_a24a66_aug_20aug46.jpg,Tomato_leaf_yellow_curl_virus,Tomato_leaf_yellow_curl_virus,0.9999982118606567,1,1.121232032775879,7.708250999450684,0.16040802001953125,8.99240779876709
dataset/test/Tomato_leaf_yellow_curl_virus/art_15017325188173_a24a66aug2.jpg,Tomato_leaf_yellow_curl_virus,Tomato_leaf_yellow_curl_virus,0.9999974966049194,1,1.1218042373657227,7.82186222076416,0.22111225128173828,9.167874336242676
dataset/test/Tomato_leaf_yellow_curl_virus/psyllid-yellows_jpg.rf.1d99aab2f43a840be530ce313eb0c0fd_aug_56aug57.jpg,Tomato_leaf_yellow_curl_virus,Tomato_leaf_yellow_curl_virus,0.9843090176582336,1,1.122361183166504,7.553378105163574,0.19744586944580078,8.875907897949219
dataset/test/Tomato_leaf_yellow_curl_virus/psyllid-yellows_jpg.rf.1d99aab2f43a840be530ce313eb0c0fd_aug_57aug84.jpg,Tomato_leaf_yellow_curl_virus,Tomato_leaf_yellow_curl_virus,0.997975766658783,1,1.1015653610229492,7.6849365234375,0.16470623016357422,8.954483032226562
dataset/test/Tomato_leaf_yellow_curl_virus/psyllid-yellows_jpg.rf.1d99aab2f43a840be530ce313eb0c0fd_aug_58aug52.jpg,Tomato_leaf_yellow_curl_virus,Tomato_leaf_yellow_curl_virus,0.997975766658783,1,1.1210289001464844,7.712602615356445,0.1611499786376953,8.996964454650879
dataset/test/Tomato_leaf_yellow_curl_virus/psyllid-yellows_jpg.rf.1d99aab2f43a840be530ce313eb0c0fd_aug_59aug77.jpg,Tomato_leaf_yellow_curl_virus,Tomato_leaf_yellow_curl_virus,0.9995112419128418,1,1.1380653381347656,7.731362342834473,0.16429710388183594,9.036650657653809
dataset/test/Tomato_leaf_yellow_curl_virus/psyllid-yellows_jpg.rf.1d99aab2f43a840be530ce313eb0c0fd_aug_60aug86.jpg,Tomato_leaf_yellow_curl_virus,Tomato_leaf_yellow_curl_virus,0.9998905658721924,1,1.2749567031860352,7.523674964904785,0.2012624740600586,9.00314998626709
dataset/test/Tomato_leaf_yellow_curl_virus/psyllid-yellows_jpg.rf.1d99aab2f43a840be530ce313eb0c0fd_aug_61aug59.jpg,Tomato_leaf_yellow_curl_virus,Tomato_leaf_yellow_curl_virus,0.9999737739562988,1,1.1086759567260742,7.841453552246094,0.1621866226196289,9.114910125732422
dataset/test/Tomato_leaf_yellow_curl_virus/psyllid-yellows_jpg.rf.1d99aab2f43a840be530ce313eb0c0fd_aug_62aug67.jpg,Tomato_leaf_yellow_curl_virus,Tomato_leaf_yellow_curl_virus,0.9972963929176331,1,1.1256942749023438,7.7813615798950195,0.16387081146240234,9.073575973510742
dataset/test/Tomato_leaf_yellow_curl_virus/psyllid-yellows_jpg.rf.1d99aab2f43a840be530ce313eb0c0fdaug8.jpg,Tomato_leaf_yellow_curl_virus,Tomato_leaf_yellow_curl_virus,0.9993149042129517,1,1.1497306823730469,7.7908430099487305,0.16398334503173828,9.107207298278809
dataset/test/Tomato_leaf_yellow_curl_virus/tj5itxzunn3k_jpg.rf.4aeda27b2535578e718fe6279491d0d4_aug_49aug102.jpg,Tomato_leaf_yellow_curl_virus,Tomato_leaf_yellow_curl_virus,0.9999972581863403,1,1.1009349822998047,7.76810359954834,0.1635570526123047,9.035483360290527
dataset/test/Tomato_leaf_yellow_curl_virus/tj5itxzunn3k_jpg.rf.4aeda27b2535578e718fe6279491d0d4_aug_50aug109.jpg,Tomato_leaf_yellow_curl_virus,Tomato_leaf_yellow_curl_virus,0.9999992847442627,1,1.0513792037963867,7.819936752319336,0.165130615234375,9.039224624633789
dataset/test/Tomato_leaf_yellow_curl_virus/tj5itxzunn3k_jpg.rf.4aeda27b2535578e718fe6279491d0d4_aug_51aug99.jpg,Tomato_leaf_yellow_curl_virus,Tomato_leaf_yellow_curl_virus,0.9999920129776001,1,1.2352333068847656,7.824731826782227,0.15946388244628906,9.222150802612305
dataset/test/Tomato_leaf_yellow_curl_virus/tj5itxzunn3k_jpg.rf.4aeda27b2535578e718fe6279491d0d4_aug_52aug103.jpg,Tomato_leaf_yellow_curl_virus,Tomato_leaf_yellow_curl_virus,0.9999990463256836,1,1.0513982772827148,7.640193939208984,0.3190031051635742,9.013167381286621
dataset/test/Tomato_leaf_yellow_curl_virus/tj5itxzunn3k_jpg.rf.4aeda27b2535578e718fe6279491d0d4_aug_53aug100.jpg,Tomato_leaf_yellow_curl_virus,Tomato_leaf_yellow_curl_virus,0.9999998807907104,1,1.0513420104980469,7.8682708740234375,0.16189002990722656,9.084427833557129
dataset/test/Tomato_leaf_yellow_curl_virus/tj5itxzunn3k_jpg.rf.4aeda27b2535578e718fe6279491d0d4_aug_54aug106.jpg,Tomato_leaf_yellow_curl_virus,Tomato_leaf_yellow_curl_virus,0.9999997615814209,1,1.1710662841796875,7.704250335693359,0.1625385284423828,9.040594100952148
dataset/test/Tomato_leaf_yellow_curl_virus/tj5itxzunn3k_jpg.rf.4aeda27b2535578e718fe6279491d0d4_aug_55aug107.jpg,Tomato_leaf_yellow_curl_virus,Tomato_leaf_yellow_curl_virus,0.9999960660934448,1,1.0582866668701172,8.821703910827637,0.1647796630859375,10.047491073608398
dataset/test/Tomato_leaf_yellow_curl_virus/tj5itxzunn3k_jpg.rf.4aeda27b2535578e718fe6279491d0d4aug7.jpg,Tomato_leaf_yellow_curl_virus,Tomato_leaf_yellow_curl_virus,0.9999969005584717,1,1.0976762771606445,7.836732864379883,0.16407489776611328,9.101834297180176
dataset/test/Tomato_leaf_yellow_curl_virus/tomato-yellow-closeup-3_aug_28aug16.jpg,Tomato_leaf_yellow_curl_virus,Tomato_Septoria_leaf_spot,0.6776631474494934,0,1.151900291442871,7.78597354888916,0.16424179077148438,9.105094909667969
dataset/test/Tomato_leaf_yellow_curl_virus/tomato-yellow-closeup-3_aug_29aug27.jpg,Tomato_leaf_yellow_curl_virus,Tomato_leaf_yellow_curl_virus,0.8926575183868408,1,1.1235475540161133,7.823362350463867,0.16561126708984375,9.115447044372559
dataset/test/Tomato_leaf_yellow_curl_virus/tomato-yellow-closeup-3_aug_30aug117.jpg,Tomato_leaf_yellow_curl_virus,Tomato_leaf_yellow_curl_virus,0.7435787916183472,1,1.1641016006469727,7.820676803588867,0.16307449340820312,9.150688171386719
dataset/test/Tomato_leaf_yellow_curl_virus/tomato-yellow-closeup-3_aug_31aug31.jpg,Tomato_leaf_yellow_curl_virus,Tomato_leaf_yellow_curl_virus,0.8415753841400146,1,1.1144733428955078,7.828620910644531,0.16302013397216797,9.10887336730957
dataset/test/Tomato_leaf_yellow_curl_virus/tomato-yellow-closeup-3_aug_32aug115.jpg,Tomato_leaf_yellow_curl_virus,Tomato_Early_blight_leaf,0.5030580759048462,0,1.131361961364746,7.586489677429199,0.1631307601928711,8.884371757507324
dataset/test/Tomato_leaf_yellow_curl_virus/tomato-yellow-closeup-3_aug_33aug116.jpg,Tomato_leaf_yellow_curl_virus,Tomato_leaf_yellow_curl_virus,0.6445509195327759,1,1.1114349365234375,7.754566192626953,0.16427898406982422,9.032891273498535
dataset/test/Tomato_leaf_yellow_curl_virus/tomato-yellow-closeup-3_aug_34aug26.jpg,Tomato_leaf_yellow_curl_virus,Tomato_leaf_yellow_curl_virus,0.7360946536064148,1,1.1637868881225586,7.73569393157959,0.16298389434814453,9.064964294433594
dataset/test/Tomato_leaf_yellow_curl_virus/tomato-yellow-closeup-3aug4.jpg,Tomato_leaf_yellow_curl_virus,Tomato_leaf_yellow_curl_virus,0.8498468399047852,1,1.1105461120605469,7.756823539733887,0.16213035583496094,9.031947135925293
dataset/test/Tomato_leaf_yellow_curl_virus/tomato-yellow-leaf-curl-virus-tomato-1_aug_100aug92.jpg,Tomato_leaf_yellow_curl_virus,Tomato_leaf_yellow_curl_virus,0.9999184608459473,1,1.1221942901611328,7.678102493286133,0.16307544708251953,8.96590805053711
dataset/test/Tomato_leaf_yellow_curl_virus/tomato-yellow-leaf-curl-virus-tomato-1_aug_101aug95.jpg,Tomato_leaf_yellow_curl_virus,Tomato_leaf_yellow_curl_virus,0.9996925592422485,1,1.1109724044799805,7.889678001403809,0.16281604766845703,9.166207313537598
dataset/test/Tomato_leaf_yellow_curl_virus/tomato-yellow-leaf-curl-virus-tomato-1_aug_102aug88.jpg,Tomato_leaf_yellow_curl_virus,Tomato_leaf_yellow_curl_virus,0.9999964237213135,1,1.1743249893188477,7.63726806640625,0.1603717803955078,8.974594116210938
dataset/test/Tomato_leaf_yellow_curl_virus/tomato-yellow-leaf-curl-virus-tomato-1_aug_103aug93.jpg,Tomato_leaf_yellow_curl_virus,Tomato_leaf_yellow_curl_virus,0.9998550415039062,1,1.1178607940673828,7.6448974609375,0.14733505249023438,8.912872314453125
dataset/test/Tomato_leaf_yellow_curl_virus/tomato-yellow-leaf-curl-virus-tomato-1_aug_98aug91.jpg,Tomato_leaf_yellow_curl_virus,Tomato_leaf_yellow_curl_virus,0.9999638795852661,1,1.0808610916137695,7.66184139251709,0.16207408905029297,8.907185554504395
dataset/test/Tomato_leaf_yellow_curl_virus/tomato-yellow-leaf-curl-virus-tomato-1_aug_99aug90.jpg,Tomato_leaf_yellow_curl_virus,Tomato_leaf_yellow_curl_virus,0.9998984336853027,1,1.2060842514038086,7.648212432861328,0.16118717193603516,9.017685890197754
dataset/test/Tomato_leaf_yellow_curl_virus/tomato-yellow-leaf-curl-virus-tomato-1aug14.jpg,Tomato_leaf_yellow_curl_virus,Tomato_leaf_yellow_curl_virus,0.9999436140060425,1,1.1573247909545898,7.581748962402344,0.16194629669189453,8.903685569763184
dataset/test/Tomato_leaf_yellow_curl_virus/tomatoyellowleafcurlcropped_aug_91aug55.jpg,Tomato_leaf_yellow_curl_virus,Tomato_leaf_yellow_curl_virus,0.9999858140945435,1,1.0858983993530273,7.96864128112793,0.1629648208618164,9.220317840576172
dataset/test/Tomato_leaf_yellow_curl_virus/tomatoyellowleafcurlcropped_aug_92aug89.jpg,Tomato_leaf_yellow_curl_virus,Tomato_leaf_yellow_curl_virus,0.9999940395355225,1,1.090195655822754,7.6956024169921875,0.16100215911865234,8.949260711669922
dataset/test/Tomato_leaf_yellow_curl_virus/tomatoyellowleafcurlcropped_aug_93aug97.jpg,Tomato_leaf_yellow_curl_virus,Tomato_leaf_yellow_curl_virus,0.9999996423721313,1,1.0818605422973633,7.585453033447266,0.1619272232055664,8.83220386505127
dataset/test/Tomato_leaf_yellow_curl_virus/tomatoyellowleafcurlcropped_aug_94aug50.jpg,Tomato_leaf_yellow_curl_virus,Tomato_leaf_yellow_curl_virus,0.9999988079071045,1,1.1613245010375977,7.671452522277832,0.1595754623413086,8.995316505432129
dataset/test/Tomato_leaf_yellow_curl_virus/tomatoyellowleafcurlcropped_aug_95aug87.jpg,Tomato_leaf_yellow_curl_virus,Tomato_leaf_yellow_curl_virus,0.9999816417694092,1,1.0948801040649414,7.929363250732422,0.16050148010253906,9.187299728393555
dataset/test/Tomato_leaf_yellow_curl_virus/tomatoyellowleafcurlcropped_aug_96aug96.jpg,Tomato_leaf_yellow_curl_virus,Tomato_leaf_yellow_curl_virus,0.9999991655349731,1,1.1147880554199219,7.828252792358398,0.16568660736083984,9.11144733428955
dataset/test/Tomato_leaf_yellow_curl_virus/tomatoyellowleafcurlcropped_aug_97aug94.jpg,Tomato_leaf_yellow_curl_virus,Tomato_leaf_yellow_curl_virus,0.9999954700469971,1,1.2489728927612305,7.7104902267456055,0.16429710388183594,9.126428604125977
dataset/test/Tomato_leaf_yellow_curl_virus/tomatoyellowleafcurlcroppedaug13.jpg,Tomato_leaf_yellow_curl_virus,Tomato_leaf_yellow_curl_virus,0.9999998807907104,1,1.251694679260254,7.747749328613281,0.1660747528076172,9.168244361877441
dataset/test/Tomato_leaf_yellow_curl_virus/virus1_aug_0aug37.jpg,Tomato_leaf_yellow_curl_virus,Tomato_leaf_yellow_curl_virus,0.9999483823776245,1,1.094712257385254,7.923233985900879,0.1652050018310547,9.185744285583496
dataset/test/Tomato_leaf_yellow_curl_virus/virus1_aug_1aug21.jpg,Tomato_leaf_yellow_curl_virus,Tomato_leaf_yellow_curl_virus,0.9995297193527222,1,1.0924549102783203,7.8769378662109375,0.16874122619628906,9.14083480834961
dataset/test/Tomato_leaf_yellow_curl_virus/virus1_aug_2aug24.jpg,Tomato_leaf_yellow_curl_virus,Tomato_leaf_yellow_curl_virus,0.9999862909317017,1,1.1291389465332031,7.908140182495117,0.16570377349853516,9.205669403076172
dataset/test/Tomato_leaf_yellow_curl_virus/virus1_aug_3aug17.jpg,Tomato_leaf_yellow_curl_virus,Tomato_leaf_yellow_curl_virus,0.9999450445175171,1,1.0958442687988281,7.884418487548828,0.16575908660888672,9.14885425567627
dataset/test/Tomato_leaf_yellow_curl_virus/virus1_aug_4aug28.jpg,Tomato_leaf_yellow_curl_virus,Tomato_leaf_yellow_curl_virus,0.9999021291732788,1,1.0838241577148438,8.081123352050781,0.16601943969726562,9.333395004272461
dataset/test/Tomato_leaf_yellow_curl_virus/virus1_aug_5aug32.jpg,Tomato_leaf_yellow_curl_virus,Tomato_leaf_yellow_curl_virus,0.9999450445175171,1,1.1343421936035156,7.9308624267578125,0.16485214233398438,9.232651710510254
dataset/test/Tomato_leaf_yellow_curl_virus/virus1_aug_6aug38.jpg,Tomato_leaf_yellow_curl_virus,Tomato_leaf_yellow_curl_virus,0.8076951503753662,1,1.0848979949951172,7.919419288635254,0.16689014434814453,9.17381763458252
dataset/test/Tomato_leaf_yellow_curl_virus/virus1aug0.jpg,Tomato_leaf_yellow_curl_virus,Tomato_leaf_yellow_curl_virus,0.9999656677246094,1,1.1027307510375977,8.074197769165039,0.1649646759033203,9.344579696655273
dataset/test/Tomato_mold_leaf/IMG-20240724-WA0020_aug_68aug87.jpg,Tomato_mold_leaf,Tomato_mold_leaf,0.8578714728355408,1,1.1765460968017578,8.129883766174316,0.16464996337890625,9.473709106445312
dataset/test/Tomato_mold_leaf/IMG-20240724-WA0020_aug_69aug97.jpg,Tomato_mold_leaf,Tomato_mold_leaf,0.9527792930603027,1,1.1292133331298828,7.905714988708496,0.16589069366455078,9.203669548034668
dataset/test/Tomato_mold_leaf/IMG-20240724-WA0020_aug_70aug82.jpg,Tomato_mold_leaf,Tomato_mold_leaf,0.9964973330497742,1,1.144805908203125,7.934104919433594,0.1681680679321289,9.249762535095215
dataset/test/Tomato_mold_leaf/IMG-20240724-WA0020_aug_71aug98.jpg,Tomato_mold_leaf,Tomato_mold_leaf,0.8454722166061401,1,1.174880027770996,7.955066680908203,0.17140865325927734,9.303986549377441
dataset/test/Tomato_mold_leaf/IMG-20240724-WA0020aug17.jpg,Tomato_mold_leaf,Tomato_mold_leaf,0.9635252356529236,1,1.2396574020385742,7.919584274291992,0.16489028930664062,9.326967239379883
dataset/test/Tomato_mold_leaf/IMG-20240724-WA0044_aug_10aug44.jpg,Tomato_mold_leaf,Tomato_mold_leaf,0.9494761824607849,1,1.1332321166992188,8.170198440551758,0.166168212890625,9.47252368927002
dataset/test/Tomato_mold_leaf/IMG-20240724-WA0044_aug_11aug49.jpg,Tomato_mold_leaf,Tomato_mold_leaf,0.9944149255752563,1,1.1648426055908203,7.916529655456543,0.15677928924560547,9.240930557250977
dataset/test/Tomato_mold_leaf/IMG-20240724-WA0044_aug_8aug35.jpg,Tomato_mold_leaf,Tomato_mold_leaf,0.9641352295875549,1,1.1150646209716797,7.697231292724609,0.17650222778320312,8.992132186889648
dataset/test/Tomato_mold_leaf/IMG-20240724-WA0044_aug_9aug41.jpg,Tomato_mold_leaf,Tomato_mold_leaf,0.985840916633606,1,1.2372512817382812,7.730935096740723,0.17740821838378906,9.14877986907959
dataset/test/Tomato_mold_leaf/IMG-20240724-WA0044aug2.jpg,Tomato_mold_leaf,Tomato_mold_leaf,0.987658679485321,1,1.1345100402832031,7.86641788482666,0.16092777252197266,9.164780616760254
dataset/test/Tomato_mold_leaf/IMG-20240724-WA0055_aug_28aug27.jpg,Tomato_mold_leaf,Tomato_mold_leaf,0.9280803203582764,1,1.1236591339111328,7.602341651916504,0.1684093475341797,8.897056579589844
dataset/test/Tomato_mold_leaf/IMG-20240724-WA0055_aug_29aug28.jpg,Tomato_mold_leaf,Tomato_mold_leaf,0.8205179572105408,1,1.0931577682495117,7.662082672119141,0.16214942932128906,8.919760704040527
dataset/test/Tomato_mold_leaf/IMG-20240724-WA0055_aug_30aug43.jpg,Tomato_mold_leaf,Tomato_mold_leaf,0.9751765131950378,1,1.0862312316894531,7.596526145935059,0.16066741943359375,8.846352577209473
dataset/test/Tomato_mold_leaf/IMG-20240724-WA0055_aug_31aug50.jpg,Tomato_mold_leaf,Tomato_mold_leaf,0.990858256816864,1,1.0846385955810547,7.5413408279418945,0.15900135040283203,8.78722095489502
dataset/test/Tomato_mold_leaf/IMG-20240724-WA0055aug7.jpg,Tomato_mold_leaf,Tomato_mold_leaf,0.9878926873207092,1,1.1256208419799805,7.580323219299316,0.1557626724243164,8.864389419555664
dataset/test/Tomato_mold_leaf/IMG-20240724-WA0065_aug_80aug69.jpg,Tomato_mold_leaf,Tomato_mold_leaf,1.0,1,1.1555471420288086,7.347912788391113,0.16153812408447266,8.667442321777344
dataset/test/Tomato_mold_leaf/IMG-20240724-WA0065_aug_81aug70.jpg,Tomato_mold_leaf,Tomato_mold_leaf,0.9999973773956299,1,1.2148799896240234,7.39561653137207,0.16344642639160156,8.777240753173828
dataset/test/Tomato_mold_leaf/IMG-20240724-WA0065_aug_82aug66.jpg,Tomato_mold_leaf,Tomato_mold_leaf,0.9999997615814209,1,1.0989913940429688,7.5263776779174805,0.16127967834472656,8.789093971252441
dataset/test/Tomato_mold_leaf/IMG-20240724-WA0065_aug_83aug65.jpg,Tomato_mold_leaf,Tomato_mold_leaf,0.9999953508377075,1,1.0855836868286133,7.603046417236328,0.16100120544433594,8.85229778289795
dataset/test/Tomato_mold_leaf/IMG-20240724-WA0065aug20.jpg,Tomato_mold_leaf,Tomato_mold_leaf,0.9999997615814209,1,1.1410093307495117,7.520581245422363,0.16177940368652344,8.826074600219727
dataset/test/Tomato_mold_leaf/IMG-20240725-WA0031_aug_0aug46.jpg,Tomato_mold_leaf,Tomato_Early_blight_leaf,0.5967543125152588,0,1.0816574096679688,7.572656631469727,0.16255664825439453,8.819666862487793
dataset/test/Tomato_mold_leaf/IMG-20240725-WA0031_aug_1aug47.jpg,Tomato_mold_leaf,Tomato_mold_leaf,0.9791167378425598,1,1.0500450134277344,7.596027374267578,0.16153907775878906,8.809999465942383
dataset/test/Tomato_mold_leaf/IMG-20240725-WA0031_aug_2aug37.jpg,Tomato_mold_leaf,Tomato_Early_blight_leaf,0.5967543125152588,0,1.0509166717529297,7.726954460144043,0.14859485626220703,8.928445816040039
dataset/test/Tomato_mold_leaf/IMG-20240725-WA0031_aug_3aug45.jpg,Tomato_mold_leaf,Tomato_mold_leaf,0.8728223443031311,1,1.0214157104492188,7.460321426391602,0.16353988647460938,8.648295402526855
dataset/test/Tomato_mold_leaf/IMG-20240725-WA0031aug0.jpg,Tomato_mold_leaf,Tomato_Early_blight_leaf,0.6055454611778259,0,1.0926570892333984,7.576082229614258,0.2040557861328125,8.876408576965332
dataset/test/Tomato_mold_leaf/IMG-20240725-WA0039_aug_72aug79.jpg,Tomato_mold_leaf,Tomato_mold_leaf,0.9997584223747253,1,1.0700263977050781,7.704656600952148,0.16292762756347656,8.939982414245605
dataset/test/Tomato_mold_leaf/IMG-20240725-WA0039_aug_73aug95.jpg,Tomato_mold_leaf,Tomato_mold_leaf,0.9999994039535522,1,1.0664901733398438,7.663453102111816,0.1624460220336914,8.89487075805664
dataset/test/Tomato_mold_leaf/IMG-20240725-WA0039_aug_74aug71.jpg,Tomato_mold_leaf,Tomato_mold_leaf,0.999966025352478,1,1.0579338073730469,7.647896766662598,0.16272449493408203,8.871001243591309
dataset/test/Tomato_mold_leaf/IMG-20240725-WA0039_aug_75aug80.jpg,Tomato_mold_leaf,Tomato_mold_leaf,0.9998001456260681,1,1.0711946487426758,7.648490905761719,0.1627798080444336,8.885130882263184
dataset/test/Tomato_mold_leaf/IMG-20240725-WA0039aug18.jpg,Tomato_mold_leaf,Tomato_mold_leaf,0.9986419081687927,1,1.1111021041870117,7.797843933105469,0.16248321533203125,9.073780059814453
dataset/test/Tomato_mold_leaf/IMG-20240727-WA0038_aug_40aug105.jpg,Tomato_mold_leaf,Tomato_mold_leaf,0.9999982118606567,1,1.0808429718017578,7.483859062194824,0.18603897094726562,8.753092765808105
dataset/test/Tomato_mold_leaf/IMG-20240727-WA0038_aug_41aug106.jpg,Tomato_mold_leaf,Tomato_mold_leaf,0.9999899864196777,1,1.0768985748291016,7.58902645111084,0.1617603302001953,8.830241203308105
dataset/test/Tomato_mold_leaf/IMG-20240727-WA0038_aug_42aug116.jpg,Tomato_mold_leaf,Tomato_mold_leaf,0.9999978542327881,1,1.0633058547973633,7.805824279785156,0.16839027404785156,9.040353775024414
dataset/test/Tomato_mold_leaf/IMG-20240727-WA0038_aug_43aug110.jpg,Tomato_mold_leaf,Tomato_mold_leaf,0.9999786615371704,1,1.1915664672851562,8.078253746032715,0.16718769073486328,9.439783096313477
dataset/test/Tomato_mold_leaf/IMG-20240727-WA0038aug10.jpg,Tomato_mold_leaf,Tomato_mold_leaf,0.9999961853027344,1,1.0992498397827148,8.028217315673828,0.1692800521850586,9.299428939819336
dataset/test/Tomato_mold_leaf/IMG-20240727-WA0040_aug_56aug92.jpg,Tomato_mold_leaf,Tomato_mold_leaf,0.9999938011169434,1,1.1080093383789062,8.063753128051758,0.1685943603515625,9.343097686767578
dataset/test/Tomato_mold_leaf/IMG-20240727-WA0040_aug_57aug83.jpg,Tomato_mold_leaf,Tomato_mold_leaf,0.9999306201934814,1,1.1501579284667969,8.121088027954102,0.17468547821044922,9.448745727539062
dataset/test/Tomato_mold_leaf/IMG-20240727-WA0040_aug_58aug77.jpg,Tomato_mold_leaf,Tomato_mold_leaf,0.9999406337738037,1,1.111398696899414,8.004622459411621,0.16361141204833984,9.282374382019043
dataset/test/Tomato_mold_leaf/IMG-20240727-WA0040_aug_59aug94.jpg,Tomato_mold_leaf,Tomato_mold_leaf,0.9999954700469971,1,1.109231948852539,7.861232757568359,0.16888999938964844,9.142078399658203
dataset/test/Tomato_mold_leaf/IMG-20240727-WA0040aug14.jpg,Tomato_mold_leaf,Tomato_mold_leaf,0.9999955892562866,1,1.2337331771850586,7.814417839050293,0.1679830551147461,9.219171524047852
dataset/test/Tomato_mold_leaf/IMG-20240727-WA0124_aug_20aug54.jpg,Tomato_mold_leaf,Tomato_mold_leaf,0.9999446868896484,1,1.2169551849365234,7.937640190124512,0.16939067840576172,9.32681941986084
dataset/test/Tomato_mold_leaf/IMG-20240727-WA0124_aug_21aug38.jpg,Tomato_mold_leaf,Tomato_mold_leaf,0.9999077320098877,1,1.135695457458496,8.002049446105957,0.16757488250732422,9.308245658874512
dataset/test/Tomato_mold_leaf/IMG-20240727-WA0124_aug_22aug31.jpg,Tomato_mold_leaf,Tomato_mold_leaf,0.9999103546142578,1,1.1621770858764648,8.051846504211426,0.16692733764648438,9.383671760559082
dataset/test/Tomato_mold_leaf/IMG-20240727-WA0124_aug_23aug55.jpg,Tomato_mold_leaf,Tomato_mold_leaf,0.9991760849952698,1,1.1318798065185547,7.944918632507324,0.16727924346923828,9.246817588806152
dataset/test/Tomato_mold_leaf/IMG-20240727-WA0124aug5.jpg,Tomato_mold_leaf,Tomato_mold_leaf,0.9999873638153076,1,1.0939912796020508,7.9378252029418945,0.1655750274658203,9.199928283691406
dataset/test/Tomato_mold_leaf/IMG-20240727-WA0153_aug_92aug58.jpg,Tomato_mold_leaf,Tomato_mold_leaf,1.0,1,1.1312875747680664,7.87139892578125,0.1646862030029297,9.170077323913574
dataset/test/Tomato_mold_leaf/IMG-20240727-WA0153_aug_93aug60.jpg,Tomato_mold_leaf,Tomato_mold_leaf,0.9999995231628418,1,1.0751018524169922,7.942195892333984,0.1657247543334961,9.185483932495117
dataset/test/Tomato_mold_leaf/IMG-20240727-WA0153aug23.jpg,Tomato_mold_leaf,Tomato_mold_leaf,0.9999762773513794,1,1.0816946029663086,7.914157867431641,0.16353702545166016,9.161781311035156
dataset/test/Tomato_mold_leaf/IMG-20240727-WA0165aug25.jpg,Tomato_mold_leaf,Tomato_mold_leaf,0.9999898672103882,1,1.0803232192993164,7.882417678833008,0.15192699432373047,9.116631507873535
dataset/test/Tomato_mold_leaf/IMG-20240728-WA0028_aug_64aug91.jpg,Tomato_mold_leaf,Tomato_mold_leaf,0.9999974966049194,1,1.086472511291504,7.686433792114258,0.16622352600097656,8.941685676574707
dataset/test/Tomato_mold_leaf/IMG-20240728-WA0028_aug_65aug86.jpg,Tomato_mold_leaf,Tomato_mold_leaf,0.9999972581863403,1,1.096379280090332,7.931084632873535,0.1662616729736328,9.196484565734863
dataset/test/Tomato_mold_leaf/IMG-20240728-WA0028_aug_66aug78.jpg,Tomato_mold_leaf,Tomato_mold_leaf,0.9999955892562866,1,1.0802488327026367,8.550275802612305,0.1649465560913086,9.798044204711914
dataset/test/Tomato_mold_leaf/IMG-20240728-WA0028_aug_67aug99.jpg,Tomato_mold_leaf,Tomato_mold_leaf,0.9999988079071045,1,1.1166934967041016,7.9263811111450195,0.16589069366455078,9.211689949035645
dataset/test/Tomato_mold_leaf/IMG-20240728-WA0028aug16.jpg,Tomato_mold_leaf,Tomato_mold_leaf,0.9999922513961792,1,1.0696210861206055,7.924086570739746,0.16551971435546875,9.161782264709473
dataset/test/Tomato_mold_leaf/IMG-20240728-WA0068_aug_12aug29.jpg,Tomato_mold_leaf,Tomato_mold_leaf,0.9999947547912598,1,1.128565788269043,8.82377815246582,0.1672048568725586,10.12271499633789
dataset/test/Tomato_mold_leaf/IMG-20240728-WA0068_aug_13aug30.jpg,Tomato_mold_leaf,Tomato_mold_leaf,0.9999986886978149,1,1.1225652694702148,8.684388160705566,0.1731863021850586,9.983251571655273
dataset/test/Tomato_mold_leaf/IMG-20240728-WA0068_aug_14aug56.jpg,Tomato_mold_leaf,Tomato_mold_leaf,0.9999943971633911,1,1.1298799514770508,16.999735832214355,0.19977951049804688,18.332006454467773
dataset/test/Tomato_mold_leaf/IMG-20240728-WA0068_aug_15aug42.jpg,Tomato_mold_leaf,Tomato_mold_leaf,0.9999933242797852,1,1.3041582107543945,16.648399353027344,0.1700572967529297,18.12567138671875
dataset/test/Tomato_mold_leaf/IMG-20240728-WA0068aug3.jpg,Tomato_mold_leaf,Tomato_mold_leaf,0.9999994039535522,1,1.2389917373657227,8.461867332458496,0.16896438598632812,9.872841835021973
dataset/test/Tomato_mold_leaf/IMG-20240728-WA0074_aug_44aug102.jpg,Tomato_mold_leaf,Tomato_mold_leaf,0.9992608428001404,1,1.1482677459716797,8.169883728027344,0.17090892791748047,9.492579460144043
dataset/test/Tomato_mold_leaf/IMG-20240728-WA0074_aug_45aug75.jpg,Tomato_mold_leaf,Tomato_mold_leaf,0.9993109703063965,1,1.146824836730957,8.774944305419922,0.17002010345458984,10.094269752502441
dataset/test/Tomato_mold_leaf/IMG-20240728-WA0074_aug_46aug89.jpg,Tomato_mold_leaf,Tomato_mold_leaf,0.998715877532959,1,1.140233039855957,8.284995079040527,0.1692790985107422,9.597636222839355
dataset/test/Tomato_mold_leaf/IMG-20240728-WA0074_aug_47aug111.jpg,Tomato_mold_leaf,Tomato_mold_leaf,0.9995273351669312,1,1.1437129974365234,8.167623519897461,0.1690196990966797,9.482856750488281
dataset/test/Tomato_mold_leaf/IMG-20240728-WA0074aug11.jpg,Tomato_mold_leaf,Tomato_mold_leaf,0.9973850846290588,1,1.1311759948730469,7.692378997802734,0.16118526458740234,8.987593650817871
dataset/test/Tomato_mold_leaf/IMG-20240728-WA0075aug24.jpg,Tomato_mold_leaf,Tomato_mold_leaf,0.999853253364563,1,1.0654716491699219,7.663102149963379,0.16403961181640625,8.895074844360352
dataset/test/Tomato_mold_leaf/IMG-20240728-WA0087_aug_32aug113.jpg,Tomato_mold_leaf,Tomato_mold_leaf,0.9992352724075317,1,1.0973787307739258,7.632491111755371,0.16220569610595703,8.894574165344238
dataset/test/Tomato_mold_leaf/IMG-20240728-WA0087_aug_33aug112.jpg,Tomato_mold_leaf,Tomato_mold_leaf,0.999433696269989,1,1.1008796691894531,7.587156295776367,0.16207408905029297,8.85287094116211
dataset/test/Tomato_mold_leaf/IMG-20240728-WA0087_aug_34aug104.jpg,Tomato_mold_leaf,Tomato_mold_leaf,0.9995042085647583,1,1.214472770690918,7.4268388748168945,0.1603527069091797,8.804295539855957
dataset/test/Tomato_mold_leaf/IMG-20240728-WA0087_aug_35aug100.jpg,Tomato_mold_leaf,Tomato_mold_leaf,0.9999940395355225,1,1.1140661239624023,7.6604719161987305,0.16346454620361328,8.940926551818848
dataset/test/Tomato_mold_leaf/IMG-20240728-WA0087aug8.jpg,Tomato_mold_leaf,Tomato_mold_leaf,0.9995939135551453,1,1.0818595886230469,7.655119895935059,0.1625385284423828,8.902464866638184
dataset/test/Tomato_mold_leaf/IMG-20240728-WA0093_aug_76aug90.jpg,Tomato_mold_leaf,Tomato_mold_leaf,0.9999892711639404,1,1.0391006469726562,7.924529075622559,0.15999984741210938,9.126168251037598
dataset/test/Tomato_mold_leaf/IMG-20240728-WA0093_aug_77aug68.jpg,Tomato_mold_leaf,Tomato_mold_leaf,0.9999998807907104,1,1.0429906845092773,7.619231224060059,0.1610574722290039,8.826313972473145
dataset/test/Tomato_mold_leaf/IMG-20240728-WA0093_aug_78aug93.jpg,Tomato_mold_leaf,Tomato_mold_leaf,0.9999998807907104,1,1.076359748840332,7.726344108581543,0.16737079620361328,8.973370552062988
dataset/test/Tomato_mold_leaf/IMG-20240728-WA0093_aug_79aug64.jpg,Tomato_mold_leaf,Tomato_mold_leaf,0.9999998807907104,1,1.049565315246582,7.7570085525512695,0.15131759643554688,8.960076332092285
dataset/test/Tomato_mold_leaf/IMG-20240728-WA0093aug19.jpg,Tomato_mold_leaf,Tomato_mold_leaf,0.9999998807907104,1,0.9984340667724609,7.802602767944336,0.16916847229003906,8.973167419433594
dataset/test/Tomato_mold_leaf/IMG-20240728-WA0101_aug_84aug73.jpg,Tomato_mold_leaf,Tomato_mold_leaf,0.9999983310699463,1,1.2705106735229492,8.866963386535645,0.1692047119140625,10.309346199035645
dataset/test/Tomato_mold_leaf/IMG-20240728-WA0101_aug_85aug72.jpg,Tomato_mold_leaf,Tomato_mold_leaf,0.9999986886978149,1,1.2551021575927734,7.915326118469238,0.16820430755615234,9.341097831726074
dataset/test/Tomato_mold_leaf/IMG-20240728-WA0101_aug_86aug67.jpg,Tomato_mold_leaf,Tomato_mold_leaf,0.9999966621398926,1,1.1349916458129883,8.063215255737305,0.16729736328125,9.367745399475098
dataset/test/Tomato_mold_leaf/IMG-20240728-WA0101_aug_87aug74.jpg,Tomato_mold_leaf,Tomato_mold_leaf,0.9999998807907104,1,1.1723623275756836,8.051605224609375,0.1671314239501953,9.39365291595459
dataset/test/Tomato_mold_leaf/IMG-20240728-WA0101aug21.jpg,Tomato_mold_leaf,Tomato_mold_leaf,0.9999997615814209,1,1.139063835144043,8.077216148376465,0.1689453125,9.387968063354492
dataset/test/Tomato_mold_leaf/IMG-20240728-WA0103_aug_48aug107.jpg,Tomato_mold_leaf,Tomato_mold_leaf,0.9997126460075378,1,1.1377506256103516,8.052659034729004,0.171630859375,9.364764213562012
dataset/test/Tomato_mold_leaf/IMG-20240728-WA0103_aug_49aug76.jpg,Tomato_mold_leaf,Tomato_mold_leaf,0.9999990463256836,1,1.182509422302246,8.030549049377441,0.16820526123046875,9.38422679901123
dataset/test/Tomato_mold_leaf/IMG-20240728-WA0103_aug_50aug114.jpg,Tomato_mold_leaf,Tomato_mold_leaf,0.9999985694885254,1,1.1373615264892578,8.048697471618652,0.1725015640258789,9.360929489135742
dataset/test/Tomato_mold_leaf/IMG-20240728-WA0103_aug_51aug84.jpg,Tomato_mold_leaf,Tomato_mold_leaf,0.9999982118606567,1,1.1497316360473633,8.031881332397461,0.16516780853271484,9.349320411682129
dataset/test/Tomato_mold_leaf/IMG-20240728-WA0103aug12.jpg,Tomato_mold_leaf,Tomato_mold_leaf,0.9999988079071045,1,1.1834545135498047,8.09206771850586,0.16751956939697266,9.445246696472168
dataset/test/Tomato_mold_leaf/IMG-20240812-WA0183_aug_88aug59.jpg,Tomato_mold_leaf,Tomato_Septoria_leaf_spot,0.3820083439350128,0,1.11004638671875,8.05967903137207,0.16259384155273438,9.334875106811523
dataset/test/Tomato_mold_leaf/IMG-20240812-WA0183_aug_89aug61.jpg,Tomato_mold_leaf,Tomato_Early_blight_leaf,0.3533931076526642,0,1.099898338317871,7.696602821350098,0.16579818725585938,8.964722633361816
dataset/test/Tomato_mold_leaf/IMG-20240812-WA0183_aug_90aug63.jpg,Tomato_mold_leaf,Tomato_leaf_late_blight,0.6942344307899475,0,1.2310295104980469,7.766213417053223,0.1675739288330078,9.167317390441895
dataset/test/Tomato_mold_leaf/IMG-20240812-WA0183_aug_91aug62.jpg,Tomato_mold_leaf,Tomato_Septoria_leaf_spot,0.3697504699230194,0,1.0963983535766602,8.17892074584961,0.1653900146484375,9.44346809387207
dataset/test/Tomato_mold_leaf/IMG-20240812-WA0183aug22.jpg,Tomato_mold_leaf,Tomato_Early_blight_leaf,0.4872542917728424,0,1.1532325744628906,7.850159645080566,0.16516780853271484,9.171279907226562
dataset/test/Tomato_mold_leaf/IMG_20251102_155435_aug_24aug39.jpg,Tomato_mold_leaf,Tomato_Early_blight_leaf,0.9865387678146362,0,1.1166934967041016,7.968807220458984,0.16459369659423828,9.252873420715332
dataset/test/Tomato_mold_leaf/IMG_20251102_155435_aug_25aug51.jpg,Tomato_mold_leaf,Tomato_Early_blight_leaf,0.9954209923744202,0,1.1106948852539062,7.934659004211426,0.16198253631591797,9.210261344909668
dataset/test/Tomato_mold_leaf/IMG_20251102_155435_aug_26aug26.jpg,Tomato_mold_leaf,Tomato_Early_blight_leaf,0.9391089081764221,0,1.093306541442871,8.045512199401855,0.15603923797607422,9.297449111938477
dataset/test/Tomato_mold_leaf/IMG_20251102_155435_aug_27aug52.jpg,Tomato_mold_leaf,Tomato_Early_blight_leaf,0.9754599332809448,0,1.1893806457519531,7.930047035217285,0.1668710708618164,9.288707733154297
dataset/test/Tomato_mold_leaf/IMG_20251102_155435aug6.jpg,Tomato_mold_leaf,Tomato_Early_blight_leaf,0.8999914526939392,0,1.1781034469604492,7.731767654418945,0.17446517944335938,9.08796501159668
dataset/test/Tomato_mold_leaf/Leaf+mold+tomato+_25283_2529.JPG_aug_36aug118.jpg,Tomato_mold_leaf,Tomato_Healthy_leaf,0.9197561144828796,0,1.1562128067016602,7.87941837310791,0.1703338623046875,9.20926284790039
dataset/test/Tomato_mold_leaf/Leaf+mold+tomato+_25283_2529.JPG_aug_37aug117.jpg,Tomato_mold_leaf,Tomato_mold_leaf,0.8142195343971252,1,1.1330451965332031,7.995973587036133,0.20227909088134766,9.334096908569336
dataset/test/Tomato_mold_leaf/Leaf+mold+tomato+_25283_2529.JPG_aug_38aug119.jpg,Tomato_mold_leaf,Tomato_Healthy_leaf,0.8660529851913452,0,1.1566390991210938,7.919824600219727,0.16777896881103516,9.246782302856445
dataset/test/Tomato_mold_leaf/Leaf+mold+tomato+_25283_2529.JPG_aug_39aug103.jpg,Tomato_mold_leaf,Tomato_Healthy_leaf,0.8499521613121033,0,1.1569185256958008,7.895419120788574,0.1681499481201172,9.223095893859863
dataset/test/Tomato_mold_leaf/Leaf+mold+tomato+_25283_2529.JPGaug9.jpg,Tomato_mold_leaf,Tomato_Septoria_leaf_spot,0.5835257768630981,0,1.1313610076904297,7.964678764343262,0.16535472869873047,9.263875007629395
dataset/test/Tomato_mold_leaf/Leaf-mold-caused-by-the-fungal-pathogen-Passalore-fulva-in-tomatoes_aug_16aug33.jpg,Tomato_mold_leaf,Tomato_Septoria_leaf_spot,0.9496264457702637,0,1.118509292602539,7.9141035079956055,0.17072391510009766,9.206669807434082
dataset/test/Tomato_mold_leaf/Leaf-mold-caused-by-the-fungal-pathogen-Passalore-fulva-in-tomatoes_aug_17aug57.jpg,Tomato_mold_leaf,Tomato_Septoria_leaf_spot,0.9740095734596252,0,1.090102195739746,7.911954879760742,0.1638355255126953,9.168299674987793
dataset/test/Tomato_mold_leaf/Leaf-mold-caused-by-the-fungal-pathogen-Passalore-fulva-in-tomatoes_aug_18aug32.jpg,Tomato_mold_leaf,Tomato_Septoria_leaf_spot,0.971860945224762,0,1.084620475769043,7.9374189376831055,0.15807533264160156,9.182501792907715
dataset/test/Tomato_mold_leaf/Leaf-mold-caused-by-the-fungal-pathogen-Passalore-fulva-in-tomatoes_aug_19aug53.jpg,Tomato_mold_leaf,Tomato_Septoria_leaf_spot,0.9262229800224304,0,1.1141395568847656,7.998290061950684,0.3170766830444336,9.432300567626953
dataset/test/Tomato_mold_leaf/Leaf-mold-caused-by-the-fungal-pathogen-Passalore-fulva-in-tomatoesaug4.jpg,Tomato_mold_leaf,Tomato_Septoria_leaf_spot,0.8894081711769104,0,1.0351753234863281,7.798768997192383,0.16596317291259766,9.002593994140625
dataset/test/Tomato_mold_leaf/leaf_mold_nightshade2x500_aug_60aug81.jpg,Tomato_mold_leaf,Tomato_mold_leaf,0.8143385648727417,1,1.202824592590332,7.7240095138549805,0.1658344268798828,9.095113754272461
dataset/test/Tomato_mold_leaf/leaf_mold_nightshade2x500_aug_61aug96.jpg,Tomato_mold_leaf,Tomato_mold_leaf,0.9943639039993286,1,1.1185274124145508,7.9032135009765625,0.16481590270996094,9.188983917236328
dataset/test/Tomato_mold_leaf/leaf_mold_nightshade2x500_aug_62aug85.jpg,Tomato_mold_leaf,Tomato_mold_leaf,0.8504845499992371,1,1.0846376419067383,8.131549835205078,0.16341018676757812,9.382115364074707
dataset/test/Tomato_mold_leaf/leaf_mold_nightshade2x500_aug_63aug88.jpg,Tomato_mold_leaf,Tomato_mold_leaf,0.992299497127533,1,1.1583423614501953,8.296995162963867,0.1678333282470703,9.626099586486816
dataset/test/Tomato_mold_leaf/leaf_mold_nightshade2x500aug15.jpg,Tomato_mold_leaf,Tomato_mold_leaf,0.9990260601043701,1,1.159454345703125,7.877047538757324,0.166168212890625,9.205633163452148
dataset/test/Tomato_mold_leaf/leaf_mold_tomato5x1200_jpg.rf.0a5ee47c78e753f9580bfb7744438ebf_aug_52aug101.jpg,Tomato_mold_leaf,Tomato_mold_leaf,0.999966025352478,1,1.1104345321655273,7.976214408874512,0.1656484603881836,9.255208015441895
dataset/test/Tomato_mold_leaf/leaf_mold_tomato5x1200_jpg.rf.0a5ee47c78e753f9580bfb7744438ebf_aug_53aug108.jpg,Tomato_mold_leaf,Tomato_mold_leaf,0.9999517202377319,1,1.1121759414672852,7.884306907653809,0.16531658172607422,9.16431713104248
dataset/test/Tomato_mold_leaf/leaf_mold_tomato5x1200_jpg.rf.0a5ee47c78e753f9580bfb7744438ebf_aug_54aug115.jpg,Tomato_mold_leaf,Tomato_mold_leaf,0.9999966621398926,1,1.143416404724121,7.979510307312012,0.16576099395751953,9.291374206542969
dataset/test/Tomato_mold_leaf/leaf_mold_tomato5x1200_jpg.rf.0a5ee47c78e753f9580bfb7744438ebf_aug_55aug109.jpg,Tomato_mold_leaf,Tomato_mold_leaf,0.999488353729248,1,1.121084213256836,7.897139549255371,0.1567974090576172,9.177483558654785
dataset/test/Tomato_mold_leaf/leaf_mold_tomato5x1200_jpg.rf.0a5ee47c78e753f9580bfb7744438ebfaug13.jpg,Tomato_mold_leaf,Tomato_mold_leaf,0.9999959468841553,1,1.0799713134765625,7.729677200317383,0.16587257385253906,8.978094100952148
dataset/test/Tomato_mold_leaf/tomato_leaf-mold_04_zoom_aug_4aug36.jpg,Tomato_mold_leaf,Tomato_leaf_late_blight,0.996431827545166,0,1.2355098724365234,7.6766204833984375,0.16672420501708984,9.081741333007812
dataset/test/Tomato_mold_leaf/tomato_leaf-mold_04_zoom_aug_5aug48.jpg,Tomato_mold_leaf,Tomato_leaf_late_blight,0.9967173933982849,0,1.1827325820922852,7.850955009460449,0.16648292541503906,9.202984809875488
dataset/test/Tomato_mold_leaf/tomato_leaf-mold_04_zoom_aug_6aug40.jpg,Tomato_mold_leaf,Tomato_leaf_late_blight,0.9539011716842651,0,1.1220283508300781,7.942678451538086,0.16583538055419922,9.233448028564453
dataset/test/Tomato_mold_leaf/tomato_leaf-mold_04_zoom_aug_7aug34.jpg,Tomato_mold_leaf,Tomato_leaf_late_blight,0.9799838662147522,0,1.1280460357666016,7.93916130065918,0.16837215423583984,9.238170623779297
dataset/test/Tomato_mold_leaf/tomato_leaf-mold_04_zoomaug1.jpg,Tomato_mold_leaf,Tomato_leaf_late_blight,0.6261270642280579,0,1.1565093994140625,7.847806930541992,0.16388893127441406,9.170706748962402
