image_path,true_class,predicted_class,confidence,correct,preprocess_ms,inference_ms,postprocess_ms,total_pipeline_ms
dataset/test/Tomato_Early_blight_leaf/100_46341_aug_5aug62.jpg,Tomato_Early_blight_leaf,Tomato_Early_blight_leaf,0.9904102087020874,1,1.2096948623657227,7.564916610717773,0.2569465637207031,9.035374641418457
dataset/test/Tomato_Early_blight_leaf/100_46341_aug_6aug64.jpg,Tomato_Early_blight_leaf,Tomato_Early_blight_leaf,0.8869519829750061,1,1.0917491912841797,8.27629280090332,0.19992637634277344,9.570990562438965
dataset/test/Tomato_Early_blight_leaf/100_46341_aug_7aug57.jpg,Tomato_Early_blight_leaf,Tomato_Early_blight_leaf,0.8869519829750061,1,1.1443796157836914,7.74256706237793,0.17607498168945312,9.065670013427734
dataset/test/Tomato_Early_blight_leaf/100_46341_aug_8aug66.jpg,Tomato_Early_blight_leaf,Tomato_Early_blight_leaf,0.9966025352478027,1,1.157491683959961,9.216524124145508,3.60054874420166,13.977287292480469
dataset/test/Tomato_Early_blight_leaf/100_46341_aug_9aug65.jpg,Tomato_Early_blight_leaf,Tomato_Early_blight_leaf,0.9959138035774231,1,1.1151199340820312,7.713696479797363,0.21179866790771484,9.043614387512207
dataset/test/Tomato_Early_blight_leaf/100_46341aug1.jpg,Tomato_Early_blight_leaf,Tomato_Early_blight_leaf,0.9982625842094421,1,1.5581607818603516,20.99455165863037,0.19000244140625,22.746065139770508
dataset/test/Tomato_Early_blight_leaf/1723454500663_aug_20aug39.jpg,Tomato_Early_blight_leaf,Tomato_Early_blight_leaf,0.9999324083328247,1,1.0857677459716797,13.626784324645996,0.17601966857910156,14.890961647033691
dataset/test/Tomato_Early_blight_leaf/1723454500663_aug_21aug35.jpg,Tomato_Early_blight_leaf,Tomato_Early_blight_leaf,0.9999099969863892,1,1.0725641250610352,7.711528778076172,0.18789005279541016,8.974595069885254
dataset/test/Tomato_Early_blight_leaf/1723454500663_aug_22aug51.jpg,Tomato_Early_blight_leaf,Tomato_Early_blight_leaf,0.9999788999557495,1,1.0606021881103516,7.923956871032715,0.16337299346923828,9.150690078735352
dataset/test/Tomato_Early_blight_leaf/1723454500663_aug_23aug33.jpg,Tomato_Early_blight_leaf,Tomato_Early_blight_leaf,0.9999324083328247,1,1.1046943664550781,8.005512237548828,0.15892791748046875,9.271690368652344
dataset/test/Tomato_Early_blight_leaf/1723454500663_aug_24aug50.jpg,Tomato_Early_blight_leaf,Tomato_Early_blight_leaf,0.9982038736343384,1,1.0621213912963867,7.866124153137207,0.15963172912597656,9.090596199035645
dataset/test/Tomato_Early_blight_leaf/1723454500663aug4.jpg,Tomato_Early_blight_leaf,Tomato_Early_blight_leaf,0.9985615611076355,1,1.0599546432495117,9.3994140625,0.16757583618164062,10.629701614379883
dataset/test/Tomato_Early_blight_leaf/1723454507240aug20.jpg,Tomato_Early_blight_leaf,Tomato_leaf_yellow_curl_virus,0.792968213558197,0,1.0770463943481445,7.767826080322266,0.1562051773071289,9.003724098205566
dataset/test/Tomato_Early_blight_leaf/EB_(981)_aug_65aug107.jpg,Tomato_Early_blight_leaf,Tomato_Early_blight_leaf,0.9999982118606567,1,1.0866003036499023,7.556232452392578,0.1597614288330078,8.80492877960205
dataset/test/Tomato_Early_blight_leaf/EB_(981)_aug_66aug102.jpg,Tomato_Early_blight_leaf,Tomato_Early_blight_leaf,1.0,1,1.2046585083007812,7.553064346313477,0.15850067138671875,8.918965339660645
dataset/test/Tomato_Early_blight_leaf/EB_(981)_aug_67aug101.jpg,Tomato_Early_blight_leaf,Tomato_Early_blight_leaf,0.9997177720069885,1,1.1182870864868164,7.622250556945801,0.16051959991455078,8.9038724899292
dataset/test/Tomato_Early_blight_leaf/EB_(981)_aug_68aug95.jpg,Tomato_Early_blight_leaf,Tomato_Early_blight_leaf,0.999947190284729,1,1.0903244018554688,8.119383811950684,0.1598339080810547,9.372283935546875
dataset/test/Tomato_Early_blight_leaf/EB_(981)_aug_69aug97.jpg,Tomato_Early_blight_leaf,Tomato_Early_blight_leaf,0.9993044137954712,1,1.071028709411621,7.652880668640137,0.1591320037841797,8.885409355163574
dataset/test/Tomato_Early_blight_leaf/EB_(981)aug13.jpg,Tomato_Early_blight_leaf,Tomato_Early_blight_leaf,0.9999059438705444,1,1.082916259765625,7.697437286376953,0.16314983367919922,8.946224212646484
dataset/test/Tomato_Early_blight_leaf/Early-blight-660x440_aug_0aug61.jpg,Tomato_Early_blight_leaf,Tomato_Early_blight_leaf,0.9890289306640625,1,1.1642141342163086,9.10024356842041,0.15974140167236328,10.426848411560059
dataset/test/Tomato_Early_blight_leaf/Early-blight-660x440_aug_1aug59.jpg,Tomato_Early_blight_leaf,Tomato_Early_blight_leaf,0.99824059009552,1,1.0735464096069336,7.725196838378906,0.16005706787109375,8.961576461791992
dataset/test/Tomato_Early_blight_leaf/Early-blight-660x440_aug_2aug63.jpg,Tomato_Early_blight_leaf,Tomato_Early_blight_leaf,0.9933360815048218,1,1.3456592559814453,8.863076210021973,0.16109466552734375,10.372644424438477
dataset/test/Tomato_Early_blight_leaf/Early-blight-660x440_aug_3aug60.jpg,Tomato_Early_blight_leaf,Tomato_Early_blight_leaf,0.9841041564941406,1,1.0831022262573242,7.808104515075684,0.16033363342285156,9.054429054260254
dataset/test/Tomato_Early_blight_leaf/Early-blight-660x440_aug_4aug58.jpg,Tomato_Early_blight_leaf,Tomato_Early_blight_leaf,0.9832621812820435,1,1.0648975372314453,7.607787132263184,0.1444835662841797,8.819169998168945
dataset/test/Tomato_Early_blight_leaf/Early-blight-660x440aug0.jpg,Tomato_Early_blight_leaf,Tomato_Early_blight_leaf,0.9861348271369934,1,1.0812311172485352,7.704509735107422,0.15966796875,8.947798728942871
dataset/test/Tomato_Early_blight_leaf/Gls42_change_180_aug_70aug100.jpg,Tomato_Early_blight_leaf,Tomato_Early_blight_leaf,0.9999943971633911,1,1.1620655059814453,7.816567420959473,0.15987110137939453,9.140949249267578
dataset/test/Tomato_Early_blight_leaf/Gls42_change_180_aug_71aug109.jpg,Tomato_Early_blight_leaf,Tomato_Early_blight_leaf,0.9999008178710938,1,1.0497312545776367,10.846017837524414,0.16064929962158203,12.059270858764648
dataset/test/Tomato_Early_blight_leaf/Gls42_change_180_aug_72aug104.jpg,Tomato_Early_blight_leaf,Tomato_Early_blight_leaf,0.9999876022338867,1,1.1708812713623047,7.546602249145508,0.1649465560913086,8.885132789611816
dataset/test/Tomato_Early_blight_leaf/Gls42_change_180_aug_73aug94.jpg,Tomato_Early_blight_leaf,Tomato_Early_blight_leaf,0.9998811483383179,1,1.042342185974121,7.689121246337891,0.1682415008544922,8.90231704711914
dataset/test/Tomato_Early_blight_leaf/Gls42_change_180_aug_74aug108.jpg,Tomato_Early_blight_leaf,Tomato_Early_blight_leaf,0.9998818635940552,1,1.082676887512207,7.677824974060059,0.15883541107177734,8.921687126159668
dataset/test/Tomato_Early_blight_leaf/Gls42_change_180aug14.jpg,Tomato_Early_blight_leaf,Tomato_Early_blight_leaf,0.9999814033508301,1,1.090601921081543,7.674585342407227,0.1596508026123047,8.927742958068848
dataset/test/Tomato_Early_blight_leaf/Gls4_mirror_aug_60aug93.jpg,Tomato_Early_blight_leaf,Tomato_Early_blight_leaf,0.9999957084655762,1,1.025620460510254,7.685361862182617,0.1597423553466797,8.873520851135254
dataset/test/Tomato_Early_blight_leaf/Gls4_mirror_aug_61aug98.jpg,Tomato_Early_blight_leaf,Tomato_Early_blight_leaf,0.9999923706054688,1,1.0264720916748047,7.51889705657959,0.1611490249633789,8.709259986877441
dataset/test/Tomato_Early_blight_leaf/Gls4_mirror_aug_62aug91.jpg,Tomato_Early_blight_leaf,Tomato_Early_blight_leaf,0.9999876022338867,1,1.0160646438598633,7.602008819580078,0.1638355255126953,8.78455638885498
dataset/test/Tomato_Early_blight_leaf/Gls4_mirror_aug_63aug110.jpg,Tomato_Early_blight_leaf,Tomato_Early_blight_leaf,0.9999994039535522,1,1.0638790130615234,7.9280500411987305,0.1617422103881836,9.156060218811035
dataset/test/Tomato_Early_blight_leaf/Gls4_mirror_aug_64aug105.jpg,Tomato_Early_blight_leaf,Tomato_Early_blight_leaf,0.999994158744812,1,1.0318050384521484,7.782808303833008,0.15839004516601562,8.97524356842041
dataset/test/Tomato_Early_blight_leaf/Gls4_mirror_vertical_aug_25aug37.jpg,Tomato_Early_blight_leaf,Tomato_Early_blight_leaf,0.9944745898246765,1,1.0332679748535156,7.797455787658691,0.1602792739868164,8.993539810180664
dataset/test/Tomato_Early_blight_leaf/Gls4_mirror_vertical_aug_26aug41.jpg,Tomato_Early_blight_leaf,Tomato_Early_blight_leaf,0.9688490629196167,1,1.024749755859375,7.706621170043945,0.16161251068115234,8.895816802978516
dataset/test/Tomato_Early_blight_leaf/Gls4_mirror_vertical_aug_27aug40.jpg,Tomato_Early_blight_leaf,Tomato_Early_blight_leaf,0.997875452041626,1,1.0606012344360352,7.82293701171875,0.1590576171875,9.04552173614502
dataset/test/Tomato_Early_blight_leaf/Gls4_mirror_vertical_aug_28aug36.jpg,Tomato_Early_blight_leaf,Tomato_Early_blight_leaf,0.9998819828033447,1,1.0278234481811523,7.685473442077637,0.14861297607421875,8.864002227783203
dataset/test/Tomato_Early_blight_leaf/Gls4_mirror_vertical_aug_29aug42.jpg,Tomato_Early_blight_leaf,Tomato_Early_blight_leaf,0.9994348883628845,1,1.0139713287353516,7.569915771484375,0.16003799438476562,8.746795654296875
dataset/test/Tomato_Early_blight_leaf/Gls4_mirror_verticalaug5.jpg,Tomato_Early_blight_leaf,Tomato_Early_blight_leaf,0.8995382785797119,1,1.0718612670898438,7.925104141235352,0.1584453582763672,9.157818794250488
dataset/test/Tomato_Early_blight_leaf/Gls4_mirroraug12.jpg,Tomato_Early_blight_leaf,Tomato_Early_blight_leaf,0.9999997615814209,1,1.0682125091552734,7.76917839050293,0.15890884399414062,8.99935531616211
dataset/test/Tomato_Early_blight_leaf/IMG-20240812-WA0445_aug_40aug23.jpg,Tomato_Early_blight_leaf,Tomato_leaf_yellow_curl_virus,0.8382126688957214,0,1.0910263061523438,7.715140342712402,0.1608724594116211,8.969633102416992
dataset/test/Tomato_Early_blight_leaf/IMG-20240812-WA0445_aug_41aug28.jpg,Tomato_Early_blight_leaf,Tomato_mold_leaf,0.7177582383155823,0,1.1027860641479492,8.125903129577637,0.15953922271728516,9.39146900177002
dataset/test/Tomato_Early_blight_leaf/IMG-20240812-WA0445_aug_42aug21.jpg,Tomato_Early_blight_leaf,Tomato_leaf_yellow_curl_virus,0.6142904162406921,0,1.1166763305664062,7.613713264465332,0.15833473205566406,8.891297340393066
dataset/test/Tomato_Early_blight_leaf/IMG-20240812-WA0445_aug_43aug24.jpg,Tomato_Early_blight_leaf,Tomato_leaf_yellow_curl_virus,0.6352384686470032,0,1.1673059463500977,7.7589006423950195,0.1584463119506836,9.087262153625488
dataset/test/Tomato_Early_blight_leaf/IMG-20240812-WA0445_aug_44aug22.jpg,Tomato_Early_blight_leaf,Tomato_leaf_yellow_curl_virus,0.7817063331604004,0,1.1154537200927734,7.729269027709961,0.15916824340820312,9.006429672241211
dataset/test/Tomato_Early_blight_leaf/IMG-20240812-WA0445aug8.jpg,Tomato_Early_blight_leaf,Tomato_Early_blight_leaf,0.5341809391975403,1,1.1138992309570312,7.503452301025391,0.15850067138671875,8.778909683227539
dataset/test/Tomato_Early_blight_leaf/IMG20240812111749_aug_90aug80.jpg,Tomato_Early_blight_leaf,Tomato_mold_leaf,0.9999057054519653,0,1.2828245162963867,7.4637298583984375,0.16011333465576172,8.909612655639648
dataset/test/Tomato_Early_blight_leaf/IMG20240812111749_aug_91aug77.jpg,Tomato_Early_blight_leaf,Tomato_mold_leaf,0.9825453758239746,0,1.2068252563476562,7.66104793548584,0.15868568420410156,9.029244422912598
dataset/test/Tomato_Early_blight_leaf/IMG20240812111749_aug_92aug73.jpg,Tomato_Early_blight_leaf,Tomato_mold_leaf,0.9980023503303528,0,1.107564926147461,7.653416633605957,0.15713119506835938,8.920576095581055
dataset/test/Tomato_Early_blight_leaf/IMG20240812111749_aug_93aug71.jpg,Tomato_Early_blight_leaf,Tomato_mold_leaf,0.974987268447876,0,1.1134538650512695,7.744159698486328,0.15635395050048828,9.016374588012695
dataset/test/Tomato_Early_blight_leaf/IMG20240812111749_aug_94aug74.jpg,Tomato_Early_blight_leaf,Tomato_mold_leaf,0.988055944442749,0,1.1740846633911133,7.632917404174805,0.15990829467773438,8.9695405960083
dataset/test/Tomato_Early_blight_leaf/IMG20240812111749aug18.jpg,Tomato_Early_blight_leaf,Tomato_mold_leaf,0.9927583932876587,0,1.2100105285644531,7.817049026489258,0.15774250030517578,9.187246322631836
dataset/test/Tomato_Early_blight_leaf/IMG_20251102_155150_aug_30aug34.jpg,Tomato_Early_blight_leaf,Tomato_Early_blight_leaf,1.0,1,1.0673236846923828,7.646601676940918,0.17203712463378906,8.888463973999023
dataset/test/Tomato_Early_blight_leaf/IMG_20251102_155150_aug_31aug43.jpg,Tomato_Early_blight_leaf,Tomato_Early_blight_leaf,1.0,1,1.0374336242675781,7.783123970031738,0.15166854858398438,8.974466323852539
dataset/test/Tomato_Early_blight_leaf/IMG_20251102_155150_aug_32aug44.jpg,Tomato_Early_blight_leaf,Tomato_Early_blight_leaf,1.0,1,1.0446758270263672,7.518601417541504,0.16353797912597656,8.729278564453125
dataset/test/Tomato_Early_blight_leaf/IMG_20251102_155150_aug_33aug38.jpg,Tomato_Early_blight_leaf,Tomato_Early_blight_leaf,1.0,1,1.220602035522461,7.532434463500977,0.16142845153808594,8.916983604431152
dataset/test/Tomato_Early_blight_leaf/IMG_20251102_155150_aug_34aug32.jpg,Tomato_Early_blight_leaf,Tomato_Early_blight_leaf,1.0,1,1.0397300720214844,7.683843612670898,0.1562967300415039,8.881965637207031
dataset/test/Tomato_Early_blight_leaf/IMG_20251102_155150aug6.jpg,Tomato_Early_blight_leaf,Tomato_Early_blight_leaf,1.0,1,1.047342300415039,7.866327285766602,0.17279720306396484,9.089133262634277
dataset/test/Tomato_Early_blight_leaf/IMG_20251102_155153_aug_85aug72.jpg,Tomato_Early_blight_leaf,Tomato_Early_blight_leaf,1.0,1,1.0807867050170898,7.6899919509887695,0.15814971923828125,8.931705474853516
dataset/test/Tomato_Early_blight_leaf/IMG_20251102_155153_aug_86aug78.jpg,Tomato_Early_blight_leaf,Tomato_Early_blight_leaf,1.0,1,1.1412687301635742,7.713620185852051,0.15850067138671875,9.015872955322266
dataset/test/Tomato_Early_blight_leaf/IMG_20251102_155153_aug_87aug76.jpg,Tomato_Early_blight_leaf,Tomato_Early_blight_leaf,1.0,1,1.076991081237793,7.684750556945801,0.15824222564697266,8.92270565032959
dataset/test/Tomato_Early_blight_leaf/IMG_20251102_155153_aug_88aug79.jpg,Tomato_Early_blight_leaf,Tomato_Early_blight_leaf,1.0,1,1.0761384963989258,7.543027877807617,0.16350078582763672,8.785242080688477
dataset/test/Tomato_Early_blight_leaf/IMG_20251102_155153_aug_89aug75.jpg,Tomato_Early_blight_leaf,Tomato_Early_blight_leaf,0.9999998807907104,1,1.1594734191894531,7.477805137634277,0.15848350524902344,8.79835319519043
dataset/test/Tomato_Early_blight_leaf/IMG_20251102_155153aug17.jpg,Tomato_Early_blight_leaf,Tomato_Early_blight_leaf,1.0,1,1.0893611907958984,7.70610237121582,0.15942668914794922,8.957354545593262
dataset/test/Tomato_Early_blight_leaf/IMG_20251102_155207_aug_10aug47.jpg,Tomato_Early_blight_leaf,Tomato_Early_blight_leaf,0.9999927282333374,1,1.0931758880615234,7.826807975769043,0.16164875030517578,9.08430004119873
dataset/test/Tomato_Early_blight_leaf/IMG_20251102_155207_aug_11aug56.jpg,Tomato_Early_blight_leaf,Tomato_Early_blight_leaf,0.9999977350234985,1,1.0910835266113281,7.949178695678711,0.1605386734008789,9.203337669372559
dataset/test/Tomato_Early_blight_leaf/IMG_20251102_155207_aug_12aug45.jpg,Tomato_Early_blight_leaf,Tomato_Early_blight_leaf,0.9999998807907104,1,1.076934814453125,7.8796234130859375,0.1576681137084961,9.116800308227539
dataset/test/Tomato_Early_blight_leaf/IMG_20251102_155207_aug_13aug48.jpg,Tomato_Early_blight_leaf,Tomato_Early_blight_leaf,0.9999982118606567,1,1.0795106887817383,7.673805236816406,0.1620016098022461,8.95446491241455
dataset/test/Tomato_Early_blight_leaf/IMG_20251102_155207_aug_14aug49.jpg,Tomato_Early_blight_leaf,Tomato_Early_blight_leaf,0.9999984502792358,1,1.194657325744629,7.694751739501953,0.1624460220336914,9.054372787475586
dataset/test/Tomato_Early_blight_leaf/IMG_20251102_155207aug2.jpg,Tomato_Early_blight_leaf,Tomato_Early_blight_leaf,0.9999903440475464,1,1.0898990631103516,7.853271484375,0.16064834594726562,9.106595993041992
dataset/test/Tomato_Early_blight_leaf/IMG_20251102_155305_aug_35aug25.jpg,Tomato_Early_blight_leaf,Tomato_Early_blight_leaf,0.9949051141738892,1,1.072545051574707,7.838956832885742,0.1616678237915039,9.075837135314941
dataset/test/Tomato_Early_blight_leaf/IMG_20251102_155305_aug_36aug27.jpg,Tomato_Early_blight_leaf,Tomato_Early_blight_leaf,0.9796859622001648,1,1.1187515258789062,8.74601936340332,0.16153812408447266,10.028919219970703
dataset/test/Tomato_Early_blight_leaf/IMG_20251102_155305_aug_37aug29.jpg,Tomato_Early_blight_leaf,Tomato_leaf_yellow_curl_virus,0.6686631441116333,0,1.0963611602783203,7.898214340209961,0.16168594360351562,9.158576965332031
dataset/test/Tomato_Early_blight_leaf/IMG_20251102_155305_aug_38aug31.jpg,Tomato_Early_blight_leaf,Tomato_Early_blight_leaf,0.9136582612991333,1,1.0746583938598633,7.911123275756836,0.16042709350585938,9.148894309997559
dataset/test/Tomato_Early_blight_leaf/IMG_20251102_155305_aug_39aug26.jpg,Tomato_Early_blight_leaf,Tomato_Early_blight_leaf,0.7740106582641602,1,1.107527732849121,7.866715431213379,0.1601114273071289,9.136689186096191
dataset/test/Tomato_Early_blight_leaf/IMG_20251102_155305aug7.jpg,Tomato_Early_blight_leaf,Tomato_Early_blight_leaf,0.9934476017951965,1,1.077824592590332,7.719954490661621,0.1571502685546875,8.95826244354248
dataset/test/Tomato_Early_blight_leaf/IMG_20251102_155853_aug_55aug106.jpg,Tomato_Early_blight_leaf,Tomato_leaf_late_blight,0.9999366998672485,0,1.0768985748291016,7.758955001831055,0.15155696868896484,8.989667892456055
dataset/test/Tomato_Early_blight_leaf/IMG_20251102_155853_aug_56aug92.jpg,Tomato_Early_blight_leaf,Tomato_leaf_late_blight,1.0,0,1.0295276641845703,7.511490821838379,0.15809345245361328,8.701982498168945
dataset/test/Tomato_Early_blight_leaf/IMG_20251102_155853_aug_57aug96.jpg,Tomato_Early_blight_leaf,Tomato_leaf_late_blight,0.9960036873817444,0,1.2130842208862305,7.489990234375,0.15674209594726562,8.862595558166504
dataset/test/Tomato_Early_blight_leaf/IMG_20251102_155853_aug_58aug103.jpg,Tomato_Early_blight_leaf,Tomato_leaf_late_blight,0.9999974966049194,0,1.0505828857421875,7.77297306060791,0.15700054168701172,8.983169555664062
dataset/test/Tomato_Early_blight_leaf/IMG_20251102_155853_aug_59aug99.jpg,Tomato_Early_blight_leaf,Tomato_leaf_late_blight,0.9999411106109619,0,1.0759544372558594,7.6638994216918945,0.15583515167236328,8.898612976074219
dataset/test/Tomato_Early_blight_leaf/IMG_20251102_155853aug11.jpg,Tomato_Early_blight_leaf,Tomato_leaf_late_blight,0.9999802112579346,0,1.0591745376586914,7.683712959289551,0.16289043426513672,8.908316612243652
dataset/test/Tomato_Early_blight_leaf/IMG_20251102_160046_aug_95aug70.jpg,Tomato_Early_blight_leaf,Tomato_Early_blight_leaf,0.9998995065689087,1,1.095250129699707,7.725584983825684,0.15720462799072266,8.98090934753418
dataset/test/Tomato_Early_blight_leaf/IMG_20251102_160046_aug_96aug69.jpg,Tomato_Early_blight_leaf,Tomato_Early_blight_leaf,0.9994841814041138,1,1.088862419128418,7.719733238220215,0.1588153839111328,8.969632148742676
dataset/test/Tomato_Early_blight_leaf/IMG_20251102_160046_aug_97aug67.jpg,Tomato_Early_blight_leaf,Tomato_Early_blight_leaf,0.9981802701950073,1,1.0839166641235352,7.703695297241211,0.15277862548828125,8.94257640838623
dataset/test/Tomato_Early_blight_leaf/IMG_20251102_160046_aug_98aug68.jpg,Tomato_Early_blight_leaf,Tomato_Early_blight_leaf,0.9981542229652405,1,1.0660829544067383,7.528656959533691,0.15618610382080078,8.75376033782959
dataset/test/Tomato_Early_blight_leaf/IMG_20251102_160046aug19.jpg,Tomato_Early_blight_leaf,Tomato_Early_blight_leaf,0.9875017404556274,1,1.201676368713379,7.491861343383789,0.15998268127441406,8.855927467346191
dataset/test/Tomato_Early_blight_leaf/IMG_20251102_160055_aug_15aug53.jpg,Tomato_Early_blight_leaf,Tomato_Early_blight_leaf,1.0,1,1.1034173965454102,7.718639373779297,0.1578350067138672,8.982224464416504
dataset/test/Tomato_Early_blight_leaf/IMG_20251102_160055_aug_16aug55.jpg,Tomato_Early_blight_leaf,Tomato_Early_blight_leaf,1.0,1,1.0526399612426758,7.648214340209961,0.1794261932373047,8.883502960205078
dataset/test/Tomato_Early_blight_leaf/IMG_20251102_160055_aug_17aug46.jpg,Tomato_Early_blight_leaf,Tomato_Early_blight_leaf,1.0,1,1.0569534301757812,7.728640556335449,0.15926170349121094,8.948075294494629
dataset/test/Tomato_Early_blight_leaf/IMG_20251102_160055_aug_18aug54.jpg,Tomato_Early_blight_leaf,Tomato_Early_blight_leaf,1.0,1,1.032693862915039,7.48300838470459,0.15968799591064453,8.677888870239258
dataset/test/Tomato_Early_blight_leaf/IMG_20251102_160055_aug_19aug52.jpg,Tomato_Early_blight_leaf,Tomato_Early_blight_leaf,1.0,1,1.1613445281982422,7.54750919342041,0.1692790985107422,8.881020545959473
dataset/test/Tomato_Early_blight_leaf/IMG_20251102_160055aug3.jpg,Tomato_Early_blight_leaf,Tomato_Early_blight_leaf,1.0,1,1.059657096862793,7.7434539794921875,0.1568899154663086,8.96267032623291
dataset/test/Tomato_Early_blight_leaf/IMG_20251102_160217_aug_75aug82.jpg,Tomato_Early_blight_leaf,Tomato_Early_blight_leaf,0.9999998807907104,1,1.056879997253418,7.767491340637207,0.15640926361083984,8.983114242553711
dataset/test/Tomato_Early_blight_leaf/IMG_20251102_160217_aug_76aug83.jpg,Tomato_Early_blight_leaf,Tomato_Early_blight_leaf,1.0,1,1.0454902648925781,7.76702880859375,0.16274166107177734,8.97768783569336
dataset/test/Tomato_Early_blight_leaf/IMG_20251102_160217_aug_77aug90.jpg,Tomato_Early_blight_leaf,Tomato_Early_blight_leaf,1.0,1,1.0843238830566406,7.751567840576172,0.15807533264160156,8.996687889099121
dataset/test/Tomato_Early_blight_leaf/IMG_20251102_160217_aug_78aug81.jpg,Tomato_Early_blight_leaf,Tomato_Early_blight_leaf,1.0,1,1.0465269088745117,7.7021026611328125,0.15753746032714844,8.908742904663086
dataset/test/Tomato_Early_blight_leaf/IMG_20251102_160217_aug_79aug86.jpg,Tomato_Early_blight_leaf,Tomato_Early_blight_leaf,1.0,1,1.0530996322631836,7.713509559631348,0.15427780151367188,8.923890113830566
dataset/test/Tomato_Early_blight_leaf/IMG_20251102_160217aug15.jpg,Tomato_Early_blight_leaf,Tomato_Early_blight_leaf,0.9999998807907104,1,1.0423974990844727,7.497008323669434,0.17303943634033203,8.714982032775879
dataset/test/Tomato_Early_blight_leaf/IMG_20251102_160523_aug_50aug114.jpg,Tomato_Early_blight_leaf,Tomato_Early_blight_leaf,0.999998927116394,1,1.1912317276000977,7.556304931640625,0.15979766845703125,8.926465034484863
dataset/test/Tomato_Early_blight_leaf/IMG_20251102_160523_aug_51aug111.jpg,Tomato_Early_blight_leaf,Tomato_Early_blight_leaf,0.9999998807907104,1,1.1261768341064453,7.63224983215332,0.15816783905029297,8.919354438781738
dataset/test/Tomato_Early_blight_leaf/IMG_20251102_160523_aug_52aug112.jpg,Tomato_Early_blight_leaf,Tomato_Early_blight_leaf,0.9998759031295776,1,1.1459732055664062,7.682269096374512,0.15989017486572266,8.990669250488281
dataset/test/Tomato_Early_blight_leaf/IMG_20251102_160523_aug_53aug115.jpg,Tomato_Early_blight_leaf,Tomato_Early_blight_leaf,0.999998927116394,1,1.100860595703125,7.697603225708008,0.1595916748046875,8.960501670837402
dataset/test/Tomato_Early_blight_leaf/IMG_20251102_160523_aug_54aug113.jpg,Tomato_Early_blight_leaf,Tomato_Early_blight_leaf,0.9999147653579712,1,1.0845842361450195,7.642361640930176,0.1595010757446289,8.88957691192627
dataset/test/Tomato_Early_blight_leaf/IMG_20251102_160523aug10.jpg,Tomato_Early_blight_leaf,Tomato_Early_blight_leaf,0.99997878074646,1,1.1292505264282227,7.696122169494629,0.16289043426513672,8.99081802368164
dataset/test/Tomato_Early_blight_leaf/IMG_20251102_161202_aug_45aug118.jpg,Tomato_Early_blight_leaf,Tomato_Early_blight_leaf,0.9991979002952576,1,1.1089534759521484,8.462424278259277,0.15720462799072266,9.731176376342773
dataset/test/Tomato_Early_blight_leaf/IMG_20251102_161202_aug_46aug116.jpg,Tomato_Early_blight_leaf,Tomato_Early_blight_leaf,0.9991979002952576,1,1.097564697265625,7.684361457824707,0.14505672454833984,8.929150581359863
dataset/test/Tomato_Early_blight_leaf/IMG_20251102_161202_aug_47aug117.jpg,Tomato_Early_blight_leaf,Tomato_Early_blight_leaf,0.9999988079071045,1,1.1145648956298828,7.4835100173950195,0.16020488739013672,8.760704040527344
dataset/test/Tomato_Early_blight_leaf/IMG_20251102_161202_aug_48aug30.jpg,Tomato_Early_blight_leaf,Tomato_Early_blight_leaf,0.9999903440475464,1,1.2433443069458008,8.32966423034668,0.16014862060546875,9.735675811767578
dataset/test/Tomato_Early_blight_leaf/IMG_20251102_161202_aug_49aug119.jpg,Tomato_Early_blight_leaf,Tomato_Early_blight_leaf,0.9993661046028137,1,1.1018257141113281,7.937660217285156,0.16144466400146484,9.203986167907715
dataset/test/Tomato_Early_blight_leaf/IMG_20251102_161202aug9.jpg,Tomato_Early_blight_leaf,Tomato_Early_blight_leaf,0.9999890327453613,1,1.1759357452392578,19.589000701904297,0.1664266586303711,20.934049606323242
dataset/test/Tomato_Early_blight_leaf/early_blight_jpg.rf.1091c0a2a9a3da5b9ad688c89298614c_aug_80aug87.jpg,Tomato_Early_blight_leaf,Tomato_Early_blight_leaf,0.9832245111465454,1,1.7011260986328125,13.984952926635742,0.16474151611328125,15.853765487670898
dataset/test/Tomato_Early_blight_leaf/early_blight_jpg.rf.1091c0a2a9a3da5b9ad688c89298614c_aug_81aug84.jpg,Tomato_Early_blight_leaf,Tomato_Early_blight_leaf,0.9707838296890259,1,1.128046989440918,8.225349426269531,0.1608715057373047,9.516730308532715
dataset/test/Tomato_Early_blight_leaf/early_blight_jpg.rf.1091c0a2a9a3da5b9ad688c89298614c_aug_82aug89.jpg,Tomato_Early_blight_leaf,Tomato_Early_blight_leaf,0.9896955490112305,1,1.1093435287475586,8.029400825500488,0.15435218811035156,9.295634269714355
dataset/test/Tomato_Early_blight_leaf/early_blight_jpg.rf.1091c0a2a9a3da5b9ad688c89298614c_aug_83aug85.jpg,Tomato_Early_blight_leaf,Tomato_Early_blight_leaf,0.9985737800598145,1,1.1891212463378906,7.88590145111084,0.16257476806640625,9.240060806274414
dataset/test/Tomato_Early_blight_leaf/early_blight_jpg.rf.1091c0a2a9a3da5b9ad688c89298614c_aug_84aug88.jpg,Tomato_Early_blight_leaf,Tomato_Early_blight_leaf,0.9981492757797241,1,1.233510971069336,7.757251739501953,0.16213226318359375,9.155763626098633
dataset/test/Tomato_Early_blight_leaf/early_blight_jpg.rf.1091c0a2a9a3da5b9ad688c89298614caug16.jpg,Tomato_Early_blight_leaf,Tomato_Early_blight_leaf,0.9994438290596008,1,1.0963430404663086,7.802750587463379,0.16309261322021484,9.064616203308105
dataset/test/Tomato_Healthy_leaf/20140818-tomato-sauce-vicky-wasik-1_jpg.rf.d3d9b4a0642e72ba76b40dbdfff8b9f7_aug_6aug50.jpg,Tomato_Healthy_leaf,Tomato_Healthy_leaf,1.0,1,1.0484895706176758,7.890363693237305,0.1635761260986328,9.105189323425293
dataset/test/Tomato_Healthy_leaf/20140818-tomato-sauce-vicky-wasik-1_jpg.rf.d3d9b4a0642e72ba76b40dbdfff8b9f7_aug_7aug56.jpg,Tomato_Healthy_leaf,Tomato_Healthy_leaf,1.0,1,1.083806037902832,7.735694885253906,0.1943359375,9.016411781311035
dataset/test/Tomato_Healthy_leaf/20140818-tomato-sauce-vicky-wasik-1_jpg.rf.d3d9b4a0642e72ba76b40dbdfff8b9f7aug3.jpg,Tomato_Healthy_leaf,Tomato_Healthy_leaf,0.9999996423721313,1,1.039194107055664,7.78877067565918,0.16050148010253906,8.991334915161133
dataset/test/Tomato_Healthy_leaf/2015-09-17-01_aug_20aug110.jpg,Tomato_Healthy_leaf,Tomato_Healthy_leaf,0.9060274958610535,1,1.067972183227539,7.72945499420166,0.15942764282226562,8.959705352783203
dataset/test/Tomato_Healthy_leaf/2015-09-17-01_aug_21aug114.jpg,Tomato_Healthy_leaf,Tomato_leaf_yellow_curl_virus,0.770646333694458,0,1.037693977355957,7.655047416687012,0.15944576263427734,8.85479736328125
dataset/test/Tomato_Healthy_leaf/2015-09-17-01aug10.jpg,Tomato_Healthy_leaf,Tomato_leaf_yellow_curl_virus,0.6186539530754089,0,1.2686042785644531,7.551935195922852,0.19879817962646484,9.022003173828125
dataset/test/Tomato_Healthy_leaf/Basil_2Binfected_2Bby_2BTomato_2BSpotted_2BWilt_2BVirus_aug_2aug59.jpg,Tomato_Healthy_leaf,Tomato_mold_leaf,0.844498336315155,0,1.0491762161254883,7.790862083435059,0.1608905792236328,9.00346565246582
dataset/test/Tomato_Healthy_leaf/Basil_2Binfected_2Bby_2BTomato_2BSpotted_2BWilt_2BVirus_aug_3aug51.jpg,Tomato_Healthy_leaf,Tomato_mold_leaf,0.7081196308135986,0,1.0436201095581055,7.75345516204834,0.1614837646484375,8.96131706237793
dataset/test/Tomato_Healthy_leaf/Basil_2Binfected_2Bby_2BTomato_2BSpotted_2BWilt_2BVirusaug1.jpg,Tomato_Healthy_leaf,Tomato_mold_leaf,0.6932601928710938,0,1.842238426208496,8.098587036132812,0.20385360717773438,10.147198677062988
dataset/test/Tomato_Healthy_leaf/Fig-2_aug_22aug102.jpg,Tomato_Healthy_leaf,Tomato_leaf_late_blight,0.6684001684188843,0,1.0705089569091797,8.161197662353516,0.17618751525878906,9.41037654876709
dataset/test/Tomato_Healthy_leaf/Fig-2_aug_23aug90.jpg,Tomato_Healthy_leaf,Tomato_leaf_late_blight,0.5708588361740112,0,1.0699348449707031,7.909400939941406,0.15987205505371094,9.141429901123047
dataset/test/Tomato_Healthy_leaf/Fig-2aug11.jpg,Tomato_Healthy_leaf,Tomato_leaf_late_blight,0.44555437564849854,0,1.0691957473754883,7.972381591796875,0.16559505462646484,9.20956039428711
dataset/test/Tomato_Healthy_leaf/HL_(103)aug39.jpg,Tomato_Healthy_leaf,Tomato_Healthy_leaf,1.0,1,1.1055641174316406,7.7718610763549805,0.15728092193603516,9.037281036376953
dataset/test/Tomato_Healthy_leaf/HL_(118)_aug_38aug103.jpg,Tomato_Healthy_leaf,Tomato_Healthy_leaf,0.9999995231628418,1,1.0584344863891602,7.68651008605957,0.14790916442871094,8.894983291625977
dataset/test/Tomato_Healthy_leaf/HL_(118)_aug_39aug104.jpg,Tomato_Healthy_leaf,Tomato_Healthy_leaf,1.0,1,1.1186580657958984,8.003975868225098,0.16335296630859375,9.288578987121582
dataset/test/Tomato_Healthy_leaf/HL_(118)aug19.jpg,Tomato_Healthy_leaf,Tomato_Healthy_leaf,1.0,1,1.1816587448120117,7.449563980102539,0.2006683349609375,8.834649085998535
dataset/test/Tomato_Healthy_leaf/HL_(165)_aug_28aug105.jpg,Tomato_Healthy_leaf,Tomato_Healthy_leaf,0.9999990463256836,1,1.0792875289916992,7.805622100830078,0.15927886962890625,9.046984672546387
dataset/test/Tomato_Healthy_leaf/HL_(165)_aug_29aug91.jpg,Tomato_Healthy_leaf,Tomato_Healthy_leaf,0.9999909400939941,1,1.0708427429199219,7.690676689147949,0.1718158721923828,8.935928344726562
dataset/test/Tomato_Healthy_leaf/HL_(165)aug14.jpg,Tomato_Healthy_leaf,Tomato_Healthy_leaf,0.9999186992645264,1,1.0676755905151367,7.704251289367676,0.15903854370117188,8.933391571044922
dataset/test/Tomato_Healthy_leaf/HL_(61)_aug_50aug83.jpg,Tomato_Healthy_leaf,Tomato_Healthy_leaf,0.6922689080238342,1,1.197103500366211,7.694046974182129,0.1946868896484375,9.088207244873047
dataset/test/Tomato_Healthy_leaf/HL_(61)_aug_51aug76.jpg,Tomato_Healthy_leaf,Tomato_Healthy_leaf,0.5235529541969299,1,1.048842430114746,7.707398414611816,0.15916824340820312,8.918076515197754
dataset/test/Tomato_Healthy_leaf/HL_(61)aug25.jpg,Tomato_Healthy_leaf,Tomato_Healthy_leaf,0.9888625741004944,1,1.0415658950805664,7.703362464904785,0.1513347625732422,8.89881706237793
dataset/test/Tomato_Healthy_leaf/HL_(62)aug36.jpg,Tomato_Healthy_leaf,Tomato_Healthy_leaf,1.0,1,1.049046516418457,7.496360778808594,0.1595010757446289,8.707500457763672
dataset/test/Tomato_Healthy_leaf/IMG_20251102_161618_aug_58aug71.jpg,Tomato_Healthy_leaf,Tomato_leaf_yellow_curl_virus,0.7311209440231323,0,1.2010469436645508,7.562139511108398,0.16535377502441406,8.930891036987305
dataset/test/Tomato_Healthy_leaf/IMG_20251102_161618_aug_59aug63.jpg,Tomato_Healthy_leaf,Tomato_leaf_yellow_curl_virus,0.992012083530426,0,1.1634531021118164,7.816678047180176,0.15787220001220703,9.140486717224121
dataset/test/Tomato_Healthy_leaf/IMG_20251102_161618aug29.jpg,Tomato_Healthy_leaf,Tomato_leaf_yellow_curl_virus,0.9996128678321838,0,1.1339168548583984,7.658029556274414,0.16559410095214844,8.960188865661621
dataset/test/Tomato_Healthy_leaf/IMG_20251102_161625aug44.jpg,Tomato_Healthy_leaf,Tomato_Healthy_leaf,0.9998799562454224,1,1.1035470962524414,7.691510200500488,0.15835285186767578,8.955854415893555
dataset/test/Tomato_Healthy_leaf/IMG_20251102_161629_aug_10aug115.jpg,Tomato_Healthy_leaf,Tomato_Healthy_leaf,0.999994158744812,1,1.1567888259887695,7.761196136474609,0.17411327362060547,9.094595909118652
dataset/test/Tomato_Healthy_leaf/IMG_20251102_161629_aug_11aug109.jpg,Tomato_Healthy_leaf,Tomato_Healthy_leaf,0.9997791647911072,1,1.1247692108154297,7.557212829589844,0.2688169479370117,8.953742980957031
dataset/test/Tomato_Healthy_leaf/IMG_20251102_161629aug5.jpg,Tomato_Healthy_leaf,Tomato_Healthy_leaf,0.9998903274536133,1,1.0295648574829102,7.4886932373046875,0.16013145446777344,8.68094539642334
dataset/test/Tomato_Healthy_leaf/IMG_20251102_161652aug43.jpg,Tomato_Healthy_leaf,Tomato_Healthy_leaf,0.9999996423721313,1,1.1174354553222656,8.090234756469727,0.15990924835205078,9.370506286621094
dataset/test/Tomato_Healthy_leaf/IMG_20251102_161826_aug_60aug68.jpg,Tomato_Healthy_leaf,Tomato_Healthy_leaf,0.9920825958251953,1,1.122879981994629,7.641361236572266,0.15946388244628906,8.92628002166748
dataset/test/Tomato_Healthy_leaf/IMG_20251102_161826_aug_61aug62.jpg,Tomato_Healthy_leaf,Tomato_Healthy_leaf,0.9946487545967102,1,1.13726806640625,7.733250617980957,0.15777873992919922,9.030817985534668
dataset/test/Tomato_Healthy_leaf/IMG_20251102_161826aug30.jpg,Tomato_Healthy_leaf,Tomato_Healthy_leaf,0.9996359348297119,1,1.1256380081176758,7.666289329528809,0.1598339080810547,8.954225540161133
dataset/test/Tomato_Healthy_leaf/IMG_20251102_161850_aug_56aug74.jpg,Tomato_Healthy_leaf,Tomato_Healthy_leaf,0.9982719421386719,1,1.0828609466552734,7.714714050292969,0.15657520294189453,8.956835746765137
dataset/test/Tomato_Healthy_leaf/IMG_20251102_161850_aug_57aug72.jpg,Tomato_Healthy_leaf,Tomato_Healthy_leaf,0.9999939203262329,1,1.065342903137207,8.144475936889648,0.20776081085205078,9.42028522491455
dataset/test/Tomato_Healthy_leaf/IMG_20251102_161850aug28.jpg,Tomato_Healthy_leaf,Tomato_Healthy_leaf,0.9999983310699463,1,1.0619535446166992,7.639991760253906,0.1555194854736328,8.859779357910156
dataset/test/Tomato_Healthy_leaf/IMG_20251102_161859aug38.jpg,Tomato_Healthy_leaf,Tomato_Healthy_leaf,1.0,1,1.074213981628418,7.521600723266602,0.15839099884033203,8.756723403930664
dataset/test/Tomato_Healthy_leaf/IMG_20251102_161935_aug_4aug55.jpg,Tomato_Healthy_leaf,Tomato_Healthy_leaf,0.9999991655349731,1,1.1498069763183594,7.527157783508301,0.15850257873535156,8.838539123535156
dataset/test/Tomato_Healthy_leaf/IMG_20251102_161935_aug_5aug53.jpg,Tomato_Healthy_leaf,Tomato_Healthy_leaf,0.9999994039535522,1,1.055119514465332,7.627102851867676,0.15851974487304688,8.843778610229492
dataset/test/Tomato_Healthy_leaf/IMG_20251102_161935aug2.jpg,Tomato_Healthy_leaf,Tomato_Healthy_leaf,0.9999996423721313,1,1.0916948318481445,7.6630096435546875,0.15848350524902344,8.915687561035156
dataset/test/Tomato_Healthy_leaf/IMG_20251102_162037aug45.jpg,Tomato_Healthy_leaf,Tomato_Healthy_leaf,0.9995753169059753,1,1.0892505645751953,7.730251312255859,0.1580209732055664,8.98007583618164
dataset/test/Tomato_Healthy_leaf/h100_lower_aug_54aug73.jpg,Tomato_Healthy_leaf,Tomato_Healthy_leaf,0.9999858140945435,1,1.0621013641357422,7.710844993591309,0.1581125259399414,8.93348503112793
dataset/test/Tomato_Healthy_leaf/h100_lower_aug_55aug75.jpg,Tomato_Healthy_leaf,Tomato_Healthy_leaf,0.9999078512191772,1,1.0529899597167969,7.510176658630371,0.16102027893066406,8.726353645324707
dataset/test/Tomato_Healthy_leaf/h100_loweraug27.jpg,Tomato_Healthy_leaf,Tomato_Healthy_leaf,0.9999798536300659,1,1.2041959762573242,7.473674774169922,0.1592426300048828,8.839835166931152
dataset/test/Tomato_Healthy_leaf/h101_aug_18aug119.jpg,Tomato_Healthy_leaf,Tomato_Healthy_leaf,0.9964855909347534,1,1.1001396179199219,7.813473701477051,0.15970516204833984,9.076077461242676
dataset/test/Tomato_Healthy_leaf/h101_aug_19aug116.jpg,Tomato_Healthy_leaf,Tomato_Healthy_leaf,0.9929664134979248,1,1.0685091018676758,7.76377010345459,0.15903854370117188,8.994261741638184
dataset/test/Tomato_Healthy_leaf/h101aug9.jpg,Tomato_Healthy_leaf,Tomato_Healthy_leaf,0.9475420713424683,1,1.0659160614013672,7.643749237060547,0.16376113891601562,8.8762788772583
dataset/test/Tomato_Healthy_leaf/h103_aug_42aug82.jpg,Tomato_Healthy_leaf,Tomato_Healthy_leaf,0.9999997615814209,1,1.054971694946289,7.832677841186523,0.15972328186035156,9.049836158752441
dataset/test/Tomato_Healthy_leaf/h103_aug_43aug77.jpg,Tomato_Healthy_leaf,Tomato_Healthy_leaf,0.9999994039535522,1,1.0798606872558594,7.72354793548584,0.15772342681884766,8.963651657104492
dataset/test/Tomato_Healthy_leaf/h103aug21.jpg,Tomato_Healthy_leaf,Tomato_Healthy_leaf,0.9999978542327881,1,1.0354537963867188,7.744251251220703,0.1526498794555664,8.934520721435547
dataset/test/Tomato_Healthy_leaf/h1_change_90_aug_12aug118.jpg,Tomato_Healthy_leaf,Tomato_Healthy_leaf,0.9987673759460449,1,1.0473432540893555,7.511322975158691,0.15744686126708984,8.718648910522461
dataset/test/Tomato_Healthy_leaf/h1_change_90_aug_13aug108.jpg,Tomato_Healthy_leaf,Tomato_Healthy_leaf,0.9998819828033447,1,1.1882696151733398,7.561138153076172,0.15892601013183594,8.911002159118652
dataset/test/Tomato_Healthy_leaf/h1_change_90aug6.jpg,Tomato_Healthy_leaf,Tomato_Healthy_leaf,0.9997299313545227,1,1.1023797988891602,7.694806098937988,0.1589832305908203,8.95874309539795
dataset/test/Tomato_Healthy_leaf/h39_change_270aug48.jpg,Tomato_Healthy_leaf,Tomato_Healthy_leaf,0.9997840523719788,1,1.0567131042480469,7.668807029724121,0.16639041900634766,8.895039558410645
dataset/test/Tomato_Healthy_leaf/h39_hight_aug_40aug96.jpg,Tomato_Healthy_leaf,Tomato_Healthy_leaf,0.9999994039535522,1,1.0583429336547852,7.680251121520996,0.1575756072998047,8.898520469665527
dataset/test/Tomato_Healthy_leaf/h39_hight_aug_41aug98.jpg,Tomato_Healthy_leaf,Tomato_Healthy_leaf,0.9999955892562866,1,1.0442686080932617,7.673027992248535,0.1570577621459961,8.87718677520752
dataset/test/Tomato_Healthy_leaf/h39_hightaug20.jpg,Tomato_Healthy_leaf,Tomato_Healthy_leaf,0.9996674060821533,1,1.0841398239135742,7.698805809020996,0.19274234771728516,8.978575706481934
dataset/test/Tomato_Healthy_leaf/h39_lower_aug_30aug95.jpg,Tomato_Healthy_leaf,Tomato_Healthy_leaf,0.9991645812988281,1,1.055307388305664,7.663806915283203,0.14748287200927734,8.868741989135742
dataset/test/Tomato_Healthy_leaf/h39_lower_aug_31aug89.jpg,Tomato_Healthy_leaf,Tomato_Healthy_leaf,0.9929202198982239,1,1.0402307510375977,7.500619888305664,0.15805625915527344,8.701314926147461
dataset/test/Tomato_Healthy_leaf/h39_loweraug15.jpg,Tomato_Healthy_leaf,Tomato_Healthy_leaf,0.9998583793640137,1,1.0537500381469727,7.655972480773926,0.1586313247680664,8.870760917663574
dataset/test/Tomato_Healthy_leaf/h3_aug_8aug57.jpg,Tomato_Healthy_leaf,Tomato_Healthy_leaf,1.0,1,1.0478239059448242,7.741103172302246,0.1562795639038086,8.948263168334961
dataset/test/Tomato_Healthy_leaf/h3_aug_9aug54.jpg,Tomato_Healthy_leaf,Tomato_Healthy_leaf,1.0,1,1.090601921081543,7.736750602722168,0.1567068099975586,8.986762046813965
dataset/test/Tomato_Healthy_leaf/h3_mirror_aug_52aug84.jpg,Tomato_Healthy_leaf,Tomato_Healthy_leaf,1.0,1,1.0389518737792969,7.744325637817383,0.15588951110839844,8.941520690917969
dataset/test/Tomato_Healthy_leaf/h3_mirror_aug_53aug80.jpg,Tomato_Healthy_leaf,Tomato_Healthy_leaf,1.0,1,1.0415639877319336,7.660490989685059,0.1579265594482422,8.862946510314941
dataset/test/Tomato_Healthy_leaf/h3_mirroraug26.jpg,Tomato_Healthy_leaf,Tomato_Healthy_leaf,1.0,1,1.036417007446289,7.660454750061035,0.1574840545654297,8.857020378112793
dataset/test/Tomato_Healthy_leaf/h3aug4.jpg,Tomato_Healthy_leaf,Tomato_Healthy_leaf,0.9999998807907104,1,1.0757865905761719,7.443193435668945,0.15835285186767578,8.679868698120117
dataset/test/Tomato_Healthy_leaf/h45_mirror_verticalaug42.jpg,Tomato_Healthy_leaf,Tomato_Healthy_leaf,1.0,1,1.2104740142822266,7.496637344360352,0.15824127197265625,8.868002891540527
dataset/test/Tomato_Healthy_leaf/h49_change_90aug49.jpg,Tomato_Healthy_leaf,Tomato_Healthy_leaf,0.9999970197677612,1,1.0373239517211914,7.712935447692871,0.15650177001953125,8.909280776977539
dataset/test/Tomato_Healthy_leaf/h50_hight_aug_68aug69.jpg,Tomato_Healthy_leaf,Tomato_Healthy_leaf,0.9997929930686951,1,1.0137310028076172,7.652935981750488,0.1574087142944336,8.826519012451172
dataset/test/Tomato_Healthy_leaf/h50_hight_aug_69aug61.jpg,Tomato_Healthy_leaf,Tomato_Healthy_leaf,0.9998581409454346,1,1.0147876739501953,7.8411407470703125,0.1581134796142578,9.016965866088867
dataset/test/Tomato_Healthy_leaf/h50_hightaug34.jpg,Tomato_Healthy_leaf,Tomato_Healthy_leaf,0.9999823570251465,1,1.0533437728881836,7.4836015701293945,0.1560201644897461,8.695351600646973
dataset/test/Tomato_Healthy_leaf/h50_lower_aug_66aug65.jpg,Tomato_Healthy_leaf,Tomato_Healthy_leaf,0.9999904632568359,1,1.1200103759765625,7.478582382202148,0.15868759155273438,8.759778022766113
dataset/test/Tomato_Healthy_leaf/h50_lower_aug_67aug70.jpg,Tomato_Healthy_leaf,Tomato_Healthy_leaf,0.9999195337295532,1,1.0334901809692383,7.609250068664551,0.1600017547607422,8.805963516235352
dataset/test/Tomato_Healthy_leaf/h50_loweraug33.jpg,Tomato_Healthy_leaf,Tomato_Healthy_leaf,0.9999810457229614,1,1.0351753234863281,7.683565139770508,0.1584453582763672,8.87968635559082
dataset/test/Tomato_Healthy_leaf/h50_mirror_vertical_aug_24aug111.jpg,Tomato_Healthy_leaf,Tomato_Healthy_leaf,0.9999669790267944,1,1.0239534378051758,7.683399200439453,0.1567974090576172,8.866779327392578
dataset/test/Tomato_Healthy_leaf/h50_mirror_vertical_aug_25aug100.jpg,Tomato_Healthy_leaf,Tomato_Healthy_leaf,0.9999902248382568,1,1.066380500793457,7.655529022216797,0.1571674346923828,8.881464958190918
dataset/test/Tomato_Healthy_leaf/h50_mirror_verticalaug12.jpg,Tomato_Healthy_leaf,Tomato_Healthy_leaf,0.999966025352478,1,1.033341407775879,7.689676284790039,0.15952110290527344,8.885354042053223
dataset/test/Tomato_Healthy_leaf/h50aug37.jpg,Tomato_Healthy_leaf,Tomato_Healthy_leaf,0.9999980926513672,1,1.0238046646118164,7.671343803405762,0.15061283111572266,8.8479642868042
dataset/test/Tomato_Healthy_leaf/h5_mirroraug41.jpg,Tomato_Healthy_leaf,Tomato_Healthy_leaf,1.0,1,1.0201749801635742,7.411507606506348,0.15674114227294922,8.591054916381836
dataset/test/Tomato_Healthy_leaf/h65_mirror_vertical_aug_26aug97.jpg,Tomato_Healthy_leaf,Tomato_Healthy_leaf,0.9999998807907104,1,1.168288230895996,7.550731658935547,0.15866756439208984,8.880260467529297
dataset/test/Tomato_Healthy_leaf/h65_mirror_vertical_aug_27aug106.jpg,Tomato_Healthy_leaf,Tomato_Healthy_leaf,1.0,1,1.0785655975341797,7.689697265625,0.1570568084716797,8.927706718444824
dataset/test/Tomato_Healthy_leaf/h65_mirror_verticalaug13.jpg,Tomato_Healthy_leaf,Tomato_Healthy_leaf,0.9999998807907104,1,1.0312118530273438,7.738677024841309,0.1576862335205078,8.930649757385254
dataset/test/Tomato_Healthy_leaf/h71_mirror_aug_62aug66.jpg,Tomato_Healthy_leaf,Tomato_Healthy_leaf,1.0,1,1.0397300720214844,7.6895856857299805,0.15772342681884766,8.889742851257324
dataset/test/Tomato_Healthy_leaf/h71_mirror_aug_63aug67.jpg,Tomato_Healthy_leaf,Tomato_Healthy_leaf,0.9999998807907104,1,1.0463056564331055,7.6579179763793945,0.15753841400146484,8.864483833312988
dataset/test/Tomato_Healthy_leaf/h71_mirroraug31.jpg,Tomato_Healthy_leaf,Tomato_Healthy_leaf,1.0,1,1.0709896087646484,7.673213958740234,0.16102027893066406,8.90848445892334
dataset/test/Tomato_Healthy_leaf/h76_hight_aug_34aug88.jpg,Tomato_Healthy_leaf,Tomato_Healthy_leaf,0.9999979734420776,1,1.0289344787597656,7.551860809326172,0.3050394058227539,8.88818645477295
dataset/test/Tomato_Healthy_leaf/h76_hight_aug_35aug93.jpg,Tomato_Healthy_leaf,Tomato_Healthy_leaf,0.9999896287918091,1,0.9908046722412109,7.507137298583984,0.16102027893066406,8.661444664001465
dataset/test/Tomato_Healthy_leaf/h76_hightaug17.jpg,Tomato_Healthy_leaf,Tomato_Healthy_leaf,0.9999872446060181,1,1.0418977737426758,7.681714057922363,0.15711307525634766,8.88313102722168
dataset/test/Tomato_Healthy_leaf/h78_change_270_aug_36aug94.jpg,Tomato_Healthy_leaf,Tomato_Healthy_leaf,0.9999990463256836,1,1.0293588638305664,7.623286247253418,0.1610393524169922,8.816463470458984
dataset/test/Tomato_Healthy_leaf/h78_change_270_aug_37aug99.jpg,Tomato_Healthy_leaf,Tomato_Healthy_leaf,0.9999995231628418,1,1.0868234634399414,7.689343452453613,0.15874099731445312,8.937445640563965
dataset/test/Tomato_Healthy_leaf/h78_change_270aug18.jpg,Tomato_Healthy_leaf,Tomato_Healthy_leaf,0.9999887943267822,1,1.0436382293701172,7.744546890258789,0.1577596664428711,8.94866943359375
dataset/test/Tomato_Healthy_leaf/h7_lower_aug_44aug87.jpg,Tomato_Healthy_leaf,Tomato_Healthy_leaf,0.9999995231628418,1,1.0708799362182617,7.708120346069336,0.15833377838134766,8.940335273742676
dataset/test/Tomato_Healthy_leaf/h7_lower_aug_45aug79.jpg,Tomato_Healthy_leaf,Tomato_Healthy_leaf,0.9999834299087524,1,1.0572319030761719,7.665009498596191,0.15416812896728516,8.878483772277832
dataset/test/Tomato_Healthy_leaf/h7_loweraug22.jpg,Tomato_Healthy_leaf,Tomato_Healthy_leaf,0.9999992847442627,1,1.095804214477539,7.506119728088379,0.19483566284179688,8.799483299255371
dataset/test/Tomato_Healthy_leaf/h81_change_180_aug_16aug113.jpg,Tomato_Healthy_leaf,Tomato_Healthy_leaf,0.9999996423721313,1,1.14056396484375,7.4907684326171875,0.15753841400146484,8.791426658630371
dataset/test/Tomato_Healthy_leaf/h81_change_180_aug_17aug117.jpg,Tomato_Healthy_leaf,Tomato_Healthy_leaf,0.9999911785125732,1,1.0527877807617188,7.672361373901367,0.1581859588623047,8.8859281539917
dataset/test/Tomato_Healthy_leaf/h81_change_180aug8.jpg,Tomato_Healthy_leaf,Tomato_Healthy_leaf,0.9999977350234985,1,1.0486936569213867,7.695991516113281,0.1581134796142578,8.90565013885498
dataset/test/Tomato_Healthy_leaf/h84_mirroraug40.jpg,Tomato_Healthy_leaf,Tomato_Healthy_leaf,1.0,1,1.0799541473388672,8.232867240905762,0.15929794311523438,9.474711418151855
dataset/test/Tomato_Healthy_leaf/h8_change_90aug35.jpg,Tomato_Healthy_leaf,Tomato_Healthy_leaf,0.9999985694885254,1,1.0587682723999023,7.677677154541016,0.15085315704345703,8.889427185058594
dataset/test/Tomato_Healthy_leaf/h95_mirror_verticalaug46.jpg,Tomato_Healthy_leaf,Tomato_Healthy_leaf,0.9757803678512573,1,1.0306015014648438,9.612323760986328,0.1658163070678711,10.811314582824707
dataset/test/Tomato_Healthy_leaf/h96_change_270aug47.jpg,Tomato_Healthy_leaf,Tomato_Healthy_leaf,0.9999889135360718,1,1.0828065872192383,7.520083427429199,0.15972328186035156,8.765149116516113
dataset/test/Tomato_Healthy_leaf/h96_mirror_vertical_aug_14aug107.jpg,Tomato_Healthy_leaf,Tomato_Healthy_leaf,1.0,1,1.152104377746582,13.118316650390625,0.17566776275634766,14.448920249938965
dataset/test/Tomato_Healthy_leaf/h96_mirror_vertical_aug_15aug112.jpg,Tomato_Healthy_leaf,Tomato_Healthy_leaf,1.0,1,1.1661415100097656,10.283477783203125,0.1746501922607422,11.62706184387207
dataset/test/Tomato_Healthy_leaf/h96_mirror_verticalaug7.jpg,Tomato_Healthy_leaf,Tomato_Healthy_leaf,1.0,1,1.1261014938354492,15.427224159240723,0.1602792739868164,16.716254234313965
dataset/test/Tomato_Healthy_leaf/h99_hight_aug_32aug92.jpg,Tomato_Healthy_leaf,Tomato_Healthy_leaf,1.0,1,1.3378639221191406,8.947538375854492,0.1600933074951172,10.448219299316406
dataset/test/Tomato_Healthy_leaf/h99_hight_aug_33aug101.jpg,Tomato_Healthy_leaf,Tomato_Healthy_leaf,1.0,1,1.1402130126953125,7.931475639343262,0.15718746185302734,9.231375694274902
dataset/test/Tomato_Healthy_leaf/h99_hightaug16.jpg,Tomato_Healthy_leaf,Tomato_Healthy_leaf,0.9999979734420776,1,1.111842155456543,7.615564346313477,0.20324230194091797,8.933260917663574
dataset/test/Tomato_Healthy_leaf/h99_lower_aug_46aug78.jpg,Tomato_Healthy_leaf,Tomato_Healthy_leaf,1.0,1,1.1807308197021484,7.527989387512207,0.161224365234375,8.872835159301758
dataset/test/Tomato_Healthy_leaf/h99_lower_aug_47aug81.jpg,Tomato_Healthy_leaf,Tomato_Healthy_leaf,1.0,1,1.0599346160888672,7.633806228637695,0.15890979766845703,8.855093955993652
dataset/test/Tomato_Healthy_leaf/h99_loweraug23.jpg,Tomato_Healthy_leaf,Tomato_Healthy_leaf,0.9999997615814209,1,1.0754919052124023,7.695417404174805,0.15796470642089844,8.931502342224121
dataset/test/Tomato_Healthy_leaf/h9_change_180_aug_48aug86.jpg,Tomato_Healthy_leaf,Tomato_Healthy_leaf,0.9999809265136719,1,1.0547866821289062,7.822843551635742,0.15781497955322266,9.038207054138184
dataset/test/Tomato_Healthy_leaf/h9_change_180_aug_49aug85.jpg,Tomato_Healthy_leaf,Tomato_Healthy_leaf,1.0,1,1.099379539489746,7.794639587402344,0.15998268127441406,9.056300163269043
dataset/test/Tomato_Healthy_leaf/h9_change_180aug24.jpg,Tomato_Healthy_leaf,Tomato_Healthy_leaf,0.9999911785125732,1,1.0582304000854492,7.718528747558594,0.16263103485107422,8.942168235778809
dataset/test/Tomato_Healthy_leaf/russian-2-319-dt-2010-leaves-high-tunnel-9-29-2014-c_jpg.rf.7ef5d3901dbeaf27776a27bfc8197b72_aug_0aug52.jpg,Tomato_Healthy_leaf,Tomato_Healthy_leaf,0.9996222257614136,1,1.1188602447509766,7.780806541442871,0.15794658660888672,9.060318946838379
dataset/test/Tomato_Healthy_leaf/russian-2-319-dt-2010-leaves-high-tunnel-9-29-2014-c_jpg.rf.7ef5d3901dbeaf27776a27bfc8197b72_aug_1aug58.jpg,Tomato_Healthy_leaf,Tomato_Healthy_leaf,0.9801048040390015,1,1.357253074645996,7.76051139831543,0.15124225616455078,9.270838737487793
dataset/test/Tomato_Healthy_leaf/russian-2-319-dt-2010-leaves-high-tunnel-9-29-2014-c_jpg.rf.7ef5d3901dbeaf27776a27bfc8197b72aug0.jpg,Tomato_Healthy_leaf,Tomato_Healthy_leaf,0.9984713196754456,1,1.100398063659668,7.609750747680664,0.15877914428710938,8.871316909790039
dataset/test/Tomato_Healthy_leaf/unnamed_aug_64aug64.jpg,Tomato_Healthy_leaf,Tomato_Healthy_leaf,0.9997521042823792,1,1.1553058624267578,8.507294654846191,0.16320514678955078,9.828083992004395
dataset/test/Tomato_Healthy_leaf/unnamed_aug_65aug60.jpg,Tomato_Healthy_leaf,Tomato_Healthy_leaf,0.9993047714233398,1,1.1111583709716797,7.74812126159668,0.1607799530029297,9.022854804992676
dataset/test/Tomato_Healthy_leaf/unnamedaug32.jpg,Tomato_Healthy_leaf,Tomato_Healthy_leaf,0.9999719858169556,1,1.1120109558105469,7.725640296936035,0.15812969207763672,8.998188018798828
dataset/test/Tomato_Septoria_leaf_spot/1723454507354_aug_44aug83.jpg,Tomato_Septoria_leaf_spot,Tomato_Septoria_leaf_spot,0.8552078604698181,1,1.0487499237060547,7.761713981628418,0.157501220703125,8.970224380493164
dataset/test/Tomato_Septoria_leaf_spot/1723454507354_aug_45aug80.jpg,Tomato_Septoria_leaf_spot,Tomato_Septoria_leaf_spot,0.6942880749702454,1,1.0466203689575195,7.5305633544921875,0.1727619171142578,8.752574920654297
dataset/test/Tomato_Septoria_leaf_spot/1723454507354aug22.jpg,Tomato_Septoria_leaf_spot,Tomato_mold_leaf,0.6944142580032349,0,1.1279716491699219,7.8235673904418945,0.15963172912597656,9.113670349121094
dataset/test/Tomato_Septoria_leaf_spot/1723454507465_aug_58aug67.jpg,Tomato_Septoria_leaf_spot,Tomato_Septoria_leaf_spot,0.992154061794281,1,1.0822134017944336,7.639917373657227,0.15816879272460938,8.882834434509277
dataset/test/Tomato_Septoria_leaf_spot/1723454507465_aug_59aug66.jpg,Tomato_Septoria_leaf_spot,Tomato_Septoria_leaf_spot,0.9912051558494568,1,1.0791025161743164,7.638286590576172,0.16163158416748047,8.881631851196289
dataset/test/Tomato_Septoria_leaf_spot/1723454507465aug29.jpg,Tomato_Septoria_leaf_spot,Tomato_Septoria_leaf_spot,0.9739956855773926,1,1.0692119598388672,7.687788009643555,0.24026107788085938,9.000927925109863
dataset/test/Tomato_Septoria_leaf_spot/5454635393351680.jpeg_aug_14aug115.jpg,Tomato_Septoria_leaf_spot,Tomato_Septoria_leaf_spot,0.9247381687164307,1,1.0584726333618164,7.651749610900879,0.15748310089111328,8.870354652404785
dataset/test/Tomato_Septoria_leaf_spot/5454635393351680.jpeg_aug_15aug46.jpg,Tomato_Septoria_leaf_spot,Tomato_Septoria_leaf_spot,0.7769424915313721,1,1.0889348983764648,7.588064193725586,0.1587047576904297,8.83781623840332
dataset/test/Tomato_Septoria_leaf_spot/5454635393351680.jpegaug7.jpg,Tomato_Septoria_leaf_spot,Tomato_Septoria_leaf_spot,0.8187220096588135,1,1.0472307205200195,7.920825958251953,0.15633487701416016,9.126632690429688
dataset/test/Tomato_Septoria_leaf_spot/6134794031202304-600x272-jpeg_jpg.rf.5482c323fe160b26426628094ae3646baug42.jpg,Tomato_Septoria_leaf_spot,Tomato_Septoria_leaf_spot,0.9999988079071045,1,1.0680837631225586,7.478785514831543,0.1705942153930664,8.720354080200195
dataset/test/Tomato_Septoria_leaf_spot/66e7583ebe11cf0bd06435e4167bd4fdaug41.jpg,Tomato_Septoria_leaf_spot,Tomato_Septoria_leaf_spot,0.999994158744812,1,1.123453140258789,7.534119606018066,0.16048336029052734,8.820687294006348
dataset/test/Tomato_Septoria_leaf_spot/8_20mistakes_204_aug_72aug61.jpg,Tomato_Septoria_leaf_spot,Tomato_Septoria_leaf_spot,0.509373128414154,1,1.086899757385254,7.563656806945801,0.15703773498535156,8.810723304748535
dataset/test/Tomato_Septoria_leaf_spot/8_20mistakes_204_aug_73aug62.jpg,Tomato_Septoria_leaf_spot,Tomato_mold_leaf,0.47924256324768066,0,1.088582992553711,7.633491516113281,0.15935325622558594,8.88420581817627
dataset/test/Tomato_Septoria_leaf_spot/8_20mistakes_204aug36.jpg,Tomato_Septoria_leaf_spot,Tomato_Septoria_leaf_spot,0.7937275171279907,1,1.0409154891967773,7.8874006271362305,0.15805721282958984,9.088929176330566
dataset/test/Tomato_Septoria_leaf_spot/Gls11_mirror_vertical_aug_42aug85.jpg,Tomato_Septoria_leaf_spot,Tomato_Septoria_leaf_spot,0.999043881893158,1,1.0298585891723633,7.700528144836426,0.1713705062866211,8.904946327209473
dataset/test/Tomato_Septoria_leaf_spot/Gls11_mirror_vertical_aug_43aug86.jpg,Tomato_Septoria_leaf_spot,Tomato_Septoria_leaf_spot,0.9985887408256531,1,1.0427131652832031,7.636991500854492,0.1590747833251953,8.841593742370605
dataset/test/Tomato_Septoria_leaf_spot/Gls11_mirror_verticalaug21.jpg,Tomato_Septoria_leaf_spot,Tomato_Septoria_leaf_spot,0.9878795742988586,1,1.0888986587524414,7.569009780883789,0.15407657623291016,8.814593315124512
dataset/test/Tomato_Septoria_leaf_spot/Gls12_mirror_aug_46aug81.jpg,Tomato_Septoria_leaf_spot,Tomato_Septoria_leaf_spot,1.0,1,1.0183792114257812,7.487027168273926,0.1573352813720703,8.665128707885742
dataset/test/Tomato_Septoria_leaf_spot/Gls12_mirror_aug_47aug92.jpg,Tomato_Septoria_leaf_spot,Tomato_Septoria_leaf_spot,1.0,1,1.1194171905517578,7.526137351989746,0.1644268035888672,8.813093185424805
dataset/test/Tomato_Septoria_leaf_spot/Gls12_mirroraug23.jpg,Tomato_Septoria_leaf_spot,Tomato_Septoria_leaf_spot,0.9999998807907104,1,1.0438804626464844,7.591231346130371,0.17046451568603516,8.808351516723633
dataset/test/Tomato_Septoria_leaf_spot/Gls1_mirror_aug_38aug82.jpg,Tomato_Septoria_leaf_spot,Tomato_Septoria_leaf_spot,0.9998770952224731,1,1.0738801956176758,7.902029037475586,0.1582794189453125,9.13663387298584
dataset/test/Tomato_Septoria_leaf_spot/Gls1_mirror_aug_39aug84.jpg,Tomato_Septoria_leaf_spot,Tomato_Septoria_leaf_spot,0.999940037727356,1,1.0628423690795898,7.552361488342285,0.16255664825439453,8.779796600341797
dataset/test/Tomato_Septoria_leaf_spot/Gls1_mirroraug19.jpg,Tomato_Septoria_leaf_spot,Tomato_Septoria_leaf_spot,0.9999619722366333,1,1.0266752243041992,7.940512657165527,0.15822315216064453,9.128059387207031
dataset/test/Tomato_Septoria_leaf_spot/Gls21_change_270aug43.jpg,Tomato_Septoria_leaf_spot,Tomato_leaf_late_blight,0.7285327911376953,0,1.0361948013305664,7.656490325927734,0.15337181091308594,8.848797798156738
dataset/test/Tomato_Septoria_leaf_spot/Gls21_hight_aug_56aug78.jpg,Tomato_Septoria_leaf_spot,Tomato_Septoria_leaf_spot,0.9999969005584717,1,1.0426387786865234,7.662823677062988,0.14948368072509766,8.857260704040527
dataset/test/Tomato_Septoria_leaf_spot/Gls21_hight_aug_57aug79.jpg,Tomato_Septoria_leaf_spot,Tomato_Septoria_leaf_spot,0.9946038126945496,1,1.1122493743896484,7.756399154663086,0.15885257720947266,9.030020713806152
dataset/test/Tomato_Septoria_leaf_spot/Gls21_hightaug28.jpg,Tomato_Septoria_leaf_spot,Tomato_Septoria_leaf_spot,0.9997891783714294,1,1.0428428649902344,7.513711929321289,0.1578521728515625,8.716573715209961
dataset/test/Tomato_Septoria_leaf_spot/Gls29_change_180_aug_40aug89.jpg,Tomato_Septoria_leaf_spot,Tomato_Septoria_leaf_spot,0.999984622001648,1,1.0552873611450195,7.637601852416992,0.15874195098876953,8.854094505310059
dataset/test/Tomato_Septoria_leaf_spot/Gls29_change_180_aug_41aug91.jpg,Tomato_Septoria_leaf_spot,Tomato_Septoria_leaf_spot,0.9998630285263062,1,1.039656639099121,7.804398536682129,0.15813159942626953,9.005133628845215
dataset/test/Tomato_Septoria_leaf_spot/Gls29_change_180aug20.jpg,Tomato_Septoria_leaf_spot,Tomato_Septoria_leaf_spot,0.999991774559021,1,1.0743045806884766,7.631694793701172,0.199462890625,8.90805721282959
dataset/test/Tomato_Septoria_leaf_spot/Gls36_hight_aug_20aug116.jpg,Tomato_Septoria_leaf_spot,Tomato_Septoria_leaf_spot,0.9998664855957031,1,1.033583641052246,7.592843055725098,0.15331649780273438,8.782186508178711
dataset/test/Tomato_Septoria_leaf_spot/Gls36_hight_aug_21aug118.jpg,Tomato_Septoria_leaf_spot,Tomato_Septoria_leaf_spot,0.9999823570251465,1,1.0155277252197266,7.616621017456055,0.1574268341064453,8.79187297821045
dataset/test/Tomato_Septoria_leaf_spot/Gls36_hightaug10.jpg,Tomato_Septoria_leaf_spot,Tomato_Septoria_leaf_spot,0.9994151592254639,1,1.0333051681518555,7.592416763305664,0.1658153533935547,8.794537544250488
dataset/test/Tomato_Septoria_leaf_spot/Gls41_change_270_aug_50aug90.jpg,Tomato_Septoria_leaf_spot,Tomato_Septoria_leaf_spot,0.6935973167419434,1,1.099843978881836,7.58278751373291,0.15738964080810547,8.842870712280273
dataset/test/Tomato_Septoria_leaf_spot/Gls41_change_270_aug_51aug77.jpg,Tomato_Septoria_leaf_spot,Tomato_Septoria_leaf_spot,0.972773015499115,1,1.1047134399414062,7.673195838928223,0.16144561767578125,8.942002296447754
dataset/test/Tomato_Septoria_leaf_spot/Gls41_change_270aug25.jpg,Tomato_Septoria_leaf_spot,Tomato_Healthy_leaf,0.6599112153053284,0,1.0583982467651367,7.780324935913086,0.1586313247680664,8.999594688415527
dataset/test/Tomato_Septoria_leaf_spot/Gls43_change_90_aug_60aug75.jpg,Tomato_Septoria_leaf_spot,Tomato_Septoria_leaf_spot,0.999462902545929,1,1.0253982543945312,7.750249862670898,0.15955638885498047,8.937427520751953
dataset/test/Tomato_Septoria_leaf_spot/Gls43_change_90_aug_61aug73.jpg,Tomato_Septoria_leaf_spot,Tomato_Septoria_leaf_spot,0.9999499320983887,1,1.0173234939575195,7.526970863342285,0.1559286117553711,8.703019142150879
dataset/test/Tomato_Septoria_leaf_spot/Gls43_change_90aug30.jpg,Tomato_Septoria_leaf_spot,Tomato_Septoria_leaf_spot,0.99812251329422,1,1.0159339904785156,7.730621337890625,0.14807510375976562,8.896872520446777
dataset/test/Tomato_Septoria_leaf_spot/Gls46_change_90_aug_6aug53.jpg,Tomato_Septoria_leaf_spot,Tomato_Septoria_leaf_spot,0.9998617172241211,1,1.0656938552856445,7.695194244384766,0.15822219848632812,8.921650886535645
dataset/test/Tomato_Septoria_leaf_spot/Gls46_change_90_aug_7aug56.jpg,Tomato_Septoria_leaf_spot,Tomato_Septoria_leaf_spot,0.9986705780029297,1,1.1157865524291992,7.514989852905273,0.15720367431640625,8.79057502746582
dataset/test/Tomato_Septoria_leaf_spot/Gls46_change_90aug3.jpg,Tomato_Septoria_leaf_spot,Tomato_Septoria_leaf_spot,0.9995359182357788,1,1.0664911270141602,7.6906585693359375,0.1578350067138672,8.917688369750977
dataset/test/Tomato_Septoria_leaf_spot/Gls47aug44.jpg,Tomato_Septoria_leaf_spot,Tomato_Septoria_leaf_spot,0.9999947547912598,1,1.0564517974853516,7.719268798828125,0.15748214721679688,8.936279296875
dataset/test/Tomato_Septoria_leaf_spot/Gls76_aug_34aug97.jpg,Tomato_Septoria_leaf_spot,Tomato_Early_blight_leaf,0.49936026334762573,0,1.0883607864379883,7.548027038574219,0.15648174285888672,8.79555606842041
dataset/test/Tomato_Septoria_leaf_spot/Gls76_aug_35aug103.jpg,Tomato_Septoria_leaf_spot,Tomato_Early_blight_leaf,0.9426251649856567,0,1.0511770248413086,7.661306381225586,0.15642642974853516,8.871557235717773
dataset/test/Tomato_Septoria_leaf_spot/Gls76_change_180_aug_30aug96.jpg,Tomato_Septoria_leaf_spot,Tomato_mold_leaf,0.7839924097061157,0,1.050583839416504,7.641732215881348,0.152557373046875,8.84740924835205
dataset/test/Tomato_Septoria_leaf_spot/Gls76_change_180_aug_31aug100.jpg,Tomato_Septoria_leaf_spot,Tomato_mold_leaf,0.9903438091278076,0,1.045175552368164,7.505454063415527,0.16526031494140625,8.718778610229492
dataset/test/Tomato_Septoria_leaf_spot/Gls76_change_180aug15.jpg,Tomato_Septoria_leaf_spot,Tomato_mold_leaf,0.7050794363021851,0,1.1595087051391602,7.637269973754883,0.16485214233398438,8.964669227600098
dataset/test/Tomato_Septoria_leaf_spot/Gls76aug17.jpg,Tomato_Septoria_leaf_spot,Tomato_Septoria_leaf_spot,0.971583366394043,1,1.1071929931640625,7.8762712478637695,0.15789031982421875,9.143614768981934
dataset/test/Tomato_Septoria_leaf_spot/Gls7_change_270_aug_64aug68.jpg,Tomato_Septoria_leaf_spot,Tomato_Septoria_leaf_spot,0.9998084902763367,1,1.0758237838745117,7.747509956359863,0.16059303283691406,8.986002922058105
dataset/test/Tomato_Septoria_leaf_spot/Gls7_change_270_aug_65aug71.jpg,Tomato_Septoria_leaf_spot,Tomato_Septoria_leaf_spot,0.999915599822998,1,1.0650482177734375,7.884530067443848,0.15024185180664062,9.102226257324219
dataset/test/Tomato_Septoria_leaf_spot/Gls7_change_270aug32.jpg,Tomato_Septoria_leaf_spot,Tomato_Septoria_leaf_spot,0.9999406337738037,1,1.0374345779418945,7.68708610534668,0.16103744506835938,8.887778282165527
dataset/test/Tomato_Septoria_leaf_spot/Gls7_lower_aug_0aug57.jpg,Tomato_Septoria_leaf_spot,Tomato_Septoria_leaf_spot,0.9999963045120239,1,1.161269187927246,7.684565544128418,0.1714639663696289,9.020465850830078
dataset/test/Tomato_Septoria_leaf_spot/Gls7_lower_aug_1aug52.jpg,Tomato_Septoria_leaf_spot,Tomato_Septoria_leaf_spot,0.9999938011169434,1,1.0850095748901367,7.83854866027832,0.22011375427246094,9.146486282348633
dataset/test/Tomato_Septoria_leaf_spot/Gls7_loweraug0.jpg,Tomato_Septoria_leaf_spot,Tomato_Septoria_leaf_spot,0.9999970197677612,1,1.0624170303344727,7.87877082824707,0.1613168716430664,9.105318069458008
dataset/test/Tomato_Septoria_leaf_spot/Gls81_lower_aug_2aug51.jpg,Tomato_Septoria_leaf_spot,Tomato_Septoria_leaf_spot,1.0,1,1.0568971633911133,7.854714393615723,0.1640758514404297,9.078261375427246
dataset/test/Tomato_Septoria_leaf_spot/Gls81_lower_aug_3aug54.jpg,Tomato_Septoria_leaf_spot,Tomato_Septoria_leaf_spot,1.0,1,1.0177116394042969,7.946401596069336,0.16272258758544922,9.129337310791016
dataset/test/Tomato_Septoria_leaf_spot/Gls81_loweraug1.jpg,Tomato_Septoria_leaf_spot,Tomato_Septoria_leaf_spot,1.0,1,1.0264348983764648,7.793140411376953,0.16844558715820312,8.990686416625977
dataset/test/Tomato_Septoria_leaf_spot/IMG-20240812-WA0213_aug_70aug59.jpg,Tomato_Septoria_leaf_spot,Tomato_mold_leaf,0.47328272461891174,0,1.123713493347168,7.8939924240112305,0.16311264038085938,9.183523178100586
dataset/test/Tomato_Septoria_leaf_spot/IMG-20240812-WA0213_aug_71aug60.jpg,Tomato_Septoria_leaf_spot,Tomato_Early_blight_leaf,0.48089486360549927,0,1.1216936111450195,7.477359771728516,0.17220592498779297,8.773666381835938
dataset/test/Tomato_Septoria_leaf_spot/IMG-20240812-WA0213aug35.jpg,Tomato_Septoria_leaf_spot,Tomato_Early_blight_leaf,0.7473973035812378,0,1.161564826965332,7.571527481079102,0.15824222564697266,8.893704414367676
dataset/test/Tomato_Septoria_leaf_spot/Original_e-blight.JPG.rend.hgtvcom.966.725.jpeg_aug_52aug74.jpg,Tomato_Septoria_leaf_spot,Tomato_Septoria_leaf_spot,0.9999908208847046,1,1.0616025924682617,7.644972801208496,0.15448284149169922,8.863446235656738
dataset/test/Tomato_Septoria_leaf_spot/Original_e-blight.JPG.rend.hgtvcom.966.725.jpeg_aug_53aug76.jpg,Tomato_Septoria_leaf_spot,Tomato_Septoria_leaf_spot,0.9999877214431763,1,1.0606021881103516,7.63608455657959,0.15774154663085938,8.857316970825195
dataset/test/Tomato_Septoria_leaf_spot/Original_e-blight.JPG.rend.hgtvcom.966.725.jpegaug26.jpg,Tomato_Septoria_leaf_spot,Tomato_Septoria_leaf_spot,0.9999903440475464,1,1.0947504043579102,7.619250297546387,0.15666866302490234,8.872983932495117
dataset/test/Tomato_Septoria_leaf_spot/SS_ (990)_aug_24aug107.jpg,Tomato_Septoria_leaf_spot,Tomato_Septoria_leaf_spot,1.0,1,1.0881938934326172,7.680397987365723,0.1572418212890625,8.928427696228027
dataset/test/Tomato_Septoria_leaf_spot/SS_ (990)_aug_25aug113.jpg,Tomato_Septoria_leaf_spot,Tomato_Septoria_leaf_spot,1.0,1,1.043008804321289,7.744657516479492,0.1565570831298828,8.946446418762207
dataset/test/Tomato_Septoria_leaf_spot/SS_ (990)aug12.jpg,Tomato_Septoria_leaf_spot,Tomato_Septoria_leaf_spot,1.0,1,1.044342041015625,7.6072492599487305,0.15122318267822266,8.805445671081543
dataset/test/Tomato_Septoria_leaf_spot/Septoria_tomato_Margaret-20B_p8170755_0002_25004_jpg.rf.3fbb14d553c623c77f342b3a54baddab_aug_66aug70.jpg,Tomato_Septoria_leaf_spot,Tomato_Septoria_leaf_spot,0.9989343285560608,1,1.1057863235473633,7.442008018493652,0.15859413146972656,8.709054946899414
dataset/test/Tomato_Septoria_leaf_spot/Septoria_tomato_Margaret-20B_p8170755_0002_25004_jpg.rf.3fbb14d553c623c77f342b3a54baddab_aug_67aug63.jpg,Tomato_Septoria_leaf_spot,Tomato_Septoria_leaf_spot,0.9984825253486633,1,1.145585060119629,7.488397598266602,0.20237255096435547,8.839316368103027
dataset/test/Tomato_Septoria_leaf_spot/Septoria_tomato_Margaret-20B_p8170755_0002_25004_jpg.rf.3fbb14d553c623c77f342b3a54baddabaug33.jpg,Tomato_Septoria_leaf_spot,Tomato_Septoria_leaf_spot,0.9974132180213928,1,1.0967693328857422,7.6451005935668945,0.15588951110839844,8.900336265563965
dataset/test/Tomato_Septoria_leaf_spot/Tomato-Plant-with-Septoria-Leaf-Spot_aug_68aug65.jpg,Tomato_Septoria_leaf_spot,Tomato_Septoria_leaf_spot,0.962795615196228,1,1.0858068466186523,7.711158752441406,0.1607980728149414,8.960186958312988
dataset/test/Tomato_Septoria_leaf_spot/Tomato-Plant-with-Septoria-Leaf-Spot_aug_69aug64.jpg,Tomato_Septoria_leaf_spot,Tomato_Septoria_leaf_spot,0.9866567254066467,1,1.1229362487792969,7.648268699645996,0.15561199188232422,8.92933464050293
dataset/test/Tomato_Septoria_leaf_spot/Tomato-Plant-with-Septoria-Leaf-Spotaug34.jpg,Tomato_Septoria_leaf_spot,Tomato_Septoria_leaf_spot,0.986467182636261,1,1.1141204833984375,7.549267768859863,0.15768718719482422,8.823853492736816
dataset/test/Tomato_Septoria_leaf_spot/b54d0e40027ff5e90e8ba7e1e9abf9bdaug39.jpg,Tomato_Septoria_leaf_spot,Tomato_Septoria_leaf_spot,0.9999881982803345,1,1.0648975372314453,7.531267166137695,0.15435409545898438,8.752907752990723
dataset/test/Tomato_Septoria_leaf_spot/classic-septoria_aug_10aug48.jpg,Tomato_Septoria_leaf_spot,Tomato_Septoria_leaf_spot,0.999988317489624,1,1.087101936340332,7.520360946655273,0.16994476318359375,8.779796600341797
dataset/test/Tomato_Septoria_leaf_spot/classic-septoria_aug_11aug49.jpg,Tomato_Septoria_leaf_spot,Tomato_Septoria_leaf_spot,0.9999971389770508,1,1.1866216659545898,7.522823333740234,0.16440773010253906,8.876908302307129
dataset/test/Tomato_Septoria_leaf_spot/classic-septoriaaug5.jpg,Tomato_Septoria_leaf_spot,Tomato_Septoria_leaf_spot,0.9999988079071045,1,1.122823715209961,7.697566032409668,0.1584453582763672,8.981632232666016
dataset/test/Tomato_Septoria_leaf_spot/early+blight+on+leaf+yel+halo+IMG_2313.JPG_aug_62aug69.jpg,Tomato_Septoria_leaf_spot,Tomato_Septoria_leaf_spot,0.9999998807907104,1,1.0644712448120117,7.591268539428711,0.19266986846923828,8.850945472717285
dataset/test/Tomato_Septoria_leaf_spot/early+blight+on+leaf+yel+halo+IMG_2313.JPG_aug_63aug72.jpg,Tomato_Septoria_leaf_spot,Tomato_Septoria_leaf_spot,1.0,1,1.0699348449707031,7.672638893127441,0.160186767578125,8.905556678771973
dataset/test/Tomato_Septoria_leaf_spot/early+blight+on+leaf+yel+halo+IMG_2313.JPGaug31.jpg,Tomato_Septoria_leaf_spot,Tomato_Septoria_leaf_spot,0.9999998807907104,1,1.0591936111450195,7.635749816894531,0.15988922119140625,8.857464790344238
dataset/test/Tomato_Septoria_leaf_spot/early-blight-of-tomato-tomato-1aug38.jpg,Tomato_Septoria_leaf_spot,Tomato_Septoria_leaf_spot,0.9999974966049194,1,1.0907859802246094,7.666138648986816,0.15918636322021484,8.91872501373291
dataset/test/Tomato_Septoria_leaf_spot/eblight5_aug_18aug110.jpg,Tomato_Septoria_leaf_spot,Tomato_Septoria_leaf_spot,0.9760957360267639,1,1.023972511291504,7.764472961425781,0.16109466552734375,8.952743530273438
dataset/test/Tomato_Septoria_leaf_spot/eblight5_aug_19aug117.jpg,Tomato_Septoria_leaf_spot,Tomato_Septoria_leaf_spot,0.9974119067192078,1,1.0643234252929688,7.5833234786987305,0.15864944458007812,8.809020042419434
dataset/test/Tomato_Septoria_leaf_spot/eblight5aug9.jpg,Tomato_Septoria_leaf_spot,Tomato_Septoria_leaf_spot,0.9999998807907104,1,1.0174894332885742,7.694842338562012,0.16146469116210938,8.876501083374023
dataset/test/Tomato_Septoria_leaf_spot/images (1)_aug_54aug93.jpg,Tomato_Septoria_leaf_spot,Tomato_Septoria_leaf_spot,0.9989944100379944,1,1.0350637435913086,7.693658828735352,0.15800094604492188,8.889297485351562
dataset/test/Tomato_Septoria_leaf_spot/images (1)_aug_55aug87.jpg,Tomato_Septoria_leaf_spot,Tomato_Septoria_leaf_spot,0.9993109703063965,1,1.0388975143432617,7.670527458190918,0.15911102294921875,8.871112823486328
dataset/test/Tomato_Septoria_leaf_spot/images (1)aug27.jpg,Tomato_Septoria_leaf_spot,Tomato_Septoria_leaf_spot,0.9998030066490173,1,1.070138931274414,7.621694564819336,0.18970489501953125,8.884186744689941
dataset/test/Tomato_Septoria_leaf_spot/tomato-blight-treatment-blight_jpg.rf.78cbf6055199828cb682fd0a6435a157_aug_74aug58.jpg,Tomato_Septoria_leaf_spot,Tomato_Septoria_leaf_spot,1.0,1,1.0408439636230469,8.31132984161377,0.15477943420410156,9.50961685180664
dataset/test/Tomato_Septoria_leaf_spot/tomato-blight-treatment-blight_jpg.rf.78cbf6055199828cb682fd0a6435a157aug37.jpg,Tomato_Septoria_leaf_spot,Tomato_Septoria_leaf_spot,1.0,1,1.0333242416381836,7.636971473693848,0.15876102447509766,8.831631660461426
dataset/test/Tomato_Septoria_leaf_spot/tomato-early-blight-e1437503226856_aug_4aug50.jpg,Tomato_Septoria_leaf_spot,Tomato_Septoria_leaf_spot,0.9993205070495605,1,1.173527717590332,7.547472953796387,0.16687297821044922,8.890816688537598
dataset/test/Tomato_Septoria_leaf_spot/tomato-early-blight-e1437503226856_aug_5aug55.jpg,Tomato_Septoria_leaf_spot,Tomato_Septoria_leaf_spot,0.9998050332069397,1,1.1552677154541016,8.606128692626953,0.1610574722290039,9.925085067749023
dataset/test/Tomato_Septoria_leaf_spot/tomato-early-blight-e1437503226856aug2.jpg,Tomato_Septoria_leaf_spot,Tomato_Septoria_leaf_spot,0.9993982315063477,1,1.0874919891357422,7.783917427062988,0.1606121063232422,9.034892082214355
dataset/test/Tomato_Septoria_leaf_spot/tomato-early-blightH_jpg.rf.2633fbae0a933eb2711cb8466f34aca1_aug_12aug119.jpg,Tomato_Septoria_leaf_spot,Tomato_Septoria_leaf_spot,0.9696947336196899,1,1.1345653533935547,19.31910800933838,0.174835205078125,20.631305694580078
dataset/test/Tomato_Septoria_leaf_spot/tomato-early-blightH_jpg.rf.2633fbae0a933eb2711cb8466f34aca1_aug_13aug114.jpg,Tomato_Septoria_leaf_spot,Tomato_Septoria_leaf_spot,0.9999876022338867,1,5.196321487426758,10.578757286071777,0.16179847717285156,15.939931869506836
dataset/test/Tomato_Septoria_leaf_spot/tomato-early-blightH_jpg.rf.2633fbae0a933eb2711cb8466f34aca1aug6.jpg,Tomato_Septoria_leaf_spot,Tomato_Septoria_leaf_spot,0.9999961853027344,1,1.1650657653808594,9.218467712402344,0.16003894805908203,10.545905113220215
dataset/test/Tomato_Septoria_leaf_spot/tomato-septoria-3-500x384_aug_32aug104.jpg,Tomato_Septoria_leaf_spot,Tomato_Septoria_leaf_spot,0.9999939203262329,1,1.0557689666748047,7.6995649337768555,0.15729808807373047,8.915353775024414
dataset/test/Tomato_Septoria_leaf_spot/tomato-septoria-3-500x384_aug_33aug106.jpg,Tomato_Septoria_leaf_spot,Tomato_Septoria_leaf_spot,0.9999407529830933,1,1.0545282363891602,7.879844665527344,0.14716815948486328,9.083818435668945
dataset/test/Tomato_Septoria_leaf_spot/tomato-septoria-3-500x384_jpg.rf.40a23512bd3b6d8df2115d7f591913fb_aug_16aug112.jpg,Tomato_Septoria_leaf_spot,Tomato_Septoria_leaf_spot,0.9999934434890747,1,1.0500831604003906,7.451991081237793,0.20022296905517578,8.704962730407715
dataset/test/Tomato_Septoria_leaf_spot/tomato-septoria-3-500x384_jpg.rf.40a23512bd3b6d8df2115d7f591913fb_aug_17aug111.jpg,Tomato_Septoria_leaf_spot,Tomato_Septoria_leaf_spot,0.9999895095825195,1,1.066915512084961,7.559008598327637,0.15711212158203125,8.785870552062988
dataset/test/Tomato_Septoria_leaf_spot/tomato-septoria-3-500x384_jpg.rf.40a23512bd3b6d8df2115d7f591913fbaug8.jpg,Tomato_Septoria_leaf_spot,Tomato_Septoria_leaf_spot,0.999997615814209,1,1.0587682723999023,7.659066200256348,0.157501220703125,8.878225326538086
dataset/test/Tomato_Septoria_leaf_spot/tomato-septoria-3-500x384aug16.jpg,Tomato_Septoria_leaf_spot,Tomato_Septoria_leaf_spot,0.9999996423721313,1,1.063675880432129,7.675288200378418,0.15803909301757812,8.900094985961914
dataset/test/Tomato_Septoria_leaf_spot/tomato-septoria-5_jpg.rf.fab97ae4bb3726e33dcbde7262ec6a65aug40.jpg,Tomato_Septoria_leaf_spot,Tomato_Septoria_leaf_spot,0.999937891960144,1,1.0652122497558594,7.786492347717285,0.15861225128173828,9.012908935546875
dataset/test/Tomato_Septoria_leaf_spot/tomato-septoria-leaf-spot--_aug_22aug109.jpg,Tomato_Septoria_leaf_spot,Tomato_Septoria_leaf_spot,0.9925106763839722,1,1.1516027450561523,7.673101425170898,0.15781688690185547,8.985355377197266
dataset/test/Tomato_Septoria_leaf_spot/tomato-septoria-leaf-spot--_aug_23aug108.jpg,Tomato_Septoria_leaf_spot,Tomato_Septoria_leaf_spot,0.9694013595581055,1,1.1169538497924805,7.48991584777832,0.15796470642089844,8.767260551452637
dataset/test/Tomato_Septoria_leaf_spot/tomato-septoria-leaf-spot--_jpg.rf.06783859d6d3e49976374e4146674e0b_aug_48aug94.jpg,Tomato_Septoria_leaf_spot,Tomato_Septoria_leaf_spot,0.9993244409561157,1,1.1039905548095703,7.886030197143555,0.15787124633789062,9.150430679321289
dataset/test/Tomato_Septoria_leaf_spot/tomato-septoria-leaf-spot--_jpg.rf.06783859d6d3e49976374e4146674e0b_aug_49aug88.jpg,Tomato_Septoria_leaf_spot,Tomato_Septoria_leaf_spot,0.9764087796211243,1,1.1338253021240234,7.638675689697266,0.15942859649658203,8.934518814086914
dataset/test/Tomato_Septoria_leaf_spot/tomato-septoria-leaf-spot--_jpg.rf.06783859d6d3e49976374e4146674e0baug24.jpg,Tomato_Septoria_leaf_spot,Tomato_Septoria_leaf_spot,0.9809972047805786,1,1.1963071823120117,7.645898818969727,0.1561136245727539,9.001151084899902
dataset/test/Tomato_Septoria_leaf_spot/tomato-septoria-leaf-spot--_jpg.rf.5e63d9a20f5557b9bb3617e79b48ef85_aug_26aug95.jpg,Tomato_Septoria_leaf_spot,Tomato_Septoria_leaf_spot,0.6498484015464783,1,1.1379547119140625,8.535905838012695,0.16611289978027344,9.842879295349121
dataset/test/Tomato_Septoria_leaf_spot/tomato-septoria-leaf-spot--_jpg.rf.5e63d9a20f5557b9bb3617e79b48ef85_aug_27aug101.jpg,Tomato_Septoria_leaf_spot,Tomato_Septoria_leaf_spot,0.8137344121932983,1,1.1242876052856445,7.663084030151367,0.15722370147705078,8.947038650512695
dataset/test/Tomato_Septoria_leaf_spot/tomato-septoria-leaf-spot--_jpg.rf.5e63d9a20f5557b9bb3617e79b48ef85aug13.jpg,Tomato_Septoria_leaf_spot,Tomato_Septoria_leaf_spot,0.9927230477333069,1,1.1545467376708984,7.644026756286621,0.15642833709716797,8.957539558410645
dataset/test/Tomato_Septoria_leaf_spot/tomato-septoria-leaf-spot--aug11.jpg,Tomato_Septoria_leaf_spot,Tomato_Early_blight_leaf,0.7697315812110901,0,1.1581382751464844,7.749658584594727,0.14846420288085938,9.058558464050293
dataset/test/Tomato_Septoria_leaf_spot/tomato-septoria-leaf-spot-_aug_28aug105.jpg,Tomato_Septoria_leaf_spot,Tomato_Septoria_leaf_spot,0.9993140697479248,1,1.0650825500488281,7.617583274841309,0.15700149536132812,8.842353820800781
dataset/test/Tomato_Septoria_leaf_spot/tomato-septoria-leaf-spot-_aug_29aug102.jpg,Tomato_Septoria_leaf_spot,Tomato_Septoria_leaf_spot,0.9993041753768921,1,1.1860466003417969,7.6094160079956055,0.15788936614990234,8.956279754638672
dataset/test/Tomato_Septoria_leaf_spot/tomato-septoria-leaf-spot-aug14.jpg,Tomato_Septoria_leaf_spot,Tomato_Septoria_leaf_spot,0.9999499320983887,1,1.1112689971923828,7.976678848266602,0.17324256896972656,9.263837814331055
dataset/test/Tomato_Septoria_leaf_spot/tomato_D2b-Early-blight---RPitblado_zoom_jpg.rf.93df1c3cb830b3940e4a23a5c4a05598_aug_8aug45.jpg,Tomato_Septoria_leaf_spot,Tomato_Septoria_leaf_spot,0.9999924898147583,1,1.1431026458740234,8.215086936950684,0.16255760192871094,9.523193359375
dataset/test/Tomato_Septoria_leaf_spot/tomato_D2b-Early-blight---RPitblado_zoom_jpg.rf.93df1c3cb830b3940e4a23a5c4a05598_aug_9aug47.jpg,Tomato_Septoria_leaf_spot,Tomato_Septoria_leaf_spot,0.9999992847442627,1,1.1538057327270508,8.304645538330078,0.1637430191040039,9.624526977539062
dataset/test/Tomato_Septoria_leaf_spot/tomato_D2b-Early-blight---RPitblado_zoom_jpg.rf.93df1c3cb830b3940e4a23a5c4a05598aug4.jpg,Tomato_Septoria_leaf_spot,Tomato_Septoria_leaf_spot,0.9999490976333618,1,1.191065788269043,7.993993759155273,0.1608905792236328,9.34837532043457
dataset/test/Tomato_Septoria_leaf_spot/tomatoseptorialeafspotjpg-788d20798a3c74e7_aug_36aug98.jpg,Tomato_Septoria_leaf_spot,Tomato_Septoria_leaf_spot,0.9999547004699707,1,1.1065082550048828,8.038309097290039,0.16872406005859375,9.316671371459961
dataset/test/Tomato_Septoria_leaf_spot/tomatoseptorialeafspotjpg-788d20798a3c74e7_aug_37aug99.jpg,Tomato_Septoria_leaf_spot,Tomato_Septoria_leaf_spot,0.997322142124176,1,1.1554555892944336,7.924826622009277,0.16142749786376953,9.244264602661133
dataset/test/Tomato_Septoria_leaf_spot/tomatoseptorialeafspotjpg-788d20798a3c74e7aug18.jpg,Tomato_Septoria_leaf_spot,Tomato_Septoria_leaf_spot,0.9998779296875,1,1.151712417602539,7.962957382202148,0.15981578826904297,9.27724552154541
dataset/test/Tomato_leaf_late_blight/Gls74_change_90_aug_66aug46.jpg,Tomato_leaf_late_blight,Tomato_Septoria_leaf_spot,0.762670636177063,0,1.2451400756835938,8.151162147521973,0.1619281768798828,9.560895919799805
dataset/test/Tomato_leaf_late_blight/Gls74_change_90_aug_67aug49.jpg,Tomato_leaf_late_blight,Tomato_leaf_late_blight,0.8630693554878235,1,1.0633230209350586,8.265069007873535,0.18737220764160156,9.518265724182129
dataset/test/Tomato_leaf_late_blight/Gls74_change_90_aug_68aug41.jpg,Tomato_leaf_late_blight,Tomato_leaf_late_blight,0.5585721135139465,1,1.0607318878173828,8.016495704650879,0.1679821014404297,9.248578071594238
dataset/test/Tomato_leaf_late_blight/Gls74_change_90aug22.jpg,Tomato_leaf_late_blight,Tomato_Septoria_leaf_spot,0.891688883304596,0,1.1792335510253906,7.881827354431152,0.1684274673461914,9.23237419128418
dataset/test/Tomato_leaf_late_blight/Gls78_change_270_aug_24aug95.jpg,Tomato_leaf_late_blight,Tomato_leaf_late_blight,0.9526809453964233,1,1.0440092086791992,7.539453506469727,0.16544532775878906,8.7518892288208
dataset/test/Tomato_leaf_late_blight/Gls78_change_270_aug_25aug80.jpg,Tomato_leaf_late_blight,Tomato_leaf_late_blight,0.9441778063774109,1,1.0901203155517578,7.644953727722168,0.1595754623413086,8.897595405578613
dataset/test/Tomato_leaf_late_blight/Gls78_change_270_aug_26aug81.jpg,Tomato_leaf_late_blight,Tomato_leaf_late_blight,0.578267514705658,1,1.0305089950561523,7.713083267211914,0.16003894805908203,8.906076431274414
dataset/test/Tomato_leaf_late_blight/Gls78_change_270aug8.jpg,Tomato_leaf_late_blight,Tomato_leaf_late_blight,0.987744152545929,1,1.015507698059082,7.639379501342773,0.16689014434814453,8.824946403503418
dataset/test/Tomato_leaf_late_blight/Gls79_change_270_aug_51aug69.jpg,Tomato_leaf_late_blight,Tomato_leaf_late_blight,0.9997522234916687,1,1.0227127075195312,7.690472602844238,0.15709400177001953,8.873298645019531
dataset/test/Tomato_leaf_late_blight/Gls79_change_270_aug_52aug74.jpg,Tomato_leaf_late_blight,Tomato_leaf_late_blight,0.9970287680625916,1,1.0166378021240234,7.799548149108887,0.15485286712646484,8.97370719909668
dataset/test/Tomato_leaf_late_blight/Gls79_change_270_aug_53aug68.jpg,Tomato_leaf_late_blight,Tomato_leaf_late_blight,0.9989783763885498,1,1.036860466003418,7.485840797424316,0.15859413146972656,8.684407234191895
dataset/test/Tomato_leaf_late_blight/Gls79_change_270aug17.jpg,Tomato_leaf_late_blight,Tomato_leaf_late_blight,0.9965965151786804,1,1.012507438659668,7.963271141052246,0.1579456329345703,9.136301040649414
dataset/test/Tomato_leaf_late_blight/Gls79_change_90_aug_27aug85.jpg,Tomato_leaf_late_blight,Tomato_leaf_late_blight,0.9996898174285889,1,1.0204715728759766,7.685527801513672,0.1562051773071289,8.864669799804688
dataset/test/Tomato_leaf_late_blight/Gls79_change_90_aug_28aug97.jpg,Tomato_leaf_late_blight,Tomato_leaf_late_blight,0.999875545501709,1,1.0072860717773438,7.493138313293457,0.15722274780273438,8.660184860229492
dataset/test/Tomato_leaf_late_blight/Gls79_change_90_aug_29aug89.jpg,Tomato_leaf_late_blight,Tomato_leaf_late_blight,0.9968416690826416,1,1.0502853393554688,7.684917449951172,0.1844644546508789,8.922205924987793
dataset/test/Tomato_leaf_late_blight/Gls79_change_90aug9.jpg,Tomato_leaf_late_blight,Tomato_leaf_late_blight,0.9988849759101868,1,1.0083599090576172,7.471822738647461,0.15674114227294922,8.639426231384277
dataset/test/Tomato_leaf_late_blight/Gls79_mirror_aug_15aug104.jpg,Tomato_leaf_late_blight,Tomato_leaf_late_blight,0.9998175501823425,1,1.2379179000854492,7.687713623046875,0.1587972640991211,9.087076187133789
dataset/test/Tomato_leaf_late_blight/Gls79_mirror_aug_16aug113.jpg,Tomato_leaf_late_blight,Tomato_leaf_late_blight,0.9987862706184387,1,1.018601417541504,7.564343452453613,0.1576671600341797,8.743186950683594
dataset/test/Tomato_leaf_late_blight/Gls79_mirror_aug_17aug109.jpg,Tomato_leaf_late_blight,Tomato_leaf_late_blight,0.999935507774353,1,1.016397476196289,7.654268264770508,0.15503692626953125,8.827982902526855
dataset/test/Tomato_leaf_late_blight/Gls79_mirroraug5.jpg,Tomato_leaf_late_blight,Tomato_leaf_late_blight,0.9999505281448364,1,1.0466012954711914,7.660676002502441,0.1568889617919922,8.867094039916992
dataset/test/Tomato_leaf_late_blight/IMG_20251102_155822aug32.jpg,Tomato_leaf_late_blight,Tomato_Early_blight_leaf,0.5206393003463745,0,1.0715274810791016,7.714306831359863,0.16092681884765625,8.950058937072754
dataset/test/Tomato_leaf_late_blight/IMG_20251102_160928aug33.jpg,Tomato_leaf_late_blight,Tomato_Early_blight_leaf,0.9336112141609192,0,1.0496950149536133,7.692157745361328,0.15816783905029297,8.90242862701416
dataset/test/Tomato_leaf_late_blight/IMG_20251102_161202_aug_57aug50.jpg,Tomato_leaf_late_blight,Tomato_Early_blight_leaf,0.9998899698257446,0,1.1058053970336914,7.549768447875977,0.15294551849365234,8.810890197753906
dataset/test/Tomato_leaf_late_blight/IMG_20251102_161202_aug_58aug52.jpg,Tomato_leaf_late_blight,Tomato_Early_blight_leaf,0.9991979002952576,0,1.1244354248046875,7.451933860778809,0.1592245101928711,8.73766803741455
dataset/test/Tomato_leaf_late_blight/IMG_20251102_161202_aug_59aug39.jpg,Tomato_leaf_late_blight,Tomato_Early_blight_leaf,0.999980092048645,0,1.159621238708496,7.50521183013916,0.15781688690185547,8.825983047485352
dataset/test/Tomato_leaf_late_blight/IMG_20251102_161202aug19.jpg,Tomato_leaf_late_blight,Tomato_Early_blight_leaf,0.9999890327453613,0,1.194509506225586,7.703990936279297,0.1578531265258789,9.059078216552734
dataset/test/Tomato_leaf_late_blight/IMG_5808_jpg.rf.9de5af872dd2e7a58b115c4826fb18d4_aug_63aug53.jpg,Tomato_leaf_late_blight,Tomato_leaf_late_blight,0.9649161696434021,1,1.0667877197265625,7.806492805480957,0.16505718231201172,9.040984153747559
dataset/test/Tomato_leaf_late_blight/IMG_5808_jpg.rf.9de5af872dd2e7a58b115c4826fb18d4_aug_64aug43.jpg,Tomato_leaf_late_blight,Tomato_leaf_late_blight,0.9945515990257263,1,1.0701932907104492,7.627008438110352,0.16189002990722656,8.862372398376465
dataset/test/Tomato_leaf_late_blight/IMG_5808_jpg.rf.9de5af872dd2e7a58b115c4826fb18d4_aug_65aug38.jpg,Tomato_leaf_late_blight,Tomato_leaf_late_blight,0.9901783466339111,1,1.1160087585449219,7.711935997009277,0.1568899154663086,8.987242698669434
dataset/test/Tomato_leaf_late_blight/IMG_5808_jpg.rf.9de5af872dd2e7a58b115c4826fb18d4aug21.jpg,Tomato_leaf_late_blight,Tomato_leaf_late_blight,0.9187219738960266,1,1.0487308502197266,7.715361595153809,0.16527843475341797,8.931927680969238
dataset/test/Tomato_leaf_late_blight/LB_ (254)_aug_54aug73.jpg,Tomato_leaf_late_blight,Tomato_leaf_late_blight,0.9929659366607666,1,1.0118045806884766,7.685787200927734,0.1499643325805664,8.849370956420898
dataset/test/Tomato_leaf_late_blight/LB_ (254)_aug_55aug71.jpg,Tomato_leaf_late_blight,Tomato_leaf_late_blight,0.9994820952415466,1,0.9781742095947266,7.462175369262695,0.1577606201171875,8.600221633911133
dataset/test/Tomato_leaf_late_blight/LB_ (254)_aug_56aug78.jpg,Tomato_leaf_late_blight,Tomato_leaf_late_blight,0.9961431622505188,1,1.1006765365600586,7.558010101318359,0.1577606201171875,8.819092750549316
dataset/test/Tomato_leaf_late_blight/LB_ (254)aug18.jpg,Tomato_leaf_late_blight,Tomato_leaf_late_blight,0.9997768998146057,1,1.0421018600463867,7.603268623352051,0.1581859588623047,8.806502342224121
dataset/test/Tomato_leaf_late_blight/LB_ (276)_aug_60aug45.jpg,Tomato_leaf_late_blight,Tomato_leaf_late_blight,0.9999997615814209,1,1.0121383666992188,7.592860221862793,0.1533527374267578,8.760777473449707
dataset/test/Tomato_leaf_late_blight/LB_ (276)_aug_61aug44.jpg,Tomato_leaf_late_blight,Tomato_leaf_late_blight,0.9999139308929443,1,1.0117502212524414,7.4962873458862305,0.16759395599365234,8.678647994995117
dataset/test/Tomato_leaf_late_blight/LB_ (276)_aug_62aug40.jpg,Tomato_leaf_late_blight,Tomato_leaf_late_blight,0.999998927116394,1,1.0691375732421875,7.550878524780273,0.16309452056884766,8.78635311126709
dataset/test/Tomato_leaf_late_blight/LB_ (276)aug20.jpg,Tomato_leaf_late_blight,Tomato_leaf_late_blight,0.9999963045120239,1,1.0123224258422852,7.616917610168457,0.16679668426513672,8.79935359954834
dataset/test/Tomato_leaf_late_blight/Late-blight-foliar-leasion-on-tomato_jpg.rf.331af81e5b2aae24af0dc9b6d9933591_aug_72aug60.jpg,Tomato_leaf_late_blight,Tomato_leaf_late_blight,0.9999998807907104,1,1.1474170684814453,7.689455032348633,0.1576671600341797,8.996910095214844
dataset/test/Tomato_leaf_late_blight/Late-blight-foliar-leasion-on-tomato_jpg.rf.331af81e5b2aae24af0dc9b6d9933591_aug_73aug51.jpg,Tomato_leaf_late_blight,Tomato_leaf_late_blight,0.9999769926071167,1,1.0952692031860352,7.589935302734375,0.1651134490966797,8.85300064086914
dataset/test/Tomato_leaf_late_blight/Late-blight-foliar-leasion-on-tomato_jpg.rf.331af81e5b2aae24af0dc9b6d9933591_aug_74aug37.jpg,Tomato_leaf_late_blight,Tomato_leaf_late_blight,0.9999849796295166,1,1.1413793563842773,7.599600791931152,0.16379833221435547,8.907539367675781
dataset/test/Tomato_leaf_late_blight/Late-blight-foliar-leasion-on-tomato_jpg.rf.331af81e5b2aae24af0dc9b6d9933591aug24.jpg,Tomato_leaf_late_blight,Tomato_leaf_late_blight,0.999987006187439,1,1.0926389694213867,7.685547828674316,0.155853271484375,8.936687469482422
dataset/test/Tomato_leaf_late_blight/Late-blight-on-a-tomato-leaf_jpg.rf.8a0bcac661db5b0d51beab8e2bf6cd6caug29.jpg,Tomato_leaf_late_blight,Tomato_leaf_late_blight,1.0,1,1.0885276794433594,7.710140228271484,0.1495199203491211,8.9503173828125
dataset/test/Tomato_leaf_late_blight/Late-blight-on-a-tomato-leaf_jpg.rf.8defdb736385f3e1da6fba17b2786ac9_aug_84aug36.jpg,Tomato_leaf_late_blight,Tomato_leaf_late_blight,0.9999988079071045,1,1.0081205368041992,7.527896881103516,0.15614891052246094,8.69451904296875
dataset/test/Tomato_leaf_late_blight/Late-blight-on-a-tomato-leaf_jpg.rf.8defdb736385f3e1da6fba17b2786ac9aug28.jpg,Tomato_leaf_late_blight,Tomato_leaf_late_blight,0.9999879598617554,1,1.0899906158447266,7.556119918823242,0.15850067138671875,8.80751895904541
dataset/test/Tomato_leaf_late_blight/Late-blight-symptoms-on-tomato-leaves-1r3uhy2_jpg.rf.92fa5ba375a2c3ce572ef7e12695be90aug31.jpg,Tomato_leaf_late_blight,Tomato_leaf_late_blight,0.9999862909317017,1,1.0737323760986328,7.630990982055664,0.15809345245361328,8.865150451660156
dataset/test/Tomato_leaf_late_blight/Late-blight-tomato-leaf-VikramBisht-MBag_jpg.rf.ec494f1ab0c0417fed47095af181f852_aug_6aug117.jpg,Tomato_leaf_late_blight,Tomato_leaf_late_blight,0.9900913238525391,1,1.0754899978637695,7.686918258666992,0.16714859008789062,8.93270492553711
dataset/test/Tomato_leaf_late_blight/Late-blight-tomato-leaf-VikramBisht-MBag_jpg.rf.ec494f1ab0c0417fed47095af181f852_aug_7aug116.jpg,Tomato_leaf_late_blight,Tomato_leaf_late_blight,0.9373033046722412,1,1.121565818786621,7.630861282348633,0.15855693817138672,8.91378116607666
dataset/test/Tomato_leaf_late_blight/Late-blight-tomato-leaf-VikramBisht-MBag_jpg.rf.ec494f1ab0c0417fed47095af181f852_aug_8aug115.jpg,Tomato_leaf_late_blight,Tomato_leaf_late_blight,0.994279146194458,1,1.0706396102905273,7.794919013977051,0.16674327850341797,9.035466194152832
dataset/test/Tomato_leaf_late_blight/Late-blight-tomato-leaf-VikramBisht-MBag_jpg.rf.ec494f1ab0c0417fed47095af181f852aug2.jpg,Tomato_leaf_late_blight,Tomato_leaf_late_blight,0.9938143491744995,1,1.0792675018310547,7.7444353103637695,0.15400028228759766,8.980170249938965
dataset/test/Tomato_leaf_late_blight/LateBlight-Tomato-JJ-2009-17nxg4q_aug_36aug79.jpg,Tomato_leaf_late_blight,Tomato_leaf_late_blight,0.9885348677635193,1,1.0023231506347656,7.498101234436035,0.15796375274658203,8.661295890808105
dataset/test/Tomato_leaf_late_blight/LateBlight-Tomato-JJ-2009-17nxg4q_aug_37aug87.jpg,Tomato_leaf_late_blight,Tomato_leaf_late_blight,0.5453971028327942,1,1.120009422302246,7.4717864990234375,0.1908721923828125,8.785573959350586
dataset/test/Tomato_leaf_late_blight/LateBlight-Tomato-JJ-2009-17nxg4q_aug_38aug67.jpg,Tomato_leaf_late_blight,Tomato_leaf_late_blight,0.9881449937820435,1,1.0111570358276367,7.649749755859375,0.1656513214111328,8.829520225524902
dataset/test/Tomato_leaf_late_blight/LateBlight-Tomato-JJ-2009-17nxg4q_jpg.rf.93780f99f071013cf0764b40fc6db48c_aug_48aug77.jpg,Tomato_leaf_late_blight,Tomato_leaf_late_blight,0.9999969005584717,1,1.0112857818603516,7.612805366516113,0.16533374786376953,8.792463302612305
dataset/test/Tomato_leaf_late_blight/LateBlight-Tomato-JJ-2009-17nxg4q_jpg.rf.93780f99f071013cf0764b40fc6db48c_aug_49aug65.jpg,Tomato_leaf_late_blight,Tomato_leaf_late_blight,0.9999996423721313,1,1.0223054885864258,7.719286918640137,0.15633487701416016,8.900575637817383
dataset/test/Tomato_leaf_late_blight/LateBlight-Tomato-JJ-2009-17nxg4q_jpg.rf.93780f99f071013cf0764b40fc6db48c_aug_50aug75.jpg,Tomato_leaf_late_blight,Tomato_leaf_late_blight,0.999995231628418,1,1.0161380767822266,7.590953826904297,0.15833473205566406,8.767833709716797
dataset/test/Tomato_leaf_late_blight/LateBlight-Tomato-JJ-2009-17nxg4q_jpg.rf.93780f99f071013cf0764b40fc6db48caug16.jpg,Tomato_leaf_late_blight,Tomato_leaf_late_blight,0.9999988079071045,1,1.0488433837890625,7.602268218994141,0.15589046478271484,8.809463500976562
dataset/test/Tomato_leaf_late_blight/LateBlight-Tomato-JJ-2009-17nxg4qaug12.jpg,Tomato_leaf_late_blight,Tomato_leaf_late_blight,0.90802401304245,1,1.0181198120117188,7.600620269775391,0.1485748291015625,8.769611358642578
dataset/test/Tomato_leaf_late_blight/Lb11_mirror_verticalaug34.jpg,Tomato_leaf_late_blight,Tomato_leaf_late_blight,0.9984921216964722,1,1.0280818939208984,7.502138137817383,0.1570568084716797,8.689852714538574
dataset/test/Tomato_leaf_late_blight/Lb51_mirror_aug_39aug83.jpg,Tomato_leaf_late_blight,Tomato_leaf_late_blight,0.999798595905304,1,1.140359878540039,7.57906436920166,0.15668773651123047,8.878684997558594
dataset/test/Tomato_leaf_late_blight/Lb51_mirror_aug_40aug96.jpg,Tomato_leaf_late_blight,Tomato_leaf_late_blight,0.9999898672103882,1,1.0324716567993164,7.713992118835449,0.1567230224609375,8.90565013885498
dataset/test/Tomato_leaf_late_blight/Lb51_mirror_aug_41aug91.jpg,Tomato_leaf_late_blight,Tomato_leaf_late_blight,0.9998266100883484,1,1.0740652084350586,7.64475154876709,0.15605545043945312,8.87746524810791
dataset/test/Tomato_leaf_late_blight/Lb51_mirroraug13.jpg,Tomato_leaf_late_blight,Tomato_leaf_late_blight,0.9998950958251953,1,1.0394725799560547,7.654584884643555,0.15518569946289062,8.851853370666504
dataset/test/Tomato_leaf_late_blight/Lb52_change_90_aug_42aug64.jpg,Tomato_leaf_late_blight,Tomato_leaf_late_blight,0.9999896287918091,1,1.019155502319336,7.609657287597656,0.15687084197998047,8.788594245910645
dataset/test/Tomato_leaf_late_blight/Lb52_change_90_aug_43aug63.jpg,Tomato_leaf_late_blight,Tomato_leaf_late_blight,0.9999997615814209,1,1.0093050003051758,7.511859893798828,0.1585378646850586,8.682276725769043
dataset/test/Tomato_leaf_late_blight/Lb52_change_90_aug_44aug70.jpg,Tomato_leaf_late_blight,Tomato_leaf_late_blight,0.9999865293502808,1,1.0197868347167969,7.6560468673706055,0.1539287567138672,8.832074165344238
dataset/test/Tomato_leaf_late_blight/Lb52_change_90aug14.jpg,Tomato_leaf_late_blight,Tomato_leaf_late_blight,0.9999980926513672,1,1.1068429946899414,7.663323402404785,0.15642738342285156,8.929353713989258
dataset/test/Tomato_leaf_late_blight/Lb69_aug_45aug76.jpg,Tomato_leaf_late_blight,Tomato_leaf_late_blight,0.9999969005584717,1,1.0077857971191406,7.658176422119141,0.15763092041015625,8.826258659362793
dataset/test/Tomato_leaf_late_blight/Lb69_aug_46aug72.jpg,Tomato_leaf_late_blight,Tomato_leaf_late_blight,0.9999971389770508,1,1.020859718322754,7.69313907623291,0.15790843963623047,8.874222755432129
dataset/test/Tomato_leaf_late_blight/Lb69_aug_47aug66.jpg,Tomato_leaf_late_blight,Tomato_leaf_late_blight,0.9999994039535522,1,1.0122489929199219,7.622899055480957,0.16479873657226562,8.802871704101562
dataset/test/Tomato_leaf_late_blight/Lb69aug15.jpg,Tomato_leaf_late_blight,Tomato_leaf_late_blight,0.9999980926513672,1,1.0536565780639648,7.650768280029297,0.15450096130371094,8.861224174499512
dataset/test/Tomato_leaf_late_blight/Lb8_mirror_vertical_aug_10aug118.jpg,Tomato_leaf_late_blight,Tomato_leaf_late_blight,0.7130351066589355,1,1.038656234741211,7.4887847900390625,0.1643352508544922,8.694795608520508
dataset/test/Tomato_leaf_late_blight/Lb8_mirror_vertical_aug_11aug111.jpg,Tomato_leaf_late_blight,Tomato_leaf_late_blight,0.9955417513847351,1,1.0762500762939453,7.529823303222656,0.1575021743774414,8.765889167785645
dataset/test/Tomato_leaf_late_blight/Lb8_mirror_vertical_aug_9aug103.jpg,Tomato_leaf_late_blight,Tomato_leaf_late_blight,0.6055316925048828,1,1.0167875289916992,7.664029121398926,0.16822433471679688,8.851889610290527
dataset/test/Tomato_leaf_late_blight/Lb8_mirror_verticalaug3.jpg,Tomato_leaf_late_blight,Tomato_leaf_late_blight,0.9962835907936096,1,1.0250835418701172,7.648842811584473,0.15650272369384766,8.833038330078125
dataset/test/Tomato_leaf_late_blight/Lb97_aug_21aug84.jpg,Tomato_leaf_late_blight,Tomato_leaf_late_blight,0.9915906190872192,1,1.0666570663452148,7.494692802429199,0.16092681884765625,8.725000381469727
dataset/test/Tomato_leaf_late_blight/Lb97_aug_22aug101.jpg,Tomato_leaf_late_blight,Tomato_leaf_late_blight,0.9999912977218628,1,1.0714921951293945,7.646639823913574,0.1590566635131836,8.879705429077148
dataset/test/Tomato_leaf_late_blight/Lb97_aug_23aug82.jpg,Tomato_leaf_late_blight,Tomato_leaf_late_blight,0.9999923706054688,1,1.0364532470703125,8.174661636352539,0.15513134002685547,9.368727684020996
dataset/test/Tomato_leaf_late_blight/Lb97aug7.jpg,Tomato_leaf_late_blight,Tomato_leaf_late_blight,0.9999654293060303,1,1.0288963317871094,7.651249885559082,0.149871826171875,8.832983016967773
dataset/test/Tomato_leaf_late_blight/Leaf-2Bsymptoms-2BMDA_jpg.rf.39b220104d04636fad4f5aae043826cb_aug_0aug108.jpg,Tomato_leaf_late_blight,Tomato_leaf_late_blight,0.9998364448547363,1,1.0713977813720703,8.485627174377441,0.155853271484375,9.71530532836914
dataset/test/Tomato_leaf_late_blight/Leaf-2Bsymptoms-2BMDA_jpg.rf.39b220104d04636fad4f5aae043826cb_aug_1aug106.jpg,Tomato_leaf_late_blight,Tomato_leaf_late_blight,0.9999634027481079,1,1.089879035949707,7.576175689697266,0.15609359741210938,8.824445724487305
dataset/test/Tomato_leaf_late_blight/Leaf-2Bsymptoms-2BMDA_jpg.rf.39b220104d04636fad4f5aae043826cb_aug_2aug119.jpg,Tomato_leaf_late_blight,Tomato_leaf_late_blight,0.9993348717689514,1,1.0690460205078125,8.028215408325195,0.1652059555053711,9.265522956848145
dataset/test/Tomato_leaf_late_blight/Leaf-2Bsymptoms-2BMDA_jpg.rf.39b220104d04636fad4f5aae043826cbaug0.jpg,Tomato_leaf_late_blight,Tomato_leaf_late_blight,0.9997933506965637,1,1.1046571731567383,20.575526237487793,0.15946578979492188,21.842426300048828
dataset/test/Tomato_leaf_late_blight/Tomato-20bacterial-20canker-JPG_jpg.rf.8b568c1d5efcfdcef44c606eb076b889_aug_30aug92.jpg,Tomato_leaf_late_blight,Tomato_Early_blight_leaf,0.7220917344093323,0,1.089787483215332,12.041695594787598,0.15609455108642578,13.29007625579834
dataset/test/Tomato_leaf_late_blight/Tomato-20bacterial-20canker-JPG_jpg.rf.8b568c1d5efcfdcef44c606eb076b889_aug_31aug98.jpg,Tomato_leaf_late_blight,Tomato_leaf_late_blight,0.8067134022712708,1,1.084768295288086,7.989013671875,0.154205322265625,9.230375289916992
dataset/test/Tomato_leaf_late_blight/Tomato-20bacterial-20canker-JPG_jpg.rf.8b568c1d5efcfdcef44c606eb076b889_aug_32aug90.jpg,Tomato_leaf_late_blight,Tomato_Early_blight_leaf,0.6661307215690613,0,1.1459531784057617,7.493952751159668,0.1938343048095703,8.836259841918945
dataset/test/Tomato_leaf_late_blight/Tomato-20bacterial-20canker-JPG_jpg.rf.8b568c1d5efcfdcef44c606eb076b889aug10.jpg,Tomato_leaf_late_blight,Tomato_leaf_late_blight,0.6221874356269836,1,1.0840091705322266,7.745639801025391,0.1580190658569336,8.990188598632812
dataset/test/Tomato_leaf_late_blight/TomatoBlight-JPG_jpg.rf.234cbc5809dc7d942e46760a63e10d9f_aug_33aug88.jpg,Tomato_leaf_late_blight,Tomato_leaf_late_blight,0.9999958276748657,1,1.0498600006103516,7.703510284423828,0.1569652557373047,8.912927627563477
dataset/test/Tomato_leaf_late_blight/TomatoBlight-JPG_jpg.rf.234cbc5809dc7d942e46760a63e10d9f_aug_34aug86.jpg,Tomato_leaf_late_blight,Tomato_leaf_late_blight,0.9999880790710449,1,1.056304931640625,7.6576385498046875,0.1659088134765625,8.883111953735352
dataset/test/Tomato_leaf_late_blight/TomatoBlight-JPG_jpg.rf.234cbc5809dc7d942e46760a63e10d9f_aug_35aug93.jpg,Tomato_leaf_late_blight,Tomato_leaf_late_blight,0.9999624490737915,1,1.088064193725586,7.654916763305664,0.1639261245727539,8.909575462341309
dataset/test/Tomato_leaf_late_blight/TomatoBlight-JPG_jpg.rf.234cbc5809dc7d942e46760a63e10d9faug11.jpg,Tomato_leaf_late_blight,Tomato_leaf_late_blight,0.9951199293136597,1,1.1145095825195312,7.6755475997924805,0.1573162078857422,8.950316429138184
dataset/test/Tomato_leaf_late_blight/dsc_8140cs_aug_3aug114.jpg,Tomato_leaf_late_blight,Tomato_leaf_late_blight,0.9998795986175537,1,1.087508201599121,7.772158622741699,0.1586313247680664,9.02059555053711
dataset/test/Tomato_leaf_late_blight/dsc_8140cs_aug_4aug99.jpg,Tomato_leaf_late_blight,Tomato_leaf_late_blight,0.9986231327056885,1,1.0956573486328125,7.650676727294922,0.15235328674316406,8.900946617126465
dataset/test/Tomato_leaf_late_blight/dsc_8140cs_aug_5aug102.jpg,Tomato_leaf_late_blight,Tomato_leaf_late_blight,0.9999555349349976,1,1.07806396484375,7.480044364929199,0.16796398162841797,8.729205131530762
dataset/test/Tomato_leaf_late_blight/dsc_8140csaug1.jpg,Tomato_leaf_late_blight,Tomato_leaf_late_blight,0.991569459438324,1,1.1053237915039062,7.54421329498291,0.1737232208251953,8.825742721557617
dataset/test/Tomato_leaf_late_blight/late_jpg.rf.f64883c6ac50eb4f477851ddc23305e8_aug_69aug47.jpg,Tomato_leaf_late_blight,Tomato_Early_blight_leaf,0.861361563205719,0,1.1619901657104492,7.664472579956055,0.1567230224609375,8.986021995544434
dataset/test/Tomato_leaf_late_blight/late_jpg.rf.f64883c6ac50eb4f477851ddc23305e8_aug_70aug48.jpg,Tomato_leaf_late_blight,Tomato_Early_blight_leaf,0.617866575717926,0,1.0789527893066406,7.665825843811035,0.1572589874267578,8.904797554016113
dataset/test/Tomato_leaf_late_blight/late_jpg.rf.f64883c6ac50eb4f477851ddc23305e8_aug_71aug42.jpg,Tomato_leaf_late_blight,Tomato_Early_blight_leaf,0.794135332107544,0,1.0932693481445312,8.489776611328125,0.1590566635131836,9.744674682617188
dataset/test/Tomato_leaf_late_blight/late_jpg.rf.f64883c6ac50eb4f477851ddc23305e8aug23.jpg,Tomato_leaf_late_blight,Tomato_Early_blight_leaf,0.8706960678100586,0,1.1714353561401367,7.748862266540527,0.1582965850830078,9.081336975097656
dataset/test/Tomato_leaf_late_blight/lateblightTom_lesionaug30.jpg,Tomato_leaf_late_blight,Tomato_leaf_late_blight,0.9981156587600708,1,1.0050630569458008,7.675843238830566,0.15761280059814453,8.841612815856934
dataset/test/Tomato_leaf_late_blight/lb_leaf_lesions2x1200_jpg.rf.3a72cc9627c3ba6d79a876e19220824e_aug_81aug56.jpg,Tomato_leaf_late_blight,Tomato_leaf_late_blight,1.0,1,1.048842430114746,7.506303787231445,0.16844654083251953,8.726481437683105
dataset/test/Tomato_leaf_late_blight/lb_leaf_lesions2x1200_jpg.rf.3a72cc9627c3ba6d79a876e19220824e_aug_82aug62.jpg,Tomato_leaf_late_blight,Tomato_leaf_late_blight,1.0,1,1.0861196517944336,7.653398513793945,0.15755653381347656,8.899613380432129
dataset/test/Tomato_leaf_late_blight/lb_leaf_lesions2x1200_jpg.rf.3a72cc9627c3ba6d79a876e19220824e_aug_83aug57.jpg,Tomato_leaf_late_blight,Tomato_leaf_late_blight,0.9999996423721313,1,1.0773792266845703,7.778120994567871,0.15842723846435547,9.01661491394043
dataset/test/Tomato_leaf_late_blight/lb_leaf_lesions2x1200_jpg.rf.3a72cc9627c3ba6d79a876e19220824eaug27.jpg,Tomato_leaf_late_blight,Tomato_leaf_late_blight,0.9999991655349731,1,1.0393590927124023,7.613899230957031,0.1583538055419922,8.814315795898438
dataset/test/Tomato_leaf_late_blight/p1020076cs_aug_78aug35.jpg,Tomato_leaf_late_blight,Tomato_leaf_late_blight,0.9994831085205078,1,1.043452262878418,7.656601905822754,0.16855621337890625,8.872149467468262
dataset/test/Tomato_leaf_late_blight/p1020076cs_aug_79aug59.jpg,Tomato_leaf_late_blight,Tomato_leaf_late_blight,0.9990266561508179,1,1.0375089645385742,7.606212615966797,0.1594076156616211,8.805777549743652
dataset/test/Tomato_leaf_late_blight/p1020076cs_aug_80aug55.jpg,Tomato_leaf_late_blight,Tomato_leaf_late_blight,0.9998741149902344,1,1.046341896057129,7.595065116882324,0.1579456329345703,8.802112579345703
dataset/test/Tomato_leaf_late_blight/p1020076csaug26.jpg,Tomato_leaf_late_blight,Tomato_leaf_late_blight,0.9807246923446655,1,1.0629348754882812,7.7476959228515625,0.15287208557128906,8.966243743896484
dataset/test/Tomato_leaf_late_blight/symptoms_of_late_blight_0_jpg.rf.417903f6c86ccb4f4bcd7139e0867018_aug_75aug58.jpg,Tomato_leaf_late_blight,Tomato_leaf_late_blight,0.9999985694885254,1,1.062657356262207,7.588454246520996,0.21065044403076172,8.864168167114258
dataset/test/Tomato_leaf_late_blight/symptoms_of_late_blight_0_jpg.rf.417903f6c86ccb4f4bcd7139e0867018_aug_76aug54.jpg,Tomato_leaf_late_blight,Tomato_leaf_late_blight,0.9998348951339722,1,1.1465282440185547,7.6183061599731445,0.15902042388916016,8.926761627197266
dataset/test/Tomato_leaf_late_blight/symptoms_of_late_blight_0_jpg.rf.417903f6c86ccb4f4bcd7139e0867018_aug_77aug61.jpg,Tomato_leaf_late_blight,Tomato_leaf_late_blight,0.9998899698257446,1,1.0846385955810547,8.008474349975586,0.15918731689453125,9.254764556884766
dataset/test/Tomato_leaf_late_blight/symptoms_of_late_blight_0_jpg.rf.417903f6c86ccb4f4bcd7139e0867018aug25.jpg,Tomato_leaf_late_blight,Tomato_leaf_late_blight,0.9999990463256836,1,1.1187686920166016,7.6761579513549805,0.16248226165771484,8.960187911987305
dataset/test/Tomato_leaf_late_blight/tomato-late-blight-leaf-61-3x32_aug_12aug112.jpg,Tomato_leaf_late_blight,Tomato_leaf_late_blight,0.9999996423721313,1,1.0308418273925781,7.822251319885254,0.16622257232666016,9.022372245788574
dataset/test/Tomato_leaf_late_blight/tomato-late-blight-leaf-61-3x32_aug_13aug110.jpg,Tomato_leaf_late_blight,Tomato_leaf_late_blight,0.9993023872375488,1,1.019618034362793,7.721158027648926,0.15829753875732422,8.901667594909668
dataset/test/Tomato_leaf_late_blight/tomato-late-blight-leaf-61-3x32_aug_14aug105.jpg,Tomato_leaf_late_blight,Tomato_leaf_late_blight,0.9999665021896362,1,1.036508560180664,7.543377876281738,0.16718769073486328,8.75
dataset/test/Tomato_leaf_late_blight/tomato-late-blight-leaf-61-3x32aug4.jpg,Tomato_leaf_late_blight,Tomato_leaf_late_blight,0.9999985694885254,1,1.0751018524169922,7.817936897277832,0.16111278533935547,9.056780815124512
dataset/test/Tomato_leaf_late_blight/tomato.early.blightH_aug_18aug100.jpg,Tomato_leaf_late_blight,Tomato_Septoria_leaf_spot,0.9997251629829407,0,1.147749900817871,8.044347763061523,0.16368675231933594,9.358172416687012
dataset/test/Tomato_leaf_late_blight/tomato.early.blightH_aug_19aug107.jpg,Tomato_leaf_late_blight,Tomato_Septoria_leaf_spot,0.999640941619873,0,1.1659183502197266,7.957012176513672,0.16229724884033203,9.287875175476074
dataset/test/Tomato_leaf_late_blight/tomato.early.blightH_aug_20aug94.jpg,Tomato_leaf_late_blight,Tomato_Septoria_leaf_spot,0.99960857629776,0,1.2158994674682617,8.011863708496094,0.16257476806640625,9.39315414428711
dataset/test/Tomato_leaf_late_blight/tomato.early.blightHaug6.jpg,Tomato_leaf_late_blight,Tomato_Septoria_leaf_spot,0.9718900918960571,0,1.176788330078125,8.134069442749023,0.16153907775878906,9.474933624267578
dataset/test/Tomato_leaf_yellow_curl_virus/1342017-162221-44540_jpg.rf.f68314ea4850dade3a214dec71c83715_aug_77aug56.jpg,Tomato_leaf_yellow_curl_virus,Tomato_leaf_yellow_curl_virus,0.9999994039535522,1,1.1280651092529297,8.043865203857422,0.16220569610595703,9.336671829223633
dataset/test/Tomato_leaf_yellow_curl_virus/1342017-162221-44540_jpg.rf.f68314ea4850dade3a214dec71c83715_aug_78aug81.jpg,Tomato_leaf_yellow_curl_virus,Tomato_leaf_yellow_curl_virus,0.9999923706054688,1,1.1792879104614258,7.99553108215332,0.1606311798095703,9.337931632995605
dataset/test/Tomato_leaf_yellow_curl_virus/1342017-162221-44540_jpg.rf.f68314ea4850dade3a214dec71c83715_aug_79aug60.jpg,Tomato_leaf_yellow_curl_virus,Tomato_leaf_yellow_curl_virus,1.0,1,1.137953758239746,8.053995132446289,0.1631488800048828,9.35791301727295
dataset/test/Tomato_leaf_yellow_curl_virus/1342017-162221-44540_jpg.rf.f68314ea4850dade3a214dec71c83715_aug_80aug64.jpg,Tomato_leaf_yellow_curl_virus,Tomato_leaf_yellow_curl_virus,1.0,1,1.1410293579101562,8.363959312438965,0.1608905792236328,9.668305397033691
dataset/test/Tomato_leaf_yellow_curl_virus/1342017-162221-44540_jpg.rf.f68314ea4850dade3a214dec71c83715_aug_81aug61.jpg,Tomato_leaf_yellow_curl_virus,Tomato_leaf_yellow_curl_virus,0.999998927116394,1,1.168675422668457,8.03775405883789,0.15683555603027344,9.365876197814941
dataset/test/Tomato_leaf_yellow_curl_virus/1342017-162221-44540_jpg.rf.f68314ea4850dade3a214dec71c83715_aug_82aug80.jpg,Tomato_leaf_yellow_curl_virus,Tomato_leaf_yellow_curl_virus,0.9999998807907104,1,1.141249656677246,8.152384757995605,0.15294456481933594,9.449079513549805
dataset/test/Tomato_leaf_yellow_curl_virus/1342017-162221-44540_jpg.rf.f68314ea4850dade3a214dec71c83715_aug_83aug70.jpg,Tomato_leaf_yellow_curl_virus,Tomato_leaf_yellow_curl_virus,0.9999974966049194,1,1.0976753234863281,7.569676399230957,0.1597604751586914,8.829333305358887
dataset/test/Tomato_leaf_yellow_curl_virus/1342017-162221-44540_jpg.rf.f68314ea4850dade3a214dec71c83715aug11.jpg,Tomato_leaf_yellow_curl_virus,Tomato_leaf_yellow_curl_virus,1.0,1,1.2130661010742188,7.568416595458984,0.15953826904296875,8.944242477416992
dataset/test/Tomato_leaf_yellow_curl_virus/8226402877_9abf151b5b_b_jpg.rf.a2dff27e03c5ab47916df5d873c1590f_aug_70aug66.jpg,Tomato_leaf_yellow_curl_virus,Tomato_leaf_yellow_curl_virus,0.999994158744812,1,1.0731563568115234,7.816362380981445,0.1672048568725586,9.059910774230957
dataset/test/Tomato_leaf_yellow_curl_virus/8226402877_9abf151b5b_b_jpg.rf.a2dff27e03c5ab47916df5d873c1590f_aug_71aug69.jpg,Tomato_leaf_yellow_curl_virus,Tomato_leaf_yellow_curl_virus,0.9999992847442627,1,1.0712127685546875,7.731233596801758,0.1663532257080078,8.971502304077148
dataset/test/Tomato_leaf_yellow_curl_virus/8226402877_9abf151b5b_b_jpg.rf.a2dff27e03c5ab47916df5d873c1590f_aug_72aug73.jpg,Tomato_leaf_yellow_curl_virus,Tomato_leaf_yellow_curl_virus,0.9999970197677612,1,1.092268943786621,7.791769981384277,0.15842819213867188,9.044835090637207
dataset/test/Tomato_leaf_yellow_curl_virus/8226402877_9abf151b5b_b_jpg.rf.a2dff27e03c5ab47916df5d873c1590f_aug_73aug54.jpg,Tomato_leaf_yellow_curl_virus,Tomato_leaf_yellow_curl_virus,0.9999992847442627,1,1.114212989807129,7.6825666427612305,0.15753746032714844,8.956762313842773
dataset/test/Tomato_leaf_yellow_curl_virus/8226402877_9abf151b5b_b_jpg.rf.a2dff27e03c5ab47916df5d873c1590f_aug_74aug76.jpg,Tomato_leaf_yellow_curl_virus,Tomato_leaf_yellow_curl_virus,1.0,1,1.0950651168823242,7.772065162658691,0.15683460235595703,9.026910781860352
dataset/test/Tomato_leaf_yellow_curl_virus/8226402877_9abf151b5b_b_jpg.rf.a2dff27e03c5ab47916df5d873c1590f_aug_75aug74.jpg,Tomato_leaf_yellow_curl_virus,Tomato_leaf_yellow_curl_virus,0.9999998807907104,1,1.0929346084594727,7.603731155395508,0.17376136779785156,8.873576164245605
dataset/test/Tomato_leaf_yellow_curl_virus/8226402877_9abf151b5b_b_jpg.rf.a2dff27e03c5ab47916df5d873c1590f_aug_76aug65.jpg,Tomato_leaf_yellow_curl_virus,Tomato_leaf_yellow_curl_virus,0.9999998807907104,1,1.0869359970092773,7.83271598815918,0.1585378646850586,9.081744194030762
dataset/test/Tomato_leaf_yellow_curl_virus/8226402877_9abf151b5b_b_jpg.rf.a2dff27e03c5ab47916df5d873c1590faug10.jpg,Tomato_leaf_yellow_curl_virus,Tomato_leaf_yellow_curl_virus,1.0,1,1.124527931213379,7.753992080688477,0.15842723846435547,9.03939151763916
dataset/test/Tomato_leaf_yellow_curl_virus/DSC01999-JPG_jpg.rf.700fa6596ab8750ad0f1c47a0defe191_aug_84aug53.jpg,Tomato_leaf_yellow_curl_virus,Tomato_leaf_yellow_curl_virus,0.9999997615814209,1,1.1623620986938477,7.784584999084473,0.15850067138671875,9.108004570007324
dataset/test/Tomato_leaf_yellow_curl_virus/DSC01999-JPG_jpg.rf.700fa6596ab8750ad0f1c47a0defe191_aug_85aug82.jpg,Tomato_leaf_yellow_curl_virus,Tomato_leaf_yellow_curl_virus,0.9999998807907104,1,1.1518974304199219,7.752344131469727,0.16318702697753906,9.070003509521484
dataset/test/Tomato_leaf_yellow_curl_virus/DSC01999-JPG_jpg.rf.700fa6596ab8750ad0f1c47a0defe191_aug_86aug71.jpg,Tomato_leaf_yellow_curl_virus,Tomato_leaf_yellow_curl_virus,0.9999995231628418,1,1.2273807525634766,7.780824661254883,0.19385337829589844,9.204855918884277
dataset/test/Tomato_leaf_yellow_curl_virus/DSC01999-JPG_jpg.rf.700fa6596ab8750ad0f1c47a0defe191_aug_87aug78.jpg,Tomato_leaf_yellow_curl_virus,Tomato_leaf_yellow_curl_virus,1.0,1,1.1278047561645508,7.743529319763184,0.15548419952392578,9.02918815612793
dataset/test/Tomato_leaf_yellow_curl_virus/DSC01999-JPG_jpg.rf.700fa6596ab8750ad0f1c47a0defe191_aug_88aug51.jpg,Tomato_leaf_yellow_curl_virus,Tomato_leaf_yellow_curl_virus,1.0,1,1.1573066711425781,7.794195175170898,0.1559467315673828,9.109819412231445
dataset/test/Tomato_leaf_yellow_curl_virus/DSC01999-JPG_jpg.rf.700fa6596ab8750ad0f1c47a0defe191_aug_89aug63.jpg,Tomato_leaf_yellow_curl_virus,Tomato_leaf_yellow_curl_virus,0.9999995231628418,1,1.0976953506469727,7.6129350662231445,0.1587228775024414,8.872279167175293
dataset/test/Tomato_leaf_yellow_curl_virus/DSC01999-JPG_jpg.rf.700fa6596ab8750ad0f1c47a0defe191_aug_90aug85.jpg,Tomato_leaf_yellow_curl_virus,Tomato_leaf_yellow_curl_virus,0.9999998807907104,1,1.202286720275879,7.589323043823242,0.19527816772460938,8.989853858947754
dataset/test/Tomato_leaf_yellow_curl_virus/DSC01999-JPG_jpg.rf.700fa6596ab8750ad0f1c47a0defe191aug12.jpg,Tomato_leaf_yellow_curl_virus,Tomato_leaf_yellow_curl_virus,0.9999992847442627,1,1.098897933959961,7.6852874755859375,0.1588897705078125,8.945595741271973
dataset/test/Tomato_leaf_yellow_curl_virus/DSC01999.JPG_aug_63aug68.jpg,Tomato_leaf_yellow_curl_virus,Tomato_leaf_yellow_curl_virus,0.9999964237213135,1,1.1549177169799805,7.6788787841796875,0.16607379913330078,9.00261402130127
dataset/test/Tomato_leaf_yellow_curl_virus/DSC01999.JPG_aug_64aug72.jpg,Tomato_leaf_yellow_curl_virus,Tomato_leaf_yellow_curl_virus,0.9999996423721313,1,1.1369361877441406,7.727120399475098,0.16309356689453125,9.030391693115234
dataset/test/Tomato_leaf_yellow_curl_virus/DSC01999.JPG_aug_65aug75.jpg,Tomato_leaf_yellow_curl_virus,Tomato_leaf_yellow_curl_virus,0.9996552467346191,1,1.2052688598632812,7.765251159667969,0.15848255157470703,9.131631851196289
dataset/test/Tomato_leaf_yellow_curl_virus/DSC01999.JPG_aug_66aug58.jpg,Tomato_leaf_yellow_curl_virus,Tomato_leaf_yellow_curl_virus,0.998026430606842,1,1.1637687683105469,7.589712142944336,0.15753746032714844,8.913834571838379
dataset/test/Tomato_leaf_yellow_curl_virus/DSC01999.JPG_aug_67aug83.jpg,Tomato_leaf_yellow_curl_virus,Tomato_leaf_yellow_curl_virus,0.999998927116394,1,1.120213508605957,7.570954322814941,0.1565380096435547,8.850224494934082
dataset/test/Tomato_leaf_yellow_curl_virus/DSC01999.JPG_aug_68aug79.jpg,Tomato_leaf_yellow_curl_virus,Tomato_leaf_yellow_curl_virus,0.9999712705612183,1,1.1457319259643555,7.484323501586914,0.1736297607421875,8.80598258972168
dataset/test/Tomato_leaf_yellow_curl_virus/DSC01999.JPG_aug_69aug62.jpg,Tomato_leaf_yellow_curl_virus,Tomato_leaf_yellow_curl_virus,0.9999996423721313,1,1.2415657043457031,7.481656074523926,0.15866851806640625,8.884260177612305
dataset/test/Tomato_leaf_yellow_curl_virus/DSC01999.JPGaug9.jpg,Tomato_leaf_yellow_curl_virus,Tomato_leaf_yellow_curl_virus,0.9997155070304871,1,1.193918228149414,7.538712501525879,0.15839004516601562,8.893613815307617
dataset/test/Tomato_leaf_yellow_curl_virus/IMG_20251102_155103aug15.jpg,Tomato_leaf_yellow_curl_virus,Tomato_leaf_yellow_curl_virus,0.9883878827095032,1,1.0455455780029297,7.661158561706543,0.1665191650390625,8.87622356414795
dataset/test/Tomato_leaf_yellow_curl_virus/IMG_20251102_160455_aug_42aug104.jpg,Tomato_leaf_yellow_curl_virus,Tomato_leaf_yellow_curl_virus,0.7450471520423889,1,1.1357126235961914,7.749381065368652,0.1587972640991211,9.04644775390625
dataset/test/Tomato_leaf_yellow_curl_virus/IMG_20251102_160455_aug_43aug111.jpg,Tomato_leaf_yellow_curl_virus,Tomato_leaf_yellow_curl_virus,0.9930063486099243,1,1.0443611145019531,8.140253067016602,0.15570449829101562,9.343209266662598
dataset/test/Tomato_leaf_yellow_curl_virus/IMG_20251102_160455_aug_44aug112.jpg,Tomato_leaf_yellow_curl_virus,Tomato_leaf_yellow_curl_virus,0.9937636256217957,1,1.0780467987060547,7.609063148498535,0.15616798400878906,8.845852851867676
dataset/test/Tomato_leaf_yellow_curl_virus/IMG_20251102_160455_aug_45aug108.jpg,Tomato_leaf_yellow_curl_virus,Tomato_leaf_yellow_curl_virus,0.9947552680969238,1,1.1479167938232422,8.657148361206055,0.15866851806640625,9.966343879699707
dataset/test/Tomato_leaf_yellow_curl_virus/IMG_20251102_160455_aug_46aug110.jpg,Tomato_leaf_yellow_curl_virus,Tomato_leaf_yellow_curl_virus,0.9912644624710083,1,1.0540637969970703,7.579230308532715,0.16526126861572266,8.801389694213867
dataset/test/Tomato_leaf_yellow_curl_virus/IMG_20251102_160455_aug_47aug98.jpg,Tomato_leaf_yellow_curl_virus,Tomato_leaf_yellow_curl_virus,0.9924328327178955,1,1.0877876281738281,7.677342414855957,0.15789031982421875,8.925816535949707
dataset/test/Tomato_leaf_yellow_curl_virus/IMG_20251102_160455_aug_48aug105.jpg,Tomato_leaf_yellow_curl_virus,Tomato_leaf_yellow_curl_virus,0.9907464981079102,1,1.0377864837646484,7.640915870666504,0.15535259246826172,8.836853981018066
dataset/test/Tomato_leaf_yellow_curl_virus/IMG_20251102_160455aug6.jpg,Tomato_leaf_yellow_curl_virus,Tomato_leaf_yellow_curl_virus,0.9995580315589905,1,1.046250343322754,7.670417785644531,0.15683460235595703,8.8762788772583
dataset/test/Tomato_leaf_yellow_curl_virus/IMG_20251102_160553_aug_35aug49.jpg,Tomato_leaf_yellow_curl_virus,Tomato_leaf_yellow_curl_virus,0.9485491514205933,1,1.1376762390136719,7.62330436706543,0.1557607650756836,8.919168472290039
dataset/test/Tomato_leaf_yellow_curl_virus/IMG_20251102_160553_aug_36aug113.jpg,Tomato_leaf_yellow_curl_virus,Tomato_leaf_yellow_curl_virus,0.9158768057823181,1,1.1696395874023438,7.640270233154297,0.19379806518554688,9.006002426147461
dataset/test/Tomato_leaf_yellow_curl_virus/IMG_20251102_160553_aug_37aug114.jpg,Tomato_leaf_yellow_curl_virus,Tomato_leaf_yellow_curl_virus,0.5006696581840515,1,1.0753803253173828,7.64095401763916,0.1510944366455078,8.869853019714355
dataset/test/Tomato_leaf_yellow_curl_virus/IMG_20251102_160553_aug_38aug101.jpg,Tomato_leaf_yellow_curl_virus,Tomato_leaf_yellow_curl_virus,0.7161125540733337,1,1.076491355895996,7.5663604736328125,0.16198253631591797,8.80783462524414
dataset/test/Tomato_leaf_yellow_curl_virus/IMG_20251102_160553_aug_39aug118.jpg,Tomato_leaf_yellow_curl_virus,Tomato_leaf_yellow_curl_virus,0.6923178434371948,1,1.0922126770019531,7.466064453125,0.159149169921875,8.720001220703125
dataset/test/Tomato_leaf_yellow_curl_virus/IMG_20251102_160553_aug_40aug19.jpg,Tomato_leaf_yellow_curl_virus,Tomato_Early_blight_leaf,0.8857447504997253,0,1.0954713821411133,7.592526435852051,0.15703773498535156,8.847518920898438
dataset/test/Tomato_leaf_yellow_curl_virus/IMG_20251102_160553_aug_41aug119.jpg,Tomato_leaf_yellow_curl_virus,Tomato_leaf_yellow_curl_virus,0.44871267676353455,1,1.1296014785766602,7.638009071350098,0.16514968872070312,8.935835838317871
dataset/test/Tomato_leaf_yellow_curl_virus/IMG_20251102_160553aug5.jpg,Tomato_leaf_yellow_curl_virus,Tomato_leaf_yellow_curl_virus,0.9845153093338013,1,1.147139549255371,7.611286163330078,0.15716838836669922,8.917816162109375
dataset/test/Tomato_leaf_yellow_curl_virus/TYLCV-tomate-DB-445-171_jpg.rf.9d70326900dd981ab5d49063b0d644f0_aug_21aug41.jpg,Tomato_leaf_yellow_curl_virus,Tomato_leaf_yellow_curl_virus,0.9999998807907104,1,1.087545394897461,7.775973320007324,0.15835285186767578,9.024392127990723
dataset/test/Tomato_leaf_yellow_curl_virus/TYLCV-tomate-DB-445-171_jpg.rf.9d70326900dd981ab5d49063b0d644f0_aug_22aug30.jpg,Tomato_leaf_yellow_curl_virus,Tomato_leaf_yellow_curl_virus,0.9999998807907104,1,1.071730613708496,7.650806427001953,0.1568899154663086,8.881963729858398
dataset/test/Tomato_leaf_yellow_curl_virus/TYLCV-tomate-DB-445-171_jpg.rf.9d70326900dd981ab5d49063b0d644f0_aug_23aug42.jpg,Tomato_leaf_yellow_curl_virus,Tomato_leaf_yellow_curl_virus,0.9999997615814209,1,1.114027976989746,7.623880386352539,0.17516803741455078,8.915946006774902
dataset/test/Tomato_leaf_yellow_curl_virus/TYLCV-tomate-DB-445-171_jpg.rf.9d70326900dd981ab5d49063b0d644f0_aug_24aug45.jpg,Tomato_leaf_yellow_curl_virus,Tomato_leaf_yellow_curl_virus,1.0,1,1.047175407409668,7.505138397216797,0.15877914428710938,8.713777542114258
dataset/test/Tomato_leaf_yellow_curl_virus/TYLCV-tomate-DB-445-171_jpg.rf.9d70326900dd981ab5d49063b0d644f0_aug_25aug20.jpg,Tomato_leaf_yellow_curl_virus,Tomato_leaf_yellow_curl_virus,1.0,1,1.1360645294189453,7.501359939575195,0.15748310089111328,8.797815322875977
dataset/test/Tomato_leaf_yellow_curl_virus/TYLCV-tomate-DB-445-171_jpg.rf.9d70326900dd981ab5d49063b0d644f0_aug_26aug18.jpg,Tomato_leaf_yellow_curl_virus,Tomato_leaf_yellow_curl_virus,1.0,1,1.0856199264526367,7.692103385925293,0.17003822326660156,8.950817108154297
dataset/test/Tomato_leaf_yellow_curl_virus/TYLCV-tomate-DB-445-171_jpg.rf.9d70326900dd981ab5d49063b0d644f0_aug_27aug29.jpg,Tomato_leaf_yellow_curl_virus,Tomato_leaf_yellow_curl_virus,0.9999992847442627,1,1.0830087661743164,7.647953987121582,0.15933513641357422,8.892982482910156
dataset/test/Tomato_leaf_yellow_curl_virus/TYLCV-tomate-DB-445-171_jpg.rf.9d70326900dd981ab5d49063b0d644f0aug3.jpg,Tomato_leaf_yellow_curl_virus,Tomato_leaf_yellow_curl_virus,0.9999998807907104,1,1.1376571655273438,7.6384172439575195,0.1462240219116211,8.924779891967773
dataset/test/Tomato_leaf_yellow_curl_virus/TYLCV4_jpg.rf.2e4accea501a220be9dc475dd1ca3121_aug_10aug22.jpg,Tomato_leaf_yellow_curl_virus,Tomato_leaf_yellow_curl_virus,1.0,1,1.03228759765625,7.491286277770996,0.15900135040283203,8.684685707092285
dataset/test/Tomato_leaf_yellow_curl_virus/TYLCV4_jpg.rf.2e4accea501a220be9dc475dd1ca3121_aug_11aug44.jpg,Tomato_leaf_yellow_curl_virus,Tomato_leaf_yellow_curl_virus,1.0,1,1.0798053741455078,7.5877685546875,0.1563892364501953,8.826499938964844
dataset/test/Tomato_leaf_yellow_curl_virus/TYLCV4_jpg.rf.2e4accea501a220be9dc475dd1ca3121_aug_12aug39.jpg,Tomato_leaf_yellow_curl_virus,Tomato_leaf_yellow_curl_virus,1.0,1,1.069082260131836,7.606527328491211,0.16627979278564453,8.845038414001465
dataset/test/Tomato_leaf_yellow_curl_virus/TYLCV4_jpg.rf.2e4accea501a220be9dc475dd1ca3121_aug_13aug35.jpg,Tomato_leaf_yellow_curl_virus,Tomato_leaf_yellow_curl_virus,1.0,1,1.0734167098999023,7.7802886962890625,0.1632976531982422,9.01972484588623
dataset/test/Tomato_leaf_yellow_curl_virus/TYLCV4_jpg.rf.2e4accea501a220be9dc475dd1ca3121_aug_7aug40.jpg,Tomato_leaf_yellow_curl_virus,Tomato_leaf_yellow_curl_virus,1.0,1,1.108621597290039,7.69052791595459,0.15770435333251953,8.959427833557129
dataset/test/Tomato_leaf_yellow_curl_virus/TYLCV4_jpg.rf.2e4accea501a220be9dc475dd1ca3121_aug_8aug33.jpg,Tomato_leaf_yellow_curl_virus,Tomato_leaf_yellow_curl_virus,1.0,1,1.066415786743164,7.629268646240234,0.15640830993652344,8.854631423950195
dataset/test/Tomato_leaf_yellow_curl_virus/TYLCV4_jpg.rf.2e4accea501a220be9dc475dd1ca3121_aug_9aug48.jpg,Tomato_leaf_yellow_curl_virus,Tomato_leaf_yellow_curl_virus,1.0,1,1.0742874145507812,7.554434776306152,0.15077972412109375,8.782075881958008
dataset/test/Tomato_leaf_yellow_curl_virus/TYLCV4_jpg.rf.2e4accea501a220be9dc475dd1ca3121aug1.jpg,Tomato_leaf_yellow_curl_virus,Tomato_leaf_yellow_curl_virus,1.0,1,1.0520458221435547,7.505377769470215,0.15885257720947266,8.719110488891602
dataset/test/Tomato_leaf_yellow_curl_virus/art_15017325188173_a24a66_aug_14aug36.jpg,Tomato_leaf_yellow_curl_virus,Tomato_leaf_yellow_curl_virus,1.0,1,1.1381769180297852,7.450211524963379,0.15763092041015625,8.748612403869629
dataset/test/Tomato_leaf_yellow_curl_virus/art_15017325188173_a24a66_aug_15aug23.jpg,Tomato_leaf_yellow_curl_virus,Tomato_leaf_yellow_curl_virus,1.0,1,1.139695167541504,8.219237327575684,0.15753841400146484,9.518877983093262
dataset/test/Tomato_leaf_yellow_curl_virus/art_15017325188173_a24a66_aug_16aug34.jpg,Tomato_leaf_yellow_curl_virus,Tomato_leaf_yellow_curl_virus,1.0,1,1.0995473861694336,7.631250381469727,0.15833377838134766,8.891613006591797
dataset/test/Tomato_leaf_yellow_curl_virus/art_15017325188173_a24a66_aug_17aug43.jpg,Tomato_leaf_yellow_curl_virus,Tomato_leaf_yellow_curl_virus,0.9999970197677612,1,1.111546516418457,7.864048957824707,0.1557598114013672,9.13355827331543
dataset/test/Tomato_leaf_yellow_curl_virus/art_15017325188173_a24a66_aug_18aug47.jpg,Tomato_leaf_yellow_curl_virus,Tomato_leaf_yellow_curl_virus,0.9999984502792358,1,1.4456787109375,7.768306732177734,0.1573352813720703,9.374136924743652
dataset/test/Tomato_leaf_yellow_curl_virus/art_15017325188173_a24a66_aug_19aug25.jpg,Tomato_leaf_yellow_curl_virus,Tomato_leaf_yellow_curl_virus,1.0,1,1.1337881088256836,7.945455551147461,0.16489028930664062,9.246912002563477
dataset/test/Tomato_leaf_yellow_curl_virus/art_15017325188173_a24a66_aug_20aug46.jpg,Tomato_leaf_yellow_curl_virus,Tomato_leaf_yellow_curl_virus,0.9999996423721313,1,1.116175651550293,26.937228202819824,0.17870521545410156,28.23444366455078
dataset/test/Tomato_leaf_yellow_curl_virus/art_15017325188173_a24a66aug2.jpg,Tomato_leaf_yellow_curl_virus,Tomato_leaf_yellow_curl_virus,1.0,1,1.3245105743408203,13.263834953308105,0.16163063049316406,14.752570152282715
dataset/test/Tomato_leaf_yellow_curl_virus/psyllid-yellows_jpg.rf.1d99aab2f43a840be530ce313eb0c0fd_aug_56aug57.jpg,Tomato_leaf_yellow_curl_virus,Tomato_leaf_yellow_curl_virus,0.9999963045120239,1,1.0997323989868164,8.108383178710938,0.1622791290283203,9.372690200805664
dataset/test/Tomato_leaf_yellow_curl_virus/psyllid-yellows_jpg.rf.1d99aab2f43a840be530ce313eb0c0fd_aug_57aug84.jpg,Tomato_leaf_yellow_curl_virus,Tomato_leaf_yellow_curl_virus,0.9999982118606567,1,1.105027198791504,8.065475463867188,0.16024112701416016,9.333431243896484
dataset/test/Tomato_leaf_yellow_curl_virus/psyllid-yellows_jpg.rf.1d99aab2f43a840be530ce313eb0c0fd_aug_58aug52.jpg,Tomato_leaf_yellow_curl_virus,Tomato_leaf_yellow_curl_virus,0.9999982118606567,1,1.1352510452270508,7.82236385345459,0.1582040786743164,9.118060111999512
dataset/test/Tomato_leaf_yellow_curl_virus/psyllid-yellows_jpg.rf.1d99aab2f43a840be530ce313eb0c0fd_aug_59aug77.jpg,Tomato_leaf_yellow_curl_virus,Tomato_leaf_yellow_curl_virus,1.0,1,1.1250104904174805,7.671213150024414,0.1575756072998047,8.9561128616333
dataset/test/Tomato_leaf_yellow_curl_virus/psyllid-yellows_jpg.rf.1d99aab2f43a840be530ce313eb0c0fd_aug_60aug86.jpg,Tomato_leaf_yellow_curl_virus,Tomato_leaf_yellow_curl_virus,0.9999984502792358,1,1.1201391220092773,7.607306480407715,0.14992618560791016,8.879815101623535
dataset/test/Tomato_leaf_yellow_curl_virus/psyllid-yellows_jpg.rf.1d99aab2f43a840be530ce313eb0c0fd_aug_61aug59.jpg,Tomato_leaf_yellow_curl_virus,Tomato_leaf_yellow_curl_virus,1.0,1,1.0611391067504883,7.507730484008789,0.15727901458740234,8.728315353393555
dataset/test/Tomato_leaf_yellow_curl_virus/psyllid-yellows_jpg.rf.1d99aab2f43a840be530ce313eb0c0fd_aug_62aug67.jpg,Tomato_leaf_yellow_curl_virus,Tomato_leaf_yellow_curl_virus,0.9999980926513672,1,1.1689167022705078,7.69915771484375,0.1595754623413086,9.030113220214844
dataset/test/Tomato_leaf_yellow_curl_virus/psyllid-yellows_jpg.rf.1d99aab2f43a840be530ce313eb0c0fdaug8.jpg,Tomato_leaf_yellow_curl_virus,Tomato_leaf_yellow_curl_virus,0.9999994039535522,1,1.0911760330200195,7.686176300048828,0.15748310089111328,8.937336921691895
dataset/test/Tomato_leaf_yellow_curl_virus/tj5itxzunn3k_jpg.rf.4aeda27b2535578e718fe6279491d0d4_aug_49aug102.jpg,Tomato_leaf_yellow_curl_virus,Tomato_leaf_yellow_curl_virus,1.0,1,1.0364360809326172,7.722548484802246,0.17616748809814453,8.937687873840332
dataset/test/Tomato_leaf_yellow_curl_virus/tj5itxzunn3k_jpg.rf.4aeda27b2535578e718fe6279491d0d4_aug_50aug109.jpg,Tomato_leaf_yellow_curl_virus,Tomato_leaf_yellow_curl_virus,1.0,1,1.0508432388305664,7.841269493103027,0.1584463119506836,9.053337097167969
dataset/test/Tomato_leaf_yellow_curl_virus/tj5itxzunn3k_jpg.rf.4aeda27b2535578e718fe6279491d0d4_aug_51aug99.jpg,Tomato_leaf_yellow_curl_virus,Tomato_leaf_yellow_curl_virus,1.0,1,1.1003427505493164,7.9449567794799805,0.25522327423095703,9.303504943847656
dataset/test/Tomato_leaf_yellow_curl_virus/tj5itxzunn3k_jpg.rf.4aeda27b2535578e718fe6279491d0d4_aug_52aug103.jpg,Tomato_leaf_yellow_curl_virus,Tomato_leaf_yellow_curl_virus,1.0,1,1.060953140258789,7.849214553833008,0.16281604766845703,9.075724601745605
dataset/test/Tomato_leaf_yellow_curl_virus/tj5itxzunn3k_jpg.rf.4aeda27b2535578e718fe6279491d0d4_aug_53aug100.jpg,Tomato_leaf_yellow_curl_virus,Tomato_leaf_yellow_curl_virus,1.0,1,1.0715456008911133,8.511701583862305,0.16557693481445312,9.751434326171875
dataset/test/Tomato_leaf_yellow_curl_virus/tj5itxzunn3k_jpg.rf.4aeda27b2535578e718fe6279491d0d4_aug_54aug106.jpg,Tomato_leaf_yellow_curl_virus,Tomato_leaf_yellow_curl_virus,1.0,1,1.0907678604125977,8.307440757751465,0.1616497039794922,9.562246322631836
dataset/test/Tomato_leaf_yellow_curl_virus/tj5itxzunn3k_jpg.rf.4aeda27b2535578e718fe6279491d0d4_aug_55aug107.jpg,Tomato_leaf_yellow_curl_virus,Tomato_leaf_yellow_curl_virus,1.0,1,1.0570287704467773,7.896345138549805,0.17390918731689453,9.13029956817627
dataset/test/Tomato_leaf_yellow_curl_virus/tj5itxzunn3k_jpg.rf.4aeda27b2535578e718fe6279491d0d4aug7.jpg,Tomato_leaf_yellow_curl_virus,Tomato_leaf_yellow_curl_virus,1.0,1,1.070047378540039,7.902474403381348,0.15885257720947266,9.133707046508789
dataset/test/Tomato_leaf_yellow_curl_virus/tomato-yellow-closeup-3_aug_28aug16.jpg,Tomato_leaf_yellow_curl_virus,Tomato_leaf_yellow_curl_virus,0.8457971811294556,1,1.1582145690917969,7.957103729248047,0.16259384155273438,9.28057861328125
dataset/test/Tomato_leaf_yellow_curl_virus/tomato-yellow-closeup-3_aug_29aug27.jpg,Tomato_leaf_yellow_curl_virus,Tomato_Early_blight_leaf,0.5138996839523315,0,1.1252870559692383,8.01423454284668,0.1620197296142578,9.304244995117188
dataset/test/Tomato_leaf_yellow_curl_virus/tomato-yellow-closeup-3_aug_30aug117.jpg,Tomato_leaf_yellow_curl_virus,Tomato_leaf_yellow_curl_virus,0.8843569159507751,1,1.1205835342407227,7.699713706970215,0.17305660247802734,8.996206283569336
dataset/test/Tomato_leaf_yellow_curl_virus/tomato-yellow-closeup-3_aug_31aug31.jpg,Tomato_leaf_yellow_curl_virus,Tomato_leaf_yellow_curl_virus,0.8640661239624023,1,1.1668052673339844,7.66928768157959,0.15496444702148438,8.99351978302002
dataset/test/Tomato_leaf_yellow_curl_virus/tomato-yellow-closeup-3_aug_32aug115.jpg,Tomato_leaf_yellow_curl_virus,Tomato_leaf_yellow_curl_virus,0.9223894476890564,1,1.1007509231567383,7.508435249328613,0.1685009002685547,8.780574798583984
dataset/test/Tomato_leaf_yellow_curl_virus/tomato-yellow-closeup-3_aug_33aug116.jpg,Tomato_leaf_yellow_curl_virus,Tomato_leaf_yellow_curl_virus,0.4487224519252777,1,1.1865472793579102,7.567286491394043,0.15933513641357422,8.915297508239746
dataset/test/Tomato_leaf_yellow_curl_virus/tomato-yellow-closeup-3_aug_34aug26.jpg,Tomato_leaf_yellow_curl_virus,Tomato_leaf_yellow_curl_virus,0.920401394367218,1,1.091008186340332,7.887345314025879,0.15890789031982422,9.139873504638672
dataset/test/Tomato_leaf_yellow_curl_virus/tomato-yellow-closeup-3aug4.jpg,Tomato_leaf_yellow_curl_virus,Tomato_leaf_yellow_curl_virus,0.6187915205955505,1,1.1184358596801758,7.726583480834961,0.18322372436523438,9.030706405639648
dataset/test/Tomato_leaf_yellow_curl_virus/tomato-yellow-leaf-curl-virus-tomato-1_aug_100aug92.jpg,Tomato_leaf_yellow_curl_virus,Tomato_leaf_yellow_curl_virus,1.0,1,1.1033239364624023,7.647102355957031,0.15961456298828125,8.912503242492676
dataset/test/Tomato_leaf_yellow_curl_virus/tomato-yellow-leaf-curl-virus-tomato-1_aug_101aug95.jpg,Tomato_leaf_yellow_curl_virus,Tomato_leaf_yellow_curl_virus,0.9999998807907104,1,1.1048059463500977,7.650860786437988,0.15666770935058594,8.915241241455078
dataset/test/Tomato_leaf_yellow_curl_virus/tomato-yellow-leaf-curl-virus-tomato-1_aug_102aug88.jpg,Tomato_leaf_yellow_curl_virus,Tomato_leaf_yellow_curl_virus,1.0,1,1.0998420715332031,7.541508674621582,0.15709400177001953,8.800777435302734
dataset/test/Tomato_leaf_yellow_curl_virus/tomato-yellow-leaf-curl-virus-tomato-1_aug_103aug93.jpg,Tomato_leaf_yellow_curl_virus,Tomato_leaf_yellow_curl_virus,0.9999853372573853,1,1.1213798522949219,8.19140338897705,0.15548419952392578,9.470450401306152
dataset/test/Tomato_leaf_yellow_curl_virus/tomato-yellow-leaf-curl-virus-tomato-1_aug_98aug91.jpg,Tomato_leaf_yellow_curl_virus,Tomato_leaf_yellow_curl_virus,0.9999995231628418,1,1.0932502746582031,7.706175804138184,0.1530752182006836,8.95494556427002
dataset/test/Tomato_leaf_yellow_curl_virus/tomato-yellow-leaf-curl-virus-tomato-1_aug_99aug90.jpg,Tomato_leaf_yellow_curl_virus,Tomato_leaf_yellow_curl_virus,0.9999997615814209,1,1.0747308731079102,7.545934677124023,0.15952014923095703,8.782648086547852
dataset/test/Tomato_leaf_yellow_curl_virus/tomato-yellow-leaf-curl-virus-tomato-1aug14.jpg,Tomato_leaf_yellow_curl_virus,Tomato_leaf_yellow_curl_virus,0.9999991655349731,1,1.183323860168457,7.596953392028809,0.1626119613647461,8.94613265991211
dataset/test/Tomato_leaf_yellow_curl_virus/tomatoyellowleafcurlcropped_aug_91aug55.jpg,Tomato_leaf_yellow_curl_virus,Tomato_leaf_yellow_curl_virus,0.9999985694885254,1,1.1375646591186523,7.966846466064453,0.1608896255493164,9.26800537109375
dataset/test/Tomato_leaf_yellow_curl_virus/tomatoyellowleafcurlcropped_aug_92aug89.jpg,Tomato_leaf_yellow_curl_virus,Tomato_leaf_yellow_curl_virus,0.9999983310699463,1,1.0983781814575195,7.8556413650512695,0.1605367660522461,9.117262840270996
dataset/test/Tomato_leaf_yellow_curl_virus/tomatoyellowleafcurlcropped_aug_93aug97.jpg,Tomato_leaf_yellow_curl_virus,Tomato_leaf_yellow_curl_virus,0.9999996423721313,1,1.099416732788086,7.931271553039551,0.1607990264892578,9.194615364074707
dataset/test/Tomato_leaf_yellow_curl_virus/tomatoyellowleafcurlcropped_aug_94aug50.jpg,Tomato_leaf_yellow_curl_virus,Tomato_leaf_yellow_curl_virus,0.9999475479125977,1,1.1334733963012695,7.944362640380859,0.21977996826171875,9.300374031066895
dataset/test/Tomato_leaf_yellow_curl_virus/tomatoyellowleafcurlcropped_aug_95aug87.jpg,Tomato_leaf_yellow_curl_virus,Tomato_leaf_yellow_curl_virus,0.9999995231628418,1,1.1099910736083984,7.920955657958984,0.16176128387451172,9.195300102233887
dataset/test/Tomato_leaf_yellow_curl_virus/tomatoyellowleafcurlcropped_aug_96aug96.jpg,Tomato_leaf_yellow_curl_virus,Tomato_leaf_yellow_curl_virus,0.9999997615814209,1,1.0945653915405273,7.872511863708496,0.15683460235595703,9.126317977905273
dataset/test/Tomato_leaf_yellow_curl_virus/tomatoyellowleafcurlcropped_aug_97aug94.jpg,Tomato_leaf_yellow_curl_virus,Tomato_leaf_yellow_curl_virus,0.9999978542327881,1,1.088862419128418,7.707657814025879,0.16118717193603516,8.960464477539062
dataset/test/Tomato_leaf_yellow_curl_virus/tomatoyellowleafcurlcroppedaug13.jpg,Tomato_leaf_yellow_curl_virus,Tomato_leaf_yellow_curl_virus,0.9999996423721313,1,1.2181396484375,8.0401611328125,0.16240882873535156,9.422876358032227
dataset/test/Tomato_leaf_yellow_curl_virus/virus1_aug_0aug37.jpg,Tomato_leaf_yellow_curl_virus,Tomato_leaf_yellow_curl_virus,0.9999953508377075,1,1.1956205368041992,7.83256721496582,0.1617603302001953,9.19279956817627
dataset/test/Tomato_leaf_yellow_curl_virus/virus1_aug_1aug21.jpg,Tomato_leaf_yellow_curl_virus,Tomato_leaf_yellow_curl_virus,0.9995613694190979,1,1.0692129135131836,7.838011741638184,0.16740894317626953,9.077743530273438
dataset/test/Tomato_leaf_yellow_curl_virus/virus1_aug_2aug24.jpg,Tomato_leaf_yellow_curl_virus,Tomato_leaf_yellow_curl_virus,0.9999681711196899,1,1.0758790969848633,7.880584716796875,0.22907543182373047,9.188465118408203
dataset/test/Tomato_leaf_yellow_curl_virus/virus1_aug_3aug17.jpg,Tomato_leaf_yellow_curl_virus,Tomato_leaf_yellow_curl_virus,0.999876856803894,1,1.055267333984375,7.860937118530273,0.1593170166015625,9.078150749206543
dataset/test/Tomato_leaf_yellow_curl_virus/virus1_aug_4aug28.jpg,Tomato_leaf_yellow_curl_virus,Tomato_leaf_yellow_curl_virus,0.9994227886199951,1,1.0525455474853516,7.666471481323242,0.15802001953125,8.879446983337402
dataset/test/Tomato_leaf_yellow_curl_virus/virus1_aug_5aug32.jpg,Tomato_leaf_yellow_curl_virus,Tomato_leaf_yellow_curl_virus,0.999876856803894,1,1.0572853088378906,7.467990875244141,0.3101682662963867,8.838445663452148
dataset/test/Tomato_leaf_yellow_curl_virus/virus1_aug_6aug38.jpg,Tomato_leaf_yellow_curl_virus,Tomato_leaf_yellow_curl_virus,0.9241050481796265,1,1.0173969268798828,7.493395805358887,0.15900230407714844,8.672407150268555
dataset/test/Tomato_leaf_yellow_curl_virus/virus1aug0.jpg,Tomato_leaf_yellow_curl_virus,Tomato_leaf_yellow_curl_virus,0.9999176263809204,1,1.1358070373535156,7.60532283782959,0.1590566635131836,8.90283489227295
dataset/test/Tomato_mold_leaf/IMG-20240724-WA0020_aug_68aug87.jpg,Tomato_mold_leaf,Tomato_mold_leaf,0.9965217113494873,1,1.0898981094360352,7.6710100173950195,0.15977859497070312,8.923354148864746
dataset/test/Tomato_mold_leaf/IMG-20240724-WA0020_aug_69aug97.jpg,Tomato_mold_leaf,Tomato_mold_leaf,0.9676231741905212,1,1.0881767272949219,7.675898551940918,0.1575021743774414,8.924335479736328
dataset/test/Tomato_mold_leaf/IMG-20240724-WA0020_aug_70aug82.jpg,Tomato_mold_leaf,Tomato_mold_leaf,0.99825519323349,1,1.1082134246826172,7.696510314941406,0.1574268341064453,8.96481704711914
dataset/test/Tomato_mold_leaf/IMG-20240724-WA0020_aug_71aug98.jpg,Tomato_mold_leaf,Tomato_mold_leaf,0.9969596862792969,1,1.1303424835205078,7.7078447341918945,0.1574077606201172,8.998022079467773
dataset/test/Tomato_mold_leaf/IMG-20240724-WA0020aug17.jpg,Tomato_mold_leaf,Tomato_mold_leaf,0.9971081614494324,1,1.0846023559570312,7.669028282165527,0.15659427642822266,8.912890434265137
dataset/test/Tomato_mold_leaf/IMG-20240724-WA0044_aug_10aug44.jpg,Tomato_mold_leaf,Tomato_mold_leaf,0.9987642765045166,1,1.0770282745361328,7.58021354675293,0.16220569610595703,8.821983337402344
dataset/test/Tomato_mold_leaf/IMG-20240724-WA0044_aug_11aug49.jpg,Tomato_mold_leaf,Tomato_mold_leaf,0.974622368812561,1,1.2242136001586914,7.712324142456055,0.17113018035888672,9.11044692993164
dataset/test/Tomato_mold_leaf/IMG-20240724-WA0044_aug_8aug35.jpg,Tomato_mold_leaf,Tomato_mold_leaf,0.9941644072532654,1,1.166825294494629,7.826214790344238,0.16259479522705078,9.158615112304688
dataset/test/Tomato_mold_leaf/IMG-20240724-WA0044_aug_9aug41.jpg,Tomato_mold_leaf,Tomato_mold_leaf,0.9994426369667053,1,1.1084728240966797,7.966307640075684,0.16029739379882812,9.237818717956543
dataset/test/Tomato_mold_leaf/IMG-20240724-WA0044aug2.jpg,Tomato_mold_leaf,Tomato_mold_leaf,0.9991627931594849,1,1.1057701110839844,7.866049766540527,0.16185379028320312,9.136763572692871
dataset/test/Tomato_mold_leaf/IMG-20240724-WA0055_aug_28aug27.jpg,Tomato_mold_leaf,Tomato_mold_leaf,0.9999996423721313,1,1.1027498245239258,7.9284563064575195,0.16161155700683594,9.195892333984375
dataset/test/Tomato_mold_leaf/IMG-20240724-WA0055_aug_29aug28.jpg,Tomato_mold_leaf,Tomato_mold_leaf,0.9999996423721313,1,1.1383428573608398,7.849028587341309,0.15650081634521484,9.146448135375977
dataset/test/Tomato_mold_leaf/IMG-20240724-WA0055_aug_30aug43.jpg,Tomato_mold_leaf,Tomato_mold_leaf,0.9999974966049194,1,1.1011762619018555,7.823307037353516,0.15852069854736328,9.085577011108398
dataset/test/Tomato_mold_leaf/IMG-20240724-WA0055_aug_31aug50.jpg,Tomato_mold_leaf,Tomato_mold_leaf,0.9999957084655762,1,1.1688623428344727,7.6912689208984375,0.1677227020263672,9.031206130981445
dataset/test/Tomato_mold_leaf/IMG-20240724-WA0055aug7.jpg,Tomato_mold_leaf,Tomato_mold_leaf,0.9999983310699463,1,1.138472557067871,8.0220308303833,0.16037273406982422,9.323487281799316
dataset/test/Tomato_mold_leaf/IMG-20240724-WA0065_aug_80aug69.jpg,Tomato_mold_leaf,Tomato_mold_leaf,0.9999985694885254,1,1.1405096054077148,7.888011932373047,0.1602783203125,9.191412925720215
dataset/test/Tomato_mold_leaf/IMG-20240724-WA0065_aug_81aug70.jpg,Tomato_mold_leaf,Tomato_mold_leaf,0.9999996423721313,1,1.1478986740112305,7.869956016540527,0.16202068328857422,9.182707786560059
dataset/test/Tomato_mold_leaf/IMG-20240724-WA0065_aug_82aug66.jpg,Tomato_mold_leaf,Tomato_mold_leaf,0.9999997615814209,1,1.1598234176635742,7.882401466369629,0.1601858139038086,9.205151557922363
dataset/test/Tomato_mold_leaf/IMG-20240724-WA0065_aug_83aug65.jpg,Tomato_mold_leaf,Tomato_mold_leaf,0.9999998807907104,1,1.1046571731567383,7.8983259201049805,0.16077899932861328,9.16622543334961
dataset/test/Tomato_mold_leaf/IMG-20240724-WA0065aug20.jpg,Tomato_mold_leaf,Tomato_mold_leaf,0.9999997615814209,1,1.1050100326538086,8.19610595703125,0.1688547134399414,9.473043441772461
dataset/test/Tomato_mold_leaf/IMG-20240725-WA0031_aug_0aug46.jpg,Tomato_mold_leaf,Tomato_mold_leaf,0.9726788401603699,1,1.072305679321289,7.972492218017578,0.19498252868652344,9.242262840270996
dataset/test/Tomato_mold_leaf/IMG-20240725-WA0031_aug_1aug47.jpg,Tomato_mold_leaf,Tomato_mold_leaf,0.9841139316558838,1,1.1076936721801758,7.845843315124512,0.16100120544433594,9.116965293884277
dataset/test/Tomato_mold_leaf/IMG-20240725-WA0031_aug_2aug37.jpg,Tomato_mold_leaf,Tomato_mold_leaf,0.9726788401603699,1,1.0644893646240234,7.709380149841309,0.32674407958984375,9.103466033935547
dataset/test/Tomato_mold_leaf/IMG-20240725-WA0031_aug_3aug45.jpg,Tomato_mold_leaf,Tomato_mold_leaf,0.9966276288032532,1,1.0121192932128906,7.6852874755859375,0.16116809844970703,8.861390113830566
dataset/test/Tomato_mold_leaf/IMG-20240725-WA0031aug0.jpg,Tomato_mold_leaf,Tomato_Early_blight_leaf,0.6137449145317078,0,1.1125106811523438,7.824825286865234,0.1608715057373047,9.100687026977539
dataset/test/Tomato_mold_leaf/IMG-20240725-WA0039_aug_72aug79.jpg,Tomato_mold_leaf,Tomato_mold_leaf,1.0,1,1.0751571655273438,7.978772163391113,0.16248226165771484,9.218856811523438
dataset/test/Tomato_mold_leaf/IMG-20240725-WA0039_aug_73aug95.jpg,Tomato_mold_leaf,Tomato_mold_leaf,0.9999996423721313,1,1.0732669830322266,8.072420120239258,0.1603717803955078,9.308968544006348
dataset/test/Tomato_mold_leaf/IMG-20240725-WA0039_aug_74aug71.jpg,Tomato_mold_leaf,Tomato_mold_leaf,0.999984860420227,1,1.0583982467651367,7.898530006408691,0.19559383392333984,9.155466079711914
dataset/test/Tomato_mold_leaf/IMG-20240725-WA0039_aug_75aug80.jpg,Tomato_mold_leaf,Tomato_mold_leaf,0.999995231628418,1,1.0956764221191406,7.991365432739258,0.16501998901367188,9.255319595336914
dataset/test/Tomato_mold_leaf/IMG-20240725-WA0039aug18.jpg,Tomato_mold_leaf,Tomato_mold_leaf,1.0,1,1.0856571197509766,8.00223445892334,0.16189098358154297,9.252375602722168
dataset/test/Tomato_mold_leaf/IMG-20240727-WA0038_aug_40aug105.jpg,Tomato_mold_leaf,Tomato_mold_leaf,0.9727717638015747,1,1.1150274276733398,8.050217628479004,0.16340923309326172,9.332060813903809
dataset/test/Tomato_mold_leaf/IMG-20240727-WA0038_aug_41aug106.jpg,Tomato_mold_leaf,Tomato_mold_leaf,0.9744312763214111,1,1.1339912414550781,8.000788688659668,0.1615753173828125,9.29887580871582
dataset/test/Tomato_mold_leaf/IMG-20240727-WA0038_aug_42aug116.jpg,Tomato_mold_leaf,Tomato_mold_leaf,0.999847412109375,1,1.0747137069702148,8.00495719909668,0.15009307861328125,9.232059478759766
dataset/test/Tomato_mold_leaf/IMG-20240727-WA0038_aug_43aug110.jpg,Tomato_mold_leaf,Tomato_mold_leaf,0.9689954519271851,1,1.087677001953125,7.790288925170898,0.1634836196899414,9.043929100036621
dataset/test/Tomato_mold_leaf/IMG-20240727-WA0038aug10.jpg,Tomato_mold_leaf,Tomato_mold_leaf,0.9998044371604919,1,1.126399040222168,8.00456714630127,0.16337299346923828,9.29694938659668
dataset/test/Tomato_mold_leaf/IMG-20240727-WA0040_aug_56aug92.jpg,Tomato_mold_leaf,Tomato_mold_leaf,0.9996860027313232,1,1.0858068466186523,8.015531539916992,0.1631307601928711,9.26768970489502
dataset/test/Tomato_mold_leaf/IMG-20240727-WA0040_aug_57aug83.jpg,Tomato_mold_leaf,Tomato_mold_leaf,0.9995046854019165,1,1.0949344635009766,8.080216407775879,0.16450023651123047,9.342486381530762
dataset/test/Tomato_mold_leaf/IMG-20240727-WA0040_aug_58aug77.jpg,Tomato_mold_leaf,Tomato_mold_leaf,0.9995999932289124,1,1.1225833892822266,8.025697708129883,0.16100120544433594,9.311966896057129
dataset/test/Tomato_mold_leaf/IMG-20240727-WA0040_aug_59aug94.jpg,Tomato_mold_leaf,Tomato_mold_leaf,0.9992914199829102,1,1.0910825729370117,8.04288387298584,0.16014862060546875,9.29683780670166
dataset/test/Tomato_mold_leaf/IMG-20240727-WA0040aug14.jpg,Tomato_mold_leaf,Tomato_mold_leaf,0.999859094619751,1,1.0802507400512695,7.835066795349121,0.32596683502197266,9.244264602661133
dataset/test/Tomato_mold_leaf/IMG-20240727-WA0124_aug_20aug54.jpg,Tomato_mold_leaf,Tomato_mold_leaf,0.9998224377632141,1,1.0748052597045898,7.8251953125,0.16464900970458984,9.067336082458496
dataset/test/Tomato_mold_leaf/IMG-20240727-WA0124_aug_21aug38.jpg,Tomato_mold_leaf,Tomato_mold_leaf,0.9997522234916687,1,1.2245464324951172,7.8220672607421875,0.16285324096679688,9.211893081665039
dataset/test/Tomato_mold_leaf/IMG-20240727-WA0124_aug_22aug31.jpg,Tomato_mold_leaf,Tomato_mold_leaf,0.9999773502349854,1,1.1081562042236328,8.072530746459961,0.16276073455810547,9.346375465393066
dataset/test/Tomato_mold_leaf/IMG-20240727-WA0124_aug_23aug55.jpg,Tomato_mold_leaf,Tomato_mold_leaf,0.9999717473983765,1,1.1478996276855469,7.995123863220215,0.16414928436279297,9.310005187988281
dataset/test/Tomato_mold_leaf/IMG-20240727-WA0124aug5.jpg,Tomato_mold_leaf,Tomato_mold_leaf,0.9999947547912598,1,1.093306541442871,8.059754371643066,0.1638345718383789,9.31946849822998
dataset/test/Tomato_mold_leaf/IMG-20240727-WA0153_aug_92aug58.jpg,Tomato_mold_leaf,Tomato_mold_leaf,1.0,1,1.0853424072265625,7.999883651733398,0.1621685028076172,9.250245094299316
dataset/test/Tomato_mold_leaf/IMG-20240727-WA0153_aug_93aug60.jpg,Tomato_mold_leaf,Tomato_mold_leaf,0.9999995231628418,1,1.0738420486450195,8.007548332214355,0.19535446166992188,9.279966354370117
dataset/test/Tomato_mold_leaf/IMG-20240727-WA0153aug23.jpg,Tomato_mold_leaf,Tomato_mold_leaf,1.0,1,1.073786735534668,8.071475982666016,0.16111183166503906,9.309097290039062
dataset/test/Tomato_mold_leaf/IMG-20240727-WA0165aug25.jpg,Tomato_mold_leaf,Tomato_mold_leaf,1.0,1,1.0783605575561523,8.035013198852539,0.16187095642089844,9.278079986572266
dataset/test/Tomato_mold_leaf/IMG-20240728-WA0028_aug_64aug91.jpg,Tomato_mold_leaf,Tomato_mold_leaf,0.9999922513961792,1,1.0741758346557617,7.863751411437988,0.1528339385986328,9.093077659606934
dataset/test/Tomato_mold_leaf/IMG-20240728-WA0028_aug_65aug86.jpg,Tomato_mold_leaf,Tomato_mold_leaf,0.9999957084655762,1,1.0508966445922852,7.492877960205078,0.1562786102294922,8.702315330505371
dataset/test/Tomato_mold_leaf/IMG-20240728-WA0028_aug_66aug78.jpg,Tomato_mold_leaf,Tomato_mold_leaf,0.9999798536300659,1,1.1444721221923828,7.478379249572754,0.15826129913330078,8.784000396728516
dataset/test/Tomato_mold_leaf/IMG-20240728-WA0028_aug_67aug99.jpg,Tomato_mold_leaf,Tomato_mold_leaf,0.9999829530715942,1,1.0415639877319336,7.720325469970703,0.15966796875,8.92455768585205
dataset/test/Tomato_mold_leaf/IMG-20240728-WA0028aug16.jpg,Tomato_mold_leaf,Tomato_mold_leaf,0.999994158744812,1,1.034341812133789,8.252607345581055,0.1578350067138672,9.44750690460205
dataset/test/Tomato_mold_leaf/IMG-20240728-WA0068_aug_12aug29.jpg,Tomato_mold_leaf,Tomato_mold_leaf,0.9999285936355591,1,1.094583511352539,7.84027099609375,0.15859413146972656,9.09602165222168
dataset/test/Tomato_mold_leaf/IMG-20240728-WA0068_aug_13aug30.jpg,Tomato_mold_leaf,Tomato_mold_leaf,0.9999792575836182,1,1.0428228378295898,8.337533950805664,0.15890884399414062,9.541913986206055
dataset/test/Tomato_mold_leaf/IMG-20240728-WA0068_aug_14aug56.jpg,Tomato_mold_leaf,Tomato_mold_leaf,0.9999972581863403,1,1.049027442932129,7.8546953201293945,0.16092681884765625,9.067095756530762
dataset/test/Tomato_mold_leaf/IMG-20240728-WA0068_aug_15aug42.jpg,Tomato_mold_leaf,Tomato_mold_leaf,0.9999663829803467,1,1.095139503479004,11.829822540283203,0.17894554138183594,13.106444358825684
dataset/test/Tomato_mold_leaf/IMG-20240728-WA0068aug3.jpg,Tomato_mold_leaf,Tomato_mold_leaf,0.9999897480010986,1,1.5309200286865234,21.916909217834473,0.16337108612060547,23.614347457885742
dataset/test/Tomato_mold_leaf/IMG-20240728-WA0074_aug_44aug102.jpg,Tomato_mold_leaf,Tomato_mold_leaf,0.9999455213546753,1,1.1540842056274414,7.579620361328125,0.16013145446777344,8.896446228027344
dataset/test/Tomato_mold_leaf/IMG-20240728-WA0074_aug_45aug75.jpg,Tomato_mold_leaf,Tomato_mold_leaf,0.9998496770858765,1,1.0849170684814453,8.297070503234863,0.15948200225830078,9.54400634765625
dataset/test/Tomato_mold_leaf/IMG-20240728-WA0074_aug_46aug89.jpg,Tomato_mold_leaf,Tomato_mold_leaf,0.9980205297470093,1,1.0618982315063477,7.683843612670898,0.16342830657958984,8.911871910095215
dataset/test/Tomato_mold_leaf/IMG-20240728-WA0074_aug_47aug111.jpg,Tomato_mold_leaf,Tomato_mold_leaf,0.9995177984237671,1,1.11273193359375,7.916197776794434,0.15800094604492188,9.189874649047852
dataset/test/Tomato_mold_leaf/IMG-20240728-WA0074aug11.jpg,Tomato_mold_leaf,Tomato_mold_leaf,0.9996159076690674,1,1.062138557434082,7.656564712524414,0.15716838836669922,8.87807559967041
dataset/test/Tomato_mold_leaf/IMG-20240728-WA0075aug24.jpg,Tomato_mold_leaf,Tomato_mold_leaf,0.9999985694885254,1,1.056304931640625,7.633639335632324,0.15275955200195312,8.845149040222168
dataset/test/Tomato_mold_leaf/IMG-20240728-WA0087_aug_32aug113.jpg,Tomato_mold_leaf,Tomato_mold_leaf,0.9999896287918091,1,1.0621023178100586,7.511397361755371,0.15815067291259766,8.734128952026367
dataset/test/Tomato_mold_leaf/IMG-20240728-WA0087_aug_33aug112.jpg,Tomato_mold_leaf,Tomato_mold_leaf,1.0,1,1.1112146377563477,7.660529136657715,0.16831684112548828,8.943038940429688
dataset/test/Tomato_mold_leaf/IMG-20240728-WA0087_aug_34aug104.jpg,Tomato_mold_leaf,Tomato_mold_leaf,1.0,1,1.0793781280517578,7.730731964111328,0.16187191009521484,8.974482536315918
dataset/test/Tomato_mold_leaf/IMG-20240728-WA0087_aug_35aug100.jpg,Tomato_mold_leaf,Tomato_mold_leaf,1.0,1,1.0686378479003906,7.681286811828613,0.16207599639892578,8.91468620300293
dataset/test/Tomato_mold_leaf/IMG-20240728-WA0087aug8.jpg,Tomato_mold_leaf,Tomato_mold_leaf,1.0,1,1.0659170150756836,7.6174726486206055,0.1610565185546875,8.846779823303223
dataset/test/Tomato_mold_leaf/IMG-20240728-WA0093_aug_76aug90.jpg,Tomato_mold_leaf,Tomato_mold_leaf,1.0,1,1.0669546127319336,7.714380264282227,0.16102027893066406,8.945075988769531
dataset/test/Tomato_mold_leaf/IMG-20240728-WA0093_aug_77aug68.jpg,Tomato_mold_leaf,Tomato_mold_leaf,0.9999998807907104,1,1.223287582397461,7.543191909790039,0.15435314178466797,8.923150062561035
dataset/test/Tomato_mold_leaf/IMG-20240728-WA0093_aug_78aug93.jpg,Tomato_mold_leaf,Tomato_mold_leaf,1.0,1,1.0277109146118164,7.518582344055176,0.15822410583496094,8.707147598266602
dataset/test/Tomato_mold_leaf/IMG-20240728-WA0093_aug_79aug64.jpg,Tomato_mold_leaf,Tomato_mold_leaf,0.9999986886978149,1,1.0346012115478516,8.465719223022461,0.16290855407714844,9.665897369384766
dataset/test/Tomato_mold_leaf/IMG-20240728-WA0093aug19.jpg,Tomato_mold_leaf,Tomato_mold_leaf,1.0,1,1.1424169540405273,7.555822372436523,0.19881725311279297,8.899649620056152
dataset/test/Tomato_mold_leaf/IMG-20240728-WA0101_aug_84aug73.jpg,Tomato_mold_leaf,Tomato_mold_leaf,0.999995231628418,1,1.0795087814331055,7.700953483581543,0.15726089477539062,8.940204620361328
dataset/test/Tomato_mold_leaf/IMG-20240728-WA0101_aug_85aug72.jpg,Tomato_mold_leaf,Tomato_mold_leaf,0.9999940395355225,1,1.0767688751220703,7.686695098876953,0.1617422103881836,8.927780151367188
dataset/test/Tomato_mold_leaf/IMG-20240728-WA0101_aug_86aug67.jpg,Tomato_mold_leaf,Tomato_mold_leaf,0.9999985694885254,1,1.0610275268554688,7.778231620788574,0.16403770446777344,9.006558418273926
dataset/test/Tomato_mold_leaf/IMG-20240728-WA0101_aug_87aug74.jpg,Tomato_mold_leaf,Tomato_mold_leaf,0.9993379712104797,1,1.1275663375854492,7.740324020385742,0.20566844940185547,9.076372146606445
dataset/test/Tomato_mold_leaf/IMG-20240728-WA0101aug21.jpg,Tomato_mold_leaf,Tomato_mold_leaf,0.9999964237213135,1,1.0772504806518555,7.5632123947143555,0.15972423553466797,8.802888870239258
dataset/test/Tomato_mold_leaf/IMG-20240728-WA0103_aug_48aug107.jpg,Tomato_mold_leaf,Tomato_mold_leaf,0.9999711513519287,1,1.079768180847168,7.522304534912109,0.15885257720947266,8.76375961303711
dataset/test/Tomato_mold_leaf/IMG-20240728-WA0103_aug_49aug76.jpg,Tomato_mold_leaf,Tomato_mold_leaf,1.0,1,1.0786943435668945,7.719195365905762,0.16692638397216797,8.968039512634277
dataset/test/Tomato_mold_leaf/IMG-20240728-WA0103_aug_50aug114.jpg,Tomato_mold_leaf,Tomato_mold_leaf,1.0,1,1.0963983535766602,7.702471733093262,0.16039085388183594,8.961706161499023
dataset/test/Tomato_mold_leaf/IMG-20240728-WA0103_aug_51aug84.jpg,Tomato_mold_leaf,Tomato_mold_leaf,1.0,1,1.1198043823242188,7.6568603515625,0.16064929962158203,8.93989086151123
dataset/test/Tomato_mold_leaf/IMG-20240728-WA0103aug12.jpg,Tomato_mold_leaf,Tomato_mold_leaf,1.0,1,1.0924348831176758,7.722972869873047,0.1743154525756836,8.992891311645508
dataset/test/Tomato_mold_leaf/IMG-20240812-WA0183_aug_88aug59.jpg,Tomato_mold_leaf,Tomato_Septoria_leaf_spot,0.642065703868866,0,1.1243419647216797,7.946105003356934,0.1599273681640625,9.233319282531738
dataset/test/Tomato_mold_leaf/IMG-20240812-WA0183_aug_89aug61.jpg,Tomato_mold_leaf,Tomato_mold_leaf,0.9619576930999756,1,1.0672121047973633,7.744712829589844,0.16109371185302734,8.975558280944824
dataset/test/Tomato_mold_leaf/IMG-20240812-WA0183_aug_90aug63.jpg,Tomato_mold_leaf,Tomato_mold_leaf,0.5537365078926086,1,1.0816936492919922,7.534841537475586,0.16846370697021484,8.7877779006958
dataset/test/Tomato_mold_leaf/IMG-20240812-WA0183_aug_91aug62.jpg,Tomato_mold_leaf,Tomato_Septoria_leaf_spot,0.4709635078907013,0,1.1515474319458008,7.731677055358887,0.16440868377685547,9.050520896911621
dataset/test/Tomato_mold_leaf/IMG-20240812-WA0183aug22.jpg,Tomato_mold_leaf,Tomato_mold_leaf,0.3457588255405426,1,1.1053428649902344,7.741565704345703,0.16650104522705078,9.016816139221191
dataset/test/Tomato_mold_leaf/IMG_20251102_155435_aug_24aug39.jpg,Tomato_mold_leaf,Tomato_leaf_yellow_curl_virus,0.5213021636009216,0,1.0568609237670898,7.857993125915527,0.15996456146240234,9.077632904052734
dataset/test/Tomato_mold_leaf/IMG_20251102_155435_aug_25aug51.jpg,Tomato_mold_leaf,Tomato_Early_blight_leaf,0.9716587662696838,0,1.1620283126831055,7.7405853271484375,0.15970516204833984,9.065427780151367
dataset/test/Tomato_mold_leaf/IMG_20251102_155435_aug_26aug26.jpg,Tomato_mold_leaf,Tomato_Early_blight_leaf,0.9594606757164001,0,1.0665655136108398,8.060272216796875,0.16274166107177734,9.292449951171875
dataset/test/Tomato_mold_leaf/IMG_20251102_155435_aug_27aug52.jpg,Tomato_mold_leaf,Tomato_Early_blight_leaf,0.9132815599441528,0,1.0885639190673828,8.084809303283691,0.17983531951904297,9.357024192810059
dataset/test/Tomato_mold_leaf/IMG_20251102_155435aug6.jpg,Tomato_mold_leaf,Tomato_Early_blight_leaf,0.9210172891616821,0,1.1465272903442383,8.065569877624512,0.1776866912841797,9.393542289733887
dataset/test/Tomato_mold_leaf/Leaf+mold+tomato+_25283_2529.JPG_aug_36aug118.jpg,Tomato_mold_leaf,Tomato_mold_leaf,0.9024706482887268,1,1.1713619232177734,8.190625190734863,0.16337108612060547,9.528470039367676
dataset/test/Tomato_mold_leaf/Leaf+mold+tomato+_25283_2529.JPG_aug_37aug117.jpg,Tomato_mold_leaf,Tomato_mold_leaf,0.9985485672950745,1,1.132491111755371,8.021363258361816,0.16076087951660156,9.317042350769043
dataset/test/Tomato_mold_leaf/Leaf+mold+tomato+_25283_2529.JPG_aug_38aug119.jpg,Tomato_mold_leaf,Tomato_mold_leaf,0.8505394458770752,1,1.1898078918457031,7.957864761352539,0.18205738067626953,9.332855224609375
dataset/test/Tomato_mold_leaf/Leaf+mold+tomato+_25283_2529.JPG_aug_39aug103.jpg,Tomato_mold_leaf,Tomato_mold_leaf,0.8224088549613953,1,1.2408819198608398,8.033844947814941,0.1627969741821289,9.440154075622559
dataset/test/Tomato_mold_leaf/Leaf+mold+tomato+_25283_2529.JPGaug9.jpg,Tomato_mold_leaf,Tomato_mold_leaf,0.9982921481132507,1,1.2254180908203125,8.149161338806152,0.19818687438964844,9.575450897216797
dataset/test/Tomato_mold_leaf/Leaf-mold-caused-by-the-fungal-pathogen-Passalore-fulva-in-tomatoes_aug_16aug33.jpg,Tomato_mold_leaf,Tomato_Healthy_leaf,0.7482108473777771,0,1.0913238525390625,8.432164192199707,0.16433429718017578,9.691173553466797
dataset/test/Tomato_mold_leaf/Leaf-mold-caused-by-the-fungal-pathogen-Passalore-fulva-in-tomatoes_aug_17aug57.jpg,Tomato_mold_leaf,Tomato_Early_blight_leaf,0.643772542476654,0,1.0946388244628906,8.116958618164062,0.1644449234008789,9.378856658935547
dataset/test/Tomato_mold_leaf/Leaf-mold-caused-by-the-fungal-pathogen-Passalore-fulva-in-tomatoes_aug_18aug32.jpg,Tomato_mold_leaf,Tomato_Early_blight_leaf,0.5489150285720825,0,1.1328601837158203,8.098215103149414,0.1639261245727539,9.397857666015625
dataset/test/Tomato_mold_leaf/Leaf-mold-caused-by-the-fungal-pathogen-Passalore-fulva-in-tomatoes_aug_19aug53.jpg,Tomato_mold_leaf,Tomato_Healthy_leaf,0.7045518755912781,0,1.0932674407958984,7.858715057373047,0.15866851806640625,9.113021850585938
dataset/test/Tomato_mold_leaf/Leaf-mold-caused-by-the-fungal-pathogen-Passalore-fulva-in-tomatoesaug4.jpg,Tomato_mold_leaf,Tomato_mold_leaf,0.6018778681755066,1,1.0353050231933594,7.729325294494629,0.1560201644897461,8.923186302185059
dataset/test/Tomato_mold_leaf/leaf_mold_nightshade2x500_aug_60aug81.jpg,Tomato_mold_leaf,Tomato_mold_leaf,0.9999973773956299,1,1.0231742858886719,7.569250106811523,0.15944576263427734,8.754556655883789
dataset/test/Tomato_mold_leaf/leaf_mold_nightshade2x500_aug_61aug96.jpg,Tomato_mold_leaf,Tomato_mold_leaf,0.9999998807907104,1,1.163731575012207,7.679713249206543,0.15959453582763672,9.005020141601562
dataset/test/Tomato_mold_leaf/leaf_mold_nightshade2x500_aug_62aug85.jpg,Tomato_mold_leaf,Tomato_mold_leaf,0.9999899864196777,1,1.0446386337280273,7.700823783874512,0.15877914428710938,8.906908988952637
dataset/test/Tomato_mold_leaf/leaf_mold_nightshade2x500_aug_63aug88.jpg,Tomato_mold_leaf,Tomato_mold_leaf,1.0,1,1.1131591796875,7.741640090942383,0.1592245101928711,9.017020225524902
dataset/test/Tomato_mold_leaf/leaf_mold_nightshade2x500aug15.jpg,Tomato_mold_leaf,Tomato_mold_leaf,1.0,1,1.0797128677368164,7.760342597961426,0.25852108001708984,9.101337432861328
dataset/test/Tomato_mold_leaf/leaf_mold_tomato5x1200_jpg.rf.0a5ee47c78e753f9580bfb7744438ebf_aug_52aug101.jpg,Tomato_mold_leaf,Tomato_mold_leaf,1.0,1,1.0952882766723633,7.752841949462891,0.15826034545898438,9.008779525756836
dataset/test/Tomato_mold_leaf/leaf_mold_tomato5x1200_jpg.rf.0a5ee47c78e753f9580bfb7744438ebf_aug_53aug108.jpg,Tomato_mold_leaf,Tomato_mold_leaf,1.0,1,1.0814905166625977,7.85258674621582,0.1587047576904297,9.095281600952148
dataset/test/Tomato_mold_leaf/leaf_mold_tomato5x1200_jpg.rf.0a5ee47c78e753f9580bfb7744438ebf_aug_54aug115.jpg,Tomato_mold_leaf,Tomato_mold_leaf,1.0,1,1.0754718780517578,7.843548774719238,0.15694427490234375,9.078633308410645
dataset/test/Tomato_mold_leaf/leaf_mold_tomato5x1200_jpg.rf.0a5ee47c78e753f9580bfb7744438ebf_aug_55aug109.jpg,Tomato_mold_leaf,Tomato_mold_leaf,1.0,1,1.0825824737548828,7.7971391677856445,0.16116809844970703,9.043798446655273
dataset/test/Tomato_mold_leaf/leaf_mold_tomato5x1200_jpg.rf.0a5ee47c78e753f9580bfb7744438ebfaug13.jpg,Tomato_mold_leaf,Tomato_mold_leaf,1.0,1,1.1629533767700195,7.511285781860352,0.1586132049560547,8.835723876953125
dataset/test/Tomato_mold_leaf/tomato_leaf-mold_04_zoom_aug_4aug36.jpg,Tomato_mold_leaf,Tomato_leaf_late_blight,0.9993478655815125,0,1.0766401290893555,7.618880271911621,0.1660938262939453,8.864648818969727
dataset/test/Tomato_mold_leaf/tomato_leaf-mold_04_zoom_aug_5aug48.jpg,Tomato_mold_leaf,Tomato_leaf_late_blight,0.9951733946800232,0,1.1012506484985352,7.652861595153809,0.15692710876464844,8.913483619689941
dataset/test/Tomato_mold_leaf/tomato_leaf-mold_04_zoom_aug_6aug40.jpg,Tomato_mold_leaf,Tomato_leaf_late_blight,0.9967939257621765,0,1.0734539031982422,7.739825248718262,0.15903949737548828,8.974964141845703
dataset/test/Tomato_mold_leaf/tomato_leaf-mold_04_zoom_aug_7aug34.jpg,Tomato_mold_leaf,Tomato_leaf_late_blight,0.9990190267562866,0,1.1251392364501953,7.698286056518555,0.15805721282958984,8.98394775390625
dataset/test/Tomato_mold_leaf/tomato_leaf-mold_04_zoomaug1.jpg,Tomato_mold_leaf,Tomato_leaf_late_blight,0.9894296526908875,0,1.0645637512207031,7.647805213928223,0.16411304473876953,8.879261016845703
