image_path,true_class,predicted_class,confidence,correct,preprocess_ms,inference_ms,postprocess_ms,total_pipeline_ms
dataset/test/Tomato_Early_blight_leaf/100_46341_aug_5aug62.jpg,Tomato_Early_blight_leaf,Tomato_Early_blight_leaf,0.9996525049209595,1,1.1398248672485352,8.181350708007812,0.259002685546875,9.58501148223877
dataset/test/Tomato_Early_blight_leaf/100_46341_aug_6aug64.jpg,Tomato_Early_blight_leaf,Tomato_Early_blight_leaf,0.9997832179069519,1,1.0912322998046875,7.753439903259277,0.19987201690673828,9.047507286071777
dataset/test/Tomato_Early_blight_leaf/100_46341_aug_7aug57.jpg,Tomato_Early_blight_leaf,Tomato_Early_blight_leaf,0.9997832179069519,1,1.1501588821411133,7.779624938964844,0.1752614974975586,9.10797119140625
dataset/test/Tomato_Early_blight_leaf/100_46341_aug_8aug66.jpg,Tomato_Early_blight_leaf,Tomato_Early_blight_leaf,0.9953936338424683,1,1.1411962509155273,8.492706298828125,0.1770944595336914,9.814087867736816
dataset/test/Tomato_Early_blight_leaf/100_46341_aug_9aug65.jpg,Tomato_Early_blight_leaf,Tomato_Early_blight_leaf,0.9995498061180115,1,1.1196765899658203,7.784143447875977,0.19248294830322266,9.099210739135742
dataset/test/Tomato_Early_blight_leaf/100_46341aug1.jpg,Tomato_Early_blight_leaf,Tomato_Early_blight_leaf,0.9984033703804016,1,1.1842517852783203,7.719328880310059,0.1741485595703125,9.080211639404297
dataset/test/Tomato_Early_blight_leaf/1723454500663_aug_20aug39.jpg,Tomato_Early_blight_leaf,Tomato_Early_blight_leaf,0.9996870756149292,1,1.0649175643920898,8.63904094696045,0.17313098907470703,9.880013465881348
dataset/test/Tomato_Early_blight_leaf/1723454500663_aug_21aug35.jpg,Tomato_Early_blight_leaf,Tomato_Early_blight_leaf,0.9999850988388062,1,1.0481758117675781,7.601141929626465,0.3312816619873047,8.98339557647705
dataset/test/Tomato_Early_blight_leaf/1723454500663_aug_22aug51.jpg,Tomato_Early_blight_leaf,Tomato_Early_blight_leaf,0.9996722936630249,1,1.0476016998291016,7.552251815795898,0.1619091033935547,8.764337539672852
dataset/test/Tomato_Early_blight_leaf/1723454500663_aug_23aug33.jpg,Tomato_Early_blight_leaf,Tomato_Early_blight_leaf,0.9996870756149292,1,1.056157112121582,7.76838493347168,0.16007518768310547,8.987357139587402
dataset/test/Tomato_Early_blight_leaf/1723454500663_aug_24aug50.jpg,Tomato_Early_blight_leaf,Tomato_Early_blight_leaf,0.9985160231590271,1,1.072585105895996,7.762200355529785,0.1612987518310547,8.998543739318848
dataset/test/Tomato_Early_blight_leaf/1723454500663aug4.jpg,Tomato_Early_blight_leaf,Tomato_Early_blight_leaf,0.9949849843978882,1,1.0594720840454102,7.762402534484863,0.16481685638427734,8.989266395568848
dataset/test/Tomato_Early_blight_leaf/1723454507240aug20.jpg,Tomato_Early_blight_leaf,Tomato_Healthy_leaf,0.7428445219993591,0,1.1135845184326172,7.819884300231934,0.16048240661621094,9.096322059631348
dataset/test/Tomato_Early_blight_leaf/EB_(981)_aug_65aug107.jpg,Tomato_Early_blight_leaf,Tomato_Early_blight_leaf,0.9998595714569092,1,1.0837326049804688,7.725292205810547,0.16559410095214844,8.977394104003906
dataset/test/Tomato_Early_blight_leaf/EB_(981)_aug_66aug102.jpg,Tomato_Early_blight_leaf,Tomato_Early_blight_leaf,0.999998927116394,1,1.114065170288086,7.951959609985352,0.15892791748046875,9.227415084838867
dataset/test/Tomato_Early_blight_leaf/EB_(981)_aug_67aug101.jpg,Tomato_Early_blight_leaf,Tomato_Early_blight_leaf,0.9998539686203003,1,1.0700092315673828,7.749977111816406,0.1574268341064453,8.980246543884277
dataset/test/Tomato_Early_blight_leaf/EB_(981)_aug_68aug95.jpg,Tomato_Early_blight_leaf,Tomato_Early_blight_leaf,0.9978208541870117,1,1.110879898071289,7.527790069580078,0.162017822265625,8.803357124328613
dataset/test/Tomato_Early_blight_leaf/EB_(981)_aug_69aug97.jpg,Tomato_Early_blight_leaf,Tomato_Early_blight_leaf,0.9998393058776855,1,1.177250862121582,8.070923805236816,0.16020488739013672,9.410918235778809
dataset/test/Tomato_Early_blight_leaf/EB_(981)aug13.jpg,Tomato_Early_blight_leaf,Tomato_Early_blight_leaf,0.9999675750732422,1,1.0841760635375977,7.6844024658203125,0.1655569076538086,8.936915397644043
dataset/test/Tomato_Early_blight_leaf/Early-blight-660x440_aug_0aug61.jpg,Tomato_Early_blight_leaf,Tomato_Early_blight_leaf,0.9494003057479858,1,1.107344627380371,7.641068458557129,0.15948200225830078,8.910523414611816
dataset/test/Tomato_Early_blight_leaf/Early-blight-660x440_aug_1aug59.jpg,Tomato_Early_blight_leaf,Tomato_Early_blight_leaf,0.9745162725448608,1,1.1037311553955078,7.854589462280273,0.15876102447509766,9.11989688873291
dataset/test/Tomato_Early_blight_leaf/Early-blight-660x440_aug_2aug63.jpg,Tomato_Early_blight_leaf,Tomato_Early_blight_leaf,0.9789199829101562,1,1.0666208267211914,7.722420692443848,0.15755748748779297,8.949301719665527
dataset/test/Tomato_Early_blight_leaf/Early-blight-660x440_aug_3aug60.jpg,Tomato_Early_blight_leaf,Tomato_Early_blight_leaf,0.9400128722190857,1,1.076157569885254,7.712384223937988,0.16013145446777344,8.951784133911133
dataset/test/Tomato_Early_blight_leaf/Early-blight-660x440_aug_4aug58.jpg,Tomato_Early_blight_leaf,Tomato_Early_blight_leaf,0.931202232837677,1,1.1107330322265625,7.671698570251465,0.15883541107177734,8.944580078125
dataset/test/Tomato_Early_blight_leaf/Early-blight-660x440aug0.jpg,Tomato_Early_blight_leaf,Tomato_Early_blight_leaf,0.9414975047111511,1,1.113936424255371,7.567346572875977,0.15903949737548828,8.843060493469238
dataset/test/Tomato_Early_blight_leaf/Gls42_change_180_aug_70aug100.jpg,Tomato_Early_blight_leaf,Tomato_Early_blight_leaf,0.9999325275421143,1,1.0294904708862305,7.726199150085449,0.16172218322753906,8.92011833190918
dataset/test/Tomato_Early_blight_leaf/Gls42_change_180_aug_71aug109.jpg,Tomato_Early_blight_leaf,Tomato_Early_blight_leaf,0.9999964237213135,1,1.0478248596191406,7.7985334396362305,0.16344642639160156,9.012322425842285
dataset/test/Tomato_Early_blight_leaf/Gls42_change_180_aug_72aug104.jpg,Tomato_Early_blight_leaf,Tomato_Early_blight_leaf,0.9999918937683105,1,1.0372123718261719,7.805569648742676,0.17522430419921875,9.021063804626465
dataset/test/Tomato_Early_blight_leaf/Gls42_change_180_aug_73aug94.jpg,Tomato_Early_blight_leaf,Tomato_Early_blight_leaf,0.9999786615371704,1,1.0937881469726562,7.830533981323242,0.15990924835205078,9.086841583251953
dataset/test/Tomato_Early_blight_leaf/Gls42_change_180_aug_74aug108.jpg,Tomato_Early_blight_leaf,Tomato_Early_blight_leaf,0.9999666213989258,1,1.0353975296020508,7.671160697937012,0.15424156188964844,8.863080024719238
dataset/test/Tomato_Early_blight_leaf/Gls42_change_180aug14.jpg,Tomato_Early_blight_leaf,Tomato_Early_blight_leaf,0.9994780421257019,1,1.0318784713745117,7.53816032409668,0.16046428680419922,8.733244895935059
dataset/test/Tomato_Early_blight_leaf/Gls4_mirror_aug_60aug93.jpg,Tomato_Early_blight_leaf,Tomato_Early_blight_leaf,0.9999977350234985,1,1.125732421875,7.504251480102539,0.16133403778076172,8.793931007385254
dataset/test/Tomato_Early_blight_leaf/Gls4_mirror_aug_61aug98.jpg,Tomato_Early_blight_leaf,Tomato_Early_blight_leaf,0.9999957084655762,1,1.075028419494629,7.650513648986816,0.1970195770263672,8.92506217956543
dataset/test/Tomato_Early_blight_leaf/Gls4_mirror_aug_62aug91.jpg,Tomato_Early_blight_leaf,Tomato_Early_blight_leaf,0.9999986886978149,1,1.0079526901245117,7.725884437561035,0.1735382080078125,8.910264015197754
dataset/test/Tomato_Early_blight_leaf/Gls4_mirror_aug_63aug110.jpg,Tomato_Early_blight_leaf,Tomato_Early_blight_leaf,0.9999978542327881,1,1.0241575241088867,7.905238151550293,0.16040897369384766,9.092636108398438
dataset/test/Tomato_Early_blight_leaf/Gls4_mirror_aug_64aug105.jpg,Tomato_Early_blight_leaf,Tomato_Early_blight_leaf,0.9999991655349731,1,1.0326213836669922,7.659976005554199,0.1597423553466797,8.855023384094238
dataset/test/Tomato_Early_blight_leaf/Gls4_mirror_vertical_aug_25aug37.jpg,Tomato_Early_blight_leaf,Tomato_Early_blight_leaf,0.9998911619186401,1,1.0653800964355469,7.657827377319336,0.15616798400878906,8.882023811340332
dataset/test/Tomato_Early_blight_leaf/Gls4_mirror_vertical_aug_26aug41.jpg,Tomato_Early_blight_leaf,Tomato_Early_blight_leaf,0.9997450709342957,1,1.0529918670654297,7.696958541870117,0.15261077880859375,8.904653549194336
dataset/test/Tomato_Early_blight_leaf/Gls4_mirror_vertical_aug_27aug40.jpg,Tomato_Early_blight_leaf,Tomato_Early_blight_leaf,0.9996992349624634,1,0.9933052062988281,7.570623397827148,0.15822410583496094,8.724652290344238
dataset/test/Tomato_Early_blight_leaf/Gls4_mirror_vertical_aug_28aug36.jpg,Tomato_Early_blight_leaf,Tomato_Early_blight_leaf,0.9998461008071899,1,1.1254539489746094,7.98245906829834,0.15902042388916016,9.269712448120117
dataset/test/Tomato_Early_blight_leaf/Gls4_mirror_vertical_aug_29aug42.jpg,Tomato_Early_blight_leaf,Tomato_Early_blight_leaf,0.999812662601471,1,1.0420455932617188,7.693273544311523,0.16040897369384766,8.89809799194336
dataset/test/Tomato_Early_blight_leaf/Gls4_mirror_verticalaug5.jpg,Tomato_Early_blight_leaf,Tomato_Early_blight_leaf,0.9990925788879395,1,1.0641021728515625,7.828940391540527,0.15861225128173828,9.054210662841797
dataset/test/Tomato_Early_blight_leaf/Gls4_mirroraug12.jpg,Tomato_Early_blight_leaf,Tomato_Early_blight_leaf,0.9999544620513916,1,1.033064842224121,7.719976425170898,0.15716838836669922,8.91267204284668
dataset/test/Tomato_Early_blight_leaf/IMG-20240812-WA0445_aug_40aug23.jpg,Tomato_Early_blight_leaf,Tomato_mold_leaf,0.9353823661804199,0,1.0818815231323242,7.7757368087768555,0.15955734252929688,9.01989459991455
dataset/test/Tomato_Early_blight_leaf/IMG-20240812-WA0445_aug_41aug28.jpg,Tomato_Early_blight_leaf,Tomato_mold_leaf,0.8956465125083923,0,1.0927515029907227,7.794014930725098,0.15927791595458984,9.048970222473145
dataset/test/Tomato_Early_blight_leaf/IMG-20240812-WA0445_aug_42aug21.jpg,Tomato_Early_blight_leaf,Tomato_mold_leaf,0.9616644978523254,0,1.1125097274780273,7.909126281738281,0.15751934051513672,9.18163776397705
dataset/test/Tomato_Early_blight_leaf/IMG-20240812-WA0445_aug_43aug24.jpg,Tomato_Early_blight_leaf,Tomato_mold_leaf,0.7206796407699585,0,1.1186037063598633,7.641104698181152,0.3172626495361328,9.080100059509277
dataset/test/Tomato_Early_blight_leaf/IMG-20240812-WA0445_aug_44aug22.jpg,Tomato_Early_blight_leaf,Tomato_mold_leaf,0.48726364970207214,0,1.0736942291259766,7.516179084777832,0.16613101959228516,8.758504867553711
dataset/test/Tomato_Early_blight_leaf/IMG-20240812-WA0445aug8.jpg,Tomato_Early_blight_leaf,Tomato_Early_blight_leaf,0.8561400175094604,1,1.1132888793945312,7.693438529968262,0.1599283218383789,8.96922779083252
dataset/test/Tomato_Early_blight_leaf/IMG20240812111749_aug_90aug80.jpg,Tomato_Early_blight_leaf,Tomato_mold_leaf,0.9999942779541016,0,1.1871776580810547,7.721736907958984,0.16016769409179688,9.071674346923828
dataset/test/Tomato_Early_blight_leaf/IMG20240812111749_aug_91aug77.jpg,Tomato_Early_blight_leaf,Tomato_mold_leaf,0.9998565912246704,0,1.1707134246826172,7.781773567199707,0.15666866302490234,9.111952781677246
dataset/test/Tomato_Early_blight_leaf/IMG20240812111749_aug_92aug73.jpg,Tomato_Early_blight_leaf,Tomato_mold_leaf,0.9999796152114868,0,1.099954605102539,7.671550750732422,0.1597433090209961,8.933950424194336
dataset/test/Tomato_Early_blight_leaf/IMG20240812111749_aug_93aug71.jpg,Tomato_Early_blight_leaf,Tomato_mold_leaf,0.9999934434890747,0,1.1585845947265625,7.665550231933594,0.15855693817138672,8.985098838806152
dataset/test/Tomato_Early_blight_leaf/IMG20240812111749_aug_94aug74.jpg,Tomato_Early_blight_leaf,Tomato_mold_leaf,0.999847412109375,0,1.2101411819458008,8.565688133239746,0.15926074981689453,9.93801498413086
dataset/test/Tomato_Early_blight_leaf/IMG20240812111749aug18.jpg,Tomato_Early_blight_leaf,Tomato_mold_leaf,0.9999634027481079,0,1.1707324981689453,7.549696922302246,0.15929698944091797,8.882376670837402
dataset/test/Tomato_Early_blight_leaf/IMG_20251102_155150_aug_30aug34.jpg,Tomato_Early_blight_leaf,Tomato_Early_blight_leaf,1.0,1,1.0677690505981445,7.640679359436035,0.1576681137084961,8.869135856628418
dataset/test/Tomato_Early_blight_leaf/IMG_20251102_155150_aug_31aug43.jpg,Tomato_Early_blight_leaf,Tomato_Early_blight_leaf,1.0,1,1.1449365615844727,7.710477828979492,0.15933513641357422,9.017305374145508
dataset/test/Tomato_Early_blight_leaf/IMG_20251102_155150_aug_32aug44.jpg,Tomato_Early_blight_leaf,Tomato_Early_blight_leaf,1.0,1,1.0631389617919922,7.720365524291992,0.16137123107910156,8.947543144226074
dataset/test/Tomato_Early_blight_leaf/IMG_20251102_155150_aug_33aug38.jpg,Tomato_Early_blight_leaf,Tomato_Early_blight_leaf,1.0,1,1.073638916015625,7.743217468261719,0.1587972640991211,8.978006362915039
dataset/test/Tomato_Early_blight_leaf/IMG_20251102_155150_aug_34aug32.jpg,Tomato_Early_blight_leaf,Tomato_Early_blight_leaf,1.0,1,1.0388984680175781,7.696402549743652,0.19300174713134766,8.931192398071289
dataset/test/Tomato_Early_blight_leaf/IMG_20251102_155150aug6.jpg,Tomato_Early_blight_leaf,Tomato_Early_blight_leaf,1.0,1,1.0858068466186523,7.767921447753906,0.15701961517333984,9.013321876525879
dataset/test/Tomato_Early_blight_leaf/IMG_20251102_155153_aug_85aug72.jpg,Tomato_Early_blight_leaf,Tomato_Early_blight_leaf,1.0,1,1.0663423538208008,7.555846214294434,0.27802085876464844,8.902802467346191
dataset/test/Tomato_Early_blight_leaf/IMG_20251102_155153_aug_86aug78.jpg,Tomato_Early_blight_leaf,Tomato_Early_blight_leaf,1.0,1,1.083230972290039,7.5514936447143555,0.1589641571044922,8.796281814575195
dataset/test/Tomato_Early_blight_leaf/IMG_20251102_155153_aug_87aug76.jpg,Tomato_Early_blight_leaf,Tomato_Early_blight_leaf,1.0,1,1.0763616561889648,7.636216163635254,0.16051959991455078,8.876042366027832
dataset/test/Tomato_Early_blight_leaf/IMG_20251102_155153_aug_88aug79.jpg,Tomato_Early_blight_leaf,Tomato_Early_blight_leaf,1.0,1,1.1284551620483398,7.7338104248046875,0.16205787658691406,9.02706241607666
dataset/test/Tomato_Early_blight_leaf/IMG_20251102_155153_aug_89aug75.jpg,Tomato_Early_blight_leaf,Tomato_Early_blight_leaf,0.999996542930603,1,1.0325641632080078,7.813198089599609,0.1611318588256836,9.009340286254883
dataset/test/Tomato_Early_blight_leaf/IMG_20251102_155153aug17.jpg,Tomato_Early_blight_leaf,Tomato_Early_blight_leaf,1.0,1,1.0954351425170898,8.076016426086426,0.1578350067138672,9.332453727722168
dataset/test/Tomato_Early_blight_leaf/IMG_20251102_155207_aug_10aug47.jpg,Tomato_Early_blight_leaf,Tomato_Early_blight_leaf,0.9999995231628418,1,1.052621841430664,7.682031631469727,0.1592416763305664,8.896782875061035
dataset/test/Tomato_Early_blight_leaf/IMG_20251102_155207_aug_11aug56.jpg,Tomato_Early_blight_leaf,Tomato_Early_blight_leaf,0.9999998807907104,1,1.1125459671020508,7.703125,0.15909385681152344,8.977598190307617
dataset/test/Tomato_Early_blight_leaf/IMG_20251102_155207_aug_12aug45.jpg,Tomato_Early_blight_leaf,Tomato_Early_blight_leaf,0.9999984502792358,1,1.0565462112426758,7.718347549438477,0.16307544708251953,8.940340042114258
dataset/test/Tomato_Early_blight_leaf/IMG_20251102_155207_aug_13aug48.jpg,Tomato_Early_blight_leaf,Tomato_Early_blight_leaf,0.9999983310699463,1,1.0057878494262695,7.574643135070801,0.15927982330322266,8.742616653442383
dataset/test/Tomato_Early_blight_leaf/IMG_20251102_155207_aug_14aug49.jpg,Tomato_Early_blight_leaf,Tomato_Early_blight_leaf,1.0,1,1.168269157409668,7.511623382568359,0.15998172760009766,8.842782974243164
dataset/test/Tomato_Early_blight_leaf/IMG_20251102_155207aug2.jpg,Tomato_Early_blight_leaf,Tomato_Early_blight_leaf,0.9999997615814209,1,1.107121467590332,7.735790252685547,0.1957416534423828,9.041248321533203
dataset/test/Tomato_Early_blight_leaf/IMG_20251102_155305_aug_35aug25.jpg,Tomato_Early_blight_leaf,Tomato_Early_blight_leaf,0.9303158521652222,1,1.044769287109375,7.748051643371582,0.1632242202758789,8.958951950073242
dataset/test/Tomato_Early_blight_leaf/IMG_20251102_155305_aug_36aug27.jpg,Tomato_Early_blight_leaf,Tomato_Early_blight_leaf,0.9548185467720032,1,1.0584354400634766,7.733940124511719,0.1588726043701172,8.953803062438965
dataset/test/Tomato_Early_blight_leaf/IMG_20251102_155305_aug_37aug29.jpg,Tomato_Early_blight_leaf,Tomato_leaf_yellow_curl_virus,0.4207786023616791,0,1.0745458602905273,7.694179534912109,0.16038990020751953,8.93165397644043
dataset/test/Tomato_Early_blight_leaf/IMG_20251102_155305_aug_38aug31.jpg,Tomato_Early_blight_leaf,Tomato_Early_blight_leaf,0.9200955629348755,1,1.0930652618408203,7.69019889831543,0.15781593322753906,8.944321632385254
dataset/test/Tomato_Early_blight_leaf/IMG_20251102_155305_aug_39aug26.jpg,Tomato_Early_blight_leaf,Tomato_Early_blight_leaf,0.7879409193992615,1,1.089529037475586,7.513622283935547,0.16081619262695312,8.766727447509766
dataset/test/Tomato_Early_blight_leaf/IMG_20251102_155305aug7.jpg,Tomato_Early_blight_leaf,Tomato_Early_blight_leaf,0.9571718573570251,1,1.056121826171875,8.12127685546875,0.1628713607788086,9.343490600585938
dataset/test/Tomato_Early_blight_leaf/IMG_20251102_155853_aug_55aug106.jpg,Tomato_Early_blight_leaf,Tomato_leaf_late_blight,0.9837649464607239,0,1.0764541625976562,7.671606063842773,0.15877914428710938,8.909709930419922
dataset/test/Tomato_Early_blight_leaf/IMG_20251102_155853_aug_56aug92.jpg,Tomato_Early_blight_leaf,Tomato_leaf_late_blight,0.9997286200523376,0,1.0905475616455078,7.699625015258789,0.16151905059814453,8.954673767089844
dataset/test/Tomato_Early_blight_leaf/IMG_20251102_155853_aug_57aug96.jpg,Tomato_Early_blight_leaf,Tomato_leaf_late_blight,0.9821896553039551,0,1.109787940979004,7.699587821960449,0.15916728973388672,8.9713773727417
dataset/test/Tomato_Early_blight_leaf/IMG_20251102_155853_aug_58aug103.jpg,Tomato_Early_blight_leaf,Tomato_leaf_late_blight,0.9968394041061401,0,1.0702495574951172,7.846144676208496,0.15820598602294922,9.077211380004883
dataset/test/Tomato_Early_blight_leaf/IMG_20251102_155853_aug_59aug99.jpg,Tomato_Early_blight_leaf,Tomato_leaf_late_blight,0.8096228837966919,0,1.0795841217041016,7.591363906860352,0.15929698944091797,8.833467483520508
dataset/test/Tomato_Early_blight_leaf/IMG_20251102_155853aug11.jpg,Tomato_Early_blight_leaf,Tomato_leaf_late_blight,0.9939088821411133,0,1.1691579818725586,7.622587203979492,0.1576862335205078,8.952284812927246
dataset/test/Tomato_Early_blight_leaf/IMG_20251102_160046_aug_95aug70.jpg,Tomato_Early_blight_leaf,Tomato_Septoria_leaf_spot,0.916756272315979,0,1.0920648574829102,7.642698287963867,0.15840911865234375,8.896284103393555
dataset/test/Tomato_Early_blight_leaf/IMG_20251102_160046_aug_96aug69.jpg,Tomato_Early_blight_leaf,Tomato_Early_blight_leaf,0.9838238954544067,1,1.0963811874389648,7.709662437438965,0.16526126861572266,8.974451065063477
dataset/test/Tomato_Early_blight_leaf/IMG_20251102_160046_aug_97aug67.jpg,Tomato_Early_blight_leaf,Tomato_Early_blight_leaf,0.6413457989692688,1,1.0773067474365234,8.008275032043457,0.15990734100341797,9.247878074645996
dataset/test/Tomato_Early_blight_leaf/IMG_20251102_160046_aug_98aug68.jpg,Tomato_Early_blight_leaf,Tomato_Early_blight_leaf,0.9848431348800659,1,1.1173439025878906,7.660457611083984,0.15913105010986328,8.939803123474121
dataset/test/Tomato_Early_blight_leaf/IMG_20251102_160046aug19.jpg,Tomato_Early_blight_leaf,Tomato_Early_blight_leaf,0.9787407517433167,1,1.105825424194336,7.707866668701172,0.15953826904296875,8.975914001464844
dataset/test/Tomato_Early_blight_leaf/IMG_20251102_160055_aug_15aug53.jpg,Tomato_Early_blight_leaf,Tomato_Early_blight_leaf,1.0,1,1.0587701797485352,7.7333478927612305,0.15718650817871094,8.951969146728516
dataset/test/Tomato_Early_blight_leaf/IMG_20251102_160055_aug_16aug55.jpg,Tomato_Early_blight_leaf,Tomato_Early_blight_leaf,1.0,1,1.0965099334716797,7.805994987487793,0.16046524047851562,9.065117835998535
dataset/test/Tomato_Early_blight_leaf/IMG_20251102_160055_aug_17aug46.jpg,Tomato_Early_blight_leaf,Tomato_Early_blight_leaf,1.0,1,1.0275468826293945,7.585883140563965,0.16038990020751953,8.77685546875
dataset/test/Tomato_Early_blight_leaf/IMG_20251102_160055_aug_18aug54.jpg,Tomato_Early_blight_leaf,Tomato_Early_blight_leaf,1.0,1,1.1620845794677734,7.651383399963379,0.16109371185302734,8.977413177490234
dataset/test/Tomato_Early_blight_leaf/IMG_20251102_160055_aug_19aug52.jpg,Tomato_Early_blight_leaf,Tomato_Early_blight_leaf,1.0,1,1.0406560897827148,8.270519256591797,0.15970516204833984,9.473196983337402
dataset/test/Tomato_Early_blight_leaf/IMG_20251102_160055aug3.jpg,Tomato_Early_blight_leaf,Tomato_Early_blight_leaf,1.0,1,1.043508529663086,7.755254745483398,0.16120529174804688,8.962987899780273
dataset/test/Tomato_Early_blight_leaf/IMG_20251102_160217_aug_75aug82.jpg,Tomato_Early_blight_leaf,Tomato_Early_blight_leaf,0.999980092048645,1,1.088547706604004,8.699817657470703,0.15937137603759766,9.950496673583984
dataset/test/Tomato_Early_blight_leaf/IMG_20251102_160217_aug_76aug83.jpg,Tomato_Early_blight_leaf,Tomato_Early_blight_leaf,0.999994158744812,1,1.0293045043945312,7.779958724975586,0.15981674194335938,8.97195053100586
dataset/test/Tomato_Early_blight_leaf/IMG_20251102_160217_aug_77aug90.jpg,Tomato_Early_blight_leaf,Tomato_Early_blight_leaf,0.994857668876648,1,1.0489540100097656,7.816123962402344,0.1593160629272461,9.027210235595703
dataset/test/Tomato_Early_blight_leaf/IMG_20251102_160217_aug_78aug81.jpg,Tomato_Early_blight_leaf,Tomato_Early_blight_leaf,0.999935507774353,1,5.132509231567383,18.920763969421387,0.1641683578491211,24.220827102661133
dataset/test/Tomato_Early_blight_leaf/IMG_20251102_160217_aug_79aug86.jpg,Tomato_Early_blight_leaf,Tomato_Early_blight_leaf,0.9999768733978271,1,2.558429718017578,8.43889045715332,0.16081619262695312,11.161063194274902
dataset/test/Tomato_Early_blight_leaf/IMG_20251102_160217aug15.jpg,Tomato_Early_blight_leaf,Tomato_Early_blight_leaf,0.9999538660049438,1,1.051508903503418,7.876127243041992,0.17640972137451172,9.10685920715332
dataset/test/Tomato_Early_blight_leaf/IMG_20251102_160523_aug_50aug114.jpg,Tomato_Early_blight_leaf,Tomato_Early_blight_leaf,0.999968409538269,1,1.1651020050048828,8.192721366882324,0.1612224578857422,9.521956443786621
dataset/test/Tomato_Early_blight_leaf/IMG_20251102_160523_aug_51aug111.jpg,Tomato_Early_blight_leaf,Tomato_Early_blight_leaf,0.9999955892562866,1,1.0780096054077148,7.738367080688477,0.15952014923095703,8.978562355041504
dataset/test/Tomato_Early_blight_leaf/IMG_20251102_160523_aug_52aug112.jpg,Tomato_Early_blight_leaf,Tomato_Early_blight_leaf,0.9997640252113342,1,1.1524734497070312,8.053054809570312,0.15916728973388672,9.367215156555176
dataset/test/Tomato_Early_blight_leaf/IMG_20251102_160523_aug_53aug115.jpg,Tomato_Early_blight_leaf,Tomato_Early_blight_leaf,0.9990659356117249,1,1.1326398849487305,7.886699676513672,0.16346359252929688,9.18591594696045
dataset/test/Tomato_Early_blight_leaf/IMG_20251102_160523_aug_54aug113.jpg,Tomato_Early_blight_leaf,Tomato_Early_blight_leaf,0.999603807926178,1,1.095250129699707,7.552456855773926,0.1603717803955078,8.810708999633789
dataset/test/Tomato_Early_blight_leaf/IMG_20251102_160523aug10.jpg,Tomato_Early_blight_leaf,Tomato_Early_blight_leaf,0.9998830556869507,1,1.1807689666748047,7.5192718505859375,0.16657638549804688,8.8695068359375
dataset/test/Tomato_Early_blight_leaf/IMG_20251102_161202_aug_45aug118.jpg,Tomato_Early_blight_leaf,Tomato_Early_blight_leaf,0.9950112104415894,1,1.1181402206420898,7.664606094360352,0.16168689727783203,8.947562217712402
dataset/test/Tomato_Early_blight_leaf/IMG_20251102_161202_aug_46aug116.jpg,Tomato_Early_blight_leaf,Tomato_Early_blight_leaf,0.9950112104415894,1,1.143157958984375,7.825237274169922,0.15809345245361328,9.12936019897461
dataset/test/Tomato_Early_blight_leaf/IMG_20251102_161202_aug_47aug117.jpg,Tomato_Early_blight_leaf,Tomato_Early_blight_leaf,0.999853253364563,1,1.1078624725341797,7.697977066040039,0.16055679321289062,8.968914031982422
dataset/test/Tomato_Early_blight_leaf/IMG_20251102_161202_aug_48aug30.jpg,Tomato_Early_blight_leaf,Tomato_Early_blight_leaf,0.9997511506080627,1,1.109379768371582,7.661531448364258,0.1606302261352539,8.934173583984375
dataset/test/Tomato_Early_blight_leaf/IMG_20251102_161202_aug_49aug119.jpg,Tomato_Early_blight_leaf,Tomato_Early_blight_leaf,0.9955292344093323,1,1.1127872467041016,7.974330902099609,0.16411209106445312,9.254286766052246
dataset/test/Tomato_Early_blight_leaf/IMG_20251102_161202aug9.jpg,Tomato_Early_blight_leaf,Tomato_Early_blight_leaf,0.9999457597732544,1,1.147195816040039,7.808829307556152,0.1583709716796875,9.116952896118164
dataset/test/Tomato_Early_blight_leaf/early_blight_jpg.rf.1091c0a2a9a3da5b9ad688c89298614c_aug_80aug87.jpg,Tomato_Early_blight_leaf,Tomato_Early_blight_leaf,0.9685940146446228,1,1.061509132385254,7.727477073669434,0.15511322021484375,8.947006225585938
dataset/test/Tomato_Early_blight_leaf/early_blight_jpg.rf.1091c0a2a9a3da5b9ad688c89298614c_aug_81aug84.jpg,Tomato_Early_blight_leaf,Tomato_Early_blight_leaf,0.8233733177185059,1,1.0416946411132812,8.488112449645996,0.1483163833618164,9.680291175842285
dataset/test/Tomato_Early_blight_leaf/early_blight_jpg.rf.1091c0a2a9a3da5b9ad688c89298614c_aug_82aug89.jpg,Tomato_Early_blight_leaf,Tomato_Early_blight_leaf,0.9729059338569641,1,1.080881118774414,7.932459831237793,0.15903949737548828,9.17534065246582
dataset/test/Tomato_Early_blight_leaf/early_blight_jpg.rf.1091c0a2a9a3da5b9ad688c89298614c_aug_83aug85.jpg,Tomato_Early_blight_leaf,Tomato_Early_blight_leaf,0.9427982568740845,1,1.1978998184204102,7.706143379211426,0.16127872467041016,9.067933082580566
dataset/test/Tomato_Early_blight_leaf/early_blight_jpg.rf.1091c0a2a9a3da5b9ad688c89298614c_aug_84aug88.jpg,Tomato_Early_blight_leaf,Tomato_Early_blight_leaf,0.9789780974388123,1,1.0792503356933594,7.760866165161133,0.15907573699951172,9.001969337463379
dataset/test/Tomato_Early_blight_leaf/early_blight_jpg.rf.1091c0a2a9a3da5b9ad688c89298614caug16.jpg,Tomato_Early_blight_leaf,Tomato_Early_blight_leaf,0.9980850219726562,1,1.0656013488769531,7.720309257507324,0.16401958465576172,8.952857971191406
dataset/test/Tomato_Healthy_leaf/20140818-tomato-sauce-vicky-wasik-1_jpg.rf.d3d9b4a0642e72ba76b40dbdfff8b9f7_aug_6aug50.jpg,Tomato_Healthy_leaf,Tomato_Healthy_leaf,1.0,1,1.0794363021850586,7.766421318054199,0.15998268127441406,9.008655548095703
dataset/test/Tomato_Healthy_leaf/20140818-tomato-sauce-vicky-wasik-1_jpg.rf.d3d9b4a0642e72ba76b40dbdfff8b9f7_aug_7aug56.jpg,Tomato_Healthy_leaf,Tomato_Healthy_leaf,1.0,1,1.0474166870117188,7.749810218811035,0.15431594848632812,8.95400619506836
dataset/test/Tomato_Healthy_leaf/20140818-tomato-sauce-vicky-wasik-1_jpg.rf.d3d9b4a0642e72ba76b40dbdfff8b9f7aug3.jpg,Tomato_Healthy_leaf,Tomato_Healthy_leaf,1.0,1,1.003767967224121,7.566327095031738,0.15790843963623047,8.730875015258789
dataset/test/Tomato_Healthy_leaf/2015-09-17-01_aug_20aug110.jpg,Tomato_Healthy_leaf,Tomato_Healthy_leaf,0.9986410737037659,1,1.1530656814575195,7.633772850036621,0.16029739379882812,8.949450492858887
dataset/test/Tomato_Healthy_leaf/2015-09-17-01_aug_21aug114.jpg,Tomato_Healthy_leaf,Tomato_Healthy_leaf,0.9629687070846558,1,1.0774354934692383,7.810754776000977,0.1660757064819336,9.05728530883789
dataset/test/Tomato_Healthy_leaf/2015-09-17-01aug10.jpg,Tomato_Healthy_leaf,Tomato_Healthy_leaf,0.9924984574317932,1,1.0353422164916992,7.679902076721191,0.16233539581298828,8.880097389221191
dataset/test/Tomato_Healthy_leaf/Basil_2Binfected_2Bby_2BTomato_2BSpotted_2BWilt_2BVirus_aug_2aug59.jpg,Tomato_Healthy_leaf,Tomato_Healthy_leaf,0.6254933476448059,1,1.0409164428710938,7.761883735656738,0.1605396270751953,8.966080665588379
dataset/test/Tomato_Healthy_leaf/Basil_2Binfected_2Bby_2BTomato_2BSpotted_2BWilt_2BVirus_aug_3aug51.jpg,Tomato_Healthy_leaf,Tomato_mold_leaf,0.6511208415031433,0,1.0259714126586914,7.681940078735352,0.16644573211669922,8.877487182617188
dataset/test/Tomato_Healthy_leaf/Basil_2Binfected_2Bby_2BTomato_2BSpotted_2BWilt_2BVirusaug1.jpg,Tomato_Healthy_leaf,Tomato_mold_leaf,0.5950129628181458,0,1.0729904174804688,7.702755928039551,0.19646453857421875,8.974857330322266
dataset/test/Tomato_Healthy_leaf/Fig-2_aug_22aug102.jpg,Tomato_Healthy_leaf,Tomato_Healthy_leaf,0.5224639177322388,1,1.0490837097167969,7.826052665710449,0.1563711166381836,9.034414291381836
dataset/test/Tomato_Healthy_leaf/Fig-2_aug_23aug90.jpg,Tomato_Healthy_leaf,Tomato_mold_leaf,0.37345409393310547,0,1.0573625564575195,7.556809425354004,0.16055583953857422,8.777355194091797
dataset/test/Tomato_Healthy_leaf/Fig-2aug11.jpg,Tomato_Healthy_leaf,Tomato_mold_leaf,0.590817391872406,0,1.1724357604980469,7.509085655212402,0.1702423095703125,8.854355812072754
dataset/test/Tomato_Healthy_leaf/HL_(103)aug39.jpg,Tomato_Healthy_leaf,Tomato_Healthy_leaf,1.0,1,1.0630102157592773,7.685291290283203,0.1589832305908203,8.910042762756348
dataset/test/Tomato_Healthy_leaf/HL_(118)_aug_38aug103.jpg,Tomato_Healthy_leaf,Tomato_Healthy_leaf,0.9999998807907104,1,1.0887689590454102,7.7056989669799805,0.1588897705078125,8.955950736999512
dataset/test/Tomato_Healthy_leaf/HL_(118)_aug_39aug104.jpg,Tomato_Healthy_leaf,Tomato_Healthy_leaf,1.0,1,1.0540103912353516,7.739532470703125,0.15942859649658203,8.955357551574707
dataset/test/Tomato_Healthy_leaf/HL_(118)aug19.jpg,Tomato_Healthy_leaf,Tomato_Healthy_leaf,1.0,1,1.0438060760498047,7.747773170471191,0.16048240661621094,8.954858779907227
dataset/test/Tomato_Healthy_leaf/HL_(165)_aug_28aug105.jpg,Tomato_Healthy_leaf,Tomato_Healthy_leaf,0.999997615814209,1,1.0822868347167969,7.95784854888916,0.1589641571044922,9.201990127563477
dataset/test/Tomato_Healthy_leaf/HL_(165)_aug_29aug91.jpg,Tomato_Healthy_leaf,Tomato_Healthy_leaf,0.9999606609344482,1,1.1155290603637695,7.735699653625488,0.17287158966064453,9.026488304138184
dataset/test/Tomato_Healthy_leaf/HL_(165)aug14.jpg,Tomato_Healthy_leaf,Tomato_Healthy_leaf,0.9999788999557495,1,1.0741758346557617,7.560271263122559,0.1710205078125,8.808319091796875
dataset/test/Tomato_Healthy_leaf/HL_(61)_aug_50aug83.jpg,Tomato_Healthy_leaf,Tomato_Septoria_leaf_spot,0.912426233291626,0,1.1640291213989258,7.559456825256348,0.16196537017822266,8.888023376464844
dataset/test/Tomato_Healthy_leaf/HL_(61)_aug_51aug76.jpg,Tomato_Healthy_leaf,Tomato_Healthy_leaf,0.8335484266281128,1,1.053267478942871,7.685938835144043,0.15927886962890625,8.901117324829102
dataset/test/Tomato_Healthy_leaf/HL_(61)aug25.jpg,Tomato_Healthy_leaf,Tomato_Healthy_leaf,0.995424211025238,1,1.080510139465332,7.635476112365723,0.1595020294189453,8.878228187561035
dataset/test/Tomato_Healthy_leaf/HL_(62)aug36.jpg,Tomato_Healthy_leaf,Tomato_Healthy_leaf,0.9999829530715942,1,1.0831575393676758,7.696606636047363,0.15887165069580078,8.941579818725586
dataset/test/Tomato_Healthy_leaf/IMG_20251102_161618_aug_58aug71.jpg,Tomato_Healthy_leaf,Tomato_Healthy_leaf,0.9998334646224976,1,1.0872516632080078,7.518067359924316,0.15961265563964844,8.767467498779297
dataset/test/Tomato_Healthy_leaf/IMG_20251102_161618_aug_59aug63.jpg,Tomato_Healthy_leaf,Tomato_Healthy_leaf,0.7366930842399597,1,1.2472143173217773,7.541844367980957,0.16211223602294922,8.953747749328613
dataset/test/Tomato_Healthy_leaf/IMG_20251102_161618aug29.jpg,Tomato_Healthy_leaf,Tomato_leaf_yellow_curl_virus,0.7745218276977539,0,1.1834917068481445,7.609235763549805,0.20583534240722656,9.0012845993042
dataset/test/Tomato_Healthy_leaf/IMG_20251102_161625aug44.jpg,Tomato_Healthy_leaf,Tomato_Healthy_leaf,0.9992961883544922,1,1.1022882461547852,8.280982971191406,0.16081714630126953,9.54664134979248
dataset/test/Tomato_Healthy_leaf/IMG_20251102_161629_aug_10aug115.jpg,Tomato_Healthy_leaf,Tomato_Healthy_leaf,0.999968409538269,1,1.1585273742675781,7.756125450134277,0.17246532440185547,9.089729309082031
dataset/test/Tomato_Healthy_leaf/IMG_20251102_161629_aug_11aug109.jpg,Tomato_Healthy_leaf,Tomato_Healthy_leaf,0.9999982118606567,1,1.0824918746948242,7.838479042053223,0.16107463836669922,9.084582328796387
dataset/test/Tomato_Healthy_leaf/IMG_20251102_161629aug5.jpg,Tomato_Healthy_leaf,Tomato_Healthy_leaf,0.9999984502792358,1,1.1031579971313477,7.722254753112793,0.16014957427978516,8.988469123840332
dataset/test/Tomato_Healthy_leaf/IMG_20251102_161652aug43.jpg,Tomato_Healthy_leaf,Tomato_Healthy_leaf,0.9999998807907104,1,1.1110649108886719,8.042035102844238,0.1605205535888672,9.316343307495117
dataset/test/Tomato_Healthy_leaf/IMG_20251102_161826_aug_60aug68.jpg,Tomato_Healthy_leaf,Tomato_Healthy_leaf,0.9157769083976746,1,1.1272516250610352,7.983757019042969,0.15890979766845703,9.272286415100098
dataset/test/Tomato_Healthy_leaf/IMG_20251102_161826_aug_61aug62.jpg,Tomato_Healthy_leaf,Tomato_Healthy_leaf,0.9985153079032898,1,1.1302690505981445,7.570124626159668,0.29891014099121094,9.001803398132324
dataset/test/Tomato_Healthy_leaf/IMG_20251102_161826aug30.jpg,Tomato_Healthy_leaf,Tomato_Healthy_leaf,0.9999946355819702,1,1.082101821899414,7.551067352294922,0.1587982177734375,8.794912338256836
dataset/test/Tomato_Healthy_leaf/IMG_20251102_161850_aug_56aug74.jpg,Tomato_Healthy_leaf,Tomato_Healthy_leaf,0.9895533323287964,1,1.088491439819336,7.6768646240234375,0.16142749786376953,8.929245948791504
dataset/test/Tomato_Healthy_leaf/IMG_20251102_161850_aug_57aug72.jpg,Tomato_Healthy_leaf,Tomato_Healthy_leaf,0.8521873950958252,1,1.0463800430297852,7.681921005249023,0.1597604751586914,8.890765190124512
dataset/test/Tomato_Healthy_leaf/IMG_20251102_161850aug28.jpg,Tomato_Healthy_leaf,Tomato_Healthy_leaf,0.8651407361030579,1,1.1063604354858398,7.710477828979492,0.1969461441040039,9.016507148742676
dataset/test/Tomato_Healthy_leaf/IMG_20251102_161859aug38.jpg,Tomato_Healthy_leaf,Tomato_Healthy_leaf,1.0,1,1.069620132446289,7.700385093688965,0.16007518768310547,8.932988166809082
dataset/test/Tomato_Healthy_leaf/IMG_20251102_161935_aug_4aug55.jpg,Tomato_Healthy_leaf,Tomato_Healthy_leaf,1.0,1,1.0520477294921875,7.768588066101074,0.1595754623413086,8.982857704162598
dataset/test/Tomato_Healthy_leaf/IMG_20251102_161935_aug_5aug53.jpg,Tomato_Healthy_leaf,Tomato_Healthy_leaf,1.0,1,1.0528802871704102,7.682217597961426,0.15781497955322266,8.895505905151367
dataset/test/Tomato_Healthy_leaf/IMG_20251102_161935aug2.jpg,Tomato_Healthy_leaf,Tomato_Healthy_leaf,1.0,1,1.1359176635742188,7.5230865478515625,0.31244754791259766,8.974042892456055
dataset/test/Tomato_Healthy_leaf/IMG_20251102_162037aug45.jpg,Tomato_Healthy_leaf,Tomato_Healthy_leaf,0.8858569264411926,1,1.0650653839111328,7.515382766723633,0.15968704223632812,8.742745399475098
dataset/test/Tomato_Healthy_leaf/h100_lower_aug_54aug73.jpg,Tomato_Healthy_leaf,Tomato_Healthy_leaf,0.9998971223831177,1,1.0599727630615234,7.679680824279785,0.16100215911865234,8.903358459472656
dataset/test/Tomato_Healthy_leaf/h100_lower_aug_55aug75.jpg,Tomato_Healthy_leaf,Tomato_Healthy_leaf,0.9998658895492554,1,1.0483436584472656,7.650457382202148,0.1601877212524414,8.861820220947266
dataset/test/Tomato_Healthy_leaf/h100_loweraug27.jpg,Tomato_Healthy_leaf,Tomato_Healthy_leaf,0.9972749352455139,1,1.077566146850586,7.774533271789551,0.15900230407714844,9.013598442077637
dataset/test/Tomato_Healthy_leaf/h101_aug_18aug119.jpg,Tomato_Healthy_leaf,Tomato_Healthy_leaf,0.9994408488273621,1,1.0952882766723633,7.752699851989746,0.16213035583496094,9.012821197509766
dataset/test/Tomato_Healthy_leaf/h101_aug_19aug116.jpg,Tomato_Healthy_leaf,Tomato_Healthy_leaf,0.9986624717712402,1,1.0749530792236328,7.712421417236328,0.15959453582763672,8.949265480041504
dataset/test/Tomato_Healthy_leaf/h101aug9.jpg,Tomato_Healthy_leaf,Tomato_Healthy_leaf,0.9991315007209778,1,1.0591583251953125,7.773033142089844,0.15692615509033203,8.992044448852539
dataset/test/Tomato_Healthy_leaf/h103_aug_42aug82.jpg,Tomato_Healthy_leaf,Tomato_Healthy_leaf,0.9999970197677612,1,1.0506763458251953,7.618012428283691,0.3057985305786133,8.97693157196045
dataset/test/Tomato_Healthy_leaf/h103_aug_43aug77.jpg,Tomato_Healthy_leaf,Tomato_Healthy_leaf,0.9999992847442627,1,1.0287494659423828,7.523641586303711,0.20979881286621094,8.764726638793945
dataset/test/Tomato_Healthy_leaf/h103aug21.jpg,Tomato_Healthy_leaf,Tomato_Healthy_leaf,0.9998341798782349,1,1.0388803482055664,7.720198631286621,0.15966796875,8.921320915222168
dataset/test/Tomato_Healthy_leaf/h1_change_90_aug_12aug118.jpg,Tomato_Healthy_leaf,Tomato_Healthy_leaf,0.9999958276748657,1,1.0681581497192383,7.749459266662598,0.16037273406982422,8.98050594329834
dataset/test/Tomato_Healthy_leaf/h1_change_90_aug_13aug108.jpg,Tomato_Healthy_leaf,Tomato_Healthy_leaf,0.9999982118606567,1,1.0646028518676758,7.74556827545166,0.15201950073242188,8.964728355407715
dataset/test/Tomato_Healthy_leaf/h1_change_90aug6.jpg,Tomato_Healthy_leaf,Tomato_Healthy_leaf,0.9999881982803345,1,1.0791025161743164,7.483658790588379,0.1624460220336914,8.727930068969727
dataset/test/Tomato_Healthy_leaf/h39_change_270aug48.jpg,Tomato_Healthy_leaf,Tomato_Healthy_leaf,0.9999980926513672,1,1.190659523010254,7.563549995422363,0.16785430908203125,8.925081253051758
dataset/test/Tomato_Healthy_leaf/h39_hight_aug_40aug96.jpg,Tomato_Healthy_leaf,Tomato_Healthy_leaf,0.9999978542327881,1,1.0569734573364258,7.884496688842773,0.1605396270751953,9.104673385620117
dataset/test/Tomato_Healthy_leaf/h39_hight_aug_41aug98.jpg,Tomato_Healthy_leaf,Tomato_Healthy_leaf,0.9999990463256836,1,1.0471210479736328,7.813292503356934,0.15952110290527344,9.022988319396973
dataset/test/Tomato_Healthy_leaf/h39_hightaug20.jpg,Tomato_Healthy_leaf,Tomato_Healthy_leaf,0.9999988079071045,1,1.0472679138183594,7.666661262512207,0.16046524047851562,8.87698745727539
dataset/test/Tomato_Healthy_leaf/h39_lower_aug_30aug95.jpg,Tomato_Healthy_leaf,Tomato_Healthy_leaf,0.9994410872459412,1,1.1030645370483398,7.751903533935547,0.16163158416748047,9.018986701965332
dataset/test/Tomato_Healthy_leaf/h39_lower_aug_31aug89.jpg,Tomato_Healthy_leaf,Tomato_Healthy_leaf,0.9996706247329712,1,1.060694694519043,7.705513954162598,0.15942668914794922,8.928263664245605
dataset/test/Tomato_Healthy_leaf/h39_loweraug15.jpg,Tomato_Healthy_leaf,Tomato_Healthy_leaf,0.9998239874839783,1,1.0724906921386719,7.754179954528809,0.15626144409179688,8.985154151916504
dataset/test/Tomato_Healthy_leaf/h3_aug_8aug57.jpg,Tomato_Healthy_leaf,Tomato_Healthy_leaf,0.999971866607666,1,1.0368061065673828,7.4932708740234375,0.16050243377685547,8.692910194396973
dataset/test/Tomato_Healthy_leaf/h3_aug_9aug54.jpg,Tomato_Healthy_leaf,Tomato_Healthy_leaf,0.9999200105667114,1,1.1745662689208984,7.623513221740723,0.16233348846435547,8.963468551635742
dataset/test/Tomato_Healthy_leaf/h3_mirror_aug_52aug84.jpg,Tomato_Healthy_leaf,Tomato_Healthy_leaf,0.9999864101409912,1,1.0377130508422852,7.710756301879883,0.15937232971191406,8.910560607910156
dataset/test/Tomato_Healthy_leaf/h3_mirror_aug_53aug80.jpg,Tomato_Healthy_leaf,Tomato_Healthy_leaf,0.9999697208404541,1,1.0514545440673828,7.754476547241211,0.16085338592529297,8.969710350036621
dataset/test/Tomato_Healthy_leaf/h3_mirroraug26.jpg,Tomato_Healthy_leaf,Tomato_Healthy_leaf,0.9999876022338867,1,1.0333061218261719,7.697680473327637,0.15981578826904297,8.893505096435547
dataset/test/Tomato_Healthy_leaf/h3aug4.jpg,Tomato_Healthy_leaf,Tomato_Healthy_leaf,0.9999958276748657,1,1.0911951065063477,7.741681098937988,0.15996360778808594,8.99554443359375
dataset/test/Tomato_Healthy_leaf/h45_mirror_verticalaug42.jpg,Tomato_Healthy_leaf,Tomato_Healthy_leaf,1.0,1,1.057138442993164,7.702975273132324,0.15639019012451172,8.919319152832031
dataset/test/Tomato_Healthy_leaf/h49_change_90aug49.jpg,Tomato_Healthy_leaf,Tomato_Healthy_leaf,1.0,1,1.0459346771240234,7.727865219116211,0.1602611541748047,8.936968803405762
dataset/test/Tomato_Healthy_leaf/h50_hight_aug_68aug69.jpg,Tomato_Healthy_leaf,Tomato_Healthy_leaf,0.9999648332595825,1,1.003565788269043,7.780551910400391,0.16674232482910156,8.953913688659668
dataset/test/Tomato_Healthy_leaf/h50_hight_aug_69aug61.jpg,Tomato_Healthy_leaf,Tomato_Healthy_leaf,0.9998302459716797,1,1.165492057800293,7.570216178894043,0.16111278533935547,8.899801254272461
dataset/test/Tomato_Healthy_leaf/h50_hightaug34.jpg,Tomato_Healthy_leaf,Tomato_Healthy_leaf,0.9999896287918091,1,1.0534734725952148,7.771661758422852,0.15885257720947266,8.986729621887207
dataset/test/Tomato_Healthy_leaf/h50_lower_aug_66aug65.jpg,Tomato_Healthy_leaf,Tomato_Healthy_leaf,0.9997730851173401,1,1.0343809127807617,8.012627601623535,0.15850162506103516,9.208268165588379
dataset/test/Tomato_Healthy_leaf/h50_lower_aug_67aug70.jpg,Tomato_Healthy_leaf,Tomato_Healthy_leaf,0.9997549653053284,1,1.0191564559936523,7.761346817016602,0.1583719253540039,8.941469192504883
dataset/test/Tomato_Healthy_leaf/h50_loweraug33.jpg,Tomato_Healthy_leaf,Tomato_Healthy_leaf,0.9999599456787109,1,1.0710277557373047,7.754070281982422,0.19811248779296875,9.026470184326172
dataset/test/Tomato_Healthy_leaf/h50_mirror_vertical_aug_24aug111.jpg,Tomato_Healthy_leaf,Tomato_Healthy_leaf,0.9999867677688599,1,1.018193244934082,7.687161445617676,0.15761184692382812,8.86559772491455
dataset/test/Tomato_Healthy_leaf/h50_mirror_vertical_aug_25aug100.jpg,Tomato_Healthy_leaf,Tomato_Healthy_leaf,0.9998108744621277,1,1.028249740600586,7.736847877502441,0.15748310089111328,8.925542831420898
dataset/test/Tomato_Healthy_leaf/h50_mirror_verticalaug12.jpg,Tomato_Healthy_leaf,Tomato_Healthy_leaf,0.9980906844139099,1,1.0325450897216797,7.716310501098633,0.30644798278808594,9.057876586914062
dataset/test/Tomato_Healthy_leaf/h50aug37.jpg,Tomato_Healthy_leaf,Tomato_Healthy_leaf,0.9999454021453857,1,1.0146207809448242,7.532493591308594,0.15883541107177734,8.708393096923828
dataset/test/Tomato_Healthy_leaf/h5_mirroraug41.jpg,Tomato_Healthy_leaf,Tomato_Healthy_leaf,0.9999998807907104,1,1.0733976364135742,7.625439643859863,0.15852069854736328,8.85991382598877
dataset/test/Tomato_Healthy_leaf/h65_mirror_vertical_aug_26aug97.jpg,Tomato_Healthy_leaf,Tomato_Healthy_leaf,0.999998927116394,1,1.041971206665039,7.957757949829102,0.16205692291259766,9.164231300354004
dataset/test/Tomato_Healthy_leaf/h65_mirror_vertical_aug_27aug106.jpg,Tomato_Healthy_leaf,Tomato_Healthy_leaf,1.0,1,1.0295829772949219,7.7201995849609375,0.15938949584960938,8.911784172058105
dataset/test/Tomato_Healthy_leaf/h65_mirror_verticalaug13.jpg,Tomato_Healthy_leaf,Tomato_Healthy_leaf,0.9999998807907104,1,1.0548439025878906,7.704846382141113,0.15929794311523438,8.922209739685059
dataset/test/Tomato_Healthy_leaf/h71_mirror_aug_62aug66.jpg,Tomato_Healthy_leaf,Tomato_Healthy_leaf,1.0,1,1.091176986694336,8.144257545471191,0.15566730499267578,9.393601417541504
dataset/test/Tomato_Healthy_leaf/h71_mirror_aug_63aug67.jpg,Tomato_Healthy_leaf,Tomato_Healthy_leaf,1.0,1,1.0505828857421875,7.828458786010742,0.15842628479003906,9.040321350097656
dataset/test/Tomato_Healthy_leaf/h71_mirroraug31.jpg,Tomato_Healthy_leaf,Tomato_Healthy_leaf,1.0,1,1.1449918746948242,7.868996620178223,0.1643533706665039,9.181119918823242
dataset/test/Tomato_Healthy_leaf/h76_hight_aug_34aug88.jpg,Tomato_Healthy_leaf,Tomato_Healthy_leaf,1.0,1,1.9827032089233398,7.683734893798828,0.16059398651123047,9.829644203186035
dataset/test/Tomato_Healthy_leaf/h76_hight_aug_35aug93.jpg,Tomato_Healthy_leaf,Tomato_Healthy_leaf,0.9999997615814209,1,1.048788070678711,7.944516181945801,0.1605205535888672,9.156970024108887
dataset/test/Tomato_Healthy_leaf/h76_hightaug17.jpg,Tomato_Healthy_leaf,Tomato_Healthy_leaf,0.9999998807907104,1,1.0475454330444336,20.6016845703125,3.230788230895996,24.883463859558105
dataset/test/Tomato_Healthy_leaf/h78_change_270_aug_36aug94.jpg,Tomato_Healthy_leaf,Tomato_Healthy_leaf,1.0,1,2.550431251525879,8.935227394104004,0.16203880310058594,11.650456428527832
dataset/test/Tomato_Healthy_leaf/h78_change_270_aug_37aug99.jpg,Tomato_Healthy_leaf,Tomato_Healthy_leaf,1.0,1,1.053323745727539,7.744458198547363,0.16135311126708984,8.96176528930664
dataset/test/Tomato_Healthy_leaf/h78_change_270aug18.jpg,Tomato_Healthy_leaf,Tomato_Healthy_leaf,1.0,1,1.0947694778442383,7.9508867263793945,0.15865039825439453,9.207193374633789
dataset/test/Tomato_Healthy_leaf/h7_lower_aug_44aug87.jpg,Tomato_Healthy_leaf,Tomato_Healthy_leaf,0.9999994039535522,1,1.1076583862304688,7.83610725402832,0.15901947021484375,9.105563163757324
dataset/test/Tomato_Healthy_leaf/h7_lower_aug_45aug79.jpg,Tomato_Healthy_leaf,Tomato_Healthy_leaf,0.9999914169311523,1,1.046860694885254,7.783662796020508,0.16081619262695312,8.994691848754883
dataset/test/Tomato_Healthy_leaf/h7_loweraug22.jpg,Tomato_Healthy_leaf,Tomato_Healthy_leaf,0.9999986886978149,1,1.1145648956298828,7.915423393249512,0.1591320037841797,9.1919527053833
dataset/test/Tomato_Healthy_leaf/h81_change_180_aug_16aug113.jpg,Tomato_Healthy_leaf,Tomato_Healthy_leaf,1.0,1,1.0451765060424805,7.855607986450195,0.15729808807373047,9.060506820678711
dataset/test/Tomato_Healthy_leaf/h81_change_180_aug_17aug117.jpg,Tomato_Healthy_leaf,Tomato_Healthy_leaf,1.0,1,1.0622491836547852,7.669975280761719,0.15016841888427734,8.88461685180664
dataset/test/Tomato_Healthy_leaf/h81_change_180aug8.jpg,Tomato_Healthy_leaf,Tomato_Healthy_leaf,1.0,1,1.0232868194580078,7.507437705993652,0.1583709716796875,8.691651344299316
dataset/test/Tomato_Healthy_leaf/h84_mirroraug40.jpg,Tomato_Healthy_leaf,Tomato_Healthy_leaf,1.0,1,1.208918571472168,7.819051742553711,0.19865036010742188,9.229470252990723
dataset/test/Tomato_Healthy_leaf/h8_change_90aug35.jpg,Tomato_Healthy_leaf,Tomato_Healthy_leaf,0.9999990463256836,1,1.056380271911621,7.98682975769043,0.161224365234375,9.206693649291992
dataset/test/Tomato_Healthy_leaf/h95_mirror_verticalaug46.jpg,Tomato_Healthy_leaf,Tomato_Healthy_leaf,0.9979079961776733,1,1.056565284729004,7.761533737182617,0.1591501235961914,8.97989559173584
dataset/test/Tomato_Healthy_leaf/h96_change_270aug47.jpg,Tomato_Healthy_leaf,Tomato_Healthy_leaf,0.9998055100440979,1,1.0398979187011719,7.67379093170166,0.15787124633789062,8.874300956726074
dataset/test/Tomato_Healthy_leaf/h96_mirror_vertical_aug_14aug107.jpg,Tomato_Healthy_leaf,Tomato_Healthy_leaf,0.9999988079071045,1,1.1258430480957031,8.121479988098145,0.15703773498535156,9.407251358032227
dataset/test/Tomato_Healthy_leaf/h96_mirror_vertical_aug_15aug112.jpg,Tomato_Healthy_leaf,Tomato_Healthy_leaf,0.9999995231628418,1,1.0393600463867188,7.718976974487305,0.15848350524902344,8.919376373291016
dataset/test/Tomato_Healthy_leaf/h96_mirror_verticalaug7.jpg,Tomato_Healthy_leaf,Tomato_Healthy_leaf,1.0,1,1.0483617782592773,8.489723205566406,0.1597604751586914,9.700568199157715
dataset/test/Tomato_Healthy_leaf/h99_hight_aug_32aug92.jpg,Tomato_Healthy_leaf,Tomato_Healthy_leaf,0.9998379945755005,1,1.1221017837524414,7.7469940185546875,0.15729808807373047,9.028950691223145
dataset/test/Tomato_Healthy_leaf/h99_hight_aug_33aug101.jpg,Tomato_Healthy_leaf,Tomato_Healthy_leaf,0.9999866485595703,1,1.058176040649414,7.563289642333984,0.15803909301757812,8.781930923461914
dataset/test/Tomato_Healthy_leaf/h99_hightaug16.jpg,Tomato_Healthy_leaf,Tomato_Healthy_leaf,0.9999912977218628,1,1.1541776657104492,7.594456672668457,0.15998363494873047,8.911543846130371
dataset/test/Tomato_Healthy_leaf/h99_lower_aug_46aug78.jpg,Tomato_Healthy_leaf,Tomato_Healthy_leaf,0.9999812841415405,1,1.0704536437988281,7.703031539916992,0.1600198745727539,8.936488151550293
dataset/test/Tomato_Healthy_leaf/h99_lower_aug_47aug81.jpg,Tomato_Healthy_leaf,Tomato_Healthy_leaf,0.9999992847442627,1,1.0886402130126953,7.684161186218262,0.16076087951660156,8.93615436553955
dataset/test/Tomato_Healthy_leaf/h99_loweraug23.jpg,Tomato_Healthy_leaf,Tomato_Healthy_leaf,0.9999760389328003,1,1.1247138977050781,7.741050720214844,0.15851974487304688,9.026987075805664
dataset/test/Tomato_Healthy_leaf/h9_change_180_aug_48aug86.jpg,Tomato_Healthy_leaf,Tomato_Healthy_leaf,0.9999417066574097,1,1.0477514266967773,7.697012901306152,0.16263103485107422,8.910358428955078
dataset/test/Tomato_Healthy_leaf/h9_change_180_aug_49aug85.jpg,Tomato_Healthy_leaf,Tomato_Healthy_leaf,0.9999991655349731,1,1.064676284790039,7.752829551696777,0.15920448303222656,8.979432106018066
dataset/test/Tomato_Healthy_leaf/h9_change_180aug24.jpg,Tomato_Healthy_leaf,Tomato_Healthy_leaf,0.9999891519546509,1,1.0540103912353516,7.880867004394531,0.19350051879882812,9.13110065460205
dataset/test/Tomato_Healthy_leaf/russian-2-319-dt-2010-leaves-high-tunnel-9-29-2014-c_jpg.rf.7ef5d3901dbeaf27776a27bfc8197b72_aug_0aug52.jpg,Tomato_Healthy_leaf,Tomato_Healthy_leaf,0.9903841018676758,1,1.1323060989379883,7.554790496826172,0.15952014923095703,8.84945011138916
dataset/test/Tomato_Healthy_leaf/russian-2-319-dt-2010-leaves-high-tunnel-9-29-2014-c_jpg.rf.7ef5d3901dbeaf27776a27bfc8197b72_aug_1aug58.jpg,Tomato_Healthy_leaf,Tomato_Healthy_leaf,0.9970032572746277,1,1.2411785125732422,7.585457801818848,0.1575765609741211,8.987135887145996
dataset/test/Tomato_Healthy_leaf/russian-2-319-dt-2010-leaves-high-tunnel-9-29-2014-c_jpg.rf.7ef5d3901dbeaf27776a27bfc8197b72aug0.jpg,Tomato_Healthy_leaf,Tomato_Healthy_leaf,0.9991224408149719,1,1.1104364395141602,7.663623809814453,0.1600198745727539,8.936968803405762
dataset/test/Tomato_Healthy_leaf/unnamed_aug_64aug64.jpg,Tomato_Healthy_leaf,Tomato_Healthy_leaf,0.999528169631958,1,1.0383615493774414,7.756125450134277,0.1617422103881836,8.958802223205566
dataset/test/Tomato_Healthy_leaf/unnamed_aug_65aug60.jpg,Tomato_Healthy_leaf,Tomato_Healthy_leaf,0.9948181509971619,1,1.096491813659668,8.044533729553223,0.16153907775878906,9.305397987365723
dataset/test/Tomato_Healthy_leaf/unnamedaug32.jpg,Tomato_Healthy_leaf,Tomato_Healthy_leaf,0.9997285008430481,1,1.0464162826538086,7.7299957275390625,0.16385459899902344,8.942986488342285
dataset/test/Tomato_Septoria_leaf_spot/1723454507354_aug_44aug83.jpg,Tomato_Septoria_leaf_spot,Tomato_Septoria_leaf_spot,0.9606552720069885,1,1.0509719848632812,7.70849609375,0.15994548797607422,8.922172546386719
dataset/test/Tomato_Septoria_leaf_spot/1723454507354_aug_45aug80.jpg,Tomato_Septoria_leaf_spot,Tomato_Septoria_leaf_spot,0.9809436202049255,1,1.076066017150879,7.572809219360352,0.16057491302490234,8.811929702758789
dataset/test/Tomato_Septoria_leaf_spot/1723454507354aug22.jpg,Tomato_Septoria_leaf_spot,Tomato_Septoria_leaf_spot,0.9686340093612671,1,1.1851959228515625,7.529233932495117,0.1592235565185547,8.876450538635254
dataset/test/Tomato_Septoria_leaf_spot/1723454507465_aug_58aug67.jpg,Tomato_Septoria_leaf_spot,Tomato_Septoria_leaf_spot,0.9945492148399353,1,1.048379898071289,7.702309608459473,0.15898418426513672,8.912245750427246
dataset/test/Tomato_Septoria_leaf_spot/1723454507465_aug_59aug66.jpg,Tomato_Septoria_leaf_spot,Tomato_Septoria_leaf_spot,0.9852511882781982,1,1.0830278396606445,7.716310501098633,0.16511249542236328,8.967673301696777
dataset/test/Tomato_Septoria_leaf_spot/1723454507465aug29.jpg,Tomato_Septoria_leaf_spot,Tomato_Septoria_leaf_spot,0.5044636130332947,1,1.0726032257080078,7.746216773986816,0.1581134796142578,8.979969024658203
dataset/test/Tomato_Septoria_leaf_spot/5454635393351680.jpeg_aug_14aug115.jpg,Tomato_Septoria_leaf_spot,Tomato_Septoria_leaf_spot,0.9983989596366882,1,1.0953235626220703,7.745828628540039,0.16031646728515625,9.003951072692871
dataset/test/Tomato_Septoria_leaf_spot/5454635393351680.jpeg_aug_15aug46.jpg,Tomato_Septoria_leaf_spot,Tomato_Septoria_leaf_spot,0.9343107342720032,1,1.0903425216674805,7.715958595275879,0.1604461669921875,8.969839096069336
dataset/test/Tomato_Septoria_leaf_spot/5454635393351680.jpegaug7.jpg,Tomato_Septoria_leaf_spot,Tomato_Septoria_leaf_spot,0.9995531439781189,1,1.0553054809570312,7.7177534103393555,0.15631580352783203,8.932412147521973
dataset/test/Tomato_Septoria_leaf_spot/6134794031202304-600x272-jpeg_jpg.rf.5482c323fe160b26426628094ae3646baug42.jpg,Tomato_Septoria_leaf_spot,Tomato_Septoria_leaf_spot,0.9999760389328003,1,1.0768623352050781,7.504790306091309,0.1587047576904297,8.743226051330566
dataset/test/Tomato_Septoria_leaf_spot/66e7583ebe11cf0bd06435e4167bd4fdaug41.jpg,Tomato_Septoria_leaf_spot,Tomato_Septoria_leaf_spot,1.0,1,1.1780290603637695,7.486325263977051,0.20061302185058594,8.868023872375488
dataset/test/Tomato_Septoria_leaf_spot/8_20mistakes_204_aug_72aug61.jpg,Tomato_Septoria_leaf_spot,Tomato_Septoria_leaf_spot,0.8764932751655579,1,1.0461196899414062,7.637531280517578,0.1575002670288086,8.843783378601074
dataset/test/Tomato_Septoria_leaf_spot/8_20mistakes_204_aug_73aug62.jpg,Tomato_Septoria_leaf_spot,Tomato_Septoria_leaf_spot,0.8580197691917419,1,1.0628061294555664,7.713068008422852,0.15850067138671875,8.937191009521484
dataset/test/Tomato_Septoria_leaf_spot/8_20mistakes_204aug36.jpg,Tomato_Septoria_leaf_spot,Tomato_Septoria_leaf_spot,0.5969582200050354,1,1.0524358749389648,7.653253555297852,0.16015052795410156,8.868560791015625
dataset/test/Tomato_Septoria_leaf_spot/Gls11_mirror_vertical_aug_42aug85.jpg,Tomato_Septoria_leaf_spot,Tomato_Septoria_leaf_spot,0.999868631362915,1,1.044473648071289,7.689994812011719,0.1622610092163086,8.90017318725586
dataset/test/Tomato_Septoria_leaf_spot/Gls11_mirror_vertical_aug_43aug86.jpg,Tomato_Septoria_leaf_spot,Tomato_Septoria_leaf_spot,0.9983323216438293,1,1.0827512741088867,7.710346221923828,0.1607046127319336,8.956598281860352
dataset/test/Tomato_Septoria_leaf_spot/Gls11_mirror_verticalaug21.jpg,Tomato_Septoria_leaf_spot,Tomato_Septoria_leaf_spot,0.999122679233551,1,1.0503053665161133,7.790921211242676,0.15607643127441406,8.999784469604492
dataset/test/Tomato_Septoria_leaf_spot/Gls12_mirror_aug_46aug81.jpg,Tomato_Septoria_leaf_spot,Tomato_Septoria_leaf_spot,1.0,1,1.0254526138305664,7.507326126098633,0.15824413299560547,8.693744659423828
dataset/test/Tomato_Septoria_leaf_spot/Gls12_mirror_aug_47aug92.jpg,Tomato_Septoria_leaf_spot,Tomato_Septoria_leaf_spot,1.0,1,1.1550283432006836,7.711623191833496,0.15874385833740234,9.027970314025879
dataset/test/Tomato_Septoria_leaf_spot/Gls12_mirroraug23.jpg,Tomato_Septoria_leaf_spot,Tomato_Septoria_leaf_spot,1.0,1,1.0764532089233398,7.836347579956055,0.15938949584960938,9.075043678283691
dataset/test/Tomato_Septoria_leaf_spot/Gls1_mirror_aug_38aug82.jpg,Tomato_Septoria_leaf_spot,Tomato_Septoria_leaf_spot,0.9999814033508301,1,1.0667695999145508,7.799679756164551,0.1598339080810547,9.029007911682129
dataset/test/Tomato_Septoria_leaf_spot/Gls1_mirror_aug_39aug84.jpg,Tomato_Septoria_leaf_spot,Tomato_Septoria_leaf_spot,0.9999996423721313,1,1.0226564407348633,7.738624572753906,0.15857410430908203,8.922469139099121
dataset/test/Tomato_Septoria_leaf_spot/Gls1_mirroraug19.jpg,Tomato_Septoria_leaf_spot,Tomato_Septoria_leaf_spot,0.9999946355819702,1,1.0297880172729492,7.696903228759766,0.1503162384033203,8.879412651062012
dataset/test/Tomato_Septoria_leaf_spot/Gls21_change_270aug43.jpg,Tomato_Septoria_leaf_spot,Tomato_Septoria_leaf_spot,0.703771710395813,1,1.0478811264038086,7.736514091491699,0.15796375274658203,8.945099830627441
dataset/test/Tomato_Septoria_leaf_spot/Gls21_hight_aug_56aug78.jpg,Tomato_Septoria_leaf_spot,Tomato_Septoria_leaf_spot,0.9999998807907104,1,1.133565902709961,7.583976745605469,0.16000080108642578,8.880838394165039
dataset/test/Tomato_Septoria_leaf_spot/Gls21_hight_aug_57aug79.jpg,Tomato_Septoria_leaf_spot,Tomato_Septoria_leaf_spot,0.9999979734420776,1,1.042250633239746,7.868902206420898,0.15892887115478516,9.072933197021484
dataset/test/Tomato_Septoria_leaf_spot/Gls21_hightaug28.jpg,Tomato_Septoria_leaf_spot,Tomato_Septoria_leaf_spot,0.9999266862869263,1,1.0418415069580078,7.718920707702637,0.15779781341552734,8.921042442321777
dataset/test/Tomato_Septoria_leaf_spot/Gls29_change_180_aug_40aug89.jpg,Tomato_Septoria_leaf_spot,Tomato_Septoria_leaf_spot,0.999935507774353,1,1.0892324447631836,7.656661033630371,0.1926136016845703,8.94143295288086
dataset/test/Tomato_Septoria_leaf_spot/Gls29_change_180_aug_41aug91.jpg,Tomato_Septoria_leaf_spot,Tomato_Septoria_leaf_spot,0.9999046325683594,1,1.0459346771240234,7.750457763671875,0.16420555114746094,8.963894844055176
dataset/test/Tomato_Septoria_leaf_spot/Gls29_change_180aug20.jpg,Tomato_Septoria_leaf_spot,Tomato_Septoria_leaf_spot,0.9999243021011353,1,1.0413236618041992,7.768903732299805,0.15842723846435547,8.971357345581055
dataset/test/Tomato_Septoria_leaf_spot/Gls36_hight_aug_20aug116.jpg,Tomato_Septoria_leaf_spot,Tomato_Septoria_leaf_spot,0.9999243021011353,1,1.0351390838623047,7.728494644165039,0.1568145751953125,8.922969818115234
dataset/test/Tomato_Septoria_leaf_spot/Gls36_hight_aug_21aug118.jpg,Tomato_Septoria_leaf_spot,Tomato_Septoria_leaf_spot,0.9990204572677612,1,1.0557126998901367,7.4691972732543945,0.1603717803955078,8.687929153442383
dataset/test/Tomato_Septoria_leaf_spot/Gls36_hightaug10.jpg,Tomato_Septoria_leaf_spot,Tomato_Septoria_leaf_spot,0.9988299012184143,1,1.159510612487793,7.520641326904297,0.15939044952392578,8.842041015625
dataset/test/Tomato_Septoria_leaf_spot/Gls41_change_270_aug_50aug90.jpg,Tomato_Septoria_leaf_spot,Tomato_Septoria_leaf_spot,0.7874141335487366,1,1.1084175109863281,7.676347732543945,0.15970516204833984,8.947173118591309
dataset/test/Tomato_Septoria_leaf_spot/Gls41_change_270_aug_51aug77.jpg,Tomato_Septoria_leaf_spot,Tomato_Septoria_leaf_spot,0.9987611770629883,1,1.0674161911010742,7.748252868652344,0.15939044952392578,8.977673530578613
dataset/test/Tomato_Septoria_leaf_spot/Gls41_change_270aug25.jpg,Tomato_Septoria_leaf_spot,Tomato_Septoria_leaf_spot,0.9996383190155029,1,1.0526762008666992,7.682586669921875,0.1580944061279297,8.89576530456543
dataset/test/Tomato_Septoria_leaf_spot/Gls43_change_90_aug_60aug75.jpg,Tomato_Septoria_leaf_spot,Tomato_Septoria_leaf_spot,0.9993466734886169,1,1.0687685012817383,7.688438415527344,0.15779781341552734,8.917746543884277
dataset/test/Tomato_Septoria_leaf_spot/Gls43_change_90_aug_61aug73.jpg,Tomato_Septoria_leaf_spot,Tomato_Septoria_leaf_spot,0.9902740120887756,1,1.009195327758789,7.676975250244141,0.16420459747314453,8.853041648864746
dataset/test/Tomato_Septoria_leaf_spot/Gls43_change_90aug30.jpg,Tomato_Septoria_leaf_spot,Tomato_Septoria_leaf_spot,0.9997724890708923,1,1.0244722366333008,7.83514404296875,0.1497964859008789,9.011710166931152
dataset/test/Tomato_Septoria_leaf_spot/Gls46_change_90_aug_6aug53.jpg,Tomato_Septoria_leaf_spot,Tomato_Septoria_leaf_spot,0.9998124241828918,1,1.039565086364746,7.659087181091309,0.1589832305908203,8.860467910766602
dataset/test/Tomato_Septoria_leaf_spot/Gls46_change_90_aug_7aug56.jpg,Tomato_Septoria_leaf_spot,Tomato_Septoria_leaf_spot,0.9975422620773315,1,1.2013254165649414,7.559420585632324,0.1956491470336914,8.959396362304688
dataset/test/Tomato_Septoria_leaf_spot/Gls46_change_90aug3.jpg,Tomato_Septoria_leaf_spot,Tomato_Septoria_leaf_spot,0.9973135590553284,1,1.0603055953979492,7.6671247482299805,0.15885353088378906,8.888949394226074
dataset/test/Tomato_Septoria_leaf_spot/Gls47aug44.jpg,Tomato_Septoria_leaf_spot,Tomato_Septoria_leaf_spot,0.999997615814209,1,1.0571937561035156,7.737753868103027,0.16152000427246094,8.959672927856445
dataset/test/Tomato_Septoria_leaf_spot/Gls76_aug_34aug97.jpg,Tomato_Septoria_leaf_spot,Tomato_mold_leaf,0.8668224811553955,0,1.0488061904907227,7.777810096740723,0.15020465850830078,8.978803634643555
dataset/test/Tomato_Septoria_leaf_spot/Gls76_aug_35aug103.jpg,Tomato_Septoria_leaf_spot,Tomato_mold_leaf,0.6781479120254517,0,1.0333795547485352,7.514622688293457,0.1594085693359375,8.710301399230957
dataset/test/Tomato_Septoria_leaf_spot/Gls76_change_180_aug_30aug96.jpg,Tomato_Septoria_leaf_spot,Tomato_mold_leaf,0.9585331678390503,0,1.2156028747558594,7.641124725341797,0.15703868865966797,9.016654968261719
dataset/test/Tomato_Septoria_leaf_spot/Gls76_change_180_aug_31aug100.jpg,Tomato_Septoria_leaf_spot,Tomato_leaf_late_blight,0.5729714632034302,0,1.0499353408813477,7.767550468444824,0.1598348617553711,8.980098724365234
dataset/test/Tomato_Septoria_leaf_spot/Gls76_change_180aug15.jpg,Tomato_Septoria_leaf_spot,Tomato_mold_leaf,0.9532098770141602,0,1.0501213073730469,7.68808650970459,0.15757369995117188,8.898781776428223
dataset/test/Tomato_Septoria_leaf_spot/Gls76aug17.jpg,Tomato_Septoria_leaf_spot,Tomato_mold_leaf,0.739001452922821,0,1.0715093612670898,7.713476181030273,0.15822410583496094,8.945950508117676
dataset/test/Tomato_Septoria_leaf_spot/Gls7_change_270_aug_64aug68.jpg,Tomato_Septoria_leaf_spot,Tomato_Septoria_leaf_spot,0.999998927116394,1,1.0952320098876953,7.7086076736450195,0.1590576171875,8.965320587158203
dataset/test/Tomato_Septoria_leaf_spot/Gls7_change_270_aug_65aug71.jpg,Tomato_Septoria_leaf_spot,Tomato_Septoria_leaf_spot,0.9999938011169434,1,1.0655832290649414,7.705253601074219,0.15794658660888672,8.931524276733398
dataset/test/Tomato_Septoria_leaf_spot/Gls7_change_270aug32.jpg,Tomato_Septoria_leaf_spot,Tomato_Septoria_leaf_spot,0.9999977350234985,1,1.0424537658691406,7.736014366149902,0.1500387191772461,8.93078327178955
dataset/test/Tomato_Septoria_leaf_spot/Gls7_lower_aug_0aug57.jpg,Tomato_Septoria_leaf_spot,Tomato_Septoria_leaf_spot,0.9970548152923584,1,1.0351762771606445,7.532086372375488,0.15937137603759766,8.72965145111084
dataset/test/Tomato_Septoria_leaf_spot/Gls7_lower_aug_1aug52.jpg,Tomato_Septoria_leaf_spot,Tomato_Septoria_leaf_spot,0.9996170997619629,1,1.172454833984375,7.526567459106445,0.1658153533935547,8.867652893066406
dataset/test/Tomato_Septoria_leaf_spot/Gls7_loweraug0.jpg,Tomato_Septoria_leaf_spot,Tomato_Septoria_leaf_spot,0.9969909191131592,1,1.0898056030273438,7.7201080322265625,0.15829849243164062,8.971007347106934
dataset/test/Tomato_Septoria_leaf_spot/Gls81_lower_aug_2aug51.jpg,Tomato_Septoria_leaf_spot,Tomato_Septoria_leaf_spot,1.0,1,0.9989528656005859,7.722773551940918,0.15937137603759766,8.884024620056152
dataset/test/Tomato_Septoria_leaf_spot/Gls81_lower_aug_3aug54.jpg,Tomato_Septoria_leaf_spot,Tomato_Septoria_leaf_spot,0.9999994039535522,1,1.0068607330322266,7.729143142700195,0.15748310089111328,8.895875930786133
dataset/test/Tomato_Septoria_leaf_spot/Gls81_loweraug1.jpg,Tomato_Septoria_leaf_spot,Tomato_Septoria_leaf_spot,1.0,1,1.0003232955932617,7.691734313964844,0.15874290466308594,8.853450775146484
dataset/test/Tomato_Septoria_leaf_spot/IMG-20240812-WA0213_aug_70aug59.jpg,Tomato_Septoria_leaf_spot,Tomato_mold_leaf,0.489554762840271,0,1.1229352951049805,7.961033821105957,0.1564464569091797,9.243657112121582
dataset/test/Tomato_Septoria_leaf_spot/IMG-20240812-WA0213_aug_71aug60.jpg,Tomato_Septoria_leaf_spot,Tomato_mold_leaf,0.7042286396026611,0,1.0670280456542969,7.703309059143066,0.1479644775390625,8.92133903503418
dataset/test/Tomato_Septoria_leaf_spot/IMG-20240812-WA0213aug35.jpg,Tomato_Septoria_leaf_spot,Tomato_Early_blight_leaf,0.5115896463394165,0,1.0665836334228516,7.554734230041504,0.1582040786743164,8.782634735107422
dataset/test/Tomato_Septoria_leaf_spot/Original_e-blight.JPG.rend.hgtvcom.966.725.jpeg_aug_52aug74.jpg,Tomato_Septoria_leaf_spot,Tomato_Septoria_leaf_spot,0.9999984502792358,1,1.1743621826171875,7.5503082275390625,0.16020488739013672,8.887894630432129
dataset/test/Tomato_Septoria_leaf_spot/Original_e-blight.JPG.rend.hgtvcom.966.725.jpeg_aug_53aug76.jpg,Tomato_Septoria_leaf_spot,Tomato_Septoria_leaf_spot,0.9999912977218628,1,1.1027336120605469,7.757272720336914,0.15944576263427734,9.022043228149414
dataset/test/Tomato_Septoria_leaf_spot/Original_e-blight.JPG.rend.hgtvcom.966.725.jpegaug26.jpg,Tomato_Septoria_leaf_spot,Tomato_Septoria_leaf_spot,0.9999967813491821,1,1.0596208572387695,8.094905853271484,0.15735340118408203,9.314509391784668
dataset/test/Tomato_Septoria_leaf_spot/SS_ (990)_aug_24aug107.jpg,Tomato_Septoria_leaf_spot,Tomato_Septoria_leaf_spot,0.9999997615814209,1,1.0513429641723633,7.74040412902832,0.15763092041015625,8.952136039733887
dataset/test/Tomato_Septoria_leaf_spot/SS_ (990)_aug_25aug113.jpg,Tomato_Septoria_leaf_spot,Tomato_Septoria_leaf_spot,0.9999996423721313,1,1.0466766357421875,7.78292179107666,0.15933513641357422,8.991931915283203
dataset/test/Tomato_Septoria_leaf_spot/SS_ (990)aug12.jpg,Tomato_Septoria_leaf_spot,Tomato_Septoria_leaf_spot,0.9999998807907104,1,1.0866765975952148,7.974183082580566,0.15753841400146484,9.22100830078125
dataset/test/Tomato_Septoria_leaf_spot/Septoria_tomato_Margaret-20B_p8170755_0002_25004_jpg.rf.3fbb14d553c623c77f342b3a54baddab_aug_66aug70.jpg,Tomato_Septoria_leaf_spot,Tomato_Septoria_leaf_spot,0.9601662755012512,1,1.10406494140625,7.699568748474121,0.15635395050048828,8.96284008026123
dataset/test/Tomato_Septoria_leaf_spot/Septoria_tomato_Margaret-20B_p8170755_0002_25004_jpg.rf.3fbb14d553c623c77f342b3a54baddab_aug_67aug63.jpg,Tomato_Septoria_leaf_spot,Tomato_Septoria_leaf_spot,0.999993085861206,1,1.0967321395874023,7.542697906494141,0.15640830993652344,8.798449516296387
dataset/test/Tomato_Septoria_leaf_spot/Septoria_tomato_Margaret-20B_p8170755_0002_25004_jpg.rf.3fbb14d553c623c77f342b3a54baddabaug33.jpg,Tomato_Septoria_leaf_spot,Tomato_Septoria_leaf_spot,0.9999916553497314,1,1.1778059005737305,7.765791893005371,0.16007614135742188,9.106230735778809
dataset/test/Tomato_Septoria_leaf_spot/Tomato-Plant-with-Septoria-Leaf-Spot_aug_68aug65.jpg,Tomato_Septoria_leaf_spot,Tomato_Septoria_leaf_spot,0.9882856607437134,1,1.1301584243774414,7.689568519592285,0.1573162078857422,8.97957992553711
dataset/test/Tomato_Septoria_leaf_spot/Tomato-Plant-with-Septoria-Leaf-Spot_aug_69aug64.jpg,Tomato_Septoria_leaf_spot,Tomato_mold_leaf,0.6707367300987244,0,1.1196403503417969,7.758477210998535,0.1644458770751953,9.045563697814941
dataset/test/Tomato_Septoria_leaf_spot/Tomato-Plant-with-Septoria-Leaf-Spotaug34.jpg,Tomato_Septoria_leaf_spot,Tomato_Septoria_leaf_spot,0.9861331582069397,1,1.089010238647461,8.236128807067871,0.1580944061279297,9.485807418823242
dataset/test/Tomato_Septoria_leaf_spot/b54d0e40027ff5e90e8ba7e1e9abf9bdaug39.jpg,Tomato_Septoria_leaf_spot,Tomato_Septoria_leaf_spot,0.9999799728393555,1,1.0751762390136719,7.728977203369141,0.1577606201171875,8.964653968811035
dataset/test/Tomato_Septoria_leaf_spot/classic-septoria_aug_10aug48.jpg,Tomato_Septoria_leaf_spot,Tomato_Septoria_leaf_spot,0.980309247970581,1,1.0889348983764648,7.840959548950195,0.15790843963623047,9.091265678405762
dataset/test/Tomato_Septoria_leaf_spot/classic-septoria_aug_11aug49.jpg,Tomato_Septoria_leaf_spot,Tomato_Septoria_leaf_spot,0.9992210865020752,1,1.0840835571289062,8.470447540283203,0.15900135040283203,9.716216087341309
dataset/test/Tomato_Septoria_leaf_spot/classic-septoriaaug5.jpg,Tomato_Septoria_leaf_spot,Tomato_Septoria_leaf_spot,0.9994103908538818,1,1.2507524490356445,7.61895751953125,0.16224193572998047,9.034673690795898
dataset/test/Tomato_Septoria_leaf_spot/early+blight+on+leaf+yel+halo+IMG_2313.JPG_aug_62aug69.jpg,Tomato_Septoria_leaf_spot,Tomato_Septoria_leaf_spot,0.9999990463256836,1,1.1302509307861328,16.978652000427246,0.1593160629272461,18.270792961120605
dataset/test/Tomato_Septoria_leaf_spot/early+blight+on+leaf+yel+halo+IMG_2313.JPG_aug_63aug72.jpg,Tomato_Septoria_leaf_spot,Tomato_Septoria_leaf_spot,1.0,1,1.073899269104004,15.081690788269043,0.16189002990722656,16.320829391479492
dataset/test/Tomato_Septoria_leaf_spot/early+blight+on+leaf+yel+halo+IMG_2313.JPGaug31.jpg,Tomato_Septoria_leaf_spot,Tomato_Septoria_leaf_spot,1.0,1,1.06939697265625,11.565714836120605,0.1806316375732422,12.8187255859375
dataset/test/Tomato_Septoria_leaf_spot/early-blight-of-tomato-tomato-1aug38.jpg,Tomato_Septoria_leaf_spot,Tomato_Septoria_leaf_spot,0.999976396560669,1,1.631422996520996,8.025960922241211,0.16490936279296875,9.825346946716309
dataset/test/Tomato_Septoria_leaf_spot/eblight5_aug_18aug110.jpg,Tomato_Septoria_leaf_spot,Tomato_Septoria_leaf_spot,0.9999854564666748,1,1.0474166870117188,7.799680709838867,0.15813159942626953,9.008524894714355
dataset/test/Tomato_Septoria_leaf_spot/eblight5_aug_19aug117.jpg,Tomato_Septoria_leaf_spot,Tomato_Septoria_leaf_spot,0.9995368719100952,1,1.025954246520996,7.721661567687988,0.15814971923828125,8.908636093139648
dataset/test/Tomato_Septoria_leaf_spot/eblight5aug9.jpg,Tomato_Septoria_leaf_spot,Tomato_Septoria_leaf_spot,0.9999890327453613,1,1.0486936569213867,7.597437858581543,0.29535484313964844,8.944597244262695
dataset/test/Tomato_Septoria_leaf_spot/images (1)_aug_54aug93.jpg,Tomato_Septoria_leaf_spot,Tomato_Septoria_leaf_spot,0.9958010315895081,1,0.9906759262084961,8.132221221923828,0.15805721282958984,9.283491134643555
dataset/test/Tomato_Septoria_leaf_spot/images (1)_aug_55aug87.jpg,Tomato_Septoria_leaf_spot,Tomato_Septoria_leaf_spot,0.9995771050453186,1,1.1558990478515625,7.535770416259766,0.1665945053100586,8.861246109008789
dataset/test/Tomato_Septoria_leaf_spot/images (1)aug27.jpg,Tomato_Septoria_leaf_spot,Tomato_Septoria_leaf_spot,0.9996476173400879,1,1.0355100631713867,7.681550979614258,0.15831565856933594,8.878152847290039
dataset/test/Tomato_Septoria_leaf_spot/tomato-blight-treatment-blight_jpg.rf.78cbf6055199828cb682fd0a6435a157_aug_74aug58.jpg,Tomato_Septoria_leaf_spot,Tomato_Septoria_leaf_spot,0.9999979734420776,1,1.072676658630371,7.689328193664551,0.16238975524902344,8.928394317626953
dataset/test/Tomato_Septoria_leaf_spot/tomato-blight-treatment-blight_jpg.rf.78cbf6055199828cb682fd0a6435a157aug37.jpg,Tomato_Septoria_leaf_spot,Tomato_Septoria_leaf_spot,0.9999735355377197,1,1.0498428344726562,7.688993453979492,0.15103912353515625,8.892171859741211
dataset/test/Tomato_Septoria_leaf_spot/tomato-early-blight-e1437503226856_aug_4aug50.jpg,Tomato_Septoria_leaf_spot,Tomato_Septoria_leaf_spot,0.9999995231628418,1,1.0536384582519531,7.8401994705200195,0.15726089477539062,9.05359935760498
dataset/test/Tomato_Septoria_leaf_spot/tomato-early-blight-e1437503226856_aug_5aug55.jpg,Tomato_Septoria_leaf_spot,Tomato_Septoria_leaf_spot,0.9999669790267944,1,1.0912132263183594,7.595030784606934,0.15859413146972656,8.84733772277832
dataset/test/Tomato_Septoria_leaf_spot/tomato-early-blight-e1437503226856aug2.jpg,Tomato_Septoria_leaf_spot,Tomato_Septoria_leaf_spot,0.9999998807907104,1,1.1124181747436523,7.690587997436523,0.15829753875732422,8.963969230651855
dataset/test/Tomato_Septoria_leaf_spot/tomato-early-blightH_jpg.rf.2633fbae0a933eb2711cb8466f34aca1_aug_12aug119.jpg,Tomato_Septoria_leaf_spot,Tomato_Septoria_leaf_spot,0.9982616305351257,1,1.1252326965332031,7.722829818725586,0.15850162506103516,9.009414672851562
dataset/test/Tomato_Septoria_leaf_spot/tomato-early-blightH_jpg.rf.2633fbae0a933eb2711cb8466f34aca1_aug_13aug114.jpg,Tomato_Septoria_leaf_spot,Tomato_Septoria_leaf_spot,0.9999985694885254,1,1.0733604431152344,7.762012481689453,0.16402053833007812,9.00270938873291
dataset/test/Tomato_Septoria_leaf_spot/tomato-early-blightH_jpg.rf.2633fbae0a933eb2711cb8466f34aca1aug6.jpg,Tomato_Septoria_leaf_spot,Tomato_Septoria_leaf_spot,0.9999986886978149,1,1.9483318328857422,7.719754219055176,0.22283458709716797,9.893810272216797
dataset/test/Tomato_Septoria_leaf_spot/tomato-septoria-3-500x384_aug_32aug104.jpg,Tomato_Septoria_leaf_spot,Tomato_Septoria_leaf_spot,0.9999997615814209,1,1.053175926208496,7.758976936340332,0.16690826416015625,8.982301712036133
dataset/test/Tomato_Septoria_leaf_spot/tomato-septoria-3-500x384_aug_33aug106.jpg,Tomato_Septoria_leaf_spot,Tomato_Septoria_leaf_spot,0.9999961853027344,1,1.064805030822754,7.809032440185547,0.15803909301757812,9.034211158752441
dataset/test/Tomato_Septoria_leaf_spot/tomato-septoria-3-500x384_jpg.rf.40a23512bd3b6d8df2115d7f591913fb_aug_16aug112.jpg,Tomato_Septoria_leaf_spot,Tomato_Septoria_leaf_spot,1.0,1,1.048508644104004,7.707606315612793,0.154296875,8.913043022155762
dataset/test/Tomato_Septoria_leaf_spot/tomato-septoria-3-500x384_jpg.rf.40a23512bd3b6d8df2115d7f591913fb_aug_17aug111.jpg,Tomato_Septoria_leaf_spot,Tomato_Septoria_leaf_spot,0.999997615814209,1,1.0893077850341797,7.492197036743164,0.1579456329345703,8.742319107055664
dataset/test/Tomato_Septoria_leaf_spot/tomato-septoria-3-500x384_jpg.rf.40a23512bd3b6d8df2115d7f591913fbaug8.jpg,Tomato_Septoria_leaf_spot,Tomato_Septoria_leaf_spot,1.0,1,1.0866022109985352,7.604973793029785,0.1682415008544922,8.862671852111816
dataset/test/Tomato_Septoria_leaf_spot/tomato-septoria-3-500x384aug16.jpg,Tomato_Septoria_leaf_spot,Tomato_Septoria_leaf_spot,1.0,1,1.062546730041504,7.760957717895508,0.15903854370117188,8.98508071899414
dataset/test/Tomato_Septoria_leaf_spot/tomato-septoria-5_jpg.rf.fab97ae4bb3726e33dcbde7262ec6a65aug40.jpg,Tomato_Septoria_leaf_spot,Tomato_Septoria_leaf_spot,0.9999513626098633,1,1.0687875747680664,7.780457496643066,0.15948200225830078,9.01130199432373
dataset/test/Tomato_Septoria_leaf_spot/tomato-septoria-leaf-spot--_aug_22aug109.jpg,Tomato_Septoria_leaf_spot,Tomato_Septoria_leaf_spot,0.47402530908584595,1,1.1178808212280273,7.736032485961914,0.1596689224243164,9.016358375549316
dataset/test/Tomato_Septoria_leaf_spot/tomato-septoria-leaf-spot--_aug_23aug108.jpg,Tomato_Septoria_leaf_spot,Tomato_Septoria_leaf_spot,0.4524630904197693,1,1.1448249816894531,7.771013259887695,0.15676116943359375,9.0751371383667
dataset/test/Tomato_Septoria_leaf_spot/tomato-septoria-leaf-spot--_jpg.rf.06783859d6d3e49976374e4146674e0b_aug_48aug94.jpg,Tomato_Septoria_leaf_spot,Tomato_Septoria_leaf_spot,0.9987908005714417,1,1.1082334518432617,7.646846771240234,0.16431617736816406,8.922412872314453
dataset/test/Tomato_Septoria_leaf_spot/tomato-septoria-leaf-spot--_jpg.rf.06783859d6d3e49976374e4146674e0b_aug_49aug88.jpg,Tomato_Septoria_leaf_spot,Tomato_Septoria_leaf_spot,0.9910597205162048,1,1.133620262145996,7.73371696472168,0.15657520294189453,9.02637767791748
dataset/test/Tomato_Septoria_leaf_spot/tomato-septoria-leaf-spot--_jpg.rf.06783859d6d3e49976374e4146674e0baug24.jpg,Tomato_Septoria_leaf_spot,Tomato_Septoria_leaf_spot,0.968468427658081,1,1.1487321853637695,7.536364555358887,0.16011333465576172,8.847949028015137
dataset/test/Tomato_Septoria_leaf_spot/tomato-septoria-leaf-spot--_jpg.rf.5e63d9a20f5557b9bb3617e79b48ef85_aug_26aug95.jpg,Tomato_Septoria_leaf_spot,Tomato_Septoria_leaf_spot,0.5872133374214172,1,1.2522344589233398,7.709864616394043,0.16024208068847656,9.125045776367188
dataset/test/Tomato_Septoria_leaf_spot/tomato-septoria-leaf-spot--_jpg.rf.5e63d9a20f5557b9bb3617e79b48ef85_aug_27aug101.jpg,Tomato_Septoria_leaf_spot,Tomato_Septoria_leaf_spot,0.9644477963447571,1,1.1245841979980469,7.6333465576171875,0.16761302947998047,8.928153991699219
dataset/test/Tomato_Septoria_leaf_spot/tomato-septoria-leaf-spot--_jpg.rf.5e63d9a20f5557b9bb3617e79b48ef85aug13.jpg,Tomato_Septoria_leaf_spot,Tomato_Septoria_leaf_spot,0.9620682597160339,1,1.1047134399414062,7.621974945068359,0.15861129760742188,8.888115882873535
dataset/test/Tomato_Septoria_leaf_spot/tomato-septoria-leaf-spot--aug11.jpg,Tomato_Septoria_leaf_spot,Tomato_Septoria_leaf_spot,0.4667704999446869,1,1.1701021194458008,7.683106422424316,0.16455650329589844,9.021099090576172
dataset/test/Tomato_Septoria_leaf_spot/tomato-septoria-leaf-spot-_aug_28aug105.jpg,Tomato_Septoria_leaf_spot,Tomato_Septoria_leaf_spot,0.9993343949317932,1,1.1253242492675781,7.650920867919922,0.15163040161132812,8.930171966552734
dataset/test/Tomato_Septoria_leaf_spot/tomato-septoria-leaf-spot-_aug_29aug102.jpg,Tomato_Septoria_leaf_spot,Tomato_Septoria_leaf_spot,0.9926440119743347,1,1.0708236694335938,7.582345962524414,0.16637229919433594,8.822264671325684
dataset/test/Tomato_Septoria_leaf_spot/tomato-septoria-leaf-spot-aug14.jpg,Tomato_Septoria_leaf_spot,Tomato_Septoria_leaf_spot,0.9999940395355225,1,1.1771221160888672,7.583586692810059,0.16196346282958984,8.925468444824219
dataset/test/Tomato_Septoria_leaf_spot/tomato_D2b-Early-blight---RPitblado_zoom_jpg.rf.93df1c3cb830b3940e4a23a5c4a05598_aug_8aug45.jpg,Tomato_Septoria_leaf_spot,Tomato_Septoria_leaf_spot,0.9998910427093506,1,1.0923433303833008,7.869533538818359,0.1630382537841797,9.127655029296875
dataset/test/Tomato_Septoria_leaf_spot/tomato_D2b-Early-blight---RPitblado_zoom_jpg.rf.93df1c3cb830b3940e4a23a5c4a05598_aug_9aug47.jpg,Tomato_Septoria_leaf_spot,Tomato_Septoria_leaf_spot,0.9999169111251831,1,1.1397886276245117,7.688421249389648,0.16803836822509766,8.999526023864746
dataset/test/Tomato_Septoria_leaf_spot/tomato_D2b-Early-blight---RPitblado_zoom_jpg.rf.93df1c3cb830b3940e4a23a5c4a05598aug4.jpg,Tomato_Septoria_leaf_spot,Tomato_Septoria_leaf_spot,0.9999041557312012,1,1.1271772384643555,7.759883880615234,0.15613174438476562,9.0458402633667
dataset/test/Tomato_Septoria_leaf_spot/tomatoseptorialeafspotjpg-788d20798a3c74e7_aug_36aug98.jpg,Tomato_Septoria_leaf_spot,Tomato_Septoria_leaf_spot,0.9999904632568359,1,1.0626564025878906,7.630067825317383,0.1590576171875,8.854411125183105
dataset/test/Tomato_Septoria_leaf_spot/tomatoseptorialeafspotjpg-788d20798a3c74e7_aug_37aug99.jpg,Tomato_Septoria_leaf_spot,Tomato_Septoria_leaf_spot,0.9983792304992676,1,1.1158246994018555,7.668439865112305,0.15711307525634766,8.944043159484863
dataset/test/Tomato_Septoria_leaf_spot/tomatoseptorialeafspotjpg-788d20798a3c74e7aug18.jpg,Tomato_Septoria_leaf_spot,Tomato_Septoria_leaf_spot,0.9999527931213379,1,1.104325294494629,7.660734176635742,0.15529727935791016,8.922727584838867
dataset/test/Tomato_leaf_late_blight/Gls74_change_90_aug_66aug46.jpg,Tomato_leaf_late_blight,Tomato_leaf_late_blight,0.9998799562454224,1,1.0264348983764648,7.561549186706543,0.16657638549804688,8.757708549499512
dataset/test/Tomato_leaf_late_blight/Gls74_change_90_aug_67aug49.jpg,Tomato_leaf_late_blight,Tomato_leaf_late_blight,0.9859236478805542,1,1.040696144104004,7.517179489135742,0.16857528686523438,8.729615211486816
dataset/test/Tomato_leaf_late_blight/Gls74_change_90_aug_68aug41.jpg,Tomato_leaf_late_blight,Tomato_leaf_late_blight,0.9153931736946106,1,1.046675682067871,7.682254791259766,0.15874290466308594,8.89035701751709
dataset/test/Tomato_leaf_late_blight/Gls74_change_90aug22.jpg,Tomato_leaf_late_blight,Tomato_leaf_late_blight,0.9983776807785034,1,1.0344905853271484,7.640308380126953,0.15977954864501953,8.837154388427734
dataset/test/Tomato_leaf_late_blight/Gls78_change_270_aug_24aug95.jpg,Tomato_leaf_late_blight,Tomato_leaf_late_blight,0.998547375202179,1,1.0769176483154297,7.6505126953125,0.15605735778808594,8.885968208312988
dataset/test/Tomato_leaf_late_blight/Gls78_change_270_aug_25aug80.jpg,Tomato_leaf_late_blight,Tomato_leaf_late_blight,0.9991999268531799,1,1.0298614501953125,7.634012222290039,0.15913105010986328,8.825634002685547
dataset/test/Tomato_leaf_late_blight/Gls78_change_270_aug_26aug81.jpg,Tomato_leaf_late_blight,Tomato_leaf_late_blight,0.9970256686210632,1,1.0343236923217773,7.689142227172852,0.15513134002685547,8.881301879882812
dataset/test/Tomato_leaf_late_blight/Gls78_change_270aug8.jpg,Tomato_leaf_late_blight,Tomato_leaf_late_blight,0.9992784857749939,1,1.0046577453613281,7.756402969360352,0.1484088897705078,8.911931991577148
dataset/test/Tomato_leaf_late_blight/Gls79_change_270_aug_51aug69.jpg,Tomato_leaf_late_blight,Tomato_leaf_late_blight,0.9998425245285034,1,1.0254344940185547,7.503826141357422,0.16059494018554688,8.692355155944824
dataset/test/Tomato_leaf_late_blight/Gls79_change_270_aug_52aug74.jpg,Tomato_leaf_late_blight,Tomato_leaf_late_blight,0.9997819066047668,1,1.0483427047729492,7.648013114929199,0.16509437561035156,8.864968299865723
dataset/test/Tomato_leaf_late_blight/Gls79_change_270_aug_53aug68.jpg,Tomato_leaf_late_blight,Tomato_leaf_late_blight,0.9999339580535889,1,1.0183801651000977,7.7228288650512695,0.16144561767578125,8.905173301696777
dataset/test/Tomato_leaf_late_blight/Gls79_change_270aug17.jpg,Tomato_leaf_late_blight,Tomato_leaf_late_blight,0.998094379901886,1,1.0269908905029297,7.695828437805176,0.15825939178466797,8.884060859680176
dataset/test/Tomato_leaf_late_blight/Gls79_change_90_aug_27aug85.jpg,Tomato_leaf_late_blight,Tomato_leaf_late_blight,0.9996641874313354,1,1.0208978652954102,7.752605438232422,0.15842819213867188,8.934839248657227
dataset/test/Tomato_leaf_late_blight/Gls79_change_90_aug_28aug97.jpg,Tomato_leaf_late_blight,Tomato_leaf_late_blight,0.9975740313529968,1,1.0428991317749023,7.6421613693237305,0.15650081634521484,8.844226837158203
dataset/test/Tomato_leaf_late_blight/Gls79_change_90_aug_29aug89.jpg,Tomato_leaf_late_blight,Tomato_leaf_late_blight,0.9994415640830994,1,1.0164356231689453,7.706662178039551,0.15748214721679688,8.88337516784668
dataset/test/Tomato_leaf_late_blight/Gls79_change_90aug9.jpg,Tomato_leaf_late_blight,Tomato_leaf_late_blight,0.9999808073043823,1,1.0029716491699219,7.486362457275391,0.15829753875732422,8.650003433227539
dataset/test/Tomato_leaf_late_blight/Gls79_mirror_aug_15aug104.jpg,Tomato_leaf_late_blight,Tomato_leaf_late_blight,0.9997770190238953,1,1.0130462646484375,7.65492057800293,0.1564645767211914,8.826949119567871
dataset/test/Tomato_leaf_late_blight/Gls79_mirror_aug_16aug113.jpg,Tomato_leaf_late_blight,Tomato_leaf_late_blight,0.9999204874038696,1,1.0086936950683594,7.610882759094238,0.15839004516601562,8.780542373657227
dataset/test/Tomato_leaf_late_blight/Gls79_mirror_aug_17aug109.jpg,Tomato_leaf_late_blight,Tomato_leaf_late_blight,0.9996525049209595,1,1.0555458068847656,7.719217300415039,0.1570758819580078,8.93459701538086
dataset/test/Tomato_leaf_late_blight/Gls79_mirroraug5.jpg,Tomato_leaf_late_blight,Tomato_leaf_late_blight,0.9999539852142334,1,0.9980087280273438,7.606976509094238,0.16292667388916016,8.770337104797363
dataset/test/Tomato_leaf_late_blight/IMG_20251102_155822aug32.jpg,Tomato_leaf_late_blight,Tomato_Healthy_leaf,0.4532877206802368,0,1.0720272064208984,7.713495254516602,0.15692806243896484,8.945320129394531
dataset/test/Tomato_leaf_late_blight/IMG_20251102_160928aug33.jpg,Tomato_leaf_late_blight,Tomato_Early_blight_leaf,0.9973996877670288,0,1.04217529296875,7.547011375427246,0.1575937271118164,8.749337196350098
dataset/test/Tomato_leaf_late_blight/IMG_20251102_161202_aug_57aug50.jpg,Tomato_leaf_late_blight,Tomato_Early_blight_leaf,0.9993023872375488,0,1.1129188537597656,7.615568161010742,0.16683387756347656,8.898561477661133
dataset/test/Tomato_leaf_late_blight/IMG_20251102_161202_aug_58aug52.jpg,Tomato_leaf_late_blight,Tomato_Early_blight_leaf,0.9950112104415894,0,1.1440839767456055,7.630716323852539,0.15676021575927734,8.934449195861816
dataset/test/Tomato_leaf_late_blight/IMG_20251102_161202_aug_59aug39.jpg,Tomato_leaf_late_blight,Tomato_Early_blight_leaf,0.9999613761901855,0,1.1078243255615234,7.70864200592041,0.15952014923095703,8.978968620300293
dataset/test/Tomato_leaf_late_blight/IMG_20251102_161202aug19.jpg,Tomato_leaf_late_blight,Tomato_Early_blight_leaf,0.9999457597732544,0,1.106527328491211,7.683050155639648,0.16066741943359375,8.952801704406738
dataset/test/Tomato_leaf_late_blight/IMG_5808_jpg.rf.9de5af872dd2e7a58b115c4826fb18d4_aug_63aug53.jpg,Tomato_leaf_late_blight,Tomato_leaf_late_blight,0.9760280847549438,1,1.058877944946289,7.599142074584961,0.16542720794677734,8.826245307922363
dataset/test/Tomato_leaf_late_blight/IMG_5808_jpg.rf.9de5af872dd2e7a58b115c4826fb18d4_aug_64aug43.jpg,Tomato_leaf_late_blight,Tomato_leaf_late_blight,0.8540806174278259,1,1.0951404571533203,7.703587532043457,0.15415000915527344,8.955840110778809
dataset/test/Tomato_leaf_late_blight/IMG_5808_jpg.rf.9de5af872dd2e7a58b115c4826fb18d4_aug_65aug38.jpg,Tomato_leaf_late_blight,Tomato_leaf_late_blight,0.9642356634140015,1,1.0588245391845703,7.646050453186035,0.17294597625732422,8.880949974060059
dataset/test/Tomato_leaf_late_blight/IMG_5808_jpg.rf.9de5af872dd2e7a58b115c4826fb18d4aug21.jpg,Tomato_leaf_late_blight,Tomato_leaf_late_blight,0.9127189517021179,1,1.1197509765625,7.536881446838379,0.1587047576904297,8.818059921264648
dataset/test/Tomato_leaf_late_blight/LB_ (254)_aug_54aug73.jpg,Tomato_leaf_late_blight,Tomato_leaf_late_blight,0.9954726099967957,1,1.0099897384643555,7.723902702331543,0.1580190658569336,8.894432067871094
dataset/test/Tomato_leaf_late_blight/LB_ (254)_aug_55aug71.jpg,Tomato_leaf_late_blight,Tomato_leaf_late_blight,0.9754355549812317,1,1.0664167404174805,7.713865280151367,0.16379737854003906,8.946561813354492
dataset/test/Tomato_leaf_late_blight/LB_ (254)_aug_56aug78.jpg,Tomato_leaf_late_blight,Tomato_leaf_late_blight,0.9960905909538269,1,1.0205087661743164,7.698883056640625,0.15920448303222656,8.881728172302246
dataset/test/Tomato_leaf_late_blight/LB_ (254)aug18.jpg,Tomato_leaf_late_blight,Tomato_leaf_late_blight,0.9983553290367126,1,0.9991931915283203,7.680327415466309,0.15711212158203125,8.839227676391602
dataset/test/Tomato_leaf_late_blight/LB_ (276)_aug_60aug45.jpg,Tomato_leaf_late_blight,Tomato_leaf_late_blight,0.9987633228302002,1,1.141343116760254,7.7517547607421875,0.1595935821533203,9.055506706237793
dataset/test/Tomato_leaf_late_blight/LB_ (276)_aug_61aug44.jpg,Tomato_leaf_late_blight,Tomato_leaf_late_blight,0.9985631108283997,1,1.0259170532226562,7.712217330932617,0.16103744506835938,8.901857376098633
dataset/test/Tomato_leaf_late_blight/LB_ (276)_aug_62aug40.jpg,Tomato_leaf_late_blight,Tomato_leaf_late_blight,0.9999902248382568,1,1.0462684631347656,7.536048889160156,0.15746402740478516,8.742208480834961
dataset/test/Tomato_leaf_late_blight/LB_ (276)aug20.jpg,Tomato_leaf_late_blight,Tomato_leaf_late_blight,0.9999085664749146,1,1.0127315521240234,7.490381240844727,0.15829849243164062,8.664039611816406
dataset/test/Tomato_leaf_late_blight/Late-blight-foliar-leasion-on-tomato_jpg.rf.331af81e5b2aae24af0dc9b6d9933591_aug_72aug60.jpg,Tomato_leaf_late_blight,Tomato_leaf_late_blight,0.9999899864196777,1,1.1041202545166016,7.743902206420898,0.15790939331054688,9.008858680725098
dataset/test/Tomato_leaf_late_blight/Late-blight-foliar-leasion-on-tomato_jpg.rf.331af81e5b2aae24af0dc9b6d9933591_aug_73aug51.jpg,Tomato_leaf_late_blight,Tomato_leaf_late_blight,0.9996176958084106,1,1.0884904861450195,7.668272018432617,0.1580209732055664,8.917394638061523
dataset/test/Tomato_leaf_late_blight/Late-blight-foliar-leasion-on-tomato_jpg.rf.331af81e5b2aae24af0dc9b6d9933591_aug_74aug37.jpg,Tomato_leaf_late_blight,Tomato_leaf_late_blight,0.9995518326759338,1,1.1621599197387695,7.665992736816406,0.19924163818359375,9.030635833740234
dataset/test/Tomato_leaf_late_blight/Late-blight-foliar-leasion-on-tomato_jpg.rf.331af81e5b2aae24af0dc9b6d9933591aug24.jpg,Tomato_leaf_late_blight,Tomato_leaf_late_blight,0.9992534518241882,1,1.0901203155517578,7.744568824768066,0.1639261245727539,9.001896858215332
dataset/test/Tomato_leaf_late_blight/Late-blight-on-a-tomato-leaf_jpg.rf.8a0bcac661db5b0d51beab8e2bf6cd6caug29.jpg,Tomato_leaf_late_blight,Tomato_leaf_late_blight,0.9999997615814209,1,1.054046630859375,7.746347427368164,0.16398334503173828,8.967375755310059
dataset/test/Tomato_leaf_late_blight/Late-blight-on-a-tomato-leaf_jpg.rf.8defdb736385f3e1da6fba17b2786ac9_aug_84aug36.jpg,Tomato_leaf_late_blight,Tomato_leaf_late_blight,0.9999998807907104,1,1.0277690887451172,7.668902397155762,0.1542062759399414,8.853320121765137
dataset/test/Tomato_leaf_late_blight/Late-blight-on-a-tomato-leaf_jpg.rf.8defdb736385f3e1da6fba17b2786ac9aug28.jpg,Tomato_leaf_late_blight,Tomato_leaf_late_blight,0.9999994039535522,1,1.0714921951293945,7.498046875,0.1688528060913086,8.741467475891113
dataset/test/Tomato_leaf_late_blight/Late-blight-symptoms-on-tomato-leaves-1r3uhy2_jpg.rf.92fa5ba375a2c3ce572ef7e12695be90aug31.jpg,Tomato_leaf_late_blight,Tomato_leaf_late_blight,0.999930739402771,1,1.1171951293945312,7.525363922119141,0.16818714141845703,8.81417179107666
dataset/test/Tomato_leaf_late_blight/Late-blight-tomato-leaf-VikramBisht-MBag_jpg.rf.ec494f1ab0c0417fed47095af181f852_aug_6aug117.jpg,Tomato_leaf_late_blight,Tomato_leaf_late_blight,0.9999613761901855,1,1.101120948791504,7.6412353515625,0.15746498107910156,8.902467727661133
dataset/test/Tomato_leaf_late_blight/Late-blight-tomato-leaf-VikramBisht-MBag_jpg.rf.ec494f1ab0c0417fed47095af181f852_aug_7aug116.jpg,Tomato_leaf_late_blight,Tomato_leaf_late_blight,0.9990150928497314,1,1.069157600402832,7.735179901123047,0.15774250030517578,8.964986801147461
dataset/test/Tomato_leaf_late_blight/Late-blight-tomato-leaf-VikramBisht-MBag_jpg.rf.ec494f1ab0c0417fed47095af181f852_aug_8aug115.jpg,Tomato_leaf_late_blight,Tomato_leaf_late_blight,0.9995365142822266,1,1.0721759796142578,7.661587715148926,0.1594095230102539,8.896135330200195
dataset/test/Tomato_leaf_late_blight/Late-blight-tomato-leaf-VikramBisht-MBag_jpg.rf.ec494f1ab0c0417fed47095af181f852aug2.jpg,Tomato_leaf_late_blight,Tomato_leaf_late_blight,0.9989797472953796,1,1.0941953659057617,7.645197868347168,0.15718746185302734,8.899450302124023
dataset/test/Tomato_leaf_late_blight/LateBlight-Tomato-JJ-2009-17nxg4q_aug_36aug79.jpg,Tomato_leaf_late_blight,Tomato_leaf_late_blight,0.9922327995300293,1,1.0641212463378906,7.557382583618164,0.15913009643554688,8.78330135345459
dataset/test/Tomato_leaf_late_blight/LateBlight-Tomato-JJ-2009-17nxg4q_aug_37aug87.jpg,Tomato_leaf_late_blight,Tomato_leaf_late_blight,0.9714695811271667,1,0.9997682571411133,7.570140838623047,0.15903949737548828,8.731504440307617
dataset/test/Tomato_leaf_late_blight/LateBlight-Tomato-JJ-2009-17nxg4q_aug_38aug67.jpg,Tomato_leaf_late_blight,Tomato_leaf_late_blight,0.8381586074829102,1,1.0088615417480469,7.906403541564941,0.15807533264160156,9.075969696044922
dataset/test/Tomato_leaf_late_blight/LateBlight-Tomato-JJ-2009-17nxg4q_jpg.rf.93780f99f071013cf0764b40fc6db48c_aug_48aug77.jpg,Tomato_leaf_late_blight,Tomato_leaf_late_blight,0.9999518394470215,1,1.004582405090332,7.659994125366211,0.15903854370117188,8.826505661010742
dataset/test/Tomato_leaf_late_blight/LateBlight-Tomato-JJ-2009-17nxg4q_jpg.rf.93780f99f071013cf0764b40fc6db48c_aug_49aug65.jpg,Tomato_leaf_late_blight,Tomato_leaf_late_blight,0.9999369382858276,1,1.054046630859375,7.708439826965332,0.15709400177001953,8.922320365905762
dataset/test/Tomato_leaf_late_blight/LateBlight-Tomato-JJ-2009-17nxg4q_jpg.rf.93780f99f071013cf0764b40fc6db48c_aug_50aug75.jpg,Tomato_leaf_late_blight,Tomato_leaf_late_blight,0.9998806715011597,1,1.001582145690918,7.688458442687988,0.17164897918701172,8.864985466003418
dataset/test/Tomato_leaf_late_blight/LateBlight-Tomato-JJ-2009-17nxg4q_jpg.rf.93780f99f071013cf0764b40fc6db48caug16.jpg,Tomato_leaf_late_blight,Tomato_leaf_late_blight,0.9999997615814209,1,1.0205459594726562,7.889163017272949,0.15476036071777344,9.06698989868164
dataset/test/Tomato_leaf_late_blight/LateBlight-Tomato-JJ-2009-17nxg4qaug12.jpg,Tomato_leaf_late_blight,Tomato_leaf_late_blight,0.9974091649055481,1,1.0010080337524414,7.5194549560546875,0.16935348510742188,8.692670822143555
dataset/test/Tomato_leaf_late_blight/Lb11_mirror_verticalaug34.jpg,Tomato_leaf_late_blight,Tomato_leaf_late_blight,0.9835277795791626,1,1.095139503479004,7.594605445861816,0.19357585906982422,8.88606071472168
dataset/test/Tomato_leaf_late_blight/Lb51_mirror_aug_39aug83.jpg,Tomato_leaf_late_blight,Tomato_leaf_late_blight,0.9882434010505676,1,1.036250114440918,7.913866996765137,0.16263198852539062,9.115878105163574
dataset/test/Tomato_leaf_late_blight/Lb51_mirror_aug_40aug96.jpg,Tomato_leaf_late_blight,Tomato_leaf_late_blight,0.9998824596405029,1,1.0411386489868164,7.716310501098633,0.1685934066772461,8.929043769836426
dataset/test/Tomato_leaf_late_blight/Lb51_mirror_aug_41aug91.jpg,Tomato_leaf_late_blight,Tomato_leaf_late_blight,0.9977422952651978,1,1.0363616943359375,7.720402717590332,0.16413211822509766,8.92398738861084
dataset/test/Tomato_leaf_late_blight/Lb51_mirroraug13.jpg,Tomato_leaf_late_blight,Tomato_leaf_late_blight,0.9905388355255127,1,1.4289007186889648,8.01053524017334,0.16076183319091797,9.602585792541504
dataset/test/Tomato_leaf_late_blight/Lb52_change_90_aug_42aug64.jpg,Tomato_leaf_late_blight,Tomato_leaf_late_blight,0.9990639090538025,1,1.0200281143188477,7.734994888305664,0.15987014770507812,8.917487144470215
dataset/test/Tomato_leaf_late_blight/Lb52_change_90_aug_43aug63.jpg,Tomato_leaf_late_blight,Tomato_leaf_late_blight,0.9997221827507019,1,1.021510124206543,8.4935941696167,0.16039180755615234,9.677993774414062
dataset/test/Tomato_leaf_late_blight/Lb52_change_90_aug_44aug70.jpg,Tomato_leaf_late_blight,Tomato_leaf_late_blight,0.999580442905426,1,1.094435691833496,7.689884185791016,0.15659332275390625,8.94361686706543
dataset/test/Tomato_leaf_late_blight/Lb52_change_90aug14.jpg,Tomato_leaf_late_blight,Tomato_leaf_late_blight,0.9977526068687439,1,1.0147123336791992,9.094285011291504,0.24181747436523438,10.353943824768066
dataset/test/Tomato_leaf_late_blight/Lb69_aug_45aug76.jpg,Tomato_leaf_late_blight,Tomato_leaf_late_blight,0.9999964237213135,1,1.090102195739746,18.23771858215332,0.14994525909423828,19.48013687133789
dataset/test/Tomato_leaf_late_blight/Lb69_aug_46aug72.jpg,Tomato_leaf_late_blight,Tomato_leaf_late_blight,0.9999995231628418,1,1.003676414489746,11.11176586151123,0.157501220703125,12.27525806427002
dataset/test/Tomato_leaf_late_blight/Lb69_aug_47aug66.jpg,Tomato_leaf_late_blight,Tomato_leaf_late_blight,0.9999985694885254,1,1.013138771057129,7.867681503295898,0.15840911865234375,9.041895866394043
dataset/test/Tomato_leaf_late_blight/Lb69aug15.jpg,Tomato_leaf_late_blight,Tomato_leaf_late_blight,0.9999964237213135,1,1.0725278854370117,7.751662254333496,0.1685934066772461,8.995616912841797
dataset/test/Tomato_leaf_late_blight/Lb8_mirror_vertical_aug_10aug118.jpg,Tomato_leaf_late_blight,Tomato_leaf_late_blight,0.9934773445129395,1,1.1649551391601562,7.931163787841797,0.16474342346191406,9.263453483581543
dataset/test/Tomato_leaf_late_blight/Lb8_mirror_vertical_aug_11aug111.jpg,Tomato_leaf_late_blight,Tomato_leaf_late_blight,0.9912605881690979,1,1.0313615798950195,7.618197441101074,0.16526126861572266,8.818134307861328
dataset/test/Tomato_leaf_late_blight/Lb8_mirror_vertical_aug_9aug103.jpg,Tomato_leaf_late_blight,Tomato_leaf_late_blight,0.9810836911201477,1,1.0169153213500977,8.390778541564941,0.16161251068115234,9.571806907653809
dataset/test/Tomato_leaf_late_blight/Lb8_mirror_verticalaug3.jpg,Tomato_leaf_late_blight,Tomato_leaf_late_blight,0.9995135068893433,1,1.0281744003295898,8.001330375671387,0.15911293029785156,9.191119194030762
dataset/test/Tomato_leaf_late_blight/Lb97_aug_21aug84.jpg,Tomato_leaf_late_blight,Tomato_leaf_late_blight,0.9995629191398621,1,1.0405645370483398,9.772587776184082,0.16163063049316406,10.97767162322998
dataset/test/Tomato_leaf_late_blight/Lb97_aug_22aug101.jpg,Tomato_leaf_late_blight,Tomato_leaf_late_blight,0.9996147155761719,1,1.0399169921875,7.95953369140625,0.1667776107788086,9.16950798034668
dataset/test/Tomato_leaf_late_blight/Lb97_aug_23aug82.jpg,Tomato_leaf_late_blight,Tomato_leaf_late_blight,0.9994142055511475,1,1.0358057022094727,7.595883369445801,0.1630382537841797,8.797856330871582
dataset/test/Tomato_leaf_late_blight/Lb97aug7.jpg,Tomato_leaf_late_blight,Tomato_leaf_late_blight,0.9932733774185181,1,1.039658546447754,7.695199012756348,0.15311336517333984,8.890042304992676
dataset/test/Tomato_leaf_late_blight/Leaf-2Bsymptoms-2BMDA_jpg.rf.39b220104d04636fad4f5aae043826cb_aug_0aug108.jpg,Tomato_leaf_late_blight,Tomato_leaf_late_blight,1.0,1,1.090397834777832,7.63149356842041,0.19431686401367188,8.918783187866211
dataset/test/Tomato_leaf_late_blight/Leaf-2Bsymptoms-2BMDA_jpg.rf.39b220104d04636fad4f5aae043826cb_aug_1aug106.jpg,Tomato_leaf_late_blight,Tomato_leaf_late_blight,1.0,1,1.0958614349365234,7.92790412902832,0.16438961029052734,9.191102027893066
dataset/test/Tomato_leaf_late_blight/Leaf-2Bsymptoms-2BMDA_jpg.rf.39b220104d04636fad4f5aae043826cb_aug_2aug119.jpg,Tomato_leaf_late_blight,Tomato_leaf_late_blight,0.9999994039535522,1,1.06982421875,7.733624458312988,0.15742778778076172,8.963486671447754
dataset/test/Tomato_leaf_late_blight/Leaf-2Bsymptoms-2BMDA_jpg.rf.39b220104d04636fad4f5aae043826cbaug0.jpg,Tomato_leaf_late_blight,Tomato_leaf_late_blight,1.0,1,1.1089162826538086,11.711400985717773,0.1586132049560547,12.981412887573242
dataset/test/Tomato_leaf_late_blight/Tomato-20bacterial-20canker-JPG_jpg.rf.8b568c1d5efcfdcef44c606eb076b889_aug_30aug92.jpg,Tomato_leaf_late_blight,Tomato_leaf_late_blight,0.9790987968444824,1,1.2892522811889648,8.519281387329102,0.16029739379882812,9.971609115600586
dataset/test/Tomato_leaf_late_blight/Tomato-20bacterial-20canker-JPG_jpg.rf.8b568c1d5efcfdcef44c606eb076b889_aug_31aug98.jpg,Tomato_leaf_late_blight,Tomato_leaf_late_blight,0.9990752935409546,1,1.1691217422485352,7.6389570236206055,0.16492843627929688,8.976042747497559
dataset/test/Tomato_leaf_late_blight/Tomato-20bacterial-20canker-JPG_jpg.rf.8b568c1d5efcfdcef44c606eb076b889_aug_32aug90.jpg,Tomato_leaf_late_blight,Tomato_leaf_late_blight,0.7024367451667786,1,1.087101936340332,7.8169403076171875,0.16016864776611328,9.067301750183105
dataset/test/Tomato_leaf_late_blight/Tomato-20bacterial-20canker-JPG_jpg.rf.8b568c1d5efcfdcef44c606eb076b889aug10.jpg,Tomato_leaf_late_blight,Tomato_leaf_late_blight,0.9970799088478088,1,1.1404924392700195,7.810089111328125,0.1577606201171875,9.111340522766113
dataset/test/Tomato_leaf_late_blight/TomatoBlight-JPG_jpg.rf.234cbc5809dc7d942e46760a63e10d9f_aug_33aug88.jpg,Tomato_leaf_late_blight,Tomato_leaf_late_blight,0.9970118999481201,1,1.0496759414672852,7.604050636291504,0.1588907241821289,8.81581974029541
dataset/test/Tomato_leaf_late_blight/TomatoBlight-JPG_jpg.rf.234cbc5809dc7d942e46760a63e10d9f_aug_34aug86.jpg,Tomato_leaf_late_blight,Tomato_leaf_late_blight,0.9887069463729858,1,1.0708980560302734,7.777809143066406,0.17072391510009766,9.022543907165527
dataset/test/Tomato_leaf_late_blight/TomatoBlight-JPG_jpg.rf.234cbc5809dc7d942e46760a63e10d9f_aug_35aug93.jpg,Tomato_leaf_late_blight,Tomato_leaf_late_blight,0.6113740801811218,1,1.085158348083496,7.654030799865723,0.15633392333984375,8.89798641204834
dataset/test/Tomato_leaf_late_blight/TomatoBlight-JPG_jpg.rf.234cbc5809dc7d942e46760a63e10d9faug11.jpg,Tomato_leaf_late_blight,Tomato_leaf_late_blight,0.9100082516670227,1,1.1099538803100586,7.7354021072387695,0.1599264144897461,9.007987976074219
dataset/test/Tomato_leaf_late_blight/dsc_8140cs_aug_3aug114.jpg,Tomato_leaf_late_blight,Tomato_leaf_late_blight,0.999935507774353,1,1.0578060150146484,7.51004695892334,0.15927982330322266,8.73007869720459
dataset/test/Tomato_leaf_late_blight/dsc_8140cs_aug_4aug99.jpg,Tomato_leaf_late_blight,Tomato_leaf_late_blight,0.9975016713142395,1,1.2104721069335938,7.619734764099121,0.15822410583496094,8.99078369140625
dataset/test/Tomato_leaf_late_blight/dsc_8140cs_aug_5aug102.jpg,Tomato_leaf_late_blight,Tomato_leaf_late_blight,0.9963924288749695,1,1.091268539428711,7.598659515380859,0.15676021575927734,8.849319458007812
dataset/test/Tomato_leaf_late_blight/dsc_8140csaug1.jpg,Tomato_leaf_late_blight,Tomato_leaf_late_blight,0.9997774958610535,1,1.0730657577514648,7.704551696777344,0.1595010757446289,8.940007209777832
dataset/test/Tomato_leaf_late_blight/late_jpg.rf.f64883c6ac50eb4f477851ddc23305e8_aug_69aug47.jpg,Tomato_leaf_late_blight,Tomato_Early_blight_leaf,0.6965985298156738,0,1.1750297546386719,7.685235023498535,0.15035343170166016,9.013044357299805
dataset/test/Tomato_leaf_late_blight/late_jpg.rf.f64883c6ac50eb4f477851ddc23305e8_aug_70aug48.jpg,Tomato_leaf_late_blight,Tomato_Septoria_leaf_spot,0.5507708787918091,0,1.0657119750976562,7.583568572998047,0.15974140167236328,8.811596870422363
dataset/test/Tomato_leaf_late_blight/late_jpg.rf.f64883c6ac50eb4f477851ddc23305e8_aug_71aug42.jpg,Tomato_leaf_late_blight,Tomato_Early_blight_leaf,0.5799244046211243,0,1.1756772994995117,7.561827659606934,0.16388893127441406,8.904857635498047
dataset/test/Tomato_leaf_late_blight/late_jpg.rf.f64883c6ac50eb4f477851ddc23305e8aug23.jpg,Tomato_leaf_late_blight,Tomato_Early_blight_leaf,0.6792892813682556,0,1.1125097274780273,7.667828559875488,0.1582803726196289,8.941173553466797
dataset/test/Tomato_leaf_late_blight/lateblightTom_lesionaug30.jpg,Tomato_leaf_late_blight,Tomato_leaf_late_blight,0.990000307559967,1,1.0669536590576172,7.745273590087891,0.15850067138671875,8.973320960998535
dataset/test/Tomato_leaf_late_blight/lb_leaf_lesions2x1200_jpg.rf.3a72cc9627c3ba6d79a876e19220824e_aug_81aug56.jpg,Tomato_leaf_late_blight,Tomato_leaf_late_blight,0.9994871616363525,1,1.0473241806030273,7.666308403015137,0.16501998901367188,8.881338119506836
dataset/test/Tomato_leaf_late_blight/lb_leaf_lesions2x1200_jpg.rf.3a72cc9627c3ba6d79a876e19220824e_aug_82aug62.jpg,Tomato_leaf_late_blight,Tomato_leaf_late_blight,0.9999862909317017,1,1.0571022033691406,7.632438659667969,0.15764904022216797,8.85006046295166
dataset/test/Tomato_leaf_late_blight/lb_leaf_lesions2x1200_jpg.rf.3a72cc9627c3ba6d79a876e19220824e_aug_83aug57.jpg,Tomato_leaf_late_blight,Tomato_leaf_late_blight,0.9998676776885986,1,1.0476579666137695,7.687162399291992,0.1561870574951172,8.89357852935791
dataset/test/Tomato_leaf_late_blight/lb_leaf_lesions2x1200_jpg.rf.3a72cc9627c3ba6d79a876e19220824eaug27.jpg,Tomato_leaf_late_blight,Tomato_leaf_late_blight,0.9999631643295288,1,1.0671014785766602,7.891922950744629,0.15363121032714844,9.114840507507324
dataset/test/Tomato_leaf_late_blight/p1020076cs_aug_78aug35.jpg,Tomato_leaf_late_blight,Tomato_leaf_late_blight,0.9376601576805115,1,1.0144157409667969,7.573197364807129,0.1580209732055664,8.748689651489258
dataset/test/Tomato_leaf_late_blight/p1020076cs_aug_79aug59.jpg,Tomato_leaf_late_blight,Tomato_leaf_late_blight,0.9773414731025696,1,1.1283445358276367,7.581345558166504,0.15887165069580078,8.871560096740723
dataset/test/Tomato_leaf_late_blight/p1020076cs_aug_80aug55.jpg,Tomato_leaf_late_blight,Tomato_leaf_late_blight,0.9891202449798584,1,1.02093505859375,7.700328826904297,0.1603527069091797,8.884207725524902
dataset/test/Tomato_leaf_late_blight/p1020076csaug26.jpg,Tomato_leaf_late_blight,Tomato_leaf_late_blight,0.972748339176178,1,1.0143423080444336,7.652993202209473,0.16255664825439453,8.832967758178711
dataset/test/Tomato_leaf_late_blight/symptoms_of_late_blight_0_jpg.rf.417903f6c86ccb4f4bcd7139e0867018_aug_75aug58.jpg,Tomato_leaf_late_blight,Tomato_leaf_late_blight,0.9999879598617554,1,1.1201400756835938,7.662568092346191,0.1582794189453125,8.943506240844727
dataset/test/Tomato_leaf_late_blight/symptoms_of_late_blight_0_jpg.rf.417903f6c86ccb4f4bcd7139e0867018_aug_76aug54.jpg,Tomato_leaf_late_blight,Tomato_leaf_late_blight,0.9999809265136719,1,1.0719165802001953,7.661012649536133,0.15807437896728516,8.893838882446289
dataset/test/Tomato_leaf_late_blight/symptoms_of_late_blight_0_jpg.rf.417903f6c86ccb4f4bcd7139e0867018_aug_77aug61.jpg,Tomato_leaf_late_blight,Tomato_leaf_late_blight,0.9999985694885254,1,1.092473030090332,7.702754020690918,0.15633583068847656,8.954192161560059
dataset/test/Tomato_leaf_late_blight/symptoms_of_late_blight_0_jpg.rf.417903f6c86ccb4f4bcd7139e0867018aug25.jpg,Tomato_leaf_late_blight,Tomato_leaf_late_blight,0.9999886751174927,1,1.0701017379760742,7.505825996398926,0.1728343963623047,8.751412391662598
dataset/test/Tomato_leaf_late_blight/tomato-late-blight-leaf-61-3x32_aug_12aug112.jpg,Tomato_leaf_late_blight,Tomato_leaf_late_blight,0.9999997615814209,1,1.1539735794067383,7.553771018981934,0.1915750503540039,8.90206241607666
dataset/test/Tomato_leaf_late_blight/tomato-late-blight-leaf-61-3x32_aug_13aug110.jpg,Tomato_leaf_late_blight,Tomato_leaf_late_blight,0.7924546599388123,1,1.0144720077514648,7.662939071655273,0.16194534301757812,8.841949462890625
dataset/test/Tomato_leaf_late_blight/tomato-late-blight-leaf-61-3x32_aug_14aug105.jpg,Tomato_leaf_late_blight,Tomato_leaf_late_blight,0.9999839067459106,1,1.025472640991211,7.70201301574707,0.15864944458007812,8.888819694519043
dataset/test/Tomato_leaf_late_blight/tomato-late-blight-leaf-61-3x32aug4.jpg,Tomato_leaf_late_blight,Tomato_leaf_late_blight,0.9999990463256836,1,1.0188226699829102,7.6731977462768555,0.16179752349853516,8.856504440307617
dataset/test/Tomato_leaf_late_blight/tomato.early.blightH_aug_18aug100.jpg,Tomato_leaf_late_blight,Tomato_Septoria_leaf_spot,0.9999971389770508,0,1.1124181747436523,7.668919563293457,0.16550064086914062,8.95030403137207
dataset/test/Tomato_leaf_late_blight/tomato.early.blightH_aug_19aug107.jpg,Tomato_leaf_late_blight,Tomato_Septoria_leaf_spot,0.9959456324577332,0,1.1574926376342773,7.653253555297852,0.15781497955322266,8.971229553222656
dataset/test/Tomato_leaf_late_blight/tomato.early.blightH_aug_20aug94.jpg,Tomato_leaf_late_blight,Tomato_Septoria_leaf_spot,0.9974908828735352,0,1.1395282745361328,7.937034606933594,0.15809345245361328,9.237600326538086
dataset/test/Tomato_leaf_late_blight/tomato.early.blightHaug6.jpg,Tomato_leaf_late_blight,Tomato_Septoria_leaf_spot,0.9306071996688843,0,1.1192874908447266,7.541642189025879,0.1737051010131836,8.837542533874512
dataset/test/Tomato_leaf_yellow_curl_virus/1342017-162221-44540_jpg.rf.f68314ea4850dade3a214dec71c83715_aug_77aug56.jpg,Tomato_leaf_yellow_curl_virus,Tomato_leaf_yellow_curl_virus,1.0,1,1.1700115203857422,7.570086479187012,0.15907669067382812,8.901912689208984
dataset/test/Tomato_leaf_yellow_curl_virus/1342017-162221-44540_jpg.rf.f68314ea4850dade3a214dec71c83715_aug_78aug81.jpg,Tomato_leaf_yellow_curl_virus,Tomato_leaf_yellow_curl_virus,1.0,1,1.1479911804199219,7.8393659591674805,0.15892791748046875,9.149174690246582
dataset/test/Tomato_leaf_yellow_curl_virus/1342017-162221-44540_jpg.rf.f68314ea4850dade3a214dec71c83715_aug_79aug60.jpg,Tomato_leaf_yellow_curl_virus,Tomato_leaf_yellow_curl_virus,0.9999998807907104,1,1.1007680892944336,7.786107063293457,0.15942859649658203,9.049229621887207
dataset/test/Tomato_leaf_yellow_curl_virus/1342017-162221-44540_jpg.rf.f68314ea4850dade3a214dec71c83715_aug_80aug64.jpg,Tomato_leaf_yellow_curl_virus,Tomato_leaf_yellow_curl_virus,1.0,1,1.0968618392944336,7.653678894042969,0.16761302947998047,8.921321868896484
dataset/test/Tomato_leaf_yellow_curl_virus/1342017-162221-44540_jpg.rf.f68314ea4850dade3a214dec71c83715_aug_81aug61.jpg,Tomato_leaf_yellow_curl_virus,Tomato_leaf_yellow_curl_virus,1.0,1,1.109084129333496,7.736254692077637,0.15655803680419922,9.004617691040039
dataset/test/Tomato_leaf_yellow_curl_virus/1342017-162221-44540_jpg.rf.f68314ea4850dade3a214dec71c83715_aug_82aug80.jpg,Tomato_leaf_yellow_curl_virus,Tomato_leaf_yellow_curl_virus,1.0,1,1.1358442306518555,7.481603622436523,0.16655635833740234,8.787225723266602
dataset/test/Tomato_leaf_yellow_curl_virus/1342017-162221-44540_jpg.rf.f68314ea4850dade3a214dec71c83715_aug_83aug70.jpg,Tomato_leaf_yellow_curl_virus,Tomato_leaf_yellow_curl_virus,1.0,1,1.1948432922363281,7.645883560180664,0.16450119018554688,9.007616996765137
dataset/test/Tomato_leaf_yellow_curl_virus/1342017-162221-44540_jpg.rf.f68314ea4850dade3a214dec71c83715aug11.jpg,Tomato_leaf_yellow_curl_virus,Tomato_leaf_yellow_curl_virus,0.9999998807907104,1,1.0953989028930664,7.560327529907227,0.16566753387451172,8.824429512023926
dataset/test/Tomato_leaf_yellow_curl_virus/8226402877_9abf151b5b_b_jpg.rf.a2dff27e03c5ab47916df5d873c1590f_aug_70aug66.jpg,Tomato_leaf_yellow_curl_virus,Tomato_leaf_yellow_curl_virus,0.9999821186065674,1,1.0747699737548828,7.708049774169922,0.15814876556396484,8.94385814666748
dataset/test/Tomato_leaf_yellow_curl_virus/8226402877_9abf151b5b_b_jpg.rf.a2dff27e03c5ab47916df5d873c1590f_aug_71aug69.jpg,Tomato_leaf_yellow_curl_virus,Tomato_leaf_yellow_curl_virus,0.9999258518218994,1,1.0965852737426758,7.6935319900512695,0.15805625915527344,8.951412200927734
dataset/test/Tomato_leaf_yellow_curl_virus/8226402877_9abf151b5b_b_jpg.rf.a2dff27e03c5ab47916df5d873c1590f_aug_72aug73.jpg,Tomato_leaf_yellow_curl_virus,Tomato_leaf_yellow_curl_virus,0.9999622106552124,1,1.069880485534668,7.707383155822754,0.16022300720214844,8.940190315246582
dataset/test/Tomato_leaf_yellow_curl_virus/8226402877_9abf151b5b_b_jpg.rf.a2dff27e03c5ab47916df5d873c1590f_aug_73aug54.jpg,Tomato_leaf_yellow_curl_virus,Tomato_leaf_yellow_curl_virus,0.9999985694885254,1,1.060805320739746,7.666845321655273,0.1589641571044922,8.889263153076172
dataset/test/Tomato_leaf_yellow_curl_virus/8226402877_9abf151b5b_b_jpg.rf.a2dff27e03c5ab47916df5d873c1590f_aug_74aug76.jpg,Tomato_leaf_yellow_curl_virus,Tomato_leaf_yellow_curl_virus,0.9999997615814209,1,1.0872488021850586,7.689938545227051,0.1634836196899414,8.943375587463379
dataset/test/Tomato_leaf_yellow_curl_virus/8226402877_9abf151b5b_b_jpg.rf.a2dff27e03c5ab47916df5d873c1590f_aug_75aug74.jpg,Tomato_leaf_yellow_curl_virus,Tomato_leaf_yellow_curl_virus,0.9999996423721313,1,1.1013250350952148,7.4742326736450195,0.15859413146972656,8.737152099609375
dataset/test/Tomato_leaf_yellow_curl_virus/8226402877_9abf151b5b_b_jpg.rf.a2dff27e03c5ab47916df5d873c1590f_aug_76aug65.jpg,Tomato_leaf_yellow_curl_virus,Tomato_leaf_yellow_curl_virus,0.9999994039535522,1,1.188955307006836,7.582622528076172,0.15798282623291016,8.932635307312012
dataset/test/Tomato_leaf_yellow_curl_virus/8226402877_9abf151b5b_b_jpg.rf.a2dff27e03c5ab47916df5d873c1590faug10.jpg,Tomato_leaf_yellow_curl_virus,Tomato_leaf_yellow_curl_virus,0.9999898672103882,1,1.067342758178711,7.741178512573242,0.15937137603759766,8.971376419067383
dataset/test/Tomato_leaf_yellow_curl_virus/DSC01999-JPG_jpg.rf.700fa6596ab8750ad0f1c47a0defe191_aug_84aug53.jpg,Tomato_leaf_yellow_curl_virus,Tomato_leaf_yellow_curl_virus,0.999976634979248,1,1.1616220474243164,8.030293464660645,0.1581869125366211,9.352676391601562
dataset/test/Tomato_leaf_yellow_curl_virus/DSC01999-JPG_jpg.rf.700fa6596ab8750ad0f1c47a0defe191_aug_85aug82.jpg,Tomato_leaf_yellow_curl_virus,Tomato_leaf_yellow_curl_virus,0.9999823570251465,1,1.1778993606567383,7.677106857299805,0.15588951110839844,9.013654708862305
dataset/test/Tomato_leaf_yellow_curl_virus/DSC01999-JPG_jpg.rf.700fa6596ab8750ad0f1c47a0defe191_aug_86aug71.jpg,Tomato_leaf_yellow_curl_virus,Tomato_leaf_yellow_curl_virus,0.9999996423721313,1,1.1029901504516602,7.815830230712891,0.1575946807861328,9.079062461853027
dataset/test/Tomato_leaf_yellow_curl_virus/DSC01999-JPG_jpg.rf.700fa6596ab8750ad0f1c47a0defe191_aug_87aug78.jpg,Tomato_leaf_yellow_curl_virus,Tomato_leaf_yellow_curl_virus,0.9999967813491821,1,1.1030464172363281,7.6733293533325195,0.1602611541748047,8.939302444458008
dataset/test/Tomato_leaf_yellow_curl_virus/DSC01999-JPG_jpg.rf.700fa6596ab8750ad0f1c47a0defe191_aug_88aug51.jpg,Tomato_leaf_yellow_curl_virus,Tomato_leaf_yellow_curl_virus,0.9999988079071045,1,1.1138057708740234,7.678253173828125,0.15807628631591797,8.952987670898438
dataset/test/Tomato_leaf_yellow_curl_virus/DSC01999-JPG_jpg.rf.700fa6596ab8750ad0f1c47a0defe191_aug_89aug63.jpg,Tomato_leaf_yellow_curl_virus,Tomato_leaf_yellow_curl_virus,0.9999998807907104,1,1.128713607788086,7.6298828125,0.17563152313232422,8.936820983886719
dataset/test/Tomato_leaf_yellow_curl_virus/DSC01999-JPG_jpg.rf.700fa6596ab8750ad0f1c47a0defe191_aug_90aug85.jpg,Tomato_leaf_yellow_curl_virus,Tomato_leaf_yellow_curl_virus,0.9999922513961792,1,1.1211013793945312,7.624475479125977,0.16314983367919922,8.911579132080078
dataset/test/Tomato_leaf_yellow_curl_virus/DSC01999-JPG_jpg.rf.700fa6596ab8750ad0f1c47a0defe191aug12.jpg,Tomato_leaf_yellow_curl_virus,Tomato_leaf_yellow_curl_virus,0.9999992847442627,1,1.1925468444824219,7.544493675231934,0.15989112854003906,8.899449348449707
dataset/test/Tomato_leaf_yellow_curl_virus/DSC01999.JPG_aug_63aug68.jpg,Tomato_leaf_yellow_curl_virus,Tomato_leaf_yellow_curl_virus,0.9999969005584717,1,1.1511955261230469,7.648957252502441,0.1620941162109375,8.96513557434082
dataset/test/Tomato_leaf_yellow_curl_virus/DSC01999.JPG_aug_64aug72.jpg,Tomato_leaf_yellow_curl_virus,Tomato_leaf_yellow_curl_virus,0.9999779462814331,1,1.1473608016967773,7.630400657653809,0.1591320037841797,8.940208435058594
dataset/test/Tomato_leaf_yellow_curl_virus/DSC01999.JPG_aug_65aug75.jpg,Tomato_leaf_yellow_curl_virus,Tomato_leaf_yellow_curl_virus,0.9999887943267822,1,1.1940298080444336,7.70004940032959,0.15400123596191406,9.050785064697266
dataset/test/Tomato_leaf_yellow_curl_virus/DSC01999.JPG_aug_66aug58.jpg,Tomato_leaf_yellow_curl_virus,Tomato_leaf_yellow_curl_virus,0.9999775886535645,1,1.136195182800293,7.544678688049316,0.1573343276977539,8.84085750579834
dataset/test/Tomato_leaf_yellow_curl_virus/DSC01999.JPG_aug_67aug83.jpg,Tomato_leaf_yellow_curl_virus,Tomato_leaf_yellow_curl_virus,0.9999991655349731,1,1.1270275115966797,7.562807083129883,0.15892696380615234,8.85181999206543
dataset/test/Tomato_leaf_yellow_curl_virus/DSC01999.JPG_aug_68aug79.jpg,Tomato_leaf_yellow_curl_virus,Tomato_leaf_yellow_curl_virus,0.9999778270721436,1,1.1434001922607422,7.690254211425781,0.1681499481201172,9.004932403564453
dataset/test/Tomato_leaf_yellow_curl_virus/DSC01999.JPG_aug_69aug62.jpg,Tomato_leaf_yellow_curl_virus,Tomato_leaf_yellow_curl_virus,0.9999762773513794,1,1.1628990173339844,7.65219783782959,0.1583728790283203,8.976136207580566
dataset/test/Tomato_leaf_yellow_curl_virus/DSC01999.JPGaug9.jpg,Tomato_leaf_yellow_curl_virus,Tomato_leaf_yellow_curl_virus,0.9999827146530151,1,1.2121400833129883,7.753754615783691,0.16003990173339844,9.128654479980469
dataset/test/Tomato_leaf_yellow_curl_virus/IMG_20251102_155103aug15.jpg,Tomato_leaf_yellow_curl_virus,Tomato_leaf_yellow_curl_virus,0.9907563328742981,1,1.047713279724121,7.749088287353516,0.1637439727783203,8.963431358337402
dataset/test/Tomato_leaf_yellow_curl_virus/IMG_20251102_160455_aug_42aug104.jpg,Tomato_leaf_yellow_curl_virus,Tomato_leaf_yellow_curl_virus,0.894203245639801,1,1.0558977127075195,7.609567642211914,0.1640758514404297,8.832505226135254
dataset/test/Tomato_leaf_yellow_curl_virus/IMG_20251102_160455_aug_43aug111.jpg,Tomato_leaf_yellow_curl_virus,Tomato_leaf_yellow_curl_virus,0.9464430809020996,1,1.0912504196166992,7.687512397766113,0.15509414672851562,8.936210632324219
dataset/test/Tomato_leaf_yellow_curl_virus/IMG_20251102_160455_aug_44aug112.jpg,Tomato_leaf_yellow_curl_virus,Tomato_leaf_yellow_curl_virus,0.9960301518440247,1,1.0347309112548828,7.517641067504883,0.17850208282470703,8.734411239624023
dataset/test/Tomato_leaf_yellow_curl_virus/IMG_20251102_160455_aug_45aug108.jpg,Tomato_leaf_yellow_curl_virus,Tomato_leaf_yellow_curl_virus,0.9983606934547424,1,1.0608606338500977,7.568272590637207,0.1683349609375,8.800838470458984
dataset/test/Tomato_leaf_yellow_curl_virus/IMG_20251102_160455_aug_46aug110.jpg,Tomato_leaf_yellow_curl_virus,Tomato_leaf_yellow_curl_virus,0.9767444729804993,1,1.045659065246582,7.60760498046875,0.1716136932373047,8.82796859741211
dataset/test/Tomato_leaf_yellow_curl_virus/IMG_20251102_160455_aug_47aug98.jpg,Tomato_leaf_yellow_curl_virus,Tomato_leaf_yellow_curl_virus,0.9959751963615417,1,1.0944538116455078,7.98514461517334,0.15690898895263672,9.239065170288086
dataset/test/Tomato_leaf_yellow_curl_virus/IMG_20251102_160455_aug_48aug105.jpg,Tomato_leaf_yellow_curl_virus,Tomato_leaf_yellow_curl_virus,0.9975687861442566,1,1.0361948013305664,7.79929256439209,0.15866851806640625,8.997023582458496
dataset/test/Tomato_leaf_yellow_curl_virus/IMG_20251102_160455aug6.jpg,Tomato_leaf_yellow_curl_virus,Tomato_leaf_yellow_curl_virus,0.975534200668335,1,1.058176040649414,7.750977516174316,0.15764808654785156,8.969321250915527
dataset/test/Tomato_leaf_yellow_curl_virus/IMG_20251102_160553_aug_35aug49.jpg,Tomato_leaf_yellow_curl_virus,Tomato_leaf_yellow_curl_virus,0.6858465671539307,1,1.124380111694336,7.609012603759766,0.1573171615600586,8.893895149230957
dataset/test/Tomato_leaf_yellow_curl_virus/IMG_20251102_160553_aug_36aug113.jpg,Tomato_leaf_yellow_curl_virus,Tomato_leaf_yellow_curl_virus,0.7637995481491089,1,1.174325942993164,7.784754753112793,0.1583700180053711,9.119784355163574
dataset/test/Tomato_leaf_yellow_curl_virus/IMG_20251102_160553_aug_37aug114.jpg,Tomato_leaf_yellow_curl_virus,Tomato_Septoria_leaf_spot,0.9675596952438354,0,1.0671024322509766,7.775032043457031,0.1532421112060547,8.998209953308105
dataset/test/Tomato_leaf_yellow_curl_virus/IMG_20251102_160553_aug_38aug101.jpg,Tomato_leaf_yellow_curl_virus,Tomato_Septoria_leaf_spot,0.8455365896224976,0,1.0931396484375,7.602993965148926,0.1575937271118164,8.856392860412598
dataset/test/Tomato_leaf_yellow_curl_virus/IMG_20251102_160553_aug_39aug118.jpg,Tomato_leaf_yellow_curl_virus,Tomato_Septoria_leaf_spot,0.8944910764694214,0,1.077103614807129,7.917422294616699,0.15802001953125,9.15513801574707
dataset/test/Tomato_leaf_yellow_curl_virus/IMG_20251102_160553_aug_40aug19.jpg,Tomato_leaf_yellow_curl_virus,Tomato_Early_blight_leaf,0.5327281355857849,0,1.1331405639648438,7.713458061218262,0.15864849090576172,9.007784843444824
dataset/test/Tomato_leaf_yellow_curl_virus/IMG_20251102_160553_aug_41aug119.jpg,Tomato_leaf_yellow_curl_virus,Tomato_Septoria_leaf_spot,0.9785313606262207,0,1.0838994979858398,7.699736595153809,0.15668678283691406,8.942802429199219
dataset/test/Tomato_leaf_yellow_curl_virus/IMG_20251102_160553aug5.jpg,Tomato_leaf_yellow_curl_virus,Tomato_leaf_yellow_curl_virus,0.6867192983627319,1,1.138509750366211,7.892996788024902,0.15650081634521484,9.191062927246094
dataset/test/Tomato_leaf_yellow_curl_virus/TYLCV-tomate-DB-445-171_jpg.rf.9d70326900dd981ab5d49063b0d644f0_aug_21aug41.jpg,Tomato_leaf_yellow_curl_virus,Tomato_leaf_yellow_curl_virus,0.9999974966049194,1,1.0725831985473633,7.638714790344238,0.1587228775024414,8.872950553894043
dataset/test/Tomato_leaf_yellow_curl_virus/TYLCV-tomate-DB-445-171_jpg.rf.9d70326900dd981ab5d49063b0d644f0_aug_22aug30.jpg,Tomato_leaf_yellow_curl_virus,Tomato_leaf_yellow_curl_virus,0.999998927116394,1,1.1242141723632812,8.252889633178711,0.15668773651123047,9.536417961120605
dataset/test/Tomato_leaf_yellow_curl_virus/TYLCV-tomate-DB-445-171_jpg.rf.9d70326900dd981ab5d49063b0d644f0_aug_23aug42.jpg,Tomato_leaf_yellow_curl_virus,Tomato_leaf_yellow_curl_virus,0.9999980926513672,1,1.0573797225952148,7.684661865234375,0.15457630157470703,8.899487495422363
dataset/test/Tomato_leaf_yellow_curl_virus/TYLCV-tomate-DB-445-171_jpg.rf.9d70326900dd981ab5d49063b0d644f0_aug_24aug45.jpg,Tomato_leaf_yellow_curl_virus,Tomato_leaf_yellow_curl_virus,0.9999630451202393,1,1.082047462463379,7.534215927124023,0.17105674743652344,8.790762901306152
dataset/test/Tomato_leaf_yellow_curl_virus/TYLCV-tomate-DB-445-171_jpg.rf.9d70326900dd981ab5d49063b0d644f0_aug_25aug20.jpg,Tomato_leaf_yellow_curl_virus,Tomato_leaf_yellow_curl_virus,0.9997931122779846,1,1.1109533309936523,8.18075942993164,0.15968608856201172,9.453843116760254
dataset/test/Tomato_leaf_yellow_curl_virus/TYLCV-tomate-DB-445-171_jpg.rf.9d70326900dd981ab5d49063b0d644f0_aug_26aug18.jpg,Tomato_leaf_yellow_curl_virus,Tomato_leaf_yellow_curl_virus,0.9999545812606812,1,1.1997156143188477,7.644956588745117,0.1602611541748047,9.007840156555176
dataset/test/Tomato_leaf_yellow_curl_virus/TYLCV-tomate-DB-445-171_jpg.rf.9d70326900dd981ab5d49063b0d644f0_aug_27aug29.jpg,Tomato_leaf_yellow_curl_virus,Tomato_leaf_yellow_curl_virus,0.9999995231628418,1,1.0744171142578125,17.420395851135254,0.15951919555664062,18.657111167907715
dataset/test/Tomato_leaf_yellow_curl_virus/TYLCV-tomate-DB-445-171_jpg.rf.9d70326900dd981ab5d49063b0d644f0aug3.jpg,Tomato_leaf_yellow_curl_virus,Tomato_leaf_yellow_curl_virus,0.9999996423721313,1,1.2464370727539062,15.116190910339355,0.1789083480834961,16.54457378387451
dataset/test/Tomato_leaf_yellow_curl_virus/TYLCV4_jpg.rf.2e4accea501a220be9dc475dd1ca3121_aug_10aug22.jpg,Tomato_leaf_yellow_curl_virus,Tomato_leaf_yellow_curl_virus,1.0,1,1.0856389999389648,7.733606338500977,0.17013168334960938,8.99213695526123
dataset/test/Tomato_leaf_yellow_curl_virus/TYLCV4_jpg.rf.2e4accea501a220be9dc475dd1ca3121_aug_11aug44.jpg,Tomato_leaf_yellow_curl_virus,Tomato_leaf_yellow_curl_virus,1.0,1,1.1508989334106445,7.755475997924805,0.15953826904296875,9.068544387817383
dataset/test/Tomato_leaf_yellow_curl_virus/TYLCV4_jpg.rf.2e4accea501a220be9dc475dd1ca3121_aug_12aug39.jpg,Tomato_leaf_yellow_curl_virus,Tomato_leaf_yellow_curl_virus,1.0,1,1.0717506408691406,7.836958885192871,0.1594829559326172,9.070709228515625
dataset/test/Tomato_leaf_yellow_curl_virus/TYLCV4_jpg.rf.2e4accea501a220be9dc475dd1ca3121_aug_13aug35.jpg,Tomato_leaf_yellow_curl_virus,Tomato_leaf_yellow_curl_virus,1.0,1,1.1438617706298828,8.11249828338623,0.15839004516601562,9.417380332946777
dataset/test/Tomato_leaf_yellow_curl_virus/TYLCV4_jpg.rf.2e4accea501a220be9dc475dd1ca3121_aug_7aug40.jpg,Tomato_leaf_yellow_curl_virus,Tomato_leaf_yellow_curl_virus,1.0,1,1.0704536437988281,7.692289352416992,0.15966796875,8.925765037536621
dataset/test/Tomato_leaf_yellow_curl_virus/TYLCV4_jpg.rf.2e4accea501a220be9dc475dd1ca3121_aug_8aug33.jpg,Tomato_leaf_yellow_curl_virus,Tomato_leaf_yellow_curl_virus,1.0,1,1.0743427276611328,7.761070251464844,0.15848255157470703,8.996709823608398
dataset/test/Tomato_leaf_yellow_curl_virus/TYLCV4_jpg.rf.2e4accea501a220be9dc475dd1ca3121_aug_9aug48.jpg,Tomato_leaf_yellow_curl_virus,Tomato_leaf_yellow_curl_virus,1.0,1,1.0714359283447266,7.896015167236328,0.15703964233398438,9.127062797546387
dataset/test/Tomato_leaf_yellow_curl_virus/TYLCV4_jpg.rf.2e4accea501a220be9dc475dd1ca3121aug1.jpg,Tomato_leaf_yellow_curl_virus,Tomato_leaf_yellow_curl_virus,1.0,1,1.0990104675292969,7.531011581420898,0.15952014923095703,8.79235553741455
dataset/test/Tomato_leaf_yellow_curl_virus/art_15017325188173_a24a66_aug_14aug36.jpg,Tomato_leaf_yellow_curl_virus,Tomato_leaf_yellow_curl_virus,0.9997885823249817,1,1.0918245315551758,7.872589111328125,0.16353797912597656,9.130729675292969
dataset/test/Tomato_leaf_yellow_curl_virus/art_15017325188173_a24a66_aug_15aug23.jpg,Tomato_leaf_yellow_curl_virus,Tomato_leaf_yellow_curl_virus,0.9999467134475708,1,1.1144542694091797,7.674068450927734,0.16526031494140625,8.956485748291016
dataset/test/Tomato_leaf_yellow_curl_virus/art_15017325188173_a24a66_aug_16aug34.jpg,Tomato_leaf_yellow_curl_virus,Tomato_leaf_yellow_curl_virus,0.9999994039535522,1,1.0958242416381836,7.625772476196289,0.15726089477539062,8.882061958312988
dataset/test/Tomato_leaf_yellow_curl_virus/art_15017325188173_a24a66_aug_17aug43.jpg,Tomato_leaf_yellow_curl_virus,Tomato_leaf_yellow_curl_virus,0.9999853372573853,1,1.154510498046875,7.679604530334473,0.1610565185546875,8.998079299926758
dataset/test/Tomato_leaf_yellow_curl_virus/art_15017325188173_a24a66_aug_18aug47.jpg,Tomato_leaf_yellow_curl_virus,Tomato_leaf_yellow_curl_virus,0.9999760389328003,1,1.1199560165405273,7.834162712097168,0.1575765609741211,9.114506721496582
dataset/test/Tomato_leaf_yellow_curl_virus/art_15017325188173_a24a66_aug_19aug25.jpg,Tomato_leaf_yellow_curl_virus,Tomato_leaf_yellow_curl_virus,0.9999126195907593,1,1.1328811645507812,7.833402633666992,0.16818618774414062,9.137895584106445
dataset/test/Tomato_leaf_yellow_curl_virus/art_15017325188173_a24a66_aug_20aug46.jpg,Tomato_leaf_yellow_curl_virus,Tomato_leaf_yellow_curl_virus,0.9999686479568481,1,1.1403799057006836,7.656735420227051,0.16602039337158203,8.965801239013672
dataset/test/Tomato_leaf_yellow_curl_virus/art_15017325188173_a24a66aug2.jpg,Tomato_leaf_yellow_curl_virus,Tomato_leaf_yellow_curl_virus,0.9998811483383179,1,1.1649360656738281,7.6463823318481445,0.14620494842529297,8.959932327270508
dataset/test/Tomato_leaf_yellow_curl_virus/psyllid-yellows_jpg.rf.1d99aab2f43a840be530ce313eb0c0fd_aug_56aug57.jpg,Tomato_leaf_yellow_curl_virus,Tomato_leaf_yellow_curl_virus,0.9999991655349731,1,1.0546941757202148,8.406094551086426,0.1603717803955078,9.623883247375488
dataset/test/Tomato_leaf_yellow_curl_virus/psyllid-yellows_jpg.rf.1d99aab2f43a840be530ce313eb0c0fd_aug_57aug84.jpg,Tomato_leaf_yellow_curl_virus,Tomato_leaf_yellow_curl_virus,0.9999996423721313,1,1.1191587448120117,7.614901542663574,0.1599273681640625,8.897004127502441
dataset/test/Tomato_leaf_yellow_curl_virus/psyllid-yellows_jpg.rf.1d99aab2f43a840be530ce313eb0c0fd_aug_58aug52.jpg,Tomato_leaf_yellow_curl_virus,Tomato_leaf_yellow_curl_virus,0.9999996423721313,1,1.1333990097045898,7.784773826599121,0.1558542251586914,9.077081680297852
dataset/test/Tomato_leaf_yellow_curl_virus/psyllid-yellows_jpg.rf.1d99aab2f43a840be530ce313eb0c0fd_aug_59aug77.jpg,Tomato_leaf_yellow_curl_virus,Tomato_leaf_yellow_curl_virus,0.9999997615814209,1,1.1116390228271484,7.70871639251709,0.16905689239501953,8.992432594299316
dataset/test/Tomato_leaf_yellow_curl_virus/psyllid-yellows_jpg.rf.1d99aab2f43a840be530ce313eb0c0fd_aug_60aug86.jpg,Tomato_leaf_yellow_curl_virus,Tomato_leaf_yellow_curl_virus,0.9999998807907104,1,1.1203804016113281,7.659661293029785,0.15796375274658203,8.940783500671387
dataset/test/Tomato_leaf_yellow_curl_virus/psyllid-yellows_jpg.rf.1d99aab2f43a840be530ce313eb0c0fd_aug_61aug59.jpg,Tomato_leaf_yellow_curl_virus,Tomato_leaf_yellow_curl_virus,1.0,1,1.0900096893310547,7.797736167907715,0.15816879272460938,9.048673629760742
dataset/test/Tomato_leaf_yellow_curl_virus/psyllid-yellows_jpg.rf.1d99aab2f43a840be530ce313eb0c0fd_aug_62aug67.jpg,Tomato_leaf_yellow_curl_virus,Tomato_leaf_yellow_curl_virus,0.9999997615814209,1,1.1250276565551758,7.566568374633789,0.1674633026123047,8.861892700195312
dataset/test/Tomato_leaf_yellow_curl_virus/psyllid-yellows_jpg.rf.1d99aab2f43a840be530ce313eb0c0fdaug8.jpg,Tomato_leaf_yellow_curl_virus,Tomato_leaf_yellow_curl_virus,0.9999998807907104,1,1.0988616943359375,7.674624443054199,0.15513038635253906,8.93143081665039
dataset/test/Tomato_leaf_yellow_curl_virus/tj5itxzunn3k_jpg.rf.4aeda27b2535578e718fe6279491d0d4_aug_49aug102.jpg,Tomato_leaf_yellow_curl_virus,Tomato_leaf_yellow_curl_virus,0.9999955892562866,1,1.0284719467163086,7.603142738342285,0.15735340118408203,8.791449546813965
dataset/test/Tomato_leaf_yellow_curl_virus/tj5itxzunn3k_jpg.rf.4aeda27b2535578e718fe6279491d0d4_aug_50aug109.jpg,Tomato_leaf_yellow_curl_virus,Tomato_leaf_yellow_curl_virus,0.9999983310699463,1,1.14801025390625,7.644698143005371,0.15890884399414062,8.954134941101074
dataset/test/Tomato_leaf_yellow_curl_virus/tj5itxzunn3k_jpg.rf.4aeda27b2535578e718fe6279491d0d4_aug_51aug99.jpg,Tomato_leaf_yellow_curl_virus,Tomato_leaf_yellow_curl_virus,0.9999994039535522,1,1.0818805694580078,7.642345428466797,0.15970420837402344,8.886765480041504
dataset/test/Tomato_leaf_yellow_curl_virus/tj5itxzunn3k_jpg.rf.4aeda27b2535578e718fe6279491d0d4_aug_52aug103.jpg,Tomato_leaf_yellow_curl_virus,Tomato_leaf_yellow_curl_virus,0.9999988079071045,1,1.06549072265625,7.665569305419922,0.16340923309326172,8.897394180297852
dataset/test/Tomato_leaf_yellow_curl_virus/tj5itxzunn3k_jpg.rf.4aeda27b2535578e718fe6279491d0d4_aug_53aug100.jpg,Tomato_leaf_yellow_curl_virus,Tomato_leaf_yellow_curl_virus,1.0,1,1.0333433151245117,7.6768646240234375,0.16916847229003906,8.882356643676758
dataset/test/Tomato_leaf_yellow_curl_virus/tj5itxzunn3k_jpg.rf.4aeda27b2535578e718fe6279491d0d4_aug_54aug106.jpg,Tomato_leaf_yellow_curl_virus,Tomato_leaf_yellow_curl_virus,1.0,1,1.024526596069336,7.5467529296875,0.16346454620361328,8.737338066101074
dataset/test/Tomato_leaf_yellow_curl_virus/tj5itxzunn3k_jpg.rf.4aeda27b2535578e718fe6279491d0d4_aug_55aug107.jpg,Tomato_leaf_yellow_curl_virus,Tomato_leaf_yellow_curl_virus,0.9999996423721313,1,1.0457687377929688,7.510122299194336,0.15744495391845703,8.716096878051758
dataset/test/Tomato_leaf_yellow_curl_virus/tj5itxzunn3k_jpg.rf.4aeda27b2535578e718fe6279491d0d4aug7.jpg,Tomato_leaf_yellow_curl_virus,Tomato_leaf_yellow_curl_virus,1.0,1,1.0752696990966797,7.633993148803711,0.19505691528320312,8.907024383544922
dataset/test/Tomato_leaf_yellow_curl_virus/tomato-yellow-closeup-3_aug_28aug16.jpg,Tomato_leaf_yellow_curl_virus,Tomato_leaf_yellow_curl_virus,0.9731139540672302,1,1.0877504348754883,7.642975807189941,0.16863155364990234,8.902485847473145
dataset/test/Tomato_leaf_yellow_curl_virus/tomato-yellow-closeup-3_aug_29aug27.jpg,Tomato_leaf_yellow_curl_virus,Tomato_leaf_yellow_curl_virus,0.7678178548812866,1,1.1067323684692383,7.576456069946289,0.15877914428710938,8.844709396362305
dataset/test/Tomato_leaf_yellow_curl_virus/tomato-yellow-closeup-3_aug_30aug117.jpg,Tomato_leaf_yellow_curl_virus,Tomato_leaf_yellow_curl_virus,0.9804857969284058,1,1.0858993530273438,7.558900833129883,0.16931629180908203,8.817375183105469
dataset/test/Tomato_leaf_yellow_curl_virus/tomato-yellow-closeup-3_aug_31aug31.jpg,Tomato_leaf_yellow_curl_virus,Tomato_leaf_yellow_curl_virus,0.8942532539367676,1,1.1099729537963867,7.712568283081055,0.16690826416015625,8.992172241210938
dataset/test/Tomato_leaf_yellow_curl_virus/tomato-yellow-closeup-3_aug_32aug115.jpg,Tomato_leaf_yellow_curl_virus,Tomato_leaf_yellow_curl_virus,0.9682241678237915,1,1.1287879943847656,7.734347343444824,0.15370464324951172,9.01915454864502
dataset/test/Tomato_leaf_yellow_curl_virus/tomato-yellow-closeup-3_aug_33aug116.jpg,Tomato_leaf_yellow_curl_virus,Tomato_leaf_yellow_curl_virus,0.9236294031143188,1,1.0784721374511719,7.537881851196289,0.16931724548339844,8.788264274597168
dataset/test/Tomato_leaf_yellow_curl_virus/tomato-yellow-closeup-3_aug_34aug26.jpg,Tomato_leaf_yellow_curl_virus,Tomato_leaf_yellow_curl_virus,0.9776451587677002,1,1.1014900207519531,7.493047714233398,0.21911239624023438,8.816078186035156
dataset/test/Tomato_leaf_yellow_curl_virus/tomato-yellow-closeup-3aug4.jpg,Tomato_leaf_yellow_curl_virus,Tomato_leaf_yellow_curl_virus,0.7924233078956604,1,1.0840473175048828,7.622771263122559,0.15807533264160156,8.86719036102295
dataset/test/Tomato_leaf_yellow_curl_virus/tomato-yellow-leaf-curl-virus-tomato-1_aug_100aug92.jpg,Tomato_leaf_yellow_curl_virus,Tomato_leaf_yellow_curl_virus,0.9999996423721313,1,1.1488056182861328,7.59560489654541,0.1933908462524414,8.940561294555664
dataset/test/Tomato_leaf_yellow_curl_virus/tomato-yellow-leaf-curl-virus-tomato-1_aug_101aug95.jpg,Tomato_leaf_yellow_curl_virus,Tomato_leaf_yellow_curl_virus,0.9999977350234985,1,1.1080656051635742,7.598993301391602,0.15748310089111328,8.867596626281738
dataset/test/Tomato_leaf_yellow_curl_virus/tomato-yellow-leaf-curl-virus-tomato-1_aug_102aug88.jpg,Tomato_leaf_yellow_curl_virus,Tomato_leaf_yellow_curl_virus,0.9999998807907104,1,1.092416763305664,7.623697280883789,0.15968608856201172,8.878523826599121
dataset/test/Tomato_leaf_yellow_curl_virus/tomato-yellow-leaf-curl-virus-tomato-1_aug_103aug93.jpg,Tomato_leaf_yellow_curl_virus,Tomato_leaf_yellow_curl_virus,0.9999767541885376,1,1.1278810501098633,7.574197769165039,0.15740966796875,8.861950874328613
dataset/test/Tomato_leaf_yellow_curl_virus/tomato-yellow-leaf-curl-virus-tomato-1_aug_98aug91.jpg,Tomato_leaf_yellow_curl_virus,Tomato_leaf_yellow_curl_virus,0.9999969005584717,1,1.0883617401123047,7.557010650634766,0.15328025817871094,8.80200481414795
dataset/test/Tomato_leaf_yellow_curl_virus/tomato-yellow-leaf-curl-virus-tomato-1_aug_99aug90.jpg,Tomato_leaf_yellow_curl_virus,Tomato_leaf_yellow_curl_virus,0.9999867677688599,1,1.098341941833496,7.555549621582031,0.16827869415283203,8.825226783752441
dataset/test/Tomato_leaf_yellow_curl_virus/tomato-yellow-leaf-curl-virus-tomato-1aug14.jpg,Tomato_leaf_yellow_curl_virus,Tomato_leaf_yellow_curl_virus,0.9999856948852539,1,1.1482887268066406,7.54740047454834,0.1592416763305664,8.857800483703613
dataset/test/Tomato_leaf_yellow_curl_virus/tomatoyellowleafcurlcropped_aug_91aug55.jpg,Tomato_leaf_yellow_curl_virus,Tomato_leaf_yellow_curl_virus,0.9999998807907104,1,1.0795831680297852,7.779458999633789,0.16726112365722656,9.029470443725586
dataset/test/Tomato_leaf_yellow_curl_virus/tomatoyellowleafcurlcropped_aug_92aug89.jpg,Tomato_leaf_yellow_curl_virus,Tomato_leaf_yellow_curl_virus,0.9999995231628418,1,1.0920085906982422,7.705938339233398,0.15726089477539062,8.95750617980957
dataset/test/Tomato_leaf_yellow_curl_virus/tomatoyellowleafcurlcropped_aug_93aug97.jpg,Tomato_leaf_yellow_curl_virus,Tomato_leaf_yellow_curl_virus,0.9999943971633911,1,1.1115293502807617,7.810051918029785,0.15774250030517578,9.081859588623047
dataset/test/Tomato_leaf_yellow_curl_virus/tomatoyellowleafcurlcropped_aug_94aug50.jpg,Tomato_leaf_yellow_curl_virus,Tomato_leaf_yellow_curl_virus,0.9998160004615784,1,1.108046531677246,7.638420104980469,0.15618610382080078,8.905061721801758
dataset/test/Tomato_leaf_yellow_curl_virus/tomatoyellowleafcurlcropped_aug_95aug87.jpg,Tomato_leaf_yellow_curl_virus,Tomato_leaf_yellow_curl_virus,0.9999997615814209,1,1.0727510452270508,7.585918426513672,0.16701984405517578,8.828227043151855
dataset/test/Tomato_leaf_yellow_curl_virus/tomatoyellowleafcurlcropped_aug_96aug96.jpg,Tomato_leaf_yellow_curl_virus,Tomato_leaf_yellow_curl_virus,0.9999951124191284,1,1.0731010437011719,7.566179275512695,0.17366886138916016,8.815744400024414
dataset/test/Tomato_leaf_yellow_curl_virus/tomatoyellowleafcurlcropped_aug_97aug94.jpg,Tomato_leaf_yellow_curl_virus,Tomato_leaf_yellow_curl_virus,0.999998927116394,1,1.2391977310180664,7.614179611206055,0.19109439849853516,9.04687786102295
dataset/test/Tomato_leaf_yellow_curl_virus/tomatoyellowleafcurlcroppedaug13.jpg,Tomato_leaf_yellow_curl_virus,Tomato_leaf_yellow_curl_virus,0.9999970197677612,1,1.0559167861938477,7.593196868896484,0.15739059448242188,8.808966636657715
dataset/test/Tomato_leaf_yellow_curl_virus/virus1_aug_0aug37.jpg,Tomato_leaf_yellow_curl_virus,Tomato_leaf_yellow_curl_virus,0.9999994039535522,1,1.0585823059082031,7.552640914916992,0.15783405303955078,8.771706581115723
dataset/test/Tomato_leaf_yellow_curl_virus/virus1_aug_1aug21.jpg,Tomato_leaf_yellow_curl_virus,Tomato_leaf_yellow_curl_virus,0.9983938336372375,1,1.0384349822998047,7.719865798950195,0.15911197662353516,8.920376777648926
dataset/test/Tomato_leaf_yellow_curl_virus/virus1_aug_2aug24.jpg,Tomato_leaf_yellow_curl_virus,Tomato_leaf_yellow_curl_virus,0.9999985694885254,1,1.056767463684082,7.599401473999023,0.15277957916259766,8.811429977416992
dataset/test/Tomato_leaf_yellow_curl_virus/virus1_aug_3aug17.jpg,Tomato_leaf_yellow_curl_virus,Tomato_leaf_yellow_curl_virus,0.9999737739562988,1,1.073324203491211,7.458584785461426,0.19254016876220703,8.727337837219238
dataset/test/Tomato_leaf_yellow_curl_virus/virus1_aug_4aug28.jpg,Tomato_leaf_yellow_curl_virus,Tomato_leaf_yellow_curl_virus,0.999977707862854,1,1.1632308959960938,7.584104537963867,0.16007423400878906,8.910523414611816
dataset/test/Tomato_leaf_yellow_curl_virus/virus1_aug_5aug32.jpg,Tomato_leaf_yellow_curl_virus,Tomato_leaf_yellow_curl_virus,0.9999737739562988,1,1.0544910430908203,7.621974945068359,0.1689453125,8.848115921020508
dataset/test/Tomato_leaf_yellow_curl_virus/virus1_aug_6aug38.jpg,Tomato_leaf_yellow_curl_virus,Tomato_leaf_yellow_curl_virus,0.9429897665977478,1,1.0665092468261719,7.780977249145508,0.1610565185546875,9.011617660522461
dataset/test/Tomato_leaf_yellow_curl_virus/virus1aug0.jpg,Tomato_leaf_yellow_curl_virus,Tomato_leaf_yellow_curl_virus,0.9999619722366333,1,1.0488243103027344,7.671900749206543,0.1588726043701172,8.882709503173828
dataset/test/Tomato_mold_leaf/IMG-20240724-WA0020_aug_68aug87.jpg,Tomato_mold_leaf,Tomato_mold_leaf,0.9978808164596558,1,1.1350297927856445,7.590215682983398,0.16216754913330078,8.890542984008789
dataset/test/Tomato_mold_leaf/IMG-20240724-WA0020_aug_69aug97.jpg,Tomato_mold_leaf,Tomato_mold_leaf,0.9946306943893433,1,1.0814905166625977,7.546474456787109,0.16603851318359375,8.796819686889648
dataset/test/Tomato_mold_leaf/IMG-20240724-WA0020_aug_70aug82.jpg,Tomato_mold_leaf,Tomato_mold_leaf,0.9999533891677856,1,1.1115846633911133,7.691771507263184,0.1538715362548828,8.959709167480469
dataset/test/Tomato_mold_leaf/IMG-20240724-WA0020_aug_71aug98.jpg,Tomato_mold_leaf,Tomato_mold_leaf,0.9960399866104126,1,1.0525083541870117,7.522696495056152,0.1583709716796875,8.7363920211792
dataset/test/Tomato_mold_leaf/IMG-20240724-WA0020aug17.jpg,Tomato_mold_leaf,Tomato_mold_leaf,0.9915276169776917,1,1.1478614807128906,7.533085823059082,0.1999826431274414,8.884078979492188
dataset/test/Tomato_mold_leaf/IMG-20240724-WA0044_aug_10aug44.jpg,Tomato_mold_leaf,Tomato_mold_leaf,0.9999339580535889,1,1.083639144897461,7.626328468322754,0.15648269653320312,8.869616508483887
dataset/test/Tomato_mold_leaf/IMG-20240724-WA0044_aug_11aug49.jpg,Tomato_mold_leaf,Tomato_mold_leaf,0.9988501071929932,1,1.0918245315551758,7.652734756469727,0.16589069366455078,8.913691520690918
dataset/test/Tomato_mold_leaf/IMG-20240724-WA0044_aug_8aug35.jpg,Tomato_mold_leaf,Tomato_mold_leaf,0.9992361068725586,1,1.0937128067016602,7.678752899169922,0.1588153839111328,8.933819770812988
dataset/test/Tomato_mold_leaf/IMG-20240724-WA0044_aug_9aug41.jpg,Tomato_mold_leaf,Tomato_mold_leaf,0.9995939135551453,1,1.082601547241211,7.680661201477051,0.1602611541748047,8.926301956176758
dataset/test/Tomato_mold_leaf/IMG-20240724-WA0044aug2.jpg,Tomato_mold_leaf,Tomato_mold_leaf,0.9994961023330688,1,1.1138801574707031,7.7261247634887695,0.1558542251586914,8.998672485351562
dataset/test/Tomato_mold_leaf/IMG-20240724-WA0055_aug_28aug27.jpg,Tomato_mold_leaf,Tomato_mold_leaf,0.9999985694885254,1,1.077824592590332,7.5556230545043945,0.18327999114990234,8.819892883300781
dataset/test/Tomato_mold_leaf/IMG-20240724-WA0055_aug_29aug28.jpg,Tomato_mold_leaf,Tomato_mold_leaf,0.9999516010284424,1,1.1486577987670898,7.528750419616699,0.15755748748779297,8.837949752807617
dataset/test/Tomato_mold_leaf/IMG-20240724-WA0055_aug_30aug43.jpg,Tomato_mold_leaf,Tomato_mold_leaf,0.9999985694885254,1,1.0887136459350586,7.802273750305176,0.15744590759277344,9.051098823547363
dataset/test/Tomato_mold_leaf/IMG-20240724-WA0055_aug_31aug50.jpg,Tomato_mold_leaf,Tomato_mold_leaf,0.9999994039535522,1,1.0941753387451172,7.659956932067871,0.15989017486572266,8.916671752929688
dataset/test/Tomato_mold_leaf/IMG-20240724-WA0055aug7.jpg,Tomato_mold_leaf,Tomato_mold_leaf,0.9999990463256836,1,1.079787254333496,7.656530380249023,0.16848278045654297,8.907597541809082
dataset/test/Tomato_mold_leaf/IMG-20240724-WA0065_aug_80aug69.jpg,Tomato_mold_leaf,Tomato_mold_leaf,0.9999998807907104,1,1.1229352951049805,7.739402770996094,0.16224193572998047,9.027524948120117
dataset/test/Tomato_mold_leaf/IMG-20240724-WA0065_aug_81aug70.jpg,Tomato_mold_leaf,Tomato_mold_leaf,1.0,1,1.1203985214233398,7.745291709899902,0.15283584594726562,9.020858764648438
dataset/test/Tomato_mold_leaf/IMG-20240724-WA0065_aug_82aug66.jpg,Tomato_mold_leaf,Tomato_mold_leaf,0.9999998807907104,1,1.1024904251098633,7.517104148864746,0.1572418212890625,8.77939224243164
dataset/test/Tomato_mold_leaf/IMG-20240724-WA0065_aug_83aug65.jpg,Tomato_mold_leaf,Tomato_mold_leaf,0.9999988079071045,1,1.165863037109375,7.62447452545166,0.15779685974121094,8.950579643249512
dataset/test/Tomato_mold_leaf/IMG-20240724-WA0065aug20.jpg,Tomato_mold_leaf,Tomato_mold_leaf,1.0,1,1.0754165649414062,7.666179656982422,0.15824127197265625,8.90220832824707
dataset/test/Tomato_mold_leaf/IMG-20240725-WA0031_aug_0aug46.jpg,Tomato_mold_leaf,Tomato_mold_leaf,0.9048387408256531,1,1.0420637130737305,7.702365875244141,0.21309566497802734,8.960135459899902
dataset/test/Tomato_mold_leaf/IMG-20240725-WA0031_aug_1aug47.jpg,Tomato_mold_leaf,Tomato_mold_leaf,0.9470837712287903,1,1.061361312866211,7.601770401000977,0.16611194610595703,8.832134246826172
dataset/test/Tomato_mold_leaf/IMG-20240725-WA0031_aug_2aug37.jpg,Tomato_mold_leaf,Tomato_mold_leaf,0.9048387408256531,1,1.0838794708251953,7.704179763793945,0.16137123107910156,8.9519681930542
dataset/test/Tomato_mold_leaf/IMG-20240725-WA0031_aug_3aug45.jpg,Tomato_mold_leaf,Tomato_mold_leaf,0.9422321319580078,1,1.0247325897216797,7.5326032638549805,0.16068744659423828,8.720854759216309
dataset/test/Tomato_mold_leaf/IMG-20240725-WA0031aug0.jpg,Tomato_mold_leaf,Tomato_mold_leaf,0.8971700072288513,1,1.0598249435424805,7.7463836669921875,0.1542987823486328,8.962931632995605
dataset/test/Tomato_mold_leaf/IMG-20240725-WA0039_aug_72aug79.jpg,Tomato_mold_leaf,Tomato_mold_leaf,1.0,1,1.0176753997802734,7.503566741943359,0.1567239761352539,8.680466651916504
dataset/test/Tomato_mold_leaf/IMG-20240725-WA0039_aug_73aug95.jpg,Tomato_mold_leaf,Tomato_mold_leaf,1.0,1,1.0992317199707031,7.557289123535156,0.20541000366210938,8.865522384643555
dataset/test/Tomato_mold_leaf/IMG-20240725-WA0039_aug_74aug71.jpg,Tomato_mold_leaf,Tomato_mold_leaf,0.9999998807907104,1,1.0451946258544922,7.647902488708496,0.15812969207763672,8.854004859924316
dataset/test/Tomato_mold_leaf/IMG-20240725-WA0039_aug_75aug80.jpg,Tomato_mold_leaf,Tomato_mold_leaf,1.0,1,1.057936668395996,7.614031791687012,0.1628713607788086,8.837541580200195
dataset/test/Tomato_mold_leaf/IMG-20240725-WA0039aug18.jpg,Tomato_mold_leaf,Tomato_mold_leaf,1.0,1,1.0578603744506836,7.74266242980957,0.14885330200195312,8.951727867126465
dataset/test/Tomato_mold_leaf/IMG-20240727-WA0038_aug_40aug105.jpg,Tomato_mold_leaf,Tomato_mold_leaf,0.9998478889465332,1,1.0521020889282227,7.684179306030273,0.1594829559326172,8.898487091064453
dataset/test/Tomato_mold_leaf/IMG-20240727-WA0038_aug_41aug106.jpg,Tomato_mold_leaf,Tomato_mold_leaf,0.9997479319572449,1,1.1836767196655273,7.521456718444824,0.1629657745361328,8.870691299438477
dataset/test/Tomato_mold_leaf/IMG-20240727-WA0038_aug_42aug116.jpg,Tomato_mold_leaf,Tomato_mold_leaf,0.999995231628418,1,1.050954818725586,7.745736122131348,0.16198348999023438,8.961172103881836
dataset/test/Tomato_mold_leaf/IMG-20240727-WA0038_aug_43aug110.jpg,Tomato_mold_leaf,Tomato_mold_leaf,0.9995794892311096,1,1.0761775970458984,7.841198921203613,0.15937328338623047,9.079691886901855
dataset/test/Tomato_mold_leaf/IMG-20240727-WA0038aug10.jpg,Tomato_mold_leaf,Tomato_mold_leaf,0.9999967813491821,1,1.0507307052612305,7.671253204345703,0.1582050323486328,8.882763862609863
dataset/test/Tomato_mold_leaf/IMG-20240727-WA0040_aug_56aug92.jpg,Tomato_mold_leaf,Tomato_mold_leaf,0.9993189573287964,1,1.0840272903442383,7.699679374694824,0.15572261810302734,8.941746711730957
dataset/test/Tomato_mold_leaf/IMG-20240727-WA0040_aug_57aug83.jpg,Tomato_mold_leaf,Tomato_mold_leaf,0.9998764991760254,1,1.063009262084961,7.706476211547852,0.15624237060546875,8.928486824035645
dataset/test/Tomato_mold_leaf/IMG-20240727-WA0040_aug_58aug77.jpg,Tomato_mold_leaf,Tomato_mold_leaf,0.9995608925819397,1,1.046731948852539,7.634882926940918,0.14733409881591797,8.83119010925293
dataset/test/Tomato_mold_leaf/IMG-20240727-WA0040_aug_59aug94.jpg,Tomato_mold_leaf,Tomato_mold_leaf,0.9999433755874634,1,1.0325098037719727,7.7544403076171875,0.1571493148803711,8.946654319763184
dataset/test/Tomato_mold_leaf/IMG-20240727-WA0040aug14.jpg,Tomato_mold_leaf,Tomato_mold_leaf,0.9996142387390137,1,1.1551942825317383,7.487809181213379,0.15883541107177734,8.804967880249023
dataset/test/Tomato_mold_leaf/IMG-20240727-WA0124_aug_20aug54.jpg,Tomato_mold_leaf,Tomato_mold_leaf,0.999853253364563,1,1.0827856063842773,7.935329437255859,0.15887165069580078,9.17986011505127
dataset/test/Tomato_mold_leaf/IMG-20240727-WA0124_aug_21aug38.jpg,Tomato_mold_leaf,Tomato_mold_leaf,0.9999606609344482,1,1.071584701538086,7.739144325256348,0.15772342681884766,8.971190452575684
dataset/test/Tomato_mold_leaf/IMG-20240727-WA0124_aug_22aug31.jpg,Tomato_mold_leaf,Tomato_mold_leaf,0.9978729486465454,1,1.0759353637695312,7.620512008666992,0.15752029418945312,8.85683822631836
dataset/test/Tomato_mold_leaf/IMG-20240727-WA0124_aug_23aug55.jpg,Tomato_mold_leaf,Tomato_mold_leaf,0.9998950958251953,1,1.100973129272461,8.49207592010498,0.16055774688720703,9.75631046295166
dataset/test/Tomato_mold_leaf/IMG-20240727-WA0124aug5.jpg,Tomato_mold_leaf,Tomato_mold_leaf,0.9999951124191284,1,1.0567865371704102,7.771347999572754,0.15876102447509766,8.989877700805664
dataset/test/Tomato_mold_leaf/IMG-20240727-WA0153_aug_92aug58.jpg,Tomato_mold_leaf,Tomato_mold_leaf,0.9999992847442627,1,1.0399913787841797,17.691102027893066,0.15909385681152344,18.8928165435791
dataset/test/Tomato_mold_leaf/IMG-20240727-WA0153_aug_93aug60.jpg,Tomato_mold_leaf,Tomato_mold_leaf,0.9999836683273315,1,1.0375089645385742,17.268858909606934,0.15961360931396484,18.468313217163086
dataset/test/Tomato_mold_leaf/IMG-20240727-WA0153aug23.jpg,Tomato_mold_leaf,Tomato_mold_leaf,0.9996861219406128,1,1.2720298767089844,10.522076606750488,0.16092777252197266,11.957884788513184
dataset/test/Tomato_mold_leaf/IMG-20240727-WA0165aug25.jpg,Tomato_mold_leaf,Tomato_mold_leaf,0.9999994039535522,1,3.8392200469970703,7.877052307128906,0.16066932678222656,11.879993438720703
dataset/test/Tomato_mold_leaf/IMG-20240728-WA0028_aug_64aug91.jpg,Tomato_mold_leaf,Tomato_mold_leaf,0.9999996423721313,1,1.0908803939819336,7.983608245849609,0.15711212158203125,9.234395980834961
dataset/test/Tomato_mold_leaf/IMG-20240728-WA0028_aug_65aug86.jpg,Tomato_mold_leaf,Tomato_mold_leaf,1.0,1,1.0382871627807617,7.7818098068237305,0.17339038848876953,8.997062683105469
dataset/test/Tomato_mold_leaf/IMG-20240728-WA0028_aug_66aug78.jpg,Tomato_mold_leaf,Tomato_mold_leaf,1.0,1,1.03662109375,7.620863914489746,0.15946483612060547,8.820134162902832
dataset/test/Tomato_mold_leaf/IMG-20240728-WA0028_aug_67aug99.jpg,Tomato_mold_leaf,Tomato_mold_leaf,1.0,1,1.0538978576660156,7.864459037780762,0.15790939331054688,9.078841209411621
dataset/test/Tomato_mold_leaf/IMG-20240728-WA0028aug16.jpg,Tomato_mold_leaf,Tomato_mold_leaf,1.0,1,1.0682506561279297,7.530141830444336,0.15928077697753906,8.76009750366211
dataset/test/Tomato_mold_leaf/IMG-20240728-WA0068_aug_12aug29.jpg,Tomato_mold_leaf,Tomato_mold_leaf,0.9999995231628418,1,1.1022682189941406,7.606327056884766,0.15198421478271484,8.863245964050293
dataset/test/Tomato_mold_leaf/IMG-20240728-WA0068_aug_13aug30.jpg,Tomato_mold_leaf,Tomato_mold_leaf,0.9999998807907104,1,1.0300655364990234,7.526084899902344,0.16770458221435547,8.726410865783691
dataset/test/Tomato_mold_leaf/IMG-20240728-WA0068_aug_14aug56.jpg,Tomato_mold_leaf,Tomato_mold_leaf,0.9999972581863403,1,1.064453125,7.7561445236206055,0.16092967987060547,8.984136581420898
dataset/test/Tomato_mold_leaf/IMG-20240728-WA0068_aug_15aug42.jpg,Tomato_mold_leaf,Tomato_mold_leaf,0.9999998807907104,1,1.0368432998657227,7.612845420837402,0.1575021743774414,8.80972671508789
dataset/test/Tomato_mold_leaf/IMG-20240728-WA0068aug3.jpg,Tomato_mold_leaf,Tomato_mold_leaf,0.9999998807907104,1,1.0934362411499023,7.729883193969727,0.1567058563232422,8.982636451721191
dataset/test/Tomato_mold_leaf/IMG-20240728-WA0074_aug_44aug102.jpg,Tomato_mold_leaf,Tomato_mold_leaf,0.9999889135360718,1,1.0623235702514648,7.7549028396606445,0.17418479919433594,8.994173049926758
dataset/test/Tomato_mold_leaf/IMG-20240728-WA0074_aug_45aug75.jpg,Tomato_mold_leaf,Tomato_mold_leaf,1.0,1,1.080510139465332,7.584362983703613,0.15696430206298828,8.824357032775879
dataset/test/Tomato_mold_leaf/IMG-20240728-WA0074_aug_46aug89.jpg,Tomato_mold_leaf,Tomato_mold_leaf,0.9999979734420776,1,1.0556764602661133,7.697900772094727,0.15913105010986328,8.915468215942383
dataset/test/Tomato_mold_leaf/IMG-20240728-WA0074_aug_47aug111.jpg,Tomato_mold_leaf,Tomato_mold_leaf,1.0,1,1.108083724975586,8.55705738067627,0.15727996826171875,9.824884414672852
dataset/test/Tomato_mold_leaf/IMG-20240728-WA0074aug11.jpg,Tomato_mold_leaf,Tomato_mold_leaf,0.9999958276748657,1,1.062972068786621,7.73371696472168,0.14963054656982422,8.948895454406738
dataset/test/Tomato_mold_leaf/IMG-20240728-WA0075aug24.jpg,Tomato_mold_leaf,Tomato_mold_leaf,0.9999995231628418,1,1.0378055572509766,7.627994537353516,0.1606311798095703,8.828892707824707
dataset/test/Tomato_mold_leaf/IMG-20240728-WA0087_aug_32aug113.jpg,Tomato_mold_leaf,Tomato_mold_leaf,0.999925971031189,1,1.1436595916748047,7.56925106048584,0.1620016098022461,8.877429962158203
dataset/test/Tomato_mold_leaf/IMG-20240728-WA0087_aug_33aug112.jpg,Tomato_mold_leaf,Tomato_mold_leaf,0.9999973773956299,1,1.1201772689819336,7.72160530090332,0.15885353088378906,9.002877235412598
dataset/test/Tomato_mold_leaf/IMG-20240728-WA0087_aug_34aug104.jpg,Tomato_mold_leaf,Tomato_mold_leaf,0.9999589920043945,1,1.0675649642944336,7.635512351989746,0.1560192108154297,8.861745834350586
dataset/test/Tomato_mold_leaf/IMG-20240728-WA0087_aug_35aug100.jpg,Tomato_mold_leaf,Tomato_mold_leaf,0.9999978542327881,1,1.0722322463989258,7.567956924438477,0.1897420883178711,8.833504676818848
dataset/test/Tomato_mold_leaf/IMG-20240728-WA0087aug8.jpg,Tomato_mold_leaf,Tomato_mold_leaf,0.9998502731323242,1,1.1426572799682617,7.5042524337768555,0.1654825210571289,8.815613746643066
dataset/test/Tomato_mold_leaf/IMG-20240728-WA0093_aug_76aug90.jpg,Tomato_mold_leaf,Tomato_mold_leaf,1.0,1,1.0725288391113281,7.650382995605469,0.20305728912353516,8.928818702697754
dataset/test/Tomato_mold_leaf/IMG-20240728-WA0093_aug_77aug68.jpg,Tomato_mold_leaf,Tomato_mold_leaf,0.9999998807907104,1,1.031712532043457,7.76888370513916,0.16094589233398438,8.964190483093262
dataset/test/Tomato_mold_leaf/IMG-20240728-WA0093_aug_78aug93.jpg,Tomato_mold_leaf,Tomato_mold_leaf,1.0,1,1.0368986129760742,7.690864562988281,0.1583719253540039,8.8884859085083
dataset/test/Tomato_mold_leaf/IMG-20240728-WA0093_aug_79aug64.jpg,Tomato_mold_leaf,Tomato_mold_leaf,0.9999996423721313,1,1.0273046493530273,7.499048233032227,0.16587257385253906,8.695170402526855
dataset/test/Tomato_mold_leaf/IMG-20240728-WA0093aug19.jpg,Tomato_mold_leaf,Tomato_mold_leaf,1.0,1,1.0371570587158203,7.8045501708984375,0.16611289978027344,9.01072883605957
dataset/test/Tomato_mold_leaf/IMG-20240728-WA0101_aug_84aug73.jpg,Tomato_mold_leaf,Tomato_mold_leaf,0.9999001026153564,1,1.1118803024291992,7.76555061340332,0.1536874771118164,9.033710479736328
dataset/test/Tomato_mold_leaf/IMG-20240728-WA0101_aug_85aug72.jpg,Tomato_mold_leaf,Tomato_mold_leaf,0.9999998807907104,1,1.0655279159545898,7.5589189529418945,0.15744686126708984,8.784449577331543
dataset/test/Tomato_mold_leaf/IMG-20240728-WA0101_aug_86aug67.jpg,Tomato_mold_leaf,Tomato_mold_leaf,0.9999635219573975,1,1.0675649642944336,7.52178955078125,0.15885353088378906,8.750689506530762
dataset/test/Tomato_mold_leaf/IMG-20240728-WA0101_aug_87aug74.jpg,Tomato_mold_leaf,Tomato_mold_leaf,0.9999890327453613,1,1.0781946182250977,7.628604888916016,0.15987110137939453,8.869671821594238
dataset/test/Tomato_mold_leaf/IMG-20240728-WA0101aug21.jpg,Tomato_mold_leaf,Tomato_mold_leaf,0.9999948740005493,1,1.1046581268310547,7.610642433166504,0.19479751586914062,8.912895202636719
dataset/test/Tomato_mold_leaf/IMG-20240728-WA0103_aug_48aug107.jpg,Tomato_mold_leaf,Tomato_mold_leaf,0.9999996423721313,1,1.0866012573242188,7.622845649719238,0.15770530700683594,8.86961555480957
dataset/test/Tomato_mold_leaf/IMG-20240728-WA0103_aug_49aug76.jpg,Tomato_mold_leaf,Tomato_mold_leaf,1.0,1,1.071934700012207,7.587196350097656,0.15787220001220703,8.81968879699707
dataset/test/Tomato_mold_leaf/IMG-20240728-WA0103_aug_50aug114.jpg,Tomato_mold_leaf,Tomato_mold_leaf,0.9999992847442627,1,1.0816020965576172,7.774680137634277,0.16196346282958984,9.021598815917969
dataset/test/Tomato_mold_leaf/IMG-20240728-WA0103_aug_51aug84.jpg,Tomato_mold_leaf,Tomato_mold_leaf,1.0,1,1.079899787902832,7.645197868347168,0.1538705825805664,8.881450653076172
dataset/test/Tomato_mold_leaf/IMG-20240728-WA0103aug12.jpg,Tomato_mold_leaf,Tomato_mold_leaf,1.0,1,1.1136960983276367,7.596771240234375,0.15842723846435547,8.87161636352539
dataset/test/Tomato_mold_leaf/IMG-20240812-WA0183_aug_88aug59.jpg,Tomato_mold_leaf,Tomato_Septoria_leaf_spot,0.9870093464851379,0,1.1387510299682617,7.583142280578613,0.1604461669921875,8.885133743286133
dataset/test/Tomato_mold_leaf/IMG-20240812-WA0183_aug_89aug61.jpg,Tomato_mold_leaf,Tomato_mold_leaf,0.3595530390739441,1,1.066619873046875,7.711068153381348,0.15866851806640625,8.93924617767334
dataset/test/Tomato_mold_leaf/IMG-20240812-WA0183_aug_90aug63.jpg,Tomato_mold_leaf,Tomato_Septoria_leaf_spot,0.886625349521637,0,1.0536766052246094,7.5975494384765625,0.1583538055419922,8.811931610107422
dataset/test/Tomato_mold_leaf/IMG-20240812-WA0183_aug_91aug62.jpg,Tomato_mold_leaf,Tomato_Septoria_leaf_spot,0.9890968799591064,0,1.101806640625,7.622326850891113,0.19211387634277344,8.918968200683594
dataset/test/Tomato_mold_leaf/IMG-20240812-WA0183aug22.jpg,Tomato_mold_leaf,Tomato_Healthy_leaf,0.9523281455039978,0,1.08880615234375,7.730345726013184,0.1590566635131836,8.980596542358398
dataset/test/Tomato_mold_leaf/IMG_20251102_155435_aug_24aug39.jpg,Tomato_mold_leaf,Tomato_Early_blight_leaf,0.8832693099975586,0,1.044804573059082,7.709383964538574,0.15737247467041016,8.91443157196045
dataset/test/Tomato_mold_leaf/IMG_20251102_155435_aug_25aug51.jpg,Tomato_mold_leaf,Tomato_Early_blight_leaf,0.9951393604278564,0,1.0552492141723633,7.507992744445801,0.1744089126586914,8.740410804748535
dataset/test/Tomato_mold_leaf/IMG_20251102_155435_aug_26aug26.jpg,Tomato_mold_leaf,Tomato_Early_blight_leaf,0.9466635584831238,0,1.1575851440429688,7.550417900085449,0.15877819061279297,8.868986129760742
dataset/test/Tomato_mold_leaf/IMG_20251102_155435_aug_27aug52.jpg,Tomato_mold_leaf,Tomato_Early_blight_leaf,0.994145393371582,0,1.0731401443481445,7.795346260070801,0.15916824340820312,9.030228614807129
dataset/test/Tomato_mold_leaf/IMG_20251102_155435aug6.jpg,Tomato_mold_leaf,Tomato_Early_blight_leaf,0.9573429226875305,0,1.0425643920898438,7.779680252075195,0.15892791748046875,8.983968734741211
dataset/test/Tomato_mold_leaf/Leaf+mold+tomato+_25283_2529.JPG_aug_36aug118.jpg,Tomato_mold_leaf,Tomato_mold_leaf,0.9904940724372864,1,1.1003999710083008,7.562067985534668,0.16498279571533203,8.8308744430542
dataset/test/Tomato_mold_leaf/Leaf+mold+tomato+_25283_2529.JPG_aug_37aug117.jpg,Tomato_mold_leaf,Tomato_mold_leaf,0.9999886751174927,1,1.0995092391967773,7.670419692993164,0.1611490249633789,8.933895111083984
dataset/test/Tomato_mold_leaf/Leaf+mold+tomato+_25283_2529.JPG_aug_38aug119.jpg,Tomato_mold_leaf,Tomato_mold_leaf,0.9384089112281799,1,1.2200660705566406,7.637198448181152,0.15000152587890625,9.009562492370605
dataset/test/Tomato_mold_leaf/Leaf+mold+tomato+_25283_2529.JPG_aug_39aug103.jpg,Tomato_mold_leaf,Tomato_mold_leaf,0.712324321269989,1,1.1016578674316406,7.591160774230957,0.17013072967529297,8.86611557006836
dataset/test/Tomato_mold_leaf/Leaf+mold+tomato+_25283_2529.JPGaug9.jpg,Tomato_mold_leaf,Tomato_mold_leaf,0.9834774136543274,1,1.1829538345336914,7.497677803039551,0.15872478485107422,8.84207820892334
dataset/test/Tomato_mold_leaf/Leaf-mold-caused-by-the-fungal-pathogen-Passalore-fulva-in-tomatoes_aug_16aug33.jpg,Tomato_mold_leaf,Tomato_Healthy_leaf,0.4613974988460541,0,1.0493602752685547,7.877532958984375,0.15852069854736328,9.087950706481934
dataset/test/Tomato_mold_leaf/Leaf-mold-caused-by-the-fungal-pathogen-Passalore-fulva-in-tomatoes_aug_17aug57.jpg,Tomato_mold_leaf,Tomato_Septoria_leaf_spot,0.40401768684387207,0,1.0756006240844727,7.706846237182617,0.1574077606201172,8.942581176757812
dataset/test/Tomato_mold_leaf/Leaf-mold-caused-by-the-fungal-pathogen-Passalore-fulva-in-tomatoes_aug_18aug32.jpg,Tomato_mold_leaf,Tomato_Healthy_leaf,0.7269995212554932,0,1.0491571426391602,7.653031349182129,0.1586313247680664,8.86389446258545
dataset/test/Tomato_mold_leaf/Leaf-mold-caused-by-the-fungal-pathogen-Passalore-fulva-in-tomatoes_aug_19aug53.jpg,Tomato_mold_leaf,Tomato_Healthy_leaf,0.615058958530426,0,1.0323419570922852,7.593752861022949,0.16827964782714844,8.797503471374512
dataset/test/Tomato_mold_leaf/Leaf-mold-caused-by-the-fungal-pathogen-Passalore-fulva-in-tomatoesaug4.jpg,Tomato_mold_leaf,Tomato_mold_leaf,0.8598426580429077,1,1.053731918334961,7.706272125244141,0.15659332275390625,8.919191360473633
dataset/test/Tomato_mold_leaf/leaf_mold_nightshade2x500_aug_60aug81.jpg,Tomato_mold_leaf,Tomato_mold_leaf,0.999717652797699,1,1.0344915390014648,7.648623466491699,0.15487194061279297,8.840169906616211
dataset/test/Tomato_mold_leaf/leaf_mold_nightshade2x500_aug_61aug96.jpg,Tomato_mold_leaf,Tomato_mold_leaf,0.9999972581863403,1,1.078343391418457,7.551178932189941,0.16748332977294922,8.799596786499023
dataset/test/Tomato_mold_leaf/leaf_mold_nightshade2x500_aug_62aug85.jpg,Tomato_mold_leaf,Tomato_mold_leaf,0.9998088479042053,1,1.0473060607910156,7.6691789627075195,0.15648269653320312,8.875930786132812
dataset/test/Tomato_mold_leaf/leaf_mold_nightshade2x500_aug_63aug88.jpg,Tomato_mold_leaf,Tomato_mold_leaf,0.9907206296920776,1,1.1209354400634766,7.62858772277832,0.15781784057617188,8.909857749938965
dataset/test/Tomato_mold_leaf/leaf_mold_nightshade2x500aug15.jpg,Tomato_mold_leaf,Tomato_mold_leaf,0.9999973773956299,1,1.0735654830932617,7.520158767700195,0.15822219848632812,8.754467010498047
dataset/test/Tomato_mold_leaf/leaf_mold_tomato5x1200_jpg.rf.0a5ee47c78e753f9580bfb7744438ebf_aug_52aug101.jpg,Tomato_mold_leaf,Tomato_mold_leaf,1.0,1,1.1066207885742188,7.531566619873047,0.16333484649658203,8.804170608520508
dataset/test/Tomato_mold_leaf/leaf_mold_tomato5x1200_jpg.rf.0a5ee47c78e753f9580bfb7744438ebf_aug_53aug108.jpg,Tomato_mold_leaf,Tomato_mold_leaf,1.0,1,1.098602294921875,7.724161148071289,0.1595754623413086,8.984782218933105
dataset/test/Tomato_mold_leaf/leaf_mold_tomato5x1200_jpg.rf.0a5ee47c78e753f9580bfb7744438ebf_aug_54aug115.jpg,Tomato_mold_leaf,Tomato_mold_leaf,1.0,1,1.0668621063232422,7.699438095092773,0.15237140655517578,8.920857429504395
dataset/test/Tomato_mold_leaf/leaf_mold_tomato5x1200_jpg.rf.0a5ee47c78e753f9580bfb7744438ebf_aug_55aug109.jpg,Tomato_mold_leaf,Tomato_mold_leaf,1.0,1,1.0669546127319336,7.492362976074219,0.1726675033569336,8.735540390014648
dataset/test/Tomato_mold_leaf/leaf_mold_tomato5x1200_jpg.rf.0a5ee47c78e753f9580bfb7744438ebfaug13.jpg,Tomato_mold_leaf,Tomato_mold_leaf,1.0,1,1.1751031875610352,7.595919609069824,0.16500091552734375,8.938931465148926
dataset/test/Tomato_mold_leaf/tomato_leaf-mold_04_zoom_aug_4aug36.jpg,Tomato_mold_leaf,Tomato_leaf_late_blight,0.9909287095069885,0,1.1273069381713867,7.603789329528809,0.17079830169677734,8.904541969299316
dataset/test/Tomato_mold_leaf/tomato_leaf-mold_04_zoom_aug_5aug48.jpg,Tomato_mold_leaf,Tomato_leaf_late_blight,0.9913723468780518,0,1.1128978729248047,7.60380744934082,0.15890789031982422,8.878376960754395
dataset/test/Tomato_mold_leaf/tomato_leaf-mold_04_zoom_aug_6aug40.jpg,Tomato_mold_leaf,Tomato_leaf_late_blight,0.9930985569953918,0,1.0637693405151367,7.546492576599121,0.15453815460205078,8.767411231994629
dataset/test/Tomato_mold_leaf/tomato_leaf-mold_04_zoom_aug_7aug34.jpg,Tomato_mold_leaf,Tomato_leaf_late_blight,0.9685433506965637,0,1.0895843505859375,7.607085227966309,0.15089130401611328,8.84974479675293
dataset/test/Tomato_mold_leaf/tomato_leaf-mold_04_zoomaug1.jpg,Tomato_mold_leaf,Tomato_leaf_late_blight,0.985261857509613,0,1.0343990325927734,7.5950117111206055,0.15955638885498047,8.791560173034668
