image_path,true_class,predicted_class,confidence,correct,preprocess_ms,inference_ms,postprocess_ms,total_pipeline_ms
dataset/test/Tomato_Early_blight_leaf/100_46341_aug_5aug62.jpg,Tomato_Early_blight_leaf,Tomato_Septoria_leaf_spot,0.6349816918373108,0,1.1811552047729492,8.301106452941895,0.27507495880126953,9.761728286743164
dataset/test/Tomato_Early_blight_leaf/100_46341_aug_6aug64.jpg,Tomato_Early_blight_leaf,Tomato_Early_blight_leaf,0.9586560130119324,1,1.1992301940917969,8.19530963897705,0.2175006866455078,9.616004943847656
dataset/test/Tomato_Early_blight_leaf/100_46341_aug_7aug57.jpg,Tomato_Early_blight_leaf,Tomato_Early_blight_leaf,0.9586560130119324,1,1.1661195755004883,8.326386451721191,0.22716712951660156,9.72269058227539
dataset/test/Tomato_Early_blight_leaf/100_46341_aug_8aug66.jpg,Tomato_Early_blight_leaf,Tomato_Early_blight_leaf,0.6282042860984802,1,1.6745672225952148,11.115513801574707,0.2350749969482422,13.028562545776367
dataset/test/Tomato_Early_blight_leaf/100_46341_aug_9aug65.jpg,Tomato_Early_blight_leaf,Tomato_Early_blight_leaf,0.626621663570404,1,1.8032159805297852,11.2695894241333,0.2670745849609375,13.343545913696289
dataset/test/Tomato_Early_blight_leaf/100_46341aug1.jpg,Tomato_Early_blight_leaf,Tomato_Septoria_leaf_spot,0.7766665816307068,0,1.6333427429199219,11.142829895019531,0.2305755615234375,13.010136604309082
dataset/test/Tomato_Early_blight_leaf/1723454500663_aug_20aug39.jpg,Tomato_Early_blight_leaf,Tomato_Early_blight_leaf,0.9996811151504517,1,1.495138168334961,11.200440406799316,0.23402023315429688,12.933062553405762
dataset/test/Tomato_Early_blight_leaf/1723454500663_aug_21aug35.jpg,Tomato_Early_blight_leaf,Tomato_Early_blight_leaf,0.9998428821563721,1,1.5302324295043945,11.123051643371582,0.24103736877441406,12.897562026977539
dataset/test/Tomato_Early_blight_leaf/1723454500663_aug_22aug51.jpg,Tomato_Early_blight_leaf,Tomato_Early_blight_leaf,0.999946117401123,1,1.5801210403442383,11.861370086669922,0.21568679809570312,13.661141395568848
dataset/test/Tomato_Early_blight_leaf/1723454500663_aug_23aug33.jpg,Tomato_Early_blight_leaf,Tomato_Early_blight_leaf,0.9996811151504517,1,1.4945659637451172,11.151032447814941,0.21353816986083984,12.862876892089844
dataset/test/Tomato_Early_blight_leaf/1723454500663_aug_24aug50.jpg,Tomato_Early_blight_leaf,Tomato_Early_blight_leaf,0.9981437921524048,1,1.5407133102416992,11.13288402557373,0.16757583618164062,12.844059944152832
dataset/test/Tomato_Early_blight_leaf/1723454500663aug4.jpg,Tomato_Early_blight_leaf,Tomato_Early_blight_leaf,0.9995089769363403,1,1.1301565170288086,7.937549591064453,0.16878032684326172,9.239112854003906
dataset/test/Tomato_Early_blight_leaf/1723454507240aug20.jpg,Tomato_Early_blight_leaf,Tomato_Septoria_leaf_spot,0.8743425011634827,0,1.180619239807129,13.853531837463379,0.18676090240478516,15.223854064941406
dataset/test/Tomato_Early_blight_leaf/EB_(981)_aug_65aug107.jpg,Tomato_Early_blight_leaf,Tomato_Early_blight_leaf,0.9999998807907104,1,1.3007488250732422,11.607202529907227,0.17055702209472656,13.081415176391602
dataset/test/Tomato_Early_blight_leaf/EB_(981)_aug_66aug102.jpg,Tomato_Early_blight_leaf,Tomato_Early_blight_leaf,0.9998169541358948,1,1.2718420028686523,9.633931159973145,1.3464899063110352,12.255297660827637
dataset/test/Tomato_Early_blight_leaf/EB_(981)_aug_67aug101.jpg,Tomato_Early_blight_leaf,Tomato_Early_blight_leaf,0.9999927282333374,1,1.1250247955322266,8.75164794921875,0.16770458221435547,10.047526359558105
dataset/test/Tomato_Early_blight_leaf/EB_(981)_aug_68aug95.jpg,Tomato_Early_blight_leaf,Tomato_Early_blight_leaf,0.9999954700469971,1,1.1445074081420898,8.068439483642578,0.16676044464111328,9.382390975952148
dataset/test/Tomato_Early_blight_leaf/EB_(981)_aug_69aug97.jpg,Tomato_Early_blight_leaf,Tomato_Early_blight_leaf,0.9987951517105103,1,1.103877067565918,7.874642372131348,0.1672048568725586,9.148056983947754
dataset/test/Tomato_Early_blight_leaf/EB_(981)aug13.jpg,Tomato_Early_blight_leaf,Tomato_Early_blight_leaf,0.9999182224273682,1,1.1075248718261719,7.975826263427734,0.1739826202392578,9.259964942932129
dataset/test/Tomato_Early_blight_leaf/Early-blight-660x440_aug_0aug61.jpg,Tomato_Early_blight_leaf,Tomato_Early_blight_leaf,0.9997348189353943,1,1.119950294494629,7.965808868408203,0.16376018524169922,9.252279281616211
dataset/test/Tomato_Early_blight_leaf/Early-blight-660x440_aug_1aug59.jpg,Tomato_Early_blight_leaf,Tomato_Early_blight_leaf,0.9999961853027344,1,1.0869512557983398,8.653571128845215,0.17140769958496094,9.914766311645508
dataset/test/Tomato_Early_blight_leaf/Early-blight-660x440_aug_2aug63.jpg,Tomato_Early_blight_leaf,Tomato_Early_blight_leaf,0.9999666213989258,1,1.168600082397461,9.761858940124512,0.1709280014038086,11.103919982910156
dataset/test/Tomato_Early_blight_leaf/Early-blight-660x440_aug_3aug60.jpg,Tomato_Early_blight_leaf,Tomato_Early_blight_leaf,0.9995682835578918,1,1.2255439758300781,8.565126419067383,0.17546367645263672,9.9686918258667
dataset/test/Tomato_Early_blight_leaf/Early-blight-660x440_aug_4aug58.jpg,Tomato_Early_blight_leaf,Tomato_Early_blight_leaf,0.9998053908348083,1,1.213545799255371,8.50179386138916,0.17170429229736328,9.889488220214844
dataset/test/Tomato_Early_blight_leaf/Early-blight-660x440aug0.jpg,Tomato_Early_blight_leaf,Tomato_Early_blight_leaf,0.9997314810752869,1,1.1666927337646484,8.590887069702148,0.1719818115234375,9.932488441467285
dataset/test/Tomato_Early_blight_leaf/Gls42_change_180_aug_70aug100.jpg,Tomato_Early_blight_leaf,Tomato_Early_blight_leaf,0.9999066591262817,1,1.1678228378295898,8.550941467285156,0.17020606994628906,9.891524314880371
dataset/test/Tomato_Early_blight_leaf/Gls42_change_180_aug_71aug109.jpg,Tomato_Early_blight_leaf,Tomato_Early_blight_leaf,0.9999769926071167,1,1.1383590698242188,8.56279468536377,0.1738901138305664,9.877765655517578
dataset/test/Tomato_Early_blight_leaf/Gls42_change_180_aug_72aug104.jpg,Tomato_Early_blight_leaf,Tomato_Early_blight_leaf,0.9989179372787476,1,1.2579154968261719,8.368070602416992,0.18755626678466797,9.816227912902832
dataset/test/Tomato_Early_blight_leaf/Gls42_change_180_aug_73aug94.jpg,Tomato_Early_blight_leaf,Tomato_Early_blight_leaf,0.9999697208404541,1,1.132913589477539,9.488170623779297,0.17268657684326172,10.796494483947754
dataset/test/Tomato_Early_blight_leaf/Gls42_change_180_aug_74aug108.jpg,Tomato_Early_blight_leaf,Tomato_Early_blight_leaf,0.9999505281448364,1,1.2539148330688477,8.348052024841309,0.173797607421875,9.778745651245117
dataset/test/Tomato_Early_blight_leaf/Gls42_change_180aug14.jpg,Tomato_Early_blight_leaf,Tomato_Early_blight_leaf,0.9950336217880249,1,1.2531557083129883,8.461441993713379,0.17368602752685547,9.891079902648926
dataset/test/Tomato_Early_blight_leaf/Gls4_mirror_aug_60aug93.jpg,Tomato_Early_blight_leaf,Tomato_Early_blight_leaf,0.9999998807907104,1,1.1639890670776367,9.412671089172363,0.17477989196777344,10.754289627075195
dataset/test/Tomato_Early_blight_leaf/Gls4_mirror_aug_61aug98.jpg,Tomato_Early_blight_leaf,Tomato_Early_blight_leaf,0.9999924898147583,1,1.250229835510254,8.361014366149902,0.1723337173461914,9.786209106445312
dataset/test/Tomato_Early_blight_leaf/Gls4_mirror_aug_62aug91.jpg,Tomato_Early_blight_leaf,Tomato_Early_blight_leaf,0.9999997615814209,1,1.2647485733032227,8.327108383178711,0.18431663513183594,9.7795991897583
dataset/test/Tomato_Early_blight_leaf/Gls4_mirror_aug_63aug110.jpg,Tomato_Early_blight_leaf,Tomato_Early_blight_leaf,0.9999957084655762,1,1.1073408126831055,8.530848503112793,0.17248249053955078,9.813430786132812
dataset/test/Tomato_Early_blight_leaf/Gls4_mirror_aug_64aug105.jpg,Tomato_Early_blight_leaf,Tomato_Early_blight_leaf,0.9999997615814209,1,1.1568965911865234,8.477367401123047,0.17142677307128906,9.808746337890625
dataset/test/Tomato_Early_blight_leaf/Gls4_mirror_vertical_aug_25aug37.jpg,Tomato_Early_blight_leaf,Tomato_Septoria_leaf_spot,0.6215084791183472,0,1.1118221282958984,8.548961639404297,0.17420578002929688,9.838043212890625
dataset/test/Tomato_Early_blight_leaf/Gls4_mirror_vertical_aug_26aug41.jpg,Tomato_Early_blight_leaf,Tomato_Early_blight_leaf,0.7785797119140625,1,1.1502294540405273,8.479757308959961,0.17140865325927734,9.804226875305176
dataset/test/Tomato_Early_blight_leaf/Gls4_mirror_vertical_aug_27aug40.jpg,Tomato_Early_blight_leaf,Tomato_Early_blight_leaf,0.9692949652671814,1,1.1093225479125977,8.516145706176758,0.17083358764648438,9.799448013305664
dataset/test/Tomato_Early_blight_leaf/Gls4_mirror_vertical_aug_28aug36.jpg,Tomato_Early_blight_leaf,Tomato_Early_blight_leaf,0.5967469215393066,1,1.120229721069336,8.538627624511719,0.17270469665527344,9.8348388671875
dataset/test/Tomato_Early_blight_leaf/Gls4_mirror_vertical_aug_29aug42.jpg,Tomato_Early_blight_leaf,Tomato_Early_blight_leaf,0.8967969417572021,1,1.1249885559082031,8.76149845123291,0.1733713150024414,10.062822341918945
dataset/test/Tomato_Early_blight_leaf/Gls4_mirror_verticalaug5.jpg,Tomato_Early_blight_leaf,Tomato_Early_blight_leaf,0.9260733723640442,1,1.1047859191894531,8.700146675109863,0.17020416259765625,9.977952003479004
dataset/test/Tomato_Early_blight_leaf/Gls4_mirroraug12.jpg,Tomato_Early_blight_leaf,Tomato_Early_blight_leaf,0.9999995231628418,1,1.119729995727539,8.562442779541016,0.17251968383789062,9.857672691345215
dataset/test/Tomato_Early_blight_leaf/IMG-20240812-WA0445_aug_40aug23.jpg,Tomato_Early_blight_leaf,Tomato_Early_blight_leaf,0.7948958277702332,1,1.1814699172973633,8.52836799621582,0.17294597625732422,9.88552474975586
dataset/test/Tomato_Early_blight_leaf/IMG-20240812-WA0445_aug_41aug28.jpg,Tomato_Early_blight_leaf,Tomato_mold_leaf,0.9030770063400269,0,1.176487922668457,8.57540512084961,0.17307567596435547,9.927839279174805
dataset/test/Tomato_Early_blight_leaf/IMG-20240812-WA0445_aug_42aug21.jpg,Tomato_Early_blight_leaf,Tomato_mold_leaf,0.5756009817123413,0,1.1736927032470703,8.533090591430664,0.17194557189941406,9.881821632385254
dataset/test/Tomato_Early_blight_leaf/IMG-20240812-WA0445_aug_43aug24.jpg,Tomato_Early_blight_leaf,Tomato_Early_blight_leaf,0.6916733980178833,1,1.218766212463379,8.488533973693848,0.1728525161743164,9.882950782775879
dataset/test/Tomato_Early_blight_leaf/IMG-20240812-WA0445_aug_44aug22.jpg,Tomato_Early_blight_leaf,Tomato_mold_leaf,0.7414109706878662,0,1.2123966217041016,8.479016304016113,0.2064647674560547,9.900580406188965
dataset/test/Tomato_Early_blight_leaf/IMG-20240812-WA0445aug8.jpg,Tomato_Early_blight_leaf,Tomato_mold_leaf,0.7834364175796509,0,1.2119512557983398,8.545090675354004,0.16922378540039062,9.929100036621094
dataset/test/Tomato_Early_blight_leaf/IMG20240812111749_aug_90aug80.jpg,Tomato_Early_blight_leaf,Tomato_mold_leaf,0.9999951124191284,0,1.2536191940307617,8.495163917541504,0.1651296615600586,9.9165620803833
dataset/test/Tomato_Early_blight_leaf/IMG20240812111749_aug_91aug77.jpg,Tomato_Early_blight_leaf,Tomato_mold_leaf,0.999995231628418,0,1.321396827697754,10.283767700195312,0.2100200653076172,11.818351745605469
dataset/test/Tomato_Early_blight_leaf/IMG20240812111749_aug_92aug73.jpg,Tomato_Early_blight_leaf,Tomato_mold_leaf,0.998837411403656,0,1.6041030883789062,11.215347290039062,0.21759414672851562,13.04078483581543
dataset/test/Tomato_Early_blight_leaf/IMG20240812111749_aug_93aug71.jpg,Tomato_Early_blight_leaf,Tomato_mold_leaf,0.9993347525596619,0,1.5831756591796875,11.201716423034668,0.2112417221069336,12.99972915649414
dataset/test/Tomato_Early_blight_leaf/IMG20240812111749_aug_94aug74.jpg,Tomato_Early_blight_leaf,Tomato_mold_leaf,0.9999022483825684,0,1.6937685012817383,11.516220092773438,0.2039470672607422,13.416952133178711
dataset/test/Tomato_Early_blight_leaf/IMG20240812111749aug18.jpg,Tomato_Early_blight_leaf,Tomato_mold_leaf,0.9998944997787476,0,1.6761398315429688,11.27869987487793,0.2114267349243164,13.169471740722656
dataset/test/Tomato_Early_blight_leaf/IMG_20251102_155150_aug_30aug34.jpg,Tomato_Early_blight_leaf,Tomato_Early_blight_leaf,1.0,1,1.582362174987793,11.349459648132324,0.21238994598388672,13.147858619689941
dataset/test/Tomato_Early_blight_leaf/IMG_20251102_155150_aug_31aug43.jpg,Tomato_Early_blight_leaf,Tomato_Early_blight_leaf,0.9999992847442627,1,1.4747686386108398,11.462089538574219,0.20996379852294922,13.150044441223145
dataset/test/Tomato_Early_blight_leaf/IMG_20251102_155150_aug_32aug44.jpg,Tomato_Early_blight_leaf,Tomato_Early_blight_leaf,0.9999998807907104,1,1.6706762313842773,11.106512069702148,0.2120199203491211,12.993210792541504
dataset/test/Tomato_Early_blight_leaf/IMG_20251102_155150_aug_33aug38.jpg,Tomato_Early_blight_leaf,Tomato_Early_blight_leaf,0.999974250793457,1,1.542750358581543,8.222976684570312,0.16414928436279297,9.932689666748047
dataset/test/Tomato_Early_blight_leaf/IMG_20251102_155150_aug_34aug32.jpg,Tomato_Early_blight_leaf,Tomato_Early_blight_leaf,1.0,1,1.0674514770507812,7.850363731384277,0.18018627166748047,9.100539207458496
dataset/test/Tomato_Early_blight_leaf/IMG_20251102_155150aug6.jpg,Tomato_Early_blight_leaf,Tomato_Early_blight_leaf,1.0,1,1.0756731033325195,7.93467903137207,0.2117605209350586,9.225019454956055
dataset/test/Tomato_Early_blight_leaf/IMG_20251102_155153_aug_85aug72.jpg,Tomato_Early_blight_leaf,Tomato_Early_blight_leaf,0.9999986886978149,1,1.1170625686645508,7.901604652404785,0.16576004028320312,9.187000274658203
dataset/test/Tomato_Early_blight_leaf/IMG_20251102_155153_aug_86aug78.jpg,Tomato_Early_blight_leaf,Tomato_Early_blight_leaf,0.9999995231628418,1,1.114044189453125,8.01318073272705,0.16561222076416016,9.29513168334961
dataset/test/Tomato_Early_blight_leaf/IMG_20251102_155153_aug_87aug76.jpg,Tomato_Early_blight_leaf,Tomato_Early_blight_leaf,0.9999994039535522,1,1.113729476928711,7.927345275878906,0.1669454574584961,9.211169242858887
dataset/test/Tomato_Early_blight_leaf/IMG_20251102_155153_aug_88aug79.jpg,Tomato_Early_blight_leaf,Tomato_Early_blight_leaf,0.9999998807907104,1,1.1524896621704102,7.948086738586426,0.1692047119140625,9.272261619567871
dataset/test/Tomato_Early_blight_leaf/IMG_20251102_155153_aug_89aug75.jpg,Tomato_Early_blight_leaf,Tomato_Early_blight_leaf,1.0,1,1.067544937133789,8.140440940856934,0.1665945053100586,9.377411842346191
dataset/test/Tomato_Early_blight_leaf/IMG_20251102_155153aug17.jpg,Tomato_Early_blight_leaf,Tomato_Early_blight_leaf,0.9999991655349731,1,1.109543800354004,8.138179779052734,0.16537094116210938,9.415596008300781
dataset/test/Tomato_Early_blight_leaf/IMG_20251102_155207_aug_10aug47.jpg,Tomato_Early_blight_leaf,Tomato_Early_blight_leaf,0.9997484087944031,1,1.1252670288085938,8.268550872802734,0.16559314727783203,9.562541007995605
dataset/test/Tomato_Early_blight_leaf/IMG_20251102_155207_aug_11aug56.jpg,Tomato_Early_blight_leaf,Tomato_Early_blight_leaf,0.9997547268867493,1,1.0952482223510742,7.984086990356445,0.16448211669921875,9.246594429016113
dataset/test/Tomato_Early_blight_leaf/IMG_20251102_155207_aug_12aug45.jpg,Tomato_Early_blight_leaf,Tomato_Early_blight_leaf,0.9999552965164185,1,1.0914697647094727,7.847085952758789,0.16551971435546875,9.106871604919434
dataset/test/Tomato_Early_blight_leaf/IMG_20251102_155207_aug_13aug48.jpg,Tomato_Early_blight_leaf,Tomato_Early_blight_leaf,0.9971535205841064,1,1.1965999603271484,7.916326522827148,0.16629695892333984,9.281890869140625
dataset/test/Tomato_Early_blight_leaf/IMG_20251102_155207_aug_14aug49.jpg,Tomato_Early_blight_leaf,Tomato_Early_blight_leaf,0.9999850988388062,1,1.1960258483886719,7.896012306213379,0.1652975082397461,9.2599458694458
dataset/test/Tomato_Early_blight_leaf/IMG_20251102_155207aug2.jpg,Tomato_Early_blight_leaf,Tomato_Early_blight_leaf,0.9999812841415405,1,1.1013402938842773,7.976975440979004,0.1666116714477539,9.247427940368652
dataset/test/Tomato_Early_blight_leaf/IMG_20251102_155305_aug_35aug25.jpg,Tomato_Early_blight_leaf,Tomato_Early_blight_leaf,0.980238676071167,1,1.1346197128295898,7.944124221801758,0.16588973999023438,9.2473726272583
dataset/test/Tomato_Early_blight_leaf/IMG_20251102_155305_aug_36aug27.jpg,Tomato_Early_blight_leaf,Tomato_Early_blight_leaf,0.965478241443634,1,1.0900440216064453,8.011198997497559,0.16803741455078125,9.271890640258789
dataset/test/Tomato_Early_blight_leaf/IMG_20251102_155305_aug_37aug29.jpg,Tomato_Early_blight_leaf,Tomato_leaf_yellow_curl_virus,0.9897016286849976,0,1.1119880676269531,7.933178901672363,0.16483402252197266,9.21285343170166
dataset/test/Tomato_Early_blight_leaf/IMG_20251102_155305_aug_38aug31.jpg,Tomato_Early_blight_leaf,Tomato_Early_blight_leaf,0.9467830061912537,1,1.124246597290039,8.174755096435547,0.16500091552734375,9.467206954956055
dataset/test/Tomato_Early_blight_leaf/IMG_20251102_155305_aug_39aug26.jpg,Tomato_Early_blight_leaf,Tomato_Early_blight_leaf,0.6910417675971985,1,1.0823402404785156,8.644608497619629,0.16325950622558594,9.893340110778809
dataset/test/Tomato_Early_blight_leaf/IMG_20251102_155305aug7.jpg,Tomato_Early_blight_leaf,Tomato_Early_blight_leaf,0.977241039276123,1,1.0848770141601562,7.868512153625488,0.16433429718017578,9.120741844177246
dataset/test/Tomato_Early_blight_leaf/IMG_20251102_155853_aug_55aug106.jpg,Tomato_Early_blight_leaf,Tomato_leaf_late_blight,0.9173542857170105,0,1.255025863647461,7.960086822509766,0.21042633056640625,9.429465293884277
dataset/test/Tomato_Early_blight_leaf/IMG_20251102_155853_aug_56aug92.jpg,Tomato_Early_blight_leaf,Tomato_leaf_late_blight,0.9999176263809204,0,1.6424179077148438,11.245329856872559,0.20927810668945312,13.100617408752441
dataset/test/Tomato_Early_blight_leaf/IMG_20251102_155853_aug_57aug96.jpg,Tomato_Early_blight_leaf,Tomato_leaf_late_blight,0.994172990322113,0,1.5275287628173828,11.13632869720459,0.21070480346679688,12.877802848815918
dataset/test/Tomato_Early_blight_leaf/IMG_20251102_155853_aug_58aug103.jpg,Tomato_Early_blight_leaf,Tomato_leaf_late_blight,0.9999980926513672,0,1.531825065612793,11.22997760772705,0.2106313705444336,12.975637435913086
dataset/test/Tomato_Early_blight_leaf/IMG_20251102_155853_aug_59aug99.jpg,Tomato_Early_blight_leaf,Tomato_leaf_late_blight,0.6492725610733032,0,1.5309534072875977,11.148847579956055,0.21248149871826172,12.896191596984863
dataset/test/Tomato_Early_blight_leaf/IMG_20251102_155853aug11.jpg,Tomato_Early_blight_leaf,Tomato_leaf_late_blight,0.9999785423278809,0,1.636861801147461,11.169144630432129,0.2109832763671875,13.020710945129395
dataset/test/Tomato_Early_blight_leaf/IMG_20251102_160046_aug_95aug70.jpg,Tomato_Early_blight_leaf,Tomato_Early_blight_leaf,0.9978554844856262,1,1.4960107803344727,11.155569076538086,0.21270465850830078,12.86839485168457
dataset/test/Tomato_Early_blight_leaf/IMG_20251102_160046_aug_96aug69.jpg,Tomato_Early_blight_leaf,Tomato_Early_blight_leaf,0.9059605002403259,1,1.5812883377075195,11.154681205749512,0.2525014877319336,12.991915702819824
dataset/test/Tomato_Early_blight_leaf/IMG_20251102_160046_aug_97aug67.jpg,Tomato_Early_blight_leaf,Tomato_Early_blight_leaf,0.9854597449302673,1,1.537139892578125,10.765029907226562,0.16283321380615234,12.467782020568848
dataset/test/Tomato_Early_blight_leaf/IMG_20251102_160046_aug_98aug68.jpg,Tomato_Early_blight_leaf,Tomato_Early_blight_leaf,0.9978043437004089,1,1.200098991394043,7.821530342102051,0.16611194610595703,9.190131187438965
dataset/test/Tomato_Early_blight_leaf/IMG_20251102_160046aug19.jpg,Tomato_Early_blight_leaf,Tomato_Early_blight_leaf,0.9993564486503601,1,1.0969696044921875,7.807845115661621,0.1652965545654297,9.072704315185547
dataset/test/Tomato_Early_blight_leaf/IMG_20251102_160055_aug_15aug53.jpg,Tomato_Early_blight_leaf,Tomato_Early_blight_leaf,1.0,1,1.081155776977539,7.8915863037109375,0.19848155975341797,9.174446105957031
dataset/test/Tomato_Early_blight_leaf/IMG_20251102_160055_aug_16aug55.jpg,Tomato_Early_blight_leaf,Tomato_Early_blight_leaf,0.9999997615814209,1,1.0607833862304688,7.856825828552246,0.17981624603271484,9.100537300109863
dataset/test/Tomato_Early_blight_leaf/IMG_20251102_160055_aug_17aug46.jpg,Tomato_Early_blight_leaf,Tomato_Early_blight_leaf,1.0,1,1.0690250396728516,7.912843704223633,0.1646871566772461,9.148945808410645
dataset/test/Tomato_Early_blight_leaf/IMG_20251102_160055_aug_18aug54.jpg,Tomato_Early_blight_leaf,Tomato_Early_blight_leaf,0.9999974966049194,1,1.0565996170043945,7.909234046936035,0.16576099395751953,9.134187698364258
dataset/test/Tomato_Early_blight_leaf/IMG_20251102_160055_aug_19aug52.jpg,Tomato_Early_blight_leaf,Tomato_Early_blight_leaf,0.9999998807907104,1,1.111063003540039,8.045327186584473,0.15781688690185547,9.316576957702637
dataset/test/Tomato_Early_blight_leaf/IMG_20251102_160055aug3.jpg,Tomato_Early_blight_leaf,Tomato_Early_blight_leaf,1.0,1,1.0518207550048828,7.7496232986450195,0.16809368133544922,8.972186088562012
dataset/test/Tomato_Early_blight_leaf/IMG_20251102_160217_aug_75aug82.jpg,Tomato_Early_blight_leaf,Tomato_Early_blight_leaf,0.9999998807907104,1,1.1748590469360352,7.736991882324219,0.16422271728515625,9.078907012939453
dataset/test/Tomato_Early_blight_leaf/IMG_20251102_160217_aug_76aug83.jpg,Tomato_Early_blight_leaf,Tomato_Early_blight_leaf,1.0,1,1.071192741394043,7.817975044250488,0.1646871566772461,9.056407928466797
dataset/test/Tomato_Early_blight_leaf/IMG_20251102_160217_aug_77aug90.jpg,Tomato_Early_blight_leaf,Tomato_Early_blight_leaf,0.9999986886978149,1,1.1193037033081055,7.8954010009765625,0.1657419204711914,9.183594703674316
dataset/test/Tomato_Early_blight_leaf/IMG_20251102_160217_aug_78aug81.jpg,Tomato_Early_blight_leaf,Tomato_Early_blight_leaf,0.9999998807907104,1,1.0927104949951172,8.59607219696045,0.1763162612915039,9.86782169342041
dataset/test/Tomato_Early_blight_leaf/IMG_20251102_160217_aug_79aug86.jpg,Tomato_Early_blight_leaf,Tomato_Early_blight_leaf,0.9999998807907104,1,1.1837482452392578,8.561016082763672,0.18907451629638672,9.936598777770996
dataset/test/Tomato_Early_blight_leaf/IMG_20251102_160217aug15.jpg,Tomato_Early_blight_leaf,Tomato_Early_blight_leaf,1.0,1,1.1343421936035156,8.509997367858887,0.17309284210205078,9.820155143737793
dataset/test/Tomato_Early_blight_leaf/IMG_20251102_160523_aug_50aug114.jpg,Tomato_Early_blight_leaf,Tomato_Early_blight_leaf,0.9998619556427002,1,1.191619873046875,8.63151741027832,0.17262935638427734,9.998563766479492
dataset/test/Tomato_Early_blight_leaf/IMG_20251102_160523_aug_51aug111.jpg,Tomato_Early_blight_leaf,Tomato_Early_blight_leaf,0.9999704360961914,1,1.1743955612182617,8.499737739562988,0.1731853485107422,9.849987030029297
dataset/test/Tomato_Early_blight_leaf/IMG_20251102_160523_aug_52aug112.jpg,Tomato_Early_blight_leaf,Tomato_Early_blight_leaf,0.9984937906265259,1,1.2403411865234375,9.224686622619629,0.17352008819580078,10.641806602478027
dataset/test/Tomato_Early_blight_leaf/IMG_20251102_160523_aug_53aug115.jpg,Tomato_Early_blight_leaf,Tomato_Early_blight_leaf,0.9999799728393555,1,1.1783971786499023,8.495681762695312,0.17416858673095703,9.85117244720459
dataset/test/Tomato_Early_blight_leaf/IMG_20251102_160523_aug_54aug113.jpg,Tomato_Early_blight_leaf,Tomato_Early_blight_leaf,0.9997301697731018,1,1.2146930694580078,8.557848930358887,0.17300128936767578,9.948655128479004
dataset/test/Tomato_Early_blight_leaf/IMG_20251102_160523aug10.jpg,Tomato_Early_blight_leaf,Tomato_Early_blight_leaf,0.9998751878738403,1,1.1846933364868164,9.443225860595703,0.17540740966796875,10.805973052978516
dataset/test/Tomato_Early_blight_leaf/IMG_20251102_161202_aug_45aug118.jpg,Tomato_Early_blight_leaf,Tomato_Early_blight_leaf,0.9992245435714722,1,1.254044532775879,10.029117584228516,0.21598339080810547,11.502480506896973
dataset/test/Tomato_Early_blight_leaf/IMG_20251102_161202_aug_46aug116.jpg,Tomato_Early_blight_leaf,Tomato_Early_blight_leaf,0.9992245435714722,1,1.7999544143676758,30.61543083190918,0.2696866989135742,32.68929576873779
dataset/test/Tomato_Early_blight_leaf/IMG_20251102_161202_aug_47aug117.jpg,Tomato_Early_blight_leaf,Tomato_Early_blight_leaf,0.9999836683273315,1,1.6095294952392578,14.966482162475586,0.2143707275390625,16.794177055358887
dataset/test/Tomato_Early_blight_leaf/IMG_20251102_161202_aug_48aug30.jpg,Tomato_Early_blight_leaf,Tomato_Early_blight_leaf,0.9999651908874512,1,1.5685272216796875,11.140253067016602,0.20659255981445312,12.918951034545898
dataset/test/Tomato_Early_blight_leaf/IMG_20251102_161202_aug_49aug119.jpg,Tomato_Early_blight_leaf,Tomato_Early_blight_leaf,0.9992029070854187,1,1.5611763000488281,11.15631103515625,0.21155738830566406,12.933116912841797
dataset/test/Tomato_Early_blight_leaf/IMG_20251102_161202aug9.jpg,Tomato_Early_blight_leaf,Tomato_Early_blight_leaf,0.9999605417251587,1,1.6247692108154297,11.076642036437988,0.22076129913330078,12.926690101623535
dataset/test/Tomato_Early_blight_leaf/early_blight_jpg.rf.1091c0a2a9a3da5b9ad688c89298614c_aug_80aug87.jpg,Tomato_Early_blight_leaf,Tomato_Early_blight_leaf,0.8796132206916809,1,1.5394725799560547,11.149198532104492,0.2127971649169922,12.904952049255371
dataset/test/Tomato_Early_blight_leaf/early_blight_jpg.rf.1091c0a2a9a3da5b9ad688c89298614c_aug_81aug84.jpg,Tomato_Early_blight_leaf,Tomato_Early_blight_leaf,0.812269389629364,1,1.3573970794677734,8.058363914489746,0.16907501220703125,9.587635040283203
dataset/test/Tomato_Early_blight_leaf/early_blight_jpg.rf.1091c0a2a9a3da5b9ad688c89298614c_aug_82aug89.jpg,Tomato_Early_blight_leaf,Tomato_Early_blight_leaf,0.9385371804237366,1,1.1649703979492188,7.830214500427246,0.16940879821777344,9.167983055114746
dataset/test/Tomato_Early_blight_leaf/early_blight_jpg.rf.1091c0a2a9a3da5b9ad688c89298614c_aug_83aug85.jpg,Tomato_Early_blight_leaf,Tomato_Early_blight_leaf,0.7984734773635864,1,1.1400070190429688,7.88221549987793,0.1657419204711914,9.190759658813477
dataset/test/Tomato_Early_blight_leaf/early_blight_jpg.rf.1091c0a2a9a3da5b9ad688c89298614c_aug_84aug88.jpg,Tomato_Early_blight_leaf,Tomato_Early_blight_leaf,0.9637947082519531,1,1.1151189804077148,8.139161109924316,0.16448307037353516,9.421299934387207
dataset/test/Tomato_Early_blight_leaf/early_blight_jpg.rf.1091c0a2a9a3da5b9ad688c89298614caug16.jpg,Tomato_Early_blight_leaf,Tomato_Early_blight_leaf,0.9111645221710205,1,1.0966730117797852,7.876438140869141,0.16501903533935547,9.141019821166992
dataset/test/Tomato_Healthy_leaf/20140818-tomato-sauce-vicky-wasik-1_jpg.rf.d3d9b4a0642e72ba76b40dbdfff8b9f7_aug_6aug50.jpg,Tomato_Healthy_leaf,Tomato_Healthy_leaf,1.0,1,1.1033401489257812,8.038993835449219,0.17546558380126953,9.320687294006348
dataset/test/Tomato_Healthy_leaf/20140818-tomato-sauce-vicky-wasik-1_jpg.rf.d3d9b4a0642e72ba76b40dbdfff8b9f7_aug_7aug56.jpg,Tomato_Healthy_leaf,Tomato_Healthy_leaf,1.0,1,1.06524658203125,7.888659477233887,0.16640853881835938,9.12281608581543
dataset/test/Tomato_Healthy_leaf/20140818-tomato-sauce-vicky-wasik-1_jpg.rf.d3d9b4a0642e72ba76b40dbdfff8b9f7aug3.jpg,Tomato_Healthy_leaf,Tomato_Healthy_leaf,0.9999996423721313,1,1.0509319305419922,8.059401512145996,0.16459369659423828,9.277705192565918
dataset/test/Tomato_Healthy_leaf/2015-09-17-01_aug_20aug110.jpg,Tomato_Healthy_leaf,Tomato_Healthy_leaf,0.9049036502838135,1,1.1222105026245117,7.982029914855957,0.16155719757080078,9.268354415893555
dataset/test/Tomato_Healthy_leaf/2015-09-17-01_aug_21aug114.jpg,Tomato_Healthy_leaf,Tomato_Healthy_leaf,0.9995638728141785,1,1.063542366027832,7.806344985961914,0.1892223358154297,9.062760353088379
dataset/test/Tomato_Healthy_leaf/2015-09-17-01aug10.jpg,Tomato_Healthy_leaf,Tomato_Healthy_leaf,0.9999737739562988,1,1.1925630569458008,7.842770576477051,0.1783161163330078,9.21653938293457
dataset/test/Tomato_Healthy_leaf/Basil_2Binfected_2Bby_2BTomato_2BSpotted_2BWilt_2BVirus_aug_2aug59.jpg,Tomato_Healthy_leaf,Tomato_Healthy_leaf,0.9600017666816711,1,2.026865005493164,8.2528657913208,0.17196369171142578,10.454620361328125
dataset/test/Tomato_Healthy_leaf/Basil_2Binfected_2Bby_2BTomato_2BSpotted_2BWilt_2BVirus_aug_3aug51.jpg,Tomato_Healthy_leaf,Tomato_Healthy_leaf,0.9819737672805786,1,1.1904335021972656,8.219828605651855,0.17594623565673828,9.588764190673828
dataset/test/Tomato_Healthy_leaf/Basil_2Binfected_2Bby_2BTomato_2BSpotted_2BWilt_2BVirusaug1.jpg,Tomato_Healthy_leaf,Tomato_Healthy_leaf,0.9844516515731812,1,1.1124334335327148,8.330737113952637,0.17175960540771484,9.617835998535156
dataset/test/Tomato_Healthy_leaf/Fig-2_aug_22aug102.jpg,Tomato_Healthy_leaf,Tomato_leaf_late_blight,0.6864646077156067,0,1.1402664184570312,8.244718551635742,0.17113113403320312,9.558873176574707
dataset/test/Tomato_Healthy_leaf/Fig-2_aug_23aug90.jpg,Tomato_Healthy_leaf,Tomato_leaf_late_blight,0.7157943844795227,0,1.1408214569091797,8.3213472366333,0.17020511627197266,9.635208129882812
dataset/test/Tomato_Healthy_leaf/Fig-2aug11.jpg,Tomato_Healthy_leaf,Tomato_leaf_late_blight,0.6459252834320068,0,1.1802482604980469,8.268829345703125,0.18087100982666016,9.633559226989746
dataset/test/Tomato_Healthy_leaf/HL_(103)aug39.jpg,Tomato_Healthy_leaf,Tomato_Healthy_leaf,0.999988317489624,1,1.1389703750610352,8.342569351196289,0.1774454116821289,9.662524223327637
dataset/test/Tomato_Healthy_leaf/HL_(118)_aug_38aug103.jpg,Tomato_Healthy_leaf,Tomato_Healthy_leaf,1.0,1,1.1286544799804688,8.394035339355469,0.17135334014892578,9.696671485900879
dataset/test/Tomato_Healthy_leaf/HL_(118)_aug_39aug104.jpg,Tomato_Healthy_leaf,Tomato_Healthy_leaf,0.9999997615814209,1,1.123154640197754,8.307904243469238,0.17046451568603516,9.60465145111084
dataset/test/Tomato_Healthy_leaf/HL_(118)aug19.jpg,Tomato_Healthy_leaf,Tomato_Healthy_leaf,1.0,1,1.1512479782104492,8.393996238708496,0.17268657684326172,9.720893859863281
dataset/test/Tomato_Healthy_leaf/HL_(165)_aug_28aug105.jpg,Tomato_Healthy_leaf,Tomato_Healthy_leaf,1.0,1,1.2067298889160156,10.736047744750977,0.2180194854736328,12.164335250854492
dataset/test/Tomato_Healthy_leaf/HL_(165)_aug_29aug91.jpg,Tomato_Healthy_leaf,Tomato_Healthy_leaf,0.9999874830245972,1,1.5578622817993164,11.073958396911621,0.2311697006225586,12.866765022277832
dataset/test/Tomato_Healthy_leaf/HL_(165)aug14.jpg,Tomato_Healthy_leaf,Tomato_Healthy_leaf,0.9999967813491821,1,1.513657569885254,11.124441146850586,0.21144676208496094,12.853209495544434
dataset/test/Tomato_Healthy_leaf/HL_(61)_aug_50aug83.jpg,Tomato_Healthy_leaf,Tomato_Healthy_leaf,0.993780791759491,1,1.5832328796386719,11.056032180786133,0.2070941925048828,12.849579811096191
dataset/test/Tomato_Healthy_leaf/HL_(61)_aug_51aug76.jpg,Tomato_Healthy_leaf,Tomato_Healthy_leaf,0.9981502294540405,1,1.4996566772460938,11.099032402038574,0.21161270141601562,12.813486099243164
dataset/test/Tomato_Healthy_leaf/HL_(61)aug25.jpg,Tomato_Healthy_leaf,Tomato_Healthy_leaf,0.956227719783783,1,1.5133237838745117,11.038143157958984,0.24879741668701172,12.804098129272461
dataset/test/Tomato_Healthy_leaf/HL_(62)aug36.jpg,Tomato_Healthy_leaf,Tomato_Healthy_leaf,0.9999653100967407,1,1.5243234634399414,11.204919815063477,0.2143726348876953,12.947081565856934
dataset/test/Tomato_Healthy_leaf/IMG_20251102_161618_aug_58aug71.jpg,Tomato_Healthy_leaf,Tomato_Healthy_leaf,0.9856398105621338,1,1.5653257369995117,8.680535316467285,0.17003822326660156,10.418880462646484
dataset/test/Tomato_Healthy_leaf/IMG_20251102_161618_aug_59aug63.jpg,Tomato_Healthy_leaf,Tomato_leaf_yellow_curl_virus,0.9443934559822083,0,1.2330265045166016,8.32225513458252,0.16970539093017578,9.727635383605957
dataset/test/Tomato_Healthy_leaf/IMG_20251102_161618aug29.jpg,Tomato_Healthy_leaf,Tomato_leaf_yellow_curl_virus,0.9732431173324585,0,1.2355995178222656,8.121512413024902,0.1715564727783203,9.53122615814209
dataset/test/Tomato_Healthy_leaf/IMG_20251102_161625aug44.jpg,Tomato_Healthy_leaf,Tomato_Healthy_leaf,0.9998338222503662,1,1.1960439682006836,8.542885780334473,0.17151927947998047,9.912912368774414
dataset/test/Tomato_Healthy_leaf/IMG_20251102_161629_aug_10aug115.jpg,Tomato_Healthy_leaf,Tomato_Healthy_leaf,0.9999898672103882,1,1.1825075149536133,8.174254417419434,0.18476009368896484,9.54422664642334
dataset/test/Tomato_Healthy_leaf/IMG_20251102_161629_aug_11aug109.jpg,Tomato_Healthy_leaf,Tomato_Healthy_leaf,0.9999885559082031,1,1.137099266052246,8.58312702178955,0.17063140869140625,9.893376350402832
dataset/test/Tomato_Healthy_leaf/IMG_20251102_161629aug5.jpg,Tomato_Healthy_leaf,Tomato_Healthy_leaf,0.9998894929885864,1,1.1386165618896484,8.204922676086426,0.17955684661865234,9.526947975158691
dataset/test/Tomato_Healthy_leaf/IMG_20251102_161652aug43.jpg,Tomato_Healthy_leaf,Tomato_Healthy_leaf,0.9873260259628296,1,1.1865453720092773,8.462681770324707,0.1698904037475586,9.821579933166504
dataset/test/Tomato_Healthy_leaf/IMG_20251102_161826_aug_60aug68.jpg,Tomato_Healthy_leaf,Tomato_Healthy_leaf,0.9999505281448364,1,1.225804328918457,8.202160835266113,0.16888904571533203,9.600022315979004
dataset/test/Tomato_Healthy_leaf/IMG_20251102_161826_aug_61aug62.jpg,Tomato_Healthy_leaf,Tomato_Healthy_leaf,0.9998615980148315,1,1.1458768844604492,8.190237045288086,0.16892623901367188,9.507503509521484
dataset/test/Tomato_Healthy_leaf/IMG_20251102_161826aug30.jpg,Tomato_Healthy_leaf,Tomato_Healthy_leaf,0.9994043111801147,1,1.188192367553711,8.579015731811523,0.1712789535522461,9.94196891784668
dataset/test/Tomato_Healthy_leaf/IMG_20251102_161850_aug_56aug74.jpg,Tomato_Healthy_leaf,Tomato_leaf_yellow_curl_virus,0.9780057072639465,0,1.1453771591186523,8.225736618041992,0.16922283172607422,9.543132781982422
dataset/test/Tomato_Healthy_leaf/IMG_20251102_161850_aug_57aug72.jpg,Tomato_Healthy_leaf,Tomato_Healthy_leaf,0.9910668730735779,1,1.1160993576049805,8.212217330932617,0.16544532775878906,9.496281623840332
dataset/test/Tomato_Healthy_leaf/IMG_20251102_161850aug28.jpg,Tomato_Healthy_leaf,Tomato_Healthy_leaf,0.9947299957275391,1,1.1507654190063477,8.140753746032715,0.166168212890625,9.460040092468262
dataset/test/Tomato_Healthy_leaf/IMG_20251102_161859aug38.jpg,Tomato_Healthy_leaf,Tomato_Healthy_leaf,0.9999983310699463,1,1.1745805740356445,8.11473560333252,0.17175960540771484,9.463874816894531
dataset/test/Tomato_Healthy_leaf/IMG_20251102_161935_aug_4aug55.jpg,Tomato_Healthy_leaf,Tomato_Healthy_leaf,0.9999990463256836,1,1.159895896911621,8.074087142944336,0.20979785919189453,9.446836471557617
dataset/test/Tomato_Healthy_leaf/IMG_20251102_161935_aug_5aug53.jpg,Tomato_Healthy_leaf,Tomato_Healthy_leaf,0.9999967813491821,1,1.114969253540039,8.212420463562012,0.16874122619628906,9.498485565185547
dataset/test/Tomato_Healthy_leaf/IMG_20251102_161935aug2.jpg,Tomato_Healthy_leaf,Tomato_Healthy_leaf,0.9999995231628418,1,1.170395851135254,8.437108039855957,0.17092609405517578,9.78076457977295
dataset/test/Tomato_Healthy_leaf/IMG_20251102_162037aug45.jpg,Tomato_Healthy_leaf,Tomato_Healthy_leaf,0.9863798022270203,1,1.2008962631225586,8.198513984680176,0.1790752410888672,9.58183765411377
dataset/test/Tomato_Healthy_leaf/h100_lower_aug_54aug73.jpg,Tomato_Healthy_leaf,Tomato_Healthy_leaf,0.999998927116394,1,1.1308040618896484,8.19449520111084,0.17611217498779297,9.504595756530762
dataset/test/Tomato_Healthy_leaf/h100_lower_aug_55aug75.jpg,Tomato_Healthy_leaf,Tomato_Healthy_leaf,0.9999881982803345,1,1.129044532775879,8.519553184509277,0.17331504821777344,9.825079917907715
dataset/test/Tomato_Healthy_leaf/h100_loweraug27.jpg,Tomato_Healthy_leaf,Tomato_Healthy_leaf,0.9999969005584717,1,1.1347837448120117,8.320680618286133,0.17898178100585938,9.637744903564453
dataset/test/Tomato_Healthy_leaf/h101_aug_18aug119.jpg,Tomato_Healthy_leaf,Tomato_Healthy_leaf,0.9999954700469971,1,1.147822380065918,8.486015319824219,0.17316722869873047,9.809709548950195
dataset/test/Tomato_Healthy_leaf/h101_aug_19aug116.jpg,Tomato_Healthy_leaf,Tomato_Healthy_leaf,0.9999872446060181,1,1.1878042221069336,8.370200157165527,0.16992664337158203,9.7310791015625
dataset/test/Tomato_Healthy_leaf/h101aug9.jpg,Tomato_Healthy_leaf,Tomato_Healthy_leaf,0.9999698400497437,1,1.1339893341064453,8.354534149169922,0.16090869903564453,9.65220832824707
dataset/test/Tomato_Healthy_leaf/h103_aug_42aug82.jpg,Tomato_Healthy_leaf,Tomato_Healthy_leaf,0.9999983310699463,1,1.141580581665039,8.298811912536621,0.16324138641357422,9.60665225982666
dataset/test/Tomato_Healthy_leaf/h103_aug_43aug77.jpg,Tomato_Healthy_leaf,Tomato_Healthy_leaf,0.999997615814209,1,1.0977106094360352,8.155290603637695,0.1712779998779297,9.427114486694336
dataset/test/Tomato_Healthy_leaf/h103aug21.jpg,Tomato_Healthy_leaf,Tomato_Healthy_leaf,0.9999902248382568,1,1.1282281875610352,8.196551322937012,0.17194557189941406,9.49996566772461
dataset/test/Tomato_Healthy_leaf/h1_change_90_aug_12aug118.jpg,Tomato_Healthy_leaf,Tomato_Healthy_leaf,0.9999746084213257,1,1.253230094909668,8.465274810791016,0.17150115966796875,9.893025398254395
dataset/test/Tomato_Healthy_leaf/h1_change_90_aug_13aug108.jpg,Tomato_Healthy_leaf,Tomato_Healthy_leaf,0.9999967813491821,1,1.1390981674194336,8.260902404785156,0.17261123657226562,9.575597763061523
dataset/test/Tomato_Healthy_leaf/h1_change_90aug6.jpg,Tomato_Healthy_leaf,Tomato_Healthy_leaf,0.9999991655349731,1,1.1838035583496094,8.262552261352539,0.16838932037353516,9.61728286743164
dataset/test/Tomato_Healthy_leaf/h39_change_270aug48.jpg,Tomato_Healthy_leaf,Tomato_Healthy_leaf,0.9999970197677612,1,1.1326541900634766,8.63818359375,0.1806316375732422,9.9546537399292
dataset/test/Tomato_Healthy_leaf/h39_hight_aug_40aug96.jpg,Tomato_Healthy_leaf,Tomato_Healthy_leaf,0.9999994039535522,1,1.1835269927978516,8.603460311889648,0.17444610595703125,9.964006423950195
dataset/test/Tomato_Healthy_leaf/h39_hight_aug_41aug98.jpg,Tomato_Healthy_leaf,Tomato_Healthy_leaf,0.9999960660934448,1,1.1393213272094727,8.477422714233398,0.1705760955810547,9.790078163146973
dataset/test/Tomato_Healthy_leaf/h39_hightaug20.jpg,Tomato_Healthy_leaf,Tomato_Healthy_leaf,0.9986973404884338,1,1.143136978149414,8.504312515258789,0.17892837524414062,9.829894065856934
dataset/test/Tomato_Healthy_leaf/h39_lower_aug_30aug95.jpg,Tomato_Healthy_leaf,Tomato_Healthy_leaf,0.9827799797058105,1,1.163747787475586,8.50333023071289,0.17401981353759766,9.843467712402344
dataset/test/Tomato_Healthy_leaf/h39_lower_aug_31aug89.jpg,Tomato_Healthy_leaf,Tomato_Healthy_leaf,0.999121367931366,1,1.1656370162963867,8.48962688446045,0.2049274444580078,9.862931251525879
dataset/test/Tomato_Healthy_leaf/h39_loweraug15.jpg,Tomato_Healthy_leaf,Tomato_Healthy_leaf,0.9999595880508423,1,1.1493024826049805,8.514163970947266,0.18059444427490234,9.846487045288086
dataset/test/Tomato_Healthy_leaf/h3_aug_8aug57.jpg,Tomato_Healthy_leaf,Tomato_Healthy_leaf,1.0,1,1.144822120666504,8.44105339050293,0.18249988555908203,9.77157974243164
dataset/test/Tomato_Healthy_leaf/h3_aug_9aug54.jpg,Tomato_Healthy_leaf,Tomato_Healthy_leaf,1.0,1,1.185154914855957,8.536942481994629,0.1861114501953125,9.911376953125
dataset/test/Tomato_Healthy_leaf/h3_mirror_aug_52aug84.jpg,Tomato_Healthy_leaf,Tomato_Healthy_leaf,0.9999998807907104,1,1.1485986709594727,8.511553764343262,0.17168617248535156,9.834598541259766
dataset/test/Tomato_Healthy_leaf/h3_mirror_aug_53aug80.jpg,Tomato_Healthy_leaf,Tomato_Healthy_leaf,1.0,1,1.189840316772461,8.506922721862793,0.17227745056152344,9.871448516845703
dataset/test/Tomato_Healthy_leaf/h3_mirroraug26.jpg,Tomato_Healthy_leaf,Tomato_Healthy_leaf,1.0,1,1.1137847900390625,8.348884582519531,0.17098236083984375,9.636209487915039
dataset/test/Tomato_Healthy_leaf/h3aug4.jpg,Tomato_Healthy_leaf,Tomato_Healthy_leaf,0.9999998807907104,1,1.1603593826293945,8.359903335571289,0.162872314453125,9.685746192932129
dataset/test/Tomato_Healthy_leaf/h45_mirror_verticalaug42.jpg,Tomato_Healthy_leaf,Tomato_Healthy_leaf,0.9999953508377075,1,1.1240816116333008,8.168476104736328,0.18044662475585938,9.475502967834473
dataset/test/Tomato_Healthy_leaf/h49_change_90aug49.jpg,Tomato_Healthy_leaf,Tomato_Healthy_leaf,1.0,1,1.2071380615234375,8.226458549499512,0.1700754165649414,9.606115341186523
dataset/test/Tomato_Healthy_leaf/h50_hight_aug_68aug69.jpg,Tomato_Healthy_leaf,Tomato_Healthy_leaf,0.9999107122421265,1,1.1664152145385742,8.150124549865723,0.17964935302734375,9.49939250946045
dataset/test/Tomato_Healthy_leaf/h50_hight_aug_69aug61.jpg,Tomato_Healthy_leaf,Tomato_Healthy_leaf,0.9999823570251465,1,1.0973405838012695,8.241682052612305,0.17875957489013672,9.521468162536621
dataset/test/Tomato_Healthy_leaf/h50_hightaug34.jpg,Tomato_Healthy_leaf,Tomato_Healthy_leaf,0.9997511506080627,1,1.1309890747070312,8.294458389282227,0.18285274505615234,9.611652374267578
dataset/test/Tomato_Healthy_leaf/h50_lower_aug_66aug65.jpg,Tomato_Healthy_leaf,Tomato_Healthy_leaf,0.9999935626983643,1,1.105748176574707,8.33521842956543,0.1777973175048828,9.622299194335938
dataset/test/Tomato_Healthy_leaf/h50_lower_aug_67aug70.jpg,Tomato_Healthy_leaf,Tomato_Healthy_leaf,0.9998537302017212,1,1.110672950744629,8.326553344726562,0.17048263549804688,9.610503196716309
dataset/test/Tomato_Healthy_leaf/h50_loweraug33.jpg,Tomato_Healthy_leaf,Tomato_Healthy_leaf,0.9997336268424988,1,1.1394147872924805,8.270143508911133,0.16948223114013672,9.582021713256836
dataset/test/Tomato_Healthy_leaf/h50_mirror_vertical_aug_24aug111.jpg,Tomato_Healthy_leaf,Tomato_Healthy_leaf,0.9999752044677734,1,1.1004323959350586,9.693318367004395,0.20948123931884766,11.006826400756836
dataset/test/Tomato_Healthy_leaf/h50_mirror_vertical_aug_25aug100.jpg,Tomato_Healthy_leaf,Tomato_Healthy_leaf,0.9999760389328003,1,1.503361701965332,11.623591423034668,0.21109390258789062,13.341472625732422
dataset/test/Tomato_Healthy_leaf/h50_mirror_verticalaug12.jpg,Tomato_Healthy_leaf,Tomato_Healthy_leaf,0.999977707862854,1,1.4633235931396484,11.075087547302246,0.20753860473632812,12.749524116516113
dataset/test/Tomato_Healthy_leaf/h50aug37.jpg,Tomato_Healthy_leaf,Tomato_Healthy_leaf,0.9999997615814209,1,1.4443607330322266,11.076106071472168,0.2119455337524414,12.736209869384766
dataset/test/Tomato_Healthy_leaf/h5_mirroraug41.jpg,Tomato_Healthy_leaf,Tomato_Healthy_leaf,1.0,1,1.5029726028442383,11.765090942382812,0.21329784393310547,13.484620094299316
dataset/test/Tomato_Healthy_leaf/h65_mirror_vertical_aug_26aug97.jpg,Tomato_Healthy_leaf,Tomato_Healthy_leaf,0.9999494552612305,1,1.449620246887207,11.144050598144531,0.2126302719116211,12.80994987487793
dataset/test/Tomato_Healthy_leaf/h65_mirror_vertical_aug_27aug106.jpg,Tomato_Healthy_leaf,Tomato_Healthy_leaf,0.9999533891677856,1,1.4557867050170898,12.365391731262207,0.20807552337646484,14.032829284667969
dataset/test/Tomato_Healthy_leaf/h65_mirror_verticalaug13.jpg,Tomato_Healthy_leaf,Tomato_Healthy_leaf,0.9999586343765259,1,1.486379623413086,11.159773826599121,0.21172237396240234,12.861302375793457
dataset/test/Tomato_Healthy_leaf/h71_mirror_aug_62aug66.jpg,Tomato_Healthy_leaf,Tomato_Healthy_leaf,0.9999967813491821,1,1.7435293197631836,18.746542930603027,0.1728353500366211,20.665905952453613
dataset/test/Tomato_Healthy_leaf/h71_mirror_aug_63aug67.jpg,Tomato_Healthy_leaf,Tomato_Healthy_leaf,0.9998865127563477,1,1.10052490234375,12.94400691986084,0.17027854919433594,14.217458724975586
dataset/test/Tomato_Healthy_leaf/h71_mirroraug31.jpg,Tomato_Healthy_leaf,Tomato_Healthy_leaf,0.9999997615814209,1,1.1149702072143555,7.995419502258301,0.1652050018310547,9.278669357299805
dataset/test/Tomato_Healthy_leaf/h76_hight_aug_34aug88.jpg,Tomato_Healthy_leaf,Tomato_Healthy_leaf,0.9999996423721313,1,1.0595245361328125,7.982641220092773,0.1677236557006836,9.212650299072266
dataset/test/Tomato_Healthy_leaf/h76_hight_aug_35aug93.jpg,Tomato_Healthy_leaf,Tomato_Healthy_leaf,0.9999997615814209,1,1.0773954391479492,7.931735992431641,0.1660938262939453,9.178093910217285
dataset/test/Tomato_Healthy_leaf/h76_hightaug17.jpg,Tomato_Healthy_leaf,Tomato_Healthy_leaf,0.9999997615814209,1,1.1286001205444336,7.974252700805664,0.1740560531616211,9.2801513671875
dataset/test/Tomato_Healthy_leaf/h78_change_270_aug_36aug94.jpg,Tomato_Healthy_leaf,Tomato_Healthy_leaf,0.9999872446060181,1,1.0760431289672852,7.802938461303711,0.17329788208007812,9.055241584777832
dataset/test/Tomato_Healthy_leaf/h78_change_270_aug_37aug99.jpg,Tomato_Healthy_leaf,Tomato_Healthy_leaf,0.9999996423721313,1,1.0956354141235352,7.935790061950684,0.16629695892333984,9.200334548950195
dataset/test/Tomato_Healthy_leaf/h78_change_270aug18.jpg,Tomato_Healthy_leaf,Tomato_Healthy_leaf,0.9999957084655762,1,1.0839509963989258,7.784419059753418,0.16372203826904297,9.034629821777344
dataset/test/Tomato_Healthy_leaf/h7_lower_aug_44aug87.jpg,Tomato_Healthy_leaf,Tomato_Healthy_leaf,0.99992835521698,1,1.1367483139038086,7.840327262878418,0.17161273956298828,9.151223182678223
dataset/test/Tomato_Healthy_leaf/h7_lower_aug_45aug79.jpg,Tomato_Healthy_leaf,Tomato_Healthy_leaf,0.9998586177825928,1,1.2693777084350586,8.191347122192383,0.1725006103515625,9.635818481445312
dataset/test/Tomato_Healthy_leaf/h7_loweraug22.jpg,Tomato_Healthy_leaf,Tomato_Healthy_leaf,0.9999901056289673,1,1.1716194152832031,8.16777229309082,0.21900177001953125,9.561578750610352
dataset/test/Tomato_Healthy_leaf/h81_change_180_aug_16aug113.jpg,Tomato_Healthy_leaf,Tomato_Healthy_leaf,0.9999998807907104,1,1.1330442428588867,8.256550788879395,0.17629623413085938,9.569114685058594
dataset/test/Tomato_Healthy_leaf/h81_change_180_aug_17aug117.jpg,Tomato_Healthy_leaf,Tomato_Healthy_leaf,0.9999998807907104,1,1.1482658386230469,8.318699836730957,0.17611217498779297,9.645910263061523
dataset/test/Tomato_Healthy_leaf/h81_change_180aug8.jpg,Tomato_Healthy_leaf,Tomato_Healthy_leaf,1.0,1,1.1810808181762695,8.318034172058105,0.18355560302734375,9.685633659362793
dataset/test/Tomato_Healthy_leaf/h84_mirroraug40.jpg,Tomato_Healthy_leaf,Tomato_Healthy_leaf,1.0,1,1.1859893798828125,8.420125961303711,0.1696319580078125,9.778672218322754
dataset/test/Tomato_Healthy_leaf/h8_change_90aug35.jpg,Tomato_Healthy_leaf,Tomato_Healthy_leaf,0.999974250793457,1,1.134099006652832,8.397940635681152,0.1699085235595703,9.704708099365234
dataset/test/Tomato_Healthy_leaf/h95_mirror_verticalaug46.jpg,Tomato_Healthy_leaf,Tomato_Healthy_leaf,0.9932214021682739,1,1.1317663192749023,8.398053169250488,0.17911243438720703,9.712152481079102
dataset/test/Tomato_Healthy_leaf/h96_change_270aug47.jpg,Tomato_Healthy_leaf,Tomato_Healthy_leaf,0.9999600648880005,1,1.1350822448730469,8.310587882995605,0.18137264251708984,9.630393981933594
dataset/test/Tomato_Healthy_leaf/h96_mirror_vertical_aug_14aug107.jpg,Tomato_Healthy_leaf,Tomato_Healthy_leaf,0.9999973773956299,1,1.1720085144042969,8.590164184570312,0.1701488494873047,9.935229301452637
dataset/test/Tomato_Healthy_leaf/h96_mirror_vertical_aug_15aug112.jpg,Tomato_Healthy_leaf,Tomato_Healthy_leaf,0.9999963045120239,1,1.1243772506713867,9.229020118713379,0.17079734802246094,10.526991844177246
dataset/test/Tomato_Healthy_leaf/h96_mirror_verticalaug7.jpg,Tomato_Healthy_leaf,Tomato_Healthy_leaf,0.9999948740005493,1,1.1237115859985352,8.397385597229004,0.18174171447753906,9.706189155578613
dataset/test/Tomato_Healthy_leaf/h99_hight_aug_32aug92.jpg,Tomato_Healthy_leaf,Tomato_Healthy_leaf,0.9999532699584961,1,1.1584148406982422,8.310941696166992,0.16918563842773438,9.64172649383545
dataset/test/Tomato_Healthy_leaf/h99_hight_aug_33aug101.jpg,Tomato_Healthy_leaf,Tomato_Healthy_leaf,0.999923586845398,1,1.1689882278442383,8.320570945739746,0.16631507873535156,9.658802032470703
dataset/test/Tomato_Healthy_leaf/h99_hightaug16.jpg,Tomato_Healthy_leaf,Tomato_Healthy_leaf,0.9994316697120667,1,1.1312103271484375,8.381293296813965,0.16733455657958984,9.682485580444336
dataset/test/Tomato_Healthy_leaf/h99_lower_aug_46aug78.jpg,Tomato_Healthy_leaf,Tomato_Healthy_leaf,0.9998859167098999,1,1.1605987548828125,8.183661460876465,0.17889022827148438,9.526337623596191
dataset/test/Tomato_Healthy_leaf/h99_lower_aug_47aug81.jpg,Tomato_Healthy_leaf,Tomato_Healthy_leaf,0.9999614953994751,1,1.2455081939697266,8.18614387512207,0.17168712615966797,9.606708526611328
dataset/test/Tomato_Healthy_leaf/h99_loweraug23.jpg,Tomato_Healthy_leaf,Tomato_Healthy_leaf,0.9999065399169922,1,1.2181015014648438,8.228791236877441,0.16977882385253906,9.619466781616211
dataset/test/Tomato_Healthy_leaf/h9_change_180_aug_48aug86.jpg,Tomato_Healthy_leaf,Tomato_Healthy_leaf,0.9999998807907104,1,1.1724328994750977,8.262199401855469,0.17011165618896484,9.607097625732422
dataset/test/Tomato_Healthy_leaf/h9_change_180_aug_49aug85.jpg,Tomato_Healthy_leaf,Tomato_Healthy_leaf,0.9999990463256836,1,1.1778783798217773,8.437774658203125,0.17326068878173828,9.791987419128418
dataset/test/Tomato_Healthy_leaf/h9_change_180aug24.jpg,Tomato_Healthy_leaf,Tomato_Healthy_leaf,0.9999984502792358,1,1.1690073013305664,8.434459686279297,0.17246437072753906,9.778894424438477
dataset/test/Tomato_Healthy_leaf/russian-2-319-dt-2010-leaves-high-tunnel-9-29-2014-c_jpg.rf.7ef5d3901dbeaf27776a27bfc8197b72_aug_0aug52.jpg,Tomato_Healthy_leaf,Tomato_Healthy_leaf,0.9983702301979065,1,1.2151737213134766,8.483053207397461,0.18303871154785156,9.884932518005371
dataset/test/Tomato_Healthy_leaf/russian-2-319-dt-2010-leaves-high-tunnel-9-29-2014-c_jpg.rf.7ef5d3901dbeaf27776a27bfc8197b72_aug_1aug58.jpg,Tomato_Healthy_leaf,Tomato_Healthy_leaf,0.9971709847450256,1,1.3253593444824219,8.459754943847656,0.18052005767822266,9.96893310546875
dataset/test/Tomato_Healthy_leaf/russian-2-319-dt-2010-leaves-high-tunnel-9-29-2014-c_jpg.rf.7ef5d3901dbeaf27776a27bfc8197b72aug0.jpg,Tomato_Healthy_leaf,Tomato_Healthy_leaf,0.9954689741134644,1,1.2253589630126953,8.588460922241211,0.17990875244140625,9.996987342834473
dataset/test/Tomato_Healthy_leaf/unnamed_aug_64aug64.jpg,Tomato_Healthy_leaf,Tomato_Healthy_leaf,1.0,1,1.1796560287475586,8.485496520996094,0.1728353500366211,9.840801239013672
dataset/test/Tomato_Healthy_leaf/unnamed_aug_65aug60.jpg,Tomato_Healthy_leaf,Tomato_Healthy_leaf,0.9999997615814209,1,1.1297473907470703,8.551850318908691,0.1732044219970703,9.857505798339844
dataset/test/Tomato_Healthy_leaf/unnamedaug32.jpg,Tomato_Healthy_leaf,Tomato_Healthy_leaf,0.9999997615814209,1,1.1421928405761719,8.531774520874023,0.1734638214111328,9.850024223327637
dataset/test/Tomato_Septoria_leaf_spot/1723454507354_aug_44aug83.jpg,Tomato_Septoria_leaf_spot,Tomato_Septoria_leaf_spot,0.9703850150108337,1,1.1393585205078125,8.443384170532227,0.18590831756591797,9.771782875061035
dataset/test/Tomato_Septoria_leaf_spot/1723454507354_aug_45aug80.jpg,Tomato_Septoria_leaf_spot,Tomato_Early_blight_leaf,0.7570186257362366,0,1.136784553527832,8.506033897399902,0.2068157196044922,9.853006362915039
dataset/test/Tomato_Septoria_leaf_spot/1723454507354aug22.jpg,Tomato_Septoria_leaf_spot,Tomato_Early_blight_leaf,0.8403856754302979,0,1.1379528045654297,8.397644996643066,0.17020511627197266,9.708486557006836
dataset/test/Tomato_Septoria_leaf_spot/1723454507465_aug_58aug67.jpg,Tomato_Septoria_leaf_spot,Tomato_mold_leaf,0.5036503076553345,0,1.142913818359375,9.07309341430664,0.2073354721069336,10.426361083984375
dataset/test/Tomato_Septoria_leaf_spot/1723454507465_aug_59aug66.jpg,Tomato_Septoria_leaf_spot,Tomato_mold_leaf,0.7695589661598206,0,1.5142688751220703,11.112772941589355,0.21187114715576172,12.842486381530762
dataset/test/Tomato_Septoria_leaf_spot/1723454507465aug29.jpg,Tomato_Septoria_leaf_spot,Tomato_mold_leaf,0.6852607131004333,0,1.5055475234985352,11.179200172424316,0.2191324234008789,12.908098220825195
dataset/test/Tomato_Septoria_leaf_spot/5454635393351680.jpeg_aug_14aug115.jpg,Tomato_Septoria_leaf_spot,Tomato_Septoria_leaf_spot,0.9901484251022339,1,1.4970645904541016,11.542386054992676,0.22022438049316406,13.263379096984863
dataset/test/Tomato_Septoria_leaf_spot/5454635393351680.jpeg_aug_15aug46.jpg,Tomato_Septoria_leaf_spot,Tomato_Septoria_leaf_spot,0.9022014737129211,1,1.6001214981079102,10.890530586242676,0.2614269256591797,12.755024909973145
dataset/test/Tomato_Septoria_leaf_spot/5454635393351680.jpegaug7.jpg,Tomato_Septoria_leaf_spot,Tomato_Septoria_leaf_spot,0.9872143268585205,1,1.5741758346557617,11.651202201843262,0.213409423828125,13.442102432250977
dataset/test/Tomato_Septoria_leaf_spot/6134794031202304-600x272-jpeg_jpg.rf.5482c323fe160b26426628094ae3646baug42.jpg,Tomato_Septoria_leaf_spot,Tomato_Septoria_leaf_spot,0.9999781847000122,1,1.5092506408691406,11.054308891296387,0.22366809844970703,12.79113483428955
dataset/test/Tomato_Septoria_leaf_spot/66e7583ebe11cf0bd06435e4167bd4fdaug41.jpg,Tomato_Septoria_leaf_spot,Tomato_Septoria_leaf_spot,0.9999996423721313,1,1.483306884765625,11.517366409301758,0.2155752182006836,13.219786643981934
dataset/test/Tomato_Septoria_leaf_spot/8_20mistakes_204_aug_72aug61.jpg,Tomato_Septoria_leaf_spot,Tomato_leaf_yellow_curl_virus,0.524616003036499,0,1.5241031646728516,9.773320198059082,0.1706676483154297,11.472016334533691
dataset/test/Tomato_Septoria_leaf_spot/8_20mistakes_204_aug_73aug62.jpg,Tomato_Septoria_leaf_spot,Tomato_leaf_yellow_curl_virus,0.8798046112060547,0,1.1792106628417969,7.811603546142578,0.16455745697021484,9.15809440612793
dataset/test/Tomato_Septoria_leaf_spot/8_20mistakes_204aug36.jpg,Tomato_Septoria_leaf_spot,Tomato_leaf_yellow_curl_virus,0.5793473124504089,0,1.0883588790893555,7.883660316467285,0.16535377502441406,9.140241622924805
dataset/test/Tomato_Septoria_leaf_spot/Gls11_mirror_vertical_aug_42aug85.jpg,Tomato_Septoria_leaf_spot,Tomato_Septoria_leaf_spot,0.9324040412902832,1,1.0648765563964844,7.933254241943359,0.1693897247314453,9.169981002807617
dataset/test/Tomato_Septoria_leaf_spot/Gls11_mirror_vertical_aug_43aug86.jpg,Tomato_Septoria_leaf_spot,Tomato_Septoria_leaf_spot,0.8924704194068909,1,1.0767841339111328,7.876123428344727,0.16907596588134766,9.124833106994629
dataset/test/Tomato_Septoria_leaf_spot/Gls11_mirror_verticalaug21.jpg,Tomato_Septoria_leaf_spot,Tomato_Septoria_leaf_spot,0.9915374517440796,1,1.1257658004760742,7.922289848327637,0.16646385192871094,9.217334747314453
dataset/test/Tomato_Septoria_leaf_spot/Gls12_mirror_aug_46aug81.jpg,Tomato_Septoria_leaf_spot,Tomato_Septoria_leaf_spot,0.9999995231628418,1,1.0720062255859375,8.303051948547363,0.16552066802978516,9.542856216430664
dataset/test/Tomato_Septoria_leaf_spot/Gls12_mirror_aug_47aug92.jpg,Tomato_Septoria_leaf_spot,Tomato_Septoria_leaf_spot,0.9999990463256836,1,1.0863590240478516,7.921567916870117,0.16413116455078125,9.175314903259277
dataset/test/Tomato_Septoria_leaf_spot/Gls12_mirroraug23.jpg,Tomato_Septoria_leaf_spot,Tomato_Septoria_leaf_spot,0.9999985694885254,1,1.0978765487670898,8.006253242492676,0.20866870880126953,9.316391944885254
dataset/test/Tomato_Septoria_leaf_spot/Gls1_mirror_aug_38aug82.jpg,Tomato_Septoria_leaf_spot,Tomato_Septoria_leaf_spot,0.9957002401351929,1,1.1252660751342773,7.997289657592773,0.16257572174072266,9.28746509552002
dataset/test/Tomato_Septoria_leaf_spot/Gls1_mirror_aug_39aug84.jpg,Tomato_Septoria_leaf_spot,Tomato_Septoria_leaf_spot,0.9999619722366333,1,1.0999507904052734,7.809160232543945,0.16776084899902344,9.080111503601074
dataset/test/Tomato_Septoria_leaf_spot/Gls1_mirroraug19.jpg,Tomato_Septoria_leaf_spot,Tomato_Septoria_leaf_spot,0.9988441467285156,1,1.1047468185424805,7.976808547973633,0.16803836822509766,9.252371788024902
dataset/test/Tomato_Septoria_leaf_spot/Gls21_change_270aug43.jpg,Tomato_Septoria_leaf_spot,Tomato_Septoria_leaf_spot,0.9868624210357666,1,1.15045166015625,8.082160949707031,0.16777896881103516,9.403280258178711
dataset/test/Tomato_Septoria_leaf_spot/Gls21_hight_aug_56aug78.jpg,Tomato_Septoria_leaf_spot,Tomato_Septoria_leaf_spot,0.999992847442627,1,1.099024772644043,8.181290626525879,0.17011165618896484,9.45331859588623
dataset/test/Tomato_Septoria_leaf_spot/Gls21_hight_aug_57aug79.jpg,Tomato_Septoria_leaf_spot,Tomato_Septoria_leaf_spot,0.999992847442627,1,1.1400442123413086,8.179235458374023,0.17763137817382812,9.50039291381836
dataset/test/Tomato_Septoria_leaf_spot/Gls21_hightaug28.jpg,Tomato_Septoria_leaf_spot,Tomato_Septoria_leaf_spot,0.9999773502349854,1,1.1051740646362305,8.232069969177246,0.17911148071289062,9.519449234008789
dataset/test/Tomato_Septoria_leaf_spot/Gls29_change_180_aug_40aug89.jpg,Tomato_Septoria_leaf_spot,Tomato_Septoria_leaf_spot,0.9999783039093018,1,1.123784065246582,8.19131088256836,0.20177841186523438,9.51926326751709
dataset/test/Tomato_Septoria_leaf_spot/Gls29_change_180_aug_41aug91.jpg,Tomato_Septoria_leaf_spot,Tomato_Septoria_leaf_spot,0.9999192953109741,1,1.0997295379638672,8.3180513381958,0.16766738891601562,9.588299751281738
dataset/test/Tomato_Septoria_leaf_spot/Gls29_change_180aug20.jpg,Tomato_Septoria_leaf_spot,Tomato_Septoria_leaf_spot,0.9999935626983643,1,1.1063203811645508,8.217309951782227,0.17174053192138672,9.497780799865723
dataset/test/Tomato_Septoria_leaf_spot/Gls36_hight_aug_20aug116.jpg,Tomato_Septoria_leaf_spot,Tomato_Septoria_leaf_spot,0.9992740750312805,1,1.121006965637207,8.165773391723633,0.17140769958496094,9.460744857788086
dataset/test/Tomato_Septoria_leaf_spot/Gls36_hight_aug_21aug118.jpg,Tomato_Septoria_leaf_spot,Tomato_Septoria_leaf_spot,0.9972645044326782,1,1.082413673400879,8.460867881774902,0.1690378189086914,9.715282440185547
dataset/test/Tomato_Septoria_leaf_spot/Gls36_hightaug10.jpg,Tomato_Septoria_leaf_spot,Tomato_Septoria_leaf_spot,0.9987188577651978,1,1.0804691314697266,8.115939140319824,0.1795206069946289,9.378392219543457
dataset/test/Tomato_Septoria_leaf_spot/Gls41_change_270_aug_50aug90.jpg,Tomato_Septoria_leaf_spot,Tomato_Healthy_leaf,0.9792792797088623,0,1.2630815505981445,8.308959007263184,0.17274188995361328,9.747467994689941
dataset/test/Tomato_Septoria_leaf_spot/Gls41_change_270_aug_51aug77.jpg,Tomato_Septoria_leaf_spot,Tomato_Healthy_leaf,0.8877624869346619,0,1.1601552963256836,8.3440523147583,0.17851924896240234,9.685541152954102
dataset/test/Tomato_Septoria_leaf_spot/Gls41_change_270aug25.jpg,Tomato_Septoria_leaf_spot,Tomato_Healthy_leaf,0.5568161010742188,0,1.2798786163330078,8.339441299438477,0.17316627502441406,9.795689582824707
dataset/test/Tomato_Septoria_leaf_spot/Gls43_change_90_aug_60aug75.jpg,Tomato_Septoria_leaf_spot,Tomato_Septoria_leaf_spot,0.9955244064331055,1,1.108839988708496,8.465757369995117,0.17237186431884766,9.74974536895752
dataset/test/Tomato_Septoria_leaf_spot/Gls43_change_90_aug_61aug73.jpg,Tomato_Septoria_leaf_spot,Tomato_Septoria_leaf_spot,0.9566230177879333,1,1.1006364822387695,8.510016441345215,0.17290878295898438,9.785876274108887
dataset/test/Tomato_Septoria_leaf_spot/Gls43_change_90aug30.jpg,Tomato_Septoria_leaf_spot,Tomato_Septoria_leaf_spot,0.9969749450683594,1,1.1119518280029297,8.529681205749512,0.180908203125,9.825729370117188
dataset/test/Tomato_Septoria_leaf_spot/Gls46_change_90_aug_6aug53.jpg,Tomato_Septoria_leaf_spot,Tomato_Septoria_leaf_spot,0.9999737739562988,1,1.1610832214355469,8.58471965789795,0.17894458770751953,9.9280424118042
dataset/test/Tomato_Septoria_leaf_spot/Gls46_change_90_aug_7aug56.jpg,Tomato_Septoria_leaf_spot,Tomato_Septoria_leaf_spot,0.9999042749404907,1,1.1693220138549805,8.565571784973145,0.1724834442138672,9.910117149353027
dataset/test/Tomato_Septoria_leaf_spot/Gls46_change_90aug3.jpg,Tomato_Septoria_leaf_spot,Tomato_Septoria_leaf_spot,0.9998824596405029,1,1.1573400497436523,8.472088813781738,0.20963191986083984,9.841931343078613
dataset/test/Tomato_Septoria_leaf_spot/Gls47aug44.jpg,Tomato_Septoria_leaf_spot,Tomato_Septoria_leaf_spot,0.9999959468841553,1,1.1365251541137695,8.509292602539062,0.18118572235107422,9.830135345458984
dataset/test/Tomato_Septoria_leaf_spot/Gls76_aug_34aug97.jpg,Tomato_Septoria_leaf_spot,Tomato_mold_leaf,0.8574662804603577,0,1.2060260772705078,8.285810470581055,0.17566680908203125,9.670170783996582
dataset/test/Tomato_Septoria_leaf_spot/Gls76_aug_35aug103.jpg,Tomato_Septoria_leaf_spot,Tomato_Septoria_leaf_spot,0.7209537625312805,1,1.1626367568969727,8.230459213256836,0.1773529052734375,9.573244094848633
dataset/test/Tomato_Septoria_leaf_spot/Gls76_change_180_aug_30aug96.jpg,Tomato_Septoria_leaf_spot,Tomato_mold_leaf,0.9762376546859741,0,1.131211280822754,8.316458702087402,0.17485332489013672,9.625968933105469
dataset/test/Tomato_Septoria_leaf_spot/Gls76_change_180_aug_31aug100.jpg,Tomato_Septoria_leaf_spot,Tomato_mold_leaf,0.5614498853683472,0,1.1254701614379883,8.429533958435059,0.16898155212402344,9.726966857910156
dataset/test/Tomato_Septoria_leaf_spot/Gls76_change_180aug15.jpg,Tomato_Septoria_leaf_spot,Tomato_mold_leaf,0.7181788682937622,0,1.1179704666137695,8.133106231689453,0.17316913604736328,9.427227020263672
dataset/test/Tomato_Septoria_leaf_spot/Gls76aug17.jpg,Tomato_Septoria_leaf_spot,Tomato_mold_leaf,0.8908253312110901,0,1.2114696502685547,8.17175579071045,0.17140865325927734,9.557707786560059
dataset/test/Tomato_Septoria_leaf_spot/Gls7_change_270_aug_64aug68.jpg,Tomato_Septoria_leaf_spot,Tomato_Septoria_leaf_spot,0.9967952370643616,1,1.192915916442871,8.168069839477539,0.1791858673095703,9.544022560119629
dataset/test/Tomato_Septoria_leaf_spot/Gls7_change_270_aug_65aug71.jpg,Tomato_Septoria_leaf_spot,Tomato_Septoria_leaf_spot,0.9981404542922974,1,1.1340808868408203,8.31631088256836,0.17555713653564453,9.629392623901367
dataset/test/Tomato_Septoria_leaf_spot/Gls7_change_270aug32.jpg,Tomato_Septoria_leaf_spot,Tomato_Septoria_leaf_spot,0.998213529586792,1,1.121415138244629,8.329459190368652,0.1768169403076172,9.63126277923584
dataset/test/Tomato_Septoria_leaf_spot/Gls7_lower_aug_0aug57.jpg,Tomato_Septoria_leaf_spot,Tomato_Septoria_leaf_spot,0.9988718628883362,1,1.1379880905151367,8.365922927856445,0.1819448471069336,9.688820838928223
dataset/test/Tomato_Septoria_leaf_spot/Gls7_lower_aug_1aug52.jpg,Tomato_Septoria_leaf_spot,Tomato_Septoria_leaf_spot,0.9951971173286438,1,1.1402664184570312,8.44692325592041,0.1760568618774414,9.766227722167969
dataset/test/Tomato_Septoria_leaf_spot/Gls7_loweraug0.jpg,Tomato_Septoria_leaf_spot,Tomato_Septoria_leaf_spot,0.9996681213378906,1,1.1619138717651367,11.070587158203125,0.2082986831665039,12.444059371948242
dataset/test/Tomato_Septoria_leaf_spot/Gls81_lower_aug_2aug51.jpg,Tomato_Septoria_leaf_spot,Tomato_Septoria_leaf_spot,0.9999117851257324,1,1.4115829467773438,11.140791893005371,0.20446395874023438,12.759876251220703
dataset/test/Tomato_Septoria_leaf_spot/Gls81_lower_aug_3aug54.jpg,Tomato_Septoria_leaf_spot,Tomato_Septoria_leaf_spot,0.9999703168869019,1,1.3857107162475586,10.917993545532227,0.20753860473632812,12.514317512512207
dataset/test/Tomato_Septoria_leaf_spot/Gls81_loweraug1.jpg,Tomato_Septoria_leaf_spot,Tomato_Septoria_leaf_spot,0.9999414682388306,1,1.4162120819091797,12.526392936706543,0.21337318420410156,14.160272598266602
dataset/test/Tomato_Septoria_leaf_spot/IMG-20240812-WA0213_aug_70aug59.jpg,Tomato_Septoria_leaf_spot,Tomato_Early_blight_leaf,0.9511700868606567,0,1.5947694778442383,11.085012435913086,0.21137237548828125,12.894821166992188
dataset/test/Tomato_Septoria_leaf_spot/IMG-20240812-WA0213_aug_71aug60.jpg,Tomato_Septoria_leaf_spot,Tomato_Early_blight_leaf,0.9636907577514648,0,1.530843734741211,12.277741432189941,0.20724201202392578,14.019883155822754
dataset/test/Tomato_Septoria_leaf_spot/IMG-20240812-WA0213aug35.jpg,Tomato_Septoria_leaf_spot,Tomato_Early_blight_leaf,0.9484537839889526,0,1.577195167541504,18.88045024871826,0.20805740356445312,20.66931438446045
dataset/test/Tomato_Septoria_leaf_spot/Original_e-blight.JPG.rend.hgtvcom.966.725.jpeg_aug_52aug74.jpg,Tomato_Septoria_leaf_spot,Tomato_Septoria_leaf_spot,0.9999933242797852,1,1.6564550399780273,15.855525016784668,0.1643533706665039,17.67988872528076
dataset/test/Tomato_Septoria_leaf_spot/Original_e-blight.JPG.rend.hgtvcom.966.725.jpeg_aug_53aug76.jpg,Tomato_Septoria_leaf_spot,Tomato_Septoria_leaf_spot,0.9999847412109375,1,1.1869325637817383,11.129643440246582,0.16327857971191406,12.482447624206543
dataset/test/Tomato_Septoria_leaf_spot/Original_e-blight.JPG.rend.hgtvcom.966.725.jpegaug26.jpg,Tomato_Septoria_leaf_spot,Tomato_Septoria_leaf_spot,0.9999935626983643,1,1.0934133529663086,8.063606262207031,0.15848255157470703,9.317928314208984
dataset/test/Tomato_Septoria_leaf_spot/SS_ (990)_aug_24aug107.jpg,Tomato_Septoria_leaf_spot,Tomato_Septoria_leaf_spot,1.0,1,1.0642280578613281,7.785881042480469,0.16870403289794922,9.021166801452637
dataset/test/Tomato_Septoria_leaf_spot/SS_ (990)_aug_25aug113.jpg,Tomato_Septoria_leaf_spot,Tomato_Septoria_leaf_spot,1.0,1,1.2021541595458984,7.788492202758789,0.17583560943603516,9.16929817199707
dataset/test/Tomato_Septoria_leaf_spot/SS_ (990)aug12.jpg,Tomato_Septoria_leaf_spot,Tomato_Septoria_leaf_spot,1.0,1,1.0904312133789062,7.963771820068359,0.16588973999023438,9.222780227661133
dataset/test/Tomato_Septoria_leaf_spot/Septoria_tomato_Margaret-20B_p8170755_0002_25004_jpg.rf.3fbb14d553c623c77f342b3a54baddab_aug_66aug70.jpg,Tomato_Septoria_leaf_spot,Tomato_Septoria_leaf_spot,0.9849291443824768,1,1.1591558456420898,7.915085792541504,0.1716318130493164,9.248724937438965
dataset/test/Tomato_Septoria_leaf_spot/Septoria_tomato_Margaret-20B_p8170755_0002_25004_jpg.rf.3fbb14d553c623c77f342b3a54baddab_aug_67aug63.jpg,Tomato_Septoria_leaf_spot,Tomato_Septoria_leaf_spot,0.9999557733535767,1,1.180415153503418,7.990678787231445,0.17514896392822266,9.34920597076416
dataset/test/Tomato_Septoria_leaf_spot/Septoria_tomato_Margaret-20B_p8170755_0002_25004_jpg.rf.3fbb14d553c623c77f342b3a54baddabaug33.jpg,Tomato_Septoria_leaf_spot,Tomato_Septoria_leaf_spot,0.9992026686668396,1,1.1321353912353516,7.865344047546387,0.16381549835205078,9.163853645324707
dataset/test/Tomato_Septoria_leaf_spot/Tomato-Plant-with-Septoria-Leaf-Spot_aug_68aug65.jpg,Tomato_Septoria_leaf_spot,Tomato_mold_leaf,0.7529967427253723,0,1.1114692687988281,7.985215187072754,0.1636495590209961,9.26357650756836
dataset/test/Tomato_Septoria_leaf_spot/Tomato-Plant-with-Septoria-Leaf-Spot_aug_69aug64.jpg,Tomato_Septoria_leaf_spot,Tomato_mold_leaf,0.7975612282752991,0,1.1923770904541016,11.107125282287598,0.22383594512939453,12.526985168457031
dataset/test/Tomato_Septoria_leaf_spot/Tomato-Plant-with-Septoria-Leaf-Spotaug34.jpg,Tomato_Septoria_leaf_spot,Tomato_mold_leaf,0.7679848670959473,0,1.5709733963012695,11.197347640991211,0.208465576171875,12.98024845123291
dataset/test/Tomato_Septoria_leaf_spot/b54d0e40027ff5e90e8ba7e1e9abf9bdaug39.jpg,Tomato_Septoria_leaf_spot,Tomato_Septoria_leaf_spot,0.9998722076416016,1,1.4505462646484375,11.322569847106934,0.20744705200195312,12.98408031463623
dataset/test/Tomato_Septoria_leaf_spot/classic-septoria_aug_10aug48.jpg,Tomato_Septoria_leaf_spot,Tomato_Septoria_leaf_spot,0.9999897480010986,1,1.5913238525390625,11.104884147644043,0.20675945281982422,12.906746864318848
dataset/test/Tomato_Septoria_leaf_spot/classic-septoria_aug_11aug49.jpg,Tomato_Septoria_leaf_spot,Tomato_Septoria_leaf_spot,0.9999998807907104,1,1.565751075744629,10.937030792236328,0.2268524169921875,12.734023094177246
dataset/test/Tomato_Septoria_leaf_spot/classic-septoriaaug5.jpg,Tomato_Septoria_leaf_spot,Tomato_Septoria_leaf_spot,1.0,1,1.6321773529052734,11.289958953857422,0.2844104766845703,13.21022891998291
dataset/test/Tomato_Septoria_leaf_spot/early+blight+on+leaf+yel+halo+IMG_2313.JPG_aug_62aug69.jpg,Tomato_Septoria_leaf_spot,Tomato_Septoria_leaf_spot,0.9999991655349731,1,1.5655479431152344,11.232013702392578,0.20963191986083984,13.010673522949219
dataset/test/Tomato_Septoria_leaf_spot/early+blight+on+leaf+yel+halo+IMG_2313.JPG_aug_63aug72.jpg,Tomato_Septoria_leaf_spot,Tomato_Septoria_leaf_spot,0.9999997615814209,1,1.5042304992675781,12.150964736938477,0.16735267639160156,13.825677871704102
dataset/test/Tomato_Septoria_leaf_spot/early+blight+on+leaf+yel+halo+IMG_2313.JPGaug31.jpg,Tomato_Septoria_leaf_spot,Tomato_Septoria_leaf_spot,0.9999964237213135,1,1.1423025131225586,7.835381507873535,0.17620563507080078,9.15701961517334
dataset/test/Tomato_Septoria_leaf_spot/early-blight-of-tomato-tomato-1aug38.jpg,Tomato_Septoria_leaf_spot,Tomato_Septoria_leaf_spot,0.9999823570251465,1,1.1297111511230469,7.891938209533691,0.16974258422851562,9.194186210632324
dataset/test/Tomato_Septoria_leaf_spot/eblight5_aug_18aug110.jpg,Tomato_Septoria_leaf_spot,Tomato_Septoria_leaf_spot,0.9296311736106873,1,1.0569324493408203,7.7779541015625,0.17629718780517578,9.014297485351562
dataset/test/Tomato_Septoria_leaf_spot/eblight5_aug_19aug117.jpg,Tomato_Septoria_leaf_spot,Tomato_Septoria_leaf_spot,0.9996470212936401,1,1.1076011657714844,7.795309066772461,0.19916820526123047,9.104390144348145
dataset/test/Tomato_Septoria_leaf_spot/eblight5aug9.jpg,Tomato_Septoria_leaf_spot,Tomato_Septoria_leaf_spot,0.9977527260780334,1,1.0414314270019531,7.891901016235352,0.16316795349121094,9.099242210388184
dataset/test/Tomato_Septoria_leaf_spot/images (1)_aug_54aug93.jpg,Tomato_Septoria_leaf_spot,Tomato_Septoria_leaf_spot,0.9999909400939941,1,1.063802719116211,7.932919502258301,0.16318607330322266,9.162371635437012
dataset/test/Tomato_Septoria_leaf_spot/images (1)_aug_55aug87.jpg,Tomato_Septoria_leaf_spot,Tomato_Septoria_leaf_spot,0.9999985694885254,1,1.0667829513549805,7.944846153259277,0.1666126251220703,9.181076049804688
dataset/test/Tomato_Septoria_leaf_spot/images (1)aug27.jpg,Tomato_Septoria_leaf_spot,Tomato_Septoria_leaf_spot,0.9999951124191284,1,1.0933952331542969,7.974735260009766,0.17342662811279297,9.244502067565918
dataset/test/Tomato_Septoria_leaf_spot/tomato-blight-treatment-blight_jpg.rf.78cbf6055199828cb682fd0a6435a157_aug_74aug58.jpg,Tomato_Septoria_leaf_spot,Tomato_Septoria_leaf_spot,0.9999985694885254,1,1.0792655944824219,8.002364158630371,0.1639089584350586,9.248724937438965
dataset/test/Tomato_Septoria_leaf_spot/tomato-blight-treatment-blight_jpg.rf.78cbf6055199828cb682fd0a6435a157aug37.jpg,Tomato_Septoria_leaf_spot,Tomato_Septoria_leaf_spot,0.999998927116394,1,1.063227653503418,8.101123809814453,0.15746498107910156,9.324779510498047
dataset/test/Tomato_Septoria_leaf_spot/tomato-early-blight-e1437503226856_aug_4aug50.jpg,Tomato_Septoria_leaf_spot,Tomato_Septoria_leaf_spot,0.99998939037323,1,1.1290817260742188,7.732361793518066,0.16983318328857422,9.03431510925293
dataset/test/Tomato_Septoria_leaf_spot/tomato-early-blight-e1437503226856_aug_5aug55.jpg,Tomato_Septoria_leaf_spot,Tomato_Septoria_leaf_spot,0.9997857213020325,1,1.158341407775879,8.233309745788574,0.17220497131347656,9.566485404968262
dataset/test/Tomato_Septoria_leaf_spot/tomato-early-blight-e1437503226856aug2.jpg,Tomato_Septoria_leaf_spot,Tomato_Septoria_leaf_spot,0.9999988079071045,1,1.2368040084838867,8.182605743408203,0.1701669692993164,9.592021942138672
dataset/test/Tomato_Septoria_leaf_spot/tomato-early-blightH_jpg.rf.2633fbae0a933eb2711cb8466f34aca1_aug_12aug119.jpg,Tomato_Septoria_leaf_spot,Tomato_Septoria_leaf_spot,0.9990246295928955,1,1.2473783493041992,8.3427734375,0.17037105560302734,9.763282775878906
dataset/test/Tomato_Septoria_leaf_spot/tomato-early-blightH_jpg.rf.2633fbae0a933eb2711cb8466f34aca1_aug_13aug114.jpg,Tomato_Septoria_leaf_spot,Tomato_Septoria_leaf_spot,0.9998947381973267,1,1.1588401794433594,8.258216857910156,0.18146324157714844,9.601595878601074
dataset/test/Tomato_Septoria_leaf_spot/tomato-early-blightH_jpg.rf.2633fbae0a933eb2711cb8466f34aca1aug6.jpg,Tomato_Septoria_leaf_spot,Tomato_Septoria_leaf_spot,0.9998968839645386,1,1.2021007537841797,8.310921669006348,0.1731119155883789,9.689133644104004
dataset/test/Tomato_Septoria_leaf_spot/tomato-septoria-3-500x384_aug_32aug104.jpg,Tomato_Septoria_leaf_spot,Tomato_Septoria_leaf_spot,0.9996473789215088,1,1.1228046417236328,8.288200378417969,0.17924022674560547,9.593375205993652
dataset/test/Tomato_Septoria_leaf_spot/tomato-septoria-3-500x384_aug_33aug106.jpg,Tomato_Septoria_leaf_spot,Tomato_Septoria_leaf_spot,0.9999998807907104,1,1.1280641555786133,8.410255432128906,0.20835304260253906,9.749671936035156
dataset/test/Tomato_Septoria_leaf_spot/tomato-septoria-3-500x384_jpg.rf.40a23512bd3b6d8df2115d7f591913fb_aug_16aug112.jpg,Tomato_Septoria_leaf_spot,Tomato_Septoria_leaf_spot,0.9999967813491821,1,1.1191558837890625,8.31592082977295,0.17629718780517578,9.614209175109863
dataset/test/Tomato_Septoria_leaf_spot/tomato-septoria-3-500x384_jpg.rf.40a23512bd3b6d8df2115d7f591913fb_aug_17aug111.jpg,Tomato_Septoria_leaf_spot,Tomato_Septoria_leaf_spot,0.9997739195823669,1,1.1368217468261719,8.334977149963379,0.17940902709960938,9.654151916503906
dataset/test/Tomato_Septoria_leaf_spot/tomato-septoria-3-500x384_jpg.rf.40a23512bd3b6d8df2115d7f591913fbaug8.jpg,Tomato_Septoria_leaf_spot,Tomato_Septoria_leaf_spot,0.999702513217926,1,1.215989112854004,8.516700744628906,0.17374134063720703,9.90900707244873
dataset/test/Tomato_Septoria_leaf_spot/tomato-septoria-3-500x384aug16.jpg,Tomato_Septoria_leaf_spot,Tomato_Septoria_leaf_spot,0.9999997615814209,1,1.149266242980957,8.464812278747559,0.1728525161743164,9.78959846496582
dataset/test/Tomato_Septoria_leaf_spot/tomato-septoria-5_jpg.rf.fab97ae4bb3726e33dcbde7262ec6a65aug40.jpg,Tomato_Septoria_leaf_spot,Tomato_Septoria_leaf_spot,0.9997677206993103,1,1.1988229751586914,8.467052459716797,0.17161083221435547,9.8400239944458
dataset/test/Tomato_Septoria_leaf_spot/tomato-septoria-leaf-spot--_aug_22aug109.jpg,Tomato_Septoria_leaf_spot,Tomato_Septoria_leaf_spot,0.9688363075256348,1,1.2023029327392578,8.787314414978027,0.16751956939697266,10.159952163696289
dataset/test/Tomato_Septoria_leaf_spot/tomato-septoria-leaf-spot--_aug_23aug108.jpg,Tomato_Septoria_leaf_spot,Tomato_Septoria_leaf_spot,0.7419481873512268,1,1.2353582382202148,8.41229248046875,0.16942691802978516,9.819541931152344
dataset/test/Tomato_Septoria_leaf_spot/tomato-septoria-leaf-spot--_jpg.rf.06783859d6d3e49976374e4146674e0b_aug_48aug94.jpg,Tomato_Septoria_leaf_spot,Tomato_Septoria_leaf_spot,0.881009042263031,1,1.1801366806030273,8.515053749084473,0.18322372436523438,9.880894660949707
dataset/test/Tomato_Septoria_leaf_spot/tomato-septoria-leaf-spot--_jpg.rf.06783859d6d3e49976374e4146674e0b_aug_49aug88.jpg,Tomato_Septoria_leaf_spot,Tomato_Septoria_leaf_spot,0.8754440546035767,1,1.348526954650879,8.336922645568848,0.17264842987060547,9.860932350158691
dataset/test/Tomato_Septoria_leaf_spot/tomato-septoria-leaf-spot--_jpg.rf.06783859d6d3e49976374e4146674e0baug24.jpg,Tomato_Septoria_leaf_spot,Tomato_Septoria_leaf_spot,0.8096790909767151,1,1.2533025741577148,8.548830032348633,0.17331695556640625,9.97793197631836
dataset/test/Tomato_Septoria_leaf_spot/tomato-septoria-leaf-spot--_jpg.rf.5e63d9a20f5557b9bb3617e79b48ef85_aug_26aug95.jpg,Tomato_Septoria_leaf_spot,Tomato_Septoria_leaf_spot,0.588941216468811,1,1.239119529724121,8.376070022583008,0.1842975616455078,9.802857398986816
dataset/test/Tomato_Septoria_leaf_spot/tomato-septoria-leaf-spot--_jpg.rf.5e63d9a20f5557b9bb3617e79b48ef85_aug_27aug101.jpg,Tomato_Septoria_leaf_spot,Tomato_Early_blight_leaf,0.5000815987586975,0,1.3285636901855469,8.361737251281738,0.1746664047241211,9.867877006530762
dataset/test/Tomato_Septoria_leaf_spot/tomato-septoria-leaf-spot--_jpg.rf.5e63d9a20f5557b9bb3617e79b48ef85aug13.jpg,Tomato_Septoria_leaf_spot,Tomato_Septoria_leaf_spot,0.9432083368301392,1,1.2077655792236328,8.446904182434082,0.17031574249267578,9.827913284301758
dataset/test/Tomato_Septoria_leaf_spot/tomato-septoria-leaf-spot--aug11.jpg,Tomato_Septoria_leaf_spot,Tomato_Septoria_leaf_spot,0.884324848651886,1,1.227248191833496,8.359532356262207,0.16898155212402344,9.758522987365723
dataset/test/Tomato_Septoria_leaf_spot/tomato-septoria-leaf-spot-_aug_28aug105.jpg,Tomato_Septoria_leaf_spot,Tomato_Septoria_leaf_spot,0.8142006397247314,1,1.1506919860839844,8.187143325805664,0.16909503936767578,9.50963306427002
dataset/test/Tomato_Septoria_leaf_spot/tomato-septoria-leaf-spot-_aug_29aug102.jpg,Tomato_Septoria_leaf_spot,Tomato_Septoria_leaf_spot,0.9937257170677185,1,1.195469856262207,8.23360824584961,0.16918659210205078,9.601245880126953
dataset/test/Tomato_Septoria_leaf_spot/tomato-septoria-leaf-spot-aug14.jpg,Tomato_Septoria_leaf_spot,Tomato_Septoria_leaf_spot,0.9999711513519287,1,1.1554336547851562,8.199477195739746,0.16970443725585938,9.527503967285156
dataset/test/Tomato_Septoria_leaf_spot/tomato_D2b-Early-blight---RPitblado_zoom_jpg.rf.93df1c3cb830b3940e4a23a5c4a05598_aug_8aug45.jpg,Tomato_Septoria_leaf_spot,Tomato_Septoria_leaf_spot,1.0,1,1.1493768692016602,8.565126419067383,0.17326068878173828,9.891246795654297
dataset/test/Tomato_Septoria_leaf_spot/tomato_D2b-Early-blight---RPitblado_zoom_jpg.rf.93df1c3cb830b3940e4a23a5c4a05598_aug_9aug47.jpg,Tomato_Septoria_leaf_spot,Tomato_Septoria_leaf_spot,1.0,1,1.1785259246826172,8.191421508789062,0.17918682098388672,9.552467346191406
dataset/test/Tomato_Septoria_leaf_spot/tomato_D2b-Early-blight---RPitblado_zoom_jpg.rf.93df1c3cb830b3940e4a23a5c4a05598aug4.jpg,Tomato_Septoria_leaf_spot,Tomato_Septoria_leaf_spot,1.0,1,1.183711051940918,8.251051902770996,0.17002010345458984,9.607596397399902
dataset/test/Tomato_Septoria_leaf_spot/tomatoseptorialeafspotjpg-788d20798a3c74e7_aug_36aug98.jpg,Tomato_Septoria_leaf_spot,Tomato_Septoria_leaf_spot,0.9983081817626953,1,1.1679344177246094,8.350496292114258,0.17650127410888672,9.698392868041992
dataset/test/Tomato_Septoria_leaf_spot/tomatoseptorialeafspotjpg-788d20798a3c74e7_aug_37aug99.jpg,Tomato_Septoria_leaf_spot,Tomato_Septoria_leaf_spot,0.9913990497589111,1,1.178415298461914,8.182236671447754,0.17000102996826172,9.533724784851074
dataset/test/Tomato_Septoria_leaf_spot/tomatoseptorialeafspotjpg-788d20798a3c74e7aug18.jpg,Tomato_Septoria_leaf_spot,Tomato_Septoria_leaf_spot,0.9966837763786316,1,1.176987648010254,8.29345989227295,0.1696491241455078,9.642505645751953
dataset/test/Tomato_leaf_late_blight/Gls74_change_90_aug_66aug46.jpg,Tomato_leaf_late_blight,Tomato_leaf_late_blight,0.9010646343231201,1,1.1018409729003906,8.293198585510254,0.17933368682861328,9.578078269958496
dataset/test/Tomato_leaf_late_blight/Gls74_change_90_aug_67aug49.jpg,Tomato_leaf_late_blight,Tomato_leaf_late_blight,0.9899265766143799,1,1.11456298828125,8.260236740112305,0.17653846740722656,9.5542631149292
dataset/test/Tomato_leaf_late_blight/Gls74_change_90_aug_68aug41.jpg,Tomato_leaf_late_blight,Tomato_leaf_late_blight,0.957822322845459,1,1.1499338150024414,8.171384811401367,0.17170333862304688,9.495615005493164
dataset/test/Tomato_leaf_late_blight/Gls74_change_90aug22.jpg,Tomato_leaf_late_blight,Tomato_leaf_late_blight,0.8789750337600708,1,1.1079883575439453,8.286587715148926,0.1744823455810547,9.571355819702148
dataset/test/Tomato_leaf_late_blight/Gls78_change_270_aug_24aug95.jpg,Tomato_leaf_late_blight,Tomato_leaf_late_blight,0.9993594288825989,1,1.103358268737793,8.296293258666992,0.17824077606201172,9.58161449432373
dataset/test/Tomato_leaf_late_blight/Gls78_change_270_aug_25aug80.jpg,Tomato_leaf_late_blight,Tomato_leaf_late_blight,0.9998012185096741,1,1.1064138412475586,8.572200775146484,0.17131519317626953,9.852838516235352
dataset/test/Tomato_leaf_late_blight/Gls78_change_270_aug_26aug81.jpg,Tomato_leaf_late_blight,Tomato_leaf_late_blight,0.9980904459953308,1,1.1043224334716797,8.334829330444336,0.17435264587402344,9.616227149963379
dataset/test/Tomato_leaf_late_blight/Gls78_change_270aug8.jpg,Tomato_leaf_late_blight,Tomato_leaf_late_blight,0.999819815158844,1,1.1284513473510742,8.316754341125488,0.17161178588867188,9.619430541992188
dataset/test/Tomato_leaf_late_blight/Gls79_change_270_aug_51aug69.jpg,Tomato_leaf_late_blight,Tomato_leaf_late_blight,0.9999704360961914,1,1.0802106857299805,8.591535568237305,0.1712970733642578,9.845635414123535
dataset/test/Tomato_leaf_late_blight/Gls79_change_270_aug_52aug74.jpg,Tomato_leaf_late_blight,Tomato_leaf_late_blight,0.9999502897262573,1,1.125692367553711,8.29745864868164,0.1717977523803711,9.597651481628418
dataset/test/Tomato_leaf_late_blight/Gls79_change_270_aug_53aug68.jpg,Tomato_leaf_late_blight,Tomato_leaf_late_blight,0.9999383687973022,1,1.140080451965332,10.9058837890625,0.2115011215209961,12.260799407958984
dataset/test/Tomato_leaf_late_blight/Gls79_change_270aug17.jpg,Tomato_leaf_late_blight,Tomato_leaf_late_blight,0.9999704360961914,1,1.426767349243164,11.14925479888916,0.21083354949951172,12.790486335754395
dataset/test/Tomato_leaf_late_blight/Gls79_change_90_aug_27aug85.jpg,Tomato_leaf_late_blight,Tomato_leaf_late_blight,0.9692286252975464,1,1.4198236465454102,11.279793739318848,0.2029266357421875,12.90632152557373
dataset/test/Tomato_leaf_late_blight/Gls79_change_90_aug_28aug97.jpg,Tomato_leaf_late_blight,Tomato_leaf_late_blight,0.9983336329460144,1,1.423823356628418,11.141661643981934,0.22192668914794922,12.79132080078125
dataset/test/Tomato_leaf_late_blight/Gls79_change_90_aug_29aug89.jpg,Tomato_leaf_late_blight,Tomato_leaf_late_blight,0.9533410668373108,1,1.4595279693603516,11.163531303405762,0.2098531723022461,12.83663558959961
dataset/test/Tomato_leaf_late_blight/Gls79_change_90aug9.jpg,Tomato_leaf_late_blight,Tomato_leaf_late_blight,0.9986397624015808,1,1.4096193313598633,11.204699516296387,0.20953845977783203,12.827597618103027
dataset/test/Tomato_leaf_late_blight/Gls79_mirror_aug_15aug104.jpg,Tomato_leaf_late_blight,Tomato_leaf_late_blight,0.9999986886978149,1,1.5585098266601562,11.357218742370605,0.2042236328125,13.123174667358398
dataset/test/Tomato_leaf_late_blight/Gls79_mirror_aug_16aug113.jpg,Tomato_leaf_late_blight,Tomato_leaf_late_blight,0.9998277425765991,1,1.4254341125488281,11.046919822692871,0.2103719711303711,12.686079025268555
dataset/test/Tomato_leaf_late_blight/Gls79_mirror_aug_17aug109.jpg,Tomato_leaf_late_blight,Tomato_leaf_late_blight,0.9997063279151917,1,1.4548234939575195,8.096403121948242,0.16387081146240234,9.718283653259277
dataset/test/Tomato_leaf_late_blight/Gls79_mirroraug5.jpg,Tomato_leaf_late_blight,Tomato_leaf_late_blight,0.9986128807067871,1,1.0412464141845703,7.817048072814941,0.17357635498046875,9.034908294677734
dataset/test/Tomato_leaf_late_blight/IMG_20251102_155822aug32.jpg,Tomato_leaf_late_blight,Tomato_Healthy_leaf,0.7634940147399902,0,1.1088037490844727,8.024271965026855,0.16455554962158203,9.300187110900879
dataset/test/Tomato_leaf_late_blight/IMG_20251102_160928aug33.jpg,Tomato_leaf_late_blight,Tomato_Early_blight_leaf,0.9981955885887146,0,1.098876953125,7.756584167480469,0.17011260986328125,9.028278350830078
dataset/test/Tomato_leaf_late_blight/IMG_20251102_161202_aug_57aug50.jpg,Tomato_leaf_late_blight,Tomato_Early_blight_leaf,0.9999890327453613,0,1.1368961334228516,7.963549613952637,0.1648693084716797,9.268056869506836
dataset/test/Tomato_leaf_late_blight/IMG_20251102_161202_aug_58aug52.jpg,Tomato_leaf_late_blight,Tomato_Early_blight_leaf,0.9992245435714722,0,1.138026237487793,7.956104278564453,0.17463016510009766,9.27177906036377
dataset/test/Tomato_leaf_late_blight/IMG_20251102_161202_aug_59aug39.jpg,Tomato_leaf_late_blight,Tomato_Early_blight_leaf,0.9999871253967285,0,1.184377670288086,7.967104911804199,0.1673898696899414,9.321798324584961
dataset/test/Tomato_leaf_late_blight/IMG_20251102_161202aug19.jpg,Tomato_leaf_late_blight,Tomato_Early_blight_leaf,0.9999605417251587,0,1.1401176452636719,7.960789680480957,0.1717977523803711,9.275317192077637
dataset/test/Tomato_leaf_late_blight/IMG_5808_jpg.rf.9de5af872dd2e7a58b115c4826fb18d4_aug_63aug53.jpg,Tomato_leaf_late_blight,Tomato_leaf_late_blight,0.7009106874465942,1,1.0839319229125977,7.8322343826293945,0.16440773010253906,9.083500862121582
dataset/test/Tomato_leaf_late_blight/IMG_5808_jpg.rf.9de5af872dd2e7a58b115c4826fb18d4_aug_64aug43.jpg,Tomato_leaf_late_blight,Tomato_Healthy_leaf,0.49032828211784363,0,1.0988950729370117,7.952716827392578,0.16542625427246094,9.220002174377441
dataset/test/Tomato_leaf_late_blight/IMG_5808_jpg.rf.9de5af872dd2e7a58b115c4826fb18d4_aug_65aug38.jpg,Tomato_leaf_late_blight,Tomato_leaf_late_blight,0.7679693698883057,1,1.1200265884399414,7.842622756958008,0.16542720794677734,9.130704879760742
dataset/test/Tomato_leaf_late_blight/IMG_5808_jpg.rf.9de5af872dd2e7a58b115c4826fb18d4aug21.jpg,Tomato_leaf_late_blight,Tomato_Healthy_leaf,0.4806538224220276,0,1.0837287902832031,10.618473052978516,0.21450138092041016,11.921148300170898
dataset/test/Tomato_leaf_late_blight/LB_ (254)_aug_54aug73.jpg,Tomato_leaf_late_blight,Tomato_leaf_late_blight,0.999863862991333,1,1.4155082702636719,10.98830795288086,0.22803878784179688,12.636133193969727
dataset/test/Tomato_leaf_late_blight/LB_ (254)_aug_55aug71.jpg,Tomato_leaf_late_blight,Tomato_leaf_late_blight,0.9964883327484131,1,1.4157114028930664,11.147199630737305,0.2138528823852539,12.780357360839844
dataset/test/Tomato_leaf_late_blight/LB_ (254)_aug_56aug78.jpg,Tomato_leaf_late_blight,Tomato_leaf_late_blight,0.9726213216781616,1,1.4219903945922852,11.85351848602295,0.21172237396240234,13.490861892700195
dataset/test/Tomato_leaf_late_blight/LB_ (254)aug18.jpg,Tomato_leaf_late_blight,Tomato_leaf_late_blight,0.9994589686393738,1,1.4486579895019531,11.088217735290527,0.2067432403564453,12.746894836425781
dataset/test/Tomato_leaf_late_blight/LB_ (276)_aug_60aug45.jpg,Tomato_leaf_late_blight,Tomato_leaf_late_blight,0.985062837600708,1,1.423600196838379,13.132545471191406,0.21398353576660156,14.773258209228516
dataset/test/Tomato_leaf_late_blight/LB_ (276)_aug_61aug44.jpg,Tomato_leaf_late_blight,Tomato_leaf_late_blight,0.99534672498703,1,1.494436264038086,24.394465446472168,0.2349071502685547,26.127365112304688
dataset/test/Tomato_leaf_late_blight/LB_ (276)_aug_62aug40.jpg,Tomato_leaf_late_blight,Tomato_leaf_late_blight,0.9999446868896484,1,1.3709163665771484,16.84525203704834,0.6355772018432617,18.855653762817383
dataset/test/Tomato_leaf_late_blight/LB_ (276)aug20.jpg,Tomato_leaf_late_blight,Tomato_leaf_late_blight,0.9987640380859375,1,1.1110258102416992,7.812660217285156,0.1753530502319336,9.101926803588867
dataset/test/Tomato_leaf_late_blight/Late-blight-foliar-leasion-on-tomato_jpg.rf.331af81e5b2aae24af0dc9b6d9933591_aug_72aug60.jpg,Tomato_leaf_late_blight,Tomato_leaf_late_blight,0.9990091323852539,1,1.244767189025879,7.892882347106934,0.1666116714477539,9.306873321533203
dataset/test/Tomato_leaf_late_blight/Late-blight-foliar-leasion-on-tomato_jpg.rf.331af81e5b2aae24af0dc9b6d9933591_aug_73aug51.jpg,Tomato_leaf_late_blight,Tomato_leaf_late_blight,0.9806862473487854,1,1.1643409729003906,7.774270057678223,0.20394515991210938,9.145241737365723
dataset/test/Tomato_leaf_late_blight/Late-blight-foliar-leasion-on-tomato_jpg.rf.331af81e5b2aae24af0dc9b6d9933591_aug_74aug37.jpg,Tomato_leaf_late_blight,Tomato_leaf_late_blight,0.9986572265625,1,1.1664514541625977,7.856400489807129,0.1636495590209961,9.189093589782715
dataset/test/Tomato_leaf_late_blight/Late-blight-foliar-leasion-on-tomato_jpg.rf.331af81e5b2aae24af0dc9b6d9933591aug24.jpg,Tomato_leaf_late_blight,Tomato_leaf_late_blight,0.9982922673225403,1,1.121211051940918,7.851902008056641,0.16224193572998047,9.137870788574219
dataset/test/Tomato_leaf_late_blight/Late-blight-on-a-tomato-leaf_jpg.rf.8a0bcac661db5b0d51beab8e2bf6cd6caug29.jpg,Tomato_leaf_late_blight,Tomato_leaf_late_blight,0.999605119228363,1,1.076136589050293,7.764621734619141,0.16292667388916016,9.006037712097168
dataset/test/Tomato_leaf_late_blight/Late-blight-on-a-tomato-leaf_jpg.rf.8defdb736385f3e1da6fba17b2786ac9_aug_84aug36.jpg,Tomato_leaf_late_blight,Tomato_leaf_late_blight,0.9999344348907471,1,1.0927848815917969,7.672344207763672,0.17350101470947266,8.941389083862305
dataset/test/Tomato_leaf_late_blight/Late-blight-on-a-tomato-leaf_jpg.rf.8defdb736385f3e1da6fba17b2786ac9aug28.jpg,Tomato_leaf_late_blight,Tomato_leaf_late_blight,0.9999116659164429,1,1.0835075378417969,7.740510940551758,0.1647787094116211,8.99157428741455
dataset/test/Tomato_leaf_late_blight/Late-blight-symptoms-on-tomato-leaves-1r3uhy2_jpg.rf.92fa5ba375a2c3ce572ef7e12695be90aug31.jpg,Tomato_leaf_late_blight,Tomato_leaf_late_blight,0.9999974966049194,1,1.1521177291870117,7.939661026000977,0.1685934066772461,9.262873649597168
dataset/test/Tomato_leaf_late_blight/Late-blight-tomato-leaf-VikramBisht-MBag_jpg.rf.ec494f1ab0c0417fed47095af181f852_aug_6aug117.jpg,Tomato_leaf_late_blight,Tomato_leaf_late_blight,0.9979462027549744,1,1.1054878234863281,8.369033813476562,0.17668628692626953,9.654596328735352
dataset/test/Tomato_leaf_late_blight/Late-blight-tomato-leaf-VikramBisht-MBag_jpg.rf.ec494f1ab0c0417fed47095af181f852_aug_7aug116.jpg,Tomato_leaf_late_blight,Tomato_leaf_late_blight,0.9907920360565186,1,1.1472845077514648,8.385700225830078,0.1693897247314453,9.704967498779297
dataset/test/Tomato_leaf_late_blight/Late-blight-tomato-leaf-VikramBisht-MBag_jpg.rf.ec494f1ab0c0417fed47095af181f852_aug_8aug115.jpg,Tomato_leaf_late_blight,Tomato_leaf_late_blight,0.9982787370681763,1,1.1529150009155273,8.349106788635254,0.17235183715820312,9.677133560180664
dataset/test/Tomato_leaf_late_blight/Late-blight-tomato-leaf-VikramBisht-MBag_jpg.rf.ec494f1ab0c0417fed47095af181f852aug2.jpg,Tomato_leaf_late_blight,Tomato_leaf_late_blight,0.999221682548523,1,1.2013959884643555,8.44946002960205,0.17222309112548828,9.825782775878906
dataset/test/Tomato_leaf_late_blight/LateBlight-Tomato-JJ-2009-17nxg4q_aug_36aug79.jpg,Tomato_leaf_late_blight,Tomato_leaf_late_blight,0.7327106595039368,1,1.0838031768798828,8.35810661315918,0.18027782440185547,9.625836372375488
dataset/test/Tomato_leaf_late_blight/LateBlight-Tomato-JJ-2009-17nxg4q_aug_37aug87.jpg,Tomato_leaf_late_blight,Tomato_Early_blight_leaf,0.7851442694664001,0,1.129617691040039,8.472126007080078,0.18000030517578125,9.784931182861328
dataset/test/Tomato_leaf_late_blight/LateBlight-Tomato-JJ-2009-17nxg4q_aug_38aug67.jpg,Tomato_leaf_late_blight,Tomato_leaf_late_blight,0.8379883766174316,1,1.0925607681274414,8.542312622070312,0.16985416412353516,9.807707786560059
dataset/test/Tomato_leaf_late_blight/LateBlight-Tomato-JJ-2009-17nxg4q_jpg.rf.93780f99f071013cf0764b40fc6db48c_aug_48aug77.jpg,Tomato_leaf_late_blight,Tomato_leaf_late_blight,0.9984667301177979,1,1.0852117538452148,8.475516319274902,0.17022418975830078,9.733468055725098
dataset/test/Tomato_leaf_late_blight/LateBlight-Tomato-JJ-2009-17nxg4q_jpg.rf.93780f99f071013cf0764b40fc6db48c_aug_49aug65.jpg,Tomato_leaf_late_blight,Tomato_leaf_late_blight,0.9995059967041016,1,1.0788402557373047,8.435107231140137,0.17227840423583984,9.688931465148926
dataset/test/Tomato_leaf_late_blight/LateBlight-Tomato-JJ-2009-17nxg4q_jpg.rf.93780f99f071013cf0764b40fc6db48c_aug_50aug75.jpg,Tomato_leaf_late_blight,Tomato_leaf_late_blight,0.999961256980896,1,1.0861730575561523,9.268187522888184,0.1742238998413086,10.531416893005371
dataset/test/Tomato_leaf_late_blight/LateBlight-Tomato-JJ-2009-17nxg4q_jpg.rf.93780f99f071013cf0764b40fc6db48caug16.jpg,Tomato_leaf_late_blight,Tomato_leaf_late_blight,1.0,1,1.0923223495483398,8.340978622436523,0.1750011444091797,9.610949516296387
dataset/test/Tomato_leaf_late_blight/LateBlight-Tomato-JJ-2009-17nxg4qaug12.jpg,Tomato_leaf_late_blight,Tomato_leaf_late_blight,0.9914762377738953,1,1.0962095260620117,8.352736473083496,0.20946407318115234,9.661429405212402
dataset/test/Tomato_leaf_late_blight/Lb11_mirror_verticalaug34.jpg,Tomato_leaf_late_blight,Tomato_leaf_late_blight,0.9985673427581787,1,1.131821632385254,8.361496925354004,0.16735363006591797,9.663373947143555
dataset/test/Tomato_leaf_late_blight/Lb51_mirror_aug_39aug83.jpg,Tomato_leaf_late_blight,Tomato_leaf_late_blight,0.9528777599334717,1,1.117173194885254,8.235699653625488,0.17400074005126953,9.530058860778809
dataset/test/Tomato_leaf_late_blight/Lb51_mirror_aug_40aug96.jpg,Tomato_leaf_late_blight,Tomato_leaf_late_blight,0.9934896230697632,1,1.1443958282470703,8.172088623046875,0.1777048110961914,9.49763298034668
dataset/test/Tomato_leaf_late_blight/Lb51_mirror_aug_41aug91.jpg,Tomato_leaf_late_blight,Tomato_leaf_late_blight,0.9774772524833679,1,1.1172466278076172,8.316272735595703,0.1782970428466797,9.615281105041504
dataset/test/Tomato_leaf_late_blight/Lb51_mirroraug13.jpg,Tomato_leaf_late_blight,Tomato_leaf_late_blight,0.9988246560096741,1,1.1285438537597656,8.348699569702148,0.21672344207763672,9.696763038635254
dataset/test/Tomato_leaf_late_blight/Lb52_change_90_aug_42aug64.jpg,Tomato_leaf_late_blight,Tomato_leaf_late_blight,0.9999997615814209,1,1.100433349609375,8.524681091308594,0.17859363555908203,9.80665397644043
dataset/test/Tomato_leaf_late_blight/Lb52_change_90_aug_43aug63.jpg,Tomato_leaf_late_blight,Tomato_leaf_late_blight,0.9999998807907104,1,1.0907831192016602,8.377923011779785,0.1741495132446289,9.64594841003418
dataset/test/Tomato_leaf_late_blight/Lb52_change_90_aug_44aug70.jpg,Tomato_leaf_late_blight,Tomato_leaf_late_blight,0.9999792575836182,1,1.1325626373291016,8.407181739807129,0.1745014190673828,9.717245101928711
dataset/test/Tomato_leaf_late_blight/Lb52_change_90aug14.jpg,Tomato_leaf_late_blight,Tomato_leaf_late_blight,0.9999451637268066,1,1.1139335632324219,8.350717544555664,0.1788158416748047,9.646708488464355
dataset/test/Tomato_leaf_late_blight/Lb69_aug_45aug76.jpg,Tomato_leaf_late_blight,Tomato_leaf_late_blight,0.9972522854804993,1,1.1478042602539062,8.441106796264648,0.17235374450683594,9.764116287231445
dataset/test/Tomato_leaf_late_blight/Lb69_aug_46aug72.jpg,Tomato_leaf_late_blight,Tomato_leaf_late_blight,0.9993290901184082,1,1.1064138412475586,8.543645858764648,0.17757511138916016,9.831135749816895
dataset/test/Tomato_leaf_late_blight/Lb69_aug_47aug66.jpg,Tomato_leaf_late_blight,Tomato_leaf_late_blight,0.9998989105224609,1,1.1077651977539062,8.457255363464355,0.17429637908935547,9.741689682006836
dataset/test/Tomato_leaf_late_blight/Lb69aug15.jpg,Tomato_leaf_late_blight,Tomato_leaf_late_blight,0.9998470544815063,1,1.0932655334472656,8.527385711669922,0.17837047576904297,9.802505493164062
dataset/test/Tomato_leaf_late_blight/Lb8_mirror_vertical_aug_10aug118.jpg,Tomato_leaf_late_blight,Tomato_Early_blight_leaf,0.5050841569900513,0,1.1178579330444336,8.306329727172852,0.17412948608398438,9.600912094116211
dataset/test/Tomato_leaf_late_blight/Lb8_mirror_vertical_aug_11aug111.jpg,Tomato_leaf_late_blight,Tomato_Early_blight_leaf,0.6958197951316833,0,1.149672508239746,8.410533905029297,0.1686115264892578,9.73122787475586
dataset/test/Tomato_leaf_late_blight/Lb8_mirror_vertical_aug_9aug103.jpg,Tomato_leaf_late_blight,Tomato_leaf_late_blight,0.8033103942871094,1,1.1150808334350586,8.54338550567627,0.1682415008544922,9.829209327697754
dataset/test/Tomato_leaf_late_blight/Lb8_mirror_verticalaug3.jpg,Tomato_leaf_late_blight,Tomato_leaf_late_blight,0.8450577855110168,1,1.1315813064575195,8.292773246765137,0.18589019775390625,9.613041877746582
dataset/test/Tomato_leaf_late_blight/Lb97_aug_21aug84.jpg,Tomato_leaf_late_blight,Tomato_leaf_late_blight,0.9999972581863403,1,1.2105073928833008,8.30155086517334,0.17826080322265625,9.6933012008667
dataset/test/Tomato_leaf_late_blight/Lb97_aug_22aug101.jpg,Tomato_leaf_late_blight,Tomato_leaf_late_blight,0.999993085861206,1,1.1889886856079102,8.378887176513672,0.17227935791015625,9.743040084838867
dataset/test/Tomato_leaf_late_blight/Lb97_aug_23aug82.jpg,Tomato_leaf_late_blight,Tomato_leaf_late_blight,0.9999990463256836,1,1.1755447387695312,11.007067680358887,0.20602035522460938,12.391633033752441
dataset/test/Tomato_leaf_late_blight/Lb97aug7.jpg,Tomato_leaf_late_blight,Tomato_leaf_late_blight,0.9999626874923706,1,1.450972557067871,11.05538272857666,0.21189022064208984,12.721595764160156
dataset/test/Tomato_leaf_late_blight/Leaf-2Bsymptoms-2BMDA_jpg.rf.39b220104d04636fad4f5aae043826cb_aug_0aug108.jpg,Tomato_leaf_late_blight,Tomato_leaf_late_blight,0.9999948740005493,1,1.5218801498413086,11.296828269958496,0.2175760269165039,13.039950370788574
dataset/test/Tomato_leaf_late_blight/Leaf-2Bsymptoms-2BMDA_jpg.rf.39b220104d04636fad4f5aae043826cb_aug_1aug106.jpg,Tomato_leaf_late_blight,Tomato_leaf_late_blight,0.9999902248382568,1,1.569380760192871,10.987937927246094,0.2145376205444336,12.775078773498535
dataset/test/Tomato_leaf_late_blight/Leaf-2Bsymptoms-2BMDA_jpg.rf.39b220104d04636fad4f5aae043826cb_aug_2aug119.jpg,Tomato_leaf_late_blight,Tomato_leaf_late_blight,0.9999951124191284,1,1.5924348831176758,11.511292457580566,0.21474266052246094,13.322582244873047
dataset/test/Tomato_leaf_late_blight/Leaf-2Bsymptoms-2BMDA_jpg.rf.39b220104d04636fad4f5aae043826cbaug0.jpg,Tomato_leaf_late_blight,Tomato_leaf_late_blight,0.9999271631240845,1,1.542250633239746,11.13821792602539,0.20879650115966797,12.892950057983398
dataset/test/Tomato_leaf_late_blight/Tomato-20bacterial-20canker-JPG_jpg.rf.8b568c1d5efcfdcef44c606eb076b889_aug_30aug92.jpg,Tomato_leaf_late_blight,Tomato_leaf_late_blight,0.8527362942695618,1,1.5463428497314453,11.40746021270752,0.20929622650146484,13.16659927368164
dataset/test/Tomato_leaf_late_blight/Tomato-20bacterial-20canker-JPG_jpg.rf.8b568c1d5efcfdcef44c606eb076b889_aug_31aug98.jpg,Tomato_leaf_late_blight,Tomato_leaf_late_blight,0.9584552049636841,1,1.6331405639648438,11.108550071716309,0.21381568908691406,12.95915412902832
dataset/test/Tomato_leaf_late_blight/Tomato-20bacterial-20canker-JPG_jpg.rf.8b568c1d5efcfdcef44c606eb076b889_aug_32aug90.jpg,Tomato_leaf_late_blight,Tomato_Early_blight_leaf,0.8159712553024292,0,1.4866390228271484,8.309737205505371,0.16940879821777344,9.969321250915527
dataset/test/Tomato_leaf_late_blight/Tomato-20bacterial-20canker-JPG_jpg.rf.8b568c1d5efcfdcef44c606eb076b889aug10.jpg,Tomato_leaf_late_blight,Tomato_leaf_late_blight,0.8761444091796875,1,1.1615447998046875,8.355496406555176,0.17200183868408203,9.692134857177734
dataset/test/Tomato_leaf_late_blight/TomatoBlight-JPG_jpg.rf.234cbc5809dc7d942e46760a63e10d9f_aug_33aug88.jpg,Tomato_leaf_late_blight,Tomato_leaf_late_blight,0.990278422832489,1,1.167191505432129,8.908461570739746,0.17000102996826172,10.248748779296875
dataset/test/Tomato_leaf_late_blight/TomatoBlight-JPG_jpg.rf.234cbc5809dc7d942e46760a63e10d9f_aug_34aug86.jpg,Tomato_leaf_late_blight,Tomato_leaf_late_blight,0.9881842136383057,1,1.1323223114013672,8.378421783447266,0.17298316955566406,9.68705940246582
dataset/test/Tomato_leaf_late_blight/TomatoBlight-JPG_jpg.rf.234cbc5809dc7d942e46760a63e10d9f_aug_35aug93.jpg,Tomato_leaf_late_blight,Tomato_leaf_late_blight,0.9761052131652832,1,1.2284889221191406,8.527312278747559,0.1720571517944336,9.930599212646484
dataset/test/Tomato_leaf_late_blight/TomatoBlight-JPG_jpg.rf.234cbc5809dc7d942e46760a63e10d9faug11.jpg,Tomato_leaf_late_blight,Tomato_leaf_late_blight,0.9853964447975159,1,1.1510810852050781,8.590404510498047,0.17274093627929688,9.916895866394043
dataset/test/Tomato_leaf_late_blight/dsc_8140cs_aug_3aug114.jpg,Tomato_leaf_late_blight,Tomato_leaf_late_blight,0.9757590293884277,1,1.1945991516113281,8.620034217834473,0.17131614685058594,9.988747596740723
dataset/test/Tomato_leaf_late_blight/dsc_8140cs_aug_4aug99.jpg,Tomato_leaf_late_blight,Tomato_leaf_late_blight,0.9841462969779968,1,1.1694507598876953,8.451330184936523,0.17011260986328125,9.7935791015625
dataset/test/Tomato_leaf_late_blight/dsc_8140cs_aug_5aug102.jpg,Tomato_leaf_late_blight,Tomato_leaf_late_blight,0.8786754012107849,1,1.205489158630371,8.460866928100586,0.17433547973632812,9.844191551208496
dataset/test/Tomato_leaf_late_blight/dsc_8140csaug1.jpg,Tomato_leaf_late_blight,Tomato_leaf_late_blight,0.98294997215271,1,1.1490249633789062,8.439645767211914,0.17113018035888672,9.763134956359863
dataset/test/Tomato_leaf_late_blight/late_jpg.rf.f64883c6ac50eb4f477851ddc23305e8_aug_69aug47.jpg,Tomato_leaf_late_blight,Tomato_leaf_late_blight,0.607448935508728,1,1.1888399124145508,8.311273574829102,0.17157459259033203,9.674115180969238
dataset/test/Tomato_leaf_late_blight/late_jpg.rf.f64883c6ac50eb4f477851ddc23305e8_aug_70aug48.jpg,Tomato_leaf_late_blight,Tomato_leaf_late_blight,0.4742642641067505,1,1.1558218002319336,8.38521957397461,0.17277908325195312,9.716856002807617
dataset/test/Tomato_leaf_late_blight/late_jpg.rf.f64883c6ac50eb4f477851ddc23305e8_aug_71aug42.jpg,Tomato_leaf_late_blight,Tomato_leaf_late_blight,0.8867608904838562,1,1.175729751586914,8.285088539123535,0.1788158416748047,9.643503189086914
dataset/test/Tomato_leaf_late_blight/late_jpg.rf.f64883c6ac50eb4f477851ddc23305e8aug23.jpg,Tomato_leaf_late_blight,Tomato_Early_blight_leaf,0.4770280122756958,0,1.232804298400879,8.381218910217285,0.1683349609375,9.785615921020508
dataset/test/Tomato_leaf_late_blight/lateblightTom_lesionaug30.jpg,Tomato_leaf_late_blight,Tomato_leaf_late_blight,0.9999483823776245,1,1.0760984420776367,8.16938304901123,0.16974258422851562,9.418039321899414
dataset/test/Tomato_leaf_late_blight/lb_leaf_lesions2x1200_jpg.rf.3a72cc9627c3ba6d79a876e19220824e_aug_81aug56.jpg,Tomato_leaf_late_blight,Tomato_leaf_late_blight,1.0,1,1.2677125930786133,10.917771339416504,0.16752052307128906,12.355595588684082
dataset/test/Tomato_leaf_late_blight/lb_leaf_lesions2x1200_jpg.rf.3a72cc9627c3ba6d79a876e19220824e_aug_82aug62.jpg,Tomato_leaf_late_blight,Tomato_leaf_late_blight,0.9999998807907104,1,1.1595439910888672,9.519521713256836,0.16853809356689453,10.850326538085938
dataset/test/Tomato_leaf_late_blight/lb_leaf_lesions2x1200_jpg.rf.3a72cc9627c3ba6d79a876e19220824e_aug_83aug57.jpg,Tomato_leaf_late_blight,Tomato_leaf_late_blight,1.0,1,1.1166181564331055,8.75466537475586,0.16818618774414062,10.042173385620117
dataset/test/Tomato_leaf_late_blight/lb_leaf_lesions2x1200_jpg.rf.3a72cc9627c3ba6d79a876e19220824eaug27.jpg,Tomato_leaf_late_blight,Tomato_leaf_late_blight,1.0,1,1.1100072860717773,8.407293319702148,0.1690387725830078,9.689133644104004
dataset/test/Tomato_leaf_late_blight/p1020076cs_aug_78aug35.jpg,Tomato_leaf_late_blight,Tomato_Healthy_leaf,0.5506601333618164,0,1.1043758392333984,8.353310585021973,0.1608724594116211,9.621410369873047
dataset/test/Tomato_leaf_late_blight/p1020076cs_aug_79aug59.jpg,Tomato_leaf_late_blight,Tomato_Healthy_leaf,0.7169545888900757,0,1.1149511337280273,8.149068832397461,0.1729440689086914,9.439985275268555
dataset/test/Tomato_leaf_late_blight/p1020076cs_aug_80aug55.jpg,Tomato_leaf_late_blight,Tomato_leaf_late_blight,0.9970128536224365,1,1.2165451049804688,8.232865333557129,0.1716299057006836,9.624003410339355
dataset/test/Tomato_leaf_late_blight/p1020076csaug26.jpg,Tomato_leaf_late_blight,Tomato_leaf_late_blight,0.9874796271324158,1,1.2281923294067383,8.173772811889648,0.16913127899169922,9.573707580566406
dataset/test/Tomato_leaf_late_blight/symptoms_of_late_blight_0_jpg.rf.417903f6c86ccb4f4bcd7139e0867018_aug_75aug58.jpg,Tomato_leaf_late_blight,Tomato_leaf_late_blight,0.9841283559799194,1,1.1478033065795898,8.323421478271484,0.1778726577758789,9.652633666992188
dataset/test/Tomato_leaf_late_blight/symptoms_of_late_blight_0_jpg.rf.417903f6c86ccb4f4bcd7139e0867018_aug_76aug54.jpg,Tomato_leaf_late_blight,Tomato_leaf_late_blight,0.9973352551460266,1,1.1515636444091797,8.39173698425293,0.17244529724121094,9.71804141998291
dataset/test/Tomato_leaf_late_blight/symptoms_of_late_blight_0_jpg.rf.417903f6c86ccb4f4bcd7139e0867018_aug_77aug61.jpg,Tomato_leaf_late_blight,Tomato_leaf_late_blight,0.9999052286148071,1,1.1901187896728516,8.518664360046387,0.18011188507080078,9.892024040222168
dataset/test/Tomato_leaf_late_blight/symptoms_of_late_blight_0_jpg.rf.417903f6c86ccb4f4bcd7139e0867018aug25.jpg,Tomato_leaf_late_blight,Tomato_leaf_late_blight,0.8834138512611389,1,1.173600196838379,8.429182052612305,0.17179584503173828,9.777097702026367
dataset/test/Tomato_leaf_late_blight/tomato-late-blight-leaf-61-3x32_aug_12aug112.jpg,Tomato_leaf_late_blight,Tomato_leaf_late_blight,0.9999862909317017,1,1.1355257034301758,8.381828308105469,0.17290973663330078,9.692745208740234
dataset/test/Tomato_leaf_late_blight/tomato-late-blight-leaf-61-3x32_aug_13aug110.jpg,Tomato_leaf_late_blight,Tomato_leaf_late_blight,0.999991774559021,1,1.0918397903442383,8.3240327835083,0.1711864471435547,9.589837074279785
dataset/test/Tomato_leaf_late_blight/tomato-late-blight-leaf-61-3x32_aug_14aug105.jpg,Tomato_leaf_late_blight,Tomato_leaf_late_blight,0.9999984502792358,1,1.1451377868652344,8.36620044708252,0.16915035247802734,9.683411598205566
dataset/test/Tomato_leaf_late_blight/tomato-late-blight-leaf-61-3x32aug4.jpg,Tomato_leaf_late_blight,Tomato_leaf_late_blight,0.9999924898147583,1,1.0911540985107422,9.039573669433594,0.2111501693725586,10.344822883605957
dataset/test/Tomato_leaf_late_blight/tomato.early.blightH_aug_18aug100.jpg,Tomato_leaf_late_blight,Tomato_Septoria_leaf_spot,0.9939502477645874,0,1.610158920288086,11.20653247833252,0.2127971649169922,13.032914161682129
dataset/test/Tomato_leaf_late_blight/tomato.early.blightH_aug_19aug107.jpg,Tomato_leaf_late_blight,Tomato_Septoria_leaf_spot,0.5983927249908447,0,1.6356401443481445,11.430126190185547,0.2017049789428711,13.27089786529541
dataset/test/Tomato_leaf_late_blight/tomato.early.blightH_aug_20aug94.jpg,Tomato_leaf_late_blight,Tomato_Septoria_leaf_spot,0.8793140053749084,0,1.5921945571899414,11.231088638305664,0.20970535278320312,13.036470413208008
dataset/test/Tomato_leaf_late_blight/tomato.early.blightHaug6.jpg,Tomato_leaf_late_blight,Tomato_Septoria_leaf_spot,0.8718058466911316,0,1.617417335510254,11.138532638549805,0.21031665802001953,12.969987869262695
dataset/test/Tomato_leaf_yellow_curl_virus/1342017-162221-44540_jpg.rf.f68314ea4850dade3a214dec71c83715_aug_77aug56.jpg,Tomato_leaf_yellow_curl_virus,Tomato_leaf_yellow_curl_virus,0.9999995231628418,1,1.568343162536621,11.154180526733398,0.212371826171875,12.938302993774414
dataset/test/Tomato_leaf_yellow_curl_virus/1342017-162221-44540_jpg.rf.f68314ea4850dade3a214dec71c83715_aug_78aug81.jpg,Tomato_leaf_yellow_curl_virus,Tomato_leaf_yellow_curl_virus,0.9999336004257202,1,1.599287986755371,11.123457908630371,0.21238994598388672,12.938821792602539
dataset/test/Tomato_leaf_yellow_curl_virus/1342017-162221-44540_jpg.rf.f68314ea4850dade3a214dec71c83715_aug_79aug60.jpg,Tomato_leaf_yellow_curl_virus,Tomato_leaf_yellow_curl_virus,0.9999998807907104,1,1.554861068725586,11.483830451965332,0.20992755889892578,13.252118110656738
dataset/test/Tomato_leaf_yellow_curl_virus/1342017-162221-44540_jpg.rf.f68314ea4850dade3a214dec71c83715_aug_80aug64.jpg,Tomato_leaf_yellow_curl_virus,Tomato_leaf_yellow_curl_virus,0.9999973773956299,1,1.5626955032348633,10.298286437988281,0.169464111328125,12.033371925354004
dataset/test/Tomato_leaf_yellow_curl_virus/1342017-162221-44540_jpg.rf.f68314ea4850dade3a214dec71c83715_aug_81aug61.jpg,Tomato_leaf_yellow_curl_virus,Tomato_leaf_yellow_curl_virus,0.999997615814209,1,1.1787109375,8.22368049621582,0.1711864471435547,9.576299667358398
dataset/test/Tomato_leaf_yellow_curl_virus/1342017-162221-44540_jpg.rf.f68314ea4850dade3a214dec71c83715_aug_82aug80.jpg,Tomato_leaf_yellow_curl_virus,Tomato_leaf_yellow_curl_virus,0.9999985694885254,1,1.205489158630371,8.206718444824219,0.1662425994873047,9.581466674804688
dataset/test/Tomato_leaf_yellow_curl_virus/1342017-162221-44540_jpg.rf.f68314ea4850dade3a214dec71c83715_aug_83aug70.jpg,Tomato_leaf_yellow_curl_virus,Tomato_leaf_yellow_curl_virus,0.9999934434890747,1,1.1759147644042969,8.74975872039795,0.16596508026123047,10.094284057617188
dataset/test/Tomato_leaf_yellow_curl_virus/1342017-162221-44540_jpg.rf.f68314ea4850dade3a214dec71c83715aug11.jpg,Tomato_leaf_yellow_curl_virus,Tomato_leaf_yellow_curl_virus,0.9999997615814209,1,1.192673683166504,8.225846290588379,0.16433429718017578,9.585597038269043
dataset/test/Tomato_leaf_yellow_curl_virus/8226402877_9abf151b5b_b_jpg.rf.a2dff27e03c5ab47916df5d873c1590f_aug_70aug66.jpg,Tomato_leaf_yellow_curl_virus,Tomato_leaf_yellow_curl_virus,0.9999986886978149,1,1.1181373596191406,9.341130256652832,0.16674232482910156,10.628584861755371
dataset/test/Tomato_leaf_yellow_curl_virus/8226402877_9abf151b5b_b_jpg.rf.a2dff27e03c5ab47916df5d873c1590f_aug_71aug69.jpg,Tomato_leaf_yellow_curl_virus,Tomato_leaf_yellow_curl_virus,0.9999997615814209,1,1.1552295684814453,8.362236976623535,0.16098308563232422,9.681022644042969
dataset/test/Tomato_leaf_yellow_curl_virus/8226402877_9abf151b5b_b_jpg.rf.a2dff27e03c5ab47916df5d873c1590f_aug_72aug73.jpg,Tomato_leaf_yellow_curl_virus,Tomato_leaf_yellow_curl_virus,0.9999947547912598,1,1.1264896392822266,13.108026504516602,0.1793527603149414,14.416681289672852
dataset/test/Tomato_leaf_yellow_curl_virus/8226402877_9abf151b5b_b_jpg.rf.a2dff27e03c5ab47916df5d873c1590f_aug_73aug54.jpg,Tomato_leaf_yellow_curl_virus,Tomato_leaf_yellow_curl_virus,0.9999997615814209,1,1.1706743240356445,17.417552947998047,0.17479801177978516,18.76615333557129
dataset/test/Tomato_leaf_yellow_curl_virus/8226402877_9abf151b5b_b_jpg.rf.a2dff27e03c5ab47916df5d873c1590f_aug_74aug76.jpg,Tomato_leaf_yellow_curl_virus,Tomato_leaf_yellow_curl_virus,0.9999997615814209,1,1.2068414688110352,9.175223350524902,0.1700000762939453,10.55495548248291
dataset/test/Tomato_leaf_yellow_curl_virus/8226402877_9abf151b5b_b_jpg.rf.a2dff27e03c5ab47916df5d873c1590f_aug_75aug74.jpg,Tomato_leaf_yellow_curl_virus,Tomato_leaf_yellow_curl_virus,1.0,1,1.1313037872314453,10.238712310791016,0.17081546783447266,11.543793678283691
dataset/test/Tomato_leaf_yellow_curl_virus/8226402877_9abf151b5b_b_jpg.rf.a2dff27e03c5ab47916df5d873c1590f_aug_76aug65.jpg,Tomato_leaf_yellow_curl_virus,Tomato_leaf_yellow_curl_virus,0.9999988079071045,1,1.1330070495605469,8.352607727050781,0.17088985443115234,9.659540176391602
dataset/test/Tomato_leaf_yellow_curl_virus/8226402877_9abf151b5b_b_jpg.rf.a2dff27e03c5ab47916df5d873c1590faug10.jpg,Tomato_leaf_yellow_curl_virus,Tomato_leaf_yellow_curl_virus,0.9999988079071045,1,1.1295442581176758,8.228180885314941,0.16775989532470703,9.528206825256348
dataset/test/Tomato_leaf_yellow_curl_virus/DSC01999-JPG_jpg.rf.700fa6596ab8750ad0f1c47a0defe191_aug_84aug53.jpg,Tomato_leaf_yellow_curl_virus,Tomato_leaf_yellow_curl_virus,0.9999971389770508,1,1.257563591003418,8.217347145080566,0.17046451568603516,9.648153305053711
dataset/test/Tomato_leaf_yellow_curl_virus/DSC01999-JPG_jpg.rf.700fa6596ab8750ad0f1c47a0defe191_aug_85aug82.jpg,Tomato_leaf_yellow_curl_virus,Tomato_leaf_yellow_curl_virus,0.9999971389770508,1,1.2140073776245117,8.183457374572754,0.1698150634765625,9.570391654968262
dataset/test/Tomato_leaf_yellow_curl_virus/DSC01999-JPG_jpg.rf.700fa6596ab8750ad0f1c47a0defe191_aug_86aug71.jpg,Tomato_leaf_yellow_curl_virus,Tomato_leaf_yellow_curl_virus,1.0,1,1.2107295989990234,8.39570140838623,0.16716766357421875,9.776671409606934
dataset/test/Tomato_leaf_yellow_curl_virus/DSC01999-JPG_jpg.rf.700fa6596ab8750ad0f1c47a0defe191_aug_87aug78.jpg,Tomato_leaf_yellow_curl_virus,Tomato_leaf_yellow_curl_virus,0.9999997615814209,1,1.1694889068603516,8.3799409866333,0.1690206527709961,9.721282005310059
dataset/test/Tomato_leaf_yellow_curl_virus/DSC01999-JPG_jpg.rf.700fa6596ab8750ad0f1c47a0defe191_aug_88aug51.jpg,Tomato_leaf_yellow_curl_virus,Tomato_leaf_yellow_curl_virus,0.9999996423721313,1,1.1676912307739258,8.269384384155273,0.16535282135009766,9.605430603027344
dataset/test/Tomato_leaf_yellow_curl_virus/DSC01999-JPG_jpg.rf.700fa6596ab8750ad0f1c47a0defe191_aug_89aug63.jpg,Tomato_leaf_yellow_curl_virus,Tomato_leaf_yellow_curl_virus,0.9999994039535522,1,1.1618223190307617,8.191902160644531,0.15833377838134766,9.51439094543457
dataset/test/Tomato_leaf_yellow_curl_virus/DSC01999-JPG_jpg.rf.700fa6596ab8750ad0f1c47a0defe191_aug_90aug85.jpg,Tomato_leaf_yellow_curl_virus,Tomato_leaf_yellow_curl_virus,0.9999992847442627,1,1.1862668991088867,8.079734802246094,0.17901992797851562,9.447689056396484
dataset/test/Tomato_leaf_yellow_curl_virus/DSC01999-JPG_jpg.rf.700fa6596ab8750ad0f1c47a0defe191aug12.jpg,Tomato_leaf_yellow_curl_virus,Tomato_leaf_yellow_curl_virus,0.9999997615814209,1,1.324544906616211,8.446571350097656,0.1786489486694336,9.95289421081543
dataset/test/Tomato_leaf_yellow_curl_virus/DSC01999.JPG_aug_63aug68.jpg,Tomato_leaf_yellow_curl_virus,Tomato_leaf_yellow_curl_virus,0.9999402761459351,1,1.3607292175292969,8.432367324829102,0.17305660247802734,9.969043731689453
dataset/test/Tomato_leaf_yellow_curl_virus/DSC01999.JPG_aug_64aug72.jpg,Tomato_leaf_yellow_curl_virus,Tomato_leaf_yellow_curl_virus,0.9880387187004089,1,1.345137596130371,8.315032005310059,0.18355751037597656,9.847615242004395
dataset/test/Tomato_leaf_yellow_curl_virus/DSC01999.JPG_aug_65aug75.jpg,Tomato_leaf_yellow_curl_virus,Tomato_leaf_yellow_curl_virus,0.9976713061332703,1,1.3979902267456055,8.379459381103516,0.17453861236572266,9.954987525939941
dataset/test/Tomato_leaf_yellow_curl_virus/DSC01999.JPG_aug_66aug58.jpg,Tomato_leaf_yellow_curl_virus,Tomato_leaf_yellow_curl_virus,0.9992958307266235,1,1.3957672119140625,8.380292892456055,0.18598365783691406,9.965117454528809
dataset/test/Tomato_leaf_yellow_curl_virus/DSC01999.JPG_aug_67aug83.jpg,Tomato_leaf_yellow_curl_virus,Tomato_leaf_yellow_curl_virus,0.9998487234115601,1,1.2187671661376953,8.619646072387695,0.1726856231689453,10.013562202453613
dataset/test/Tomato_leaf_yellow_curl_virus/DSC01999.JPG_aug_68aug79.jpg,Tomato_leaf_yellow_curl_virus,Tomato_leaf_yellow_curl_virus,0.9988001585006714,1,1.282750129699707,8.51082992553711,0.17696475982666016,9.973359107971191
dataset/test/Tomato_leaf_yellow_curl_virus/DSC01999.JPG_aug_69aug62.jpg,Tomato_leaf_yellow_curl_virus,Tomato_leaf_yellow_curl_virus,0.9977915287017822,1,1.214599609375,9.360039710998535,0.17516803741455078,10.752862930297852
dataset/test/Tomato_leaf_yellow_curl_virus/DSC01999.JPGaug9.jpg,Tomato_leaf_yellow_curl_virus,Tomato_leaf_yellow_curl_virus,0.9999743700027466,1,1.3330821990966797,8.357162475585938,0.17590904235839844,9.869114875793457
dataset/test/Tomato_leaf_yellow_curl_virus/IMG_20251102_155103aug15.jpg,Tomato_leaf_yellow_curl_virus,Tomato_leaf_yellow_curl_virus,0.9760318398475647,1,1.1441173553466797,8.487570762634277,0.19672393798828125,9.831892967224121
dataset/test/Tomato_leaf_yellow_curl_virus/IMG_20251102_160455_aug_42aug104.jpg,Tomato_leaf_yellow_curl_virus,Tomato_leaf_yellow_curl_virus,0.9985780715942383,1,1.1732673645019531,8.315476417541504,0.18179702758789062,9.673504829406738
dataset/test/Tomato_leaf_yellow_curl_virus/IMG_20251102_160455_aug_43aug111.jpg,Tomato_leaf_yellow_curl_virus,Tomato_leaf_yellow_curl_virus,0.9973848462104797,1,1.1276540756225586,8.209088325500488,0.17161178588867188,9.511466979980469
dataset/test/Tomato_leaf_yellow_curl_virus/IMG_20251102_160455_aug_44aug112.jpg,Tomato_leaf_yellow_curl_virus,Tomato_leaf_yellow_curl_virus,0.9999593496322632,1,1.1293220520019531,8.20119857788086,0.20468616485595703,9.538114547729492
dataset/test/Tomato_leaf_yellow_curl_virus/IMG_20251102_160455_aug_45aug108.jpg,Tomato_leaf_yellow_curl_virus,Tomato_leaf_yellow_curl_virus,0.9999858140945435,1,1.1230249404907227,8.422829627990723,0.1762228012084961,9.724449157714844
dataset/test/Tomato_leaf_yellow_curl_virus/IMG_20251102_160455_aug_46aug110.jpg,Tomato_leaf_yellow_curl_virus,Tomato_leaf_yellow_curl_virus,0.9787890911102295,1,1.1196746826171875,8.264126777648926,0.17037200927734375,9.557225227355957
dataset/test/Tomato_leaf_yellow_curl_virus/IMG_20251102_160455_aug_47aug98.jpg,Tomato_leaf_yellow_curl_virus,Tomato_leaf_yellow_curl_virus,0.9999783039093018,1,1.1561002731323242,8.50547981262207,0.16835308074951172,9.832690238952637
dataset/test/Tomato_leaf_yellow_curl_virus/IMG_20251102_160455_aug_48aug105.jpg,Tomato_leaf_yellow_curl_virus,Tomato_leaf_yellow_curl_virus,0.9999868869781494,1,1.119192123413086,8.393014907836914,0.16751861572265625,9.682282447814941
dataset/test/Tomato_leaf_yellow_curl_virus/IMG_20251102_160455aug6.jpg,Tomato_leaf_yellow_curl_virus,Tomato_leaf_yellow_curl_virus,0.9996034502983093,1,1.1442842483520508,8.314162254333496,0.16424274444580078,9.625077247619629
dataset/test/Tomato_leaf_yellow_curl_virus/IMG_20251102_160553_aug_35aug49.jpg,Tomato_leaf_yellow_curl_virus,Tomato_Early_blight_leaf,0.6727157235145569,0,1.2376747131347656,8.173883438110352,0.17176055908203125,9.585780143737793
dataset/test/Tomato_leaf_yellow_curl_virus/IMG_20251102_160553_aug_36aug113.jpg,Tomato_leaf_yellow_curl_virus,Tomato_leaf_yellow_curl_virus,0.8432011604309082,1,1.237471580505371,8.152994155883789,0.17113113403320312,9.56431770324707
dataset/test/Tomato_leaf_yellow_curl_virus/IMG_20251102_160553_aug_37aug114.jpg,Tomato_leaf_yellow_curl_virus,Tomato_Septoria_leaf_spot,0.9526003003120422,0,1.2974348068237305,10.797085762023926,0.23416805267333984,12.331780433654785
dataset/test/Tomato_leaf_yellow_curl_virus/IMG_20251102_160553_aug_38aug101.jpg,Tomato_leaf_yellow_curl_virus,Tomato_Early_blight_leaf,0.5156369209289551,0,1.537139892578125,11.087531089782715,0.21840763092041016,12.847079277038574
dataset/test/Tomato_leaf_yellow_curl_virus/IMG_20251102_160553_aug_39aug118.jpg,Tomato_leaf_yellow_curl_virus,Tomato_Septoria_leaf_spot,0.8136945366859436,0,1.5357141494750977,11.04417896270752,0.21781635284423828,12.801559448242188
dataset/test/Tomato_leaf_yellow_curl_virus/IMG_20251102_160553_aug_40aug19.jpg,Tomato_leaf_yellow_curl_virus,Tomato_Septoria_leaf_spot,0.8831228017807007,0,1.5562877655029297,11.444960594177246,0.2115936279296875,13.216378211975098
dataset/test/Tomato_leaf_yellow_curl_virus/IMG_20251102_160553_aug_41aug119.jpg,Tomato_leaf_yellow_curl_virus,Tomato_Septoria_leaf_spot,0.9046391248703003,0,1.6521215438842773,11.044864654541016,0.24766826629638672,12.948580741882324
dataset/test/Tomato_leaf_yellow_curl_virus/IMG_20251102_160553aug5.jpg,Tomato_leaf_yellow_curl_virus,Tomato_leaf_yellow_curl_virus,0.9595533013343811,1,1.629899024963379,11.271162033081055,0.2008342742919922,13.105376243591309
dataset/test/Tomato_leaf_yellow_curl_virus/TYLCV-tomate-DB-445-171_jpg.rf.9d70326900dd981ab5d49063b0d644f0_aug_21aug41.jpg,Tomato_leaf_yellow_curl_virus,Tomato_leaf_yellow_curl_virus,1.0,1,1.4961748123168945,11.256550788879395,0.2109832763671875,12.967486381530762
dataset/test/Tomato_leaf_yellow_curl_virus/TYLCV-tomate-DB-445-171_jpg.rf.9d70326900dd981ab5d49063b0d644f0_aug_22aug30.jpg,Tomato_leaf_yellow_curl_virus,Tomato_leaf_yellow_curl_virus,1.0,1,1.5070276260375977,8.23142147064209,0.1978168487548828,9.939080238342285
dataset/test/Tomato_leaf_yellow_curl_virus/TYLCV-tomate-DB-445-171_jpg.rf.9d70326900dd981ab5d49063b0d644f0_aug_23aug42.jpg,Tomato_leaf_yellow_curl_virus,Tomato_leaf_yellow_curl_virus,1.0,1,1.1029319763183594,7.968457221984863,0.17133426666259766,9.245667457580566
dataset/test/Tomato_leaf_yellow_curl_virus/TYLCV-tomate-DB-445-171_jpg.rf.9d70326900dd981ab5d49063b0d644f0_aug_24aug45.jpg,Tomato_leaf_yellow_curl_virus,Tomato_leaf_yellow_curl_virus,0.9999994039535522,1,1.1075248718261719,7.852215766906738,0.16814899444580078,9.131000518798828
dataset/test/Tomato_leaf_yellow_curl_virus/TYLCV-tomate-DB-445-171_jpg.rf.9d70326900dd981ab5d49063b0d644f0_aug_25aug20.jpg,Tomato_leaf_yellow_curl_virus,Tomato_leaf_yellow_curl_virus,0.9999970197677612,1,1.1170263290405273,8.014660835266113,0.17220401763916016,9.306686401367188
dataset/test/Tomato_leaf_yellow_curl_virus/TYLCV-tomate-DB-445-171_jpg.rf.9d70326900dd981ab5d49063b0d644f0_aug_26aug18.jpg,Tomato_leaf_yellow_curl_virus,Tomato_leaf_yellow_curl_virus,0.9999958276748657,1,1.2139692306518555,7.960975646972656,0.1667776107788086,9.344408988952637
dataset/test/Tomato_leaf_yellow_curl_virus/TYLCV-tomate-DB-445-171_jpg.rf.9d70326900dd981ab5d49063b0d644f0_aug_27aug29.jpg,Tomato_leaf_yellow_curl_virus,Tomato_leaf_yellow_curl_virus,0.9999990463256836,1,1.1671733856201172,7.916438102722168,0.16622257232666016,9.25253963470459
dataset/test/Tomato_leaf_yellow_curl_virus/TYLCV-tomate-DB-445-171_jpg.rf.9d70326900dd981ab5d49063b0d644f0aug3.jpg,Tomato_leaf_yellow_curl_virus,Tomato_leaf_yellow_curl_virus,0.9999996423721313,1,1.1201171875,8.240865707397461,0.1682596206665039,9.532447814941406
dataset/test/Tomato_leaf_yellow_curl_virus/TYLCV4_jpg.rf.2e4accea501a220be9dc475dd1ca3121_aug_10aug22.jpg,Tomato_leaf_yellow_curl_virus,Tomato_leaf_yellow_curl_virus,0.9999974966049194,1,1.1351194381713867,7.885123252868652,0.1782245635986328,9.20161247253418
dataset/test/Tomato_leaf_yellow_curl_virus/TYLCV4_jpg.rf.2e4accea501a220be9dc475dd1ca3121_aug_11aug44.jpg,Tomato_leaf_yellow_curl_virus,Tomato_leaf_yellow_curl_virus,0.9999998807907104,1,1.1170425415039062,8.233255386352539,0.17148399353027344,9.524578094482422
dataset/test/Tomato_leaf_yellow_curl_virus/TYLCV4_jpg.rf.2e4accea501a220be9dc475dd1ca3121_aug_12aug39.jpg,Tomato_leaf_yellow_curl_virus,Tomato_leaf_yellow_curl_virus,0.9999966621398926,1,1.110342025756836,7.862566947937012,0.16522216796875,9.140501022338867
dataset/test/Tomato_leaf_yellow_curl_virus/TYLCV4_jpg.rf.2e4accea501a220be9dc475dd1ca3121_aug_13aug35.jpg,Tomato_leaf_yellow_curl_virus,Tomato_leaf_yellow_curl_virus,0.999992847442627,1,1.1375436782836914,7.812029838562012,0.16689014434814453,9.118927955627441
dataset/test/Tomato_leaf_yellow_curl_virus/TYLCV4_jpg.rf.2e4accea501a220be9dc475dd1ca3121_aug_7aug40.jpg,Tomato_leaf_yellow_curl_virus,Tomato_leaf_yellow_curl_virus,0.9999998807907104,1,1.133432388305664,8.272051811218262,0.17820453643798828,9.586651802062988
dataset/test/Tomato_leaf_yellow_curl_virus/TYLCV4_jpg.rf.2e4accea501a220be9dc475dd1ca3121_aug_8aug33.jpg,Tomato_leaf_yellow_curl_virus,Tomato_leaf_yellow_curl_virus,0.9999983310699463,1,1.1551189422607422,8.375310897827148,0.16996479034423828,9.70289421081543
dataset/test/Tomato_leaf_yellow_curl_virus/TYLCV4_jpg.rf.2e4accea501a220be9dc475dd1ca3121_aug_9aug48.jpg,Tomato_leaf_yellow_curl_virus,Tomato_leaf_yellow_curl_virus,0.9999995231628418,1,1.1684703826904297,8.48349666595459,0.1708526611328125,9.825654029846191
dataset/test/Tomato_leaf_yellow_curl_virus/TYLCV4_jpg.rf.2e4accea501a220be9dc475dd1ca3121aug1.jpg,Tomato_leaf_yellow_curl_virus,Tomato_leaf_yellow_curl_virus,0.9999990463256836,1,1.1386003494262695,8.277162551879883,0.16672325134277344,9.585041999816895
dataset/test/Tomato_leaf_yellow_curl_virus/art_15017325188173_a24a66_aug_14aug36.jpg,Tomato_leaf_yellow_curl_virus,Tomato_leaf_yellow_curl_virus,0.9999799728393555,1,1.3432121276855469,8.297791481018066,0.16672325134277344,9.810856819152832
dataset/test/Tomato_leaf_yellow_curl_virus/art_15017325188173_a24a66_aug_15aug23.jpg,Tomato_leaf_yellow_curl_virus,Tomato_leaf_yellow_curl_virus,0.9999504089355469,1,1.1743783950805664,8.374218940734863,0.17012977600097656,9.72169017791748
dataset/test/Tomato_leaf_yellow_curl_virus/art_15017325188173_a24a66_aug_16aug34.jpg,Tomato_leaf_yellow_curl_virus,Tomato_leaf_yellow_curl_virus,0.9994329810142517,1,1.1853952407836914,8.141901969909668,0.17785167694091797,9.50859546661377
dataset/test/Tomato_leaf_yellow_curl_virus/art_15017325188173_a24a66_aug_17aug43.jpg,Tomato_leaf_yellow_curl_virus,Tomato_leaf_yellow_curl_virus,0.9925717711448669,1,1.2160253524780273,8.349124908447266,0.17824172973632812,9.746376037597656
dataset/test/Tomato_leaf_yellow_curl_virus/art_15017325188173_a24a66_aug_18aug47.jpg,Tomato_leaf_yellow_curl_virus,Tomato_leaf_yellow_curl_virus,0.9128316640853882,1,1.229842185974121,8.14649486541748,0.2066497802734375,9.586004257202148
dataset/test/Tomato_leaf_yellow_curl_virus/art_15017325188173_a24a66_aug_19aug25.jpg,Tomato_leaf_yellow_curl_virus,Tomato_leaf_yellow_curl_virus,0.9910374879837036,1,1.2045631408691406,8.321218490600586,0.17135334014892578,9.700188636779785
dataset/test/Tomato_leaf_yellow_curl_virus/art_15017325188173_a24a66_aug_20aug46.jpg,Tomato_leaf_yellow_curl_virus,Tomato_leaf_yellow_curl_virus,0.9991796612739563,1,1.1998968124389648,8.177252769470215,0.17100238800048828,9.5505952835083
dataset/test/Tomato_leaf_yellow_curl_virus/art_15017325188173_a24a66aug2.jpg,Tomato_leaf_yellow_curl_virus,Tomato_leaf_yellow_curl_virus,0.9795881509780884,1,1.24078369140625,8.352958679199219,0.180908203125,9.777820587158203
dataset/test/Tomato_leaf_yellow_curl_virus/psyllid-yellows_jpg.rf.1d99aab2f43a840be530ce313eb0c0fd_aug_56aug57.jpg,Tomato_leaf_yellow_curl_virus,Tomato_leaf_yellow_curl_virus,0.9999996423721313,1,1.1723222732543945,8.184365272521973,0.18518638610839844,9.545430183410645
dataset/test/Tomato_leaf_yellow_curl_virus/psyllid-yellows_jpg.rf.1d99aab2f43a840be530ce313eb0c0fd_aug_57aug84.jpg,Tomato_leaf_yellow_curl_virus,Tomato_leaf_yellow_curl_virus,0.9999902248382568,1,1.1800060272216797,8.222347259521484,0.17294692993164062,9.578022003173828
dataset/test/Tomato_leaf_yellow_curl_virus/psyllid-yellows_jpg.rf.1d99aab2f43a840be530ce313eb0c0fd_aug_58aug52.jpg,Tomato_leaf_yellow_curl_virus,Tomato_leaf_yellow_curl_virus,0.9999902248382568,1,1.1720247268676758,8.460348129272461,0.17331600189208984,9.808393478393555
dataset/test/Tomato_leaf_yellow_curl_virus/psyllid-yellows_jpg.rf.1d99aab2f43a840be530ce313eb0c0fd_aug_59aug77.jpg,Tomato_leaf_yellow_curl_virus,Tomato_leaf_yellow_curl_virus,1.0,1,1.1935062408447266,8.581367492675781,0.20442676544189453,9.982339859008789
dataset/test/Tomato_leaf_yellow_curl_virus/psyllid-yellows_jpg.rf.1d99aab2f43a840be530ce313eb0c0fd_aug_60aug86.jpg,Tomato_leaf_yellow_curl_virus,Tomato_leaf_yellow_curl_virus,1.0,1,1.1953773498535156,8.396255493164062,0.17444610595703125,9.768543243408203
dataset/test/Tomato_leaf_yellow_curl_virus/psyllid-yellows_jpg.rf.1d99aab2f43a840be530ce313eb0c0fd_aug_61aug59.jpg,Tomato_leaf_yellow_curl_virus,Tomato_leaf_yellow_curl_virus,1.0,1,1.1629514694213867,8.299736022949219,0.1677236557006836,9.633430480957031
dataset/test/Tomato_leaf_yellow_curl_virus/psyllid-yellows_jpg.rf.1d99aab2f43a840be530ce313eb0c0fd_aug_62aug67.jpg,Tomato_leaf_yellow_curl_virus,Tomato_leaf_yellow_curl_virus,0.9999971389770508,1,1.2028589248657227,8.573016166687012,0.1785564422607422,9.957375526428223
dataset/test/Tomato_leaf_yellow_curl_virus/psyllid-yellows_jpg.rf.1d99aab2f43a840be530ce313eb0c0fdaug8.jpg,Tomato_leaf_yellow_curl_virus,Tomato_leaf_yellow_curl_virus,0.999998927116394,1,1.175063133239746,8.410090446472168,0.16888904571533203,9.75726318359375
dataset/test/Tomato_leaf_yellow_curl_virus/tj5itxzunn3k_jpg.rf.4aeda27b2535578e718fe6279491d0d4_aug_49aug102.jpg,Tomato_leaf_yellow_curl_virus,Tomato_leaf_yellow_curl_virus,0.999992847442627,1,1.1310815811157227,8.286014556884766,0.17185306549072266,9.591540336608887
dataset/test/Tomato_leaf_yellow_curl_virus/tj5itxzunn3k_jpg.rf.4aeda27b2535578e718fe6279491d0d4_aug_50aug109.jpg,Tomato_leaf_yellow_curl_virus,Tomato_leaf_yellow_curl_virus,0.9999995231628418,1,1.4116201400756836,11.188680648803711,0.2103719711303711,12.81448745727539
dataset/test/Tomato_leaf_yellow_curl_virus/tj5itxzunn3k_jpg.rf.4aeda27b2535578e718fe6279491d0d4_aug_51aug99.jpg,Tomato_leaf_yellow_curl_virus,Tomato_leaf_yellow_curl_virus,1.0,1,1.4574909210205078,10.932049751281738,0.21172428131103516,12.605356216430664
dataset/test/Tomato_leaf_yellow_curl_virus/tj5itxzunn3k_jpg.rf.4aeda27b2535578e718fe6279491d0d4_aug_52aug103.jpg,Tomato_leaf_yellow_curl_virus,Tomato_leaf_yellow_curl_virus,0.9999997615814209,1,1.4445276260375977,11.124104499816895,0.20909404754638672,12.781431198120117
dataset/test/Tomato_leaf_yellow_curl_virus/tj5itxzunn3k_jpg.rf.4aeda27b2535578e718fe6279491d0d4_aug_53aug100.jpg,Tomato_leaf_yellow_curl_virus,Tomato_leaf_yellow_curl_virus,0.9999992847442627,1,1.4861392974853516,11.186680793762207,0.19535350799560547,12.871615409851074
dataset/test/Tomato_leaf_yellow_curl_virus/tj5itxzunn3k_jpg.rf.4aeda27b2535578e718fe6279491d0d4_aug_54aug106.jpg,Tomato_leaf_yellow_curl_virus,Tomato_leaf_yellow_curl_virus,1.0,1,1.4491939544677734,11.18342113494873,0.20676040649414062,12.842634201049805
dataset/test/Tomato_leaf_yellow_curl_virus/tj5itxzunn3k_jpg.rf.4aeda27b2535578e718fe6279491d0d4_aug_55aug107.jpg,Tomato_leaf_yellow_curl_virus,Tomato_leaf_yellow_curl_virus,0.9999862909317017,1,1.434952735900879,11.101827621459961,0.20903873443603516,12.749133110046387
dataset/test/Tomato_leaf_yellow_curl_virus/tj5itxzunn3k_jpg.rf.4aeda27b2535578e718fe6279491d0d4aug7.jpg,Tomato_leaf_yellow_curl_virus,Tomato_leaf_yellow_curl_virus,1.0,1,1.4638423919677734,11.183773040771484,0.21224212646484375,12.86298656463623
dataset/test/Tomato_leaf_yellow_curl_virus/tomato-yellow-closeup-3_aug_28aug16.jpg,Tomato_leaf_yellow_curl_virus,Tomato_leaf_yellow_curl_virus,0.4973638355731964,1,1.582158088684082,11.082587242126465,0.18613052368164062,12.853617668151855
dataset/test/Tomato_leaf_yellow_curl_virus/tomato-yellow-closeup-3_aug_29aug27.jpg,Tomato_leaf_yellow_curl_virus,Tomato_Early_blight_leaf,0.3615671992301941,0,1.177229881286621,7.951418876647949,0.16514968872070312,9.296667098999023
dataset/test/Tomato_leaf_yellow_curl_virus/tomato-yellow-closeup-3_aug_30aug117.jpg,Tomato_leaf_yellow_curl_virus,Tomato_leaf_yellow_curl_virus,0.4283406436443329,1,1.1213960647583008,7.884993553161621,0.16586971282958984,9.175131797790527
dataset/test/Tomato_leaf_yellow_curl_virus/tomato-yellow-closeup-3_aug_31aug31.jpg,Tomato_leaf_yellow_curl_virus,Tomato_Septoria_leaf_spot,0.6472024321556091,0,1.1240997314453125,7.921067237854004,0.17938995361328125,9.227815628051758
dataset/test/Tomato_leaf_yellow_curl_virus/tomato-yellow-closeup-3_aug_32aug115.jpg,Tomato_leaf_yellow_curl_virus,Tomato_mold_leaf,0.34598058462142944,0,1.1647300720214844,7.836159706115723,0.16629791259765625,9.169742584228516
dataset/test/Tomato_leaf_yellow_curl_virus/tomato-yellow-closeup-3_aug_33aug116.jpg,Tomato_leaf_yellow_curl_virus,Tomato_Healthy_leaf,0.29790931940078735,0,1.1165990829467773,7.7676591873168945,0.16570568084716797,9.052314758300781
dataset/test/Tomato_leaf_yellow_curl_virus/tomato-yellow-closeup-3_aug_34aug26.jpg,Tomato_leaf_yellow_curl_virus,Tomato_Septoria_leaf_spot,0.5770025253295898,0,1.1180438995361328,7.973031044006348,0.16351890563964844,9.256891250610352
dataset/test/Tomato_leaf_yellow_curl_virus/tomato-yellow-closeup-3aug4.jpg,Tomato_leaf_yellow_curl_virus,Tomato_Septoria_leaf_spot,0.32768717408180237,0,1.1192665100097656,7.935789108276367,0.16059207916259766,9.218242645263672
dataset/test/Tomato_leaf_yellow_curl_virus/tomato-yellow-leaf-curl-virus-tomato-1_aug_100aug92.jpg,Tomato_leaf_yellow_curl_virus,Tomato_leaf_yellow_curl_virus,0.999998927116394,1,1.1651725769042969,7.792011260986328,0.15822315216064453,9.11772346496582
dataset/test/Tomato_leaf_yellow_curl_virus/tomato-yellow-leaf-curl-virus-tomato-1_aug_101aug95.jpg,Tomato_leaf_yellow_curl_virus,Tomato_leaf_yellow_curl_virus,0.9994428753852844,1,1.1015434265136719,7.784863471984863,0.2258892059326172,9.114908218383789
dataset/test/Tomato_leaf_yellow_curl_virus/tomato-yellow-leaf-curl-virus-tomato-1_aug_102aug88.jpg,Tomato_leaf_yellow_curl_virus,Tomato_leaf_yellow_curl_virus,0.9999997615814209,1,1.2333040237426758,7.768343925476074,0.1640920639038086,9.168261528015137
dataset/test/Tomato_leaf_yellow_curl_virus/tomato-yellow-leaf-curl-virus-tomato-1_aug_103aug93.jpg,Tomato_leaf_yellow_curl_virus,Tomato_leaf_yellow_curl_virus,0.9996589422225952,1,1.1735620498657227,7.889067649841309,0.17807674407958984,9.243982315063477
dataset/test/Tomato_leaf_yellow_curl_virus/tomato-yellow-leaf-curl-virus-tomato-1_aug_98aug91.jpg,Tomato_leaf_yellow_curl_virus,Tomato_leaf_yellow_curl_virus,0.9998226761817932,1,1.1416921615600586,8.523460388183594,0.17366790771484375,9.841689109802246
dataset/test/Tomato_leaf_yellow_curl_virus/tomato-yellow-leaf-curl-virus-tomato-1_aug_99aug90.jpg,Tomato_leaf_yellow_curl_virus,Tomato_leaf_yellow_curl_virus,0.9722399711608887,1,1.190321922302246,8.34457015991211,0.21352005004882812,9.752060890197754
dataset/test/Tomato_leaf_yellow_curl_virus/tomato-yellow-leaf-curl-virus-tomato-1aug14.jpg,Tomato_leaf_yellow_curl_virus,Tomato_leaf_yellow_curl_virus,0.9998478889465332,1,1.2063779830932617,8.887517929077148,0.17390918731689453,10.270785331726074
dataset/test/Tomato_leaf_yellow_curl_virus/tomatoyellowleafcurlcropped_aug_91aug55.jpg,Tomato_leaf_yellow_curl_virus,Tomato_leaf_yellow_curl_virus,0.8569738864898682,1,1.1652288436889648,11.435903549194336,0.1804637908935547,12.784709930419922
dataset/test/Tomato_leaf_yellow_curl_virus/tomatoyellowleafcurlcropped_aug_92aug89.jpg,Tomato_leaf_yellow_curl_virus,Tomato_leaf_yellow_curl_virus,0.9862440228462219,1,1.2116737365722656,9.168649673461914,0.18292808532714844,10.56663990020752
dataset/test/Tomato_leaf_yellow_curl_virus/tomatoyellowleafcurlcropped_aug_93aug97.jpg,Tomato_leaf_yellow_curl_virus,Tomato_leaf_yellow_curl_virus,0.9994024038314819,1,1.1792678833007812,8.40695858001709,0.17520523071289062,9.764226913452148
dataset/test/Tomato_leaf_yellow_curl_virus/tomatoyellowleafcurlcropped_aug_94aug50.jpg,Tomato_leaf_yellow_curl_virus,Tomato_leaf_yellow_curl_virus,0.963464081287384,1,1.2575273513793945,18.115445137023926,0.17177867889404297,19.547510147094727
dataset/test/Tomato_leaf_yellow_curl_virus/tomatoyellowleafcurlcropped_aug_95aug87.jpg,Tomato_leaf_yellow_curl_virus,Tomato_leaf_yellow_curl_virus,0.9948453903198242,1,1.3427486419677734,12.977155685424805,0.17507648468017578,14.49768352508545
dataset/test/Tomato_leaf_yellow_curl_virus/tomatoyellowleafcurlcropped_aug_96aug96.jpg,Tomato_leaf_yellow_curl_virus,Tomato_leaf_yellow_curl_virus,0.9943928718566895,1,1.174748420715332,8.567441940307617,0.1712045669555664,9.916377067565918
dataset/test/Tomato_leaf_yellow_curl_virus/tomatoyellowleafcurlcropped_aug_97aug94.jpg,Tomato_leaf_yellow_curl_virus,Tomato_leaf_yellow_curl_virus,0.999381422996521,1,1.2044143676757812,8.365626335144043,0.17246437072753906,9.745227813720703
dataset/test/Tomato_leaf_yellow_curl_virus/tomatoyellowleafcurlcroppedaug13.jpg,Tomato_leaf_yellow_curl_virus,Tomato_leaf_yellow_curl_virus,0.9994200468063354,1,1.1483592987060547,8.165087699890137,0.1677236557006836,9.4837064743042
dataset/test/Tomato_leaf_yellow_curl_virus/virus1_aug_0aug37.jpg,Tomato_leaf_yellow_curl_virus,Tomato_leaf_yellow_curl_virus,0.9999810457229614,1,1.1326732635498047,8.36769962310791,0.1777963638305664,9.68143081665039
dataset/test/Tomato_leaf_yellow_curl_virus/virus1_aug_1aug21.jpg,Tomato_leaf_yellow_curl_virus,Tomato_leaf_yellow_curl_virus,0.9989128112792969,1,1.120081901550293,8.34323787689209,0.1777963638305664,9.644264221191406
dataset/test/Tomato_leaf_yellow_curl_virus/virus1_aug_2aug24.jpg,Tomato_leaf_yellow_curl_virus,Tomato_leaf_yellow_curl_virus,0.9998866319656372,1,1.1321916580200195,8.259736061096191,0.17131519317626953,9.566004753112793
dataset/test/Tomato_leaf_yellow_curl_virus/virus1_aug_3aug17.jpg,Tomato_leaf_yellow_curl_virus,Tomato_leaf_yellow_curl_virus,0.9999150037765503,1,1.1687297821044922,8.248217582702637,0.17298221588134766,9.592392921447754
dataset/test/Tomato_leaf_yellow_curl_virus/virus1_aug_4aug28.jpg,Tomato_leaf_yellow_curl_virus,Tomato_leaf_yellow_curl_virus,0.9997054934501648,1,1.1291189193725586,8.14599609375,0.16987133026123047,9.447724342346191
dataset/test/Tomato_leaf_yellow_curl_virus/virus1_aug_5aug32.jpg,Tomato_leaf_yellow_curl_virus,Tomato_leaf_yellow_curl_virus,0.9999150037765503,1,1.129507064819336,8.34964370727539,0.1706676483154297,9.652393341064453
dataset/test/Tomato_leaf_yellow_curl_virus/virus1_aug_6aug38.jpg,Tomato_leaf_yellow_curl_virus,Tomato_leaf_yellow_curl_virus,0.9680629372596741,1,1.1299514770507812,8.354015350341797,0.1693716049194336,9.655855178833008
dataset/test/Tomato_leaf_yellow_curl_virus/virus1aug0.jpg,Tomato_leaf_yellow_curl_virus,Tomato_leaf_yellow_curl_virus,0.9999685287475586,1,1.1231908798217773,8.294088363647461,0.17505550384521484,9.595078468322754
dataset/test/Tomato_mold_leaf/IMG-20240724-WA0020_aug_68aug87.jpg,Tomato_mold_leaf,Tomato_mold_leaf,0.7841322422027588,1,1.2404890060424805,8.479477882385254,0.18370437622070312,9.906895637512207
dataset/test/Tomato_mold_leaf/IMG-20240724-WA0020_aug_69aug97.jpg,Tomato_mold_leaf,Tomato_mold_leaf,0.8564711213111877,1,1.1896934509277344,8.551719665527344,0.17164993286132812,9.915653228759766
dataset/test/Tomato_mold_leaf/IMG-20240724-WA0020_aug_70aug82.jpg,Tomato_mold_leaf,Tomato_mold_leaf,0.7086594700813293,1,1.233138084411621,8.547423362731934,0.18161296844482422,9.965764999389648
dataset/test/Tomato_mold_leaf/IMG-20240724-WA0020_aug_71aug98.jpg,Tomato_mold_leaf,Tomato_mold_leaf,0.6019513010978699,1,1.1923589706420898,8.543033599853516,0.17427825927734375,9.912375450134277
dataset/test/Tomato_mold_leaf/IMG-20240724-WA0020aug17.jpg,Tomato_mold_leaf,Tomato_mold_leaf,0.7387654185295105,1,1.2334709167480469,8.389848709106445,0.17477798461914062,9.800911903381348
dataset/test/Tomato_mold_leaf/IMG-20240724-WA0044_aug_10aug44.jpg,Tomato_mold_leaf,Tomato_mold_leaf,0.9999816417694092,1,1.1804141998291016,8.664368629455566,0.1715373992919922,10.01943302154541
dataset/test/Tomato_mold_leaf/IMG-20240724-WA0044_aug_11aug49.jpg,Tomato_mold_leaf,Tomato_mold_leaf,0.9942019581794739,1,1.2156553268432617,8.426312446594238,0.17377948760986328,9.819060325622559
dataset/test/Tomato_mold_leaf/IMG-20240724-WA0044_aug_8aug35.jpg,Tomato_mold_leaf,Tomato_mold_leaf,0.9948827028274536,1,1.1875066757202148,9.3005952835083,0.17633438110351562,10.667620658874512
dataset/test/Tomato_mold_leaf/IMG-20240724-WA0044_aug_9aug41.jpg,Tomato_mold_leaf,Tomato_mold_leaf,0.9999749660491943,1,1.2100248336791992,8.507015228271484,0.17390823364257812,9.893635749816895
dataset/test/Tomato_mold_leaf/IMG-20240724-WA0044aug2.jpg,Tomato_mold_leaf,Tomato_mold_leaf,0.9999793767929077,1,1.1781196594238281,8.423126220703125,0.17375946044921875,9.777874946594238
dataset/test/Tomato_mold_leaf/IMG-20240724-WA0055_aug_28aug27.jpg,Tomato_mold_leaf,Tomato_mold_leaf,0.9994284510612488,1,1.341360092163086,10.92371654510498,0.21033477783203125,12.478391647338867
dataset/test/Tomato_mold_leaf/IMG-20240724-WA0055_aug_29aug28.jpg,Tomato_mold_leaf,Tomato_mold_leaf,0.9998257756233215,1,1.5548791885375977,11.305070877075195,0.20996475219726562,13.073878288269043
dataset/test/Tomato_mold_leaf/IMG-20240724-WA0055_aug_30aug43.jpg,Tomato_mold_leaf,Tomato_mold_leaf,0.9999877214431763,1,1.5308427810668945,11.012420654296875,0.2076864242553711,12.75485610961914
dataset/test/Tomato_mold_leaf/IMG-20240724-WA0055_aug_31aug50.jpg,Tomato_mold_leaf,Tomato_mold_leaf,0.9999967813491821,1,1.5171756744384766,10.938899993896484,0.21935176849365234,12.679503440856934
dataset/test/Tomato_mold_leaf/IMG-20240724-WA0055aug7.jpg,Tomato_mold_leaf,Tomato_mold_leaf,0.9999898672103882,1,1.5340280532836914,11.204569816589355,0.2097606658935547,12.951727867126465
dataset/test/Tomato_mold_leaf/IMG-20240724-WA0065_aug_80aug69.jpg,Tomato_mold_leaf,Tomato_mold_leaf,0.9997839331626892,1,1.6328630447387695,11.160290718078613,0.21355724334716797,13.010932922363281
dataset/test/Tomato_mold_leaf/IMG-20240724-WA0065_aug_81aug70.jpg,Tomato_mold_leaf,Tomato_mold_leaf,0.9993829727172852,1,1.7006769180297852,11.207865715026855,0.21527862548828125,13.127711296081543
dataset/test/Tomato_mold_leaf/IMG-20240724-WA0065_aug_82aug66.jpg,Tomato_mold_leaf,Tomato_mold_leaf,0.9995371103286743,1,1.5563430786132812,10.995087623596191,0.21620464324951172,12.771411895751953
dataset/test/Tomato_mold_leaf/IMG-20240724-WA0065_aug_83aug65.jpg,Tomato_mold_leaf,Tomato_mold_leaf,0.9994993209838867,1,1.1726922988891602,7.971994400024414,0.1677227020263672,9.315890312194824
dataset/test/Tomato_mold_leaf/IMG-20240724-WA0065aug20.jpg,Tomato_mold_leaf,Tomato_mold_leaf,0.9995765089988708,1,1.1659326553344727,7.99793815612793,0.163909912109375,9.330409049987793
dataset/test/Tomato_mold_leaf/IMG-20240725-WA0031_aug_0aug46.jpg,Tomato_mold_leaf,Tomato_mold_leaf,0.9911260008811951,1,1.0766181945800781,7.929752349853516,0.16596508026123047,9.175131797790527
dataset/test/Tomato_mold_leaf/IMG-20240725-WA0031_aug_1aug47.jpg,Tomato_mold_leaf,Tomato_mold_leaf,0.998812198638916,1,1.1006555557250977,7.895622253417969,0.1737051010131836,9.172836303710938
dataset/test/Tomato_mold_leaf/IMG-20240725-WA0031_aug_2aug37.jpg,Tomato_mold_leaf,Tomato_mold_leaf,0.9911260008811951,1,1.115060806274414,7.9969377517700195,0.1654644012451172,9.280556678771973
dataset/test/Tomato_mold_leaf/IMG-20240725-WA0031_aug_3aug45.jpg,Tomato_mold_leaf,Tomato_mold_leaf,0.9768440127372742,1,1.0744333267211914,7.996678352355957,0.1683330535888672,9.286131858825684
dataset/test/Tomato_mold_leaf/IMG-20240725-WA0031aug0.jpg,Tomato_mold_leaf,Tomato_mold_leaf,0.9994350075721741,1,1.0995616912841797,8.071456909179688,0.1756124496459961,9.350150108337402
dataset/test/Tomato_mold_leaf/IMG-20240725-WA0039_aug_72aug79.jpg,Tomato_mold_leaf,Tomato_mold_leaf,0.9999988079071045,1,1.1314506530761719,7.973141670227051,0.16594600677490234,9.273557662963867
dataset/test/Tomato_mold_leaf/IMG-20240725-WA0039_aug_73aug95.jpg,Tomato_mold_leaf,Tomato_mold_leaf,0.9999953508377075,1,1.0995073318481445,8.14069938659668,0.16657543182373047,9.409465789794922
dataset/test/Tomato_mold_leaf/IMG-20240725-WA0039_aug_74aug71.jpg,Tomato_mold_leaf,Tomato_mold_leaf,0.9999991655349731,1,1.0858402252197266,7.883437156677246,0.17498207092285156,9.147557258605957
dataset/test/Tomato_mold_leaf/IMG-20240725-WA0039_aug_75aug80.jpg,Tomato_mold_leaf,Tomato_mold_leaf,0.9999984502792358,1,1.144841194152832,8.062697410583496,0.17027854919433594,9.380335807800293
dataset/test/Tomato_mold_leaf/IMG-20240725-WA0039aug18.jpg,Tomato_mold_leaf,Tomato_mold_leaf,0.9999996423721313,1,1.1170263290405273,8.20703125,0.1676483154296875,9.494651794433594
dataset/test/Tomato_mold_leaf/IMG-20240727-WA0038_aug_40aug105.jpg,Tomato_mold_leaf,Tomato_mold_leaf,0.9999935626983643,1,1.1450977325439453,8.335441589355469,0.17596435546875,9.660059928894043
dataset/test/Tomato_mold_leaf/IMG-20240727-WA0038_aug_41aug106.jpg,Tomato_mold_leaf,Tomato_mold_leaf,0.9999942779541016,1,1.1756000518798828,8.295366287231445,0.16107559204101562,9.634540557861328
dataset/test/Tomato_mold_leaf/IMG-20240727-WA0038_aug_42aug116.jpg,Tomato_mold_leaf,Tomato_mold_leaf,0.9999871253967285,1,1.0968208312988281,8.331847190856934,0.18364906311035156,9.615633010864258
dataset/test/Tomato_mold_leaf/IMG-20240727-WA0038_aug_43aug110.jpg,Tomato_mold_leaf,Tomato_mold_leaf,0.9996501207351685,1,1.2504520416259766,8.199273109436035,0.16950035095214844,9.621745109558105
dataset/test/Tomato_mold_leaf/IMG-20240727-WA0038aug10.jpg,Tomato_mold_leaf,Tomato_mold_leaf,0.9999818801879883,1,1.1449499130249023,8.199124336242676,0.1698894500732422,9.516520500183105
dataset/test/Tomato_mold_leaf/IMG-20240727-WA0040_aug_56aug92.jpg,Tomato_mold_leaf,Tomato_mold_leaf,0.9997147917747498,1,1.1407289505004883,8.746794700622559,0.20607662200927734,10.096858024597168
dataset/test/Tomato_mold_leaf/IMG-20240727-WA0040_aug_57aug83.jpg,Tomato_mold_leaf,Tomato_mold_leaf,0.9999992847442627,1,1.1445064544677734,8.38371753692627,0.16975975036621094,9.700448036193848
dataset/test/Tomato_mold_leaf/IMG-20240727-WA0040_aug_58aug77.jpg,Tomato_mold_leaf,Tomato_mold_leaf,0.9999716281890869,1,1.124302864074707,8.618961334228516,0.1690378189086914,9.9154691696167
dataset/test/Tomato_mold_leaf/IMG-20240727-WA0040_aug_59aug94.jpg,Tomato_mold_leaf,Tomato_mold_leaf,0.9999980926513672,1,1.1709327697753906,8.39875602722168,0.17194652557373047,9.744523048400879
dataset/test/Tomato_mold_leaf/IMG-20240727-WA0040aug14.jpg,Tomato_mold_leaf,Tomato_mold_leaf,0.9998136162757874,1,1.129359245300293,8.35677433013916,0.17064952850341797,9.65963363647461
dataset/test/Tomato_mold_leaf/IMG-20240727-WA0124_aug_20aug54.jpg,Tomato_mold_leaf,Tomato_mold_leaf,0.9999948740005493,1,1.1818046569824219,8.45873737335205,0.17931556701660156,9.823358535766602
dataset/test/Tomato_mold_leaf/IMG-20240727-WA0124_aug_21aug38.jpg,Tomato_mold_leaf,Tomato_mold_leaf,0.9999966621398926,1,1.1743049621582031,8.58399772644043,0.1821880340576172,9.944079399108887
dataset/test/Tomato_mold_leaf/IMG-20240727-WA0124_aug_22aug31.jpg,Tomato_mold_leaf,Tomato_mold_leaf,0.9999955892562866,1,1.2406187057495117,8.729887008666992,0.17040729522705078,10.14350700378418
dataset/test/Tomato_mold_leaf/IMG-20240727-WA0124_aug_23aug55.jpg,Tomato_mold_leaf,Tomato_mold_leaf,0.9999600648880005,1,1.1652488708496094,8.39875602722168,0.17975997924804688,9.746356964111328
dataset/test/Tomato_mold_leaf/IMG-20240727-WA0124aug5.jpg,Tomato_mold_leaf,Tomato_mold_leaf,0.9999995231628418,1,1.1855812072753906,9.020130157470703,0.17105674743652344,10.379471778869629
dataset/test/Tomato_mold_leaf/IMG-20240727-WA0153_aug_92aug58.jpg,Tomato_mold_leaf,Tomato_mold_leaf,0.99998939037323,1,1.1388959884643555,8.472384452819824,0.17505645751953125,9.789801597595215
dataset/test/Tomato_mold_leaf/IMG-20240727-WA0153_aug_93aug60.jpg,Tomato_mold_leaf,Tomato_mold_leaf,0.9999790191650391,1,1.1961545944213867,8.449422836303711,0.16822433471679688,9.816689491271973
dataset/test/Tomato_mold_leaf/IMG-20240727-WA0153aug23.jpg,Tomato_mold_leaf,Tomato_mold_leaf,0.9999250173568726,1,1.1256189346313477,8.543904304504395,0.1658163070678711,9.83828353881836
dataset/test/Tomato_mold_leaf/IMG-20240727-WA0165aug25.jpg,Tomato_mold_leaf,Tomato_mold_leaf,0.9999619722366333,1,1.1214876174926758,8.516719818115234,0.162445068359375,9.803393363952637
dataset/test/Tomato_mold_leaf/IMG-20240728-WA0028_aug_64aug91.jpg,Tomato_mold_leaf,Tomato_mold_leaf,0.9999988079071045,1,1.1099319458007812,8.15484619140625,0.17227840423583984,9.439650535583496
dataset/test/Tomato_mold_leaf/IMG-20240728-WA0028_aug_65aug86.jpg,Tomato_mold_leaf,Tomato_mold_leaf,0.9999970197677612,1,1.1094884872436523,7.9987897872924805,0.1670379638671875,9.278447151184082
dataset/test/Tomato_mold_leaf/IMG-20240728-WA0028_aug_66aug78.jpg,Tomato_mold_leaf,Tomato_mold_leaf,0.9999862909317017,1,1.1245813369750977,8.113846778869629,0.17550182342529297,9.416613578796387
dataset/test/Tomato_mold_leaf/IMG-20240728-WA0028_aug_67aug99.jpg,Tomato_mold_leaf,Tomato_mold_leaf,0.9999992847442627,1,1.1103763580322266,8.1793851852417,0.18329715728759766,9.476096153259277
dataset/test/Tomato_mold_leaf/IMG-20240728-WA0028aug16.jpg,Tomato_mold_leaf,Tomato_mold_leaf,0.9999817609786987,1,1.1050806045532227,8.414810180664062,0.1722412109375,9.694670677185059
dataset/test/Tomato_mold_leaf/IMG-20240728-WA0068_aug_12aug29.jpg,Tomato_mold_leaf,Tomato_mold_leaf,1.0,1,1.1640071868896484,8.231069564819336,0.1675558090209961,9.565428733825684
dataset/test/Tomato_mold_leaf/IMG-20240728-WA0068_aug_13aug30.jpg,Tomato_mold_leaf,Tomato_mold_leaf,0.9999998807907104,1,1.0992469787597656,8.124402046203613,0.3543729782104492,9.5806884765625
dataset/test/Tomato_mold_leaf/IMG-20240728-WA0068_aug_14aug56.jpg,Tomato_mold_leaf,Tomato_mold_leaf,0.9999998807907104,1,1.1406745910644531,8.160236358642578,0.16775989532470703,9.471076011657715
dataset/test/Tomato_mold_leaf/IMG-20240728-WA0068_aug_15aug42.jpg,Tomato_mold_leaf,Tomato_mold_leaf,1.0,1,1.1054315567016602,8.165087699890137,0.17209434509277344,9.445391654968262
dataset/test/Tomato_mold_leaf/IMG-20240728-WA0068aug3.jpg,Tomato_mold_leaf,Tomato_mold_leaf,0.9999948740005493,1,1.1238765716552734,8.05975341796875,0.17409420013427734,9.360983848571777
dataset/test/Tomato_mold_leaf/IMG-20240728-WA0074_aug_44aug102.jpg,Tomato_mold_leaf,Tomato_mold_leaf,0.9999949932098389,1,1.1699323654174805,8.24571704864502,0.1789264678955078,9.597854614257812
dataset/test/Tomato_mold_leaf/IMG-20240728-WA0074_aug_45aug75.jpg,Tomato_mold_leaf,Tomato_mold_leaf,0.9999961853027344,1,1.1437854766845703,8.461644172668457,0.17244625091552734,9.780374526977539
dataset/test/Tomato_mold_leaf/IMG-20240728-WA0074_aug_46aug89.jpg,Tomato_mold_leaf,Tomato_mold_leaf,0.9999076128005981,1,1.1543025970458984,8.42353343963623,0.17122268676757812,9.75139331817627
dataset/test/Tomato_mold_leaf/IMG-20240728-WA0074_aug_47aug111.jpg,Tomato_mold_leaf,Tomato_mold_leaf,0.9999985694885254,1,1.163914680480957,8.328385353088379,0.17392730712890625,9.668855667114258
dataset/test/Tomato_mold_leaf/IMG-20240728-WA0074aug11.jpg,Tomato_mold_leaf,Tomato_mold_leaf,0.9999617338180542,1,1.1623029708862305,8.395458221435547,0.17150115966796875,9.731911659240723
dataset/test/Tomato_mold_leaf/IMG-20240728-WA0075aug24.jpg,Tomato_mold_leaf,Tomato_mold_leaf,0.9999938011169434,1,1.1490440368652344,8.537997245788574,0.1804819107055664,9.870708465576172
dataset/test/Tomato_mold_leaf/IMG-20240728-WA0087_aug_32aug113.jpg,Tomato_mold_leaf,Tomato_mold_leaf,0.999963641166687,1,1.1834144592285156,8.414680480957031,0.18146419525146484,9.78265380859375
dataset/test/Tomato_mold_leaf/IMG-20240728-WA0087_aug_33aug112.jpg,Tomato_mold_leaf,Tomato_mold_leaf,0.9999984502792358,1,1.2129697799682617,8.518089294433594,0.17407512664794922,9.90783977508545
dataset/test/Tomato_mold_leaf/IMG-20240728-WA0087_aug_34aug104.jpg,Tomato_mold_leaf,Tomato_mold_leaf,0.9999892711639404,1,1.167562484741211,8.478996276855469,0.17133426666259766,9.820393562316895
dataset/test/Tomato_mold_leaf/IMG-20240728-WA0087_aug_35aug100.jpg,Tomato_mold_leaf,Tomato_mold_leaf,0.9999895095825195,1,1.2004528045654297,8.515941619873047,0.17400169372558594,9.89357852935791
dataset/test/Tomato_mold_leaf/IMG-20240728-WA0087aug8.jpg,Tomato_mold_leaf,Tomato_mold_leaf,0.9998807907104492,1,1.1624517440795898,8.418700218200684,0.17201900482177734,9.756744384765625
dataset/test/Tomato_mold_leaf/IMG-20240728-WA0093_aug_76aug90.jpg,Tomato_mold_leaf,Tomato_mold_leaf,0.9999986886978149,1,1.1427488327026367,8.370662689208984,0.1713724136352539,9.687726020812988
dataset/test/Tomato_mold_leaf/IMG-20240728-WA0093_aug_77aug68.jpg,Tomato_mold_leaf,Tomato_mold_leaf,1.0,1,1.1205062866210938,8.488237380981445,0.17305660247802734,9.784708023071289
dataset/test/Tomato_mold_leaf/IMG-20240728-WA0093_aug_78aug93.jpg,Tomato_mold_leaf,Tomato_mold_leaf,1.0,1,1.1189699172973633,8.495200157165527,0.17677879333496094,9.794246673583984
dataset/test/Tomato_mold_leaf/IMG-20240728-WA0093_aug_79aug64.jpg,Tomato_mold_leaf,Tomato_mold_leaf,0.9999998807907104,1,1.1221370697021484,8.293068885803223,0.1724081039428711,9.590245246887207
dataset/test/Tomato_mold_leaf/IMG-20240728-WA0093aug19.jpg,Tomato_mold_leaf,Tomato_mold_leaf,1.0,1,1.1102666854858398,8.508329391479492,0.17461204528808594,9.796173095703125
dataset/test/Tomato_mold_leaf/IMG-20240728-WA0101_aug_84aug73.jpg,Tomato_mold_leaf,Tomato_mold_leaf,0.9999524354934692,1,1.2031745910644531,8.405755043029785,0.1725006103515625,9.78448486328125
dataset/test/Tomato_mold_leaf/IMG-20240728-WA0101_aug_85aug72.jpg,Tomato_mold_leaf,Tomato_mold_leaf,0.9999936819076538,1,1.1592092514038086,8.483441352844238,0.17109298706054688,9.816949844360352
dataset/test/Tomato_mold_leaf/IMG-20240728-WA0101_aug_86aug67.jpg,Tomato_mold_leaf,Tomato_mold_leaf,0.9999969005584717,1,1.2010078430175781,8.577312469482422,0.16944503784179688,9.950784683227539
dataset/test/Tomato_mold_leaf/IMG-20240728-WA0101_aug_87aug74.jpg,Tomato_mold_leaf,Tomato_mold_leaf,0.9999978542327881,1,1.164175033569336,8.482940673828125,0.1697225570678711,9.819819450378418
dataset/test/Tomato_mold_leaf/IMG-20240728-WA0101aug21.jpg,Tomato_mold_leaf,Tomato_mold_leaf,0.9999082088470459,1,1.204951286315918,8.447237014770508,0.1686868667602539,9.823376655578613
dataset/test/Tomato_mold_leaf/IMG-20240728-WA0103_aug_48aug107.jpg,Tomato_mold_leaf,Tomato_mold_leaf,0.9999984502792358,1,1.169508934020996,8.924461364746094,0.21755695343017578,10.315303802490234
dataset/test/Tomato_mold_leaf/IMG-20240728-WA0103_aug_49aug76.jpg,Tomato_mold_leaf,Tomato_mold_leaf,0.9999996423721313,1,1.566880226135254,11.622071266174316,0.2078723907470703,13.399824142456055
dataset/test/Tomato_mold_leaf/IMG-20240728-WA0103_aug_50aug114.jpg,Tomato_mold_leaf,Tomato_mold_leaf,1.0,1,1.6389732360839844,11.053976058959961,0.21539020538330078,12.91231918334961
dataset/test/Tomato_mold_leaf/IMG-20240728-WA0103_aug_51aug84.jpg,Tomato_mold_leaf,Tomato_mold_leaf,0.9999997615814209,1,1.5327882766723633,12.040797233581543,0.21552085876464844,13.792677879333496
dataset/test/Tomato_mold_leaf/IMG-20240728-WA0103aug12.jpg,Tomato_mold_leaf,Tomato_mold_leaf,0.9999996423721313,1,1.6106386184692383,13.080135345458984,0.21277904510498047,14.907073020935059
dataset/test/Tomato_mold_leaf/IMG-20240812-WA0183_aug_88aug59.jpg,Tomato_mold_leaf,Tomato_Early_blight_leaf,0.9090536236763,0,1.4922504425048828,27.329408645629883,0.2032785415649414,29.028030395507812
dataset/test/Tomato_mold_leaf/IMG-20240812-WA0183_aug_89aug61.jpg,Tomato_mold_leaf,Tomato_mold_leaf,0.7682980298995972,1,1.4920473098754883,14.909833908081055,0.2065572738647461,16.611677169799805
dataset/test/Tomato_mold_leaf/IMG-20240812-WA0183_aug_90aug63.jpg,Tomato_mold_leaf,Tomato_mold_leaf,0.5321979522705078,1,1.0970802307128906,8.058680534362793,0.1672048568725586,9.326225280761719
dataset/test/Tomato_mold_leaf/IMG-20240812-WA0183_aug_91aug62.jpg,Tomato_mold_leaf,Tomato_Early_blight_leaf,0.9186738133430481,0,1.0997467041015625,8.083956718444824,0.17477893829345703,9.361167907714844
dataset/test/Tomato_mold_leaf/IMG-20240812-WA0183aug22.jpg,Tomato_mold_leaf,Tomato_Early_blight_leaf,0.5080732107162476,0,1.1494331359863281,8.04169750213623,0.21692657470703125,9.41137409210205
dataset/test/Tomato_mold_leaf/IMG_20251102_155435_aug_24aug39.jpg,Tomato_mold_leaf,Tomato_leaf_yellow_curl_virus,0.8932301998138428,0,1.0877294540405273,8.036511421203613,0.16229724884033203,9.289260864257812
dataset/test/Tomato_mold_leaf/IMG_20251102_155435_aug_25aug51.jpg,Tomato_mold_leaf,Tomato_Early_blight_leaf,0.9967206120491028,0,1.1025991439819336,8.379755020141602,0.16237163543701172,9.647300720214844
dataset/test/Tomato_mold_leaf/IMG_20251102_155435_aug_26aug26.jpg,Tomato_mold_leaf,Tomato_Early_blight_leaf,0.5414828062057495,0,1.1234140396118164,7.916362762451172,0.1681680679321289,9.210780143737793
dataset/test/Tomato_mold_leaf/IMG_20251102_155435_aug_27aug52.jpg,Tomato_mold_leaf,Tomato_Early_blight_leaf,0.9738849997520447,0,1.1073579788208008,7.910012245178223,0.16794586181640625,9.187705039978027
dataset/test/Tomato_mold_leaf/IMG_20251102_155435aug6.jpg,Tomato_mold_leaf,Tomato_Early_blight_leaf,0.9385630488395691,0,1.0853395462036133,8.033659934997559,0.16552066802978516,9.287095069885254
dataset/test/Tomato_mold_leaf/Leaf+mold+tomato+_25283_2529.JPG_aug_36aug118.jpg,Tomato_mold_leaf,Tomato_mold_leaf,0.7687182426452637,1,1.178563117980957,8.027161598205566,0.16601848602294922,9.3745756149292
dataset/test/Tomato_mold_leaf/Leaf+mold+tomato+_25283_2529.JPG_aug_37aug117.jpg,Tomato_mold_leaf,Tomato_mold_leaf,0.9947880506515503,1,1.1305999755859375,8.194587707519531,0.16585159301757812,9.494651794433594
dataset/test/Tomato_mold_leaf/Leaf+mold+tomato+_25283_2529.JPG_aug_38aug119.jpg,Tomato_mold_leaf,Tomato_mold_leaf,0.9036362767219543,1,1.1562862396240234,8.126937866210938,0.1734457015991211,9.459465026855469
dataset/test/Tomato_mold_leaf/Leaf+mold+tomato+_25283_2529.JPG_aug_39aug103.jpg,Tomato_mold_leaf,Tomato_mold_leaf,0.47998321056365967,1,1.283970832824707,8.462089538574219,0.1850748062133789,9.934450149536133
dataset/test/Tomato_mold_leaf/Leaf+mold+tomato+_25283_2529.JPGaug9.jpg,Tomato_mold_leaf,Tomato_Septoria_leaf_spot,0.6208288073539734,0,1.1834144592285156,8.371977806091309,0.18118572235107422,9.739706993103027
dataset/test/Tomato_mold_leaf/Leaf-mold-caused-by-the-fungal-pathogen-Passalore-fulva-in-tomatoes_aug_16aug33.jpg,Tomato_mold_leaf,Tomato_Healthy_leaf,0.8821681141853333,0,1.1808605194091797,8.387624740600586,0.17229747772216797,9.743725776672363
dataset/test/Tomato_mold_leaf/Leaf-mold-caused-by-the-fungal-pathogen-Passalore-fulva-in-tomatoes_aug_17aug57.jpg,Tomato_mold_leaf,Tomato_Healthy_leaf,0.41608506441116333,0,1.1331357955932617,8.47947883605957,0.1772594451904297,9.792412757873535
dataset/test/Tomato_mold_leaf/Leaf-mold-caused-by-the-fungal-pathogen-Passalore-fulva-in-tomatoes_aug_18aug32.jpg,Tomato_mold_leaf,Tomato_Healthy_leaf,0.9411419630050659,0,1.1363391876220703,8.573385238647461,0.1703338623046875,9.882856369018555
dataset/test/Tomato_mold_leaf/Leaf-mold-caused-by-the-fungal-pathogen-Passalore-fulva-in-tomatoes_aug_19aug53.jpg,Tomato_mold_leaf,Tomato_Healthy_leaf,0.8497821092605591,0,1.1298208236694336,17.539108276367188,0.19185352325439453,18.863913536071777
dataset/test/Tomato_mold_leaf/Leaf-mold-caused-by-the-fungal-pathogen-Passalore-fulva-in-tomatoesaug4.jpg,Tomato_mold_leaf,Tomato_mold_leaf,0.9983426332473755,1,1.2219524383544922,8.43629264831543,0.17516708374023438,9.836894035339355
dataset/test/Tomato_mold_leaf/leaf_mold_nightshade2x500_aug_60aug81.jpg,Tomato_mold_leaf,Tomato_mold_leaf,0.9943808913230896,1,1.1879510879516602,8.384716987609863,0.17261219024658203,9.748820304870605
dataset/test/Tomato_mold_leaf/leaf_mold_nightshade2x500_aug_61aug96.jpg,Tomato_mold_leaf,Tomato_mold_leaf,0.9979281425476074,1,1.141061782836914,8.453349113464355,0.18026065826416016,9.777578353881836
dataset/test/Tomato_mold_leaf/leaf_mold_nightshade2x500_aug_62aug85.jpg,Tomato_mold_leaf,Tomato_mold_leaf,0.9932841062545776,1,1.1599149703979492,11.127272605895996,0.19687175750732422,12.487428665161133
dataset/test/Tomato_mold_leaf/leaf_mold_nightshade2x500_aug_63aug88.jpg,Tomato_mold_leaf,Tomato_mold_leaf,0.9991716146469116,1,1.5333251953125,11.166735649108887,0.2101306915283203,12.913505554199219
dataset/test/Tomato_mold_leaf/leaf_mold_nightshade2x500aug15.jpg,Tomato_mold_leaf,Tomato_mold_leaf,0.9999133348464966,1,7.4370269775390625,12.396631240844727,0.2150402069091797,20.05219841003418
dataset/test/Tomato_mold_leaf/leaf_mold_tomato5x1200_jpg.rf.0a5ee47c78e753f9580bfb7744438ebf_aug_52aug101.jpg,Tomato_mold_leaf,Tomato_mold_leaf,0.9999972581863403,1,1.518509864807129,11.241774559020996,0.21770477294921875,12.98154354095459
dataset/test/Tomato_mold_leaf/leaf_mold_tomato5x1200_jpg.rf.0a5ee47c78e753f9580bfb7744438ebf_aug_53aug108.jpg,Tomato_mold_leaf,Tomato_mold_leaf,0.9999991655349731,1,1.5500831604003906,10.92680835723877,0.2196483612060547,12.700651168823242
dataset/test/Tomato_mold_leaf/leaf_mold_tomato5x1200_jpg.rf.0a5ee47c78e753f9580bfb7744438ebf_aug_54aug115.jpg,Tomato_mold_leaf,Tomato_mold_leaf,0.9999995231628418,1,1.5649728775024414,11.152884483337402,0.222686767578125,12.944801330566406
dataset/test/Tomato_mold_leaf/leaf_mold_tomato5x1200_jpg.rf.0a5ee47c78e753f9580bfb7744438ebf_aug_55aug109.jpg,Tomato_mold_leaf,Tomato_mold_leaf,0.9999963045120239,1,1.5388803482055664,11.297679901123047,0.21274185180664062,13.052765846252441
dataset/test/Tomato_mold_leaf/leaf_mold_tomato5x1200_jpg.rf.0a5ee47c78e753f9580bfb7744438ebfaug13.jpg,Tomato_mold_leaf,Tomato_mold_leaf,0.9999972581863403,1,1.478602409362793,9.117907524108887,0.16014862060546875,10.760028839111328
dataset/test/Tomato_mold_leaf/tomato_leaf-mold_04_zoom_aug_4aug36.jpg,Tomato_mold_leaf,Tomato_leaf_late_blight,0.8666212558746338,0,1.1072492599487305,7.664325714111328,0.17816734313964844,8.952962875366211
dataset/test/Tomato_mold_leaf/tomato_leaf-mold_04_zoom_aug_5aug48.jpg,Tomato_mold_leaf,Tomato_leaf_late_blight,0.8687959313392639,0,1.2486934661865234,7.814121246337891,0.1642589569091797,9.229982376098633
dataset/test/Tomato_mold_leaf/tomato_leaf-mold_04_zoom_aug_6aug40.jpg,Tomato_mold_leaf,Tomato_Septoria_leaf_spot,0.6686362028121948,0,1.2374153137207031,7.751714706420898,0.16488933563232422,9.156742095947266
dataset/test/Tomato_mold_leaf/tomato_leaf-mold_04_zoom_aug_7aug34.jpg,Tomato_mold_leaf,Tomato_leaf_late_blight,0.9612153172492981,0,1.1588592529296875,7.87558650970459,0.16475963592529297,9.202000617980957
dataset/test/Tomato_mold_leaf/tomato_leaf-mold_04_zoomaug1.jpg,Tomato_mold_leaf,Tomato_Septoria_leaf_spot,0.5333676338195801,0,1.1029510498046875,7.787047386169434,0.1620006561279297,9.054630279541016
