image_path,true_class,predicted_class,confidence,correct,preprocess_ms,inference_ms,postprocess_ms,total_pipeline_ms
dataset/test/Tomato_Early_blight_leaf/100_46341_aug_5aug62.jpg,Tomato_Early_blight_leaf,Tomato_Early_blight_leaf,0.7866849899291992,1,1.1430273056030273,7.894906997680664,0.26337146759033203,9.305342674255371
dataset/test/Tomato_Early_blight_leaf/100_46341_aug_6aug64.jpg,Tomato_Early_blight_leaf,Tomato_Early_blight_leaf,0.9408872127532959,1,1.1628236770629883,7.980945587158203,0.20339202880859375,9.349955558776855
dataset/test/Tomato_Early_blight_leaf/100_46341_aug_7aug57.jpg,Tomato_Early_blight_leaf,Tomato_Early_blight_leaf,0.9408872127532959,1,1.1643600463867188,8.08746337890625,0.18564987182617188,9.440401077270508
dataset/test/Tomato_Early_blight_leaf/100_46341_aug_8aug66.jpg,Tomato_Early_blight_leaf,Tomato_Early_blight_leaf,0.8463572263717651,1,1.1806020736694336,7.861501693725586,0.17844581604003906,9.22343635559082
dataset/test/Tomato_Early_blight_leaf/100_46341_aug_9aug65.jpg,Tomato_Early_blight_leaf,Tomato_Early_blight_leaf,0.7932197451591492,1,1.1519718170166016,8.90328598022461,0.20346450805664062,10.261591911315918
dataset/test/Tomato_Early_blight_leaf/100_46341aug1.jpg,Tomato_Early_blight_leaf,Tomato_Early_blight_leaf,0.9229074716567993,1,1.1696195602416992,7.89501953125,0.1779460906982422,9.245158195495605
dataset/test/Tomato_Early_blight_leaf/1723454500663_aug_20aug39.jpg,Tomato_Early_blight_leaf,Tomato_Early_blight_leaf,0.9999995231628418,1,1.0841569900512695,7.914425849914551,0.18477916717529297,9.185954093933105
dataset/test/Tomato_Early_blight_leaf/1723454500663_aug_21aug35.jpg,Tomato_Early_blight_leaf,Tomato_Early_blight_leaf,0.9999996423721313,1,1.0753955841064453,8.302689552307129,0.17990875244140625,9.560844421386719
dataset/test/Tomato_Early_blight_leaf/1723454500663_aug_22aug51.jpg,Tomato_Early_blight_leaf,Tomato_Early_blight_leaf,0.9999997615814209,1,1.0607481002807617,7.735851287841797,0.1751861572265625,8.97519302368164
dataset/test/Tomato_Early_blight_leaf/1723454500663_aug_23aug33.jpg,Tomato_Early_blight_leaf,Tomato_Early_blight_leaf,0.9999995231628418,1,1.1851005554199219,7.998538017272949,0.16776084899902344,9.3538818359375
dataset/test/Tomato_Early_blight_leaf/1723454500663_aug_24aug50.jpg,Tomato_Early_blight_leaf,Tomato_Early_blight_leaf,0.9999984502792358,1,1.1156005859375,8.121891021728516,0.20435428619384766,9.444974899291992
dataset/test/Tomato_Early_blight_leaf/1723454500663aug4.jpg,Tomato_Early_blight_leaf,Tomato_Early_blight_leaf,0.9999978542327881,1,1.1156196594238281,8.25289249420166,0.17157649993896484,9.543660163879395
dataset/test/Tomato_Early_blight_leaf/1723454507240aug20.jpg,Tomato_Early_blight_leaf,Tomato_Septoria_leaf_spot,0.7077625393867493,0,1.1194162368774414,8.17435359954834,0.16863155364990234,9.464973449707031
dataset/test/Tomato_Early_blight_leaf/EB_(981)_aug_65aug107.jpg,Tomato_Early_blight_leaf,Tomato_Early_blight_leaf,1.0,1,1.1859712600708008,8.140613555908203,0.16629791259765625,9.49553108215332
dataset/test/Tomato_Early_blight_leaf/EB_(981)_aug_66aug102.jpg,Tomato_Early_blight_leaf,Tomato_Early_blight_leaf,1.0,1,1.1528797149658203,8.192463874816895,0.1667613983154297,9.515308380126953
dataset/test/Tomato_Early_blight_leaf/EB_(981)_aug_67aug101.jpg,Tomato_Early_blight_leaf,Tomato_Early_blight_leaf,0.9999856948852539,1,1.125044822692871,8.163908958435059,0.17296314239501953,9.465123176574707
dataset/test/Tomato_Early_blight_leaf/EB_(981)_aug_68aug95.jpg,Tomato_Early_blight_leaf,Tomato_Early_blight_leaf,0.9999998807907104,1,1.1735267639160156,8.215131759643555,0.16785335540771484,9.559196472167969
dataset/test/Tomato_Early_blight_leaf/EB_(981)_aug_69aug97.jpg,Tomato_Early_blight_leaf,Tomato_Early_blight_leaf,0.999988317489624,1,1.1362667083740234,8.293818473815918,0.1693897247314453,9.602530479431152
dataset/test/Tomato_Early_blight_leaf/EB_(981)aug13.jpg,Tomato_Early_blight_leaf,Tomato_Early_blight_leaf,1.0,1,1.1338777542114258,8.23796558380127,0.1702423095703125,9.54482650756836
dataset/test/Tomato_Early_blight_leaf/Early-blight-660x440_aug_0aug61.jpg,Tomato_Early_blight_leaf,Tomato_Early_blight_leaf,0.9998747110366821,1,1.123581886291504,8.079557418823242,0.16194534301757812,9.367621421813965
dataset/test/Tomato_Early_blight_leaf/Early-blight-660x440_aug_1aug59.jpg,Tomato_Early_blight_leaf,Tomato_Early_blight_leaf,0.999606192111969,1,1.0846185684204102,7.924629211425781,0.1595935821533203,9.171342849731445
dataset/test/Tomato_Early_blight_leaf/Early-blight-660x440_aug_2aug63.jpg,Tomato_Early_blight_leaf,Tomato_Early_blight_leaf,0.9999878406524658,1,1.0822677612304688,7.648276329040527,0.1626110076904297,8.927043914794922
dataset/test/Tomato_Early_blight_leaf/Early-blight-660x440_aug_3aug60.jpg,Tomato_Early_blight_leaf,Tomato_Early_blight_leaf,0.9999032020568848,1,1.2273788452148438,7.819611549377441,0.1636676788330078,9.213417053222656
dataset/test/Tomato_Early_blight_leaf/Early-blight-660x440_aug_4aug58.jpg,Tomato_Early_blight_leaf,Tomato_Early_blight_leaf,0.9998772144317627,1,1.0888404846191406,7.825091361999512,0.1619272232055664,9.079083442687988
dataset/test/Tomato_Early_blight_leaf/Early-blight-660x440aug0.jpg,Tomato_Early_blight_leaf,Tomato_Early_blight_leaf,0.999904990196228,1,1.098191261291504,7.95487117767334,0.16246318817138672,9.218491554260254
dataset/test/Tomato_Early_blight_leaf/Gls42_change_180_aug_70aug100.jpg,Tomato_Early_blight_leaf,Tomato_Early_blight_leaf,0.9999971389770508,1,1.0935068130493164,7.885186195373535,0.16298294067382812,9.144194602966309
dataset/test/Tomato_Early_blight_leaf/Gls42_change_180_aug_71aug109.jpg,Tomato_Early_blight_leaf,Tomato_Early_blight_leaf,0.9999983310699463,1,1.068063735961914,7.900908470153809,0.1615753173828125,9.133526802062988
dataset/test/Tomato_Early_blight_leaf/Gls42_change_180_aug_72aug104.jpg,Tomato_Early_blight_leaf,Tomato_Early_blight_leaf,1.0,1,1.0616741180419922,7.871223449707031,0.16813087463378906,9.1036376953125
dataset/test/Tomato_Early_blight_leaf/Gls42_change_180_aug_73aug94.jpg,Tomato_Early_blight_leaf,Tomato_Early_blight_leaf,0.9999994039535522,1,1.0448589324951172,7.786870002746582,0.16274070739746094,8.997156143188477
dataset/test/Tomato_Early_blight_leaf/Gls42_change_180_aug_74aug108.jpg,Tomato_Early_blight_leaf,Tomato_Early_blight_leaf,0.999996542930603,1,1.1889533996582031,7.804370880126953,0.1652975082397461,9.161453247070312
dataset/test/Tomato_Early_blight_leaf/Gls42_change_180aug14.jpg,Tomato_Early_blight_leaf,Tomato_Early_blight_leaf,0.9999980926513672,1,1.0635814666748047,7.986797332763672,0.16766738891601562,9.220732688903809
dataset/test/Tomato_Early_blight_leaf/Gls4_mirror_aug_60aug93.jpg,Tomato_Early_blight_leaf,Tomato_Early_blight_leaf,0.9999998807907104,1,1.07806396484375,8.163890838623047,0.16835308074951172,9.413289070129395
dataset/test/Tomato_Early_blight_leaf/Gls4_mirror_aug_61aug98.jpg,Tomato_Early_blight_leaf,Tomato_Early_blight_leaf,0.9999997615814209,1,1.121006965637207,8.22957706451416,0.1681680679321289,9.521086692810059
dataset/test/Tomato_Early_blight_leaf/Gls4_mirror_aug_62aug91.jpg,Tomato_Early_blight_leaf,Tomato_Early_blight_leaf,0.9999998807907104,1,1.059025764465332,8.244483947753906,0.1710376739501953,9.477066993713379
dataset/test/Tomato_Early_blight_leaf/Gls4_mirror_aug_63aug110.jpg,Tomato_Early_blight_leaf,Tomato_Early_blight_leaf,0.9999998807907104,1,1.0619525909423828,8.182095527648926,0.20259380340576172,9.449067115783691
dataset/test/Tomato_Early_blight_leaf/Gls4_mirror_aug_64aug105.jpg,Tomato_Early_blight_leaf,Tomato_Early_blight_leaf,0.9999998807907104,1,1.0727119445800781,8.230356216430664,0.16568565368652344,9.47132682800293
dataset/test/Tomato_Early_blight_leaf/Gls4_mirror_vertical_aug_25aug37.jpg,Tomato_Early_blight_leaf,Tomato_Early_blight_leaf,0.9991839528083801,1,1.069859504699707,8.1796875,0.16676044464111328,9.419232368469238
dataset/test/Tomato_Early_blight_leaf/Gls4_mirror_vertical_aug_26aug41.jpg,Tomato_Early_blight_leaf,Tomato_Early_blight_leaf,0.9878073334693909,1,1.0953969955444336,8.142020225524902,0.16481590270996094,9.404622077941895
dataset/test/Tomato_Early_blight_leaf/Gls4_mirror_vertical_aug_27aug40.jpg,Tomato_Early_blight_leaf,Tomato_Early_blight_leaf,0.9999475479125977,1,1.0597858428955078,8.155982971191406,0.16427993774414062,9.382769584655762
dataset/test/Tomato_Early_blight_leaf/Gls4_mirror_vertical_aug_28aug36.jpg,Tomato_Early_blight_leaf,Tomato_Early_blight_leaf,0.9981698989868164,1,1.0675077438354492,8.165353775024414,0.1563720703125,9.391362190246582
dataset/test/Tomato_Early_blight_leaf/Gls4_mirror_vertical_aug_29aug42.jpg,Tomato_Early_blight_leaf,Tomato_Early_blight_leaf,0.9998658895492554,1,1.084360122680664,8.033723831176758,0.1655750274658203,9.286398887634277
dataset/test/Tomato_Early_blight_leaf/Gls4_mirror_verticalaug5.jpg,Tomato_Early_blight_leaf,Tomato_Early_blight_leaf,0.9917711615562439,1,1.1831941604614258,8.090576171875,0.16776084899902344,9.444104194641113
dataset/test/Tomato_Early_blight_leaf/Gls4_mirroraug12.jpg,Tomato_Early_blight_leaf,Tomato_Early_blight_leaf,0.9999998807907104,1,1.2325639724731445,8.144540786743164,0.1709270477294922,9.550511360168457
dataset/test/Tomato_Early_blight_leaf/IMG-20240812-WA0445_aug_40aug23.jpg,Tomato_Early_blight_leaf,Tomato_mold_leaf,0.7739574909210205,0,1.20245361328125,8.358206748962402,0.1680011749267578,9.731086730957031
dataset/test/Tomato_Early_blight_leaf/IMG-20240812-WA0445_aug_41aug28.jpg,Tomato_Early_blight_leaf,Tomato_mold_leaf,0.6971493363380432,0,1.1587677001953125,8.308707237243652,0.16857433319091797,9.638810157775879
dataset/test/Tomato_Early_blight_leaf/IMG-20240812-WA0445_aug_42aug21.jpg,Tomato_Early_blight_leaf,Tomato_mold_leaf,0.5007930397987366,0,1.1905269622802734,8.308855056762695,0.16776084899902344,9.669772148132324
dataset/test/Tomato_Early_blight_leaf/IMG-20240812-WA0445_aug_43aug24.jpg,Tomato_Early_blight_leaf,Tomato_mold_leaf,0.7666133642196655,0,1.1914710998535156,8.310206413269043,0.16701984405517578,9.671642303466797
dataset/test/Tomato_Early_blight_leaf/IMG-20240812-WA0445_aug_44aug22.jpg,Tomato_Early_blight_leaf,Tomato_Early_blight_leaf,0.46687403321266174,1,1.1882123947143555,8.303632736206055,0.16863059997558594,9.663661003112793
dataset/test/Tomato_Early_blight_leaf/IMG-20240812-WA0445aug8.jpg,Tomato_Early_blight_leaf,Tomato_Early_blight_leaf,0.9463847875595093,1,1.224970817565918,8.809137344360352,0.16753768920898438,10.204462051391602
dataset/test/Tomato_Early_blight_leaf/IMG20240812111749_aug_90aug80.jpg,Tomato_Early_blight_leaf,Tomato_mold_leaf,0.9999392032623291,0,1.2357683181762695,8.340483665466309,0.16863155364990234,9.747847557067871
dataset/test/Tomato_Early_blight_leaf/IMG20240812111749_aug_91aug77.jpg,Tomato_Early_blight_leaf,Tomato_mold_leaf,0.9999489784240723,0,1.2889900207519531,9.785420417785645,0.16813087463378906,11.245357513427734
dataset/test/Tomato_Early_blight_leaf/IMG20240812111749_aug_92aug73.jpg,Tomato_Early_blight_leaf,Tomato_mold_leaf,0.9979647397994995,0,1.2262678146362305,8.301614761352539,0.16494464874267578,9.695680618286133
dataset/test/Tomato_Early_blight_leaf/IMG20240812111749_aug_93aug71.jpg,Tomato_Early_blight_leaf,Tomato_mold_leaf,0.999915599822998,0,1.1507492065429688,19.37680435180664,0.16612911224365234,20.696460723876953
dataset/test/Tomato_Early_blight_leaf/IMG20240812111749_aug_94aug74.jpg,Tomato_Early_blight_leaf,Tomato_mold_leaf,0.999991774559021,0,1.2166385650634766,16.52109718322754,0.1636676788330078,17.904052734375
dataset/test/Tomato_Early_blight_leaf/IMG20240812111749aug18.jpg,Tomato_Early_blight_leaf,Tomato_mold_leaf,0.9999548196792603,0,1.3526201248168945,8.108428001403809,0.1650562286376953,9.628939628601074
dataset/test/Tomato_Early_blight_leaf/IMG_20251102_155150_aug_30aug34.jpg,Tomato_Early_blight_leaf,Tomato_Early_blight_leaf,1.0,1,1.1106929779052734,8.174205780029297,0.16263103485107422,9.450159072875977
dataset/test/Tomato_Early_blight_leaf/IMG_20251102_155150_aug_31aug43.jpg,Tomato_Early_blight_leaf,Tomato_Early_blight_leaf,1.0,1,1.0882482528686523,8.078316688537598,0.162353515625,9.331768035888672
dataset/test/Tomato_Early_blight_leaf/IMG_20251102_155150_aug_32aug44.jpg,Tomato_Early_blight_leaf,Tomato_Early_blight_leaf,1.0,1,1.1495084762573242,7.996555328369141,0.16031455993652344,9.309103012084961
dataset/test/Tomato_Early_blight_leaf/IMG_20251102_155150_aug_33aug38.jpg,Tomato_Early_blight_leaf,Tomato_Early_blight_leaf,1.0,1,1.0907115936279297,7.90590763092041,0.16333484649658203,9.162639617919922
dataset/test/Tomato_Early_blight_leaf/IMG_20251102_155150_aug_34aug32.jpg,Tomato_Early_blight_leaf,Tomato_Early_blight_leaf,1.0,1,1.2139339447021484,7.980443954467773,0.16422462463378906,9.361584663391113
dataset/test/Tomato_Early_blight_leaf/IMG_20251102_155150aug6.jpg,Tomato_Early_blight_leaf,Tomato_Early_blight_leaf,1.0,1,1.2499523162841797,9.730735778808594,0.20792770385742188,11.192060470581055
dataset/test/Tomato_Early_blight_leaf/IMG_20251102_155153_aug_85aug72.jpg,Tomato_Early_blight_leaf,Tomato_Early_blight_leaf,1.0,1,1.667825698852539,11.198265075683594,0.24187183380126953,13.110908508300781
dataset/test/Tomato_Early_blight_leaf/IMG_20251102_155153_aug_86aug78.jpg,Tomato_Early_blight_leaf,Tomato_Early_blight_leaf,1.0,1,1.5242319107055664,11.01120662689209,0.2115001678466797,12.75086784362793
dataset/test/Tomato_Early_blight_leaf/IMG_20251102_155153_aug_87aug76.jpg,Tomato_Early_blight_leaf,Tomato_Early_blight_leaf,1.0,1,1.510676383972168,11.011523246765137,0.20866775512695312,12.734517097473145
dataset/test/Tomato_Early_blight_leaf/IMG_20251102_155153_aug_88aug79.jpg,Tomato_Early_blight_leaf,Tomato_Early_blight_leaf,1.0,1,1.5099925994873047,11.036151885986328,0.39696502685546875,12.946572303771973
dataset/test/Tomato_Early_blight_leaf/IMG_20251102_155153_aug_89aug75.jpg,Tomato_Early_blight_leaf,Tomato_Early_blight_leaf,1.0,1,1.3974170684814453,10.970132827758789,0.20601940155029297,12.576682090759277
dataset/test/Tomato_Early_blight_leaf/IMG_20251102_155153aug17.jpg,Tomato_Early_blight_leaf,Tomato_Early_blight_leaf,1.0,1,1.5566778182983398,10.992097854614258,0.2065572738647461,12.758905410766602
dataset/test/Tomato_Early_blight_leaf/IMG_20251102_155207_aug_10aug47.jpg,Tomato_Early_blight_leaf,Tomato_Early_blight_leaf,0.9995404481887817,1,1.5028629302978516,11.019984245300293,0.20524215698242188,12.73147964477539
dataset/test/Tomato_Early_blight_leaf/IMG_20251102_155207_aug_11aug56.jpg,Tomato_Early_blight_leaf,Tomato_Early_blight_leaf,0.9999959468841553,1,1.4808988571166992,9.377695083618164,0.16535186767578125,11.02709674835205
dataset/test/Tomato_Early_blight_leaf/IMG_20251102_155207_aug_12aug45.jpg,Tomato_Early_blight_leaf,Tomato_Early_blight_leaf,0.9999845027923584,1,1.1496572494506836,8.22781753540039,0.1709442138671875,9.550936698913574
dataset/test/Tomato_Early_blight_leaf/IMG_20251102_155207_aug_13aug48.jpg,Tomato_Early_blight_leaf,Tomato_Early_blight_leaf,0.9999780654907227,1,1.0798406600952148,8.260446548461914,0.16594505310058594,9.509086608886719
dataset/test/Tomato_Early_blight_leaf/IMG_20251102_155207_aug_14aug49.jpg,Tomato_Early_blight_leaf,Tomato_Early_blight_leaf,0.9999489784240723,1,1.1183404922485352,8.191465377807617,0.17027854919433594,9.483475685119629
dataset/test/Tomato_Early_blight_leaf/IMG_20251102_155207aug2.jpg,Tomato_Early_blight_leaf,Tomato_Early_blight_leaf,0.9999780654907227,1,1.1319904327392578,9.065194129943848,0.16613101959228516,10.365999221801758
dataset/test/Tomato_Early_blight_leaf/IMG_20251102_155305_aug_35aug25.jpg,Tomato_Early_blight_leaf,Tomato_Early_blight_leaf,0.999314546585083,1,1.1128597259521484,8.140539169311523,0.20557403564453125,9.46165943145752
dataset/test/Tomato_Early_blight_leaf/IMG_20251102_155305_aug_36aug27.jpg,Tomato_Early_blight_leaf,Tomato_Early_blight_leaf,0.9992151260375977,1,1.1037302017211914,8.165742874145508,0.1617422103881836,9.433993339538574
dataset/test/Tomato_Early_blight_leaf/IMG_20251102_155305_aug_37aug29.jpg,Tomato_Early_blight_leaf,Tomato_Septoria_leaf_spot,0.46754342317581177,0,1.1131744384765625,7.963945388793945,0.3254108428955078,9.405641555786133
dataset/test/Tomato_Early_blight_leaf/IMG_20251102_155305_aug_38aug31.jpg,Tomato_Early_blight_leaf,Tomato_Early_blight_leaf,0.9954884648323059,1,1.0993213653564453,8.017946243286133,0.1764087677001953,9.296675682067871
dataset/test/Tomato_Early_blight_leaf/IMG_20251102_155305_aug_39aug26.jpg,Tomato_Early_blight_leaf,Tomato_Early_blight_leaf,0.9905219078063965,1,1.20513916015625,8.016722679138184,0.1714639663696289,9.396140098571777
dataset/test/Tomato_Early_blight_leaf/IMG_20251102_155305aug7.jpg,Tomato_Early_blight_leaf,Tomato_Early_blight_leaf,0.9981834292411804,1,1.1105270385742188,8.293910026550293,0.1657238006591797,9.572696685791016
dataset/test/Tomato_Early_blight_leaf/IMG_20251102_155853_aug_55aug106.jpg,Tomato_Early_blight_leaf,Tomato_leaf_late_blight,0.9998632669448853,0,1.157674789428711,7.728127479553223,0.16085338592529297,9.049267768859863
dataset/test/Tomato_Early_blight_leaf/IMG_20251102_155853_aug_56aug92.jpg,Tomato_Early_blight_leaf,Tomato_leaf_late_blight,0.9999998807907104,0,1.0653772354125977,7.760073661804199,0.16272354125976562,8.990582466125488
dataset/test/Tomato_Early_blight_leaf/IMG_20251102_155853_aug_57aug96.jpg,Tomato_Early_blight_leaf,Tomato_leaf_late_blight,0.9993415474891663,0,1.0858964920043945,7.73964786529541,0.1603708267211914,8.98863697052002
dataset/test/Tomato_Early_blight_leaf/IMG_20251102_155853_aug_58aug103.jpg,Tomato_Early_blight_leaf,Tomato_leaf_late_blight,1.0,0,1.0631732940673828,7.807888984680176,0.1685009002685547,9.042712211608887
dataset/test/Tomato_Early_blight_leaf/IMG_20251102_155853_aug_59aug99.jpg,Tomato_Early_blight_leaf,Tomato_leaf_late_blight,0.9998103976249695,0,1.1166200637817383,7.790796279907227,0.15946388244628906,9.06943416595459
dataset/test/Tomato_Early_blight_leaf/IMG_20251102_155853aug11.jpg,Tomato_Early_blight_leaf,Tomato_leaf_late_blight,0.9999998807907104,0,1.0712480545043945,7.76253604888916,0.1549072265625,8.990897178649902
dataset/test/Tomato_Early_blight_leaf/IMG_20251102_160046_aug_95aug70.jpg,Tomato_Early_blight_leaf,Tomato_Early_blight_leaf,0.9780800342559814,1,1.0609703063964844,7.836648941040039,0.16168689727783203,9.061841011047363
dataset/test/Tomato_Early_blight_leaf/IMG_20251102_160046_aug_96aug69.jpg,Tomato_Early_blight_leaf,Tomato_Early_blight_leaf,0.9205498695373535,1,1.2127866744995117,7.610776901245117,0.16020488739013672,8.986359596252441
dataset/test/Tomato_Early_blight_leaf/IMG_20251102_160046_aug_97aug67.jpg,Tomato_Early_blight_leaf,Tomato_Early_blight_leaf,0.8270241022109985,1,1.1342296600341797,7.754351615905762,0.16022300720214844,9.051822662353516
dataset/test/Tomato_Early_blight_leaf/IMG_20251102_160046_aug_98aug68.jpg,Tomato_Early_blight_leaf,Tomato_Early_blight_leaf,0.9796931743621826,1,1.094564437866211,7.737591743469238,0.16090965270996094,8.99569320678711
dataset/test/Tomato_Early_blight_leaf/IMG_20251102_160046aug19.jpg,Tomato_Early_blight_leaf,Tomato_Early_blight_leaf,0.998078465461731,1,1.0801010131835938,7.777146339416504,0.16215038299560547,9.022100448608398
dataset/test/Tomato_Early_blight_leaf/IMG_20251102_160055_aug_15aug53.jpg,Tomato_Early_blight_leaf,Tomato_Early_blight_leaf,1.0,1,1.065526008605957,8.15211296081543,0.16681575775146484,9.387103080749512
dataset/test/Tomato_Early_blight_leaf/IMG_20251102_160055_aug_16aug55.jpg,Tomato_Early_blight_leaf,Tomato_Early_blight_leaf,1.0,1,1.1304712295532227,8.179834365844727,0.17322254180908203,9.485955238342285
dataset/test/Tomato_Early_blight_leaf/IMG_20251102_160055_aug_17aug46.jpg,Tomato_Early_blight_leaf,Tomato_Early_blight_leaf,1.0,1,1.1108226776123047,8.20028018951416,0.16790771484375,9.481844902038574
dataset/test/Tomato_Early_blight_leaf/IMG_20251102_160055_aug_18aug54.jpg,Tomato_Early_blight_leaf,Tomato_Early_blight_leaf,0.9999998807907104,1,1.115896224975586,8.218186378479004,0.16577911376953125,9.502326011657715
dataset/test/Tomato_Early_blight_leaf/IMG_20251102_160055_aug_19aug52.jpg,Tomato_Early_blight_leaf,Tomato_Early_blight_leaf,1.0,1,1.091562271118164,8.373188018798828,0.16653823852539062,9.633883476257324
dataset/test/Tomato_Early_blight_leaf/IMG_20251102_160055aug3.jpg,Tomato_Early_blight_leaf,Tomato_Early_blight_leaf,1.0,1,1.1092472076416016,8.134371757507324,0.16281604766845703,9.408808708190918
dataset/test/Tomato_Early_blight_leaf/IMG_20251102_160217_aug_75aug82.jpg,Tomato_Early_blight_leaf,Tomato_Early_blight_leaf,0.9999972581863403,1,1.137009620666504,8.386411666870117,0.15301990509033203,9.678661346435547
dataset/test/Tomato_Early_blight_leaf/IMG_20251102_160217_aug_76aug83.jpg,Tomato_Early_blight_leaf,Tomato_Early_blight_leaf,0.9997619986534119,1,1.0721540451049805,8.054187774658203,0.1650562286376953,9.294139862060547
dataset/test/Tomato_Early_blight_leaf/IMG_20251102_160217_aug_77aug90.jpg,Tomato_Early_blight_leaf,Tomato_Early_blight_leaf,0.9998406171798706,1,1.2084531784057617,8.003241539001465,0.16468524932861328,9.378732681274414
dataset/test/Tomato_Early_blight_leaf/IMG_20251102_160217_aug_78aug81.jpg,Tomato_Early_blight_leaf,Tomato_Early_blight_leaf,0.9999982118606567,1,1.1460456848144531,8.101075172424316,0.1646127700805664,9.414400100708008
dataset/test/Tomato_Early_blight_leaf/IMG_20251102_160217_aug_79aug86.jpg,Tomato_Early_blight_leaf,Tomato_Early_blight_leaf,0.9999974966049194,1,1.1090078353881836,8.418540954589844,0.22714996337890625,9.758273124694824
dataset/test/Tomato_Early_blight_leaf/IMG_20251102_160217aug15.jpg,Tomato_Early_blight_leaf,Tomato_Early_blight_leaf,0.9999983310699463,1,1.482640266418457,11.038578033447266,0.20487117767333984,12.729423522949219
dataset/test/Tomato_Early_blight_leaf/IMG_20251102_160523_aug_50aug114.jpg,Tomato_Early_blight_leaf,Tomato_Early_blight_leaf,0.9999927282333374,1,1.5661048889160156,11.606341361999512,0.19246387481689453,13.368223190307617
dataset/test/Tomato_Early_blight_leaf/IMG_20251102_160523_aug_51aug111.jpg,Tomato_Early_blight_leaf,Tomato_Early_blight_leaf,0.9999881982803345,1,1.4730844497680664,11.20557975769043,0.2056112289428711,12.887646675109863
dataset/test/Tomato_Early_blight_leaf/IMG_20251102_160523_aug_52aug112.jpg,Tomato_Early_blight_leaf,Tomato_Early_blight_leaf,0.9999932050704956,1,1.5991029739379883,11.267338752746582,0.2073354721069336,13.076796531677246
dataset/test/Tomato_Early_blight_leaf/IMG_20251102_160523_aug_53aug115.jpg,Tomato_Early_blight_leaf,Tomato_Early_blight_leaf,0.9999995231628418,1,1.563974380493164,10.920280456542969,0.20646381378173828,12.694144248962402
dataset/test/Tomato_Early_blight_leaf/IMG_20251102_160523_aug_54aug113.jpg,Tomato_Early_blight_leaf,Tomato_Early_blight_leaf,0.9988539218902588,1,1.6304187774658203,11.452173233032227,0.20046520233154297,13.286649703979492
dataset/test/Tomato_Early_blight_leaf/IMG_20251102_160523aug10.jpg,Tomato_Early_blight_leaf,Tomato_Early_blight_leaf,0.999962568283081,1,1.5037879943847656,11.41556167602539,0.20531654357910156,13.128480911254883
dataset/test/Tomato_Early_blight_leaf/IMG_20251102_161202_aug_45aug118.jpg,Tomato_Early_blight_leaf,Tomato_Early_blight_leaf,0.9265852570533752,1,1.5482149124145508,9.296048164367676,0.17418766021728516,11.021354675292969
dataset/test/Tomato_Early_blight_leaf/IMG_20251102_161202_aug_46aug116.jpg,Tomato_Early_blight_leaf,Tomato_Early_blight_leaf,0.9265852570533752,1,1.1012115478515625,7.751203536987305,0.15713024139404297,9.01211929321289
dataset/test/Tomato_Early_blight_leaf/IMG_20251102_161202_aug_47aug117.jpg,Tomato_Early_blight_leaf,Tomato_Early_blight_leaf,0.9995500445365906,1,1.1106185913085938,7.721331596374512,0.1620941162109375,8.996748924255371
dataset/test/Tomato_Early_blight_leaf/IMG_20251102_161202_aug_48aug30.jpg,Tomato_Early_blight_leaf,Tomato_Early_blight_leaf,0.8665018677711487,1,1.144434928894043,7.661405563354492,0.15705585479736328,8.96578598022461
dataset/test/Tomato_Early_blight_leaf/IMG_20251102_161202_aug_49aug119.jpg,Tomato_Early_blight_leaf,Tomato_Early_blight_leaf,0.930702805519104,1,1.1079339981079102,7.667609214782715,0.14231491088867188,8.91996955871582
dataset/test/Tomato_Early_blight_leaf/IMG_20251102_161202aug9.jpg,Tomato_Early_blight_leaf,Tomato_Early_blight_leaf,0.9761381149291992,1,1.0757675170898438,7.505293846130371,0.15859413146972656,8.74232006072998
dataset/test/Tomato_Early_blight_leaf/early_blight_jpg.rf.1091c0a2a9a3da5b9ad688c89298614c_aug_80aug87.jpg,Tomato_Early_blight_leaf,Tomato_Early_blight_leaf,0.9975548386573792,1,1.0582866668701172,7.611090660095215,0.15946578979492188,8.832062721252441
dataset/test/Tomato_Early_blight_leaf/early_blight_jpg.rf.1091c0a2a9a3da5b9ad688c89298614c_aug_81aug84.jpg,Tomato_Early_blight_leaf,Tomato_Early_blight_leaf,0.9910717606544495,1,1.0546379089355469,8.484431266784668,0.15777873992919922,9.699291229248047
dataset/test/Tomato_Early_blight_leaf/early_blight_jpg.rf.1091c0a2a9a3da5b9ad688c89298614c_aug_82aug89.jpg,Tomato_Early_blight_leaf,Tomato_Early_blight_leaf,0.9818874597549438,1,1.0583038330078125,7.7387590408325195,0.1589641571044922,8.958674430847168
dataset/test/Tomato_Early_blight_leaf/early_blight_jpg.rf.1091c0a2a9a3da5b9ad688c89298614c_aug_83aug85.jpg,Tomato_Early_blight_leaf,Tomato_Early_blight_leaf,0.97940593957901,1,1.180729866027832,7.671221733093262,0.1640758514404297,9.019007682800293
dataset/test/Tomato_Early_blight_leaf/early_blight_jpg.rf.1091c0a2a9a3da5b9ad688c89298614c_aug_84aug88.jpg,Tomato_Early_blight_leaf,Tomato_Early_blight_leaf,0.9223152995109558,1,1.0787477493286133,7.690498352050781,0.16118717193603516,8.933248519897461
dataset/test/Tomato_Early_blight_leaf/early_blight_jpg.rf.1091c0a2a9a3da5b9ad688c89298614caug16.jpg,Tomato_Early_blight_leaf,Tomato_Early_blight_leaf,0.9969114661216736,1,1.1113967895507812,7.553387641906738,0.1632986068725586,8.830728530883789
dataset/test/Tomato_Healthy_leaf/20140818-tomato-sauce-vicky-wasik-1_jpg.rf.d3d9b4a0642e72ba76b40dbdfff8b9f7_aug_6aug50.jpg,Tomato_Healthy_leaf,Tomato_Healthy_leaf,0.9987847208976746,1,1.1741924285888672,7.9394073486328125,0.16466808319091797,9.2808256149292
dataset/test/Tomato_Healthy_leaf/20140818-tomato-sauce-vicky-wasik-1_jpg.rf.d3d9b4a0642e72ba76b40dbdfff8b9f7_aug_7aug56.jpg,Tomato_Healthy_leaf,Tomato_Healthy_leaf,0.9998419284820557,1,1.0752668380737305,7.980001449584961,0.16498184204101562,9.22289752960205
dataset/test/Tomato_Healthy_leaf/20140818-tomato-sauce-vicky-wasik-1_jpg.rf.d3d9b4a0642e72ba76b40dbdfff8b9f7aug3.jpg,Tomato_Healthy_leaf,Tomato_Healthy_leaf,0.9999592304229736,1,1.0570812225341797,8.064074516296387,0.2026500701904297,9.326658248901367
dataset/test/Tomato_Healthy_leaf/2015-09-17-01_aug_20aug110.jpg,Tomato_Healthy_leaf,Tomato_mold_leaf,0.9955028891563416,0,1.0930252075195312,8.073204040527344,0.164093017578125,9.333677291870117
dataset/test/Tomato_Healthy_leaf/2015-09-17-01_aug_21aug114.jpg,Tomato_Healthy_leaf,Tomato_mold_leaf,0.9828529953956604,0,1.0763416290283203,8.108834266662598,0.1644449234008789,9.352139472961426
dataset/test/Tomato_Healthy_leaf/2015-09-17-01aug10.jpg,Tomato_Healthy_leaf,Tomato_Healthy_leaf,0.3780438303947449,1,1.062302589416504,7.994649887084961,0.20270633697509766,9.26273250579834
dataset/test/Tomato_Healthy_leaf/Basil_2Binfected_2Bby_2BTomato_2BSpotted_2BWilt_2BVirus_aug_2aug59.jpg,Tomato_Healthy_leaf,Tomato_mold_leaf,0.4321972131729126,0,1.067525863647461,8.034038543701172,0.1634082794189453,9.267455101013184
dataset/test/Tomato_Healthy_leaf/Basil_2Binfected_2Bby_2BTomato_2BSpotted_2BWilt_2BVirus_aug_3aug51.jpg,Tomato_Healthy_leaf,Tomato_mold_leaf,0.9982341527938843,0,1.0701923370361328,7.977555274963379,0.1699085235595703,9.22047233581543
dataset/test/Tomato_Healthy_leaf/Basil_2Binfected_2Bby_2BTomato_2BSpotted_2BWilt_2BVirusaug1.jpg,Tomato_Healthy_leaf,Tomato_mold_leaf,0.9986242055892944,0,1.0737857818603516,8.010037422180176,0.16187000274658203,9.248008728027344
dataset/test/Tomato_Healthy_leaf/Fig-2_aug_22aug102.jpg,Tomato_Healthy_leaf,Tomato_Healthy_leaf,0.9121072888374329,1,1.1289339065551758,8.101557731628418,0.1567239761352539,9.389694213867188
dataset/test/Tomato_Healthy_leaf/Fig-2_aug_23aug90.jpg,Tomato_Healthy_leaf,Tomato_Healthy_leaf,0.3977663815021515,1,1.0959711074829102,7.9005937576293945,0.16640758514404297,9.165972709655762
dataset/test/Tomato_Healthy_leaf/Fig-2aug11.jpg,Tomato_Healthy_leaf,Tomato_Healthy_leaf,0.587661623954773,1,1.2102298736572266,7.993816375732422,0.1660747528076172,9.37312126159668
dataset/test/Tomato_Healthy_leaf/HL_(103)aug39.jpg,Tomato_Healthy_leaf,Tomato_Healthy_leaf,0.9999880790710449,1,1.262415885925293,8.048927307128906,0.16653919219970703,9.480788230895996
dataset/test/Tomato_Healthy_leaf/HL_(118)_aug_38aug103.jpg,Tomato_Healthy_leaf,Tomato_Healthy_leaf,1.0,1,1.1033592224121094,8.132688522338867,0.16696548461914062,9.405603408813477
dataset/test/Tomato_Healthy_leaf/HL_(118)_aug_39aug104.jpg,Tomato_Healthy_leaf,Tomato_Healthy_leaf,0.9999997615814209,1,1.1096382141113281,8.269501686096191,0.16663169860839844,9.548196792602539
dataset/test/Tomato_Healthy_leaf/HL_(118)aug19.jpg,Tomato_Healthy_leaf,Tomato_Healthy_leaf,1.0,1,1.0994329452514648,8.167001724243164,0.16766834259033203,9.437067031860352
dataset/test/Tomato_Healthy_leaf/HL_(165)_aug_28aug105.jpg,Tomato_Healthy_leaf,Tomato_Healthy_leaf,0.9999996423721313,1,1.1182498931884766,8.17979907989502,0.16787242889404297,9.469491958618164
dataset/test/Tomato_Healthy_leaf/HL_(165)_aug_29aug91.jpg,Tomato_Healthy_leaf,Tomato_Healthy_leaf,0.9999973773956299,1,1.1601934432983398,8.21492862701416,0.18314838409423828,9.561012268066406
dataset/test/Tomato_Healthy_leaf/HL_(165)aug14.jpg,Tomato_Healthy_leaf,Tomato_Healthy_leaf,0.999996542930603,1,1.1280632019042969,8.146279335021973,0.1666851043701172,9.443621635437012
dataset/test/Tomato_Healthy_leaf/HL_(61)_aug_50aug83.jpg,Tomato_Healthy_leaf,Tomato_Healthy_leaf,0.9913544058799744,1,1.1106014251708984,8.149593353271484,0.1611499786376953,9.423918724060059
dataset/test/Tomato_Healthy_leaf/HL_(61)_aug_51aug76.jpg,Tomato_Healthy_leaf,Tomato_Healthy_leaf,0.9999474287033081,1,1.1256742477416992,8.010168075561523,0.3194847106933594,9.4584379196167
dataset/test/Tomato_Healthy_leaf/HL_(61)aug25.jpg,Tomato_Healthy_leaf,Tomato_Healthy_leaf,0.9998698234558105,1,1.0533599853515625,10.313756942749023,0.20296478271484375,11.573229789733887
dataset/test/Tomato_Healthy_leaf/HL_(62)aug36.jpg,Tomato_Healthy_leaf,Tomato_Healthy_leaf,0.9887377023696899,1,1.4899358749389648,10.994429588317871,0.2054281234741211,12.693071365356445
dataset/test/Tomato_Healthy_leaf/IMG_20251102_161618_aug_58aug71.jpg,Tomato_Healthy_leaf,Tomato_Healthy_leaf,0.9999651908874512,1,1.523324966430664,10.989004135131836,0.20866775512695312,12.724515914916992
dataset/test/Tomato_Healthy_leaf/IMG_20251102_161618_aug_59aug63.jpg,Tomato_Healthy_leaf,Tomato_Healthy_leaf,0.999969482421875,1,1.5792884826660156,10.954910278320312,0.2062244415283203,12.743905067443848
dataset/test/Tomato_Healthy_leaf/IMG_20251102_161618aug29.jpg,Tomato_Healthy_leaf,Tomato_Healthy_leaf,0.9993684887886047,1,1.8056793212890625,11.911104202270508,0.20816898345947266,13.928894996643066
dataset/test/Tomato_Healthy_leaf/IMG_20251102_161625aug44.jpg,Tomato_Healthy_leaf,Tomato_Healthy_leaf,0.9999949932098389,1,1.5354375839233398,10.989892959594727,0.20879745483398438,12.737293243408203
dataset/test/Tomato_Healthy_leaf/IMG_20251102_161629_aug_10aug115.jpg,Tomato_Healthy_leaf,Tomato_Healthy_leaf,0.9999980926513672,1,1.5705671310424805,17.128417015075684,0.22479724884033203,18.927597045898438
dataset/test/Tomato_Healthy_leaf/IMG_20251102_161629_aug_11aug109.jpg,Tomato_Healthy_leaf,Tomato_Healthy_leaf,0.9999977350234985,1,1.5465669631958008,20.659276962280273,0.1638345718383789,22.373269081115723
dataset/test/Tomato_Healthy_leaf/IMG_20251102_161629aug5.jpg,Tomato_Healthy_leaf,Tomato_Healthy_leaf,0.9999994039535522,1,1.1502857208251953,12.87460994720459,0.1607227325439453,14.188080787658691
dataset/test/Tomato_Healthy_leaf/IMG_20251102_161652aug43.jpg,Tomato_Healthy_leaf,Tomato_Healthy_leaf,0.9999985694885254,1,1.2226009368896484,7.687664985656738,0.16127967834472656,9.074398040771484
dataset/test/Tomato_Healthy_leaf/IMG_20251102_161826_aug_60aug68.jpg,Tomato_Healthy_leaf,Tomato_Healthy_leaf,0.9999423027038574,1,1.126230239868164,7.6203508377075195,0.1582794189453125,8.907618522644043
dataset/test/Tomato_Healthy_leaf/IMG_20251102_161826_aug_61aug62.jpg,Tomato_Healthy_leaf,Tomato_Healthy_leaf,0.9999986886978149,1,1.1333045959472656,7.672664642333984,0.2037038803100586,9.01219367980957
dataset/test/Tomato_Healthy_leaf/IMG_20251102_161826aug30.jpg,Tomato_Healthy_leaf,Tomato_Healthy_leaf,0.9995170831680298,1,1.1249895095825195,7.70509147644043,0.1586313247680664,8.991435050964355
dataset/test/Tomato_Healthy_leaf/IMG_20251102_161850_aug_56aug74.jpg,Tomato_Healthy_leaf,Tomato_Healthy_leaf,0.94772869348526,1,1.0876007080078125,7.793609619140625,0.1604442596435547,9.044340133666992
dataset/test/Tomato_Healthy_leaf/IMG_20251102_161850_aug_57aug72.jpg,Tomato_Healthy_leaf,Tomato_Healthy_leaf,0.9975912570953369,1,1.050786018371582,7.70375919342041,0.16005611419677734,8.917654991149902
dataset/test/Tomato_Healthy_leaf/IMG_20251102_161850aug28.jpg,Tomato_Healthy_leaf,Tomato_Healthy_leaf,0.9986347556114197,1,1.0963783264160156,7.696240425109863,0.1922597885131836,8.987935066223145
dataset/test/Tomato_Healthy_leaf/IMG_20251102_161859aug38.jpg,Tomato_Healthy_leaf,Tomato_Healthy_leaf,0.9980037808418274,1,1.0751934051513672,7.505404472351074,0.16131591796875,8.74454402923584
dataset/test/Tomato_Healthy_leaf/IMG_20251102_161935_aug_4aug55.jpg,Tomato_Healthy_leaf,Tomato_Healthy_leaf,0.9999978542327881,1,1.1645078659057617,8.002223014831543,0.16551971435546875,9.335214614868164
dataset/test/Tomato_Healthy_leaf/IMG_20251102_161935_aug_5aug53.jpg,Tomato_Healthy_leaf,Tomato_Healthy_leaf,0.9999991655349731,1,1.2166385650634766,8.014888763427734,0.1676502227783203,9.402139663696289
dataset/test/Tomato_Healthy_leaf/IMG_20251102_161935aug2.jpg,Tomato_Healthy_leaf,Tomato_Healthy_leaf,0.9999997615814209,1,1.1504344940185547,8.113983154296875,0.16520404815673828,9.432381629943848
dataset/test/Tomato_Healthy_leaf/IMG_20251102_162037aug45.jpg,Tomato_Healthy_leaf,Tomato_Healthy_leaf,0.9950012564659119,1,1.147562026977539,8.234298706054688,0.17020511627197266,9.55517864227295
dataset/test/Tomato_Healthy_leaf/h100_lower_aug_54aug73.jpg,Tomato_Healthy_leaf,Tomato_Healthy_leaf,0.9999185800552368,1,1.1147680282592773,8.308208465576172,0.1669454574584961,9.592530250549316
dataset/test/Tomato_Healthy_leaf/h100_lower_aug_55aug75.jpg,Tomato_Healthy_leaf,Tomato_Healthy_leaf,0.999997615814209,1,1.1114883422851562,8.161816596984863,0.16527938842773438,9.441178321838379
dataset/test/Tomato_Healthy_leaf/h100_loweraug27.jpg,Tomato_Healthy_leaf,Tomato_Healthy_leaf,0.9999914169311523,1,1.1322126388549805,8.176630020141602,0.1654644012451172,9.476715087890625
dataset/test/Tomato_Healthy_leaf/h101_aug_18aug119.jpg,Tomato_Healthy_leaf,Tomato_Healthy_leaf,0.9999052286148071,1,1.1575078964233398,8.218835830688477,0.16613101959228516,9.54506778717041
dataset/test/Tomato_Healthy_leaf/h101_aug_19aug116.jpg,Tomato_Healthy_leaf,Tomato_Healthy_leaf,0.9688217639923096,1,1.129598617553711,8.19583511352539,0.1627979278564453,9.491567611694336
dataset/test/Tomato_Healthy_leaf/h101aug9.jpg,Tomato_Healthy_leaf,Tomato_Healthy_leaf,0.9995688796043396,1,1.1107683181762695,8.277726173400879,0.15566730499267578,9.54651165008545
dataset/test/Tomato_Healthy_leaf/h103_aug_42aug82.jpg,Tomato_Healthy_leaf,Tomato_Healthy_leaf,0.9999932050704956,1,1.1118230819702148,8.125372886657715,0.16633319854736328,9.406363487243652
dataset/test/Tomato_Healthy_leaf/h103_aug_43aug77.jpg,Tomato_Healthy_leaf,Tomato_Healthy_leaf,0.9999850988388062,1,1.2115449905395508,8.204392433166504,0.1692047119140625,9.58797550201416
dataset/test/Tomato_Healthy_leaf/h103aug21.jpg,Tomato_Healthy_leaf,Tomato_Healthy_leaf,0.9999954700469971,1,1.2408790588378906,8.16327953338623,0.16820430755615234,9.575030326843262
dataset/test/Tomato_Healthy_leaf/h1_change_90_aug_12aug118.jpg,Tomato_Healthy_leaf,Tomato_Healthy_leaf,0.9999808073043823,1,1.1448793411254883,9.146546363830566,0.16987133026123047,10.463907241821289
dataset/test/Tomato_Healthy_leaf/h1_change_90_aug_13aug108.jpg,Tomato_Healthy_leaf,Tomato_Healthy_leaf,0.9999817609786987,1,1.1356000900268555,8.338041305541992,0.16690826416015625,9.643235206604004
dataset/test/Tomato_Healthy_leaf/h1_change_90aug6.jpg,Tomato_Healthy_leaf,Tomato_Healthy_leaf,0.9999451637268066,1,1.1312665939331055,8.276594161987305,0.16718578338623047,9.578125
dataset/test/Tomato_Healthy_leaf/h39_change_270aug48.jpg,Tomato_Healthy_leaf,Tomato_Healthy_leaf,0.9999673366546631,1,1.1254892349243164,8.341578483581543,0.16944599151611328,9.63940143585205
dataset/test/Tomato_Healthy_leaf/h39_hight_aug_40aug96.jpg,Tomato_Healthy_leaf,Tomato_Healthy_leaf,0.9978664517402649,1,1.1611566543579102,8.426689147949219,0.1660013198852539,9.756736755371094
dataset/test/Tomato_Healthy_leaf/h39_hight_aug_41aug98.jpg,Tomato_Healthy_leaf,Tomato_Healthy_leaf,0.9999097585678101,1,1.1190071105957031,8.385188102722168,0.1668710708618164,9.673697471618652
dataset/test/Tomato_Healthy_leaf/h39_hightaug20.jpg,Tomato_Healthy_leaf,Tomato_Healthy_leaf,0.9995055198669434,1,1.162917137145996,8.54917049407959,0.16696453094482422,9.88199520111084
dataset/test/Tomato_Healthy_leaf/h39_lower_aug_30aug95.jpg,Tomato_Healthy_leaf,Tomato_Healthy_leaf,0.9978287816047668,1,1.1309537887573242,8.339632034301758,0.17374134063720703,9.647753715515137
dataset/test/Tomato_Healthy_leaf/h39_lower_aug_31aug89.jpg,Tomato_Healthy_leaf,Tomato_Healthy_leaf,0.9745445847511292,1,1.1402482986450195,9.002599716186523,0.16387081146240234,10.309608459472656
dataset/test/Tomato_Healthy_leaf/h39_loweraug15.jpg,Tomato_Healthy_leaf,Tomato_Healthy_leaf,0.9999459981918335,1,1.1260643005371094,8.403725624084473,0.16916751861572266,9.702864646911621
dataset/test/Tomato_Healthy_leaf/h3_aug_8aug57.jpg,Tomato_Healthy_leaf,Tomato_Healthy_leaf,1.0,1,1.1142854690551758,8.503484725952148,0.16753864288330078,9.787882804870605
dataset/test/Tomato_Healthy_leaf/h3_aug_9aug54.jpg,Tomato_Healthy_leaf,Tomato_Healthy_leaf,1.0,1,1.1210269927978516,8.347060203552246,0.17020416259765625,9.64173412322998
dataset/test/Tomato_Healthy_leaf/h3_mirror_aug_52aug84.jpg,Tomato_Healthy_leaf,Tomato_Healthy_leaf,1.0,1,1.1135826110839844,8.387967109680176,0.15814876556396484,9.662235260009766
dataset/test/Tomato_Healthy_leaf/h3_mirror_aug_53aug80.jpg,Tomato_Healthy_leaf,Tomato_Healthy_leaf,1.0,1,1.1293039321899414,8.287928581237793,0.31859397888183594,9.738642692565918
dataset/test/Tomato_Healthy_leaf/h3_mirroraug26.jpg,Tomato_Healthy_leaf,Tomato_Healthy_leaf,1.0,1,1.064840316772461,8.309244155883789,0.1668529510498047,9.543734550476074
dataset/test/Tomato_Healthy_leaf/h3aug4.jpg,Tomato_Healthy_leaf,Tomato_Healthy_leaf,1.0,1,1.2387685775756836,8.306577682495117,0.16688919067382812,9.715068817138672
dataset/test/Tomato_Healthy_leaf/h45_mirror_verticalaug42.jpg,Tomato_Healthy_leaf,Tomato_Healthy_leaf,0.9999995231628418,1,1.2370281219482422,8.132243156433105,0.16701889038085938,9.539011001586914
dataset/test/Tomato_Healthy_leaf/h49_change_90aug49.jpg,Tomato_Healthy_leaf,Tomato_Healthy_leaf,0.9999966621398926,1,1.1174898147583008,8.302391052246094,0.2032604217529297,9.625770568847656
dataset/test/Tomato_Healthy_leaf/h50_hight_aug_68aug69.jpg,Tomato_Healthy_leaf,Tomato_Healthy_leaf,0.9998078942298889,1,1.0707855224609375,8.411077499389648,0.16550064086914062,9.649938583374023
dataset/test/Tomato_Healthy_leaf/h50_hight_aug_69aug61.jpg,Tomato_Healthy_leaf,Tomato_Healthy_leaf,0.9996860027313232,1,1.0782842636108398,8.227614402770996,0.1658153533935547,9.474769592285156
dataset/test/Tomato_Healthy_leaf/h50_hightaug34.jpg,Tomato_Healthy_leaf,Tomato_Healthy_leaf,0.9999692440032959,1,1.1021003723144531,8.103094100952148,0.16551971435546875,9.373546600341797
dataset/test/Tomato_Healthy_leaf/h50_lower_aug_66aug65.jpg,Tomato_Healthy_leaf,Tomato_Healthy_leaf,0.9999645948410034,1,1.0706558227539062,8.412484169006348,0.16576004028320312,9.651642799377441
dataset/test/Tomato_Healthy_leaf/h50_lower_aug_67aug70.jpg,Tomato_Healthy_leaf,Tomato_Healthy_leaf,0.9974691867828369,1,1.086008071899414,8.173946380615234,0.165130615234375,9.4276762008667
dataset/test/Tomato_Healthy_leaf/h50_loweraug33.jpg,Tomato_Healthy_leaf,Tomato_Healthy_leaf,0.9998340606689453,1,1.1277685165405273,8.211594581604004,0.16544532775878906,9.507640838623047
dataset/test/Tomato_Healthy_leaf/h50_mirror_vertical_aug_24aug111.jpg,Tomato_Healthy_leaf,Tomato_Healthy_leaf,0.9999961853027344,1,1.0732860565185547,8.415875434875488,0.16570472717285156,9.657771110534668
dataset/test/Tomato_Healthy_leaf/h50_mirror_vertical_aug_25aug100.jpg,Tomato_Healthy_leaf,Tomato_Healthy_leaf,0.9999994039535522,1,1.1339330673217773,8.221427917480469,0.17340850830078125,9.531770706176758
dataset/test/Tomato_Healthy_leaf/h50_mirror_verticalaug12.jpg,Tomato_Healthy_leaf,Tomato_Healthy_leaf,0.9999921321868896,1,1.0917854309082031,8.178094863891602,0.1648712158203125,9.43765926361084
dataset/test/Tomato_Healthy_leaf/h50aug37.jpg,Tomato_Healthy_leaf,Tomato_Healthy_leaf,0.9999780654907227,1,1.0752487182617188,8.036612510681152,0.1659097671508789,9.280657768249512
dataset/test/Tomato_Healthy_leaf/h5_mirroraug41.jpg,Tomato_Healthy_leaf,Tomato_Healthy_leaf,1.0,1,1.2362689971923828,7.972777366638184,0.16476154327392578,9.376510620117188
dataset/test/Tomato_Healthy_leaf/h65_mirror_vertical_aug_26aug97.jpg,Tomato_Healthy_leaf,Tomato_Healthy_leaf,0.9999889135360718,1,1.09228515625,8.4053373336792,0.16655731201171875,9.666939735412598
dataset/test/Tomato_Healthy_leaf/h65_mirror_vertical_aug_27aug106.jpg,Tomato_Healthy_leaf,Tomato_Healthy_leaf,0.9909652471542358,1,1.113785743713379,8.3719482421875,0.16718482971191406,9.656272888183594
dataset/test/Tomato_Healthy_leaf/h65_mirror_verticalaug13.jpg,Tomato_Healthy_leaf,Tomato_Healthy_leaf,0.9999979734420776,1,1.1541376113891602,8.345131874084473,0.16707420349121094,9.66930866241455
dataset/test/Tomato_Healthy_leaf/h71_mirror_aug_62aug66.jpg,Tomato_Healthy_leaf,Tomato_Healthy_leaf,1.0,1,1.1223783493041992,8.4525785446167,0.167816162109375,9.745864868164062
dataset/test/Tomato_Healthy_leaf/h71_mirror_aug_63aug67.jpg,Tomato_Healthy_leaf,Tomato_Healthy_leaf,0.9999998807907104,1,1.1636571884155273,8.338909149169922,0.16589069366455078,9.671215057373047
dataset/test/Tomato_Healthy_leaf/h71_mirroraug31.jpg,Tomato_Healthy_leaf,Tomato_Healthy_leaf,1.0,1,1.1107301712036133,8.448134422302246,0.16609477996826172,9.728199005126953
dataset/test/Tomato_Healthy_leaf/h76_hight_aug_34aug88.jpg,Tomato_Healthy_leaf,Tomato_Healthy_leaf,0.9999725818634033,1,1.0920629501342773,8.763264656066895,0.1663532257080078,10.02468204498291
dataset/test/Tomato_Healthy_leaf/h76_hight_aug_35aug93.jpg,Tomato_Healthy_leaf,Tomato_Healthy_leaf,0.9998849630355835,1,1.106989860534668,8.322391510009766,0.16674137115478516,9.599067687988281
dataset/test/Tomato_Healthy_leaf/h76_hightaug17.jpg,Tomato_Healthy_leaf,Tomato_Healthy_leaf,0.9999291896820068,1,1.1113786697387695,8.546764373779297,0.16794490814208984,9.828680038452148
dataset/test/Tomato_Healthy_leaf/h78_change_270_aug_36aug94.jpg,Tomato_Healthy_leaf,Tomato_Healthy_leaf,0.9997559189796448,1,1.1006927490234375,8.297762870788574,0.16740798950195312,9.568771362304688
dataset/test/Tomato_Healthy_leaf/h78_change_270_aug_37aug99.jpg,Tomato_Healthy_leaf,Tomato_Healthy_leaf,0.9997802376747131,1,1.1129512786865234,8.386725425720215,0.16518592834472656,9.667585372924805
dataset/test/Tomato_Healthy_leaf/h78_change_270aug18.jpg,Tomato_Healthy_leaf,Tomato_Healthy_leaf,0.9941564798355103,1,1.150099754333496,8.390763282775879,0.16561222076416016,9.709587097167969
dataset/test/Tomato_Healthy_leaf/h7_lower_aug_44aug87.jpg,Tomato_Healthy_leaf,Tomato_Healthy_leaf,0.9937705397605896,1,1.1473407745361328,8.324448585510254,0.1679821014404297,9.642364501953125
dataset/test/Tomato_Healthy_leaf/h7_lower_aug_45aug79.jpg,Tomato_Healthy_leaf,Tomato_Healthy_leaf,0.9903144240379333,1,1.1242303848266602,8.37328052520752,0.16500091552734375,9.665419578552246
dataset/test/Tomato_Healthy_leaf/h7_loweraug22.jpg,Tomato_Healthy_leaf,Tomato_Healthy_leaf,0.9995816349983215,1,1.1437673568725586,8.26611328125,0.1617412567138672,9.574012756347656
dataset/test/Tomato_Healthy_leaf/h81_change_180_aug_16aug113.jpg,Tomato_Healthy_leaf,Tomato_Healthy_leaf,0.9999680519104004,1,1.1065826416015625,8.144057273864746,0.18253803253173828,9.436178207397461
dataset/test/Tomato_Healthy_leaf/h81_change_180_aug_17aug117.jpg,Tomato_Healthy_leaf,Tomato_Healthy_leaf,0.9999998807907104,1,1.2322683334350586,8.151446342468262,0.16744518280029297,9.55430793762207
dataset/test/Tomato_Healthy_leaf/h81_change_180aug8.jpg,Tomato_Healthy_leaf,Tomato_Healthy_leaf,1.0,1,1.1382112503051758,8.244465827941895,0.1662607192993164,9.551549911499023
dataset/test/Tomato_Healthy_leaf/h84_mirroraug40.jpg,Tomato_Healthy_leaf,Tomato_Healthy_leaf,0.9999864101409912,1,1.1446189880371094,8.333724975585938,0.16561126708984375,9.646678924560547
dataset/test/Tomato_Healthy_leaf/h8_change_90aug35.jpg,Tomato_Healthy_leaf,Tomato_Healthy_leaf,0.9997976422309875,1,1.1291923522949219,8.131298065185547,0.16576194763183594,9.428955078125
dataset/test/Tomato_Healthy_leaf/h95_mirror_verticalaug46.jpg,Tomato_Healthy_leaf,Tomato_leaf_yellow_curl_virus,0.5059316754341125,0,1.1278228759765625,8.263503074645996,0.16742706298828125,9.561345100402832
dataset/test/Tomato_Healthy_leaf/h96_change_270aug47.jpg,Tomato_Healthy_leaf,Tomato_Healthy_leaf,0.9999513626098633,1,1.1519336700439453,8.112020492553711,0.1650381088256836,9.431382179260254
dataset/test/Tomato_Healthy_leaf/h96_mirror_vertical_aug_14aug107.jpg,Tomato_Healthy_leaf,Tomato_Healthy_leaf,0.9999969005584717,1,1.0965633392333984,8.074593544006348,0.17216873168945312,9.346250534057617
dataset/test/Tomato_Healthy_leaf/h96_mirror_vertical_aug_15aug112.jpg,Tomato_Healthy_leaf,Tomato_Healthy_leaf,0.9999998807907104,1,1.0965633392333984,8.19739055633545,0.16514873504638672,9.461771011352539
dataset/test/Tomato_Healthy_leaf/h96_mirror_verticalaug7.jpg,Tomato_Healthy_leaf,Tomato_Healthy_leaf,0.9999972581863403,1,1.131784439086914,8.194501876831055,0.16316699981689453,9.491863250732422
dataset/test/Tomato_Healthy_leaf/h99_hight_aug_32aug92.jpg,Tomato_Healthy_leaf,Tomato_Healthy_leaf,0.9997853636741638,1,1.1182842254638672,8.095650672912598,0.1579446792602539,9.374529838562012
dataset/test/Tomato_Healthy_leaf/h99_hight_aug_33aug101.jpg,Tomato_Healthy_leaf,Tomato_Healthy_leaf,0.9999480247497559,1,1.098989486694336,7.9897050857543945,0.1658153533935547,9.257121086120605
dataset/test/Tomato_Healthy_leaf/h99_hightaug16.jpg,Tomato_Healthy_leaf,Tomato_Healthy_leaf,0.999600350856781,1,1.1493968963623047,8.002555847167969,0.16459369659423828,9.31913948059082
dataset/test/Tomato_Healthy_leaf/h99_lower_aug_46aug78.jpg,Tomato_Healthy_leaf,Tomato_Healthy_leaf,0.9970552921295166,1,1.129582405090332,8.019076347351074,0.16457462310791016,9.316102027893066
dataset/test/Tomato_Healthy_leaf/h99_lower_aug_47aug81.jpg,Tomato_Healthy_leaf,Tomato_Healthy_leaf,0.9998955726623535,1,1.1082677841186523,8.101651191711426,0.16370391845703125,9.376343727111816
dataset/test/Tomato_Healthy_leaf/h99_loweraug23.jpg,Tomato_Healthy_leaf,Tomato_Healthy_leaf,0.9499945640563965,1,1.1693401336669922,16.04455852508545,0.16940975189208984,17.38636302947998
dataset/test/Tomato_Healthy_leaf/h9_change_180_aug_48aug86.jpg,Tomato_Healthy_leaf,Tomato_Healthy_leaf,0.9999998807907104,1,1.124582290649414,12.117177963256836,0.16613101959228516,13.410797119140625
dataset/test/Tomato_Healthy_leaf/h9_change_180_aug_49aug85.jpg,Tomato_Healthy_leaf,Tomato_Healthy_leaf,0.9999986886978149,1,1.1098976135253906,8.242447853088379,0.20751953125,9.562826156616211
dataset/test/Tomato_Healthy_leaf/h9_change_180aug24.jpg,Tomato_Healthy_leaf,Tomato_Healthy_leaf,0.9999951124191284,1,1.1116743087768555,17.363178253173828,0.21588993072509766,18.694056510925293
dataset/test/Tomato_Healthy_leaf/russian-2-319-dt-2010-leaves-high-tunnel-9-29-2014-c_jpg.rf.7ef5d3901dbeaf27776a27bfc8197b72_aug_0aug52.jpg,Tomato_Healthy_leaf,Tomato_Healthy_leaf,0.999721348285675,1,1.4009742736816406,16.902822494506836,0.18190860748291016,18.488428115844727
dataset/test/Tomato_Healthy_leaf/russian-2-319-dt-2010-leaves-high-tunnel-9-29-2014-c_jpg.rf.7ef5d3901dbeaf27776a27bfc8197b72_aug_1aug58.jpg,Tomato_Healthy_leaf,Tomato_Healthy_leaf,0.9998959302902222,1,1.4135475158691406,14.98475456237793,0.17063045501708984,16.571988105773926
dataset/test/Tomato_Healthy_leaf/russian-2-319-dt-2010-leaves-high-tunnel-9-29-2014-c_jpg.rf.7ef5d3901dbeaf27776a27bfc8197b72aug0.jpg,Tomato_Healthy_leaf,Tomato_Healthy_leaf,0.9998414516448975,1,1.1865453720092773,8.293984413146973,0.16796398162841797,9.651235580444336
dataset/test/Tomato_Healthy_leaf/unnamed_aug_64aug64.jpg,Tomato_Healthy_leaf,Tomato_Healthy_leaf,0.9998823404312134,1,1.1671009063720703,8.235002517700195,0.16757488250732422,9.572420120239258
dataset/test/Tomato_Healthy_leaf/unnamed_aug_65aug60.jpg,Tomato_Healthy_leaf,Tomato_Healthy_leaf,0.9999760389328003,1,1.1036367416381836,8.165316581726074,0.16700172424316406,9.438586235046387
dataset/test/Tomato_Healthy_leaf/unnamedaug32.jpg,Tomato_Healthy_leaf,Tomato_Healthy_leaf,0.999910831451416,1,1.1130456924438477,8.086355209350586,0.16698169708251953,9.36906623840332
dataset/test/Tomato_Septoria_leaf_spot/1723454507354_aug_44aug83.jpg,Tomato_Septoria_leaf_spot,Tomato_Septoria_leaf_spot,0.9496797919273376,1,1.1674156188964844,8.025187492370605,0.1646127700805664,9.359752655029297
dataset/test/Tomato_Septoria_leaf_spot/1723454507354_aug_45aug80.jpg,Tomato_Septoria_leaf_spot,Tomato_Septoria_leaf_spot,0.8654430508613586,1,1.1157665252685547,8.07166862487793,0.16463184356689453,9.354659080505371
dataset/test/Tomato_Septoria_leaf_spot/1723454507354aug22.jpg,Tomato_Septoria_leaf_spot,Tomato_Septoria_leaf_spot,0.9098591208457947,1,1.105118751525879,8.133298873901367,0.2238903045654297,9.465010643005371
dataset/test/Tomato_Septoria_leaf_spot/1723454507465_aug_58aug67.jpg,Tomato_Septoria_leaf_spot,Tomato_Septoria_leaf_spot,0.9589294195175171,1,1.1078414916992188,8.703542709350586,0.16750049591064453,9.981719017028809
dataset/test/Tomato_Septoria_leaf_spot/1723454507465_aug_59aug66.jpg,Tomato_Septoria_leaf_spot,Tomato_Septoria_leaf_spot,0.9919642210006714,1,1.1420259475708008,8.187297821044922,0.1625375747680664,9.494324684143066
dataset/test/Tomato_Septoria_leaf_spot/1723454507465aug29.jpg,Tomato_Septoria_leaf_spot,Tomato_Septoria_leaf_spot,0.96635901927948,1,1.158137321472168,8.532727241516113,0.28539085388183594,9.979069709777832
dataset/test/Tomato_Septoria_leaf_spot/5454635393351680.jpeg_aug_14aug115.jpg,Tomato_Septoria_leaf_spot,Tomato_Septoria_leaf_spot,0.9104469418525696,1,1.1052122116088867,8.454597473144531,0.16818618774414062,9.731086730957031
dataset/test/Tomato_Septoria_leaf_spot/5454635393351680.jpeg_aug_15aug46.jpg,Tomato_Septoria_leaf_spot,Tomato_Septoria_leaf_spot,0.7387637495994568,1,1.1620817184448242,15.295719146728516,0.23876094818115234,16.699728965759277
dataset/test/Tomato_Septoria_leaf_spot/5454635393351680.jpegaug7.jpg,Tomato_Septoria_leaf_spot,Tomato_Septoria_leaf_spot,0.9925312399864197,1,1.1662120819091797,13.967060089111328,0.16352081298828125,15.299756050109863
dataset/test/Tomato_Septoria_leaf_spot/6134794031202304-600x272-jpeg_jpg.rf.5482c323fe160b26426628094ae3646baug42.jpg,Tomato_Septoria_leaf_spot,Tomato_Septoria_leaf_spot,0.9999988079071045,1,2.02099609375,9.357399940490723,0.16696453094482422,11.547913551330566
dataset/test/Tomato_Septoria_leaf_spot/66e7583ebe11cf0bd06435e4167bd4fdaug41.jpg,Tomato_Septoria_leaf_spot,Tomato_Septoria_leaf_spot,0.9999995231628418,1,1.118377685546875,8.124242782592773,0.164520263671875,9.410344123840332
dataset/test/Tomato_Septoria_leaf_spot/8_20mistakes_204_aug_72aug61.jpg,Tomato_Septoria_leaf_spot,Tomato_leaf_late_blight,0.41084906458854675,0,1.0875816345214844,8.024871826171875,0.1684093475341797,9.283638954162598
dataset/test/Tomato_Septoria_leaf_spot/8_20mistakes_204_aug_73aug62.jpg,Tomato_Septoria_leaf_spot,Tomato_mold_leaf,0.8904902935028076,0,1.103989601135254,8.064093589782715,0.16388988494873047,9.334510803222656
dataset/test/Tomato_Septoria_leaf_spot/8_20mistakes_204aug36.jpg,Tomato_Septoria_leaf_spot,Tomato_mold_leaf,0.8231067061424255,0,1.1538963317871094,7.9567413330078125,0.1645946502685547,9.277695655822754
dataset/test/Tomato_Septoria_leaf_spot/Gls11_mirror_vertical_aug_42aug85.jpg,Tomato_Septoria_leaf_spot,Tomato_Septoria_leaf_spot,0.9964573979377747,1,1.0703411102294922,7.853777885437012,0.16752052307128906,9.09421157836914
dataset/test/Tomato_Septoria_leaf_spot/Gls11_mirror_vertical_aug_43aug86.jpg,Tomato_Septoria_leaf_spot,Tomato_Septoria_leaf_spot,0.9907738566398621,1,1.087285041809082,7.852054595947266,0.16379833221435547,9.105730056762695
dataset/test/Tomato_Septoria_leaf_spot/Gls11_mirror_verticalaug21.jpg,Tomato_Septoria_leaf_spot,Tomato_Septoria_leaf_spot,0.9860250353813171,1,1.090897560119629,7.925555229187012,0.15959453582763672,9.178287506103516
dataset/test/Tomato_Septoria_leaf_spot/Gls12_mirror_aug_46aug81.jpg,Tomato_Septoria_leaf_spot,Tomato_Septoria_leaf_spot,1.0,1,1.098785400390625,8.013445854187012,0.15711212158203125,9.271806716918945
dataset/test/Tomato_Septoria_leaf_spot/Gls12_mirror_aug_47aug92.jpg,Tomato_Septoria_leaf_spot,Tomato_Septoria_leaf_spot,0.9999998807907104,1,1.1779518127441406,8.04426097869873,0.16744613647460938,9.392659187316895
dataset/test/Tomato_Septoria_leaf_spot/Gls12_mirroraug23.jpg,Tomato_Septoria_leaf_spot,Tomato_Septoria_leaf_spot,0.9999998807907104,1,1.1015825271606445,8.004075050354004,0.1671314239501953,9.2754545211792
dataset/test/Tomato_Septoria_leaf_spot/Gls1_mirror_aug_38aug82.jpg,Tomato_Septoria_leaf_spot,Tomato_Septoria_leaf_spot,0.9999345541000366,1,1.2457313537597656,8.074797630310059,0.16650104522705078,9.489862442016602
dataset/test/Tomato_Septoria_leaf_spot/Gls1_mirror_aug_39aug84.jpg,Tomato_Septoria_leaf_spot,Tomato_Septoria_leaf_spot,0.9998056292533875,1,1.0810813903808594,8.148113250732422,0.1648721694946289,9.39667797088623
dataset/test/Tomato_Septoria_leaf_spot/Gls1_mirroraug19.jpg,Tomato_Septoria_leaf_spot,Tomato_Septoria_leaf_spot,0.999976634979248,1,1.0847654342651367,8.031462669372559,0.16690921783447266,9.286084175109863
dataset/test/Tomato_Septoria_leaf_spot/Gls21_change_270aug43.jpg,Tomato_Septoria_leaf_spot,Tomato_Septoria_leaf_spot,0.9752150774002075,1,1.1415643692016602,8.181910514831543,0.16753864288330078,9.493788719177246
dataset/test/Tomato_Septoria_leaf_spot/Gls21_hight_aug_56aug78.jpg,Tomato_Septoria_leaf_spot,Tomato_Septoria_leaf_spot,1.0,1,1.0909147262573242,8.166261672973633,0.16535377502441406,9.425028800964355
dataset/test/Tomato_Septoria_leaf_spot/Gls21_hight_aug_57aug79.jpg,Tomato_Septoria_leaf_spot,Tomato_Septoria_leaf_spot,1.0,1,1.1112852096557617,8.115428924560547,0.1611480712890625,9.390381813049316
dataset/test/Tomato_Septoria_leaf_spot/Gls21_hightaug28.jpg,Tomato_Septoria_leaf_spot,Tomato_Septoria_leaf_spot,1.0,1,1.085841178894043,8.405134201049805,0.15929698944091797,9.652753829956055
dataset/test/Tomato_Septoria_leaf_spot/Gls29_change_180_aug_40aug89.jpg,Tomato_Septoria_leaf_spot,Tomato_Septoria_leaf_spot,0.9983019828796387,1,1.096653938293457,8.057574272155762,0.1790008544921875,9.3357515335083
dataset/test/Tomato_Septoria_leaf_spot/Gls29_change_180_aug_41aug91.jpg,Tomato_Septoria_leaf_spot,Tomato_Septoria_leaf_spot,0.9999260902404785,1,1.206284523010254,8.051593780517578,0.16700172424316406,9.427492141723633
dataset/test/Tomato_Septoria_leaf_spot/Gls29_change_180aug20.jpg,Tomato_Septoria_leaf_spot,Tomato_Septoria_leaf_spot,0.9998164772987366,1,1.1273231506347656,10.249832153320312,0.1948537826538086,11.575026512145996
dataset/test/Tomato_Septoria_leaf_spot/Gls36_hight_aug_20aug116.jpg,Tomato_Septoria_leaf_spot,Tomato_Septoria_leaf_spot,0.9997574687004089,1,1.4062509536743164,12.300309181213379,0.2056865692138672,13.915616989135742
dataset/test/Tomato_Septoria_leaf_spot/Gls36_hight_aug_21aug118.jpg,Tomato_Septoria_leaf_spot,Tomato_Septoria_leaf_spot,0.9997524619102478,1,1.4193429946899414,10.926409721374512,0.20614910125732422,12.555606842041016
dataset/test/Tomato_Septoria_leaf_spot/Gls36_hightaug10.jpg,Tomato_Septoria_leaf_spot,Tomato_Septoria_leaf_spot,0.9998688697814941,1,1.4539365768432617,10.934725761413574,0.2066478729248047,12.598662376403809
dataset/test/Tomato_Septoria_leaf_spot/Gls41_change_270_aug_50aug90.jpg,Tomato_Septoria_leaf_spot,Tomato_Septoria_leaf_spot,0.8342852592468262,1,1.6298255920410156,10.923355102539062,0.2454090118408203,12.803109169006348
dataset/test/Tomato_Septoria_leaf_spot/Gls41_change_270_aug_51aug77.jpg,Tomato_Septoria_leaf_spot,Tomato_Septoria_leaf_spot,0.9989455342292786,1,1.4623432159423828,11.043523788452148,0.20859336853027344,12.717867851257324
dataset/test/Tomato_Septoria_leaf_spot/Gls41_change_270aug25.jpg,Tomato_Septoria_leaf_spot,Tomato_Septoria_leaf_spot,0.999567449092865,1,1.490936279296875,11.004039764404297,0.2057046890258789,12.70416259765625
dataset/test/Tomato_Septoria_leaf_spot/Gls43_change_90_aug_60aug75.jpg,Tomato_Septoria_leaf_spot,Tomato_Septoria_leaf_spot,0.9996738433837891,1,1.4114551544189453,10.956409454345703,0.20757579803466797,12.579014778137207
dataset/test/Tomato_Septoria_leaf_spot/Gls43_change_90_aug_61aug73.jpg,Tomato_Septoria_leaf_spot,Tomato_Septoria_leaf_spot,0.9999994039535522,1,1.4051942825317383,8.289892196655273,0.19827842712402344,9.89623737335205
dataset/test/Tomato_Septoria_leaf_spot/Gls43_change_90aug30.jpg,Tomato_Septoria_leaf_spot,Tomato_Septoria_leaf_spot,0.9996978044509888,1,1.0195255279541016,7.5248308181762695,0.1597423553466797,8.706652641296387
dataset/test/Tomato_Septoria_leaf_spot/Gls46_change_90_aug_6aug53.jpg,Tomato_Septoria_leaf_spot,Tomato_Septoria_leaf_spot,0.9999557733535767,1,1.1611385345458984,7.725072860717773,0.15687084197998047,9.045489311218262
dataset/test/Tomato_Septoria_leaf_spot/Gls46_change_90_aug_7aug56.jpg,Tomato_Septoria_leaf_spot,Tomato_Septoria_leaf_spot,0.9999014139175415,1,1.0679349899291992,7.520293235778809,0.17357444763183594,8.764451026916504
dataset/test/Tomato_Septoria_leaf_spot/Gls46_change_90aug3.jpg,Tomato_Septoria_leaf_spot,Tomato_Septoria_leaf_spot,0.9998582601547241,1,1.1377668380737305,7.88405704498291,0.15996551513671875,9.184343338012695
dataset/test/Tomato_Septoria_leaf_spot/Gls47aug44.jpg,Tomato_Septoria_leaf_spot,Tomato_Septoria_leaf_spot,0.9999853372573853,1,1.1182117462158203,7.631441116333008,0.15900135040283203,8.911229133605957
dataset/test/Tomato_Septoria_leaf_spot/Gls76_aug_34aug97.jpg,Tomato_Septoria_leaf_spot,Tomato_Septoria_leaf_spot,0.8672291040420532,1,1.0480070114135742,7.678369522094727,0.16022300720214844,8.889228820800781
dataset/test/Tomato_Septoria_leaf_spot/Gls76_aug_35aug103.jpg,Tomato_Septoria_leaf_spot,Tomato_mold_leaf,0.4319390654563904,0,1.0447673797607422,7.552515983581543,0.16464900970458984,8.764949798583984
dataset/test/Tomato_Septoria_leaf_spot/Gls76_change_180_aug_30aug96.jpg,Tomato_Septoria_leaf_spot,Tomato_Early_blight_leaf,0.7381973266601562,0,1.0512657165527344,7.534051895141602,0.15829849243164062,8.745710372924805
dataset/test/Tomato_Septoria_leaf_spot/Gls76_change_180_aug_31aug100.jpg,Tomato_Septoria_leaf_spot,Tomato_Early_blight_leaf,0.6632077097892761,0,1.0940818786621094,7.649794578552246,0.1937417984008789,8.940285682678223
dataset/test/Tomato_Septoria_leaf_spot/Gls76_change_180aug15.jpg,Tomato_Septoria_leaf_spot,Tomato_Early_blight_leaf,0.7802499532699585,0,1.0536737442016602,7.668813705444336,0.1545553207397461,8.879562377929688
dataset/test/Tomato_Septoria_leaf_spot/Gls76aug17.jpg,Tomato_Septoria_leaf_spot,Tomato_Septoria_leaf_spot,0.9438137412071228,1,1.0405263900756836,7.6525163650512695,0.16650104522705078,8.86198902130127
dataset/test/Tomato_Septoria_leaf_spot/Gls7_change_270_aug_64aug68.jpg,Tomato_Septoria_leaf_spot,Tomato_Septoria_leaf_spot,0.9999986886978149,1,1.1105642318725586,7.96514892578125,0.16533470153808594,9.243453979492188
dataset/test/Tomato_Septoria_leaf_spot/Gls7_change_270_aug_65aug71.jpg,Tomato_Septoria_leaf_spot,Tomato_Septoria_leaf_spot,0.999983549118042,1,1.132655143737793,8.277040481567383,0.1642780303955078,9.576772689819336
dataset/test/Tomato_Septoria_leaf_spot/Gls7_change_270aug32.jpg,Tomato_Septoria_leaf_spot,Tomato_Septoria_leaf_spot,0.9999971389770508,1,1.0920991897583008,8.111611366271973,0.1687793731689453,9.375621795654297
dataset/test/Tomato_Septoria_leaf_spot/Gls7_lower_aug_0aug57.jpg,Tomato_Septoria_leaf_spot,Tomato_Septoria_leaf_spot,0.9997815489768982,1,1.112823486328125,8.133464813232422,0.16488933563232422,9.413918495178223
dataset/test/Tomato_Septoria_leaf_spot/Gls7_lower_aug_1aug52.jpg,Tomato_Septoria_leaf_spot,Tomato_Septoria_leaf_spot,0.9999659061431885,1,1.1425085067749023,8.509930610656738,0.1634836196899414,9.818588256835938
dataset/test/Tomato_Septoria_leaf_spot/Gls7_loweraug0.jpg,Tomato_Septoria_leaf_spot,Tomato_Septoria_leaf_spot,0.999974250793457,1,1.1033601760864258,8.030853271484375,0.16466808319091797,9.301436424255371
dataset/test/Tomato_Septoria_leaf_spot/Gls81_lower_aug_2aug51.jpg,Tomato_Septoria_leaf_spot,Tomato_Septoria_leaf_spot,0.9999163150787354,1,1.0528583526611328,8.10042667388916,0.165130615234375,9.320732116699219
dataset/test/Tomato_Septoria_leaf_spot/Gls81_lower_aug_3aug54.jpg,Tomato_Septoria_leaf_spot,Tomato_Septoria_leaf_spot,0.9972018003463745,1,1.0786190032958984,8.038778305053711,0.16683387756347656,9.286750793457031
dataset/test/Tomato_Septoria_leaf_spot/Gls81_loweraug1.jpg,Tomato_Septoria_leaf_spot,Tomato_Septoria_leaf_spot,0.9999531507492065,1,1.0604887008666992,8.130352973937988,0.1650562286376953,9.358935356140137
dataset/test/Tomato_Septoria_leaf_spot/IMG-20240812-WA0213_aug_70aug59.jpg,Tomato_Septoria_leaf_spot,Tomato_Early_blight_leaf,0.9700254201889038,0,1.1514167785644531,8.077945709228516,0.2082061767578125,9.440658569335938
dataset/test/Tomato_Septoria_leaf_spot/IMG-20240812-WA0213_aug_71aug60.jpg,Tomato_Septoria_leaf_spot,Tomato_Early_blight_leaf,0.9672715067863464,0,1.1464710235595703,7.956833839416504,0.15822505950927734,9.264491081237793
dataset/test/Tomato_Septoria_leaf_spot/IMG-20240812-WA0213aug35.jpg,Tomato_Septoria_leaf_spot,Tomato_Early_blight_leaf,0.9987552165985107,0,1.1141557693481445,7.846240997314453,0.1651296615600586,9.128101348876953
dataset/test/Tomato_Septoria_leaf_spot/Original_e-blight.JPG.rend.hgtvcom.966.725.jpeg_aug_52aug74.jpg,Tomato_Septoria_leaf_spot,Tomato_Septoria_leaf_spot,0.9999175071716309,1,1.2371940612792969,8.382669448852539,0.16589069366455078,9.78855037689209
dataset/test/Tomato_Septoria_leaf_spot/Original_e-blight.JPG.rend.hgtvcom.966.725.jpeg_aug_53aug76.jpg,Tomato_Septoria_leaf_spot,Tomato_Septoria_leaf_spot,0.9999709129333496,1,1.1004705429077148,7.851295471191406,0.16453838348388672,9.118620872497559
dataset/test/Tomato_Septoria_leaf_spot/Original_e-blight.JPG.rend.hgtvcom.966.725.jpegaug26.jpg,Tomato_Septoria_leaf_spot,Tomato_Septoria_leaf_spot,0.999955415725708,1,1.0986738204956055,8.224169731140137,0.1654825210571289,9.49121379852295
dataset/test/Tomato_Septoria_leaf_spot/SS_ (990)_aug_24aug107.jpg,Tomato_Septoria_leaf_spot,Tomato_Septoria_leaf_spot,0.9999998807907104,1,1.0864324569702148,8.266168594360352,0.16376018524169922,9.519158363342285
dataset/test/Tomato_Septoria_leaf_spot/SS_ (990)_aug_25aug113.jpg,Tomato_Septoria_leaf_spot,Tomato_Septoria_leaf_spot,0.9999998807907104,1,1.0802297592163086,7.981554985046387,0.16361236572265625,9.227953910827637
dataset/test/Tomato_Septoria_leaf_spot/SS_ (990)aug12.jpg,Tomato_Septoria_leaf_spot,Tomato_Septoria_leaf_spot,0.9999998807907104,1,1.119582176208496,8.164373397827148,0.16335296630859375,9.450159072875977
dataset/test/Tomato_Septoria_leaf_spot/Septoria_tomato_Margaret-20B_p8170755_0002_25004_jpg.rf.3fbb14d553c623c77f342b3a54baddab_aug_66aug70.jpg,Tomato_Septoria_leaf_spot,Tomato_Septoria_leaf_spot,0.9805130958557129,1,1.2005643844604492,7.984964370727539,0.16311264038085938,9.351214408874512
dataset/test/Tomato_Septoria_leaf_spot/Septoria_tomato_Margaret-20B_p8170755_0002_25004_jpg.rf.3fbb14d553c623c77f342b3a54baddab_aug_67aug63.jpg,Tomato_Septoria_leaf_spot,Tomato_Septoria_leaf_spot,0.9909244179725647,1,1.12921142578125,8.718395233154297,0.2204275131225586,10.071477890014648
dataset/test/Tomato_Septoria_leaf_spot/Septoria_tomato_Margaret-20B_p8170755_0002_25004_jpg.rf.3fbb14d553c623c77f342b3a54baddabaug33.jpg,Tomato_Septoria_leaf_spot,Tomato_Septoria_leaf_spot,0.9718562960624695,1,1.5555658340454102,10.867724418640137,0.2024087905883789,12.629219055175781
dataset/test/Tomato_Septoria_leaf_spot/Tomato-Plant-with-Septoria-Leaf-Spot_aug_68aug65.jpg,Tomato_Septoria_leaf_spot,Tomato_leaf_late_blight,0.4764786660671234,0,1.545344352722168,10.788872718811035,0.20553874969482422,12.542959213256836
dataset/test/Tomato_Septoria_leaf_spot/Tomato-Plant-with-Septoria-Leaf-Spot_aug_69aug64.jpg,Tomato_Septoria_leaf_spot,Tomato_mold_leaf,0.7943910956382751,0,1.6105470657348633,10.933539390563965,0.2022237777709961,12.749478340148926
dataset/test/Tomato_Septoria_leaf_spot/Tomato-Plant-with-Septoria-Leaf-Spotaug34.jpg,Tomato_Septoria_leaf_spot,Tomato_Septoria_leaf_spot,0.6804706454277039,1,1.5091028213500977,11.009169578552246,0.20296382904052734,12.724237442016602
dataset/test/Tomato_Septoria_leaf_spot/b54d0e40027ff5e90e8ba7e1e9abf9bdaug39.jpg,Tomato_Septoria_leaf_spot,Tomato_Septoria_leaf_spot,0.9841093420982361,1,1.4175834655761719,10.948854446411133,0.2055377960205078,12.575237274169922
dataset/test/Tomato_Septoria_leaf_spot/classic-septoria_aug_10aug48.jpg,Tomato_Septoria_leaf_spot,Tomato_Septoria_leaf_spot,0.9999673366546631,1,1.519918441772461,10.812891006469727,0.2041492462158203,12.54036808013916
dataset/test/Tomato_Septoria_leaf_spot/classic-septoria_aug_11aug49.jpg,Tomato_Septoria_leaf_spot,Tomato_Septoria_leaf_spot,0.9999984502792358,1,1.5291595458984375,10.9522066116333,0.20520496368408203,12.68986701965332
dataset/test/Tomato_Septoria_leaf_spot/classic-septoriaaug5.jpg,Tomato_Septoria_leaf_spot,Tomato_Septoria_leaf_spot,0.9999997615814209,1,1.6569547653198242,10.80457592010498,0.1555185317993164,12.620959281921387
dataset/test/Tomato_Septoria_leaf_spot/early+blight+on+leaf+yel+halo+IMG_2313.JPG_aug_62aug69.jpg,Tomato_Septoria_leaf_spot,Tomato_Septoria_leaf_spot,0.9999995231628418,1,1.1101560592651367,7.541460990905762,0.16846275329589844,8.822857856750488
dataset/test/Tomato_Septoria_leaf_spot/early+blight+on+leaf+yel+halo+IMG_2313.JPG_aug_63aug72.jpg,Tomato_Septoria_leaf_spot,Tomato_Septoria_leaf_spot,1.0,1,1.1414899826049805,7.5785722732543945,0.16081619262695312,8.883265495300293
dataset/test/Tomato_Septoria_leaf_spot/early+blight+on+leaf+yel+halo+IMG_2313.JPGaug31.jpg,Tomato_Septoria_leaf_spot,Tomato_Septoria_leaf_spot,1.0,1,1.0634880065917969,7.721962928771973,0.16076183319091797,8.948580741882324
dataset/test/Tomato_Septoria_leaf_spot/early-blight-of-tomato-tomato-1aug38.jpg,Tomato_Septoria_leaf_spot,Tomato_Septoria_leaf_spot,0.9999988079071045,1,1.0901565551757812,7.5601654052734375,0.15746402740478516,8.810413360595703
dataset/test/Tomato_Septoria_leaf_spot/eblight5_aug_18aug110.jpg,Tomato_Septoria_leaf_spot,Tomato_Septoria_leaf_spot,0.9957777261734009,1,1.0584897994995117,7.626960754394531,0.19427967071533203,8.88247013092041
dataset/test/Tomato_Septoria_leaf_spot/eblight5_aug_19aug117.jpg,Tomato_Septoria_leaf_spot,Tomato_Septoria_leaf_spot,0.9968519806861877,1,1.0213775634765625,7.639609336853027,0.15277767181396484,8.816488265991211
dataset/test/Tomato_Septoria_leaf_spot/eblight5aug9.jpg,Tomato_Septoria_leaf_spot,Tomato_Septoria_leaf_spot,0.999576985836029,1,0.9871912002563477,7.579978942871094,0.163482666015625,8.733821868896484
dataset/test/Tomato_Septoria_leaf_spot/images (1)_aug_54aug93.jpg,Tomato_Septoria_leaf_spot,Tomato_Septoria_leaf_spot,0.9988710284233093,1,1.1341381072998047,7.568663597106934,0.16403865814208984,8.870174407958984
dataset/test/Tomato_Septoria_leaf_spot/images (1)_aug_55aug87.jpg,Tomato_Septoria_leaf_spot,Tomato_Septoria_leaf_spot,0.9998242259025574,1,1.035527229309082,7.657720565795898,0.15907669067382812,8.854729652404785
dataset/test/Tomato_Septoria_leaf_spot/images (1)aug27.jpg,Tomato_Septoria_leaf_spot,Tomato_Septoria_leaf_spot,0.9999001026153564,1,1.0688962936401367,7.500293731689453,0.19342613220214844,8.76546859741211
dataset/test/Tomato_Septoria_leaf_spot/tomato-blight-treatment-blight_jpg.rf.78cbf6055199828cb682fd0a6435a157_aug_74aug58.jpg,Tomato_Septoria_leaf_spot,Tomato_Septoria_leaf_spot,0.9999988079071045,1,1.0350818634033203,7.518980026245117,0.15687084197998047,8.713542938232422
dataset/test/Tomato_Septoria_leaf_spot/tomato-blight-treatment-blight_jpg.rf.78cbf6055199828cb682fd0a6435a157aug37.jpg,Tomato_Septoria_leaf_spot,Tomato_Septoria_leaf_spot,0.9999998807907104,1,1.0430803298950195,8.158927917480469,0.16757488250732422,9.372066497802734
dataset/test/Tomato_Septoria_leaf_spot/tomato-early-blight-e1437503226856_aug_4aug50.jpg,Tomato_Septoria_leaf_spot,Tomato_Septoria_leaf_spot,0.9998254179954529,1,1.142287254333496,8.205575942993164,0.1650552749633789,9.516121864318848
dataset/test/Tomato_Septoria_leaf_spot/tomato-early-blight-e1437503226856_aug_5aug55.jpg,Tomato_Septoria_leaf_spot,Tomato_Septoria_leaf_spot,0.9997691512107849,1,1.1885271072387695,8.408336639404297,0.16448307037353516,9.763643264770508
dataset/test/Tomato_Septoria_leaf_spot/tomato-early-blight-e1437503226856aug2.jpg,Tomato_Septoria_leaf_spot,Tomato_Septoria_leaf_spot,0.9998162388801575,1,1.1511192321777344,8.240484237670898,0.16109275817871094,9.555196762084961
dataset/test/Tomato_Septoria_leaf_spot/tomato-early-blightH_jpg.rf.2633fbae0a933eb2711cb8466f34aca1_aug_12aug119.jpg,Tomato_Septoria_leaf_spot,Tomato_Septoria_leaf_spot,0.9854920506477356,1,1.2206201553344727,8.318096160888672,0.15796375274658203,9.699068069458008
dataset/test/Tomato_Septoria_leaf_spot/tomato-early-blightH_jpg.rf.2633fbae0a933eb2711cb8466f34aca1_aug_13aug114.jpg,Tomato_Septoria_leaf_spot,Tomato_Septoria_leaf_spot,0.9994956254959106,1,1.127821922302246,8.163575172424316,0.16735267639160156,9.46162223815918
dataset/test/Tomato_Septoria_leaf_spot/tomato-early-blightH_jpg.rf.2633fbae0a933eb2711cb8466f34aca1aug6.jpg,Tomato_Septoria_leaf_spot,Tomato_Septoria_leaf_spot,0.9999908208847046,1,1.165064811706543,8.17302131652832,0.16757583618164062,9.50875186920166
dataset/test/Tomato_Septoria_leaf_spot/tomato-septoria-3-500x384_aug_32aug104.jpg,Tomato_Septoria_leaf_spot,Tomato_Septoria_leaf_spot,0.9999836683273315,1,1.2106742858886719,8.162686347961426,0.16576194763183594,9.54238224029541
dataset/test/Tomato_Septoria_leaf_spot/tomato-septoria-3-500x384_aug_33aug106.jpg,Tomato_Septoria_leaf_spot,Tomato_Septoria_leaf_spot,0.9999512434005737,1,1.12591552734375,8.272614479064941,0.1691131591796875,9.570401191711426
dataset/test/Tomato_Septoria_leaf_spot/tomato-septoria-3-500x384_jpg.rf.40a23512bd3b6d8df2115d7f591913fb_aug_16aug112.jpg,Tomato_Septoria_leaf_spot,Tomato_Septoria_leaf_spot,0.9999779462814331,1,1.1567115783691406,8.309187889099121,0.16709423065185547,9.635643005371094
dataset/test/Tomato_Septoria_leaf_spot/tomato-septoria-3-500x384_jpg.rf.40a23512bd3b6d8df2115d7f591913fb_aug_17aug111.jpg,Tomato_Septoria_leaf_spot,Tomato_Septoria_leaf_spot,0.9999850988388062,1,1.1324148178100586,8.287039756774902,0.16463184356689453,9.586715698242188
dataset/test/Tomato_Septoria_leaf_spot/tomato-septoria-3-500x384_jpg.rf.40a23512bd3b6d8df2115d7f591913fbaug8.jpg,Tomato_Septoria_leaf_spot,Tomato_Septoria_leaf_spot,0.9999969005584717,1,1.1149711608886719,8.150408744812012,0.16437244415283203,9.432714462280273
dataset/test/Tomato_Septoria_leaf_spot/tomato-septoria-3-500x384aug16.jpg,Tomato_Septoria_leaf_spot,Tomato_Septoria_leaf_spot,0.9999879598617554,1,1.1458053588867188,8.02066707611084,0.16485309600830078,9.33415699005127
dataset/test/Tomato_Septoria_leaf_spot/tomato-septoria-5_jpg.rf.fab97ae4bb3726e33dcbde7262ec6a65aug40.jpg,Tomato_Septoria_leaf_spot,Tomato_Septoria_leaf_spot,0.9999972581863403,1,1.123544692993164,8.199317932128906,0.16376113891601562,9.489622116088867
dataset/test/Tomato_Septoria_leaf_spot/tomato-septoria-leaf-spot--_aug_22aug109.jpg,Tomato_Septoria_leaf_spot,Tomato_Septoria_leaf_spot,0.9928367733955383,1,1.1748590469360352,8.126076698303223,0.16275978088378906,9.466325759887695
dataset/test/Tomato_Septoria_leaf_spot/tomato-septoria-leaf-spot--_aug_23aug108.jpg,Tomato_Septoria_leaf_spot,Tomato_Septoria_leaf_spot,0.8960062861442566,1,1.2043771743774414,8.947267532348633,0.16663169860839844,10.320924758911133
dataset/test/Tomato_Septoria_leaf_spot/tomato-septoria-leaf-spot--_jpg.rf.06783859d6d3e49976374e4146674e0b_aug_48aug94.jpg,Tomato_Septoria_leaf_spot,Tomato_Septoria_leaf_spot,0.6989621520042419,1,1.156137466430664,8.140058517456055,0.161834716796875,9.461067199707031
dataset/test/Tomato_Septoria_leaf_spot/tomato-septoria-leaf-spot--_jpg.rf.06783859d6d3e49976374e4146674e0b_aug_49aug88.jpg,Tomato_Septoria_leaf_spot,Tomato_Septoria_leaf_spot,0.65518718957901,1,1.258305549621582,9.392455101013184,0.1648712158203125,10.818224906921387
dataset/test/Tomato_Septoria_leaf_spot/tomato-septoria-leaf-spot--_jpg.rf.06783859d6d3e49976374e4146674e0baug24.jpg,Tomato_Septoria_leaf_spot,Tomato_Early_blight_leaf,0.48682713508605957,0,1.2514715194702148,8.265892028808594,0.16170310974121094,9.681715965270996
dataset/test/Tomato_Septoria_leaf_spot/tomato-septoria-leaf-spot--_jpg.rf.5e63d9a20f5557b9bb3617e79b48ef85_aug_26aug95.jpg,Tomato_Septoria_leaf_spot,Tomato_Septoria_leaf_spot,0.41215193271636963,1,1.193619728088379,13.267704963684082,0.20800209045410156,14.6721773147583
dataset/test/Tomato_Septoria_leaf_spot/tomato-septoria-leaf-spot--_jpg.rf.5e63d9a20f5557b9bb3617e79b48ef85_aug_27aug101.jpg,Tomato_Septoria_leaf_spot,Tomato_Septoria_leaf_spot,0.8295942544937134,1,1.4331598281860352,18.068812370300293,0.20070552825927734,19.706046104431152
dataset/test/Tomato_Septoria_leaf_spot/tomato-septoria-leaf-spot--_jpg.rf.5e63d9a20f5557b9bb3617e79b48ef85aug13.jpg,Tomato_Septoria_leaf_spot,Tomato_Septoria_leaf_spot,0.9455319046974182,1,1.3371572494506836,11.011225700378418,0.16835308074951172,12.542903900146484
dataset/test/Tomato_Septoria_leaf_spot/tomato-septoria-leaf-spot--aug11.jpg,Tomato_Septoria_leaf_spot,Tomato_Septoria_leaf_spot,0.7965165972709656,1,1.2888240814208984,8.481486320495605,0.1660003662109375,9.938996315002441
dataset/test/Tomato_Septoria_leaf_spot/tomato-septoria-leaf-spot-_aug_28aug105.jpg,Tomato_Septoria_leaf_spot,Tomato_Septoria_leaf_spot,0.8156959414482117,1,1.164693832397461,8.331317901611328,0.16690921783447266,9.665474891662598
dataset/test/Tomato_Septoria_leaf_spot/tomato-septoria-leaf-spot-_aug_29aug102.jpg,Tomato_Septoria_leaf_spot,Tomato_Septoria_leaf_spot,0.7217416763305664,1,1.2321205139160156,8.360540390014648,0.1666860580444336,9.761882781982422
dataset/test/Tomato_Septoria_leaf_spot/tomato-septoria-leaf-spot-aug14.jpg,Tomato_Septoria_leaf_spot,Tomato_Septoria_leaf_spot,0.9983490705490112,1,1.1447668075561523,8.271743774414062,0.16924190521240234,9.588937759399414
dataset/test/Tomato_Septoria_leaf_spot/tomato_D2b-Early-blight---RPitblado_zoom_jpg.rf.93df1c3cb830b3940e4a23a5c4a05598_aug_8aug45.jpg,Tomato_Septoria_leaf_spot,Tomato_Septoria_leaf_spot,0.9999754428863525,1,1.1708412170410156,8.321669578552246,0.16507530212402344,9.660308837890625
dataset/test/Tomato_Septoria_leaf_spot/tomato_D2b-Early-blight---RPitblado_zoom_jpg.rf.93df1c3cb830b3940e4a23a5c4a05598_aug_9aug47.jpg,Tomato_Septoria_leaf_spot,Tomato_Septoria_leaf_spot,0.9999457597732544,1,1.2123794555664062,8.30174446105957,0.16353702545166016,9.680585861206055
dataset/test/Tomato_Septoria_leaf_spot/tomato_D2b-Early-blight---RPitblado_zoom_jpg.rf.93df1c3cb830b3940e4a23a5c4a05598aug4.jpg,Tomato_Septoria_leaf_spot,Tomato_Septoria_leaf_spot,0.9999946355819702,1,1.1835460662841797,8.32363224029541,0.15692806243896484,9.667160987854004
dataset/test/Tomato_Septoria_leaf_spot/tomatoseptorialeafspotjpg-788d20798a3c74e7_aug_36aug98.jpg,Tomato_Septoria_leaf_spot,Tomato_Septoria_leaf_spot,0.9999837875366211,1,1.1482667922973633,8.347966194152832,0.31244754791259766,9.811753273010254
dataset/test/Tomato_Septoria_leaf_spot/tomatoseptorialeafspotjpg-788d20798a3c74e7_aug_37aug99.jpg,Tomato_Septoria_leaf_spot,Tomato_Septoria_leaf_spot,0.9753504395484924,1,1.117100715637207,7.869926452636719,0.16811180114746094,9.157323837280273
dataset/test/Tomato_Septoria_leaf_spot/tomatoseptorialeafspotjpg-788d20798a3c74e7aug18.jpg,Tomato_Septoria_leaf_spot,Tomato_Septoria_leaf_spot,0.9982732534408569,1,1.2366571426391602,7.841388702392578,0.16266727447509766,9.243546485900879
dataset/test/Tomato_leaf_late_blight/Gls74_change_90_aug_66aug46.jpg,Tomato_leaf_late_blight,Tomato_leaf_late_blight,0.7774194478988647,1,1.1071548461914062,8.792506217956543,0.16318607330322266,10.065645217895508
dataset/test/Tomato_leaf_late_blight/Gls74_change_90_aug_67aug49.jpg,Tomato_leaf_late_blight,Tomato_Septoria_leaf_spot,0.6620323657989502,0,1.0664892196655273,8.0387601852417,0.163909912109375,9.272046089172363
dataset/test/Tomato_leaf_late_blight/Gls74_change_90_aug_68aug41.jpg,Tomato_leaf_late_blight,Tomato_Septoria_leaf_spot,0.9878944754600525,0,1.070673942565918,8.036260604858398,0.19800186157226562,9.307805061340332
dataset/test/Tomato_leaf_late_blight/Gls74_change_90aug22.jpg,Tomato_leaf_late_blight,Tomato_Septoria_leaf_spot,0.6781550049781799,0,1.0683221817016602,8.056185722351074,0.16207504272460938,9.289639472961426
dataset/test/Tomato_leaf_late_blight/Gls78_change_270_aug_24aug95.jpg,Tomato_leaf_late_blight,Tomato_leaf_late_blight,0.9084481000900269,1,1.066267967224121,8.01937198638916,0.16411113739013672,9.252212524414062
dataset/test/Tomato_leaf_late_blight/Gls78_change_270_aug_25aug80.jpg,Tomato_leaf_late_blight,Tomato_leaf_late_blight,0.9975010752677917,1,1.0757665634155273,8.030501365661621,0.1650381088256836,9.27450942993164
dataset/test/Tomato_leaf_late_blight/Gls78_change_270_aug_26aug81.jpg,Tomato_leaf_late_blight,Tomato_leaf_late_blight,0.7827630043029785,1,1.0943593978881836,8.191519737243652,0.16318511962890625,9.45212173461914
dataset/test/Tomato_leaf_late_blight/Gls78_change_270aug8.jpg,Tomato_leaf_late_blight,Tomato_leaf_late_blight,0.9615997672080994,1,1.0546932220458984,8.016186714172363,0.16126060485839844,9.234899520874023
dataset/test/Tomato_leaf_late_blight/Gls79_change_270_aug_51aug69.jpg,Tomato_leaf_late_blight,Tomato_leaf_late_blight,0.999985933303833,1,1.0474519729614258,8.185613632202148,0.1909646987915039,9.426843643188477
dataset/test/Tomato_leaf_late_blight/Gls79_change_270_aug_52aug74.jpg,Tomato_leaf_late_blight,Tomato_leaf_late_blight,0.9999988079071045,1,1.072525978088379,8.309096336364746,0.15574169158935547,9.539641380310059
dataset/test/Tomato_leaf_late_blight/Gls79_change_270_aug_53aug68.jpg,Tomato_leaf_late_blight,Tomato_leaf_late_blight,0.9999998807907104,1,1.0529699325561523,8.196372985839844,0.165130615234375,9.417140007019043
dataset/test/Tomato_leaf_late_blight/Gls79_change_270aug17.jpg,Tomato_leaf_late_blight,Tomato_leaf_late_blight,0.9999990463256836,1,1.2043228149414062,8.16872501373291,0.16718673706054688,9.543214797973633
dataset/test/Tomato_leaf_late_blight/Gls79_change_90_aug_27aug85.jpg,Tomato_leaf_late_blight,Tomato_leaf_late_blight,0.9933492541313171,1,1.1803979873657227,8.175631523132324,0.16659259796142578,9.525215148925781
dataset/test/Tomato_leaf_late_blight/Gls79_change_90_aug_28aug97.jpg,Tomato_leaf_late_blight,Tomato_leaf_late_blight,0.9995729327201843,1,1.0779705047607422,8.264965057373047,0.16688919067382812,9.512696266174316
dataset/test/Tomato_leaf_late_blight/Gls79_change_90_aug_29aug89.jpg,Tomato_leaf_late_blight,Tomato_leaf_late_blight,0.996670663356781,1,1.1159162521362305,8.358521461486816,0.16666698455810547,9.643492698669434
dataset/test/Tomato_leaf_late_blight/Gls79_change_90aug9.jpg,Tomato_leaf_late_blight,Tomato_leaf_late_blight,0.9994284510612488,1,1.0769338607788086,8.305984497070312,0.1674642562866211,9.553437232971191
dataset/test/Tomato_leaf_late_blight/Gls79_mirror_aug_15aug104.jpg,Tomato_leaf_late_blight,Tomato_leaf_late_blight,0.999991774559021,1,1.0802106857299805,8.569746971130371,0.16596412658691406,9.818402290344238
dataset/test/Tomato_leaf_late_blight/Gls79_mirror_aug_16aug113.jpg,Tomato_leaf_late_blight,Tomato_leaf_late_blight,0.9999611377716064,1,1.0742120742797852,8.297281265258789,0.16692733764648438,9.540992736816406
dataset/test/Tomato_leaf_late_blight/Gls79_mirror_aug_17aug109.jpg,Tomato_leaf_late_blight,Tomato_leaf_late_blight,0.9999815225601196,1,1.0779151916503906,8.502467155456543,0.20157623291015625,9.785013198852539
dataset/test/Tomato_leaf_late_blight/Gls79_mirroraug5.jpg,Tomato_leaf_late_blight,Tomato_leaf_late_blight,0.9995250701904297,1,1.0762300491333008,8.179798126220703,0.16459369659423828,9.423824310302734
dataset/test/Tomato_leaf_late_blight/IMG_20251102_155822aug32.jpg,Tomato_leaf_late_blight,Tomato_Healthy_leaf,0.6177701354026794,0,1.1220827102661133,8.444670677185059,0.15868663787841797,9.728327751159668
dataset/test/Tomato_leaf_late_blight/IMG_20251102_160928aug33.jpg,Tomato_leaf_late_blight,Tomato_Early_blight_leaf,0.9259176254272461,0,1.104100227355957,8.0645751953125,0.3164644241333008,9.488085746765137
dataset/test/Tomato_leaf_late_blight/IMG_20251102_161202_aug_57aug50.jpg,Tomato_leaf_late_blight,Tomato_Early_blight_leaf,0.9820069670677185,0,1.1230649948120117,8.00774097442627,0.1654644012451172,9.299010276794434
dataset/test/Tomato_leaf_late_blight/IMG_20251102_161202_aug_58aug52.jpg,Tomato_leaf_late_blight,Tomato_Early_blight_leaf,0.9265852570533752,0,1.285435676574707,7.947408676147461,0.17505741119384766,9.41086196899414
dataset/test/Tomato_leaf_late_blight/IMG_20251102_161202_aug_59aug39.jpg,Tomato_leaf_late_blight,Tomato_Early_blight_leaf,0.9441986083984375,0,1.2702322006225586,8.414336204528809,0.16509246826171875,9.852180480957031
dataset/test/Tomato_leaf_late_blight/IMG_20251102_161202aug19.jpg,Tomato_leaf_late_blight,Tomato_Early_blight_leaf,0.9761381149291992,0,1.175471305847168,8.156039237976074,0.16552066802978516,9.499938011169434
dataset/test/Tomato_leaf_late_blight/IMG_5808_jpg.rf.9de5af872dd2e7a58b115c4826fb18d4_aug_63aug53.jpg,Tomato_leaf_late_blight,Tomato_leaf_late_blight,0.9993051290512085,1,1.1180267333984375,8.229743957519531,0.16253948211669922,9.51301097869873
dataset/test/Tomato_leaf_late_blight/IMG_5808_jpg.rf.9de5af872dd2e7a58b115c4826fb18d4_aug_64aug43.jpg,Tomato_leaf_late_blight,Tomato_leaf_late_blight,0.9999796152114868,1,1.1255083084106445,8.131389617919922,0.16268634796142578,9.422362327575684
dataset/test/Tomato_leaf_late_blight/IMG_5808_jpg.rf.9de5af872dd2e7a58b115c4826fb18d4_aug_65aug38.jpg,Tomato_leaf_late_blight,Tomato_leaf_late_blight,0.9999697208404541,1,1.1275997161865234,8.208929061889648,0.1653146743774414,9.5046968460083
dataset/test/Tomato_leaf_late_blight/IMG_5808_jpg.rf.9de5af872dd2e7a58b115c4826fb18d4aug21.jpg,Tomato_leaf_late_blight,Tomato_leaf_late_blight,0.9998040795326233,1,1.1437482833862305,8.167889595031738,0.1625385284423828,9.476974487304688
dataset/test/Tomato_leaf_late_blight/LB_ (254)_aug_54aug73.jpg,Tomato_leaf_late_blight,Tomato_leaf_late_blight,0.9996016621589661,1,1.0308036804199219,7.94087028503418,0.16585254669189453,9.140824317932129
dataset/test/Tomato_leaf_late_blight/LB_ (254)_aug_55aug71.jpg,Tomato_leaf_late_blight,Tomato_leaf_late_blight,0.9966392517089844,1,1.0228776931762695,8.000906944274902,0.16724300384521484,9.193434715270996
dataset/test/Tomato_leaf_late_blight/LB_ (254)_aug_56aug78.jpg,Tomato_leaf_late_blight,Tomato_leaf_late_blight,0.9356261491775513,1,1.1210813522338867,8.030315399169922,0.159149169921875,9.313270568847656
dataset/test/Tomato_leaf_late_blight/LB_ (254)aug18.jpg,Tomato_leaf_late_blight,Tomato_leaf_late_blight,0.9994706511497498,1,1.0231561660766602,7.860444068908691,0.1522054672241211,9.038082122802734
dataset/test/Tomato_leaf_late_blight/LB_ (276)_aug_60aug45.jpg,Tomato_leaf_late_blight,Tomato_leaf_late_blight,0.9999836683273315,1,1.018692970275879,7.703739166259766,0.15939044952392578,8.884766578674316
dataset/test/Tomato_leaf_late_blight/LB_ (276)_aug_61aug44.jpg,Tomato_leaf_late_blight,Tomato_leaf_late_blight,0.9999862909317017,1,1.1469526290893555,8.191686630249023,0.16594505310058594,9.507621765136719
dataset/test/Tomato_leaf_late_blight/LB_ (276)_aug_62aug40.jpg,Tomato_leaf_late_blight,Tomato_leaf_late_blight,0.9999978542327881,1,1.0744705200195312,7.849592208862305,0.15857410430908203,9.085212707519531
dataset/test/Tomato_leaf_late_blight/LB_ (276)aug20.jpg,Tomato_leaf_late_blight,Tomato_leaf_late_blight,0.9999265670776367,1,1.0258769989013672,7.912870407104492,0.1601858139038086,9.101713180541992
dataset/test/Tomato_leaf_late_blight/Late-blight-foliar-leasion-on-tomato_jpg.rf.331af81e5b2aae24af0dc9b6d9933591_aug_72aug60.jpg,Tomato_leaf_late_blight,Tomato_leaf_late_blight,0.9999905824661255,1,1.1279325485229492,7.99003791809082,0.15901947021484375,9.27960205078125
dataset/test/Tomato_leaf_late_blight/Late-blight-foliar-leasion-on-tomato_jpg.rf.331af81e5b2aae24af0dc9b6d9933591_aug_73aug51.jpg,Tomato_leaf_late_blight,Tomato_leaf_late_blight,0.9997000694274902,1,1.1599159240722656,8.136853218078613,0.16068744659423828,9.460307121276855
dataset/test/Tomato_leaf_late_blight/Late-blight-foliar-leasion-on-tomato_jpg.rf.331af81e5b2aae24af0dc9b6d9933591_aug_74aug37.jpg,Tomato_leaf_late_blight,Tomato_leaf_late_blight,0.9995303153991699,1,1.1636934280395508,8.117573738098145,0.1645374298095703,9.44854736328125
dataset/test/Tomato_leaf_late_blight/Late-blight-foliar-leasion-on-tomato_jpg.rf.331af81e5b2aae24af0dc9b6d9933591aug24.jpg,Tomato_leaf_late_blight,Tomato_leaf_late_blight,0.9999831914901733,1,1.1843414306640625,8.29046630859375,0.17035293579101562,9.648122787475586
dataset/test/Tomato_leaf_late_blight/Late-blight-on-a-tomato-leaf_jpg.rf.8a0bcac661db5b0d51beab8e2bf6cd6caug29.jpg,Tomato_leaf_late_blight,Tomato_leaf_late_blight,0.9999911785125732,1,1.155303955078125,8.354429244995117,0.166168212890625,9.67880916595459
dataset/test/Tomato_leaf_late_blight/Late-blight-on-a-tomato-leaf_jpg.rf.8defdb736385f3e1da6fba17b2786ac9_aug_84aug36.jpg,Tomato_leaf_late_blight,Tomato_leaf_late_blight,0.9999990463256836,1,1.1092853546142578,8.172818183898926,0.16620349884033203,9.451011657714844
dataset/test/Tomato_leaf_late_blight/Late-blight-on-a-tomato-leaf_jpg.rf.8defdb736385f3e1da6fba17b2786ac9aug28.jpg,Tomato_leaf_late_blight,Tomato_leaf_late_blight,0.9999924898147583,1,1.2620649337768555,8.385763168334961,0.16553783416748047,9.816106796264648
dataset/test/Tomato_leaf_late_blight/Late-blight-symptoms-on-tomato-leaves-1r3uhy2_jpg.rf.92fa5ba375a2c3ce572ef7e12695be90aug31.jpg,Tomato_leaf_late_blight,Tomato_leaf_late_blight,0.9992683529853821,1,1.1387672424316406,8.30270767211914,0.1676311492919922,9.61186408996582
dataset/test/Tomato_leaf_late_blight/Late-blight-tomato-leaf-VikramBisht-MBag_jpg.rf.ec494f1ab0c0417fed47095af181f852_aug_6aug117.jpg,Tomato_leaf_late_blight,Tomato_leaf_late_blight,0.9940746426582336,1,1.1642484664916992,8.532651901245117,0.1654825210571289,9.8652925491333
dataset/test/Tomato_leaf_late_blight/Late-blight-tomato-leaf-VikramBisht-MBag_jpg.rf.ec494f1ab0c0417fed47095af181f852_aug_7aug116.jpg,Tomato_leaf_late_blight,Tomato_leaf_late_blight,0.997632622718811,1,1.137101173400879,8.482078552246094,0.16640853881835938,9.788549423217773
dataset/test/Tomato_leaf_late_blight/Late-blight-tomato-leaf-VikramBisht-MBag_jpg.rf.ec494f1ab0c0417fed47095af181f852_aug_8aug115.jpg,Tomato_leaf_late_blight,Tomato_leaf_late_blight,0.9995614886283875,1,1.1418590545654297,8.31124496459961,0.1633167266845703,9.619029998779297
dataset/test/Tomato_leaf_late_blight/Late-blight-tomato-leaf-VikramBisht-MBag_jpg.rf.ec494f1ab0c0417fed47095af181f852aug2.jpg,Tomato_leaf_late_blight,Tomato_leaf_late_blight,0.9982191920280457,1,1.1865453720092773,8.541764259338379,0.16692638397216797,9.89771842956543
dataset/test/Tomato_leaf_late_blight/LateBlight-Tomato-JJ-2009-17nxg4q_aug_36aug79.jpg,Tomato_leaf_late_blight,Tomato_leaf_late_blight,0.9989274144172668,1,1.074082374572754,8.393891334533691,0.1674642562866211,9.638216018676758
dataset/test/Tomato_leaf_late_blight/LateBlight-Tomato-JJ-2009-17nxg4q_aug_37aug87.jpg,Tomato_leaf_late_blight,Tomato_leaf_late_blight,0.9701501727104187,1,1.1119890213012695,8.363372802734375,0.16211223602294922,9.640308380126953
dataset/test/Tomato_leaf_late_blight/LateBlight-Tomato-JJ-2009-17nxg4q_aug_38aug67.jpg,Tomato_leaf_late_blight,Tomato_leaf_late_blight,0.9976269602775574,1,1.055119514465332,8.238965034484863,0.16429710388183594,9.461084365844727
dataset/test/Tomato_leaf_late_blight/LateBlight-Tomato-JJ-2009-17nxg4q_jpg.rf.93780f99f071013cf0764b40fc6db48c_aug_48aug77.jpg,Tomato_leaf_late_blight,Tomato_leaf_late_blight,0.9999992847442627,1,1.0661020278930664,8.207466125488281,0.16727924346923828,9.444233894348145
dataset/test/Tomato_leaf_late_blight/LateBlight-Tomato-JJ-2009-17nxg4q_jpg.rf.93780f99f071013cf0764b40fc6db48c_aug_49aug65.jpg,Tomato_leaf_late_blight,Tomato_leaf_late_blight,0.9999939203262329,1,1.101266860961914,8.20020580291748,0.16576099395751953,9.469974517822266
dataset/test/Tomato_leaf_late_blight/LateBlight-Tomato-JJ-2009-17nxg4q_jpg.rf.93780f99f071013cf0764b40fc6db48c_aug_50aug75.jpg,Tomato_leaf_late_blight,Tomato_leaf_late_blight,0.9999830722808838,1,1.0640630722045898,8.174725532531738,0.16203784942626953,9.403899192810059
dataset/test/Tomato_leaf_late_blight/LateBlight-Tomato-JJ-2009-17nxg4q_jpg.rf.93780f99f071013cf0764b40fc6db48caug16.jpg,Tomato_leaf_late_blight,Tomato_leaf_late_blight,0.9999994039535522,1,1.0543584823608398,8.209001541137695,0.16346454620361328,9.429733276367188
dataset/test/Tomato_leaf_late_blight/LateBlight-Tomato-JJ-2009-17nxg4qaug12.jpg,Tomato_leaf_late_blight,Tomato_leaf_late_blight,0.9376266598701477,1,1.0649700164794922,8.179336547851562,0.1602611541748047,9.406806945800781
dataset/test/Tomato_leaf_late_blight/Lb11_mirror_verticalaug34.jpg,Tomato_leaf_late_blight,Tomato_leaf_late_blight,0.9999995231628418,1,1.0910253524780273,8.428244590759277,0.14983463287353516,9.671548843383789
dataset/test/Tomato_leaf_late_blight/Lb51_mirror_aug_39aug83.jpg,Tomato_leaf_late_blight,Tomato_leaf_late_blight,0.9938761591911316,1,1.0888042449951172,8.0034818649292,0.16379737854003906,9.258657455444336
dataset/test/Tomato_leaf_late_blight/Lb51_mirror_aug_40aug96.jpg,Tomato_leaf_late_blight,Tomato_leaf_late_blight,0.9991501569747925,1,1.1874713897705078,8.038684844970703,0.18483448028564453,9.41434383392334
dataset/test/Tomato_leaf_late_blight/Lb51_mirror_aug_41aug91.jpg,Tomato_leaf_late_blight,Tomato_leaf_late_blight,0.998443067073822,1,1.093099594116211,8.073335647583008,0.16070556640625,9.329584121704102
dataset/test/Tomato_leaf_late_blight/Lb51_mirroraug13.jpg,Tomato_leaf_late_blight,Tomato_leaf_late_blight,0.9960534572601318,1,1.0965633392333984,7.899499893188477,0.16185283660888672,9.160768508911133
dataset/test/Tomato_leaf_late_blight/Lb52_change_90_aug_42aug64.jpg,Tomato_leaf_late_blight,Tomato_leaf_late_blight,0.9999109506607056,1,1.0384330749511719,7.904425621032715,0.16066741943359375,9.106101989746094
dataset/test/Tomato_leaf_late_blight/Lb52_change_90_aug_43aug63.jpg,Tomato_leaf_late_blight,Tomato_leaf_late_blight,0.9999951124191284,1,1.037099838256836,8.137482643127441,0.16092681884765625,9.338066101074219
dataset/test/Tomato_leaf_late_blight/Lb52_change_90_aug_44aug70.jpg,Tomato_leaf_late_blight,Tomato_leaf_late_blight,0.9999771118164062,1,1.0736370086669922,8.004222869873047,0.1596851348876953,9.240119934082031
dataset/test/Tomato_leaf_late_blight/Lb52_change_90aug14.jpg,Tomato_leaf_late_blight,Tomato_leaf_late_blight,0.9999091625213623,1,1.0690641403198242,7.921852111816406,0.16159343719482422,9.155287742614746
dataset/test/Tomato_leaf_late_blight/Lb69_aug_45aug76.jpg,Tomato_leaf_late_blight,Tomato_leaf_late_blight,0.9999986886978149,1,1.0368976593017578,7.857277870178223,0.1594076156616211,9.056062698364258
dataset/test/Tomato_leaf_late_blight/Lb69_aug_46aug72.jpg,Tomato_leaf_late_blight,Tomato_leaf_late_blight,0.9999940395355225,1,1.0361928939819336,7.931147575378418,0.1593341827392578,9.129379272460938
dataset/test/Tomato_leaf_late_blight/Lb69_aug_47aug66.jpg,Tomato_leaf_late_blight,Tomato_leaf_late_blight,0.9999997615814209,1,1.0654888153076172,7.782443046569824,0.16289043426513672,9.013062477111816
dataset/test/Tomato_leaf_late_blight/Lb69aug15.jpg,Tomato_leaf_late_blight,Tomato_leaf_late_blight,0.9999792575836182,1,1.149435043334961,7.754739761352539,0.1653156280517578,9.072026252746582
dataset/test/Tomato_leaf_late_blight/Lb8_mirror_vertical_aug_10aug118.jpg,Tomato_leaf_late_blight,Tomato_leaf_late_blight,0.9998537302017212,1,1.0380258560180664,7.8986663818359375,0.16248321533203125,9.101804733276367
dataset/test/Tomato_leaf_late_blight/Lb8_mirror_vertical_aug_11aug111.jpg,Tomato_leaf_late_blight,Tomato_leaf_late_blight,0.9997859597206116,1,1.0595264434814453,8.171354293823242,0.16785335540771484,9.40158462524414
dataset/test/Tomato_leaf_late_blight/Lb8_mirror_vertical_aug_9aug103.jpg,Tomato_leaf_late_blight,Tomato_leaf_late_blight,0.9999513626098633,1,1.0879526138305664,8.326705932617188,0.16794395446777344,9.585531234741211
dataset/test/Tomato_leaf_late_blight/Lb8_mirror_verticalaug3.jpg,Tomato_leaf_late_blight,Tomato_leaf_late_blight,0.9999933242797852,1,1.0933418273925781,8.33992862701416,0.1676502227783203,9.603900909423828
dataset/test/Tomato_leaf_late_blight/Lb97_aug_21aug84.jpg,Tomato_leaf_late_blight,Tomato_leaf_late_blight,0.9999972581863403,1,1.1417865753173828,8.350058555603027,0.16792678833007812,9.662660598754883
dataset/test/Tomato_leaf_late_blight/Lb97_aug_22aug101.jpg,Tomato_leaf_late_blight,Tomato_leaf_late_blight,0.9999998807907104,1,1.1068048477172852,8.412003517150879,0.16753864288330078,9.68916130065918
dataset/test/Tomato_leaf_late_blight/Lb97_aug_23aug82.jpg,Tomato_leaf_late_blight,Tomato_leaf_late_blight,0.9999755620956421,1,1.1026372909545898,8.337818145751953,0.16466808319091797,9.607919692993164
dataset/test/Tomato_leaf_late_blight/Lb97aug7.jpg,Tomato_leaf_late_blight,Tomato_leaf_late_blight,0.9999958276748657,1,1.092637062072754,8.328763008117676,0.16040802001953125,9.585142135620117
dataset/test/Tomato_leaf_late_blight/Leaf-2Bsymptoms-2BMDA_jpg.rf.39b220104d04636fad4f5aae043826cb_aug_0aug108.jpg,Tomato_leaf_late_blight,Tomato_leaf_late_blight,0.9999723434448242,1,1.1450824737548828,8.177001953125,0.33585453033447266,9.661919593811035
dataset/test/Tomato_leaf_late_blight/Leaf-2Bsymptoms-2BMDA_jpg.rf.39b220104d04636fad4f5aae043826cb_aug_1aug106.jpg,Tomato_leaf_late_blight,Tomato_leaf_late_blight,0.9999974966049194,1,1.1528596878051758,8.193556785583496,0.16792774200439453,9.517066955566406
dataset/test/Tomato_leaf_late_blight/Leaf-2Bsymptoms-2BMDA_jpg.rf.39b220104d04636fad4f5aae043826cb_aug_2aug119.jpg,Tomato_leaf_late_blight,Tomato_leaf_late_blight,0.9997994303703308,1,1.2472867965698242,8.143019676208496,0.16935253143310547,9.562623023986816
dataset/test/Tomato_leaf_late_blight/Leaf-2Bsymptoms-2BMDA_jpg.rf.39b220104d04636fad4f5aae043826cbaug0.jpg,Tomato_leaf_late_blight,Tomato_leaf_late_blight,0.9943038821220398,1,1.3051586151123047,8.279078483581543,0.1677236557006836,9.755290985107422
dataset/test/Tomato_leaf_late_blight/Tomato-20bacterial-20canker-JPG_jpg.rf.8b568c1d5efcfdcef44c606eb076b889_aug_30aug92.jpg,Tomato_leaf_late_blight,Tomato_leaf_late_blight,0.9378982782363892,1,1.1653976440429688,10.63731575012207,0.3469839096069336,12.152974128723145
dataset/test/Tomato_leaf_late_blight/Tomato-20bacterial-20canker-JPG_jpg.rf.8b568c1d5efcfdcef44c606eb076b889_aug_31aug98.jpg,Tomato_leaf_late_blight,Tomato_leaf_late_blight,0.8915384411811829,1,1.4634723663330078,11.081114768981934,0.20339012145996094,12.751736640930176
dataset/test/Tomato_leaf_late_blight/Tomato-20bacterial-20canker-JPG_jpg.rf.8b568c1d5efcfdcef44c606eb076b889_aug_32aug90.jpg,Tomato_leaf_late_blight,Tomato_leaf_late_blight,0.7514520287513733,1,1.513361930847168,12.0626220703125,0.22801971435546875,13.807485580444336
dataset/test/Tomato_leaf_late_blight/Tomato-20bacterial-20canker-JPG_jpg.rf.8b568c1d5efcfdcef44c606eb076b889aug10.jpg,Tomato_leaf_late_blight,Tomato_leaf_late_blight,0.8649283647537231,1,1.5863628387451172,10.98111343383789,0.24864959716796875,12.819793701171875
dataset/test/Tomato_leaf_late_blight/TomatoBlight-JPG_jpg.rf.234cbc5809dc7d942e46760a63e10d9f_aug_33aug88.jpg,Tomato_leaf_late_blight,Tomato_leaf_late_blight,0.9998106360435486,1,1.5829181671142578,12.22036361694336,0.2065572738647461,14.013764381408691
dataset/test/Tomato_leaf_late_blight/TomatoBlight-JPG_jpg.rf.234cbc5809dc7d942e46760a63e10d9f_aug_34aug86.jpg,Tomato_leaf_late_blight,Tomato_leaf_late_blight,0.9993845224380493,1,1.4653434753417969,11.329117774963379,0.20670604705810547,13.004349708557129
dataset/test/Tomato_leaf_late_blight/TomatoBlight-JPG_jpg.rf.234cbc5809dc7d942e46760a63e10d9f_aug_35aug93.jpg,Tomato_leaf_late_blight,Tomato_leaf_late_blight,0.9662454724311829,1,1.6654748916625977,21.25139045715332,0.20805644989013672,23.12886619567871
dataset/test/Tomato_leaf_late_blight/TomatoBlight-JPG_jpg.rf.234cbc5809dc7d942e46760a63e10d9faug11.jpg,Tomato_leaf_late_blight,Tomato_leaf_late_blight,0.9884139895439148,1,1.4911775588989258,12.51301383972168,0.16055679321289062,14.168229103088379
dataset/test/Tomato_leaf_late_blight/dsc_8140cs_aug_3aug114.jpg,Tomato_leaf_late_blight,Tomato_leaf_late_blight,0.9999338388442993,1,1.0922670364379883,11.845473289489746,0.16048336029052734,13.101314544677734
dataset/test/Tomato_leaf_late_blight/dsc_8140cs_aug_4aug99.jpg,Tomato_leaf_late_blight,Tomato_leaf_late_blight,0.9988152980804443,1,1.1831741333007812,8.215150833129883,0.1592426300048828,9.55997371673584
dataset/test/Tomato_leaf_late_blight/dsc_8140cs_aug_5aug102.jpg,Tomato_leaf_late_blight,Tomato_leaf_late_blight,0.999953031539917,1,1.147414207458496,7.635721206665039,0.22064971923828125,9.006656646728516
dataset/test/Tomato_leaf_late_blight/dsc_8140csaug1.jpg,Tomato_leaf_late_blight,Tomato_leaf_late_blight,0.9999269247055054,1,1.087599754333496,8.147520065307617,0.16064929962158203,9.398250579833984
dataset/test/Tomato_leaf_late_blight/late_jpg.rf.f64883c6ac50eb4f477851ddc23305e8_aug_69aug47.jpg,Tomato_leaf_late_blight,Tomato_leaf_late_blight,0.5872821807861328,1,1.1120996475219727,7.803813934326172,0.15929698944091797,9.077674865722656
dataset/test/Tomato_leaf_late_blight/late_jpg.rf.f64883c6ac50eb4f477851ddc23305e8_aug_70aug48.jpg,Tomato_leaf_late_blight,Tomato_Early_blight_leaf,0.8248283267021179,0,1.0934152603149414,7.73757266998291,0.15953826904296875,8.993452072143555
dataset/test/Tomato_leaf_late_blight/late_jpg.rf.f64883c6ac50eb4f477851ddc23305e8_aug_71aug42.jpg,Tomato_leaf_late_blight,Tomato_leaf_late_blight,0.6604034900665283,1,1.1399145126342773,7.748313903808594,0.1606130599975586,9.051507949829102
dataset/test/Tomato_leaf_late_blight/late_jpg.rf.f64883c6ac50eb4f477851ddc23305e8aug23.jpg,Tomato_leaf_late_blight,Tomato_Early_blight_leaf,0.7747699022293091,0,1.1218786239624023,7.896480560302734,0.16131591796875,9.182064056396484
dataset/test/Tomato_leaf_late_blight/lateblightTom_lesionaug30.jpg,Tomato_leaf_late_blight,Tomato_leaf_late_blight,0.9999165534973145,1,1.0225257873535156,7.788424491882324,0.15922260284423828,8.973044395446777
dataset/test/Tomato_leaf_late_blight/lb_leaf_lesions2x1200_jpg.rf.3a72cc9627c3ba6d79a876e19220824e_aug_81aug56.jpg,Tomato_leaf_late_blight,Tomato_leaf_late_blight,0.9999608993530273,1,1.0772104263305664,7.833277702331543,0.20124053955078125,9.114564895629883
dataset/test/Tomato_leaf_late_blight/lb_leaf_lesions2x1200_jpg.rf.3a72cc9627c3ba6d79a876e19220824e_aug_82aug62.jpg,Tomato_leaf_late_blight,Tomato_leaf_late_blight,0.9999923706054688,1,1.2159347534179688,9.251750946044922,0.1558704376220703,10.626222610473633
dataset/test/Tomato_leaf_late_blight/lb_leaf_lesions2x1200_jpg.rf.3a72cc9627c3ba6d79a876e19220824e_aug_83aug57.jpg,Tomato_leaf_late_blight,Tomato_leaf_late_blight,0.9999957084655762,1,1.080322265625,8.405003547668457,0.16666793823242188,9.654529571533203
dataset/test/Tomato_leaf_late_blight/lb_leaf_lesions2x1200_jpg.rf.3a72cc9627c3ba6d79a876e19220824eaug27.jpg,Tomato_leaf_late_blight,Tomato_leaf_late_blight,0.999998927116394,1,1.1713037490844727,8.22689151763916,0.1680927276611328,9.569048881530762
dataset/test/Tomato_leaf_late_blight/p1020076cs_aug_78aug35.jpg,Tomato_leaf_late_blight,Tomato_leaf_late_blight,0.9999858140945435,1,1.1812124252319336,8.190631866455078,0.16809463500976562,9.542919158935547
dataset/test/Tomato_leaf_late_blight/p1020076cs_aug_79aug59.jpg,Tomato_leaf_late_blight,Tomato_leaf_late_blight,0.9999977350234985,1,1.1426191329956055,8.313298225402832,0.1726856231689453,9.631810188293457
dataset/test/Tomato_leaf_late_blight/p1020076cs_aug_80aug55.jpg,Tomato_leaf_late_blight,Tomato_leaf_late_blight,0.9998273253440857,1,1.0939340591430664,8.356466293334961,0.17288970947265625,9.62615966796875
dataset/test/Tomato_leaf_late_blight/p1020076csaug26.jpg,Tomato_leaf_late_blight,Tomato_leaf_late_blight,0.9999220371246338,1,1.0868959426879883,8.50905990600586,0.1677408218383789,9.766531944274902
dataset/test/Tomato_leaf_late_blight/symptoms_of_late_blight_0_jpg.rf.417903f6c86ccb4f4bcd7139e0867018_aug_75aug58.jpg,Tomato_leaf_late_blight,Tomato_leaf_late_blight,0.9999995231628418,1,1.1483783721923828,8.2913179397583,0.18355655670166016,9.626901626586914
dataset/test/Tomato_leaf_late_blight/symptoms_of_late_blight_0_jpg.rf.417903f6c86ccb4f4bcd7139e0867018_aug_76aug54.jpg,Tomato_leaf_late_blight,Tomato_leaf_late_blight,0.9999984502792358,1,1.163008689880371,8.514375686645508,0.19648265838623047,9.876274108886719
dataset/test/Tomato_leaf_late_blight/symptoms_of_late_blight_0_jpg.rf.417903f6c86ccb4f4bcd7139e0867018_aug_77aug61.jpg,Tomato_leaf_late_blight,Tomato_leaf_late_blight,0.9999970197677612,1,1.154709815979004,8.30504035949707,0.1660013198852539,9.628716468811035
dataset/test/Tomato_leaf_late_blight/symptoms_of_late_blight_0_jpg.rf.417903f6c86ccb4f4bcd7139e0867018aug25.jpg,Tomato_leaf_late_blight,Tomato_leaf_late_blight,0.9999953508377075,1,1.1439170837402344,8.096261024475098,0.16550159454345703,9.408473014831543
dataset/test/Tomato_leaf_late_blight/tomato-late-blight-leaf-61-3x32_aug_12aug112.jpg,Tomato_leaf_late_blight,Tomato_leaf_late_blight,1.0,1,1.1175079345703125,8.200298309326172,0.15579700469970703,9.47623348236084
dataset/test/Tomato_leaf_late_blight/tomato-late-blight-leaf-61-3x32_aug_13aug110.jpg,Tomato_leaf_late_blight,Tomato_leaf_late_blight,0.9999765157699585,1,1.0430068969726562,7.957795143127441,0.16637134552001953,9.169490814208984
dataset/test/Tomato_leaf_late_blight/tomato-late-blight-leaf-61-3x32_aug_14aug105.jpg,Tomato_leaf_late_blight,Tomato_leaf_late_blight,1.0,1,1.067988395690918,8.007741928100586,0.16670513153076172,9.245064735412598
dataset/test/Tomato_leaf_late_blight/tomato-late-blight-leaf-61-3x32aug4.jpg,Tomato_leaf_late_blight,Tomato_leaf_late_blight,1.0,1,1.1082477569580078,8.092852592468262,0.1654806137084961,9.369232177734375
dataset/test/Tomato_leaf_late_blight/tomato.early.blightH_aug_18aug100.jpg,Tomato_leaf_late_blight,Tomato_Septoria_leaf_spot,0.996121346950531,0,1.1663236618041992,8.329874038696289,0.16474246978759766,9.66423511505127
dataset/test/Tomato_leaf_late_blight/tomato.early.blightH_aug_19aug107.jpg,Tomato_leaf_late_blight,Tomato_Septoria_leaf_spot,0.9744457602500916,0,1.1947669982910156,8.319595336914062,0.1646871566772461,9.682178497314453
dataset/test/Tomato_leaf_late_blight/tomato.early.blightH_aug_20aug94.jpg,Tomato_leaf_late_blight,Tomato_Septoria_leaf_spot,0.9711756110191345,0,1.224989891052246,8.154520988464355,0.16481494903564453,9.546899795532227
dataset/test/Tomato_leaf_late_blight/tomato.early.blightHaug6.jpg,Tomato_leaf_late_blight,Tomato_Septoria_leaf_spot,0.9816491007804871,0,1.1947498321533203,8.130243301391602,0.17366886138916016,9.501362800598145
dataset/test/Tomato_leaf_yellow_curl_virus/1342017-162221-44540_jpg.rf.f68314ea4850dade3a214dec71c83715_aug_77aug56.jpg,Tomato_leaf_yellow_curl_virus,Tomato_leaf_yellow_curl_virus,1.0,1,1.144545555114746,8.264225006103516,0.16427993774414062,9.57580852508545
dataset/test/Tomato_leaf_yellow_curl_virus/1342017-162221-44540_jpg.rf.f68314ea4850dade3a214dec71c83715_aug_78aug81.jpg,Tomato_leaf_yellow_curl_virus,Tomato_leaf_yellow_curl_virus,0.9999996423721313,1,1.1530628204345703,8.093724250793457,0.16692638397216797,9.41660213470459
dataset/test/Tomato_leaf_yellow_curl_virus/1342017-162221-44540_jpg.rf.f68314ea4850dade3a214dec71c83715_aug_79aug60.jpg,Tomato_leaf_yellow_curl_virus,Tomato_leaf_yellow_curl_virus,1.0,1,1.1619529724121094,8.304929733276367,0.16422367095947266,9.633844375610352
dataset/test/Tomato_leaf_yellow_curl_virus/1342017-162221-44540_jpg.rf.f68314ea4850dade3a214dec71c83715_aug_80aug64.jpg,Tomato_leaf_yellow_curl_virus,Tomato_leaf_yellow_curl_virus,0.9999991655349731,1,1.198063850402832,8.36890983581543,0.16413021087646484,9.734031677246094
dataset/test/Tomato_leaf_yellow_curl_virus/1342017-162221-44540_jpg.rf.f68314ea4850dade3a214dec71c83715_aug_81aug61.jpg,Tomato_leaf_yellow_curl_virus,Tomato_leaf_yellow_curl_virus,0.9999984502792358,1,1.1536188125610352,8.225574493408203,0.16263103485107422,9.54436206817627
dataset/test/Tomato_leaf_yellow_curl_virus/1342017-162221-44540_jpg.rf.f68314ea4850dade3a214dec71c83715_aug_82aug80.jpg,Tomato_leaf_yellow_curl_virus,Tomato_leaf_yellow_curl_virus,0.9999998807907104,1,1.1892309188842773,8.416411399841309,0.16398143768310547,9.772382736206055
dataset/test/Tomato_leaf_yellow_curl_virus/1342017-162221-44540_jpg.rf.f68314ea4850dade3a214dec71c83715_aug_83aug70.jpg,Tomato_leaf_yellow_curl_virus,Tomato_leaf_yellow_curl_virus,0.9998276233673096,1,1.1773223876953125,8.143963813781738,0.1632223129272461,9.487214088439941
dataset/test/Tomato_leaf_yellow_curl_virus/1342017-162221-44540_jpg.rf.f68314ea4850dade3a214dec71c83715aug11.jpg,Tomato_leaf_yellow_curl_virus,Tomato_leaf_yellow_curl_virus,0.9999997615814209,1,1.1621017456054688,8.100613594055176,0.15920543670654297,9.424826622009277
dataset/test/Tomato_leaf_yellow_curl_virus/8226402877_9abf151b5b_b_jpg.rf.a2dff27e03c5ab47916df5d873c1590f_aug_70aug66.jpg,Tomato_leaf_yellow_curl_virus,Tomato_leaf_yellow_curl_virus,1.0,1,1.1378593444824219,8.012297630310059,0.1645193099975586,9.317584991455078
dataset/test/Tomato_leaf_yellow_curl_virus/8226402877_9abf151b5b_b_jpg.rf.a2dff27e03c5ab47916df5d873c1590f_aug_71aug69.jpg,Tomato_leaf_yellow_curl_virus,Tomato_leaf_yellow_curl_virus,1.0,1,1.204878807067871,7.988833427429199,0.16448307037353516,9.361047744750977
dataset/test/Tomato_leaf_yellow_curl_virus/8226402877_9abf151b5b_b_jpg.rf.a2dff27e03c5ab47916df5d873c1590f_aug_72aug73.jpg,Tomato_leaf_yellow_curl_virus,Tomato_leaf_yellow_curl_virus,0.9999998807907104,1,1.2013053894042969,8.128241539001465,0.1646862030029297,9.497086524963379
dataset/test/Tomato_leaf_yellow_curl_virus/8226402877_9abf151b5b_b_jpg.rf.a2dff27e03c5ab47916df5d873c1590f_aug_73aug54.jpg,Tomato_leaf_yellow_curl_virus,Tomato_leaf_yellow_curl_virus,1.0,1,1.1557483673095703,8.214095115661621,0.16400146484375,9.537012100219727
dataset/test/Tomato_leaf_yellow_curl_virus/8226402877_9abf151b5b_b_jpg.rf.a2dff27e03c5ab47916df5d873c1590f_aug_74aug76.jpg,Tomato_leaf_yellow_curl_virus,Tomato_leaf_yellow_curl_virus,1.0,1,1.167527198791504,10.885947227478027,0.20246410369873047,12.258845329284668
dataset/test/Tomato_leaf_yellow_curl_virus/8226402877_9abf151b5b_b_jpg.rf.a2dff27e03c5ab47916df5d873c1590f_aug_75aug74.jpg,Tomato_leaf_yellow_curl_virus,Tomato_leaf_yellow_curl_virus,1.0,1,1.500936508178711,11.158578872680664,0.20133495330810547,12.86422061920166
dataset/test/Tomato_leaf_yellow_curl_virus/8226402877_9abf151b5b_b_jpg.rf.a2dff27e03c5ab47916df5d873c1590f_aug_76aug65.jpg,Tomato_leaf_yellow_curl_virus,Tomato_leaf_yellow_curl_virus,1.0,1,1.4795465469360352,10.918112754821777,0.2037792205810547,12.60477352142334
dataset/test/Tomato_leaf_yellow_curl_virus/8226402877_9abf151b5b_b_jpg.rf.a2dff27e03c5ab47916df5d873c1590faug10.jpg,Tomato_leaf_yellow_curl_virus,Tomato_leaf_yellow_curl_virus,1.0,1,1.5200109481811523,11.365209579467773,0.2507057189941406,13.139629364013672
dataset/test/Tomato_leaf_yellow_curl_virus/DSC01999-JPG_jpg.rf.700fa6596ab8750ad0f1c47a0defe191_aug_84aug53.jpg,Tomato_leaf_yellow_curl_virus,Tomato_leaf_yellow_curl_virus,0.999988317489624,1,1.6126775741577148,10.992114067077637,0.20305728912353516,12.811774253845215
dataset/test/Tomato_leaf_yellow_curl_virus/DSC01999-JPG_jpg.rf.700fa6596ab8750ad0f1c47a0defe191_aug_85aug82.jpg,Tomato_leaf_yellow_curl_virus,Tomato_leaf_yellow_curl_virus,0.9996886253356934,1,1.596491813659668,10.941021919250488,0.20487213134765625,12.746164321899414
dataset/test/Tomato_leaf_yellow_curl_virus/DSC01999-JPG_jpg.rf.700fa6596ab8750ad0f1c47a0defe191_aug_86aug71.jpg,Tomato_leaf_yellow_curl_virus,Tomato_leaf_yellow_curl_virus,0.999996542930603,1,1.5392694473266602,10.983670234680176,0.20122337341308594,12.728034019470215
dataset/test/Tomato_leaf_yellow_curl_virus/DSC01999-JPG_jpg.rf.700fa6596ab8750ad0f1c47a0defe191_aug_87aug78.jpg,Tomato_leaf_yellow_curl_virus,Tomato_leaf_yellow_curl_virus,0.9999992847442627,1,1.537400245666504,10.975151062011719,0.20398330688476562,12.719459533691406
dataset/test/Tomato_leaf_yellow_curl_virus/DSC01999-JPG_jpg.rf.700fa6596ab8750ad0f1c47a0defe191_aug_88aug51.jpg,Tomato_leaf_yellow_curl_virus,Tomato_leaf_yellow_curl_virus,0.9999896287918091,1,1.5792150497436523,7.968074798583984,0.1665191650390625,9.717382431030273
dataset/test/Tomato_leaf_yellow_curl_virus/DSC01999-JPG_jpg.rf.700fa6596ab8750ad0f1c47a0defe191_aug_89aug63.jpg,Tomato_leaf_yellow_curl_virus,Tomato_leaf_yellow_curl_virus,0.9999966621398926,1,1.1084890365600586,8.043649673461914,0.16003799438476562,9.315120697021484
dataset/test/Tomato_leaf_yellow_curl_virus/DSC01999-JPG_jpg.rf.700fa6596ab8750ad0f1c47a0defe191_aug_90aug85.jpg,Tomato_leaf_yellow_curl_virus,Tomato_leaf_yellow_curl_virus,0.999923586845398,1,1.1488056182861328,7.98201847076416,0.16016769409179688,9.293916702270508
dataset/test/Tomato_leaf_yellow_curl_virus/DSC01999-JPG_jpg.rf.700fa6596ab8750ad0f1c47a0defe191aug12.jpg,Tomato_leaf_yellow_curl_virus,Tomato_leaf_yellow_curl_virus,0.9999980926513672,1,1.1344337463378906,7.827851295471191,0.1557607650756836,9.120731353759766
dataset/test/Tomato_leaf_yellow_curl_virus/DSC01999.JPG_aug_63aug68.jpg,Tomato_leaf_yellow_curl_virus,Tomato_leaf_yellow_curl_virus,0.9996740818023682,1,1.1468791961669922,7.607515335083008,0.16142654418945312,8.918489456176758
dataset/test/Tomato_leaf_yellow_curl_virus/DSC01999.JPG_aug_64aug72.jpg,Tomato_leaf_yellow_curl_virus,Tomato_leaf_yellow_curl_virus,0.9998929500579834,1,1.1483039855957031,7.857813835144043,0.1586132049560547,9.167267799377441
dataset/test/Tomato_leaf_yellow_curl_virus/DSC01999.JPG_aug_65aug75.jpg,Tomato_leaf_yellow_curl_virus,Tomato_leaf_yellow_curl_virus,0.9987362027168274,1,1.1616392135620117,7.664647102355957,0.15911293029785156,8.988358497619629
dataset/test/Tomato_leaf_yellow_curl_virus/DSC01999.JPG_aug_66aug58.jpg,Tomato_leaf_yellow_curl_virus,Tomato_leaf_yellow_curl_virus,0.9995546936988831,1,1.209360122680664,7.965110778808594,0.15835285186767578,9.335824966430664
dataset/test/Tomato_leaf_yellow_curl_virus/DSC01999.JPG_aug_67aug83.jpg,Tomato_leaf_yellow_curl_virus,Tomato_leaf_yellow_curl_virus,0.9967888593673706,1,1.1226930618286133,7.743795394897461,0.1596508026123047,9.02893352508545
dataset/test/Tomato_leaf_yellow_curl_virus/DSC01999.JPG_aug_68aug79.jpg,Tomato_leaf_yellow_curl_virus,Tomato_leaf_yellow_curl_virus,0.9983853101730347,1,1.1692123413085938,7.876425743103027,0.1609630584716797,9.209750175476074
dataset/test/Tomato_leaf_yellow_curl_virus/DSC01999.JPG_aug_69aug62.jpg,Tomato_leaf_yellow_curl_virus,Tomato_leaf_yellow_curl_virus,0.9998950958251953,1,1.1598787307739258,8.005703926086426,0.16935348510742188,9.337675094604492
dataset/test/Tomato_leaf_yellow_curl_virus/DSC01999.JPGaug9.jpg,Tomato_leaf_yellow_curl_virus,Tomato_leaf_yellow_curl_virus,0.9998880624771118,1,1.2156572341918945,8.151130676269531,0.16422462463378906,9.53371524810791
dataset/test/Tomato_leaf_yellow_curl_virus/IMG_20251102_155103aug15.jpg,Tomato_leaf_yellow_curl_virus,Tomato_leaf_yellow_curl_virus,0.8837149739265442,1,1.0957860946655273,8.274985313415527,0.16459369659423828,9.538734436035156
dataset/test/Tomato_leaf_yellow_curl_virus/IMG_20251102_160455_aug_42aug104.jpg,Tomato_leaf_yellow_curl_virus,Tomato_leaf_yellow_curl_virus,0.9961801767349243,1,1.1319713592529297,8.118074417114258,0.16233444213867188,9.414898872375488
dataset/test/Tomato_leaf_yellow_curl_virus/IMG_20251102_160455_aug_43aug111.jpg,Tomato_leaf_yellow_curl_virus,Tomato_leaf_yellow_curl_virus,0.8346588611602783,1,1.094655990600586,8.262262344360352,0.15972328186035156,9.519454956054688
dataset/test/Tomato_leaf_yellow_curl_virus/IMG_20251102_160455_aug_44aug112.jpg,Tomato_leaf_yellow_curl_virus,Tomato_leaf_yellow_curl_virus,0.9868775010108948,1,1.0808782577514648,7.927332878112793,0.17729663848876953,9.188563346862793
dataset/test/Tomato_leaf_yellow_curl_virus/IMG_20251102_160455_aug_45aug108.jpg,Tomato_leaf_yellow_curl_virus,Tomato_leaf_yellow_curl_virus,0.9945902824401855,1,1.221212387084961,8.019796371459961,0.16675949096679688,9.410787582397461
dataset/test/Tomato_leaf_yellow_curl_virus/IMG_20251102_160455_aug_46aug110.jpg,Tomato_leaf_yellow_curl_virus,Tomato_leaf_yellow_curl_virus,0.9014728665351868,1,1.1677312850952148,8.003592491149902,0.16592788696289062,9.339823722839355
dataset/test/Tomato_leaf_yellow_curl_virus/IMG_20251102_160455_aug_47aug98.jpg,Tomato_leaf_yellow_curl_virus,Tomato_leaf_yellow_curl_virus,0.9906513690948486,1,1.1040449142456055,8.084037780761719,0.2050008773803711,9.396639823913574
dataset/test/Tomato_leaf_yellow_curl_virus/IMG_20251102_160455_aug_48aug105.jpg,Tomato_leaf_yellow_curl_virus,Tomato_leaf_yellow_curl_virus,0.9918968081474304,1,1.0945444107055664,8.182279586791992,0.16587066650390625,9.445676803588867
dataset/test/Tomato_leaf_yellow_curl_virus/IMG_20251102_160455aug6.jpg,Tomato_leaf_yellow_curl_virus,Tomato_leaf_yellow_curl_virus,0.9974014759063721,1,1.0974149703979492,8.254372596740723,0.1660013198852539,9.520252227783203
dataset/test/Tomato_leaf_yellow_curl_virus/IMG_20251102_160553_aug_35aug49.jpg,Tomato_leaf_yellow_curl_virus,Tomato_Early_blight_leaf,0.9939500093460083,0,1.223433494567871,8.217390060424805,0.1657238006591797,9.608956336975098
dataset/test/Tomato_leaf_yellow_curl_virus/IMG_20251102_160553_aug_36aug113.jpg,Tomato_leaf_yellow_curl_virus,Tomato_Early_blight_leaf,0.9922024011611938,0,1.1935272216796875,8.096187591552734,0.1710195541381836,9.464381217956543
dataset/test/Tomato_leaf_yellow_curl_virus/IMG_20251102_160553_aug_37aug114.jpg,Tomato_leaf_yellow_curl_virus,Tomato_Early_blight_leaf,0.8995370864868164,0,1.1347122192382812,8.089370727539062,0.1574077606201172,9.384214401245117
dataset/test/Tomato_leaf_yellow_curl_virus/IMG_20251102_160553_aug_38aug101.jpg,Tomato_leaf_yellow_curl_virus,Tomato_Early_blight_leaf,0.9864904880523682,0,1.1598234176635742,7.9868879318237305,0.17472362518310547,9.3239164352417
dataset/test/Tomato_leaf_yellow_curl_virus/IMG_20251102_160553_aug_39aug118.jpg,Tomato_leaf_yellow_curl_virus,Tomato_Early_blight_leaf,0.9835799336433411,0,1.2182865142822266,7.9940385818481445,0.1669635772705078,9.381659507751465
dataset/test/Tomato_leaf_yellow_curl_virus/IMG_20251102_160553_aug_40aug19.jpg,Tomato_leaf_yellow_curl_virus,Tomato_Early_blight_leaf,0.910365641117096,0,1.2215461730957031,8.052556037902832,0.16398239135742188,9.440677642822266
dataset/test/Tomato_leaf_yellow_curl_virus/IMG_20251102_160553_aug_41aug119.jpg,Tomato_leaf_yellow_curl_virus,Tomato_Early_blight_leaf,0.6063418388366699,0,1.1888790130615234,8.1218900680542,0.1649456024169922,9.478714942932129
dataset/test/Tomato_leaf_yellow_curl_virus/IMG_20251102_160553aug5.jpg,Tomato_leaf_yellow_curl_virus,Tomato_Early_blight_leaf,0.9925767779350281,0,1.1996755599975586,8.200613021850586,0.1653728485107422,9.568825721740723
dataset/test/Tomato_leaf_yellow_curl_virus/TYLCV-tomate-DB-445-171_jpg.rf.9d70326900dd981ab5d49063b0d644f0_aug_21aug41.jpg,Tomato_leaf_yellow_curl_virus,Tomato_leaf_yellow_curl_virus,0.9999963045120239,1,1.1205263137817383,8.1462984085083,0.1649627685546875,9.434733390808105
dataset/test/Tomato_leaf_yellow_curl_virus/TYLCV-tomate-DB-445-171_jpg.rf.9d70326900dd981ab5d49063b0d644f0_aug_22aug30.jpg,Tomato_leaf_yellow_curl_virus,Tomato_leaf_yellow_curl_virus,0.9999843835830688,1,1.1267852783203125,8.195779800415039,0.1641855239868164,9.490270614624023
dataset/test/Tomato_leaf_yellow_curl_virus/TYLCV-tomate-DB-445-171_jpg.rf.9d70326900dd981ab5d49063b0d644f0_aug_23aug42.jpg,Tomato_leaf_yellow_curl_virus,Tomato_leaf_yellow_curl_virus,0.9999936819076538,1,1.1247482299804688,8.117926597595215,0.16194534301757812,9.407268524169922
dataset/test/Tomato_leaf_yellow_curl_virus/TYLCV-tomate-DB-445-171_jpg.rf.9d70326900dd981ab5d49063b0d644f0_aug_24aug45.jpg,Tomato_leaf_yellow_curl_virus,Tomato_leaf_yellow_curl_virus,0.9997091889381409,1,1.1430253982543945,8.031981468200684,0.1631307601928711,9.341066360473633
dataset/test/Tomato_leaf_yellow_curl_virus/TYLCV-tomate-DB-445-171_jpg.rf.9d70326900dd981ab5d49063b0d644f0_aug_25aug20.jpg,Tomato_leaf_yellow_curl_virus,Tomato_leaf_yellow_curl_virus,0.9999974966049194,1,1.1297492980957031,8.024704933166504,0.1735382080078125,9.331287384033203
dataset/test/Tomato_leaf_yellow_curl_virus/TYLCV-tomate-DB-445-171_jpg.rf.9d70326900dd981ab5d49063b0d644f0_aug_26aug18.jpg,Tomato_leaf_yellow_curl_virus,Tomato_leaf_yellow_curl_virus,1.0,1,1.1331367492675781,8.105779647827148,0.17048168182373047,9.412825584411621
dataset/test/Tomato_leaf_yellow_curl_virus/TYLCV-tomate-DB-445-171_jpg.rf.9d70326900dd981ab5d49063b0d644f0_aug_27aug29.jpg,Tomato_leaf_yellow_curl_virus,Tomato_leaf_yellow_curl_virus,0.9999144077301025,1,1.148970603942871,8.002001762390137,0.16133499145507812,9.31476879119873
dataset/test/Tomato_leaf_yellow_curl_virus/TYLCV-tomate-DB-445-171_jpg.rf.9d70326900dd981ab5d49063b0d644f0aug3.jpg,Tomato_leaf_yellow_curl_virus,Tomato_leaf_yellow_curl_virus,0.9999972581863403,1,1.1291007995605469,8.036259651184082,0.16490840911865234,9.333399772644043
dataset/test/Tomato_leaf_yellow_curl_virus/TYLCV4_jpg.rf.2e4accea501a220be9dc475dd1ca3121_aug_10aug22.jpg,Tomato_leaf_yellow_curl_virus,Tomato_leaf_yellow_curl_virus,1.0,1,1.0823040008544922,7.9452972412109375,0.16424274444580078,9.194249153137207
dataset/test/Tomato_leaf_yellow_curl_virus/TYLCV4_jpg.rf.2e4accea501a220be9dc475dd1ca3121_aug_11aug44.jpg,Tomato_leaf_yellow_curl_virus,Tomato_leaf_yellow_curl_virus,1.0,1,1.136286735534668,7.860685348510742,0.1628713607788086,9.162619590759277
dataset/test/Tomato_leaf_yellow_curl_virus/TYLCV4_jpg.rf.2e4accea501a220be9dc475dd1ca3121_aug_12aug39.jpg,Tomato_leaf_yellow_curl_virus,Tomato_leaf_yellow_curl_virus,1.0,1,1.1141748428344727,7.918092727661133,0.16263103485107422,9.197693824768066
dataset/test/Tomato_leaf_yellow_curl_virus/TYLCV4_jpg.rf.2e4accea501a220be9dc475dd1ca3121_aug_13aug35.jpg,Tomato_leaf_yellow_curl_virus,Tomato_leaf_yellow_curl_virus,1.0,1,1.1124143600463867,8.001852989196777,0.16370487213134766,9.281064987182617
dataset/test/Tomato_leaf_yellow_curl_virus/TYLCV4_jpg.rf.2e4accea501a220be9dc475dd1ca3121_aug_7aug40.jpg,Tomato_leaf_yellow_curl_virus,Tomato_leaf_yellow_curl_virus,1.0,1,1.1174907684326172,8.0,0.20444488525390625,9.324731826782227
dataset/test/Tomato_leaf_yellow_curl_virus/TYLCV4_jpg.rf.2e4accea501a220be9dc475dd1ca3121_aug_8aug33.jpg,Tomato_leaf_yellow_curl_virus,Tomato_leaf_yellow_curl_virus,1.0,1,1.1002302169799805,8.077057838439941,0.16516590118408203,9.345195770263672
dataset/test/Tomato_leaf_yellow_curl_virus/TYLCV4_jpg.rf.2e4accea501a220be9dc475dd1ca3121_aug_9aug48.jpg,Tomato_leaf_yellow_curl_virus,Tomato_leaf_yellow_curl_virus,1.0,1,1.128544807434082,8.153556823730469,0.16707420349121094,9.45191764831543
dataset/test/Tomato_leaf_yellow_curl_virus/TYLCV4_jpg.rf.2e4accea501a220be9dc475dd1ca3121aug1.jpg,Tomato_leaf_yellow_curl_virus,Tomato_leaf_yellow_curl_virus,1.0,1,1.1556577682495117,8.18383502960205,0.1550741195678711,9.49678897857666
dataset/test/Tomato_leaf_yellow_curl_virus/art_15017325188173_a24a66_aug_14aug36.jpg,Tomato_leaf_yellow_curl_virus,Tomato_leaf_yellow_curl_virus,0.9999945163726807,1,1.123673439025879,8.396577835083008,0.16518688201904297,9.688124656677246
dataset/test/Tomato_leaf_yellow_curl_virus/art_15017325188173_a24a66_aug_15aug23.jpg,Tomato_leaf_yellow_curl_virus,Tomato_leaf_yellow_curl_virus,0.9999486207962036,1,1.2494335174560547,8.072444915771484,0.1679096221923828,9.492456436157227
dataset/test/Tomato_leaf_yellow_curl_virus/art_15017325188173_a24a66_aug_16aug34.jpg,Tomato_leaf_yellow_curl_virus,Tomato_leaf_yellow_curl_virus,0.9999924898147583,1,1.2599544525146484,8.47202205657959,0.1695556640625,9.904254913330078
dataset/test/Tomato_leaf_yellow_curl_virus/art_15017325188173_a24a66_aug_17aug43.jpg,Tomato_leaf_yellow_curl_virus,Tomato_leaf_yellow_curl_virus,0.999555766582489,1,1.283675193786621,8.252614974975586,0.16631603240966797,9.70545768737793
dataset/test/Tomato_leaf_yellow_curl_virus/art_15017325188173_a24a66_aug_18aug47.jpg,Tomato_leaf_yellow_curl_virus,Tomato_leaf_yellow_curl_virus,0.9995131492614746,1,1.2159900665283203,16.3848934173584,0.19444656372070312,17.798477172851562
dataset/test/Tomato_leaf_yellow_curl_virus/art_15017325188173_a24a66_aug_19aug25.jpg,Tomato_leaf_yellow_curl_virus,Tomato_leaf_yellow_curl_virus,0.9997064471244812,1,1.2837324142456055,10.209701538085938,0.16550254821777344,11.661823272705078
dataset/test/Tomato_leaf_yellow_curl_virus/art_15017325188173_a24a66_aug_20aug46.jpg,Tomato_leaf_yellow_curl_virus,Tomato_leaf_yellow_curl_virus,0.9999088048934937,1,1.1682672500610352,13.542558670043945,0.19987201690673828,14.912882804870605
dataset/test/Tomato_leaf_yellow_curl_virus/art_15017325188173_a24a66aug2.jpg,Tomato_leaf_yellow_curl_virus,Tomato_leaf_yellow_curl_virus,0.9998490810394287,1,1.3306398391723633,8.303799629211426,0.17713165283203125,9.814291954040527
dataset/test/Tomato_leaf_yellow_curl_virus/psyllid-yellows_jpg.rf.1d99aab2f43a840be530ce313eb0c0fd_aug_56aug57.jpg,Tomato_leaf_yellow_curl_virus,Tomato_leaf_yellow_curl_virus,0.9999979734420776,1,1.1576738357543945,8.382060050964355,0.1576862335205078,9.70008659362793
dataset/test/Tomato_leaf_yellow_curl_virus/psyllid-yellows_jpg.rf.1d99aab2f43a840be530ce313eb0c0fd_aug_57aug84.jpg,Tomato_leaf_yellow_curl_virus,Tomato_leaf_yellow_curl_virus,0.9999998807907104,1,1.1935272216796875,8.346613883972168,0.15661239624023438,9.699365615844727
dataset/test/Tomato_leaf_yellow_curl_virus/psyllid-yellows_jpg.rf.1d99aab2f43a840be530ce313eb0c0fd_aug_58aug52.jpg,Tomato_leaf_yellow_curl_virus,Tomato_leaf_yellow_curl_virus,0.9999998807907104,1,1.1277666091918945,8.001372337341309,0.16751956939697266,9.299361228942871
dataset/test/Tomato_leaf_yellow_curl_virus/psyllid-yellows_jpg.rf.1d99aab2f43a840be530ce313eb0c0fd_aug_59aug77.jpg,Tomato_leaf_yellow_curl_virus,Tomato_leaf_yellow_curl_virus,0.9999874830245972,1,1.1776189804077148,8.120926856994629,0.16516876220703125,9.466158866882324
dataset/test/Tomato_leaf_yellow_curl_virus/psyllid-yellows_jpg.rf.1d99aab2f43a840be530ce313eb0c0fd_aug_60aug86.jpg,Tomato_leaf_yellow_curl_virus,Tomato_leaf_yellow_curl_virus,0.9999972581863403,1,1.3093795776367188,8.144391059875488,0.16588973999023438,9.622382164001465
dataset/test/Tomato_leaf_yellow_curl_virus/psyllid-yellows_jpg.rf.1d99aab2f43a840be530ce313eb0c0fd_aug_61aug59.jpg,Tomato_leaf_yellow_curl_virus,Tomato_leaf_yellow_curl_virus,0.9999703168869019,1,1.150099754333496,8.14307689666748,0.16472434997558594,9.46051025390625
dataset/test/Tomato_leaf_yellow_curl_virus/psyllid-yellows_jpg.rf.1d99aab2f43a840be530ce313eb0c0fd_aug_62aug67.jpg,Tomato_leaf_yellow_curl_virus,Tomato_leaf_yellow_curl_virus,0.9999996423721313,1,1.1535825729370117,8.312724113464355,0.1661510467529297,9.635159492492676
dataset/test/Tomato_leaf_yellow_curl_virus/psyllid-yellows_jpg.rf.1d99aab2f43a840be530ce313eb0c0fdaug8.jpg,Tomato_leaf_yellow_curl_virus,Tomato_leaf_yellow_curl_virus,0.9993953704833984,1,1.1409530639648438,8.236705780029297,0.16533374786376953,9.545660018920898
dataset/test/Tomato_leaf_yellow_curl_virus/tj5itxzunn3k_jpg.rf.4aeda27b2535578e718fe6279491d0d4_aug_49aug102.jpg,Tomato_leaf_yellow_curl_virus,Tomato_leaf_yellow_curl_virus,1.0,1,1.0818967819213867,8.139686584472656,0.16605663299560547,9.390066146850586
dataset/test/Tomato_leaf_yellow_curl_virus/tj5itxzunn3k_jpg.rf.4aeda27b2535578e718fe6279491d0d4_aug_50aug109.jpg,Tomato_leaf_yellow_curl_virus,Tomato_leaf_yellow_curl_virus,1.0,1,1.119359016418457,11.165671348571777,0.20424175262451172,12.492549896240234
dataset/test/Tomato_leaf_yellow_curl_virus/tj5itxzunn3k_jpg.rf.4aeda27b2535578e718fe6279491d0d4_aug_51aug99.jpg,Tomato_leaf_yellow_curl_virus,Tomato_leaf_yellow_curl_virus,1.0,1,1.4936962127685547,11.12609577178955,0.19038963317871094,12.813238143920898
dataset/test/Tomato_leaf_yellow_curl_virus/tj5itxzunn3k_jpg.rf.4aeda27b2535578e718fe6279491d0d4_aug_52aug103.jpg,Tomato_leaf_yellow_curl_virus,Tomato_leaf_yellow_curl_virus,1.0,1,1.3823432922363281,10.928261756896973,0.20346450805664062,12.517253875732422
dataset/test/Tomato_leaf_yellow_curl_virus/tj5itxzunn3k_jpg.rf.4aeda27b2535578e718fe6279491d0d4_aug_53aug100.jpg,Tomato_leaf_yellow_curl_virus,Tomato_leaf_yellow_curl_virus,1.0,1,1.4269733428955078,10.965892791748047,0.2037982940673828,12.599791526794434
dataset/test/Tomato_leaf_yellow_curl_virus/tj5itxzunn3k_jpg.rf.4aeda27b2535578e718fe6279491d0d4_aug_54aug106.jpg,Tomato_leaf_yellow_curl_virus,Tomato_leaf_yellow_curl_virus,1.0,1,1.423879623413086,11.12700366973877,0.203704833984375,12.758514404296875
dataset/test/Tomato_leaf_yellow_curl_virus/tj5itxzunn3k_jpg.rf.4aeda27b2535578e718fe6279491d0d4_aug_55aug107.jpg,Tomato_leaf_yellow_curl_virus,Tomato_leaf_yellow_curl_virus,0.9999995231628418,1,1.4430294036865234,10.904706954956055,0.20650196075439453,12.557624816894531
dataset/test/Tomato_leaf_yellow_curl_virus/tj5itxzunn3k_jpg.rf.4aeda27b2535578e718fe6279491d0d4aug7.jpg,Tomato_leaf_yellow_curl_virus,Tomato_leaf_yellow_curl_virus,1.0,1,1.4650659561157227,10.935465812683105,0.20298290252685547,12.607161521911621
dataset/test/Tomato_leaf_yellow_curl_virus/tomato-yellow-closeup-3_aug_28aug16.jpg,Tomato_leaf_yellow_curl_virus,Tomato_leaf_yellow_curl_virus,0.9366713762283325,1,1.6729373931884766,11.028337478637695,0.1991863250732422,12.903867721557617
dataset/test/Tomato_leaf_yellow_curl_virus/tomato-yellow-closeup-3_aug_29aug27.jpg,Tomato_leaf_yellow_curl_virus,Tomato_Early_blight_leaf,0.362488716840744,0,1.524510383605957,8.33502197265625,0.15781593322753906,10.020477294921875
dataset/test/Tomato_leaf_yellow_curl_virus/tomato-yellow-closeup-3_aug_30aug117.jpg,Tomato_leaf_yellow_curl_virus,Tomato_leaf_yellow_curl_virus,0.9074596762657166,1,1.122507095336914,7.763962745666504,0.1581859588623047,9.047340393066406
dataset/test/Tomato_leaf_yellow_curl_virus/tomato-yellow-closeup-3_aug_31aug31.jpg,Tomato_leaf_yellow_curl_virus,Tomato_leaf_yellow_curl_virus,0.5162781476974487,1,1.17315673828125,7.7677764892578125,0.16357421875,9.107063293457031
dataset/test/Tomato_leaf_yellow_curl_virus/tomato-yellow-closeup-3_aug_32aug115.jpg,Tomato_leaf_yellow_curl_virus,Tomato_Septoria_leaf_spot,0.34093809127807617,0,1.2289714813232422,7.713830947875977,0.16090774536132812,9.106378555297852
dataset/test/Tomato_leaf_yellow_curl_virus/tomato-yellow-closeup-3_aug_33aug116.jpg,Tomato_leaf_yellow_curl_virus,Tomato_Early_blight_leaf,0.48170989751815796,0,1.1155452728271484,7.871796607971191,0.1622600555419922,9.15237808227539
dataset/test/Tomato_leaf_yellow_curl_virus/tomato-yellow-closeup-3_aug_34aug26.jpg,Tomato_leaf_yellow_curl_virus,Tomato_Septoria_leaf_spot,0.3538069427013397,0,1.1459341049194336,7.874111175537109,0.16266918182373047,9.185452461242676
dataset/test/Tomato_leaf_yellow_curl_virus/tomato-yellow-closeup-3aug4.jpg,Tomato_leaf_yellow_curl_virus,Tomato_Septoria_leaf_spot,0.5944492220878601,0,1.1074895858764648,8.065650939941406,0.16135311126708984,9.337140083312988
dataset/test/Tomato_leaf_yellow_curl_virus/tomato-yellow-leaf-curl-virus-tomato-1_aug_100aug92.jpg,Tomato_leaf_yellow_curl_virus,Tomato_leaf_yellow_curl_virus,0.9999791383743286,1,1.127915382385254,7.8588151931762695,0.1611309051513672,9.150416374206543
dataset/test/Tomato_leaf_yellow_curl_virus/tomato-yellow-leaf-curl-virus-tomato-1_aug_101aug95.jpg,Tomato_leaf_yellow_curl_virus,Tomato_leaf_yellow_curl_virus,0.9548888802528381,1,1.124563217163086,7.8789262771606445,0.1961679458618164,9.202434539794922
dataset/test/Tomato_leaf_yellow_curl_virus/tomato-yellow-leaf-curl-virus-tomato-1_aug_102aug88.jpg,Tomato_leaf_yellow_curl_virus,Tomato_leaf_yellow_curl_virus,0.9999842643737793,1,1.1193408966064453,7.788776397705078,0.1590747833251953,9.07000732421875
dataset/test/Tomato_leaf_yellow_curl_virus/tomato-yellow-leaf-curl-virus-tomato-1_aug_103aug93.jpg,Tomato_leaf_yellow_curl_virus,Tomato_leaf_yellow_curl_virus,0.9910358190536499,1,1.1318597793579102,7.877481460571289,0.15453815460205078,9.166601181030273
dataset/test/Tomato_leaf_yellow_curl_virus/tomato-yellow-leaf-curl-virus-tomato-1_aug_98aug91.jpg,Tomato_leaf_yellow_curl_virus,Tomato_leaf_yellow_curl_virus,0.999830961227417,1,1.1061182022094727,8.633041381835938,0.1587228775024414,9.90044116973877
dataset/test/Tomato_leaf_yellow_curl_virus/tomato-yellow-leaf-curl-virus-tomato-1_aug_99aug90.jpg,Tomato_leaf_yellow_curl_virus,Tomato_leaf_yellow_curl_virus,0.9756084084510803,1,1.109100341796875,7.965630531311035,0.1613912582397461,9.23913860321045
dataset/test/Tomato_leaf_yellow_curl_virus/tomato-yellow-leaf-curl-virus-tomato-1aug14.jpg,Tomato_leaf_yellow_curl_virus,Tomato_leaf_yellow_curl_virus,0.9999926090240479,1,1.1328048706054688,7.856407165527344,0.16033554077148438,9.152433395385742
dataset/test/Tomato_leaf_yellow_curl_virus/tomatoyellowleafcurlcropped_aug_91aug55.jpg,Tomato_leaf_yellow_curl_virus,Tomato_leaf_yellow_curl_virus,1.0,1,1.106673240661621,8.145594596862793,0.20411300659179688,9.459306716918945
dataset/test/Tomato_leaf_yellow_curl_virus/tomatoyellowleafcurlcropped_aug_92aug89.jpg,Tomato_leaf_yellow_curl_virus,Tomato_leaf_yellow_curl_virus,0.9999997615814209,1,1.108637809753418,7.9600019454956055,0.16257572174072266,9.234084129333496
dataset/test/Tomato_leaf_yellow_curl_virus/tomatoyellowleafcurlcropped_aug_93aug97.jpg,Tomato_leaf_yellow_curl_virus,Tomato_leaf_yellow_curl_virus,0.9999988079071045,1,1.1199522018432617,7.9898529052734375,0.16224193572998047,9.274805068969727
dataset/test/Tomato_leaf_yellow_curl_virus/tomatoyellowleafcurlcropped_aug_94aug50.jpg,Tomato_leaf_yellow_curl_virus,Tomato_leaf_yellow_curl_virus,0.9999874830245972,1,1.1437129974365234,8.020999908447266,0.16290950775146484,9.330455780029297
dataset/test/Tomato_leaf_yellow_curl_virus/tomatoyellowleafcurlcropped_aug_95aug87.jpg,Tomato_leaf_yellow_curl_virus,Tomato_leaf_yellow_curl_virus,0.9999997615814209,1,1.1483039855957031,7.9916486740112305,0.1632976531982422,9.305898666381836
dataset/test/Tomato_leaf_yellow_curl_virus/tomatoyellowleafcurlcropped_aug_96aug96.jpg,Tomato_leaf_yellow_curl_virus,Tomato_leaf_yellow_curl_virus,0.9999995231628418,1,1.111027717590332,8.02424144744873,0.16231727600097656,9.300399780273438
dataset/test/Tomato_leaf_yellow_curl_virus/tomatoyellowleafcurlcropped_aug_97aug94.jpg,Tomato_leaf_yellow_curl_virus,Tomato_leaf_yellow_curl_virus,0.9999980926513672,1,1.1152477264404297,7.897887229919434,0.1630573272705078,9.178767204284668
dataset/test/Tomato_leaf_yellow_curl_virus/tomatoyellowleafcurlcroppedaug13.jpg,Tomato_leaf_yellow_curl_virus,Tomato_leaf_yellow_curl_virus,0.9999991655349731,1,1.1498222351074219,7.859091758728027,0.16796398162841797,9.17924976348877
dataset/test/Tomato_leaf_yellow_curl_virus/virus1_aug_0aug37.jpg,Tomato_leaf_yellow_curl_virus,Tomato_leaf_yellow_curl_virus,0.9999972581863403,1,1.1005449295043945,8.270983695983887,0.16466808319091797,9.538992881774902
dataset/test/Tomato_leaf_yellow_curl_virus/virus1_aug_1aug21.jpg,Tomato_leaf_yellow_curl_virus,Tomato_leaf_yellow_curl_virus,0.9999629259109497,1,1.09600830078125,8.096464157104492,0.16633319854736328,9.362009048461914
dataset/test/Tomato_leaf_yellow_curl_virus/virus1_aug_2aug24.jpg,Tomato_leaf_yellow_curl_virus,Tomato_leaf_yellow_curl_virus,0.9999948740005493,1,1.1505069732666016,8.138334274291992,0.16461181640625,9.456122398376465
dataset/test/Tomato_leaf_yellow_curl_virus/virus1_aug_3aug17.jpg,Tomato_leaf_yellow_curl_virus,Tomato_leaf_yellow_curl_virus,0.9999958276748657,1,1.1097488403320312,8.322818756103516,0.16490840911865234,9.6003999710083
dataset/test/Tomato_leaf_yellow_curl_virus/virus1_aug_4aug28.jpg,Tomato_leaf_yellow_curl_virus,Tomato_leaf_yellow_curl_virus,0.9999523162841797,1,1.1311559677124023,8.203409194946289,0.16533470153808594,9.50265884399414
dataset/test/Tomato_leaf_yellow_curl_virus/virus1_aug_5aug32.jpg,Tomato_leaf_yellow_curl_virus,Tomato_leaf_yellow_curl_virus,0.9999958276748657,1,1.1064519882202148,8.113130569458008,0.16381549835205078,9.386103630065918
dataset/test/Tomato_leaf_yellow_curl_virus/virus1_aug_6aug38.jpg,Tomato_leaf_yellow_curl_virus,Tomato_leaf_yellow_curl_virus,0.9824510216712952,1,1.1077470779418945,8.12531566619873,0.16579914093017578,9.401826858520508
dataset/test/Tomato_leaf_yellow_curl_virus/virus1aug0.jpg,Tomato_leaf_yellow_curl_virus,Tomato_leaf_yellow_curl_virus,0.9999955892562866,1,1.1375446319580078,8.30768871307373,0.16457462310791016,9.612548828125
dataset/test/Tomato_mold_leaf/IMG-20240724-WA0020_aug_68aug87.jpg,Tomato_mold_leaf,Tomato_mold_leaf,0.9971259236335754,1,1.1397123336791992,8.255762100219727,0.17763137817382812,9.576215744018555
dataset/test/Tomato_mold_leaf/IMG-20240724-WA0020_aug_69aug97.jpg,Tomato_mold_leaf,Tomato_mold_leaf,0.6610896587371826,1,1.1538057327270508,8.148687362670898,0.16438961029052734,9.469362258911133
dataset/test/Tomato_mold_leaf/IMG-20240724-WA0020_aug_70aug82.jpg,Tomato_mold_leaf,Tomato_mold_leaf,0.9929002523422241,1,1.1945085525512695,8.109760284423828,0.1622781753540039,9.468955039978027
dataset/test/Tomato_mold_leaf/IMG-20240724-WA0020_aug_71aug98.jpg,Tomato_mold_leaf,Tomato_mold_leaf,0.9963099360466003,1,1.1373977661132812,8.146760940551758,0.15285396575927734,9.439676284790039
dataset/test/Tomato_mold_leaf/IMG-20240724-WA0020aug17.jpg,Tomato_mold_leaf,Tomato_mold_leaf,0.9931053519248962,1,1.1352300643920898,8.019702911376953,0.16687297821044922,9.324714660644531
dataset/test/Tomato_mold_leaf/IMG-20240724-WA0044_aug_10aug44.jpg,Tomato_mold_leaf,Tomato_mold_leaf,0.9975847005844116,1,1.1354713439941406,8.007944107055664,0.1680011749267578,9.313973426818848
dataset/test/Tomato_mold_leaf/IMG-20240724-WA0044_aug_11aug49.jpg,Tomato_mold_leaf,Tomato_mold_leaf,0.9994935989379883,1,1.142786979675293,8.293668746948242,0.16579723358154297,9.604901313781738
dataset/test/Tomato_mold_leaf/IMG-20240724-WA0044_aug_8aug35.jpg,Tomato_mold_leaf,Tomato_mold_leaf,0.9924111366271973,1,1.1783409118652344,8.116482734680176,0.16531658172607422,9.462898254394531
dataset/test/Tomato_mold_leaf/IMG-20240724-WA0044_aug_9aug41.jpg,Tomato_mold_leaf,Tomato_mold_leaf,0.999110996723175,1,1.1346187591552734,8.332891464233398,0.1687793731689453,9.638808250427246
dataset/test/Tomato_mold_leaf/IMG-20240724-WA0044aug2.jpg,Tomato_mold_leaf,Tomato_mold_leaf,0.9990203380584717,1,1.1406364440917969,8.166150093078613,0.16459369659423828,9.473845481872559
dataset/test/Tomato_mold_leaf/IMG-20240724-WA0055_aug_28aug27.jpg,Tomato_mold_leaf,Tomato_mold_leaf,1.0,1,1.1761188507080078,8.188669204711914,0.16370487213134766,9.531214714050293
dataset/test/Tomato_mold_leaf/IMG-20240724-WA0055_aug_29aug28.jpg,Tomato_mold_leaf,Tomato_mold_leaf,0.9999995231628418,1,1.1262664794921875,8.457430839538574,0.17298221588134766,9.760031700134277
dataset/test/Tomato_mold_leaf/IMG-20240724-WA0055_aug_30aug43.jpg,Tomato_mold_leaf,Tomato_mold_leaf,1.0,1,1.1725645065307617,8.164613723754883,0.1568899154663086,9.496362686157227
dataset/test/Tomato_mold_leaf/IMG-20240724-WA0055_aug_31aug50.jpg,Tomato_mold_leaf,Tomato_mold_leaf,1.0,1,1.0944147109985352,8.014925956726074,0.1642618179321289,9.276138305664062
dataset/test/Tomato_mold_leaf/IMG-20240724-WA0055aug7.jpg,Tomato_mold_leaf,Tomato_mold_leaf,1.0,1,1.1538047790527344,8.023111343383789,0.1657419204711914,9.345121383666992
dataset/test/Tomato_mold_leaf/IMG-20240724-WA0065_aug_80aug69.jpg,Tomato_mold_leaf,Tomato_mold_leaf,0.9999996423721313,1,1.2873058319091797,8.513114929199219,0.16598224639892578,9.969217300415039
dataset/test/Tomato_mold_leaf/IMG-20240724-WA0065_aug_81aug70.jpg,Tomato_mold_leaf,Tomato_mold_leaf,1.0,1,1.1762123107910156,8.13907527923584,0.16498184204101562,9.483363151550293
dataset/test/Tomato_mold_leaf/IMG-20240724-WA0065_aug_82aug66.jpg,Tomato_mold_leaf,Tomato_mold_leaf,1.0,1,1.1434335708618164,8.11296558380127,0.20589065551757812,9.465011596679688
dataset/test/Tomato_mold_leaf/IMG-20240724-WA0065_aug_83aug65.jpg,Tomato_mold_leaf,Tomato_mold_leaf,0.9999995231628418,1,1.1385078430175781,8.112427711486816,0.1656494140625,9.419380187988281
dataset/test/Tomato_mold_leaf/IMG-20240724-WA0065aug20.jpg,Tomato_mold_leaf,Tomato_mold_leaf,1.0,1,1.1459531784057617,8.200390815734863,0.1628713607788086,9.511937141418457
dataset/test/Tomato_mold_leaf/IMG-20240725-WA0031_aug_0aug46.jpg,Tomato_mold_leaf,Tomato_mold_leaf,0.9843868613243103,1,1.133692741394043,8.335077285766602,0.16424179077148438,9.6356782913208
dataset/test/Tomato_mold_leaf/IMG-20240725-WA0031_aug_1aug47.jpg,Tomato_mold_leaf,Tomato_mold_leaf,0.9984065890312195,1,1.0950813293457031,8.138001441955566,0.16805744171142578,9.403695106506348
dataset/test/Tomato_mold_leaf/IMG-20240725-WA0031_aug_2aug37.jpg,Tomato_mold_leaf,Tomato_mold_leaf,0.9843868613243103,1,1.0957670211791992,8.149261474609375,0.16629695892333984,9.414048194885254
dataset/test/Tomato_mold_leaf/IMG-20240725-WA0031_aug_3aug45.jpg,Tomato_mold_leaf,Tomato_mold_leaf,0.9985278844833374,1,1.1221752166748047,8.065927505493164,0.16446495056152344,9.355287551879883
dataset/test/Tomato_mold_leaf/IMG-20240725-WA0031aug0.jpg,Tomato_mold_leaf,Tomato_mold_leaf,0.6876252293586731,1,1.2617874145507812,11.044743537902832,0.2052602767944336,12.515494346618652
dataset/test/Tomato_mold_leaf/IMG-20240725-WA0039_aug_72aug79.jpg,Tomato_mold_leaf,Tomato_mold_leaf,0.9999998807907104,1,1.4583253860473633,10.940503120422363,0.20555686950683594,12.60766315460205
dataset/test/Tomato_mold_leaf/IMG-20240725-WA0039_aug_73aug95.jpg,Tomato_mold_leaf,Tomato_mold_leaf,1.0,1,1.4719734191894531,10.963410377502441,0.2065753936767578,12.6451997756958
dataset/test/Tomato_mold_leaf/IMG-20240725-WA0039_aug_74aug71.jpg,Tomato_mold_leaf,Tomato_mold_leaf,1.0,1,1.5711784362792969,10.921113967895508,0.2039651870727539,12.69960880279541
dataset/test/Tomato_mold_leaf/IMG-20240725-WA0039_aug_75aug80.jpg,Tomato_mold_leaf,Tomato_mold_leaf,1.0,1,1.493936538696289,10.900317192077637,0.23961257934570312,12.637199401855469
dataset/test/Tomato_mold_leaf/IMG-20240725-WA0039aug18.jpg,Tomato_mold_leaf,Tomato_mold_leaf,1.0,1,1.4549179077148438,10.963094711303711,0.2045755386352539,12.625754356384277
dataset/test/Tomato_mold_leaf/IMG-20240727-WA0038_aug_40aug105.jpg,Tomato_mold_leaf,Tomato_mold_leaf,0.9999247789382935,1,1.490473747253418,10.915112495422363,0.21570491790771484,12.625385284423828
dataset/test/Tomato_mold_leaf/IMG-20240727-WA0038_aug_41aug106.jpg,Tomato_mold_leaf,Tomato_mold_leaf,0.9999816417694092,1,1.486231803894043,10.926743507385254,0.19861316680908203,12.615236282348633
dataset/test/Tomato_mold_leaf/IMG-20240727-WA0038_aug_42aug116.jpg,Tomato_mold_leaf,Tomato_mold_leaf,0.999998927116394,1,1.4406213760375977,7.870110511779785,0.15633487701416016,9.46956729888916
dataset/test/Tomato_mold_leaf/IMG-20240727-WA0038_aug_43aug110.jpg,Tomato_mold_leaf,Tomato_mold_leaf,0.9999499320983887,1,1.1196022033691406,7.688776969909668,0.16066741943359375,8.971322059631348
dataset/test/Tomato_mold_leaf/IMG-20240727-WA0038aug10.jpg,Tomato_mold_leaf,Tomato_mold_leaf,0.9999991655349731,1,1.0771369934082031,7.743128776550293,0.16222476959228516,8.985211372375488
dataset/test/Tomato_mold_leaf/IMG-20240727-WA0040_aug_56aug92.jpg,Tomato_mold_leaf,Tomato_mold_leaf,0.9999916553497314,1,1.0690088272094727,7.847352027893066,0.1611318588256836,9.079841613769531
dataset/test/Tomato_mold_leaf/IMG-20240727-WA0040_aug_57aug83.jpg,Tomato_mold_leaf,Tomato_mold_leaf,0.999985933303833,1,1.0901002883911133,7.843554496765137,0.16026020050048828,9.09654426574707
dataset/test/Tomato_mold_leaf/IMG-20240727-WA0040_aug_58aug77.jpg,Tomato_mold_leaf,Tomato_mold_leaf,0.9998869895935059,1,1.1145086288452148,7.818036079406738,0.16318702697753906,9.098416328430176
dataset/test/Tomato_mold_leaf/IMG-20240727-WA0040_aug_59aug94.jpg,Tomato_mold_leaf,Tomato_mold_leaf,0.999728262424469,1,1.081803321838379,7.910628318786621,0.17148399353027344,9.16713809967041
dataset/test/Tomato_mold_leaf/IMG-20240727-WA0040aug14.jpg,Tomato_mold_leaf,Tomato_mold_leaf,0.9999864101409912,1,1.075211524963379,7.846055030822754,0.16359424591064453,9.087305068969727
dataset/test/Tomato_mold_leaf/IMG-20240727-WA0124_aug_20aug54.jpg,Tomato_mold_leaf,Tomato_mold_leaf,0.9999978542327881,1,1.1107120513916016,7.797574043273926,0.21022415161132812,9.121322631835938
dataset/test/Tomato_mold_leaf/IMG-20240727-WA0124_aug_21aug38.jpg,Tomato_mold_leaf,Tomato_mold_leaf,0.9999618530273438,1,1.193434715270996,7.722165107727051,0.16003799438476562,9.07795238494873
dataset/test/Tomato_mold_leaf/IMG-20240727-WA0124_aug_22aug31.jpg,Tomato_mold_leaf,Tomato_mold_leaf,0.9986194372177124,1,1.1011924743652344,7.785387992858887,0.16116809844970703,9.0504150390625
dataset/test/Tomato_mold_leaf/IMG-20240727-WA0124_aug_23aug55.jpg,Tomato_mold_leaf,Tomato_mold_leaf,0.9993570446968079,1,1.094304084777832,8.12144660949707,0.1727609634399414,9.391639709472656
dataset/test/Tomato_mold_leaf/IMG-20240727-WA0124aug5.jpg,Tomato_mold_leaf,Tomato_mold_leaf,1.0,1,1.152303695678711,8.633559226989746,0.16498279571533203,9.953958511352539
dataset/test/Tomato_mold_leaf/IMG-20240727-WA0153_aug_92aug58.jpg,Tomato_mold_leaf,Tomato_mold_leaf,0.9999996423721313,1,1.0970630645751953,8.143685340881348,0.16516685485839844,9.409193992614746
dataset/test/Tomato_mold_leaf/IMG-20240727-WA0153_aug_93aug60.jpg,Tomato_mold_leaf,Tomato_mold_leaf,0.999969482421875,1,1.1430997848510742,8.581559181213379,0.16309261322021484,9.890883445739746
dataset/test/Tomato_mold_leaf/IMG-20240727-WA0153aug23.jpg,Tomato_mold_leaf,Tomato_mold_leaf,0.9999768733978271,1,1.193582534790039,8.233853340148926,0.1655740737915039,9.595733642578125
dataset/test/Tomato_mold_leaf/IMG-20240727-WA0165aug25.jpg,Tomato_mold_leaf,Tomato_mold_leaf,0.9999747276306152,1,1.0896368026733398,8.30411434173584,4.284344673156738,13.681151390075684
dataset/test/Tomato_mold_leaf/IMG-20240728-WA0028_aug_64aug91.jpg,Tomato_mold_leaf,Tomato_mold_leaf,0.9999997615814209,1,1.1239891052246094,23.90877914428711,0.16933536529541016,25.204659461975098
dataset/test/Tomato_mold_leaf/IMG-20240728-WA0028_aug_65aug86.jpg,Tomato_mold_leaf,Tomato_mold_leaf,0.9999998807907104,1,1.0926551818847656,10.146553039550781,0.16977882385253906,11.411691665649414
dataset/test/Tomato_mold_leaf/IMG-20240728-WA0028_aug_66aug78.jpg,Tomato_mold_leaf,Tomato_mold_leaf,0.9999995231628418,1,1.087656021118164,8.233538627624512,0.16285324096679688,9.48666000366211
dataset/test/Tomato_mold_leaf/IMG-20240728-WA0028_aug_67aug99.jpg,Tomato_mold_leaf,Tomato_mold_leaf,1.0,1,1.0925445556640625,8.04305648803711,0.1649646759033203,9.30356502532959
dataset/test/Tomato_mold_leaf/IMG-20240728-WA0028aug16.jpg,Tomato_mold_leaf,Tomato_mold_leaf,0.9999997615814209,1,1.125173568725586,8.000147819519043,0.16274166107177734,9.290936470031738
dataset/test/Tomato_mold_leaf/IMG-20240728-WA0068_aug_12aug29.jpg,Tomato_mold_leaf,Tomato_mold_leaf,0.9999791383743286,1,1.0921545028686523,7.975907325744629,0.15979576110839844,9.230417251586914
dataset/test/Tomato_mold_leaf/IMG-20240728-WA0068_aug_13aug30.jpg,Tomato_mold_leaf,Tomato_mold_leaf,0.9999903440475464,1,1.0766372680664062,7.841574668884277,0.1641683578491211,9.085138320922852
dataset/test/Tomato_mold_leaf/IMG-20240728-WA0068_aug_14aug56.jpg,Tomato_mold_leaf,Tomato_mold_leaf,0.9999614953994751,1,1.2346010208129883,7.900554656982422,0.1630573272705078,9.30080509185791
dataset/test/Tomato_mold_leaf/IMG-20240728-WA0068_aug_15aug42.jpg,Tomato_mold_leaf,Tomato_mold_leaf,0.9999966621398926,1,1.1516742706298828,7.865425109863281,0.1712970733642578,9.19141674041748
dataset/test/Tomato_mold_leaf/IMG-20240728-WA0068aug3.jpg,Tomato_mold_leaf,Tomato_mold_leaf,0.9998118281364441,1,1.0920820236206055,8.171445846557617,0.1644268035888672,9.430659294128418
dataset/test/Tomato_mold_leaf/IMG-20240728-WA0074_aug_44aug102.jpg,Tomato_mold_leaf,Tomato_mold_leaf,0.9999256134033203,1,1.1410083770751953,8.130242347717285,0.16311359405517578,9.437178611755371
dataset/test/Tomato_mold_leaf/IMG-20240728-WA0074_aug_45aug75.jpg,Tomato_mold_leaf,Tomato_mold_leaf,0.9999632835388184,1,1.1074151992797852,8.187872886657715,0.1640939712524414,9.462178230285645
dataset/test/Tomato_mold_leaf/IMG-20240728-WA0074_aug_46aug89.jpg,Tomato_mold_leaf,Tomato_mold_leaf,0.9996299743652344,1,1.0973405838012695,7.91518497467041,0.16387081146240234,9.178935050964355
dataset/test/Tomato_mold_leaf/IMG-20240728-WA0074_aug_47aug111.jpg,Tomato_mold_leaf,Tomato_mold_leaf,0.9999566078186035,1,1.2423982620239258,8.419670104980469,0.1655569076538086,9.830606460571289
dataset/test/Tomato_mold_leaf/IMG-20240728-WA0074aug11.jpg,Tomato_mold_leaf,Tomato_mold_leaf,0.9997511506080627,1,1.1236190795898438,8.216131210327148,0.16572284698486328,9.508326530456543
dataset/test/Tomato_mold_leaf/IMG-20240728-WA0075aug24.jpg,Tomato_mold_leaf,Tomato_mold_leaf,1.0,1,1.1056365966796875,8.023981094360352,0.16631603240966797,9.298343658447266
dataset/test/Tomato_mold_leaf/IMG-20240728-WA0087_aug_32aug113.jpg,Tomato_mold_leaf,Tomato_mold_leaf,0.9991262555122375,1,1.2254905700683594,8.007741928100586,0.16664886474609375,9.40258502960205
dataset/test/Tomato_mold_leaf/IMG-20240728-WA0087_aug_33aug112.jpg,Tomato_mold_leaf,Tomato_mold_leaf,0.9999998807907104,1,1.201563835144043,8.037816047668457,0.1648540496826172,9.407342910766602
dataset/test/Tomato_mold_leaf/IMG-20240728-WA0087_aug_34aug104.jpg,Tomato_mold_leaf,Tomato_mold_leaf,0.9999548196792603,1,1.130507469177246,8.391132354736328,0.16618728637695312,9.690567016601562
dataset/test/Tomato_mold_leaf/IMG-20240728-WA0087_aug_35aug100.jpg,Tomato_mold_leaf,Tomato_mold_leaf,0.9999951124191284,1,1.1859540939331055,8.167243003845215,0.16527843475341797,9.521268844604492
dataset/test/Tomato_mold_leaf/IMG-20240728-WA0087aug8.jpg,Tomato_mold_leaf,Tomato_mold_leaf,0.9999798536300659,1,1.1270275115966797,8.155779838562012,0.16437149047851562,9.450455665588379
dataset/test/Tomato_mold_leaf/IMG-20240728-WA0093_aug_76aug90.jpg,Tomato_mold_leaf,Tomato_mold_leaf,1.0,1,1.1223773956298828,8.185464859008789,0.16466808319091797,9.475529670715332
dataset/test/Tomato_mold_leaf/IMG-20240728-WA0093_aug_77aug68.jpg,Tomato_mold_leaf,Tomato_mold_leaf,1.0,1,1.0852108001708984,8.113113403320312,0.16490745544433594,9.366231918334961
dataset/test/Tomato_mold_leaf/IMG-20240728-WA0093_aug_78aug93.jpg,Tomato_mold_leaf,Tomato_mold_leaf,1.0,1,1.0820083618164062,8.147464752197266,0.16346359252929688,9.395362854003906
dataset/test/Tomato_mold_leaf/IMG-20240728-WA0093_aug_79aug64.jpg,Tomato_mold_leaf,Tomato_mold_leaf,1.0,1,1.1134881973266602,8.15633487701416,0.16531658172607422,9.438139915466309
dataset/test/Tomato_mold_leaf/IMG-20240728-WA0093aug19.jpg,Tomato_mold_leaf,Tomato_mold_leaf,1.0,1,1.07598876953125,8.127334594726562,0.16640758514404297,9.372751235961914
dataset/test/Tomato_mold_leaf/IMG-20240728-WA0101_aug_84aug73.jpg,Tomato_mold_leaf,Tomato_mold_leaf,0.9999656677246094,1,1.1356201171875,8.129593849182129,0.19637203216552734,9.46427059173584
dataset/test/Tomato_mold_leaf/IMG-20240728-WA0101_aug_85aug72.jpg,Tomato_mold_leaf,Tomato_mold_leaf,1.0,1,1.1188411712646484,8.158316612243652,0.15953826904296875,9.439435958862305
dataset/test/Tomato_mold_leaf/IMG-20240728-WA0101_aug_86aug67.jpg,Tomato_mold_leaf,Tomato_mold_leaf,0.9999971389770508,1,1.1124153137207031,8.299965858459473,0.15598297119140625,9.571029663085938
dataset/test/Tomato_mold_leaf/IMG-20240728-WA0101_aug_87aug74.jpg,Tomato_mold_leaf,Tomato_mold_leaf,1.0,1,1.1334514617919922,7.9970550537109375,0.16401958465576172,9.297287940979004
dataset/test/Tomato_mold_leaf/IMG-20240728-WA0101aug21.jpg,Tomato_mold_leaf,Tomato_mold_leaf,0.9999581575393677,1,1.1421566009521484,7.949352264404297,0.16526031494140625,9.259732246398926
dataset/test/Tomato_mold_leaf/IMG-20240728-WA0103_aug_48aug107.jpg,Tomato_mold_leaf,Tomato_mold_leaf,0.9999967813491821,1,1.148970603942871,8.244853973388672,0.16401958465576172,9.56062126159668
dataset/test/Tomato_mold_leaf/IMG-20240728-WA0103_aug_49aug76.jpg,Tomato_mold_leaf,Tomato_mold_leaf,0.9999988079071045,1,1.163100242614746,8.110352516174316,0.1659832000732422,9.442749977111816
dataset/test/Tomato_mold_leaf/IMG-20240728-WA0103_aug_50aug114.jpg,Tomato_mold_leaf,Tomato_mold_leaf,0.9999983310699463,1,1.1360807418823242,8.163094520568848,0.1654644012451172,9.467400550842285
dataset/test/Tomato_mold_leaf/IMG-20240728-WA0103_aug_51aug84.jpg,Tomato_mold_leaf,Tomato_mold_leaf,0.9999990463256836,1,1.2211189270019531,8.134092330932617,0.16511249542236328,9.522769927978516
dataset/test/Tomato_mold_leaf/IMG-20240728-WA0103aug12.jpg,Tomato_mold_leaf,Tomato_mold_leaf,0.9999994039535522,1,1.1932687759399414,8.230353355407715,0.16474246978759766,9.59103012084961
dataset/test/Tomato_mold_leaf/IMG-20240812-WA0183_aug_88aug59.jpg,Tomato_mold_leaf,Tomato_Early_blight_leaf,0.8943772912025452,0,1.1097850799560547,8.378724098205566,0.16888999938964844,9.660050392150879
dataset/test/Tomato_mold_leaf/IMG-20240812-WA0183_aug_89aug61.jpg,Tomato_mold_leaf,Tomato_Early_blight_leaf,0.5673955082893372,0,1.1835079193115234,8.221853256225586,0.155426025390625,9.56308650970459
dataset/test/Tomato_mold_leaf/IMG-20240812-WA0183_aug_90aug63.jpg,Tomato_mold_leaf,Tomato_Septoria_leaf_spot,0.37622305750846863,0,1.0848407745361328,7.990351676940918,0.1794452667236328,9.258101463317871
dataset/test/Tomato_mold_leaf/IMG-20240812-WA0183_aug_91aug62.jpg,Tomato_mold_leaf,Tomato_Early_blight_leaf,0.8172198534011841,0,1.1179704666137695,7.990518569946289,0.1660747528076172,9.27699089050293
dataset/test/Tomato_mold_leaf/IMG-20240812-WA0183aug22.jpg,Tomato_mold_leaf,Tomato_mold_leaf,0.5524455308914185,1,1.1906757354736328,8.071869850158691,0.16679763793945312,9.432065963745117
dataset/test/Tomato_mold_leaf/IMG_20251102_155435_aug_24aug39.jpg,Tomato_mold_leaf,Tomato_Early_blight_leaf,0.6461860537528992,0,1.0953607559204102,8.223891258239746,0.166778564453125,9.48876953125
dataset/test/Tomato_mold_leaf/IMG_20251102_155435_aug_25aug51.jpg,Tomato_mold_leaf,Tomato_Early_blight_leaf,0.9674186706542969,0,1.1086549758911133,8.170428276062012,0.1742229461669922,9.456807136535645
dataset/test/Tomato_mold_leaf/IMG_20251102_155435_aug_26aug26.jpg,Tomato_mold_leaf,Tomato_Early_blight_leaf,0.8507793545722961,0,1.155137062072754,8.194947242736816,0.16462993621826172,9.517326354980469
dataset/test/Tomato_mold_leaf/IMG_20251102_155435_aug_27aug52.jpg,Tomato_mold_leaf,Tomato_Early_blight_leaf,0.8776516914367676,0,1.0945262908935547,8.22291088104248,0.16474056243896484,9.485047340393066
dataset/test/Tomato_mold_leaf/IMG_20251102_155435aug6.jpg,Tomato_mold_leaf,Tomato_Early_blight_leaf,0.8666121363639832,0,1.0948963165283203,8.46994686126709,0.16759395599365234,9.735326766967773
dataset/test/Tomato_mold_leaf/Leaf+mold+tomato+_25283_2529.JPG_aug_36aug118.jpg,Tomato_mold_leaf,Tomato_mold_leaf,0.9696940779685974,1,1.1823968887329102,8.262428283691406,0.1702423095703125,9.618271827697754
dataset/test/Tomato_mold_leaf/Leaf+mold+tomato+_25283_2529.JPG_aug_37aug117.jpg,Tomato_mold_leaf,Tomato_mold_leaf,0.999882698059082,1,1.1628236770629883,8.599449157714844,0.1672048568725586,9.93234634399414
dataset/test/Tomato_mold_leaf/Leaf+mold+tomato+_25283_2529.JPG_aug_38aug119.jpg,Tomato_mold_leaf,Tomato_mold_leaf,0.9015210270881653,1,1.2140827178955078,8.32700252532959,0.16611194610595703,9.710104942321777
dataset/test/Tomato_mold_leaf/Leaf+mold+tomato+_25283_2529.JPG_aug_39aug103.jpg,Tomato_mold_leaf,Tomato_mold_leaf,0.7404081225395203,1,1.192453384399414,8.285947799682617,0.16788959503173828,9.649585723876953
dataset/test/Tomato_mold_leaf/Leaf+mold+tomato+_25283_2529.JPGaug9.jpg,Tomato_mold_leaf,Tomato_mold_leaf,0.6801660656929016,1,1.1912851333618164,8.301447868347168,0.1653146743774414,9.660938262939453
dataset/test/Tomato_mold_leaf/Leaf-mold-caused-by-the-fungal-pathogen-Passalore-fulva-in-tomatoes_aug_16aug33.jpg,Tomato_mold_leaf,Tomato_Healthy_leaf,0.6908279061317444,0,1.1067476272583008,8.298298835754395,0.16620540618896484,9.573955535888672
dataset/test/Tomato_mold_leaf/Leaf-mold-caused-by-the-fungal-pathogen-Passalore-fulva-in-tomatoes_aug_17aug57.jpg,Tomato_mold_leaf,Tomato_Early_blight_leaf,0.5816290378570557,0,1.1080074310302734,8.336966514587402,0.20061302185058594,9.64840030670166
dataset/test/Tomato_mold_leaf/Leaf-mold-caused-by-the-fungal-pathogen-Passalore-fulva-in-tomatoes_aug_18aug32.jpg,Tomato_mold_leaf,Tomato_Healthy_leaf,0.5827512741088867,0,1.1094694137573242,8.309558868408203,0.158538818359375,9.580141067504883
dataset/test/Tomato_mold_leaf/Leaf-mold-caused-by-the-fungal-pathogen-Passalore-fulva-in-tomatoes_aug_19aug53.jpg,Tomato_mold_leaf,Tomato_Healthy_leaf,0.6872944235801697,0,1.0925636291503906,8.267131805419922,0.24113082885742188,9.603825569152832
dataset/test/Tomato_mold_leaf/Leaf-mold-caused-by-the-fungal-pathogen-Passalore-fulva-in-tomatoesaug4.jpg,Tomato_mold_leaf,Tomato_mold_leaf,0.99346923828125,1,1.1404714584350586,8.17539119720459,0.16968631744384766,9.48830795288086
dataset/test/Tomato_mold_leaf/leaf_mold_nightshade2x500_aug_60aug81.jpg,Tomato_mold_leaf,Tomato_mold_leaf,0.9999994039535522,1,1.2154350280761719,8.151205062866211,0.1673908233642578,9.537140846252441
dataset/test/Tomato_mold_leaf/leaf_mold_nightshade2x500_aug_61aug96.jpg,Tomato_mold_leaf,Tomato_mold_leaf,0.9999982118606567,1,1.1178598403930664,8.373873710632324,0.20328044891357422,9.697549819946289
dataset/test/Tomato_mold_leaf/leaf_mold_nightshade2x500_aug_62aug85.jpg,Tomato_mold_leaf,Tomato_mold_leaf,0.9999969005584717,1,1.1272850036621094,8.438225746154785,0.16813182830810547,9.736513137817383
dataset/test/Tomato_mold_leaf/leaf_mold_nightshade2x500_aug_63aug88.jpg,Tomato_mold_leaf,Tomato_mold_leaf,1.0,1,1.1859893798828125,8.321948051452637,0.16805648803710938,9.679141998291016
dataset/test/Tomato_mold_leaf/leaf_mold_nightshade2x500aug15.jpg,Tomato_mold_leaf,Tomato_mold_leaf,1.0,1,1.1900444030761719,8.522687911987305,0.16853809356689453,9.88388442993164
dataset/test/Tomato_mold_leaf/leaf_mold_tomato5x1200_jpg.rf.0a5ee47c78e753f9580bfb7744438ebf_aug_52aug101.jpg,Tomato_mold_leaf,Tomato_mold_leaf,1.0,1,1.1395998001098633,8.330430030822754,0.16818618774414062,9.64095687866211
dataset/test/Tomato_mold_leaf/leaf_mold_tomato5x1200_jpg.rf.0a5ee47c78e753f9580bfb7744438ebf_aug_53aug108.jpg,Tomato_mold_leaf,Tomato_mold_leaf,1.0,1,1.1755828857421875,8.545023918151855,0.1669464111328125,9.890254974365234
dataset/test/Tomato_mold_leaf/leaf_mold_tomato5x1200_jpg.rf.0a5ee47c78e753f9580bfb7744438ebf_aug_54aug115.jpg,Tomato_mold_leaf,Tomato_mold_leaf,1.0,1,1.1488037109375,8.319428443908691,0.16788864135742188,9.638993263244629
dataset/test/Tomato_mold_leaf/leaf_mold_tomato5x1200_jpg.rf.0a5ee47c78e753f9580bfb7744438ebf_aug_55aug109.jpg,Tomato_mold_leaf,Tomato_mold_leaf,1.0,1,1.1528596878051758,8.341726303100586,0.16881656646728516,9.66673469543457
dataset/test/Tomato_mold_leaf/leaf_mold_tomato5x1200_jpg.rf.0a5ee47c78e753f9580bfb7744438ebfaug13.jpg,Tomato_mold_leaf,Tomato_mold_leaf,1.0,1,1.3094348907470703,11.068429946899414,0.20520496368408203,12.586365699768066
dataset/test/Tomato_mold_leaf/tomato_leaf-mold_04_zoom_aug_4aug36.jpg,Tomato_mold_leaf,Tomato_leaf_late_blight,0.9324038624763489,0,1.5053977966308594,10.911447525024414,0.20368671417236328,12.624180793762207
dataset/test/Tomato_mold_leaf/tomato_leaf-mold_04_zoom_aug_5aug48.jpg,Tomato_mold_leaf,Tomato_leaf_late_blight,0.9753702878952026,0,1.5459184646606445,10.905669212341309,0.20424175262451172,12.6593656539917
dataset/test/Tomato_mold_leaf/tomato_leaf-mold_04_zoom_aug_6aug40.jpg,Tomato_mold_leaf,Tomato_leaf_late_blight,0.8699913620948792,0,1.6081218719482422,10.897076606750488,0.20496463775634766,12.713274002075195
dataset/test/Tomato_mold_leaf/tomato_leaf-mold_04_zoom_aug_7aug34.jpg,Tomato_mold_leaf,Tomato_leaf_late_blight,0.9830817580223083,0,1.552382469177246,10.89748477935791,0.20485401153564453,12.658143043518066
dataset/test/Tomato_mold_leaf/tomato_leaf-mold_04_zoomaug1.jpg,Tomato_mold_leaf,Tomato_leaf_late_blight,0.773895800113678,0,1.532419204711914,10.890780448913574,0.24135303497314453,12.667978286743164
