image_path,true_class,predicted_class,confidence,correct,preprocess_ms,inference_ms,postprocess_ms,total_pipeline_ms
dataset/test/Tomato_Early_blight_leaf/100_46341_aug_5aug62.jpg,Tomato_Early_blight_leaf,Tomato_Early_blight_leaf,0.9845905303955078,1,1.1147480010986328,7.75016975402832,0.2693357467651367,9.139328002929688
dataset/test/Tomato_Early_blight_leaf/100_46341_aug_6aug64.jpg,Tomato_Early_blight_leaf,Tomato_Early_blight_leaf,0.5875063538551331,1,1.1374702453613281,8.060857772827148,0.20855712890625,9.410422325134277
dataset/test/Tomato_Early_blight_leaf/100_46341_aug_7aug57.jpg,Tomato_Early_blight_leaf,Tomato_Early_blight_leaf,0.5875063538551331,1,1.1571941375732422,8.20213508605957,0.18651962280273438,9.548441886901855
dataset/test/Tomato_Early_blight_leaf/100_46341_aug_8aug66.jpg,Tomato_Early_blight_leaf,Tomato_Early_blight_leaf,0.7296377420425415,1,1.2062864303588867,8.732324600219727,0.18605613708496094,10.127631187438965
dataset/test/Tomato_Early_blight_leaf/100_46341_aug_9aug65.jpg,Tomato_Early_blight_leaf,Tomato_Early_blight_leaf,0.9863921403884888,1,1.1816387176513672,8.124543190002441,0.2024087905883789,9.511348724365234
dataset/test/Tomato_Early_blight_leaf/100_46341aug1.jpg,Tomato_Early_blight_leaf,Tomato_Early_blight_leaf,0.573756217956543,1,1.2076959609985352,8.030709266662598,0.1677236557006836,9.40868091583252
dataset/test/Tomato_Early_blight_leaf/1723454500663_aug_20aug39.jpg,Tomato_Early_blight_leaf,Tomato_Early_blight_leaf,0.9999983310699463,1,1.1202688217163086,7.984764099121094,0.18292808532714844,9.29051399230957
dataset/test/Tomato_Early_blight_leaf/1723454500663_aug_21aug35.jpg,Tomato_Early_blight_leaf,Tomato_Early_blight_leaf,0.999985933303833,1,1.213582992553711,7.895393371582031,0.18820476531982422,9.299976348876953
dataset/test/Tomato_Early_blight_leaf/1723454500663_aug_22aug51.jpg,Tomato_Early_blight_leaf,Tomato_Early_blight_leaf,0.9999996423721313,1,1.1013593673706055,8.04293155670166,0.1722412109375,9.319235801696777
dataset/test/Tomato_Early_blight_leaf/1723454500663_aug_23aug33.jpg,Tomato_Early_blight_leaf,Tomato_Early_blight_leaf,0.9999983310699463,1,1.145212173461914,8.127912521362305,0.16664886474609375,9.442534446716309
dataset/test/Tomato_Early_blight_leaf/1723454500663_aug_24aug50.jpg,Tomato_Early_blight_leaf,Tomato_Early_blight_leaf,0.9998975992202759,1,1.1154890060424805,8.140820503234863,0.16976070404052734,9.428810119628906
dataset/test/Tomato_Early_blight_leaf/1723454500663aug4.jpg,Tomato_Early_blight_leaf,Tomato_Early_blight_leaf,0.9999603033065796,1,1.1231565475463867,8.102987289428711,0.17672348022460938,9.405736923217773
dataset/test/Tomato_Early_blight_leaf/1723454507240aug20.jpg,Tomato_Early_blight_leaf,Tomato_Septoria_leaf_spot,0.8160009384155273,0,1.167954444885254,8.096134185791016,0.1711864471435547,9.438070297241211
dataset/test/Tomato_Early_blight_leaf/EB_(981)_aug_65aug107.jpg,Tomato_Early_blight_leaf,Tomato_Early_blight_leaf,0.9999334812164307,1,1.1602678298950195,8.165412902832031,0.16944503784179688,9.498053550720215
dataset/test/Tomato_Early_blight_leaf/EB_(981)_aug_66aug102.jpg,Tomato_Early_blight_leaf,Tomato_Early_blight_leaf,0.9999798536300659,1,1.155970573425293,8.153635025024414,0.16942787170410156,9.481998443603516
dataset/test/Tomato_Early_blight_leaf/EB_(981)_aug_67aug101.jpg,Tomato_Early_blight_leaf,Tomato_Early_blight_leaf,0.9989587068557739,1,1.133749008178711,8.060005187988281,0.16957473754882812,9.366180419921875
dataset/test/Tomato_Early_blight_leaf/EB_(981)_aug_68aug95.jpg,Tomato_Early_blight_leaf,Tomato_Early_blight_leaf,0.9998083710670471,1,1.1368598937988281,8.55510139465332,0.20876216888427734,9.903685569763184
dataset/test/Tomato_Early_blight_leaf/EB_(981)_aug_69aug97.jpg,Tomato_Early_blight_leaf,Tomato_Early_blight_leaf,0.9984487295150757,1,1.2823610305786133,8.588639259338379,0.17409420013427734,10.047908782958984
dataset/test/Tomato_Early_blight_leaf/EB_(981)aug13.jpg,Tomato_Early_blight_leaf,Tomato_Early_blight_leaf,0.9998327493667603,1,1.140268325805664,9.275458335876465,0.20290851593017578,10.62169075012207
dataset/test/Tomato_Early_blight_leaf/Early-blight-660x440_aug_0aug61.jpg,Tomato_Early_blight_leaf,Tomato_Early_blight_leaf,0.9997788071632385,1,1.1287670135498047,9.051457405090332,0.17009449005126953,10.352910995483398
dataset/test/Tomato_Early_blight_leaf/Early-blight-660x440_aug_1aug59.jpg,Tomato_Early_blight_leaf,Tomato_Early_blight_leaf,0.9996248483657837,1,1.1246938705444336,8.164173126220703,0.20896434783935547,9.500812530517578
dataset/test/Tomato_Early_blight_leaf/Early-blight-660x440_aug_2aug63.jpg,Tomato_Early_blight_leaf,Tomato_Early_blight_leaf,0.9998088479042053,1,1.1339902877807617,8.103487014770508,0.1610574722290039,9.401217460632324
dataset/test/Tomato_Early_blight_leaf/Early-blight-660x440_aug_3aug60.jpg,Tomato_Early_blight_leaf,Tomato_Early_blight_leaf,0.9997218251228333,1,1.115860939025879,7.945411682128906,0.16901874542236328,9.233236312866211
dataset/test/Tomato_Early_blight_leaf/Early-blight-660x440_aug_4aug58.jpg,Tomato_Early_blight_leaf,Tomato_Early_blight_leaf,0.999629020690918,1,1.2426567077636719,7.963708877563477,0.2181873321533203,9.427793502807617
dataset/test/Tomato_Early_blight_leaf/Early-blight-660x440aug0.jpg,Tomato_Early_blight_leaf,Tomato_Early_blight_leaf,0.999804675579071,1,1.2360467910766602,7.94368839263916,0.1718902587890625,9.354607582092285
dataset/test/Tomato_Early_blight_leaf/Gls42_change_180_aug_70aug100.jpg,Tomato_Early_blight_leaf,Tomato_Early_blight_leaf,0.9999998807907104,1,1.0873594284057617,8.060967445373535,0.1676492691040039,9.318607330322266
dataset/test/Tomato_Early_blight_leaf/Gls42_change_180_aug_71aug109.jpg,Tomato_Early_blight_leaf,Tomato_Early_blight_leaf,0.9999998807907104,1,1.1066007614135742,8.123266220092773,0.17237091064453125,9.405070304870605
dataset/test/Tomato_Early_blight_leaf/Gls42_change_180_aug_72aug104.jpg,Tomato_Early_blight_leaf,Tomato_Early_blight_leaf,0.9999995231628418,1,1.0937490463256836,8.07613468170166,0.185760498046875,9.358959197998047
dataset/test/Tomato_Early_blight_leaf/Gls42_change_180_aug_73aug94.jpg,Tomato_Early_blight_leaf,Tomato_Early_blight_leaf,1.0,1,1.1000633239746094,8.110098838806152,0.16901874542236328,9.382033348083496
dataset/test/Tomato_Early_blight_leaf/Gls42_change_180_aug_74aug108.jpg,Tomato_Early_blight_leaf,Tomato_Early_blight_leaf,0.9999997615814209,1,1.1280269622802734,8.076690673828125,0.17563152313232422,9.383718490600586
dataset/test/Tomato_Early_blight_leaf/Gls42_change_180aug14.jpg,Tomato_Early_blight_leaf,Tomato_Early_blight_leaf,0.9999990463256836,1,1.0981388092041016,8.145784378051758,0.1695566177368164,9.416719436645508
dataset/test/Tomato_Early_blight_leaf/Gls4_mirror_aug_60aug93.jpg,Tomato_Early_blight_leaf,Tomato_Early_blight_leaf,0.9999972581863403,1,1.0824909210205078,8.022578239440918,0.1702423095703125,9.278104782104492
dataset/test/Tomato_Early_blight_leaf/Gls4_mirror_aug_61aug98.jpg,Tomato_Early_blight_leaf,Tomato_Early_blight_leaf,0.9999953508377075,1,1.1076011657714844,8.155746459960938,0.1699085235595703,9.436145782470703
dataset/test/Tomato_Early_blight_leaf/Gls4_mirror_aug_62aug91.jpg,Tomato_Early_blight_leaf,Tomato_Early_blight_leaf,0.9999983310699463,1,1.0594711303710938,8.065411567687988,0.16098308563232422,9.288235664367676
dataset/test/Tomato_Early_blight_leaf/Gls4_mirror_aug_63aug110.jpg,Tomato_Early_blight_leaf,Tomato_Early_blight_leaf,0.9999973773956299,1,1.0275812149047852,7.992393493652344,0.16650009155273438,9.189791679382324
dataset/test/Tomato_Early_blight_leaf/Gls4_mirror_aug_64aug105.jpg,Tomato_Early_blight_leaf,Tomato_Early_blight_leaf,0.9999985694885254,1,1.2065820693969727,7.792837142944336,0.16640758514404297,9.168661117553711
dataset/test/Tomato_Early_blight_leaf/Gls4_mirror_vertical_aug_25aug37.jpg,Tomato_Early_blight_leaf,Tomato_Early_blight_leaf,0.999618411064148,1,1.0561189651489258,7.903003692626953,0.16672229766845703,9.128735542297363
dataset/test/Tomato_Early_blight_leaf/Gls4_mirror_vertical_aug_26aug41.jpg,Tomato_Early_blight_leaf,Tomato_Early_blight_leaf,0.9981443881988525,1,1.055821418762207,7.962726593017578,0.16718673706054688,9.188421249389648
dataset/test/Tomato_Early_blight_leaf/Gls4_mirror_vertical_aug_27aug40.jpg,Tomato_Early_blight_leaf,Tomato_Early_blight_leaf,0.9999388456344604,1,1.0549335479736328,7.912004470825195,0.16526031494140625,9.13532829284668
dataset/test/Tomato_Early_blight_leaf/Gls4_mirror_vertical_aug_28aug36.jpg,Tomato_Early_blight_leaf,Tomato_Early_blight_leaf,0.9996296167373657,1,1.0937118530273438,7.935596466064453,0.16640949249267578,9.198532104492188
dataset/test/Tomato_Early_blight_leaf/Gls4_mirror_vertical_aug_29aug42.jpg,Tomato_Early_blight_leaf,Tomato_Early_blight_leaf,0.9971948862075806,1,1.0683231353759766,7.98007869720459,0.1732616424560547,9.225030899047852
dataset/test/Tomato_Early_blight_leaf/Gls4_mirror_verticalaug5.jpg,Tomato_Early_blight_leaf,Tomato_Early_blight_leaf,0.999876856803894,1,1.0606565475463867,7.813743591308594,0.1670379638671875,9.044363975524902
dataset/test/Tomato_Early_blight_leaf/Gls4_mirroraug12.jpg,Tomato_Early_blight_leaf,Tomato_Early_blight_leaf,0.9999971389770508,1,1.2142305374145508,7.836782455444336,0.1700572967529297,9.223496437072754
dataset/test/Tomato_Early_blight_leaf/IMG-20240812-WA0445_aug_40aug23.jpg,Tomato_Early_blight_leaf,Tomato_mold_leaf,0.8079737424850464,0,1.1211376190185547,7.906874656677246,0.16611099243164062,9.19686508178711
dataset/test/Tomato_Early_blight_leaf/IMG-20240812-WA0445_aug_41aug28.jpg,Tomato_Early_blight_leaf,Tomato_mold_leaf,0.5293043255805969,0,1.1272315979003906,8.281803131103516,0.17083358764648438,9.582720756530762
dataset/test/Tomato_Early_blight_leaf/IMG-20240812-WA0445_aug_42aug21.jpg,Tomato_Early_blight_leaf,Tomato_leaf_yellow_curl_virus,0.5630518198013306,0,1.1928062438964844,8.249265670776367,0.1714458465576172,9.615998268127441
dataset/test/Tomato_Early_blight_leaf/IMG-20240812-WA0445_aug_43aug24.jpg,Tomato_Early_blight_leaf,Tomato_leaf_yellow_curl_virus,0.5953490138053894,0,1.1946392059326172,9.194624900817871,0.17046356201171875,10.562783241271973
dataset/test/Tomato_Early_blight_leaf/IMG-20240812-WA0445_aug_44aug22.jpg,Tomato_Early_blight_leaf,Tomato_mold_leaf,0.4186873137950897,0,1.2207117080688477,8.248376846313477,0.1729450225830078,9.64484977722168
dataset/test/Tomato_Early_blight_leaf/IMG-20240812-WA0445aug8.jpg,Tomato_Early_blight_leaf,Tomato_leaf_yellow_curl_virus,0.6093877553939819,0,1.1869163513183594,8.232172966003418,0.16950225830078125,9.591794967651367
dataset/test/Tomato_Early_blight_leaf/IMG20240812111749_aug_90aug80.jpg,Tomato_Early_blight_leaf,Tomato_mold_leaf,0.999966025352478,0,1.7754955291748047,8.383580207824707,0.17300128936767578,10.335226058959961
dataset/test/Tomato_Early_blight_leaf/IMG20240812111749_aug_91aug77.jpg,Tomato_Early_blight_leaf,Tomato_mold_leaf,0.999739944934845,0,1.2525081634521484,8.636898040771484,0.17150020599365234,10.063668251037598
dataset/test/Tomato_Early_blight_leaf/IMG20240812111749_aug_92aug73.jpg,Tomato_Early_blight_leaf,Tomato_mold_leaf,0.9999606609344482,0,1.4243812561035156,13.049431800842285,0.17211341857910156,14.649295806884766
dataset/test/Tomato_Early_blight_leaf/IMG20240812111749_aug_93aug71.jpg,Tomato_Early_blight_leaf,Tomato_mold_leaf,0.999913215637207,0,1.2883243560791016,16.315771102905273,0.17279720306396484,17.78026294708252
dataset/test/Tomato_Early_blight_leaf/IMG20240812111749_aug_94aug74.jpg,Tomato_Early_blight_leaf,Tomato_mold_leaf,0.9998911619186401,0,1.6930131912231445,11.778459548950195,0.15650081634521484,13.63060188293457
dataset/test/Tomato_Early_blight_leaf/IMG20240812111749aug18.jpg,Tomato_Early_blight_leaf,Tomato_mold_leaf,0.999951958656311,0,1.2672128677368164,7.827985763549805,0.1668710708618164,9.264921188354492
dataset/test/Tomato_Early_blight_leaf/IMG_20251102_155150_aug_30aug34.jpg,Tomato_Early_blight_leaf,Tomato_Early_blight_leaf,1.0,1,1.213639259338379,7.7559099197387695,0.16657638549804688,9.138809204101562
dataset/test/Tomato_Early_blight_leaf/IMG_20251102_155150_aug_31aug43.jpg,Tomato_Early_blight_leaf,Tomato_Early_blight_leaf,1.0,1,1.1206932067871094,7.900504112243652,0.1646137237548828,9.189050674438477
dataset/test/Tomato_Early_blight_leaf/IMG_20251102_155150_aug_32aug44.jpg,Tomato_Early_blight_leaf,Tomato_Early_blight_leaf,1.0,1,1.1104154586791992,7.952985763549805,0.1677227020263672,9.233402252197266
dataset/test/Tomato_Early_blight_leaf/IMG_20251102_155150_aug_33aug38.jpg,Tomato_Early_blight_leaf,Tomato_Early_blight_leaf,1.0,1,1.1013593673706055,7.826946258544922,0.16500186920166016,9.096013069152832
dataset/test/Tomato_Early_blight_leaf/IMG_20251102_155150_aug_34aug32.jpg,Tomato_Early_blight_leaf,Tomato_Early_blight_leaf,1.0,1,1.105137825012207,7.92574405670166,0.16770553588867188,9.201050758361816
dataset/test/Tomato_Early_blight_leaf/IMG_20251102_155150aug6.jpg,Tomato_Early_blight_leaf,Tomato_Early_blight_leaf,1.0,1,1.0709142684936523,7.981022834777832,0.18059444427490234,9.235421180725098
dataset/test/Tomato_Early_blight_leaf/IMG_20251102_155153_aug_85aug72.jpg,Tomato_Early_blight_leaf,Tomato_Early_blight_leaf,1.0,1,1.1093034744262695,7.7628374099731445,0.1641864776611328,9.039401054382324
dataset/test/Tomato_Early_blight_leaf/IMG_20251102_155153_aug_86aug78.jpg,Tomato_Early_blight_leaf,Tomato_Early_blight_leaf,1.0,1,1.120361328125,7.851947784423828,0.16450119018554688,9.139531135559082
dataset/test/Tomato_Early_blight_leaf/IMG_20251102_155153_aug_87aug76.jpg,Tomato_Early_blight_leaf,Tomato_Early_blight_leaf,1.0,1,1.1384344100952148,7.8745222091674805,0.1587238311767578,9.17418098449707
dataset/test/Tomato_Early_blight_leaf/IMG_20251102_155153_aug_88aug79.jpg,Tomato_Early_blight_leaf,Tomato_Early_blight_leaf,1.0,1,1.1235637664794922,8.098875999450684,0.1736316680908203,9.399015426635742
dataset/test/Tomato_Early_blight_leaf/IMG_20251102_155153_aug_89aug75.jpg,Tomato_Early_blight_leaf,Tomato_Early_blight_leaf,1.0,1,1.2003984451293945,8.3616361618042,0.2233896255493164,9.788369178771973
dataset/test/Tomato_Early_blight_leaf/IMG_20251102_155153aug17.jpg,Tomato_Early_blight_leaf,Tomato_Early_blight_leaf,1.0,1,1.2270832061767578,7.964171409606934,0.16970539093017578,9.36405086517334
dataset/test/Tomato_Early_blight_leaf/IMG_20251102_155207_aug_10aug47.jpg,Tomato_Early_blight_leaf,Tomato_Early_blight_leaf,0.9997841715812683,1,1.1149158477783203,8.39358139038086,0.16700077056884766,9.678053855895996
dataset/test/Tomato_Early_blight_leaf/IMG_20251102_155207_aug_11aug56.jpg,Tomato_Early_blight_leaf,Tomato_Early_blight_leaf,0.9999046325683594,1,1.1734161376953125,8.488285064697266,0.1697235107421875,9.833908081054688
dataset/test/Tomato_Early_blight_leaf/IMG_20251102_155207_aug_12aug45.jpg,Tomato_Early_blight_leaf,Tomato_Early_blight_leaf,0.9997987151145935,1,1.1306371688842773,8.272061347961426,0.16855525970458984,9.573591232299805
dataset/test/Tomato_Early_blight_leaf/IMG_20251102_155207_aug_13aug48.jpg,Tomato_Early_blight_leaf,Tomato_Early_blight_leaf,1.0,1,1.083970069885254,8.210840225219727,0.20383453369140625,9.50147819519043
dataset/test/Tomato_Early_blight_leaf/IMG_20251102_155207_aug_14aug49.jpg,Tomato_Early_blight_leaf,Tomato_Early_blight_leaf,0.9998452663421631,1,1.1183786392211914,8.940290451049805,0.1691112518310547,10.230965614318848
dataset/test/Tomato_Early_blight_leaf/IMG_20251102_155207aug2.jpg,Tomato_Early_blight_leaf,Tomato_Early_blight_leaf,0.9995645880699158,1,1.1281013488769531,8.509599685668945,0.16874122619628906,9.809758186340332
dataset/test/Tomato_Early_blight_leaf/IMG_20251102_155305_aug_35aug25.jpg,Tomato_Early_blight_leaf,Tomato_leaf_yellow_curl_virus,0.5667731165885925,0,1.1050453186035156,8.043708801269531,0.16837024688720703,9.319681167602539
dataset/test/Tomato_Early_blight_leaf/IMG_20251102_155305_aug_36aug27.jpg,Tomato_Early_blight_leaf,Tomato_Early_blight_leaf,0.8316512107849121,1,1.107304573059082,8.121820449829102,0.16918563842773438,9.401606559753418
dataset/test/Tomato_Early_blight_leaf/IMG_20251102_155305_aug_37aug29.jpg,Tomato_Early_blight_leaf,Tomato_Early_blight_leaf,0.6792861819267273,1,1.1660823822021484,8.102375984191895,0.1644268035888672,9.435404777526855
dataset/test/Tomato_Early_blight_leaf/IMG_20251102_155305_aug_38aug31.jpg,Tomato_Early_blight_leaf,Tomato_Early_blight_leaf,0.6492177248001099,1,1.2682132720947266,8.272932052612305,0.15824222564697266,9.701739311218262
dataset/test/Tomato_Early_blight_leaf/IMG_20251102_155305_aug_39aug26.jpg,Tomato_Early_blight_leaf,Tomato_Early_blight_leaf,0.7541819214820862,1,1.0805463790893555,7.8609113693237305,0.16744613647460938,9.111845970153809
dataset/test/Tomato_Early_blight_leaf/IMG_20251102_155305aug7.jpg,Tomato_Early_blight_leaf,Tomato_Early_blight_leaf,0.8673750758171082,1,1.239750862121582,7.933577537536621,0.1677417755126953,9.343792915344238
dataset/test/Tomato_Early_blight_leaf/IMG_20251102_155853_aug_55aug106.jpg,Tomato_Early_blight_leaf,Tomato_leaf_late_blight,0.9996194839477539,0,1.1424713134765625,8.052170753479004,0.1653900146484375,9.362719535827637
dataset/test/Tomato_Early_blight_leaf/IMG_20251102_155853_aug_56aug92.jpg,Tomato_Early_blight_leaf,Tomato_leaf_late_blight,1.0,0,1.1280641555786133,8.117949485778809,0.1741313934326172,9.42371940612793
dataset/test/Tomato_Early_blight_leaf/IMG_20251102_155853_aug_57aug96.jpg,Tomato_Early_blight_leaf,Tomato_leaf_late_blight,0.9999535083770752,0,1.1809911727905273,8.066207885742188,0.16777801513671875,9.417552947998047
dataset/test/Tomato_Early_blight_leaf/IMG_20251102_155853_aug_58aug103.jpg,Tomato_Early_blight_leaf,Tomato_leaf_late_blight,1.0,0,1.1100082397460938,8.12943172454834,0.16666889190673828,9.408792495727539
dataset/test/Tomato_Early_blight_leaf/IMG_20251102_155853_aug_59aug99.jpg,Tomato_Early_blight_leaf,Tomato_leaf_late_blight,0.9992677569389343,0,1.140620231628418,8.272562026977539,0.16861248016357422,9.58471965789795
dataset/test/Tomato_Early_blight_leaf/IMG_20251102_155853aug11.jpg,Tomato_Early_blight_leaf,Tomato_leaf_late_blight,0.9999997615814209,0,1.148747444152832,8.384248733520508,0.16724205017089844,9.703109741210938
dataset/test/Tomato_Early_blight_leaf/IMG_20251102_160046_aug_95aug70.jpg,Tomato_Early_blight_leaf,Tomato_Early_blight_leaf,0.5854153037071228,1,1.1293792724609375,8.102522850036621,0.16870498657226562,9.402885437011719
dataset/test/Tomato_Early_blight_leaf/IMG_20251102_160046_aug_96aug69.jpg,Tomato_Early_blight_leaf,Tomato_Early_blight_leaf,0.9946385025978088,1,1.1816205978393555,8.136504173278809,0.16777896881103516,9.488570213317871
dataset/test/Tomato_Early_blight_leaf/IMG_20251102_160046_aug_97aug67.jpg,Tomato_Early_blight_leaf,Tomato_Early_blight_leaf,0.9958505630493164,1,1.1587133407592773,8.317248344421387,0.16918563842773438,9.648294448852539
dataset/test/Tomato_Early_blight_leaf/IMG_20251102_160046_aug_98aug68.jpg,Tomato_Early_blight_leaf,Tomato_Early_blight_leaf,0.9897524118423462,1,1.152359962463379,7.940670967102051,0.1685199737548828,9.264328002929688
dataset/test/Tomato_Early_blight_leaf/IMG_20251102_160046aug19.jpg,Tomato_Early_blight_leaf,Tomato_Early_blight_leaf,0.9940231442451477,1,1.25897216796875,7.893465995788574,0.1815195083618164,9.336958885192871
dataset/test/Tomato_Early_blight_leaf/IMG_20251102_160055_aug_15aug53.jpg,Tomato_Early_blight_leaf,Tomato_Early_blight_leaf,0.9999957084655762,1,1.113433837890625,8.105171203613281,0.16613197326660156,9.387810707092285
dataset/test/Tomato_Early_blight_leaf/IMG_20251102_160055_aug_16aug55.jpg,Tomato_Early_blight_leaf,Tomato_Early_blight_leaf,0.9998788833618164,1,1.0971746444702148,8.08411693572998,0.18527889251708984,9.369718551635742
dataset/test/Tomato_Early_blight_leaf/IMG_20251102_160055_aug_17aug46.jpg,Tomato_Early_blight_leaf,Tomato_Early_blight_leaf,0.9999979734420776,1,1.1455469131469727,8.174006462097168,0.17116832733154297,9.493829727172852
dataset/test/Tomato_Early_blight_leaf/IMG_20251102_160055_aug_18aug54.jpg,Tomato_Early_blight_leaf,Tomato_Early_blight_leaf,0.9999740123748779,1,1.0869522094726562,8.169672012329102,0.16887187957763672,9.428089141845703
dataset/test/Tomato_Early_blight_leaf/IMG_20251102_160055_aug_19aug52.jpg,Tomato_Early_blight_leaf,Tomato_Early_blight_leaf,0.999954342842102,1,1.094712257385254,8.120728492736816,0.1742420196533203,9.393180847167969
dataset/test/Tomato_Early_blight_leaf/IMG_20251102_160055aug3.jpg,Tomato_Early_blight_leaf,Tomato_Early_blight_leaf,0.9999990463256836,1,1.1484346389770508,9.320662498474121,0.20929813385009766,10.681654930114746
dataset/test/Tomato_Early_blight_leaf/IMG_20251102_160217_aug_75aug82.jpg,Tomato_Early_blight_leaf,Tomato_Early_blight_leaf,0.9999960660934448,1,1.4567155838012695,10.892581939697266,0.20885467529296875,12.561649322509766
dataset/test/Tomato_Early_blight_leaf/IMG_20251102_160217_aug_76aug83.jpg,Tomato_Early_blight_leaf,Tomato_Early_blight_leaf,0.9999991655349731,1,1.5040855407714844,10.810691833496094,0.20815086364746094,12.526704788208008
dataset/test/Tomato_Early_blight_leaf/IMG_20251102_160217_aug_77aug90.jpg,Tomato_Early_blight_leaf,Tomato_Early_blight_leaf,0.9999942779541016,1,1.6077518463134766,10.90206527709961,0.2079458236694336,12.721354484558105
dataset/test/Tomato_Early_blight_leaf/IMG_20251102_160217_aug_78aug81.jpg,Tomato_Early_blight_leaf,Tomato_Early_blight_leaf,0.9999957084655762,1,1.4589920043945312,10.828228950500488,0.20698261260986328,12.497407913208008
dataset/test/Tomato_Early_blight_leaf/IMG_20251102_160217_aug_79aug86.jpg,Tomato_Early_blight_leaf,Tomato_Early_blight_leaf,0.9999963045120239,1,1.4588994979858398,11.054156303405762,0.22957706451416016,12.746613502502441
dataset/test/Tomato_Early_blight_leaf/IMG_20251102_160217aug15.jpg,Tomato_Early_blight_leaf,Tomato_Early_blight_leaf,0.9999970197677612,1,1.462843894958496,10.885470390319824,0.20876121520996094,12.560372352600098
dataset/test/Tomato_Early_blight_leaf/IMG_20251102_160523_aug_50aug114.jpg,Tomato_Early_blight_leaf,Tomato_Early_blight_leaf,0.9999992847442627,1,1.6593456268310547,10.66707992553711,0.20798301696777344,12.537835121154785
dataset/test/Tomato_Early_blight_leaf/IMG_20251102_160523_aug_51aug111.jpg,Tomato_Early_blight_leaf,Tomato_Early_blight_leaf,0.9999983310699463,1,1.646845817565918,9.966649055480957,0.15079689025878906,11.767200469970703
dataset/test/Tomato_Early_blight_leaf/IMG_20251102_160523_aug_52aug112.jpg,Tomato_Early_blight_leaf,Tomato_Early_blight_leaf,0.9999845027923584,1,1.1293601989746094,7.666632652282715,0.16526222229003906,8.963844299316406
dataset/test/Tomato_Early_blight_leaf/IMG_20251102_160523_aug_53aug115.jpg,Tomato_Early_blight_leaf,Tomato_Early_blight_leaf,0.9999978542327881,1,1.2658805847167969,7.629389762878418,0.1647796630859375,9.062604904174805
dataset/test/Tomato_Early_blight_leaf/IMG_20251102_160523_aug_54aug113.jpg,Tomato_Early_blight_leaf,Tomato_Early_blight_leaf,0.999998927116394,1,1.1125450134277344,7.795539855957031,0.1640186309814453,9.074641227722168
dataset/test/Tomato_Early_blight_leaf/IMG_20251102_160523aug10.jpg,Tomato_Early_blight_leaf,Tomato_Early_blight_leaf,0.9999998807907104,1,1.121286392211914,7.811557769775391,0.1642608642578125,9.099455833435059
dataset/test/Tomato_Early_blight_leaf/IMG_20251102_161202_aug_45aug118.jpg,Tomato_Early_blight_leaf,Tomato_Early_blight_leaf,0.9997922778129578,1,1.1370830535888672,7.838244438171387,0.1643533706665039,9.142383575439453
dataset/test/Tomato_Early_blight_leaf/IMG_20251102_161202_aug_46aug116.jpg,Tomato_Early_blight_leaf,Tomato_Early_blight_leaf,0.9997922778129578,1,1.1648788452148438,7.787114143371582,0.16440868377685547,9.11880874633789
dataset/test/Tomato_Early_blight_leaf/IMG_20251102_161202_aug_47aug117.jpg,Tomato_Early_blight_leaf,Tomato_Early_blight_leaf,0.9998884201049805,1,1.1415643692016602,7.853151321411133,0.164093017578125,9.16158676147461
dataset/test/Tomato_Early_blight_leaf/IMG_20251102_161202_aug_48aug30.jpg,Tomato_Early_blight_leaf,Tomato_Early_blight_leaf,0.9996140599250793,1,1.1223793029785156,7.828706741333008,0.16622447967529297,9.120327949523926
dataset/test/Tomato_Early_blight_leaf/IMG_20251102_161202_aug_49aug119.jpg,Tomato_Early_blight_leaf,Tomato_Early_blight_leaf,0.9998205304145813,1,1.1704339981079102,7.853633880615234,0.15640735626220703,9.182458877563477
dataset/test/Tomato_Early_blight_leaf/IMG_20251102_161202aug9.jpg,Tomato_Early_blight_leaf,Tomato_Early_blight_leaf,0.9999598264694214,1,1.107452392578125,7.616094589233398,0.1639261245727539,8.89019775390625
dataset/test/Tomato_Early_blight_leaf/early_blight_jpg.rf.1091c0a2a9a3da5b9ad688c89298614c_aug_80aug87.jpg,Tomato_Early_blight_leaf,Tomato_Early_blight_leaf,0.9998475313186646,1,1.3126392364501953,8.26169204711914,0.21579742431640625,9.794054985046387
dataset/test/Tomato_Early_blight_leaf/early_blight_jpg.rf.1091c0a2a9a3da5b9ad688c89298614c_aug_81aug84.jpg,Tomato_Early_blight_leaf,Tomato_Early_blight_leaf,0.9970092177391052,1,1.6581411361694336,11.203343391418457,0.2088909149169922,13.073820114135742
dataset/test/Tomato_Early_blight_leaf/early_blight_jpg.rf.1091c0a2a9a3da5b9ad688c89298614c_aug_82aug89.jpg,Tomato_Early_blight_leaf,Tomato_Early_blight_leaf,0.9998164772987366,1,1.4747514724731445,10.970748901367188,0.20800209045410156,12.657242774963379
dataset/test/Tomato_Early_blight_leaf/early_blight_jpg.rf.1091c0a2a9a3da5b9ad688c89298614c_aug_83aug85.jpg,Tomato_Early_blight_leaf,Tomato_Early_blight_leaf,0.9999939203262329,1,1.4782323837280273,10.845136642456055,0.21440887451171875,12.541741371154785
dataset/test/Tomato_Early_blight_leaf/early_blight_jpg.rf.1091c0a2a9a3da5b9ad688c89298614c_aug_84aug88.jpg,Tomato_Early_blight_leaf,Tomato_Early_blight_leaf,0.9999903440475464,1,1.4973068237304688,10.862915992736816,0.20861339569091797,12.572131156921387
dataset/test/Tomato_Early_blight_leaf/early_blight_jpg.rf.1091c0a2a9a3da5b9ad688c89298614caug16.jpg,Tomato_Early_blight_leaf,Tomato_Early_blight_leaf,0.9999774694442749,1,1.611363410949707,10.85274887084961,0.19605731964111328,12.663483619689941
dataset/test/Tomato_Healthy_leaf/20140818-tomato-sauce-vicky-wasik-1_jpg.rf.d3d9b4a0642e72ba76b40dbdfff8b9f7_aug_6aug50.jpg,Tomato_Healthy_leaf,Tomato_Healthy_leaf,0.9999277591705322,1,1.4376592636108398,10.855025291442871,0.20779705047607422,12.503889083862305
dataset/test/Tomato_Healthy_leaf/20140818-tomato-sauce-vicky-wasik-1_jpg.rf.d3d9b4a0642e72ba76b40dbdfff8b9f7_aug_7aug56.jpg,Tomato_Healthy_leaf,Tomato_Healthy_leaf,0.9999786615371704,1,1.4676589965820312,10.805729866027832,0.20685386657714844,12.483853340148926
dataset/test/Tomato_Healthy_leaf/20140818-tomato-sauce-vicky-wasik-1_jpg.rf.d3d9b4a0642e72ba76b40dbdfff8b9f7aug3.jpg,Tomato_Healthy_leaf,Tomato_Healthy_leaf,0.9992620348930359,1,1.4692153930664062,10.773322105407715,0.16631603240966797,12.412036895751953
dataset/test/Tomato_Healthy_leaf/2015-09-17-01_aug_20aug110.jpg,Tomato_Healthy_leaf,Tomato_Healthy_leaf,0.999859094619751,1,1.0639152526855469,7.590852737426758,0.16100215911865234,8.818400382995605
dataset/test/Tomato_Healthy_leaf/2015-09-17-01_aug_21aug114.jpg,Tomato_Healthy_leaf,Tomato_Healthy_leaf,0.9976962208747864,1,1.0348405838012695,7.691149711608887,0.1614084243774414,8.890547752380371
dataset/test/Tomato_Healthy_leaf/2015-09-17-01aug10.jpg,Tomato_Healthy_leaf,Tomato_Healthy_leaf,0.9976697564125061,1,1.031137466430664,7.401334762573242,0.16190814971923828,8.597009658813477
dataset/test/Tomato_Healthy_leaf/Basil_2Binfected_2Bby_2BTomato_2BSpotted_2BWilt_2BVirus_aug_2aug59.jpg,Tomato_Healthy_leaf,Tomato_mold_leaf,0.8758372664451599,0,1.147007942199707,7.459500312805176,0.16285324096679688,8.7721586227417
dataset/test/Tomato_Healthy_leaf/Basil_2Binfected_2Bby_2BTomato_2BSpotted_2BWilt_2BVirus_aug_3aug51.jpg,Tomato_Healthy_leaf,Tomato_leaf_late_blight,0.5834988355636597,0,1.0741376876831055,7.548796653747559,0.20244598388671875,8.827899932861328
dataset/test/Tomato_Healthy_leaf/Basil_2Binfected_2Bby_2BTomato_2BSpotted_2BWilt_2BVirusaug1.jpg,Tomato_Healthy_leaf,Tomato_leaf_late_blight,0.44651728868484497,0,1.0433034896850586,7.634575843811035,0.17098140716552734,8.852176666259766
dataset/test/Tomato_Healthy_leaf/Fig-2_aug_22aug102.jpg,Tomato_Healthy_leaf,Tomato_Septoria_leaf_spot,0.4147389531135559,0,1.0676937103271484,7.625205039978027,0.16314983367919922,8.858695983886719
dataset/test/Tomato_Healthy_leaf/Fig-2_aug_23aug90.jpg,Tomato_Healthy_leaf,Tomato_Septoria_leaf_spot,0.8220211863517761,0,1.0623235702514648,7.678611755371094,0.1607980728149414,8.90449333190918
dataset/test/Tomato_Healthy_leaf/Fig-2aug11.jpg,Tomato_Healthy_leaf,Tomato_Septoria_leaf_spot,0.5025116205215454,0,1.0669336318969727,7.651889801025391,0.16048240661621094,8.881492614746094
dataset/test/Tomato_Healthy_leaf/HL_(103)aug39.jpg,Tomato_Healthy_leaf,Tomato_Healthy_leaf,0.9999995231628418,1,1.0894527435302734,7.644537925720215,0.1519451141357422,8.888269424438477
dataset/test/Tomato_Healthy_leaf/HL_(118)_aug_38aug103.jpg,Tomato_Healthy_leaf,Tomato_Healthy_leaf,1.0,1,1.0298795700073242,7.429924964904785,0.16401958465576172,8.626028060913086
dataset/test/Tomato_Healthy_leaf/HL_(118)_aug_39aug104.jpg,Tomato_Healthy_leaf,Tomato_Healthy_leaf,1.0,1,1.1573057174682617,7.759576797485352,0.16788959503173828,9.087716102600098
dataset/test/Tomato_Healthy_leaf/HL_(118)aug19.jpg,Tomato_Healthy_leaf,Tomato_Healthy_leaf,1.0,1,1.087636947631836,7.916393280029297,0.1646127700805664,9.171013832092285
dataset/test/Tomato_Healthy_leaf/HL_(165)_aug_28aug105.jpg,Tomato_Healthy_leaf,Tomato_Healthy_leaf,0.9999986886978149,1,1.1468238830566406,7.978133201599121,0.16796398162841797,9.295661926269531
dataset/test/Tomato_Healthy_leaf/HL_(165)_aug_29aug91.jpg,Tomato_Healthy_leaf,Tomato_Healthy_leaf,0.9999983310699463,1,1.111842155456543,7.9019670486450195,0.18294429779052734,9.199697494506836
dataset/test/Tomato_Healthy_leaf/HL_(165)aug14.jpg,Tomato_Healthy_leaf,Tomato_Healthy_leaf,0.9999996423721313,1,1.1035642623901367,7.96665096282959,0.1672229766845703,9.240142822265625
dataset/test/Tomato_Healthy_leaf/HL_(61)_aug_50aug83.jpg,Tomato_Healthy_leaf,Tomato_Healthy_leaf,0.9709559679031372,1,1.1278972625732422,7.95941162109375,0.16726112365722656,9.257180213928223
dataset/test/Tomato_Healthy_leaf/HL_(61)_aug_51aug76.jpg,Tomato_Healthy_leaf,Tomato_Healthy_leaf,0.9999175071716309,1,1.0804719924926758,7.966800689697266,0.1665935516357422,9.216808319091797
dataset/test/Tomato_Healthy_leaf/HL_(61)aug25.jpg,Tomato_Healthy_leaf,Tomato_Healthy_leaf,0.9981974959373474,1,1.0823421478271484,7.976707458496094,0.1641864776611328,9.225847244262695
dataset/test/Tomato_Healthy_leaf/HL_(62)aug36.jpg,Tomato_Healthy_leaf,Tomato_Healthy_leaf,0.9999892711639404,1,1.1491384506225586,7.955059051513672,0.15270519256591797,9.259051322937012
dataset/test/Tomato_Healthy_leaf/IMG_20251102_161618_aug_58aug71.jpg,Tomato_Healthy_leaf,Tomato_Healthy_leaf,0.9997056126594543,1,1.1036376953125,7.7342987060546875,0.16700172424316406,9.007863998413086
dataset/test/Tomato_Healthy_leaf/IMG_20251102_161618_aug_59aug63.jpg,Tomato_Healthy_leaf,Tomato_Healthy_leaf,0.8879401683807373,1,1.2769355773925781,7.843836784362793,0.16551971435546875,9.289292335510254
dataset/test/Tomato_Healthy_leaf/IMG_20251102_161618aug29.jpg,Tomato_Healthy_leaf,Tomato_Healthy_leaf,0.8566232323646545,1,1.175065040588379,8.003114700317383,0.1707782745361328,9.351515769958496
dataset/test/Tomato_Healthy_leaf/IMG_20251102_161625aug44.jpg,Tomato_Healthy_leaf,Tomato_Healthy_leaf,0.949574887752533,1,1.2026758193969727,8.73876953125,0.17262935638427734,10.117280006408691
dataset/test/Tomato_Healthy_leaf/IMG_20251102_161629_aug_10aug115.jpg,Tomato_Healthy_leaf,Tomato_Healthy_leaf,0.990303099155426,1,1.1840267181396484,8.085227012634277,0.18400192260742188,9.456070899963379
dataset/test/Tomato_Healthy_leaf/IMG_20251102_161629_aug_11aug109.jpg,Tomato_Healthy_leaf,Tomato_Healthy_leaf,0.9996376037597656,1,1.1828422546386719,8.899992942810059,0.17029953002929688,10.255668640136719
dataset/test/Tomato_Healthy_leaf/IMG_20251102_161629aug5.jpg,Tomato_Healthy_leaf,Tomato_Healthy_leaf,0.9995079040527344,1,1.1275825500488281,8.064393997192383,0.1692047119140625,9.364089012145996
dataset/test/Tomato_Healthy_leaf/IMG_20251102_161652aug43.jpg,Tomato_Healthy_leaf,Tomato_Healthy_leaf,0.9999996423721313,1,1.2255830764770508,14.836204528808594,0.2167987823486328,16.281620979309082
dataset/test/Tomato_Healthy_leaf/IMG_20251102_161826_aug_60aug68.jpg,Tomato_Healthy_leaf,Tomato_Healthy_leaf,0.9997854828834534,1,1.4040851593017578,16.53995704650879,0.17461299896240234,18.121376991271973
dataset/test/Tomato_Healthy_leaf/IMG_20251102_161826_aug_61aug62.jpg,Tomato_Healthy_leaf,Tomato_Healthy_leaf,0.9999969005584717,1,1.1441755294799805,11.981793403625488,0.17131614685058594,13.30034065246582
dataset/test/Tomato_Healthy_leaf/IMG_20251102_161826aug30.jpg,Tomato_Healthy_leaf,Tomato_Healthy_leaf,0.9999756813049316,1,1.3458242416381836,8.252877235412598,0.17303943634033203,9.774740219116211
dataset/test/Tomato_Healthy_leaf/IMG_20251102_161850_aug_56aug74.jpg,Tomato_Healthy_leaf,Tomato_Healthy_leaf,0.9183201193809509,1,1.254286766052246,8.100300788879395,0.17383480072021484,9.53109073638916
dataset/test/Tomato_Healthy_leaf/IMG_20251102_161850_aug_57aug72.jpg,Tomato_Healthy_leaf,Tomato_Healthy_leaf,0.834613561630249,1,1.1248598098754883,8.183449745178223,0.1736125946044922,9.48521900177002
dataset/test/Tomato_Healthy_leaf/IMG_20251102_161850aug28.jpg,Tomato_Healthy_leaf,Tomato_Healthy_leaf,0.9550768136978149,1,1.1915273666381836,8.23630142211914,0.17707443237304688,9.608498573303223
dataset/test/Tomato_Healthy_leaf/IMG_20251102_161859aug38.jpg,Tomato_Healthy_leaf,Tomato_Healthy_leaf,0.999845027923584,1,1.1650829315185547,8.189728736877441,0.17118549346923828,9.529090881347656
dataset/test/Tomato_Healthy_leaf/IMG_20251102_161935_aug_4aug55.jpg,Tomato_Healthy_leaf,Tomato_Healthy_leaf,0.9999992847442627,1,1.1277666091918945,8.507896423339844,0.1688709259033203,9.807312965393066
dataset/test/Tomato_Healthy_leaf/IMG_20251102_161935_aug_5aug53.jpg,Tomato_Healthy_leaf,Tomato_Healthy_leaf,0.9999992847442627,1,1.203287124633789,8.31900691986084,0.16905689239501953,9.694350242614746
dataset/test/Tomato_Healthy_leaf/IMG_20251102_161935aug2.jpg,Tomato_Healthy_leaf,Tomato_Healthy_leaf,0.9999971389770508,1,1.1244535446166992,8.402303695678711,0.19629669189453125,9.726332664489746
dataset/test/Tomato_Healthy_leaf/IMG_20251102_162037aug45.jpg,Tomato_Healthy_leaf,Tomato_Healthy_leaf,0.9537018537521362,1,1.2592134475708008,8.237896919250488,0.17220497131347656,9.671943664550781
dataset/test/Tomato_Healthy_leaf/h100_lower_aug_54aug73.jpg,Tomato_Healthy_leaf,Tomato_Healthy_leaf,0.9999977350234985,1,1.1953048706054688,8.270191192626953,0.1699819564819336,9.638368606567383
dataset/test/Tomato_Healthy_leaf/h100_lower_aug_55aug75.jpg,Tomato_Healthy_leaf,Tomato_Healthy_leaf,0.9999990463256836,1,1.1767501831054688,8.320228576660156,0.17046451568603516,9.670072555541992
dataset/test/Tomato_Healthy_leaf/h100_loweraug27.jpg,Tomato_Healthy_leaf,Tomato_Healthy_leaf,0.9999972581863403,1,1.1526756286621094,8.523395538330078,0.1670379638671875,9.845573425292969
dataset/test/Tomato_Healthy_leaf/h101_aug_18aug119.jpg,Tomato_Healthy_leaf,Tomato_Healthy_leaf,0.9996113181114197,1,1.1425647735595703,7.969301223754883,0.16609477996826172,9.280735969543457
dataset/test/Tomato_Healthy_leaf/h101_aug_19aug116.jpg,Tomato_Healthy_leaf,Tomato_Healthy_leaf,0.997178316116333,1,1.1129159927368164,7.942281723022461,0.1660757064819336,9.223883628845215
dataset/test/Tomato_Healthy_leaf/h101aug9.jpg,Tomato_Healthy_leaf,Tomato_leaf_late_blight,0.5135170817375183,0,1.0991754531860352,7.978208541870117,0.15657520294189453,9.23662281036377
dataset/test/Tomato_Healthy_leaf/h103_aug_42aug82.jpg,Tomato_Healthy_leaf,Tomato_Healthy_leaf,0.9999319314956665,1,1.063248634338379,7.787595748901367,0.1669635772705078,9.020733833312988
dataset/test/Tomato_Healthy_leaf/h103_aug_43aug77.jpg,Tomato_Healthy_leaf,Tomato_Healthy_leaf,0.9999604225158691,1,1.3203802108764648,8.152950286865234,0.16670608520507812,9.64327621459961
dataset/test/Tomato_Healthy_leaf/h103aug21.jpg,Tomato_Healthy_leaf,Tomato_Healthy_leaf,0.9999902248382568,1,1.2005090713500977,7.909337043762207,0.1654644012451172,9.277902603149414
dataset/test/Tomato_Healthy_leaf/h1_change_90_aug_12aug118.jpg,Tomato_Healthy_leaf,Tomato_Healthy_leaf,0.999987006187439,1,1.1865644454956055,8.461784362792969,0.16635417938232422,9.817573547363281
dataset/test/Tomato_Healthy_leaf/h1_change_90_aug_13aug108.jpg,Tomato_Healthy_leaf,Tomato_Healthy_leaf,0.9999978542327881,1,1.0967302322387695,8.150394439697266,0.16644668579101562,9.416275024414062
dataset/test/Tomato_Healthy_leaf/h1_change_90aug6.jpg,Tomato_Healthy_leaf,Tomato_Healthy_leaf,0.9999967813491821,1,1.1044540405273438,7.916967391967773,0.16753768920898438,9.192346572875977
dataset/test/Tomato_Healthy_leaf/h39_change_270aug48.jpg,Tomato_Healthy_leaf,Tomato_Healthy_leaf,0.9999978542327881,1,1.1315650939941406,8.158783912658691,0.167816162109375,9.46060848236084
dataset/test/Tomato_Healthy_leaf/h39_hight_aug_40aug96.jpg,Tomato_Healthy_leaf,Tomato_Healthy_leaf,0.9987338185310364,1,1.1155452728271484,8.408859252929688,0.16872310638427734,9.695850372314453
dataset/test/Tomato_Healthy_leaf/h39_hight_aug_41aug98.jpg,Tomato_Healthy_leaf,Tomato_Healthy_leaf,0.999279797077179,1,1.1050262451171875,8.11213493347168,0.17290973663330078,9.393311500549316
dataset/test/Tomato_Healthy_leaf/h39_hightaug20.jpg,Tomato_Healthy_leaf,Tomato_Healthy_leaf,0.9998983144760132,1,1.153489112854004,8.070097923278809,0.1662607192993164,9.392292976379395
dataset/test/Tomato_Healthy_leaf/h39_lower_aug_30aug95.jpg,Tomato_Healthy_leaf,Tomato_Healthy_leaf,0.9999828338623047,1,1.1076745986938477,7.935356140136719,0.3263731002807617,9.372218132019043
dataset/test/Tomato_Healthy_leaf/h39_lower_aug_31aug89.jpg,Tomato_Healthy_leaf,Tomato_Healthy_leaf,0.9999735355377197,1,1.0794353485107422,7.904208183288574,0.1661691665649414,9.152216911315918
dataset/test/Tomato_Healthy_leaf/h39_loweraug15.jpg,Tomato_Healthy_leaf,Tomato_Healthy_leaf,0.9999748468399048,1,1.2644538879394531,7.938837051391602,0.17063045501708984,9.377180099487305
dataset/test/Tomato_Healthy_leaf/h3_aug_8aug57.jpg,Tomato_Healthy_leaf,Tomato_Healthy_leaf,1.0,1,1.1027679443359375,8.013078689575195,0.16622352600097656,9.285107612609863
dataset/test/Tomato_Healthy_leaf/h3_aug_9aug54.jpg,Tomato_Healthy_leaf,Tomato_Healthy_leaf,1.0,1,1.1292486190795898,8.296710968017578,0.16707515716552734,9.596015930175781
dataset/test/Tomato_Healthy_leaf/h3_mirror_aug_52aug84.jpg,Tomato_Healthy_leaf,Tomato_Healthy_leaf,0.999998927116394,1,1.13519287109375,8.08970832824707,0.16753673553466797,9.395588874816895
dataset/test/Tomato_Healthy_leaf/h3_mirror_aug_53aug80.jpg,Tomato_Healthy_leaf,Tomato_Healthy_leaf,1.0,1,1.098322868347168,8.350951194763184,0.16935348510742188,9.621589660644531
dataset/test/Tomato_Healthy_leaf/h3_mirroraug26.jpg,Tomato_Healthy_leaf,Tomato_Healthy_leaf,0.999996542930603,1,1.1210098266601562,10.460060119628906,0.2068347930908203,11.791014671325684
dataset/test/Tomato_Healthy_leaf/h3aug4.jpg,Tomato_Healthy_leaf,Tomato_Healthy_leaf,0.9999954700469971,1,1.4848260879516602,11.199713706970215,0.20472335815429688,12.892783164978027
dataset/test/Tomato_Healthy_leaf/h45_mirror_verticalaug42.jpg,Tomato_Healthy_leaf,Tomato_Healthy_leaf,0.9999980926513672,1,1.6199207305908203,10.845118522644043,0.20572280883789062,12.674613952636719
dataset/test/Tomato_Healthy_leaf/h49_change_90aug49.jpg,Tomato_Healthy_leaf,Tomato_Healthy_leaf,0.9999992847442627,1,1.4477710723876953,10.849896430969238,0.20546436309814453,12.506464004516602
dataset/test/Tomato_Healthy_leaf/h50_hight_aug_68aug69.jpg,Tomato_Healthy_leaf,Tomato_Healthy_leaf,0.9999696016311646,1,1.3906221389770508,10.8443603515625,0.20687198638916016,12.44527816772461
dataset/test/Tomato_Healthy_leaf/h50_hight_aug_69aug61.jpg,Tomato_Healthy_leaf,Tomato_Healthy_leaf,0.9998250603675842,1,1.3960647583007812,10.905618667602539,0.20522403717041016,12.510482788085938
dataset/test/Tomato_Healthy_leaf/h50_hightaug34.jpg,Tomato_Healthy_leaf,Tomato_Healthy_leaf,0.9996918439865112,1,1.5278444290161133,10.807489395141602,0.19950199127197266,12.538650512695312
dataset/test/Tomato_Healthy_leaf/h50_lower_aug_66aug65.jpg,Tomato_Healthy_leaf,Tomato_Healthy_leaf,0.999714195728302,1,1.388936996459961,10.900655746459961,0.2041311264038086,12.497611999511719
dataset/test/Tomato_Healthy_leaf/h50_lower_aug_67aug70.jpg,Tomato_Healthy_leaf,Tomato_Healthy_leaf,0.9857702255249023,1,1.4648065567016602,8.892621994018555,0.15896320343017578,10.519209861755371
dataset/test/Tomato_Healthy_leaf/h50_loweraug33.jpg,Tomato_Healthy_leaf,Tomato_Healthy_leaf,0.9999302625656128,1,1.0295448303222656,7.480981826782227,0.16170501708984375,8.675102233886719
dataset/test/Tomato_Healthy_leaf/h50_mirror_vertical_aug_24aug111.jpg,Tomato_Healthy_leaf,Tomato_Healthy_leaf,0.999927282333374,1,1.1341934204101562,7.733335494995117,0.16059494018554688,9.031197547912598
dataset/test/Tomato_Healthy_leaf/h50_mirror_vertical_aug_25aug100.jpg,Tomato_Healthy_leaf,Tomato_Healthy_leaf,0.9999991655349731,1,1.061136245727539,7.595372200012207,0.16142749786376953,8.820806503295898
dataset/test/Tomato_Healthy_leaf/h50_mirror_verticalaug12.jpg,Tomato_Healthy_leaf,Tomato_Healthy_leaf,0.9999843835830688,1,1.0744342803955078,7.7032623291015625,0.16207504272460938,8.942160606384277
dataset/test/Tomato_Healthy_leaf/h50aug37.jpg,Tomato_Healthy_leaf,Tomato_Healthy_leaf,0.9999755620956421,1,1.0181732177734375,7.65135383605957,0.1608905792236328,8.83301067352295
dataset/test/Tomato_Healthy_leaf/h5_mirroraug41.jpg,Tomato_Healthy_leaf,Tomato_Healthy_leaf,1.0,1,1.0509147644042969,7.584390640258789,0.16039085388183594,8.798529624938965
dataset/test/Tomato_Healthy_leaf/h65_mirror_vertical_aug_26aug97.jpg,Tomato_Healthy_leaf,Tomato_Healthy_leaf,0.9998015761375427,1,1.0382299423217773,7.682631492614746,0.15953826904296875,8.88286304473877
dataset/test/Tomato_Healthy_leaf/h65_mirror_vertical_aug_27aug106.jpg,Tomato_Healthy_leaf,Tomato_Healthy_leaf,0.9993031024932861,1,1.0827112197875977,7.726261138916016,0.17381668090820312,8.98556900024414
dataset/test/Tomato_Healthy_leaf/h65_mirror_verticalaug13.jpg,Tomato_Healthy_leaf,Tomato_Healthy_leaf,0.999994158744812,1,1.0221004486083984,7.585000991821289,0.16337203979492188,8.773066520690918
dataset/test/Tomato_Healthy_leaf/h71_mirror_aug_62aug66.jpg,Tomato_Healthy_leaf,Tomato_Healthy_leaf,1.0,1,1.1652116775512695,7.432426452636719,0.172760009765625,8.773566246032715
dataset/test/Tomato_Healthy_leaf/h71_mirror_aug_63aug67.jpg,Tomato_Healthy_leaf,Tomato_Healthy_leaf,1.0,1,1.0660085678100586,7.643075942993164,0.1680755615234375,8.880011558532715
dataset/test/Tomato_Healthy_leaf/h71_mirroraug31.jpg,Tomato_Healthy_leaf,Tomato_Healthy_leaf,1.0,1,1.1364717483520508,8.151283264160156,0.16624164581298828,9.456552505493164
dataset/test/Tomato_Healthy_leaf/h76_hight_aug_34aug88.jpg,Tomato_Healthy_leaf,Tomato_Healthy_leaf,1.0,1,1.0691747665405273,8.011689186096191,0.1651315689086914,9.248809814453125
dataset/test/Tomato_Healthy_leaf/h76_hight_aug_35aug93.jpg,Tomato_Healthy_leaf,Tomato_Healthy_leaf,0.9999998807907104,1,1.0806188583374023,7.921189308166504,0.16540908813476562,9.169902801513672
dataset/test/Tomato_Healthy_leaf/h76_hightaug17.jpg,Tomato_Healthy_leaf,Tomato_Healthy_leaf,1.0,1,1.0839710235595703,7.996374130249023,0.2025012969970703,9.28597640991211
dataset/test/Tomato_Healthy_leaf/h78_change_270_aug_36aug94.jpg,Tomato_Healthy_leaf,Tomato_Healthy_leaf,1.0,1,1.0788421630859375,7.9721527099609375,0.16411209106445312,9.21773624420166
dataset/test/Tomato_Healthy_leaf/h78_change_270_aug_37aug99.jpg,Tomato_Healthy_leaf,Tomato_Healthy_leaf,0.9999998807907104,1,1.0805273056030273,7.808798789978027,0.16770553588867188,9.059975624084473
dataset/test/Tomato_Healthy_leaf/h78_change_270aug18.jpg,Tomato_Healthy_leaf,Tomato_Healthy_leaf,0.9999998807907104,1,1.0867481231689453,7.864113807678223,0.16353893280029297,9.11699390411377
dataset/test/Tomato_Healthy_leaf/h7_lower_aug_44aug87.jpg,Tomato_Healthy_leaf,Tomato_Healthy_leaf,0.9998507499694824,1,1.1510086059570312,8.006542205810547,0.16396522521972656,9.32425594329834
dataset/test/Tomato_Healthy_leaf/h7_lower_aug_45aug79.jpg,Tomato_Healthy_leaf,Tomato_Healthy_leaf,0.9999518394470215,1,1.0894889831542969,7.935966491699219,0.16501998901367188,9.193365097045898
dataset/test/Tomato_Healthy_leaf/h7_loweraug22.jpg,Tomato_Healthy_leaf,Tomato_Healthy_leaf,0.9999986886978149,1,1.1096010208129883,7.985004425048828,0.1645193099975586,9.262125015258789
dataset/test/Tomato_Healthy_leaf/h81_change_180_aug_16aug113.jpg,Tomato_Healthy_leaf,Tomato_Healthy_leaf,0.9999798536300659,1,1.1123790740966797,7.927671432495117,0.16639041900634766,9.209291458129883
dataset/test/Tomato_Healthy_leaf/h81_change_180_aug_17aug117.jpg,Tomato_Healthy_leaf,Tomato_Healthy_leaf,0.9999982118606567,1,1.0922489166259766,8.035375595092773,0.16433429718017578,9.294217109680176
dataset/test/Tomato_Healthy_leaf/h81_change_180aug8.jpg,Tomato_Healthy_leaf,Tomato_Healthy_leaf,0.9999982118606567,1,1.0934715270996094,7.947727203369141,0.1647787094116211,9.208642959594727
dataset/test/Tomato_Healthy_leaf/h84_mirroraug40.jpg,Tomato_Healthy_leaf,Tomato_Healthy_leaf,1.0,1,1.1336565017700195,7.987873077392578,0.15537261962890625,9.279329299926758
dataset/test/Tomato_Healthy_leaf/h8_change_90aug35.jpg,Tomato_Healthy_leaf,Tomato_Healthy_leaf,0.9994887113571167,1,1.0802860260009766,7.812206268310547,0.16457557678222656,9.059605598449707
dataset/test/Tomato_Healthy_leaf/h95_mirror_verticalaug46.jpg,Tomato_Healthy_leaf,Tomato_Healthy_leaf,0.9914687871932983,1,1.1965465545654297,7.815929412841797,0.16551971435546875,9.180956840515137
dataset/test/Tomato_Healthy_leaf/h96_change_270aug47.jpg,Tomato_Healthy_leaf,Tomato_Healthy_leaf,0.9998999834060669,1,1.088913917541504,7.8993940353393555,0.1660757064819336,9.157234191894531
dataset/test/Tomato_Healthy_leaf/h96_mirror_vertical_aug_14aug107.jpg,Tomato_Healthy_leaf,Tomato_Healthy_leaf,1.0,1,1.1157312393188477,8.00317096710205,0.1682424545288086,9.289884567260742
dataset/test/Tomato_Healthy_leaf/h96_mirror_vertical_aug_15aug112.jpg,Tomato_Healthy_leaf,Tomato_Healthy_leaf,0.9999959468841553,1,1.083786964416504,7.949151992797852,0.164520263671875,9.199901580810547
dataset/test/Tomato_Healthy_leaf/h96_mirror_verticalaug7.jpg,Tomato_Healthy_leaf,Tomato_Healthy_leaf,0.9999998807907104,1,1.0789146423339844,7.94852352142334,0.16553783416748047,9.195698738098145
dataset/test/Tomato_Healthy_leaf/h99_hight_aug_32aug92.jpg,Tomato_Healthy_leaf,Tomato_Healthy_leaf,0.9999967813491821,1,1.146860122680664,7.977485656738281,0.16370487213134766,9.290607452392578
dataset/test/Tomato_Healthy_leaf/h99_hight_aug_33aug101.jpg,Tomato_Healthy_leaf,Tomato_Healthy_leaf,0.9999864101409912,1,1.1005268096923828,8.016244888305664,0.16572284698486328,9.28529167175293
dataset/test/Tomato_Healthy_leaf/h99_hightaug16.jpg,Tomato_Healthy_leaf,Tomato_Healthy_leaf,0.9999005794525146,1,1.1088037490844727,8.164265632629395,0.1679086685180664,9.4440336227417
dataset/test/Tomato_Healthy_leaf/h99_lower_aug_46aug78.jpg,Tomato_Healthy_leaf,Tomato_Healthy_leaf,0.9998445510864258,1,1.1621379852294922,8.114228248596191,0.16551971435546875,9.445089340209961
dataset/test/Tomato_Healthy_leaf/h99_lower_aug_47aug81.jpg,Tomato_Healthy_leaf,Tomato_Healthy_leaf,0.9999504089355469,1,1.1126012802124023,8.10739517211914,0.16118812561035156,9.383496284484863
dataset/test/Tomato_Healthy_leaf/h99_loweraug23.jpg,Tomato_Healthy_leaf,Tomato_Healthy_leaf,0.9999127388000488,1,1.1103229522705078,7.947466850280762,0.1659832000732422,9.226569175720215
dataset/test/Tomato_Healthy_leaf/h9_change_180_aug_48aug86.jpg,Tomato_Healthy_leaf,Tomato_Healthy_leaf,0.9999998807907104,1,1.255990982055664,7.899559020996094,0.1659097671508789,9.324254989624023
dataset/test/Tomato_Healthy_leaf/h9_change_180_aug_49aug85.jpg,Tomato_Healthy_leaf,Tomato_Healthy_leaf,1.0,1,1.15087890625,8.064838409423828,0.16691017150878906,9.38556957244873
dataset/test/Tomato_Healthy_leaf/h9_change_180aug24.jpg,Tomato_Healthy_leaf,Tomato_Healthy_leaf,0.9999990463256836,1,1.104471206665039,8.075429916381836,0.1669635772705078,9.34975528717041
dataset/test/Tomato_Healthy_leaf/russian-2-319-dt-2010-leaves-high-tunnel-9-29-2014-c_jpg.rf.7ef5d3901dbeaf27776a27bfc8197b72_aug_0aug52.jpg,Tomato_Healthy_leaf,Tomato_Healthy_leaf,0.9999926090240479,1,1.209249496459961,8.135967254638672,0.16627979278564453,9.514070510864258
dataset/test/Tomato_Healthy_leaf/russian-2-319-dt-2010-leaves-high-tunnel-9-29-2014-c_jpg.rf.7ef5d3901dbeaf27776a27bfc8197b72_aug_1aug58.jpg,Tomato_Healthy_leaf,Tomato_Healthy_leaf,0.9999923706054688,1,1.2199172973632812,8.050541877746582,0.16618633270263672,9.439200401306152
dataset/test/Tomato_Healthy_leaf/russian-2-319-dt-2010-leaves-high-tunnel-9-29-2014-c_jpg.rf.7ef5d3901dbeaf27776a27bfc8197b72aug0.jpg,Tomato_Healthy_leaf,Tomato_Healthy_leaf,0.9999984502792358,1,1.1713981628417969,8.217247009277344,0.16735363006591797,9.558719635009766
dataset/test/Tomato_Healthy_leaf/unnamed_aug_64aug64.jpg,Tomato_Healthy_leaf,Tomato_Healthy_leaf,0.9837373495101929,1,1.088674545288086,9.731573104858398,0.2034282684326172,11.026676177978516
dataset/test/Tomato_Healthy_leaf/unnamed_aug_65aug60.jpg,Tomato_Healthy_leaf,Tomato_Healthy_leaf,0.8888293504714966,1,1.481806755065918,10.81659984588623,0.20563125610351562,12.507536888122559
dataset/test/Tomato_Healthy_leaf/unnamedaug32.jpg,Tomato_Healthy_leaf,Tomato_Healthy_leaf,0.9495240449905396,1,1.480844497680664,10.810080528259277,0.20526123046875,12.499484062194824
dataset/test/Tomato_Septoria_leaf_spot/1723454507354_aug_44aug83.jpg,Tomato_Septoria_leaf_spot,Tomato_Early_blight_leaf,0.6714630722999573,0,1.443084716796875,10.817154884338379,0.20527935028076172,12.469093322753906
dataset/test/Tomato_Septoria_leaf_spot/1723454507354_aug_45aug80.jpg,Tomato_Septoria_leaf_spot,Tomato_Septoria_leaf_spot,0.8356918692588806,1,1.588827133178711,10.856062889099121,0.20281696319580078,12.651280403137207
dataset/test/Tomato_Septoria_leaf_spot/1723454507354aug22.jpg,Tomato_Septoria_leaf_spot,Tomato_Septoria_leaf_spot,0.8594353199005127,1,1.576974868774414,10.950803756713867,0.20724105834960938,12.738761901855469
dataset/test/Tomato_Septoria_leaf_spot/1723454507465_aug_58aug67.jpg,Tomato_Septoria_leaf_spot,Tomato_Early_blight_leaf,0.6191762089729309,0,1.4672698974609375,10.827117919921875,0.20816802978515625,12.506186485290527
dataset/test/Tomato_Septoria_leaf_spot/1723454507465_aug_59aug66.jpg,Tomato_Septoria_leaf_spot,Tomato_Septoria_leaf_spot,0.8071931600570679,1,1.547642707824707,10.834952354431152,0.20809459686279297,12.594038963317871
dataset/test/Tomato_Septoria_leaf_spot/1723454507465aug29.jpg,Tomato_Septoria_leaf_spot,Tomato_Early_blight_leaf,0.5377695560455322,0,1.5289373397827148,10.134687423706055,0.16366863250732422,11.83008861541748
dataset/test/Tomato_Septoria_leaf_spot/5454635393351680.jpeg_aug_14aug115.jpg,Tomato_Septoria_leaf_spot,Tomato_Septoria_leaf_spot,0.993320882320404,1,1.1693792343139648,7.448797225952148,0.1632976531982422,8.784048080444336
dataset/test/Tomato_Septoria_leaf_spot/5454635393351680.jpeg_aug_15aug46.jpg,Tomato_Septoria_leaf_spot,Tomato_Septoria_leaf_spot,0.9849768877029419,1,1.0870084762573242,7.581167221069336,0.16118526458740234,8.832399368286133
dataset/test/Tomato_Septoria_leaf_spot/5454635393351680.jpegaug7.jpg,Tomato_Septoria_leaf_spot,Tomato_Septoria_leaf_spot,0.9976311922073364,1,1.0498981475830078,8.353358268737793,0.16518783569335938,9.570868492126465
dataset/test/Tomato_Septoria_leaf_spot/6134794031202304-600x272-jpeg_jpg.rf.5482c323fe160b26426628094ae3646baug42.jpg,Tomato_Septoria_leaf_spot,Tomato_Septoria_leaf_spot,0.9999885559082031,1,1.075063705444336,7.669742584228516,0.1594076156616211,8.906715393066406
dataset/test/Tomato_Septoria_leaf_spot/66e7583ebe11cf0bd06435e4167bd4fdaug41.jpg,Tomato_Septoria_leaf_spot,Tomato_Septoria_leaf_spot,0.9999990463256836,1,1.0748062133789062,14.575813293457031,0.15829753875732422,15.81198787689209
dataset/test/Tomato_Septoria_leaf_spot/8_20mistakes_204_aug_72aug61.jpg,Tomato_Septoria_leaf_spot,Tomato_Septoria_leaf_spot,0.5278244018554688,1,1.1224708557128906,19.70516586303711,0.21561241149902344,21.046175956726074
dataset/test/Tomato_Septoria_leaf_spot/8_20mistakes_204_aug_73aug62.jpg,Tomato_Septoria_leaf_spot,Tomato_Septoria_leaf_spot,0.6761497855186462,1,1.1589164733886719,7.701668739318848,0.16103744506835938,9.024327278137207
dataset/test/Tomato_Septoria_leaf_spot/8_20mistakes_204aug36.jpg,Tomato_Septoria_leaf_spot,Tomato_Septoria_leaf_spot,0.6694547533988953,1,1.0566015243530273,7.621316909790039,0.16237163543701172,8.842696189880371
dataset/test/Tomato_Septoria_leaf_spot/Gls11_mirror_vertical_aug_42aug85.jpg,Tomato_Septoria_leaf_spot,Tomato_Septoria_leaf_spot,0.8821768164634705,1,1.0438966751098633,7.819502830505371,0.17238998413085938,9.038715362548828
dataset/test/Tomato_Septoria_leaf_spot/Gls11_mirror_vertical_aug_43aug86.jpg,Tomato_Septoria_leaf_spot,Tomato_Septoria_leaf_spot,0.9304729104042053,1,1.1547861099243164,8.099617004394531,0.1678905487060547,9.425477981567383
dataset/test/Tomato_Septoria_leaf_spot/Gls11_mirror_verticalaug21.jpg,Tomato_Septoria_leaf_spot,Tomato_Septoria_leaf_spot,0.9729542136192322,1,1.1030998229980469,8.141060829162598,0.1680927276611328,9.414812088012695
dataset/test/Tomato_Septoria_leaf_spot/Gls12_mirror_aug_46aug81.jpg,Tomato_Septoria_leaf_spot,Tomato_Septoria_leaf_spot,0.999984860420227,1,1.0923032760620117,8.056690216064453,0.17524147033691406,9.32762622833252
dataset/test/Tomato_Septoria_leaf_spot/Gls12_mirror_aug_47aug92.jpg,Tomato_Septoria_leaf_spot,Tomato_Septoria_leaf_spot,0.9999899864196777,1,1.1570281982421875,8.145561218261719,0.1689281463623047,9.47421932220459
dataset/test/Tomato_Septoria_leaf_spot/Gls12_mirroraug23.jpg,Tomato_Septoria_leaf_spot,Tomato_Septoria_leaf_spot,0.9999945163726807,1,1.0906744003295898,8.14393138885498,0.1682424545288086,9.405644416809082
dataset/test/Tomato_Septoria_leaf_spot/Gls1_mirror_aug_38aug82.jpg,Tomato_Septoria_leaf_spot,Tomato_Septoria_leaf_spot,0.9997019171714783,1,1.1055631637573242,8.006134033203125,0.16731643676757812,9.281939506530762
dataset/test/Tomato_Septoria_leaf_spot/Gls1_mirror_aug_39aug84.jpg,Tomato_Septoria_leaf_spot,Tomato_Septoria_leaf_spot,0.9999840259552002,1,1.2045459747314453,7.941929817199707,0.16761207580566406,9.316773414611816
dataset/test/Tomato_Septoria_leaf_spot/Gls1_mirroraug19.jpg,Tomato_Septoria_leaf_spot,Tomato_Septoria_leaf_spot,0.9999192953109741,1,1.0858039855957031,8.087652206420898,0.1678152084350586,9.343921661376953
dataset/test/Tomato_Septoria_leaf_spot/Gls21_change_270aug43.jpg,Tomato_Septoria_leaf_spot,Tomato_Septoria_leaf_spot,0.9351150989532471,1,1.0896940231323242,8.124505043029785,0.16744613647460938,9.384607315063477
dataset/test/Tomato_Septoria_leaf_spot/Gls21_hight_aug_56aug78.jpg,Tomato_Septoria_leaf_spot,Tomato_Septoria_leaf_spot,1.0,1,1.1311569213867188,8.151374816894531,0.16840839385986328,9.453737258911133
dataset/test/Tomato_Septoria_leaf_spot/Gls21_hight_aug_57aug79.jpg,Tomato_Septoria_leaf_spot,Tomato_Septoria_leaf_spot,1.0,1,1.1541919708251953,8.193450927734375,0.16875934600830078,9.519366264343262
dataset/test/Tomato_Septoria_leaf_spot/Gls21_hightaug28.jpg,Tomato_Septoria_leaf_spot,Tomato_Septoria_leaf_spot,0.9999998807907104,1,1.1111555099487305,8.598490715026855,0.16970539093017578,9.882018089294434
dataset/test/Tomato_Septoria_leaf_spot/Gls29_change_180_aug_40aug89.jpg,Tomato_Septoria_leaf_spot,Tomato_Septoria_leaf_spot,0.9999527931213379,1,1.1291942596435547,8.268117904663086,0.16987133026123047,9.569979667663574
dataset/test/Tomato_Septoria_leaf_spot/Gls29_change_180_aug_41aug91.jpg,Tomato_Septoria_leaf_spot,Tomato_Septoria_leaf_spot,0.999962329864502,1,1.1084527969360352,8.372970581054688,0.1706676483154297,9.655219078063965
dataset/test/Tomato_Septoria_leaf_spot/Gls29_change_180aug20.jpg,Tomato_Septoria_leaf_spot,Tomato_Septoria_leaf_spot,0.9999568462371826,1,1.315713882446289,8.463007926940918,0.17361164093017578,9.95514965057373
dataset/test/Tomato_Septoria_leaf_spot/Gls36_hight_aug_20aug116.jpg,Tomato_Septoria_leaf_spot,Tomato_Septoria_leaf_spot,0.9914455413818359,1,1.1089897155761719,8.334988594055176,0.17116737365722656,9.6181640625
dataset/test/Tomato_Septoria_leaf_spot/Gls36_hight_aug_21aug118.jpg,Tomato_Septoria_leaf_spot,Tomato_Septoria_leaf_spot,0.9988117218017578,1,1.134897232055664,8.933677673339844,0.16952037811279297,10.241095542907715
dataset/test/Tomato_Septoria_leaf_spot/Gls36_hightaug10.jpg,Tomato_Septoria_leaf_spot,Tomato_Septoria_leaf_spot,0.9998607635498047,1,1.099452018737793,8.534285545349121,0.17114925384521484,9.807868957519531
dataset/test/Tomato_Septoria_leaf_spot/Gls41_change_270_aug_50aug90.jpg,Tomato_Septoria_leaf_spot,Tomato_Septoria_leaf_spot,0.9992590546607971,1,1.2247314453125,8.312359809875488,0.16916847229003906,9.708942413330078
dataset/test/Tomato_Septoria_leaf_spot/Gls41_change_270_aug_51aug77.jpg,Tomato_Septoria_leaf_spot,Tomato_Septoria_leaf_spot,0.9981112480163574,1,1.1376752853393555,8.32380199432373,0.16905689239501953,9.633683204650879
dataset/test/Tomato_Septoria_leaf_spot/Gls41_change_270aug25.jpg,Tomato_Septoria_leaf_spot,Tomato_Septoria_leaf_spot,0.999954342842102,1,1.1326379776000977,8.500322341918945,0.1642608642578125,9.79981517791748
dataset/test/Tomato_Septoria_leaf_spot/Gls43_change_90_aug_60aug75.jpg,Tomato_Septoria_leaf_spot,Tomato_Septoria_leaf_spot,0.9999614953994751,1,1.0638971328735352,7.9560041427612305,0.16639041900634766,9.189271926879883
dataset/test/Tomato_Septoria_leaf_spot/Gls43_change_90_aug_61aug73.jpg,Tomato_Septoria_leaf_spot,Tomato_Septoria_leaf_spot,0.9997770190238953,1,1.1748237609863281,7.894411087036133,0.17459392547607422,9.247309684753418
dataset/test/Tomato_Septoria_leaf_spot/Gls43_change_90aug30.jpg,Tomato_Septoria_leaf_spot,Tomato_Septoria_leaf_spot,0.9998689889907837,1,1.2098979949951172,7.977114677429199,0.16957569122314453,9.359163284301758
dataset/test/Tomato_Septoria_leaf_spot/Gls46_change_90_aug_6aug53.jpg,Tomato_Septoria_leaf_spot,Tomato_Septoria_leaf_spot,0.9999940395355225,1,1.1224708557128906,8.07544994354248,0.1662425994873047,9.366756439208984
dataset/test/Tomato_Septoria_leaf_spot/Gls46_change_90_aug_7aug56.jpg,Tomato_Septoria_leaf_spot,Tomato_Septoria_leaf_spot,0.9998832941055298,1,1.1270456314086914,8.141468048095703,0.16761302947998047,9.438663482666016
dataset/test/Tomato_Septoria_leaf_spot/Gls46_change_90aug3.jpg,Tomato_Septoria_leaf_spot,Tomato_Septoria_leaf_spot,0.9997332692146301,1,1.1659345626831055,8.087560653686523,0.16622447967529297,9.422219276428223
dataset/test/Tomato_Septoria_leaf_spot/Gls47aug44.jpg,Tomato_Septoria_leaf_spot,Tomato_Septoria_leaf_spot,0.9999991655349731,1,1.1013050079345703,8.16720962524414,0.1649637222290039,9.436089515686035
dataset/test/Tomato_Septoria_leaf_spot/Gls76_aug_34aug97.jpg,Tomato_Septoria_leaf_spot,Tomato_Septoria_leaf_spot,0.8320001363754272,1,1.1014518737792969,8.122504234313965,0.15735340118408203,9.383644104003906
dataset/test/Tomato_Septoria_leaf_spot/Gls76_aug_35aug103.jpg,Tomato_Septoria_leaf_spot,Tomato_Septoria_leaf_spot,0.7578833699226379,1,1.1146926879882812,8.261449813842773,0.1680755615234375,9.547033309936523
dataset/test/Tomato_Septoria_leaf_spot/Gls76_change_180_aug_30aug96.jpg,Tomato_Septoria_leaf_spot,Tomato_mold_leaf,0.9902453422546387,0,1.1691932678222656,7.955504417419434,0.16727924346923828,9.294902801513672
dataset/test/Tomato_Septoria_leaf_spot/Gls76_change_180_aug_31aug100.jpg,Tomato_Septoria_leaf_spot,Tomato_mold_leaf,0.7541910409927368,0,1.2264156341552734,7.842633247375488,0.16476154327392578,9.237069129943848
dataset/test/Tomato_Septoria_leaf_spot/Gls76_change_180aug15.jpg,Tomato_Septoria_leaf_spot,Tomato_mold_leaf,0.9889954328536987,0,1.1303224563598633,8.201726913452148,0.1647968292236328,9.49944019317627
dataset/test/Tomato_Septoria_leaf_spot/Gls76aug17.jpg,Tomato_Septoria_leaf_spot,Tomato_Septoria_leaf_spot,0.6313551664352417,1,1.0845813751220703,8.001670837402344,0.16505813598632812,9.253975868225098
dataset/test/Tomato_Septoria_leaf_spot/Gls7_change_270_aug_64aug68.jpg,Tomato_Septoria_leaf_spot,Tomato_Septoria_leaf_spot,0.9943872690200806,1,1.0901002883911133,7.913299560546875,0.16974163055419922,9.175810813903809
dataset/test/Tomato_Septoria_leaf_spot/Gls7_change_270_aug_65aug71.jpg,Tomato_Septoria_leaf_spot,Tomato_Septoria_leaf_spot,0.9910007119178772,1,1.126805305480957,7.952115058898926,0.16450119018554688,9.246310234069824
dataset/test/Tomato_Septoria_leaf_spot/Gls7_change_270aug32.jpg,Tomato_Septoria_leaf_spot,Tomato_Septoria_leaf_spot,0.9766891002655029,1,1.0825824737548828,7.936652183532715,0.17211246490478516,9.194012641906738
dataset/test/Tomato_Septoria_leaf_spot/Gls7_lower_aug_0aug57.jpg,Tomato_Septoria_leaf_spot,Tomato_Septoria_leaf_spot,0.9998962879180908,1,1.0955467224121094,7.990058898925781,0.1653900146484375,9.253438949584961
dataset/test/Tomato_Septoria_leaf_spot/Gls7_lower_aug_1aug52.jpg,Tomato_Septoria_leaf_spot,Tomato_Septoria_leaf_spot,0.997747004032135,1,1.1149721145629883,7.9738922119140625,0.16601943969726562,9.257402420043945
dataset/test/Tomato_Septoria_leaf_spot/Gls7_loweraug0.jpg,Tomato_Septoria_leaf_spot,Tomato_Septoria_leaf_spot,0.999985933303833,1,1.0858030319213867,7.9912261962890625,0.16065025329589844,9.240532875061035
dataset/test/Tomato_Septoria_leaf_spot/Gls81_lower_aug_2aug51.jpg,Tomato_Septoria_leaf_spot,Tomato_Septoria_leaf_spot,0.9996023774147034,1,1.0228776931762695,7.863502502441406,0.1641864776611328,9.053141593933105
dataset/test/Tomato_Septoria_leaf_spot/Gls81_lower_aug_3aug54.jpg,Tomato_Septoria_leaf_spot,Tomato_Septoria_leaf_spot,0.9999979734420776,1,1.1340436935424805,7.808594703674316,0.16653823852539062,9.111568450927734
dataset/test/Tomato_Septoria_leaf_spot/Gls81_loweraug1.jpg,Tomato_Septoria_leaf_spot,Tomato_Septoria_leaf_spot,0.9999957084655762,1,1.0780277252197266,7.951264381408691,0.16933345794677734,9.201476097106934
dataset/test/Tomato_Septoria_leaf_spot/IMG-20240812-WA0213_aug_70aug59.jpg,Tomato_Septoria_leaf_spot,Tomato_Early_blight_leaf,0.9790087342262268,0,1.1455459594726562,8.121801376342773,0.16829776763916016,9.438755989074707
dataset/test/Tomato_Septoria_leaf_spot/IMG-20240812-WA0213_aug_71aug60.jpg,Tomato_Septoria_leaf_spot,Tomato_Early_blight_leaf,0.9514578580856323,0,1.1373977661132812,8.105171203613281,0.16831588745117188,9.414162635803223
dataset/test/Tomato_Septoria_leaf_spot/IMG-20240812-WA0213aug35.jpg,Tomato_Septoria_leaf_spot,Tomato_Early_blight_leaf,0.9988478422164917,0,1.1937313079833984,8.187467575073242,0.16940975189208984,9.553126335144043
dataset/test/Tomato_Septoria_leaf_spot/Original_e-blight.JPG.rend.hgtvcom.966.725.jpeg_aug_52aug74.jpg,Tomato_Septoria_leaf_spot,Tomato_Septoria_leaf_spot,0.9999217987060547,1,1.1158227920532227,8.33385944366455,0.16776180267333984,9.620553016662598
dataset/test/Tomato_Septoria_leaf_spot/Original_e-blight.JPG.rend.hgtvcom.966.725.jpeg_aug_53aug76.jpg,Tomato_Septoria_leaf_spot,Tomato_Septoria_leaf_spot,0.9999886751174927,1,1.1314897537231445,8.15837574005127,0.16722488403320312,9.459940910339355
dataset/test/Tomato_Septoria_leaf_spot/Original_e-blight.JPG.rend.hgtvcom.966.725.jpegaug26.jpg,Tomato_Septoria_leaf_spot,Tomato_Septoria_leaf_spot,0.9998897314071655,1,1.1150455474853516,8.083374977111816,0.16676044464111328,9.368274688720703
dataset/test/Tomato_Septoria_leaf_spot/SS_ (990)_aug_24aug107.jpg,Tomato_Septoria_leaf_spot,Tomato_Septoria_leaf_spot,1.0,1,1.1066741943359375,8.087430953979492,0.16653919219970703,9.363219261169434
dataset/test/Tomato_Septoria_leaf_spot/SS_ (990)_aug_25aug113.jpg,Tomato_Septoria_leaf_spot,Tomato_Septoria_leaf_spot,1.0,1,1.1437301635742188,8.116448402404785,0.16670513153076172,9.429553031921387
dataset/test/Tomato_Septoria_leaf_spot/SS_ (990)aug12.jpg,Tomato_Septoria_leaf_spot,Tomato_Septoria_leaf_spot,0.9999995231628418,1,1.1070823669433594,8.021096229553223,0.17565059661865234,9.30721664428711
dataset/test/Tomato_Septoria_leaf_spot/Septoria_tomato_Margaret-20B_p8170755_0002_25004_jpg.rf.3fbb14d553c623c77f342b3a54baddab_aug_66aug70.jpg,Tomato_Septoria_leaf_spot,Tomato_Septoria_leaf_spot,0.9999897480010986,1,1.183323860168457,8.014837265014648,0.16557693481445312,9.366401672363281
dataset/test/Tomato_Septoria_leaf_spot/Septoria_tomato_Margaret-20B_p8170755_0002_25004_jpg.rf.3fbb14d553c623c77f342b3a54baddab_aug_67aug63.jpg,Tomato_Septoria_leaf_spot,Tomato_Septoria_leaf_spot,0.9999990463256836,1,1.196380615234375,8.073264122009277,0.16818809509277344,9.440497398376465
dataset/test/Tomato_Septoria_leaf_spot/Septoria_tomato_Margaret-20B_p8170755_0002_25004_jpg.rf.3fbb14d553c623c77f342b3a54baddabaug33.jpg,Tomato_Septoria_leaf_spot,Tomato_Septoria_leaf_spot,0.9999979734420776,1,1.1444902420043945,8.123987197875977,0.16620540618896484,9.437385559082031
dataset/test/Tomato_Septoria_leaf_spot/Tomato-Plant-with-Septoria-Leaf-Spot_aug_68aug65.jpg,Tomato_Septoria_leaf_spot,Tomato_Septoria_leaf_spot,0.9999394416809082,1,1.1452865600585938,8.110579490661621,0.16613101959228516,9.424662590026855
dataset/test/Tomato_Septoria_leaf_spot/Tomato-Plant-with-Septoria-Leaf-Spot_aug_69aug64.jpg,Tomato_Septoria_leaf_spot,Tomato_Septoria_leaf_spot,0.9303466081619263,1,1.2306766510009766,8.081210136413574,0.16696548461914062,9.481257438659668
dataset/test/Tomato_Septoria_leaf_spot/Tomato-Plant-with-Septoria-Leaf-Spotaug34.jpg,Tomato_Septoria_leaf_spot,Tomato_Septoria_leaf_spot,0.9982061386108398,1,1.1388044357299805,8.103653907775879,0.16629791259765625,9.411828994750977
dataset/test/Tomato_Septoria_leaf_spot/b54d0e40027ff5e90e8ba7e1e9abf9bdaug39.jpg,Tomato_Septoria_leaf_spot,Tomato_Septoria_leaf_spot,0.999996542930603,1,1.0863771438598633,8.081708908081055,0.2030010223388672,9.37390422821045
dataset/test/Tomato_Septoria_leaf_spot/classic-septoria_aug_10aug48.jpg,Tomato_Septoria_leaf_spot,Tomato_Septoria_leaf_spot,0.9981396198272705,1,1.1489896774291992,8.213579177856445,0.16679763793945312,9.531868934631348
dataset/test/Tomato_Septoria_leaf_spot/classic-septoria_aug_11aug49.jpg,Tomato_Septoria_leaf_spot,Tomato_Septoria_leaf_spot,0.99997878074646,1,1.1457862854003906,8.098837852478027,0.16596412658691406,9.413570404052734
dataset/test/Tomato_Septoria_leaf_spot/classic-septoriaaug5.jpg,Tomato_Septoria_leaf_spot,Tomato_Septoria_leaf_spot,0.9993990659713745,1,1.2131767272949219,8.156708717346191,0.15624046325683594,9.528108596801758
dataset/test/Tomato_Septoria_leaf_spot/early+blight+on+leaf+yel+halo+IMG_2313.JPG_aug_62aug69.jpg,Tomato_Septoria_leaf_spot,Tomato_Septoria_leaf_spot,0.9999701976776123,1,1.0786199569702148,7.912504196166992,0.1681680679321289,9.16232681274414
dataset/test/Tomato_Septoria_leaf_spot/early+blight+on+leaf+yel+halo+IMG_2313.JPG_aug_63aug72.jpg,Tomato_Septoria_leaf_spot,Tomato_Septoria_leaf_spot,0.9998961687088013,1,1.2271194458007812,7.9210968017578125,0.17039012908935547,9.322198867797852
dataset/test/Tomato_Septoria_leaf_spot/early+blight+on+leaf+yel+halo+IMG_2313.JPGaug31.jpg,Tomato_Septoria_leaf_spot,Tomato_Septoria_leaf_spot,0.9998455047607422,1,1.6171789169311523,10.840044021606445,0.20087242126464844,12.661521911621094
dataset/test/Tomato_Septoria_leaf_spot/early-blight-of-tomato-tomato-1aug38.jpg,Tomato_Septoria_leaf_spot,Tomato_Septoria_leaf_spot,0.999921441078186,1,1.5333280563354492,10.897378921508789,0.2068157196044922,12.641261100769043
dataset/test/Tomato_Septoria_leaf_spot/eblight5_aug_18aug110.jpg,Tomato_Septoria_leaf_spot,Tomato_Septoria_leaf_spot,0.9999741315841675,1,1.4145660400390625,10.875377655029297,0.2068347930908203,12.499687194824219
dataset/test/Tomato_Septoria_leaf_spot/eblight5_aug_19aug117.jpg,Tomato_Septoria_leaf_spot,Tomato_Septoria_leaf_spot,0.9985143542289734,1,1.4090461730957031,11.056009292602539,0.2086496353149414,12.676908493041992
dataset/test/Tomato_Septoria_leaf_spot/eblight5aug9.jpg,Tomato_Septoria_leaf_spot,Tomato_Septoria_leaf_spot,0.999887228012085,1,1.4574918746948242,11.014711380004883,0.1948537826538086,12.669742584228516
dataset/test/Tomato_Septoria_leaf_spot/images (1)_aug_54aug93.jpg,Tomato_Septoria_leaf_spot,Tomato_Septoria_leaf_spot,0.9983358979225159,1,1.3973617553710938,10.830543518066406,0.2053356170654297,12.436869621276855
dataset/test/Tomato_Septoria_leaf_spot/images (1)_aug_55aug87.jpg,Tomato_Septoria_leaf_spot,Tomato_Septoria_leaf_spot,0.9967368245124817,1,1.4713068008422852,10.86015510559082,0.2156505584716797,12.550853729248047
dataset/test/Tomato_Septoria_leaf_spot/images (1)aug27.jpg,Tomato_Septoria_leaf_spot,Tomato_Septoria_leaf_spot,0.999890923500061,1,1.4693794250488281,10.837543487548828,0.20837116241455078,12.519224166870117
dataset/test/Tomato_Septoria_leaf_spot/tomato-blight-treatment-blight_jpg.rf.78cbf6055199828cb682fd0a6435a157_aug_74aug58.jpg,Tomato_Septoria_leaf_spot,Tomato_Septoria_leaf_spot,0.9940193891525269,1,1.4818086624145508,7.636445045471191,0.15953826904296875,9.2810697555542
dataset/test/Tomato_Septoria_leaf_spot/tomato-blight-treatment-blight_jpg.rf.78cbf6055199828cb682fd0a6435a157aug37.jpg,Tomato_Septoria_leaf_spot,Tomato_Septoria_leaf_spot,0.999870777130127,1,1.0479516983032227,7.759021759033203,0.15955734252929688,8.96928882598877
dataset/test/Tomato_Septoria_leaf_spot/tomato-early-blight-e1437503226856_aug_4aug50.jpg,Tomato_Septoria_leaf_spot,Tomato_Septoria_leaf_spot,1.0,1,1.0690088272094727,7.42051887512207,0.3136329650878906,8.805917739868164
dataset/test/Tomato_Septoria_leaf_spot/tomato-early-blight-e1437503226856_aug_5aug55.jpg,Tomato_Septoria_leaf_spot,Tomato_Septoria_leaf_spot,0.9999909400939941,1,1.0430450439453125,7.43649959564209,0.17288970947265625,8.655732154846191
dataset/test/Tomato_Septoria_leaf_spot/tomato-early-blight-e1437503226856aug2.jpg,Tomato_Septoria_leaf_spot,Tomato_Septoria_leaf_spot,0.9999974966049194,1,1.1294517517089844,7.562685012817383,0.16222381591796875,8.857085227966309
dataset/test/Tomato_Septoria_leaf_spot/tomato-early-blightH_jpg.rf.2633fbae0a933eb2711cb8466f34aca1_aug_12aug119.jpg,Tomato_Septoria_leaf_spot,Tomato_Septoria_leaf_spot,0.9999431371688843,1,1.1216192245483398,7.6198530197143555,0.16055679321289062,8.904548645019531
dataset/test/Tomato_Septoria_leaf_spot/tomato-early-blightH_jpg.rf.2633fbae0a933eb2711cb8466f34aca1_aug_13aug114.jpg,Tomato_Septoria_leaf_spot,Tomato_Septoria_leaf_spot,0.9999978542327881,1,1.0932855606079102,7.6193342208862305,0.16040992736816406,8.875991821289062
dataset/test/Tomato_Septoria_leaf_spot/tomato-early-blightH_jpg.rf.2633fbae0a933eb2711cb8466f34aca1aug6.jpg,Tomato_Septoria_leaf_spot,Tomato_Septoria_leaf_spot,0.9999977350234985,1,1.0938405990600586,7.59950065612793,0.16050243377685547,8.856640815734863
dataset/test/Tomato_Septoria_leaf_spot/tomato-septoria-3-500x384_aug_32aug104.jpg,Tomato_Septoria_leaf_spot,Tomato_Septoria_leaf_spot,0.9627714157104492,1,1.0820627212524414,7.581963539123535,0.1602792739868164,8.827010154724121
dataset/test/Tomato_Septoria_leaf_spot/tomato-septoria-3-500x384_aug_33aug106.jpg,Tomato_Septoria_leaf_spot,Tomato_Septoria_leaf_spot,0.999652624130249,1,1.0886383056640625,7.62672233581543,0.15613174438476562,8.874122619628906
dataset/test/Tomato_Septoria_leaf_spot/tomato-septoria-3-500x384_jpg.rf.40a23512bd3b6d8df2115d7f591913fb_aug_16aug112.jpg,Tomato_Septoria_leaf_spot,Tomato_Septoria_leaf_spot,0.9999793767929077,1,1.0442676544189453,7.427371025085449,0.16188907623291016,8.636009216308594
dataset/test/Tomato_Septoria_leaf_spot/tomato-septoria-3-500x384_jpg.rf.40a23512bd3b6d8df2115d7f591913fb_aug_17aug111.jpg,Tomato_Septoria_leaf_spot,Tomato_Septoria_leaf_spot,0.9999488592147827,1,1.1893243789672852,7.6762237548828125,0.1655750274658203,9.03393840789795
dataset/test/Tomato_Septoria_leaf_spot/tomato-septoria-3-500x384_jpg.rf.40a23512bd3b6d8df2115d7f591913fbaug8.jpg,Tomato_Septoria_leaf_spot,Tomato_Septoria_leaf_spot,0.9999549388885498,1,1.0952119827270508,7.905097007751465,0.1648540496826172,9.167994499206543
dataset/test/Tomato_Septoria_leaf_spot/tomato-septoria-3-500x384aug16.jpg,Tomato_Septoria_leaf_spot,Tomato_Septoria_leaf_spot,0.999977707862854,1,1.1314725875854492,7.981410980224609,0.164520263671875,9.279977798461914
dataset/test/Tomato_Septoria_leaf_spot/tomato-septoria-5_jpg.rf.fab97ae4bb3726e33dcbde7262ec6a65aug40.jpg,Tomato_Septoria_leaf_spot,Tomato_Septoria_leaf_spot,0.9999518394470215,1,1.1120643615722656,7.948484420776367,0.1656494140625,9.229180335998535
dataset/test/Tomato_Septoria_leaf_spot/tomato-septoria-leaf-spot--_aug_22aug109.jpg,Tomato_Septoria_leaf_spot,Tomato_Septoria_leaf_spot,0.965167760848999,1,1.1518983840942383,8.006059646606445,0.16524219512939453,9.32568073272705
dataset/test/Tomato_Septoria_leaf_spot/tomato-septoria-leaf-spot--_aug_23aug108.jpg,Tomato_Septoria_leaf_spot,Tomato_Septoria_leaf_spot,0.8332236409187317,1,1.1834163665771484,7.9272260665893555,0.1654834747314453,9.278921127319336
dataset/test/Tomato_Septoria_leaf_spot/tomato-septoria-leaf-spot--_jpg.rf.06783859d6d3e49976374e4146674e0b_aug_48aug94.jpg,Tomato_Septoria_leaf_spot,Tomato_Septoria_leaf_spot,0.9877104163169861,1,1.1440086364746094,8.047449111938477,0.1653728485107422,9.359495162963867
dataset/test/Tomato_Septoria_leaf_spot/tomato-septoria-leaf-spot--_jpg.rf.06783859d6d3e49976374e4146674e0b_aug_49aug88.jpg,Tomato_Septoria_leaf_spot,Tomato_Septoria_leaf_spot,0.9787070751190186,1,1.1857490539550781,7.899003028869629,0.16316795349121094,9.250533103942871
dataset/test/Tomato_Septoria_leaf_spot/tomato-septoria-leaf-spot--_jpg.rf.06783859d6d3e49976374e4146674e0baug24.jpg,Tomato_Septoria_leaf_spot,Tomato_Septoria_leaf_spot,0.8008489608764648,1,1.2307863235473633,7.953225135803223,0.16377925872802734,9.350606918334961
dataset/test/Tomato_Septoria_leaf_spot/tomato-septoria-leaf-spot--_jpg.rf.5e63d9a20f5557b9bb3617e79b48ef85_aug_26aug95.jpg,Tomato_Septoria_leaf_spot,Tomato_Septoria_leaf_spot,0.977946400642395,1,1.1609535217285156,7.792169570922852,0.1725759506225586,9.129087448120117
dataset/test/Tomato_Septoria_leaf_spot/tomato-septoria-leaf-spot--_jpg.rf.5e63d9a20f5557b9bb3617e79b48ef85_aug_27aug101.jpg,Tomato_Septoria_leaf_spot,Tomato_Septoria_leaf_spot,0.9433215856552124,1,1.2687692642211914,8.421415328979492,0.16844463348388672,9.861444473266602
dataset/test/Tomato_Septoria_leaf_spot/tomato-septoria-leaf-spot--_jpg.rf.5e63d9a20f5557b9bb3617e79b48ef85aug13.jpg,Tomato_Septoria_leaf_spot,Tomato_Septoria_leaf_spot,0.9997697472572327,1,1.2802324295043945,7.914114952087402,0.17816734313964844,9.375773429870605
dataset/test/Tomato_Septoria_leaf_spot/tomato-septoria-leaf-spot--aug11.jpg,Tomato_Septoria_leaf_spot,Tomato_Septoria_leaf_spot,0.8761469721794128,1,1.2312870025634766,8.787139892578125,0.1696491241455078,10.190947532653809
dataset/test/Tomato_Septoria_leaf_spot/tomato-septoria-leaf-spot-_aug_28aug105.jpg,Tomato_Septoria_leaf_spot,Tomato_Septoria_leaf_spot,0.9986224174499512,1,1.3070287704467773,8.157228469848633,0.1698169708251953,9.636683464050293
dataset/test/Tomato_Septoria_leaf_spot/tomato-septoria-leaf-spot-_aug_29aug102.jpg,Tomato_Septoria_leaf_spot,Tomato_Septoria_leaf_spot,0.9995330572128296,1,1.1576557159423828,10.152408599853516,0.17340850830078125,11.48651123046875
dataset/test/Tomato_Septoria_leaf_spot/tomato-septoria-leaf-spot-aug14.jpg,Tomato_Septoria_leaf_spot,Tomato_Septoria_leaf_spot,0.9999946355819702,1,1.3745098114013672,18.365395545959473,0.1706867218017578,19.91355609893799
dataset/test/Tomato_Septoria_leaf_spot/tomato_D2b-Early-blight---RPitblado_zoom_jpg.rf.93df1c3cb830b3940e4a23a5c4a05598_aug_8aug45.jpg,Tomato_Septoria_leaf_spot,Tomato_Septoria_leaf_spot,0.9999949932098389,1,1.17047119140625,11.927626609802246,0.1710205078125,13.271581649780273
dataset/test/Tomato_Septoria_leaf_spot/tomato_D2b-Early-blight---RPitblado_zoom_jpg.rf.93df1c3cb830b3940e4a23a5c4a05598_aug_9aug47.jpg,Tomato_Septoria_leaf_spot,Tomato_Septoria_leaf_spot,0.9999271631240845,1,1.9908103942871094,8.000670433044434,0.16985321044921875,10.16415023803711
dataset/test/Tomato_Septoria_leaf_spot/tomato_D2b-Early-blight---RPitblado_zoom_jpg.rf.93df1c3cb830b3940e4a23a5c4a05598aug4.jpg,Tomato_Septoria_leaf_spot,Tomato_Septoria_leaf_spot,0.9998953342437744,1,1.3915481567382812,7.995856285095215,0.16881561279296875,9.559182167053223
dataset/test/Tomato_Septoria_leaf_spot/tomatoseptorialeafspotjpg-788d20798a3c74e7_aug_36aug98.jpg,Tomato_Septoria_leaf_spot,Tomato_Septoria_leaf_spot,0.999985933303833,1,1.1311206817626953,8.055652618408203,0.1667613983154297,9.356163024902344
dataset/test/Tomato_Septoria_leaf_spot/tomatoseptorialeafspotjpg-788d20798a3c74e7_aug_37aug99.jpg,Tomato_Septoria_leaf_spot,Tomato_Septoria_leaf_spot,0.9982885718345642,1,1.203749656677246,8.010818481445312,0.16829776763916016,9.385626792907715
dataset/test/Tomato_Septoria_leaf_spot/tomatoseptorialeafspotjpg-788d20798a3c74e7aug18.jpg,Tomato_Septoria_leaf_spot,Tomato_Septoria_leaf_spot,0.9999873638153076,1,1.111323356628418,7.921299934387207,0.16579627990722656,9.201586723327637
dataset/test/Tomato_leaf_late_blight/Gls74_change_90_aug_66aug46.jpg,Tomato_leaf_late_blight,Tomato_leaf_late_blight,0.7357704043388367,1,1.0713224411010742,7.9559478759765625,0.1669464111328125,9.196975708007812
dataset/test/Tomato_leaf_late_blight/Gls74_change_90_aug_67aug49.jpg,Tomato_leaf_late_blight,Tomato_leaf_late_blight,0.8151845932006836,1,1.0725269317626953,8.052892684936523,0.16476154327392578,9.293181419372559
dataset/test/Tomato_leaf_late_blight/Gls74_change_90_aug_68aug41.jpg,Tomato_leaf_late_blight,Tomato_Septoria_leaf_spot,0.6866565942764282,0,1.1143598556518555,8.000114440917969,0.1652231216430664,9.282588005065918
dataset/test/Tomato_leaf_late_blight/Gls74_change_90aug22.jpg,Tomato_leaf_late_blight,Tomato_leaf_late_blight,0.7642329335212708,1,1.066507339477539,7.983429908752441,0.16827964782714844,9.221419334411621
dataset/test/Tomato_leaf_late_blight/Gls78_change_270_aug_24aug95.jpg,Tomato_leaf_late_blight,Tomato_leaf_late_blight,0.9990776777267456,1,1.0653772354125977,7.996393203735352,0.16516780853271484,9.22945785522461
dataset/test/Tomato_leaf_late_blight/Gls78_change_270_aug_25aug80.jpg,Tomato_leaf_late_blight,Tomato_leaf_late_blight,0.9977527260780334,1,1.1056747436523438,7.734798431396484,0.3133363723754883,9.156865119934082
dataset/test/Tomato_leaf_late_blight/Gls78_change_270_aug_26aug81.jpg,Tomato_leaf_late_blight,Tomato_leaf_late_blight,0.9975942969322205,1,1.0397844314575195,7.822410583496094,0.16594600677490234,9.030679702758789
dataset/test/Tomato_leaf_late_blight/Gls78_change_270aug8.jpg,Tomato_leaf_late_blight,Tomato_leaf_late_blight,0.9998810291290283,1,1.1773605346679688,7.821799278259277,0.1660013198852539,9.167588233947754
dataset/test/Tomato_leaf_late_blight/Gls79_change_270_aug_51aug69.jpg,Tomato_leaf_late_blight,Tomato_leaf_late_blight,0.9993158578872681,1,1.0852489471435547,8.456600189208984,0.16474151611328125,9.709479331970215
dataset/test/Tomato_leaf_late_blight/Gls79_change_270_aug_52aug74.jpg,Tomato_leaf_late_blight,Tomato_leaf_late_blight,0.9991734623908997,1,1.049860954284668,8.068338394165039,0.16948318481445312,9.29030990600586
dataset/test/Tomato_leaf_late_blight/Gls79_change_270_aug_53aug68.jpg,Tomato_leaf_late_blight,Tomato_leaf_late_blight,0.9972589015960693,1,1.0673227310180664,8.142301559448242,0.17377853393554688,9.386828422546387
dataset/test/Tomato_leaf_late_blight/Gls79_change_270aug17.jpg,Tomato_leaf_late_blight,Tomato_leaf_late_blight,0.9997027516365051,1,1.1048221588134766,8.322154998779297,0.1686859130859375,9.598109245300293
dataset/test/Tomato_leaf_late_blight/Gls79_change_90_aug_27aug85.jpg,Tomato_leaf_late_blight,Tomato_leaf_late_blight,0.9999380111694336,1,1.065805435180664,8.21435832977295,0.1672229766845703,9.45036792755127
dataset/test/Tomato_leaf_late_blight/Gls79_change_90_aug_28aug97.jpg,Tomato_leaf_late_blight,Tomato_leaf_late_blight,0.9998370409011841,1,1.062544822692871,8.34365463256836,0.20442771911621094,9.613035202026367
dataset/test/Tomato_leaf_late_blight/Gls79_change_90_aug_29aug89.jpg,Tomato_leaf_late_blight,Tomato_leaf_late_blight,0.9999969005584717,1,1.064249038696289,8.898454666137695,0.1692790985107422,10.134539604187012
dataset/test/Tomato_leaf_late_blight/Gls79_change_90aug9.jpg,Tomato_leaf_late_blight,Tomato_leaf_late_blight,0.999991774559021,1,1.059229850769043,8.143782615661621,0.1683521270751953,9.374070167541504
dataset/test/Tomato_leaf_late_blight/Gls79_mirror_aug_15aug104.jpg,Tomato_leaf_late_blight,Tomato_leaf_late_blight,0.9999377727508545,1,1.0889711380004883,8.125208854675293,0.17213153839111328,9.389200210571289
dataset/test/Tomato_leaf_late_blight/Gls79_mirror_aug_16aug113.jpg,Tomato_leaf_late_blight,Tomato_leaf_late_blight,0.9999715089797974,1,1.0516204833984375,8.108967781066895,0.16831588745117188,9.331347465515137
dataset/test/Tomato_leaf_late_blight/Gls79_mirror_aug_17aug109.jpg,Tomato_leaf_late_blight,Tomato_leaf_late_blight,0.9999328851699829,1,1.0700645446777344,8.619915962219238,0.16550159454345703,9.857979774475098
dataset/test/Tomato_leaf_late_blight/Gls79_mirroraug5.jpg,Tomato_leaf_late_blight,Tomato_leaf_late_blight,0.999982476234436,1,1.0503597259521484,7.906373977661133,0.18942737579345703,9.148845672607422
dataset/test/Tomato_leaf_late_blight/IMG_20251102_155822aug32.jpg,Tomato_leaf_late_blight,Tomato_leaf_late_blight,0.37234023213386536,1,1.1399154663085938,8.098301887512207,0.16961288452148438,9.410828590393066
dataset/test/Tomato_leaf_late_blight/IMG_20251102_160928aug33.jpg,Tomato_leaf_late_blight,Tomato_Early_blight_leaf,0.9624893665313721,0,1.1062126159667969,8.300507545471191,0.16663074493408203,9.576053619384766
dataset/test/Tomato_leaf_late_blight/IMG_20251102_161202_aug_57aug50.jpg,Tomato_leaf_late_blight,Tomato_Early_blight_leaf,0.9985182881355286,0,1.1588239669799805,8.147096633911133,0.1657238006591797,9.47468090057373
dataset/test/Tomato_leaf_late_blight/IMG_20251102_161202_aug_58aug52.jpg,Tomato_leaf_late_blight,Tomato_Early_blight_leaf,0.9997922778129578,0,1.1671199798583984,8.427858352661133,0.1686868667602539,9.766332626342773
dataset/test/Tomato_leaf_late_blight/IMG_20251102_161202_aug_59aug39.jpg,Tomato_leaf_late_blight,Tomato_Early_blight_leaf,0.9999464750289917,0,1.214101791381836,8.337913513183594,0.17018699645996094,9.725090980529785
dataset/test/Tomato_leaf_late_blight/IMG_20251102_161202aug19.jpg,Tomato_leaf_late_blight,Tomato_Early_blight_leaf,0.9999598264694214,0,1.1602497100830078,8.300339698791504,0.1671133041381836,9.630608558654785
dataset/test/Tomato_leaf_late_blight/IMG_5808_jpg.rf.9de5af872dd2e7a58b115c4826fb18d4_aug_63aug53.jpg,Tomato_leaf_late_blight,Tomato_leaf_late_blight,0.999404788017273,1,1.1481571197509766,8.15367317199707,0.16890907287597656,9.473366737365723
dataset/test/Tomato_leaf_late_blight/IMG_5808_jpg.rf.9de5af872dd2e7a58b115c4826fb18d4_aug_64aug43.jpg,Tomato_leaf_late_blight,Tomato_leaf_late_blight,0.9993137121200562,1,1.1171751022338867,8.305282592773438,0.16933441162109375,9.59459114074707
dataset/test/Tomato_leaf_late_blight/IMG_5808_jpg.rf.9de5af872dd2e7a58b115c4826fb18d4_aug_65aug38.jpg,Tomato_leaf_late_blight,Tomato_leaf_late_blight,0.9981592297554016,1,1.1181020736694336,8.220487594604492,0.16594409942626953,9.508052825927734
dataset/test/Tomato_leaf_late_blight/IMG_5808_jpg.rf.9de5af872dd2e7a58b115c4826fb18d4aug21.jpg,Tomato_leaf_late_blight,Tomato_leaf_late_blight,0.9988948702812195,1,1.146026611328125,8.203692436218262,0.16424179077148438,9.516792297363281
dataset/test/Tomato_leaf_late_blight/LB_ (254)_aug_54aug73.jpg,Tomato_leaf_late_blight,Tomato_leaf_late_blight,0.7054011821746826,1,1.0763225555419922,8.151097297668457,0.1529998779296875,9.383145332336426
dataset/test/Tomato_leaf_late_blight/LB_ (254)_aug_55aug71.jpg,Tomato_leaf_late_blight,Tomato_leaf_late_blight,0.7071012854576111,1,1.0185632705688477,7.890041351318359,0.16753673553466797,9.078956604003906
dataset/test/Tomato_leaf_late_blight/LB_ (254)_aug_56aug78.jpg,Tomato_leaf_late_blight,Tomato_leaf_late_blight,0.9444759488105774,1,1.1890087127685547,7.968781471252441,0.1739645004272461,9.335237503051758
dataset/test/Tomato_leaf_late_blight/LB_ (254)aug18.jpg,Tomato_leaf_late_blight,Tomato_leaf_late_blight,0.8753381371498108,1,1.0600996017456055,8.036023139953613,0.16640949249267578,9.265549659729004
dataset/test/Tomato_leaf_late_blight/LB_ (276)_aug_60aug45.jpg,Tomato_leaf_late_blight,Tomato_leaf_late_blight,0.9999905824661255,1,1.0695266723632812,8.106300354003906,0.1739654541015625,9.352551460266113
dataset/test/Tomato_leaf_late_blight/LB_ (276)_aug_61aug44.jpg,Tomato_leaf_late_blight,Tomato_leaf_late_blight,0.9999330043792725,1,1.1158056259155273,8.118856430053711,0.17100048065185547,9.408255577087402
dataset/test/Tomato_leaf_late_blight/LB_ (276)_aug_62aug40.jpg,Tomato_leaf_late_blight,Tomato_leaf_late_blight,0.9999995231628418,1,1.0610637664794922,8.103691101074219,0.1674652099609375,9.335310935974121
dataset/test/Tomato_leaf_late_blight/LB_ (276)aug20.jpg,Tomato_leaf_late_blight,Tomato_leaf_late_blight,0.9999984502792358,1,1.0617856979370117,8.14411735534668,0.16776084899902344,9.37621784210205
dataset/test/Tomato_leaf_late_blight/Late-blight-foliar-leasion-on-tomato_jpg.rf.331af81e5b2aae24af0dc9b6d9933591_aug_72aug60.jpg,Tomato_leaf_late_blight,Tomato_leaf_late_blight,0.9999723434448242,1,1.2001380920410156,8.186208724975586,0.16707420349121094,9.556034088134766
dataset/test/Tomato_leaf_late_blight/Late-blight-foliar-leasion-on-tomato_jpg.rf.331af81e5b2aae24af0dc9b6d9933591_aug_73aug51.jpg,Tomato_leaf_late_blight,Tomato_leaf_late_blight,0.9999768733978271,1,1.1531391143798828,8.07532024383545,0.16639137268066406,9.397588729858398
dataset/test/Tomato_leaf_late_blight/Late-blight-foliar-leasion-on-tomato_jpg.rf.331af81e5b2aae24af0dc9b6d9933591_aug_74aug37.jpg,Tomato_leaf_late_blight,Tomato_leaf_late_blight,0.9999971389770508,1,1.1898221969604492,7.985653877258301,0.3381328582763672,9.51623821258545
dataset/test/Tomato_leaf_late_blight/Late-blight-foliar-leasion-on-tomato_jpg.rf.331af81e5b2aae24af0dc9b6d9933591aug24.jpg,Tomato_leaf_late_blight,Tomato_leaf_late_blight,0.9999984502792358,1,1.1071386337280273,7.937652587890625,0.167388916015625,9.214679718017578
dataset/test/Tomato_leaf_late_blight/Late-blight-on-a-tomato-leaf_jpg.rf.8a0bcac661db5b0d51beab8e2bf6cd6caug29.jpg,Tomato_leaf_late_blight,Tomato_leaf_late_blight,0.9999775886535645,1,1.2450647354125977,7.962671279907227,0.16909313201904297,9.379532814025879
dataset/test/Tomato_leaf_late_blight/Late-blight-on-a-tomato-leaf_jpg.rf.8defdb736385f3e1da6fba17b2786ac9_aug_84aug36.jpg,Tomato_leaf_late_blight,Tomato_leaf_late_blight,1.0,1,1.1229352951049805,8.268877029418945,0.16731643676757812,9.56229305267334
dataset/test/Tomato_leaf_late_blight/Late-blight-on-a-tomato-leaf_jpg.rf.8defdb736385f3e1da6fba17b2786ac9aug28.jpg,Tomato_leaf_late_blight,Tomato_leaf_late_blight,1.0,1,1.111785888671875,8.284079551696777,0.16818714141845703,9.566886901855469
dataset/test/Tomato_leaf_late_blight/Late-blight-symptoms-on-tomato-leaves-1r3uhy2_jpg.rf.92fa5ba375a2c3ce572ef7e12695be90aug31.jpg,Tomato_leaf_late_blight,Tomato_leaf_late_blight,0.9999998807907104,1,1.1225271224975586,8.64969539642334,0.20757579803466797,9.982407569885254
dataset/test/Tomato_leaf_late_blight/Late-blight-tomato-leaf-VikramBisht-MBag_jpg.rf.ec494f1ab0c0417fed47095af181f852_aug_6aug117.jpg,Tomato_leaf_late_blight,Tomato_leaf_late_blight,0.9999631643295288,1,1.162379264831543,8.310691833496094,0.1665201187133789,9.642626762390137
dataset/test/Tomato_leaf_late_blight/Late-blight-tomato-leaf-VikramBisht-MBag_jpg.rf.ec494f1ab0c0417fed47095af181f852_aug_7aug116.jpg,Tomato_leaf_late_blight,Tomato_leaf_late_blight,0.9999796152114868,1,1.1199712753295898,8.114450454711914,0.16839122772216797,9.405570030212402
dataset/test/Tomato_leaf_late_blight/Late-blight-tomato-leaf-VikramBisht-MBag_jpg.rf.ec494f1ab0c0417fed47095af181f852_aug_8aug115.jpg,Tomato_leaf_late_blight,Tomato_leaf_late_blight,0.9999972581863403,1,1.1571950912475586,8.172820091247559,0.1672229766845703,9.499903678894043
dataset/test/Tomato_leaf_late_blight/Late-blight-tomato-leaf-VikramBisht-MBag_jpg.rf.ec494f1ab0c0417fed47095af181f852aug2.jpg,Tomato_leaf_late_blight,Tomato_leaf_late_blight,0.9999802112579346,1,1.1244335174560547,8.238247871398926,0.16672325134277344,9.532034873962402
dataset/test/Tomato_leaf_late_blight/LateBlight-Tomato-JJ-2009-17nxg4q_aug_36aug79.jpg,Tomato_leaf_late_blight,Tomato_leaf_late_blight,0.6799707412719727,1,1.0623798370361328,8.07528305053711,0.16627883911132812,9.306902885437012
dataset/test/Tomato_leaf_late_blight/LateBlight-Tomato-JJ-2009-17nxg4q_aug_37aug87.jpg,Tomato_leaf_late_blight,Tomato_leaf_late_blight,0.9739930629730225,1,1.0905094146728516,8.073986053466797,0.1660938262939453,9.333311080932617
dataset/test/Tomato_leaf_late_blight/LateBlight-Tomato-JJ-2009-17nxg4q_aug_38aug67.jpg,Tomato_leaf_late_blight,Tomato_leaf_late_blight,0.8795621991157532,1,1.0513038635253906,8.10507869720459,0.16372394561767578,9.323143005371094
dataset/test/Tomato_leaf_late_blight/LateBlight-Tomato-JJ-2009-17nxg4q_jpg.rf.93780f99f071013cf0764b40fc6db48c_aug_48aug77.jpg,Tomato_leaf_late_blight,Tomato_leaf_late_blight,0.9999629259109497,1,1.0583038330078125,8.10335636138916,0.158111572265625,9.3223295211792
dataset/test/Tomato_leaf_late_blight/LateBlight-Tomato-JJ-2009-17nxg4q_jpg.rf.93780f99f071013cf0764b40fc6db48c_aug_49aug65.jpg,Tomato_leaf_late_blight,Tomato_leaf_late_blight,0.9999959468841553,1,1.0704517364501953,7.95174503326416,0.1677236557006836,9.19262409210205
dataset/test/Tomato_leaf_late_blight/LateBlight-Tomato-JJ-2009-17nxg4q_jpg.rf.93780f99f071013cf0764b40fc6db48c_aug_50aug75.jpg,Tomato_leaf_late_blight,Tomato_leaf_late_blight,1.0,1,1.1805458068847656,7.912116050720215,0.16692733764648438,9.262495994567871
dataset/test/Tomato_leaf_late_blight/LateBlight-Tomato-JJ-2009-17nxg4q_jpg.rf.93780f99f071013cf0764b40fc6db48caug16.jpg,Tomato_leaf_late_blight,Tomato_leaf_late_blight,0.9999971389770508,1,1.058563232421875,8.082874298095703,0.17453861236572266,9.319291114807129
dataset/test/Tomato_leaf_late_blight/LateBlight-Tomato-JJ-2009-17nxg4qaug12.jpg,Tomato_leaf_late_blight,Tomato_leaf_late_blight,0.9861302971839905,1,1.1116571426391602,8.102911949157715,0.16631603240966797,9.383903503417969
dataset/test/Tomato_leaf_late_blight/Lb11_mirror_verticalaug34.jpg,Tomato_leaf_late_blight,Tomato_leaf_late_blight,0.9998263716697693,1,1.1007308959960938,8.157894134521484,0.16676044464111328,9.428089141845703
dataset/test/Tomato_leaf_late_blight/Lb51_mirror_aug_39aug83.jpg,Tomato_leaf_late_blight,Tomato_leaf_late_blight,0.9831400513648987,1,1.101175308227539,8.05117130279541,0.167816162109375,9.322958946228027
dataset/test/Tomato_leaf_late_blight/Lb51_mirror_aug_40aug96.jpg,Tomato_leaf_late_blight,Tomato_leaf_late_blight,0.9973642230033875,1,1.1218414306640625,8.139801025390625,0.16788959503173828,9.43203353881836
dataset/test/Tomato_leaf_late_blight/Lb51_mirror_aug_41aug91.jpg,Tomato_leaf_late_blight,Tomato_leaf_late_blight,0.9961193799972534,1,1.0887126922607422,8.071002960205078,0.16718769073486328,9.329495429992676
dataset/test/Tomato_leaf_late_blight/Lb51_mirroraug13.jpg,Tomato_leaf_late_blight,Tomato_leaf_late_blight,0.9938428401947021,1,1.0849714279174805,8.151283264160156,0.15770435333251953,9.396477699279785
dataset/test/Tomato_leaf_late_blight/Lb52_change_90_aug_42aug64.jpg,Tomato_leaf_late_blight,Tomato_leaf_late_blight,0.9999939203262329,1,1.0786752700805664,7.884428977966309,0.16759395599365234,9.133400917053223
dataset/test/Tomato_leaf_late_blight/Lb52_change_90_aug_43aug63.jpg,Tomato_leaf_late_blight,Tomato_leaf_late_blight,0.9999997615814209,1,1.1575641632080078,7.978244781494141,0.16613101959228516,9.30492115020752
dataset/test/Tomato_leaf_late_blight/Lb52_change_90_aug_44aug70.jpg,Tomato_leaf_late_blight,Tomato_leaf_late_blight,0.999994158744812,1,1.0660629272460938,8.043060302734375,0.1709451675415039,9.283013343811035
dataset/test/Tomato_leaf_late_blight/Lb52_change_90aug14.jpg,Tomato_leaf_late_blight,Tomato_leaf_late_blight,0.9999998807907104,1,1.1296005249023438,8.139357566833496,0.16761207580566406,9.439311027526855
dataset/test/Tomato_leaf_late_blight/Lb69_aug_45aug76.jpg,Tomato_leaf_late_blight,Tomato_leaf_late_blight,0.9999945163726807,1,1.0634708404541016,8.117856979370117,0.1664447784423828,9.350310325622559
dataset/test/Tomato_leaf_late_blight/Lb69_aug_46aug72.jpg,Tomato_leaf_late_blight,Tomato_leaf_late_blight,0.9999994039535522,1,1.067805290222168,8.096689224243164,0.16751956939697266,9.33506965637207
dataset/test/Tomato_leaf_late_blight/Lb69_aug_47aug66.jpg,Tomato_leaf_late_blight,Tomato_leaf_late_blight,0.999972939491272,1,1.1349897384643555,8.102042198181152,0.16690826416015625,9.406699180603027
dataset/test/Tomato_leaf_late_blight/Lb69aug15.jpg,Tomato_leaf_late_blight,Tomato_leaf_late_blight,0.9999995231628418,1,1.06134033203125,8.111430168151855,0.16874122619628906,9.344459533691406
dataset/test/Tomato_leaf_late_blight/Lb8_mirror_vertical_aug_10aug118.jpg,Tomato_leaf_late_blight,Tomato_leaf_late_blight,0.9983811378479004,1,1.0777673721313477,8.048857688903809,0.16813087463378906,9.297698974609375
dataset/test/Tomato_leaf_late_blight/Lb8_mirror_vertical_aug_11aug111.jpg,Tomato_leaf_late_blight,Tomato_leaf_late_blight,0.9996833801269531,1,1.1071748733520508,10.599579811096191,0.20600128173828125,11.915681838989258
dataset/test/Tomato_leaf_late_blight/Lb8_mirror_vertical_aug_9aug103.jpg,Tomato_leaf_late_blight,Tomato_leaf_late_blight,0.9999574422836304,1,1.4378814697265625,10.81900691986084,0.24318695068359375,12.503315925598145
dataset/test/Tomato_leaf_late_blight/Lb8_mirror_verticalaug3.jpg,Tomato_leaf_late_blight,Tomato_leaf_late_blight,0.9998965263366699,1,1.3991775512695312,10.866026878356934,0.20789051055908203,12.476593971252441
dataset/test/Tomato_leaf_late_blight/Lb97_aug_21aug84.jpg,Tomato_leaf_late_blight,Tomato_leaf_late_blight,0.9998743534088135,1,1.5873441696166992,11.004859924316406,0.2028522491455078,12.798872947692871
dataset/test/Tomato_leaf_late_blight/Lb97_aug_22aug101.jpg,Tomato_leaf_late_blight,Tomato_leaf_late_blight,0.9998699426651001,1,1.4236230850219727,10.925137519836426,0.20818710327148438,12.560333251953125
dataset/test/Tomato_leaf_late_blight/Lb97_aug_23aug82.jpg,Tomato_leaf_late_blight,Tomato_leaf_late_blight,0.9996645450592041,1,1.4312515258789062,10.824358940124512,0.20454025268554688,12.463296890258789
dataset/test/Tomato_leaf_late_blight/Lb97aug7.jpg,Tomato_leaf_late_blight,Tomato_leaf_late_blight,0.9999970197677612,1,1.4207515716552734,10.817303657531738,0.20590877532958984,12.447186470031738
dataset/test/Tomato_leaf_late_blight/Leaf-2Bsymptoms-2BMDA_jpg.rf.39b220104d04636fad4f5aae043826cb_aug_0aug108.jpg,Tomato_leaf_late_blight,Tomato_leaf_late_blight,0.9999819993972778,1,1.529733657836914,10.745562553405762,0.20607662200927734,12.484390258789062
dataset/test/Tomato_leaf_late_blight/Leaf-2Bsymptoms-2BMDA_jpg.rf.39b220104d04636fad4f5aae043826cb_aug_1aug106.jpg,Tomato_leaf_late_blight,Tomato_leaf_late_blight,0.9999760389328003,1,1.5553627014160156,8.41080379486084,0.15972232818603516,10.12890911102295
dataset/test/Tomato_leaf_late_blight/Leaf-2Bsymptoms-2BMDA_jpg.rf.39b220104d04636fad4f5aae043826cb_aug_2aug119.jpg,Tomato_leaf_late_blight,Tomato_leaf_late_blight,0.9999803304672241,1,1.076303482055664,7.6121673583984375,0.15761280059814453,8.848546981811523
dataset/test/Tomato_leaf_late_blight/Leaf-2Bsymptoms-2BMDA_jpg.rf.39b220104d04636fad4f5aae043826cbaug0.jpg,Tomato_leaf_late_blight,Tomato_leaf_late_blight,0.9999082088470459,1,1.0964899063110352,7.645707130432129,0.15770435333251953,8.902641296386719
dataset/test/Tomato_leaf_late_blight/Tomato-20bacterial-20canker-JPG_jpg.rf.8b568c1d5efcfdcef44c606eb076b889_aug_30aug92.jpg,Tomato_leaf_late_blight,Tomato_leaf_late_blight,0.9938061237335205,1,1.1290273666381836,7.615704536437988,0.1940937042236328,8.941363334655762
dataset/test/Tomato_leaf_late_blight/Tomato-20bacterial-20canker-JPG_jpg.rf.8b568c1d5efcfdcef44c606eb076b889_aug_31aug98.jpg,Tomato_leaf_late_blight,Tomato_leaf_late_blight,0.9936577677726746,1,1.0830078125,7.586944580078125,0.1589651107788086,8.831269264221191
dataset/test/Tomato_leaf_late_blight/Tomato-20bacterial-20canker-JPG_jpg.rf.8b568c1d5efcfdcef44c606eb076b889_aug_32aug90.jpg,Tomato_leaf_late_blight,Tomato_leaf_late_blight,0.9978134632110596,1,1.0762853622436523,7.451537132263184,0.16107654571533203,8.691843032836914
dataset/test/Tomato_leaf_late_blight/Tomato-20bacterial-20canker-JPG_jpg.rf.8b568c1d5efcfdcef44c606eb076b889aug10.jpg,Tomato_leaf_late_blight,Tomato_leaf_late_blight,0.9925105571746826,1,1.2053794860839844,7.552798271179199,0.16038990020751953,8.920881271362305
dataset/test/Tomato_leaf_late_blight/TomatoBlight-JPG_jpg.rf.234cbc5809dc7d942e46760a63e10d9f_aug_33aug88.jpg,Tomato_leaf_late_blight,Tomato_leaf_late_blight,0.9998251795768738,1,1.0430269241333008,7.565020561218262,0.1695566177368164,8.780529022216797
dataset/test/Tomato_leaf_late_blight/TomatoBlight-JPG_jpg.rf.234cbc5809dc7d942e46760a63e10d9f_aug_34aug86.jpg,Tomato_leaf_late_blight,Tomato_leaf_late_blight,0.9997662901878357,1,1.103581428527832,7.593853950500488,0.1618337631225586,8.86212158203125
dataset/test/Tomato_leaf_late_blight/TomatoBlight-JPG_jpg.rf.234cbc5809dc7d942e46760a63e10d9f_aug_35aug93.jpg,Tomato_leaf_late_blight,Tomato_leaf_late_blight,0.999966025352478,1,1.0744524002075195,7.586574554443359,0.1598339080810547,8.823824882507324
dataset/test/Tomato_leaf_late_blight/TomatoBlight-JPG_jpg.rf.234cbc5809dc7d942e46760a63e10d9faug11.jpg,Tomato_leaf_late_blight,Tomato_leaf_late_blight,0.9880152344703674,1,1.0761747360229492,8.319414138793945,0.16051864624023438,9.558923721313477
dataset/test/Tomato_leaf_late_blight/dsc_8140cs_aug_3aug114.jpg,Tomato_leaf_late_blight,Tomato_leaf_late_blight,0.9999986886978149,1,1.091451644897461,7.624242782592773,0.17290878295898438,8.891752243041992
dataset/test/Tomato_leaf_late_blight/dsc_8140cs_aug_4aug99.jpg,Tomato_leaf_late_blight,Tomato_leaf_late_blight,0.9999502897262573,1,1.170175552368164,8.700249671936035,0.1654834747314453,10.038334846496582
dataset/test/Tomato_leaf_late_blight/dsc_8140cs_aug_5aug102.jpg,Tomato_leaf_late_blight,Tomato_leaf_late_blight,0.999731719493866,1,1.1329355239868164,8.00428295135498,0.1645374298095703,9.304644584655762
dataset/test/Tomato_leaf_late_blight/dsc_8140csaug1.jpg,Tomato_leaf_late_blight,Tomato_leaf_late_blight,0.9999071359634399,1,1.1567678451538086,8.858306884765625,0.16481590270996094,10.182687759399414
dataset/test/Tomato_leaf_late_blight/late_jpg.rf.f64883c6ac50eb4f477851ddc23305e8_aug_69aug47.jpg,Tomato_leaf_late_blight,Tomato_leaf_late_blight,0.8435268402099609,1,1.146249771118164,13.435063362121582,0.1722421646118164,14.756221771240234
dataset/test/Tomato_leaf_late_blight/late_jpg.rf.f64883c6ac50eb4f477851ddc23305e8_aug_70aug48.jpg,Tomato_leaf_late_blight,Tomato_leaf_late_blight,0.7091550827026367,1,1.165379524230957,13.93832778930664,0.1767597198486328,15.283706665039062
dataset/test/Tomato_leaf_late_blight/late_jpg.rf.f64883c6ac50eb4f477851ddc23305e8_aug_71aug42.jpg,Tomato_leaf_late_blight,Tomato_leaf_late_blight,0.8115608096122742,1,1.218398094177246,9.593552589416504,0.1647043228149414,10.979267120361328
dataset/test/Tomato_leaf_late_blight/late_jpg.rf.f64883c6ac50eb4f477851ddc23305e8aug23.jpg,Tomato_leaf_late_blight,Tomato_leaf_late_blight,0.7299363613128662,1,1.1678791046142578,8.190171241760254,0.16387271881103516,9.524218559265137
dataset/test/Tomato_leaf_late_blight/lateblightTom_lesionaug30.jpg,Tomato_leaf_late_blight,Tomato_leaf_late_blight,0.3919791579246521,1,1.083786964416504,7.808557510375977,0.16663074493408203,9.061346054077148
dataset/test/Tomato_leaf_late_blight/lb_leaf_lesions2x1200_jpg.rf.3a72cc9627c3ba6d79a876e19220824e_aug_81aug56.jpg,Tomato_leaf_late_blight,Tomato_leaf_late_blight,0.9999996423721313,1,1.0808963775634766,7.998725891113281,0.16666889190673828,9.248496055603027
dataset/test/Tomato_leaf_late_blight/lb_leaf_lesions2x1200_jpg.rf.3a72cc9627c3ba6d79a876e19220824e_aug_82aug62.jpg,Tomato_leaf_late_blight,Tomato_leaf_late_blight,0.9999997615814209,1,1.2407312393188477,10.78587532043457,0.21516895294189453,12.245721817016602
dataset/test/Tomato_leaf_late_blight/lb_leaf_lesions2x1200_jpg.rf.3a72cc9627c3ba6d79a876e19220824e_aug_83aug57.jpg,Tomato_leaf_late_blight,Tomato_leaf_late_blight,1.0,1,1.4494924545288086,10.834359169006348,0.2232799530029297,12.510482788085938
dataset/test/Tomato_leaf_late_blight/lb_leaf_lesions2x1200_jpg.rf.3a72cc9627c3ba6d79a876e19220824eaug27.jpg,Tomato_leaf_late_blight,Tomato_leaf_late_blight,1.0,1,1.5624189376831055,10.962212562561035,0.20494556427001953,12.732853889465332
dataset/test/Tomato_leaf_late_blight/p1020076cs_aug_78aug35.jpg,Tomato_leaf_late_blight,Tomato_leaf_late_blight,0.999997615814209,1,1.5133075714111328,10.770320892333984,0.24615097045898438,12.532890319824219
dataset/test/Tomato_leaf_late_blight/p1020076cs_aug_79aug59.jpg,Tomato_leaf_late_blight,Tomato_leaf_late_blight,0.9999974966049194,1,1.424454689025879,10.834006309509277,0.2071685791015625,12.468945503234863
dataset/test/Tomato_leaf_late_blight/p1020076cs_aug_80aug55.jpg,Tomato_leaf_late_blight,Tomato_leaf_late_blight,1.0,1,1.4043245315551758,10.905858993530273,0.20737171173095703,12.520872116088867
dataset/test/Tomato_leaf_late_blight/p1020076csaug26.jpg,Tomato_leaf_late_blight,Tomato_leaf_late_blight,0.9999972581863403,1,1.4869937896728516,10.934711456298828,0.20394515991210938,12.629131317138672
dataset/test/Tomato_leaf_late_blight/symptoms_of_late_blight_0_jpg.rf.417903f6c86ccb4f4bcd7139e0867018_aug_75aug58.jpg,Tomato_leaf_late_blight,Tomato_leaf_late_blight,0.9999998807907104,1,1.4840288162231445,10.696356773376465,0.21061229705810547,12.394314765930176
dataset/test/Tomato_leaf_late_blight/symptoms_of_late_blight_0_jpg.rf.417903f6c86ccb4f4bcd7139e0867018_aug_76aug54.jpg,Tomato_leaf_late_blight,Tomato_leaf_late_blight,0.9999957084655762,1,1.4878997802734375,7.742169380187988,0.16431617736816406,9.397421836853027
dataset/test/Tomato_leaf_late_blight/symptoms_of_late_blight_0_jpg.rf.417903f6c86ccb4f4bcd7139e0867018_aug_77aug61.jpg,Tomato_leaf_late_blight,Tomato_leaf_late_blight,0.9999998807907104,1,1.1138801574707031,7.9369659423828125,0.15896320343017578,9.212438583374023
dataset/test/Tomato_leaf_late_blight/symptoms_of_late_blight_0_jpg.rf.417903f6c86ccb4f4bcd7139e0867018aug25.jpg,Tomato_leaf_late_blight,Tomato_leaf_late_blight,1.0,1,1.0765447616577148,7.831947326660156,0.1561126708984375,9.066919326782227
dataset/test/Tomato_leaf_late_blight/tomato-late-blight-leaf-61-3x32_aug_12aug112.jpg,Tomato_leaf_late_blight,Tomato_leaf_late_blight,0.9991273283958435,1,1.0149145126342773,7.5099077224731445,0.16674232482910156,8.694509506225586
dataset/test/Tomato_leaf_late_blight/tomato-late-blight-leaf-61-3x32_aug_13aug110.jpg,Tomato_leaf_late_blight,Tomato_leaf_late_blight,0.9991118311882019,1,1.0759344100952148,7.820558547973633,0.1607980728149414,9.059715270996094
dataset/test/Tomato_leaf_late_blight/tomato-late-blight-leaf-61-3x32_aug_14aug105.jpg,Tomato_leaf_late_blight,Tomato_leaf_late_blight,0.9939432740211487,1,1.05474853515625,8.439748764038086,0.17211341857910156,9.669645309448242
dataset/test/Tomato_leaf_late_blight/tomato-late-blight-leaf-61-3x32aug4.jpg,Tomato_leaf_late_blight,Tomato_leaf_late_blight,0.991044282913208,1,1.035080909729004,7.739871978759766,0.16785335540771484,8.945789337158203
dataset/test/Tomato_leaf_late_blight/tomato.early.blightH_aug_18aug100.jpg,Tomato_leaf_late_blight,Tomato_Septoria_leaf_spot,0.9999130964279175,0,1.1097679138183594,7.638149261474609,0.17072296142578125,8.921455383300781
dataset/test/Tomato_leaf_late_blight/tomato.early.blightH_aug_19aug107.jpg,Tomato_leaf_late_blight,Tomato_Septoria_leaf_spot,0.9990299940109253,0,1.1709327697753906,7.581852912902832,0.19457435607910156,8.949901580810547
dataset/test/Tomato_leaf_late_blight/tomato.early.blightH_aug_20aug94.jpg,Tomato_leaf_late_blight,Tomato_Septoria_leaf_spot,0.9994814991950989,0,1.1379890441894531,7.691056251525879,0.15937232971191406,8.990900993347168
dataset/test/Tomato_leaf_late_blight/tomato.early.blightHaug6.jpg,Tomato_leaf_late_blight,Tomato_Septoria_leaf_spot,0.9702000617980957,0,1.1593608856201172,7.583926200866699,0.16092681884765625,8.906844139099121
dataset/test/Tomato_leaf_yellow_curl_virus/1342017-162221-44540_jpg.rf.f68314ea4850dade3a214dec71c83715_aug_77aug56.jpg,Tomato_leaf_yellow_curl_virus,Tomato_leaf_yellow_curl_virus,0.999996542930603,1,1.0897102355957031,8.001115798950195,0.16742801666259766,9.260772705078125
dataset/test/Tomato_leaf_yellow_curl_virus/1342017-162221-44540_jpg.rf.f68314ea4850dade3a214dec71c83715_aug_78aug81.jpg,Tomato_leaf_yellow_curl_virus,Tomato_leaf_yellow_curl_virus,0.9999687671661377,1,1.2135086059570312,8.178247451782227,0.17065048217773438,9.565423965454102
dataset/test/Tomato_leaf_yellow_curl_virus/1342017-162221-44540_jpg.rf.f68314ea4850dade3a214dec71c83715_aug_79aug60.jpg,Tomato_leaf_yellow_curl_virus,Tomato_leaf_yellow_curl_virus,0.9999992847442627,1,1.2014532089233398,8.457525253295898,0.17125988006591797,9.83285140991211
dataset/test/Tomato_leaf_yellow_curl_virus/1342017-162221-44540_jpg.rf.f68314ea4850dade3a214dec71c83715_aug_80aug64.jpg,Tomato_leaf_yellow_curl_virus,Tomato_leaf_yellow_curl_virus,0.9999983310699463,1,1.1823062896728516,8.301877975463867,0.1677408218383789,9.654645919799805
dataset/test/Tomato_leaf_yellow_curl_virus/1342017-162221-44540_jpg.rf.f68314ea4850dade3a214dec71c83715_aug_81aug61.jpg,Tomato_leaf_yellow_curl_virus,Tomato_leaf_yellow_curl_virus,0.9999963045120239,1,1.1908979415893555,8.170208930969238,0.1698160171508789,9.533885955810547
dataset/test/Tomato_leaf_yellow_curl_virus/1342017-162221-44540_jpg.rf.f68314ea4850dade3a214dec71c83715_aug_82aug80.jpg,Tomato_leaf_yellow_curl_virus,Tomato_leaf_yellow_curl_virus,0.999983549118042,1,1.188786506652832,8.2661714553833,0.1839456558227539,9.642459869384766
dataset/test/Tomato_leaf_yellow_curl_virus/1342017-162221-44540_jpg.rf.f68314ea4850dade3a214dec71c83715_aug_83aug70.jpg,Tomato_leaf_yellow_curl_virus,Tomato_leaf_yellow_curl_virus,0.9999991655349731,1,1.2447872161865234,8.21163558959961,0.18535232543945312,9.64512825012207
dataset/test/Tomato_leaf_yellow_curl_virus/1342017-162221-44540_jpg.rf.f68314ea4850dade3a214dec71c83715aug11.jpg,Tomato_leaf_yellow_curl_virus,Tomato_leaf_yellow_curl_virus,0.9999990463256836,1,1.1789169311523438,8.51130485534668,0.16916751861572266,9.861907005310059
dataset/test/Tomato_leaf_yellow_curl_virus/8226402877_9abf151b5b_b_jpg.rf.a2dff27e03c5ab47916df5d873c1590f_aug_70aug66.jpg,Tomato_leaf_yellow_curl_virus,Tomato_leaf_yellow_curl_virus,0.9999992847442627,1,1.182657241821289,8.286450386047363,0.1701488494873047,9.642274856567383
dataset/test/Tomato_leaf_yellow_curl_virus/8226402877_9abf151b5b_b_jpg.rf.a2dff27e03c5ab47916df5d873c1590f_aug_71aug69.jpg,Tomato_leaf_yellow_curl_virus,Tomato_leaf_yellow_curl_virus,0.999998927116394,1,1.141805648803711,8.120190620422363,0.17013168334960938,9.434828758239746
dataset/test/Tomato_leaf_yellow_curl_virus/8226402877_9abf151b5b_b_jpg.rf.a2dff27e03c5ab47916df5d873c1590f_aug_72aug73.jpg,Tomato_leaf_yellow_curl_virus,Tomato_leaf_yellow_curl_virus,0.9999243021011353,1,1.1368045806884766,8.487008094787598,0.19914913177490234,9.826072692871094
dataset/test/Tomato_leaf_yellow_curl_virus/8226402877_9abf151b5b_b_jpg.rf.a2dff27e03c5ab47916df5d873c1590f_aug_73aug54.jpg,Tomato_leaf_yellow_curl_virus,Tomato_leaf_yellow_curl_virus,0.9999991655349731,1,1.1388044357299805,8.083505630493164,0.16655540466308594,9.391495704650879
dataset/test/Tomato_leaf_yellow_curl_virus/8226402877_9abf151b5b_b_jpg.rf.a2dff27e03c5ab47916df5d873c1590f_aug_74aug76.jpg,Tomato_leaf_yellow_curl_virus,Tomato_leaf_yellow_curl_virus,1.0,1,1.1510095596313477,8.245802879333496,0.17126083374023438,9.571089744567871
dataset/test/Tomato_leaf_yellow_curl_virus/8226402877_9abf151b5b_b_jpg.rf.a2dff27e03c5ab47916df5d873c1590f_aug_75aug74.jpg,Tomato_leaf_yellow_curl_virus,Tomato_leaf_yellow_curl_virus,0.9999998807907104,1,1.1616201400756836,8.027134895324707,0.16976070404052734,9.361385345458984
dataset/test/Tomato_leaf_yellow_curl_virus/8226402877_9abf151b5b_b_jpg.rf.a2dff27e03c5ab47916df5d873c1590f_aug_76aug65.jpg,Tomato_leaf_yellow_curl_virus,Tomato_leaf_yellow_curl_virus,0.9999998807907104,1,1.2356395721435547,8.108819961547852,0.16985225677490234,9.517107963562012
dataset/test/Tomato_leaf_yellow_curl_virus/8226402877_9abf151b5b_b_jpg.rf.a2dff27e03c5ab47916df5d873c1590faug10.jpg,Tomato_leaf_yellow_curl_virus,Tomato_leaf_yellow_curl_virus,0.9999934434890747,1,1.2211933135986328,8.207135200500488,0.1703357696533203,9.60114574432373
dataset/test/Tomato_leaf_yellow_curl_virus/DSC01999-JPG_jpg.rf.700fa6596ab8750ad0f1c47a0defe191_aug_84aug53.jpg,Tomato_leaf_yellow_curl_virus,Tomato_leaf_yellow_curl_virus,1.0,1,1.2508068084716797,8.294116973876953,0.17957592010498047,9.727572441101074
dataset/test/Tomato_leaf_yellow_curl_virus/DSC01999-JPG_jpg.rf.700fa6596ab8750ad0f1c47a0defe191_aug_85aug82.jpg,Tomato_leaf_yellow_curl_virus,Tomato_leaf_yellow_curl_virus,0.9999998807907104,1,1.2262296676635742,8.165523529052734,0.16888999938964844,9.563460350036621
dataset/test/Tomato_leaf_yellow_curl_virus/DSC01999-JPG_jpg.rf.700fa6596ab8750ad0f1c47a0defe191_aug_86aug71.jpg,Tomato_leaf_yellow_curl_virus,Tomato_leaf_yellow_curl_virus,0.9999898672103882,1,1.2079343795776367,8.310598373413086,0.1698160171508789,9.690942764282227
dataset/test/Tomato_leaf_yellow_curl_virus/DSC01999-JPG_jpg.rf.700fa6596ab8750ad0f1c47a0defe191_aug_87aug78.jpg,Tomato_leaf_yellow_curl_virus,Tomato_leaf_yellow_curl_virus,0.9999940395355225,1,1.1856746673583984,8.234506607055664,0.1783905029296875,9.60157299041748
dataset/test/Tomato_leaf_yellow_curl_virus/DSC01999-JPG_jpg.rf.700fa6596ab8750ad0f1c47a0defe191_aug_88aug51.jpg,Tomato_leaf_yellow_curl_virus,Tomato_leaf_yellow_curl_virus,0.9999619722366333,1,1.1946582794189453,8.273579597473145,0.16681671142578125,9.637683868408203
dataset/test/Tomato_leaf_yellow_curl_virus/DSC01999-JPG_jpg.rf.700fa6596ab8750ad0f1c47a0defe191_aug_89aug63.jpg,Tomato_leaf_yellow_curl_virus,Tomato_leaf_yellow_curl_virus,0.999974250793457,1,1.217768669128418,8.003707885742188,0.17820453643798828,9.403219223022461
dataset/test/Tomato_leaf_yellow_curl_virus/DSC01999-JPG_jpg.rf.700fa6596ab8750ad0f1c47a0defe191_aug_90aug85.jpg,Tomato_leaf_yellow_curl_virus,Tomato_leaf_yellow_curl_virus,0.9999986886978149,1,1.2000274658203125,7.975614547729492,0.177520751953125,9.35645866394043
dataset/test/Tomato_leaf_yellow_curl_virus/DSC01999-JPG_jpg.rf.700fa6596ab8750ad0f1c47a0defe191aug12.jpg,Tomato_leaf_yellow_curl_virus,Tomato_leaf_yellow_curl_virus,0.999981164932251,1,1.138249397277832,7.745501518249512,0.17574405670166016,9.062381744384766
dataset/test/Tomato_leaf_yellow_curl_virus/DSC01999.JPG_aug_63aug68.jpg,Tomato_leaf_yellow_curl_virus,Tomato_leaf_yellow_curl_virus,0.9999929666519165,1,1.241898536682129,8.0189847946167,0.16576099395751953,9.429181098937988
dataset/test/Tomato_leaf_yellow_curl_virus/DSC01999.JPG_aug_64aug72.jpg,Tomato_leaf_yellow_curl_virus,Tomato_leaf_yellow_curl_virus,0.9999523162841797,1,1.1876020431518555,7.796261787414551,0.16544628143310547,9.151753425598145
dataset/test/Tomato_leaf_yellow_curl_virus/DSC01999.JPG_aug_65aug75.jpg,Tomato_leaf_yellow_curl_virus,Tomato_leaf_yellow_curl_virus,0.9988576173782349,1,1.1900825500488281,7.982762336730957,0.17383384704589844,9.350939750671387
dataset/test/Tomato_leaf_yellow_curl_virus/DSC01999.JPG_aug_66aug58.jpg,Tomato_leaf_yellow_curl_virus,Tomato_leaf_yellow_curl_virus,0.9999488592147827,1,1.2443046569824219,7.960725784301758,0.1801309585571289,9.388347625732422
dataset/test/Tomato_leaf_yellow_curl_virus/DSC01999.JPG_aug_67aug83.jpg,Tomato_leaf_yellow_curl_virus,Tomato_leaf_yellow_curl_virus,0.9997881054878235,1,1.1630830764770508,7.9895219802856445,0.17298221588134766,9.32888412475586
dataset/test/Tomato_leaf_yellow_curl_virus/DSC01999.JPG_aug_68aug79.jpg,Tomato_leaf_yellow_curl_virus,Tomato_leaf_yellow_curl_virus,0.9998313188552856,1,1.1985645294189453,7.9265031814575195,0.18018722534179688,9.308273315429688
dataset/test/Tomato_leaf_yellow_curl_virus/DSC01999.JPG_aug_69aug62.jpg,Tomato_leaf_yellow_curl_virus,Tomato_leaf_yellow_curl_virus,0.9999353885650635,1,1.2030649185180664,8.002372741699219,0.17920494079589844,9.387847900390625
dataset/test/Tomato_leaf_yellow_curl_virus/DSC01999.JPGaug9.jpg,Tomato_leaf_yellow_curl_virus,Tomato_leaf_yellow_curl_virus,0.9998748302459717,1,1.2102127075195312,7.889854431152344,0.17415142059326172,9.276773452758789
dataset/test/Tomato_leaf_yellow_curl_virus/IMG_20251102_155103aug15.jpg,Tomato_leaf_yellow_curl_virus,Tomato_leaf_late_blight,0.48919180035591125,0,1.0789718627929688,7.771039009094238,0.1708526611328125,9.024308204650879
dataset/test/Tomato_leaf_yellow_curl_virus/IMG_20251102_160455_aug_42aug104.jpg,Tomato_leaf_yellow_curl_virus,Tomato_leaf_yellow_curl_virus,0.9531396627426147,1,1.1223974227905273,7.744521141052246,0.1541128158569336,9.02332592010498
dataset/test/Tomato_leaf_yellow_curl_virus/IMG_20251102_160455_aug_43aug111.jpg,Tomato_leaf_yellow_curl_virus,Tomato_leaf_yellow_curl_virus,0.978490948677063,1,1.040618896484375,7.704427719116211,0.1621856689453125,8.909658432006836
dataset/test/Tomato_leaf_yellow_curl_virus/IMG_20251102_160455_aug_44aug112.jpg,Tomato_leaf_yellow_curl_virus,Tomato_Early_blight_leaf,0.5378944873809814,0,1.1398229598999023,7.678169250488281,0.17103862762451172,8.991992950439453
dataset/test/Tomato_leaf_yellow_curl_virus/IMG_20251102_160455_aug_45aug108.jpg,Tomato_leaf_yellow_curl_virus,Tomato_leaf_yellow_curl_virus,0.577018678188324,1,1.0807104110717773,7.803131103515625,0.16657543182373047,9.053085327148438
dataset/test/Tomato_leaf_yellow_curl_virus/IMG_20251102_160455_aug_46aug110.jpg,Tomato_leaf_yellow_curl_virus,Tomato_leaf_yellow_curl_virus,0.7830944657325745,1,1.1065454483032227,7.813873291015625,0.16351985931396484,9.086455345153809
dataset/test/Tomato_leaf_yellow_curl_virus/IMG_20251102_160455_aug_47aug98.jpg,Tomato_leaf_yellow_curl_virus,Tomato_leaf_yellow_curl_virus,0.5532471537590027,1,1.070267677307129,7.856687545776367,0.16181564331054688,9.09123420715332
dataset/test/Tomato_leaf_yellow_curl_virus/IMG_20251102_160455_aug_48aug105.jpg,Tomato_leaf_yellow_curl_virus,Tomato_leaf_yellow_curl_virus,0.4996010363101959,1,1.0683412551879883,7.797540664672852,0.16205501556396484,9.030974388122559
dataset/test/Tomato_leaf_yellow_curl_virus/IMG_20251102_160455aug6.jpg,Tomato_leaf_yellow_curl_virus,Tomato_leaf_yellow_curl_virus,0.6922617554664612,1,1.079859733581543,7.854392051696777,0.16488933563232422,9.10169792175293
dataset/test/Tomato_leaf_yellow_curl_virus/IMG_20251102_160553_aug_35aug49.jpg,Tomato_leaf_yellow_curl_virus,Tomato_leaf_yellow_curl_virus,0.9719611406326294,1,1.190286636352539,7.819094657897949,0.17035293579101562,9.18238353729248
dataset/test/Tomato_leaf_yellow_curl_virus/IMG_20251102_160553_aug_36aug113.jpg,Tomato_leaf_yellow_curl_virus,Tomato_leaf_yellow_curl_virus,0.9938785433769226,1,1.1628227233886719,7.695113182067871,0.17350196838378906,9.033827781677246
dataset/test/Tomato_leaf_yellow_curl_virus/IMG_20251102_160553_aug_37aug114.jpg,Tomato_leaf_yellow_curl_virus,Tomato_leaf_yellow_curl_virus,0.6517142057418823,1,1.1995840072631836,7.767743110656738,0.16800212860107422,9.137808799743652
dataset/test/Tomato_leaf_yellow_curl_virus/IMG_20251102_160553_aug_38aug101.jpg,Tomato_leaf_yellow_curl_virus,Tomato_leaf_yellow_curl_virus,0.9917769432067871,1,1.2128982543945312,7.983466148376465,0.16744422912597656,9.366682052612305
dataset/test/Tomato_leaf_yellow_curl_virus/IMG_20251102_160553_aug_39aug118.jpg,Tomato_leaf_yellow_curl_virus,Tomato_leaf_yellow_curl_virus,0.9350467324256897,1,1.1397485733032227,8.008541107177734,0.16675949096679688,9.318050384521484
dataset/test/Tomato_leaf_yellow_curl_virus/IMG_20251102_160553_aug_40aug19.jpg,Tomato_leaf_yellow_curl_virus,Tomato_leaf_yellow_curl_virus,0.9895755052566528,1,1.1522493362426758,8.003893852233887,0.16563129425048828,9.324809074401855
dataset/test/Tomato_leaf_yellow_curl_virus/IMG_20251102_160553_aug_41aug119.jpg,Tomato_leaf_yellow_curl_virus,Tomato_leaf_yellow_curl_virus,0.8691577911376953,1,1.1787309646606445,8.014689445495605,0.1673727035522461,9.363495826721191
dataset/test/Tomato_leaf_yellow_curl_virus/IMG_20251102_160553aug5.jpg,Tomato_leaf_yellow_curl_virus,Tomato_leaf_yellow_curl_virus,0.9926822781562805,1,1.1995840072631836,8.245136260986328,0.16448402404785156,9.612034797668457
dataset/test/Tomato_leaf_yellow_curl_virus/TYLCV-tomate-DB-445-171_jpg.rf.9d70326900dd981ab5d49063b0d644f0_aug_21aug41.jpg,Tomato_leaf_yellow_curl_virus,Tomato_leaf_yellow_curl_virus,0.9999735355377197,1,1.1262493133544922,8.05526351928711,0.16474151611328125,9.349013328552246
dataset/test/Tomato_leaf_yellow_curl_virus/TYLCV-tomate-DB-445-171_jpg.rf.9d70326900dd981ab5d49063b0d644f0_aug_22aug30.jpg,Tomato_leaf_yellow_curl_virus,Tomato_leaf_yellow_curl_virus,0.9999887943267822,1,1.1605453491210938,8.168449401855469,0.15631580352783203,9.487903594970703
dataset/test/Tomato_leaf_yellow_curl_virus/TYLCV-tomate-DB-445-171_jpg.rf.9d70326900dd981ab5d49063b0d644f0_aug_23aug42.jpg,Tomato_leaf_yellow_curl_virus,Tomato_leaf_yellow_curl_virus,0.999964714050293,1,1.1043415069580078,7.911633491516113,0.16731548309326172,9.186217308044434
dataset/test/Tomato_leaf_yellow_curl_virus/TYLCV-tomate-DB-445-171_jpg.rf.9d70326900dd981ab5d49063b0d644f0_aug_24aug45.jpg,Tomato_leaf_yellow_curl_virus,Tomato_leaf_yellow_curl_virus,0.9999954700469971,1,1.1834535598754883,7.971096038818359,0.17381572723388672,9.33188533782959
dataset/test/Tomato_leaf_yellow_curl_virus/TYLCV-tomate-DB-445-171_jpg.rf.9d70326900dd981ab5d49063b0d644f0_aug_25aug20.jpg,Tomato_leaf_yellow_curl_virus,Tomato_leaf_yellow_curl_virus,0.999985933303833,1,1.1841001510620117,8.007891654968262,0.16594505310058594,9.36047649383545
dataset/test/Tomato_leaf_yellow_curl_virus/TYLCV-tomate-DB-445-171_jpg.rf.9d70326900dd981ab5d49063b0d644f0_aug_26aug18.jpg,Tomato_leaf_yellow_curl_virus,Tomato_leaf_yellow_curl_virus,0.9999885559082031,1,1.147507667541504,10.518320083618164,0.2037973403930664,11.873162269592285
dataset/test/Tomato_leaf_yellow_curl_virus/TYLCV-tomate-DB-445-171_jpg.rf.9d70326900dd981ab5d49063b0d644f0_aug_27aug29.jpg,Tomato_leaf_yellow_curl_virus,Tomato_leaf_yellow_curl_virus,0.9999970197677612,1,1.501326560974121,10.841785430908203,0.20285511016845703,12.549297332763672
dataset/test/Tomato_leaf_yellow_curl_virus/TYLCV-tomate-DB-445-171_jpg.rf.9d70326900dd981ab5d49063b0d644f0aug3.jpg,Tomato_leaf_yellow_curl_virus,Tomato_leaf_yellow_curl_virus,0.9999992847442627,1,1.5148067474365234,10.813209533691406,0.21898365020751953,12.551018714904785
dataset/test/Tomato_leaf_yellow_curl_virus/TYLCV4_jpg.rf.2e4accea501a220be9dc475dd1ca3121_aug_10aug22.jpg,Tomato_leaf_yellow_curl_virus,Tomato_leaf_yellow_curl_virus,0.9999990463256836,1,1.4906024932861328,10.82008171081543,0.21677875518798828,12.531241416931152
dataset/test/Tomato_leaf_yellow_curl_virus/TYLCV4_jpg.rf.2e4accea501a220be9dc475dd1ca3121_aug_11aug44.jpg,Tomato_leaf_yellow_curl_virus,Tomato_leaf_yellow_curl_virus,0.9999990463256836,1,1.4923629760742188,10.906896591186523,0.2158346176147461,12.618927955627441
dataset/test/Tomato_leaf_yellow_curl_virus/TYLCV4_jpg.rf.2e4accea501a220be9dc475dd1ca3121_aug_12aug39.jpg,Tomato_leaf_yellow_curl_virus,Tomato_leaf_yellow_curl_virus,1.0,1,1.5411043167114258,10.85987663269043,0.19878005981445312,12.60318660736084
dataset/test/Tomato_leaf_yellow_curl_virus/TYLCV4_jpg.rf.2e4accea501a220be9dc475dd1ca3121_aug_13aug35.jpg,Tomato_leaf_yellow_curl_virus,Tomato_leaf_yellow_curl_virus,0.9999990463256836,1,1.4968271255493164,11.002878189086914,0.2051858901977539,12.708556175231934
dataset/test/Tomato_leaf_yellow_curl_virus/TYLCV4_jpg.rf.2e4accea501a220be9dc475dd1ca3121_aug_7aug40.jpg,Tomato_leaf_yellow_curl_virus,Tomato_leaf_yellow_curl_virus,0.9999996423721313,1,1.4985857009887695,10.86821174621582,0.22142696380615234,12.592002868652344
dataset/test/Tomato_leaf_yellow_curl_virus/TYLCV4_jpg.rf.2e4accea501a220be9dc475dd1ca3121_aug_8aug33.jpg,Tomato_leaf_yellow_curl_virus,Tomato_leaf_yellow_curl_virus,0.9999992847442627,1,1.4876956939697266,8.462674140930176,0.15977954864501953,10.112759590148926
dataset/test/Tomato_leaf_yellow_curl_virus/TYLCV4_jpg.rf.2e4accea501a220be9dc475dd1ca3121_aug_9aug48.jpg,Tomato_leaf_yellow_curl_virus,Tomato_leaf_yellow_curl_virus,0.9999997615814209,1,1.1289167404174805,7.530555725097656,0.16492748260498047,8.826769828796387
dataset/test/Tomato_leaf_yellow_curl_virus/TYLCV4_jpg.rf.2e4accea501a220be9dc475dd1ca3121aug1.jpg,Tomato_leaf_yellow_curl_virus,Tomato_leaf_yellow_curl_virus,0.9999986886978149,1,1.0983047485351562,7.638945579528809,0.15987110137939453,8.899418830871582
dataset/test/Tomato_leaf_yellow_curl_virus/art_15017325188173_a24a66_aug_14aug36.jpg,Tomato_leaf_yellow_curl_virus,Tomato_leaf_yellow_curl_virus,0.9999998807907104,1,1.0912857055664062,7.445888519287109,0.15900135040283203,8.698583602905273
dataset/test/Tomato_leaf_yellow_curl_virus/art_15017325188173_a24a66_aug_15aug23.jpg,Tomato_leaf_yellow_curl_virus,Tomato_leaf_yellow_curl_virus,1.0,1,1.1030454635620117,7.6197614669799805,0.16744613647460938,8.893104553222656
dataset/test/Tomato_leaf_yellow_curl_virus/art_15017325188173_a24a66_aug_16aug34.jpg,Tomato_leaf_yellow_curl_virus,Tomato_leaf_yellow_curl_virus,1.0,1,1.0970277786254883,7.562129974365234,0.16135406494140625,8.823750495910645
dataset/test/Tomato_leaf_yellow_curl_virus/art_15017325188173_a24a66_aug_17aug43.jpg,Tomato_leaf_yellow_curl_virus,Tomato_leaf_yellow_curl_virus,1.0,1,1.1524524688720703,7.573722839355469,0.1598339080810547,8.888751983642578
dataset/test/Tomato_leaf_yellow_curl_virus/art_15017325188173_a24a66_aug_18aug47.jpg,Tomato_leaf_yellow_curl_virus,Tomato_leaf_yellow_curl_virus,0.9999997615814209,1,1.1223411560058594,7.647706031799316,0.1615753173828125,8.934585571289062
dataset/test/Tomato_leaf_yellow_curl_virus/art_15017325188173_a24a66_aug_19aug25.jpg,Tomato_leaf_yellow_curl_virus,Tomato_leaf_yellow_curl_virus,1.0,1,1.1347122192382812,7.918948173522949,0.16233444213867188,9.218921661376953
dataset/test/Tomato_leaf_yellow_curl_virus/art_15017325188173_a24a66_aug_20aug46.jpg,Tomato_leaf_yellow_curl_virus,Tomato_leaf_yellow_curl_virus,1.0,1,1.107137680053711,7.444927215576172,0.1840200424194336,8.73913860321045
dataset/test/Tomato_leaf_yellow_curl_virus/art_15017325188173_a24a66aug2.jpg,Tomato_leaf_yellow_curl_virus,Tomato_leaf_yellow_curl_virus,1.0,1,1.2259531021118164,7.4834442138671875,0.16073989868164062,8.872769355773926
dataset/test/Tomato_leaf_yellow_curl_virus/psyllid-yellows_jpg.rf.1d99aab2f43a840be530ce313eb0c0fd_aug_56aug57.jpg,Tomato_leaf_yellow_curl_virus,Tomato_leaf_yellow_curl_virus,0.9984557628631592,1,1.0960445404052734,8.44511890411377,0.16602039337158203,9.71038818359375
dataset/test/Tomato_leaf_yellow_curl_virus/psyllid-yellows_jpg.rf.1d99aab2f43a840be530ce313eb0c0fd_aug_57aug84.jpg,Tomato_leaf_yellow_curl_virus,Tomato_leaf_yellow_curl_virus,0.9999991655349731,1,1.1341743469238281,7.977300643920898,0.17411231994628906,9.288790702819824
dataset/test/Tomato_leaf_yellow_curl_virus/psyllid-yellows_jpg.rf.1d99aab2f43a840be530ce313eb0c0fd_aug_58aug52.jpg,Tomato_leaf_yellow_curl_virus,Tomato_leaf_yellow_curl_virus,0.9999991655349731,1,1.1748790740966797,17.987357139587402,0.17140865325927734,19.33662509918213
dataset/test/Tomato_leaf_yellow_curl_virus/psyllid-yellows_jpg.rf.1d99aab2f43a840be530ce313eb0c0fd_aug_59aug77.jpg,Tomato_leaf_yellow_curl_virus,Tomato_leaf_yellow_curl_virus,0.9999960660934448,1,1.1598424911499023,15.978841781616211,0.1713714599609375,17.312870979309082
dataset/test/Tomato_leaf_yellow_curl_virus/psyllid-yellows_jpg.rf.1d99aab2f43a840be530ce313eb0c0fd_aug_60aug86.jpg,Tomato_leaf_yellow_curl_virus,Tomato_leaf_yellow_curl_virus,0.999995231628418,1,1.2811393737792969,8.101226806640625,0.1680011749267578,9.552979469299316
dataset/test/Tomato_leaf_yellow_curl_virus/psyllid-yellows_jpg.rf.1d99aab2f43a840be530ce313eb0c0fd_aug_61aug59.jpg,Tomato_leaf_yellow_curl_virus,Tomato_leaf_yellow_curl_virus,0.9999988079071045,1,1.2468605041503906,8.05980110168457,0.1675567626953125,9.476866722106934
dataset/test/Tomato_leaf_yellow_curl_virus/psyllid-yellows_jpg.rf.1d99aab2f43a840be530ce313eb0c0fd_aug_62aug67.jpg,Tomato_leaf_yellow_curl_virus,Tomato_leaf_yellow_curl_virus,0.9999995231628418,1,1.1400461196899414,7.92474365234375,0.1696310043334961,9.237290382385254
dataset/test/Tomato_leaf_yellow_curl_virus/psyllid-yellows_jpg.rf.1d99aab2f43a840be530ce313eb0c0fdaug8.jpg,Tomato_leaf_yellow_curl_virus,Tomato_leaf_yellow_curl_virus,0.9999979734420776,1,1.1338043212890625,7.844965934753418,0.17840957641601562,9.160457611083984
dataset/test/Tomato_leaf_yellow_curl_virus/tj5itxzunn3k_jpg.rf.4aeda27b2535578e718fe6279491d0d4_aug_49aug102.jpg,Tomato_leaf_yellow_curl_virus,Tomato_leaf_yellow_curl_virus,0.9999986886978149,1,1.1040630340576172,7.904799461364746,0.17811203002929688,9.190178871154785
dataset/test/Tomato_leaf_yellow_curl_virus/tj5itxzunn3k_jpg.rf.4aeda27b2535578e718fe6279491d0d4_aug_50aug109.jpg,Tomato_leaf_yellow_curl_virus,Tomato_leaf_yellow_curl_virus,0.9999998807907104,1,1.1098613739013672,8.02567195892334,0.1671314239501953,9.30556869506836
dataset/test/Tomato_leaf_yellow_curl_virus/tj5itxzunn3k_jpg.rf.4aeda27b2535578e718fe6279491d0d4_aug_51aug99.jpg,Tomato_leaf_yellow_curl_virus,Tomato_leaf_yellow_curl_virus,1.0,1,1.113600730895996,7.936929702758789,0.21820449829101562,9.272161483764648
dataset/test/Tomato_leaf_yellow_curl_virus/tj5itxzunn3k_jpg.rf.4aeda27b2535578e718fe6279491d0d4_aug_52aug103.jpg,Tomato_leaf_yellow_curl_virus,Tomato_leaf_yellow_curl_virus,0.9999992847442627,1,1.0594701766967773,8.049800872802734,0.1674633026123047,9.27942180633545
dataset/test/Tomato_leaf_yellow_curl_virus/tj5itxzunn3k_jpg.rf.4aeda27b2535578e718fe6279491d0d4_aug_53aug100.jpg,Tomato_leaf_yellow_curl_virus,Tomato_leaf_yellow_curl_virus,1.0,1,1.0734167098999023,7.94150447845459,0.16563129425048828,9.183364868164062
dataset/test/Tomato_leaf_yellow_curl_virus/tj5itxzunn3k_jpg.rf.4aeda27b2535578e718fe6279491d0d4_aug_54aug106.jpg,Tomato_leaf_yellow_curl_virus,Tomato_leaf_yellow_curl_virus,1.0,1,1.1113414764404297,7.9813385009765625,0.1654644012451172,9.260920524597168
dataset/test/Tomato_leaf_yellow_curl_virus/tj5itxzunn3k_jpg.rf.4aeda27b2535578e718fe6279491d0d4_aug_55aug107.jpg,Tomato_leaf_yellow_curl_virus,Tomato_leaf_yellow_curl_virus,0.9999951124191284,1,1.0730819702148438,7.894669532775879,0.16768646240234375,9.138253211975098
dataset/test/Tomato_leaf_yellow_curl_virus/tj5itxzunn3k_jpg.rf.4aeda27b2535578e718fe6279491d0d4aug7.jpg,Tomato_leaf_yellow_curl_virus,Tomato_leaf_yellow_curl_virus,0.9999998807907104,1,1.0743045806884766,7.791557312011719,0.1672220230102539,9.035826683044434
dataset/test/Tomato_leaf_yellow_curl_virus/tomato-yellow-closeup-3_aug_28aug16.jpg,Tomato_leaf_yellow_curl_virus,Tomato_Septoria_leaf_spot,0.5020310282707214,0,1.2131938934326172,7.929559707641602,0.16541004180908203,9.310773849487305
dataset/test/Tomato_leaf_yellow_curl_virus/tomato-yellow-closeup-3_aug_29aug27.jpg,Tomato_leaf_yellow_curl_virus,Tomato_leaf_yellow_curl_virus,0.9834932088851929,1,1.140268325805664,7.977781295776367,0.16437149047851562,9.284865379333496
dataset/test/Tomato_leaf_yellow_curl_virus/tomato-yellow-closeup-3_aug_30aug117.jpg,Tomato_leaf_yellow_curl_virus,Tomato_leaf_yellow_curl_virus,0.7827293872833252,1,1.1269712448120117,7.765576362609863,0.16415023803710938,9.059383392333984
dataset/test/Tomato_leaf_yellow_curl_virus/tomato-yellow-closeup-3_aug_31aug31.jpg,Tomato_leaf_yellow_curl_virus,Tomato_Septoria_leaf_spot,0.526814341545105,0,1.1602115631103516,7.8925018310546875,0.17305660247802734,9.229143142700195
dataset/test/Tomato_leaf_yellow_curl_virus/tomato-yellow-closeup-3_aug_32aug115.jpg,Tomato_leaf_yellow_curl_virus,Tomato_leaf_yellow_curl_virus,0.9954255223274231,1,1.1827306747436523,9.651663780212402,0.20666790008544922,11.043915748596191
dataset/test/Tomato_leaf_yellow_curl_virus/tomato-yellow-closeup-3_aug_33aug116.jpg,Tomato_leaf_yellow_curl_virus,Tomato_leaf_yellow_curl_virus,0.9977339506149292,1,1.5642890930175781,10.969878196716309,0.2707996368408203,12.808076858520508
dataset/test/Tomato_leaf_yellow_curl_virus/tomato-yellow-closeup-3_aug_34aug26.jpg,Tomato_leaf_yellow_curl_virus,Tomato_leaf_yellow_curl_virus,0.6292248368263245,1,1.540623664855957,10.682469367980957,0.23437213897705078,12.460556983947754
dataset/test/Tomato_leaf_yellow_curl_virus/tomato-yellow-closeup-3aug4.jpg,Tomato_leaf_yellow_curl_virus,Tomato_leaf_yellow_curl_virus,0.6319558024406433,1,1.4983816146850586,12.179682731628418,0.20772361755371094,13.888919830322266
dataset/test/Tomato_leaf_yellow_curl_virus/tomato-yellow-leaf-curl-virus-tomato-1_aug_100aug92.jpg,Tomato_leaf_yellow_curl_virus,Tomato_leaf_yellow_curl_virus,0.9996693134307861,1,1.5450315475463867,10.952655792236328,0.20685386657714844,12.707669258117676
dataset/test/Tomato_leaf_yellow_curl_virus/tomato-yellow-leaf-curl-virus-tomato-1_aug_101aug95.jpg,Tomato_leaf_yellow_curl_virus,Tomato_leaf_yellow_curl_virus,0.9985721111297607,1,1.5702524185180664,10.933600425720215,0.20565032958984375,12.712890625
dataset/test/Tomato_leaf_yellow_curl_virus/tomato-yellow-leaf-curl-virus-tomato-1_aug_102aug88.jpg,Tomato_leaf_yellow_curl_virus,Tomato_leaf_yellow_curl_virus,0.9999916553497314,1,1.630178451538086,10.997879028320312,0.2066497802734375,12.838003158569336
dataset/test/Tomato_leaf_yellow_curl_virus/tomato-yellow-leaf-curl-virus-tomato-1_aug_103aug93.jpg,Tomato_leaf_yellow_curl_virus,Tomato_leaf_yellow_curl_virus,0.9933765530586243,1,1.555307388305664,9.867018699645996,0.16142749786376953,11.586790084838867
dataset/test/Tomato_leaf_yellow_curl_virus/tomato-yellow-leaf-curl-virus-tomato-1_aug_98aug91.jpg,Tomato_leaf_yellow_curl_virus,Tomato_leaf_yellow_curl_virus,0.9963943362236023,1,1.1308975219726562,7.600872039794922,0.16520404815673828,8.900120735168457
dataset/test/Tomato_leaf_yellow_curl_virus/tomato-yellow-leaf-curl-virus-tomato-1_aug_99aug90.jpg,Tomato_leaf_yellow_curl_virus,Tomato_leaf_yellow_curl_virus,0.9990830421447754,1,1.159398078918457,7.587446212768555,0.1646862030029297,8.914621353149414
dataset/test/Tomato_leaf_yellow_curl_virus/tomato-yellow-leaf-curl-virus-tomato-1aug14.jpg,Tomato_leaf_yellow_curl_virus,Tomato_leaf_yellow_curl_virus,0.9994033575057983,1,1.1008214950561523,7.512093544006348,0.16120433807373047,8.777286529541016
dataset/test/Tomato_leaf_yellow_curl_virus/tomatoyellowleafcurlcropped_aug_91aug55.jpg,Tomato_leaf_yellow_curl_virus,Tomato_leaf_yellow_curl_virus,0.9999949932098389,1,1.074544906616211,7.454463005065918,0.16648197174072266,8.698305130004883
dataset/test/Tomato_leaf_yellow_curl_virus/tomatoyellowleafcurlcropped_aug_92aug89.jpg,Tomato_leaf_yellow_curl_virus,Tomato_leaf_yellow_curl_virus,0.9995518326759338,1,1.1223602294921875,7.540871620178223,0.19661235809326172,8.862770080566406
dataset/test/Tomato_leaf_yellow_curl_virus/tomatoyellowleafcurlcropped_aug_93aug97.jpg,Tomato_leaf_yellow_curl_virus,Tomato_leaf_yellow_curl_virus,0.9999978542327881,1,1.0759706497192383,7.649317741394043,0.15961360931396484,8.887972831726074
dataset/test/Tomato_leaf_yellow_curl_virus/tomatoyellowleafcurlcropped_aug_94aug50.jpg,Tomato_leaf_yellow_curl_virus,Tomato_leaf_yellow_curl_virus,0.9999192953109741,1,1.1096010208129883,7.515185356140137,0.15716838836669922,8.784417152404785
dataset/test/Tomato_leaf_yellow_curl_virus/tomatoyellowleafcurlcropped_aug_95aug87.jpg,Tomato_leaf_yellow_curl_virus,Tomato_leaf_yellow_curl_virus,0.9999781847000122,1,1.0756549835205078,7.6684465408325195,0.17505645751953125,8.922028541564941
dataset/test/Tomato_leaf_yellow_curl_virus/tomatoyellowleafcurlcropped_aug_96aug96.jpg,Tomato_leaf_yellow_curl_virus,Tomato_leaf_yellow_curl_virus,0.9999980926513672,1,1.1499156951904297,7.525814056396484,0.16161251068115234,8.840232849121094
dataset/test/Tomato_leaf_yellow_curl_virus/tomatoyellowleafcurlcropped_aug_97aug94.jpg,Tomato_leaf_yellow_curl_virus,Tomato_leaf_yellow_curl_virus,0.9999207258224487,1,1.1137123107910156,7.613223075866699,0.1604461669921875,8.889900207519531
dataset/test/Tomato_leaf_yellow_curl_virus/tomatoyellowleafcurlcroppedaug13.jpg,Tomato_leaf_yellow_curl_virus,Tomato_leaf_yellow_curl_virus,0.9999960660934448,1,1.0723981857299805,7.647575378417969,0.16109466552734375,8.883769035339355
dataset/test/Tomato_leaf_yellow_curl_virus/virus1_aug_0aug37.jpg,Tomato_leaf_yellow_curl_virus,Tomato_leaf_yellow_curl_virus,0.9999997615814209,1,1.0557661056518555,8.075338363647461,0.16961288452148438,9.303754806518555
dataset/test/Tomato_leaf_yellow_curl_virus/virus1_aug_1aug21.jpg,Tomato_leaf_yellow_curl_virus,Tomato_leaf_yellow_curl_virus,0.9997217059135437,1,1.1001567840576172,8.03935718536377,0.2007617950439453,9.343586921691895
dataset/test/Tomato_leaf_yellow_curl_virus/virus1_aug_2aug24.jpg,Tomato_leaf_yellow_curl_virus,Tomato_leaf_yellow_curl_virus,0.9999945163726807,1,1.100712776184082,8.098912239074707,0.16698265075683594,9.369403839111328
dataset/test/Tomato_leaf_yellow_curl_virus/virus1_aug_3aug17.jpg,Tomato_leaf_yellow_curl_virus,Tomato_leaf_yellow_curl_virus,0.9997046589851379,1,1.1142292022705078,8.008448600769043,0.1774282455444336,9.303382873535156
dataset/test/Tomato_leaf_yellow_curl_virus/virus1_aug_4aug28.jpg,Tomato_leaf_yellow_curl_virus,Tomato_leaf_yellow_curl_virus,0.9998353719711304,1,1.1109724044799805,8.176023483276367,0.16620445251464844,9.456107139587402
dataset/test/Tomato_leaf_yellow_curl_virus/virus1_aug_5aug32.jpg,Tomato_leaf_yellow_curl_virus,Tomato_leaf_yellow_curl_virus,0.9997046589851379,1,1.1063241958618164,8.146411895751953,0.1634817123413086,9.418811798095703
dataset/test/Tomato_leaf_yellow_curl_virus/virus1_aug_6aug38.jpg,Tomato_leaf_yellow_curl_virus,Tomato_leaf_yellow_curl_virus,0.9995803236961365,1,1.1052122116088867,8.056356430053711,0.16394519805908203,9.32816219329834
dataset/test/Tomato_leaf_yellow_curl_virus/virus1aug0.jpg,Tomato_leaf_yellow_curl_virus,Tomato_leaf_yellow_curl_virus,0.9998050332069397,1,1.1407861709594727,7.952057838439941,0.17046356201171875,9.265698432922363
dataset/test/Tomato_mold_leaf/IMG-20240724-WA0020_aug_68aug87.jpg,Tomato_mold_leaf,Tomato_mold_leaf,0.982026994228363,1,1.2124719619750977,7.99361515045166,0.16744613647460938,9.376218795776367
dataset/test/Tomato_mold_leaf/IMG-20240724-WA0020_aug_69aug97.jpg,Tomato_mold_leaf,Tomato_mold_leaf,0.9318928718566895,1,1.1432123184204102,8.016373634338379,0.16718769073486328,9.329607009887695
dataset/test/Tomato_mold_leaf/IMG-20240724-WA0020_aug_70aug82.jpg,Tomato_mold_leaf,Tomato_mold_leaf,0.9993181228637695,1,1.1974906921386719,8.172225952148438,0.1692790985107422,9.541848182678223
dataset/test/Tomato_mold_leaf/IMG-20240724-WA0020_aug_71aug98.jpg,Tomato_mold_leaf,Tomato_mold_leaf,0.9792831540107727,1,1.1189899444580078,7.759465217590332,0.16466808319091797,9.04599380493164
dataset/test/Tomato_mold_leaf/IMG-20240724-WA0020aug17.jpg,Tomato_mold_leaf,Tomato_mold_leaf,0.988966166973114,1,1.1190814971923828,7.818187713623047,0.1616678237915039,9.101568222045898
dataset/test/Tomato_mold_leaf/IMG-20240724-WA0044_aug_10aug44.jpg,Tomato_mold_leaf,Tomato_mold_leaf,0.9184525012969971,1,1.1061372756958008,7.820021629333496,0.1746683120727539,9.103585243225098
dataset/test/Tomato_mold_leaf/IMG-20240724-WA0044_aug_11aug49.jpg,Tomato_mold_leaf,Tomato_leaf_late_blight,0.4456566572189331,0,1.1562118530273438,7.8104658126831055,0.17261219024658203,9.142789840698242
dataset/test/Tomato_mold_leaf/IMG-20240724-WA0044_aug_8aug35.jpg,Tomato_mold_leaf,Tomato_mold_leaf,0.7856593728065491,1,1.127711296081543,7.8929290771484375,0.1661663055419922,9.189270973205566
dataset/test/Tomato_mold_leaf/IMG-20240724-WA0044_aug_9aug41.jpg,Tomato_mold_leaf,Tomato_mold_leaf,0.6436335444450378,1,1.0875635147094727,7.707742691040039,0.17401981353759766,8.972938537597656
dataset/test/Tomato_mold_leaf/IMG-20240724-WA0044aug2.jpg,Tomato_mold_leaf,Tomato_mold_leaf,0.6072750687599182,1,1.1858234405517578,7.599613189697266,0.24224281311035156,9.03027057647705
dataset/test/Tomato_mold_leaf/IMG-20240724-WA0055_aug_28aug27.jpg,Tomato_mold_leaf,Tomato_mold_leaf,0.9966906309127808,1,1.1113414764404297,7.866466522216797,0.16324138641357422,9.14367961883545
dataset/test/Tomato_mold_leaf/IMG-20240724-WA0055_aug_29aug28.jpg,Tomato_mold_leaf,Tomato_mold_leaf,0.9992815852165222,1,1.1193790435791016,7.846372604370117,0.17442703247070312,9.143328666687012
dataset/test/Tomato_mold_leaf/IMG-20240724-WA0055_aug_30aug43.jpg,Tomato_mold_leaf,Tomato_mold_leaf,0.9995392560958862,1,1.1380996704101562,7.798372268676758,0.17279720306396484,9.112271308898926
dataset/test/Tomato_mold_leaf/IMG-20240724-WA0055_aug_31aug50.jpg,Tomato_mold_leaf,Tomato_mold_leaf,0.9998082518577576,1,1.1403236389160156,7.7776689529418945,0.1565380096435547,9.077030181884766
dataset/test/Tomato_mold_leaf/IMG-20240724-WA0055aug7.jpg,Tomato_mold_leaf,Tomato_mold_leaf,0.9997568726539612,1,1.0801944732666016,7.954095840454102,0.1766500473022461,9.213845252990723
dataset/test/Tomato_mold_leaf/IMG-20240724-WA0065_aug_80aug69.jpg,Tomato_mold_leaf,Tomato_mold_leaf,0.9999921321868896,1,1.1878423690795898,7.924004554748535,0.16775989532470703,9.282142639160156
dataset/test/Tomato_mold_leaf/IMG-20240724-WA0065_aug_81aug70.jpg,Tomato_mold_leaf,Tomato_mold_leaf,0.999417781829834,1,1.218973159790039,7.980929374694824,0.1688547134399414,9.37182903289795
dataset/test/Tomato_mold_leaf/IMG-20240724-WA0065_aug_82aug66.jpg,Tomato_mold_leaf,Tomato_mold_leaf,0.999925971031189,1,1.1513967514038086,8.06374454498291,0.17290878295898438,9.390884399414062
dataset/test/Tomato_mold_leaf/IMG-20240724-WA0065_aug_83aug65.jpg,Tomato_mold_leaf,Tomato_mold_leaf,0.9997342228889465,1,1.1416015625,8.11298656463623,0.17411136627197266,9.431774139404297
dataset/test/Tomato_mold_leaf/IMG-20240724-WA0065aug20.jpg,Tomato_mold_leaf,Tomato_mold_leaf,0.9998654127120972,1,1.184433937072754,8.043560028076172,0.1681680679321289,9.398810386657715
dataset/test/Tomato_mold_leaf/IMG-20240725-WA0031_aug_0aug46.jpg,Tomato_mold_leaf,Tomato_mold_leaf,0.9956032037734985,1,1.0959339141845703,8.191468238830566,0.16768741607666016,9.458052635192871
dataset/test/Tomato_mold_leaf/IMG-20240725-WA0031_aug_1aug47.jpg,Tomato_mold_leaf,Tomato_mold_leaf,0.9995599389076233,1,1.0948600769042969,8.060059547424316,0.16718578338623047,9.32510757446289
dataset/test/Tomato_mold_leaf/IMG-20240725-WA0031_aug_2aug37.jpg,Tomato_mold_leaf,Tomato_mold_leaf,0.9956032037734985,1,1.1372871398925781,8.606637954711914,0.1664276123046875,9.913278579711914
dataset/test/Tomato_mold_leaf/IMG-20240725-WA0031_aug_3aug45.jpg,Tomato_mold_leaf,Tomato_mold_leaf,0.9989705085754395,1,1.0825080871582031,8.062968254089355,0.16666698455810547,9.315069198608398
dataset/test/Tomato_mold_leaf/IMG-20240725-WA0031aug0.jpg,Tomato_mold_leaf,Tomato_mold_leaf,0.8519170880317688,1,1.1038408279418945,8.214820861816406,0.16726112365722656,9.489126205444336
dataset/test/Tomato_mold_leaf/IMG-20240725-WA0039_aug_72aug79.jpg,Tomato_mold_leaf,Tomato_mold_leaf,0.9999998807907104,1,1.1033430099487305,8.049225807189941,0.16490936279296875,9.320531845092773
dataset/test/Tomato_mold_leaf/IMG-20240725-WA0039_aug_73aug95.jpg,Tomato_mold_leaf,Tomato_mold_leaf,0.9999998807907104,1,1.1025276184082031,8.043540954589844,0.16631603240966797,9.31512451171875
dataset/test/Tomato_mold_leaf/IMG-20240725-WA0039_aug_74aug71.jpg,Tomato_mold_leaf,Tomato_mold_leaf,0.9999995231628418,1,1.140934944152832,7.925539016723633,0.1669445037841797,9.236384391784668
dataset/test/Tomato_mold_leaf/IMG-20240725-WA0039_aug_75aug80.jpg,Tomato_mold_leaf,Tomato_mold_leaf,0.9999996423721313,1,1.1442489624023438,7.985781669616699,0.1685934066772461,9.301421165466309
dataset/test/Tomato_mold_leaf/IMG-20240725-WA0039aug18.jpg,Tomato_mold_leaf,Tomato_mold_leaf,0.9999110698699951,1,1.1025819778442383,8.043671607971191,0.1667041778564453,9.315810203552246
dataset/test/Tomato_mold_leaf/IMG-20240727-WA0038_aug_40aug105.jpg,Tomato_mold_leaf,Tomato_mold_leaf,0.9912253022193909,1,1.1614904403686523,8.111855506896973,0.16875934600830078,9.44484806060791
dataset/test/Tomato_mold_leaf/IMG-20240727-WA0038_aug_41aug106.jpg,Tomato_mold_leaf,Tomato_mold_leaf,0.991260826587677,1,1.120100975036621,8.100319862365723,0.16657543182373047,9.38969898223877
dataset/test/Tomato_mold_leaf/IMG-20240727-WA0038_aug_42aug116.jpg,Tomato_mold_leaf,Tomato_mold_leaf,0.9999877214431763,1,1.0988407135009766,8.068283081054688,0.16589069366455078,9.335644721984863
dataset/test/Tomato_mold_leaf/IMG-20240727-WA0038_aug_43aug110.jpg,Tomato_mold_leaf,Tomato_mold_leaf,0.9901041388511658,1,1.165989875793457,8.08498764038086,0.16846370697021484,9.422663688659668
dataset/test/Tomato_mold_leaf/IMG-20240727-WA0038aug10.jpg,Tomato_mold_leaf,Tomato_mold_leaf,0.9999827146530151,1,1.0956001281738281,8.13870906829834,0.16909313201904297,9.406070709228516
dataset/test/Tomato_mold_leaf/IMG-20240727-WA0040_aug_56aug92.jpg,Tomato_mold_leaf,Tomato_mold_leaf,0.9999915361404419,1,1.1021928787231445,9.424680709838867,0.20620441436767578,10.736432075500488
dataset/test/Tomato_mold_leaf/IMG-20240727-WA0040_aug_57aug83.jpg,Tomato_mold_leaf,Tomato_mold_leaf,0.9999849796295166,1,1.4661226272583008,10.85241413116455,0.20574188232421875,12.527889251708984
dataset/test/Tomato_mold_leaf/IMG-20240727-WA0040_aug_58aug77.jpg,Tomato_mold_leaf,Tomato_mold_leaf,0.9999732971191406,1,1.4501962661743164,10.854358673095703,0.20713138580322266,12.51564884185791
dataset/test/Tomato_mold_leaf/IMG-20240727-WA0040_aug_59aug94.jpg,Tomato_mold_leaf,Tomato_mold_leaf,0.999998927116394,1,1.4699554443359375,10.848506927490234,0.20668601989746094,12.52872371673584
dataset/test/Tomato_mold_leaf/IMG-20240727-WA0040aug14.jpg,Tomato_mold_leaf,Tomato_mold_leaf,0.9999934434890747,1,1.4573822021484375,10.906877517700195,0.19800186157226562,12.565482139587402
dataset/test/Tomato_mold_leaf/IMG-20240727-WA0124_aug_20aug54.jpg,Tomato_mold_leaf,Tomato_mold_leaf,0.9999992847442627,1,1.4745101928710938,10.704116821289062,0.20737171173095703,12.3894624710083
dataset/test/Tomato_mold_leaf/IMG-20240727-WA0124_aug_21aug38.jpg,Tomato_mold_leaf,Tomato_mold_leaf,0.9999873638153076,1,1.5287160873413086,10.826173782348633,0.21798419952392578,12.576946258544922
dataset/test/Tomato_mold_leaf/IMG-20240727-WA0124_aug_22aug31.jpg,Tomato_mold_leaf,Tomato_mold_leaf,0.9999897480010986,1,1.522660255432129,10.848803520202637,0.20722389221191406,12.582518577575684
dataset/test/Tomato_mold_leaf/IMG-20240727-WA0124_aug_23aug55.jpg,Tomato_mold_leaf,Tomato_mold_leaf,0.9999858140945435,1,1.4901599884033203,10.052983283996582,0.1953897476196289,11.741883277893066
dataset/test/Tomato_mold_leaf/IMG-20240727-WA0124aug5.jpg,Tomato_mold_leaf,Tomato_mold_leaf,1.0,1,1.0582685470581055,7.592279434204102,0.16098308563232422,8.814176559448242
dataset/test/Tomato_mold_leaf/IMG-20240727-WA0153_aug_92aug58.jpg,Tomato_mold_leaf,Tomato_mold_leaf,0.9999995231628418,1,1.0455818176269531,7.581315040588379,0.16951942443847656,8.799731254577637
dataset/test/Tomato_mold_leaf/IMG-20240727-WA0153_aug_93aug60.jpg,Tomato_mold_leaf,Tomato_mold_leaf,0.9999487400054932,1,1.0497674942016602,7.653817176818848,0.1719818115234375,8.879937171936035
dataset/test/Tomato_mold_leaf/IMG-20240727-WA0153aug23.jpg,Tomato_mold_leaf,Tomato_mold_leaf,0.9992486834526062,1,1.062896728515625,7.575203895568848,0.1695575714111328,8.810713768005371
dataset/test/Tomato_mold_leaf/IMG-20240727-WA0165aug25.jpg,Tomato_mold_leaf,Tomato_mold_leaf,0.9998699426651001,1,1.0811195373535156,7.65103816986084,0.17246437072753906,8.908491134643555
dataset/test/Tomato_mold_leaf/IMG-20240728-WA0028_aug_64aug91.jpg,Tomato_mold_leaf,Tomato_mold_leaf,0.9995241165161133,1,1.0446557998657227,7.539222717285156,0.16472434997558594,8.751288414001465
dataset/test/Tomato_mold_leaf/IMG-20240728-WA0028_aug_65aug86.jpg,Tomato_mold_leaf,Tomato_mold_leaf,0.9998705387115479,1,1.027878761291504,7.458759307861328,0.17426109313964844,8.664064407348633
dataset/test/Tomato_mold_leaf/IMG-20240728-WA0028_aug_66aug78.jpg,Tomato_mold_leaf,Tomato_mold_leaf,0.9999368190765381,1,1.1490631103515625,7.836243629455566,0.1620016098022461,9.149604797363281
dataset/test/Tomato_mold_leaf/IMG-20240728-WA0028_aug_67aug99.jpg,Tomato_mold_leaf,Tomato_mold_leaf,0.9986482262611389,1,1.0748958587646484,7.633964538574219,0.16068649291992188,8.87178897857666
dataset/test/Tomato_mold_leaf/IMG-20240728-WA0028aug16.jpg,Tomato_mold_leaf,Tomato_mold_leaf,0.9998805522918701,1,1.0660810470581055,7.599684715270996,0.16007614135742188,8.828547477722168
dataset/test/Tomato_mold_leaf/IMG-20240728-WA0068_aug_12aug29.jpg,Tomato_mold_leaf,Tomato_mold_leaf,0.9999268054962158,1,1.0608787536621094,8.51785945892334,0.16135311126708984,9.742591857910156
dataset/test/Tomato_mold_leaf/IMG-20240728-WA0068_aug_13aug30.jpg,Tomato_mold_leaf,Tomato_mold_leaf,0.9994819760322571,1,1.0548591613769531,7.993836402893066,0.16350173950195312,9.214828491210938
dataset/test/Tomato_mold_leaf/IMG-20240728-WA0068_aug_14aug56.jpg,Tomato_mold_leaf,Tomato_mold_leaf,0.9999502897262573,1,1.4316225051879883,16.260732650756836,0.16483402252197266,17.8604097366333
dataset/test/Tomato_mold_leaf/IMG-20240728-WA0068_aug_15aug42.jpg,Tomato_mold_leaf,Tomato_mold_leaf,0.9999420642852783,1,1.085545539855957,14.977611541748047,0.16942787170410156,16.23525047302246
dataset/test/Tomato_mold_leaf/IMG-20240728-WA0068aug3.jpg,Tomato_mold_leaf,Tomato_mold_leaf,0.9999178647994995,1,1.0911016464233398,8.880491256713867,0.16777992248535156,10.142538070678711
dataset/test/Tomato_mold_leaf/IMG-20240728-WA0074_aug_44aug102.jpg,Tomato_mold_leaf,Tomato_mold_leaf,0.999923586845398,1,1.1584148406982422,8.278912544250488,0.17022418975830078,9.610072135925293
dataset/test/Tomato_mold_leaf/IMG-20240728-WA0074_aug_45aug75.jpg,Tomato_mold_leaf,Tomato_mold_leaf,0.9991809725761414,1,1.1050653457641602,8.021245002746582,0.1660757064819336,9.295088768005371
dataset/test/Tomato_mold_leaf/IMG-20240728-WA0074_aug_46aug89.jpg,Tomato_mold_leaf,Tomato_mold_leaf,0.999869704246521,1,1.1354894638061523,7.9028730392456055,0.20461273193359375,9.246180534362793
dataset/test/Tomato_mold_leaf/IMG-20240728-WA0074_aug_47aug111.jpg,Tomato_mold_leaf,Tomato_mold_leaf,0.9996678829193115,1,1.102156639099121,7.975800514221191,0.16272258758544922,9.243217468261719
dataset/test/Tomato_mold_leaf/IMG-20240728-WA0074aug11.jpg,Tomato_mold_leaf,Tomato_mold_leaf,0.9995960593223572,1,1.0991382598876953,7.755908966064453,0.16944503784179688,9.02697467803955
dataset/test/Tomato_mold_leaf/IMG-20240728-WA0075aug24.jpg,Tomato_mold_leaf,Tomato_mold_leaf,0.9947565793991089,1,1.1343612670898438,8.087226867675781,0.17263126373291016,9.396829605102539
dataset/test/Tomato_mold_leaf/IMG-20240728-WA0087_aug_32aug113.jpg,Tomato_mold_leaf,Tomato_mold_leaf,0.9995342493057251,1,1.2208242416381836,8.260154724121094,0.1703348159790039,9.653848648071289
dataset/test/Tomato_mold_leaf/IMG-20240728-WA0087_aug_33aug112.jpg,Tomato_mold_leaf,Tomato_mold_leaf,0.9999091625213623,1,1.1467304229736328,8.296858787536621,0.17607498168945312,9.62285041809082
dataset/test/Tomato_mold_leaf/IMG-20240728-WA0087_aug_34aug104.jpg,Tomato_mold_leaf,Tomato_mold_leaf,0.9961394667625427,1,1.1861190795898438,8.1650972366333,0.16777896881103516,9.521644592285156
dataset/test/Tomato_mold_leaf/IMG-20240728-WA0087_aug_35aug100.jpg,Tomato_mold_leaf,Tomato_mold_leaf,0.9997110962867737,1,1.1536006927490234,8.336081504821777,0.17155742645263672,9.663424491882324
dataset/test/Tomato_mold_leaf/IMG-20240728-WA0087aug8.jpg,Tomato_mold_leaf,Tomato_mold_leaf,0.9881807565689087,1,1.1444168090820312,8.244340896606445,0.17003917694091797,9.5614595413208
dataset/test/Tomato_mold_leaf/IMG-20240728-WA0093_aug_76aug90.jpg,Tomato_mold_leaf,Tomato_mold_leaf,0.9999994039535522,1,1.131601333618164,8.301227569580078,0.16913127899169922,9.604756355285645
dataset/test/Tomato_mold_leaf/IMG-20240728-WA0093_aug_77aug68.jpg,Tomato_mold_leaf,Tomato_mold_leaf,0.9999997615814209,1,1.0956010818481445,8.232950210571289,0.17002010345458984,9.50132942199707
dataset/test/Tomato_mold_leaf/IMG-20240728-WA0093_aug_78aug93.jpg,Tomato_mold_leaf,Tomato_mold_leaf,1.0,1,1.1276378631591797,8.2791166305542,0.16848278045654297,9.577608108520508
dataset/test/Tomato_mold_leaf/IMG-20240728-WA0093_aug_79aug64.jpg,Tomato_mold_leaf,Tomato_mold_leaf,0.9999998807907104,1,1.090989112854004,8.178524017333984,0.16813087463378906,9.440275192260742
dataset/test/Tomato_mold_leaf/IMG-20240728-WA0093aug19.jpg,Tomato_mold_leaf,Tomato_mold_leaf,1.0,1,1.0923404693603516,8.121207237243652,0.1621866226196289,9.378551483154297
dataset/test/Tomato_mold_leaf/IMG-20240728-WA0101_aug_84aug73.jpg,Tomato_mold_leaf,Tomato_mold_leaf,0.9999958276748657,1,1.1465272903442383,8.035021781921387,0.17048263549804688,9.354273796081543
dataset/test/Tomato_mold_leaf/IMG-20240728-WA0101_aug_85aug72.jpg,Tomato_mold_leaf,Tomato_mold_leaf,0.9999809265136719,1,1.1616573333740234,7.94537353515625,0.1668529510498047,9.276679992675781
dataset/test/Tomato_mold_leaf/IMG-20240728-WA0101_aug_86aug67.jpg,Tomato_mold_leaf,Tomato_mold_leaf,0.999988317489624,1,1.1507682800292969,7.836835861206055,0.16309356689453125,9.153271675109863
dataset/test/Tomato_mold_leaf/IMG-20240728-WA0101_aug_87aug74.jpg,Tomato_mold_leaf,Tomato_mold_leaf,0.9999971389770508,1,1.1443977355957031,8.907732963562012,0.17237186431884766,10.228113174438477
dataset/test/Tomato_mold_leaf/IMG-20240728-WA0101aug21.jpg,Tomato_mold_leaf,Tomato_mold_leaf,0.9999971389770508,1,1.1296930313110352,8.030282974243164,0.1756124496459961,9.338642120361328
dataset/test/Tomato_mold_leaf/IMG-20240728-WA0103_aug_48aug107.jpg,Tomato_mold_leaf,Tomato_mold_leaf,0.999517560005188,1,1.1060819625854492,8.12624454498291,0.16603851318359375,9.401144027709961
dataset/test/Tomato_mold_leaf/IMG-20240728-WA0103_aug_49aug76.jpg,Tomato_mold_leaf,Tomato_mold_leaf,0.9999978542327881,1,1.1149349212646484,7.9418745040893555,0.15939044952392578,9.218568801879883
dataset/test/Tomato_mold_leaf/IMG-20240728-WA0103_aug_50aug114.jpg,Tomato_mold_leaf,Tomato_mold_leaf,0.9999939203262329,1,1.1035079956054688,7.895133018493652,0.17546367645263672,9.177531242370605
dataset/test/Tomato_mold_leaf/IMG-20240728-WA0103_aug_51aug84.jpg,Tomato_mold_leaf,Tomato_mold_leaf,0.9999983310699463,1,1.1514148712158203,7.8990020751953125,0.1782979965209961,9.231828689575195
dataset/test/Tomato_mold_leaf/IMG-20240728-WA0103aug12.jpg,Tomato_mold_leaf,Tomato_mold_leaf,0.9999992847442627,1,1.1668052673339844,7.861762046813965,0.16394615173339844,9.19542121887207
dataset/test/Tomato_mold_leaf/IMG-20240812-WA0183_aug_88aug59.jpg,Tomato_mold_leaf,Tomato_leaf_late_blight,0.5165516138076782,0,1.0895824432373047,9.679793357849121,0.24631690979003906,11.019119262695312
dataset/test/Tomato_mold_leaf/IMG-20240812-WA0183_aug_89aug61.jpg,Tomato_mold_leaf,Tomato_Septoria_leaf_spot,0.6075393557548523,0,1.4741792678833008,10.91360092163086,0.2008342742919922,12.59207534790039
dataset/test/Tomato_mold_leaf/IMG-20240812-WA0183_aug_90aug63.jpg,Tomato_mold_leaf,Tomato_leaf_late_blight,0.585906982421875,0,1.4398269653320312,10.618690490722656,0.20559406280517578,12.267498970031738
dataset/test/Tomato_mold_leaf/IMG-20240812-WA0183_aug_91aug62.jpg,Tomato_mold_leaf,Tomato_leaf_late_blight,0.6262405514717102,0,1.4633073806762695,10.827544212341309,0.2059640884399414,12.500277519226074
dataset/test/Tomato_mold_leaf/IMG-20240812-WA0183aug22.jpg,Tomato_mold_leaf,Tomato_Early_blight_leaf,0.6662397980690002,0,1.525197982788086,10.837468147277832,0.21737289428710938,12.58435344696045
dataset/test/Tomato_mold_leaf/IMG_20251102_155435_aug_24aug39.jpg,Tomato_mold_leaf,Tomato_Early_blight_leaf,0.9409488439559937,0,1.4554557800292969,11.277788162231445,0.20616722106933594,12.942819595336914
dataset/test/Tomato_mold_leaf/IMG_20251102_155435_aug_25aug51.jpg,Tomato_mold_leaf,Tomato_Early_blight_leaf,0.9658463001251221,0,1.6411609649658203,10.883672714233398,0.2066478729248047,12.735186576843262
dataset/test/Tomato_mold_leaf/IMG_20251102_155435_aug_26aug26.jpg,Tomato_mold_leaf,Tomato_Early_blight_leaf,0.938215970993042,0,1.5013437271118164,10.978656768798828,0.2062234878540039,12.689557075500488
dataset/test/Tomato_mold_leaf/IMG_20251102_155435_aug_27aug52.jpg,Tomato_mold_leaf,Tomato_Early_blight_leaf,0.6831550002098083,0,1.4430656433105469,9.348570823669434,0.16172409057617188,10.956174850463867
dataset/test/Tomato_mold_leaf/IMG_20251102_155435aug6.jpg,Tomato_mold_leaf,Tomato_Early_blight_leaf,0.8894051909446716,0,1.076582908630371,7.61016845703125,0.15963172912597656,8.848603248596191
dataset/test/Tomato_mold_leaf/Leaf+mold+tomato+_25283_2529.JPG_aug_36aug118.jpg,Tomato_mold_leaf,Tomato_Healthy_leaf,0.6249800324440002,0,1.109675407409668,7.576038360595703,0.1620006561279297,8.85004711151123
dataset/test/Tomato_mold_leaf/Leaf+mold+tomato+_25283_2529.JPG_aug_37aug117.jpg,Tomato_mold_leaf,Tomato_Septoria_leaf_spot,0.6282092928886414,0,1.0864343643188477,7.629389762878418,0.15700149536132812,8.875288009643555
dataset/test/Tomato_mold_leaf/Leaf+mold+tomato+_25283_2529.JPG_aug_38aug119.jpg,Tomato_mold_leaf,Tomato_Healthy_leaf,0.8009880185127258,0,1.1035079956054688,7.481870651245117,0.16050148010253906,8.748825073242188
dataset/test/Tomato_mold_leaf/Leaf+mold+tomato+_25283_2529.JPG_aug_39aug103.jpg,Tomato_mold_leaf,Tomato_Healthy_leaf,0.8740679025650024,0,1.2667865753173828,7.455554962158203,0.16229724884033203,8.887361526489258
dataset/test/Tomato_mold_leaf/Leaf+mold+tomato+_25283_2529.JPGaug9.jpg,Tomato_mold_leaf,Tomato_Healthy_leaf,0.48602885007858276,0,1.1112852096557617,7.559223175048828,0.16176128387451172,8.835122108459473
dataset/test/Tomato_mold_leaf/Leaf-mold-caused-by-the-fungal-pathogen-Passalore-fulva-in-tomatoes_aug_16aug33.jpg,Tomato_mold_leaf,Tomato_Septoria_leaf_spot,0.9578872919082642,0,1.0385818481445312,7.663741111755371,0.16092777252197266,8.866103172302246
dataset/test/Tomato_mold_leaf/Leaf-mold-caused-by-the-fungal-pathogen-Passalore-fulva-in-tomatoes_aug_17aug57.jpg,Tomato_mold_leaf,Tomato_Septoria_leaf_spot,0.9603440165519714,0,1.0441360473632812,7.557258605957031,0.17126083374023438,8.775436401367188
dataset/test/Tomato_mold_leaf/Leaf-mold-caused-by-the-fungal-pathogen-Passalore-fulva-in-tomatoes_aug_18aug32.jpg,Tomato_mold_leaf,Tomato_Septoria_leaf_spot,0.4912177622318268,0,1.052638053894043,7.605315208435059,0.15909481048583984,8.820103645324707
dataset/test/Tomato_mold_leaf/Leaf-mold-caused-by-the-fungal-pathogen-Passalore-fulva-in-tomatoes_aug_19aug53.jpg,Tomato_mold_leaf,Tomato_Septoria_leaf_spot,0.9709916114807129,0,1.081655502319336,7.629037857055664,0.16029739379882812,8.87354850769043
dataset/test/Tomato_mold_leaf/Leaf-mold-caused-by-the-fungal-pathogen-Passalore-fulva-in-tomatoesaug4.jpg,Tomato_mold_leaf,Tomato_mold_leaf,0.9976933598518372,1,1.0753793716430664,7.63079833984375,0.1542215347290039,8.862712860107422
dataset/test/Tomato_mold_leaf/leaf_mold_nightshade2x500_aug_60aug81.jpg,Tomato_mold_leaf,Tomato_mold_leaf,0.9995286464691162,1,1.0313968658447266,7.724631309509277,0.16405677795410156,8.92236328125
dataset/test/Tomato_mold_leaf/leaf_mold_nightshade2x500_aug_61aug96.jpg,Tomato_mold_leaf,Tomato_mold_leaf,0.9999158382415771,1,1.1300640106201172,7.980169296264648,0.17177867889404297,9.285476684570312
dataset/test/Tomato_mold_leaf/leaf_mold_nightshade2x500_aug_62aug85.jpg,Tomato_mold_leaf,Tomato_mold_leaf,0.9988158941268921,1,1.116933822631836,7.953651428222656,0.16550064086914062,9.238995552062988
dataset/test/Tomato_mold_leaf/leaf_mold_nightshade2x500_aug_63aug88.jpg,Tomato_mold_leaf,Tomato_mold_leaf,0.993657648563385,1,1.1371746063232422,7.947410583496094,0.16700077056884766,9.25451374053955
dataset/test/Tomato_mold_leaf/leaf_mold_nightshade2x500aug15.jpg,Tomato_mold_leaf,Tomato_mold_leaf,0.9996844530105591,1,1.1142311096191406,7.893152236938477,0.16844654083251953,9.178625106811523
dataset/test/Tomato_mold_leaf/leaf_mold_tomato5x1200_jpg.rf.0a5ee47c78e753f9580bfb7744438ebf_aug_52aug101.jpg,Tomato_mold_leaf,Tomato_mold_leaf,0.9999997615814209,1,1.1053600311279297,7.974355697631836,0.2075948715209961,9.290458679199219
dataset/test/Tomato_mold_leaf/leaf_mold_tomato5x1200_jpg.rf.0a5ee47c78e753f9580bfb7744438ebf_aug_53aug108.jpg,Tomato_mold_leaf,Tomato_mold_leaf,0.9999997615814209,1,1.1156206130981445,7.906002998352051,0.16403865814208984,9.188289642333984
dataset/test/Tomato_mold_leaf/leaf_mold_tomato5x1200_jpg.rf.0a5ee47c78e753f9580bfb7744438ebf_aug_54aug115.jpg,Tomato_mold_leaf,Tomato_mold_leaf,1.0,1,1.1071186065673828,8.043633460998535,0.16607666015625,9.319809913635254
dataset/test/Tomato_mold_leaf/leaf_mold_tomato5x1200_jpg.rf.0a5ee47c78e753f9580bfb7744438ebf_aug_55aug109.jpg,Tomato_mold_leaf,Tomato_mold_leaf,0.9999998807907104,1,1.106064796447754,7.932706832885742,0.17098236083984375,9.212678909301758
dataset/test/Tomato_mold_leaf/leaf_mold_tomato5x1200_jpg.rf.0a5ee47c78e753f9580bfb7744438ebfaug13.jpg,Tomato_mold_leaf,Tomato_mold_leaf,0.9999991655349731,1,1.1147127151489258,7.817649841308594,0.16631698608398438,9.101086616516113
dataset/test/Tomato_mold_leaf/tomato_leaf-mold_04_zoom_aug_4aug36.jpg,Tomato_mold_leaf,Tomato_leaf_late_blight,0.9965965151786804,0,1.1281566619873047,7.856523513793945,0.16466808319091797,9.1517333984375
dataset/test/Tomato_mold_leaf/tomato_leaf-mold_04_zoom_aug_5aug48.jpg,Tomato_mold_leaf,Tomato_leaf_late_blight,0.9970694184303284,0,1.1400651931762695,7.916040420532227,0.17687129974365234,9.236143112182617
dataset/test/Tomato_mold_leaf/tomato_leaf-mold_04_zoom_aug_6aug40.jpg,Tomato_mold_leaf,Tomato_leaf_late_blight,0.9998624324798584,0,1.1551942825317383,7.92144775390625,0.16603851318359375,9.245402336120605
dataset/test/Tomato_mold_leaf/tomato_leaf-mold_04_zoom_aug_7aug34.jpg,Tomato_mold_leaf,Tomato_leaf_late_blight,0.9913663268089294,0,1.1335639953613281,7.999910354614258,0.1650400161743164,9.301531791687012
dataset/test/Tomato_mold_leaf/tomato_leaf-mold_04_zoomaug1.jpg,Tomato_mold_leaf,Tomato_leaf_late_blight,0.9748101830482483,0,1.1128978729248047,7.952854156494141,0.17979812622070312,9.247958183288574
