image_path,true_class,predicted_class,confidence,correct,preprocess_ms,inference_ms,postprocess_ms,total_pipeline_ms
dataset/test/Tomato_Early_blight_leaf/100_46341_aug_5aug62.jpg,Tomato_Early_blight_leaf,Tomato_Early_blight_leaf,0.7395633459091187,1,1.1841745376586914,8.329499244689941,0.2744102478027344,9.792046546936035
dataset/test/Tomato_Early_blight_leaf/100_46341_aug_6aug64.jpg,Tomato_Early_blight_leaf,Tomato_Early_blight_leaf,0.889326810836792,1,1.145359992980957,8.167481422424316,0.21203899383544922,9.528175354003906
dataset/test/Tomato_Early_blight_leaf/100_46341_aug_7aug57.jpg,Tomato_Early_blight_leaf,Tomato_Early_blight_leaf,0.889326810836792,1,1.1658964157104492,8.142017364501953,0.18616867065429688,9.49704647064209
dataset/test/Tomato_Early_blight_leaf/100_46341_aug_8aug66.jpg,Tomato_Early_blight_leaf,Tomato_Early_blight_leaf,0.9643287658691406,1,1.2563047409057617,8.127388000488281,0.1848897933959961,9.571824073791504
dataset/test/Tomato_Early_blight_leaf/100_46341_aug_9aug65.jpg,Tomato_Early_blight_leaf,Tomato_Septoria_leaf_spot,0.4819263219833374,0,1.2051010131835938,8.164703369140625,0.21320438385009766,9.585898399353027
dataset/test/Tomato_Early_blight_leaf/100_46341aug1.jpg,Tomato_Early_blight_leaf,Tomato_Early_blight_leaf,0.9854387044906616,1,1.2057666778564453,8.134758949279785,0.20987319946289062,9.552989959716797
dataset/test/Tomato_Early_blight_leaf/1723454500663_aug_20aug39.jpg,Tomato_Early_blight_leaf,Tomato_Early_blight_leaf,0.9999998807907104,1,1.1202287673950195,7.971997261047363,0.34270477294921875,9.437823295593262
dataset/test/Tomato_Early_blight_leaf/1723454500663_aug_21aug35.jpg,Tomato_Early_blight_leaf,Tomato_Early_blight_leaf,0.9999996423721313,1,1.0773954391479492,7.935683250427246,0.19133472442626953,9.207340240478516
dataset/test/Tomato_Early_blight_leaf/1723454500663_aug_22aug51.jpg,Tomato_Early_blight_leaf,Tomato_Early_blight_leaf,1.0,1,1.2809906005859375,8.038739204406738,0.17615032196044922,9.498453140258789
dataset/test/Tomato_Early_blight_leaf/1723454500663_aug_23aug33.jpg,Tomato_Early_blight_leaf,Tomato_Early_blight_leaf,0.9999998807907104,1,1.109766960144043,8.12407398223877,0.16814804077148438,9.405157089233398
dataset/test/Tomato_Early_blight_leaf/1723454500663_aug_24aug50.jpg,Tomato_Early_blight_leaf,Tomato_Early_blight_leaf,0.9999828338623047,1,1.1276178359985352,8.193796157836914,0.17177867889404297,9.49569320678711
dataset/test/Tomato_Early_blight_leaf/1723454500663aug4.jpg,Tomato_Early_blight_leaf,Tomato_Early_blight_leaf,0.9999886751174927,1,1.1813421249389648,8.122498512268066,0.17453670501708984,9.481490135192871
dataset/test/Tomato_Early_blight_leaf/1723454507240aug20.jpg,Tomato_Early_blight_leaf,Tomato_Early_blight_leaf,0.6253700852394104,1,1.1372861862182617,8.167295455932617,0.17039012908935547,9.477675437927246
dataset/test/Tomato_Early_blight_leaf/EB_(981)_aug_65aug107.jpg,Tomato_Early_blight_leaf,Tomato_Early_blight_leaf,0.9999953508377075,1,1.144637107849121,8.412057876586914,0.17002105712890625,9.729565620422363
dataset/test/Tomato_Early_blight_leaf/EB_(981)_aug_66aug102.jpg,Tomato_Early_blight_leaf,Tomato_Early_blight_leaf,0.9999995231628418,1,1.2265262603759766,8.243889808654785,0.16794586181640625,9.641101837158203
dataset/test/Tomato_Early_blight_leaf/EB_(981)_aug_67aug101.jpg,Tomato_Early_blight_leaf,Tomato_Early_blight_leaf,0.9999469518661499,1,1.1311922073364258,8.509963035583496,0.17151927947998047,9.816380500793457
dataset/test/Tomato_Early_blight_leaf/EB_(981)_aug_68aug95.jpg,Tomato_Early_blight_leaf,Tomato_Early_blight_leaf,0.9999017715454102,1,1.1729145050048828,8.285852432250977,0.1697235107421875,9.632009506225586
dataset/test/Tomato_Early_blight_leaf/EB_(981)_aug_69aug97.jpg,Tomato_Early_blight_leaf,Tomato_Early_blight_leaf,0.9995612502098083,1,1.2424163818359375,8.242759704589844,0.16931533813476562,9.657286643981934
dataset/test/Tomato_Early_blight_leaf/EB_(981)aug13.jpg,Tomato_Early_blight_leaf,Tomato_Early_blight_leaf,0.9999691247940063,1,1.1537666320800781,8.287111282348633,0.17063140869140625,9.614065170288086
dataset/test/Tomato_Early_blight_leaf/Early-blight-660x440_aug_0aug61.jpg,Tomato_Early_blight_leaf,Tomato_Early_blight_leaf,0.9999998807907104,1,1.1268796920776367,8.282037734985352,0.16796398162841797,9.580009460449219
dataset/test/Tomato_Early_blight_leaf/Early-blight-660x440_aug_1aug59.jpg,Tomato_Early_blight_leaf,Tomato_Early_blight_leaf,0.9999992847442627,1,1.1301374435424805,8.1443510055542,0.16394519805908203,9.440655708312988
dataset/test/Tomato_Early_blight_leaf/Early-blight-660x440_aug_2aug63.jpg,Tomato_Early_blight_leaf,Tomato_Early_blight_leaf,0.9998776912689209,1,1.1731376647949219,8.158517837524414,0.15468692779541016,9.488785743713379
dataset/test/Tomato_Early_blight_leaf/Early-blight-660x440_aug_3aug60.jpg,Tomato_Early_blight_leaf,Tomato_Early_blight_leaf,0.9999998807907104,1,1.110600471496582,8.168258666992188,0.1697978973388672,9.45126724243164
dataset/test/Tomato_Early_blight_leaf/Early-blight-660x440_aug_4aug58.jpg,Tomato_Early_blight_leaf,Tomato_Early_blight_leaf,0.9999998807907104,1,1.2318592071533203,7.930459976196289,0.16785335540771484,9.33304500579834
dataset/test/Tomato_Early_blight_leaf/Early-blight-660x440aug0.jpg,Tomato_Early_blight_leaf,Tomato_Early_blight_leaf,0.9999998807907104,1,1.2940092086791992,8.476668357849121,0.17011260986328125,9.94399356842041
dataset/test/Tomato_Early_blight_leaf/Gls42_change_180_aug_70aug100.jpg,Tomato_Early_blight_leaf,Tomato_Early_blight_leaf,0.9999996423721313,1,1.0885820388793945,8.088017463684082,0.17037200927734375,9.349470138549805
dataset/test/Tomato_Early_blight_leaf/Gls42_change_180_aug_71aug109.jpg,Tomato_Early_blight_leaf,Tomato_Early_blight_leaf,0.9999972581863403,1,1.154062271118164,9.000709533691406,0.17190837860107422,10.329254150390625
dataset/test/Tomato_Early_blight_leaf/Gls42_change_180_aug_72aug104.jpg,Tomato_Early_blight_leaf,Tomato_Early_blight_leaf,0.9999998807907104,1,1.098099708557129,8.197165489196777,0.1915569305419922,9.489602088928223
dataset/test/Tomato_Early_blight_leaf/Gls42_change_180_aug_73aug94.jpg,Tomato_Early_blight_leaf,Tomato_Early_blight_leaf,0.9999971389770508,1,1.1135444641113281,10.084919929504395,0.1726856231689453,11.3739652633667
dataset/test/Tomato_Early_blight_leaf/Gls42_change_180_aug_74aug108.jpg,Tomato_Early_blight_leaf,Tomato_Early_blight_leaf,0.9999939203262329,1,1.1244516372680664,19.22242546081543,0.17824268341064453,20.528175354003906
dataset/test/Tomato_Early_blight_leaf/Gls42_change_180aug14.jpg,Tomato_Early_blight_leaf,Tomato_Early_blight_leaf,0.9999995231628418,1,1.1544523239135742,12.03974723815918,0.21390914916992188,13.41110897064209
dataset/test/Tomato_Early_blight_leaf/Gls4_mirror_aug_60aug93.jpg,Tomato_Early_blight_leaf,Tomato_Early_blight_leaf,0.9999994039535522,1,1.1153221130371094,8.49018669128418,0.17468643188476562,9.782694816589355
dataset/test/Tomato_Early_blight_leaf/Gls4_mirror_aug_61aug98.jpg,Tomato_Early_blight_leaf,Tomato_Early_blight_leaf,0.9999459981918335,1,1.235194206237793,8.549168586730957,0.1742420196533203,9.961604118347168
dataset/test/Tomato_Early_blight_leaf/Gls4_mirror_aug_62aug91.jpg,Tomato_Early_blight_leaf,Tomato_Early_blight_leaf,0.9999992847442627,1,1.1632680892944336,8.436908721923828,0.17653751373291016,9.779455184936523
dataset/test/Tomato_Early_blight_leaf/Gls4_mirror_aug_63aug110.jpg,Tomato_Early_blight_leaf,Tomato_Early_blight_leaf,0.9998986721038818,1,1.1201181411743164,8.44813060760498,0.17020511627197266,9.741065979003906
dataset/test/Tomato_Early_blight_leaf/Gls4_mirror_aug_64aug105.jpg,Tomato_Early_blight_leaf,Tomato_Early_blight_leaf,0.9999996423721313,1,1.1789703369140625,8.367853164672852,0.1724262237548828,9.721807479858398
dataset/test/Tomato_Early_blight_leaf/Gls4_mirror_vertical_aug_25aug37.jpg,Tomato_Early_blight_leaf,Tomato_Early_blight_leaf,0.9992877840995789,1,1.1246366500854492,8.597373008728027,0.21220684051513672,9.93701171875
dataset/test/Tomato_Early_blight_leaf/Gls4_mirror_vertical_aug_26aug41.jpg,Tomato_Early_blight_leaf,Tomato_Early_blight_leaf,0.999325156211853,1,1.4679365158081055,11.049705505371094,0.21126079559326172,12.732399940490723
dataset/test/Tomato_Early_blight_leaf/Gls4_mirror_vertical_aug_27aug40.jpg,Tomato_Early_blight_leaf,Tomato_Early_blight_leaf,0.999994158744812,1,1.4796762466430664,11.459020614624023,0.20000076293945312,13.141977310180664
dataset/test/Tomato_Early_blight_leaf/Gls4_mirror_vertical_aug_28aug36.jpg,Tomato_Early_blight_leaf,Tomato_Early_blight_leaf,0.9999902248382568,1,1.3985090255737305,11.210907936096191,0.21235370635986328,12.825494766235352
dataset/test/Tomato_Early_blight_leaf/Gls4_mirror_vertical_aug_29aug42.jpg,Tomato_Early_blight_leaf,Tomato_Early_blight_leaf,0.9999575614929199,1,1.4667129516601562,11.108388900756836,0.20918750762939453,12.78771686553955
dataset/test/Tomato_Early_blight_leaf/Gls4_mirror_verticalaug5.jpg,Tomato_Early_blight_leaf,Tomato_Early_blight_leaf,0.9999676942825317,1,1.4600276947021484,11.022315979003906,0.21163082122802734,12.697622299194336
dataset/test/Tomato_Early_blight_leaf/Gls4_mirroraug12.jpg,Tomato_Early_blight_leaf,Tomato_Early_blight_leaf,0.9999996423721313,1,1.5541772842407227,11.285482406616211,0.2030200958251953,13.045828819274902
dataset/test/Tomato_Early_blight_leaf/IMG-20240812-WA0445_aug_40aug23.jpg,Tomato_Early_blight_leaf,Tomato_Early_blight_leaf,0.8882625102996826,1,1.510528564453125,11.128851890563965,0.2126312255859375,12.855790138244629
dataset/test/Tomato_Early_blight_leaf/IMG-20240812-WA0445_aug_41aug28.jpg,Tomato_Early_blight_leaf,Tomato_mold_leaf,0.9674921631813049,0,1.5513429641723633,10.871980667114258,0.16648292541503906,12.592696189880371
dataset/test/Tomato_Early_blight_leaf/IMG-20240812-WA0445_aug_42aug21.jpg,Tomato_Early_blight_leaf,Tomato_Early_blight_leaf,0.535788893699646,1,1.1053218841552734,7.850831031799316,0.1693897247314453,9.128283500671387
dataset/test/Tomato_Early_blight_leaf/IMG-20240812-WA0445_aug_43aug24.jpg,Tomato_Early_blight_leaf,Tomato_Early_blight_leaf,0.9987525939941406,1,1.1935081481933594,7.843996047973633,0.16735363006591797,9.207524299621582
dataset/test/Tomato_Early_blight_leaf/IMG-20240812-WA0445_aug_44aug22.jpg,Tomato_Early_blight_leaf,Tomato_Early_blight_leaf,0.9586121439933777,1,1.1335258483886719,8.632244110107422,0.1647052764892578,9.933140754699707
dataset/test/Tomato_Early_blight_leaf/IMG-20240812-WA0445aug8.jpg,Tomato_Early_blight_leaf,Tomato_Early_blight_leaf,0.7467731237411499,1,1.1439704895019531,7.916571617126465,0.16446399688720703,9.22782039642334
dataset/test/Tomato_Early_blight_leaf/IMG20240812111749_aug_90aug80.jpg,Tomato_Early_blight_leaf,Tomato_mold_leaf,0.9999998807907104,0,1.2348976135253906,7.798403739929199,0.16326045989990234,9.199301719665527
dataset/test/Tomato_Early_blight_leaf/IMG20240812111749_aug_91aug77.jpg,Tomato_Early_blight_leaf,Tomato_mold_leaf,0.9999985694885254,0,1.189229965209961,7.874330520629883,0.15683460235595703,9.222784996032715
dataset/test/Tomato_Early_blight_leaf/IMG20240812111749_aug_92aug73.jpg,Tomato_Early_blight_leaf,Tomato_mold_leaf,0.9999872446060181,0,1.1191740036010742,7.627829551696777,0.16481590270996094,8.914633750915527
dataset/test/Tomato_Early_blight_leaf/IMG20240812111749_aug_93aug71.jpg,Tomato_Early_blight_leaf,Tomato_mold_leaf,0.9999972581863403,0,1.2685270309448242,7.632198333740234,0.16411209106445312,9.067580223083496
dataset/test/Tomato_Early_blight_leaf/IMG20240812111749_aug_94aug74.jpg,Tomato_Early_blight_leaf,Tomato_mold_leaf,0.9999929666519165,0,1.227212905883789,7.812533378601074,0.17957496643066406,9.22195053100586
dataset/test/Tomato_Early_blight_leaf/IMG20240812111749aug18.jpg,Tomato_Early_blight_leaf,Tomato_mold_leaf,0.9999847412109375,0,1.1968402862548828,7.989461898803711,0.16292667388916016,9.351934432983398
dataset/test/Tomato_Early_blight_leaf/IMG_20251102_155150_aug_30aug34.jpg,Tomato_Early_blight_leaf,Tomato_Early_blight_leaf,1.0,1,1.0894708633422852,7.884441375732422,0.17185211181640625,9.148283004760742
dataset/test/Tomato_Early_blight_leaf/IMG_20251102_155150_aug_31aug43.jpg,Tomato_Early_blight_leaf,Tomato_Early_blight_leaf,1.0,1,1.190321922302246,8.468168258666992,0.17835330963134766,9.83984375
dataset/test/Tomato_Early_blight_leaf/IMG_20251102_155150_aug_32aug44.jpg,Tomato_Early_blight_leaf,Tomato_Early_blight_leaf,1.0,1,1.1686372756958008,8.449298858642578,0.1747598648071289,9.795361518859863
dataset/test/Tomato_Early_blight_leaf/IMG_20251102_155150_aug_33aug38.jpg,Tomato_Early_blight_leaf,Tomato_Early_blight_leaf,0.9999998807907104,1,1.2047500610351562,8.48148250579834,0.17044544219970703,9.85975170135498
dataset/test/Tomato_Early_blight_leaf/IMG_20251102_155150_aug_34aug32.jpg,Tomato_Early_blight_leaf,Tomato_Early_blight_leaf,0.9999997615814209,1,1.1304521560668945,9.160618782043457,0.1752796173095703,10.469793319702148
dataset/test/Tomato_Early_blight_leaf/IMG_20251102_155150aug6.jpg,Tomato_Early_blight_leaf,Tomato_Early_blight_leaf,1.0,1,1.1996383666992188,8.488186836242676,0.19489002227783203,9.88575267791748
dataset/test/Tomato_Early_blight_leaf/IMG_20251102_155153_aug_85aug72.jpg,Tomato_Early_blight_leaf,Tomato_Early_blight_leaf,0.9999998807907104,1,1.167119026184082,8.529317855834961,0.1719646453857422,9.871659278869629
dataset/test/Tomato_Early_blight_leaf/IMG_20251102_155153_aug_86aug78.jpg,Tomato_Early_blight_leaf,Tomato_Early_blight_leaf,1.0,1,1.2286376953125,8.49372386932373,0.17074203491210938,9.896714210510254
dataset/test/Tomato_Early_blight_leaf/IMG_20251102_155153_aug_87aug76.jpg,Tomato_Early_blight_leaf,Tomato_Early_blight_leaf,0.9999998807907104,1,1.1668777465820312,8.516279220581055,0.16844558715820312,9.854881286621094
dataset/test/Tomato_Early_blight_leaf/IMG_20251102_155153_aug_88aug79.jpg,Tomato_Early_blight_leaf,Tomato_Early_blight_leaf,1.0,1,1.2166929244995117,8.507984161376953,0.1681509017944336,9.895418167114258
dataset/test/Tomato_Early_blight_leaf/IMG_20251102_155153_aug_89aug75.jpg,Tomato_Early_blight_leaf,Tomato_Early_blight_leaf,1.0,1,1.1151914596557617,8.257278442382812,0.17140674591064453,9.546194076538086
dataset/test/Tomato_Early_blight_leaf/IMG_20251102_155153aug17.jpg,Tomato_Early_blight_leaf,Tomato_Early_blight_leaf,0.9999998807907104,1,1.2303047180175781,7.898999214172363,0.17288970947265625,9.305654525756836
dataset/test/Tomato_Early_blight_leaf/IMG_20251102_155207_aug_10aug47.jpg,Tomato_Early_blight_leaf,Tomato_Early_blight_leaf,0.9999662637710571,1,1.2536382675170898,8.005053520202637,0.1687784194946289,9.430231094360352
dataset/test/Tomato_Early_blight_leaf/IMG_20251102_155207_aug_11aug56.jpg,Tomato_Early_blight_leaf,Tomato_Early_blight_leaf,0.9999854564666748,1,1.121525764465332,8.088407516479492,0.16698169708251953,9.37921142578125
dataset/test/Tomato_Early_blight_leaf/IMG_20251102_155207_aug_12aug45.jpg,Tomato_Early_blight_leaf,Tomato_Early_blight_leaf,0.9999997615814209,1,1.1107301712036133,8.338759422302246,0.16424274444580078,9.616341590881348
dataset/test/Tomato_Early_blight_leaf/IMG_20251102_155207_aug_13aug48.jpg,Tomato_Early_blight_leaf,Tomato_Early_blight_leaf,0.9999877214431763,1,1.0807476043701172,8.054348945617676,0.16614818572998047,9.304710388183594
dataset/test/Tomato_Early_blight_leaf/IMG_20251102_155207_aug_14aug49.jpg,Tomato_Early_blight_leaf,Tomato_Early_blight_leaf,0.9999885559082031,1,1.1076545715332031,8.022424697875977,0.1669635772705078,9.299692153930664
dataset/test/Tomato_Early_blight_leaf/IMG_20251102_155207aug2.jpg,Tomato_Early_blight_leaf,Tomato_Early_blight_leaf,0.9999887943267822,1,1.1585988998413086,8.039647102355957,0.16707420349121094,9.36797046661377
dataset/test/Tomato_Early_blight_leaf/IMG_20251102_155305_aug_35aug25.jpg,Tomato_Early_blight_leaf,Tomato_Early_blight_leaf,0.9991633892059326,1,1.1029157638549805,7.991887092590332,0.16463088989257812,9.262136459350586
dataset/test/Tomato_Early_blight_leaf/IMG_20251102_155305_aug_36aug27.jpg,Tomato_Early_blight_leaf,Tomato_Early_blight_leaf,0.9985652565956116,1,1.115248680114746,7.963702201843262,0.16601848602294922,9.247672080993652
dataset/test/Tomato_Early_blight_leaf/IMG_20251102_155305_aug_37aug29.jpg,Tomato_Early_blight_leaf,Tomato_Early_blight_leaf,0.8672042489051819,1,1.2507858276367188,7.796422958374023,0.20626068115234375,9.256840705871582
dataset/test/Tomato_Early_blight_leaf/IMG_20251102_155305_aug_38aug31.jpg,Tomato_Early_blight_leaf,Tomato_Early_blight_leaf,0.990084171295166,1,1.1034889221191406,8.096942901611328,0.1705942153930664,9.374063491821289
dataset/test/Tomato_Early_blight_leaf/IMG_20251102_155305_aug_39aug26.jpg,Tomato_Early_blight_leaf,Tomato_Early_blight_leaf,0.9915508031845093,1,1.120748519897461,8.32911205291748,0.1697216033935547,9.622268676757812
dataset/test/Tomato_Early_blight_leaf/IMG_20251102_155305aug7.jpg,Tomato_Early_blight_leaf,Tomato_Early_blight_leaf,0.9961309432983398,1,1.1906557083129883,8.58877944946289,0.1711864471435547,9.953327178955078
dataset/test/Tomato_Early_blight_leaf/IMG_20251102_155853_aug_55aug106.jpg,Tomato_Early_blight_leaf,Tomato_leaf_late_blight,0.995964765548706,0,1.1518974304199219,8.368964195251465,0.1701498031616211,9.694066047668457
dataset/test/Tomato_Early_blight_leaf/IMG_20251102_155853_aug_56aug92.jpg,Tomato_Early_blight_leaf,Tomato_leaf_late_blight,0.9999361038208008,0,1.1724348068237305,8.370223045349121,0.18655681610107422,9.732288360595703
dataset/test/Tomato_Early_blight_leaf/IMG_20251102_155853_aug_57aug96.jpg,Tomato_Early_blight_leaf,Tomato_leaf_late_blight,0.9999525547027588,0,1.1575994491577148,8.602779388427734,0.1709270477294922,9.934122085571289
dataset/test/Tomato_Early_blight_leaf/IMG_20251102_155853_aug_58aug103.jpg,Tomato_Early_blight_leaf,Tomato_leaf_late_blight,0.9998834133148193,0,1.1384906768798828,8.359646797180176,0.17055702209472656,9.671528816223145
dataset/test/Tomato_Early_blight_leaf/IMG_20251102_155853_aug_59aug99.jpg,Tomato_Early_blight_leaf,Tomato_leaf_late_blight,0.5327209830284119,0,1.1638774871826172,8.394426345825195,0.17061328887939453,9.731770515441895
dataset/test/Tomato_Early_blight_leaf/IMG_20251102_155853aug11.jpg,Tomato_Early_blight_leaf,Tomato_leaf_late_blight,0.9995812773704529,0,1.1544713973999023,8.46863079071045,0.17070484161376953,9.796732902526855
dataset/test/Tomato_Early_blight_leaf/IMG_20251102_160046_aug_95aug70.jpg,Tomato_Early_blight_leaf,Tomato_Early_blight_leaf,0.9980598092079163,1,1.1808967590332031,8.301351547241211,0.17702007293701172,9.661826133728027
dataset/test/Tomato_Early_blight_leaf/IMG_20251102_160046_aug_96aug69.jpg,Tomato_Early_blight_leaf,Tomato_Early_blight_leaf,0.9997226595878601,1,1.1777315139770508,8.335721969604492,0.17001914978027344,9.686083793640137
dataset/test/Tomato_Early_blight_leaf/IMG_20251102_160046_aug_97aug67.jpg,Tomato_Early_blight_leaf,Tomato_Early_blight_leaf,0.9999090433120728,1,1.1990461349487305,8.46772289276123,0.17261314392089844,9.842249870300293
dataset/test/Tomato_Early_blight_leaf/IMG_20251102_160046_aug_98aug68.jpg,Tomato_Early_blight_leaf,Tomato_Early_blight_leaf,0.9999939203262329,1,1.1891365051269531,8.587371826171875,0.1700754165649414,9.94932746887207
dataset/test/Tomato_Early_blight_leaf/IMG_20251102_160046aug19.jpg,Tomato_Early_blight_leaf,Tomato_Early_blight_leaf,0.9999793767929077,1,1.2068042755126953,8.42446517944336,0.1719818115234375,9.805825233459473
dataset/test/Tomato_Early_blight_leaf/IMG_20251102_160055_aug_15aug53.jpg,Tomato_Early_blight_leaf,Tomato_Early_blight_leaf,1.0,1,1.1664161682128906,8.497723579406738,0.17322444915771484,9.840639114379883
dataset/test/Tomato_Early_blight_leaf/IMG_20251102_160055_aug_16aug55.jpg,Tomato_Early_blight_leaf,Tomato_Early_blight_leaf,1.0,1,1.1315250396728516,8.443185806274414,0.1881875991821289,9.765603065490723
dataset/test/Tomato_Early_blight_leaf/IMG_20251102_160055_aug_17aug46.jpg,Tomato_Early_blight_leaf,Tomato_Early_blight_leaf,1.0,1,1.1432485580444336,8.473039627075195,0.1633148193359375,9.782472610473633
dataset/test/Tomato_Early_blight_leaf/IMG_20251102_160055_aug_18aug54.jpg,Tomato_Early_blight_leaf,Tomato_Early_blight_leaf,1.0,1,1.0921916961669922,8.226851463317871,0.17227935791015625,9.494304656982422
dataset/test/Tomato_Early_blight_leaf/IMG_20251102_160055_aug_19aug52.jpg,Tomato_Early_blight_leaf,Tomato_Early_blight_leaf,1.0,1,1.2818422317504883,8.525205612182617,0.17190933227539062,9.981992721557617
dataset/test/Tomato_Early_blight_leaf/IMG_20251102_160055aug3.jpg,Tomato_Early_blight_leaf,Tomato_Early_blight_leaf,1.0,1,1.2456188201904297,8.366722106933594,0.17355632781982422,9.788713455200195
dataset/test/Tomato_Early_blight_leaf/IMG_20251102_160217_aug_75aug82.jpg,Tomato_Early_blight_leaf,Tomato_Early_blight_leaf,0.9999486207962036,1,1.3129158020019531,8.368427276611328,0.17377853393554688,9.857882499694824
dataset/test/Tomato_Early_blight_leaf/IMG_20251102_160217_aug_76aug83.jpg,Tomato_Early_blight_leaf,Tomato_Early_blight_leaf,0.9999747276306152,1,1.2650814056396484,8.23037052154541,0.1729450225830078,9.671360969543457
dataset/test/Tomato_Early_blight_leaf/IMG_20251102_160217_aug_77aug90.jpg,Tomato_Early_blight_leaf,Tomato_Early_blight_leaf,0.9999916553497314,1,1.1876554489135742,8.443631172180176,0.17316818237304688,9.807584762573242
dataset/test/Tomato_Early_blight_leaf/IMG_20251102_160217_aug_78aug81.jpg,Tomato_Early_blight_leaf,Tomato_Early_blight_leaf,0.9999796152114868,1,1.1410999298095703,8.469130516052246,0.17313098907470703,9.786028861999512
dataset/test/Tomato_Early_blight_leaf/IMG_20251102_160217_aug_79aug86.jpg,Tomato_Early_blight_leaf,Tomato_Early_blight_leaf,0.9999687671661377,1,1.1554346084594727,8.562187194824219,0.19040870666503906,9.910658836364746
dataset/test/Tomato_Early_blight_leaf/IMG_20251102_160217aug15.jpg,Tomato_Early_blight_leaf,Tomato_Early_blight_leaf,0.9999821186065674,1,1.1330995559692383,8.45790958404541,0.17368602752685547,9.767510414123535
dataset/test/Tomato_Early_blight_leaf/IMG_20251102_160523_aug_50aug114.jpg,Tomato_Early_blight_leaf,Tomato_Early_blight_leaf,0.999998927116394,1,1.2088603973388672,8.501484870910645,0.17227935791015625,9.885602951049805
dataset/test/Tomato_Early_blight_leaf/IMG_20251102_160523_aug_51aug111.jpg,Tomato_Early_blight_leaf,Tomato_Early_blight_leaf,0.9999943971633911,1,1.1716012954711914,8.412260055541992,0.1895761489868164,9.777103424072266
dataset/test/Tomato_Early_blight_leaf/IMG_20251102_160523_aug_52aug112.jpg,Tomato_Early_blight_leaf,Tomato_Early_blight_leaf,0.9999326467514038,1,1.2605819702148438,8.47144603729248,0.17903804779052734,9.914362907409668
dataset/test/Tomato_Early_blight_leaf/IMG_20251102_160523_aug_53aug115.jpg,Tomato_Early_blight_leaf,Tomato_Early_blight_leaf,0.9999979734420776,1,1.2391014099121094,8.2986478805542,0.1703166961669922,9.710750579833984
dataset/test/Tomato_Early_blight_leaf/IMG_20251102_160523_aug_54aug113.jpg,Tomato_Early_blight_leaf,Tomato_Early_blight_leaf,0.9999997615814209,1,1.1979341506958008,8.538243293762207,0.1720561981201172,9.91104793548584
dataset/test/Tomato_Early_blight_leaf/IMG_20251102_160523aug10.jpg,Tomato_Early_blight_leaf,Tomato_Early_blight_leaf,0.9999994039535522,1,1.2281379699707031,8.412055969238281,0.17020511627197266,9.8130464553833
dataset/test/Tomato_Early_blight_leaf/IMG_20251102_161202_aug_45aug118.jpg,Tomato_Early_blight_leaf,Tomato_Early_blight_leaf,0.9999933242797852,1,1.2025823593139648,8.321722984313965,0.16696453094482422,9.694269180297852
dataset/test/Tomato_Early_blight_leaf/IMG_20251102_161202_aug_46aug116.jpg,Tomato_Early_blight_leaf,Tomato_Early_blight_leaf,0.9999933242797852,1,1.2191743850708008,8.228572845458984,0.16314983367919922,9.613546371459961
dataset/test/Tomato_Early_blight_leaf/IMG_20251102_161202_aug_47aug117.jpg,Tomato_Early_blight_leaf,Tomato_Early_blight_leaf,0.9999911785125732,1,1.1998777389526367,8.40176010131836,0.16594600677490234,9.77028751373291
dataset/test/Tomato_Early_blight_leaf/IMG_20251102_161202_aug_48aug30.jpg,Tomato_Early_blight_leaf,Tomato_Early_blight_leaf,0.9999873638153076,1,1.1606740951538086,8.063331604003906,0.17061424255371094,9.397026062011719
dataset/test/Tomato_Early_blight_leaf/IMG_20251102_161202_aug_49aug119.jpg,Tomato_Early_blight_leaf,Tomato_Early_blight_leaf,0.9999954700469971,1,1.2547855377197266,8.534687042236328,0.17213058471679688,9.96412181854248
dataset/test/Tomato_Early_blight_leaf/IMG_20251102_161202aug9.jpg,Tomato_Early_blight_leaf,Tomato_Early_blight_leaf,0.9999185800552368,1,1.1947851181030273,8.171889305114746,0.1790933609008789,9.5490083694458
dataset/test/Tomato_Early_blight_leaf/early_blight_jpg.rf.1091c0a2a9a3da5b9ad688c89298614c_aug_80aug87.jpg,Tomato_Early_blight_leaf,Tomato_Early_blight_leaf,0.9983048439025879,1,1.188619613647461,8.173628807067871,0.17131710052490234,9.536860466003418
dataset/test/Tomato_Early_blight_leaf/early_blight_jpg.rf.1091c0a2a9a3da5b9ad688c89298614c_aug_81aug84.jpg,Tomato_Early_blight_leaf,Tomato_Early_blight_leaf,0.9996179342269897,1,1.1316556930541992,8.294777870178223,0.17026138305664062,9.59941577911377
dataset/test/Tomato_Early_blight_leaf/early_blight_jpg.rf.1091c0a2a9a3da5b9ad688c89298614c_aug_82aug89.jpg,Tomato_Early_blight_leaf,Tomato_Early_blight_leaf,0.9968365430831909,1,1.154545783996582,8.990263938903809,0.17064857482910156,10.31849479675293
dataset/test/Tomato_Early_blight_leaf/early_blight_jpg.rf.1091c0a2a9a3da5b9ad688c89298614c_aug_83aug85.jpg,Tomato_Early_blight_leaf,Tomato_Early_blight_leaf,0.996480405330658,1,1.2378969192504883,8.381704330444336,0.17116832733154297,9.793622016906738
dataset/test/Tomato_Early_blight_leaf/early_blight_jpg.rf.1091c0a2a9a3da5b9ad688c89298614c_aug_84aug88.jpg,Tomato_Early_blight_leaf,Tomato_Early_blight_leaf,0.9996730089187622,1,1.1690645217895508,8.334295272827148,0.16881561279296875,9.674917221069336
dataset/test/Tomato_Early_blight_leaf/early_blight_jpg.rf.1091c0a2a9a3da5b9ad688c89298614caug16.jpg,Tomato_Early_blight_leaf,Tomato_Early_blight_leaf,0.9997128844261169,1,1.142746925354004,8.234277725219727,0.17818641662597656,9.558638572692871
dataset/test/Tomato_Healthy_leaf/20140818-tomato-sauce-vicky-wasik-1_jpg.rf.d3d9b4a0642e72ba76b40dbdfff8b9f7_aug_6aug50.jpg,Tomato_Healthy_leaf,Tomato_Healthy_leaf,0.9999988079071045,1,1.1150083541870117,8.74767017364502,0.1969461441040039,10.062272071838379
dataset/test/Tomato_Healthy_leaf/20140818-tomato-sauce-vicky-wasik-1_jpg.rf.d3d9b4a0642e72ba76b40dbdfff8b9f7_aug_7aug56.jpg,Tomato_Healthy_leaf,Tomato_Healthy_leaf,0.9999998807907104,1,1.0952672958374023,8.194351196289062,0.16975975036621094,9.462599754333496
dataset/test/Tomato_Healthy_leaf/20140818-tomato-sauce-vicky-wasik-1_jpg.rf.d3d9b4a0642e72ba76b40dbdfff8b9f7aug3.jpg,Tomato_Healthy_leaf,Tomato_Healthy_leaf,0.9999876022338867,1,1.1035823822021484,8.374649047851562,0.16794681549072266,9.649009704589844
dataset/test/Tomato_Healthy_leaf/2015-09-17-01_aug_20aug110.jpg,Tomato_Healthy_leaf,Tomato_Healthy_leaf,0.5612287521362305,1,1.1665620803833008,9.392230033874512,0.17192649841308594,10.733757972717285
dataset/test/Tomato_Healthy_leaf/2015-09-17-01_aug_21aug114.jpg,Tomato_Healthy_leaf,Tomato_Healthy_leaf,0.6700962781906128,1,1.12591552734375,8.285057067871094,0.16855621337890625,9.582490921020508
dataset/test/Tomato_Healthy_leaf/2015-09-17-01aug10.jpg,Tomato_Healthy_leaf,Tomato_Healthy_leaf,0.7158451080322266,1,1.1507301330566406,9.081504821777344,0.17289066314697266,10.407718658447266
dataset/test/Tomato_Healthy_leaf/Basil_2Binfected_2Bby_2BTomato_2BSpotted_2BWilt_2BVirus_aug_2aug59.jpg,Tomato_Healthy_leaf,Tomato_leaf_late_blight,0.5600160360336304,0,1.1943597793579102,8.414630889892578,0.1705942153930664,9.782066345214844
dataset/test/Tomato_Healthy_leaf/Basil_2Binfected_2Bby_2BTomato_2BSpotted_2BWilt_2BVirus_aug_3aug51.jpg,Tomato_Healthy_leaf,Tomato_mold_leaf,0.827193558216095,0,1.158304214477539,11.632744789123535,0.17794513702392578,12.971994400024414
dataset/test/Tomato_Healthy_leaf/Basil_2Binfected_2Bby_2BTomato_2BSpotted_2BWilt_2BVirusaug1.jpg,Tomato_Healthy_leaf,Tomato_mold_leaf,0.6691358685493469,0,1.121877670288086,22.245241165161133,0.17140769958496094,23.541157722473145
dataset/test/Tomato_Healthy_leaf/Fig-2_aug_22aug102.jpg,Tomato_Healthy_leaf,Tomato_mold_leaf,0.7347524762153625,0,1.1267108917236328,11.8362455368042,0.16283512115478516,13.128311157226562
dataset/test/Tomato_Healthy_leaf/Fig-2_aug_23aug90.jpg,Tomato_Healthy_leaf,Tomato_leaf_yellow_curl_virus,0.32087817788124084,0,1.1987113952636719,8.30927848815918,0.18490982055664062,9.695324897766113
dataset/test/Tomato_Healthy_leaf/Fig-2aug11.jpg,Tomato_Healthy_leaf,Tomato_leaf_yellow_curl_virus,0.3436649441719055,0,1.2953615188598633,8.14079475402832,0.1733722686767578,9.612526893615723
dataset/test/Tomato_Healthy_leaf/HL_(103)aug39.jpg,Tomato_Healthy_leaf,Tomato_Healthy_leaf,1.0,1,1.138082504272461,8.304686546325684,0.17113018035888672,9.616971969604492
dataset/test/Tomato_Healthy_leaf/HL_(118)_aug_38aug103.jpg,Tomato_Healthy_leaf,Tomato_Healthy_leaf,1.0,1,1.1329879760742188,8.23627758026123,0.17220401763916016,9.544137954711914
dataset/test/Tomato_Healthy_leaf/HL_(118)_aug_39aug104.jpg,Tomato_Healthy_leaf,Tomato_Healthy_leaf,1.0,1,1.1749887466430664,8.334722518920898,0.17601966857910156,9.688529014587402
dataset/test/Tomato_Healthy_leaf/HL_(118)aug19.jpg,Tomato_Healthy_leaf,Tomato_Healthy_leaf,1.0,1,1.1255083084106445,8.273018836975098,0.17038917541503906,9.57189655303955
dataset/test/Tomato_Healthy_leaf/HL_(165)_aug_28aug105.jpg,Tomato_Healthy_leaf,Tomato_Healthy_leaf,0.9999960660934448,1,1.1979341506958008,8.358001708984375,0.1717052459716797,9.730712890625
dataset/test/Tomato_Healthy_leaf/HL_(165)_aug_29aug91.jpg,Tomato_Healthy_leaf,Tomato_Healthy_leaf,0.9999929666519165,1,1.1443214416503906,8.431648254394531,0.18813133239746094,9.767565727233887
dataset/test/Tomato_Healthy_leaf/HL_(165)aug14.jpg,Tomato_Healthy_leaf,Tomato_Healthy_leaf,0.9999710321426392,1,1.1752128601074219,8.41364860534668,0.17044639587402344,9.762176513671875
dataset/test/Tomato_Healthy_leaf/HL_(61)_aug_50aug83.jpg,Tomato_Healthy_leaf,Tomato_Healthy_leaf,0.9999423027038574,1,1.1277666091918945,8.314499855041504,0.16881656646728516,9.613953590393066
dataset/test/Tomato_Healthy_leaf/HL_(61)_aug_51aug76.jpg,Tomato_Healthy_leaf,Tomato_Healthy_leaf,0.9999939203262329,1,1.1248035430908203,8.329760551452637,0.16707515716552734,9.624528884887695
dataset/test/Tomato_Healthy_leaf/HL_(61)aug25.jpg,Tomato_Healthy_leaf,Tomato_Healthy_leaf,0.9999986886978149,1,1.1419153213500977,8.312241554260254,0.15570545196533203,9.612249374389648
dataset/test/Tomato_Healthy_leaf/HL_(62)aug36.jpg,Tomato_Healthy_leaf,Tomato_Healthy_leaf,0.999985933303833,1,1.1286001205444336,8.19950008392334,0.17105579376220703,9.501619338989258
dataset/test/Tomato_Healthy_leaf/IMG_20251102_161618_aug_58aug71.jpg,Tomato_Healthy_leaf,Tomato_Healthy_leaf,0.9999827146530151,1,1.3163976669311523,8.093572616577148,0.17011260986328125,9.582971572875977
dataset/test/Tomato_Healthy_leaf/IMG_20251102_161618_aug_59aug63.jpg,Tomato_Healthy_leaf,Tomato_Healthy_leaf,0.9997887015342712,1,1.3531579971313477,8.187609672546387,0.17270469665527344,9.716510772705078
dataset/test/Tomato_Healthy_leaf/IMG_20251102_161618aug29.jpg,Tomato_Healthy_leaf,Tomato_Healthy_leaf,0.9622111916542053,1,1.2113971710205078,8.491761207580566,0.2461681365966797,9.952621459960938
dataset/test/Tomato_Healthy_leaf/IMG_20251102_161625aug44.jpg,Tomato_Healthy_leaf,Tomato_Healthy_leaf,0.9994015693664551,1,1.1890449523925781,8.506815910339355,0.17252063751220703,9.871121406555176
dataset/test/Tomato_Healthy_leaf/IMG_20251102_161629_aug_10aug115.jpg,Tomato_Healthy_leaf,Tomato_Healthy_leaf,0.9999997615814209,1,1.2196197509765625,8.406279563903809,0.18855667114257812,9.81721305847168
dataset/test/Tomato_Healthy_leaf/IMG_20251102_161629_aug_11aug109.jpg,Tomato_Healthy_leaf,Tomato_Healthy_leaf,0.9999997615814209,1,1.233839988708496,8.512206077575684,0.1742229461669922,9.92325210571289
dataset/test/Tomato_Healthy_leaf/IMG_20251102_161629aug5.jpg,Tomato_Healthy_leaf,Tomato_Healthy_leaf,0.9999980926513672,1,1.2328224182128906,8.864633560180664,0.22307586669921875,10.323495864868164
dataset/test/Tomato_Healthy_leaf/IMG_20251102_161652aug43.jpg,Tomato_Healthy_leaf,Tomato_Healthy_leaf,1.0,1,1.224766731262207,8.486519813537598,0.1740741729736328,9.888214111328125
dataset/test/Tomato_Healthy_leaf/IMG_20251102_161826_aug_60aug68.jpg,Tomato_Healthy_leaf,Tomato_Healthy_leaf,0.9938401579856873,1,1.2197494506835938,8.416259765625,0.17948341369628906,9.819158554077148
dataset/test/Tomato_Healthy_leaf/IMG_20251102_161826_aug_61aug62.jpg,Tomato_Healthy_leaf,Tomato_Healthy_leaf,0.9999998807907104,1,1.2378034591674805,8.47192668914795,0.17490863800048828,9.887232780456543
dataset/test/Tomato_Healthy_leaf/IMG_20251102_161826aug30.jpg,Tomato_Healthy_leaf,Tomato_Healthy_leaf,0.9996150732040405,1,1.231581687927246,8.423389434814453,0.1723155975341797,9.830028533935547
dataset/test/Tomato_Healthy_leaf/IMG_20251102_161850_aug_56aug74.jpg,Tomato_Healthy_leaf,Tomato_leaf_yellow_curl_virus,0.6035608053207397,0,1.2329158782958984,8.54502010345459,0.17381668090820312,9.954899787902832
dataset/test/Tomato_Healthy_leaf/IMG_20251102_161850_aug_57aug72.jpg,Tomato_Healthy_leaf,Tomato_Healthy_leaf,0.9999961853027344,1,1.150710105895996,8.538854598999023,0.17270469665527344,9.865047454833984
dataset/test/Tomato_Healthy_leaf/IMG_20251102_161850aug28.jpg,Tomato_Healthy_leaf,Tomato_Healthy_leaf,0.9999632835388184,1,1.2032852172851562,10.113531112670898,0.20901966094970703,11.529040336608887
dataset/test/Tomato_Healthy_leaf/IMG_20251102_161859aug38.jpg,Tomato_Healthy_leaf,Tomato_Healthy_leaf,1.0,1,1.5517139434814453,10.842592239379883,0.2102956771850586,12.608121871948242
dataset/test/Tomato_Healthy_leaf/IMG_20251102_161935_aug_4aug55.jpg,Tomato_Healthy_leaf,Tomato_Healthy_leaf,1.0,1,1.5293998718261719,11.007166862487793,0.2068166732788086,12.746789932250977
dataset/test/Tomato_Healthy_leaf/IMG_20251102_161935_aug_5aug53.jpg,Tomato_Healthy_leaf,Tomato_Healthy_leaf,1.0,1,1.4757328033447266,11.05562973022461,0.21096420288085938,12.745621681213379
dataset/test/Tomato_Healthy_leaf/IMG_20251102_161935aug2.jpg,Tomato_Healthy_leaf,Tomato_Healthy_leaf,1.0,1,1.6101770401000977,11.033295631408691,0.20987319946289062,12.856789588928223
dataset/test/Tomato_Healthy_leaf/IMG_20251102_162037aug45.jpg,Tomato_Healthy_leaf,Tomato_Healthy_leaf,0.9998949766159058,1,1.5256032943725586,10.963295936584473,0.21342754364013672,12.705696105957031
dataset/test/Tomato_Healthy_leaf/h100_lower_aug_54aug73.jpg,Tomato_Healthy_leaf,Tomato_Healthy_leaf,0.9999871253967285,1,1.541473388671875,11.04398250579834,0.20939064025878906,12.798141479492188
dataset/test/Tomato_Healthy_leaf/h100_lower_aug_55aug75.jpg,Tomato_Healthy_leaf,Tomato_Healthy_leaf,0.9999881982803345,1,1.5322694778442383,11.09512996673584,0.21831703186035156,12.849902153015137
dataset/test/Tomato_Healthy_leaf/h100_loweraug27.jpg,Tomato_Healthy_leaf,Tomato_Healthy_leaf,0.9999922513961792,1,1.6192150115966797,9.044468879699707,0.16153907775878906,10.828425407409668
dataset/test/Tomato_Healthy_leaf/h101_aug_18aug119.jpg,Tomato_Healthy_leaf,Tomato_Healthy_leaf,0.9999589920043945,1,1.1222858428955078,8.171703338623047,0.16766834259033203,9.464970588684082
dataset/test/Tomato_Healthy_leaf/h101_aug_19aug116.jpg,Tomato_Healthy_leaf,Tomato_Healthy_leaf,0.9999802112579346,1,1.222081184387207,7.752922058105469,0.16601943969726562,9.143802642822266
dataset/test/Tomato_Healthy_leaf/h101aug9.jpg,Tomato_Healthy_leaf,Tomato_Healthy_leaf,0.9999176263809204,1,1.0976743698120117,7.907998085021973,0.16431617736816406,9.172840118408203
dataset/test/Tomato_Healthy_leaf/h103_aug_42aug82.jpg,Tomato_Healthy_leaf,Tomato_Healthy_leaf,0.9999983310699463,1,1.1254158020019531,8.278371810913086,0.1692790985107422,9.575952529907227
dataset/test/Tomato_Healthy_leaf/h103_aug_43aug77.jpg,Tomato_Healthy_leaf,Tomato_Healthy_leaf,0.9999986886978149,1,1.0773601531982422,7.829144477844238,0.16516780853271484,9.074504852294922
dataset/test/Tomato_Healthy_leaf/h103aug21.jpg,Tomato_Healthy_leaf,Tomato_Healthy_leaf,0.9994433522224426,1,1.0810623168945312,7.812551498413086,0.16520404815673828,9.06176471710205
dataset/test/Tomato_Healthy_leaf/h1_change_90_aug_12aug118.jpg,Tomato_Healthy_leaf,Tomato_Healthy_leaf,0.9985997080802917,1,1.1071176528930664,7.709514617919922,0.1713724136352539,8.99085521697998
dataset/test/Tomato_Healthy_leaf/h1_change_90_aug_13aug108.jpg,Tomato_Healthy_leaf,Tomato_Healthy_leaf,0.9945789575576782,1,1.1388416290283203,8.083406448364258,0.16285324096679688,9.387896537780762
dataset/test/Tomato_Healthy_leaf/h1_change_90aug6.jpg,Tomato_Healthy_leaf,Tomato_Healthy_leaf,0.9998886585235596,1,1.0911359786987305,7.917553901672363,0.1584634780883789,9.169468879699707
dataset/test/Tomato_Healthy_leaf/h39_change_270aug48.jpg,Tomato_Healthy_leaf,Tomato_Healthy_leaf,0.9999998807907104,1,1.0904521942138672,7.763774871826172,0.1690206527709961,9.025875091552734
dataset/test/Tomato_Healthy_leaf/h39_hight_aug_40aug96.jpg,Tomato_Healthy_leaf,Tomato_Healthy_leaf,0.9999972581863403,1,1.1496191024780273,7.9398698806762695,0.16796398162841797,9.260005950927734
dataset/test/Tomato_Healthy_leaf/h39_hight_aug_41aug98.jpg,Tomato_Healthy_leaf,Tomato_Healthy_leaf,0.9999860525131226,1,1.1637849807739258,8.033720016479492,0.16950035095214844,9.370081901550293
dataset/test/Tomato_Healthy_leaf/h39_hightaug20.jpg,Tomato_Healthy_leaf,Tomato_Healthy_leaf,0.9999929666519165,1,1.1163034439086914,8.495984077453613,0.1688528060913086,9.783696174621582
dataset/test/Tomato_Healthy_leaf/h39_lower_aug_30aug95.jpg,Tomato_Healthy_leaf,Tomato_Healthy_leaf,0.9999344348907471,1,1.1825637817382812,8.196147918701172,0.1692790985107422,9.550896644592285
dataset/test/Tomato_Healthy_leaf/h39_lower_aug_31aug89.jpg,Tomato_Healthy_leaf,Tomato_Healthy_leaf,0.999610960483551,1,1.1326379776000977,8.255351066589355,0.16872310638427734,9.55947208404541
dataset/test/Tomato_Healthy_leaf/h39_loweraug15.jpg,Tomato_Healthy_leaf,Tomato_Healthy_leaf,0.9999771118164062,1,1.1360816955566406,8.607169151306152,0.17150115966796875,9.917567253112793
dataset/test/Tomato_Healthy_leaf/h3_aug_8aug57.jpg,Tomato_Healthy_leaf,Tomato_Healthy_leaf,1.0,1,1.117691993713379,8.004497528076172,0.16785335540771484,9.292877197265625
dataset/test/Tomato_Healthy_leaf/h3_aug_9aug54.jpg,Tomato_Healthy_leaf,Tomato_Healthy_leaf,1.0,1,1.119821548461914,8.108259201049805,0.16731548309326172,9.398784637451172
dataset/test/Tomato_Healthy_leaf/h3_mirror_aug_52aug84.jpg,Tomato_Healthy_leaf,Tomato_Healthy_leaf,1.0,1,1.139359474182129,8.035979270935059,0.17461204528808594,9.35299015045166
dataset/test/Tomato_Healthy_leaf/h3_mirror_aug_53aug80.jpg,Tomato_Healthy_leaf,Tomato_Healthy_leaf,1.0,1,1.1104326248168945,8.20375919342041,0.16385269165039062,9.480636596679688
dataset/test/Tomato_Healthy_leaf/h3_mirroraug26.jpg,Tomato_Healthy_leaf,Tomato_Healthy_leaf,0.9999988079071045,1,1.0879335403442383,7.922480583190918,0.17729854583740234,9.191025733947754
dataset/test/Tomato_Healthy_leaf/h3aug4.jpg,Tomato_Healthy_leaf,Tomato_Healthy_leaf,1.0,1,1.1658048629760742,10.96342658996582,0.20740985870361328,12.33974838256836
dataset/test/Tomato_Healthy_leaf/h45_mirror_verticalaug42.jpg,Tomato_Healthy_leaf,Tomato_Healthy_leaf,0.9999903440475464,1,1.5248613357543945,10.927666664123535,0.214111328125,12.669955253601074
dataset/test/Tomato_Healthy_leaf/h49_change_90aug49.jpg,Tomato_Healthy_leaf,Tomato_Healthy_leaf,0.9999910593032837,1,1.4828987121582031,11.07503604888916,0.20953655242919922,12.770881652832031
dataset/test/Tomato_Healthy_leaf/h50_hight_aug_68aug69.jpg,Tomato_Healthy_leaf,Tomato_Healthy_leaf,0.999923825263977,1,1.3999910354614258,11.007129669189453,0.2090930938720703,12.61978816986084
dataset/test/Tomato_Healthy_leaf/h50_hight_aug_69aug61.jpg,Tomato_Healthy_leaf,Tomato_Healthy_leaf,0.9998595714569092,1,1.438232421875,11.093814849853516,0.2095012664794922,12.745011329650879
dataset/test/Tomato_Healthy_leaf/h50_hightaug34.jpg,Tomato_Healthy_leaf,Tomato_Healthy_leaf,0.999974250793457,1,1.455251693725586,11.270427703857422,0.20003890991210938,12.929123878479004
dataset/test/Tomato_Healthy_leaf/h50_lower_aug_66aug65.jpg,Tomato_Healthy_leaf,Tomato_Healthy_leaf,0.9999982118606567,1,1.4512138366699219,11.143501281738281,0.20876026153564453,12.80710506439209
dataset/test/Tomato_Healthy_leaf/h50_lower_aug_67aug70.jpg,Tomato_Healthy_leaf,Tomato_Healthy_leaf,0.9999474287033081,1,1.4432868957519531,11.286446571350098,0.2092418670654297,12.942420959472656
dataset/test/Tomato_Healthy_leaf/h50_loweraug33.jpg,Tomato_Healthy_leaf,Tomato_Healthy_leaf,0.9999991655349731,1,1.4611759185791016,8.18814754486084,0.1671314239501953,9.819491386413574
dataset/test/Tomato_Healthy_leaf/h50_mirror_vertical_aug_24aug111.jpg,Tomato_Healthy_leaf,Tomato_Healthy_leaf,0.9999880790710449,1,1.1146917343139648,7.8713483810424805,0.17557430267333984,9.165543556213379
dataset/test/Tomato_Healthy_leaf/h50_mirror_vertical_aug_25aug100.jpg,Tomato_Healthy_leaf,Tomato_Healthy_leaf,0.9999998807907104,1,1.0804128646850586,7.943682670593262,0.16494464874267578,9.191933631896973
dataset/test/Tomato_Healthy_leaf/h50_mirror_verticalaug12.jpg,Tomato_Healthy_leaf,Tomato_Healthy_leaf,0.9997348189353943,1,1.0769891738891602,7.93557071685791,0.17381668090820312,9.18932056427002
dataset/test/Tomato_Healthy_leaf/h50aug37.jpg,Tomato_Healthy_leaf,Tomato_Healthy_leaf,0.999998927116394,1,1.0886554718017578,8.029888153076172,0.1979827880859375,9.31928539276123
dataset/test/Tomato_Healthy_leaf/h5_mirroraug41.jpg,Tomato_Healthy_leaf,Tomato_Healthy_leaf,1.0,1,1.0906171798706055,8.036645889282227,0.16181564331054688,9.29182243347168
dataset/test/Tomato_Healthy_leaf/h65_mirror_vertical_aug_26aug97.jpg,Tomato_Healthy_leaf,Tomato_Healthy_leaf,0.9999995231628418,1,1.0848779678344727,7.873811721801758,0.16753864288330078,9.128950119018555
dataset/test/Tomato_Healthy_leaf/h65_mirror_vertical_aug_27aug106.jpg,Tomato_Healthy_leaf,Tomato_Healthy_leaf,0.9999997615814209,1,1.0913763046264648,7.846200942993164,0.1652050018310547,9.105172157287598
dataset/test/Tomato_Healthy_leaf/h65_mirror_verticalaug13.jpg,Tomato_Healthy_leaf,Tomato_Healthy_leaf,1.0,1,1.1140079498291016,7.937830924987793,0.16679763793945312,9.221321105957031
dataset/test/Tomato_Healthy_leaf/h71_mirror_aug_62aug66.jpg,Tomato_Healthy_leaf,Tomato_Healthy_leaf,0.9999996423721313,1,1.084136962890625,7.980792999267578,0.1644439697265625,9.23226547241211
dataset/test/Tomato_Healthy_leaf/h71_mirror_aug_63aug67.jpg,Tomato_Healthy_leaf,Tomato_Healthy_leaf,0.9999997615814209,1,1.1120080947875977,8.087202072143555,0.16722393035888672,9.369026184082031
dataset/test/Tomato_Healthy_leaf/h71_mirroraug31.jpg,Tomato_Healthy_leaf,Tomato_Healthy_leaf,1.0,1,1.1212682723999023,8.001313209533691,0.16775989532470703,9.292821884155273
dataset/test/Tomato_Healthy_leaf/h76_hight_aug_34aug88.jpg,Tomato_Healthy_leaf,Tomato_Healthy_leaf,1.0,1,1.1019878387451172,8.172684669494629,0.1685199737548828,9.446063995361328
dataset/test/Tomato_Healthy_leaf/h76_hight_aug_35aug93.jpg,Tomato_Healthy_leaf,Tomato_Healthy_leaf,1.0,1,1.1000995635986328,8.087201118469238,0.16750049591064453,9.35765552520752
dataset/test/Tomato_Healthy_leaf/h76_hightaug17.jpg,Tomato_Healthy_leaf,Tomato_Healthy_leaf,1.0,1,1.148655891418457,8.067349433898926,0.167388916015625,9.386748313903809
dataset/test/Tomato_Healthy_leaf/h78_change_270_aug_36aug94.jpg,Tomato_Healthy_leaf,Tomato_Healthy_leaf,1.0,1,1.0850629806518555,7.944072723388672,0.16690731048583984,9.199338912963867
dataset/test/Tomato_Healthy_leaf/h78_change_270_aug_37aug99.jpg,Tomato_Healthy_leaf,Tomato_Healthy_leaf,1.0,1,1.114119529724121,8.10505485534668,0.16787052154541016,9.390192985534668
dataset/test/Tomato_Healthy_leaf/h78_change_270aug18.jpg,Tomato_Healthy_leaf,Tomato_Healthy_leaf,0.9999998807907104,1,1.1395998001098633,8.332944869995117,0.1665945053100586,9.641971588134766
dataset/test/Tomato_Healthy_leaf/h7_lower_aug_44aug87.jpg,Tomato_Healthy_leaf,Tomato_Healthy_leaf,0.9999425411224365,1,1.14263916015625,8.25361156463623,0.16881656646728516,9.568453788757324
dataset/test/Tomato_Healthy_leaf/h7_lower_aug_45aug79.jpg,Tomato_Healthy_leaf,Tomato_Healthy_leaf,0.9999855756759644,1,1.1463041305541992,8.523056983947754,0.16692638397216797,9.839102745056152
dataset/test/Tomato_Healthy_leaf/h7_loweraug22.jpg,Tomato_Healthy_leaf,Tomato_Healthy_leaf,0.9999982118606567,1,1.1324148178100586,8.13162899017334,0.17161178588867188,9.438471794128418
dataset/test/Tomato_Healthy_leaf/h81_change_180_aug_16aug113.jpg,Tomato_Healthy_leaf,Tomato_Healthy_leaf,1.0,1,1.1078605651855469,8.653724670410156,0.2469463348388672,10.01215934753418
dataset/test/Tomato_Healthy_leaf/h81_change_180_aug_17aug117.jpg,Tomato_Healthy_leaf,Tomato_Healthy_leaf,1.0,1,1.5002517700195312,10.970962524414062,0.21057605743408203,12.68517780303955
dataset/test/Tomato_Healthy_leaf/h81_change_180aug8.jpg,Tomato_Healthy_leaf,Tomato_Healthy_leaf,1.0,1,1.4668617248535156,11.49187183380127,0.22379779815673828,13.185810089111328
dataset/test/Tomato_Healthy_leaf/h84_mirroraug40.jpg,Tomato_Healthy_leaf,Tomato_Healthy_leaf,0.9999990463256836,1,1.6539926528930664,11.013481140136719,0.21313095092773438,12.884827613830566
dataset/test/Tomato_Healthy_leaf/h8_change_90aug35.jpg,Tomato_Healthy_leaf,Tomato_Healthy_leaf,0.9999969005584717,1,1.517176628112793,13.464200019836426,0.21465110778808594,15.199677467346191
dataset/test/Tomato_Healthy_leaf/h95_mirror_verticalaug46.jpg,Tomato_Healthy_leaf,Tomato_leaf_yellow_curl_virus,0.8818234205245972,0,1.4963245391845703,11.123518943786621,0.21229839324951172,12.836141586303711
dataset/test/Tomato_Healthy_leaf/h96_change_270aug47.jpg,Tomato_Healthy_leaf,Tomato_Healthy_leaf,0.9992608428001404,1,1.972921371459961,11.683652877807617,0.20992755889892578,13.86998176574707
dataset/test/Tomato_Healthy_leaf/h96_mirror_vertical_aug_14aug107.jpg,Tomato_Healthy_leaf,Tomato_Healthy_leaf,1.0,1,1.4790658950805664,21.773444175720215,0.17651939392089844,23.4323787689209
dataset/test/Tomato_Healthy_leaf/h96_mirror_vertical_aug_15aug112.jpg,Tomato_Healthy_leaf,Tomato_Healthy_leaf,1.0,1,1.1020612716674805,12.34182357788086,0.16813182830810547,13.614832878112793
dataset/test/Tomato_Healthy_leaf/h96_mirror_verticalaug7.jpg,Tomato_Healthy_leaf,Tomato_Healthy_leaf,1.0,1,1.131378173828125,8.671038627624512,0.16766643524169922,9.972640991210938
dataset/test/Tomato_Healthy_leaf/h99_hight_aug_32aug92.jpg,Tomato_Healthy_leaf,Tomato_Healthy_leaf,0.9999961853027344,1,1.970846176147461,8.120406150817871,0.1668529510498047,10.260624885559082
dataset/test/Tomato_Healthy_leaf/h99_hight_aug_33aug101.jpg,Tomato_Healthy_leaf,Tomato_Healthy_leaf,0.9999897480010986,1,1.109858512878418,7.977922439575195,0.16577816009521484,9.256117820739746
dataset/test/Tomato_Healthy_leaf/h99_hightaug16.jpg,Tomato_Healthy_leaf,Tomato_Healthy_leaf,0.9999690055847168,1,1.1363964080810547,7.829553604125977,0.16572284698486328,9.134061813354492
dataset/test/Tomato_Healthy_leaf/h99_lower_aug_46aug78.jpg,Tomato_Healthy_leaf,Tomato_Healthy_leaf,0.9998466968536377,1,1.1107854843139648,7.811718940734863,0.1668710708618164,9.092005729675293
dataset/test/Tomato_Healthy_leaf/h99_lower_aug_47aug81.jpg,Tomato_Healthy_leaf,Tomato_Healthy_leaf,0.99998939037323,1,1.1062841415405273,8.039665222167969,0.16351890563964844,9.31252670288086
dataset/test/Tomato_Healthy_leaf/h99_loweraug23.jpg,Tomato_Healthy_leaf,Tomato_Healthy_leaf,0.9999035596847534,1,1.1797122955322266,8.072553634643555,0.16298294067382812,9.41828441619873
dataset/test/Tomato_Healthy_leaf/h9_change_180_aug_48aug86.jpg,Tomato_Healthy_leaf,Tomato_Healthy_leaf,0.9999884366989136,1,1.0874338150024414,8.726465225219727,0.16194438934326172,9.978306770324707
dataset/test/Tomato_Healthy_leaf/h9_change_180_aug_49aug85.jpg,Tomato_Healthy_leaf,Tomato_Healthy_leaf,0.9999996423721313,1,1.095637321472168,7.951887130737305,0.16150188446044922,9.211821556091309
dataset/test/Tomato_Healthy_leaf/h9_change_180aug24.jpg,Tomato_Healthy_leaf,Tomato_Healthy_leaf,1.0,1,1.1486005783081055,8.207962989807129,0.16935253143310547,9.528731346130371
dataset/test/Tomato_Healthy_leaf/russian-2-319-dt-2010-leaves-high-tunnel-9-29-2014-c_jpg.rf.7ef5d3901dbeaf27776a27bfc8197b72_aug_0aug52.jpg,Tomato_Healthy_leaf,Tomato_Healthy_leaf,0.9999977350234985,1,1.2896757125854492,8.29161262512207,0.1692962646484375,9.753361701965332
dataset/test/Tomato_Healthy_leaf/russian-2-319-dt-2010-leaves-high-tunnel-9-29-2014-c_jpg.rf.7ef5d3901dbeaf27776a27bfc8197b72_aug_1aug58.jpg,Tomato_Healthy_leaf,Tomato_Healthy_leaf,0.9999123811721802,1,1.3378791809082031,8.860392570495605,0.17140769958496094,10.372809410095215
dataset/test/Tomato_Healthy_leaf/russian-2-319-dt-2010-leaves-high-tunnel-9-29-2014-c_jpg.rf.7ef5d3901dbeaf27776a27bfc8197b72aug0.jpg,Tomato_Healthy_leaf,Tomato_Healthy_leaf,0.9999786615371704,1,1.2052860260009766,8.136481285095215,0.17335224151611328,9.517823219299316
dataset/test/Tomato_Healthy_leaf/unnamed_aug_64aug64.jpg,Tomato_Healthy_leaf,Tomato_Healthy_leaf,0.9987762570381165,1,1.206303596496582,8.179479598999023,0.17074203491210938,9.559286117553711
dataset/test/Tomato_Healthy_leaf/unnamed_aug_65aug60.jpg,Tomato_Healthy_leaf,Tomato_Healthy_leaf,0.9993956089019775,1,1.128377914428711,8.277795791625977,0.16952037811279297,9.579083442687988
dataset/test/Tomato_Healthy_leaf/unnamedaug32.jpg,Tomato_Healthy_leaf,Tomato_Healthy_leaf,0.999315619468689,1,1.1126928329467773,8.258684158325195,0.1722240447998047,9.546175003051758
dataset/test/Tomato_Septoria_leaf_spot/1723454507354_aug_44aug83.jpg,Tomato_Septoria_leaf_spot,Tomato_Septoria_leaf_spot,0.9702504873275757,1,1.1756744384765625,8.279647827148438,0.17116832733154297,9.62924861907959
dataset/test/Tomato_Septoria_leaf_spot/1723454507354_aug_45aug80.jpg,Tomato_Septoria_leaf_spot,Tomato_Septoria_leaf_spot,0.6330189108848572,1,1.1878223419189453,8.303703308105469,0.17125988006591797,9.665472030639648
dataset/test/Tomato_Septoria_leaf_spot/1723454507354aug22.jpg,Tomato_Septoria_leaf_spot,Tomato_Septoria_leaf_spot,0.660709798336029,1,1.1696748733520508,8.255314826965332,0.16864776611328125,9.59615707397461
dataset/test/Tomato_Septoria_leaf_spot/1723454507465_aug_58aug67.jpg,Tomato_Septoria_leaf_spot,Tomato_mold_leaf,0.6554686427116394,0,1.1269893646240234,8.221331596374512,0.1705188751220703,9.521878242492676
dataset/test/Tomato_Septoria_leaf_spot/1723454507465_aug_59aug66.jpg,Tomato_Septoria_leaf_spot,Tomato_Septoria_leaf_spot,0.8727143406867981,1,1.160527229309082,8.68161392211914,0.20946598052978516,10.054788589477539
dataset/test/Tomato_Septoria_leaf_spot/1723454507465aug29.jpg,Tomato_Septoria_leaf_spot,Tomato_mold_leaf,0.6610326170921326,0,1.151656150817871,8.305573463439941,0.1687612533569336,9.628564834594727
dataset/test/Tomato_Septoria_leaf_spot/5454635393351680.jpeg_aug_14aug115.jpg,Tomato_Septoria_leaf_spot,Tomato_Septoria_leaf_spot,0.9434796571731567,1,1.139303207397461,8.205869674682617,0.1652231216430664,9.51284122467041
dataset/test/Tomato_Septoria_leaf_spot/5454635393351680.jpeg_aug_15aug46.jpg,Tomato_Septoria_leaf_spot,Tomato_Septoria_leaf_spot,0.6057678461074829,1,1.150284767150879,8.235648155212402,0.15996456146240234,9.549193382263184
dataset/test/Tomato_Septoria_leaf_spot/5454635393351680.jpegaug7.jpg,Tomato_Septoria_leaf_spot,Tomato_Septoria_leaf_spot,0.9691428542137146,1,1.1151542663574219,8.180944442749023,0.16874122619628906,9.467379570007324
dataset/test/Tomato_Septoria_leaf_spot/6134794031202304-600x272-jpeg_jpg.rf.5482c323fe160b26426628094ae3646baug42.jpg,Tomato_Septoria_leaf_spot,Tomato_Septoria_leaf_spot,0.9999998807907104,1,1.1631736755371094,8.328536987304688,0.20072364807128906,9.695268630981445
dataset/test/Tomato_Septoria_leaf_spot/66e7583ebe11cf0bd06435e4167bd4fdaug41.jpg,Tomato_Septoria_leaf_spot,Tomato_Septoria_leaf_spot,0.9999992847442627,1,1.218674659729004,8.220480918884277,0.1702413558959961,9.612046241760254
dataset/test/Tomato_Septoria_leaf_spot/8_20mistakes_204_aug_72aug61.jpg,Tomato_Septoria_leaf_spot,Tomato_Septoria_leaf_spot,0.36822694540023804,1,1.1628961563110352,8.229740142822266,0.17168712615966797,9.567102432250977
dataset/test/Tomato_Septoria_leaf_spot/8_20mistakes_204_aug_73aug62.jpg,Tomato_Septoria_leaf_spot,Tomato_mold_leaf,0.6505464911460876,0,1.1835813522338867,8.308666229248047,0.1700572967529297,9.665287017822266
dataset/test/Tomato_Septoria_leaf_spot/8_20mistakes_204aug36.jpg,Tomato_Septoria_leaf_spot,Tomato_mold_leaf,0.9223314523696899,0,1.1233043670654297,8.32044506072998,0.17281627655029297,9.619379997253418
dataset/test/Tomato_Septoria_leaf_spot/Gls11_mirror_vertical_aug_42aug85.jpg,Tomato_Septoria_leaf_spot,Tomato_Septoria_leaf_spot,0.999951958656311,1,1.1425628662109375,8.528446197509766,0.17324256896972656,9.847640037536621
dataset/test/Tomato_Septoria_leaf_spot/Gls11_mirror_vertical_aug_43aug86.jpg,Tomato_Septoria_leaf_spot,Tomato_Septoria_leaf_spot,0.9995330572128296,1,1.1317672729492188,8.493965148925781,0.1717967987060547,9.800342559814453
dataset/test/Tomato_Septoria_leaf_spot/Gls11_mirror_verticalaug21.jpg,Tomato_Septoria_leaf_spot,Tomato_Septoria_leaf_spot,0.999643087387085,1,1.1587305068969727,8.412630081176758,0.17403888702392578,9.74869441986084
dataset/test/Tomato_Septoria_leaf_spot/Gls12_mirror_aug_46aug81.jpg,Tomato_Septoria_leaf_spot,Tomato_Septoria_leaf_spot,0.9999996423721313,1,1.1610441207885742,8.260242462158203,0.17296504974365234,9.597082138061523
dataset/test/Tomato_Septoria_leaf_spot/Gls12_mirror_aug_47aug92.jpg,Tomato_Septoria_leaf_spot,Tomato_Septoria_leaf_spot,0.9999982118606567,1,1.157395362854004,8.413517951965332,0.17035293579101562,9.744140625
dataset/test/Tomato_Septoria_leaf_spot/Gls12_mirroraug23.jpg,Tomato_Septoria_leaf_spot,Tomato_Septoria_leaf_spot,0.9999998807907104,1,1.167841911315918,8.291110038757324,0.17366886138916016,9.63569450378418
dataset/test/Tomato_Septoria_leaf_spot/Gls1_mirror_aug_38aug82.jpg,Tomato_Septoria_leaf_spot,Tomato_Septoria_leaf_spot,0.999929666519165,1,1.2066011428833008,8.351555824279785,0.17226028442382812,9.733176231384277
dataset/test/Tomato_Septoria_leaf_spot/Gls1_mirror_aug_39aug84.jpg,Tomato_Septoria_leaf_spot,Tomato_Septoria_leaf_spot,0.9999642372131348,1,1.1176185607910156,8.283815383911133,0.17220401763916016,9.57637882232666
dataset/test/Tomato_Septoria_leaf_spot/Gls1_mirroraug19.jpg,Tomato_Septoria_leaf_spot,Tomato_Septoria_leaf_spot,0.999879002571106,1,1.1576194763183594,8.311092376708984,0.1821117401123047,9.654138565063477
dataset/test/Tomato_Septoria_leaf_spot/Gls21_change_270aug43.jpg,Tomato_Septoria_leaf_spot,Tomato_Septoria_leaf_spot,0.899746835231781,1,1.134730339050293,8.375223159790039,0.17090797424316406,9.683823585510254
dataset/test/Tomato_Septoria_leaf_spot/Gls21_hight_aug_56aug78.jpg,Tomato_Septoria_leaf_spot,Tomato_Septoria_leaf_spot,0.9999998807907104,1,1.2486190795898438,11.148001670837402,0.20501995086669922,12.605213165283203
dataset/test/Tomato_Septoria_leaf_spot/Gls21_hight_aug_57aug79.jpg,Tomato_Septoria_leaf_spot,Tomato_Septoria_leaf_spot,0.9999998807907104,1,1.45123291015625,12.047080039978027,0.2110748291015625,13.712980270385742
dataset/test/Tomato_Septoria_leaf_spot/Gls21_hightaug28.jpg,Tomato_Septoria_leaf_spot,Tomato_Septoria_leaf_spot,0.9999942779541016,1,1.4658994674682617,10.954092025756836,0.20998287200927734,12.633862495422363
dataset/test/Tomato_Septoria_leaf_spot/Gls29_change_180_aug_40aug89.jpg,Tomato_Septoria_leaf_spot,Tomato_Septoria_leaf_spot,0.9999998807907104,1,1.5131959915161133,11.08076000213623,0.21242713928222656,12.8099946975708
dataset/test/Tomato_Septoria_leaf_spot/Gls29_change_180_aug_41aug91.jpg,Tomato_Septoria_leaf_spot,Tomato_Septoria_leaf_spot,0.999998927116394,1,1.6207151412963867,11.211260795593262,0.2104644775390625,13.045809745788574
dataset/test/Tomato_Septoria_leaf_spot/Gls29_change_180aug20.jpg,Tomato_Septoria_leaf_spot,Tomato_Septoria_leaf_spot,0.9999997615814209,1,1.4479551315307617,11.016777992248535,0.2145376205444336,12.682733535766602
dataset/test/Tomato_Septoria_leaf_spot/Gls36_hight_aug_20aug116.jpg,Tomato_Septoria_leaf_spot,Tomato_Septoria_leaf_spot,0.9999957084655762,1,1.4717674255371094,10.964980125427246,0.2092418670654297,12.649528503417969
dataset/test/Tomato_Septoria_leaf_spot/Gls36_hight_aug_21aug118.jpg,Tomato_Septoria_leaf_spot,Tomato_Septoria_leaf_spot,0.9999955892562866,1,1.4349346160888672,11.091482162475586,0.2086496353149414,12.738306999206543
dataset/test/Tomato_Septoria_leaf_spot/Gls36_hightaug10.jpg,Tomato_Septoria_leaf_spot,Tomato_Septoria_leaf_spot,0.9999969005584717,1,1.156656265258789,7.994442939758301,0.1667776107788086,9.320508003234863
dataset/test/Tomato_Septoria_leaf_spot/Gls41_change_270_aug_50aug90.jpg,Tomato_Septoria_leaf_spot,Tomato_Septoria_leaf_spot,0.9752368330955505,1,1.1713228225708008,7.96394157409668,0.16535282135009766,9.303153991699219
dataset/test/Tomato_Septoria_leaf_spot/Gls41_change_270_aug_51aug77.jpg,Tomato_Septoria_leaf_spot,Tomato_Septoria_leaf_spot,0.9998795986175537,1,1.1207666397094727,8.047053337097168,0.17815017700195312,9.348711013793945
dataset/test/Tomato_Septoria_leaf_spot/Gls41_change_270aug25.jpg,Tomato_Septoria_leaf_spot,Tomato_Septoria_leaf_spot,0.9783322215080261,1,1.1165084838867188,8.666632652282715,0.16840744018554688,9.95410442352295
dataset/test/Tomato_Septoria_leaf_spot/Gls43_change_90_aug_60aug75.jpg,Tomato_Septoria_leaf_spot,Tomato_Septoria_leaf_spot,0.9999078512191772,1,1.0867490768432617,8.183536529541016,0.16559410095214844,9.438637733459473
dataset/test/Tomato_Septoria_leaf_spot/Gls43_change_90_aug_61aug73.jpg,Tomato_Septoria_leaf_spot,Tomato_Septoria_leaf_spot,0.9999469518661499,1,1.0613222122192383,7.975109100341797,0.16266727447509766,9.20152473449707
dataset/test/Tomato_Septoria_leaf_spot/Gls43_change_90aug30.jpg,Tomato_Septoria_leaf_spot,Tomato_Septoria_leaf_spot,0.9998860359191895,1,1.1117849349975586,8.261833190917969,0.15824222564697266,9.534248352050781
dataset/test/Tomato_Septoria_leaf_spot/Gls46_change_90_aug_6aug53.jpg,Tomato_Septoria_leaf_spot,Tomato_Septoria_leaf_spot,0.9979070425033569,1,1.091914176940918,7.885533332824707,0.16603851318359375,9.146190643310547
dataset/test/Tomato_Septoria_leaf_spot/Gls46_change_90_aug_7aug56.jpg,Tomato_Septoria_leaf_spot,Tomato_Septoria_leaf_spot,0.999440610408783,1,1.123896598815918,7.854923248291016,0.16640758514404297,9.147821426391602
dataset/test/Tomato_Septoria_leaf_spot/Gls46_change_90aug3.jpg,Tomato_Septoria_leaf_spot,Tomato_Septoria_leaf_spot,0.9988835453987122,1,1.151693344116211,7.877552032470703,0.16566848754882812,9.197951316833496
dataset/test/Tomato_Septoria_leaf_spot/Gls47aug44.jpg,Tomato_Septoria_leaf_spot,Tomato_Septoria_leaf_spot,0.9999898672103882,1,1.101914405822754,8.08849811553955,0.1636486053466797,9.357155799865723
dataset/test/Tomato_Septoria_leaf_spot/Gls76_aug_34aug97.jpg,Tomato_Septoria_leaf_spot,Tomato_mold_leaf,0.7331814169883728,0,1.1044321060180664,8.003645896911621,0.1729450225830078,9.28380298614502
dataset/test/Tomato_Septoria_leaf_spot/Gls76_aug_35aug103.jpg,Tomato_Septoria_leaf_spot,Tomato_mold_leaf,0.8523908257484436,0,1.11456298828125,7.796977996826172,0.20148372650146484,9.115764617919922
dataset/test/Tomato_Septoria_leaf_spot/Gls76_change_180_aug_30aug96.jpg,Tomato_Septoria_leaf_spot,Tomato_mold_leaf,0.8632873296737671,0,1.0749702453613281,7.73073673248291,0.16274261474609375,8.971207618713379
dataset/test/Tomato_Septoria_leaf_spot/Gls76_change_180_aug_31aug100.jpg,Tomato_Septoria_leaf_spot,Tomato_Early_blight_leaf,0.697121262550354,0,1.0878400802612305,7.979609489440918,0.1669464111328125,9.237858772277832
dataset/test/Tomato_Septoria_leaf_spot/Gls76_change_180aug15.jpg,Tomato_Septoria_leaf_spot,Tomato_mold_leaf,0.9964297413825989,0,1.0828590393066406,7.863146781921387,0.1687784194946289,9.11732006072998
dataset/test/Tomato_Septoria_leaf_spot/Gls76aug17.jpg,Tomato_Septoria_leaf_spot,Tomato_mold_leaf,0.69861900806427,0,1.183100700378418,7.949979782104492,0.1580190658569336,9.293377876281738
dataset/test/Tomato_Septoria_leaf_spot/Gls7_change_270_aug_64aug68.jpg,Tomato_Septoria_leaf_spot,Tomato_Septoria_leaf_spot,0.9999648332595825,1,1.0660810470581055,7.8895721435546875,0.1654825210571289,9.12333869934082
dataset/test/Tomato_Septoria_leaf_spot/Gls7_change_270_aug_65aug71.jpg,Tomato_Septoria_leaf_spot,Tomato_Septoria_leaf_spot,0.9999946355819702,1,1.0897865295410156,7.7237548828125,0.1649637222290039,8.981411933898926
dataset/test/Tomato_Septoria_leaf_spot/Gls7_change_270aug32.jpg,Tomato_Septoria_leaf_spot,Tomato_Septoria_leaf_spot,0.999990701675415,1,1.0788764953613281,7.835644721984863,0.1634654998779297,9.080598831176758
dataset/test/Tomato_Septoria_leaf_spot/Gls7_lower_aug_0aug57.jpg,Tomato_Septoria_leaf_spot,Tomato_Septoria_leaf_spot,0.9998795986175537,1,1.1314525604248047,7.938608169555664,0.16455650329589844,9.237617492675781
dataset/test/Tomato_Septoria_leaf_spot/Gls7_lower_aug_1aug52.jpg,Tomato_Septoria_leaf_spot,Tomato_Septoria_leaf_spot,0.9999889135360718,1,1.0802116394042969,7.963460922241211,0.17109394073486328,9.218006134033203
dataset/test/Tomato_Septoria_leaf_spot/Gls7_loweraug0.jpg,Tomato_Septoria_leaf_spot,Tomato_Septoria_leaf_spot,0.9993877410888672,1,1.1569709777832031,8.493817329406738,0.1765756607055664,9.830842971801758
dataset/test/Tomato_Septoria_leaf_spot/Gls81_lower_aug_2aug51.jpg,Tomato_Septoria_leaf_spot,Tomato_Septoria_leaf_spot,0.9999899864196777,1,1.0896358489990234,8.493557929992676,0.17157554626464844,9.757843017578125
dataset/test/Tomato_Septoria_leaf_spot/Gls81_lower_aug_3aug54.jpg,Tomato_Septoria_leaf_spot,Tomato_Septoria_leaf_spot,0.999103307723999,1,1.1092491149902344,8.314055442810059,0.1702413558959961,9.596546173095703
dataset/test/Tomato_Septoria_leaf_spot/Gls81_loweraug1.jpg,Tomato_Septoria_leaf_spot,Tomato_Septoria_leaf_spot,0.9999979734420776,1,1.132582664489746,8.241722106933594,0.17113113403320312,9.548286437988281
dataset/test/Tomato_Septoria_leaf_spot/IMG-20240812-WA0213_aug_70aug59.jpg,Tomato_Septoria_leaf_spot,Tomato_Early_blight_leaf,0.9913225173950195,0,1.2087125778198242,8.331072807312012,0.17385387420654297,9.716157913208008
dataset/test/Tomato_Septoria_leaf_spot/IMG-20240812-WA0213_aug_71aug60.jpg,Tomato_Septoria_leaf_spot,Tomato_Early_blight_leaf,0.9880956411361694,0,1.2031917572021484,8.43853759765625,0.17039108276367188,9.815194129943848
dataset/test/Tomato_Septoria_leaf_spot/IMG-20240812-WA0213aug35.jpg,Tomato_Septoria_leaf_spot,Tomato_Early_blight_leaf,0.9994383454322815,0,1.185988426208496,8.536983489990234,0.1791677474975586,9.905214309692383
dataset/test/Tomato_Septoria_leaf_spot/Original_e-blight.JPG.rend.hgtvcom.966.725.jpeg_aug_52aug74.jpg,Tomato_Septoria_leaf_spot,Tomato_Septoria_leaf_spot,0.9999960660934448,1,1.1581735610961914,8.56837272644043,0.16570472717285156,9.89528751373291
dataset/test/Tomato_Septoria_leaf_spot/Original_e-blight.JPG.rend.hgtvcom.966.725.jpeg_aug_53aug76.jpg,Tomato_Septoria_leaf_spot,Tomato_Septoria_leaf_spot,0.9999991655349731,1,1.1543960571289062,8.492278099060059,0.1652975082397461,9.81480598449707
dataset/test/Tomato_Septoria_leaf_spot/Original_e-blight.JPG.rend.hgtvcom.966.725.jpegaug26.jpg,Tomato_Septoria_leaf_spot,Tomato_Septoria_leaf_spot,0.9999979734420776,1,1.145284652709961,8.287203788757324,0.16883468627929688,9.604120254516602
dataset/test/Tomato_Septoria_leaf_spot/SS_ (990)_aug_24aug107.jpg,Tomato_Septoria_leaf_spot,Tomato_Septoria_leaf_spot,0.9999953508377075,1,1.205413818359375,10.735590934753418,0.2503538131713867,12.194470405578613
dataset/test/Tomato_Septoria_leaf_spot/SS_ (990)_aug_25aug113.jpg,Tomato_Septoria_leaf_spot,Tomato_Septoria_leaf_spot,0.999977707862854,1,1.4718246459960938,11.310169219970703,0.19831562042236328,12.984124183654785
dataset/test/Tomato_Septoria_leaf_spot/SS_ (990)aug12.jpg,Tomato_Septoria_leaf_spot,Tomato_Septoria_leaf_spot,0.9999974966049194,1,1.4730644226074219,11.276206016540527,0.20866966247558594,12.961604118347168
dataset/test/Tomato_Septoria_leaf_spot/Septoria_tomato_Margaret-20B_p8170755_0002_25004_jpg.rf.3fbb14d553c623c77f342b3a54baddab_aug_66aug70.jpg,Tomato_Septoria_leaf_spot,Tomato_Septoria_leaf_spot,0.9976080656051636,1,1.5815486907958984,11.271834373474121,0.21170616149902344,13.068568229675293
dataset/test/Tomato_Septoria_leaf_spot/Septoria_tomato_Margaret-20B_p8170755_0002_25004_jpg.rf.3fbb14d553c623c77f342b3a54baddab_aug_67aug63.jpg,Tomato_Septoria_leaf_spot,Tomato_Septoria_leaf_spot,0.9999716281890869,1,1.6008262634277344,11.179000854492188,0.2465200424194336,13.030104637145996
dataset/test/Tomato_Septoria_leaf_spot/Septoria_tomato_Margaret-20B_p8170755_0002_25004_jpg.rf.3fbb14d553c623c77f342b3a54baddabaug33.jpg,Tomato_Septoria_leaf_spot,Tomato_Septoria_leaf_spot,0.999945878982544,1,1.6270856857299805,11.110519409179688,0.20298290252685547,12.943808555603027
dataset/test/Tomato_Septoria_leaf_spot/Tomato-Plant-with-Septoria-Leaf-Spot_aug_68aug65.jpg,Tomato_Septoria_leaf_spot,Tomato_Septoria_leaf_spot,0.9946514964103699,1,1.5329360961914062,11.94265365600586,0.2087230682373047,13.687573432922363
dataset/test/Tomato_Septoria_leaf_spot/Tomato-Plant-with-Septoria-Leaf-Spot_aug_69aug64.jpg,Tomato_Septoria_leaf_spot,Tomato_Septoria_leaf_spot,0.7012125253677368,1,1.6481037139892578,8.164462089538574,0.16596508026123047,9.981474876403809
dataset/test/Tomato_Septoria_leaf_spot/Tomato-Plant-with-Septoria-Leaf-Spotaug34.jpg,Tomato_Septoria_leaf_spot,Tomato_Septoria_leaf_spot,0.9883034229278564,1,1.141118049621582,7.898294448852539,0.16800308227539062,9.210043907165527
dataset/test/Tomato_Septoria_leaf_spot/b54d0e40027ff5e90e8ba7e1e9abf9bdaug39.jpg,Tomato_Septoria_leaf_spot,Tomato_Septoria_leaf_spot,0.9996206760406494,1,1.0777111053466797,7.917905807495117,0.17359352111816406,9.17237663269043
dataset/test/Tomato_Septoria_leaf_spot/classic-septoria_aug_10aug48.jpg,Tomato_Septoria_leaf_spot,Tomato_Septoria_leaf_spot,0.9999655485153198,1,1.1927852630615234,8.710967063903809,0.19653797149658203,10.102677345275879
dataset/test/Tomato_Septoria_leaf_spot/classic-septoria_aug_11aug49.jpg,Tomato_Septoria_leaf_spot,Tomato_Septoria_leaf_spot,0.9999830722808838,1,1.183192253112793,8.350351333618164,0.16363048553466797,9.699603080749512
dataset/test/Tomato_Septoria_leaf_spot/classic-septoriaaug5.jpg,Tomato_Septoria_leaf_spot,Tomato_Septoria_leaf_spot,0.9999836683273315,1,1.2084150314331055,8.135149002075195,0.1600933074951172,9.506046295166016
dataset/test/Tomato_Septoria_leaf_spot/early+blight+on+leaf+yel+halo+IMG_2313.JPG_aug_62aug69.jpg,Tomato_Septoria_leaf_spot,Tomato_Septoria_leaf_spot,0.9994150400161743,1,1.07763671875,7.926200866699219,0.15987205505371094,9.166951179504395
dataset/test/Tomato_Septoria_leaf_spot/early+blight+on+leaf+yel+halo+IMG_2313.JPG_aug_63aug72.jpg,Tomato_Septoria_leaf_spot,Tomato_Septoria_leaf_spot,0.9998171925544739,1,1.1471729278564453,8.5278902053833,0.16907501220703125,9.846954345703125
dataset/test/Tomato_Septoria_leaf_spot/early+blight+on+leaf+yel+halo+IMG_2313.JPGaug31.jpg,Tomato_Septoria_leaf_spot,Tomato_Septoria_leaf_spot,0.999954342842102,1,1.1529321670532227,7.919534683227539,0.1742229461669922,9.24963665008545
dataset/test/Tomato_Septoria_leaf_spot/early-blight-of-tomato-tomato-1aug38.jpg,Tomato_Septoria_leaf_spot,Tomato_Septoria_leaf_spot,0.9999117851257324,1,1.2530632019042969,17.02415180206299,0.17201995849609375,18.452309608459473
dataset/test/Tomato_Septoria_leaf_spot/eblight5_aug_18aug110.jpg,Tomato_Septoria_leaf_spot,Tomato_Septoria_leaf_spot,0.9990543723106384,1,1.2230825424194336,11.754300117492676,0.17420482635498047,13.154496192932129
dataset/test/Tomato_Septoria_leaf_spot/eblight5_aug_19aug117.jpg,Tomato_Septoria_leaf_spot,Tomato_Septoria_leaf_spot,0.9987552165985107,1,1.803696632385254,10.538847923278809,0.1680927276611328,12.51362133026123
dataset/test/Tomato_Septoria_leaf_spot/eblight5aug9.jpg,Tomato_Septoria_leaf_spot,Tomato_Septoria_leaf_spot,0.9999862909317017,1,1.0801916122436523,8.616484642028809,0.16777992248535156,9.866864204406738
dataset/test/Tomato_Septoria_leaf_spot/images (1)_aug_54aug93.jpg,Tomato_Septoria_leaf_spot,Tomato_Septoria_leaf_spot,0.9999445676803589,1,1.1425819396972656,8.180573463439941,0.15999984741210938,9.485527038574219
dataset/test/Tomato_Septoria_leaf_spot/images (1)_aug_55aug87.jpg,Tomato_Septoria_leaf_spot,Tomato_Septoria_leaf_spot,0.9999288320541382,1,1.076859474182129,8.197426795959473,0.16996288299560547,9.447026252746582
dataset/test/Tomato_Septoria_leaf_spot/images (1)aug27.jpg,Tomato_Septoria_leaf_spot,Tomato_Septoria_leaf_spot,0.9999209642410278,1,1.1188955307006836,8.148962020874023,0.17212963104248047,9.443340301513672
dataset/test/Tomato_Septoria_leaf_spot/tomato-blight-treatment-blight_jpg.rf.78cbf6055199828cb682fd0a6435a157_aug_74aug58.jpg,Tomato_Septoria_leaf_spot,Tomato_Septoria_leaf_spot,0.9999996423721313,1,1.202897071838379,8.282796859741211,0.17157554626464844,9.6603422164917
dataset/test/Tomato_Septoria_leaf_spot/tomato-blight-treatment-blight_jpg.rf.78cbf6055199828cb682fd0a6435a157aug37.jpg,Tomato_Septoria_leaf_spot,Tomato_Septoria_leaf_spot,0.9999994039535522,1,1.134749412536621,8.322240829467773,0.17183303833007812,9.631508827209473
dataset/test/Tomato_Septoria_leaf_spot/tomato-early-blight-e1437503226856_aug_4aug50.jpg,Tomato_Septoria_leaf_spot,Tomato_Septoria_leaf_spot,0.9999668598175049,1,1.1485824584960938,8.259037017822266,0.1682415008544922,9.57856273651123
dataset/test/Tomato_Septoria_leaf_spot/tomato-early-blight-e1437503226856_aug_5aug55.jpg,Tomato_Septoria_leaf_spot,Tomato_Septoria_leaf_spot,0.9999344348907471,1,1.1641569137573242,8.918282508850098,0.2052783966064453,10.29073429107666
dataset/test/Tomato_Septoria_leaf_spot/tomato-early-blight-e1437503226856aug2.jpg,Tomato_Septoria_leaf_spot,Tomato_Septoria_leaf_spot,0.9999924898147583,1,1.5483617782592773,10.94072151184082,0.20953941345214844,12.701603889465332
dataset/test/Tomato_Septoria_leaf_spot/tomato-early-blightH_jpg.rf.2633fbae0a933eb2711cb8466f34aca1_aug_12aug119.jpg,Tomato_Septoria_leaf_spot,Tomato_Septoria_leaf_spot,0.999478280544281,1,1.6535472869873047,11.040908813476562,0.24302101135253906,12.940864562988281
dataset/test/Tomato_Septoria_leaf_spot/tomato-early-blightH_jpg.rf.2633fbae0a933eb2711cb8466f34aca1_aug_13aug114.jpg,Tomato_Septoria_leaf_spot,Tomato_Septoria_leaf_spot,0.9999973773956299,1,1.5210275650024414,11.18355655670166,0.2135753631591797,12.921846389770508
dataset/test/Tomato_Septoria_leaf_spot/tomato-early-blightH_jpg.rf.2633fbae0a933eb2711cb8466f34aca1aug6.jpg,Tomato_Septoria_leaf_spot,Tomato_Septoria_leaf_spot,0.9999985694885254,1,1.569289207458496,11.033203125,0.20842742919921875,12.814400672912598
dataset/test/Tomato_Septoria_leaf_spot/tomato-septoria-3-500x384_aug_32aug104.jpg,Tomato_Septoria_leaf_spot,Tomato_Septoria_leaf_spot,0.9992541670799255,1,1.4656763076782227,10.855572700500488,0.20844554901123047,12.532917976379395
dataset/test/Tomato_Septoria_leaf_spot/tomato-septoria-3-500x384_aug_33aug106.jpg,Tomato_Septoria_leaf_spot,Tomato_Septoria_leaf_spot,0.9991975426673889,1,1.4870109558105469,11.09996223449707,0.20666790008544922,12.796844482421875
dataset/test/Tomato_Septoria_leaf_spot/tomato-septoria-3-500x384_jpg.rf.40a23512bd3b6d8df2115d7f591913fb_aug_16aug112.jpg,Tomato_Septoria_leaf_spot,Tomato_Septoria_leaf_spot,0.9987022876739502,1,1.5025110244750977,11.453001976013184,0.2089090347290039,13.168069839477539
dataset/test/Tomato_Septoria_leaf_spot/tomato-septoria-3-500x384_jpg.rf.40a23512bd3b6d8df2115d7f591913fb_aug_17aug111.jpg,Tomato_Septoria_leaf_spot,Tomato_Septoria_leaf_spot,0.9996933937072754,1,1.6484928131103516,10.326605796813965,0.1642780303955078,12.142654418945312
dataset/test/Tomato_Septoria_leaf_spot/tomato-septoria-3-500x384_jpg.rf.40a23512bd3b6d8df2115d7f591913fbaug8.jpg,Tomato_Septoria_leaf_spot,Tomato_Septoria_leaf_spot,0.9999567270278931,1,1.095895767211914,7.981090545654297,0.157501220703125,9.237062454223633
dataset/test/Tomato_Septoria_leaf_spot/tomato-septoria-3-500x384aug16.jpg,Tomato_Septoria_leaf_spot,Tomato_Septoria_leaf_spot,0.9996390342712402,1,1.0969696044921875,8.999078750610352,0.1919078826904297,10.290679931640625
dataset/test/Tomato_Septoria_leaf_spot/tomato-septoria-5_jpg.rf.fab97ae4bb3726e33dcbde7262ec6a65aug40.jpg,Tomato_Septoria_leaf_spot,Tomato_Septoria_leaf_spot,0.9999974966049194,1,1.0988216400146484,7.787570953369141,0.16698265075683594,9.056004524230957
dataset/test/Tomato_Septoria_leaf_spot/tomato-septoria-leaf-spot--_aug_22aug109.jpg,Tomato_Septoria_leaf_spot,Tomato_Early_blight_leaf,0.959695041179657,0,1.1765451431274414,7.869906425476074,0.1668720245361328,9.216042518615723
dataset/test/Tomato_Septoria_leaf_spot/tomato-septoria-leaf-spot--_aug_23aug108.jpg,Tomato_Septoria_leaf_spot,Tomato_Early_blight_leaf,0.998604953289032,0,1.1877117156982422,7.985443115234375,0.16535282135009766,9.341211318969727
dataset/test/Tomato_Septoria_leaf_spot/tomato-septoria-leaf-spot--_jpg.rf.06783859d6d3e49976374e4146674e0b_aug_48aug94.jpg,Tomato_Septoria_leaf_spot,Tomato_Septoria_leaf_spot,0.9722357988357544,1,1.1950254440307617,8.081499099731445,0.16666793823242188,9.446174621582031
dataset/test/Tomato_Septoria_leaf_spot/tomato-septoria-leaf-spot--_jpg.rf.06783859d6d3e49976374e4146674e0b_aug_49aug88.jpg,Tomato_Septoria_leaf_spot,Tomato_Septoria_leaf_spot,0.922669529914856,1,1.1899147033691406,8.025906562805176,0.16603946685791016,9.384488105773926
dataset/test/Tomato_Septoria_leaf_spot/tomato-septoria-leaf-spot--_jpg.rf.06783859d6d3e49976374e4146674e0baug24.jpg,Tomato_Septoria_leaf_spot,Tomato_Septoria_leaf_spot,0.9691050052642822,1,1.2084712982177734,8.202629089355469,0.16618633270263672,9.580509185791016
dataset/test/Tomato_Septoria_leaf_spot/tomato-septoria-leaf-spot--_jpg.rf.5e63d9a20f5557b9bb3617e79b48ef85_aug_26aug95.jpg,Tomato_Septoria_leaf_spot,Tomato_Septoria_leaf_spot,0.6632996797561646,1,1.178563117980957,7.9206085205078125,0.16952037811279297,9.271543502807617
dataset/test/Tomato_Septoria_leaf_spot/tomato-septoria-leaf-spot--_jpg.rf.5e63d9a20f5557b9bb3617e79b48ef85_aug_27aug101.jpg,Tomato_Septoria_leaf_spot,Tomato_Septoria_leaf_spot,0.9587373733520508,1,1.1740264892578125,7.854292869567871,0.1659088134765625,9.197135925292969
dataset/test/Tomato_Septoria_leaf_spot/tomato-septoria-leaf-spot--_jpg.rf.5e63d9a20f5557b9bb3617e79b48ef85aug13.jpg,Tomato_Septoria_leaf_spot,Tomato_Septoria_leaf_spot,0.9664127826690674,1,1.1626014709472656,7.824533462524414,0.1632232666015625,9.153467178344727
dataset/test/Tomato_Septoria_leaf_spot/tomato-septoria-leaf-spot--aug11.jpg,Tomato_Septoria_leaf_spot,Tomato_Early_blight_leaf,0.9576172232627869,0,1.2505817413330078,8.001424789428711,0.16050052642822266,9.415360450744629
dataset/test/Tomato_Septoria_leaf_spot/tomato-septoria-leaf-spot-_aug_28aug105.jpg,Tomato_Septoria_leaf_spot,Tomato_Septoria_leaf_spot,0.9739218354225159,1,1.1272296905517578,7.905423164367676,0.15555763244628906,9.191394805908203
dataset/test/Tomato_Septoria_leaf_spot/tomato-septoria-leaf-spot-_aug_29aug102.jpg,Tomato_Septoria_leaf_spot,Tomato_Septoria_leaf_spot,0.9619085192680359,1,1.1281929016113281,7.861960411071777,0.1634654998779297,9.156560897827148
dataset/test/Tomato_Septoria_leaf_spot/tomato-septoria-leaf-spot-aug14.jpg,Tomato_Septoria_leaf_spot,Tomato_Septoria_leaf_spot,0.9997554421424866,1,1.2065439224243164,7.6662187576293945,0.1630573272705078,9.038375854492188
dataset/test/Tomato_Septoria_leaf_spot/tomato_D2b-Early-blight---RPitblado_zoom_jpg.rf.93df1c3cb830b3940e4a23a5c4a05598_aug_8aug45.jpg,Tomato_Septoria_leaf_spot,Tomato_Septoria_leaf_spot,0.9998272061347961,1,1.135340690612793,7.897978782653809,0.16351985931396484,9.199450492858887
dataset/test/Tomato_Septoria_leaf_spot/tomato_D2b-Early-blight---RPitblado_zoom_jpg.rf.93df1c3cb830b3940e4a23a5c4a05598_aug_9aug47.jpg,Tomato_Septoria_leaf_spot,Tomato_Septoria_leaf_spot,0.9998055100440979,1,1.1421928405761719,7.983646392822266,0.16353988647460938,9.292098999023438
dataset/test/Tomato_Septoria_leaf_spot/tomato_D2b-Early-blight---RPitblado_zoom_jpg.rf.93df1c3cb830b3940e4a23a5c4a05598aug4.jpg,Tomato_Septoria_leaf_spot,Tomato_Septoria_leaf_spot,0.9998873472213745,1,1.1911563873291016,7.903886795043945,0.16300201416015625,9.261173248291016
dataset/test/Tomato_Septoria_leaf_spot/tomatoseptorialeafspotjpg-788d20798a3c74e7_aug_36aug98.jpg,Tomato_Septoria_leaf_spot,Tomato_Septoria_leaf_spot,0.9999960660934448,1,1.1052112579345703,7.689386367797852,0.1626129150390625,8.960227966308594
dataset/test/Tomato_Septoria_leaf_spot/tomatoseptorialeafspotjpg-788d20798a3c74e7_aug_37aug99.jpg,Tomato_Septoria_leaf_spot,Tomato_Septoria_leaf_spot,0.9943215847015381,1,1.1460084915161133,7.718107223510742,0.16307544708251953,9.029709815979004
dataset/test/Tomato_Septoria_leaf_spot/tomatoseptorialeafspotjpg-788d20798a3c74e7aug18.jpg,Tomato_Septoria_leaf_spot,Tomato_Septoria_leaf_spot,0.9998995065689087,1,1.1032485961914062,8.083944320678711,0.19585323333740234,9.385618209838867
dataset/test/Tomato_leaf_late_blight/Gls74_change_90_aug_66aug46.jpg,Tomato_leaf_late_blight,Tomato_leaf_late_blight,0.763106107711792,1,1.2093982696533203,8.044610023498535,0.16724109649658203,9.424137115478516
dataset/test/Tomato_leaf_late_blight/Gls74_change_90_aug_67aug49.jpg,Tomato_leaf_late_blight,Tomato_leaf_late_blight,0.9230981469154358,1,1.0873785018920898,8.207406997680664,0.17100048065185547,9.46863842010498
dataset/test/Tomato_leaf_late_blight/Gls74_change_90_aug_68aug41.jpg,Tomato_leaf_late_blight,Tomato_Septoria_leaf_spot,0.5350778698921204,0,1.0966167449951172,8.080387115478516,0.18918609619140625,9.368618965148926
dataset/test/Tomato_leaf_late_blight/Gls74_change_90aug22.jpg,Tomato_leaf_late_blight,Tomato_leaf_late_blight,0.9835678339004517,1,1.305546760559082,8.137517929077148,0.16905689239501953,9.614360809326172
dataset/test/Tomato_leaf_late_blight/Gls78_change_270_aug_24aug95.jpg,Tomato_leaf_late_blight,Tomato_leaf_late_blight,0.9586416482925415,1,1.1020259857177734,7.988979339599609,0.16813087463378906,9.261674880981445
dataset/test/Tomato_leaf_late_blight/Gls78_change_270_aug_25aug80.jpg,Tomato_leaf_late_blight,Tomato_leaf_late_blight,0.9803935289382935,1,1.1127862930297852,8.024054527282715,0.16568660736083984,9.305747985839844
dataset/test/Tomato_leaf_late_blight/Gls78_change_270_aug_26aug81.jpg,Tomato_leaf_late_blight,Tomato_leaf_late_blight,0.9967543482780457,1,1.0964326858520508,8.049886703491211,0.16683483123779297,9.31595230102539
dataset/test/Tomato_leaf_late_blight/Gls78_change_270aug8.jpg,Tomato_leaf_late_blight,Tomato_leaf_late_blight,0.9958993792533875,1,1.087636947631836,8.07284927368164,0.16837120056152344,9.331433296203613
dataset/test/Tomato_leaf_late_blight/Gls79_change_270_aug_51aug69.jpg,Tomato_leaf_late_blight,Tomato_leaf_late_blight,0.9999980926513672,1,1.1180438995361328,8.206868171691895,0.16514968872070312,9.492471694946289
dataset/test/Tomato_leaf_late_blight/Gls79_change_270_aug_52aug74.jpg,Tomato_leaf_late_blight,Tomato_leaf_late_blight,0.9999969005584717,1,1.0632295608520508,8.266240119934082,0.16229724884033203,9.494379043579102
dataset/test/Tomato_leaf_late_blight/Gls79_change_270_aug_53aug68.jpg,Tomato_leaf_late_blight,Tomato_leaf_late_blight,0.9999990463256836,1,1.0707283020019531,7.957589149475098,0.1812601089477539,9.212042808532715
dataset/test/Tomato_leaf_late_blight/Gls79_change_270aug17.jpg,Tomato_leaf_late_blight,Tomato_leaf_late_blight,0.999993085861206,1,1.2021369934082031,8.515149116516113,0.17183494567871094,9.892621994018555
dataset/test/Tomato_leaf_late_blight/Gls79_change_90_aug_27aug85.jpg,Tomato_leaf_late_blight,Tomato_leaf_late_blight,0.9499571323394775,1,1.1002492904663086,8.303240776062012,0.17105770111083984,9.577120780944824
dataset/test/Tomato_leaf_late_blight/Gls79_change_90_aug_28aug97.jpg,Tomato_leaf_late_blight,Tomato_leaf_late_blight,0.9997720122337341,1,1.0761919021606445,8.22929573059082,0.1745929718017578,9.483323097229004
dataset/test/Tomato_leaf_late_blight/Gls79_change_90_aug_29aug89.jpg,Tomato_leaf_late_blight,Tomato_leaf_late_blight,0.9992095232009888,1,1.0940074920654297,8.644429206848145,0.17048263549804688,9.912306785583496
dataset/test/Tomato_leaf_late_blight/Gls79_change_90aug9.jpg,Tomato_leaf_late_blight,Tomato_leaf_late_blight,0.9998893737792969,1,1.0937299728393555,8.362945556640625,0.16927814483642578,9.628693580627441
dataset/test/Tomato_leaf_late_blight/Gls79_mirror_aug_15aug104.jpg,Tomato_leaf_late_blight,Tomato_leaf_late_blight,0.9999985694885254,1,1.1253242492675781,8.46522331237793,0.17070484161376953,9.763992309570312
dataset/test/Tomato_leaf_late_blight/Gls79_mirror_aug_16aug113.jpg,Tomato_leaf_late_blight,Tomato_leaf_late_blight,0.9999009370803833,1,1.081618309020996,8.33140754699707,0.16935253143310547,9.58493423461914
dataset/test/Tomato_leaf_late_blight/Gls79_mirror_aug_17aug109.jpg,Tomato_leaf_late_blight,Tomato_leaf_late_blight,0.9999920129776001,1,1.1597490310668945,8.411870956420898,0.17216777801513672,9.746546745300293
dataset/test/Tomato_leaf_late_blight/Gls79_mirroraug5.jpg,Tomato_leaf_late_blight,Tomato_leaf_late_blight,0.9999274015426636,1,1.0724143981933594,8.154850959777832,0.1692037582397461,9.399248123168945
dataset/test/Tomato_leaf_late_blight/IMG_20251102_155822aug32.jpg,Tomato_leaf_late_blight,Tomato_Early_blight_leaf,0.5588988065719604,0,1.153656005859375,8.308018684387207,0.16779708862304688,9.632583618164062
dataset/test/Tomato_leaf_late_blight/IMG_20251102_160928aug33.jpg,Tomato_leaf_late_blight,Tomato_Early_blight_leaf,0.9825029373168945,0,1.1525259017944336,8.065202713012695,0.1692981719970703,9.389822006225586
dataset/test/Tomato_leaf_late_blight/IMG_20251102_161202_aug_57aug50.jpg,Tomato_leaf_late_blight,Tomato_Early_blight_leaf,0.9999890327453613,0,1.1925067901611328,8.248407363891602,0.16644668579101562,9.610008239746094
dataset/test/Tomato_leaf_late_blight/IMG_20251102_161202_aug_58aug52.jpg,Tomato_leaf_late_blight,Tomato_Early_blight_leaf,0.9999933242797852,0,1.2212677001953125,8.254704475402832,0.16705703735351562,9.645452499389648
dataset/test/Tomato_leaf_late_blight/IMG_20251102_161202_aug_59aug39.jpg,Tomato_leaf_late_blight,Tomato_Early_blight_leaf,0.9998314380645752,0,1.2038602828979492,8.245999336242676,0.1693897247314453,9.622286796569824
dataset/test/Tomato_leaf_late_blight/IMG_20251102_161202aug19.jpg,Tomato_leaf_late_blight,Tomato_Early_blight_leaf,0.9999185800552368,0,1.1766929626464844,8.161759376525879,0.16472434997558594,9.505508422851562
dataset/test/Tomato_leaf_late_blight/IMG_5808_jpg.rf.9de5af872dd2e7a58b115c4826fb18d4_aug_63aug53.jpg,Tomato_leaf_late_blight,Tomato_leaf_late_blight,0.9999948740005493,1,1.175156593322754,8.171887397766113,0.16927814483642578,9.519545555114746
dataset/test/Tomato_leaf_late_blight/IMG_5808_jpg.rf.9de5af872dd2e7a58b115c4826fb18d4_aug_64aug43.jpg,Tomato_leaf_late_blight,Tomato_leaf_late_blight,0.9998832941055298,1,1.1446561813354492,8.319796562194824,0.16994571685791016,9.637453079223633
dataset/test/Tomato_leaf_late_blight/IMG_5808_jpg.rf.9de5af872dd2e7a58b115c4826fb18d4_aug_65aug38.jpg,Tomato_leaf_late_blight,Tomato_leaf_late_blight,0.9999973773956299,1,1.1966190338134766,8.330519676208496,0.16862964630126953,9.698676109313965
dataset/test/Tomato_leaf_late_blight/IMG_5808_jpg.rf.9de5af872dd2e7a58b115c4826fb18d4aug21.jpg,Tomato_leaf_late_blight,Tomato_leaf_late_blight,0.999972939491272,1,1.131617546081543,8.238147735595703,0.16935443878173828,9.542010307312012
dataset/test/Tomato_leaf_late_blight/LB_ (254)_aug_54aug73.jpg,Tomato_leaf_late_blight,Tomato_leaf_late_blight,0.9563886523246765,1,1.0888032913208008,8.162016868591309,0.1698150634765625,9.423230171203613
dataset/test/Tomato_leaf_late_blight/LB_ (254)_aug_55aug71.jpg,Tomato_leaf_late_blight,Tomato_leaf_late_blight,0.9238210320472717,1,1.1142845153808594,8.200703620910645,0.1690378189086914,9.487211227416992
dataset/test/Tomato_leaf_late_blight/LB_ (254)_aug_56aug78.jpg,Tomato_leaf_late_blight,Tomato_leaf_late_blight,0.9229161143302917,1,1.095341682434082,8.320296287536621,0.1696310043334961,9.588583946228027
dataset/test/Tomato_leaf_late_blight/LB_ (254)aug18.jpg,Tomato_leaf_late_blight,Tomato_leaf_late_blight,0.993686854839325,1,1.0967483520507812,8.468445777893066,0.16966629028320312,9.737695693969727
dataset/test/Tomato_leaf_late_blight/LB_ (276)_aug_60aug45.jpg,Tomato_leaf_late_blight,Tomato_leaf_late_blight,0.9999977350234985,1,1.115656852722168,8.604947090148926,0.1711864471435547,9.894752502441406
dataset/test/Tomato_leaf_late_blight/LB_ (276)_aug_61aug44.jpg,Tomato_leaf_late_blight,Tomato_leaf_late_blight,0.9998377561569214,1,1.107710838317871,8.438018798828125,0.202667236328125,9.751490592956543
dataset/test/Tomato_leaf_late_blight/LB_ (276)_aug_62aug40.jpg,Tomato_leaf_late_blight,Tomato_leaf_late_blight,0.9999946355819702,1,1.109506607055664,8.382500648498535,0.16763019561767578,9.662100791931152
dataset/test/Tomato_leaf_late_blight/LB_ (276)aug20.jpg,Tomato_leaf_late_blight,Tomato_leaf_late_blight,0.9999759197235107,1,1.0956001281738281,8.395685195922852,0.16707515716552734,9.661490440368652
dataset/test/Tomato_leaf_late_blight/Late-blight-foliar-leasion-on-tomato_jpg.rf.331af81e5b2aae24af0dc9b6d9933591_aug_72aug60.jpg,Tomato_leaf_late_blight,Tomato_leaf_late_blight,0.9999951124191284,1,1.2406005859375,8.484057426452637,0.16464996337890625,9.891825675964355
dataset/test/Tomato_leaf_late_blight/Late-blight-foliar-leasion-on-tomato_jpg.rf.331af81e5b2aae24af0dc9b6d9933591_aug_73aug51.jpg,Tomato_leaf_late_blight,Tomato_leaf_late_blight,0.9999977350234985,1,1.1790447235107422,8.310611724853516,0.1584644317626953,9.650490760803223
dataset/test/Tomato_leaf_late_blight/Late-blight-foliar-leasion-on-tomato_jpg.rf.331af81e5b2aae24af0dc9b6d9933591_aug_74aug37.jpg,Tomato_leaf_late_blight,Tomato_leaf_late_blight,0.9999772310256958,1,1.260507583618164,8.310277938842773,0.17139148712158203,9.746027946472168
dataset/test/Tomato_leaf_late_blight/Late-blight-foliar-leasion-on-tomato_jpg.rf.331af81e5b2aae24af0dc9b6d9933591aug24.jpg,Tomato_leaf_late_blight,Tomato_leaf_late_blight,0.9999997615814209,1,1.2752685546875,8.284055709838867,0.172149658203125,9.73447322845459
dataset/test/Tomato_leaf_late_blight/Late-blight-on-a-tomato-leaf_jpg.rf.8a0bcac661db5b0d51beab8e2bf6cd6caug29.jpg,Tomato_leaf_late_blight,Tomato_leaf_late_blight,0.9999995231628418,1,1.2549705505371094,8.294167518615723,0.17022228240966797,9.722620964050293
dataset/test/Tomato_leaf_late_blight/Late-blight-on-a-tomato-leaf_jpg.rf.8defdb736385f3e1da6fba17b2786ac9_aug_84aug36.jpg,Tomato_leaf_late_blight,Tomato_leaf_late_blight,1.0,1,1.1077852249145508,8.21716594696045,0.16820526123046875,9.495377540588379
dataset/test/Tomato_leaf_late_blight/Late-blight-on-a-tomato-leaf_jpg.rf.8defdb736385f3e1da6fba17b2786ac9aug28.jpg,Tomato_leaf_late_blight,Tomato_leaf_late_blight,1.0,1,1.133469581604004,8.284204483032227,0.1686115264892578,9.589250564575195
dataset/test/Tomato_leaf_late_blight/Late-blight-symptoms-on-tomato-leaves-1r3uhy2_jpg.rf.92fa5ba375a2c3ce572ef7e12695be90aug31.jpg,Tomato_leaf_late_blight,Tomato_leaf_late_blight,0.9999953508377075,1,1.188248634338379,8.2627592086792,0.16998291015625,9.624082565307617
dataset/test/Tomato_leaf_late_blight/Late-blight-tomato-leaf-VikramBisht-MBag_jpg.rf.ec494f1ab0c0417fed47095af181f852_aug_6aug117.jpg,Tomato_leaf_late_blight,Tomato_leaf_late_blight,0.9999867677688599,1,1.1797122955322266,8.378667831420898,0.1709451675415039,9.732084274291992
dataset/test/Tomato_leaf_late_blight/Late-blight-tomato-leaf-VikramBisht-MBag_jpg.rf.ec494f1ab0c0417fed47095af181f852_aug_7aug116.jpg,Tomato_leaf_late_blight,Tomato_leaf_late_blight,0.999991774559021,1,1.1371736526489258,8.336018562316895,0.1675567626953125,9.643712997436523
dataset/test/Tomato_leaf_late_blight/Late-blight-tomato-leaf-VikramBisht-MBag_jpg.rf.ec494f1ab0c0417fed47095af181f852_aug_8aug115.jpg,Tomato_leaf_late_blight,Tomato_leaf_late_blight,0.9999910593032837,1,1.1526927947998047,8.38477897644043,0.16802120208740234,9.707953453063965
dataset/test/Tomato_leaf_late_blight/Late-blight-tomato-leaf-VikramBisht-MBag_jpg.rf.ec494f1ab0c0417fed47095af181f852aug2.jpg,Tomato_leaf_late_blight,Tomato_leaf_late_blight,0.9999598264694214,1,1.147451400756836,8.236869812011719,0.1643533706665039,9.551508903503418
dataset/test/Tomato_leaf_late_blight/LateBlight-Tomato-JJ-2009-17nxg4q_aug_36aug79.jpg,Tomato_leaf_late_blight,Tomato_leaf_late_blight,0.9999939203262329,1,1.1156740188598633,8.195164680480957,0.1676502227783203,9.480989456176758
dataset/test/Tomato_leaf_late_blight/LateBlight-Tomato-JJ-2009-17nxg4q_aug_37aug87.jpg,Tomato_leaf_late_blight,Tomato_leaf_late_blight,0.9999433755874634,1,1.1305809020996094,8.57661247253418,0.17039012908935547,9.880010604858398
dataset/test/Tomato_leaf_late_blight/LateBlight-Tomato-JJ-2009-17nxg4q_aug_38aug67.jpg,Tomato_leaf_late_blight,Tomato_leaf_late_blight,0.9998296499252319,1,1.124155044555664,8.368999481201172,0.1695575714111328,9.665602684020996
dataset/test/Tomato_leaf_late_blight/LateBlight-Tomato-JJ-2009-17nxg4q_jpg.rf.93780f99f071013cf0764b40fc6db48c_aug_48aug77.jpg,Tomato_leaf_late_blight,Tomato_leaf_late_blight,0.9999980926513672,1,1.1360626220703125,11.147445678710938,0.20524311065673828,12.492196083068848
dataset/test/Tomato_leaf_late_blight/LateBlight-Tomato-JJ-2009-17nxg4q_jpg.rf.93780f99f071013cf0764b40fc6db48c_aug_49aug65.jpg,Tomato_leaf_late_blight,Tomato_leaf_late_blight,0.9999994039535522,1,1.4184179306030273,11.382631301879883,0.2099466323852539,13.014753341674805
dataset/test/Tomato_leaf_late_blight/LateBlight-Tomato-JJ-2009-17nxg4q_jpg.rf.93780f99f071013cf0764b40fc6db48c_aug_50aug75.jpg,Tomato_leaf_late_blight,Tomato_leaf_late_blight,0.9999866485595703,1,1.4056577682495117,11.587244033813477,0.21959304809570312,13.216143608093262
dataset/test/Tomato_leaf_late_blight/LateBlight-Tomato-JJ-2009-17nxg4q_jpg.rf.93780f99f071013cf0764b40fc6db48caug16.jpg,Tomato_leaf_late_blight,Tomato_leaf_late_blight,0.9999889135360718,1,1.4649171829223633,11.152241706848145,0.20711231231689453,12.82769775390625
dataset/test/Tomato_leaf_late_blight/LateBlight-Tomato-JJ-2009-17nxg4qaug12.jpg,Tomato_leaf_late_blight,Tomato_leaf_late_blight,0.9998635053634644,1,1.4146757125854492,12.26126766204834,0.21302032470703125,13.893464088439941
dataset/test/Tomato_leaf_late_blight/Lb11_mirror_verticalaug34.jpg,Tomato_leaf_late_blight,Tomato_leaf_late_blight,1.0,1,1.4937324523925781,16.346739768981934,0.2370014190673828,18.080842971801758
dataset/test/Tomato_leaf_late_blight/Lb51_mirror_aug_39aug83.jpg,Tomato_leaf_late_blight,Tomato_Septoria_leaf_spot,0.5989699959754944,0,1.9321050643920898,19.058016777038574,0.15864849090576172,21.151864051818848
dataset/test/Tomato_leaf_late_blight/Lb51_mirror_aug_40aug96.jpg,Tomato_leaf_late_blight,Tomato_leaf_late_blight,0.9999575614929199,1,1.0614700317382812,12.42986011505127,0.1683521270751953,13.662055015563965
dataset/test/Tomato_leaf_late_blight/Lb51_mirror_aug_41aug91.jpg,Tomato_leaf_late_blight,Tomato_leaf_late_blight,0.9987865090370178,1,1.153193473815918,7.929608345031738,0.16359329223632812,9.249062538146973
dataset/test/Tomato_leaf_late_blight/Lb51_mirroraug13.jpg,Tomato_leaf_late_blight,Tomato_leaf_late_blight,0.9540233612060547,1,1.066359519958496,8.0076265335083,0.1631307601928711,9.23978328704834
dataset/test/Tomato_leaf_late_blight/Lb52_change_90_aug_42aug64.jpg,Tomato_leaf_late_blight,Tomato_leaf_late_blight,0.9999918937683105,1,1.0480260848999023,7.878348350524902,0.16020488739013672,9.089079856872559
dataset/test/Tomato_leaf_late_blight/Lb52_change_90_aug_43aug63.jpg,Tomato_leaf_late_blight,Tomato_leaf_late_blight,0.9999984502792358,1,1.0467300415039062,7.727994918823242,0.1665210723876953,8.943727493286133
dataset/test/Tomato_leaf_late_blight/Lb52_change_90_aug_44aug70.jpg,Tomato_leaf_late_blight,Tomato_leaf_late_blight,0.9999969005584717,1,1.1300630569458008,7.740476608276367,0.163482666015625,9.036468505859375
dataset/test/Tomato_leaf_late_blight/Lb52_change_90aug14.jpg,Tomato_leaf_late_blight,Tomato_leaf_late_blight,0.9999877214431763,1,1.0676193237304688,7.788552284240723,0.16276073455810547,9.021505355834961
dataset/test/Tomato_leaf_late_blight/Lb69_aug_45aug76.jpg,Tomato_leaf_late_blight,Tomato_leaf_late_blight,0.999998927116394,1,1.0373592376708984,7.885664939880371,0.1649637222290039,9.090912818908691
dataset/test/Tomato_leaf_late_blight/Lb69_aug_46aug72.jpg,Tomato_leaf_late_blight,Tomato_leaf_late_blight,0.9999717473983765,1,1.0564889907836914,7.877386093139648,0.15844440460205078,9.09468936920166
dataset/test/Tomato_leaf_late_blight/Lb69_aug_47aug66.jpg,Tomato_leaf_late_blight,Tomato_leaf_late_blight,0.9999910593032837,1,1.0563793182373047,7.76666259765625,0.17557525634765625,9.001338005065918
dataset/test/Tomato_leaf_late_blight/Lb69aug15.jpg,Tomato_leaf_late_blight,Tomato_leaf_late_blight,0.9990605711936951,1,1.1539716720581055,8.099628448486328,0.16775989532470703,9.42441463470459
dataset/test/Tomato_leaf_late_blight/Lb8_mirror_vertical_aug_10aug118.jpg,Tomato_leaf_late_blight,Tomato_leaf_late_blight,0.9794096946716309,1,1.168747901916504,7.959737777709961,0.1669445037841797,9.298358917236328
dataset/test/Tomato_leaf_late_blight/Lb8_mirror_vertical_aug_11aug111.jpg,Tomato_leaf_late_blight,Tomato_leaf_late_blight,0.9996215105056763,1,1.134988784790039,8.12392520904541,0.16883563995361328,9.430543899536133
dataset/test/Tomato_leaf_late_blight/Lb8_mirror_vertical_aug_9aug103.jpg,Tomato_leaf_late_blight,Tomato_leaf_late_blight,0.9991973042488098,1,1.076913833618164,8.078073501586914,0.16624164581298828,9.323822975158691
dataset/test/Tomato_leaf_late_blight/Lb8_mirror_verticalaug3.jpg,Tomato_leaf_late_blight,Tomato_leaf_late_blight,0.9999792575836182,1,1.0863218307495117,8.182518005371094,0.16750049591064453,9.438953399658203
dataset/test/Tomato_leaf_late_blight/Lb97_aug_21aug84.jpg,Tomato_leaf_late_blight,Tomato_leaf_late_blight,0.9999996423721313,1,1.138340950012207,8.012961387634277,0.16788959503173828,9.322321891784668
dataset/test/Tomato_leaf_late_blight/Lb97_aug_22aug101.jpg,Tomato_leaf_late_blight,Tomato_leaf_late_blight,0.9999996423721313,1,1.113896369934082,8.053072929382324,0.16751956939697266,9.337173461914062
dataset/test/Tomato_leaf_late_blight/Lb97_aug_23aug82.jpg,Tomato_leaf_late_blight,Tomato_leaf_late_blight,0.9999996423721313,1,1.1049718856811523,8.267314910888672,0.20129776000976562,9.57665729522705
dataset/test/Tomato_leaf_late_blight/Lb97aug7.jpg,Tomato_leaf_late_blight,Tomato_leaf_late_blight,0.9999997615814209,1,1.097914695739746,8.256333351135254,0.16787052154541016,9.52465534210205
dataset/test/Tomato_leaf_late_blight/Leaf-2Bsymptoms-2BMDA_jpg.rf.39b220104d04636fad4f5aae043826cb_aug_0aug108.jpg,Tomato_leaf_late_blight,Tomato_leaf_late_blight,1.0,1,1.1382293701171875,7.984071731567383,0.16633319854736328,9.291265487670898
dataset/test/Tomato_leaf_late_blight/Leaf-2Bsymptoms-2BMDA_jpg.rf.39b220104d04636fad4f5aae043826cb_aug_1aug106.jpg,Tomato_leaf_late_blight,Tomato_leaf_late_blight,1.0,1,1.1871004104614258,8.254962921142578,0.15996360778808594,9.604637145996094
dataset/test/Tomato_leaf_late_blight/Leaf-2Bsymptoms-2BMDA_jpg.rf.39b220104d04636fad4f5aae043826cb_aug_2aug119.jpg,Tomato_leaf_late_blight,Tomato_leaf_late_blight,1.0,1,1.1156368255615234,9.057209014892578,0.16377925872802734,10.339200019836426
dataset/test/Tomato_leaf_late_blight/Leaf-2Bsymptoms-2BMDA_jpg.rf.39b220104d04636fad4f5aae043826cbaug0.jpg,Tomato_leaf_late_blight,Tomato_leaf_late_blight,0.9999997615814209,1,1.2041006088256836,8.228702545166016,0.15774154663085938,9.593119621276855
dataset/test/Tomato_leaf_late_blight/Tomato-20bacterial-20canker-JPG_jpg.rf.8b568c1d5efcfdcef44c606eb076b889_aug_30aug92.jpg,Tomato_leaf_late_blight,Tomato_leaf_late_blight,0.9904088973999023,1,1.144784927368164,8.129627227783203,0.16783428192138672,9.445043563842773
dataset/test/Tomato_leaf_late_blight/Tomato-20bacterial-20canker-JPG_jpg.rf.8b568c1d5efcfdcef44c606eb076b889_aug_31aug98.jpg,Tomato_leaf_late_blight,Tomato_leaf_late_blight,0.9999203681945801,1,1.1806554794311523,8.112832069396973,0.1691131591796875,9.465747833251953
dataset/test/Tomato_leaf_late_blight/Tomato-20bacterial-20canker-JPG_jpg.rf.8b568c1d5efcfdcef44c606eb076b889_aug_32aug90.jpg,Tomato_leaf_late_blight,Tomato_leaf_late_blight,0.8889217376708984,1,1.2434711456298828,8.10261058807373,0.17818546295166016,9.527266502380371
dataset/test/Tomato_leaf_late_blight/Tomato-20bacterial-20canker-JPG_jpg.rf.8b568c1d5efcfdcef44c606eb076b889aug10.jpg,Tomato_leaf_late_blight,Tomato_leaf_late_blight,0.9998925924301147,1,1.1705818176269531,8.281017303466797,0.16857433319091797,9.622915267944336
dataset/test/Tomato_leaf_late_blight/TomatoBlight-JPG_jpg.rf.234cbc5809dc7d942e46760a63e10d9f_aug_33aug88.jpg,Tomato_leaf_late_blight,Tomato_leaf_late_blight,1.0,1,1.129323959350586,8.41992473602295,0.17013168334960938,9.722249031066895
dataset/test/Tomato_leaf_late_blight/TomatoBlight-JPG_jpg.rf.234cbc5809dc7d942e46760a63e10d9f_aug_34aug86.jpg,Tomato_leaf_late_blight,Tomato_leaf_late_blight,0.9999998807907104,1,1.1442108154296875,8.269333839416504,0.16931533813476562,9.585711479187012
dataset/test/Tomato_leaf_late_blight/TomatoBlight-JPG_jpg.rf.234cbc5809dc7d942e46760a63e10d9f_aug_35aug93.jpg,Tomato_leaf_late_blight,Tomato_leaf_late_blight,0.9999097585678101,1,1.1534147262573242,8.071425437927246,0.16805648803710938,9.395211219787598
dataset/test/Tomato_leaf_late_blight/TomatoBlight-JPG_jpg.rf.234cbc5809dc7d942e46760a63e10d9faug11.jpg,Tomato_leaf_late_blight,Tomato_leaf_late_blight,0.9996742010116577,1,1.1975631713867188,8.283795356750488,0.16811275482177734,9.652545928955078
dataset/test/Tomato_leaf_late_blight/dsc_8140cs_aug_3aug114.jpg,Tomato_leaf_late_blight,Tomato_leaf_late_blight,0.9999997615814209,1,1.1597671508789062,9.567877769470215,0.23961162567138672,10.970500946044922
dataset/test/Tomato_leaf_late_blight/dsc_8140cs_aug_4aug99.jpg,Tomato_leaf_late_blight,Tomato_leaf_late_blight,0.9998514652252197,1,1.5502681732177734,11.145777702331543,0.2071857452392578,12.906826972961426
dataset/test/Tomato_leaf_late_blight/dsc_8140cs_aug_5aug102.jpg,Tomato_leaf_late_blight,Tomato_leaf_late_blight,0.9999717473983765,1,1.5294733047485352,11.193761825561523,0.2089080810546875,12.935623168945312
dataset/test/Tomato_leaf_late_blight/dsc_8140csaug1.jpg,Tomato_leaf_late_blight,Tomato_leaf_late_blight,0.9999210834503174,1,1.521566390991211,11.125648498535156,0.19872379302978516,12.84921646118164
dataset/test/Tomato_leaf_late_blight/late_jpg.rf.f64883c6ac50eb4f477851ddc23305e8_aug_69aug47.jpg,Tomato_leaf_late_blight,Tomato_leaf_late_blight,0.9230188131332397,1,1.5782508850097656,11.05566692352295,0.21033573150634766,12.847862243652344
dataset/test/Tomato_leaf_late_blight/late_jpg.rf.f64883c6ac50eb4f477851ddc23305e8_aug_70aug48.jpg,Tomato_leaf_late_blight,Tomato_leaf_late_blight,0.9221383929252625,1,1.5725288391113281,11.120183944702148,0.20957565307617188,12.905437469482422
dataset/test/Tomato_leaf_late_blight/late_jpg.rf.f64883c6ac50eb4f477851ddc23305e8_aug_71aug42.jpg,Tomato_leaf_late_blight,Tomato_leaf_late_blight,0.9541414976119995,1,1.5408811569213867,11.088814735412598,0.20853805541992188,12.841863632202148
dataset/test/Tomato_leaf_late_blight/late_jpg.rf.f64883c6ac50eb4f477851ddc23305e8aug23.jpg,Tomato_leaf_late_blight,Tomato_leaf_late_blight,0.9365738034248352,1,1.6198434829711914,11.339557647705078,0.2038717269897461,13.166791915893555
dataset/test/Tomato_leaf_late_blight/lateblightTom_lesionaug30.jpg,Tomato_leaf_late_blight,Tomato_leaf_late_blight,0.9881440997123718,1,1.3952312469482422,9.328989028930664,0.1646127700805664,10.891369819641113
dataset/test/Tomato_leaf_late_blight/lb_leaf_lesions2x1200_jpg.rf.3a72cc9627c3ba6d79a876e19220824e_aug_81aug56.jpg,Tomato_leaf_late_blight,Tomato_leaf_late_blight,0.9999997615814209,1,1.0961942672729492,8.381964683532715,0.16681480407714844,9.647489547729492
dataset/test/Tomato_leaf_late_blight/lb_leaf_lesions2x1200_jpg.rf.3a72cc9627c3ba6d79a876e19220824e_aug_82aug62.jpg,Tomato_leaf_late_blight,Tomato_leaf_late_blight,0.9999997615814209,1,1.1395254135131836,7.9954423904418945,0.1648721694946289,9.30302619934082
dataset/test/Tomato_leaf_late_blight/lb_leaf_lesions2x1200_jpg.rf.3a72cc9627c3ba6d79a876e19220824e_aug_83aug57.jpg,Tomato_leaf_late_blight,Tomato_leaf_late_blight,0.999995231628418,1,1.0961370468139648,7.899422645568848,0.16568660736083984,9.163745880126953
dataset/test/Tomato_leaf_late_blight/lb_leaf_lesions2x1200_jpg.rf.3a72cc9627c3ba6d79a876e19220824eaug27.jpg,Tomato_leaf_late_blight,Tomato_leaf_late_blight,0.9999910593032837,1,1.0865259170532227,7.929683685302734,0.16527938842773438,9.184061050415039
dataset/test/Tomato_leaf_late_blight/p1020076cs_aug_78aug35.jpg,Tomato_leaf_late_blight,Tomato_leaf_late_blight,0.999981164932251,1,1.0844154357910156,7.963738441467285,0.204315185546875,9.255690574645996
dataset/test/Tomato_leaf_late_blight/p1020076cs_aug_79aug59.jpg,Tomato_leaf_late_blight,Tomato_leaf_late_blight,0.9999920129776001,1,1.077951431274414,7.959607124328613,0.16440773010253906,9.20489501953125
dataset/test/Tomato_leaf_late_blight/p1020076cs_aug_80aug55.jpg,Tomato_leaf_late_blight,Tomato_leaf_late_blight,1.0,1,1.0663032531738281,7.918553352355957,0.16229820251464844,9.150208473205566
dataset/test/Tomato_leaf_late_blight/p1020076csaug26.jpg,Tomato_leaf_late_blight,Tomato_leaf_late_blight,0.9999971389770508,1,1.0506000518798828,7.810108184814453,0.18016815185546875,9.043745994567871
dataset/test/Tomato_leaf_late_blight/symptoms_of_late_blight_0_jpg.rf.417903f6c86ccb4f4bcd7139e0867018_aug_75aug58.jpg,Tomato_leaf_late_blight,Tomato_leaf_late_blight,0.9999988079071045,1,1.249638557434082,7.893200874328613,0.1660938262939453,9.311914443969727
dataset/test/Tomato_leaf_late_blight/symptoms_of_late_blight_0_jpg.rf.417903f6c86ccb4f4bcd7139e0867018_aug_76aug54.jpg,Tomato_leaf_late_blight,Tomato_leaf_late_blight,0.9998890161514282,1,1.200453758239746,7.839663505554199,0.16622257232666016,9.209247589111328
dataset/test/Tomato_leaf_late_blight/symptoms_of_late_blight_0_jpg.rf.417903f6c86ccb4f4bcd7139e0867018_aug_77aug61.jpg,Tomato_leaf_late_blight,Tomato_leaf_late_blight,0.9998811483383179,1,1.2443037033081055,8.314148902893066,0.17083358764648438,9.73206615447998
dataset/test/Tomato_leaf_late_blight/symptoms_of_late_blight_0_jpg.rf.417903f6c86ccb4f4bcd7139e0867018aug25.jpg,Tomato_leaf_late_blight,Tomato_leaf_late_blight,0.9999879598617554,1,1.2088966369628906,8.57363224029541,0.172760009765625,9.95821475982666
dataset/test/Tomato_leaf_late_blight/tomato-late-blight-leaf-61-3x32_aug_12aug112.jpg,Tomato_leaf_late_blight,Tomato_leaf_late_blight,0.9999943971633911,1,1.1274890899658203,9.022987365722656,0.20392704010009766,10.357254028320312
dataset/test/Tomato_leaf_late_blight/tomato-late-blight-leaf-61-3x32_aug_13aug110.jpg,Tomato_leaf_late_blight,Tomato_Septoria_leaf_spot,0.7083053588867188,0,1.1077289581298828,8.45507526397705,0.1732044219970703,9.738546371459961
dataset/test/Tomato_leaf_late_blight/tomato-late-blight-leaf-61-3x32_aug_14aug105.jpg,Tomato_leaf_late_blight,Tomato_leaf_late_blight,0.999941349029541,1,1.115896224975586,8.6904296875,0.17270374298095703,9.9823637008667
dataset/test/Tomato_leaf_late_blight/tomato-late-blight-leaf-61-3x32aug4.jpg,Tomato_leaf_late_blight,Tomato_leaf_late_blight,0.9999839067459106,1,1.1663036346435547,8.384778022766113,0.17003726959228516,9.723917007446289
dataset/test/Tomato_leaf_late_blight/tomato.early.blightH_aug_18aug100.jpg,Tomato_leaf_late_blight,Tomato_Septoria_leaf_spot,0.999942421913147,0,1.224471092224121,8.443669319152832,0.1708526611328125,9.8417329788208
dataset/test/Tomato_leaf_late_blight/tomato.early.blightH_aug_19aug107.jpg,Tomato_leaf_late_blight,Tomato_Septoria_leaf_spot,0.9996015429496765,0,1.2617130279541016,8.273259162902832,0.17296409606933594,9.710843086242676
dataset/test/Tomato_leaf_late_blight/tomato.early.blightH_aug_20aug94.jpg,Tomato_leaf_late_blight,Tomato_Septoria_leaf_spot,0.9958571791648865,0,1.2514533996582031,8.365907669067383,0.1723155975341797,9.792119979858398
dataset/test/Tomato_leaf_late_blight/tomato.early.blightHaug6.jpg,Tomato_leaf_late_blight,Tomato_Septoria_leaf_spot,0.9762046933174133,0,1.2736377716064453,8.381889343261719,0.17194461822509766,9.83045482635498
dataset/test/Tomato_leaf_yellow_curl_virus/1342017-162221-44540_jpg.rf.f68314ea4850dade3a214dec71c83715_aug_77aug56.jpg,Tomato_leaf_yellow_curl_virus,Tomato_leaf_yellow_curl_virus,0.9999991655349731,1,1.2027482986450195,8.300185203552246,0.16724109649658203,9.673176765441895
dataset/test/Tomato_leaf_yellow_curl_virus/1342017-162221-44540_jpg.rf.f68314ea4850dade3a214dec71c83715_aug_78aug81.jpg,Tomato_leaf_yellow_curl_virus,Tomato_leaf_yellow_curl_virus,0.9999997615814209,1,1.1576929092407227,8.048831939697266,0.16698265075683594,9.375969886779785
dataset/test/Tomato_leaf_yellow_curl_virus/1342017-162221-44540_jpg.rf.f68314ea4850dade3a214dec71c83715_aug_79aug60.jpg,Tomato_leaf_yellow_curl_virus,Tomato_leaf_yellow_curl_virus,1.0,1,1.2086181640625,8.323203086853027,0.16822242736816406,9.702638626098633
dataset/test/Tomato_leaf_yellow_curl_virus/1342017-162221-44540_jpg.rf.f68314ea4850dade3a214dec71c83715_aug_80aug64.jpg,Tomato_leaf_yellow_curl_virus,Tomato_leaf_yellow_curl_virus,0.9999997615814209,1,1.1672477722167969,8.167332649230957,0.16672325134277344,9.503896713256836
dataset/test/Tomato_leaf_yellow_curl_virus/1342017-162221-44540_jpg.rf.f68314ea4850dade3a214dec71c83715_aug_81aug61.jpg,Tomato_leaf_yellow_curl_virus,Tomato_leaf_yellow_curl_virus,0.9999997615814209,1,1.1988229751586914,8.07070255279541,0.16414928436279297,9.436247825622559
dataset/test/Tomato_leaf_yellow_curl_virus/1342017-162221-44540_jpg.rf.f68314ea4850dade3a214dec71c83715_aug_82aug80.jpg,Tomato_leaf_yellow_curl_virus,Tomato_leaf_yellow_curl_virus,0.9999997615814209,1,1.1673603057861328,7.988460540771484,0.16761112213134766,9.326153755187988
dataset/test/Tomato_leaf_yellow_curl_virus/1342017-162221-44540_jpg.rf.f68314ea4850dade3a214dec71c83715_aug_83aug70.jpg,Tomato_leaf_yellow_curl_virus,Tomato_leaf_yellow_curl_virus,0.9999995231628418,1,1.2571382522583008,8.016533851623535,0.1771860122680664,9.453841209411621
dataset/test/Tomato_leaf_yellow_curl_virus/1342017-162221-44540_jpg.rf.f68314ea4850dade3a214dec71c83715aug11.jpg,Tomato_leaf_yellow_curl_virus,Tomato_leaf_yellow_curl_virus,0.9999998807907104,1,1.2792491912841797,8.026962280273438,0.16726207733154297,9.47687816619873
dataset/test/Tomato_leaf_yellow_curl_virus/8226402877_9abf151b5b_b_jpg.rf.a2dff27e03c5ab47916df5d873c1590f_aug_70aug66.jpg,Tomato_leaf_yellow_curl_virus,Tomato_leaf_yellow_curl_virus,0.9999821186065674,1,1.1393775939941406,8.162277221679688,0.16577911376953125,9.470285415649414
dataset/test/Tomato_leaf_yellow_curl_virus/8226402877_9abf151b5b_b_jpg.rf.a2dff27e03c5ab47916df5d873c1590f_aug_71aug69.jpg,Tomato_leaf_yellow_curl_virus,Tomato_leaf_yellow_curl_virus,0.9999829530715942,1,1.1260261535644531,8.143128395080566,0.17503929138183594,9.447063446044922
dataset/test/Tomato_leaf_yellow_curl_virus/8226402877_9abf151b5b_b_jpg.rf.a2dff27e03c5ab47916df5d873c1590f_aug_72aug73.jpg,Tomato_leaf_yellow_curl_virus,Tomato_leaf_yellow_curl_virus,0.9977743029594421,1,1.1886749267578125,8.177165985107422,0.1672048568725586,9.5359525680542
dataset/test/Tomato_leaf_yellow_curl_virus/8226402877_9abf151b5b_b_jpg.rf.a2dff27e03c5ab47916df5d873c1590f_aug_73aug54.jpg,Tomato_leaf_yellow_curl_virus,Tomato_leaf_yellow_curl_virus,0.9999998807907104,1,1.132767677307129,8.157906532287598,0.168426513671875,9.461860656738281
dataset/test/Tomato_leaf_yellow_curl_virus/8226402877_9abf151b5b_b_jpg.rf.a2dff27e03c5ab47916df5d873c1590f_aug_74aug76.jpg,Tomato_leaf_yellow_curl_virus,Tomato_leaf_yellow_curl_virus,0.9999998807907104,1,1.155045509338379,8.2166109085083,0.16622257232666016,9.540842056274414
dataset/test/Tomato_leaf_yellow_curl_virus/8226402877_9abf151b5b_b_jpg.rf.a2dff27e03c5ab47916df5d873c1590f_aug_75aug74.jpg,Tomato_leaf_yellow_curl_virus,Tomato_leaf_yellow_curl_virus,1.0,1,1.1249523162841797,8.064184188842773,0.1631298065185547,9.35524845123291
dataset/test/Tomato_leaf_yellow_curl_virus/8226402877_9abf151b5b_b_jpg.rf.a2dff27e03c5ab47916df5d873c1590f_aug_76aug65.jpg,Tomato_leaf_yellow_curl_virus,Tomato_leaf_yellow_curl_virus,0.9999986886978149,1,1.1276168823242188,8.331703186035156,0.15990734100341797,9.621600151062012
dataset/test/Tomato_leaf_yellow_curl_virus/8226402877_9abf151b5b_b_jpg.rf.a2dff27e03c5ab47916df5d873c1590faug10.jpg,Tomato_leaf_yellow_curl_virus,Tomato_leaf_yellow_curl_virus,0.9999996423721313,1,1.1537113189697266,7.948127746582031,0.17157459259033203,9.27617359161377
dataset/test/Tomato_leaf_yellow_curl_virus/DSC01999-JPG_jpg.rf.700fa6596ab8750ad0f1c47a0defe191_aug_84aug53.jpg,Tomato_leaf_yellow_curl_virus,Tomato_leaf_yellow_curl_virus,1.0,1,1.3143606185913086,8.099739074707031,0.16707420349121094,9.584212303161621
dataset/test/Tomato_leaf_yellow_curl_virus/DSC01999-JPG_jpg.rf.700fa6596ab8750ad0f1c47a0defe191_aug_85aug82.jpg,Tomato_leaf_yellow_curl_virus,Tomato_leaf_yellow_curl_virus,0.9999945163726807,1,1.3009719848632812,7.955386161804199,0.16785240173339844,9.426785469055176
dataset/test/Tomato_leaf_yellow_curl_virus/DSC01999-JPG_jpg.rf.700fa6596ab8750ad0f1c47a0defe191_aug_86aug71.jpg,Tomato_leaf_yellow_curl_virus,Tomato_leaf_yellow_curl_virus,0.9999682903289795,1,1.215174674987793,8.124998092651367,0.16672420501708984,9.509821891784668
dataset/test/Tomato_leaf_yellow_curl_virus/DSC01999-JPG_jpg.rf.700fa6596ab8750ad0f1c47a0defe191_aug_87aug78.jpg,Tomato_leaf_yellow_curl_virus,Tomato_leaf_yellow_curl_virus,0.9999877214431763,1,1.1732120513916016,8.069332122802734,0.1685199737548828,9.413581848144531
dataset/test/Tomato_leaf_yellow_curl_virus/DSC01999-JPG_jpg.rf.700fa6596ab8750ad0f1c47a0defe191_aug_88aug51.jpg,Tomato_leaf_yellow_curl_virus,Tomato_leaf_yellow_curl_virus,0.9999685287475586,1,1.179213523864746,8.205517768859863,0.20840740203857422,9.596231460571289
dataset/test/Tomato_leaf_yellow_curl_virus/DSC01999-JPG_jpg.rf.700fa6596ab8750ad0f1c47a0defe191_aug_89aug63.jpg,Tomato_leaf_yellow_curl_virus,Tomato_leaf_yellow_curl_virus,0.9999986886978149,1,1.1708221435546875,8.02690601348877,0.1664266586303711,9.366951942443848
dataset/test/Tomato_leaf_yellow_curl_virus/DSC01999-JPG_jpg.rf.700fa6596ab8750ad0f1c47a0defe191_aug_90aug85.jpg,Tomato_leaf_yellow_curl_virus,Tomato_leaf_yellow_curl_virus,0.999998927116394,1,1.228989601135254,8.23459243774414,0.1718158721923828,9.638065338134766
dataset/test/Tomato_leaf_yellow_curl_virus/DSC01999-JPG_jpg.rf.700fa6596ab8750ad0f1c47a0defe191aug12.jpg,Tomato_leaf_yellow_curl_virus,Tomato_leaf_yellow_curl_virus,0.9999533891677856,1,1.2095451354980469,8.216906547546387,0.16898250579833984,9.598248481750488
dataset/test/Tomato_leaf_yellow_curl_virus/DSC01999.JPG_aug_63aug68.jpg,Tomato_leaf_yellow_curl_virus,Tomato_leaf_yellow_curl_virus,0.9998700618743896,1,1.2433042526245117,8.208684921264648,0.16900062561035156,9.623917579650879
dataset/test/Tomato_leaf_yellow_curl_virus/DSC01999.JPG_aug_64aug72.jpg,Tomato_leaf_yellow_curl_virus,Tomato_leaf_yellow_curl_virus,0.9999912977218628,1,1.1967668533325195,8.13392448425293,0.16839122772216797,9.501934051513672
dataset/test/Tomato_leaf_yellow_curl_virus/DSC01999.JPG_aug_65aug75.jpg,Tomato_leaf_yellow_curl_virus,Tomato_leaf_yellow_curl_virus,0.9998857975006104,1,1.2813606262207031,8.783910751342773,0.16794681549072266,10.235864639282227
dataset/test/Tomato_leaf_yellow_curl_virus/DSC01999.JPG_aug_66aug58.jpg,Tomato_leaf_yellow_curl_virus,Tomato_leaf_yellow_curl_virus,0.9993840456008911,1,1.243229866027832,8.321056365966797,0.1672229766845703,9.734140396118164
dataset/test/Tomato_leaf_yellow_curl_virus/DSC01999.JPG_aug_67aug83.jpg,Tomato_leaf_yellow_curl_virus,Tomato_leaf_yellow_curl_virus,0.9999696016311646,1,1.244211196899414,8.370759963989258,0.16870594024658203,9.786639213562012
dataset/test/Tomato_leaf_yellow_curl_virus/DSC01999.JPG_aug_68aug79.jpg,Tomato_leaf_yellow_curl_virus,Tomato_leaf_yellow_curl_virus,0.9996036887168884,1,1.2319345474243164,8.272980690002441,0.17044639587402344,9.677916526794434
dataset/test/Tomato_leaf_yellow_curl_virus/DSC01999.JPG_aug_69aug62.jpg,Tomato_leaf_yellow_curl_virus,Tomato_leaf_yellow_curl_virus,0.9999938011169434,1,1.2408781051635742,8.537446022033691,0.17603778839111328,9.956769943237305
dataset/test/Tomato_leaf_yellow_curl_virus/DSC01999.JPGaug9.jpg,Tomato_leaf_yellow_curl_virus,Tomato_leaf_yellow_curl_virus,0.9998210072517395,1,1.3655099868774414,10.824053764343262,0.21000194549560547,12.402841567993164
dataset/test/Tomato_leaf_yellow_curl_virus/IMG_20251102_155103aug15.jpg,Tomato_leaf_yellow_curl_virus,Tomato_leaf_yellow_curl_virus,0.8619099259376526,1,1.4813804626464844,11.088980674743652,0.20814800262451172,12.781715393066406
dataset/test/Tomato_leaf_yellow_curl_virus/IMG_20251102_160455_aug_42aug104.jpg,Tomato_leaf_yellow_curl_virus,Tomato_leaf_yellow_curl_virus,0.9970335960388184,1,1.498103141784668,11.635763168334961,0.4652996063232422,13.603073120117188
dataset/test/Tomato_leaf_yellow_curl_virus/IMG_20251102_160455_aug_43aug111.jpg,Tomato_leaf_yellow_curl_virus,Tomato_leaf_yellow_curl_virus,0.9895568490028381,1,1.4779729843139648,11.16714859008789,0.2140026092529297,12.862401008605957
dataset/test/Tomato_leaf_yellow_curl_virus/IMG_20251102_160455_aug_44aug112.jpg,Tomato_leaf_yellow_curl_virus,Tomato_leaf_yellow_curl_virus,0.9956291913986206,1,1.4646568298339844,12.793493270874023,0.20935344696044922,14.470948219299316
dataset/test/Tomato_leaf_yellow_curl_virus/IMG_20251102_160455_aug_45aug108.jpg,Tomato_leaf_yellow_curl_virus,Tomato_leaf_yellow_curl_virus,0.9972746968269348,1,1.5429182052612305,27.724648475646973,0.22613143920898438,29.497568130493164
dataset/test/Tomato_leaf_yellow_curl_virus/IMG_20251102_160455_aug_46aug110.jpg,Tomato_leaf_yellow_curl_virus,Tomato_leaf_yellow_curl_virus,0.9846944212913513,1,1.5546760559082031,17.266654014587402,0.20911216735839844,19.03360939025879
dataset/test/Tomato_leaf_yellow_curl_virus/IMG_20251102_160455_aug_47aug98.jpg,Tomato_leaf_yellow_curl_virus,Tomato_leaf_yellow_curl_virus,0.9958813190460205,1,1.1625080108642578,8.07592487335205,0.1682596206665039,9.40926742553711
dataset/test/Tomato_leaf_yellow_curl_virus/IMG_20251102_160455_aug_48aug105.jpg,Tomato_leaf_yellow_curl_virus,Tomato_leaf_yellow_curl_virus,0.9980376362800598,1,1.1013965606689453,8.026554107666016,0.16840839385986328,9.29922866821289
dataset/test/Tomato_leaf_yellow_curl_virus/IMG_20251102_160455aug6.jpg,Tomato_leaf_yellow_curl_virus,Tomato_leaf_yellow_curl_virus,0.9990424513816833,1,1.115656852722168,8.027129173278809,0.21468639373779297,9.36069107055664
dataset/test/Tomato_leaf_yellow_curl_virus/IMG_20251102_160553_aug_35aug49.jpg,Tomato_leaf_yellow_curl_virus,Tomato_Early_blight_leaf,0.9979483485221863,0,1.174342155456543,7.836478233337402,0.16657447814941406,9.179912567138672
dataset/test/Tomato_leaf_yellow_curl_virus/IMG_20251102_160553_aug_36aug113.jpg,Tomato_leaf_yellow_curl_virus,Tomato_Early_blight_leaf,0.9866402745246887,0,1.198563575744629,8.082646369934082,0.1657419204711914,9.450360298156738
dataset/test/Tomato_leaf_yellow_curl_virus/IMG_20251102_160553_aug_37aug114.jpg,Tomato_leaf_yellow_curl_virus,Tomato_Early_blight_leaf,0.5739403963088989,0,1.1263771057128906,7.7849225997924805,0.1672048568725586,9.08130168914795
dataset/test/Tomato_leaf_yellow_curl_virus/IMG_20251102_160553_aug_38aug101.jpg,Tomato_leaf_yellow_curl_virus,Tomato_Early_blight_leaf,0.944694459438324,0,1.189101219177246,7.957256317138672,0.16537189483642578,9.314339637756348
dataset/test/Tomato_leaf_yellow_curl_virus/IMG_20251102_160553_aug_39aug118.jpg,Tomato_leaf_yellow_curl_virus,Tomato_Early_blight_leaf,0.8582332730293274,0,1.1350622177124023,7.856812477111816,0.1639080047607422,9.158578872680664
dataset/test/Tomato_leaf_yellow_curl_virus/IMG_20251102_160553_aug_40aug19.jpg,Tomato_leaf_yellow_curl_virus,Tomato_Early_blight_leaf,0.9035776257514954,0,1.1417293548583984,8.220110893249512,0.16111278533935547,9.525712013244629
dataset/test/Tomato_leaf_yellow_curl_virus/IMG_20251102_160553_aug_41aug119.jpg,Tomato_leaf_yellow_curl_virus,Tomato_Early_blight_leaf,0.4515336751937866,0,1.159897804260254,7.921757698059082,0.17072296142578125,9.255006790161133
dataset/test/Tomato_leaf_yellow_curl_virus/IMG_20251102_160553aug5.jpg,Tomato_leaf_yellow_curl_virus,Tomato_Early_blight_leaf,0.9487173557281494,0,1.252324104309082,8.200943946838379,0.16966819763183594,9.625897407531738
dataset/test/Tomato_leaf_yellow_curl_virus/TYLCV-tomate-DB-445-171_jpg.rf.9d70326900dd981ab5d49063b0d644f0_aug_21aug41.jpg,Tomato_leaf_yellow_curl_virus,Tomato_leaf_yellow_curl_virus,0.9995751976966858,1,1.2685270309448242,8.1520357131958,0.1701669692993164,9.593674659729004
dataset/test/Tomato_leaf_yellow_curl_virus/TYLCV-tomate-DB-445-171_jpg.rf.9d70326900dd981ab5d49063b0d644f0_aug_22aug30.jpg,Tomato_leaf_yellow_curl_virus,Tomato_leaf_yellow_curl_virus,0.9992256164550781,1,1.1535444259643555,8.350317001342773,0.1696491241455078,9.676379203796387
dataset/test/Tomato_leaf_yellow_curl_virus/TYLCV-tomate-DB-445-171_jpg.rf.9d70326900dd981ab5d49063b0d644f0_aug_23aug42.jpg,Tomato_leaf_yellow_curl_virus,Tomato_leaf_yellow_curl_virus,0.9973130822181702,1,1.143636703491211,8.193442344665527,0.16987228393554688,9.509637832641602
dataset/test/Tomato_leaf_yellow_curl_virus/TYLCV-tomate-DB-445-171_jpg.rf.9d70326900dd981ab5d49063b0d644f0_aug_24aug45.jpg,Tomato_leaf_yellow_curl_virus,Tomato_leaf_yellow_curl_virus,0.9988688826560974,1,1.2023420333862305,8.250703811645508,0.16976070404052734,9.625694274902344
dataset/test/Tomato_leaf_yellow_curl_virus/TYLCV-tomate-DB-445-171_jpg.rf.9d70326900dd981ab5d49063b0d644f0_aug_25aug20.jpg,Tomato_leaf_yellow_curl_virus,Tomato_leaf_yellow_curl_virus,0.9999692440032959,1,1.167266845703125,8.355184555053711,0.17213058471679688,9.697064399719238
dataset/test/Tomato_leaf_yellow_curl_virus/TYLCV-tomate-DB-445-171_jpg.rf.9d70326900dd981ab5d49063b0d644f0_aug_26aug18.jpg,Tomato_leaf_yellow_curl_virus,Tomato_leaf_yellow_curl_virus,0.9999253749847412,1,1.2221012115478516,8.381926536560059,0.17081642150878906,9.777491569519043
dataset/test/Tomato_leaf_yellow_curl_virus/TYLCV-tomate-DB-445-171_jpg.rf.9d70326900dd981ab5d49063b0d644f0_aug_27aug29.jpg,Tomato_leaf_yellow_curl_virus,Tomato_leaf_yellow_curl_virus,0.9963219165802002,1,1.15313720703125,8.185721397399902,0.17783546447753906,9.519693374633789
dataset/test/Tomato_leaf_yellow_curl_virus/TYLCV-tomate-DB-445-171_jpg.rf.9d70326900dd981ab5d49063b0d644f0aug3.jpg,Tomato_leaf_yellow_curl_virus,Tomato_leaf_yellow_curl_virus,0.9997238516807556,1,1.1871757507324219,8.393593788146973,0.20663070678710938,9.7901029586792
dataset/test/Tomato_leaf_yellow_curl_virus/TYLCV4_jpg.rf.2e4accea501a220be9dc475dd1ca3121_aug_10aug22.jpg,Tomato_leaf_yellow_curl_virus,Tomato_leaf_yellow_curl_virus,1.0,1,1.1441564559936523,8.262166023254395,0.172149658203125,9.581379890441895
dataset/test/Tomato_leaf_yellow_curl_virus/TYLCV4_jpg.rf.2e4accea501a220be9dc475dd1ca3121_aug_11aug44.jpg,Tomato_leaf_yellow_curl_virus,Tomato_leaf_yellow_curl_virus,0.9999994039535522,1,1.1637115478515625,9.122413635253906,0.20433330535888672,10.49312686920166
dataset/test/Tomato_leaf_yellow_curl_virus/TYLCV4_jpg.rf.2e4accea501a220be9dc475dd1ca3121_aug_12aug39.jpg,Tomato_leaf_yellow_curl_virus,Tomato_leaf_yellow_curl_virus,1.0,1,1.134211540222168,8.133740425109863,0.1619272232055664,9.432839393615723
dataset/test/Tomato_leaf_yellow_curl_virus/TYLCV4_jpg.rf.2e4accea501a220be9dc475dd1ca3121_aug_13aug35.jpg,Tomato_leaf_yellow_curl_virus,Tomato_leaf_yellow_curl_virus,1.0,1,1.1541929244995117,8.349222183227539,0.1628894805908203,9.66910171508789
dataset/test/Tomato_leaf_yellow_curl_virus/TYLCV4_jpg.rf.2e4accea501a220be9dc475dd1ca3121_aug_7aug40.jpg,Tomato_leaf_yellow_curl_virus,Tomato_leaf_yellow_curl_virus,0.9999996423721313,1,1.1493034362792969,7.93829345703125,0.1666851043701172,9.257080078125
dataset/test/Tomato_leaf_yellow_curl_virus/TYLCV4_jpg.rf.2e4accea501a220be9dc475dd1ca3121_aug_8aug33.jpg,Tomato_leaf_yellow_curl_virus,Tomato_leaf_yellow_curl_virus,1.0,1,1.1566181182861328,8.031350135803223,0.16783428192138672,9.358284950256348
dataset/test/Tomato_leaf_yellow_curl_virus/TYLCV4_jpg.rf.2e4accea501a220be9dc475dd1ca3121_aug_9aug48.jpg,Tomato_leaf_yellow_curl_virus,Tomato_leaf_yellow_curl_virus,1.0,1,1.1773595809936523,8.010404586791992,0.1667795181274414,9.357359886169434
dataset/test/Tomato_leaf_yellow_curl_virus/TYLCV4_jpg.rf.2e4accea501a220be9dc475dd1ca3121aug1.jpg,Tomato_leaf_yellow_curl_virus,Tomato_leaf_yellow_curl_virus,1.0,1,1.1780624389648438,8.25064754486084,0.1679821014404297,9.59945297241211
dataset/test/Tomato_leaf_yellow_curl_virus/art_15017325188173_a24a66_aug_14aug36.jpg,Tomato_leaf_yellow_curl_virus,Tomato_leaf_yellow_curl_virus,0.9999967813491821,1,1.1579351425170898,7.992368698120117,0.16740798950195312,9.32141399383545
dataset/test/Tomato_leaf_yellow_curl_virus/art_15017325188173_a24a66_aug_15aug23.jpg,Tomato_leaf_yellow_curl_virus,Tomato_leaf_yellow_curl_virus,0.9999986886978149,1,1.1794147491455078,8.054683685302734,0.16716861724853516,9.404284477233887
dataset/test/Tomato_leaf_yellow_curl_virus/art_15017325188173_a24a66_aug_16aug34.jpg,Tomato_leaf_yellow_curl_virus,Tomato_leaf_yellow_curl_virus,0.9999920129776001,1,1.1998977661132812,8.093942642211914,0.16472339630126953,9.461692810058594
dataset/test/Tomato_leaf_yellow_curl_virus/art_15017325188173_a24a66_aug_17aug43.jpg,Tomato_leaf_yellow_curl_virus,Tomato_leaf_yellow_curl_virus,0.9996019005775452,1,1.1897850036621094,8.074090957641602,0.1680011749267578,9.434598922729492
dataset/test/Tomato_leaf_yellow_curl_virus/art_15017325188173_a24a66_aug_18aug47.jpg,Tomato_leaf_yellow_curl_virus,Tomato_leaf_yellow_curl_virus,0.9999018907546997,1,1.2265443801879883,8.432888984680176,0.16570472717285156,9.828435897827148
dataset/test/Tomato_leaf_yellow_curl_virus/art_15017325188173_a24a66_aug_19aug25.jpg,Tomato_leaf_yellow_curl_virus,Tomato_leaf_yellow_curl_virus,0.9999102354049683,1,1.2263784408569336,8.529410362243652,0.1655750274658203,9.92451000213623
dataset/test/Tomato_leaf_yellow_curl_virus/art_15017325188173_a24a66_aug_20aug46.jpg,Tomato_leaf_yellow_curl_virus,Tomato_leaf_yellow_curl_virus,0.9998099207878113,1,1.1951189041137695,8.25161075592041,0.18242740631103516,9.632583618164062
dataset/test/Tomato_leaf_yellow_curl_virus/art_15017325188173_a24a66aug2.jpg,Tomato_leaf_yellow_curl_virus,Tomato_leaf_yellow_curl_virus,0.9981136322021484,1,1.3633060455322266,8.312666893005371,0.16996479034423828,9.849361419677734
dataset/test/Tomato_leaf_yellow_curl_virus/psyllid-yellows_jpg.rf.1d99aab2f43a840be530ce313eb0c0fd_aug_56aug57.jpg,Tomato_leaf_yellow_curl_virus,Tomato_leaf_yellow_curl_virus,0.9987244009971619,1,1.1915264129638672,8.352110862731934,0.17235374450683594,9.719194412231445
dataset/test/Tomato_leaf_yellow_curl_virus/psyllid-yellows_jpg.rf.1d99aab2f43a840be530ce313eb0c0fd_aug_57aug84.jpg,Tomato_leaf_yellow_curl_virus,Tomato_leaf_yellow_curl_virus,0.9996778964996338,1,1.288045883178711,8.311944007873535,0.17187118530273438,9.775083541870117
dataset/test/Tomato_leaf_yellow_curl_virus/psyllid-yellows_jpg.rf.1d99aab2f43a840be530ce313eb0c0fd_aug_58aug52.jpg,Tomato_leaf_yellow_curl_virus,Tomato_leaf_yellow_curl_virus,0.9996778964996338,1,1.1944169998168945,8.414407730102539,0.17135334014892578,9.78321361541748
dataset/test/Tomato_leaf_yellow_curl_virus/psyllid-yellows_jpg.rf.1d99aab2f43a840be530ce313eb0c0fd_aug_59aug77.jpg,Tomato_leaf_yellow_curl_virus,Tomato_leaf_yellow_curl_virus,0.9999905824661255,1,1.2677679061889648,8.442611694335938,0.1718158721923828,9.885141372680664
dataset/test/Tomato_leaf_yellow_curl_virus/psyllid-yellows_jpg.rf.1d99aab2f43a840be530ce313eb0c0fd_aug_60aug86.jpg,Tomato_leaf_yellow_curl_virus,Tomato_leaf_yellow_curl_virus,0.9999985694885254,1,1.2132863998413086,8.854706764221191,0.17183399200439453,10.242938995361328
dataset/test/Tomato_leaf_yellow_curl_virus/psyllid-yellows_jpg.rf.1d99aab2f43a840be530ce313eb0c0fd_aug_61aug59.jpg,Tomato_leaf_yellow_curl_virus,Tomato_leaf_yellow_curl_virus,0.9999958276748657,1,1.2483596801757812,8.542075157165527,0.17190933227539062,9.965141296386719
dataset/test/Tomato_leaf_yellow_curl_virus/psyllid-yellows_jpg.rf.1d99aab2f43a840be530ce313eb0c0fd_aug_62aug67.jpg,Tomato_leaf_yellow_curl_virus,Tomato_leaf_yellow_curl_virus,0.9994614720344543,1,1.1945648193359375,8.336740493774414,0.16931533813476562,9.703324317932129
dataset/test/Tomato_leaf_yellow_curl_virus/psyllid-yellows_jpg.rf.1d99aab2f43a840be530ce313eb0c0fdaug8.jpg,Tomato_leaf_yellow_curl_virus,Tomato_leaf_yellow_curl_virus,0.999975323677063,1,1.2153778076171875,8.88065242767334,0.16966819763183594,10.268698692321777
dataset/test/Tomato_leaf_yellow_curl_virus/tj5itxzunn3k_jpg.rf.4aeda27b2535578e718fe6279491d0d4_aug_49aug102.jpg,Tomato_leaf_yellow_curl_virus,Tomato_leaf_yellow_curl_virus,0.9999984502792358,1,1.100081443786621,8.150314331054688,0.17018604278564453,9.42333984375
dataset/test/Tomato_leaf_yellow_curl_virus/tj5itxzunn3k_jpg.rf.4aeda27b2535578e718fe6279491d0d4_aug_50aug109.jpg,Tomato_leaf_yellow_curl_virus,Tomato_leaf_yellow_curl_virus,1.0,1,1.1170825958251953,8.372056007385254,0.16965007781982422,9.661564826965332
dataset/test/Tomato_leaf_yellow_curl_virus/tj5itxzunn3k_jpg.rf.4aeda27b2535578e718fe6279491d0d4_aug_51aug99.jpg,Tomato_leaf_yellow_curl_virus,Tomato_leaf_yellow_curl_virus,0.9999997615814209,1,1.1113033294677734,8.318446159362793,0.16700172424316406,9.599693298339844
dataset/test/Tomato_leaf_yellow_curl_virus/tj5itxzunn3k_jpg.rf.4aeda27b2535578e718fe6279491d0d4_aug_52aug103.jpg,Tomato_leaf_yellow_curl_virus,Tomato_leaf_yellow_curl_virus,1.0,1,1.1089706420898438,8.340999603271484,0.16413116455078125,9.616878509521484
dataset/test/Tomato_leaf_yellow_curl_virus/tj5itxzunn3k_jpg.rf.4aeda27b2535578e718fe6279491d0d4_aug_53aug100.jpg,Tomato_leaf_yellow_curl_virus,Tomato_leaf_yellow_curl_virus,1.0,1,1.1455249786376953,8.078906059265137,0.18033409118652344,9.407951354980469
dataset/test/Tomato_leaf_yellow_curl_virus/tj5itxzunn3k_jpg.rf.4aeda27b2535578e718fe6279491d0d4_aug_54aug106.jpg,Tomato_leaf_yellow_curl_virus,Tomato_leaf_yellow_curl_virus,1.0,1,1.2076921463012695,8.220314025878906,0.1769275665283203,9.608193397521973
dataset/test/Tomato_leaf_yellow_curl_virus/tj5itxzunn3k_jpg.rf.4aeda27b2535578e718fe6279491d0d4_aug_55aug107.jpg,Tomato_leaf_yellow_curl_virus,Tomato_leaf_yellow_curl_virus,0.9999988079071045,1,1.148859977722168,8.259648323059082,0.20044517517089844,9.611861228942871
dataset/test/Tomato_leaf_yellow_curl_virus/tj5itxzunn3k_jpg.rf.4aeda27b2535578e718fe6279491d0d4aug7.jpg,Tomato_leaf_yellow_curl_virus,Tomato_leaf_yellow_curl_virus,1.0,1,1.1126174926757812,8.344888687133789,0.16818618774414062,9.628562927246094
dataset/test/Tomato_leaf_yellow_curl_virus/tomato-yellow-closeup-3_aug_28aug16.jpg,Tomato_leaf_yellow_curl_virus,Tomato_leaf_yellow_curl_virus,0.6020826697349548,1,1.2895641326904297,8.561576843261719,0.1673717498779297,10.021992683410645
dataset/test/Tomato_leaf_yellow_curl_virus/tomato-yellow-closeup-3_aug_29aug27.jpg,Tomato_leaf_yellow_curl_virus,Tomato_Early_blight_leaf,0.599492609500885,0,1.3659915924072266,8.101980209350586,0.17029762268066406,9.641064643859863
dataset/test/Tomato_leaf_yellow_curl_virus/tomato-yellow-closeup-3_aug_30aug117.jpg,Tomato_leaf_yellow_curl_virus,Tomato_leaf_yellow_curl_virus,0.674197256565094,1,1.1811561584472656,8.112607955932617,0.16709423065185547,9.463767051696777
dataset/test/Tomato_leaf_yellow_curl_virus/tomato-yellow-closeup-3_aug_31aug31.jpg,Tomato_leaf_yellow_curl_virus,Tomato_Early_blight_leaf,0.4076051712036133,0,1.3916568756103516,8.325685501098633,0.1671304702758789,9.887862205505371
dataset/test/Tomato_leaf_yellow_curl_virus/tomato-yellow-closeup-3_aug_32aug115.jpg,Tomato_leaf_yellow_curl_virus,Tomato_mold_leaf,0.4907677173614502,0,1.1607866287231445,8.137812614440918,0.1664276123046875,9.467878341674805
dataset/test/Tomato_leaf_yellow_curl_virus/tomato-yellow-closeup-3_aug_33aug116.jpg,Tomato_leaf_yellow_curl_virus,Tomato_Early_blight_leaf,0.46706047654151917,0,1.1564884185791016,8.117368698120117,0.16809463500976562,9.444878578186035
dataset/test/Tomato_leaf_yellow_curl_virus/tomato-yellow-closeup-3_aug_34aug26.jpg,Tomato_leaf_yellow_curl_virus,Tomato_Early_blight_leaf,0.5624369978904724,0,1.1898231506347656,8.119258880615234,0.17755699157714844,9.489729881286621
dataset/test/Tomato_leaf_yellow_curl_virus/tomato-yellow-closeup-3aug4.jpg,Tomato_leaf_yellow_curl_virus,Tomato_Septoria_leaf_spot,0.4260620176792145,0,1.1630077362060547,8.01892375946045,0.16714954376220703,9.351802825927734
dataset/test/Tomato_leaf_yellow_curl_virus/tomato-yellow-leaf-curl-virus-tomato-1_aug_100aug92.jpg,Tomato_leaf_yellow_curl_virus,Tomato_leaf_yellow_curl_virus,0.9999994039535522,1,1.164896011352539,8.006868362426758,0.21190929412841797,9.386877059936523
dataset/test/Tomato_leaf_yellow_curl_virus/tomato-yellow-leaf-curl-virus-tomato-1_aug_101aug95.jpg,Tomato_leaf_yellow_curl_virus,Tomato_leaf_yellow_curl_virus,0.9999788999557495,1,1.1682300567626953,8.177851676940918,0.16439056396484375,9.513045310974121
dataset/test/Tomato_leaf_yellow_curl_virus/tomato-yellow-leaf-curl-virus-tomato-1_aug_102aug88.jpg,Tomato_leaf_yellow_curl_virus,Tomato_leaf_yellow_curl_virus,0.9999998807907104,1,1.1546564102172852,8.147942543029785,0.1639261245727539,9.469229698181152
dataset/test/Tomato_leaf_yellow_curl_virus/tomato-yellow-leaf-curl-virus-tomato-1_aug_103aug93.jpg,Tomato_leaf_yellow_curl_virus,Tomato_leaf_yellow_curl_virus,0.9999873638153076,1,1.2131929397583008,8.498946189880371,0.16527938842773438,9.879807472229004
dataset/test/Tomato_leaf_yellow_curl_virus/tomato-yellow-leaf-curl-virus-tomato-1_aug_98aug91.jpg,Tomato_leaf_yellow_curl_virus,Tomato_leaf_yellow_curl_virus,0.9999947547912598,1,1.1835079193115234,8.404407501220703,0.16185283660888672,9.752824783325195
dataset/test/Tomato_leaf_yellow_curl_virus/tomato-yellow-leaf-curl-virus-tomato-1_aug_99aug90.jpg,Tomato_leaf_yellow_curl_virus,Tomato_leaf_yellow_curl_virus,0.9999604225158691,1,1.1770448684692383,8.375926971435547,0.1699085235595703,9.725712776184082
dataset/test/Tomato_leaf_yellow_curl_virus/tomato-yellow-leaf-curl-virus-tomato-1aug14.jpg,Tomato_leaf_yellow_curl_virus,Tomato_leaf_yellow_curl_virus,0.9999988079071045,1,1.2854528427124023,8.300389289855957,0.17263031005859375,9.761472702026367
dataset/test/Tomato_leaf_yellow_curl_virus/tomatoyellowleafcurlcropped_aug_91aug55.jpg,Tomato_leaf_yellow_curl_virus,Tomato_leaf_yellow_curl_virus,0.9991482496261597,1,1.1867856979370117,8.35540771484375,0.1709451675415039,9.716267585754395
dataset/test/Tomato_leaf_yellow_curl_virus/tomatoyellowleafcurlcropped_aug_92aug89.jpg,Tomato_leaf_yellow_curl_virus,Tomato_leaf_yellow_curl_virus,0.9999412298202515,1,1.2786388397216797,8.273462295532227,0.17290782928466797,9.728157043457031
dataset/test/Tomato_leaf_yellow_curl_virus/tomatoyellowleafcurlcropped_aug_93aug97.jpg,Tomato_leaf_yellow_curl_virus,Tomato_leaf_yellow_curl_virus,0.9999725818634033,1,1.1853227615356445,8.45311164855957,0.1730203628540039,9.814361572265625
dataset/test/Tomato_leaf_yellow_curl_virus/tomatoyellowleafcurlcropped_aug_94aug50.jpg,Tomato_leaf_yellow_curl_virus,Tomato_leaf_yellow_curl_virus,0.9998596906661987,1,1.2485828399658203,8.232128143310547,0.17022418975830078,9.6533784866333
dataset/test/Tomato_leaf_yellow_curl_virus/tomatoyellowleafcurlcropped_aug_95aug87.jpg,Tomato_leaf_yellow_curl_virus,Tomato_leaf_yellow_curl_virus,0.9999210834503174,1,1.1871013641357422,8.436722755432129,0.17190933227539062,9.798492431640625
dataset/test/Tomato_leaf_yellow_curl_virus/tomatoyellowleafcurlcropped_aug_96aug96.jpg,Tomato_leaf_yellow_curl_virus,Tomato_leaf_yellow_curl_virus,0.999954104423523,1,1.2016563415527344,8.304388999938965,0.17316818237304688,9.682194709777832
dataset/test/Tomato_leaf_yellow_curl_virus/tomatoyellowleafcurlcropped_aug_97aug94.jpg,Tomato_leaf_yellow_curl_virus,Tomato_leaf_yellow_curl_virus,0.9999736547470093,1,1.1845073699951172,8.417519569396973,0.1719818115234375,9.776714324951172
dataset/test/Tomato_leaf_yellow_curl_virus/tomatoyellowleafcurlcroppedaug13.jpg,Tomato_leaf_yellow_curl_virus,Tomato_leaf_yellow_curl_virus,0.9999909400939941,1,1.1671371459960938,8.445280075073242,0.17096424102783203,9.786103248596191
dataset/test/Tomato_leaf_yellow_curl_virus/virus1_aug_0aug37.jpg,Tomato_leaf_yellow_curl_virus,Tomato_leaf_yellow_curl_virus,0.9984582662582397,1,1.158452033996582,8.411870956420898,0.1717987060546875,9.74471378326416
dataset/test/Tomato_leaf_yellow_curl_virus/virus1_aug_1aug21.jpg,Tomato_leaf_yellow_curl_virus,Tomato_leaf_yellow_curl_virus,0.8733361959457397,1,1.1441755294799805,8.403223037719727,0.16935348510742188,9.719768524169922
dataset/test/Tomato_leaf_yellow_curl_virus/virus1_aug_2aug24.jpg,Tomato_leaf_yellow_curl_virus,Tomato_leaf_yellow_curl_virus,0.9998496770858765,1,1.1902856826782227,8.331222534179688,0.16890811920166016,9.693343162536621
dataset/test/Tomato_leaf_yellow_curl_virus/virus1_aug_3aug17.jpg,Tomato_leaf_yellow_curl_virus,Tomato_leaf_yellow_curl_virus,0.8022883534431458,1,1.1496562957763672,8.458834648132324,0.16813087463378906,9.77891731262207
dataset/test/Tomato_leaf_yellow_curl_virus/virus1_aug_4aug28.jpg,Tomato_leaf_yellow_curl_virus,Tomato_leaf_yellow_curl_virus,0.7750106453895569,1,1.2028045654296875,8.429296493530273,0.16612911224365234,9.801047325134277
dataset/test/Tomato_leaf_yellow_curl_virus/virus1_aug_5aug32.jpg,Tomato_leaf_yellow_curl_virus,Tomato_leaf_yellow_curl_virus,0.8022883534431458,1,1.1325998306274414,8.258777618408203,0.1705026626586914,9.564343452453613
dataset/test/Tomato_leaf_yellow_curl_virus/virus1_aug_6aug38.jpg,Tomato_leaf_yellow_curl_virus,Tomato_Septoria_leaf_spot,0.8854824900627136,0,1.1649141311645508,8.311149597167969,0.1723155975341797,9.651138305664062
dataset/test/Tomato_leaf_yellow_curl_virus/virus1aug0.jpg,Tomato_leaf_yellow_curl_virus,Tomato_leaf_yellow_curl_virus,0.9180051684379578,1,1.150008201599121,8.269258499145508,0.16957569122314453,9.592231750488281
dataset/test/Tomato_mold_leaf/IMG-20240724-WA0020_aug_68aug87.jpg,Tomato_mold_leaf,Tomato_mold_leaf,0.9995299577713013,1,1.2921009063720703,8.352073669433594,0.17322254180908203,9.820453643798828
dataset/test/Tomato_mold_leaf/IMG-20240724-WA0020_aug_69aug97.jpg,Tomato_mold_leaf,Tomato_mold_leaf,0.9908280372619629,1,1.2066192626953125,8.19681453704834,0.17892837524414062,9.585563659667969
dataset/test/Tomato_mold_leaf/IMG-20240724-WA0020_aug_70aug82.jpg,Tomato_mold_leaf,Tomato_mold_leaf,0.9987541437149048,1,1.1995277404785156,8.384797096252441,0.1691303253173828,9.756065368652344
dataset/test/Tomato_mold_leaf/IMG-20240724-WA0020_aug_71aug98.jpg,Tomato_mold_leaf,Tomato_mold_leaf,0.9992486834526062,1,1.1999521255493164,8.359518051147461,0.1667041778564453,9.729361534118652
dataset/test/Tomato_mold_leaf/IMG-20240724-WA0020aug17.jpg,Tomato_mold_leaf,Tomato_mold_leaf,0.9999150037765503,1,1.189377784729004,8.306517601013184,0.1686868667602539,9.667823791503906
dataset/test/Tomato_mold_leaf/IMG-20240724-WA0044_aug_10aug44.jpg,Tomato_mold_leaf,Tomato_mold_leaf,0.9991554021835327,1,1.1586189270019531,8.213556289672852,0.16853809356689453,9.576841354370117
dataset/test/Tomato_mold_leaf/IMG-20240724-WA0044_aug_11aug49.jpg,Tomato_mold_leaf,Tomato_mold_leaf,0.9993664622306824,1,1.1866559982299805,8.347223281860352,0.16924190521240234,9.705787658691406
dataset/test/Tomato_mold_leaf/IMG-20240724-WA0044_aug_8aug35.jpg,Tomato_mold_leaf,Tomato_mold_leaf,0.9998817443847656,1,1.168339729309082,8.435222625732422,0.16924190521240234,9.776083946228027
dataset/test/Tomato_mold_leaf/IMG-20240724-WA0044_aug_9aug41.jpg,Tomato_mold_leaf,Tomato_mold_leaf,0.9673504829406738,1,1.2103605270385742,8.40787124633789,0.1679821014404297,9.788714408874512
dataset/test/Tomato_mold_leaf/IMG-20240724-WA0044aug2.jpg,Tomato_mold_leaf,Tomato_mold_leaf,0.9531157612800598,1,1.1552495956420898,8.507019996643066,0.16761207580566406,9.832733154296875
dataset/test/Tomato_mold_leaf/IMG-20240724-WA0055_aug_28aug27.jpg,Tomato_mold_leaf,Tomato_mold_leaf,0.9999997615814209,1,1.2009525299072266,8.2986478805542,0.1711864471435547,9.674656867980957
dataset/test/Tomato_mold_leaf/IMG-20240724-WA0055_aug_29aug28.jpg,Tomato_mold_leaf,Tomato_mold_leaf,0.9999995231628418,1,1.1528606414794922,8.359241485595703,0.1637411117553711,9.6782865524292
dataset/test/Tomato_mold_leaf/IMG-20240724-WA0055_aug_30aug43.jpg,Tomato_mold_leaf,Tomato_mold_leaf,1.0,1,1.1585817337036133,8.330278396606445,0.20303726196289062,9.694769859313965
dataset/test/Tomato_mold_leaf/IMG-20240724-WA0055_aug_31aug50.jpg,Tomato_mold_leaf,Tomato_mold_leaf,1.0,1,1.2040815353393555,8.474835395812988,0.18327903747558594,9.865047454833984
dataset/test/Tomato_mold_leaf/IMG-20240724-WA0055aug7.jpg,Tomato_mold_leaf,Tomato_mold_leaf,1.0,1,1.2659721374511719,8.151276588439941,0.17077922821044922,9.591063499450684
dataset/test/Tomato_mold_leaf/IMG-20240724-WA0065_aug_80aug69.jpg,Tomato_mold_leaf,Tomato_mold_leaf,0.9999998807907104,1,1.3295097351074219,9.191636085510254,0.1726675033569336,10.696423530578613
dataset/test/Tomato_mold_leaf/IMG-20240724-WA0065_aug_81aug70.jpg,Tomato_mold_leaf,Tomato_mold_leaf,0.9999997615814209,1,1.2208404541015625,8.205241203308105,0.21283531188964844,9.642064094543457
dataset/test/Tomato_mold_leaf/IMG-20240724-WA0065_aug_82aug66.jpg,Tomato_mold_leaf,Tomato_mold_leaf,0.9999923706054688,1,1.3509721755981445,16.000828742980957,0.1761302947998047,17.53087615966797
dataset/test/Tomato_mold_leaf/IMG-20240724-WA0065_aug_83aug65.jpg,Tomato_mold_leaf,Tomato_mold_leaf,0.9999998807907104,1,1.2262296676635742,17.23098659515381,0.17225933074951172,18.633292198181152
dataset/test/Tomato_mold_leaf/IMG-20240724-WA0065aug20.jpg,Tomato_mold_leaf,Tomato_mold_leaf,0.9999946355819702,1,1.1666746139526367,8.647927284240723,0.2059650421142578,10.02347469329834
dataset/test/Tomato_mold_leaf/IMG-20240725-WA0031_aug_0aug46.jpg,Tomato_mold_leaf,Tomato_mold_leaf,0.9981162548065186,1,1.474675178527832,11.1915922164917,0.20965003967285156,12.879678726196289
dataset/test/Tomato_mold_leaf/IMG-20240725-WA0031_aug_1aug47.jpg,Tomato_mold_leaf,Tomato_mold_leaf,0.996892511844635,1,1.4939727783203125,11.079536437988281,0.20918655395507812,12.786381721496582
dataset/test/Tomato_mold_leaf/IMG-20240725-WA0031_aug_2aug37.jpg,Tomato_mold_leaf,Tomato_mold_leaf,0.9981162548065186,1,1.5239171981811523,11.156704902648926,0.21085262298583984,12.8951416015625
dataset/test/Tomato_mold_leaf/IMG-20240725-WA0031_aug_3aug45.jpg,Tomato_mold_leaf,Tomato_mold_leaf,0.9979919195175171,1,1.567622184753418,11.123462677001953,0.21468544006347656,12.909530639648438
dataset/test/Tomato_mold_leaf/IMG-20240725-WA0031aug0.jpg,Tomato_mold_leaf,Tomato_mold_leaf,0.999174177646637,1,1.4918251037597656,11.166425704956055,0.20931625366210938,12.87093734741211
dataset/test/Tomato_mold_leaf/IMG-20240725-WA0039_aug_72aug79.jpg,Tomato_mold_leaf,Tomato_mold_leaf,0.9999994039535522,1,1.5058984756469727,11.032480239868164,0.2212238311767578,12.763345718383789
dataset/test/Tomato_mold_leaf/IMG-20240725-WA0039_aug_73aug95.jpg,Tomato_mold_leaf,Tomato_mold_leaf,1.0,1,1.533583641052246,11.219686508178711,0.2098531723022461,12.966716766357422
dataset/test/Tomato_mold_leaf/IMG-20240725-WA0039_aug_74aug71.jpg,Tomato_mold_leaf,Tomato_mold_leaf,1.0,1,1.5647697448730469,11.58309555053711,0.17098331451416016,13.322495460510254
dataset/test/Tomato_mold_leaf/IMG-20240725-WA0039_aug_75aug80.jpg,Tomato_mold_leaf,Tomato_mold_leaf,0.9999998807907104,1,1.1200084686279297,8.027721405029297,0.16724205017089844,9.317543029785156
dataset/test/Tomato_mold_leaf/IMG-20240725-WA0039aug18.jpg,Tomato_mold_leaf,Tomato_mold_leaf,1.0,1,1.2388601303100586,7.960460662841797,0.17011260986328125,9.372488975524902
dataset/test/Tomato_mold_leaf/IMG-20240727-WA0038_aug_40aug105.jpg,Tomato_mold_leaf,Tomato_mold_leaf,0.9999823570251465,1,1.1434526443481445,8.195555686950684,0.16692638397216797,9.509194374084473
dataset/test/Tomato_mold_leaf/IMG-20240727-WA0038_aug_41aug106.jpg,Tomato_mold_leaf,Tomato_mold_leaf,0.9999927282333374,1,1.1265630722045898,8.173999786376953,0.1688518524169922,9.472506523132324
dataset/test/Tomato_mold_leaf/IMG-20240727-WA0038_aug_42aug116.jpg,Tomato_mold_leaf,Tomato_mold_leaf,0.9999985694885254,1,1.16241455078125,8.21407413482666,0.16596508026123047,9.54543399810791
dataset/test/Tomato_mold_leaf/IMG-20240727-WA0038_aug_43aug110.jpg,Tomato_mold_leaf,Tomato_mold_leaf,0.9999904632568359,1,1.239008903503418,8.229778289794922,0.16637134552001953,9.637898445129395
dataset/test/Tomato_mold_leaf/IMG-20240727-WA0038aug10.jpg,Tomato_mold_leaf,Tomato_mold_leaf,0.9999977350234985,1,1.1228218078613281,8.142683982849121,0.2056131362915039,9.474359512329102
dataset/test/Tomato_mold_leaf/IMG-20240727-WA0040_aug_56aug92.jpg,Tomato_mold_leaf,Tomato_mold_leaf,1.0,1,1.101637840270996,8.112923622131348,0.17296409606933594,9.390118598937988
dataset/test/Tomato_mold_leaf/IMG-20240727-WA0040_aug_57aug83.jpg,Tomato_mold_leaf,Tomato_mold_leaf,0.999998927116394,1,1.139266014099121,8.188924789428711,0.1650390625,9.49654483795166
dataset/test/Tomato_mold_leaf/IMG-20240727-WA0040_aug_58aug77.jpg,Tomato_mold_leaf,Tomato_mold_leaf,0.9999996423721313,1,1.143601417541504,8.196850776672363,0.16700172424316406,9.510638236999512
dataset/test/Tomato_mold_leaf/IMG-20240727-WA0040_aug_59aug94.jpg,Tomato_mold_leaf,Tomato_mold_leaf,0.9999991655349731,1,1.130025863647461,14.593561172485352,0.17001819610595703,15.896939277648926
dataset/test/Tomato_mold_leaf/IMG-20240727-WA0040aug14.jpg,Tomato_mold_leaf,Tomato_mold_leaf,0.9999998807907104,1,1.1285820007324219,8.324554443359375,0.17083358764648438,9.626786231994629
dataset/test/Tomato_mold_leaf/IMG-20240727-WA0124_aug_20aug54.jpg,Tomato_mold_leaf,Tomato_mold_leaf,0.9999997615814209,1,1.1444892883300781,8.29379653930664,0.1748342514038086,9.616064071655273
dataset/test/Tomato_mold_leaf/IMG-20240727-WA0124_aug_21aug38.jpg,Tomato_mold_leaf,Tomato_mold_leaf,1.0,1,1.1871013641357422,8.297370910644531,0.168853759765625,9.65647029876709
dataset/test/Tomato_mold_leaf/IMG-20240727-WA0124_aug_22aug31.jpg,Tomato_mold_leaf,Tomato_mold_leaf,0.9999998807907104,1,1.1532115936279297,8.552742004394531,0.1703166961669922,9.879158973693848
dataset/test/Tomato_mold_leaf/IMG-20240727-WA0124_aug_23aug55.jpg,Tomato_mold_leaf,Tomato_mold_leaf,0.9999996423721313,1,1.2044343948364258,8.275924682617188,0.17144393920898438,9.654250144958496
dataset/test/Tomato_mold_leaf/IMG-20240727-WA0124aug5.jpg,Tomato_mold_leaf,Tomato_mold_leaf,1.0,1,1.1409149169921875,8.33570384979248,0.16802024841308594,9.647305488586426
dataset/test/Tomato_mold_leaf/IMG-20240727-WA0153_aug_92aug58.jpg,Tomato_mold_leaf,Tomato_mold_leaf,0.9999991655349731,1,1.1243782043457031,8.318500518798828,0.17139053344726562,9.617231369018555
dataset/test/Tomato_mold_leaf/IMG-20240727-WA0153_aug_93aug60.jpg,Tomato_mold_leaf,Tomato_mold_leaf,0.9999274015426636,1,1.1252107620239258,8.367259979248047,0.16935253143310547,9.664620399475098
dataset/test/Tomato_mold_leaf/IMG-20240727-WA0153aug23.jpg,Tomato_mold_leaf,Tomato_mold_leaf,0.9994502663612366,1,1.1154518127441406,8.311685562133789,0.1680002212524414,9.59780502319336
dataset/test/Tomato_mold_leaf/IMG-20240727-WA0165aug25.jpg,Tomato_mold_leaf,Tomato_mold_leaf,0.9999991655349731,1,1.169748306274414,8.351927757263184,0.16864967346191406,9.693175315856934
dataset/test/Tomato_mold_leaf/IMG-20240728-WA0028_aug_64aug91.jpg,Tomato_mold_leaf,Tomato_mold_leaf,1.0,1,1.119192123413086,8.120869636535645,0.17053699493408203,9.413248062133789
dataset/test/Tomato_mold_leaf/IMG-20240728-WA0028_aug_65aug86.jpg,Tomato_mold_leaf,Tomato_mold_leaf,1.0,1,1.1281185150146484,8.248480796813965,0.20157527923583984,9.581212043762207
dataset/test/Tomato_mold_leaf/IMG-20240728-WA0028_aug_66aug78.jpg,Tomato_mold_leaf,Tomato_mold_leaf,1.0,1,1.1098222732543945,8.329018592834473,0.1719074249267578,9.61391544342041
dataset/test/Tomato_mold_leaf/IMG-20240728-WA0028_aug_67aug99.jpg,Tomato_mold_leaf,Tomato_mold_leaf,1.0,1,1.1295061111450195,8.335982322692871,0.1676492691040039,9.636194229125977
dataset/test/Tomato_mold_leaf/IMG-20240728-WA0028aug16.jpg,Tomato_mold_leaf,Tomato_mold_leaf,1.0,1,1.1508417129516602,8.230795860290527,0.17329883575439453,9.557859420776367
dataset/test/Tomato_mold_leaf/IMG-20240728-WA0068_aug_12aug29.jpg,Tomato_mold_leaf,Tomato_mold_leaf,0.9999946355819702,1,1.1471748352050781,8.313517570495605,0.17590808868408203,9.640155792236328
dataset/test/Tomato_mold_leaf/IMG-20240728-WA0068_aug_13aug30.jpg,Tomato_mold_leaf,Tomato_mold_leaf,0.9999951124191284,1,1.1284332275390625,8.309017181396484,0.1679840087890625,9.607990264892578
dataset/test/Tomato_mold_leaf/IMG-20240728-WA0068_aug_14aug56.jpg,Tomato_mold_leaf,Tomato_mold_leaf,0.9999672174453735,1,1.1445255279541016,8.539593696594238,0.17574214935302734,9.863324165344238
dataset/test/Tomato_mold_leaf/IMG-20240728-WA0068_aug_15aug42.jpg,Tomato_mold_leaf,Tomato_mold_leaf,0.9999979734420776,1,1.126969337463379,8.386222839355469,0.17100048065185547,9.686897277832031
dataset/test/Tomato_mold_leaf/IMG-20240728-WA0068aug3.jpg,Tomato_mold_leaf,Tomato_mold_leaf,0.9999970197677612,1,1.171248435974121,8.446372032165527,0.22716808319091797,9.84778881072998
dataset/test/Tomato_mold_leaf/IMG-20240728-WA0074_aug_44aug102.jpg,Tomato_mold_leaf,Tomato_mold_leaf,0.999991774559021,1,1.3270463943481445,8.257221221923828,0.17366790771484375,9.761231422424316
dataset/test/Tomato_mold_leaf/IMG-20240728-WA0074_aug_45aug75.jpg,Tomato_mold_leaf,Tomato_mold_leaf,0.9999995231628418,1,1.2084341049194336,8.345257759094238,0.16922473907470703,9.725361824035645
dataset/test/Tomato_mold_leaf/IMG-20240728-WA0074_aug_46aug89.jpg,Tomato_mold_leaf,Tomato_mold_leaf,0.9999997615814209,1,1.1423606872558594,8.287850379943848,0.1693716049194336,9.602304458618164
dataset/test/Tomato_mold_leaf/IMG-20240728-WA0074_aug_47aug111.jpg,Tomato_mold_leaf,Tomato_mold_leaf,0.9999996423721313,1,1.1528596878051758,8.396370887756348,0.16639041900634766,9.718063354492188
dataset/test/Tomato_mold_leaf/IMG-20240728-WA0074aug11.jpg,Tomato_mold_leaf,Tomato_mold_leaf,0.999998927116394,1,1.1362104415893555,8.246036529541016,0.16690826416015625,9.552026748657227
dataset/test/Tomato_mold_leaf/IMG-20240728-WA0075aug24.jpg,Tomato_mold_leaf,Tomato_mold_leaf,0.9999998807907104,1,1.1581010818481445,8.327926635742188,0.15937232971191406,9.647712707519531
dataset/test/Tomato_mold_leaf/IMG-20240728-WA0087_aug_32aug113.jpg,Tomato_mold_leaf,Tomato_mold_leaf,0.9999988079071045,1,1.1635246276855469,8.118961334228516,0.16901874542236328,9.454044342041016
dataset/test/Tomato_mold_leaf/IMG-20240728-WA0087_aug_33aug112.jpg,Tomato_mold_leaf,Tomato_mold_leaf,1.0,1,1.259988784790039,8.115480422973633,0.16802024841308594,9.545878410339355
dataset/test/Tomato_mold_leaf/IMG-20240728-WA0087_aug_34aug104.jpg,Tomato_mold_leaf,Tomato_mold_leaf,0.9999995231628418,1,1.3362493515014648,10.573775291442871,0.16718578338623047,12.079877853393555
dataset/test/Tomato_mold_leaf/IMG-20240728-WA0087_aug_35aug100.jpg,Tomato_mold_leaf,Tomato_mold_leaf,1.0,1,1.2087669372558594,8.394538879394531,0.16150188446044922,9.767342567443848
dataset/test/Tomato_mold_leaf/IMG-20240728-WA0087aug8.jpg,Tomato_mold_leaf,Tomato_mold_leaf,1.0,1,1.137192726135254,8.977912902832031,0.15944480895996094,10.277144432067871
dataset/test/Tomato_mold_leaf/IMG-20240728-WA0093_aug_76aug90.jpg,Tomato_mold_leaf,Tomato_mold_leaf,1.0,1,1.3676204681396484,8.432796478271484,0.1598529815673828,9.9628267288208
dataset/test/Tomato_mold_leaf/IMG-20240728-WA0093_aug_77aug68.jpg,Tomato_mold_leaf,Tomato_mold_leaf,0.9999992847442627,1,1.0854511260986328,8.081849098205566,0.1697225570678711,9.340063095092773
dataset/test/Tomato_mold_leaf/IMG-20240728-WA0093_aug_78aug93.jpg,Tomato_mold_leaf,Tomato_mold_leaf,1.0,1,1.2741575241088867,8.202239036560059,0.1687793731689453,9.647989273071289
dataset/test/Tomato_mold_leaf/IMG-20240728-WA0093_aug_79aug64.jpg,Tomato_mold_leaf,Tomato_mold_leaf,0.9999995231628418,1,1.2505273818969727,8.086111068725586,0.1784076690673828,9.51850700378418
dataset/test/Tomato_mold_leaf/IMG-20240728-WA0093aug19.jpg,Tomato_mold_leaf,Tomato_mold_leaf,1.0,1,1.116729736328125,8.294981002807617,0.16835308074951172,9.583210945129395
dataset/test/Tomato_mold_leaf/IMG-20240728-WA0101_aug_84aug73.jpg,Tomato_mold_leaf,Tomato_mold_leaf,0.9999985694885254,1,1.184748649597168,8.2774076461792,0.1695384979248047,9.635025978088379
dataset/test/Tomato_mold_leaf/IMG-20240728-WA0101_aug_85aug72.jpg,Tomato_mold_leaf,Tomato_mold_leaf,0.9999992847442627,1,1.1533222198486328,8.420760154724121,0.17122459411621094,9.748175621032715
dataset/test/Tomato_mold_leaf/IMG-20240728-WA0101_aug_86aug67.jpg,Tomato_mold_leaf,Tomato_mold_leaf,0.9999997615814209,1,1.1476173400878906,8.207666397094727,0.1713705062866211,9.529878616333008
dataset/test/Tomato_mold_leaf/IMG-20240728-WA0101_aug_87aug74.jpg,Tomato_mold_leaf,Tomato_mold_leaf,0.9999996423721313,1,1.1947307586669922,8.41120433807373,0.16848278045654297,9.777603149414062
dataset/test/Tomato_mold_leaf/IMG-20240728-WA0101aug21.jpg,Tomato_mold_leaf,Tomato_mold_leaf,0.9999994039535522,1,1.1616735458374023,8.304055213928223,0.17194652557373047,9.640508651733398
dataset/test/Tomato_mold_leaf/IMG-20240728-WA0103_aug_48aug107.jpg,Tomato_mold_leaf,Tomato_mold_leaf,0.999910831451416,1,1.2218055725097656,8.322870254516602,0.1701488494873047,9.71760082244873
dataset/test/Tomato_mold_leaf/IMG-20240728-WA0103_aug_49aug76.jpg,Tomato_mold_leaf,Tomato_mold_leaf,0.9999998807907104,1,1.1634340286254883,8.448779106140137,0.1691131591796875,9.78417682647705
dataset/test/Tomato_mold_leaf/IMG-20240728-WA0103_aug_50aug114.jpg,Tomato_mold_leaf,Tomato_mold_leaf,0.9999980926513672,1,1.8774948120117188,8.604909896850586,0.1710195541381836,10.656886100769043
dataset/test/Tomato_mold_leaf/IMG-20240728-WA0103_aug_51aug84.jpg,Tomato_mold_leaf,Tomato_mold_leaf,0.9999998807907104,1,1.163823127746582,9.842620849609375,0.17972278594970703,11.189576148986816
dataset/test/Tomato_mold_leaf/IMG-20240728-WA0103aug12.jpg,Tomato_mold_leaf,Tomato_mold_leaf,0.9999998807907104,1,1.179286003112793,8.44272232055664,0.17039012908935547,9.795305252075195
dataset/test/Tomato_mold_leaf/IMG-20240812-WA0183_aug_88aug59.jpg,Tomato_mold_leaf,Tomato_Septoria_leaf_spot,0.6230954527854919,0,1.1322298049926758,8.239739418029785,0.20042705535888672,9.574878692626953
dataset/test/Tomato_mold_leaf/IMG-20240812-WA0183_aug_89aug61.jpg,Tomato_mold_leaf,Tomato_mold_leaf,0.6652337908744812,1,1.1516551971435547,8.357611656188965,0.16716861724853516,9.679510116577148
dataset/test/Tomato_mold_leaf/IMG-20240812-WA0183_aug_90aug63.jpg,Tomato_mold_leaf,Tomato_Septoria_leaf_spot,0.49885380268096924,0,1.1169328689575195,8.257369041442871,0.16103744506835938,9.538229942321777
dataset/test/Tomato_mold_leaf/IMG-20240812-WA0183_aug_91aug62.jpg,Tomato_mold_leaf,Tomato_Septoria_leaf_spot,0.6384626626968384,0,1.1545448303222656,8.198314666748047,0.1698904037475586,9.525471687316895
dataset/test/Tomato_mold_leaf/IMG-20240812-WA0183aug22.jpg,Tomato_mold_leaf,Tomato_leaf_late_blight,0.84794020652771,0,1.2812871932983398,8.224517822265625,0.17642688751220703,9.685157775878906
dataset/test/Tomato_mold_leaf/IMG_20251102_155435_aug_24aug39.jpg,Tomato_mold_leaf,Tomato_Early_blight_leaf,0.9583858847618103,0,1.263321876525879,8.336832046508789,0.1793527603149414,9.782361030578613
dataset/test/Tomato_mold_leaf/IMG_20251102_155435_aug_25aug51.jpg,Tomato_mold_leaf,Tomato_Early_blight_leaf,0.9992252588272095,0,1.2968244552612305,8.273536682128906,0.171112060546875,9.744361877441406
dataset/test/Tomato_mold_leaf/IMG_20251102_155435_aug_26aug26.jpg,Tomato_mold_leaf,Tomato_Early_blight_leaf,0.9897375702857971,0,1.170785903930664,8.402981758117676,0.1717987060546875,9.74808406829834
dataset/test/Tomato_mold_leaf/IMG_20251102_155435_aug_27aug52.jpg,Tomato_mold_leaf,Tomato_Early_blight_leaf,0.9973610043525696,0,1.179804801940918,8.434741973876953,0.1733713150024414,9.790882110595703
dataset/test/Tomato_mold_leaf/IMG_20251102_155435aug6.jpg,Tomato_mold_leaf,Tomato_Early_blight_leaf,0.9953534603118896,0,1.151803970336914,8.460945129394531,0.17277908325195312,9.788546562194824
dataset/test/Tomato_mold_leaf/Leaf+mold+tomato+_25283_2529.JPG_aug_36aug118.jpg,Tomato_mold_leaf,Tomato_mold_leaf,0.9999079704284668,1,1.2482671737670898,8.426777839660645,0.17211246490478516,9.850306510925293
dataset/test/Tomato_mold_leaf/Leaf+mold+tomato+_25283_2529.JPG_aug_37aug117.jpg,Tomato_mold_leaf,Tomato_mold_leaf,0.9999891519546509,1,1.201045036315918,8.605853080749512,0.17161178588867188,9.981289863586426
dataset/test/Tomato_mold_leaf/Leaf+mold+tomato+_25283_2529.JPG_aug_38aug119.jpg,Tomato_mold_leaf,Tomato_mold_leaf,0.9999936819076538,1,1.2441930770874023,8.442944526672363,0.17239093780517578,9.862250328063965
dataset/test/Tomato_mold_leaf/Leaf+mold+tomato+_25283_2529.JPG_aug_39aug103.jpg,Tomato_mold_leaf,Tomato_mold_leaf,0.9995532631874084,1,1.2276010513305664,8.49685287475586,0.171630859375,9.898919105529785
dataset/test/Tomato_mold_leaf/Leaf+mold+tomato+_25283_2529.JPGaug9.jpg,Tomato_mold_leaf,Tomato_mold_leaf,0.9976275563240051,1,1.2115631103515625,8.397575378417969,0.16992759704589844,9.781917572021484
dataset/test/Tomato_mold_leaf/Leaf-mold-caused-by-the-fungal-pathogen-Passalore-fulva-in-tomatoes_aug_16aug33.jpg,Tomato_mold_leaf,Tomato_Healthy_leaf,0.664734423160553,0,1.1411561965942383,8.489705085754395,0.1714639663696289,9.805474281311035
dataset/test/Tomato_mold_leaf/Leaf-mold-caused-by-the-fungal-pathogen-Passalore-fulva-in-tomatoes_aug_17aug57.jpg,Tomato_mold_leaf,Tomato_Healthy_leaf,0.6739035248756409,0,1.1364145278930664,8.44222354888916,0.16705703735351562,9.748396873474121
dataset/test/Tomato_mold_leaf/Leaf-mold-caused-by-the-fungal-pathogen-Passalore-fulva-in-tomatoes_aug_18aug32.jpg,Tomato_mold_leaf,Tomato_Healthy_leaf,0.9962010979652405,0,1.1411190032958984,8.498556137084961,0.16611289978027344,9.808509826660156
dataset/test/Tomato_mold_leaf/Leaf-mold-caused-by-the-fungal-pathogen-Passalore-fulva-in-tomatoes_aug_19aug53.jpg,Tomato_mold_leaf,Tomato_Healthy_leaf,0.7241144776344299,0,1.1225433349609375,8.461092948913574,0.19015026092529297,9.776750564575195
dataset/test/Tomato_mold_leaf/Leaf-mold-caused-by-the-fungal-pathogen-Passalore-fulva-in-tomatoesaug4.jpg,Tomato_mold_leaf,Tomato_Septoria_leaf_spot,0.38484373688697815,0,1.1236553192138672,8.815670013427734,0.15999984741210938,10.102418899536133
dataset/test/Tomato_mold_leaf/leaf_mold_nightshade2x500_aug_60aug81.jpg,Tomato_mold_leaf,Tomato_mold_leaf,0.9961438179016113,1,1.1053791046142578,8.222240447998047,0.16961193084716797,9.50023078918457
dataset/test/Tomato_mold_leaf/leaf_mold_nightshade2x500_aug_61aug96.jpg,Tomato_mold_leaf,Tomato_mold_leaf,0.9995607733726501,1,1.2888965606689453,8.319815635681152,0.17270469665527344,9.784250259399414
dataset/test/Tomato_mold_leaf/leaf_mold_nightshade2x500_aug_62aug85.jpg,Tomato_mold_leaf,Tomato_mold_leaf,0.9979429841041565,1,1.2502479553222656,8.270203590393066,0.17020511627197266,9.693602561950684
dataset/test/Tomato_mold_leaf/leaf_mold_nightshade2x500_aug_63aug88.jpg,Tomato_mold_leaf,Tomato_mold_leaf,0.9989472031593323,1,1.3532123565673828,8.809317588806152,0.17170429229736328,10.337181091308594
dataset/test/Tomato_mold_leaf/leaf_mold_nightshade2x500aug15.jpg,Tomato_mold_leaf,Tomato_mold_leaf,0.9999415874481201,1,1.3032865524291992,9.457858085632324,0.2113351821899414,10.97564697265625
dataset/test/Tomato_mold_leaf/leaf_mold_tomato5x1200_jpg.rf.0a5ee47c78e753f9580bfb7744438ebf_aug_52aug101.jpg,Tomato_mold_leaf,Tomato_mold_leaf,1.0,1,1.6626405715942383,12.156469345092773,0.21544551849365234,14.038129806518555
dataset/test/Tomato_mold_leaf/leaf_mold_tomato5x1200_jpg.rf.0a5ee47c78e753f9580bfb7744438ebf_aug_53aug108.jpg,Tomato_mold_leaf,Tomato_mold_leaf,0.9999998807907104,1,1.540492057800293,11.088889122009277,0.20844554901123047,12.841327667236328
dataset/test/Tomato_mold_leaf/leaf_mold_tomato5x1200_jpg.rf.0a5ee47c78e753f9580bfb7744438ebf_aug_54aug115.jpg,Tomato_mold_leaf,Tomato_mold_leaf,1.0,1,1.6040668487548828,11.717578887939453,0.21152019500732422,13.53714656829834
dataset/test/Tomato_mold_leaf/leaf_mold_tomato5x1200_jpg.rf.0a5ee47c78e753f9580bfb7744438ebf_aug_55aug109.jpg,Tomato_mold_leaf,Tomato_mold_leaf,1.0,1,1.661696434020996,17.15113353729248,0.31001949310302734,19.12662696838379
dataset/test/Tomato_mold_leaf/leaf_mold_tomato5x1200_jpg.rf.0a5ee47c78e753f9580bfb7744438ebfaug13.jpg,Tomato_mold_leaf,Tomato_mold_leaf,1.0,1,1.5611953735351562,23.97310447692871,0.20207595825195312,25.73952293395996
dataset/test/Tomato_mold_leaf/tomato_leaf-mold_04_zoom_aug_4aug36.jpg,Tomato_mold_leaf,Tomato_leaf_late_blight,0.8723003268241882,0,2.1988115310668945,12.558435440063477,0.16689014434814453,14.927674293518066
dataset/test/Tomato_mold_leaf/tomato_leaf-mold_04_zoom_aug_5aug48.jpg,Tomato_mold_leaf,Tomato_leaf_late_blight,0.9780965447425842,0,1.151397705078125,8.322870254516602,0.1657419204711914,9.642601013183594
dataset/test/Tomato_mold_leaf/tomato_leaf-mold_04_zoom_aug_6aug40.jpg,Tomato_mold_leaf,Tomato_leaf_late_blight,0.7330928444862366,0,1.1112661361694336,7.9008684158325195,0.16744518280029297,9.182449340820312
dataset/test/Tomato_mold_leaf/tomato_leaf-mold_04_zoom_aug_7aug34.jpg,Tomato_mold_leaf,Tomato_leaf_late_blight,0.9373024106025696,0,1.1768035888671875,7.955813407897949,0.17044639587402344,9.305896759033203
dataset/test/Tomato_mold_leaf/tomato_leaf-mold_04_zoomaug1.jpg,Tomato_mold_leaf,Tomato_leaf_late_blight,0.49025365710258484,0,1.1489524841308594,7.96823787689209,0.17246437072753906,9.292579650878906
