image_path,true_class,predicted_class,confidence,correct,preprocess_ms,inference_ms,postprocess_ms,total_pipeline_ms
dataset/test/Tomato_Early_blight_leaf/100_46341_aug_5aug62.jpg,Tomato_Early_blight_leaf,Tomato_Early_blight_leaf,0.9569451808929443,1,1.1431951522827148,7.674619674682617,0.2526693344116211,9.07435131072998
dataset/test/Tomato_Early_blight_leaf/100_46341_aug_6aug64.jpg,Tomato_Early_blight_leaf,Tomato_Early_blight_leaf,0.6702758073806763,1,1.0906953811645508,7.708600044250488,0.19835186004638672,9.000666618347168
dataset/test/Tomato_Early_blight_leaf/100_46341_aug_7aug57.jpg,Tomato_Early_blight_leaf,Tomato_Early_blight_leaf,0.6702758073806763,1,1.0931205749511719,7.778120040893555,0.1752786636352539,9.049481391906738
dataset/test/Tomato_Early_blight_leaf/100_46341_aug_8aug66.jpg,Tomato_Early_blight_leaf,Tomato_Early_blight_leaf,0.9361766576766968,1,1.1400833129882812,7.794731140136719,0.1659078598022461,9.102871894836426
dataset/test/Tomato_Early_blight_leaf/100_46341_aug_9aug65.jpg,Tomato_Early_blight_leaf,Tomato_Early_blight_leaf,0.9934859871864319,1,1.1345634460449219,7.513080596923828,0.21465015411376953,8.865406036376953
dataset/test/Tomato_Early_blight_leaf/100_46341aug1.jpg,Tomato_Early_blight_leaf,Tomato_Early_blight_leaf,0.9647865891456604,1,1.2375469207763672,7.47785758972168,0.20268630981445312,8.920831680297852
dataset/test/Tomato_Early_blight_leaf/1723454500663_aug_20aug39.jpg,Tomato_Early_blight_leaf,Tomato_Early_blight_leaf,1.0,1,1.0581941604614258,8.029732704162598,0.1744823455810547,9.265706062316895
dataset/test/Tomato_Early_blight_leaf/1723454500663_aug_21aug35.jpg,Tomato_Early_blight_leaf,Tomato_Early_blight_leaf,1.0,1,1.1409168243408203,7.857173919677734,0.17694568634033203,9.177409172058105
dataset/test/Tomato_Early_blight_leaf/1723454500663_aug_22aug51.jpg,Tomato_Early_blight_leaf,Tomato_Early_blight_leaf,1.0,1,1.0915470123291016,8.098991394042969,0.16779804229736328,9.360892295837402
dataset/test/Tomato_Early_blight_leaf/1723454500663_aug_23aug33.jpg,Tomato_Early_blight_leaf,Tomato_Early_blight_leaf,1.0,1,1.079787254333496,7.993991851806641,0.16377830505371094,9.240446090698242
dataset/test/Tomato_Early_blight_leaf/1723454500663_aug_24aug50.jpg,Tomato_Early_blight_leaf,Tomato_Early_blight_leaf,0.9999916553497314,1,1.1016950607299805,8.290994644165039,0.1647052764892578,9.560041427612305
dataset/test/Tomato_Early_blight_leaf/1723454500663aug4.jpg,Tomato_Early_blight_leaf,Tomato_Early_blight_leaf,0.9999984502792358,1,1.127842903137207,8.05051040649414,0.17350101470947266,9.354799270629883
dataset/test/Tomato_Early_blight_leaf/1723454507240aug20.jpg,Tomato_Early_blight_leaf,Tomato_Septoria_leaf_spot,0.7485580444335938,0,1.120065689086914,8.021435737609863,0.16231632232666016,9.306890487670898
dataset/test/Tomato_Early_blight_leaf/EB_(981)_aug_65aug107.jpg,Tomato_Early_blight_leaf,Tomato_Early_blight_leaf,1.0,1,1.1250085830688477,7.959196090698242,0.15933513641357422,9.24637222290039
dataset/test/Tomato_Early_blight_leaf/EB_(981)_aug_66aug102.jpg,Tomato_Early_blight_leaf,Tomato_Early_blight_leaf,1.0,1,1.1680469512939453,7.876323699951172,0.316558837890625,9.363651275634766
dataset/test/Tomato_Early_blight_leaf/EB_(981)_aug_67aug101.jpg,Tomato_Early_blight_leaf,Tomato_Early_blight_leaf,0.9995843768119812,1,1.0594348907470703,7.804879188537598,0.16446495056152344,9.031685829162598
dataset/test/Tomato_Early_blight_leaf/EB_(981)_aug_68aug95.jpg,Tomato_Early_blight_leaf,Tomato_Early_blight_leaf,0.9999810457229614,1,1.2220849990844727,7.866416931152344,0.1666879653930664,9.258057594299316
dataset/test/Tomato_Early_blight_leaf/EB_(981)_aug_69aug97.jpg,Tomato_Early_blight_leaf,Tomato_Early_blight_leaf,0.9999896287918091,1,1.148824691772461,8.099808692932129,0.16268634796142578,9.413984298706055
dataset/test/Tomato_Early_blight_leaf/EB_(981)aug13.jpg,Tomato_Early_blight_leaf,Tomato_Early_blight_leaf,0.9999805688858032,1,1.1128606796264648,8.312308311462402,0.16311168670654297,9.591060638427734
dataset/test/Tomato_Early_blight_leaf/Early-blight-660x440_aug_0aug61.jpg,Tomato_Early_blight_leaf,Tomato_Early_blight_leaf,0.9999189376831055,1,1.0730657577514648,7.742415428161621,0.16081619262695312,8.97925853729248
dataset/test/Tomato_Early_blight_leaf/Early-blight-660x440_aug_1aug59.jpg,Tomato_Early_blight_leaf,Tomato_Early_blight_leaf,0.9974374771118164,1,1.1100645065307617,8.164290428161621,0.16007518768310547,9.437206268310547
dataset/test/Tomato_Early_blight_leaf/Early-blight-660x440_aug_2aug63.jpg,Tomato_Early_blight_leaf,Tomato_Early_blight_leaf,0.9969940185546875,1,1.0614919662475586,7.881213188171387,0.16066741943359375,9.106019973754883
dataset/test/Tomato_Early_blight_leaf/Early-blight-660x440_aug_3aug60.jpg,Tomato_Early_blight_leaf,Tomato_Early_blight_leaf,0.9999091625213623,1,1.0811748504638672,7.840693473815918,0.16109466552734375,9.0858154296875
dataset/test/Tomato_Early_blight_leaf/Early-blight-660x440_aug_4aug58.jpg,Tomato_Early_blight_leaf,Tomato_Early_blight_leaf,0.9999771118164062,1,1.0626583099365234,7.748434066772461,0.16076087951660156,8.974759101867676
dataset/test/Tomato_Early_blight_leaf/Early-blight-660x440aug0.jpg,Tomato_Early_blight_leaf,Tomato_Early_blight_leaf,0.9998949766159058,1,1.111490249633789,7.597599983215332,0.3072233200073242,9.018851280212402
dataset/test/Tomato_Early_blight_leaf/Gls42_change_180_aug_70aug100.jpg,Tomato_Early_blight_leaf,Tomato_Early_blight_leaf,0.9995576739311218,1,1.0019359588623047,7.556116104125977,0.15987205505371094,8.720423698425293
dataset/test/Tomato_Early_blight_leaf/Gls42_change_180_aug_71aug109.jpg,Tomato_Early_blight_leaf,Tomato_Early_blight_leaf,0.9999774694442749,1,1.0482501983642578,7.758731842041016,0.16081619262695312,8.970629692077637
dataset/test/Tomato_Early_blight_leaf/Gls42_change_180_aug_72aug104.jpg,Tomato_Early_blight_leaf,Tomato_Early_blight_leaf,0.9999350309371948,1,1.039250373840332,7.695340156555176,0.1770944595336914,8.914166450500488
dataset/test/Tomato_Early_blight_leaf/Gls42_change_180_aug_73aug94.jpg,Tomato_Early_blight_leaf,Tomato_Early_blight_leaf,0.9999791383743286,1,1.080174446105957,7.785045623779297,0.16179752349853516,9.029889106750488
dataset/test/Tomato_Early_blight_leaf/Gls42_change_180_aug_74aug108.jpg,Tomato_Early_blight_leaf,Tomato_Early_blight_leaf,0.9999747276306152,1,1.0254344940185547,7.789045333862305,0.1600942611694336,8.977333068847656
dataset/test/Tomato_Early_blight_leaf/Gls42_change_180aug14.jpg,Tomato_Early_blight_leaf,Tomato_Early_blight_leaf,0.9997846484184265,1,1.042287826538086,7.657711029052734,0.1602783203125,8.862905502319336
dataset/test/Tomato_Early_blight_leaf/Gls4_mirror_aug_60aug93.jpg,Tomato_Early_blight_leaf,Tomato_Early_blight_leaf,1.0,1,1.019693374633789,7.653896331787109,0.1575937271118164,8.833701133728027
dataset/test/Tomato_Early_blight_leaf/Gls4_mirror_aug_61aug98.jpg,Tomato_Early_blight_leaf,Tomato_Early_blight_leaf,0.9999998807907104,1,1.0480833053588867,7.5273590087890625,0.19592761993408203,8.77418327331543
dataset/test/Tomato_Early_blight_leaf/Gls4_mirror_aug_62aug91.jpg,Tomato_Early_blight_leaf,Tomato_Early_blight_leaf,1.0,1,1.0925102233886719,7.4928388595581055,0.1635570526123047,8.75146198272705
dataset/test/Tomato_Early_blight_leaf/Gls4_mirror_aug_63aug110.jpg,Tomato_Early_blight_leaf,Tomato_Early_blight_leaf,1.0,1,1.0286006927490234,7.690062522888184,0.15909290313720703,8.880462646484375
dataset/test/Tomato_Early_blight_leaf/Gls4_mirror_aug_64aug105.jpg,Tomato_Early_blight_leaf,Tomato_Early_blight_leaf,1.0,1,1.0188417434692383,7.625876426696777,0.1581869125366211,8.80581283569336
dataset/test/Tomato_Early_blight_leaf/Gls4_mirror_vertical_aug_25aug37.jpg,Tomato_Early_blight_leaf,Tomato_Early_blight_leaf,0.9999998807907104,1,1.0111560821533203,7.6818037033081055,0.15777873992919922,8.853425025939941
dataset/test/Tomato_Early_blight_leaf/Gls4_mirror_vertical_aug_26aug41.jpg,Tomato_Early_blight_leaf,Tomato_Early_blight_leaf,0.9999929666519165,1,1.0560283660888672,7.659895896911621,0.15922260284423828,8.87761116027832
dataset/test/Tomato_Early_blight_leaf/Gls4_mirror_vertical_aug_27aug40.jpg,Tomato_Early_blight_leaf,Tomato_Early_blight_leaf,0.9999998807907104,1,1.013045310974121,7.673822402954102,0.16446495056152344,8.854257583618164
dataset/test/Tomato_Early_blight_leaf/Gls4_mirror_vertical_aug_28aug36.jpg,Tomato_Early_blight_leaf,Tomato_Early_blight_leaf,0.9999079704284668,1,1.0189895629882812,7.485821723937988,0.16031646728515625,8.66794204711914
dataset/test/Tomato_Early_blight_leaf/Gls4_mirror_vertical_aug_29aug42.jpg,Tomato_Early_blight_leaf,Tomato_Early_blight_leaf,0.9999967813491821,1,1.024674415588379,7.713876724243164,0.15994548797607422,8.901090621948242
dataset/test/Tomato_Early_blight_leaf/Gls4_mirror_verticalaug5.jpg,Tomato_Early_blight_leaf,Tomato_Early_blight_leaf,0.9999966621398926,1,1.015212059020996,7.809563636779785,0.16411209106445312,8.991276741027832
dataset/test/Tomato_Early_blight_leaf/Gls4_mirroraug12.jpg,Tomato_Early_blight_leaf,Tomato_Early_blight_leaf,1.0,1,1.1046743392944336,8.001418113708496,0.1638345718383789,9.272315979003906
dataset/test/Tomato_Early_blight_leaf/IMG-20240812-WA0445_aug_40aug23.jpg,Tomato_Early_blight_leaf,Tomato_mold_leaf,0.6202115416526794,0,1.1122303009033203,8.0753812789917,0.1643533706665039,9.3546142578125
dataset/test/Tomato_Early_blight_leaf/IMG-20240812-WA0445_aug_41aug28.jpg,Tomato_Early_blight_leaf,Tomato_mold_leaf,0.5588883757591248,0,1.1239166259765625,8.049566268920898,0.16400146484375,9.340113639831543
dataset/test/Tomato_Early_blight_leaf/IMG-20240812-WA0445_aug_42aug21.jpg,Tomato_Early_blight_leaf,Tomato_mold_leaf,0.514000415802002,0,1.1586389541625977,8.03136157989502,0.16363048553466797,9.35572624206543
dataset/test/Tomato_Early_blight_leaf/IMG-20240812-WA0445_aug_43aug24.jpg,Tomato_Early_blight_leaf,Tomato_Early_blight_leaf,0.7763785719871521,1,1.1551027297973633,8.031695365905762,0.16274261474609375,9.351927757263184
dataset/test/Tomato_Early_blight_leaf/IMG-20240812-WA0445_aug_44aug22.jpg,Tomato_Early_blight_leaf,Tomato_Early_blight_leaf,0.6371965408325195,1,1.1416378021240234,7.774916648864746,0.32457637786865234,9.243706703186035
dataset/test/Tomato_Early_blight_leaf/IMG-20240812-WA0445aug8.jpg,Tomato_Early_blight_leaf,Tomato_Early_blight_leaf,0.8100666403770447,1,1.1267118453979492,7.840842247009277,0.16439056396484375,9.134722709655762
dataset/test/Tomato_Early_blight_leaf/IMG20240812111749_aug_90aug80.jpg,Tomato_Early_blight_leaf,Tomato_mold_leaf,0.9999978542327881,0,1.3101396560668945,7.860934257507324,0.16518592834472656,9.338891983032227
dataset/test/Tomato_Early_blight_leaf/IMG20240812111749_aug_91aug77.jpg,Tomato_Early_blight_leaf,Tomato_mold_leaf,0.9991962313652039,0,1.2024345397949219,7.993474006652832,0.16355609893798828,9.36196517944336
dataset/test/Tomato_Early_blight_leaf/IMG20240812111749_aug_92aug73.jpg,Tomato_Early_blight_leaf,Tomato_mold_leaf,0.9999630451202393,0,1.1839914321899414,8.04391860961914,0.16468524932861328,9.395522117614746
dataset/test/Tomato_Early_blight_leaf/IMG20240812111749_aug_93aug71.jpg,Tomato_Early_blight_leaf,Tomato_mold_leaf,0.9999256134033203,0,1.1453800201416016,7.990046501159668,0.16090869903564453,9.298836708068848
dataset/test/Tomato_Early_blight_leaf/IMG20240812111749_aug_94aug74.jpg,Tomato_Early_blight_leaf,Tomato_mold_leaf,0.9991173148155212,0,1.1854534149169922,7.855064392089844,0.1620197296142578,9.205500602722168
dataset/test/Tomato_Early_blight_leaf/IMG20240812111749aug18.jpg,Tomato_Early_blight_leaf,Tomato_mold_leaf,0.9999469518661499,0,1.2282676696777344,7.963824272155762,0.160797119140625,9.355225563049316
dataset/test/Tomato_Early_blight_leaf/IMG_20251102_155150_aug_30aug34.jpg,Tomato_Early_blight_leaf,Tomato_Early_blight_leaf,1.0,1,1.0828609466552734,7.855564117431641,0.1630563735961914,9.104352951049805
dataset/test/Tomato_Early_blight_leaf/IMG_20251102_155150_aug_31aug43.jpg,Tomato_Early_blight_leaf,Tomato_Early_blight_leaf,1.0,1,1.062342643737793,7.916046142578125,0.161224365234375,9.14264965057373
dataset/test/Tomato_Early_blight_leaf/IMG_20251102_155150_aug_32aug44.jpg,Tomato_Early_blight_leaf,Tomato_Early_blight_leaf,1.0,1,1.1193428039550781,8.436476707458496,0.1607046127319336,9.719210624694824
dataset/test/Tomato_Early_blight_leaf/IMG_20251102_155150_aug_33aug38.jpg,Tomato_Early_blight_leaf,Tomato_Early_blight_leaf,1.0,1,1.0769710540771484,7.8702497482299805,0.15824127197265625,9.107982635498047
dataset/test/Tomato_Early_blight_leaf/IMG_20251102_155150_aug_34aug32.jpg,Tomato_Early_blight_leaf,Tomato_Early_blight_leaf,1.0,1,1.0276927947998047,7.741711616516113,0.16048336029052734,8.932703971862793
dataset/test/Tomato_Early_blight_leaf/IMG_20251102_155150aug6.jpg,Tomato_Early_blight_leaf,Tomato_Early_blight_leaf,1.0,1,1.7218656539916992,7.968288421630859,0.1617412567138672,9.854543685913086
dataset/test/Tomato_Early_blight_leaf/IMG_20251102_155153_aug_85aug72.jpg,Tomato_Early_blight_leaf,Tomato_Early_blight_leaf,1.0,1,1.0955266952514648,8.199529647827148,0.1760568618774414,9.473799705505371
dataset/test/Tomato_Early_blight_leaf/IMG_20251102_155153_aug_86aug78.jpg,Tomato_Early_blight_leaf,Tomato_Early_blight_leaf,1.0,1,1.0996570587158203,17.690553665161133,0.16655635833740234,18.959193229675293
dataset/test/Tomato_Early_blight_leaf/IMG_20251102_155153_aug_87aug76.jpg,Tomato_Early_blight_leaf,Tomato_Early_blight_leaf,1.0,1,1.112619400024414,14.793437957763672,0.16846370697021484,16.077540397644043
dataset/test/Tomato_Early_blight_leaf/IMG_20251102_155153_aug_88aug79.jpg,Tomato_Early_blight_leaf,Tomato_Early_blight_leaf,1.0,1,1.1279726028442383,8.17777156829834,0.16900062561035156,9.47720718383789
dataset/test/Tomato_Early_blight_leaf/IMG_20251102_155153_aug_89aug75.jpg,Tomato_Early_blight_leaf,Tomato_Early_blight_leaf,1.0,1,1.0689172744750977,8.05639934539795,0.21111297607421875,9.339465141296387
dataset/test/Tomato_Early_blight_leaf/IMG_20251102_155153aug17.jpg,Tomato_Early_blight_leaf,Tomato_Early_blight_leaf,1.0,1,1.1264543533325195,8.081177711486816,0.16501998901367188,9.375466346740723
dataset/test/Tomato_Early_blight_leaf/IMG_20251102_155207_aug_10aug47.jpg,Tomato_Early_blight_leaf,Tomato_Early_blight_leaf,0.9999620914459229,1,1.092249870300293,8.450273513793945,0.16464996337890625,9.710004806518555
dataset/test/Tomato_Early_blight_leaf/IMG_20251102_155207_aug_11aug56.jpg,Tomato_Early_blight_leaf,Tomato_Early_blight_leaf,0.9999741315841675,1,1.1385078430175781,8.287882804870605,0.16463088989257812,9.594154357910156
dataset/test/Tomato_Early_blight_leaf/IMG_20251102_155207_aug_12aug45.jpg,Tomato_Early_blight_leaf,Tomato_Early_blight_leaf,0.9999719858169556,1,1.089101791381836,8.079621315002441,0.17876148223876953,9.350188255310059
dataset/test/Tomato_Early_blight_leaf/IMG_20251102_155207_aug_13aug48.jpg,Tomato_Early_blight_leaf,Tomato_Early_blight_leaf,0.9999997615814209,1,1.0648422241210938,8.232475280761719,0.1637430191040039,9.464021682739258
dataset/test/Tomato_Early_blight_leaf/IMG_20251102_155207_aug_14aug49.jpg,Tomato_Early_blight_leaf,Tomato_Early_blight_leaf,0.9999076128005981,1,1.1247129440307617,8.044658660888672,0.1630563735961914,9.335186958312988
dataset/test/Tomato_Early_blight_leaf/IMG_20251102_155207aug2.jpg,Tomato_Early_blight_leaf,Tomato_Early_blight_leaf,0.9998897314071655,1,1.105545997619629,7.677026748657227,0.15683364868164062,8.942036628723145
dataset/test/Tomato_Early_blight_leaf/IMG_20251102_155305_aug_35aug25.jpg,Tomato_Early_blight_leaf,Tomato_Early_blight_leaf,0.9817773699760437,1,1.0561189651489258,7.4796905517578125,0.15878009796142578,8.697590827941895
dataset/test/Tomato_Early_blight_leaf/IMG_20251102_155305_aug_36aug27.jpg,Tomato_Early_blight_leaf,Tomato_Early_blight_leaf,0.9668503999710083,1,1.1558074951171875,7.569581031799316,0.1587972640991211,8.88692569732666
dataset/test/Tomato_Early_blight_leaf/IMG_20251102_155305_aug_37aug29.jpg,Tomato_Early_blight_leaf,Tomato_Early_blight_leaf,0.7477186322212219,1,1.1573610305786133,7.778693199157715,0.15816688537597656,9.096370697021484
dataset/test/Tomato_Early_blight_leaf/IMG_20251102_155305_aug_38aug31.jpg,Tomato_Early_blight_leaf,Tomato_Early_blight_leaf,0.8160757422447205,1,1.049489974975586,7.700396537780762,0.1573352813720703,8.910109519958496
dataset/test/Tomato_Early_blight_leaf/IMG_20251102_155305_aug_39aug26.jpg,Tomato_Early_blight_leaf,Tomato_Septoria_leaf_spot,0.5578587651252747,0,1.0443601608276367,7.642822265625,0.15953826904296875,8.849258422851562
dataset/test/Tomato_Early_blight_leaf/IMG_20251102_155305aug7.jpg,Tomato_Early_blight_leaf,Tomato_Early_blight_leaf,0.9646960496902466,1,1.053694725036621,7.698841094970703,0.1596851348876953,8.915000915527344
dataset/test/Tomato_Early_blight_leaf/IMG_20251102_155853_aug_55aug106.jpg,Tomato_Early_blight_leaf,Tomato_leaf_late_blight,0.996845543384552,0,1.1147680282592773,7.692971229553223,0.15790939331054688,8.968611717224121
dataset/test/Tomato_Early_blight_leaf/IMG_20251102_155853_aug_56aug92.jpg,Tomato_Early_blight_leaf,Tomato_leaf_late_blight,0.9999939203262329,0,1.0536746978759766,7.852045059204102,0.15631580352783203,9.0645751953125
dataset/test/Tomato_Early_blight_leaf/IMG_20251102_155853_aug_57aug96.jpg,Tomato_Early_blight_leaf,Tomato_leaf_late_blight,0.9996541738510132,0,1.0715827941894531,7.67276668548584,0.16007423400878906,8.906982421875
dataset/test/Tomato_Early_blight_leaf/IMG_20251102_155853_aug_58aug103.jpg,Tomato_Early_blight_leaf,Tomato_leaf_late_blight,0.9999939203262329,0,1.1674165725708008,7.56187629699707,0.15989017486572266,8.89179515838623
dataset/test/Tomato_Early_blight_leaf/IMG_20251102_155853_aug_59aug99.jpg,Tomato_Early_blight_leaf,Tomato_leaf_late_blight,0.9785830974578857,0,1.1160078048706055,7.763360977172852,0.1600198745727539,9.042278289794922
dataset/test/Tomato_Early_blight_leaf/IMG_20251102_155853aug11.jpg,Tomato_Early_blight_leaf,Tomato_leaf_late_blight,0.9999182224273682,0,1.2269182205200195,8.00069522857666,0.1630563735961914,9.393558502197266
dataset/test/Tomato_Early_blight_leaf/IMG_20251102_160046_aug_95aug70.jpg,Tomato_Early_blight_leaf,Tomato_Early_blight_leaf,0.9968441724777222,1,1.0823984146118164,8.77959156036377,0.16368579864501953,10.028249740600586
dataset/test/Tomato_Early_blight_leaf/IMG_20251102_160046_aug_96aug69.jpg,Tomato_Early_blight_leaf,Tomato_Early_blight_leaf,0.9999047517776489,1,1.1574535369873047,7.986307144165039,0.16337108612060547,9.309649467468262
dataset/test/Tomato_Early_blight_leaf/IMG_20251102_160046_aug_97aug67.jpg,Tomato_Early_blight_leaf,Tomato_Early_blight_leaf,0.9999277591705322,1,1.1063423156738281,7.879138946533203,0.1627788543701172,9.151206016540527
dataset/test/Tomato_Early_blight_leaf/IMG_20251102_160046_aug_98aug68.jpg,Tomato_Early_blight_leaf,Tomato_Early_blight_leaf,0.999992847442627,1,1.1086578369140625,7.900453567504883,0.1603717803955078,9.172410011291504
dataset/test/Tomato_Early_blight_leaf/IMG_20251102_160046aug19.jpg,Tomato_Early_blight_leaf,Tomato_Early_blight_leaf,0.9999988079071045,1,1.1215839385986328,7.67445182800293,0.1642599105834961,8.963314056396484
dataset/test/Tomato_Early_blight_leaf/IMG_20251102_160055_aug_15aug53.jpg,Tomato_Early_blight_leaf,Tomato_Early_blight_leaf,1.0,1,1.183547019958496,7.725728988647461,0.1639261245727539,9.075685501098633
dataset/test/Tomato_Early_blight_leaf/IMG_20251102_160055_aug_16aug55.jpg,Tomato_Early_blight_leaf,Tomato_Early_blight_leaf,1.0,1,1.049952507019043,7.845452308654785,0.19964981079101562,9.098112106323242
dataset/test/Tomato_Early_blight_leaf/IMG_20251102_160055_aug_17aug46.jpg,Tomato_Early_blight_leaf,Tomato_Early_blight_leaf,1.0,1,1.0600461959838867,7.871397972106934,0.1625385284423828,9.09681510925293
dataset/test/Tomato_Early_blight_leaf/IMG_20251102_160055_aug_18aug54.jpg,Tomato_Early_blight_leaf,Tomato_Early_blight_leaf,1.0,1,1.0829534530639648,7.885581970214844,0.1628713607788086,9.133779525756836
dataset/test/Tomato_Early_blight_leaf/IMG_20251102_160055_aug_19aug52.jpg,Tomato_Early_blight_leaf,Tomato_Early_blight_leaf,1.0,1,1.063119888305664,7.993232727050781,0.16415023803710938,9.222965240478516
dataset/test/Tomato_Early_blight_leaf/IMG_20251102_160055aug3.jpg,Tomato_Early_blight_leaf,Tomato_Early_blight_leaf,1.0,1,1.0770263671875,7.98497200012207,0.1629638671875,9.227816581726074
dataset/test/Tomato_Early_blight_leaf/IMG_20251102_160217_aug_75aug82.jpg,Tomato_Early_blight_leaf,Tomato_Early_blight_leaf,1.0,1,1.1246213912963867,8.137992858886719,0.16285324096679688,9.428170204162598
dataset/test/Tomato_Early_blight_leaf/IMG_20251102_160217_aug_76aug83.jpg,Tomato_Early_blight_leaf,Tomato_Early_blight_leaf,0.9999983310699463,1,1.0905275344848633,8.003898620605469,0.1638336181640625,9.260964393615723
dataset/test/Tomato_Early_blight_leaf/IMG_20251102_160217_aug_77aug90.jpg,Tomato_Early_blight_leaf,Tomato_Early_blight_leaf,1.0,1,1.0741195678710938,8.0906400680542,0.16155719757080078,9.328890800476074
dataset/test/Tomato_Early_blight_leaf/IMG_20251102_160217_aug_78aug81.jpg,Tomato_Early_blight_leaf,Tomato_Early_blight_leaf,1.0,1,1.1052494049072266,7.859397888183594,0.16340923309326172,9.13076114654541
dataset/test/Tomato_Early_blight_leaf/IMG_20251102_160217_aug_79aug86.jpg,Tomato_Early_blight_leaf,Tomato_Early_blight_leaf,1.0,1,1.1900091171264648,7.856656074523926,0.165130615234375,9.214370727539062
dataset/test/Tomato_Early_blight_leaf/IMG_20251102_160217aug15.jpg,Tomato_Early_blight_leaf,Tomato_Early_blight_leaf,1.0,1,1.211935043334961,7.806804656982422,0.1630573272705078,9.184630393981934
dataset/test/Tomato_Early_blight_leaf/IMG_20251102_160523_aug_50aug114.jpg,Tomato_Early_blight_leaf,Tomato_Early_blight_leaf,0.9999996423721313,1,1.132730484008789,7.997602462768555,0.20103931427001953,9.33387279510498
dataset/test/Tomato_Early_blight_leaf/IMG_20251102_160523_aug_51aug111.jpg,Tomato_Early_blight_leaf,Tomato_Early_blight_leaf,0.9999881982803345,1,1.108917236328125,8.250123977661133,0.16424083709716797,9.525782585144043
dataset/test/Tomato_Early_blight_leaf/IMG_20251102_160523_aug_52aug112.jpg,Tomato_Early_blight_leaf,Tomato_Early_blight_leaf,0.9999978542327881,1,1.1779365539550781,8.007399559020996,0.16253662109375,9.350447654724121
dataset/test/Tomato_Early_blight_leaf/IMG_20251102_160523_aug_53aug115.jpg,Tomato_Early_blight_leaf,Tomato_Early_blight_leaf,0.9999951124191284,1,1.158620834350586,7.992361068725586,0.16237163543701172,9.316187858581543
dataset/test/Tomato_Early_blight_leaf/IMG_20251102_160523_aug_54aug113.jpg,Tomato_Early_blight_leaf,Tomato_Early_blight_leaf,0.9999998807907104,1,1.1194171905517578,8.246678352355957,0.16033458709716797,9.529244422912598
dataset/test/Tomato_Early_blight_leaf/IMG_20251102_160523aug10.jpg,Tomato_Early_blight_leaf,Tomato_Early_blight_leaf,1.0,1,1.121805191040039,8.100528717041016,0.1562051773071289,9.380818367004395
dataset/test/Tomato_Early_blight_leaf/IMG_20251102_161202_aug_45aug118.jpg,Tomato_Early_blight_leaf,Tomato_Early_blight_leaf,0.999049961566925,1,1.1596765518188477,7.930009841918945,0.16489124298095703,9.257280349731445
dataset/test/Tomato_Early_blight_leaf/IMG_20251102_161202_aug_46aug116.jpg,Tomato_Early_blight_leaf,Tomato_Early_blight_leaf,0.999049961566925,1,1.244694709777832,7.812600135803223,0.16353702545166016,9.223909378051758
dataset/test/Tomato_Early_blight_leaf/IMG_20251102_161202_aug_47aug117.jpg,Tomato_Early_blight_leaf,Tomato_Early_blight_leaf,0.9981354475021362,1,1.1520280838012695,8.267030715942383,0.1636486053466797,9.58569049835205
dataset/test/Tomato_Early_blight_leaf/IMG_20251102_161202_aug_48aug30.jpg,Tomato_Early_blight_leaf,Tomato_Early_blight_leaf,0.9998823404312134,1,1.1724357604980469,7.9565839767456055,0.16403865814208984,9.296463966369629
dataset/test/Tomato_Early_blight_leaf/IMG_20251102_161202_aug_49aug119.jpg,Tomato_Early_blight_leaf,Tomato_Early_blight_leaf,0.9987849593162537,1,1.1354541778564453,8.018305778503418,0.1639270782470703,9.320521354675293
dataset/test/Tomato_Early_blight_leaf/IMG_20251102_161202aug9.jpg,Tomato_Early_blight_leaf,Tomato_Early_blight_leaf,0.9994838237762451,1,1.1432123184204102,7.997637748718262,0.16222286224365234,9.305558204650879
dataset/test/Tomato_Early_blight_leaf/early_blight_jpg.rf.1091c0a2a9a3da5b9ad688c89298614c_aug_80aug87.jpg,Tomato_Early_blight_leaf,Tomato_Early_blight_leaf,0.9989110231399536,1,1.1290836334228516,7.99314022064209,0.16364765167236328,9.288519859313965
dataset/test/Tomato_Early_blight_leaf/early_blight_jpg.rf.1091c0a2a9a3da5b9ad688c89298614c_aug_81aug84.jpg,Tomato_Early_blight_leaf,Tomato_Early_blight_leaf,0.9998412132263184,1,1.0856571197509766,8.297791481018066,0.16320514678955078,9.549171447753906
dataset/test/Tomato_Early_blight_leaf/early_blight_jpg.rf.1091c0a2a9a3da5b9ad688c89298614c_aug_82aug89.jpg,Tomato_Early_blight_leaf,Tomato_Early_blight_leaf,0.9998972415924072,1,1.1011934280395508,7.9946393966674805,0.16438961029052734,9.263019561767578
dataset/test/Tomato_Early_blight_leaf/early_blight_jpg.rf.1091c0a2a9a3da5b9ad688c89298614c_aug_83aug85.jpg,Tomato_Early_blight_leaf,Tomato_Early_blight_leaf,0.9992753863334656,1,1.2576589584350586,8.284771919250488,0.16466712951660156,9.709746360778809
dataset/test/Tomato_Early_blight_leaf/early_blight_jpg.rf.1091c0a2a9a3da5b9ad688c89298614c_aug_84aug88.jpg,Tomato_Early_blight_leaf,Tomato_Early_blight_leaf,0.999976634979248,1,1.1121387481689453,8.035955429077148,0.1628894805908203,9.31385326385498
dataset/test/Tomato_Early_blight_leaf/early_blight_jpg.rf.1091c0a2a9a3da5b9ad688c89298614caug16.jpg,Tomato_Early_blight_leaf,Tomato_Early_blight_leaf,0.9998651742935181,1,1.1052875518798828,8.010622024536133,0.15996456146240234,9.278704643249512
dataset/test/Tomato_Healthy_leaf/20140818-tomato-sauce-vicky-wasik-1_jpg.rf.d3d9b4a0642e72ba76b40dbdfff8b9f7_aug_6aug50.jpg,Tomato_Healthy_leaf,Tomato_Healthy_leaf,1.0,1,1.0792322158813477,7.836897850036621,0.16387176513671875,9.082667350769043
dataset/test/Tomato_Healthy_leaf/20140818-tomato-sauce-vicky-wasik-1_jpg.rf.d3d9b4a0642e72ba76b40dbdfff8b9f7_aug_7aug56.jpg,Tomato_Healthy_leaf,Tomato_Healthy_leaf,0.9999992847442627,1,1.1574907302856445,7.774100303649902,0.1750011444091797,9.110149383544922
dataset/test/Tomato_Healthy_leaf/20140818-tomato-sauce-vicky-wasik-1_jpg.rf.d3d9b4a0642e72ba76b40dbdfff8b9f7aug3.jpg,Tomato_Healthy_leaf,Tomato_Healthy_leaf,0.9998642206192017,1,1.0501375198364258,7.981714248657227,0.1638355255126953,9.198482513427734
dataset/test/Tomato_Healthy_leaf/2015-09-17-01_aug_20aug110.jpg,Tomato_Healthy_leaf,Tomato_mold_leaf,0.7147405743598938,0,1.1200828552246094,7.939120292663574,0.16178035736083984,9.224150657653809
dataset/test/Tomato_Healthy_leaf/2015-09-17-01_aug_21aug114.jpg,Tomato_Healthy_leaf,Tomato_Healthy_leaf,0.9363453984260559,1,1.0655641555786133,8.312957763671875,0.16457557678222656,9.545855522155762
dataset/test/Tomato_Healthy_leaf/2015-09-17-01aug10.jpg,Tomato_Healthy_leaf,Tomato_Healthy_leaf,0.7484794855117798,1,1.0571022033691406,7.984064102172852,0.1624441146850586,9.206595420837402
dataset/test/Tomato_Healthy_leaf/Basil_2Binfected_2Bby_2BTomato_2BSpotted_2BWilt_2BVirus_aug_2aug59.jpg,Tomato_Healthy_leaf,Tomato_mold_leaf,0.8436422944068909,0,1.0969905853271484,8.006380081176758,0.16268634796142578,9.26901912689209
dataset/test/Tomato_Healthy_leaf/Basil_2Binfected_2Bby_2BTomato_2BSpotted_2BWilt_2BVirus_aug_3aug51.jpg,Tomato_Healthy_leaf,Tomato_mold_leaf,0.8196390271186829,0,1.068434715270996,7.997861862182617,0.16601943969726562,9.234926223754883
dataset/test/Tomato_Healthy_leaf/Basil_2Binfected_2Bby_2BTomato_2BSpotted_2BWilt_2BVirusaug1.jpg,Tomato_Healthy_leaf,Tomato_mold_leaf,0.8424412608146667,0,1.0655078887939453,8.281402587890625,0.15994644165039062,9.50967025756836
dataset/test/Tomato_Healthy_leaf/Fig-2_aug_22aug102.jpg,Tomato_Healthy_leaf,Tomato_mold_leaf,0.7969837784767151,0,1.1017141342163086,7.8792314529418945,0.31355762481689453,9.297149658203125
dataset/test/Tomato_Healthy_leaf/Fig-2_aug_23aug90.jpg,Tomato_Healthy_leaf,Tomato_mold_leaf,0.4306817948818207,0,1.0617876052856445,7.855156898498535,0.16646385192871094,9.086166381835938
dataset/test/Tomato_Healthy_leaf/Fig-2aug11.jpg,Tomato_Healthy_leaf,Tomato_Healthy_leaf,0.4422750473022461,1,1.2001008987426758,7.819860458374023,0.16357421875,9.186279296875
dataset/test/Tomato_Healthy_leaf/HL_(103)aug39.jpg,Tomato_Healthy_leaf,Tomato_Healthy_leaf,1.0,1,1.0924720764160156,8.056825637817383,0.1646862030029297,9.316336631774902
dataset/test/Tomato_Healthy_leaf/HL_(118)_aug_38aug103.jpg,Tomato_Healthy_leaf,Tomato_Healthy_leaf,0.9999998807907104,1,1.0807876586914062,7.981529235839844,0.16255569458007812,9.227557182312012
dataset/test/Tomato_Healthy_leaf/HL_(118)_aug_39aug104.jpg,Tomato_Healthy_leaf,Tomato_Healthy_leaf,1.0,1,1.0871944427490234,8.077677726745605,0.1631307601928711,9.330891609191895
dataset/test/Tomato_Healthy_leaf/HL_(118)aug19.jpg,Tomato_Healthy_leaf,Tomato_Healthy_leaf,1.0,1,1.0723981857299805,7.992195129394531,0.20203781127929688,9.269632339477539
dataset/test/Tomato_Healthy_leaf/HL_(165)_aug_28aug105.jpg,Tomato_Healthy_leaf,Tomato_Healthy_leaf,1.0,1,1.1012849807739258,8.05693531036377,0.16388893127441406,9.325112342834473
dataset/test/Tomato_Healthy_leaf/HL_(165)_aug_29aug91.jpg,Tomato_Healthy_leaf,Tomato_Healthy_leaf,0.9999957084655762,1,1.1021394729614258,7.9323625564575195,0.17755699157714844,9.214778900146484
dataset/test/Tomato_Healthy_leaf/HL_(165)aug14.jpg,Tomato_Healthy_leaf,Tomato_Healthy_leaf,0.9999934434890747,1,1.112971305847168,8.005972862243652,0.16151905059814453,9.28313159942627
dataset/test/Tomato_Healthy_leaf/HL_(61)_aug_50aug83.jpg,Tomato_Healthy_leaf,Tomato_Healthy_leaf,0.9971930384635925,1,1.1108808517456055,7.923973083496094,0.15461158752441406,9.192168235778809
dataset/test/Tomato_Healthy_leaf/HL_(61)_aug_51aug76.jpg,Tomato_Healthy_leaf,Tomato_Healthy_leaf,0.9999781847000122,1,1.0508232116699219,7.736064910888672,0.16246318817138672,8.9519624710083
dataset/test/Tomato_Healthy_leaf/HL_(61)aug25.jpg,Tomato_Healthy_leaf,Tomato_Healthy_leaf,0.9999620914459229,1,1.1649169921875,7.677359580993652,0.16427898406982422,9.00938892364502
dataset/test/Tomato_Healthy_leaf/HL_(62)aug36.jpg,Tomato_Healthy_leaf,Tomato_Healthy_leaf,0.9999992847442627,1,1.1333799362182617,7.897695541381836,0.161834716796875,9.195333480834961
dataset/test/Tomato_Healthy_leaf/IMG_20251102_161618_aug_58aug71.jpg,Tomato_Healthy_leaf,Tomato_Healthy_leaf,0.999998927116394,1,1.103693962097168,7.862879753112793,0.16029739379882812,9.129352569580078
dataset/test/Tomato_Healthy_leaf/IMG_20251102_161618_aug_59aug63.jpg,Tomato_Healthy_leaf,Tomato_Healthy_leaf,0.9964988231658936,1,1.154768943786621,7.89263916015625,0.16233539581298828,9.212298393249512
dataset/test/Tomato_Healthy_leaf/IMG_20251102_161618aug29.jpg,Tomato_Healthy_leaf,Tomato_Healthy_leaf,0.9998582601547241,1,1.1489906311035156,7.841026306152344,0.16014957427978516,9.152388572692871
dataset/test/Tomato_Healthy_leaf/IMG_20251102_161625aug44.jpg,Tomato_Healthy_leaf,Tomato_Healthy_leaf,0.9999943971633911,1,1.1498241424560547,7.682990074157715,0.16203880310058594,8.997444152832031
dataset/test/Tomato_Healthy_leaf/IMG_20251102_161629_aug_10aug115.jpg,Tomato_Healthy_leaf,Tomato_Healthy_leaf,0.9999997615814209,1,1.2693262100219727,7.697212219238281,0.1836681365966797,9.153167724609375
dataset/test/Tomato_Healthy_leaf/IMG_20251102_161629_aug_11aug109.jpg,Tomato_Healthy_leaf,Tomato_Healthy_leaf,0.9999998807907104,1,1.1319732666015625,7.904325485229492,0.16351985931396484,9.202556610107422
dataset/test/Tomato_Healthy_leaf/IMG_20251102_161629aug5.jpg,Tomato_Healthy_leaf,Tomato_Healthy_leaf,0.9999731779098511,1,1.1573066711425781,7.949897766113281,0.16205692291259766,9.27198314666748
dataset/test/Tomato_Healthy_leaf/IMG_20251102_161652aug43.jpg,Tomato_Healthy_leaf,Tomato_Healthy_leaf,0.9998748302459717,1,1.1472320556640625,8.082640647888184,0.1630392074584961,9.395576477050781
dataset/test/Tomato_Healthy_leaf/IMG_20251102_161826_aug_60aug68.jpg,Tomato_Healthy_leaf,Tomato_Healthy_leaf,0.9999992847442627,1,1.1727123260498047,8.035734176635742,0.1636495590209961,9.374577522277832
dataset/test/Tomato_Healthy_leaf/IMG_20251102_161826_aug_61aug62.jpg,Tomato_Healthy_leaf,Tomato_Healthy_leaf,0.9999994039535522,1,1.1653423309326172,7.999213218688965,0.16292667388916016,9.330206871032715
dataset/test/Tomato_Healthy_leaf/IMG_20251102_161826aug30.jpg,Tomato_Healthy_leaf,Tomato_Healthy_leaf,0.9999146461486816,1,1.166935920715332,7.991694450378418,0.16831588745117188,9.329391479492188
dataset/test/Tomato_Healthy_leaf/IMG_20251102_161850_aug_56aug74.jpg,Tomato_Healthy_leaf,Tomato_Healthy_leaf,0.7268881797790527,1,1.11602783203125,8.014047622680664,0.1674823760986328,9.30035400390625
dataset/test/Tomato_Healthy_leaf/IMG_20251102_161850_aug_57aug72.jpg,Tomato_Healthy_leaf,Tomato_Healthy_leaf,0.9995872378349304,1,1.1286954879760742,7.9732513427734375,0.1631298065185547,9.267780303955078
dataset/test/Tomato_Healthy_leaf/IMG_20251102_161850aug28.jpg,Tomato_Healthy_leaf,Tomato_Healthy_leaf,0.999573290348053,1,1.0863971710205078,8.032732963562012,0.15970516204833984,9.281205177307129
dataset/test/Tomato_Healthy_leaf/IMG_20251102_161859aug38.jpg,Tomato_Healthy_leaf,Tomato_Healthy_leaf,0.9999991655349731,1,1.107656478881836,7.81732177734375,0.32355785369873047,9.251150131225586
dataset/test/Tomato_Healthy_leaf/IMG_20251102_161935_aug_4aug55.jpg,Tomato_Healthy_leaf,Tomato_Healthy_leaf,1.0,1,1.0738048553466797,7.811229705810547,0.19926071166992188,9.086814880371094
dataset/test/Tomato_Healthy_leaf/IMG_20251102_161935_aug_5aug53.jpg,Tomato_Healthy_leaf,Tomato_Healthy_leaf,1.0,1,1.196843147277832,7.910194396972656,0.16770553588867188,9.277243614196777
dataset/test/Tomato_Healthy_leaf/IMG_20251102_161935aug2.jpg,Tomato_Healthy_leaf,Tomato_Healthy_leaf,1.0,1,1.105656623840332,8.229159355163574,0.1701498031616211,9.507577896118164
dataset/test/Tomato_Healthy_leaf/IMG_20251102_162037aug45.jpg,Tomato_Healthy_leaf,Tomato_Healthy_leaf,0.9998651742935181,1,1.1790103912353516,8.176899909973145,0.16302013397216797,9.52155876159668
dataset/test/Tomato_Healthy_leaf/h100_lower_aug_54aug73.jpg,Tomato_Healthy_leaf,Tomato_Healthy_leaf,0.9999948740005493,1,1.1088056564331055,8.218511581420898,0.16439056396484375,9.49433708190918
dataset/test/Tomato_Healthy_leaf/h100_lower_aug_55aug75.jpg,Tomato_Healthy_leaf,Tomato_Healthy_leaf,0.9999946355819702,1,1.1110649108886719,8.622089385986328,0.16533565521240234,9.90124797821045
dataset/test/Tomato_Healthy_leaf/h100_loweraug27.jpg,Tomato_Healthy_leaf,Tomato_Healthy_leaf,0.9999970197677612,1,1.161972999572754,8.21358585357666,0.1640768051147461,9.542098045349121
dataset/test/Tomato_Healthy_leaf/h101_aug_18aug119.jpg,Tomato_Healthy_leaf,Tomato_Healthy_leaf,0.9999792575836182,1,1.105545997619629,8.18471622467041,0.170074462890625,9.463150978088379
dataset/test/Tomato_Healthy_leaf/h101_aug_19aug116.jpg,Tomato_Healthy_leaf,Tomato_Healthy_leaf,0.999981164932251,1,1.316584587097168,8.256976127624512,0.1652231216430664,9.74197006225586
dataset/test/Tomato_Healthy_leaf/h101aug9.jpg,Tomato_Healthy_leaf,Tomato_Healthy_leaf,0.9995056390762329,1,1.1191015243530273,8.170214653015137,0.1639080047607422,9.4556884765625
dataset/test/Tomato_Healthy_leaf/h103_aug_42aug82.jpg,Tomato_Healthy_leaf,Tomato_Healthy_leaf,1.0,1,1.0964527130126953,17.263548851013184,0.1766681671142578,18.539466857910156
dataset/test/Tomato_Healthy_leaf/h103_aug_43aug77.jpg,Tomato_Healthy_leaf,Tomato_Healthy_leaf,1.0,1,1.3935470581054688,13.696611404418945,0.16800212860107422,15.261680603027344
dataset/test/Tomato_Healthy_leaf/h103aug21.jpg,Tomato_Healthy_leaf,Tomato_Healthy_leaf,1.0,1,1.1755647659301758,10.360696792602539,0.16742706298828125,11.706318855285645
dataset/test/Tomato_Healthy_leaf/h1_change_90_aug_12aug118.jpg,Tomato_Healthy_leaf,Tomato_Healthy_leaf,0.9999979734420776,1,1.2031583786010742,8.379438400268555,0.16696453094482422,9.75206184387207
dataset/test/Tomato_Healthy_leaf/h1_change_90_aug_13aug108.jpg,Tomato_Healthy_leaf,Tomato_Healthy_leaf,0.9999997615814209,1,1.1311025619506836,8.405569076538086,0.2680387496948242,9.807395935058594
dataset/test/Tomato_Healthy_leaf/h1_change_90aug6.jpg,Tomato_Healthy_leaf,Tomato_Healthy_leaf,0.9999998807907104,1,1.154510498046875,8.46862506866455,0.28503894805908203,9.911081314086914
dataset/test/Tomato_Healthy_leaf/h39_change_270aug48.jpg,Tomato_Healthy_leaf,Tomato_Healthy_leaf,0.9999960660934448,1,1.2665843963623047,8.90000057220459,0.16831684112548828,10.33751106262207
dataset/test/Tomato_Healthy_leaf/h39_hight_aug_40aug96.jpg,Tomato_Healthy_leaf,Tomato_Healthy_leaf,0.9999988079071045,1,1.1565475463867188,10.701162338256836,0.1671314239501953,12.028060913085938
dataset/test/Tomato_Healthy_leaf/h39_hight_aug_41aug98.jpg,Tomato_Healthy_leaf,Tomato_Healthy_leaf,1.0,1,1.1848430633544922,8.713034629821777,0.16674232482910156,10.067008018493652
dataset/test/Tomato_Healthy_leaf/h39_hightaug20.jpg,Tomato_Healthy_leaf,Tomato_Healthy_leaf,0.9999995231628418,1,1.128066062927246,8.275068283081055,0.16733551025390625,9.572856903076172
dataset/test/Tomato_Healthy_leaf/h39_lower_aug_30aug95.jpg,Tomato_Healthy_leaf,Tomato_Healthy_leaf,0.9999912977218628,1,1.1722688674926758,7.901528358459473,0.16118526458740234,9.237316131591797
dataset/test/Tomato_Healthy_leaf/h39_lower_aug_31aug89.jpg,Tomato_Healthy_leaf,Tomato_Healthy_leaf,0.9999454021453857,1,1.0854911804199219,7.898933410644531,0.1616678237915039,9.148778915405273
dataset/test/Tomato_Healthy_leaf/h39_loweraug15.jpg,Tomato_Healthy_leaf,Tomato_Healthy_leaf,0.999997615814209,1,1.084620475769043,8.086641311645508,0.1610574722290039,9.334577560424805
dataset/test/Tomato_Healthy_leaf/h3_aug_8aug57.jpg,Tomato_Healthy_leaf,Tomato_Healthy_leaf,0.9999997615814209,1,1.0905647277832031,8.013843536376953,0.1597423553466797,9.266891479492188
dataset/test/Tomato_Healthy_leaf/h3_aug_9aug54.jpg,Tomato_Healthy_leaf,Tomato_Healthy_leaf,1.0,1,1.065434455871582,7.84171199798584,1.0399160385131836,9.950026512145996
dataset/test/Tomato_Healthy_leaf/h3_mirror_aug_52aug84.jpg,Tomato_Healthy_leaf,Tomato_Healthy_leaf,1.0,1,1.0244150161743164,7.880489349365234,0.16316795349121094,9.070425987243652
dataset/test/Tomato_Healthy_leaf/h3_mirror_aug_53aug80.jpg,Tomato_Healthy_leaf,Tomato_Healthy_leaf,1.0,1,1.2092876434326172,7.7187299728393555,0.16333484649658203,9.094351768493652
dataset/test/Tomato_Healthy_leaf/h3_mirroraug26.jpg,Tomato_Healthy_leaf,Tomato_Healthy_leaf,0.9999998807907104,1,1.0639362335205078,7.834027290344238,0.16179752349853516,9.062427520751953
dataset/test/Tomato_Healthy_leaf/h3aug4.jpg,Tomato_Healthy_leaf,Tomato_Healthy_leaf,1.0,1,1.0668420791625977,8.26101303100586,0.1631479263305664,9.493523597717285
dataset/test/Tomato_Healthy_leaf/h45_mirror_verticalaug42.jpg,Tomato_Healthy_leaf,Tomato_Healthy_leaf,0.9999982118606567,1,1.115675926208496,7.823138236999512,0.20201969146728516,9.143519401550293
dataset/test/Tomato_Healthy_leaf/h49_change_90aug49.jpg,Tomato_Healthy_leaf,Tomato_Healthy_leaf,1.0,1,1.0629901885986328,8.274178504943848,0.16144657135009766,9.501411437988281
dataset/test/Tomato_Healthy_leaf/h50_hight_aug_68aug69.jpg,Tomato_Healthy_leaf,Tomato_Healthy_leaf,0.999692440032959,1,1.0641937255859375,8.25806713104248,0.1741313934326172,9.499337196350098
dataset/test/Tomato_Healthy_leaf/h50_hight_aug_69aug61.jpg,Tomato_Healthy_leaf,Tomato_Healthy_leaf,0.9997671246528625,1,1.1067304611206055,9.299372673034668,0.1682424545288086,10.577086448669434
dataset/test/Tomato_Healthy_leaf/h50_hightaug34.jpg,Tomato_Healthy_leaf,Tomato_Healthy_leaf,0.9998621940612793,1,1.0943984985351562,8.371180534362793,0.16627788543701172,9.634596824645996
dataset/test/Tomato_Healthy_leaf/h50_lower_aug_66aug65.jpg,Tomato_Healthy_leaf,Tomato_Healthy_leaf,0.9999240636825562,1,1.135695457458496,8.3159761428833,0.16640949249267578,9.620967864990234
dataset/test/Tomato_Healthy_leaf/h50_lower_aug_67aug70.jpg,Tomato_Healthy_leaf,Tomato_Healthy_leaf,0.9987815022468567,1,1.0971002578735352,8.2915678024292,0.1695575714111328,9.56117057800293
dataset/test/Tomato_Healthy_leaf/h50_loweraug33.jpg,Tomato_Healthy_leaf,Tomato_Healthy_leaf,0.9991918206214905,1,1.0968055725097656,8.300363540649414,0.20003890991210938,9.600394248962402
dataset/test/Tomato_Healthy_leaf/h50_mirror_vertical_aug_24aug111.jpg,Tomato_Healthy_leaf,Tomato_Healthy_leaf,0.9999984502792358,1,1.0857295989990234,8.283012390136719,0.16500186920166016,9.536540985107422
dataset/test/Tomato_Healthy_leaf/h50_mirror_vertical_aug_25aug100.jpg,Tomato_Healthy_leaf,Tomato_Healthy_leaf,0.9999997615814209,1,1.0846576690673828,8.477643013000488,0.15772342681884766,9.722524642944336
dataset/test/Tomato_Healthy_leaf/h50_mirror_verticalaug12.jpg,Tomato_Healthy_leaf,Tomato_Healthy_leaf,0.999994158744812,1,1.1233434677124023,8.113399505615234,0.16888999938964844,9.408411026000977
dataset/test/Tomato_Healthy_leaf/h50aug37.jpg,Tomato_Healthy_leaf,Tomato_Healthy_leaf,0.9999569654464722,1,1.1102123260498047,8.272698402404785,0.16715049743652344,9.552800178527832
dataset/test/Tomato_Healthy_leaf/h5_mirroraug41.jpg,Tomato_Healthy_leaf,Tomato_Healthy_leaf,1.0,1,1.1095647811889648,7.987601280212402,0.16144561767578125,9.261168479919434
dataset/test/Tomato_Healthy_leaf/h65_mirror_vertical_aug_26aug97.jpg,Tomato_Healthy_leaf,Tomato_Healthy_leaf,0.9999949932098389,1,1.100250244140625,8.923405647277832,0.16101837158203125,10.187138557434082
dataset/test/Tomato_Healthy_leaf/h65_mirror_vertical_aug_27aug106.jpg,Tomato_Healthy_leaf,Tomato_Healthy_leaf,0.9999299049377441,1,1.050675392150879,7.878063201904297,0.15990829467773438,9.091314315795898
dataset/test/Tomato_Healthy_leaf/h65_mirror_verticalaug13.jpg,Tomato_Healthy_leaf,Tomato_Healthy_leaf,0.9999628067016602,1,1.1033058166503906,7.89528751373291,0.2070016860961914,9.208297729492188
dataset/test/Tomato_Healthy_leaf/h71_mirror_aug_62aug66.jpg,Tomato_Healthy_leaf,Tomato_Healthy_leaf,0.9999998807907104,1,1.0597867965698242,7.998343467712402,0.16051959991455078,9.22124195098877
dataset/test/Tomato_Healthy_leaf/h71_mirror_aug_63aug67.jpg,Tomato_Healthy_leaf,Tomato_Healthy_leaf,0.9999997615814209,1,1.0733060836791992,7.87032413482666,0.16066837310791016,9.106834411621094
dataset/test/Tomato_Healthy_leaf/h71_mirroraug31.jpg,Tomato_Healthy_leaf,Tomato_Healthy_leaf,1.0,1,1.0504722595214844,7.64321231842041,0.16129684448242188,8.85731315612793
dataset/test/Tomato_Healthy_leaf/h76_hight_aug_34aug88.jpg,Tomato_Healthy_leaf,Tomato_Healthy_leaf,1.0,1,1.1690645217895508,7.731027603149414,0.16248130798339844,9.065241813659668
dataset/test/Tomato_Healthy_leaf/h76_hight_aug_35aug93.jpg,Tomato_Healthy_leaf,Tomato_Healthy_leaf,0.999998927116394,1,1.0544166564941406,7.797471046447754,0.16048336029052734,9.015203475952148
dataset/test/Tomato_Healthy_leaf/h76_hightaug17.jpg,Tomato_Healthy_leaf,Tomato_Healthy_leaf,0.999997615814209,1,1.0613975524902344,7.9135284423828125,0.16098308563232422,9.138445854187012
dataset/test/Tomato_Healthy_leaf/h78_change_270_aug_36aug94.jpg,Tomato_Healthy_leaf,Tomato_Healthy_leaf,0.9999997615814209,1,1.049138069152832,7.820713043212891,0.16092777252197266,9.033370018005371
dataset/test/Tomato_Healthy_leaf/h78_change_270_aug_37aug99.jpg,Tomato_Healthy_leaf,Tomato_Healthy_leaf,1.0,1,1.104156494140625,7.973232269287109,0.16102027893066406,9.241206169128418
dataset/test/Tomato_Healthy_leaf/h78_change_270aug18.jpg,Tomato_Healthy_leaf,Tomato_Healthy_leaf,1.0,1,1.0696392059326172,8.126899719238281,0.1620016098022461,9.361298561096191
dataset/test/Tomato_Healthy_leaf/h7_lower_aug_44aug87.jpg,Tomato_Healthy_leaf,Tomato_Healthy_leaf,0.9999935626983643,1,1.1106395721435547,8.018733024597168,0.16255664825439453,9.294408798217773
dataset/test/Tomato_Healthy_leaf/h7_lower_aug_45aug79.jpg,Tomato_Healthy_leaf,Tomato_Healthy_leaf,0.9995324611663818,1,1.1269540786743164,8.038900375366211,0.16327953338623047,9.3320951461792
dataset/test/Tomato_Healthy_leaf/h7_loweraug22.jpg,Tomato_Healthy_leaf,Tomato_Healthy_leaf,0.9999678134918213,1,1.1148595809936523,8.012158393859863,0.15996456146240234,9.290132522583008
dataset/test/Tomato_Healthy_leaf/h81_change_180_aug_16aug113.jpg,Tomato_Healthy_leaf,Tomato_Healthy_leaf,1.0,1,1.0742683410644531,7.783414840698242,0.3198728561401367,9.180075645446777
dataset/test/Tomato_Healthy_leaf/h81_change_180_aug_17aug117.jpg,Tomato_Healthy_leaf,Tomato_Healthy_leaf,1.0,1,1.0779542922973633,7.879138946533203,0.16233444213867188,9.121798515319824
dataset/test/Tomato_Healthy_leaf/h81_change_180aug8.jpg,Tomato_Healthy_leaf,Tomato_Healthy_leaf,1.0,1,1.1832313537597656,8.052973747253418,0.1614828109741211,9.40081787109375
dataset/test/Tomato_Healthy_leaf/h84_mirroraug40.jpg,Tomato_Healthy_leaf,Tomato_Healthy_leaf,1.0,1,1.106694221496582,7.9777326583862305,0.1620187759399414,9.2489652633667
dataset/test/Tomato_Healthy_leaf/h8_change_90aug35.jpg,Tomato_Healthy_leaf,Tomato_Healthy_leaf,0.9999959468841553,1,1.1398420333862305,8.352624893188477,0.16089153289794922,9.655930519104004
dataset/test/Tomato_Healthy_leaf/h95_mirror_verticalaug46.jpg,Tomato_Healthy_leaf,Tomato_Healthy_leaf,0.9973253011703491,1,1.0738983154296875,8.069787979125977,0.1627798080444336,9.309372901916504
dataset/test/Tomato_Healthy_leaf/h96_change_270aug47.jpg,Tomato_Healthy_leaf,Tomato_Healthy_leaf,0.9999606609344482,1,1.0749168395996094,10.456716537475586,0.20357513427734375,11.738151550292969
dataset/test/Tomato_Healthy_leaf/h96_mirror_vertical_aug_14aug107.jpg,Tomato_Healthy_leaf,Tomato_Healthy_leaf,1.0,1,1.47869873046875,11.199758529663086,0.2034282684326172,12.885326385498047
dataset/test/Tomato_Healthy_leaf/h96_mirror_vertical_aug_15aug112.jpg,Tomato_Healthy_leaf,Tomato_Healthy_leaf,0.9999991655349731,1,1.474771499633789,10.920756340026855,0.2029285430908203,12.601750373840332
dataset/test/Tomato_Healthy_leaf/h96_mirror_verticalaug7.jpg,Tomato_Healthy_leaf,Tomato_Healthy_leaf,0.9999997615814209,1,1.5968656539916992,10.96042251586914,0.23437213897705078,12.795105934143066
dataset/test/Tomato_Healthy_leaf/h99_hight_aug_32aug92.jpg,Tomato_Healthy_leaf,Tomato_Healthy_leaf,0.9999978542327881,1,1.4738645553588867,10.946571350097656,0.20331764221191406,12.62695598602295
dataset/test/Tomato_Healthy_leaf/h99_hight_aug_33aug101.jpg,Tomato_Healthy_leaf,Tomato_Healthy_leaf,0.9999866485595703,1,1.4701414108276367,10.976090431213379,0.20331668853759766,12.653178215026855
dataset/test/Tomato_Healthy_leaf/h99_hightaug16.jpg,Tomato_Healthy_leaf,Tomato_Healthy_leaf,0.9999806880950928,1,1.4649934768676758,11.020295143127441,0.20314884185791016,12.692103385925293
dataset/test/Tomato_Healthy_leaf/h99_lower_aug_46aug78.jpg,Tomato_Healthy_leaf,Tomato_Healthy_leaf,0.9999964237213135,1,1.6107540130615234,11.323630332946777,0.20135498046875,13.138885498046875
dataset/test/Tomato_Healthy_leaf/h99_lower_aug_47aug81.jpg,Tomato_Healthy_leaf,Tomato_Healthy_leaf,0.9999902248382568,1,1.4950675964355469,8.303567886352539,0.15535259246826172,9.956877708435059
dataset/test/Tomato_Healthy_leaf/h99_loweraug23.jpg,Tomato_Healthy_leaf,Tomato_Healthy_leaf,0.9999963045120239,1,1.0724716186523438,7.972527503967285,0.1459646224975586,9.192872047424316
dataset/test/Tomato_Healthy_leaf/h9_change_180_aug_48aug86.jpg,Tomato_Healthy_leaf,Tomato_Healthy_leaf,1.0,1,1.027174949645996,7.500598907470703,0.15807628631591797,8.68844223022461
dataset/test/Tomato_Healthy_leaf/h9_change_180_aug_49aug85.jpg,Tomato_Healthy_leaf,Tomato_Healthy_leaf,1.0,1,1.131434440612793,7.949973106384277,0.15815067291259766,9.24183464050293
dataset/test/Tomato_Healthy_leaf/h9_change_180aug24.jpg,Tomato_Healthy_leaf,Tomato_Healthy_leaf,0.9999998807907104,1,1.0499334335327148,7.670044898986816,0.15746402740478516,8.880997657775879
dataset/test/Tomato_Healthy_leaf/russian-2-319-dt-2010-leaves-high-tunnel-9-29-2014-c_jpg.rf.7ef5d3901dbeaf27776a27bfc8197b72_aug_0aug52.jpg,Tomato_Healthy_leaf,Tomato_Healthy_leaf,0.9999995231628418,1,1.1085090637207031,7.694026947021484,0.16181564331054688,8.966721534729004
dataset/test/Tomato_Healthy_leaf/russian-2-319-dt-2010-leaves-high-tunnel-9-29-2014-c_jpg.rf.7ef5d3901dbeaf27776a27bfc8197b72_aug_1aug58.jpg,Tomato_Healthy_leaf,Tomato_Healthy_leaf,0.9998667240142822,1,1.1549530029296875,7.822583198547363,0.15816783905029297,9.138185501098633
dataset/test/Tomato_Healthy_leaf/russian-2-319-dt-2010-leaves-high-tunnel-9-29-2014-c_jpg.rf.7ef5d3901dbeaf27776a27bfc8197b72aug0.jpg,Tomato_Healthy_leaf,Tomato_Healthy_leaf,0.9999988079071045,1,1.1446752548217773,7.725025177001953,0.15678024291992188,9.02886962890625
dataset/test/Tomato_Healthy_leaf/unnamed_aug_64aug64.jpg,Tomato_Healthy_leaf,Tomato_Healthy_leaf,0.9993842840194702,1,1.0421562194824219,7.787360191345215,0.15874290466308594,8.990795135498047
dataset/test/Tomato_Healthy_leaf/unnamed_aug_65aug60.jpg,Tomato_Healthy_leaf,Tomato_Healthy_leaf,0.9779152870178223,1,1.0431203842163086,7.74289608001709,0.1508350372314453,8.93903636932373
dataset/test/Tomato_Healthy_leaf/unnamedaug32.jpg,Tomato_Healthy_leaf,Tomato_Healthy_leaf,0.9535067081451416,1,1.0137300491333008,7.432117462158203,0.1582794189453125,8.606627464294434
dataset/test/Tomato_Septoria_leaf_spot/1723454507354_aug_44aug83.jpg,Tomato_Septoria_leaf_spot,Tomato_Septoria_leaf_spot,0.9240697026252747,1,1.1681394577026367,7.701340675354004,0.1978168487548828,9.069889068603516
dataset/test/Tomato_Septoria_leaf_spot/1723454507354_aug_45aug80.jpg,Tomato_Septoria_leaf_spot,Tomato_Early_blight_leaf,0.5488942265510559,0,1.086416244506836,8.216068267822266,0.16483402252197266,9.470040321350098
dataset/test/Tomato_Septoria_leaf_spot/1723454507354aug22.jpg,Tomato_Septoria_leaf_spot,Tomato_Early_blight_leaf,0.5733818411827087,0,1.093174934387207,8.282363891601562,0.1637420654296875,9.541671752929688
dataset/test/Tomato_Septoria_leaf_spot/1723454507465_aug_58aug67.jpg,Tomato_Septoria_leaf_spot,Tomato_Septoria_leaf_spot,0.9796241521835327,1,1.136082649230957,8.124381065368652,0.1649646759033203,9.427909851074219
dataset/test/Tomato_Septoria_leaf_spot/1723454507465_aug_59aug66.jpg,Tomato_Septoria_leaf_spot,Tomato_Septoria_leaf_spot,0.9750139713287354,1,1.1333789825439453,8.184288024902344,0.16413116455078125,9.484391212463379
dataset/test/Tomato_Septoria_leaf_spot/1723454507465aug29.jpg,Tomato_Septoria_leaf_spot,Tomato_Septoria_leaf_spot,0.9424391984939575,1,1.120656967163086,8.116362571716309,0.165130615234375,9.404558181762695
dataset/test/Tomato_Septoria_leaf_spot/5454635393351680.jpeg_aug_14aug115.jpg,Tomato_Septoria_leaf_spot,Tomato_Septoria_leaf_spot,0.954015851020813,1,1.1443243026733398,8.201863288879395,0.1644449234008789,9.513151168823242
dataset/test/Tomato_Septoria_leaf_spot/5454635393351680.jpeg_aug_15aug46.jpg,Tomato_Septoria_leaf_spot,Tomato_Septoria_leaf_spot,0.9508674740791321,1,1.09332275390625,8.128437042236328,0.16527938842773438,9.389337539672852
dataset/test/Tomato_Septoria_leaf_spot/5454635393351680.jpegaug7.jpg,Tomato_Septoria_leaf_spot,Tomato_Septoria_leaf_spot,0.9895274639129639,1,1.1031570434570312,8.016435623168945,0.16637229919433594,9.28842830657959
dataset/test/Tomato_Septoria_leaf_spot/6134794031202304-600x272-jpeg_jpg.rf.5482c323fe160b26426628094ae3646baug42.jpg,Tomato_Septoria_leaf_spot,Tomato_Septoria_leaf_spot,0.9999768733978271,1,1.2574176788330078,7.969973564147949,0.1626119613647461,9.392965316772461
dataset/test/Tomato_Septoria_leaf_spot/66e7583ebe11cf0bd06435e4167bd4fdaug41.jpg,Tomato_Septoria_leaf_spot,Tomato_Septoria_leaf_spot,0.9999914169311523,1,1.1979541778564453,7.991583824157715,0.16446495056152344,9.356818199157715
dataset/test/Tomato_Septoria_leaf_spot/8_20mistakes_204_aug_72aug61.jpg,Tomato_Septoria_leaf_spot,Tomato_leaf_late_blight,0.8216333389282227,0,1.1022672653198242,7.899084091186523,0.15946578979492188,9.163481712341309
dataset/test/Tomato_Septoria_leaf_spot/8_20mistakes_204_aug_73aug62.jpg,Tomato_Septoria_leaf_spot,Tomato_leaf_late_blight,0.4632355868816376,0,1.1646394729614258,7.974989891052246,0.16107463836669922,9.30322551727295
dataset/test/Tomato_Septoria_leaf_spot/8_20mistakes_204aug36.jpg,Tomato_Septoria_leaf_spot,Tomato_mold_leaf,0.9253814816474915,0,1.0650091171264648,7.906007766723633,0.16142654418945312,9.135223388671875
dataset/test/Tomato_Septoria_leaf_spot/Gls11_mirror_vertical_aug_42aug85.jpg,Tomato_Septoria_leaf_spot,Tomato_Septoria_leaf_spot,0.9998181462287903,1,1.0576372146606445,7.989825248718262,0.1648712158203125,9.214964866638184
dataset/test/Tomato_Septoria_leaf_spot/Gls11_mirror_vertical_aug_43aug86.jpg,Tomato_Septoria_leaf_spot,Tomato_Septoria_leaf_spot,0.9998292922973633,1,1.0992326736450195,7.847212791442871,0.1625385284423828,9.11181640625
dataset/test/Tomato_Septoria_leaf_spot/Gls11_mirror_verticalaug21.jpg,Tomato_Septoria_leaf_spot,Tomato_Septoria_leaf_spot,0.9954928159713745,1,1.0637483596801758,7.927990913391113,0.16131591796875,9.155555725097656
dataset/test/Tomato_Septoria_leaf_spot/Gls12_mirror_aug_46aug81.jpg,Tomato_Septoria_leaf_spot,Tomato_Septoria_leaf_spot,0.9999997615814209,1,1.057917594909668,7.86061954498291,0.15701961517333984,9.078129768371582
dataset/test/Tomato_Septoria_leaf_spot/Gls12_mirror_aug_47aug92.jpg,Tomato_Septoria_leaf_spot,Tomato_Septoria_leaf_spot,0.9999992847442627,1,1.0663785934448242,7.745120048522949,0.1601877212524414,8.974573135375977
dataset/test/Tomato_Septoria_leaf_spot/Gls12_mirroraug23.jpg,Tomato_Septoria_leaf_spot,Tomato_Septoria_leaf_spot,0.9999995231628418,1,1.1874723434448242,7.680211067199707,0.15989017486572266,9.030278205871582
dataset/test/Tomato_Septoria_leaf_spot/Gls1_mirror_aug_38aug82.jpg,Tomato_Septoria_leaf_spot,Tomato_Septoria_leaf_spot,0.9999626874923706,1,1.0805644989013672,7.867545127868652,0.1595754623413086,9.110204696655273
dataset/test/Tomato_Septoria_leaf_spot/Gls1_mirror_aug_39aug84.jpg,Tomato_Septoria_leaf_spot,Tomato_Septoria_leaf_spot,0.9999918937683105,1,1.0408601760864258,7.8966569900512695,0.15937232971191406,9.099778175354004
dataset/test/Tomato_Septoria_leaf_spot/Gls1_mirroraug19.jpg,Tomato_Septoria_leaf_spot,Tomato_Septoria_leaf_spot,0.9999072551727295,1,1.087693214416504,7.766916275024414,0.38394832611083984,9.241483688354492
dataset/test/Tomato_Septoria_leaf_spot/Gls21_change_270aug43.jpg,Tomato_Septoria_leaf_spot,Tomato_Septoria_leaf_spot,0.5965917110443115,1,1.0915460586547852,7.803452491760254,0.158538818359375,9.055906295776367
dataset/test/Tomato_Septoria_leaf_spot/Gls21_hight_aug_56aug78.jpg,Tomato_Septoria_leaf_spot,Tomato_Septoria_leaf_spot,1.0,1,1.0406198501586914,7.763304710388184,0.15962982177734375,8.966018676757812
dataset/test/Tomato_Septoria_leaf_spot/Gls21_hight_aug_57aug79.jpg,Tomato_Septoria_leaf_spot,Tomato_Septoria_leaf_spot,0.9999995231628418,1,1.0512685775756836,8.262438774108887,0.15916728973388672,9.475465774536133
dataset/test/Tomato_Septoria_leaf_spot/Gls21_hightaug28.jpg,Tomato_Septoria_leaf_spot,Tomato_Septoria_leaf_spot,0.9999988079071045,1,1.0837116241455078,7.757303237915039,0.15661239624023438,9.000185012817383
dataset/test/Tomato_Septoria_leaf_spot/Gls29_change_180_aug_40aug89.jpg,Tomato_Septoria_leaf_spot,Tomato_Septoria_leaf_spot,0.9998701810836792,1,1.0521373748779297,7.591006278991699,0.16455745697021484,8.81027603149414
dataset/test/Tomato_Septoria_leaf_spot/Gls29_change_180_aug_41aug91.jpg,Tomato_Septoria_leaf_spot,Tomato_Septoria_leaf_spot,0.9999740123748779,1,1.0494346618652344,8.611590385437012,0.15939044952392578,9.84274673461914
dataset/test/Tomato_Septoria_leaf_spot/Gls29_change_180aug20.jpg,Tomato_Septoria_leaf_spot,Tomato_Septoria_leaf_spot,0.9997346997261047,1,1.088526725769043,7.765416145324707,0.16103744506835938,9.017666816711426
dataset/test/Tomato_Septoria_leaf_spot/Gls36_hight_aug_20aug116.jpg,Tomato_Septoria_leaf_spot,Tomato_Septoria_leaf_spot,0.9974289536476135,1,1.084564208984375,17.075491905212402,0.1587972640991211,18.32161235809326
dataset/test/Tomato_Septoria_leaf_spot/Gls36_hight_aug_21aug118.jpg,Tomato_Septoria_leaf_spot,Tomato_Septoria_leaf_spot,0.9913240671157837,1,1.0260639190673828,12.00632095336914,0.2087230682373047,13.244146347045898
dataset/test/Tomato_Septoria_leaf_spot/Gls36_hightaug10.jpg,Tomato_Septoria_leaf_spot,Tomato_Septoria_leaf_spot,0.9838839173316956,1,1.5532712936401367,8.874628067016602,0.1664266586303711,10.59736442565918
dataset/test/Tomato_Septoria_leaf_spot/Gls41_change_270_aug_50aug90.jpg,Tomato_Septoria_leaf_spot,Tomato_Septoria_leaf_spot,0.6544129848480225,1,1.182103157043457,8.460494041442871,0.16657447814941406,9.811635971069336
dataset/test/Tomato_Septoria_leaf_spot/Gls41_change_270_aug_51aug77.jpg,Tomato_Septoria_leaf_spot,Tomato_Septoria_leaf_spot,0.9890050292015076,1,1.1346931457519531,8.356439590454102,0.16664886474609375,9.66030216217041
dataset/test/Tomato_Septoria_leaf_spot/Gls41_change_270aug25.jpg,Tomato_Septoria_leaf_spot,Tomato_Septoria_leaf_spot,0.680886447429657,1,1.1269903182983398,8.490161895751953,0.16601943969726562,9.786210060119629
dataset/test/Tomato_Septoria_leaf_spot/Gls43_change_90_aug_60aug75.jpg,Tomato_Septoria_leaf_spot,Tomato_Septoria_leaf_spot,0.999936580657959,1,1.1253995895385742,8.644922256469727,0.16627979278564453,9.939099311828613
dataset/test/Tomato_Septoria_leaf_spot/Gls43_change_90_aug_61aug73.jpg,Tomato_Septoria_leaf_spot,Tomato_Septoria_leaf_spot,0.9996815919876099,1,1.0781936645507812,8.250845909118652,0.16589069366455078,9.497708320617676
dataset/test/Tomato_Septoria_leaf_spot/Gls43_change_90aug30.jpg,Tomato_Septoria_leaf_spot,Tomato_Septoria_leaf_spot,0.9999032020568848,1,1.1331024169921875,8.345882415771484,0.16711139678955078,9.648856163024902
dataset/test/Tomato_Septoria_leaf_spot/Gls46_change_90_aug_6aug53.jpg,Tomato_Septoria_leaf_spot,Tomato_Septoria_leaf_spot,0.9998472929000854,1,1.1278800964355469,8.547477722167969,0.1658153533935547,9.844099998474121
dataset/test/Tomato_Septoria_leaf_spot/Gls46_change_90_aug_7aug56.jpg,Tomato_Septoria_leaf_spot,Tomato_Septoria_leaf_spot,0.9994753003120422,1,1.171046257019043,8.342437744140625,0.1712799072265625,9.687432289123535
dataset/test/Tomato_Septoria_leaf_spot/Gls46_change_90aug3.jpg,Tomato_Septoria_leaf_spot,Tomato_Septoria_leaf_spot,0.9996253252029419,1,1.153731346130371,8.329087257385254,0.1680002212524414,9.653505325317383
dataset/test/Tomato_Septoria_leaf_spot/Gls47aug44.jpg,Tomato_Septoria_leaf_spot,Tomato_Septoria_leaf_spot,0.9999985694885254,1,1.1232690811157227,8.347660064697266,0.16605758666992188,9.639376640319824
dataset/test/Tomato_Septoria_leaf_spot/Gls76_aug_34aug97.jpg,Tomato_Septoria_leaf_spot,Tomato_Septoria_leaf_spot,0.616827666759491,1,1.153158187866211,8.28390121459961,0.17037296295166016,9.61026382446289
dataset/test/Tomato_Septoria_leaf_spot/Gls76_aug_35aug103.jpg,Tomato_Septoria_leaf_spot,Tomato_mold_leaf,0.6627941727638245,0,1.118194580078125,8.23493766784668,0.16740798950195312,9.52306079864502
dataset/test/Tomato_Septoria_leaf_spot/Gls76_change_180_aug_30aug96.jpg,Tomato_Septoria_leaf_spot,Tomato_mold_leaf,0.6163501143455505,0,1.2445659637451172,8.116732597351074,0.16570568084716797,9.529707908630371
dataset/test/Tomato_Septoria_leaf_spot/Gls76_change_180_aug_31aug100.jpg,Tomato_Septoria_leaf_spot,Tomato_leaf_late_blight,0.3433891832828522,0,1.1193046569824219,8.340328216552734,0.16722393035888672,9.629338264465332
dataset/test/Tomato_Septoria_leaf_spot/Gls76_change_180aug15.jpg,Tomato_Septoria_leaf_spot,Tomato_Early_blight_leaf,0.6900899410247803,0,1.1229171752929688,8.299586296081543,0.16674232482910156,9.591856002807617
dataset/test/Tomato_Septoria_leaf_spot/Gls76aug17.jpg,Tomato_Septoria_leaf_spot,Tomato_Septoria_leaf_spot,0.7782605886459351,1,1.218623161315918,8.673404693603516,0.1657419204711914,10.0604887008667
dataset/test/Tomato_Septoria_leaf_spot/Gls7_change_270_aug_64aug68.jpg,Tomato_Septoria_leaf_spot,Tomato_Septoria_leaf_spot,0.999992847442627,1,1.193100929260254,8.2860107421875,0.17213153839111328,9.653894424438477
dataset/test/Tomato_Septoria_leaf_spot/Gls7_change_270_aug_65aug71.jpg,Tomato_Septoria_leaf_spot,Tomato_Septoria_leaf_spot,0.9999932050704956,1,1.1513423919677734,8.318548202514648,0.16638946533203125,9.638652801513672
dataset/test/Tomato_Septoria_leaf_spot/Gls7_change_270aug32.jpg,Tomato_Septoria_leaf_spot,Tomato_Septoria_leaf_spot,0.9999945163726807,1,1.1066932678222656,8.5429048538208,0.1658344268798828,9.818302154541016
dataset/test/Tomato_Septoria_leaf_spot/Gls7_lower_aug_0aug57.jpg,Tomato_Septoria_leaf_spot,Tomato_Septoria_leaf_spot,0.999002993106842,1,1.1541948318481445,8.102269172668457,0.16016674041748047,9.419095993041992
dataset/test/Tomato_Septoria_leaf_spot/Gls7_lower_aug_1aug52.jpg,Tomato_Septoria_leaf_spot,Tomato_Septoria_leaf_spot,0.9999878406524658,1,1.8328285217285156,7.864398002624512,0.16120529174804688,9.8610258102417
dataset/test/Tomato_Septoria_leaf_spot/Gls7_loweraug0.jpg,Tomato_Septoria_leaf_spot,Tomato_Septoria_leaf_spot,0.9993129968643188,1,1.0536375045776367,7.777952194213867,0.15857505798339844,8.992462158203125
dataset/test/Tomato_Septoria_leaf_spot/Gls81_lower_aug_2aug51.jpg,Tomato_Septoria_leaf_spot,Tomato_Septoria_leaf_spot,0.8799180388450623,1,1.0576190948486328,7.747321128845215,0.15883350372314453,8.966110229492188
dataset/test/Tomato_Septoria_leaf_spot/Gls81_lower_aug_3aug54.jpg,Tomato_Septoria_leaf_spot,Tomato_Septoria_leaf_spot,0.9983382225036621,1,0.9967489242553711,7.776914596557617,0.1564645767211914,8.932518005371094
dataset/test/Tomato_Septoria_leaf_spot/Gls81_loweraug1.jpg,Tomato_Septoria_leaf_spot,Tomato_Septoria_leaf_spot,0.9890381097793579,1,1.0018787384033203,7.532562255859375,0.15876007080078125,8.695775032043457
dataset/test/Tomato_Septoria_leaf_spot/IMG-20240812-WA0213_aug_70aug59.jpg,Tomato_Septoria_leaf_spot,Tomato_Early_blight_leaf,0.9724723696708679,0,1.209787368774414,7.613247871398926,0.16161251068115234,8.987092971801758
dataset/test/Tomato_Septoria_leaf_spot/IMG-20240812-WA0213_aug_71aug60.jpg,Tomato_Septoria_leaf_spot,Tomato_Early_blight_leaf,0.9775581359863281,0,1.118600845336914,7.8304901123046875,0.2013711929321289,9.153092384338379
dataset/test/Tomato_Septoria_leaf_spot/IMG-20240812-WA0213aug35.jpg,Tomato_Septoria_leaf_spot,Tomato_Early_blight_leaf,0.9856520891189575,0,1.0929718017578125,7.719766616821289,0.1599273681640625,8.97518539428711
dataset/test/Tomato_Septoria_leaf_spot/Original_e-blight.JPG.rend.hgtvcom.966.725.jpeg_aug_52aug74.jpg,Tomato_Septoria_leaf_spot,Tomato_Septoria_leaf_spot,0.9999555349349976,1,1.065582275390625,7.805914878845215,0.16450214385986328,9.039000511169434
dataset/test/Tomato_Septoria_leaf_spot/Original_e-blight.JPG.rend.hgtvcom.966.725.jpeg_aug_53aug76.jpg,Tomato_Septoria_leaf_spot,Tomato_Septoria_leaf_spot,0.9997796416282654,1,1.0686578750610352,7.80141544342041,0.1590747833251953,9.031537055969238
dataset/test/Tomato_Septoria_leaf_spot/Original_e-blight.JPG.rend.hgtvcom.966.725.jpegaug26.jpg,Tomato_Septoria_leaf_spot,Tomato_Septoria_leaf_spot,0.9999617338180542,1,1.1042671203613281,7.579433441162109,0.33203887939453125,9.018333435058594
dataset/test/Tomato_Septoria_leaf_spot/SS_ (990)_aug_24aug107.jpg,Tomato_Septoria_leaf_spot,Tomato_Septoria_leaf_spot,0.9999469518661499,1,1.0433063507080078,7.971918106079102,0.16420459747314453,9.182204246520996
dataset/test/Tomato_Septoria_leaf_spot/SS_ (990)_aug_25aug113.jpg,Tomato_Septoria_leaf_spot,Tomato_Septoria_leaf_spot,0.9999034404754639,1,1.1959362030029297,7.850824356079102,0.16151905059814453,9.210741996765137
dataset/test/Tomato_Septoria_leaf_spot/SS_ (990)aug12.jpg,Tomato_Septoria_leaf_spot,Tomato_Septoria_leaf_spot,0.9999804496765137,1,1.0874357223510742,8.015233039855957,0.16250133514404297,9.267982482910156
dataset/test/Tomato_Septoria_leaf_spot/Septoria_tomato_Margaret-20B_p8170755_0002_25004_jpg.rf.3fbb14d553c623c77f342b3a54baddab_aug_66aug70.jpg,Tomato_Septoria_leaf_spot,Tomato_Septoria_leaf_spot,0.71189284324646,1,1.180694580078125,7.985490798950195,0.16268634796142578,9.331872940063477
dataset/test/Tomato_Septoria_leaf_spot/Septoria_tomato_Margaret-20B_p8170755_0002_25004_jpg.rf.3fbb14d553c623c77f342b3a54baddab_aug_67aug63.jpg,Tomato_Septoria_leaf_spot,Tomato_Septoria_leaf_spot,0.9998939037322998,1,1.1350107192993164,8.07114028930664,0.16448211669921875,9.372946739196777
dataset/test/Tomato_Septoria_leaf_spot/Septoria_tomato_Margaret-20B_p8170755_0002_25004_jpg.rf.3fbb14d553c623c77f342b3a54baddabaug33.jpg,Tomato_Septoria_leaf_spot,Tomato_Septoria_leaf_spot,0.9993653893470764,1,1.125101089477539,7.9934539794921875,0.16320514678955078,9.284113883972168
dataset/test/Tomato_Septoria_leaf_spot/Tomato-Plant-with-Septoria-Leaf-Spot_aug_68aug65.jpg,Tomato_Septoria_leaf_spot,Tomato_Septoria_leaf_spot,0.9623841643333435,1,1.1569910049438477,8.06412124633789,0.16144657135009766,9.385483741760254
dataset/test/Tomato_Septoria_leaf_spot/Tomato-Plant-with-Septoria-Leaf-Spot_aug_69aug64.jpg,Tomato_Septoria_leaf_spot,Tomato_Septoria_leaf_spot,0.7882683873176575,1,1.1574363708496094,8.013861656188965,0.16170597076416016,9.335686683654785
dataset/test/Tomato_Septoria_leaf_spot/Tomato-Plant-with-Septoria-Leaf-Spotaug34.jpg,Tomato_Septoria_leaf_spot,Tomato_Septoria_leaf_spot,0.7674688696861267,1,1.117934226989746,7.996270179748535,0.16316795349121094,9.279816627502441
dataset/test/Tomato_Septoria_leaf_spot/b54d0e40027ff5e90e8ba7e1e9abf9bdaug39.jpg,Tomato_Septoria_leaf_spot,Tomato_Septoria_leaf_spot,0.9999358654022217,1,1.1018428802490234,7.99639892578125,0.15996551513671875,9.260537147521973
dataset/test/Tomato_Septoria_leaf_spot/classic-septoria_aug_10aug48.jpg,Tomato_Septoria_leaf_spot,Tomato_Septoria_leaf_spot,0.9999796152114868,1,1.1211566925048828,7.809340476989746,0.3400402069091797,9.273223876953125
dataset/test/Tomato_Septoria_leaf_spot/classic-septoria_aug_11aug49.jpg,Tomato_Septoria_leaf_spot,Tomato_Septoria_leaf_spot,0.9999849796295166,1,1.0670642852783203,7.681506156921387,0.16100215911865234,8.912128448486328
dataset/test/Tomato_Septoria_leaf_spot/classic-septoriaaug5.jpg,Tomato_Septoria_leaf_spot,Tomato_Septoria_leaf_spot,0.9999961853027344,1,1.2876224517822266,7.783951759338379,0.15902042388916016,9.233242988586426
dataset/test/Tomato_Septoria_leaf_spot/early+blight+on+leaf+yel+halo+IMG_2313.JPG_aug_62aug69.jpg,Tomato_Septoria_leaf_spot,Tomato_Septoria_leaf_spot,0.9999774694442749,1,1.0528039932250977,7.855805397033691,0.1600189208984375,9.071075439453125
dataset/test/Tomato_Septoria_leaf_spot/early+blight+on+leaf+yel+halo+IMG_2313.JPG_aug_63aug72.jpg,Tomato_Septoria_leaf_spot,Tomato_Septoria_leaf_spot,0.9998949766159058,1,1.1032676696777344,7.914916038513184,0.1605377197265625,9.181519508361816
dataset/test/Tomato_Septoria_leaf_spot/early+blight+on+leaf+yel+halo+IMG_2313.JPGaug31.jpg,Tomato_Septoria_leaf_spot,Tomato_Septoria_leaf_spot,0.9997403025627136,1,1.111175537109375,7.799193382263184,0.2037057876586914,9.117574691772461
dataset/test/Tomato_Septoria_leaf_spot/early-blight-of-tomato-tomato-1aug38.jpg,Tomato_Septoria_leaf_spot,Tomato_Septoria_leaf_spot,0.9998390674591064,1,1.1040267944335938,8.259566307067871,0.16137218475341797,9.527375221252441
dataset/test/Tomato_Septoria_leaf_spot/eblight5_aug_18aug110.jpg,Tomato_Septoria_leaf_spot,Tomato_Septoria_leaf_spot,0.9996978044509888,1,1.03948974609375,7.8315277099609375,0.16013145446777344,9.033611297607422
dataset/test/Tomato_Septoria_leaf_spot/eblight5_aug_19aug117.jpg,Tomato_Septoria_leaf_spot,Tomato_Septoria_leaf_spot,0.9999908208847046,1,1.0371570587158203,7.889619827270508,0.16005706787109375,9.089444160461426
dataset/test/Tomato_Septoria_leaf_spot/eblight5aug9.jpg,Tomato_Septoria_leaf_spot,Tomato_Septoria_leaf_spot,0.9997244477272034,1,1.0645818710327148,7.823897361755371,0.15459346771240234,9.045517921447754
dataset/test/Tomato_Septoria_leaf_spot/images (1)_aug_54aug93.jpg,Tomato_Septoria_leaf_spot,Tomato_Septoria_leaf_spot,0.9020413756370544,1,1.035323143005371,7.787952423095703,0.3221874237060547,9.148723602294922
dataset/test/Tomato_Septoria_leaf_spot/images (1)_aug_55aug87.jpg,Tomato_Septoria_leaf_spot,Tomato_Septoria_leaf_spot,0.9667984843254089,1,1.0579156875610352,8.144306182861328,0.21588993072509766,9.420613288879395
dataset/test/Tomato_Septoria_leaf_spot/images (1)aug27.jpg,Tomato_Septoria_leaf_spot,Tomato_Septoria_leaf_spot,0.982315719127655,1,1.0849905014038086,8.043880462646484,0.1622791290283203,9.293817520141602
dataset/test/Tomato_Septoria_leaf_spot/tomato-blight-treatment-blight_jpg.rf.78cbf6055199828cb682fd0a6435a157_aug_74aug58.jpg,Tomato_Septoria_leaf_spot,Tomato_Septoria_leaf_spot,0.9999964237213135,1,1.075638771057129,7.994823455810547,0.16257572174072266,9.235352516174316
dataset/test/Tomato_Septoria_leaf_spot/tomato-blight-treatment-blight_jpg.rf.78cbf6055199828cb682fd0a6435a157aug37.jpg,Tomato_Septoria_leaf_spot,Tomato_Septoria_leaf_spot,0.9999927282333374,1,1.0793981552124023,8.016510009765625,0.16350173950195312,9.26189136505127
dataset/test/Tomato_Septoria_leaf_spot/tomato-early-blight-e1437503226856_aug_4aug50.jpg,Tomato_Septoria_leaf_spot,Tomato_Septoria_leaf_spot,0.9997937083244324,1,1.1406946182250977,8.02838134765625,0.16142749786376953,9.332908630371094
dataset/test/Tomato_Septoria_leaf_spot/tomato-early-blight-e1437503226856_aug_5aug55.jpg,Tomato_Septoria_leaf_spot,Tomato_Septoria_leaf_spot,0.9723320603370667,1,1.1197681427001953,8.037325859069824,0.16179847717285156,9.321520805358887
dataset/test/Tomato_Septoria_leaf_spot/tomato-early-blight-e1437503226856aug2.jpg,Tomato_Septoria_leaf_spot,Tomato_Septoria_leaf_spot,0.9639829993247986,1,1.1115646362304688,7.99643611907959,0.1614837646484375,9.271872520446777
dataset/test/Tomato_Septoria_leaf_spot/tomato-early-blightH_jpg.rf.2633fbae0a933eb2711cb8466f34aca1_aug_12aug119.jpg,Tomato_Septoria_leaf_spot,Tomato_Septoria_leaf_spot,0.9982323050498962,1,1.1893434524536133,8.018732070922852,0.15938949584960938,9.369743347167969
dataset/test/Tomato_Septoria_leaf_spot/tomato-early-blightH_jpg.rf.2633fbae0a933eb2711cb8466f34aca1_aug_13aug114.jpg,Tomato_Septoria_leaf_spot,Tomato_Septoria_leaf_spot,0.999969482421875,1,1.1057500839233398,7.906083106994629,0.30976200103759766,9.324649810791016
dataset/test/Tomato_Septoria_leaf_spot/tomato-early-blightH_jpg.rf.2633fbae0a933eb2711cb8466f34aca1aug6.jpg,Tomato_Septoria_leaf_spot,Tomato_Septoria_leaf_spot,0.999998927116394,1,1.1670637130737305,7.888212203979492,0.16735458374023438,9.224817276000977
dataset/test/Tomato_Septoria_leaf_spot/tomato-septoria-3-500x384_aug_32aug104.jpg,Tomato_Septoria_leaf_spot,Tomato_Septoria_leaf_spot,0.9998898506164551,1,1.2404537200927734,7.819620132446289,0.16464996337890625,9.227056503295898
dataset/test/Tomato_Septoria_leaf_spot/tomato-septoria-3-500x384_aug_33aug106.jpg,Tomato_Septoria_leaf_spot,Tomato_Septoria_leaf_spot,0.9947497248649597,1,1.0854177474975586,8.107510566711426,0.16240978240966797,9.357854843139648
dataset/test/Tomato_Septoria_leaf_spot/tomato-septoria-3-500x384_jpg.rf.40a23512bd3b6d8df2115d7f591913fb_aug_16aug112.jpg,Tomato_Septoria_leaf_spot,Tomato_Septoria_leaf_spot,0.9999748468399048,1,1.0773792266845703,8.03321361541748,0.16327953338623047,9.276816368103027
dataset/test/Tomato_Septoria_leaf_spot/tomato-septoria-3-500x384_jpg.rf.40a23512bd3b6d8df2115d7f591913fb_aug_17aug111.jpg,Tomato_Septoria_leaf_spot,Tomato_Septoria_leaf_spot,0.999984622001648,1,1.1420650482177734,8.250029563903809,0.16142749786376953,9.556429862976074
dataset/test/Tomato_Septoria_leaf_spot/tomato-septoria-3-500x384_jpg.rf.40a23512bd3b6d8df2115d7f591913fbaug8.jpg,Tomato_Septoria_leaf_spot,Tomato_Septoria_leaf_spot,0.999997615814209,1,1.0880823135375977,7.977287292480469,0.16211223602294922,9.230130195617676
dataset/test/Tomato_Septoria_leaf_spot/tomato-septoria-3-500x384aug16.jpg,Tomato_Septoria_leaf_spot,Tomato_Septoria_leaf_spot,0.9999995231628418,1,1.0944900512695312,8.045881271362305,0.16440963745117188,9.307243347167969
dataset/test/Tomato_Septoria_leaf_spot/tomato-septoria-5_jpg.rf.fab97ae4bb3726e33dcbde7262ec6a65aug40.jpg,Tomato_Septoria_leaf_spot,Tomato_Septoria_leaf_spot,0.9999822378158569,1,1.139139175415039,7.982454299926758,0.14759349822998047,9.271167755126953
dataset/test/Tomato_Septoria_leaf_spot/tomato-septoria-leaf-spot--_aug_22aug109.jpg,Tomato_Septoria_leaf_spot,Tomato_Early_blight_leaf,0.6178868412971497,0,1.1155834197998047,7.892953872680664,0.1624460220336914,9.173908233642578
dataset/test/Tomato_Septoria_leaf_spot/tomato-septoria-leaf-spot--_aug_23aug108.jpg,Tomato_Septoria_leaf_spot,Tomato_Early_blight_leaf,0.6615036129951477,0,1.2530479431152344,7.825527191162109,0.1647043228149414,9.246463775634766
dataset/test/Tomato_Septoria_leaf_spot/tomato-septoria-leaf-spot--_jpg.rf.06783859d6d3e49976374e4146674e0b_aug_48aug94.jpg,Tomato_Septoria_leaf_spot,Tomato_Septoria_leaf_spot,0.9640368223190308,1,1.1388435363769531,7.991269111633301,0.20190811157226562,9.334299087524414
dataset/test/Tomato_Septoria_leaf_spot/tomato-septoria-leaf-spot--_jpg.rf.06783859d6d3e49976374e4146674e0b_aug_49aug88.jpg,Tomato_Septoria_leaf_spot,Tomato_Septoria_leaf_spot,0.9274424910545349,1,1.178603172302246,8.181695938110352,0.16185283660888672,9.524967193603516
dataset/test/Tomato_Septoria_leaf_spot/tomato-septoria-leaf-spot--_jpg.rf.06783859d6d3e49976374e4146674e0baug24.jpg,Tomato_Septoria_leaf_spot,Tomato_Septoria_leaf_spot,0.6984261870384216,1,1.179769515991211,8.198103904724121,0.16605758666992188,9.546634674072266
dataset/test/Tomato_Septoria_leaf_spot/tomato-septoria-leaf-spot--_jpg.rf.5e63d9a20f5557b9bb3617e79b48ef85_aug_26aug95.jpg,Tomato_Septoria_leaf_spot,Tomato_Septoria_leaf_spot,0.9105889797210693,1,1.2433252334594727,8.36290168762207,0.1676492691040039,9.77674674987793
dataset/test/Tomato_Septoria_leaf_spot/tomato-septoria-leaf-spot--_jpg.rf.5e63d9a20f5557b9bb3617e79b48ef85_aug_27aug101.jpg,Tomato_Septoria_leaf_spot,Tomato_Septoria_leaf_spot,0.8248890042304993,1,1.1871957778930664,8.347402572631836,0.1670379638671875,9.704543113708496
dataset/test/Tomato_Septoria_leaf_spot/tomato-septoria-leaf-spot--_jpg.rf.5e63d9a20f5557b9bb3617e79b48ef85aug13.jpg,Tomato_Septoria_leaf_spot,Tomato_Septoria_leaf_spot,0.9904822111129761,1,1.1834907531738281,8.309569358825684,0.16787338256835938,9.663671493530273
dataset/test/Tomato_Septoria_leaf_spot/tomato-septoria-leaf-spot--aug11.jpg,Tomato_Septoria_leaf_spot,Tomato_Early_blight_leaf,0.7225397825241089,0,1.2398805618286133,8.299994468688965,0.1679840087890625,9.71030330657959
dataset/test/Tomato_Septoria_leaf_spot/tomato-septoria-leaf-spot-_aug_28aug105.jpg,Tomato_Septoria_leaf_spot,Tomato_Septoria_leaf_spot,0.9224542379379272,1,1.1638240814208984,8.25538158416748,0.1655569076538086,9.587411880493164
dataset/test/Tomato_Septoria_leaf_spot/tomato-septoria-leaf-spot-_aug_29aug102.jpg,Tomato_Septoria_leaf_spot,Tomato_Septoria_leaf_spot,0.9123303294181824,1,1.2152328491210938,8.330735206604004,0.16802024841308594,9.716450691223145
dataset/test/Tomato_Septoria_leaf_spot/tomato-septoria-leaf-spot-aug14.jpg,Tomato_Septoria_leaf_spot,Tomato_Septoria_leaf_spot,0.9998123049736023,1,1.1430644989013672,8.289048194885254,0.16918563842773438,9.603524208068848
dataset/test/Tomato_Septoria_leaf_spot/tomato_D2b-Early-blight---RPitblado_zoom_jpg.rf.93df1c3cb830b3940e4a23a5c4a05598_aug_8aug45.jpg,Tomato_Septoria_leaf_spot,Tomato_Septoria_leaf_spot,0.9999933242797852,1,1.1878986358642578,8.497607231140137,0.1672229766845703,9.855228424072266
dataset/test/Tomato_Septoria_leaf_spot/tomato_D2b-Early-blight---RPitblado_zoom_jpg.rf.93df1c3cb830b3940e4a23a5c4a05598_aug_9aug47.jpg,Tomato_Septoria_leaf_spot,Tomato_Septoria_leaf_spot,0.9999961853027344,1,1.1796388626098633,8.330717086791992,0.16698265075683594,9.679544448852539
dataset/test/Tomato_Septoria_leaf_spot/tomato_D2b-Early-blight---RPitblado_zoom_jpg.rf.93df1c3cb830b3940e4a23a5c4a05598aug4.jpg,Tomato_Septoria_leaf_spot,Tomato_Septoria_leaf_spot,0.9999948740005493,1,1.1823434829711914,8.351346969604492,0.1632986068725586,9.699542045593262
dataset/test/Tomato_Septoria_leaf_spot/tomatoseptorialeafspotjpg-788d20798a3c74e7_aug_36aug98.jpg,Tomato_Septoria_leaf_spot,Tomato_Septoria_leaf_spot,0.9999290704727173,1,1.1302499771118164,8.035232543945312,0.15379714965820312,9.321873664855957
dataset/test/Tomato_Septoria_leaf_spot/tomatoseptorialeafspotjpg-788d20798a3c74e7_aug_37aug99.jpg,Tomato_Septoria_leaf_spot,Tomato_Septoria_leaf_spot,0.9429398775100708,1,1.1263790130615234,7.909101486206055,0.16168689727783203,9.199908256530762
dataset/test/Tomato_Septoria_leaf_spot/tomatoseptorialeafspotjpg-788d20798a3c74e7aug18.jpg,Tomato_Septoria_leaf_spot,Tomato_Septoria_leaf_spot,0.9983636736869812,1,1.2534360885620117,7.814453125,0.20427989959716797,9.2745943069458
dataset/test/Tomato_leaf_late_blight/Gls74_change_90_aug_66aug46.jpg,Tomato_leaf_late_blight,Tomato_Early_blight_leaf,0.5519009828567505,0,1.0582866668701172,7.953786849975586,0.1616687774658203,9.176204681396484
dataset/test/Tomato_leaf_late_blight/Gls74_change_90_aug_67aug49.jpg,Tomato_leaf_late_blight,Tomato_leaf_late_blight,0.9786590337753296,1,1.066157341003418,7.982546806335449,0.16357421875,9.215038299560547
dataset/test/Tomato_leaf_late_blight/Gls74_change_90_aug_68aug41.jpg,Tomato_leaf_late_blight,Tomato_leaf_late_blight,0.49313831329345703,1,1.0700645446777344,8.02441692352295,0.16320514678955078,9.260428428649902
dataset/test/Tomato_leaf_late_blight/Gls74_change_90aug22.jpg,Tomato_leaf_late_blight,Tomato_leaf_late_blight,0.6155493259429932,1,1.1015825271606445,7.956399917602539,0.16283321380615234,9.223705291748047
dataset/test/Tomato_leaf_late_blight/Gls78_change_270_aug_24aug95.jpg,Tomato_leaf_late_blight,Tomato_leaf_late_blight,0.9999892711639404,1,1.0618791580200195,8.033492088317871,0.1623525619506836,9.26028060913086
dataset/test/Tomato_leaf_late_blight/Gls78_change_270_aug_25aug80.jpg,Tomato_leaf_late_blight,Tomato_leaf_late_blight,0.9999854564666748,1,1.047342300415039,7.950285911560059,0.1550579071044922,9.154852867126465
dataset/test/Tomato_leaf_late_blight/Gls78_change_270_aug_26aug81.jpg,Tomato_leaf_late_blight,Tomato_leaf_late_blight,0.9987310767173767,1,1.073343276977539,7.8247480392456055,0.16213130950927734,9.06274127960205
dataset/test/Tomato_leaf_late_blight/Gls78_change_270aug8.jpg,Tomato_leaf_late_blight,Tomato_leaf_late_blight,0.9998794794082642,1,1.148397445678711,7.832841873168945,0.1624288558959961,9.146759986877441
dataset/test/Tomato_leaf_late_blight/Gls79_change_270_aug_51aug69.jpg,Tomato_leaf_late_blight,Tomato_leaf_late_blight,0.9999978542327881,1,1.0428791046142578,7.940156936645508,0.16016864776611328,9.145705223083496
dataset/test/Tomato_leaf_late_blight/Gls79_change_270_aug_52aug74.jpg,Tomato_leaf_late_blight,Tomato_leaf_late_blight,0.9999945163726807,1,1.0269718170166016,7.910472869873047,0.1603546142578125,9.100408554077148
dataset/test/Tomato_leaf_late_blight/Gls79_change_270_aug_53aug68.jpg,Tomato_leaf_late_blight,Tomato_leaf_late_blight,0.9999990463256836,1,1.0712690353393555,8.195178985595703,0.16046524047851562,9.429558753967285
dataset/test/Tomato_leaf_late_blight/Gls79_change_270aug17.jpg,Tomato_leaf_late_blight,Tomato_leaf_late_blight,0.9999828338623047,1,1.023879051208496,7.901546478271484,0.15937137603759766,9.087555885314941
dataset/test/Tomato_leaf_late_blight/Gls79_change_90_aug_27aug85.jpg,Tomato_leaf_late_blight,Tomato_leaf_late_blight,0.9989991784095764,1,1.0311756134033203,7.875231742858887,0.1604461669921875,9.069167137145996
dataset/test/Tomato_leaf_late_blight/Gls79_change_90_aug_28aug97.jpg,Tomato_leaf_late_blight,Tomato_leaf_late_blight,0.9999467134475708,1,1.0589723587036133,8.808276176452637,0.16137218475341797,10.031211853027344
dataset/test/Tomato_leaf_late_blight/Gls79_change_90_aug_29aug89.jpg,Tomato_leaf_late_blight,Tomato_leaf_late_blight,0.9996719360351562,1,1.0235271453857422,7.960158348083496,0.160797119140625,9.147074699401855
dataset/test/Tomato_leaf_late_blight/Gls79_change_90aug9.jpg,Tomato_leaf_late_blight,Tomato_leaf_late_blight,0.9999555349349976,1,1.036971092224121,10.832441329956055,0.1605205535888672,12.03233814239502
dataset/test/Tomato_leaf_late_blight/Gls79_mirror_aug_15aug104.jpg,Tomato_leaf_late_blight,Tomato_leaf_late_blight,0.9997157454490662,1,1.0286750793457031,23.475433349609375,0.1713542938232422,24.678683280944824
dataset/test/Tomato_leaf_late_blight/Gls79_mirror_aug_16aug113.jpg,Tomato_leaf_late_blight,Tomato_leaf_late_blight,0.9999728202819824,1,1.0807313919067383,9.792951583862305,0.15987110137939453,11.03622055053711
dataset/test/Tomato_leaf_late_blight/Gls79_mirror_aug_17aug109.jpg,Tomato_leaf_late_blight,Tomato_leaf_late_blight,0.9999967813491821,1,1.1398239135742188,7.913230895996094,0.16057586669921875,9.216409683227539
dataset/test/Tomato_leaf_late_blight/Gls79_mirroraug5.jpg,Tomato_leaf_late_blight,Tomato_leaf_late_blight,0.9999940395355225,1,1.0778226852416992,7.93025016784668,0.16074180603027344,9.171241760253906
dataset/test/Tomato_leaf_late_blight/IMG_20251102_155822aug32.jpg,Tomato_leaf_late_blight,Tomato_Early_blight_leaf,0.45017051696777344,0,1.0928421020507812,8.203973770141602,0.1612415313720703,9.460892677307129
dataset/test/Tomato_leaf_late_blight/IMG_20251102_160928aug33.jpg,Tomato_leaf_late_blight,Tomato_Early_blight_leaf,0.8978888988494873,0,1.0677852630615234,8.03060245513916,0.17044544219970703,9.271723747253418
dataset/test/Tomato_leaf_late_blight/IMG_20251102_161202_aug_57aug50.jpg,Tomato_leaf_late_blight,Tomato_Early_blight_leaf,0.9999490976333618,0,1.1779556274414062,7.998289108276367,0.16172409057617188,9.340704917907715
dataset/test/Tomato_leaf_late_blight/IMG_20251102_161202_aug_58aug52.jpg,Tomato_leaf_late_blight,Tomato_Early_blight_leaf,0.999049961566925,0,1.1249361038208008,7.873102188110352,0.158538818359375,9.15951919555664
dataset/test/Tomato_leaf_late_blight/IMG_20251102_161202_aug_59aug39.jpg,Tomato_leaf_late_blight,Tomato_Early_blight_leaf,0.9996293783187866,0,1.1287498474121094,8.281753540039062,0.15270614624023438,9.565616607666016
dataset/test/Tomato_leaf_late_blight/IMG_20251102_161202aug19.jpg,Tomato_leaf_late_blight,Tomato_Early_blight_leaf,0.9994838237762451,0,1.1350278854370117,7.657339096069336,0.1592416763305664,8.954239845275879
dataset/test/Tomato_leaf_late_blight/IMG_5808_jpg.rf.9de5af872dd2e7a58b115c4826fb18d4_aug_63aug53.jpg,Tomato_leaf_late_blight,Tomato_leaf_late_blight,0.9996200799942017,1,1.1825103759765625,7.714265823364258,0.15977954864501953,9.059703826904297
dataset/test/Tomato_leaf_late_blight/IMG_5808_jpg.rf.9de5af872dd2e7a58b115c4826fb18d4_aug_64aug43.jpg,Tomato_leaf_late_blight,Tomato_leaf_late_blight,0.996607780456543,1,1.0848426818847656,7.893674850463867,0.16059207916259766,9.1415376663208
dataset/test/Tomato_leaf_late_blight/IMG_5808_jpg.rf.9de5af872dd2e7a58b115c4826fb18d4_aug_65aug38.jpg,Tomato_leaf_late_blight,Tomato_leaf_late_blight,0.9979178309440613,1,1.1952686309814453,8.038880348205566,0.16224193572998047,9.399335861206055
dataset/test/Tomato_leaf_late_blight/IMG_5808_jpg.rf.9de5af872dd2e7a58b115c4826fb18d4aug21.jpg,Tomato_leaf_late_blight,Tomato_leaf_late_blight,0.9981437921524048,1,1.0841760635375977,8.025101661682129,0.16527938842773438,9.277169227600098
dataset/test/Tomato_leaf_late_blight/LB_ (254)_aug_54aug73.jpg,Tomato_leaf_late_blight,Tomato_leaf_late_blight,0.9821341633796692,1,1.0432682037353516,8.01952838897705,0.16224193572998047,9.227557182312012
dataset/test/Tomato_leaf_late_blight/LB_ (254)_aug_55aug71.jpg,Tomato_leaf_late_blight,Tomato_leaf_late_blight,0.9982321858406067,1,1.0300817489624023,7.959565162658691,0.19844627380371094,9.190556526184082
dataset/test/Tomato_leaf_late_blight/LB_ (254)_aug_56aug78.jpg,Tomato_leaf_late_blight,Tomato_leaf_late_blight,0.5159835815429688,1,1.041452407836914,8.085602760314941,0.16164875030517578,9.291427612304688
dataset/test/Tomato_leaf_late_blight/LB_ (254)aug18.jpg,Tomato_leaf_late_blight,Tomato_leaf_late_blight,0.9977983236312866,1,1.0285453796386719,7.973601341247559,0.16246414184570312,9.167204856872559
dataset/test/Tomato_leaf_late_blight/LB_ (276)_aug_60aug45.jpg,Tomato_leaf_late_blight,Tomato_leaf_late_blight,0.9997642636299133,1,1.0489521026611328,8.318660736083984,0.19274330139160156,9.56289291381836
dataset/test/Tomato_leaf_late_blight/LB_ (276)_aug_61aug44.jpg,Tomato_leaf_late_blight,Tomato_leaf_late_blight,0.9995502829551697,1,1.0463619232177734,7.9400835037231445,0.27500247955322266,9.264056205749512
dataset/test/Tomato_leaf_late_blight/LB_ (276)_aug_62aug40.jpg,Tomato_leaf_late_blight,Tomato_leaf_late_blight,0.9998660087585449,1,1.0066566467285156,7.98182487487793,0.16385364532470703,9.154945373535156
dataset/test/Tomato_leaf_late_blight/LB_ (276)aug20.jpg,Tomato_leaf_late_blight,Tomato_leaf_late_blight,0.9995388984680176,1,1.1426200866699219,8.15365982055664,0.19959449768066406,9.49859619140625
dataset/test/Tomato_leaf_late_blight/Late-blight-foliar-leasion-on-tomato_jpg.rf.331af81e5b2aae24af0dc9b6d9933591_aug_72aug60.jpg,Tomato_leaf_late_blight,Tomato_leaf_late_blight,0.9999998807907104,1,1.1339540481567383,8.801163673400879,0.1659832000732422,10.103933334350586
dataset/test/Tomato_leaf_late_blight/Late-blight-foliar-leasion-on-tomato_jpg.rf.331af81e5b2aae24af0dc9b6d9933591_aug_73aug51.jpg,Tomato_leaf_late_blight,Tomato_leaf_late_blight,0.9999988079071045,1,1.1337318420410156,8.080029487609863,0.16240882873535156,9.379188537597656
dataset/test/Tomato_leaf_late_blight/Late-blight-foliar-leasion-on-tomato_jpg.rf.331af81e5b2aae24af0dc9b6d9933591_aug_74aug37.jpg,Tomato_leaf_late_blight,Tomato_leaf_late_blight,0.9999983310699463,1,1.224639892578125,8.056659698486328,0.16185379028320312,9.445836067199707
dataset/test/Tomato_leaf_late_blight/Late-blight-foliar-leasion-on-tomato_jpg.rf.331af81e5b2aae24af0dc9b6d9933591aug24.jpg,Tomato_leaf_late_blight,Tomato_leaf_late_blight,0.9999998807907104,1,1.1283798217773438,8.30362319946289,0.1627044677734375,9.597282409667969
dataset/test/Tomato_leaf_late_blight/Late-blight-on-a-tomato-leaf_jpg.rf.8a0bcac661db5b0d51beab8e2bf6cd6caug29.jpg,Tomato_leaf_late_blight,Tomato_leaf_late_blight,0.9999821186065674,1,1.0844526290893555,7.979121208190918,0.16213130950927734,9.228501319885254
dataset/test/Tomato_leaf_late_blight/Late-blight-on-a-tomato-leaf_jpg.rf.8defdb736385f3e1da6fba17b2786ac9_aug_84aug36.jpg,Tomato_leaf_late_blight,Tomato_leaf_late_blight,0.9999997615814209,1,1.1047687530517578,7.993250846862793,0.1607980728149414,9.261612892150879
dataset/test/Tomato_leaf_late_blight/Late-blight-on-a-tomato-leaf_jpg.rf.8defdb736385f3e1da6fba17b2786ac9aug28.jpg,Tomato_leaf_late_blight,Tomato_leaf_late_blight,0.9999997615814209,1,1.093897819519043,8.157621383666992,0.16000080108642578,9.414206504821777
dataset/test/Tomato_leaf_late_blight/Late-blight-symptoms-on-tomato-leaves-1r3uhy2_jpg.rf.92fa5ba375a2c3ce572ef7e12695be90aug31.jpg,Tomato_leaf_late_blight,Tomato_leaf_late_blight,0.9999970197677612,1,1.102250099182129,7.99038028717041,0.15253734588623047,9.24805736541748
dataset/test/Tomato_leaf_late_blight/Late-blight-tomato-leaf-VikramBisht-MBag_jpg.rf.ec494f1ab0c0417fed47095af181f852_aug_6aug117.jpg,Tomato_leaf_late_blight,Tomato_leaf_late_blight,1.0,1,1.135157585144043,7.855583190917969,0.1625385284423828,9.155834197998047
dataset/test/Tomato_leaf_late_blight/Late-blight-tomato-leaf-VikramBisht-MBag_jpg.rf.ec494f1ab0c0417fed47095af181f852_aug_7aug116.jpg,Tomato_leaf_late_blight,Tomato_leaf_late_blight,1.0,1,1.1947498321533203,7.81717586517334,0.16396427154541016,9.178740501403809
dataset/test/Tomato_leaf_late_blight/Late-blight-tomato-leaf-VikramBisht-MBag_jpg.rf.ec494f1ab0c0417fed47095af181f852_aug_8aug115.jpg,Tomato_leaf_late_blight,Tomato_leaf_late_blight,0.9999997615814209,1,1.111175537109375,7.976250648498535,0.16198348999023438,9.252242088317871
dataset/test/Tomato_leaf_late_blight/Late-blight-tomato-leaf-VikramBisht-MBag_jpg.rf.ec494f1ab0c0417fed47095af181f852aug2.jpg,Tomato_leaf_late_blight,Tomato_leaf_late_blight,0.9999994039535522,1,1.1481027603149414,7.930880546569824,0.16163063049316406,9.243020057678223
dataset/test/Tomato_leaf_late_blight/LateBlight-Tomato-JJ-2009-17nxg4q_aug_36aug79.jpg,Tomato_leaf_late_blight,Tomato_leaf_late_blight,0.9960702657699585,1,1.0383405685424805,7.897193908691406,0.1595745086669922,9.097574234008789
dataset/test/Tomato_leaf_late_blight/LateBlight-Tomato-JJ-2009-17nxg4q_aug_37aug87.jpg,Tomato_leaf_late_blight,Tomato_leaf_late_blight,0.9915205836296082,1,1.0274896621704102,7.858656883239746,0.1594829559326172,9.048017501831055
dataset/test/Tomato_leaf_late_blight/LateBlight-Tomato-JJ-2009-17nxg4q_aug_38aug67.jpg,Tomato_leaf_late_blight,Tomato_leaf_late_blight,0.9187978506088257,1,1.0287857055664062,7.935953140258789,0.16377830505371094,9.131150245666504
dataset/test/Tomato_leaf_late_blight/LateBlight-Tomato-JJ-2009-17nxg4q_jpg.rf.93780f99f071013cf0764b40fc6db48c_aug_48aug77.jpg,Tomato_leaf_late_blight,Tomato_leaf_late_blight,0.9989995360374451,1,1.0548419952392578,7.873675346374512,0.1600933074951172,9.091111183166504
dataset/test/Tomato_leaf_late_blight/LateBlight-Tomato-JJ-2009-17nxg4q_jpg.rf.93780f99f071013cf0764b40fc6db48c_aug_49aug65.jpg,Tomato_leaf_late_blight,Tomato_leaf_late_blight,0.9998420476913452,1,1.029841423034668,7.769970893859863,0.16022396087646484,8.962739944458008
dataset/test/Tomato_leaf_late_blight/LateBlight-Tomato-JJ-2009-17nxg4q_jpg.rf.93780f99f071013cf0764b40fc6db48c_aug_50aug75.jpg,Tomato_leaf_late_blight,Tomato_leaf_late_blight,0.9999502897262573,1,1.026249885559082,7.824767112731934,0.15892887115478516,9.012426376342773
dataset/test/Tomato_leaf_late_blight/LateBlight-Tomato-JJ-2009-17nxg4q_jpg.rf.93780f99f071013cf0764b40fc6db48caug16.jpg,Tomato_leaf_late_blight,Tomato_leaf_late_blight,0.9985252022743225,1,1.0771198272705078,7.8489532470703125,0.16248226165771484,9.12407398223877
dataset/test/Tomato_leaf_late_blight/LateBlight-Tomato-JJ-2009-17nxg4qaug12.jpg,Tomato_leaf_late_blight,Tomato_leaf_late_blight,0.9977421760559082,1,1.0299901962280273,7.887453079223633,0.15933513641357422,9.079444885253906
dataset/test/Tomato_leaf_late_blight/Lb11_mirror_verticalaug34.jpg,Tomato_leaf_late_blight,Tomato_leaf_late_blight,0.9999762773513794,1,1.0657110214233398,7.883455276489258,0.16181468963623047,9.113480567932129
dataset/test/Tomato_leaf_late_blight/Lb51_mirror_aug_39aug83.jpg,Tomato_leaf_late_blight,Tomato_leaf_late_blight,0.9994957447052002,1,1.050786018371582,7.843860626220703,0.16016769409179688,9.057350158691406
dataset/test/Tomato_leaf_late_blight/Lb51_mirror_aug_40aug96.jpg,Tomato_leaf_late_blight,Tomato_leaf_late_blight,0.9965875148773193,1,1.0922861099243164,8.153160095214844,0.16298294067382812,9.41077995300293
dataset/test/Tomato_leaf_late_blight/Lb51_mirror_aug_41aug91.jpg,Tomato_leaf_late_blight,Tomato_leaf_late_blight,0.9902655482292175,1,1.0991764068603516,8.152732849121094,0.16231727600097656,9.4169282913208
dataset/test/Tomato_leaf_late_blight/Lb51_mirroraug13.jpg,Tomato_leaf_late_blight,Tomato_leaf_late_blight,0.9997287392616272,1,1.0805654525756836,7.973954200744629,0.2770214080810547,9.376484870910645
dataset/test/Tomato_leaf_late_blight/Lb52_change_90_aug_42aug64.jpg,Tomato_leaf_late_blight,Tomato_leaf_late_blight,0.9999998807907104,1,1.0562496185302734,7.958788871765137,0.16429805755615234,9.182075500488281
dataset/test/Tomato_leaf_late_blight/Lb52_change_90_aug_43aug63.jpg,Tomato_leaf_late_blight,Tomato_leaf_late_blight,0.9999991655349731,1,1.1653985977172852,8.005213737487793,0.1641864776611328,9.337465286254883
dataset/test/Tomato_leaf_late_blight/Lb52_change_90_aug_44aug70.jpg,Tomato_leaf_late_blight,Tomato_leaf_late_blight,1.0,1,1.0696191787719727,8.35828971862793,0.16344547271728516,9.5939302444458
dataset/test/Tomato_leaf_late_blight/Lb52_change_90aug14.jpg,Tomato_leaf_late_blight,Tomato_leaf_late_blight,0.9999874830245972,1,1.0996198654174805,8.243622779846191,0.16570472717285156,9.511725425720215
dataset/test/Tomato_leaf_late_blight/Lb69_aug_45aug76.jpg,Tomato_leaf_late_blight,Tomato_leaf_late_blight,0.999988317489624,1,1.0649337768554688,8.487625122070312,0.1637411117553711,9.719060897827148
dataset/test/Tomato_leaf_late_blight/Lb69_aug_46aug72.jpg,Tomato_leaf_late_blight,Tomato_leaf_late_blight,0.9999914169311523,1,1.1067314147949219,8.166955947875977,0.16370487213134766,9.439929962158203
dataset/test/Tomato_leaf_late_blight/Lb69_aug_47aug66.jpg,Tomato_leaf_late_blight,Tomato_leaf_late_blight,0.9999990463256836,1,1.0621376037597656,8.192937850952148,0.1686868667602539,9.426355361938477
dataset/test/Tomato_leaf_late_blight/Lb69aug15.jpg,Tomato_leaf_late_blight,Tomato_leaf_late_blight,0.999687671661377,1,1.2654542922973633,8.351438522338867,0.16557693481445312,9.785244941711426
dataset/test/Tomato_leaf_late_blight/Lb8_mirror_vertical_aug_10aug118.jpg,Tomato_leaf_late_blight,Tomato_leaf_late_blight,0.9655022621154785,1,1.151564598083496,8.032585144042969,0.16948223114013672,9.35655689239502
dataset/test/Tomato_leaf_late_blight/Lb8_mirror_vertical_aug_11aug111.jpg,Tomato_leaf_late_blight,Tomato_leaf_late_blight,0.9810507893562317,1,1.0561389923095703,8.093825340270996,0.1632976531982422,9.315779685974121
dataset/test/Tomato_leaf_late_blight/Lb8_mirror_vertical_aug_9aug103.jpg,Tomato_leaf_late_blight,Tomato_leaf_late_blight,0.9981533885002136,1,1.0491571426391602,7.961360931396484,0.1623525619506836,9.175630569458008
dataset/test/Tomato_leaf_late_blight/Lb8_mirror_verticalaug3.jpg,Tomato_leaf_late_blight,Tomato_leaf_late_blight,0.9996415376663208,1,1.0864543914794922,8.005621910095215,0.15909385681152344,9.253446578979492
dataset/test/Tomato_leaf_late_blight/Lb97_aug_21aug84.jpg,Tomato_leaf_late_blight,Tomato_leaf_late_blight,0.9999996423721313,1,1.0646934509277344,7.797451972961426,0.16118621826171875,9.025943756103516
dataset/test/Tomato_leaf_late_blight/Lb97_aug_22aug101.jpg,Tomato_leaf_late_blight,Tomato_leaf_late_blight,0.9999973773956299,1,1.1840095520019531,8.030158996582031,0.162445068359375,9.379040718078613
dataset/test/Tomato_leaf_late_blight/Lb97_aug_23aug82.jpg,Tomato_leaf_late_blight,Tomato_leaf_late_blight,0.9999960660934448,1,1.2256202697753906,7.923730850219727,0.1618328094482422,9.314112663269043
dataset/test/Tomato_leaf_late_blight/Lb97aug7.jpg,Tomato_leaf_late_blight,Tomato_leaf_late_blight,0.9998973608016968,1,1.0661935806274414,8.052789688110352,0.16120529174804688,9.28240966796875
dataset/test/Tomato_leaf_late_blight/Leaf-2Bsymptoms-2BMDA_jpg.rf.39b220104d04636fad4f5aae043826cb_aug_0aug108.jpg,Tomato_leaf_late_blight,Tomato_leaf_late_blight,0.9999592304229736,1,1.1027860641479492,7.963971138000488,0.1620941162109375,9.231389999389648
dataset/test/Tomato_leaf_late_blight/Leaf-2Bsymptoms-2BMDA_jpg.rf.39b220104d04636fad4f5aae043826cb_aug_1aug106.jpg,Tomato_leaf_late_blight,Tomato_leaf_late_blight,0.9999926090240479,1,1.163156509399414,8.1296968460083,0.16387176513671875,9.45913314819336
dataset/test/Tomato_leaf_late_blight/Leaf-2Bsymptoms-2BMDA_jpg.rf.39b220104d04636fad4f5aae043826cb_aug_2aug119.jpg,Tomato_leaf_late_blight,Tomato_leaf_late_blight,0.9999839067459106,1,1.0948972702026367,8.021472930908203,0.1599264144897461,9.278704643249512
dataset/test/Tomato_leaf_late_blight/Leaf-2Bsymptoms-2BMDA_jpg.rf.39b220104d04636fad4f5aae043826cbaug0.jpg,Tomato_leaf_late_blight,Tomato_leaf_late_blight,0.9999710321426392,1,1.4689931869506836,11.096330642700195,0.20322418212890625,12.77217960357666
dataset/test/Tomato_leaf_late_blight/Tomato-20bacterial-20canker-JPG_jpg.rf.8b568c1d5efcfdcef44c606eb076b889_aug_30aug92.jpg,Tomato_leaf_late_blight,Tomato_leaf_late_blight,0.9833420515060425,1,1.8190698623657227,10.965718269348145,0.20216941833496094,12.990715980529785
dataset/test/Tomato_leaf_late_blight/Tomato-20bacterial-20canker-JPG_jpg.rf.8b568c1d5efcfdcef44c606eb076b889_aug_31aug98.jpg,Tomato_leaf_late_blight,Tomato_leaf_late_blight,0.9989515542984009,1,1.5585861206054688,11.025663375854492,0.20911216735839844,12.797197341918945
dataset/test/Tomato_leaf_late_blight/Tomato-20bacterial-20canker-JPG_jpg.rf.8b568c1d5efcfdcef44c606eb076b889_aug_32aug90.jpg,Tomato_leaf_late_blight,Tomato_leaf_late_blight,0.9651084542274475,1,1.6280326843261719,10.927922248840332,0.20166683197021484,12.761049270629883
dataset/test/Tomato_leaf_late_blight/Tomato-20bacterial-20canker-JPG_jpg.rf.8b568c1d5efcfdcef44c606eb076b889aug10.jpg,Tomato_leaf_late_blight,Tomato_leaf_late_blight,0.9986862540245056,1,1.4988269805908203,10.970792770385742,0.20381546020507812,12.677067756652832
dataset/test/Tomato_leaf_late_blight/TomatoBlight-JPG_jpg.rf.234cbc5809dc7d942e46760a63e10d9f_aug_33aug88.jpg,Tomato_leaf_late_blight,Tomato_leaf_late_blight,0.9999998807907104,1,1.457937240600586,10.946496963500977,0.2029094696044922,12.610492706298828
dataset/test/Tomato_leaf_late_blight/TomatoBlight-JPG_jpg.rf.234cbc5809dc7d942e46760a63e10d9f_aug_34aug86.jpg,Tomato_leaf_late_blight,Tomato_leaf_late_blight,0.9999994039535522,1,1.4982166290283203,10.925848007202148,0.20429706573486328,12.631511688232422
dataset/test/Tomato_leaf_late_blight/TomatoBlight-JPG_jpg.rf.234cbc5809dc7d942e46760a63e10d9f_aug_35aug93.jpg,Tomato_leaf_late_blight,Tomato_leaf_late_blight,0.9995729327201843,1,1.645364761352539,11.005403518676758,0.23961353302001953,12.893624305725098
dataset/test/Tomato_leaf_late_blight/TomatoBlight-JPG_jpg.rf.234cbc5809dc7d942e46760a63e10d9faug11.jpg,Tomato_leaf_late_blight,Tomato_leaf_late_blight,0.9894188642501831,1,1.1139907836914062,7.6894330978393555,0.15313148498535156,8.958666801452637
dataset/test/Tomato_leaf_late_blight/dsc_8140cs_aug_3aug114.jpg,Tomato_leaf_late_blight,Tomato_leaf_late_blight,0.9999984502792358,1,1.0650997161865234,7.462726593017578,0.15857601165771484,8.689090728759766
dataset/test/Tomato_leaf_late_blight/dsc_8140cs_aug_4aug99.jpg,Tomato_leaf_late_blight,Tomato_leaf_late_blight,0.999811589717865,1,1.2159900665283203,7.500005722045898,0.1577596664428711,8.876609802246094
dataset/test/Tomato_leaf_late_blight/dsc_8140cs_aug_5aug102.jpg,Tomato_leaf_late_blight,Tomato_leaf_late_blight,0.999997615814209,1,1.0889720916748047,7.628691673278809,0.15763092041015625,8.877962112426758
dataset/test/Tomato_leaf_late_blight/dsc_8140csaug1.jpg,Tomato_leaf_late_blight,Tomato_leaf_late_blight,0.9999938011169434,1,1.0989351272583008,7.697322845458984,0.15787220001220703,8.956334114074707
dataset/test/Tomato_leaf_late_blight/late_jpg.rf.f64883c6ac50eb4f477851ddc23305e8_aug_69aug47.jpg,Tomato_leaf_late_blight,Tomato_leaf_late_blight,0.603413999080658,1,1.0952873229980469,7.661321640014648,0.1573171615600586,8.91651725769043
dataset/test/Tomato_leaf_late_blight/late_jpg.rf.f64883c6ac50eb4f477851ddc23305e8_aug_70aug48.jpg,Tomato_leaf_late_blight,Tomato_leaf_late_blight,0.964099109172821,1,1.0778427124023438,7.698563575744629,0.15718746185302734,8.93577766418457
dataset/test/Tomato_leaf_late_blight/late_jpg.rf.f64883c6ac50eb4f477851ddc23305e8_aug_71aug42.jpg,Tomato_leaf_late_blight,Tomato_leaf_late_blight,0.8390999436378479,1,1.0869722366333008,7.6161346435546875,0.15824127197265625,8.863794326782227
dataset/test/Tomato_leaf_late_blight/late_jpg.rf.f64883c6ac50eb4f477851ddc23305e8aug23.jpg,Tomato_leaf_late_blight,Tomato_leaf_late_blight,0.9700344800949097,1,1.138545036315918,7.475080490112305,0.3328733444213867,8.949239730834961
dataset/test/Tomato_leaf_late_blight/lateblightTom_lesionaug30.jpg,Tomato_leaf_late_blight,Tomato_leaf_late_blight,0.7986591458320618,1,0.960749626159668,7.4826154708862305,0.15863037109375,8.604273796081543
dataset/test/Tomato_leaf_late_blight/lb_leaf_lesions2x1200_jpg.rf.3a72cc9627c3ba6d79a876e19220824e_aug_81aug56.jpg,Tomato_leaf_late_blight,Tomato_leaf_late_blight,1.0,1,1.0352134704589844,7.716914176940918,0.15920448303222656,8.913758277893066
dataset/test/Tomato_leaf_late_blight/lb_leaf_lesions2x1200_jpg.rf.3a72cc9627c3ba6d79a876e19220824e_aug_82aug62.jpg,Tomato_leaf_late_blight,Tomato_leaf_late_blight,1.0,1,1.0589332580566406,7.919027328491211,0.16403961181640625,9.144445419311523
dataset/test/Tomato_leaf_late_blight/lb_leaf_lesions2x1200_jpg.rf.3a72cc9627c3ba6d79a876e19220824e_aug_83aug57.jpg,Tomato_leaf_late_blight,Tomato_leaf_late_blight,0.9999996423721313,1,1.0773792266845703,8.123861312866211,0.16326045989990234,9.367335319519043
dataset/test/Tomato_leaf_late_blight/lb_leaf_lesions2x1200_jpg.rf.3a72cc9627c3ba6d79a876e19220824eaug27.jpg,Tomato_leaf_late_blight,Tomato_leaf_late_blight,0.9999995231628418,1,1.0617303848266602,7.941397666931152,0.15903854370117188,9.164556503295898
dataset/test/Tomato_leaf_late_blight/p1020076cs_aug_78aug35.jpg,Tomato_leaf_late_blight,Tomato_leaf_late_blight,0.9999457597732544,1,1.0551376342773438,7.859917640686035,0.1622791290283203,9.079794883728027
dataset/test/Tomato_leaf_late_blight/p1020076cs_aug_79aug59.jpg,Tomato_leaf_late_blight,Tomato_leaf_late_blight,0.9998251795768738,1,1.1646385192871094,7.803711891174316,0.1634082794189453,9.134501457214355
dataset/test/Tomato_leaf_late_blight/p1020076cs_aug_80aug55.jpg,Tomato_leaf_late_blight,Tomato_leaf_late_blight,0.9999990463256836,1,1.087306022644043,7.972639083862305,0.1625204086303711,9.224908828735352
dataset/test/Tomato_leaf_late_blight/p1020076csaug26.jpg,Tomato_leaf_late_blight,Tomato_leaf_late_blight,0.9999839067459106,1,1.0495643615722656,8.005473136901855,0.16220569610595703,9.219779014587402
dataset/test/Tomato_leaf_late_blight/symptoms_of_late_blight_0_jpg.rf.417903f6c86ccb4f4bcd7139e0867018_aug_75aug58.jpg,Tomato_leaf_late_blight,Tomato_leaf_late_blight,0.9999958276748657,1,1.1072683334350586,8.03304672241211,0.1635570526123047,9.306501388549805
dataset/test/Tomato_leaf_late_blight/symptoms_of_late_blight_0_jpg.rf.417903f6c86ccb4f4bcd7139e0867018_aug_76aug54.jpg,Tomato_leaf_late_blight,Tomato_leaf_late_blight,0.9999991655349731,1,1.1422128677368164,8.034712791442871,0.16335296630859375,9.343077659606934
dataset/test/Tomato_leaf_late_blight/symptoms_of_late_blight_0_jpg.rf.417903f6c86ccb4f4bcd7139e0867018_aug_77aug61.jpg,Tomato_leaf_late_blight,Tomato_leaf_late_blight,1.0,1,1.1226205825805664,8.04708480834961,0.1629648208618164,9.334892272949219
dataset/test/Tomato_leaf_late_blight/symptoms_of_late_blight_0_jpg.rf.417903f6c86ccb4f4bcd7139e0867018aug25.jpg,Tomato_leaf_late_blight,Tomato_leaf_late_blight,0.9999842643737793,1,1.1106758117675781,8.049195289611816,0.1620931625366211,9.324501991271973
dataset/test/Tomato_leaf_late_blight/tomato-late-blight-leaf-61-3x32_aug_12aug112.jpg,Tomato_leaf_late_blight,Tomato_leaf_late_blight,1.0,1,1.0998973846435547,7.928786277770996,0.16102027893066406,9.192204475402832
dataset/test/Tomato_leaf_late_blight/tomato-late-blight-leaf-61-3x32_aug_13aug110.jpg,Tomato_leaf_late_blight,Tomato_leaf_late_blight,0.9998607635498047,1,1.040008544921875,8.320456504821777,0.16135311126708984,9.5243558883667
dataset/test/Tomato_leaf_late_blight/tomato-late-blight-leaf-61-3x32_aug_14aug105.jpg,Tomato_leaf_late_blight,Tomato_leaf_late_blight,1.0,1,1.0361557006835938,7.8712310791015625,0.15059375762939453,9.05996322631836
dataset/test/Tomato_leaf_late_blight/tomato-late-blight-leaf-61-3x32aug4.jpg,Tomato_leaf_late_blight,Tomato_leaf_late_blight,0.9999997615814209,1,1.0446929931640625,7.6270246505737305,0.4639129638671875,9.13814926147461
dataset/test/Tomato_leaf_late_blight/tomato.early.blightH_aug_18aug100.jpg,Tomato_leaf_late_blight,Tomato_Septoria_leaf_spot,0.9999972581863403,0,1.2095088958740234,10.16667652130127,0.1561126708984375,11.534501075744629
dataset/test/Tomato_leaf_late_blight/tomato.early.blightH_aug_19aug107.jpg,Tomato_leaf_late_blight,Tomato_Septoria_leaf_spot,0.9994722008705139,0,1.1507883071899414,16.047815322875977,0.1656503677368164,17.366808891296387
dataset/test/Tomato_leaf_late_blight/tomato.early.blightH_aug_20aug94.jpg,Tomato_leaf_late_blight,Tomato_Septoria_leaf_spot,0.999841570854187,0,1.168564796447754,15.727461814880371,0.16437149047851562,17.063639640808105
dataset/test/Tomato_leaf_late_blight/tomato.early.blightHaug6.jpg,Tomato_leaf_late_blight,Tomato_Septoria_leaf_spot,0.9995362758636475,0,1.1583995819091797,9.780191421508789,0.1622791290283203,11.103554725646973
dataset/test/Tomato_leaf_yellow_curl_virus/1342017-162221-44540_jpg.rf.f68314ea4850dade3a214dec71c83715_aug_77aug56.jpg,Tomato_leaf_yellow_curl_virus,Tomato_leaf_yellow_curl_virus,0.9999972581863403,1,1.1274909973144531,8.148271560668945,0.16111183166503906,9.439595222473145
dataset/test/Tomato_leaf_yellow_curl_virus/1342017-162221-44540_jpg.rf.f68314ea4850dade3a214dec71c83715_aug_78aug81.jpg,Tomato_leaf_yellow_curl_virus,Tomato_leaf_yellow_curl_virus,0.9999861717224121,1,1.183065414428711,8.2095308303833,0.16453838348388672,9.559948921203613
dataset/test/Tomato_leaf_yellow_curl_virus/1342017-162221-44540_jpg.rf.f68314ea4850dade3a214dec71c83715_aug_79aug60.jpg,Tomato_leaf_yellow_curl_virus,Tomato_leaf_yellow_curl_virus,0.9999997615814209,1,1.1550836563110352,8.193419456481934,0.16463088989257812,9.516003608703613
dataset/test/Tomato_leaf_yellow_curl_virus/1342017-162221-44540_jpg.rf.f68314ea4850dade3a214dec71c83715_aug_80aug64.jpg,Tomato_leaf_yellow_curl_virus,Tomato_leaf_yellow_curl_virus,0.9999994039535522,1,1.1606025695800781,8.351216316223145,0.16379833221435547,9.678412437438965
dataset/test/Tomato_leaf_yellow_curl_virus/1342017-162221-44540_jpg.rf.f68314ea4850dade3a214dec71c83715_aug_81aug61.jpg,Tomato_leaf_yellow_curl_virus,Tomato_leaf_yellow_curl_virus,0.9999991655349731,1,1.1949357986450195,8.346846580505371,0.16464805603027344,9.709246635437012
dataset/test/Tomato_leaf_yellow_curl_virus/1342017-162221-44540_jpg.rf.f68314ea4850dade3a214dec71c83715_aug_82aug80.jpg,Tomato_leaf_yellow_curl_virus,Tomato_leaf_yellow_curl_virus,0.9999996423721313,1,1.1596574783325195,8.169641494750977,0.16239166259765625,9.494744300842285
dataset/test/Tomato_leaf_yellow_curl_virus/1342017-162221-44540_jpg.rf.f68314ea4850dade3a214dec71c83715_aug_83aug70.jpg,Tomato_leaf_yellow_curl_virus,Tomato_leaf_yellow_curl_virus,0.999998927116394,1,1.2017145156860352,8.160788536071777,0.1595745086669922,9.524744033813477
dataset/test/Tomato_leaf_yellow_curl_virus/1342017-162221-44540_jpg.rf.f68314ea4850dade3a214dec71c83715aug11.jpg,Tomato_leaf_yellow_curl_virus,Tomato_leaf_yellow_curl_virus,0.9999997615814209,1,1.133509635925293,8.42540168762207,0.15261363983154297,9.71363639831543
dataset/test/Tomato_leaf_yellow_curl_virus/8226402877_9abf151b5b_b_jpg.rf.a2dff27e03c5ab47916df5d873c1590f_aug_70aug66.jpg,Tomato_leaf_yellow_curl_virus,Tomato_leaf_yellow_curl_virus,1.0,1,1.0940637588500977,7.981380462646484,0.16629791259765625,9.244463920593262
dataset/test/Tomato_leaf_yellow_curl_virus/8226402877_9abf151b5b_b_jpg.rf.a2dff27e03c5ab47916df5d873c1590f_aug_71aug69.jpg,Tomato_leaf_yellow_curl_virus,Tomato_leaf_yellow_curl_virus,1.0,1,1.2679920196533203,7.93228816986084,0.16370391845703125,9.36665153503418
dataset/test/Tomato_leaf_yellow_curl_virus/8226402877_9abf151b5b_b_jpg.rf.a2dff27e03c5ab47916df5d873c1590f_aug_72aug73.jpg,Tomato_leaf_yellow_curl_virus,Tomato_leaf_yellow_curl_virus,0.9999991655349731,1,1.1289901733398438,8.14667797088623,0.16520404815673828,9.44361400604248
dataset/test/Tomato_leaf_yellow_curl_virus/8226402877_9abf151b5b_b_jpg.rf.a2dff27e03c5ab47916df5d873c1590f_aug_73aug54.jpg,Tomato_leaf_yellow_curl_virus,Tomato_leaf_yellow_curl_virus,0.9999996423721313,1,1.1204910278320312,8.911850929260254,0.1640949249267578,10.198953628540039
dataset/test/Tomato_leaf_yellow_curl_virus/8226402877_9abf151b5b_b_jpg.rf.a2dff27e03c5ab47916df5d873c1590f_aug_74aug76.jpg,Tomato_leaf_yellow_curl_virus,Tomato_leaf_yellow_curl_virus,1.0,1,1.146082878112793,8.061546325683594,0.16311168670654297,9.373188018798828
dataset/test/Tomato_leaf_yellow_curl_virus/8226402877_9abf151b5b_b_jpg.rf.a2dff27e03c5ab47916df5d873c1590f_aug_75aug74.jpg,Tomato_leaf_yellow_curl_virus,Tomato_leaf_yellow_curl_virus,0.9999978542327881,1,1.1003789901733398,7.973602294921875,0.16353988647460938,9.2402982711792
dataset/test/Tomato_leaf_yellow_curl_virus/8226402877_9abf151b5b_b_jpg.rf.a2dff27e03c5ab47916df5d873c1590f_aug_76aug65.jpg,Tomato_leaf_yellow_curl_virus,Tomato_leaf_yellow_curl_virus,0.9999994039535522,1,1.1878433227539062,8.139824867248535,0.16189098358154297,9.492522239685059
dataset/test/Tomato_leaf_yellow_curl_virus/8226402877_9abf151b5b_b_jpg.rf.a2dff27e03c5ab47916df5d873c1590faug10.jpg,Tomato_leaf_yellow_curl_virus,Tomato_leaf_yellow_curl_virus,0.9999992847442627,1,1.1065654754638672,8.001750946044922,0.16048431396484375,9.27177906036377
dataset/test/Tomato_leaf_yellow_curl_virus/DSC01999-JPG_jpg.rf.700fa6596ab8750ad0f1c47a0defe191_aug_84aug53.jpg,Tomato_leaf_yellow_curl_virus,Tomato_leaf_yellow_curl_virus,0.9999991655349731,1,1.186788558959961,8.15326976776123,0.15364837646484375,9.495909690856934
dataset/test/Tomato_leaf_yellow_curl_virus/DSC01999-JPG_jpg.rf.700fa6596ab8750ad0f1c47a0defe191_aug_85aug82.jpg,Tomato_leaf_yellow_curl_virus,Tomato_leaf_yellow_curl_virus,0.9999487400054932,1,1.2015466690063477,8.125789642333984,0.30585479736328125,9.636244773864746
dataset/test/Tomato_leaf_yellow_curl_virus/DSC01999-JPG_jpg.rf.700fa6596ab8750ad0f1c47a0defe191_aug_86aug71.jpg,Tomato_leaf_yellow_curl_virus,Tomato_leaf_yellow_curl_virus,0.999985933303833,1,1.0994348526000977,7.869711875915527,0.16231632232666016,9.13431453704834
dataset/test/Tomato_leaf_yellow_curl_virus/DSC01999-JPG_jpg.rf.700fa6596ab8750ad0f1c47a0defe191_aug_87aug78.jpg,Tomato_leaf_yellow_curl_virus,Tomato_leaf_yellow_curl_virus,0.9999994039535522,1,1.2647705078125,7.790007591247559,0.16966819763183594,9.227519989013672
dataset/test/Tomato_leaf_yellow_curl_virus/DSC01999-JPG_jpg.rf.700fa6596ab8750ad0f1c47a0defe191_aug_88aug51.jpg,Tomato_leaf_yellow_curl_virus,Tomato_leaf_yellow_curl_virus,0.9999855756759644,1,1.18988037109375,8.415328025817871,0.16233253479003906,9.770136833190918
dataset/test/Tomato_leaf_yellow_curl_virus/DSC01999-JPG_jpg.rf.700fa6596ab8750ad0f1c47a0defe191_aug_89aug63.jpg,Tomato_leaf_yellow_curl_virus,Tomato_leaf_yellow_curl_virus,0.9999850988388062,1,1.1559162139892578,8.190807342529297,0.1689453125,9.51850414276123
dataset/test/Tomato_leaf_yellow_curl_virus/DSC01999-JPG_jpg.rf.700fa6596ab8750ad0f1c47a0defe191_aug_90aug85.jpg,Tomato_leaf_yellow_curl_virus,Tomato_leaf_yellow_curl_virus,0.9999991655349731,1,1.1846580505371094,8.026213645935059,0.1991128921508789,9.412761688232422
dataset/test/Tomato_leaf_yellow_curl_virus/DSC01999-JPG_jpg.rf.700fa6596ab8750ad0f1c47a0defe191aug12.jpg,Tomato_leaf_yellow_curl_virus,Tomato_leaf_yellow_curl_virus,0.9999953508377075,1,1.1264362335205078,8.012102127075195,0.16205596923828125,9.30337142944336
dataset/test/Tomato_leaf_yellow_curl_virus/DSC01999.JPG_aug_63aug68.jpg,Tomato_leaf_yellow_curl_virus,Tomato_leaf_yellow_curl_virus,0.9986059069633484,1,1.194157600402832,8.035175323486328,0.16116809844970703,9.393261909484863
dataset/test/Tomato_leaf_yellow_curl_virus/DSC01999.JPG_aug_64aug72.jpg,Tomato_leaf_yellow_curl_virus,Tomato_leaf_yellow_curl_virus,0.9914080500602722,1,1.1834735870361328,7.993416786193848,0.16298294067382812,9.342501640319824
dataset/test/Tomato_leaf_yellow_curl_virus/DSC01999.JPG_aug_65aug75.jpg,Tomato_leaf_yellow_curl_virus,Tomato_leaf_yellow_curl_virus,0.9893693923950195,1,1.185990333557129,8.0426025390625,0.16224193572998047,9.393779754638672
dataset/test/Tomato_leaf_yellow_curl_virus/DSC01999.JPG_aug_66aug58.jpg,Tomato_leaf_yellow_curl_virus,Tomato_leaf_yellow_curl_virus,0.9939002990722656,1,1.2185096740722656,8.036306381225586,0.1639270782470703,9.421337127685547
dataset/test/Tomato_leaf_yellow_curl_virus/DSC01999.JPG_aug_67aug83.jpg,Tomato_leaf_yellow_curl_virus,Tomato_leaf_yellow_curl_virus,0.9998950958251953,1,1.182417869567871,8.01921272277832,0.15979766845703125,9.364187240600586
dataset/test/Tomato_leaf_yellow_curl_virus/DSC01999.JPG_aug_68aug79.jpg,Tomato_leaf_yellow_curl_virus,Tomato_leaf_yellow_curl_virus,0.9863988161087036,1,1.1841020584106445,7.957343101501465,0.15777873992919922,9.3018159866333
dataset/test/Tomato_leaf_yellow_curl_virus/DSC01999.JPG_aug_69aug62.jpg,Tomato_leaf_yellow_curl_virus,Tomato_leaf_yellow_curl_virus,0.9896085858345032,1,1.1287508010864258,7.865472793579102,0.163482666015625,9.160723686218262
dataset/test/Tomato_leaf_yellow_curl_virus/DSC01999.JPGaug9.jpg,Tomato_leaf_yellow_curl_virus,Tomato_leaf_yellow_curl_virus,0.9985620379447937,1,1.3228435516357422,7.8269147872924805,0.1633901596069336,9.31589126586914
dataset/test/Tomato_leaf_yellow_curl_virus/IMG_20251102_155103aug15.jpg,Tomato_leaf_yellow_curl_virus,Tomato_leaf_yellow_curl_virus,0.9910480380058289,1,1.0744714736938477,8.066658020019531,0.16283416748046875,9.306668281555176
dataset/test/Tomato_leaf_yellow_curl_virus/IMG_20251102_160455_aug_42aug104.jpg,Tomato_leaf_yellow_curl_virus,Tomato_leaf_yellow_curl_virus,0.9629252552986145,1,1.0873041152954102,8.107437133789062,0.1633901596069336,9.36096477508545
dataset/test/Tomato_leaf_yellow_curl_virus/IMG_20251102_160455_aug_43aug111.jpg,Tomato_leaf_yellow_curl_virus,Tomato_leaf_yellow_curl_virus,0.9903901815414429,1,1.076767921447754,8.067916870117188,0.1651315689086914,9.312705993652344
dataset/test/Tomato_leaf_yellow_curl_virus/IMG_20251102_160455_aug_44aug112.jpg,Tomato_leaf_yellow_curl_virus,Tomato_leaf_yellow_curl_virus,0.983979344367981,1,1.0789165496826172,7.995268821716309,0.16307544708251953,9.239871978759766
dataset/test/Tomato_leaf_yellow_curl_virus/IMG_20251102_160455_aug_45aug108.jpg,Tomato_leaf_yellow_curl_virus,Tomato_leaf_yellow_curl_virus,0.9898999333381653,1,1.0855093002319336,8.051286697387695,0.16463088989257812,9.30426025390625
dataset/test/Tomato_leaf_yellow_curl_virus/IMG_20251102_160455_aug_46aug110.jpg,Tomato_leaf_yellow_curl_virus,Tomato_leaf_yellow_curl_virus,0.9853731989860535,1,1.0662870407104492,7.99739933013916,0.19566726684570312,9.262167930603027
dataset/test/Tomato_leaf_yellow_curl_virus/IMG_20251102_160455_aug_47aug98.jpg,Tomato_leaf_yellow_curl_virus,Tomato_leaf_yellow_curl_virus,0.9856058955192566,1,1.13067626953125,8.1409912109375,0.1526317596435547,9.426337242126465
dataset/test/Tomato_leaf_yellow_curl_virus/IMG_20251102_160455_aug_48aug105.jpg,Tomato_leaf_yellow_curl_virus,Tomato_leaf_yellow_curl_virus,0.9743852019309998,1,1.0624914169311523,7.866842269897461,0.16352081298828125,9.095370292663574
dataset/test/Tomato_leaf_yellow_curl_virus/IMG_20251102_160455aug6.jpg,Tomato_leaf_yellow_curl_virus,Tomato_leaf_yellow_curl_virus,0.9513431191444397,1,1.1885652542114258,7.848361015319824,0.16276073455810547,9.202483177185059
dataset/test/Tomato_leaf_yellow_curl_virus/IMG_20251102_160553_aug_35aug49.jpg,Tomato_leaf_yellow_curl_virus,Tomato_Early_blight_leaf,0.9960235357284546,0,1.2136573791503906,7.89256477355957,0.1622610092163086,9.270909309387207
dataset/test/Tomato_leaf_yellow_curl_virus/IMG_20251102_160553_aug_36aug113.jpg,Tomato_leaf_yellow_curl_virus,Tomato_Early_blight_leaf,0.9951589703559875,0,1.1723241806030273,8.072528839111328,0.1613903045654297,9.40902042388916
dataset/test/Tomato_leaf_yellow_curl_virus/IMG_20251102_160553_aug_37aug114.jpg,Tomato_leaf_yellow_curl_virus,Tomato_Early_blight_leaf,0.9975947737693787,0,1.1143608093261719,8.01402759552002,0.16631603240966797,9.29763126373291
dataset/test/Tomato_leaf_yellow_curl_virus/IMG_20251102_160553_aug_38aug101.jpg,Tomato_leaf_yellow_curl_virus,Tomato_Early_blight_leaf,0.9975249171257019,0,1.1558809280395508,7.940212249755859,0.16014957427978516,9.2588529586792
dataset/test/Tomato_leaf_yellow_curl_virus/IMG_20251102_160553_aug_39aug118.jpg,Tomato_leaf_yellow_curl_virus,Tomato_Early_blight_leaf,0.9988357424736023,0,1.0957508087158203,7.879194259643555,0.16805648803710938,9.14587116241455
dataset/test/Tomato_leaf_yellow_curl_virus/IMG_20251102_160553_aug_40aug19.jpg,Tomato_leaf_yellow_curl_virus,Tomato_Early_blight_leaf,0.9989494681358337,0,1.1094350814819336,7.87795352935791,0.1614828109741211,9.151630401611328
dataset/test/Tomato_leaf_yellow_curl_virus/IMG_20251102_160553_aug_41aug119.jpg,Tomato_leaf_yellow_curl_virus,Tomato_Early_blight_leaf,0.9862354397773743,0,1.1474342346191406,7.848341941833496,0.1587047576904297,9.157112121582031
dataset/test/Tomato_leaf_yellow_curl_virus/IMG_20251102_160553aug5.jpg,Tomato_leaf_yellow_curl_virus,Tomato_Early_blight_leaf,0.9891042709350586,0,1.1561222076416016,7.92691707611084,0.1554279327392578,9.241074562072754
dataset/test/Tomato_leaf_yellow_curl_virus/TYLCV-tomate-DB-445-171_jpg.rf.9d70326900dd981ab5d49063b0d644f0_aug_21aug41.jpg,Tomato_leaf_yellow_curl_virus,Tomato_leaf_yellow_curl_virus,0.9999423027038574,1,1.098027229309082,8.215475082397461,0.1521310806274414,9.46780014038086
dataset/test/Tomato_leaf_yellow_curl_virus/TYLCV-tomate-DB-445-171_jpg.rf.9d70326900dd981ab5d49063b0d644f0_aug_22aug30.jpg,Tomato_leaf_yellow_curl_virus,Tomato_leaf_yellow_curl_virus,0.9999849796295166,1,1.0929346084594727,7.736693382263184,0.16050243377685547,8.992795944213867
dataset/test/Tomato_leaf_yellow_curl_virus/TYLCV-tomate-DB-445-171_jpg.rf.9d70326900dd981ab5d49063b0d644f0_aug_23aug42.jpg,Tomato_leaf_yellow_curl_virus,Tomato_leaf_yellow_curl_virus,0.9999960660934448,1,1.0949535369873047,7.861064910888672,0.16076087951660156,9.119519233703613
dataset/test/Tomato_leaf_yellow_curl_virus/TYLCV-tomate-DB-445-171_jpg.rf.9d70326900dd981ab5d49063b0d644f0_aug_24aug45.jpg,Tomato_leaf_yellow_curl_virus,Tomato_leaf_yellow_curl_virus,0.9999995231628418,1,1.0918607711791992,8.14976978302002,0.15961265563964844,9.403576850891113
dataset/test/Tomato_leaf_yellow_curl_virus/TYLCV-tomate-DB-445-171_jpg.rf.9d70326900dd981ab5d49063b0d644f0_aug_25aug20.jpg,Tomato_leaf_yellow_curl_virus,Tomato_leaf_yellow_curl_virus,0.9999566078186035,1,1.1028614044189453,7.812508583068848,0.16333484649658203,9.08170223236084
dataset/test/Tomato_leaf_yellow_curl_virus/TYLCV-tomate-DB-445-171_jpg.rf.9d70326900dd981ab5d49063b0d644f0_aug_26aug18.jpg,Tomato_leaf_yellow_curl_virus,Tomato_leaf_yellow_curl_virus,0.9999836683273315,1,1.157602310180664,8.20403003692627,0.16301918029785156,9.527226448059082
dataset/test/Tomato_leaf_yellow_curl_virus/TYLCV-tomate-DB-445-171_jpg.rf.9d70326900dd981ab5d49063b0d644f0_aug_27aug29.jpg,Tomato_leaf_yellow_curl_virus,Tomato_leaf_yellow_curl_virus,0.9999945163726807,1,1.1234350204467773,7.996269226074219,0.16144657135009766,9.283649444580078
dataset/test/Tomato_leaf_yellow_curl_virus/TYLCV-tomate-DB-445-171_jpg.rf.9d70326900dd981ab5d49063b0d644f0aug3.jpg,Tomato_leaf_yellow_curl_virus,Tomato_leaf_yellow_curl_virus,0.9999939203262329,1,1.128305435180664,8.001009941101074,0.19126033782958984,9.322798728942871
dataset/test/Tomato_leaf_yellow_curl_virus/TYLCV4_jpg.rf.2e4accea501a220be9dc475dd1ca3121_aug_10aug22.jpg,Tomato_leaf_yellow_curl_virus,Tomato_leaf_yellow_curl_virus,1.0,1,1.085174560546875,7.814803123474121,0.1618518829345703,9.064371109008789
dataset/test/Tomato_leaf_yellow_curl_virus/TYLCV4_jpg.rf.2e4accea501a220be9dc475dd1ca3121_aug_11aug44.jpg,Tomato_leaf_yellow_curl_virus,Tomato_leaf_yellow_curl_virus,1.0,1,1.2283620834350586,7.826971054077148,0.1626300811767578,9.220260620117188
dataset/test/Tomato_leaf_yellow_curl_virus/TYLCV4_jpg.rf.2e4accea501a220be9dc475dd1ca3121_aug_12aug39.jpg,Tomato_leaf_yellow_curl_virus,Tomato_leaf_yellow_curl_virus,1.0,1,1.1074161529541016,7.9009904861450195,0.16103839874267578,9.172428131103516
dataset/test/Tomato_leaf_yellow_curl_virus/TYLCV4_jpg.rf.2e4accea501a220be9dc475dd1ca3121_aug_13aug35.jpg,Tomato_leaf_yellow_curl_virus,Tomato_leaf_yellow_curl_virus,0.9999995231628418,1,1.1420650482177734,8.075640678405762,0.16229820251464844,9.38248348236084
dataset/test/Tomato_leaf_yellow_curl_virus/TYLCV4_jpg.rf.2e4accea501a220be9dc475dd1ca3121_aug_7aug40.jpg,Tomato_leaf_yellow_curl_virus,Tomato_leaf_yellow_curl_virus,1.0,1,1.1006031036376953,7.957823753356934,0.16429805755615234,9.225334167480469
dataset/test/Tomato_leaf_yellow_curl_virus/TYLCV4_jpg.rf.2e4accea501a220be9dc475dd1ca3121_aug_8aug33.jpg,Tomato_leaf_yellow_curl_virus,Tomato_leaf_yellow_curl_virus,1.0,1,1.1006202697753906,8.03501033782959,0.1648712158203125,9.303595542907715
dataset/test/Tomato_leaf_yellow_curl_virus/TYLCV4_jpg.rf.2e4accea501a220be9dc475dd1ca3121_aug_9aug48.jpg,Tomato_leaf_yellow_curl_virus,Tomato_leaf_yellow_curl_virus,1.0,1,1.1432685852050781,8.251993179321289,0.16051959991455078,9.558893203735352
dataset/test/Tomato_leaf_yellow_curl_virus/TYLCV4_jpg.rf.2e4accea501a220be9dc475dd1ca3121aug1.jpg,Tomato_leaf_yellow_curl_virus,Tomato_leaf_yellow_curl_virus,1.0,1,1.0941572189331055,8.122288703918457,0.16120433807373047,9.380316734313965
dataset/test/Tomato_leaf_yellow_curl_virus/art_15017325188173_a24a66_aug_14aug36.jpg,Tomato_leaf_yellow_curl_virus,Tomato_leaf_yellow_curl_virus,0.9999730587005615,1,1.1341018676757812,7.953880310058594,0.1574087142944336,9.24802017211914
dataset/test/Tomato_leaf_yellow_curl_virus/art_15017325188173_a24a66_aug_15aug23.jpg,Tomato_leaf_yellow_curl_virus,Tomato_leaf_yellow_curl_virus,0.9999634027481079,1,1.1385269165039062,7.731304168701172,0.1571493148803711,9.029888153076172
dataset/test/Tomato_leaf_yellow_curl_virus/art_15017325188173_a24a66_aug_16aug34.jpg,Tomato_leaf_yellow_curl_virus,Tomato_leaf_yellow_curl_virus,0.9999784231185913,1,1.1037683486938477,7.915010452270508,0.15413188934326172,9.175409317016602
dataset/test/Tomato_leaf_yellow_curl_virus/art_15017325188173_a24a66_aug_17aug43.jpg,Tomato_leaf_yellow_curl_virus,Tomato_leaf_yellow_curl_virus,0.9999762773513794,1,1.1143608093261719,7.621285438537598,0.1597604751586914,8.898221015930176
dataset/test/Tomato_leaf_yellow_curl_virus/art_15017325188173_a24a66_aug_18aug47.jpg,Tomato_leaf_yellow_curl_virus,Tomato_leaf_yellow_curl_virus,0.9991894364356995,1,1.2649011611938477,7.531414985656738,0.1583728790283203,8.957257270812988
dataset/test/Tomato_leaf_yellow_curl_virus/art_15017325188173_a24a66_aug_19aug25.jpg,Tomato_leaf_yellow_curl_virus,Tomato_leaf_yellow_curl_virus,0.9964744448661804,1,1.171046257019043,7.743432998657227,0.15770435333251953,9.074833869934082
dataset/test/Tomato_leaf_yellow_curl_virus/art_15017325188173_a24a66_aug_20aug46.jpg,Tomato_leaf_yellow_curl_virus,Tomato_leaf_yellow_curl_virus,0.9999932050704956,1,1.1086578369140625,7.702693939208984,0.15764808654785156,8.971648216247559
dataset/test/Tomato_leaf_yellow_curl_virus/art_15017325188173_a24a66aug2.jpg,Tomato_leaf_yellow_curl_virus,Tomato_leaf_yellow_curl_virus,0.9984601736068726,1,1.1278982162475586,7.7546186447143555,0.15807437896728516,9.043313980102539
dataset/test/Tomato_leaf_yellow_curl_virus/psyllid-yellows_jpg.rf.1d99aab2f43a840be530ce313eb0c0fd_aug_56aug57.jpg,Tomato_leaf_yellow_curl_virus,Tomato_leaf_yellow_curl_virus,0.9999986886978149,1,1.0932121276855469,7.868230819702148,0.19422435760498047,9.157926559448242
dataset/test/Tomato_leaf_yellow_curl_virus/psyllid-yellows_jpg.rf.1d99aab2f43a840be530ce313eb0c0fd_aug_57aug84.jpg,Tomato_leaf_yellow_curl_virus,Tomato_leaf_yellow_curl_virus,0.9999998807907104,1,1.0902671813964844,7.817693710327148,0.15925979614257812,9.069926261901855
dataset/test/Tomato_leaf_yellow_curl_virus/psyllid-yellows_jpg.rf.1d99aab2f43a840be530ce313eb0c0fd_aug_58aug52.jpg,Tomato_leaf_yellow_curl_virus,Tomato_leaf_yellow_curl_virus,0.9999998807907104,1,1.095841407775879,7.742841720581055,0.14688873291015625,8.98836898803711
dataset/test/Tomato_leaf_yellow_curl_virus/psyllid-yellows_jpg.rf.1d99aab2f43a840be530ce313eb0c0fd_aug_59aug77.jpg,Tomato_leaf_yellow_curl_virus,Tomato_leaf_yellow_curl_virus,0.9999984502792358,1,1.0863237380981445,8.093530654907227,0.16542816162109375,9.347685813903809
dataset/test/Tomato_leaf_yellow_curl_virus/psyllid-yellows_jpg.rf.1d99aab2f43a840be530ce313eb0c0fd_aug_60aug86.jpg,Tomato_leaf_yellow_curl_virus,Tomato_leaf_yellow_curl_virus,0.9999973773956299,1,1.294621467590332,7.940064430236816,0.16648197174072266,9.40339183807373
dataset/test/Tomato_leaf_yellow_curl_virus/psyllid-yellows_jpg.rf.1d99aab2f43a840be530ce313eb0c0fd_aug_61aug59.jpg,Tomato_leaf_yellow_curl_virus,Tomato_leaf_yellow_curl_virus,0.9999994039535522,1,1.1453981399536133,8.123139381408691,0.1658153533935547,9.436762809753418
dataset/test/Tomato_leaf_yellow_curl_virus/psyllid-yellows_jpg.rf.1d99aab2f43a840be530ce313eb0c0fd_aug_62aug67.jpg,Tomato_leaf_yellow_curl_virus,Tomato_leaf_yellow_curl_virus,0.9999996423721313,1,1.144547462463379,8.103639602661133,0.16653728485107422,9.417317390441895
dataset/test/Tomato_leaf_yellow_curl_virus/psyllid-yellows_jpg.rf.1d99aab2f43a840be530ce313eb0c0fdaug8.jpg,Tomato_leaf_yellow_curl_virus,Tomato_leaf_yellow_curl_virus,0.9999983310699463,1,1.1797513961791992,8.165936470031738,0.16476058959960938,9.51313304901123
dataset/test/Tomato_leaf_yellow_curl_virus/tj5itxzunn3k_jpg.rf.4aeda27b2535578e718fe6279491d0d4_aug_49aug102.jpg,Tomato_leaf_yellow_curl_virus,Tomato_leaf_yellow_curl_virus,1.0,1,1.0761566162109375,8.110511779785156,0.16511249542236328,9.35422420501709
dataset/test/Tomato_leaf_yellow_curl_virus/tj5itxzunn3k_jpg.rf.4aeda27b2535578e718fe6279491d0d4_aug_50aug109.jpg,Tomato_leaf_yellow_curl_virus,Tomato_leaf_yellow_curl_virus,1.0,1,1.0784902572631836,8.124418258666992,0.20253944396972656,9.408224105834961
dataset/test/Tomato_leaf_yellow_curl_virus/tj5itxzunn3k_jpg.rf.4aeda27b2535578e718fe6279491d0d4_aug_51aug99.jpg,Tomato_leaf_yellow_curl_virus,Tomato_leaf_yellow_curl_virus,1.0,1,1.081787109375,8.112899780273438,0.1628713607788086,9.360557556152344
dataset/test/Tomato_leaf_yellow_curl_virus/tj5itxzunn3k_jpg.rf.4aeda27b2535578e718fe6279491d0d4_aug_52aug103.jpg,Tomato_leaf_yellow_curl_virus,Tomato_leaf_yellow_curl_virus,1.0,1,1.0727481842041016,8.14467716217041,0.16266822814941406,9.383094787597656
dataset/test/Tomato_leaf_yellow_curl_virus/tj5itxzunn3k_jpg.rf.4aeda27b2535578e718fe6279491d0d4_aug_53aug100.jpg,Tomato_leaf_yellow_curl_virus,Tomato_leaf_yellow_curl_virus,1.0,1,1.0848617553710938,7.974491119384766,0.3704843521118164,9.432650566101074
dataset/test/Tomato_leaf_yellow_curl_virus/tj5itxzunn3k_jpg.rf.4aeda27b2535578e718fe6279491d0d4_aug_54aug106.jpg,Tomato_leaf_yellow_curl_virus,Tomato_leaf_yellow_curl_virus,1.0,1,1.0410642623901367,8.090583801269531,0.1654644012451172,9.299724578857422
dataset/test/Tomato_leaf_yellow_curl_virus/tj5itxzunn3k_jpg.rf.4aeda27b2535578e718fe6279491d0d4_aug_55aug107.jpg,Tomato_leaf_yellow_curl_virus,Tomato_leaf_yellow_curl_virus,1.0,1,1.183990478515625,9.698302268981934,0.30524444580078125,11.189961433410645
dataset/test/Tomato_leaf_yellow_curl_virus/tj5itxzunn3k_jpg.rf.4aeda27b2535578e718fe6279491d0d4aug7.jpg,Tomato_leaf_yellow_curl_virus,Tomato_leaf_yellow_curl_virus,1.0,1,1.0286931991577148,7.8863420486450195,0.1621856689453125,9.079740524291992
dataset/test/Tomato_leaf_yellow_curl_virus/tomato-yellow-closeup-3_aug_28aug16.jpg,Tomato_leaf_yellow_curl_virus,Tomato_leaf_yellow_curl_virus,0.8741122484207153,1,1.2298431396484375,7.819378852844238,0.16427898406982422,9.21642780303955
dataset/test/Tomato_leaf_yellow_curl_virus/tomato-yellow-closeup-3_aug_29aug27.jpg,Tomato_leaf_yellow_curl_virus,Tomato_leaf_yellow_curl_virus,0.39517638087272644,1,1.1701021194458008,8.011917114257812,0.16135406494140625,9.34591007232666
dataset/test/Tomato_leaf_yellow_curl_virus/tomato-yellow-closeup-3_aug_30aug117.jpg,Tomato_leaf_yellow_curl_virus,Tomato_leaf_yellow_curl_virus,0.8272373676300049,1,1.123490333557129,7.968731880187988,0.1635570526123047,9.25874137878418
dataset/test/Tomato_leaf_yellow_curl_virus/tomato-yellow-closeup-3_aug_31aug31.jpg,Tomato_leaf_yellow_curl_virus,Tomato_leaf_yellow_curl_virus,0.8890965580940247,1,1.1248607635498047,8.042768478393555,0.1622791290283203,9.332612991333008
dataset/test/Tomato_leaf_yellow_curl_virus/tomato-yellow-closeup-3_aug_32aug115.jpg,Tomato_leaf_yellow_curl_virus,Tomato_Early_blight_leaf,0.5744714736938477,0,1.1578254699707031,7.981843948364258,0.16185379028320312,9.303872108459473
dataset/test/Tomato_leaf_yellow_curl_virus/tomato-yellow-closeup-3_aug_33aug116.jpg,Tomato_leaf_yellow_curl_virus,Tomato_Early_blight_leaf,0.5018703937530518,0,1.116063117980957,8.056510925292969,0.16344547271728516,9.338557243347168
dataset/test/Tomato_leaf_yellow_curl_virus/tomato-yellow-closeup-3_aug_34aug26.jpg,Tomato_leaf_yellow_curl_virus,Tomato_Septoria_leaf_spot,0.5409472584724426,0,1.1260652542114258,7.985546112060547,0.16525936126708984,9.279963493347168
dataset/test/Tomato_leaf_yellow_curl_virus/tomato-yellow-closeup-3aug4.jpg,Tomato_leaf_yellow_curl_virus,Tomato_Early_blight_leaf,0.4674801230430603,0,1.1566762924194336,8.051362991333008,0.1600027084350586,9.370686531066895
dataset/test/Tomato_leaf_yellow_curl_virus/tomato-yellow-leaf-curl-virus-tomato-1_aug_100aug92.jpg,Tomato_leaf_yellow_curl_virus,Tomato_leaf_yellow_curl_virus,1.0,1,1.14984130859375,8.160196304321289,0.16259384155273438,9.475465774536133
dataset/test/Tomato_leaf_yellow_curl_virus/tomato-yellow-leaf-curl-virus-tomato-1_aug_101aug95.jpg,Tomato_leaf_yellow_curl_virus,Tomato_leaf_yellow_curl_virus,0.9999945163726807,1,1.157435417175293,8.758109092712402,0.16135311126708984,10.079378128051758
dataset/test/Tomato_leaf_yellow_curl_virus/tomato-yellow-leaf-curl-virus-tomato-1_aug_102aug88.jpg,Tomato_leaf_yellow_curl_virus,Tomato_leaf_yellow_curl_virus,1.0,1,1.1756391525268555,8.103047370910645,0.15353870391845703,9.434188842773438
dataset/test/Tomato_leaf_yellow_curl_virus/tomato-yellow-leaf-curl-virus-tomato-1_aug_103aug93.jpg,Tomato_leaf_yellow_curl_virus,Tomato_leaf_yellow_curl_virus,0.99992835521698,1,1.1325454711914062,7.98708438873291,0.16939067840576172,9.291576385498047
dataset/test/Tomato_leaf_yellow_curl_virus/tomato-yellow-leaf-curl-virus-tomato-1_aug_98aug91.jpg,Tomato_leaf_yellow_curl_virus,Tomato_leaf_yellow_curl_virus,0.9999855756759644,1,2.316370964050293,12.622343063354492,0.166168212890625,15.108141899108887
dataset/test/Tomato_leaf_yellow_curl_virus/tomato-yellow-leaf-curl-virus-tomato-1_aug_99aug90.jpg,Tomato_leaf_yellow_curl_virus,Tomato_leaf_yellow_curl_virus,0.9999896287918091,1,1.1473236083984375,12.049357414245605,0.18639087677001953,13.385979652404785
dataset/test/Tomato_leaf_yellow_curl_virus/tomato-yellow-leaf-curl-virus-tomato-1aug14.jpg,Tomato_leaf_yellow_curl_virus,Tomato_leaf_yellow_curl_virus,0.9999998807907104,1,2.0696277618408203,10.976255416870117,0.15748310089111328,13.206868171691895
dataset/test/Tomato_leaf_yellow_curl_virus/tomatoyellowleafcurlcropped_aug_91aug55.jpg,Tomato_leaf_yellow_curl_virus,Tomato_leaf_yellow_curl_virus,0.9999996423721313,1,1.1056203842163086,9.373039245605469,0.16585254669189453,10.647475242614746
dataset/test/Tomato_leaf_yellow_curl_virus/tomatoyellowleafcurlcropped_aug_92aug89.jpg,Tomato_leaf_yellow_curl_virus,Tomato_leaf_yellow_curl_virus,0.9999998807907104,1,1.3326034545898438,11.87954044342041,0.16298389434814453,13.377887725830078
dataset/test/Tomato_leaf_yellow_curl_virus/tomatoyellowleafcurlcropped_aug_93aug97.jpg,Tomato_leaf_yellow_curl_virus,Tomato_leaf_yellow_curl_virus,0.9999996423721313,1,1.1283245086669922,8.39656925201416,0.16650009155273438,9.694615364074707
dataset/test/Tomato_leaf_yellow_curl_virus/tomatoyellowleafcurlcropped_aug_94aug50.jpg,Tomato_leaf_yellow_curl_virus,Tomato_leaf_yellow_curl_virus,0.9999984502792358,1,1.1780471801757812,8.320289611816406,0.1641864776611328,9.66556167602539
dataset/test/Tomato_leaf_yellow_curl_virus/tomatoyellowleafcurlcropped_aug_95aug87.jpg,Tomato_leaf_yellow_curl_virus,Tomato_leaf_yellow_curl_virus,0.9999998807907104,1,1.1805648803710938,8.448383331298828,0.15722370147705078,9.789228439331055
dataset/test/Tomato_leaf_yellow_curl_virus/tomatoyellowleafcurlcropped_aug_96aug96.jpg,Tomato_leaf_yellow_curl_virus,Tomato_leaf_yellow_curl_virus,0.9999998807907104,1,1.1266393661499023,8.200029373168945,0.31207847595214844,9.64204216003418
dataset/test/Tomato_leaf_yellow_curl_virus/tomatoyellowleafcurlcropped_aug_97aug94.jpg,Tomato_leaf_yellow_curl_virus,Tomato_leaf_yellow_curl_virus,0.999981164932251,1,1.1341943740844727,8.194419860839844,0.16718673706054688,9.498579025268555
dataset/test/Tomato_leaf_yellow_curl_virus/tomatoyellowleafcurlcroppedaug13.jpg,Tomato_leaf_yellow_curl_virus,Tomato_leaf_yellow_curl_virus,1.0,1,1.2435836791992188,8.107583999633789,0.1655750274658203,9.519892692565918
dataset/test/Tomato_leaf_yellow_curl_virus/virus1_aug_0aug37.jpg,Tomato_leaf_yellow_curl_virus,Tomato_leaf_yellow_curl_virus,0.9998067021369934,1,1.1258974075317383,8.672516822814941,0.1669464111328125,9.968358993530273
dataset/test/Tomato_leaf_yellow_curl_virus/virus1_aug_1aug21.jpg,Tomato_leaf_yellow_curl_virus,Tomato_leaf_yellow_curl_virus,0.9996364116668701,1,1.1143054962158203,8.265678405761719,0.16679763793945312,9.550077438354492
dataset/test/Tomato_leaf_yellow_curl_virus/virus1_aug_2aug24.jpg,Tomato_leaf_yellow_curl_virus,Tomato_leaf_yellow_curl_virus,0.9977109432220459,1,1.1222877502441406,8.278550148010254,0.16353797912597656,9.567484855651855
dataset/test/Tomato_leaf_yellow_curl_virus/virus1_aug_3aug17.jpg,Tomato_leaf_yellow_curl_virus,Tomato_leaf_yellow_curl_virus,0.9995492100715637,1,1.1681385040283203,8.256103515625,0.16700077056884766,9.593801498413086
dataset/test/Tomato_leaf_yellow_curl_virus/virus1_aug_4aug28.jpg,Tomato_leaf_yellow_curl_virus,Tomato_leaf_yellow_curl_virus,0.9926264882087708,1,1.1211214065551758,9.263834953308105,0.1692047119140625,10.556882858276367
dataset/test/Tomato_leaf_yellow_curl_virus/virus1_aug_5aug32.jpg,Tomato_leaf_yellow_curl_virus,Tomato_leaf_yellow_curl_virus,0.9995492100715637,1,1.158156394958496,8.358216285705566,0.1677227020263672,9.686745643615723
dataset/test/Tomato_leaf_yellow_curl_virus/virus1_aug_6aug38.jpg,Tomato_leaf_yellow_curl_virus,Tomato_leaf_yellow_curl_virus,0.9566826820373535,1,1.1292133331298828,8.333161354064941,0.16664886474609375,9.631762504577637
dataset/test/Tomato_leaf_yellow_curl_virus/virus1aug0.jpg,Tomato_leaf_yellow_curl_virus,Tomato_leaf_yellow_curl_virus,0.999707043170929,1,1.1533422470092773,8.320086479187012,0.16611194610595703,9.642059326171875
dataset/test/Tomato_mold_leaf/IMG-20240724-WA0020_aug_68aug87.jpg,Tomato_mold_leaf,Tomato_mold_leaf,0.9866358637809753,1,1.1747140884399414,8.417623519897461,0.16881656646728516,9.763968467712402
dataset/test/Tomato_mold_leaf/IMG-20240724-WA0020_aug_69aug97.jpg,Tomato_mold_leaf,Tomato_mold_leaf,0.956790030002594,1,1.1595268249511719,8.631811141967773,0.16663169860839844,9.960543632507324
dataset/test/Tomato_mold_leaf/IMG-20240724-WA0020_aug_70aug82.jpg,Tomato_mold_leaf,Tomato_mold_leaf,0.995937705039978,1,1.1785106658935547,8.523161888122559,0.16726112365722656,9.871210098266602
dataset/test/Tomato_mold_leaf/IMG-20240724-WA0020_aug_71aug98.jpg,Tomato_mold_leaf,Tomato_mold_leaf,0.9845647811889648,1,1.1646766662597656,8.282234191894531,0.16466808319091797,9.614226341247559
dataset/test/Tomato_mold_leaf/IMG-20240724-WA0020aug17.jpg,Tomato_mold_leaf,Tomato_mold_leaf,0.917579174041748,1,1.2135839462280273,8.596125602722168,0.16283416748046875,9.975339889526367
dataset/test/Tomato_mold_leaf/IMG-20240724-WA0044_aug_10aug44.jpg,Tomato_mold_leaf,Tomato_mold_leaf,0.9999203681945801,1,1.1463613510131836,8.29249382019043,0.15648365020751953,9.597596168518066
dataset/test/Tomato_mold_leaf/IMG-20240724-WA0044_aug_11aug49.jpg,Tomato_mold_leaf,Tomato_mold_leaf,0.9983541965484619,1,1.1814908981323242,8.255270957946777,0.1685953140258789,9.608356475830078
dataset/test/Tomato_mold_leaf/IMG-20240724-WA0044_aug_8aug35.jpg,Tomato_mold_leaf,Tomato_mold_leaf,0.9994397759437561,1,1.2304916381835938,7.915731430053711,0.16250038146972656,9.311243057250977
dataset/test/Tomato_mold_leaf/IMG-20240724-WA0044_aug_9aug41.jpg,Tomato_mold_leaf,Tomato_mold_leaf,0.999055802822113,1,1.2259349822998047,7.946656227111816,0.16363048553466797,9.338761329650879
dataset/test/Tomato_mold_leaf/IMG-20240724-WA0044aug2.jpg,Tomato_mold_leaf,Tomato_mold_leaf,0.9987741112709045,1,1.1520824432373047,7.965472221374512,0.1615753173828125,9.28209400177002
dataset/test/Tomato_mold_leaf/IMG-20240724-WA0055_aug_28aug27.jpg,Tomato_mold_leaf,Tomato_mold_leaf,0.999998927116394,1,1.117990493774414,8.063770294189453,0.16292572021484375,9.347095489501953
dataset/test/Tomato_mold_leaf/IMG-20240724-WA0055_aug_29aug28.jpg,Tomato_mold_leaf,Tomato_mold_leaf,0.9999948740005493,1,1.1068611145019531,8.01891803741455,0.16292572021484375,9.291206359863281
dataset/test/Tomato_mold_leaf/IMG-20240724-WA0055_aug_30aug43.jpg,Tomato_mold_leaf,Tomato_mold_leaf,0.9999978542327881,1,1.1630468368530273,8.013712882995605,0.1637411117553711,9.343389511108398
dataset/test/Tomato_mold_leaf/IMG-20240724-WA0055_aug_31aug50.jpg,Tomato_mold_leaf,Tomato_mold_leaf,0.9999923706054688,1,1.103398323059082,8.059362411499023,0.16107559204101562,9.326595306396484
dataset/test/Tomato_mold_leaf/IMG-20240724-WA0055aug7.jpg,Tomato_mold_leaf,Tomato_mold_leaf,0.9999988079071045,1,1.1128778457641602,8.241104125976562,0.1641683578491211,9.520763397216797
dataset/test/Tomato_mold_leaf/IMG-20240724-WA0065_aug_80aug69.jpg,Tomato_mold_leaf,Tomato_mold_leaf,1.0,1,1.1896944046020508,8.208771705627441,0.16159343719482422,9.562911033630371
dataset/test/Tomato_mold_leaf/IMG-20240724-WA0065_aug_81aug70.jpg,Tomato_mold_leaf,Tomato_mold_leaf,1.0,1,1.159250259399414,8.160141944885254,0.16189098358154297,9.483891487121582
dataset/test/Tomato_mold_leaf/IMG-20240724-WA0065_aug_82aug66.jpg,Tomato_mold_leaf,Tomato_mold_leaf,1.0,1,1.2548999786376953,10.055896759033203,0.16155624389648438,11.475518226623535
dataset/test/Tomato_mold_leaf/IMG-20240724-WA0065_aug_83aug65.jpg,Tomato_mold_leaf,Tomato_mold_leaf,0.9999898672103882,1,1.1178789138793945,8.147307395935059,0.16429615020751953,9.432798385620117
dataset/test/Tomato_mold_leaf/IMG-20240724-WA0065aug20.jpg,Tomato_mold_leaf,Tomato_mold_leaf,1.0,1,1.1746578216552734,8.110066413879395,0.16229724884033203,9.449779510498047
dataset/test/Tomato_mold_leaf/IMG-20240725-WA0031_aug_0aug46.jpg,Tomato_mold_leaf,Tomato_mold_leaf,0.9983186721801758,1,1.0761566162109375,7.864082336425781,0.16292572021484375,9.105758666992188
dataset/test/Tomato_mold_leaf/IMG-20240725-WA0031_aug_1aug47.jpg,Tomato_mold_leaf,Tomato_mold_leaf,0.997468113899231,1,1.0671567916870117,7.945675849914551,0.16292667388916016,9.178593635559082
dataset/test/Tomato_mold_leaf/IMG-20240725-WA0031_aug_2aug37.jpg,Tomato_mold_leaf,Tomato_mold_leaf,0.9983186721801758,1,1.1206941604614258,8.002083778381348,0.16255664825439453,9.287724494934082
dataset/test/Tomato_mold_leaf/IMG-20240725-WA0031_aug_3aug45.jpg,Tomato_mold_leaf,Tomato_mold_leaf,0.9886893630027771,1,1.0587682723999023,8.054269790649414,0.16146373748779297,9.277019500732422
dataset/test/Tomato_mold_leaf/IMG-20240725-WA0031aug0.jpg,Tomato_mold_leaf,Tomato_mold_leaf,0.9985766410827637,1,1.0826940536499023,8.02960205078125,0.16316795349121094,9.278075218200684
dataset/test/Tomato_mold_leaf/IMG-20240725-WA0039_aug_72aug79.jpg,Tomato_mold_leaf,Tomato_mold_leaf,1.0,1,1.119786262512207,7.971288681030273,0.1657238006591797,9.25931453704834
dataset/test/Tomato_mold_leaf/IMG-20240725-WA0039_aug_73aug95.jpg,Tomato_mold_leaf,Tomato_mold_leaf,1.0,1,1.0893802642822266,8.032639503479004,0.16464900970458984,9.289167404174805
dataset/test/Tomato_mold_leaf/IMG-20240725-WA0039_aug_74aug71.jpg,Tomato_mold_leaf,Tomato_mold_leaf,1.0,1,1.0749359130859375,8.054973602294922,0.1636676788330078,9.296224594116211
dataset/test/Tomato_mold_leaf/IMG-20240725-WA0039_aug_75aug80.jpg,Tomato_mold_leaf,Tomato_mold_leaf,1.0,1,1.1220636367797852,8.288084983825684,0.17316818237304688,9.586003303527832
dataset/test/Tomato_mold_leaf/IMG-20240725-WA0039aug18.jpg,Tomato_mold_leaf,Tomato_mold_leaf,1.0,1,1.116805076599121,8.273419380187988,0.15824127197265625,9.550874710083008
dataset/test/Tomato_mold_leaf/IMG-20240727-WA0038_aug_40aug105.jpg,Tomato_mold_leaf,Tomato_mold_leaf,0.9999908208847046,1,1.1264171600341797,8.105955123901367,0.16698265075683594,9.401723861694336
dataset/test/Tomato_mold_leaf/IMG-20240727-WA0038_aug_41aug106.jpg,Tomato_mold_leaf,Tomato_mold_leaf,0.9999926090240479,1,1.2641401290893555,8.112176895141602,0.17659378051757812,9.556132316589355
dataset/test/Tomato_mold_leaf/IMG-20240727-WA0038_aug_42aug116.jpg,Tomato_mold_leaf,Tomato_mold_leaf,1.0,1,1.239603042602539,8.121047973632812,0.16788959503173828,9.531502723693848
dataset/test/Tomato_mold_leaf/IMG-20240727-WA0038_aug_43aug110.jpg,Tomato_mold_leaf,Tomato_mold_leaf,0.9999918937683105,1,1.1896591186523438,8.421272277832031,0.16750144958496094,9.780986785888672
dataset/test/Tomato_mold_leaf/IMG-20240727-WA0038aug10.jpg,Tomato_mold_leaf,Tomato_mold_leaf,1.0,1,1.1102323532104492,8.349549293518066,0.16650104522705078,9.62939453125
dataset/test/Tomato_mold_leaf/IMG-20240727-WA0040_aug_56aug92.jpg,Tomato_mold_leaf,Tomato_mold_leaf,1.0,1,1.1153059005737305,8.456809043884277,0.20151996612548828,9.77645206451416
dataset/test/Tomato_mold_leaf/IMG-20240727-WA0040_aug_57aug83.jpg,Tomato_mold_leaf,Tomato_mold_leaf,0.9999994039535522,1,1.126119613647461,8.52014446258545,0.16687297821044922,9.81600570678711
dataset/test/Tomato_mold_leaf/IMG-20240727-WA0040_aug_58aug77.jpg,Tomato_mold_leaf,Tomato_mold_leaf,0.9999984502792358,1,1.1107873916625977,9.467577934265137,0.16559410095214844,10.74721908569336
dataset/test/Tomato_mold_leaf/IMG-20240727-WA0040_aug_59aug94.jpg,Tomato_mold_leaf,Tomato_mold_leaf,0.9999769926071167,1,1.13006591796875,8.764589309692383,0.1631488800048828,10.060564041137695
dataset/test/Tomato_mold_leaf/IMG-20240727-WA0040aug14.jpg,Tomato_mold_leaf,Tomato_mold_leaf,1.0,1,1.0832300186157227,8.025009155273438,0.2026681900024414,9.31400203704834
dataset/test/Tomato_mold_leaf/IMG-20240727-WA0124_aug_20aug54.jpg,Tomato_mold_leaf,Tomato_mold_leaf,1.0,1,1.0868606567382812,8.03586196899414,0.16731548309326172,9.293630599975586
dataset/test/Tomato_mold_leaf/IMG-20240727-WA0124_aug_21aug38.jpg,Tomato_mold_leaf,Tomato_mold_leaf,0.9999991655349731,1,1.111602783203125,7.992602348327637,0.16164875030517578,9.268815040588379
dataset/test/Tomato_mold_leaf/IMG-20240727-WA0124_aug_22aug31.jpg,Tomato_mold_leaf,Tomato_mold_leaf,0.9999994039535522,1,1.0976943969726562,8.045916557312012,0.20103931427001953,9.347651481628418
dataset/test/Tomato_mold_leaf/IMG-20240727-WA0124_aug_23aug55.jpg,Tomato_mold_leaf,Tomato_mold_leaf,0.9999994039535522,1,1.0972671508789062,7.981433868408203,0.15085315704345703,9.232168197631836
dataset/test/Tomato_mold_leaf/IMG-20240727-WA0124aug5.jpg,Tomato_mold_leaf,Tomato_mold_leaf,1.0,1,1.0638961791992188,7.826488494873047,0.1622610092163086,9.055500030517578
dataset/test/Tomato_mold_leaf/IMG-20240727-WA0153_aug_92aug58.jpg,Tomato_mold_leaf,Tomato_mold_leaf,0.9999995231628418,1,1.1826753616333008,7.810173988342285,0.15948200225830078,9.155333518981934
dataset/test/Tomato_mold_leaf/IMG-20240727-WA0153_aug_93aug60.jpg,Tomato_mold_leaf,Tomato_mold_leaf,0.9999923706054688,1,1.1094732284545898,8.019083976745605,0.16207408905029297,9.293112754821777
dataset/test/Tomato_mold_leaf/IMG-20240727-WA0153aug23.jpg,Tomato_mold_leaf,Tomato_mold_leaf,0.9999847412109375,1,1.0747489929199219,7.989991188049316,0.16127872467041016,9.228426933288574
dataset/test/Tomato_mold_leaf/IMG-20240727-WA0165aug25.jpg,Tomato_mold_leaf,Tomato_mold_leaf,0.9999916553497314,1,1.0644340515136719,8.195011138916016,0.16203880310058594,9.424169540405273
dataset/test/Tomato_mold_leaf/IMG-20240728-WA0028_aug_64aug91.jpg,Tomato_mold_leaf,Tomato_mold_leaf,1.0,1,1.1125097274780273,7.974675178527832,0.16162967681884766,9.251648902893066
dataset/test/Tomato_mold_leaf/IMG-20240728-WA0028_aug_65aug86.jpg,Tomato_mold_leaf,Tomato_mold_leaf,1.0,1,1.0531558990478516,8.175585746765137,0.15933513641357422,9.390594482421875
dataset/test/Tomato_mold_leaf/IMG-20240728-WA0028_aug_66aug78.jpg,Tomato_mold_leaf,Tomato_mold_leaf,1.0,1,1.0371942520141602,8.724164009094238,0.2141876220703125,9.978081703186035
dataset/test/Tomato_mold_leaf/IMG-20240728-WA0028_aug_67aug99.jpg,Tomato_mold_leaf,Tomato_mold_leaf,1.0,1,1.1789178848266602,8.283235549926758,0.16187191009521484,9.626578330993652
dataset/test/Tomato_mold_leaf/IMG-20240728-WA0028aug16.jpg,Tomato_mold_leaf,Tomato_mold_leaf,1.0,1,1.0466012954711914,8.784165382385254,0.16057586669921875,9.993823051452637
dataset/test/Tomato_mold_leaf/IMG-20240728-WA0068_aug_12aug29.jpg,Tomato_mold_leaf,Tomato_mold_leaf,1.0,1,1.1230268478393555,8.672534942626953,0.16090774536132812,9.959099769592285
dataset/test/Tomato_mold_leaf/IMG-20240728-WA0068_aug_13aug30.jpg,Tomato_mold_leaf,Tomato_mold_leaf,1.0,1,1.064009666442871,7.965139389038086,0.15998268127441406,9.191574096679688
dataset/test/Tomato_mold_leaf/IMG-20240728-WA0068_aug_14aug56.jpg,Tomato_mold_leaf,Tomato_mold_leaf,1.0,1,1.109898567199707,7.859508514404297,0.18825912475585938,9.1602783203125
dataset/test/Tomato_mold_leaf/IMG-20240728-WA0068_aug_15aug42.jpg,Tomato_mold_leaf,Tomato_mold_leaf,1.0,1,1.0530452728271484,7.689322471618652,0.15863037109375,8.903813362121582
dataset/test/Tomato_mold_leaf/IMG-20240728-WA0068aug3.jpg,Tomato_mold_leaf,Tomato_mold_leaf,1.0,1,1.1741762161254883,7.739877700805664,0.16163063049316406,9.078499794006348
dataset/test/Tomato_mold_leaf/IMG-20240728-WA0074_aug_44aug102.jpg,Tomato_mold_leaf,Tomato_mold_leaf,0.9999949932098389,1,1.0854902267456055,7.921323776245117,0.1603717803955078,9.169833183288574
dataset/test/Tomato_mold_leaf/IMG-20240728-WA0074_aug_45aug75.jpg,Tomato_mold_leaf,Tomato_mold_leaf,0.9999988079071045,1,1.1296749114990234,8.020379066467285,0.16172313690185547,9.314834594726562
dataset/test/Tomato_mold_leaf/IMG-20240728-WA0074_aug_46aug89.jpg,Tomato_mold_leaf,Tomato_mold_leaf,0.9999996423721313,1,1.091231346130371,7.991158485412598,0.16170597076416016,9.246797561645508
dataset/test/Tomato_mold_leaf/IMG-20240728-WA0074_aug_47aug111.jpg,Tomato_mold_leaf,Tomato_mold_leaf,0.9999996423721313,1,1.1155834197998047,8.012083053588867,0.1622791290283203,9.292389869689941
dataset/test/Tomato_mold_leaf/IMG-20240728-WA0074aug11.jpg,Tomato_mold_leaf,Tomato_mold_leaf,0.9999998807907104,1,1.1329917907714844,8.019862174987793,0.1601123809814453,9.316594123840332
dataset/test/Tomato_mold_leaf/IMG-20240728-WA0075aug24.jpg,Tomato_mold_leaf,Tomato_mold_leaf,1.0,1,1.0872116088867188,8.050899505615234,0.16120433807373047,9.301889419555664
dataset/test/Tomato_mold_leaf/IMG-20240728-WA0087_aug_32aug113.jpg,Tomato_mold_leaf,Tomato_mold_leaf,0.9993340373039246,1,1.106027603149414,7.820545196533203,0.16120433807373047,9.090370178222656
dataset/test/Tomato_mold_leaf/IMG-20240728-WA0087_aug_33aug112.jpg,Tomato_mold_leaf,Tomato_mold_leaf,0.9999997615814209,1,1.2474546432495117,7.889193534851074,0.16394519805908203,9.304001808166504
dataset/test/Tomato_mold_leaf/IMG-20240728-WA0087_aug_34aug104.jpg,Tomato_mold_leaf,Tomato_mold_leaf,0.9999986886978149,1,1.1381206512451172,7.94171142578125,0.16268539428710938,9.245261192321777
dataset/test/Tomato_mold_leaf/IMG-20240728-WA0087_aug_35aug100.jpg,Tomato_mold_leaf,Tomato_mold_leaf,0.999998927116394,1,1.1097679138183594,7.990250587463379,0.16283607482910156,9.265425682067871
dataset/test/Tomato_mold_leaf/IMG-20240728-WA0087aug8.jpg,Tomato_mold_leaf,Tomato_mold_leaf,0.9999758005142212,1,1.1063251495361328,8.033863067626953,0.24641036987304688,9.388891220092773
dataset/test/Tomato_mold_leaf/IMG-20240728-WA0093_aug_76aug90.jpg,Tomato_mold_leaf,Tomato_mold_leaf,1.0,1,1.065434455871582,8.05717658996582,0.16398334503173828,9.28903865814209
dataset/test/Tomato_mold_leaf/IMG-20240728-WA0093_aug_77aug68.jpg,Tomato_mold_leaf,Tomato_mold_leaf,1.0,1,1.0657682418823242,8.120491981506348,0.16363143920898438,9.352317810058594
dataset/test/Tomato_mold_leaf/IMG-20240728-WA0093_aug_78aug93.jpg,Tomato_mold_leaf,Tomato_mold_leaf,1.0,1,1.0758419036865234,8.204547882080078,0.1639261245727539,9.446669578552246
dataset/test/Tomato_mold_leaf/IMG-20240728-WA0093_aug_79aug64.jpg,Tomato_mold_leaf,Tomato_mold_leaf,1.0,1,1.0676383972167969,8.141400337219238,0.16498279571533203,9.376447677612305
dataset/test/Tomato_mold_leaf/IMG-20240728-WA0093aug19.jpg,Tomato_mold_leaf,Tomato_mold_leaf,1.0,1,1.0720281600952148,8.138602256774902,0.1634082794189453,9.376612663269043
dataset/test/Tomato_mold_leaf/IMG-20240728-WA0101_aug_84aug73.jpg,Tomato_mold_leaf,Tomato_mold_leaf,0.9999980926513672,1,1.1555099487304688,8.166547775268555,0.16066837310791016,9.485391616821289
dataset/test/Tomato_mold_leaf/IMG-20240728-WA0101_aug_85aug72.jpg,Tomato_mold_leaf,Tomato_mold_leaf,1.0,1,1.1120281219482422,8.016268730163574,0.16474342346191406,9.295723915100098
dataset/test/Tomato_mold_leaf/IMG-20240728-WA0101_aug_86aug67.jpg,Tomato_mold_leaf,Tomato_mold_leaf,1.0,1,1.105452537536621,8.122807502746582,0.1648540496826172,9.396151542663574
dataset/test/Tomato_mold_leaf/IMG-20240728-WA0101_aug_87aug74.jpg,Tomato_mold_leaf,Tomato_mold_leaf,0.9999998807907104,1,1.1611213684082031,8.17312240600586,0.16448307037353516,9.50117015838623
dataset/test/Tomato_mold_leaf/IMG-20240728-WA0101aug21.jpg,Tomato_mold_leaf,Tomato_mold_leaf,0.9999998807907104,1,1.126546859741211,8.093399047851562,0.1632223129272461,9.385797500610352
dataset/test/Tomato_mold_leaf/IMG-20240728-WA0103_aug_48aug107.jpg,Tomato_mold_leaf,Tomato_mold_leaf,0.9999959468841553,1,1.1289167404174805,8.202066421508789,0.16377830505371094,9.49759578704834
dataset/test/Tomato_mold_leaf/IMG-20240728-WA0103_aug_49aug76.jpg,Tomato_mold_leaf,Tomato_mold_leaf,1.0,1,1.1674909591674805,8.433106422424316,0.1643543243408203,9.767450332641602
dataset/test/Tomato_mold_leaf/IMG-20240728-WA0103_aug_50aug114.jpg,Tomato_mold_leaf,Tomato_mold_leaf,0.9999996423721313,1,1.1279172897338867,8.16875171661377,0.16283321380615234,9.462411880493164
dataset/test/Tomato_mold_leaf/IMG-20240728-WA0103_aug_51aug84.jpg,Tomato_mold_leaf,Tomato_mold_leaf,1.0,1,1.1595840454101562,7.984027862548828,0.16537189483642578,9.311670303344727
dataset/test/Tomato_mold_leaf/IMG-20240728-WA0103aug12.jpg,Tomato_mold_leaf,Tomato_mold_leaf,1.0,1,1.1319541931152344,8.972739219665527,0.16342830657958984,10.270471572875977
dataset/test/Tomato_mold_leaf/IMG-20240812-WA0183_aug_88aug59.jpg,Tomato_mold_leaf,Tomato_Early_blight_leaf,0.6254784464836121,0,1.1074352264404297,8.225049018859863,0.1642608642578125,9.499577522277832
dataset/test/Tomato_mold_leaf/IMG-20240812-WA0183_aug_89aug61.jpg,Tomato_mold_leaf,Tomato_Septoria_leaf_spot,0.4898854196071625,0,1.3847885131835938,21.59536075592041,0.17026042938232422,23.153078079223633
dataset/test/Tomato_mold_leaf/IMG-20240812-WA0183_aug_90aug63.jpg,Tomato_mold_leaf,Tomato_Septoria_leaf_spot,0.7530534863471985,0,1.1879539489746094,12.91171646118164,0.1640758514404297,14.266263961791992
dataset/test/Tomato_mold_leaf/IMG-20240812-WA0183_aug_91aug62.jpg,Tomato_mold_leaf,Tomato_Septoria_leaf_spot,0.5303613543510437,0,1.2666950225830078,8.258899688720703,0.16463088989257812,9.692708969116211
dataset/test/Tomato_mold_leaf/IMG-20240812-WA0183aug22.jpg,Tomato_mold_leaf,Tomato_mold_leaf,0.4084804356098175,1,1.2675647735595703,8.113381385803223,0.16314983367919922,9.54672622680664
dataset/test/Tomato_mold_leaf/IMG_20251102_155435_aug_24aug39.jpg,Tomato_mold_leaf,Tomato_Early_blight_leaf,0.9910050630569458,0,1.0968046188354492,8.365957260131836,0.1643524169921875,9.629838943481445
dataset/test/Tomato_mold_leaf/IMG_20251102_155435_aug_25aug51.jpg,Tomato_mold_leaf,Tomato_Early_blight_leaf,0.817322850227356,0,1.104823112487793,8.482828140258789,0.2027435302734375,9.793004989624023
dataset/test/Tomato_mold_leaf/IMG_20251102_155435_aug_26aug26.jpg,Tomato_mold_leaf,Tomato_Early_blight_leaf,0.9102432727813721,0,1.1101016998291016,8.505218505859375,0.16405677795410156,9.781858444213867
dataset/test/Tomato_mold_leaf/IMG_20251102_155435_aug_27aug52.jpg,Tomato_mold_leaf,Tomato_Early_blight_leaf,0.947963535785675,0,1.1961021423339844,8.233752250671387,0.1649646759033203,9.59730052947998
dataset/test/Tomato_mold_leaf/IMG_20251102_155435aug6.jpg,Tomato_mold_leaf,Tomato_Early_blight_leaf,0.9900848865509033,0,1.1408061981201172,8.203770637512207,0.16479873657226562,9.511706352233887
dataset/test/Tomato_mold_leaf/Leaf+mold+tomato+_25283_2529.JPG_aug_36aug118.jpg,Tomato_mold_leaf,Tomato_mold_leaf,0.4389474093914032,1,1.1527681350708008,8.115585327148438,0.16203880310058594,9.432985305786133
dataset/test/Tomato_mold_leaf/Leaf+mold+tomato+_25283_2529.JPG_aug_37aug117.jpg,Tomato_mold_leaf,Tomato_mold_leaf,0.937627911567688,1,1.3194551467895508,8.351456642150879,0.16511154174804688,9.838932037353516
dataset/test/Tomato_mold_leaf/Leaf+mold+tomato+_25283_2529.JPG_aug_38aug119.jpg,Tomato_mold_leaf,Tomato_mold_leaf,0.9702034592628479,1,1.159287452697754,8.031861305236816,0.16378021240234375,9.357354164123535
dataset/test/Tomato_mold_leaf/Leaf+mold+tomato+_25283_2529.JPG_aug_39aug103.jpg,Tomato_mold_leaf,Tomato_mold_leaf,0.8958443999290466,1,1.1626205444335938,8.112975120544434,0.1592245101928711,9.437003135681152
dataset/test/Tomato_mold_leaf/Leaf+mold+tomato+_25283_2529.JPGaug9.jpg,Tomato_mold_leaf,Tomato_mold_leaf,0.9481423497200012,1,1.1726579666137695,9.005887985229492,0.1614828109741211,10.342324256896973
dataset/test/Tomato_mold_leaf/Leaf-mold-caused-by-the-fungal-pathogen-Passalore-fulva-in-tomatoes_aug_16aug33.jpg,Tomato_mold_leaf,Tomato_Septoria_leaf_spot,0.3126696050167084,0,1.0910272598266602,8.252345085144043,0.14913082122802734,9.49454116821289
dataset/test/Tomato_mold_leaf/Leaf-mold-caused-by-the-fungal-pathogen-Passalore-fulva-in-tomatoes_aug_17aug57.jpg,Tomato_mold_leaf,Tomato_Septoria_leaf_spot,0.6687474250793457,0,1.0122308731079102,7.49465274810791,0.1595935821533203,8.669163703918457
dataset/test/Tomato_mold_leaf/Leaf-mold-caused-by-the-fungal-pathogen-Passalore-fulva-in-tomatoes_aug_18aug32.jpg,Tomato_mold_leaf,Tomato_Healthy_leaf,0.8945919871330261,0,1.0848979949951172,7.561432838439941,0.1576681137084961,8.806442260742188
dataset/test/Tomato_mold_leaf/Leaf-mold-caused-by-the-fungal-pathogen-Passalore-fulva-in-tomatoes_aug_19aug53.jpg,Tomato_mold_leaf,Tomato_mold_leaf,0.35820701718330383,1,1.0345258712768555,7.688970565795898,0.16089153289794922,8.886795043945312
dataset/test/Tomato_mold_leaf/Leaf-mold-caused-by-the-fungal-pathogen-Passalore-fulva-in-tomatoesaug4.jpg,Tomato_mold_leaf,Tomato_mold_leaf,0.9340941309928894,1,1.044398307800293,7.736579895019531,0.24770545959472656,9.031591415405273
dataset/test/Tomato_mold_leaf/leaf_mold_nightshade2x500_aug_60aug81.jpg,Tomato_mold_leaf,Tomato_mold_leaf,0.9999996423721313,1,1.0263242721557617,8.019601821899414,0.1570749282836914,9.205537796020508
dataset/test/Tomato_mold_leaf/leaf_mold_nightshade2x500_aug_61aug96.jpg,Tomato_mold_leaf,Tomato_mold_leaf,0.9999998807907104,1,1.0515642166137695,7.686081886291504,0.15933609008789062,8.899664878845215
dataset/test/Tomato_mold_leaf/leaf_mold_nightshade2x500_aug_62aug85.jpg,Tomato_mold_leaf,Tomato_mold_leaf,0.999992847442627,1,1.0382118225097656,7.678006172180176,0.15835285186767578,8.876776695251465
dataset/test/Tomato_mold_leaf/leaf_mold_nightshade2x500_aug_63aug88.jpg,Tomato_mold_leaf,Tomato_mold_leaf,0.9999998807907104,1,1.1071748733520508,7.499393463134766,0.1745767593383789,8.783608436584473
dataset/test/Tomato_mold_leaf/leaf_mold_nightshade2x500aug15.jpg,Tomato_mold_leaf,Tomato_mold_leaf,1.0,1,1.1495275497436523,7.839323043823242,0.16083526611328125,9.152351379394531
dataset/test/Tomato_mold_leaf/leaf_mold_tomato5x1200_jpg.rf.0a5ee47c78e753f9580bfb7744438ebf_aug_52aug101.jpg,Tomato_mold_leaf,Tomato_mold_leaf,1.0,1,1.129953384399414,7.691841125488281,0.15890789031982422,8.983407020568848
dataset/test/Tomato_mold_leaf/leaf_mold_tomato5x1200_jpg.rf.0a5ee47c78e753f9580bfb7744438ebf_aug_53aug108.jpg,Tomato_mold_leaf,Tomato_mold_leaf,1.0,1,1.061619758605957,7.715081214904785,0.1580190658569336,8.937183380126953
dataset/test/Tomato_mold_leaf/leaf_mold_tomato5x1200_jpg.rf.0a5ee47c78e753f9580bfb7744438ebf_aug_54aug115.jpg,Tomato_mold_leaf,Tomato_mold_leaf,1.0,1,1.0677499771118164,8.068231582641602,0.16265010833740234,9.30092716217041
dataset/test/Tomato_mold_leaf/leaf_mold_tomato5x1200_jpg.rf.0a5ee47c78e753f9580bfb7744438ebf_aug_55aug109.jpg,Tomato_mold_leaf,Tomato_mold_leaf,1.0,1,1.1123418807983398,7.878564834594727,0.1588907241821289,9.152371406555176
dataset/test/Tomato_mold_leaf/leaf_mold_tomato5x1200_jpg.rf.0a5ee47c78e753f9580bfb7744438ebfaug13.jpg,Tomato_mold_leaf,Tomato_mold_leaf,1.0,1,1.1118793487548828,8.052231788635254,0.15425968170166016,9.321002960205078
dataset/test/Tomato_mold_leaf/tomato_leaf-mold_04_zoom_aug_4aug36.jpg,Tomato_mold_leaf,Tomato_leaf_late_blight,0.776955246925354,0,1.0965633392333984,7.860359191894531,0.16300106048583984,9.122556686401367
dataset/test/Tomato_mold_leaf/tomato_leaf-mold_04_zoom_aug_5aug48.jpg,Tomato_mold_leaf,Tomato_leaf_late_blight,0.9455179572105408,0,1.1425838470458984,7.8413801193237305,0.16422462463378906,9.150777816772461
dataset/test/Tomato_mold_leaf/tomato_leaf-mold_04_zoom_aug_6aug40.jpg,Tomato_mold_leaf,Tomato_leaf_late_blight,0.9578799605369568,0,1.1446199417114258,7.951509475708008,0.1632242202758789,9.261890411376953
dataset/test/Tomato_mold_leaf/tomato_leaf-mold_04_zoom_aug_7aug34.jpg,Tomato_mold_leaf,Tomato_leaf_late_blight,0.9517802000045776,0,1.1278228759765625,8.000935554504395,0.16250038146972656,9.293648719787598
dataset/test/Tomato_mold_leaf/tomato_leaf-mold_04_zoomaug1.jpg,Tomato_mold_leaf,Tomato_leaf_late_blight,0.9741887450218201,0,1.1035652160644531,7.988805770874023,0.16250228881835938,9.257594108581543
