image_path,true_class,predicted_class,confidence,correct,preprocess_ms,inference_ms,postprocess_ms,total_pipeline_ms
dataset/test/Tomato_Early_blight_leaf/100_46341_aug_5aug62.jpg,Tomato_Early_blight_leaf,Tomato_Early_blight_leaf,0.9599643349647522,1,1.214564323425293,8.38491153717041,0.2630014419555664,9.866570472717285
dataset/test/Tomato_Early_blight_leaf/100_46341_aug_6aug64.jpg,Tomato_Early_blight_leaf,Tomato_Early_blight_leaf,0.9788846969604492,1,1.239990234375,7.572701454162598,0.2017049789428711,9.017230987548828
dataset/test/Tomato_Early_blight_leaf/100_46341_aug_7aug57.jpg,Tomato_Early_blight_leaf,Tomato_Early_blight_leaf,0.9788846969604492,1,1.331620216369629,17.61899757385254,0.17983436584472656,19.133155822753906
dataset/test/Tomato_Early_blight_leaf/100_46341_aug_8aug66.jpg,Tomato_Early_blight_leaf,Tomato_Early_blight_leaf,0.6972240209579468,1,1.1998605728149414,10.613261222839355,0.1810007095336914,11.99678897857666
dataset/test/Tomato_Early_blight_leaf/100_46341_aug_9aug65.jpg,Tomato_Early_blight_leaf,Tomato_Early_blight_leaf,0.9035817384719849,1,2.328145980834961,10.326925277709961,0.18179798126220703,12.839702606201172
dataset/test/Tomato_Early_blight_leaf/100_46341aug1.jpg,Tomato_Early_blight_leaf,Tomato_Early_blight_leaf,0.7827587723731995,1,1.2286376953125,8.055315971374512,0.19542694091796875,9.482029914855957
dataset/test/Tomato_Early_blight_leaf/1723454500663_aug_20aug39.jpg,Tomato_Early_blight_leaf,Tomato_Early_blight_leaf,0.9989734888076782,1,1.090804100036621,7.976741790771484,0.18331623077392578,9.253752708435059
dataset/test/Tomato_Early_blight_leaf/1723454500663_aug_21aug35.jpg,Tomato_Early_blight_leaf,Tomato_Early_blight_leaf,0.9984691739082336,1,1.1136388778686523,7.901278495788574,0.18500137329101562,9.202863693237305
dataset/test/Tomato_Early_blight_leaf/1723454500663_aug_22aug51.jpg,Tomato_Early_blight_leaf,Tomato_Early_blight_leaf,0.9998607635498047,1,1.0842294692993164,7.949463844299316,0.16892719268798828,9.205288887023926
dataset/test/Tomato_Early_blight_leaf/1723454500663_aug_23aug33.jpg,Tomato_Early_blight_leaf,Tomato_Early_blight_leaf,0.9989734888076782,1,1.0782861709594727,7.826999664306641,0.1659259796142578,9.07384204864502
dataset/test/Tomato_Early_blight_leaf/1723454500663_aug_24aug50.jpg,Tomato_Early_blight_leaf,Tomato_Early_blight_leaf,0.9925580024719238,1,1.0950441360473633,7.910074234008789,0.20546436309814453,9.214287757873535
dataset/test/Tomato_Early_blight_leaf/1723454500663aug4.jpg,Tomato_Early_blight_leaf,Tomato_Early_blight_leaf,0.9993904829025269,1,1.0958585739135742,7.8653717041015625,0.17063140869140625,9.134638786315918
dataset/test/Tomato_Early_blight_leaf/1723454507240aug20.jpg,Tomato_Early_blight_leaf,Tomato_Septoria_leaf_spot,0.9771272540092468,0,1.095376968383789,8.126668930053711,0.1624460220336914,9.387197494506836
dataset/test/Tomato_Early_blight_leaf/EB_(981)_aug_65aug107.jpg,Tomato_Early_blight_leaf,Tomato_Early_blight_leaf,0.999963641166687,1,1.1048593521118164,7.643795967102051,0.1645193099975586,8.916285514831543
dataset/test/Tomato_Early_blight_leaf/EB_(981)_aug_66aug102.jpg,Tomato_Early_blight_leaf,Tomato_Early_blight_leaf,0.9999808073043823,1,1.2570257186889648,7.721573829650879,0.1639270782470703,9.14532470703125
dataset/test/Tomato_Early_blight_leaf/EB_(981)_aug_67aug101.jpg,Tomato_Early_blight_leaf,Tomato_Early_blight_leaf,0.9879279732704163,1,1.0915260314941406,8.097244262695312,0.1716318130493164,9.363641738891602
dataset/test/Tomato_Early_blight_leaf/EB_(981)_aug_68aug95.jpg,Tomato_Early_blight_leaf,Tomato_Early_blight_leaf,0.99887615442276,1,1.1602487564086914,8.595023155212402,0.21148395538330078,9.969719886779785
dataset/test/Tomato_Early_blight_leaf/EB_(981)_aug_69aug97.jpg,Tomato_Early_blight_leaf,Tomato_Early_blight_leaf,0.967176616191864,1,1.1461372375488281,8.282726287841797,0.17227935791015625,9.603864669799805
dataset/test/Tomato_Early_blight_leaf/EB_(981)aug13.jpg,Tomato_Early_blight_leaf,Tomato_Early_blight_leaf,0.9832901954650879,1,1.162322998046875,8.326078414916992,0.17303752899169922,9.664105415344238
dataset/test/Tomato_Early_blight_leaf/Early-blight-660x440_aug_0aug61.jpg,Tomato_Early_blight_leaf,Tomato_Early_blight_leaf,0.9662024974822998,1,1.1782684326171875,8.381447792053223,0.17063045501708984,9.733144760131836
dataset/test/Tomato_Early_blight_leaf/Early-blight-660x440_aug_1aug59.jpg,Tomato_Early_blight_leaf,Tomato_Early_blight_leaf,0.68494713306427,1,1.1471385955810547,8.376541137695312,0.17011260986328125,9.69690227508545
dataset/test/Tomato_Early_blight_leaf/Early-blight-660x440_aug_2aug63.jpg,Tomato_Early_blight_leaf,Tomato_Early_blight_leaf,0.9689382314682007,1,1.1320085525512695,8.428653717041016,0.16822338104248047,9.7316255569458
dataset/test/Tomato_Early_blight_leaf/Early-blight-660x440_aug_3aug60.jpg,Tomato_Early_blight_leaf,Tomato_Early_blight_leaf,0.9770614504814148,1,1.1595077514648438,8.46228313446045,0.1682596206665039,9.793014526367188
dataset/test/Tomato_Early_blight_leaf/Early-blight-660x440_aug_4aug58.jpg,Tomato_Early_blight_leaf,Tomato_Early_blight_leaf,0.965610146522522,1,1.1338977813720703,9.261139869689941,0.17148303985595703,10.56929874420166
dataset/test/Tomato_Early_blight_leaf/Early-blight-660x440aug0.jpg,Tomato_Early_blight_leaf,Tomato_Early_blight_leaf,0.9617898464202881,1,1.1555089950561523,8.28831672668457,0.1706867218017578,9.617013931274414
dataset/test/Tomato_Early_blight_leaf/Gls42_change_180_aug_70aug100.jpg,Tomato_Early_blight_leaf,Tomato_Early_blight_leaf,0.9999847412109375,1,1.1005630493164062,8.258039474487305,0.18824195861816406,9.549382209777832
dataset/test/Tomato_Early_blight_leaf/Gls42_change_180_aug_71aug109.jpg,Tomato_Early_blight_leaf,Tomato_Early_blight_leaf,0.9999312162399292,1,1.1068229675292969,8.123372077941895,0.1739635467529297,9.406771659851074
dataset/test/Tomato_Early_blight_leaf/Gls42_change_180_aug_72aug104.jpg,Tomato_Early_blight_leaf,Tomato_Early_blight_leaf,0.9999808073043823,1,1.2362489700317383,8.132502555847168,0.1764087677001953,9.548253059387207
dataset/test/Tomato_Early_blight_leaf/Gls42_change_180_aug_73aug94.jpg,Tomato_Early_blight_leaf,Tomato_Early_blight_leaf,0.9999315738677979,1,1.2676200866699219,8.142632484436035,0.1723346710205078,9.58543872833252
dataset/test/Tomato_Early_blight_leaf/Gls42_change_180_aug_74aug108.jpg,Tomato_Early_blight_leaf,Tomato_Early_blight_leaf,0.999921441078186,1,1.1038217544555664,8.329078674316406,0.17029762268066406,9.606200218200684
dataset/test/Tomato_Early_blight_leaf/Gls42_change_180aug14.jpg,Tomato_Early_blight_leaf,Tomato_Early_blight_leaf,0.9998840093612671,1,1.1218976974487305,8.294429779052734,0.1720743179321289,9.591012954711914
dataset/test/Tomato_Early_blight_leaf/Gls4_mirror_aug_60aug93.jpg,Tomato_Early_blight_leaf,Tomato_Early_blight_leaf,0.9920982122421265,1,1.1275625228881836,8.493301391601562,0.17203807830810547,9.795644760131836
dataset/test/Tomato_Early_blight_leaf/Gls4_mirror_aug_61aug98.jpg,Tomato_Early_blight_leaf,Tomato_Early_blight_leaf,0.9990297555923462,1,1.1044893264770508,8.386116027832031,0.1721487045288086,9.665532112121582
dataset/test/Tomato_Early_blight_leaf/Gls4_mirror_aug_62aug91.jpg,Tomato_Early_blight_leaf,Tomato_Early_blight_leaf,0.9975307583808899,1,1.1321935653686523,8.547801971435547,0.1754436492919922,9.85842227935791
dataset/test/Tomato_Early_blight_leaf/Gls4_mirror_aug_63aug110.jpg,Tomato_Early_blight_leaf,Tomato_Early_blight_leaf,0.9986315369606018,1,1.0876941680908203,8.304262161254883,0.17733478546142578,9.57206916809082
dataset/test/Tomato_Early_blight_leaf/Gls4_mirror_aug_64aug105.jpg,Tomato_Early_blight_leaf,Tomato_Early_blight_leaf,0.9997678399085999,1,1.091416358947754,8.52943229675293,0.16889190673828125,9.792439460754395
dataset/test/Tomato_Early_blight_leaf/Gls4_mirror_vertical_aug_25aug37.jpg,Tomato_Early_blight_leaf,Tomato_Septoria_leaf_spot,0.8081600069999695,0,1.088602066040039,10.82628059387207,0.20775985717773438,12.12623405456543
dataset/test/Tomato_Early_blight_leaf/Gls4_mirror_vertical_aug_26aug41.jpg,Tomato_Early_blight_leaf,Tomato_Septoria_leaf_spot,0.8811307549476624,0,1.3891401290893555,10.876262664794922,0.20792770385742188,12.476903915405273
dataset/test/Tomato_Early_blight_leaf/Gls4_mirror_vertical_aug_27aug40.jpg,Tomato_Early_blight_leaf,Tomato_Early_blight_leaf,0.8646329045295715,1,1.5366230010986328,10.946614265441895,0.20605754852294922,12.692571640014648
dataset/test/Tomato_Early_blight_leaf/Gls4_mirror_vertical_aug_28aug36.jpg,Tomato_Early_blight_leaf,Tomato_Early_blight_leaf,0.7992114424705505,1,1.3893060684204102,10.872428894042969,0.20792675018310547,12.472977638244629
dataset/test/Tomato_Early_blight_leaf/Gls4_mirror_vertical_aug_29aug42.jpg,Tomato_Early_blight_leaf,Tomato_Early_blight_leaf,0.6437184810638428,1,1.440103530883789,10.955373764038086,0.2075948715209961,12.606719017028809
dataset/test/Tomato_Early_blight_leaf/Gls4_mirror_verticalaug5.jpg,Tomato_Early_blight_leaf,Tomato_Early_blight_leaf,0.8520013093948364,1,1.4298620223999023,10.890650749206543,0.2123727798461914,12.536681175231934
dataset/test/Tomato_Early_blight_leaf/Gls4_mirroraug12.jpg,Tomato_Early_blight_leaf,Tomato_Early_blight_leaf,0.9999481439590454,1,1.4771766662597656,11.184226989746094,0.20731544494628906,12.872572898864746
dataset/test/Tomato_Early_blight_leaf/IMG-20240812-WA0445_aug_40aug23.jpg,Tomato_Early_blight_leaf,Tomato_mold_leaf,0.9480336904525757,0,1.4890117645263672,10.88024616241455,0.21051979064941406,12.583386421203613
dataset/test/Tomato_Early_blight_leaf/IMG-20240812-WA0445_aug_41aug28.jpg,Tomato_Early_blight_leaf,Tomato_mold_leaf,0.8026843070983887,0,1.6282529830932617,8.082112312316895,0.16463088989257812,9.877996444702148
dataset/test/Tomato_Early_blight_leaf/IMG-20240812-WA0445_aug_42aug21.jpg,Tomato_Early_blight_leaf,Tomato_mold_leaf,0.9396747350692749,0,1.2094354629516602,7.783684730529785,0.19507694244384766,9.190732955932617
dataset/test/Tomato_Early_blight_leaf/IMG-20240812-WA0445_aug_43aug24.jpg,Tomato_Early_blight_leaf,Tomato_mold_leaf,0.9554238319396973,0,1.1266746520996094,7.691165924072266,0.1629648208618164,8.983656883239746
dataset/test/Tomato_Early_blight_leaf/IMG-20240812-WA0445_aug_44aug22.jpg,Tomato_Early_blight_leaf,Tomato_mold_leaf,0.634022057056427,0,1.1134710311889648,7.885242462158203,0.1630563735961914,9.16426944732666
dataset/test/Tomato_Early_blight_leaf/IMG-20240812-WA0445aug8.jpg,Tomato_Early_blight_leaf,Tomato_leaf_yellow_curl_virus,0.3626234531402588,0,1.1200084686279297,7.682351112365723,0.16237258911132812,8.967453002929688
dataset/test/Tomato_Early_blight_leaf/IMG20240812111749_aug_90aug80.jpg,Tomato_Early_blight_leaf,Tomato_mold_leaf,0.9998915195465088,0,1.187119483947754,7.620814323425293,0.1638345718383789,8.974916458129883
dataset/test/Tomato_Early_blight_leaf/IMG20240812111749_aug_91aug77.jpg,Tomato_Early_blight_leaf,Tomato_mold_leaf,0.9925574064254761,0,1.1740455627441406,8.007908821105957,0.1608724594116211,9.34525203704834
dataset/test/Tomato_Early_blight_leaf/IMG20240812111749_aug_92aug73.jpg,Tomato_Early_blight_leaf,Tomato_mold_leaf,0.9995087385177612,0,1.1014890670776367,7.663239479064941,0.1647052764892578,8.932343482971191
dataset/test/Tomato_Early_blight_leaf/IMG20240812111749_aug_93aug71.jpg,Tomato_Early_blight_leaf,Tomato_mold_leaf,0.999941349029541,0,1.1243219375610352,8.094205856323242,0.16361236572265625,9.385363578796387
dataset/test/Tomato_Early_blight_leaf/IMG20240812111749_aug_94aug74.jpg,Tomato_Early_blight_leaf,Tomato_mold_leaf,0.9844161868095398,0,1.2149906158447266,7.457330703735352,0.3058357238769531,8.981343269348145
dataset/test/Tomato_Early_blight_leaf/IMG20240812111749aug18.jpg,Tomato_Early_blight_leaf,Tomato_mold_leaf,0.9951106905937195,0,1.1348047256469727,8.076613426208496,0.16913127899169922,9.383678436279297
dataset/test/Tomato_Early_blight_leaf/IMG_20251102_155150_aug_30aug34.jpg,Tomato_Early_blight_leaf,Tomato_Early_blight_leaf,0.9999985694885254,1,1.2328968048095703,7.913908004760742,0.17122364044189453,9.32082462310791
dataset/test/Tomato_Early_blight_leaf/IMG_20251102_155150_aug_31aug43.jpg,Tomato_Early_blight_leaf,Tomato_Early_blight_leaf,0.9999984502792358,1,1.148859977722168,8.113187789916992,0.17222213745117188,9.437769889831543
dataset/test/Tomato_Early_blight_leaf/IMG_20251102_155150_aug_32aug44.jpg,Tomato_Early_blight_leaf,Tomato_Early_blight_leaf,1.0,1,1.1237859725952148,8.412505149841309,0.17035293579101562,9.709606170654297
dataset/test/Tomato_Early_blight_leaf/IMG_20251102_155150_aug_33aug38.jpg,Tomato_Early_blight_leaf,Tomato_Early_blight_leaf,0.9999997615814209,1,1.13250732421875,8.197613716125488,0.16814899444580078,9.501012802124023
dataset/test/Tomato_Early_blight_leaf/IMG_20251102_155150_aug_34aug32.jpg,Tomato_Early_blight_leaf,Tomato_Early_blight_leaf,0.9999986886978149,1,1.0968217849731445,8.12313175201416,0.16875934600830078,9.391695976257324
dataset/test/Tomato_Early_blight_leaf/IMG_20251102_155150aug6.jpg,Tomato_Early_blight_leaf,Tomato_Early_blight_leaf,0.9999997615814209,1,1.1192312240600586,8.1663179397583,0.1680011749267578,9.456400871276855
dataset/test/Tomato_Early_blight_leaf/IMG_20251102_155153_aug_85aug72.jpg,Tomato_Early_blight_leaf,Tomato_Early_blight_leaf,0.9999998807907104,1,1.1870641708374023,8.158038139343262,0.16848278045654297,9.516364097595215
dataset/test/Tomato_Early_blight_leaf/IMG_20251102_155153_aug_86aug78.jpg,Tomato_Early_blight_leaf,Tomato_Early_blight_leaf,0.9999997615814209,1,1.1503238677978516,8.216206550598145,0.2314453125,9.601141929626465
dataset/test/Tomato_Early_blight_leaf/IMG_20251102_155153_aug_87aug76.jpg,Tomato_Early_blight_leaf,Tomato_Early_blight_leaf,0.9999998807907104,1,1.123971939086914,7.923927307128906,0.16750049591064453,9.218603134155273
dataset/test/Tomato_Early_blight_leaf/IMG_20251102_155153_aug_88aug79.jpg,Tomato_Early_blight_leaf,Tomato_Early_blight_leaf,0.9999963045120239,1,1.1935272216796875,8.014501571655273,0.17138957977294922,9.382233619689941
dataset/test/Tomato_Early_blight_leaf/IMG_20251102_155153_aug_89aug75.jpg,Tomato_Early_blight_leaf,Tomato_Early_blight_leaf,0.9999997615814209,1,1.0881195068359375,8.086427688598633,0.1728343963623047,9.350456237792969
dataset/test/Tomato_Early_blight_leaf/IMG_20251102_155153aug17.jpg,Tomato_Early_blight_leaf,Tomato_Early_blight_leaf,0.9999997615814209,1,1.1506004333496094,8.111834526062012,0.17581558227539062,9.441473960876465
dataset/test/Tomato_Early_blight_leaf/IMG_20251102_155207_aug_10aug47.jpg,Tomato_Early_blight_leaf,Tomato_Early_blight_leaf,0.9293344020843506,1,1.1497468948364258,8.102280616760254,0.17946434020996094,9.43467903137207
dataset/test/Tomato_Early_blight_leaf/IMG_20251102_155207_aug_11aug56.jpg,Tomato_Early_blight_leaf,Tomato_Early_blight_leaf,0.975850522518158,1,1.1337862014770508,8.074187278747559,0.17788982391357422,9.388808250427246
dataset/test/Tomato_Early_blight_leaf/IMG_20251102_155207_aug_12aug45.jpg,Tomato_Early_blight_leaf,Tomato_Early_blight_leaf,0.9947280287742615,1,1.1108598709106445,8.044205665588379,0.16855812072753906,9.326640129089355
dataset/test/Tomato_Early_blight_leaf/IMG_20251102_155207_aug_13aug48.jpg,Tomato_Early_blight_leaf,Tomato_Early_blight_leaf,0.9779192805290222,1,1.1234893798828125,8.061946868896484,0.1700582504272461,9.358844757080078
dataset/test/Tomato_Early_blight_leaf/IMG_20251102_155207_aug_14aug49.jpg,Tomato_Early_blight_leaf,Tomato_Early_blight_leaf,0.965268611907959,1,1.117396354675293,7.9533891677856445,0.16740798950195312,9.241565704345703
dataset/test/Tomato_Early_blight_leaf/IMG_20251102_155207aug2.jpg,Tomato_Early_blight_leaf,Tomato_Early_blight_leaf,0.96783047914505,1,1.132619857788086,8.1072998046875,0.17646312713623047,9.420233726501465
dataset/test/Tomato_Early_blight_leaf/IMG_20251102_155305_aug_35aug25.jpg,Tomato_Early_blight_leaf,Tomato_Early_blight_leaf,0.5690804123878479,1,1.149174690246582,8.107168197631836,0.16898345947265625,9.428659439086914
dataset/test/Tomato_Early_blight_leaf/IMG_20251102_155305_aug_36aug27.jpg,Tomato_Early_blight_leaf,Tomato_Septoria_leaf_spot,0.5693275928497314,0,1.113433837890625,8.14118766784668,0.16551876068115234,9.422863006591797
dataset/test/Tomato_Early_blight_leaf/IMG_20251102_155305_aug_37aug29.jpg,Tomato_Early_blight_leaf,Tomato_Early_blight_leaf,0.9202075004577637,1,1.1153593063354492,7.951038360595703,0.21005630493164062,9.27963924407959
dataset/test/Tomato_Early_blight_leaf/IMG_20251102_155305_aug_38aug31.jpg,Tomato_Early_blight_leaf,Tomato_Early_blight_leaf,0.8986663222312927,1,1.1321754455566406,8.017539024353027,0.17763137817382812,9.330435752868652
dataset/test/Tomato_Early_blight_leaf/IMG_20251102_155305_aug_39aug26.jpg,Tomato_Early_blight_leaf,Tomato_Early_blight_leaf,0.5638506412506104,1,1.1150083541870117,8.004388809204102,0.17090797424316406,9.293176651000977
dataset/test/Tomato_Early_blight_leaf/IMG_20251102_155305aug7.jpg,Tomato_Early_blight_leaf,Tomato_Early_blight_leaf,0.8907074332237244,1,1.1172666549682617,8.107187271118164,0.20307445526123047,9.430196762084961
dataset/test/Tomato_Early_blight_leaf/IMG_20251102_155853_aug_55aug106.jpg,Tomato_Early_blight_leaf,Tomato_leaf_late_blight,0.9951883554458618,0,1.1301555633544922,8.07815170288086,0.16905689239501953,9.380029678344727
dataset/test/Tomato_Early_blight_leaf/IMG_20251102_155853_aug_56aug92.jpg,Tomato_Early_blight_leaf,Tomato_leaf_late_blight,0.9998961687088013,0,1.1166372299194336,8.12209415435791,0.17672443389892578,9.41891860961914
dataset/test/Tomato_Early_blight_leaf/IMG_20251102_155853_aug_57aug96.jpg,Tomato_Early_blight_leaf,Tomato_leaf_late_blight,0.9990983009338379,0,1.1673603057861328,8.029223442077637,0.16726016998291016,9.366900444030762
dataset/test/Tomato_Early_blight_leaf/IMG_20251102_155853_aug_58aug103.jpg,Tomato_Early_blight_leaf,Tomato_leaf_late_blight,0.9993557333946228,0,1.1110820770263672,8.171669006347656,0.16864871978759766,9.454141616821289
dataset/test/Tomato_Early_blight_leaf/IMG_20251102_155853_aug_59aug99.jpg,Tomato_Early_blight_leaf,Tomato_leaf_late_blight,0.9839336276054382,0,1.1337862014770508,8.130743980407715,0.1677236557006836,9.435030937194824
dataset/test/Tomato_Early_blight_leaf/IMG_20251102_155853aug11.jpg,Tomato_Early_blight_leaf,Tomato_leaf_late_blight,0.9997597336769104,0,1.1574163436889648,8.140854835510254,0.16827869415283203,9.468993186950684
dataset/test/Tomato_Early_blight_leaf/IMG_20251102_160046_aug_95aug70.jpg,Tomato_Early_blight_leaf,Tomato_Early_blight_leaf,0.9852792024612427,1,1.103285789489746,8.116762161254883,0.16961193084716797,9.392271041870117
dataset/test/Tomato_Early_blight_leaf/IMG_20251102_160046_aug_96aug69.jpg,Tomato_Early_blight_leaf,Tomato_Early_blight_leaf,0.9900239109992981,1,1.1506195068359375,7.982353210449219,0.15990829467773438,9.295141220092773
dataset/test/Tomato_Early_blight_leaf/IMG_20251102_160046_aug_97aug67.jpg,Tomato_Early_blight_leaf,Tomato_Early_blight_leaf,0.9956579208374023,1,1.1393985748291016,7.778925895690918,0.16585350036621094,9.086749076843262
dataset/test/Tomato_Early_blight_leaf/IMG_20251102_160046_aug_98aug68.jpg,Tomato_Early_blight_leaf,Tomato_Early_blight_leaf,0.9805210828781128,1,1.147989273071289,7.9876861572265625,0.16602039337158203,9.30449390411377
dataset/test/Tomato_Early_blight_leaf/IMG_20251102_160046aug19.jpg,Tomato_Early_blight_leaf,Tomato_Early_blight_leaf,0.9239262342453003,1,1.1119699478149414,7.812444686889648,0.16602039337158203,9.093121528625488
dataset/test/Tomato_Early_blight_leaf/IMG_20251102_160055_aug_15aug53.jpg,Tomato_Early_blight_leaf,Tomato_Early_blight_leaf,0.9999841451644897,1,1.1377668380737305,8.03788948059082,0.1673717498779297,9.34606647491455
dataset/test/Tomato_Early_blight_leaf/IMG_20251102_160055_aug_16aug55.jpg,Tomato_Early_blight_leaf,Tomato_Early_blight_leaf,0.9999796152114868,1,1.0738210678100586,7.982705116271973,0.17818641662597656,9.237176895141602
dataset/test/Tomato_Early_blight_leaf/IMG_20251102_160055_aug_17aug46.jpg,Tomato_Early_blight_leaf,Tomato_Early_blight_leaf,0.9999903440475464,1,1.0822114944458008,7.822667121887207,0.1652240753173828,9.073046684265137
dataset/test/Tomato_Early_blight_leaf/IMG_20251102_160055_aug_18aug54.jpg,Tomato_Early_blight_leaf,Tomato_Early_blight_leaf,0.9999445676803589,1,1.1544914245605469,7.819129943847656,0.1718158721923828,9.148361206054688
dataset/test/Tomato_Early_blight_leaf/IMG_20251102_160055_aug_19aug52.jpg,Tomato_Early_blight_leaf,Tomato_Early_blight_leaf,0.9999977350234985,1,1.1178960800170898,7.904909133911133,0.16855621337890625,9.194361686706543
dataset/test/Tomato_Early_blight_leaf/IMG_20251102_160055aug3.jpg,Tomato_Early_blight_leaf,Tomato_Early_blight_leaf,0.9999862909317017,1,1.089360237121582,8.050686836242676,0.17037105560302734,9.313139915466309
dataset/test/Tomato_Early_blight_leaf/IMG_20251102_160217_aug_75aug82.jpg,Tomato_Early_blight_leaf,Tomato_Early_blight_leaf,0.9999949932098389,1,1.0969152450561523,7.965020179748535,0.16840839385986328,9.233084678649902
dataset/test/Tomato_Early_blight_leaf/IMG_20251102_160217_aug_76aug83.jpg,Tomato_Early_blight_leaf,Tomato_Early_blight_leaf,0.9999206066131592,1,1.1149530410766602,7.9278154373168945,0.1677417755126953,9.213455200195312
dataset/test/Tomato_Early_blight_leaf/IMG_20251102_160217_aug_77aug90.jpg,Tomato_Early_blight_leaf,Tomato_Early_blight_leaf,0.9999898672103882,1,1.109971046447754,8.11205768585205,0.16857528686523438,9.39371395111084
dataset/test/Tomato_Early_blight_leaf/IMG_20251102_160217_aug_78aug81.jpg,Tomato_Early_blight_leaf,Tomato_Early_blight_leaf,0.9999899864196777,1,1.1050081253051758,8.52441120147705,0.2029094696044922,9.835162162780762
dataset/test/Tomato_Early_blight_leaf/IMG_20251102_160217_aug_79aug86.jpg,Tomato_Early_blight_leaf,Tomato_Early_blight_leaf,0.9999971389770508,1,1.1149711608886719,7.982908248901367,0.1718893051147461,9.272287368774414
dataset/test/Tomato_Early_blight_leaf/IMG_20251102_160217aug15.jpg,Tomato_Early_blight_leaf,Tomato_Early_blight_leaf,0.9999969005584717,1,1.0995254516601562,8.031576156616211,0.24009323120117188,9.373882293701172
dataset/test/Tomato_Early_blight_leaf/IMG_20251102_160523_aug_50aug114.jpg,Tomato_Early_blight_leaf,Tomato_Early_blight_leaf,0.9999990463256836,1,2.2014055252075195,8.230484962463379,0.17522335052490234,10.610039710998535
dataset/test/Tomato_Early_blight_leaf/IMG_20251102_160523_aug_51aug111.jpg,Tomato_Early_blight_leaf,Tomato_Early_blight_leaf,1.0,1,1.143416404724121,8.28659725189209,0.16824054718017578,9.600919723510742
dataset/test/Tomato_Early_blight_leaf/IMG_20251102_160523_aug_52aug112.jpg,Tomato_Early_blight_leaf,Tomato_Early_blight_leaf,0.9999949932098389,1,1.3518438339233398,18.26400089263916,0.1728525161743164,19.791733741760254
dataset/test/Tomato_Early_blight_leaf/IMG_20251102_160523_aug_53aug115.jpg,Tomato_Early_blight_leaf,Tomato_Early_blight_leaf,0.9999945163726807,1,1.1950645446777344,12.200364112854004,0.18768596649169922,13.58598518371582
dataset/test/Tomato_Early_blight_leaf/IMG_20251102_160523_aug_54aug113.jpg,Tomato_Early_blight_leaf,Tomato_Early_blight_leaf,0.9999992847442627,1,1.3179349899291992,8.241632461547852,0.17485332489013672,9.73747730255127
dataset/test/Tomato_Early_blight_leaf/IMG_20251102_160523aug10.jpg,Tomato_Early_blight_leaf,Tomato_Early_blight_leaf,0.9999998807907104,1,1.145359992980957,8.053668975830078,0.1712789535522461,9.3732328414917
dataset/test/Tomato_Early_blight_leaf/IMG_20251102_161202_aug_45aug118.jpg,Tomato_Early_blight_leaf,Tomato_Early_blight_leaf,0.9999470710754395,1,1.2190275192260742,8.006057739257812,0.17975997924804688,9.407715797424316
dataset/test/Tomato_Early_blight_leaf/IMG_20251102_161202_aug_46aug116.jpg,Tomato_Early_blight_leaf,Tomato_Early_blight_leaf,0.9999470710754395,1,1.1604156494140625,8.131872177124023,0.17316818237304688,9.467975616455078
dataset/test/Tomato_Early_blight_leaf/IMG_20251102_161202_aug_47aug117.jpg,Tomato_Early_blight_leaf,Tomato_Early_blight_leaf,0.9999951124191284,1,1.181619644165039,8.137687683105469,0.17148303985595703,9.494160652160645
dataset/test/Tomato_Early_blight_leaf/IMG_20251102_161202_aug_48aug30.jpg,Tomato_Early_blight_leaf,Tomato_Early_blight_leaf,0.9999972581863403,1,1.1940441131591797,7.947871208190918,0.17107582092285156,9.315491676330566
dataset/test/Tomato_Early_blight_leaf/IMG_20251102_161202_aug_49aug119.jpg,Tomato_Early_blight_leaf,Tomato_Early_blight_leaf,0.9999608993530273,1,1.2139701843261719,8.056318283081055,0.1722431182861328,9.445530891418457
dataset/test/Tomato_Early_blight_leaf/IMG_20251102_161202aug9.jpg,Tomato_Early_blight_leaf,Tomato_Early_blight_leaf,0.9999995231628418,1,1.2415094375610352,8.109539985656738,0.2016134262084961,9.555383682250977
dataset/test/Tomato_Early_blight_leaf/early_blight_jpg.rf.1091c0a2a9a3da5b9ad688c89298614c_aug_80aug87.jpg,Tomato_Early_blight_leaf,Tomato_Early_blight_leaf,0.9900623559951782,1,1.123600959777832,8.10905647277832,0.16731643676757812,9.40265941619873
dataset/test/Tomato_Early_blight_leaf/early_blight_jpg.rf.1091c0a2a9a3da5b9ad688c89298614c_aug_81aug84.jpg,Tomato_Early_blight_leaf,Tomato_Early_blight_leaf,0.972263753414154,1,1.1085262298583984,8.08820629119873,0.1826305389404297,9.3829927444458
dataset/test/Tomato_Early_blight_leaf/early_blight_jpg.rf.1091c0a2a9a3da5b9ad688c89298614c_aug_82aug89.jpg,Tomato_Early_blight_leaf,Tomato_Early_blight_leaf,0.9875797629356384,1,1.1718788146972656,8.130130767822266,0.16827869415283203,9.47317886352539
dataset/test/Tomato_Early_blight_leaf/early_blight_jpg.rf.1091c0a2a9a3da5b9ad688c89298614c_aug_83aug85.jpg,Tomato_Early_blight_leaf,Tomato_Early_blight_leaf,0.9962900876998901,1,1.2459907531738281,7.934261322021484,0.1679830551147461,9.351029396057129
dataset/test/Tomato_Early_blight_leaf/early_blight_jpg.rf.1091c0a2a9a3da5b9ad688c89298614c_aug_84aug88.jpg,Tomato_Early_blight_leaf,Tomato_Early_blight_leaf,0.9140662550926208,1,1.1377859115600586,7.990631103515625,0.16605663299560547,9.297065734863281
dataset/test/Tomato_Early_blight_leaf/early_blight_jpg.rf.1091c0a2a9a3da5b9ad688c89298614caug16.jpg,Tomato_Early_blight_leaf,Tomato_Early_blight_leaf,0.962952196598053,1,1.1627302169799805,8.145243644714355,0.16563129425048828,9.476216316223145
dataset/test/Tomato_Healthy_leaf/20140818-tomato-sauce-vicky-wasik-1_jpg.rf.d3d9b4a0642e72ba76b40dbdfff8b9f7_aug_6aug50.jpg,Tomato_Healthy_leaf,Tomato_Healthy_leaf,0.9999446868896484,1,1.085489273071289,8.221725463867188,0.16576099395751953,9.475568771362305
dataset/test/Tomato_Healthy_leaf/20140818-tomato-sauce-vicky-wasik-1_jpg.rf.d3d9b4a0642e72ba76b40dbdfff8b9f7_aug_7aug56.jpg,Tomato_Healthy_leaf,Tomato_Healthy_leaf,0.9999727010726929,1,1.0592851638793945,7.912981986999512,0.1823720932006836,9.157047271728516
dataset/test/Tomato_Healthy_leaf/20140818-tomato-sauce-vicky-wasik-1_jpg.rf.d3d9b4a0642e72ba76b40dbdfff8b9f7aug3.jpg,Tomato_Healthy_leaf,Tomato_Healthy_leaf,0.999943733215332,1,1.199620246887207,8.111298561096191,0.16640758514404297,9.480253219604492
dataset/test/Tomato_Healthy_leaf/2015-09-17-01_aug_20aug110.jpg,Tomato_Healthy_leaf,Tomato_Healthy_leaf,0.9887851476669312,1,1.2222490310668945,7.994149208068848,0.17002010345458984,9.389104843139648
dataset/test/Tomato_Healthy_leaf/2015-09-17-01_aug_21aug114.jpg,Tomato_Healthy_leaf,Tomato_Healthy_leaf,0.9955957531929016,1,1.1005067825317383,8.103188514709473,0.1807231903076172,9.388030052185059
dataset/test/Tomato_Healthy_leaf/2015-09-17-01aug10.jpg,Tomato_Healthy_leaf,Tomato_Healthy_leaf,0.9971842169761658,1,1.1291942596435547,9.00789737701416,0.17087078094482422,10.310871124267578
dataset/test/Tomato_Healthy_leaf/Basil_2Binfected_2Bby_2BTomato_2BSpotted_2BWilt_2BVirus_aug_2aug59.jpg,Tomato_Healthy_leaf,Tomato_Healthy_leaf,0.6528618335723877,1,1.101729393005371,8.154001235961914,0.16996479034423828,9.428733825683594
dataset/test/Tomato_Healthy_leaf/Basil_2Binfected_2Bby_2BTomato_2BSpotted_2BWilt_2BVirus_aug_3aug51.jpg,Tomato_Healthy_leaf,Tomato_Healthy_leaf,0.9864314198493958,1,1.1272306442260742,8.136151313781738,0.18396472930908203,9.450400352478027
dataset/test/Tomato_Healthy_leaf/Basil_2Binfected_2Bby_2BTomato_2BSpotted_2BWilt_2BVirusaug1.jpg,Tomato_Healthy_leaf,Tomato_Healthy_leaf,0.9901244044303894,1,1.1251373291015625,8.192854881286621,0.17242717742919922,9.493123054504395
dataset/test/Tomato_Healthy_leaf/Fig-2_aug_22aug102.jpg,Tomato_Healthy_leaf,Tomato_Healthy_leaf,0.9284694194793701,1,1.1229705810546875,8.213799476623535,0.18077945709228516,9.520975112915039
dataset/test/Tomato_Healthy_leaf/Fig-2_aug_23aug90.jpg,Tomato_Healthy_leaf,Tomato_Septoria_leaf_spot,0.44712620973587036,0,1.1933422088623047,8.26185417175293,0.16879653930664062,9.626753807067871
dataset/test/Tomato_Healthy_leaf/Fig-2aug11.jpg,Tomato_Healthy_leaf,Tomato_Healthy_leaf,0.5978828072547913,1,1.1288776397705078,8.333077430725098,0.16396331787109375,9.628216743469238
dataset/test/Tomato_Healthy_leaf/HL_(103)aug39.jpg,Tomato_Healthy_leaf,Tomato_Healthy_leaf,0.999998927116394,1,1.1468400955200195,8.108428955078125,0.18431663513183594,9.442622184753418
dataset/test/Tomato_Healthy_leaf/HL_(118)_aug_38aug103.jpg,Tomato_Healthy_leaf,Tomato_Healthy_leaf,1.0,1,1.215287208557129,8.272595405578613,0.17305660247802734,9.66351318359375
dataset/test/Tomato_Healthy_leaf/HL_(118)_aug_39aug104.jpg,Tomato_Healthy_leaf,Tomato_Healthy_leaf,1.0,1,1.1320276260375977,8.192058563232422,0.18326091766357422,9.510567665100098
dataset/test/Tomato_Healthy_leaf/HL_(118)aug19.jpg,Tomato_Healthy_leaf,Tomato_Healthy_leaf,0.9999997615814209,1,1.1657867431640625,8.480097770690918,0.1711864471435547,9.820053100585938
dataset/test/Tomato_Healthy_leaf/HL_(165)_aug_28aug105.jpg,Tomato_Healthy_leaf,Tomato_Healthy_leaf,0.9999488592147827,1,1.1445999145507812,8.261632919311523,0.16909503936767578,9.578346252441406
dataset/test/Tomato_Healthy_leaf/HL_(165)_aug_29aug91.jpg,Tomato_Healthy_leaf,Tomato_Healthy_leaf,0.9999945163726807,1,1.1810998916625977,8.20983600616455,0.18587207794189453,9.579660415649414
dataset/test/Tomato_Healthy_leaf/HL_(165)aug14.jpg,Tomato_Healthy_leaf,Tomato_Healthy_leaf,0.9999938011169434,1,1.1514711380004883,10.347684860229492,0.20694637298583984,11.709453582763672
dataset/test/Tomato_Healthy_leaf/HL_(61)_aug_50aug83.jpg,Tomato_Healthy_leaf,Tomato_Healthy_leaf,0.9382217526435852,1,1.5827703475952148,10.95470905303955,0.20065021514892578,12.741424560546875
dataset/test/Tomato_Healthy_leaf/HL_(61)_aug_51aug76.jpg,Tomato_Healthy_leaf,Tomato_Healthy_leaf,0.981423556804657,1,1.4426393508911133,10.756391525268555,0.20909404754638672,12.411513328552246
dataset/test/Tomato_Healthy_leaf/HL_(61)aug25.jpg,Tomato_Healthy_leaf,Tomato_Healthy_leaf,0.9952770471572876,1,1.4241018295288086,10.73524284362793,0.20711326599121094,12.370200157165527
dataset/test/Tomato_Healthy_leaf/HL_(62)aug36.jpg,Tomato_Healthy_leaf,Tomato_Healthy_leaf,0.9999539852142334,1,1.5063819885253906,10.84598445892334,0.20637035369873047,12.562274932861328
dataset/test/Tomato_Healthy_leaf/IMG_20251102_161618_aug_58aug71.jpg,Tomato_Healthy_leaf,Tomato_Healthy_leaf,0.9999322891235352,1,1.5458993911743164,10.818466186523438,0.2201671600341797,12.589034080505371
dataset/test/Tomato_Healthy_leaf/IMG_20251102_161618_aug_59aug63.jpg,Tomato_Healthy_leaf,Tomato_Healthy_leaf,0.9212856292724609,1,1.6890478134155273,11.29769229888916,0.20718669891357422,13.197668075561523
dataset/test/Tomato_Healthy_leaf/IMG_20251102_161618aug29.jpg,Tomato_Healthy_leaf,Tomato_Healthy_leaf,0.6764298677444458,1,1.5692329406738281,10.8212251663208,0.2507801055908203,12.64488697052002
dataset/test/Tomato_Healthy_leaf/IMG_20251102_161625aug44.jpg,Tomato_Healthy_leaf,Tomato_Healthy_leaf,0.9992231130599976,1,1.5427331924438477,9.059009552001953,0.19414901733398438,10.80376148223877
dataset/test/Tomato_Healthy_leaf/IMG_20251102_161629_aug_10aug115.jpg,Tomato_Healthy_leaf,Tomato_Healthy_leaf,0.9982234835624695,1,1.1793785095214844,8.014557838439941,0.1769084930419922,9.37386417388916
dataset/test/Tomato_Healthy_leaf/IMG_20251102_161629_aug_11aug109.jpg,Tomato_Healthy_leaf,Tomato_Healthy_leaf,0.9999433755874634,1,1.1195449829101562,7.927297592163086,0.18381595611572266,9.233658790588379
dataset/test/Tomato_Healthy_leaf/IMG_20251102_161629aug5.jpg,Tomato_Healthy_leaf,Tomato_Healthy_leaf,0.9999958276748657,1,1.1866941452026367,7.956520080566406,0.1671314239501953,9.312788009643555
dataset/test/Tomato_Healthy_leaf/IMG_20251102_161652aug43.jpg,Tomato_Healthy_leaf,Tomato_Healthy_leaf,0.9999758005142212,1,1.2461557388305664,7.846538543701172,0.16759300231933594,9.263400077819824
dataset/test/Tomato_Healthy_leaf/IMG_20251102_161826_aug_60aug68.jpg,Tomato_Healthy_leaf,Tomato_Healthy_leaf,0.9984391331672668,1,1.1688785552978516,8.204133033752441,0.16783523559570312,9.543752670288086
dataset/test/Tomato_Healthy_leaf/IMG_20251102_161826_aug_61aug62.jpg,Tomato_Healthy_leaf,Tomato_Healthy_leaf,0.9999440908432007,1,1.132730484008789,8.234539985656738,0.20548248291015625,9.576160430908203
dataset/test/Tomato_Healthy_leaf/IMG_20251102_161826aug30.jpg,Tomato_Healthy_leaf,Tomato_Healthy_leaf,0.9999011754989624,1,1.1811199188232422,8.183466911315918,0.16901874542236328,9.536087036132812
dataset/test/Tomato_Healthy_leaf/IMG_20251102_161850_aug_56aug74.jpg,Tomato_Healthy_leaf,Tomato_Healthy_leaf,0.9754220247268677,1,1.231398582458496,8.15694808959961,0.16787147521972656,9.559179306030273
dataset/test/Tomato_Healthy_leaf/IMG_20251102_161850_aug_57aug72.jpg,Tomato_Healthy_leaf,Tomato_Healthy_leaf,0.9879353046417236,1,1.1474342346191406,7.869406700134277,0.1629638671875,9.182844161987305
dataset/test/Tomato_Healthy_leaf/IMG_20251102_161850aug28.jpg,Tomato_Healthy_leaf,Tomato_Healthy_leaf,0.9822267293930054,1,1.103118896484375,7.886279106140137,0.1660938262939453,9.158491134643555
dataset/test/Tomato_Healthy_leaf/IMG_20251102_161859aug38.jpg,Tomato_Healthy_leaf,Tomato_Healthy_leaf,0.9999581575393677,1,1.1124687194824219,8.039223670959473,0.1703166961669922,9.324899673461914
dataset/test/Tomato_Healthy_leaf/IMG_20251102_161935_aug_4aug55.jpg,Tomato_Healthy_leaf,Tomato_Healthy_leaf,1.0,1,1.1768226623535156,8.355447769165039,0.16874122619628906,9.70384693145752
dataset/test/Tomato_Healthy_leaf/IMG_20251102_161935_aug_5aug53.jpg,Tomato_Healthy_leaf,Tomato_Healthy_leaf,1.0,1,1.121638298034668,8.259744644165039,0.16557598114013672,9.550271987915039
dataset/test/Tomato_Healthy_leaf/IMG_20251102_161935aug2.jpg,Tomato_Healthy_leaf,Tomato_Healthy_leaf,0.9999998807907104,1,1.1292858123779297,8.344837188720703,0.17000102996826172,9.64753246307373
dataset/test/Tomato_Healthy_leaf/IMG_20251102_162037aug45.jpg,Tomato_Healthy_leaf,Tomato_Healthy_leaf,0.9947768449783325,1,1.1851558685302734,8.044427871704102,0.18179702758789062,9.414122581481934
dataset/test/Tomato_Healthy_leaf/h100_lower_aug_54aug73.jpg,Tomato_Healthy_leaf,Tomato_Healthy_leaf,0.9999912977218628,1,1.2224721908569336,8.195151329040527,0.182464599609375,9.603347778320312
dataset/test/Tomato_Healthy_leaf/h100_lower_aug_55aug75.jpg,Tomato_Healthy_leaf,Tomato_Healthy_leaf,0.9999916553497314,1,1.167637825012207,8.130762100219727,0.1704263687133789,9.471881866455078
dataset/test/Tomato_Healthy_leaf/h100_loweraug27.jpg,Tomato_Healthy_leaf,Tomato_Healthy_leaf,0.9999428987503052,1,1.1554527282714844,8.361597061157227,0.16944599151611328,9.689031600952148
dataset/test/Tomato_Healthy_leaf/h101_aug_18aug119.jpg,Tomato_Healthy_leaf,Tomato_Healthy_leaf,0.9966720342636108,1,1.1240262985229492,8.166354179382324,0.1698904037475586,9.463030815124512
dataset/test/Tomato_Healthy_leaf/h101_aug_19aug116.jpg,Tomato_Healthy_leaf,Tomato_Healthy_leaf,0.9811993837356567,1,1.1884708404541016,8.265912055969238,0.17929649353027344,9.637104988098145
dataset/test/Tomato_Healthy_leaf/h101aug9.jpg,Tomato_Healthy_leaf,Tomato_Healthy_leaf,0.9859144687652588,1,1.142064094543457,8.236335754394531,0.1770009994506836,9.559013366699219
dataset/test/Tomato_Healthy_leaf/h103_aug_42aug82.jpg,Tomato_Healthy_leaf,Tomato_Healthy_leaf,0.9999886751174927,1,1.1413421630859375,8.319465637207031,0.1688528060913086,9.632938385009766
dataset/test/Tomato_Healthy_leaf/h103_aug_43aug77.jpg,Tomato_Healthy_leaf,Tomato_Healthy_leaf,0.9999815225601196,1,1.121840476989746,8.291873931884766,0.16948318481445312,9.585993766784668
dataset/test/Tomato_Healthy_leaf/h103aug21.jpg,Tomato_Healthy_leaf,Tomato_Healthy_leaf,0.99996018409729,1,1.1235637664794922,8.295096397399902,0.17331695556640625,9.594586372375488
dataset/test/Tomato_Healthy_leaf/h1_change_90_aug_12aug118.jpg,Tomato_Healthy_leaf,Tomato_Healthy_leaf,0.9999959468841553,1,1.180008888244629,8.263911247253418,0.16653823852539062,9.613550186157227
dataset/test/Tomato_Healthy_leaf/h1_change_90_aug_13aug108.jpg,Tomato_Healthy_leaf,Tomato_Healthy_leaf,0.9999767541885376,1,1.1348228454589844,8.257206916809082,0.1593341827392578,9.554271697998047
dataset/test/Tomato_Healthy_leaf/h1_change_90aug6.jpg,Tomato_Healthy_leaf,Tomato_Healthy_leaf,0.9999983310699463,1,1.108119010925293,8.142131805419922,0.1687793731689453,9.421696662902832
dataset/test/Tomato_Healthy_leaf/h39_change_270aug48.jpg,Tomato_Healthy_leaf,Tomato_Healthy_leaf,0.9994483590126038,1,1.2033958435058594,8.165316581726074,0.17194557189941406,9.543253898620605
dataset/test/Tomato_Healthy_leaf/h39_hight_aug_40aug96.jpg,Tomato_Healthy_leaf,Tomato_Healthy_leaf,0.9996243715286255,1,1.1620817184448242,8.135391235351562,0.1679830551147461,9.468270301818848
dataset/test/Tomato_Healthy_leaf/h39_hight_aug_41aug98.jpg,Tomato_Healthy_leaf,Tomato_Healthy_leaf,0.9999278783798218,1,1.1627483367919922,8.293299674987793,0.16901874542236328,9.628087997436523
dataset/test/Tomato_Healthy_leaf/h39_hightaug20.jpg,Tomato_Healthy_leaf,Tomato_Healthy_leaf,0.9994232654571533,1,1.1190080642700195,8.226113319396973,0.17704010009765625,9.525733947753906
dataset/test/Tomato_Healthy_leaf/h39_lower_aug_30aug95.jpg,Tomato_Healthy_leaf,Tomato_Healthy_leaf,0.9402249455451965,1,1.1491003036499023,8.074983596801758,0.17801856994628906,9.405567169189453
dataset/test/Tomato_Healthy_leaf/h39_lower_aug_31aug89.jpg,Tomato_Healthy_leaf,Tomato_Healthy_leaf,0.9999229907989502,1,1.1599531173706055,8.06113052368164,0.17479705810546875,9.39932632446289
dataset/test/Tomato_Healthy_leaf/h39_loweraug15.jpg,Tomato_Healthy_leaf,Tomato_Healthy_leaf,0.9999414682388306,1,1.1193609237670898,8.099428176879883,0.16779613494873047,9.389640808105469
dataset/test/Tomato_Healthy_leaf/h3_aug_8aug57.jpg,Tomato_Healthy_leaf,Tomato_Healthy_leaf,0.9999996423721313,1,1.0913400650024414,8.001742362976074,0.16670513153076172,9.262492179870605
dataset/test/Tomato_Healthy_leaf/h3_aug_9aug54.jpg,Tomato_Healthy_leaf,Tomato_Healthy_leaf,0.9999995231628418,1,1.146082878112793,8.001389503479004,0.1685199737548828,9.318826675415039
dataset/test/Tomato_Healthy_leaf/h3_mirror_aug_52aug84.jpg,Tomato_Healthy_leaf,Tomato_Healthy_leaf,0.999998927116394,1,1.0845260620117188,7.9413347244262695,0.17868709564208984,9.207769393920898
dataset/test/Tomato_Healthy_leaf/h3_mirror_aug_53aug80.jpg,Tomato_Healthy_leaf,Tomato_Healthy_leaf,0.9999994039535522,1,1.118636131286621,8.239189147949219,0.19914913177490234,9.55979061126709
dataset/test/Tomato_Healthy_leaf/h3_mirroraug26.jpg,Tomato_Healthy_leaf,Tomato_Healthy_leaf,0.9999997615814209,1,1.082749366760254,8.1538724899292,0.1584644317626953,9.39767837524414
dataset/test/Tomato_Healthy_leaf/h3aug4.jpg,Tomato_Healthy_leaf,Tomato_Healthy_leaf,0.9999659061431885,1,1.0865812301635742,7.972038269042969,0.16813087463378906,9.229750633239746
dataset/test/Tomato_Healthy_leaf/h45_mirror_verticalaug42.jpg,Tomato_Healthy_leaf,Tomato_Healthy_leaf,0.9999192953109741,1,1.118952751159668,7.94126033782959,0.167724609375,9.230917930603027
dataset/test/Tomato_Healthy_leaf/h49_change_90aug49.jpg,Tomato_Healthy_leaf,Tomato_Healthy_leaf,0.9999998807907104,1,1.1341562271118164,8.055686950683594,0.16700172424316406,9.360252380371094
dataset/test/Tomato_Healthy_leaf/h50_hight_aug_68aug69.jpg,Tomato_Healthy_leaf,Tomato_Healthy_leaf,0.9994001388549805,1,1.0527286529541016,8.101743698120117,0.1762981414794922,9.3340482711792
dataset/test/Tomato_Healthy_leaf/h50_hight_aug_69aug61.jpg,Tomato_Healthy_leaf,Tomato_Healthy_leaf,0.9999271631240845,1,1.0801372528076172,8.133426666259766,0.21533489227294922,9.432327270507812
dataset/test/Tomato_Healthy_leaf/h50_hightaug34.jpg,Tomato_Healthy_leaf,Tomato_Healthy_leaf,0.9998487234115601,1,1.0689334869384766,8.117631912231445,0.175872802734375,9.366029739379883
dataset/test/Tomato_Healthy_leaf/h50_lower_aug_66aug65.jpg,Tomato_Healthy_leaf,Tomato_Healthy_leaf,0.9993371367454529,1,1.0875072479248047,7.993556976318359,0.1665935516357422,9.250324249267578
dataset/test/Tomato_Healthy_leaf/h50_lower_aug_67aug70.jpg,Tomato_Healthy_leaf,Tomato_Healthy_leaf,0.9962688684463501,1,1.0785999298095703,8.13807487487793,0.2034454345703125,9.422696113586426
dataset/test/Tomato_Healthy_leaf/h50_loweraug33.jpg,Tomato_Healthy_leaf,Tomato_Healthy_leaf,0.9911578297615051,1,1.0905447006225586,8.164299011230469,0.17022228240966797,9.427918434143066
dataset/test/Tomato_Healthy_leaf/h50_mirror_vertical_aug_24aug111.jpg,Tomato_Healthy_leaf,Tomato_Healthy_leaf,0.999962329864502,1,1.0663032531738281,7.965537071228027,0.18961238861083984,9.22504711151123
dataset/test/Tomato_Healthy_leaf/h50_mirror_vertical_aug_25aug100.jpg,Tomato_Healthy_leaf,Tomato_Healthy_leaf,0.9999504089355469,1,1.1500463485717773,8.068206787109375,0.17051982879638672,9.391676902770996
dataset/test/Tomato_Healthy_leaf/h50_mirror_verticalaug12.jpg,Tomato_Healthy_leaf,Tomato_Healthy_leaf,0.9999443292617798,1,1.1107110977172852,7.967482566833496,0.1682415008544922,9.249306678771973
dataset/test/Tomato_Healthy_leaf/h50aug37.jpg,Tomato_Healthy_leaf,Tomato_Healthy_leaf,0.9997910857200623,1,1.0840263366699219,8.11300277709961,0.1749267578125,9.375234603881836
dataset/test/Tomato_Healthy_leaf/h5_mirroraug41.jpg,Tomato_Healthy_leaf,Tomato_Healthy_leaf,1.0,1,1.090322494506836,8.099205017089844,0.16750144958496094,9.359733581542969
dataset/test/Tomato_Healthy_leaf/h65_mirror_vertical_aug_26aug97.jpg,Tomato_Healthy_leaf,Tomato_Healthy_leaf,0.9999992847442627,1,1.1035442352294922,8.825563430786133,0.16890907287597656,10.101258277893066
dataset/test/Tomato_Healthy_leaf/h65_mirror_vertical_aug_27aug106.jpg,Tomato_Healthy_leaf,Tomato_Healthy_leaf,0.9999980926513672,1,1.0982856750488281,8.164946556091309,0.16840744018554688,9.434418678283691
dataset/test/Tomato_Healthy_leaf/h65_mirror_verticalaug13.jpg,Tomato_Healthy_leaf,Tomato_Healthy_leaf,0.9999998807907104,1,1.1477489471435547,8.241909980773926,0.18218708038330078,9.575326919555664
dataset/test/Tomato_Healthy_leaf/h71_mirror_aug_62aug66.jpg,Tomato_Healthy_leaf,Tomato_Healthy_leaf,0.9999998807907104,1,1.1124153137207031,9.01797103881836,0.16979694366455078,10.303035736083984
dataset/test/Tomato_Healthy_leaf/h71_mirror_aug_63aug67.jpg,Tomato_Healthy_leaf,Tomato_Healthy_leaf,1.0,1,1.1821556091308594,9.229787826538086,0.1854257583618164,10.600279808044434
dataset/test/Tomato_Healthy_leaf/h71_mirroraug31.jpg,Tomato_Healthy_leaf,Tomato_Healthy_leaf,0.9999966621398926,1,1.1191949844360352,12.923184394836426,0.1915750503540039,14.236804962158203
dataset/test/Tomato_Healthy_leaf/h76_hight_aug_34aug88.jpg,Tomato_Healthy_leaf,Tomato_Healthy_leaf,1.0,1,1.2493419647216797,13.552392959594727,0.17244529724121094,14.977163314819336
dataset/test/Tomato_Healthy_leaf/h76_hight_aug_35aug93.jpg,Tomato_Healthy_leaf,Tomato_Healthy_leaf,0.999996542930603,1,1.2679529190063477,16.71080493927002,0.16987228393554688,18.152297019958496
dataset/test/Tomato_Healthy_leaf/h76_hightaug17.jpg,Tomato_Healthy_leaf,Tomato_Healthy_leaf,0.9999945163726807,1,1.1310253143310547,8.220891952514648,0.17226028442382812,9.527363777160645
dataset/test/Tomato_Healthy_leaf/h78_change_270_aug_36aug94.jpg,Tomato_Healthy_leaf,Tomato_Healthy_leaf,1.0,1,1.1180458068847656,7.96729850769043,0.16544628143310547,9.253325462341309
dataset/test/Tomato_Healthy_leaf/h78_change_270_aug_37aug99.jpg,Tomato_Healthy_leaf,Tomato_Healthy_leaf,0.9999997615814209,1,1.0916938781738281,7.971982955932617,0.16414928436279297,9.230751037597656
dataset/test/Tomato_Healthy_leaf/h78_change_270aug18.jpg,Tomato_Healthy_leaf,Tomato_Healthy_leaf,1.0,1,1.0808038711547852,7.949983596801758,0.16794681549072266,9.201733589172363
dataset/test/Tomato_Healthy_leaf/h7_lower_aug_44aug87.jpg,Tomato_Healthy_leaf,Tomato_Healthy_leaf,0.9999338388442993,1,1.1553411483764648,7.792924880981445,0.20455646514892578,9.155805587768555
dataset/test/Tomato_Healthy_leaf/h7_lower_aug_45aug79.jpg,Tomato_Healthy_leaf,Tomato_Healthy_leaf,0.9978423118591309,1,1.0868406295776367,8.04939079284668,0.16389083862304688,9.302789688110352
dataset/test/Tomato_Healthy_leaf/h7_loweraug22.jpg,Tomato_Healthy_leaf,Tomato_Healthy_leaf,0.9984546899795532,1,1.1159515380859375,8.009297370910645,0.17142772674560547,9.299473762512207
dataset/test/Tomato_Healthy_leaf/h81_change_180_aug_16aug113.jpg,Tomato_Healthy_leaf,Tomato_Healthy_leaf,0.9998584985733032,1,1.0781736373901367,7.861315727233887,0.16551971435546875,9.107694625854492
dataset/test/Tomato_Healthy_leaf/h81_change_180_aug_17aug117.jpg,Tomato_Healthy_leaf,Tomato_Healthy_leaf,0.9999494552612305,1,1.239823341369629,7.927798271179199,0.16742801666259766,9.338251113891602
dataset/test/Tomato_Healthy_leaf/h81_change_180aug8.jpg,Tomato_Healthy_leaf,Tomato_Healthy_leaf,0.9998420476913452,1,1.1391191482543945,7.805832862854004,0.1804828643798828,9.128546714782715
dataset/test/Tomato_Healthy_leaf/h84_mirroraug40.jpg,Tomato_Healthy_leaf,Tomato_Healthy_leaf,0.9999994039535522,1,1.1319332122802734,7.972871780395508,0.1652240753173828,9.272640228271484
dataset/test/Tomato_Healthy_leaf/h8_change_90aug35.jpg,Tomato_Healthy_leaf,Tomato_Healthy_leaf,0.9997460246086121,1,1.1386384963989258,8.088741302490234,0.16792678833007812,9.397992134094238
dataset/test/Tomato_Healthy_leaf/h95_mirror_verticalaug46.jpg,Tomato_Healthy_leaf,Tomato_Healthy_leaf,0.9999563694000244,1,1.1203422546386719,8.111872673034668,0.16863059997558594,9.403901100158691
dataset/test/Tomato_Healthy_leaf/h96_change_270aug47.jpg,Tomato_Healthy_leaf,Tomato_Healthy_leaf,0.9999879598617554,1,1.1047859191894531,7.940834999084473,0.16603755950927734,9.214473724365234
dataset/test/Tomato_Healthy_leaf/h96_mirror_vertical_aug_14aug107.jpg,Tomato_Healthy_leaf,Tomato_Healthy_leaf,0.9999873638153076,1,1.144266128540039,8.11353874206543,0.18094444274902344,9.442584991455078
dataset/test/Tomato_Healthy_leaf/h96_mirror_vertical_aug_15aug112.jpg,Tomato_Healthy_leaf,Tomato_Healthy_leaf,0.9999982118606567,1,1.1005821228027344,8.167262077331543,0.1719646453857422,9.44253158569336
dataset/test/Tomato_Healthy_leaf/h96_mirror_verticalaug7.jpg,Tomato_Healthy_leaf,Tomato_Healthy_leaf,0.9999995231628418,1,1.1089153289794922,8.004484176635742,0.17637062072753906,9.293083190917969
dataset/test/Tomato_Healthy_leaf/h99_hight_aug_32aug92.jpg,Tomato_Healthy_leaf,Tomato_Healthy_leaf,0.9999964237213135,1,1.1841392517089844,7.931629180908203,0.16861248016357422,9.28765869140625
dataset/test/Tomato_Healthy_leaf/h99_hight_aug_33aug101.jpg,Tomato_Healthy_leaf,Tomato_Healthy_leaf,0.9999825954437256,1,1.1222114562988281,9.105398178100586,0.16714954376220703,10.397184371948242
dataset/test/Tomato_Healthy_leaf/h99_hightaug16.jpg,Tomato_Healthy_leaf,Tomato_Healthy_leaf,0.9999943971633911,1,1.1857309341430664,7.9855756759643555,0.1691122055053711,9.343437194824219
dataset/test/Tomato_Healthy_leaf/h99_lower_aug_46aug78.jpg,Tomato_Healthy_leaf,Tomato_Healthy_leaf,0.99982750415802,1,1.1348228454589844,8.134262084960938,0.16801834106445312,9.439806938171387
dataset/test/Tomato_Healthy_leaf/h99_lower_aug_47aug81.jpg,Tomato_Healthy_leaf,Tomato_Healthy_leaf,0.9999923706054688,1,1.1084346771240234,7.984648704528809,0.17694568634033203,9.27297306060791
dataset/test/Tomato_Healthy_leaf/h99_loweraug23.jpg,Tomato_Healthy_leaf,Tomato_Healthy_leaf,0.9997598528862,1,1.5063257217407227,10.828187942504883,0.24640941619873047,12.584552764892578
dataset/test/Tomato_Healthy_leaf/h9_change_180_aug_48aug86.jpg,Tomato_Healthy_leaf,Tomato_Healthy_leaf,0.9999997615814209,1,1.4793262481689453,10.974225044250488,0.1969470977783203,12.653738021850586
dataset/test/Tomato_Healthy_leaf/h9_change_180_aug_49aug85.jpg,Tomato_Healthy_leaf,Tomato_Healthy_leaf,0.9999995231628418,1,1.4493989944458008,10.742076873779297,0.20453834533691406,12.39925479888916
dataset/test/Tomato_Healthy_leaf/h9_change_180aug24.jpg,Tomato_Healthy_leaf,Tomato_Healthy_leaf,0.9999996423721313,1,1.4791221618652344,10.919023513793945,0.21309375762939453,12.61536693572998
dataset/test/Tomato_Healthy_leaf/russian-2-319-dt-2010-leaves-high-tunnel-9-29-2014-c_jpg.rf.7ef5d3901dbeaf27776a27bfc8197b72_aug_0aug52.jpg,Tomato_Healthy_leaf,Tomato_Healthy_leaf,0.999945878982544,1,1.5700674057006836,10.856874465942383,0.21639060974121094,12.647238731384277
dataset/test/Tomato_Healthy_leaf/russian-2-319-dt-2010-leaves-high-tunnel-9-29-2014-c_jpg.rf.7ef5d3901dbeaf27776a27bfc8197b72_aug_1aug58.jpg,Tomato_Healthy_leaf,Tomato_Healthy_leaf,0.9999761581420898,1,1.7639198303222656,11.066466331481934,0.19540882110595703,13.029370307922363
dataset/test/Tomato_Healthy_leaf/russian-2-319-dt-2010-leaves-high-tunnel-9-29-2014-c_jpg.rf.7ef5d3901dbeaf27776a27bfc8197b72aug0.jpg,Tomato_Healthy_leaf,Tomato_Healthy_leaf,0.9999943971633911,1,1.5808258056640625,10.676519393920898,0.2361316680908203,12.49657154083252
dataset/test/Tomato_Healthy_leaf/unnamed_aug_64aug64.jpg,Tomato_Healthy_leaf,Tomato_Healthy_leaf,0.9998524188995361,1,1.5034370422363281,10.781558990478516,0.20876026153564453,12.497404098510742
dataset/test/Tomato_Healthy_leaf/unnamed_aug_65aug60.jpg,Tomato_Healthy_leaf,Tomato_Healthy_leaf,0.9998704195022583,1,1.4502334594726562,7.695923805236816,0.15868663787841797,9.307417869567871
dataset/test/Tomato_Healthy_leaf/unnamedaug32.jpg,Tomato_Healthy_leaf,Tomato_Healthy_leaf,0.999752938747406,1,1.0397672653198242,7.524794578552246,0.14844417572021484,8.715285301208496
dataset/test/Tomato_Septoria_leaf_spot/1723454507354_aug_44aug83.jpg,Tomato_Septoria_leaf_spot,Tomato_Septoria_leaf_spot,0.990881085395813,1,1.0254707336425781,7.536238670349121,0.1611499786376953,8.72545051574707
dataset/test/Tomato_Septoria_leaf_spot/1723454507354_aug_45aug80.jpg,Tomato_Septoria_leaf_spot,Tomato_Septoria_leaf_spot,0.9994418025016785,1,1.0693225860595703,7.438145637512207,0.19389057159423828,8.704099655151367
dataset/test/Tomato_Septoria_leaf_spot/1723454507354aug22.jpg,Tomato_Septoria_leaf_spot,Tomato_Septoria_leaf_spot,0.999889612197876,1,1.0499334335327148,7.646498680114746,0.15901947021484375,8.858229637145996
dataset/test/Tomato_Septoria_leaf_spot/1723454507465_aug_58aug67.jpg,Tomato_Septoria_leaf_spot,Tomato_Septoria_leaf_spot,0.8775815367698669,1,1.0488405227661133,7.610110282897949,0.16024112701416016,8.822006225585938
dataset/test/Tomato_Septoria_leaf_spot/1723454507465_aug_59aug66.jpg,Tomato_Septoria_leaf_spot,Tomato_Septoria_leaf_spot,0.9796746373176575,1,1.0863590240478516,7.492534637451172,0.17079830169677734,8.75328540802002
dataset/test/Tomato_Septoria_leaf_spot/1723454507465aug29.jpg,Tomato_Septoria_leaf_spot,Tomato_Septoria_leaf_spot,0.9198610186576843,1,1.0768213272094727,7.635128021240234,0.1608896255493164,8.875321388244629
dataset/test/Tomato_Septoria_leaf_spot/5454635393351680.jpeg_aug_14aug115.jpg,Tomato_Septoria_leaf_spot,Tomato_Septoria_leaf_spot,0.8473912477493286,1,1.0981006622314453,7.6879072189331055,0.15494441986083984,8.943544387817383
dataset/test/Tomato_Septoria_leaf_spot/5454635393351680.jpeg_aug_15aug46.jpg,Tomato_Septoria_leaf_spot,Tomato_Septoria_leaf_spot,0.9758018255233765,1,1.0411367416381836,7.464404106140137,0.16237258911132812,8.670487403869629
dataset/test/Tomato_Septoria_leaf_spot/5454635393351680.jpegaug7.jpg,Tomato_Septoria_leaf_spot,Tomato_Septoria_leaf_spot,0.9529311060905457,1,1.1642866134643555,7.7398529052734375,0.16214847564697266,9.069064140319824
dataset/test/Tomato_Septoria_leaf_spot/6134794031202304-600x272-jpeg_jpg.rf.5482c323fe160b26426628094ae3646baug42.jpg,Tomato_Septoria_leaf_spot,Tomato_Septoria_leaf_spot,0.9999918937683105,1,1.0704336166381836,9.2181396484375,0.20818614959716797,10.499889373779297
dataset/test/Tomato_Septoria_leaf_spot/66e7583ebe11cf0bd06435e4167bd4fdaug41.jpg,Tomato_Septoria_leaf_spot,Tomato_Septoria_leaf_spot,1.0,1,1.4508438110351562,11.043597221374512,0.1983356475830078,12.695646286010742
dataset/test/Tomato_Septoria_leaf_spot/8_20mistakes_204_aug_72aug61.jpg,Tomato_Septoria_leaf_spot,Tomato_mold_leaf,0.970038652420044,0,1.4227142333984375,10.705429077148438,0.20624256134033203,12.337810516357422
dataset/test/Tomato_Septoria_leaf_spot/8_20mistakes_204_aug_73aug62.jpg,Tomato_Septoria_leaf_spot,Tomato_mold_leaf,0.8905373215675354,0,1.4733819961547852,11.146912574768066,0.2110748291015625,12.834814071655273
dataset/test/Tomato_Septoria_leaf_spot/8_20mistakes_204aug36.jpg,Tomato_Septoria_leaf_spot,Tomato_Septoria_leaf_spot,0.7521559000015259,1,1.4421958923339844,10.893781661987305,0.2073535919189453,12.546516418457031
dataset/test/Tomato_Septoria_leaf_spot/Gls11_mirror_vertical_aug_42aug85.jpg,Tomato_Septoria_leaf_spot,Tomato_Septoria_leaf_spot,0.9990177154541016,1,1.4844741821289062,11.443730354309082,0.20164871215820312,13.133223533630371
dataset/test/Tomato_Septoria_leaf_spot/Gls11_mirror_vertical_aug_43aug86.jpg,Tomato_Septoria_leaf_spot,Tomato_Septoria_leaf_spot,0.9932246804237366,1,1.4046030044555664,11.29637622833252,0.20224380493164062,12.906610488891602
dataset/test/Tomato_Septoria_leaf_spot/Gls11_mirror_verticalaug21.jpg,Tomato_Septoria_leaf_spot,Tomato_Septoria_leaf_spot,0.9996732473373413,1,1.4507150650024414,9.787309646606445,0.1642599105834961,11.405137062072754
dataset/test/Tomato_Septoria_leaf_spot/Gls12_mirror_aug_46aug81.jpg,Tomato_Septoria_leaf_spot,Tomato_Septoria_leaf_spot,0.9999998807907104,1,1.0517854690551758,7.804888725280762,0.1597423553466797,9.018564224243164
dataset/test/Tomato_Septoria_leaf_spot/Gls12_mirror_aug_47aug92.jpg,Tomato_Septoria_leaf_spot,Tomato_Septoria_leaf_spot,0.9999779462814331,1,1.0788040161132812,7.933389663696289,0.1794261932373047,9.19417667388916
dataset/test/Tomato_Septoria_leaf_spot/Gls12_mirroraug23.jpg,Tomato_Septoria_leaf_spot,Tomato_Septoria_leaf_spot,0.9999986886978149,1,1.1453046798706055,7.682518005371094,0.16385173797607422,8.994268417358398
dataset/test/Tomato_Septoria_leaf_spot/Gls1_mirror_aug_38aug82.jpg,Tomato_Septoria_leaf_spot,Tomato_Septoria_leaf_spot,0.9974930286407471,1,1.1408042907714844,7.735128402709961,0.1640939712524414,9.042619705200195
dataset/test/Tomato_Septoria_leaf_spot/Gls1_mirror_aug_39aug84.jpg,Tomato_Septoria_leaf_spot,Tomato_Septoria_leaf_spot,0.9999891519546509,1,1.0511560440063477,7.834630012512207,0.16420555114746094,9.05263900756836
dataset/test/Tomato_Septoria_leaf_spot/Gls1_mirroraug19.jpg,Tomato_Septoria_leaf_spot,Tomato_Septoria_leaf_spot,0.9999481439590454,1,1.0620441436767578,7.838926315307617,0.16492652893066406,9.068582534790039
dataset/test/Tomato_Septoria_leaf_spot/Gls21_change_270aug43.jpg,Tomato_Septoria_leaf_spot,Tomato_leaf_late_blight,0.9872170090675354,0,1.093266487121582,7.834074020385742,0.198333740234375,9.128454208374023
dataset/test/Tomato_Septoria_leaf_spot/Gls21_hight_aug_56aug78.jpg,Tomato_Septoria_leaf_spot,Tomato_Septoria_leaf_spot,0.9999544620513916,1,1.0663776397705078,7.812352180480957,0.16283416748046875,9.0440092086792
dataset/test/Tomato_Septoria_leaf_spot/Gls21_hight_aug_57aug79.jpg,Tomato_Septoria_leaf_spot,Tomato_Septoria_leaf_spot,0.9999885559082031,1,1.0630626678466797,7.760037422180176,0.17239093780517578,8.998619079589844
dataset/test/Tomato_Septoria_leaf_spot/Gls21_hightaug28.jpg,Tomato_Septoria_leaf_spot,Tomato_Septoria_leaf_spot,0.9999890327453613,1,1.072469711303711,7.838353157043457,0.1735382080078125,9.087676048278809
dataset/test/Tomato_Septoria_leaf_spot/Gls29_change_180_aug_40aug89.jpg,Tomato_Septoria_leaf_spot,Tomato_Septoria_leaf_spot,0.9999903440475464,1,1.1036558151245117,7.777926445007324,0.1657238006591797,9.050193786621094
dataset/test/Tomato_Septoria_leaf_spot/Gls29_change_180_aug_41aug91.jpg,Tomato_Septoria_leaf_spot,Tomato_Septoria_leaf_spot,0.9999808073043823,1,1.0972862243652344,7.819982528686523,0.16542720794677734,9.085434913635254
dataset/test/Tomato_Septoria_leaf_spot/Gls29_change_180aug20.jpg,Tomato_Septoria_leaf_spot,Tomato_Septoria_leaf_spot,0.9999866485595703,1,1.0765256881713867,7.953946113586426,0.1649646759033203,9.198453903198242
dataset/test/Tomato_Septoria_leaf_spot/Gls36_hight_aug_20aug116.jpg,Tomato_Septoria_leaf_spot,Tomato_Septoria_leaf_spot,0.9997414946556091,1,1.0856742858886719,8.211355209350586,0.1984272003173828,9.498494148254395
dataset/test/Tomato_Septoria_leaf_spot/Gls36_hight_aug_21aug118.jpg,Tomato_Septoria_leaf_spot,Tomato_Septoria_leaf_spot,0.9997404217720032,1,1.0475826263427734,7.980648040771484,0.16640949249267578,9.1973237991333
dataset/test/Tomato_Septoria_leaf_spot/Gls36_hightaug10.jpg,Tomato_Septoria_leaf_spot,Tomato_Septoria_leaf_spot,0.9996906518936157,1,1.0652847290039062,7.942150115966797,0.17520427703857422,9.185436248779297
dataset/test/Tomato_Septoria_leaf_spot/Gls41_change_270_aug_50aug90.jpg,Tomato_Septoria_leaf_spot,Tomato_Septoria_leaf_spot,0.9965429902076721,1,1.1444330215454102,7.8958539962768555,0.17557525634765625,9.218806266784668
dataset/test/Tomato_Septoria_leaf_spot/Gls41_change_270_aug_51aug77.jpg,Tomato_Septoria_leaf_spot,Tomato_Septoria_leaf_spot,0.9997031092643738,1,1.151712417602539,7.989964485168457,0.17703819274902344,9.32182502746582
dataset/test/Tomato_Septoria_leaf_spot/Gls41_change_270aug25.jpg,Tomato_Septoria_leaf_spot,Tomato_Septoria_leaf_spot,0.9999849796295166,1,1.0877485275268555,7.843999862670898,0.16622257232666016,9.100916862487793
dataset/test/Tomato_Septoria_leaf_spot/Gls43_change_90_aug_60aug75.jpg,Tomato_Septoria_leaf_spot,Tomato_Septoria_leaf_spot,0.9999784231185913,1,1.1646757125854492,7.834240913391113,0.17722225189208984,9.178879737854004
dataset/test/Tomato_Septoria_leaf_spot/Gls43_change_90_aug_61aug73.jpg,Tomato_Septoria_leaf_spot,Tomato_Septoria_leaf_spot,0.9999489784240723,1,1.1413965225219727,7.808795928955078,0.1658153533935547,9.118805885314941
dataset/test/Tomato_Septoria_leaf_spot/Gls43_change_90aug30.jpg,Tomato_Septoria_leaf_spot,Tomato_Septoria_leaf_spot,0.9999191761016846,1,1.0592670440673828,7.970371246337891,0.16757488250732422,9.200380325317383
dataset/test/Tomato_Septoria_leaf_spot/Gls46_change_90_aug_6aug53.jpg,Tomato_Septoria_leaf_spot,Tomato_Septoria_leaf_spot,0.9999914169311523,1,1.098526954650879,7.909722328186035,0.16533470153808594,9.176399230957031
dataset/test/Tomato_Septoria_leaf_spot/Gls46_change_90_aug_7aug56.jpg,Tomato_Septoria_leaf_spot,Tomato_Septoria_leaf_spot,0.9999996423721313,1,1.1419334411621094,7.887851715087891,0.20218753814697266,9.234880447387695
dataset/test/Tomato_Septoria_leaf_spot/Gls46_change_90aug3.jpg,Tomato_Septoria_leaf_spot,Tomato_Septoria_leaf_spot,0.999997615814209,1,1.091710090637207,7.910741806030273,0.16596508026123047,9.171342849731445
dataset/test/Tomato_Septoria_leaf_spot/Gls47aug44.jpg,Tomato_Septoria_leaf_spot,Tomato_Septoria_leaf_spot,0.9999992847442627,1,1.0921382904052734,7.83212947845459,0.1659097671508789,9.093268394470215
dataset/test/Tomato_Septoria_leaf_spot/Gls76_aug_34aug97.jpg,Tomato_Septoria_leaf_spot,Tomato_Septoria_leaf_spot,0.9992533326148987,1,1.0787849426269531,7.982613563537598,0.17429828643798828,9.2389554977417
dataset/test/Tomato_Septoria_leaf_spot/Gls76_aug_35aug103.jpg,Tomato_Septoria_leaf_spot,Tomato_Septoria_leaf_spot,0.9156233668327332,1,1.1436939239501953,7.994463920593262,0.1580944061279297,9.2987699508667
dataset/test/Tomato_Septoria_leaf_spot/Gls76_change_180_aug_30aug96.jpg,Tomato_Septoria_leaf_spot,Tomato_mold_leaf,0.8477013111114502,0,1.070673942565918,7.808648109436035,0.16818523406982422,9.049952507019043
dataset/test/Tomato_Septoria_leaf_spot/Gls76_change_180_aug_31aug100.jpg,Tomato_Septoria_leaf_spot,Tomato_Septoria_leaf_spot,0.8845574855804443,1,1.1152124404907227,7.917852401733398,0.17072486877441406,9.206640243530273
dataset/test/Tomato_Septoria_leaf_spot/Gls76_change_180aug15.jpg,Tomato_Septoria_leaf_spot,Tomato_mold_leaf,0.8317230939865112,0,1.12591552734375,7.892353057861328,0.16563129425048828,9.186490058898926
dataset/test/Tomato_Septoria_leaf_spot/Gls76aug17.jpg,Tomato_Septoria_leaf_spot,Tomato_Septoria_leaf_spot,0.9967886209487915,1,1.0917129516601562,8.008964538574219,0.16413021087646484,9.267491340637207
dataset/test/Tomato_Septoria_leaf_spot/Gls7_change_270_aug_64aug68.jpg,Tomato_Septoria_leaf_spot,Tomato_Septoria_leaf_spot,0.9999837875366211,1,1.0906009674072266,7.968148231506348,0.1699075698852539,9.231473922729492
dataset/test/Tomato_Septoria_leaf_spot/Gls7_change_270_aug_65aug71.jpg,Tomato_Septoria_leaf_spot,Tomato_Septoria_leaf_spot,0.9999204874038696,1,1.141489028930664,8.07507610321045,0.16620349884033203,9.385529518127441
dataset/test/Tomato_Septoria_leaf_spot/Gls7_change_270aug32.jpg,Tomato_Septoria_leaf_spot,Tomato_Septoria_leaf_spot,0.9999037981033325,1,1.09454345703125,8.207928657531738,0.1679096221923828,9.473196983337402
dataset/test/Tomato_Septoria_leaf_spot/Gls7_lower_aug_0aug57.jpg,Tomato_Septoria_leaf_spot,Tomato_Septoria_leaf_spot,0.9999990463256836,1,1.1122121810913086,8.324614524841309,0.16663074493408203,9.606252670288086
dataset/test/Tomato_Septoria_leaf_spot/Gls7_lower_aug_1aug52.jpg,Tomato_Septoria_leaf_spot,Tomato_Septoria_leaf_spot,0.9999998807907104,1,1.1307315826416016,7.937444686889648,0.16727924346923828,9.238157272338867
dataset/test/Tomato_Septoria_leaf_spot/Gls7_loweraug0.jpg,Tomato_Septoria_leaf_spot,Tomato_Septoria_leaf_spot,0.9999990463256836,1,1.1416378021240234,8.001372337341309,0.1767416000366211,9.323047637939453
dataset/test/Tomato_Septoria_leaf_spot/Gls81_lower_aug_2aug51.jpg,Tomato_Septoria_leaf_spot,Tomato_Septoria_leaf_spot,0.9988324046134949,1,1.0953407287597656,7.981631278991699,0.17472362518310547,9.254788398742676
dataset/test/Tomato_Septoria_leaf_spot/Gls81_lower_aug_3aug54.jpg,Tomato_Septoria_leaf_spot,Tomato_Septoria_leaf_spot,0.9988893866539001,1,1.0965824127197266,8.095742225646973,0.16737079620361328,9.362472534179688
dataset/test/Tomato_Septoria_leaf_spot/Gls81_loweraug1.jpg,Tomato_Septoria_leaf_spot,Tomato_Septoria_leaf_spot,0.9999196529388428,1,1.0509891510009766,8.1737060546875,0.1673727035522461,9.394824981689453
dataset/test/Tomato_Septoria_leaf_spot/IMG-20240812-WA0213_aug_70aug59.jpg,Tomato_Septoria_leaf_spot,Tomato_Early_blight_leaf,0.818934977054596,0,1.157822608947754,8.044686317443848,0.16848278045654297,9.373770713806152
dataset/test/Tomato_Septoria_leaf_spot/IMG-20240812-WA0213_aug_71aug60.jpg,Tomato_Septoria_leaf_spot,Tomato_Early_blight_leaf,0.7107350826263428,0,1.1683788299560547,8.007964134216309,0.1685190200805664,9.347307205200195
dataset/test/Tomato_Septoria_leaf_spot/IMG-20240812-WA0213aug35.jpg,Tomato_Septoria_leaf_spot,Tomato_Early_blight_leaf,0.9014042615890503,0,1.1465263366699219,8.054094314575195,0.1679840087890625,9.371196746826172
dataset/test/Tomato_Septoria_leaf_spot/Original_e-blight.JPG.rend.hgtvcom.966.725.jpeg_aug_52aug74.jpg,Tomato_Septoria_leaf_spot,Tomato_Septoria_leaf_spot,0.9953789710998535,1,1.110452651977539,8.488338470458984,0.1737041473388672,9.775514602661133
dataset/test/Tomato_Septoria_leaf_spot/Original_e-blight.JPG.rend.hgtvcom.966.725.jpeg_aug_53aug76.jpg,Tomato_Septoria_leaf_spot,Tomato_Septoria_leaf_spot,0.9984235763549805,1,1.1568412780761719,8.034131050109863,0.1696310043334961,9.363122940063477
dataset/test/Tomato_Septoria_leaf_spot/Original_e-blight.JPG.rend.hgtvcom.966.725.jpegaug26.jpg,Tomato_Septoria_leaf_spot,Tomato_Septoria_leaf_spot,0.9941998720169067,1,1.2821378707885742,8.958063125610352,0.16933441162109375,10.412036895751953
dataset/test/Tomato_Septoria_leaf_spot/SS_ (990)_aug_24aug107.jpg,Tomato_Septoria_leaf_spot,Tomato_Septoria_leaf_spot,0.9999995231628418,1,1.1481389999389648,8.101946830749512,0.16757678985595703,9.420085906982422
dataset/test/Tomato_Septoria_leaf_spot/SS_ (990)_aug_25aug113.jpg,Tomato_Septoria_leaf_spot,Tomato_Septoria_leaf_spot,0.9999997615814209,1,1.0978784561157227,9.427864074707031,0.1671314239501953,10.695502281188965
dataset/test/Tomato_Septoria_leaf_spot/SS_ (990)aug12.jpg,Tomato_Septoria_leaf_spot,Tomato_Septoria_leaf_spot,0.9999959468841553,1,2.0123291015625,11.020541191101074,0.16753768920898438,13.203518867492676
dataset/test/Tomato_Septoria_leaf_spot/Septoria_tomato_Margaret-20B_p8170755_0002_25004_jpg.rf.3fbb14d553c623c77f342b3a54baddab_aug_66aug70.jpg,Tomato_Septoria_leaf_spot,Tomato_Septoria_leaf_spot,0.8809633851051331,1,1.1691579818725586,13.790190696716309,0.17113113403320312,15.133440971374512
dataset/test/Tomato_Septoria_leaf_spot/Septoria_tomato_Margaret-20B_p8170755_0002_25004_jpg.rf.3fbb14d553c623c77f342b3a54baddab_aug_67aug63.jpg,Tomato_Septoria_leaf_spot,Tomato_Septoria_leaf_spot,0.9951985478401184,1,1.1656951904296875,9.881996154785156,0.16887187957763672,11.219449996948242
dataset/test/Tomato_Septoria_leaf_spot/Septoria_tomato_Margaret-20B_p8170755_0002_25004_jpg.rf.3fbb14d553c623c77f342b3a54baddabaug33.jpg,Tomato_Septoria_leaf_spot,Tomato_Septoria_leaf_spot,0.9970787763595581,1,1.2271385192871094,8.109945297241211,0.16531658172607422,9.504938125610352
dataset/test/Tomato_Septoria_leaf_spot/Tomato-Plant-with-Septoria-Leaf-Spot_aug_68aug65.jpg,Tomato_Septoria_leaf_spot,Tomato_Septoria_leaf_spot,0.974105179309845,1,1.114065170288086,7.898834228515625,0.16363048553466797,9.17967700958252
dataset/test/Tomato_Septoria_leaf_spot/Tomato-Plant-with-Septoria-Leaf-Spot_aug_69aug64.jpg,Tomato_Septoria_leaf_spot,Tomato_Septoria_leaf_spot,0.9524319171905518,1,1.1432857513427734,7.820554733276367,0.16281700134277344,9.129324913024902
dataset/test/Tomato_Septoria_leaf_spot/Tomato-Plant-with-Septoria-Leaf-Spotaug34.jpg,Tomato_Septoria_leaf_spot,Tomato_Septoria_leaf_spot,0.9854410290718079,1,1.1513032913208008,7.954704284667969,0.1671123504638672,9.276122093200684
dataset/test/Tomato_Septoria_leaf_spot/b54d0e40027ff5e90e8ba7e1e9abf9bdaug39.jpg,Tomato_Septoria_leaf_spot,Tomato_Septoria_leaf_spot,0.9999942779541016,1,1.0514516830444336,8.04598331451416,0.1633167266845703,9.263177871704102
dataset/test/Tomato_Septoria_leaf_spot/classic-septoria_aug_10aug48.jpg,Tomato_Septoria_leaf_spot,Tomato_Septoria_leaf_spot,0.9947471022605896,1,1.117842674255371,7.815519332885742,0.16190719604492188,9.097879409790039
dataset/test/Tomato_Septoria_leaf_spot/classic-septoria_aug_11aug49.jpg,Tomato_Septoria_leaf_spot,Tomato_Septoria_leaf_spot,0.9978320002555847,1,1.1318597793579102,7.995465278625488,0.16411304473876953,9.293863296508789
dataset/test/Tomato_Septoria_leaf_spot/classic-septoriaaug5.jpg,Tomato_Septoria_leaf_spot,Tomato_Septoria_leaf_spot,0.9898920059204102,1,1.2315092086791992,7.752536773681641,0.16429710388183594,9.151009559631348
dataset/test/Tomato_Septoria_leaf_spot/early+blight+on+leaf+yel+halo+IMG_2313.JPG_aug_62aug69.jpg,Tomato_Septoria_leaf_spot,Tomato_Septoria_leaf_spot,0.9999923706054688,1,1.0555810928344727,7.841833114624023,0.16879653930664062,9.068990707397461
dataset/test/Tomato_Septoria_leaf_spot/early+blight+on+leaf+yel+halo+IMG_2313.JPG_aug_63aug72.jpg,Tomato_Septoria_leaf_spot,Tomato_Septoria_leaf_spot,0.9999997615814209,1,1.1024532318115234,7.848759651184082,0.16481590270996094,9.118712425231934
dataset/test/Tomato_Septoria_leaf_spot/early+blight+on+leaf+yel+halo+IMG_2313.JPGaug31.jpg,Tomato_Septoria_leaf_spot,Tomato_Septoria_leaf_spot,0.9999972581863403,1,1.1172113418579102,7.81081485748291,0.1639261245727539,9.094731330871582
dataset/test/Tomato_Septoria_leaf_spot/early-blight-of-tomato-tomato-1aug38.jpg,Tomato_Septoria_leaf_spot,Tomato_Septoria_leaf_spot,0.9997840523719788,1,1.1183977127075195,7.923111915588379,0.17116737365722656,9.215546607971191
dataset/test/Tomato_Septoria_leaf_spot/eblight5_aug_18aug110.jpg,Tomato_Septoria_leaf_spot,Tomato_Septoria_leaf_spot,0.9952653646469116,1,1.0841751098632812,8.094706535339355,0.18174171447753906,9.363992691040039
dataset/test/Tomato_Septoria_leaf_spot/eblight5_aug_19aug117.jpg,Tomato_Septoria_leaf_spot,Tomato_Septoria_leaf_spot,0.9713836908340454,1,1.1455450057983398,8.16327953338623,0.1696300506591797,9.481863975524902
dataset/test/Tomato_Septoria_leaf_spot/eblight5aug9.jpg,Tomato_Septoria_leaf_spot,Tomato_Septoria_leaf_spot,0.9967184662818909,1,1.0628223419189453,8.144651412963867,0.16870594024658203,9.379141807556152
dataset/test/Tomato_Septoria_leaf_spot/images (1)_aug_54aug93.jpg,Tomato_Septoria_leaf_spot,Tomato_Septoria_leaf_spot,0.9999979734420776,1,1.1085634231567383,8.334966659545898,0.16657543182373047,9.613234519958496
dataset/test/Tomato_Septoria_leaf_spot/images (1)_aug_55aug87.jpg,Tomato_Septoria_leaf_spot,Tomato_Septoria_leaf_spot,0.9999710321426392,1,1.1461191177368164,8.382503509521484,0.16613197326660156,9.698068618774414
dataset/test/Tomato_Septoria_leaf_spot/images (1)aug27.jpg,Tomato_Septoria_leaf_spot,Tomato_Septoria_leaf_spot,0.9999973773956299,1,1.0920820236206055,8.285114288330078,0.17264842987060547,9.552513122558594
dataset/test/Tomato_Septoria_leaf_spot/tomato-blight-treatment-blight_jpg.rf.78cbf6055199828cb682fd0a6435a157_aug_74aug58.jpg,Tomato_Septoria_leaf_spot,Tomato_Septoria_leaf_spot,0.9993757605552673,1,1.1141014099121094,9.129934310913086,0.1630382537841797,10.409518241882324
dataset/test/Tomato_Septoria_leaf_spot/tomato-blight-treatment-blight_jpg.rf.78cbf6055199828cb682fd0a6435a157aug37.jpg,Tomato_Septoria_leaf_spot,Tomato_Septoria_leaf_spot,0.9999737739562988,1,1.1041364669799805,8.158798217773438,0.1718158721923828,9.43754768371582
dataset/test/Tomato_Septoria_leaf_spot/tomato-early-blight-e1437503226856_aug_4aug50.jpg,Tomato_Septoria_leaf_spot,Tomato_Septoria_leaf_spot,0.9999998807907104,1,1.1921195983886719,8.15292739868164,0.1692972183227539,9.517086029052734
dataset/test/Tomato_Septoria_leaf_spot/tomato-early-blight-e1437503226856_aug_5aug55.jpg,Tomato_Septoria_leaf_spot,Tomato_Septoria_leaf_spot,0.9999637603759766,1,1.204360008239746,8.22685432434082,0.16933536529541016,9.603403091430664
dataset/test/Tomato_Septoria_leaf_spot/tomato-early-blight-e1437503226856aug2.jpg,Tomato_Septoria_leaf_spot,Tomato_Septoria_leaf_spot,0.9999830722808838,1,1.1528043746948242,8.146594047546387,0.17853832244873047,9.481919288635254
dataset/test/Tomato_Septoria_leaf_spot/tomato-early-blightH_jpg.rf.2633fbae0a933eb2711cb8466f34aca1_aug_12aug119.jpg,Tomato_Septoria_leaf_spot,Tomato_Septoria_leaf_spot,0.9849779605865479,1,1.2568798065185547,8.516615867614746,0.1761484146118164,9.95325756072998
dataset/test/Tomato_Septoria_leaf_spot/tomato-early-blightH_jpg.rf.2633fbae0a933eb2711cb8466f34aca1_aug_13aug114.jpg,Tomato_Septoria_leaf_spot,Tomato_Septoria_leaf_spot,0.9955586194992065,1,1.1640644073486328,8.284170150756836,0.16944503784179688,9.620346069335938
dataset/test/Tomato_Septoria_leaf_spot/tomato-early-blightH_jpg.rf.2633fbae0a933eb2711cb8466f34aca1aug6.jpg,Tomato_Septoria_leaf_spot,Tomato_Septoria_leaf_spot,0.9991163611412048,1,1.2062292098999023,8.222577095031738,0.16800212860107422,9.59964370727539
dataset/test/Tomato_Septoria_leaf_spot/tomato-septoria-3-500x384_aug_32aug104.jpg,Tomato_Septoria_leaf_spot,Tomato_Septoria_leaf_spot,0.8161394596099854,1,1.1179170608520508,8.27585506439209,0.16881561279296875,9.565549850463867
dataset/test/Tomato_Septoria_leaf_spot/tomato-septoria-3-500x384_aug_33aug106.jpg,Tomato_Septoria_leaf_spot,Tomato_Septoria_leaf_spot,0.9747058749198914,1,1.1371374130249023,8.239392280578613,0.17600154876708984,9.555883407592773
dataset/test/Tomato_Septoria_leaf_spot/tomato-septoria-3-500x384_jpg.rf.40a23512bd3b6d8df2115d7f591913fb_aug_16aug112.jpg,Tomato_Septoria_leaf_spot,Tomato_Septoria_leaf_spot,0.9981905817985535,1,1.1515636444091797,8.396615982055664,0.16992759704589844,9.720717430114746
dataset/test/Tomato_Septoria_leaf_spot/tomato-septoria-3-500x384_jpg.rf.40a23512bd3b6d8df2115d7f591913fb_aug_17aug111.jpg,Tomato_Septoria_leaf_spot,Tomato_Septoria_leaf_spot,0.9933750033378601,1,1.141953468322754,8.323652267456055,0.16794490814208984,9.635976791381836
dataset/test/Tomato_Septoria_leaf_spot/tomato-septoria-3-500x384_jpg.rf.40a23512bd3b6d8df2115d7f591913fbaug8.jpg,Tomato_Septoria_leaf_spot,Tomato_Septoria_leaf_spot,0.9942485094070435,1,1.157822608947754,8.210038185119629,0.16681671142578125,9.537492752075195
dataset/test/Tomato_Septoria_leaf_spot/tomato-septoria-3-500x384aug16.jpg,Tomato_Septoria_leaf_spot,Tomato_Septoria_leaf_spot,0.9885411262512207,1,1.129988670349121,8.509857177734375,0.16814899444580078,9.81021785736084
dataset/test/Tomato_Septoria_leaf_spot/tomato-septoria-5_jpg.rf.fab97ae4bb3726e33dcbde7262ec6a65aug40.jpg,Tomato_Septoria_leaf_spot,Tomato_Septoria_leaf_spot,0.9998841285705566,1,1.112971305847168,8.078520774841309,0.20077896118164062,9.394771575927734
dataset/test/Tomato_Septoria_leaf_spot/tomato-septoria-leaf-spot--_aug_22aug109.jpg,Tomato_Septoria_leaf_spot,Tomato_Early_blight_leaf,0.6758124828338623,0,1.2635278701782227,8.017463684082031,0.17753887176513672,9.461753845214844
dataset/test/Tomato_Septoria_leaf_spot/tomato-septoria-leaf-spot--_aug_23aug108.jpg,Tomato_Septoria_leaf_spot,Tomato_Early_blight_leaf,0.535203218460083,0,1.2156200408935547,8.035871505737305,0.16705703735351562,9.421104431152344
dataset/test/Tomato_Septoria_leaf_spot/tomato-septoria-leaf-spot--_jpg.rf.06783859d6d3e49976374e4146674e0b_aug_48aug94.jpg,Tomato_Septoria_leaf_spot,Tomato_Septoria_leaf_spot,0.7846226096153259,1,1.3343429565429688,8.393004417419434,0.16977882385253906,9.899625778198242
dataset/test/Tomato_Septoria_leaf_spot/tomato-septoria-leaf-spot--_jpg.rf.06783859d6d3e49976374e4146674e0b_aug_49aug88.jpg,Tomato_Septoria_leaf_spot,Tomato_Septoria_leaf_spot,0.5128815174102783,1,1.197174072265625,8.102206230163574,0.1680746078491211,9.470215797424316
dataset/test/Tomato_Septoria_leaf_spot/tomato-septoria-leaf-spot--_jpg.rf.06783859d6d3e49976374e4146674e0baug24.jpg,Tomato_Septoria_leaf_spot,Tomato_leaf_yellow_curl_virus,0.6987767815589905,0,1.2203969955444336,8.259650230407715,0.17411136627197266,9.657569885253906
dataset/test/Tomato_Septoria_leaf_spot/tomato-septoria-leaf-spot--_jpg.rf.5e63d9a20f5557b9bb3617e79b48ef85_aug_26aug95.jpg,Tomato_Septoria_leaf_spot,Tomato_leaf_yellow_curl_virus,0.6487234830856323,0,1.2039337158203125,8.166279792785645,0.17287063598632812,9.545790672302246
dataset/test/Tomato_Septoria_leaf_spot/tomato-septoria-leaf-spot--_jpg.rf.5e63d9a20f5557b9bb3617e79b48ef85_aug_27aug101.jpg,Tomato_Septoria_leaf_spot,Tomato_leaf_yellow_curl_virus,0.6351496577262878,0,1.1781377792358398,8.131650924682617,0.18201923370361328,9.494734764099121
dataset/test/Tomato_Septoria_leaf_spot/tomato-septoria-leaf-spot--_jpg.rf.5e63d9a20f5557b9bb3617e79b48ef85aug13.jpg,Tomato_Septoria_leaf_spot,Tomato_leaf_yellow_curl_virus,0.5542136430740356,0,1.2247867584228516,8.07370662689209,0.168426513671875,9.46984577178955
dataset/test/Tomato_Septoria_leaf_spot/tomato-septoria-leaf-spot--aug11.jpg,Tomato_Septoria_leaf_spot,Tomato_Early_blight_leaf,0.976421594619751,0,1.2311382293701172,8.142040252685547,0.1671295166015625,9.542957305908203
dataset/test/Tomato_Septoria_leaf_spot/tomato-septoria-leaf-spot-_aug_28aug105.jpg,Tomato_Septoria_leaf_spot,Tomato_Septoria_leaf_spot,0.9360056519508362,1,1.1441574096679688,8.096317291259766,0.16483306884765625,9.40847396850586
dataset/test/Tomato_Septoria_leaf_spot/tomato-septoria-leaf-spot-_aug_29aug102.jpg,Tomato_Septoria_leaf_spot,Tomato_Septoria_leaf_spot,0.828199565410614,1,1.2930278778076172,10.505594253540039,0.20616817474365234,12.00806713104248
dataset/test/Tomato_Septoria_leaf_spot/tomato-septoria-leaf-spot-aug14.jpg,Tomato_Septoria_leaf_spot,Tomato_Septoria_leaf_spot,0.9989715814590454,1,1.5188264846801758,10.694926261901855,0.2410564422607422,12.45810604095459
dataset/test/Tomato_Septoria_leaf_spot/tomato_D2b-Early-blight---RPitblado_zoom_jpg.rf.93df1c3cb830b3940e4a23a5c4a05598_aug_8aug45.jpg,Tomato_Septoria_leaf_spot,Tomato_Septoria_leaf_spot,0.9999780654907227,1,1.5257892608642578,10.94794750213623,0.20553970336914062,12.682609558105469
dataset/test/Tomato_Septoria_leaf_spot/tomato_D2b-Early-blight---RPitblado_zoom_jpg.rf.93df1c3cb830b3940e4a23a5c4a05598_aug_9aug47.jpg,Tomato_Septoria_leaf_spot,Tomato_Septoria_leaf_spot,0.999693751335144,1,1.5259180068969727,10.918688774108887,0.20527935028076172,12.653257369995117
dataset/test/Tomato_Septoria_leaf_spot/tomato_D2b-Early-blight---RPitblado_zoom_jpg.rf.93df1c3cb830b3940e4a23a5c4a05598aug4.jpg,Tomato_Septoria_leaf_spot,Tomato_Septoria_leaf_spot,0.9999946355819702,1,1.5603628158569336,11.463767051696777,0.20359516143798828,13.230724334716797
dataset/test/Tomato_Septoria_leaf_spot/tomatoseptorialeafspotjpg-788d20798a3c74e7_aug_36aug98.jpg,Tomato_Septoria_leaf_spot,Tomato_Septoria_leaf_spot,0.9998910427093506,1,1.4905099868774414,10.724334716796875,0.20590877532958984,12.42425537109375
dataset/test/Tomato_Septoria_leaf_spot/tomatoseptorialeafspotjpg-788d20798a3c74e7_aug_37aug99.jpg,Tomato_Septoria_leaf_spot,Tomato_Septoria_leaf_spot,0.9999467134475708,1,1.5944929122924805,11.087264060974121,0.2213726043701172,12.907017707824707
dataset/test/Tomato_Septoria_leaf_spot/tomatoseptorialeafspotjpg-788d20798a3c74e7aug18.jpg,Tomato_Septoria_leaf_spot,Tomato_Septoria_leaf_spot,0.9999831914901733,1,1.5353813171386719,10.821354866027832,0.20487117767333984,12.565163612365723
dataset/test/Tomato_leaf_late_blight/Gls74_change_90_aug_66aug46.jpg,Tomato_leaf_late_blight,Tomato_Septoria_leaf_spot,0.8759295344352722,0,1.4362516403198242,8.270467758178711,0.15885257720947266,9.8685884475708
dataset/test/Tomato_leaf_late_blight/Gls74_change_90_aug_67aug49.jpg,Tomato_leaf_late_blight,Tomato_leaf_late_blight,0.948261559009552,1,1.1559886932373047,7.534961700439453,0.16307544708251953,8.857136726379395
dataset/test/Tomato_leaf_late_blight/Gls74_change_90_aug_68aug41.jpg,Tomato_leaf_late_blight,Tomato_Septoria_leaf_spot,0.9958082437515259,0,1.085397720336914,7.552219390869141,0.19661331176757812,8.837360382080078
dataset/test/Tomato_leaf_late_blight/Gls74_change_90aug22.jpg,Tomato_leaf_late_blight,Tomato_Septoria_leaf_spot,0.8801232576370239,0,1.0295629501342773,7.47299861907959,0.1720743179321289,8.67759895324707
dataset/test/Tomato_leaf_late_blight/Gls78_change_270_aug_24aug95.jpg,Tomato_leaf_late_blight,Tomato_leaf_late_blight,0.9906972646713257,1,1.0421371459960938,7.712313652038574,0.1672983169555664,8.924341201782227
dataset/test/Tomato_leaf_late_blight/Gls78_change_270_aug_25aug80.jpg,Tomato_leaf_late_blight,Tomato_leaf_late_blight,0.9773305654525757,1,1.0273780822753906,7.520683288574219,0.1716136932373047,8.722580909729004
dataset/test/Tomato_leaf_late_blight/Gls78_change_270_aug_26aug81.jpg,Tomato_leaf_late_blight,Tomato_Septoria_leaf_spot,0.6426876187324524,0,1.0711193084716797,7.52181339263916,0.15833473205566406,8.753766059875488
dataset/test/Tomato_leaf_late_blight/Gls78_change_270aug8.jpg,Tomato_leaf_late_blight,Tomato_leaf_late_blight,0.9794106483459473,1,1.0549345016479492,7.665036201477051,0.19300270080566406,8.915952682495117
dataset/test/Tomato_leaf_late_blight/Gls79_change_270_aug_51aug69.jpg,Tomato_leaf_late_blight,Tomato_leaf_late_blight,0.9769848585128784,1,1.0262842178344727,7.674777030944824,0.16224193572998047,8.866544723510742
dataset/test/Tomato_leaf_late_blight/Gls79_change_270_aug_52aug74.jpg,Tomato_leaf_late_blight,Tomato_leaf_late_blight,0.9818815588951111,1,1.012598991394043,7.5651092529296875,0.1631488800048828,8.743692398071289
dataset/test/Tomato_leaf_late_blight/Gls79_change_270_aug_53aug68.jpg,Tomato_leaf_late_blight,Tomato_leaf_late_blight,0.9740075469017029,1,1.0162477493286133,7.530367851257324,0.16668701171875,8.716487884521484
dataset/test/Tomato_leaf_late_blight/Gls79_change_270aug17.jpg,Tomato_leaf_late_blight,Tomato_leaf_late_blight,0.9885282516479492,1,1.0048027038574219,7.823370933532715,0.17574119567871094,9.00671100616455
dataset/test/Tomato_leaf_late_blight/Gls79_change_90_aug_27aug85.jpg,Tomato_leaf_late_blight,Tomato_leaf_late_blight,0.9915209412574768,1,1.0991735458374023,8.115150451660156,0.15939044952392578,9.376640319824219
dataset/test/Tomato_leaf_late_blight/Gls79_change_90_aug_28aug97.jpg,Tomato_leaf_late_blight,Tomato_leaf_late_blight,0.991680920124054,1,1.0245437622070312,7.806963920593262,0.16379642486572266,8.99761962890625
dataset/test/Tomato_leaf_late_blight/Gls79_change_90_aug_29aug89.jpg,Tomato_leaf_late_blight,Tomato_leaf_late_blight,0.940245509147644,1,1.0747861862182617,7.861537933349609,0.17477893829345703,9.11462116241455
dataset/test/Tomato_leaf_late_blight/Gls79_change_90aug9.jpg,Tomato_leaf_late_blight,Tomato_leaf_late_blight,0.9987943172454834,1,1.083505630493164,7.831315994262695,0.1995391845703125,9.117027282714844
dataset/test/Tomato_leaf_late_blight/Gls79_mirror_aug_15aug104.jpg,Tomato_leaf_late_blight,Tomato_leaf_late_blight,0.9992461204528809,1,1.0466928482055664,8.035112380981445,0.1650562286376953,9.249879837036133
dataset/test/Tomato_leaf_late_blight/Gls79_mirror_aug_16aug113.jpg,Tomato_leaf_late_blight,Tomato_leaf_late_blight,0.9997943043708801,1,1.0393781661987305,8.007223129272461,0.18129730224609375,9.230916023254395
dataset/test/Tomato_leaf_late_blight/Gls79_mirror_aug_17aug109.jpg,Tomato_leaf_late_blight,Tomato_leaf_late_blight,0.9999810457229614,1,1.0667486190795898,8.000595092773438,0.16488933563232422,9.235028266906738
dataset/test/Tomato_leaf_late_blight/Gls79_mirroraug5.jpg,Tomato_leaf_late_blight,Tomato_leaf_late_blight,0.9999963045120239,1,1.083303451538086,7.979890823364258,0.16561126708984375,9.231454849243164
dataset/test/Tomato_leaf_late_blight/IMG_20251102_155822aug32.jpg,Tomato_leaf_late_blight,Tomato_Healthy_leaf,0.7222294807434082,0,1.1120271682739258,7.871649742126465,0.17620563507080078,9.16287899017334
dataset/test/Tomato_leaf_late_blight/IMG_20251102_160928aug33.jpg,Tomato_leaf_late_blight,Tomato_leaf_late_blight,0.6228757500648499,1,1.0814342498779297,7.796591758728027,0.1782054901123047,9.059491157531738
dataset/test/Tomato_leaf_late_blight/IMG_20251102_161202_aug_57aug50.jpg,Tomato_leaf_late_blight,Tomato_Early_blight_leaf,0.999983549118042,0,1.2073793411254883,7.881204605102539,0.16724300384521484,9.258807182312012
dataset/test/Tomato_leaf_late_blight/IMG_20251102_161202_aug_58aug52.jpg,Tomato_leaf_late_blight,Tomato_Early_blight_leaf,0.9999470710754395,0,1.1599349975585938,8.105611801147461,0.16837120056152344,9.436530113220215
dataset/test/Tomato_leaf_late_blight/IMG_20251102_161202_aug_59aug39.jpg,Tomato_leaf_late_blight,Tomato_Early_blight_leaf,0.9999995231628418,0,1.1725635528564453,8.12309455871582,0.17757606506347656,9.476569175720215
dataset/test/Tomato_leaf_late_blight/IMG_20251102_161202aug19.jpg,Tomato_leaf_late_blight,Tomato_Early_blight_leaf,0.9999995231628418,0,1.2002859115600586,8.037261009216309,0.17833423614501953,9.419658660888672
dataset/test/Tomato_leaf_late_blight/IMG_5808_jpg.rf.9de5af872dd2e7a58b115c4826fb18d4_aug_63aug53.jpg,Tomato_leaf_late_blight,Tomato_Healthy_leaf,0.45203110575675964,0,1.1268606185913086,8.163409233093262,0.16585254669189453,9.459030151367188
dataset/test/Tomato_leaf_late_blight/IMG_5808_jpg.rf.9de5af872dd2e7a58b115c4826fb18d4_aug_64aug43.jpg,Tomato_leaf_late_blight,Tomato_leaf_late_blight,0.954535186290741,1,1.1103038787841797,8.190835952758789,0.17357444763183594,9.47799301147461
dataset/test/Tomato_leaf_late_blight/IMG_5808_jpg.rf.9de5af872dd2e7a58b115c4826fb18d4_aug_65aug38.jpg,Tomato_leaf_late_blight,Tomato_leaf_late_blight,0.9558000564575195,1,1.1671743392944336,8.303095817565918,0.1798534393310547,9.653253555297852
dataset/test/Tomato_leaf_late_blight/IMG_5808_jpg.rf.9de5af872dd2e7a58b115c4826fb18d4aug21.jpg,Tomato_leaf_late_blight,Tomato_Healthy_leaf,0.4982417821884155,0,1.111433982849121,8.006853103637695,0.16887187957763672,9.289862632751465
dataset/test/Tomato_leaf_late_blight/LB_ (254)_aug_54aug73.jpg,Tomato_leaf_late_blight,Tomato_Septoria_leaf_spot,0.7628443241119385,0,1.0971927642822266,8.015335083007812,0.1665945053100586,9.281806945800781
dataset/test/Tomato_leaf_late_blight/LB_ (254)_aug_55aug71.jpg,Tomato_leaf_late_blight,Tomato_Early_blight_leaf,0.4610029458999634,0,1.0463409423828125,8.027557373046875,0.16474246978759766,9.241231918334961
dataset/test/Tomato_leaf_late_blight/LB_ (254)_aug_56aug78.jpg,Tomato_leaf_late_blight,Tomato_Early_blight_leaf,0.7448304295539856,0,1.0656375885009766,8.264985084533691,0.167816162109375,9.50130844116211
dataset/test/Tomato_leaf_late_blight/LB_ (254)aug18.jpg,Tomato_leaf_late_blight,Tomato_Early_blight_leaf,0.4864550530910492,0,1.0763416290283203,7.914852142333984,0.19898223876953125,9.193065643310547
dataset/test/Tomato_leaf_late_blight/LB_ (276)_aug_60aug45.jpg,Tomato_leaf_late_blight,Tomato_leaf_late_blight,0.9992515444755554,1,1.2009153366088867,7.99974250793457,0.16892719268798828,9.372418403625488
dataset/test/Tomato_leaf_late_blight/LB_ (276)_aug_61aug44.jpg,Tomato_leaf_late_blight,Tomato_leaf_late_blight,0.9998365640640259,1,1.0646562576293945,7.965872764587402,0.17229747772216797,9.206138610839844
dataset/test/Tomato_leaf_late_blight/LB_ (276)_aug_62aug40.jpg,Tomato_leaf_late_blight,Tomato_leaf_late_blight,0.9999428987503052,1,1.0784711837768555,8.117502212524414,0.20070457458496094,9.399678230285645
dataset/test/Tomato_leaf_late_blight/LB_ (276)aug20.jpg,Tomato_leaf_late_blight,Tomato_leaf_late_blight,0.9999017715454102,1,1.0552301406860352,8.067630767822266,0.1785573959350586,9.30467700958252
dataset/test/Tomato_leaf_late_blight/Late-blight-foliar-leasion-on-tomato_jpg.rf.331af81e5b2aae24af0dc9b6d9933591_aug_72aug60.jpg,Tomato_leaf_late_blight,Tomato_leaf_late_blight,0.9992128610610962,1,1.1806011199951172,8.121612548828125,0.1646871566772461,9.46945571899414
dataset/test/Tomato_leaf_late_blight/Late-blight-foliar-leasion-on-tomato_jpg.rf.331af81e5b2aae24af0dc9b6d9933591_aug_73aug51.jpg,Tomato_leaf_late_blight,Tomato_leaf_late_blight,0.999565064907074,1,1.1824522018432617,8.010852813720703,0.1672801971435547,9.363380432128906
dataset/test/Tomato_leaf_late_blight/Late-blight-foliar-leasion-on-tomato_jpg.rf.331af81e5b2aae24af0dc9b6d9933591_aug_74aug37.jpg,Tomato_leaf_late_blight,Tomato_leaf_late_blight,0.994251012802124,1,1.257582664489746,8.145076751708984,0.1667795181274414,9.572530746459961
dataset/test/Tomato_leaf_late_blight/Late-blight-foliar-leasion-on-tomato_jpg.rf.331af81e5b2aae24af0dc9b6d9933591aug24.jpg,Tomato_leaf_late_blight,Tomato_leaf_late_blight,0.9958536624908447,1,1.140711784362793,8.077317237854004,0.169464111328125,9.390028953552246
dataset/test/Tomato_leaf_late_blight/Late-blight-on-a-tomato-leaf_jpg.rf.8a0bcac661db5b0d51beab8e2bf6cd6caug29.jpg,Tomato_leaf_late_blight,Tomato_leaf_late_blight,0.9964788556098938,1,1.1352672576904297,8.004483222961426,0.17676067352294922,9.319491386413574
dataset/test/Tomato_leaf_late_blight/Late-blight-on-a-tomato-leaf_jpg.rf.8defdb736385f3e1da6fba17b2786ac9_aug_84aug36.jpg,Tomato_leaf_late_blight,Tomato_leaf_late_blight,0.9999955892562866,1,1.1721572875976562,8.248818397521973,0.16679668426513672,9.59034538269043
dataset/test/Tomato_leaf_late_blight/Late-blight-on-a-tomato-leaf_jpg.rf.8defdb736385f3e1da6fba17b2786ac9aug28.jpg,Tomato_leaf_late_blight,Tomato_leaf_late_blight,0.9999732971191406,1,1.176137924194336,8.179094314575195,0.17000102996826172,9.52808666229248
dataset/test/Tomato_leaf_late_blight/Late-blight-symptoms-on-tomato-leaves-1r3uhy2_jpg.rf.92fa5ba375a2c3ce572ef7e12695be90aug31.jpg,Tomato_leaf_late_blight,Tomato_leaf_late_blight,0.9990284442901611,1,1.1708593368530273,8.151040077209473,0.16937255859375,9.49392032623291
dataset/test/Tomato_leaf_late_blight/Late-blight-tomato-leaf-VikramBisht-MBag_jpg.rf.ec494f1ab0c0417fed47095af181f852_aug_6aug117.jpg,Tomato_leaf_late_blight,Tomato_leaf_late_blight,0.9051254987716675,1,1.2299346923828125,9.176786422729492,0.17229747772216797,10.581927299499512
dataset/test/Tomato_leaf_late_blight/Late-blight-tomato-leaf-VikramBisht-MBag_jpg.rf.ec494f1ab0c0417fed47095af181f852_aug_7aug116.jpg,Tomato_leaf_late_blight,Tomato_leaf_late_blight,0.9879717230796814,1,1.1788969039916992,8.361967086791992,0.20081615447998047,9.745033264160156
dataset/test/Tomato_leaf_late_blight/Late-blight-tomato-leaf-VikramBisht-MBag_jpg.rf.ec494f1ab0c0417fed47095af181f852_aug_8aug115.jpg,Tomato_leaf_late_blight,Tomato_leaf_late_blight,0.9997560381889343,1,1.1426925659179688,23.902873992919922,0.1712970733642578,25.2197904586792
dataset/test/Tomato_leaf_late_blight/Late-blight-tomato-leaf-VikramBisht-MBag_jpg.rf.ec494f1ab0c0417fed47095af181f852aug2.jpg,Tomato_leaf_late_blight,Tomato_leaf_late_blight,0.9963129162788391,1,1.1740646362304688,11.2418212890625,0.17192745208740234,12.591886520385742
dataset/test/Tomato_leaf_late_blight/LateBlight-Tomato-JJ-2009-17nxg4q_aug_36aug79.jpg,Tomato_leaf_late_blight,Tomato_leaf_late_blight,0.998526930809021,1,1.1526203155517578,8.560580253601074,0.1692972183227539,9.885793685913086
dataset/test/Tomato_leaf_late_blight/LateBlight-Tomato-JJ-2009-17nxg4q_aug_37aug87.jpg,Tomato_leaf_late_blight,Tomato_leaf_late_blight,0.9999439716339111,1,1.0731182098388672,8.125761032104492,0.17783355712890625,9.379807472229004
dataset/test/Tomato_leaf_late_blight/LateBlight-Tomato-JJ-2009-17nxg4q_aug_38aug67.jpg,Tomato_leaf_late_blight,Tomato_leaf_late_blight,0.9946594834327698,1,1.0831193923950195,9.359456062316895,0.20744705200195312,10.653223991394043
dataset/test/Tomato_leaf_late_blight/LateBlight-Tomato-JJ-2009-17nxg4q_jpg.rf.93780f99f071013cf0764b40fc6db48c_aug_48aug77.jpg,Tomato_leaf_late_blight,Tomato_leaf_late_blight,0.9999709129333496,1,1.3764362335205078,12.509441375732422,0.20989036560058594,14.099601745605469
dataset/test/Tomato_leaf_late_blight/LateBlight-Tomato-JJ-2009-17nxg4q_jpg.rf.93780f99f071013cf0764b40fc6db48c_aug_49aug65.jpg,Tomato_leaf_late_blight,Tomato_leaf_late_blight,0.9999945163726807,1,1.4990110397338867,10.747891426086426,0.21751976013183594,12.468255996704102
dataset/test/Tomato_leaf_late_blight/LateBlight-Tomato-JJ-2009-17nxg4q_jpg.rf.93780f99f071013cf0764b40fc6db48c_aug_50aug75.jpg,Tomato_leaf_late_blight,Tomato_leaf_late_blight,0.9999998807907104,1,1.3918628692626953,10.864261627197266,0.20652008056640625,12.466402053833008
dataset/test/Tomato_leaf_late_blight/LateBlight-Tomato-JJ-2009-17nxg4q_jpg.rf.93780f99f071013cf0764b40fc6db48caug16.jpg,Tomato_leaf_late_blight,Tomato_leaf_late_blight,0.9999855756759644,1,1.4083986282348633,11.121689796447754,0.20637226104736328,12.739683151245117
dataset/test/Tomato_leaf_late_blight/LateBlight-Tomato-JJ-2009-17nxg4qaug12.jpg,Tomato_leaf_late_blight,Tomato_leaf_late_blight,0.9996542930603027,1,1.3818607330322266,11.005003929138184,0.2082977294921875,12.598885536193848
dataset/test/Tomato_leaf_late_blight/Lb11_mirror_verticalaug34.jpg,Tomato_leaf_late_blight,Tomato_leaf_late_blight,0.9890745282173157,1,1.4569358825683594,10.863447189331055,0.21963214874267578,12.543570518493652
dataset/test/Tomato_leaf_late_blight/Lb51_mirror_aug_39aug83.jpg,Tomato_leaf_late_blight,Tomato_leaf_late_blight,0.9892442226409912,1,1.4246387481689453,10.883410453796387,0.2152423858642578,12.527199745178223
dataset/test/Tomato_leaf_late_blight/Lb51_mirror_aug_40aug96.jpg,Tomato_leaf_late_blight,Tomato_leaf_late_blight,0.9998925924301147,1,1.517806053161621,10.415351867675781,0.15911293029785156,12.095029830932617
dataset/test/Tomato_leaf_late_blight/Lb51_mirror_aug_41aug91.jpg,Tomato_leaf_late_blight,Tomato_leaf_late_blight,0.9974141120910645,1,1.068211555480957,7.639647483825684,0.16576004028320312,8.876285552978516
dataset/test/Tomato_leaf_late_blight/Lb51_mirroraug13.jpg,Tomato_leaf_late_blight,Tomato_leaf_late_blight,0.9952529668807983,1,1.1890268325805664,7.736074447631836,0.16411304473876953,9.092267990112305
dataset/test/Tomato_leaf_late_blight/Lb52_change_90_aug_42aug64.jpg,Tomato_leaf_late_blight,Tomato_leaf_late_blight,0.9984833598136902,1,1.0366363525390625,7.925666809082031,0.17442703247070312,9.139361381530762
dataset/test/Tomato_leaf_late_blight/Lb52_change_90_aug_43aug63.jpg,Tomato_leaf_late_blight,Tomato_leaf_late_blight,0.9998347759246826,1,1.0336933135986328,7.8861494064331055,0.1619091033935547,9.084527969360352
dataset/test/Tomato_leaf_late_blight/Lb52_change_90_aug_44aug70.jpg,Tomato_leaf_late_blight,Tomato_leaf_late_blight,0.9998893737792969,1,1.0620813369750977,7.701221466064453,0.16403865814208984,8.930173873901367
dataset/test/Tomato_leaf_late_blight/Lb52_change_90aug14.jpg,Tomato_leaf_late_blight,Tomato_leaf_late_blight,0.9999128580093384,1,1.0593585968017578,7.85099983215332,0.16403770446777344,9.077342987060547
dataset/test/Tomato_leaf_late_blight/Lb69_aug_45aug76.jpg,Tomato_leaf_late_blight,Tomato_leaf_late_blight,0.9999970197677612,1,1.8301992416381836,7.984148979187012,0.1640949249267578,9.980978012084961
dataset/test/Tomato_leaf_late_blight/Lb69_aug_46aug72.jpg,Tomato_leaf_late_blight,Tomato_leaf_late_blight,0.9999788999557495,1,1.1074705123901367,7.9079999923706055,0.15977859497070312,9.177491188049316
dataset/test/Tomato_leaf_late_blight/Lb69_aug_47aug66.jpg,Tomato_leaf_late_blight,Tomato_leaf_late_blight,0.9999899864196777,1,1.021413803100586,7.62353515625,0.16624164581298828,8.814135551452637
dataset/test/Tomato_leaf_late_blight/Lb69aug15.jpg,Tomato_leaf_late_blight,Tomato_leaf_late_blight,0.9999675750732422,1,1.0509710311889648,7.702350616455078,0.1641683578491211,8.920007705688477
dataset/test/Tomato_leaf_late_blight/Lb8_mirror_vertical_aug_10aug118.jpg,Tomato_leaf_late_blight,Tomato_leaf_late_blight,0.8802837133407593,1,1.036656379699707,7.801093101501465,0.1750011444091797,9.01591682434082
dataset/test/Tomato_leaf_late_blight/Lb8_mirror_vertical_aug_11aug111.jpg,Tomato_leaf_late_blight,Tomato_leaf_late_blight,0.9983795881271362,1,1.1322498321533203,8.204354286193848,0.16896343231201172,9.508363723754883
dataset/test/Tomato_leaf_late_blight/Lb8_mirror_vertical_aug_9aug103.jpg,Tomato_leaf_late_blight,Tomato_leaf_late_blight,0.999483585357666,1,1.065267562866211,7.987093925476074,0.16615009307861328,9.221176147460938
dataset/test/Tomato_leaf_late_blight/Lb8_mirror_verticalaug3.jpg,Tomato_leaf_late_blight,Tomato_leaf_late_blight,0.9998663663864136,1,1.0768976211547852,8.223077774047852,0.17852020263671875,9.481752395629883
dataset/test/Tomato_leaf_late_blight/Lb97_aug_21aug84.jpg,Tomato_leaf_late_blight,Tomato_leaf_late_blight,0.9997636675834656,1,1.1301565170288086,8.109501838684082,0.16265010833740234,9.404714584350586
dataset/test/Tomato_leaf_late_blight/Lb97_aug_22aug101.jpg,Tomato_leaf_late_blight,Tomato_leaf_late_blight,0.9999681711196899,1,1.0890445709228516,8.023927688598633,0.1687602996826172,9.284379959106445
dataset/test/Tomato_leaf_late_blight/Lb97_aug_23aug82.jpg,Tomato_leaf_late_blight,Tomato_leaf_late_blight,0.9996258020401001,1,1.1638784408569336,8.212817192077637,0.16729736328125,9.546846389770508
dataset/test/Tomato_leaf_late_blight/Lb97aug7.jpg,Tomato_leaf_late_blight,Tomato_leaf_late_blight,0.9999912977218628,1,1.229527473449707,7.993371963500977,0.16935348510742188,9.394956588745117
dataset/test/Tomato_leaf_late_blight/Leaf-2Bsymptoms-2BMDA_jpg.rf.39b220104d04636fad4f5aae043826cb_aug_0aug108.jpg,Tomato_leaf_late_blight,Tomato_leaf_late_blight,0.9956822395324707,1,1.1238412857055664,8.066500663757324,0.1680927276611328,9.361141204833984
dataset/test/Tomato_leaf_late_blight/Leaf-2Bsymptoms-2BMDA_jpg.rf.39b220104d04636fad4f5aae043826cb_aug_1aug106.jpg,Tomato_leaf_late_blight,Tomato_leaf_late_blight,0.9724355340003967,1,1.1537485122680664,8.430262565612793,0.16605567932128906,9.752902030944824
dataset/test/Tomato_leaf_late_blight/Leaf-2Bsymptoms-2BMDA_jpg.rf.39b220104d04636fad4f5aae043826cb_aug_2aug119.jpg,Tomato_leaf_late_blight,Tomato_leaf_late_blight,0.9521821737289429,1,1.1181554794311523,8.064130783081055,0.1666116714477539,9.351696014404297
dataset/test/Tomato_leaf_late_blight/Leaf-2Bsymptoms-2BMDA_jpg.rf.39b220104d04636fad4f5aae043826cbaug0.jpg,Tomato_leaf_late_blight,Tomato_leaf_late_blight,0.8570109009742737,1,1.1570825576782227,7.961833953857422,0.16653823852539062,9.288047790527344
dataset/test/Tomato_leaf_late_blight/Tomato-20bacterial-20canker-JPG_jpg.rf.8b568c1d5efcfdcef44c606eb076b889_aug_30aug92.jpg,Tomato_leaf_late_blight,Tomato_leaf_late_blight,0.8172592520713806,1,1.1585817337036133,7.90425968170166,0.197723388671875,9.263676643371582
dataset/test/Tomato_leaf_late_blight/Tomato-20bacterial-20canker-JPG_jpg.rf.8b568c1d5efcfdcef44c606eb076b889_aug_31aug98.jpg,Tomato_leaf_late_blight,Tomato_leaf_late_blight,0.867764949798584,1,1.1295995712280273,7.995852470397949,0.16594600677490234,9.294046401977539
dataset/test/Tomato_leaf_late_blight/Tomato-20bacterial-20canker-JPG_jpg.rf.8b568c1d5efcfdcef44c606eb076b889_aug_32aug90.jpg,Tomato_leaf_late_blight,Tomato_leaf_late_blight,0.731847882270813,1,1.1198596954345703,7.790833473205566,0.17714881896972656,9.090750694274902
dataset/test/Tomato_leaf_late_blight/Tomato-20bacterial-20canker-JPG_jpg.rf.8b568c1d5efcfdcef44c606eb076b889aug10.jpg,Tomato_leaf_late_blight,Tomato_leaf_late_blight,0.8595367074012756,1,1.1367864608764648,8.096223831176758,0.19731616973876953,9.432881355285645
dataset/test/Tomato_leaf_late_blight/TomatoBlight-JPG_jpg.rf.234cbc5809dc7d942e46760a63e10d9f_aug_33aug88.jpg,Tomato_leaf_late_blight,Tomato_leaf_late_blight,0.9992825388908386,1,1.0975265502929688,7.890519142150879,0.15824222564697266,9.148990631103516
dataset/test/Tomato_leaf_late_blight/TomatoBlight-JPG_jpg.rf.234cbc5809dc7d942e46760a63e10d9f_aug_34aug86.jpg,Tomato_leaf_late_blight,Tomato_leaf_late_blight,0.999021053314209,1,1.0915822982788086,7.903057098388672,0.17074203491210938,9.168212890625
dataset/test/Tomato_leaf_late_blight/TomatoBlight-JPG_jpg.rf.234cbc5809dc7d942e46760a63e10d9f_aug_35aug93.jpg,Tomato_leaf_late_blight,Tomato_leaf_late_blight,0.9999216794967651,1,1.2277498245239258,7.828797340393066,0.1636676788330078,9.223010063171387
dataset/test/Tomato_leaf_late_blight/TomatoBlight-JPG_jpg.rf.234cbc5809dc7d942e46760a63e10d9faug11.jpg,Tomato_leaf_late_blight,Tomato_leaf_late_blight,0.9453748464584351,1,1.1539535522460938,7.856574058532715,0.16888999938964844,9.182658195495605
dataset/test/Tomato_leaf_late_blight/dsc_8140cs_aug_3aug114.jpg,Tomato_leaf_late_blight,Tomato_leaf_late_blight,0.9997546076774597,1,1.1219329833984375,8.235335350036621,0.1648712158203125,9.525067329406738
dataset/test/Tomato_leaf_late_blight/dsc_8140cs_aug_4aug99.jpg,Tomato_leaf_late_blight,Tomato_leaf_late_blight,0.9950695037841797,1,1.1367111206054688,7.9821672439575195,0.1660938262939453,9.28773307800293
dataset/test/Tomato_leaf_late_blight/dsc_8140cs_aug_5aug102.jpg,Tomato_leaf_late_blight,Tomato_leaf_late_blight,0.9942716360092163,1,1.1690082550048828,7.949723243713379,0.16750144958496094,9.289194107055664
dataset/test/Tomato_leaf_late_blight/dsc_8140csaug1.jpg,Tomato_leaf_late_blight,Tomato_mold_leaf,0.6900779008865356,0,1.1281013488769531,8.070630073547363,0.16870498657226562,9.370141983032227
dataset/test/Tomato_leaf_late_blight/late_jpg.rf.f64883c6ac50eb4f477851ddc23305e8_aug_69aug47.jpg,Tomato_leaf_late_blight,Tomato_leaf_late_blight,0.5516645908355713,1,1.1524152755737305,8.16511344909668,0.16913127899169922,9.489789962768555
dataset/test/Tomato_leaf_late_blight/late_jpg.rf.f64883c6ac50eb4f477851ddc23305e8_aug_70aug48.jpg,Tomato_leaf_late_blight,Tomato_leaf_late_blight,0.7564020156860352,1,1.1768598556518555,7.985889434814453,0.1679830551147461,9.333362579345703
dataset/test/Tomato_leaf_late_blight/late_jpg.rf.f64883c6ac50eb4f477851ddc23305e8_aug_71aug42.jpg,Tomato_leaf_late_blight,Tomato_leaf_late_blight,0.8599339127540588,1,1.1480646133422852,8.307819366455078,0.16822242736816406,9.626920700073242
dataset/test/Tomato_leaf_late_blight/late_jpg.rf.f64883c6ac50eb4f477851ddc23305e8aug23.jpg,Tomato_leaf_late_blight,Tomato_leaf_late_blight,0.6648358106613159,1,1.1678781509399414,8.127019882202148,0.1656484603881836,9.463418960571289
dataset/test/Tomato_leaf_late_blight/lateblightTom_lesionaug30.jpg,Tomato_leaf_late_blight,Tomato_Septoria_leaf_spot,0.4526054859161377,0,1.0417289733886719,8.166187286376953,0.1701488494873047,9.38077163696289
dataset/test/Tomato_leaf_late_blight/lb_leaf_lesions2x1200_jpg.rf.3a72cc9627c3ba6d79a876e19220824e_aug_81aug56.jpg,Tomato_leaf_late_blight,Tomato_leaf_late_blight,0.9998742341995239,1,1.099008560180664,8.40420913696289,0.16766738891601562,9.673643112182617
dataset/test/Tomato_leaf_late_blight/lb_leaf_lesions2x1200_jpg.rf.3a72cc9627c3ba6d79a876e19220824e_aug_82aug62.jpg,Tomato_leaf_late_blight,Tomato_leaf_late_blight,0.9999778270721436,1,1.1543960571289062,8.087706565856934,0.16653823852539062,9.41132640838623
dataset/test/Tomato_leaf_late_blight/lb_leaf_lesions2x1200_jpg.rf.3a72cc9627c3ba6d79a876e19220824e_aug_83aug57.jpg,Tomato_leaf_late_blight,Tomato_leaf_late_blight,0.9999881982803345,1,1.1003036499023438,8.402207374572754,0.1658153533935547,9.671086311340332
dataset/test/Tomato_leaf_late_blight/lb_leaf_lesions2x1200_jpg.rf.3a72cc9627c3ba6d79a876e19220824eaug27.jpg,Tomato_leaf_late_blight,Tomato_leaf_late_blight,0.9999911785125732,1,1.090397834777832,8.411060333251953,0.2056865692138672,9.70975399017334
dataset/test/Tomato_leaf_late_blight/p1020076cs_aug_78aug35.jpg,Tomato_leaf_late_blight,Tomato_leaf_late_blight,0.9994137287139893,1,1.1085081100463867,8.373115539550781,0.17107486724853516,9.655198097229004
dataset/test/Tomato_leaf_late_blight/p1020076cs_aug_79aug59.jpg,Tomato_leaf_late_blight,Tomato_leaf_late_blight,0.9999324083328247,1,1.1010446548461914,8.181520462036133,0.1824636459350586,9.468123435974121
dataset/test/Tomato_leaf_late_blight/p1020076cs_aug_80aug55.jpg,Tomato_leaf_late_blight,Tomato_leaf_late_blight,0.9964950680732727,1,1.1399898529052734,8.20461368560791,0.1698894500732422,9.517215728759766
dataset/test/Tomato_leaf_late_blight/p1020076csaug26.jpg,Tomato_leaf_late_blight,Tomato_leaf_late_blight,0.9992128610610962,1,1.072007179260254,8.285576820373535,0.17020416259765625,9.53060531616211
dataset/test/Tomato_leaf_late_blight/symptoms_of_late_blight_0_jpg.rf.417903f6c86ccb4f4bcd7139e0867018_aug_75aug58.jpg,Tomato_leaf_late_blight,Tomato_leaf_late_blight,0.9999984502792358,1,1.157731056213379,8.286190032958984,0.17976093292236328,9.62662410736084
dataset/test/Tomato_leaf_late_blight/symptoms_of_late_blight_0_jpg.rf.417903f6c86ccb4f4bcd7139e0867018_aug_76aug54.jpg,Tomato_leaf_late_blight,Tomato_leaf_late_blight,0.9999022483825684,1,1.1766386032104492,8.326170921325684,0.17251968383789062,9.678235054016113
dataset/test/Tomato_leaf_late_blight/symptoms_of_late_blight_0_jpg.rf.417903f6c86ccb4f4bcd7139e0867018_aug_77aug61.jpg,Tomato_leaf_late_blight,Tomato_leaf_late_blight,0.9999430179595947,1,1.1584348678588867,8.25698471069336,0.17403793334960938,9.592232704162598
dataset/test/Tomato_leaf_late_blight/symptoms_of_late_blight_0_jpg.rf.417903f6c86ccb4f4bcd7139e0867018aug25.jpg,Tomato_leaf_late_blight,Tomato_leaf_late_blight,0.9999843835830688,1,1.1808404922485352,8.23563289642334,0.16013145446777344,9.579049110412598
dataset/test/Tomato_leaf_late_blight/tomato-late-blight-leaf-61-3x32_aug_12aug112.jpg,Tomato_leaf_late_blight,Tomato_leaf_late_blight,0.9999986886978149,1,1.0825824737548828,8.160113334655762,0.1705942153930664,9.416362762451172
dataset/test/Tomato_leaf_late_blight/tomato-late-blight-leaf-61-3x32_aug_13aug110.jpg,Tomato_leaf_late_blight,Tomato_Septoria_leaf_spot,0.8305035829544067,0,1.0906000137329102,8.048649787902832,0.17583370208740234,9.318324089050293
dataset/test/Tomato_leaf_late_blight/tomato-late-blight-leaf-61-3x32_aug_14aug105.jpg,Tomato_leaf_late_blight,Tomato_leaf_late_blight,0.9999889135360718,1,1.1152305603027344,8.041297912597656,0.17772197723388672,9.337363243103027
dataset/test/Tomato_leaf_late_blight/tomato-late-blight-leaf-61-3x32aug4.jpg,Tomato_leaf_late_blight,Tomato_leaf_late_blight,0.9999967813491821,1,1.0680437088012695,8.061038970947266,0.16724205017089844,9.299066543579102
dataset/test/Tomato_leaf_late_blight/tomato.early.blightH_aug_18aug100.jpg,Tomato_leaf_late_blight,Tomato_Septoria_leaf_spot,0.9998342990875244,0,1.1800451278686523,8.078298568725586,0.1780385971069336,9.439621925354004
dataset/test/Tomato_leaf_late_blight/tomato.early.blightH_aug_19aug107.jpg,Tomato_leaf_late_blight,Tomato_Septoria_leaf_spot,0.9862267374992371,0,1.2236204147338867,8.088260650634766,0.17711257934570312,9.492270469665527
dataset/test/Tomato_leaf_late_blight/tomato.early.blightH_aug_20aug94.jpg,Tomato_leaf_late_blight,Tomato_Septoria_leaf_spot,0.9315662980079651,0,1.2263975143432617,8.088983535766602,0.1791677474975586,9.49767780303955
dataset/test/Tomato_leaf_late_blight/tomato.early.blightHaug6.jpg,Tomato_leaf_late_blight,Tomato_Septoria_leaf_spot,0.9162226319313049,0,1.2030439376831055,7.9974822998046875,0.20892620086669922,9.412585258483887
dataset/test/Tomato_leaf_yellow_curl_virus/1342017-162221-44540_jpg.rf.f68314ea4850dade3a214dec71c83715_aug_77aug56.jpg,Tomato_leaf_yellow_curl_virus,Tomato_leaf_yellow_curl_virus,0.9999966621398926,1,1.1580820083618164,8.03233528137207,0.17203807830810547,9.366251945495605
dataset/test/Tomato_leaf_yellow_curl_virus/1342017-162221-44540_jpg.rf.f68314ea4850dade3a214dec71c83715_aug_78aug81.jpg,Tomato_leaf_yellow_curl_virus,Tomato_leaf_yellow_curl_virus,0.9999994039535522,1,1.1568031311035156,7.95207405090332,0.1736307144165039,9.285806655883789
dataset/test/Tomato_leaf_yellow_curl_virus/1342017-162221-44540_jpg.rf.f68314ea4850dade3a214dec71c83715_aug_79aug60.jpg,Tomato_leaf_yellow_curl_virus,Tomato_leaf_yellow_curl_virus,0.9999932050704956,1,1.1646013259887695,8.206892013549805,0.16613006591796875,9.540383338928223
dataset/test/Tomato_leaf_yellow_curl_virus/1342017-162221-44540_jpg.rf.f68314ea4850dade3a214dec71c83715_aug_80aug64.jpg,Tomato_leaf_yellow_curl_virus,Tomato_leaf_yellow_curl_virus,0.9999995231628418,1,1.1614160537719727,7.902888298034668,0.168853759765625,9.236139297485352
dataset/test/Tomato_leaf_yellow_curl_virus/1342017-162221-44540_jpg.rf.f68314ea4850dade3a214dec71c83715_aug_81aug61.jpg,Tomato_leaf_yellow_curl_virus,Tomato_leaf_yellow_curl_virus,0.9999992847442627,1,1.1606569290161133,9.676142692565918,0.2050933837890625,11.04554271697998
dataset/test/Tomato_leaf_yellow_curl_virus/1342017-162221-44540_jpg.rf.f68314ea4850dade3a214dec71c83715_aug_82aug80.jpg,Tomato_leaf_yellow_curl_virus,Tomato_leaf_yellow_curl_virus,0.9999814033508301,1,1.5324363708496094,10.928781509399414,0.20313167572021484,12.668350219726562
dataset/test/Tomato_leaf_yellow_curl_virus/1342017-162221-44540_jpg.rf.f68314ea4850dade3a214dec71c83715_aug_83aug70.jpg,Tomato_leaf_yellow_curl_virus,Tomato_leaf_yellow_curl_virus,0.9999986886978149,1,1.5439739227294922,10.75898265838623,0.2082977294921875,12.514958381652832
dataset/test/Tomato_leaf_yellow_curl_virus/1342017-162221-44540_jpg.rf.f68314ea4850dade3a214dec71c83715aug11.jpg,Tomato_leaf_yellow_curl_virus,Tomato_leaf_yellow_curl_virus,0.9999918937683105,1,1.5051040649414062,10.832836151123047,0.21839046478271484,12.560053825378418
dataset/test/Tomato_leaf_yellow_curl_virus/8226402877_9abf151b5b_b_jpg.rf.a2dff27e03c5ab47916df5d873c1590f_aug_70aug66.jpg,Tomato_leaf_yellow_curl_virus,Tomato_leaf_yellow_curl_virus,0.9999996423721313,1,1.5131778717041016,10.882540702819824,0.20701980590820312,12.606404304504395
dataset/test/Tomato_leaf_yellow_curl_virus/8226402877_9abf151b5b_b_jpg.rf.a2dff27e03c5ab47916df5d873c1590f_aug_71aug69.jpg,Tomato_leaf_yellow_curl_virus,Tomato_leaf_yellow_curl_virus,1.0,1,1.4915294647216797,10.86998462677002,0.20637130737304688,12.571237564086914
dataset/test/Tomato_leaf_yellow_curl_virus/8226402877_9abf151b5b_b_jpg.rf.a2dff27e03c5ab47916df5d873c1590f_aug_72aug73.jpg,Tomato_leaf_yellow_curl_virus,Tomato_leaf_yellow_curl_virus,0.9999357461929321,1,1.6351041793823242,10.877410888671875,0.2040567398071289,12.720404624938965
dataset/test/Tomato_leaf_yellow_curl_virus/8226402877_9abf151b5b_b_jpg.rf.a2dff27e03c5ab47916df5d873c1590f_aug_73aug54.jpg,Tomato_leaf_yellow_curl_virus,Tomato_leaf_yellow_curl_virus,0.9999954700469971,1,1.462306022644043,10.683150291442871,0.20687198638916016,12.35549545288086
dataset/test/Tomato_leaf_yellow_curl_virus/8226402877_9abf151b5b_b_jpg.rf.a2dff27e03c5ab47916df5d873c1590f_aug_74aug76.jpg,Tomato_leaf_yellow_curl_virus,Tomato_leaf_yellow_curl_virus,1.0,1,1.5200471878051758,9.5999755859375,0.16335391998291016,11.286839485168457
dataset/test/Tomato_leaf_yellow_curl_virus/8226402877_9abf151b5b_b_jpg.rf.a2dff27e03c5ab47916df5d873c1590f_aug_75aug74.jpg,Tomato_leaf_yellow_curl_virus,Tomato_leaf_yellow_curl_virus,0.9999979734420776,1,1.1156930923461914,7.7659807205200195,0.16344356536865234,9.047748565673828
dataset/test/Tomato_leaf_yellow_curl_virus/8226402877_9abf151b5b_b_jpg.rf.a2dff27e03c5ab47916df5d873c1590f_aug_76aug65.jpg,Tomato_leaf_yellow_curl_virus,Tomato_leaf_yellow_curl_virus,0.9999998807907104,1,1.0906734466552734,7.703388214111328,0.16507530212402344,8.961896896362305
dataset/test/Tomato_leaf_yellow_curl_virus/8226402877_9abf151b5b_b_jpg.rf.a2dff27e03c5ab47916df5d873c1590faug10.jpg,Tomato_leaf_yellow_curl_virus,Tomato_leaf_yellow_curl_virus,0.9999998807907104,1,1.0882673263549805,7.799369812011719,0.1729450225830078,9.0636568069458
dataset/test/Tomato_leaf_yellow_curl_virus/DSC01999-JPG_jpg.rf.700fa6596ab8750ad0f1c47a0defe191_aug_84aug53.jpg,Tomato_leaf_yellow_curl_virus,Tomato_leaf_yellow_curl_virus,0.9999985694885254,1,1.2272682189941406,7.930481910705566,0.15998268127441406,9.320178031921387
dataset/test/Tomato_leaf_yellow_curl_virus/DSC01999-JPG_jpg.rf.700fa6596ab8750ad0f1c47a0defe191_aug_85aug82.jpg,Tomato_leaf_yellow_curl_virus,Tomato_leaf_yellow_curl_virus,0.9999998807907104,1,1.1437292098999023,7.73274040222168,0.1638336181640625,9.04289722442627
dataset/test/Tomato_leaf_yellow_curl_virus/DSC01999-JPG_jpg.rf.700fa6596ab8750ad0f1c47a0defe191_aug_86aug71.jpg,Tomato_leaf_yellow_curl_virus,Tomato_leaf_yellow_curl_virus,1.0,1,1.1420269012451172,7.740739822387695,0.17903804779052734,9.06476879119873
dataset/test/Tomato_leaf_yellow_curl_virus/DSC01999-JPG_jpg.rf.700fa6596ab8750ad0f1c47a0defe191_aug_87aug78.jpg,Tomato_leaf_yellow_curl_virus,Tomato_leaf_yellow_curl_virus,0.9999845027923584,1,1.1873245239257812,7.7367963790893555,0.1651134490966797,9.091897964477539
dataset/test/Tomato_leaf_yellow_curl_virus/DSC01999-JPG_jpg.rf.700fa6596ab8750ad0f1c47a0defe191_aug_88aug51.jpg,Tomato_leaf_yellow_curl_virus,Tomato_leaf_yellow_curl_virus,0.9999992847442627,1,1.1744136810302734,7.89061164855957,0.18346500396728516,9.251547813415527
dataset/test/Tomato_leaf_yellow_curl_virus/DSC01999-JPG_jpg.rf.700fa6596ab8750ad0f1c47a0defe191_aug_89aug63.jpg,Tomato_leaf_yellow_curl_virus,Tomato_leaf_yellow_curl_virus,0.9999997615814209,1,1.1288976669311523,7.819406509399414,0.1719818115234375,9.123621940612793
dataset/test/Tomato_leaf_yellow_curl_virus/DSC01999-JPG_jpg.rf.700fa6596ab8750ad0f1c47a0defe191_aug_90aug85.jpg,Tomato_leaf_yellow_curl_virus,Tomato_leaf_yellow_curl_virus,0.9999986886978149,1,1.1831741333007812,8.119298934936523,0.16518592834472656,9.4704008102417
dataset/test/Tomato_leaf_yellow_curl_virus/DSC01999-JPG_jpg.rf.700fa6596ab8750ad0f1c47a0defe191aug12.jpg,Tomato_leaf_yellow_curl_virus,Tomato_leaf_yellow_curl_virus,0.9999997615814209,1,1.1514167785644531,8.196335792541504,0.2049274444580078,9.555679321289062
dataset/test/Tomato_leaf_yellow_curl_virus/DSC01999.JPG_aug_63aug68.jpg,Tomato_leaf_yellow_curl_virus,Tomato_leaf_yellow_curl_virus,0.9999510049819946,1,1.6120672225952148,11.798194885253906,0.21044635772705078,13.624467849731445
dataset/test/Tomato_leaf_yellow_curl_virus/DSC01999.JPG_aug_64aug72.jpg,Tomato_leaf_yellow_curl_virus,Tomato_leaf_yellow_curl_virus,0.9999986886978149,1,1.563084602355957,10.847169876098633,0.2265024185180664,12.640682220458984
dataset/test/Tomato_leaf_yellow_curl_virus/DSC01999.JPG_aug_65aug75.jpg,Tomato_leaf_yellow_curl_virus,Tomato_leaf_yellow_curl_virus,0.9983417987823486,1,1.7887353897094727,32.252617835998535,0.23694610595703125,34.282094955444336
dataset/test/Tomato_leaf_yellow_curl_virus/DSC01999.JPG_aug_66aug58.jpg,Tomato_leaf_yellow_curl_virus,Tomato_leaf_yellow_curl_virus,0.9995641112327576,1,1.7735319137573242,14.04941463470459,0.2220773696899414,16.048669815063477
dataset/test/Tomato_leaf_yellow_curl_virus/DSC01999.JPG_aug_67aug83.jpg,Tomato_leaf_yellow_curl_virus,Tomato_leaf_yellow_curl_virus,0.9999986886978149,1,1.5691413879394531,10.865187644958496,0.21287250518798828,12.650904655456543
dataset/test/Tomato_leaf_yellow_curl_virus/DSC01999.JPG_aug_68aug79.jpg,Tomato_leaf_yellow_curl_virus,Tomato_leaf_yellow_curl_virus,0.9992523789405823,1,1.5987892150878906,10.60909366607666,0.15535259246826172,12.366328239440918
dataset/test/Tomato_leaf_yellow_curl_virus/DSC01999.JPG_aug_69aug62.jpg,Tomato_leaf_yellow_curl_virus,Tomato_leaf_yellow_curl_virus,0.999998927116394,1,1.0983781814575195,7.504330635070801,0.16898250579833984,8.774728775024414
dataset/test/Tomato_leaf_yellow_curl_virus/DSC01999.JPGaug9.jpg,Tomato_leaf_yellow_curl_virus,Tomato_leaf_yellow_curl_virus,0.999893069267273,1,1.2458419799804688,7.504608154296875,0.16214942932128906,8.915581703186035
dataset/test/Tomato_leaf_yellow_curl_virus/IMG_20251102_155103aug15.jpg,Tomato_leaf_yellow_curl_virus,Tomato_leaf_yellow_curl_virus,0.9940119385719299,1,1.0565805435180664,7.620497703552246,0.1704273223876953,8.85123062133789
dataset/test/Tomato_leaf_yellow_curl_virus/IMG_20251102_160455_aug_42aug104.jpg,Tomato_leaf_yellow_curl_virus,Tomato_leaf_yellow_curl_virus,0.9990670084953308,1,1.0572309494018555,7.713425636291504,0.16577911376953125,8.939119338989258
dataset/test/Tomato_leaf_yellow_curl_virus/IMG_20251102_160455_aug_43aug111.jpg,Tomato_leaf_yellow_curl_virus,Tomato_leaf_yellow_curl_virus,0.9908972382545471,1,1.0577659606933594,7.794315338134766,0.15998172760009766,9.014676094055176
dataset/test/Tomato_leaf_yellow_curl_virus/IMG_20251102_160455_aug_44aug112.jpg,Tomato_leaf_yellow_curl_virus,Tomato_leaf_yellow_curl_virus,0.5611812472343445,1,1.087508201599121,7.49971866607666,0.1875934600830078,8.777192115783691
dataset/test/Tomato_leaf_yellow_curl_virus/IMG_20251102_160455_aug_45aug108.jpg,Tomato_leaf_yellow_curl_virus,Tomato_leaf_yellow_curl_virus,0.6607714891433716,1,1.054952621459961,7.661609649658203,0.15866851806640625,8.877823829650879
dataset/test/Tomato_leaf_yellow_curl_virus/IMG_20251102_160455_aug_46aug110.jpg,Tomato_leaf_yellow_curl_virus,Tomato_leaf_yellow_curl_virus,0.9727655649185181,1,1.0392122268676758,7.489701271057129,0.17244434356689453,8.704339981079102
dataset/test/Tomato_leaf_yellow_curl_virus/IMG_20251102_160455_aug_47aug98.jpg,Tomato_leaf_yellow_curl_virus,Tomato_leaf_yellow_curl_virus,0.6263415813446045,1,1.0842294692993164,7.468480110168457,0.16151905059814453,8.71700668334961
dataset/test/Tomato_leaf_yellow_curl_virus/IMG_20251102_160455_aug_48aug105.jpg,Tomato_leaf_yellow_curl_virus,Tomato_leaf_yellow_curl_virus,0.5206009745597839,1,1.043137550354004,7.569183349609375,0.16100120544433594,8.775914192199707
dataset/test/Tomato_leaf_yellow_curl_virus/IMG_20251102_160455aug6.jpg,Tomato_leaf_yellow_curl_virus,Tomato_leaf_yellow_curl_virus,0.6329092383384705,1,1.0863037109375,7.98076057434082,0.16257476806640625,9.232139587402344
dataset/test/Tomato_leaf_yellow_curl_virus/IMG_20251102_160553_aug_35aug49.jpg,Tomato_leaf_yellow_curl_virus,Tomato_leaf_yellow_curl_virus,0.8152951598167419,1,1.1319341659545898,8.386374473571777,0.16453838348388672,9.685623168945312
dataset/test/Tomato_leaf_yellow_curl_virus/IMG_20251102_160553_aug_36aug113.jpg,Tomato_leaf_yellow_curl_virus,Tomato_leaf_yellow_curl_virus,0.9808810949325562,1,1.1935453414916992,8.231779098510742,0.16714954376220703,9.595252990722656
dataset/test/Tomato_leaf_yellow_curl_virus/IMG_20251102_160553_aug_37aug114.jpg,Tomato_leaf_yellow_curl_virus,Tomato_leaf_yellow_curl_virus,0.8183236718177795,1,1.1745452880859375,7.963593482971191,0.16516876220703125,9.306214332580566
dataset/test/Tomato_leaf_yellow_curl_virus/IMG_20251102_160553_aug_38aug101.jpg,Tomato_leaf_yellow_curl_virus,Tomato_leaf_yellow_curl_virus,0.9720287322998047,1,1.1409530639648438,7.864554405212402,0.16429615020751953,9.172861099243164
dataset/test/Tomato_leaf_yellow_curl_virus/IMG_20251102_160553_aug_39aug118.jpg,Tomato_leaf_yellow_curl_virus,Tomato_leaf_yellow_curl_virus,0.7032631635665894,1,1.1148977279663086,7.849518775939941,0.181427001953125,9.149398803710938
dataset/test/Tomato_leaf_yellow_curl_virus/IMG_20251102_160553_aug_40aug19.jpg,Tomato_leaf_yellow_curl_virus,Tomato_leaf_yellow_curl_virus,0.9321185946464539,1,1.1916923522949219,8.796487808227539,0.17402076721191406,10.16525650024414
dataset/test/Tomato_leaf_yellow_curl_virus/IMG_20251102_160553_aug_41aug119.jpg,Tomato_leaf_yellow_curl_virus,Tomato_leaf_yellow_curl_virus,0.9569488763809204,1,1.1288976669311523,7.84398078918457,0.16657543182373047,9.142582893371582
dataset/test/Tomato_leaf_yellow_curl_virus/IMG_20251102_160553aug5.jpg,Tomato_leaf_yellow_curl_virus,Tomato_leaf_yellow_curl_virus,0.9716939926147461,1,1.1884536743164062,7.939964294433594,0.16609477996826172,9.29743480682373
dataset/test/Tomato_leaf_yellow_curl_virus/TYLCV-tomate-DB-445-171_jpg.rf.9d70326900dd981ab5d49063b0d644f0_aug_21aug41.jpg,Tomato_leaf_yellow_curl_virus,Tomato_leaf_yellow_curl_virus,0.9953758716583252,1,1.1692304611206055,7.990407943725586,0.1654644012451172,9.327713966369629
dataset/test/Tomato_leaf_yellow_curl_virus/TYLCV-tomate-DB-445-171_jpg.rf.9d70326900dd981ab5d49063b0d644f0_aug_22aug30.jpg,Tomato_leaf_yellow_curl_virus,Tomato_leaf_yellow_curl_virus,0.9993270635604858,1,1.1109704971313477,7.977295875549316,0.17514896392822266,9.266788482666016
dataset/test/Tomato_leaf_yellow_curl_virus/TYLCV-tomate-DB-445-171_jpg.rf.9d70326900dd981ab5d49063b0d644f0_aug_23aug42.jpg,Tomato_leaf_yellow_curl_virus,Tomato_leaf_yellow_curl_virus,0.9948999285697937,1,1.1224708557128906,7.888371467590332,0.17359447479248047,9.187417030334473
dataset/test/Tomato_leaf_yellow_curl_virus/TYLCV-tomate-DB-445-171_jpg.rf.9d70326900dd981ab5d49063b0d644f0_aug_24aug45.jpg,Tomato_leaf_yellow_curl_virus,Tomato_leaf_yellow_curl_virus,0.9999767541885376,1,1.1770639419555664,8.14107608795166,0.17576026916503906,9.496660232543945
dataset/test/Tomato_leaf_yellow_curl_virus/TYLCV-tomate-DB-445-171_jpg.rf.9d70326900dd981ab5d49063b0d644f0_aug_25aug20.jpg,Tomato_leaf_yellow_curl_virus,Tomato_leaf_yellow_curl_virus,0.9999734163284302,1,1.1331377029418945,8.09383487701416,0.17785263061523438,9.408270835876465
dataset/test/Tomato_leaf_yellow_curl_virus/TYLCV-tomate-DB-445-171_jpg.rf.9d70326900dd981ab5d49063b0d644f0_aug_26aug18.jpg,Tomato_leaf_yellow_curl_virus,Tomato_leaf_yellow_curl_virus,0.9999837875366211,1,1.1574535369873047,8.003390312194824,0.20703887939453125,9.370566368103027
dataset/test/Tomato_leaf_yellow_curl_virus/TYLCV-tomate-DB-445-171_jpg.rf.9d70326900dd981ab5d49063b0d644f0_aug_27aug29.jpg,Tomato_leaf_yellow_curl_virus,Tomato_leaf_yellow_curl_virus,0.9997121691703796,1,1.1270828247070312,8.221707344055176,0.17385292053222656,9.525253295898438
dataset/test/Tomato_leaf_yellow_curl_virus/TYLCV-tomate-DB-445-171_jpg.rf.9d70326900dd981ab5d49063b0d644f0aug3.jpg,Tomato_leaf_yellow_curl_virus,Tomato_leaf_yellow_curl_virus,0.9989861845970154,1,1.1576929092407227,8.123242378234863,0.17001914978027344,9.453660011291504
dataset/test/Tomato_leaf_yellow_curl_virus/TYLCV4_jpg.rf.2e4accea501a220be9dc475dd1ca3121_aug_10aug22.jpg,Tomato_leaf_yellow_curl_virus,Tomato_leaf_yellow_curl_virus,0.9999998807907104,1,1.15582275390625,8.436614990234375,0.16265010833740234,9.757772445678711
dataset/test/Tomato_leaf_yellow_curl_virus/TYLCV4_jpg.rf.2e4accea501a220be9dc475dd1ca3121_aug_11aug44.jpg,Tomato_leaf_yellow_curl_virus,Tomato_leaf_yellow_curl_virus,0.9999969005584717,1,1.1216011047363281,8.019927024841309,0.16814804077148438,9.312566757202148
dataset/test/Tomato_leaf_yellow_curl_virus/TYLCV4_jpg.rf.2e4accea501a220be9dc475dd1ca3121_aug_12aug39.jpg,Tomato_leaf_yellow_curl_virus,Tomato_leaf_yellow_curl_virus,0.9999997615814209,1,1.2220630645751953,7.947500228881836,0.17800235748291016,9.350584983825684
dataset/test/Tomato_leaf_yellow_curl_virus/TYLCV4_jpg.rf.2e4accea501a220be9dc475dd1ca3121_aug_13aug35.jpg,Tomato_leaf_yellow_curl_virus,Tomato_leaf_yellow_curl_virus,0.9999988079071045,1,1.2545642852783203,8.315041542053223,0.16835308074951172,9.740422248840332
dataset/test/Tomato_leaf_yellow_curl_virus/TYLCV4_jpg.rf.2e4accea501a220be9dc475dd1ca3121_aug_7aug40.jpg,Tomato_leaf_yellow_curl_virus,Tomato_leaf_yellow_curl_virus,0.999998927116394,1,1.1304712295532227,8.105446815490723,0.16914844512939453,9.407974243164062
dataset/test/Tomato_leaf_yellow_curl_virus/TYLCV4_jpg.rf.2e4accea501a220be9dc475dd1ca3121_aug_8aug33.jpg,Tomato_leaf_yellow_curl_virus,Tomato_leaf_yellow_curl_virus,0.9999994039535522,1,1.1310081481933594,8.224539756774902,0.16837120056152344,9.526808738708496
dataset/test/Tomato_leaf_yellow_curl_virus/TYLCV4_jpg.rf.2e4accea501a220be9dc475dd1ca3121_aug_9aug48.jpg,Tomato_leaf_yellow_curl_virus,Tomato_leaf_yellow_curl_virus,0.9999994039535522,1,1.127730369567871,8.12470531463623,0.1680011749267578,9.42325210571289
dataset/test/Tomato_leaf_yellow_curl_virus/TYLCV4_jpg.rf.2e4accea501a220be9dc475dd1ca3121aug1.jpg,Tomato_leaf_yellow_curl_virus,Tomato_leaf_yellow_curl_virus,0.9999984502792358,1,1.130101203918457,7.960759162902832,0.17966747283935547,9.273751258850098
dataset/test/Tomato_leaf_yellow_curl_virus/art_15017325188173_a24a66_aug_14aug36.jpg,Tomato_leaf_yellow_curl_virus,Tomato_leaf_yellow_curl_virus,1.0,1,1.1901006698608398,8.165149688720703,0.16665077209472656,9.525252342224121
dataset/test/Tomato_leaf_yellow_curl_virus/art_15017325188173_a24a66_aug_15aug23.jpg,Tomato_leaf_yellow_curl_virus,Tomato_leaf_yellow_curl_virus,1.0,1,1.1680641174316406,8.18663215637207,0.1659832000732422,9.523640632629395
dataset/test/Tomato_leaf_yellow_curl_virus/art_15017325188173_a24a66_aug_16aug34.jpg,Tomato_leaf_yellow_curl_virus,Tomato_leaf_yellow_curl_virus,1.0,1,1.1523418426513672,8.071686744689941,0.175445556640625,9.402381896972656
dataset/test/Tomato_leaf_yellow_curl_virus/art_15017325188173_a24a66_aug_17aug43.jpg,Tomato_leaf_yellow_curl_virus,Tomato_leaf_yellow_curl_virus,1.0,1,1.2069902420043945,8.776396751403809,0.15789031982421875,10.143814086914062
dataset/test/Tomato_leaf_yellow_curl_virus/art_15017325188173_a24a66_aug_18aug47.jpg,Tomato_leaf_yellow_curl_virus,Tomato_leaf_yellow_curl_virus,1.0,1,1.162322998046875,7.921334266662598,0.1666126251220703,9.253158569335938
dataset/test/Tomato_leaf_yellow_curl_virus/art_15017325188173_a24a66_aug_19aug25.jpg,Tomato_leaf_yellow_curl_virus,Tomato_leaf_yellow_curl_virus,0.9999997615814209,1,1.2228422164916992,8.001742362976074,0.16794586181640625,9.395345687866211
dataset/test/Tomato_leaf_yellow_curl_virus/art_15017325188173_a24a66_aug_20aug46.jpg,Tomato_leaf_yellow_curl_virus,Tomato_leaf_yellow_curl_virus,1.0,1,1.2207317352294922,8.28950309753418,0.1672048568725586,9.68038272857666
dataset/test/Tomato_leaf_yellow_curl_virus/art_15017325188173_a24a66aug2.jpg,Tomato_leaf_yellow_curl_virus,Tomato_leaf_yellow_curl_virus,1.0,1,1.2055635452270508,8.051316261291504,0.1662607192993164,9.425843238830566
dataset/test/Tomato_leaf_yellow_curl_virus/psyllid-yellows_jpg.rf.1d99aab2f43a840be530ce313eb0c0fd_aug_56aug57.jpg,Tomato_leaf_yellow_curl_virus,Tomato_leaf_yellow_curl_virus,0.9999244213104248,1,1.175471305847168,10.66281509399414,0.2041311264038086,12.045124053955078
dataset/test/Tomato_leaf_yellow_curl_virus/psyllid-yellows_jpg.rf.1d99aab2f43a840be530ce313eb0c0fd_aug_57aug84.jpg,Tomato_leaf_yellow_curl_virus,Tomato_leaf_yellow_curl_virus,0.9999978542327881,1,1.5600109100341797,10.863762855529785,0.24811172485351562,12.676127433776855
dataset/test/Tomato_leaf_yellow_curl_virus/psyllid-yellows_jpg.rf.1d99aab2f43a840be530ce313eb0c0fd_aug_58aug52.jpg,Tomato_leaf_yellow_curl_virus,Tomato_leaf_yellow_curl_virus,0.9999978542327881,1,1.4989919662475586,10.89089298248291,0.206390380859375,12.599570274353027
dataset/test/Tomato_leaf_yellow_curl_virus/psyllid-yellows_jpg.rf.1d99aab2f43a840be530ce313eb0c0fd_aug_59aug77.jpg,Tomato_leaf_yellow_curl_virus,Tomato_leaf_yellow_curl_virus,0.9999958276748657,1,1.5705289840698242,11.079708099365234,0.2073526382446289,12.861294746398926
dataset/test/Tomato_leaf_yellow_curl_virus/psyllid-yellows_jpg.rf.1d99aab2f43a840be530ce313eb0c0fd_aug_60aug86.jpg,Tomato_leaf_yellow_curl_virus,Tomato_leaf_yellow_curl_virus,0.9999957084655762,1,1.5385665893554688,11.401876449584961,0.20692825317382812,13.150686264038086
dataset/test/Tomato_leaf_yellow_curl_virus/psyllid-yellows_jpg.rf.1d99aab2f43a840be530ce313eb0c0fd_aug_61aug59.jpg,Tomato_leaf_yellow_curl_virus,Tomato_leaf_yellow_curl_virus,1.0,1,1.6505489349365234,10.883243560791016,0.21752071380615234,12.75497817993164
dataset/test/Tomato_leaf_yellow_curl_virus/psyllid-yellows_jpg.rf.1d99aab2f43a840be530ce313eb0c0fd_aug_62aug67.jpg,Tomato_leaf_yellow_curl_virus,Tomato_leaf_yellow_curl_virus,0.9999970197677612,1,1.5378999710083008,11.045097351074219,0.20855712890625,12.795293807983398
dataset/test/Tomato_leaf_yellow_curl_virus/psyllid-yellows_jpg.rf.1d99aab2f43a840be530ce313eb0c0fdaug8.jpg,Tomato_leaf_yellow_curl_virus,Tomato_leaf_yellow_curl_virus,0.999998927116394,1,1.526381492614746,10.766019821166992,0.20737171173095703,12.50369930267334
dataset/test/Tomato_leaf_yellow_curl_virus/tj5itxzunn3k_jpg.rf.4aeda27b2535578e718fe6279491d0d4_aug_49aug102.jpg,Tomato_leaf_yellow_curl_virus,Tomato_leaf_yellow_curl_virus,0.9998944997787476,1,1.4046220779418945,8.083224296569824,0.16472339630126953,9.65577220916748
dataset/test/Tomato_leaf_yellow_curl_virus/tj5itxzunn3k_jpg.rf.4aeda27b2535578e718fe6279491d0d4_aug_50aug109.jpg,Tomato_leaf_yellow_curl_virus,Tomato_leaf_yellow_curl_virus,0.9999707937240601,1,1.0587854385375977,7.7324066162109375,0.17277908325195312,8.966840744018555
dataset/test/Tomato_leaf_yellow_curl_virus/tj5itxzunn3k_jpg.rf.4aeda27b2535578e718fe6279491d0d4_aug_51aug99.jpg,Tomato_leaf_yellow_curl_virus,Tomato_leaf_yellow_curl_virus,0.9999991655349731,1,1.0958776473999023,7.844203948974609,0.17342662811279297,9.11710262298584
dataset/test/Tomato_leaf_yellow_curl_virus/tj5itxzunn3k_jpg.rf.4aeda27b2535578e718fe6279491d0d4_aug_52aug103.jpg,Tomato_leaf_yellow_curl_virus,Tomato_leaf_yellow_curl_virus,0.9999152421951294,1,1.0631933212280273,7.8996124267578125,0.1586313247680664,9.12373161315918
dataset/test/Tomato_leaf_yellow_curl_virus/tj5itxzunn3k_jpg.rf.4aeda27b2535578e718fe6279491d0d4_aug_53aug100.jpg,Tomato_leaf_yellow_curl_virus,Tomato_leaf_yellow_curl_virus,0.9999862909317017,1,1.0488777160644531,7.753592491149902,0.16344642639160156,8.968489646911621
dataset/test/Tomato_leaf_yellow_curl_virus/tj5itxzunn3k_jpg.rf.4aeda27b2535578e718fe6279491d0d4_aug_54aug106.jpg,Tomato_leaf_yellow_curl_virus,Tomato_leaf_yellow_curl_virus,1.0,1,1.0723600387573242,7.785240173339844,0.16359424591064453,9.024267196655273
dataset/test/Tomato_leaf_yellow_curl_virus/tj5itxzunn3k_jpg.rf.4aeda27b2535578e718fe6279491d0d4_aug_55aug107.jpg,Tomato_leaf_yellow_curl_virus,Tomato_leaf_yellow_curl_virus,0.9999748468399048,1,1.0824708938598633,7.801332473754883,0.16403865814208984,9.051027297973633
dataset/test/Tomato_leaf_yellow_curl_virus/tj5itxzunn3k_jpg.rf.4aeda27b2535578e718fe6279491d0d4aug7.jpg,Tomato_leaf_yellow_curl_virus,Tomato_leaf_yellow_curl_virus,0.9999955892562866,1,1.0648040771484375,7.841796875,0.1728534698486328,9.082823753356934
dataset/test/Tomato_leaf_yellow_curl_virus/tomato-yellow-closeup-3_aug_28aug16.jpg,Tomato_leaf_yellow_curl_virus,Tomato_Septoria_leaf_spot,0.6344829201698303,0,1.1184158325195312,7.716259002685547,0.16407489776611328,9.001545906066895
dataset/test/Tomato_leaf_yellow_curl_virus/tomato-yellow-closeup-3_aug_29aug27.jpg,Tomato_leaf_yellow_curl_virus,Tomato_leaf_yellow_curl_virus,0.9978347420692444,1,1.1590261459350586,7.840110778808594,0.19759464263916016,9.199825286865234
dataset/test/Tomato_leaf_yellow_curl_virus/tomato-yellow-closeup-3_aug_30aug117.jpg,Tomato_leaf_yellow_curl_virus,Tomato_leaf_yellow_curl_virus,0.5843968987464905,1,1.1125259399414062,7.657979965209961,0.16309261322021484,8.936210632324219
dataset/test/Tomato_leaf_yellow_curl_virus/tomato-yellow-closeup-3_aug_31aug31.jpg,Tomato_leaf_yellow_curl_virus,Tomato_leaf_yellow_curl_virus,0.6583521962165833,1,1.122823715209961,7.973112106323242,0.1745748519897461,9.273881912231445
dataset/test/Tomato_leaf_yellow_curl_virus/tomato-yellow-closeup-3_aug_32aug115.jpg,Tomato_leaf_yellow_curl_virus,Tomato_leaf_yellow_curl_virus,0.969455897808075,1,1.1443424224853516,7.969722747802734,0.17244434356689453,9.289546966552734
dataset/test/Tomato_leaf_yellow_curl_virus/tomato-yellow-closeup-3_aug_33aug116.jpg,Tomato_leaf_yellow_curl_virus,Tomato_leaf_yellow_curl_virus,0.9781986474990845,1,1.1680631637573242,7.868074417114258,0.17955684661865234,9.218769073486328
dataset/test/Tomato_leaf_yellow_curl_virus/tomato-yellow-closeup-3_aug_34aug26.jpg,Tomato_leaf_yellow_curl_virus,Tomato_leaf_yellow_curl_virus,0.9863277673721313,1,1.1998224258422852,7.836556434631348,0.17022418975830078,9.209417343139648
dataset/test/Tomato_leaf_yellow_curl_virus/tomato-yellow-closeup-3aug4.jpg,Tomato_leaf_yellow_curl_virus,Tomato_leaf_yellow_curl_virus,0.9893478155136108,1,1.1662311553955078,7.954593658447266,0.1654644012451172,9.289306640625
dataset/test/Tomato_leaf_yellow_curl_virus/tomato-yellow-leaf-curl-virus-tomato-1_aug_100aug92.jpg,Tomato_leaf_yellow_curl_virus,Tomato_leaf_yellow_curl_virus,0.9996346235275269,1,1.1828594207763672,7.94920539855957,0.16831684112548828,9.302992820739746
dataset/test/Tomato_leaf_yellow_curl_virus/tomato-yellow-leaf-curl-virus-tomato-1_aug_101aug95.jpg,Tomato_leaf_yellow_curl_virus,Tomato_leaf_yellow_curl_virus,0.9273782968521118,1,1.1466379165649414,7.894037246704102,0.16431617736816406,9.207620620727539
dataset/test/Tomato_leaf_yellow_curl_virus/tomato-yellow-leaf-curl-virus-tomato-1_aug_102aug88.jpg,Tomato_leaf_yellow_curl_virus,Tomato_leaf_yellow_curl_virus,0.9998975992202759,1,1.1250085830688477,7.818111419677734,0.1875762939453125,9.134269714355469
dataset/test/Tomato_leaf_yellow_curl_virus/tomato-yellow-leaf-curl-virus-tomato-1_aug_103aug93.jpg,Tomato_leaf_yellow_curl_virus,Tomato_leaf_yellow_curl_virus,0.9705879092216492,1,1.2041206359863281,7.9144086837768555,0.1643352508544922,9.285455703735352
dataset/test/Tomato_leaf_yellow_curl_virus/tomato-yellow-leaf-curl-virus-tomato-1_aug_98aug91.jpg,Tomato_leaf_yellow_curl_virus,Tomato_leaf_yellow_curl_virus,0.9957761168479919,1,1.122248649597168,7.9603166580200195,0.15661144256591797,9.241510391235352
dataset/test/Tomato_leaf_yellow_curl_virus/tomato-yellow-leaf-curl-virus-tomato-1_aug_99aug90.jpg,Tomato_leaf_yellow_curl_virus,Tomato_leaf_yellow_curl_virus,0.956272542476654,1,1.1181182861328125,7.818611145019531,0.1747608184814453,9.114397048950195
dataset/test/Tomato_leaf_yellow_curl_virus/tomato-yellow-leaf-curl-virus-tomato-1aug14.jpg,Tomato_leaf_yellow_curl_virus,Tomato_leaf_yellow_curl_virus,0.9993926286697388,1,1.1415824890136719,8.017131805419922,0.20694541931152344,9.36877155303955
dataset/test/Tomato_leaf_yellow_curl_virus/tomatoyellowleafcurlcropped_aug_91aug55.jpg,Tomato_leaf_yellow_curl_virus,Tomato_leaf_yellow_curl_virus,0.9999576807022095,1,1.1547298431396484,8.200892448425293,0.17576026916503906,9.534530639648438
dataset/test/Tomato_leaf_yellow_curl_virus/tomatoyellowleafcurlcropped_aug_92aug89.jpg,Tomato_leaf_yellow_curl_virus,Tomato_leaf_yellow_curl_virus,0.9999958276748657,1,1.1443796157836914,8.235300064086914,0.18079757690429688,9.564105033874512
dataset/test/Tomato_leaf_yellow_curl_virus/tomatoyellowleafcurlcropped_aug_93aug97.jpg,Tomato_leaf_yellow_curl_virus,Tomato_leaf_yellow_curl_virus,0.9999955892562866,1,1.2133045196533203,8.317521095275879,0.16965007781982422,9.703569412231445
dataset/test/Tomato_leaf_yellow_curl_virus/tomatoyellowleafcurlcropped_aug_94aug50.jpg,Tomato_leaf_yellow_curl_virus,Tomato_leaf_yellow_curl_virus,0.9995965361595154,1,1.1788597106933594,8.235355377197266,0.16818618774414062,9.585493087768555
dataset/test/Tomato_leaf_yellow_curl_virus/tomatoyellowleafcurlcropped_aug_95aug87.jpg,Tomato_leaf_yellow_curl_virus,Tomato_leaf_yellow_curl_virus,0.9999475479125977,1,1.1517486572265625,8.300724029541016,0.20485401153564453,9.660439491271973
dataset/test/Tomato_leaf_yellow_curl_virus/tomatoyellowleafcurlcropped_aug_96aug96.jpg,Tomato_leaf_yellow_curl_virus,Tomato_leaf_yellow_curl_virus,0.9999862909317017,1,1.136488914489746,8.180242538452148,0.1708526611328125,9.490585327148438
dataset/test/Tomato_leaf_yellow_curl_virus/tomatoyellowleafcurlcropped_aug_97aug94.jpg,Tomato_leaf_yellow_curl_virus,Tomato_leaf_yellow_curl_virus,0.9999943971633911,1,1.1553611755371094,8.215799331665039,0.16953754425048828,9.543993949890137
dataset/test/Tomato_leaf_yellow_curl_virus/tomatoyellowleafcurlcroppedaug13.jpg,Tomato_leaf_yellow_curl_virus,Tomato_leaf_yellow_curl_virus,0.9999947547912598,1,1.1728229522705078,8.075316429138184,0.16866779327392578,9.419807434082031
dataset/test/Tomato_leaf_yellow_curl_virus/virus1_aug_0aug37.jpg,Tomato_leaf_yellow_curl_virus,Tomato_leaf_yellow_curl_virus,0.9999905824661255,1,1.1336002349853516,8.545153617858887,0.17177867889404297,9.853236198425293
dataset/test/Tomato_leaf_yellow_curl_virus/virus1_aug_1aug21.jpg,Tomato_leaf_yellow_curl_virus,Tomato_leaf_yellow_curl_virus,0.9998165965080261,1,1.1039886474609375,8.112892150878906,0.17453861236572266,9.39432430267334
dataset/test/Tomato_leaf_yellow_curl_virus/virus1_aug_2aug24.jpg,Tomato_leaf_yellow_curl_virus,Tomato_leaf_yellow_curl_virus,0.999998927116394,1,1.1960077285766602,8.326316833496094,0.1789093017578125,9.70430850982666
dataset/test/Tomato_leaf_yellow_curl_virus/virus1_aug_3aug17.jpg,Tomato_leaf_yellow_curl_virus,Tomato_leaf_yellow_curl_virus,0.9991297125816345,1,1.1189517974853516,8.08279800415039,0.1798715591430664,9.385102272033691
dataset/test/Tomato_leaf_yellow_curl_virus/virus1_aug_4aug28.jpg,Tomato_leaf_yellow_curl_virus,Tomato_leaf_yellow_curl_virus,0.9991663694381714,1,1.2194538116455078,8.204224586486816,0.1709461212158203,9.598161697387695
dataset/test/Tomato_leaf_yellow_curl_virus/virus1_aug_5aug32.jpg,Tomato_leaf_yellow_curl_virus,Tomato_leaf_yellow_curl_virus,0.9991297125816345,1,1.1183795928955078,8.227094650268555,0.1688518524169922,9.51738166809082
dataset/test/Tomato_leaf_yellow_curl_virus/virus1_aug_6aug38.jpg,Tomato_leaf_yellow_curl_virus,Tomato_leaf_yellow_curl_virus,0.9971202611923218,1,1.1276187896728516,8.32804012298584,0.17124271392822266,9.629863739013672
dataset/test/Tomato_leaf_yellow_curl_virus/virus1aug0.jpg,Tomato_leaf_yellow_curl_virus,Tomato_leaf_yellow_curl_virus,0.9995417594909668,1,1.148397445678711,8.440078735351562,0.1685934066772461,9.760050773620605
dataset/test/Tomato_mold_leaf/IMG-20240724-WA0020_aug_68aug87.jpg,Tomato_mold_leaf,Tomato_mold_leaf,0.9610353112220764,1,1.1788244247436523,8.530393600463867,0.17072486877441406,9.883292198181152
dataset/test/Tomato_mold_leaf/IMG-20240724-WA0020_aug_69aug97.jpg,Tomato_mold_leaf,Tomato_mold_leaf,0.9627739191055298,1,1.198934555053711,8.584914207458496,0.17001914978027344,9.956700325012207
dataset/test/Tomato_mold_leaf/IMG-20240724-WA0020_aug_70aug82.jpg,Tomato_mold_leaf,Tomato_mold_leaf,0.99997878074646,1,1.1904897689819336,8.640950202941895,0.1718158721923828,10.006145477294922
dataset/test/Tomato_mold_leaf/IMG-20240724-WA0020_aug_71aug98.jpg,Tomato_mold_leaf,Tomato_mold_leaf,0.9674578905105591,1,1.2009334564208984,8.159781455993652,0.18251991271972656,9.546957015991211
dataset/test/Tomato_mold_leaf/IMG-20240724-WA0020aug17.jpg,Tomato_mold_leaf,Tomato_mold_leaf,0.9972975850105286,1,1.1879711151123047,9.374770164489746,0.1672229766845703,10.732576370239258
dataset/test/Tomato_mold_leaf/IMG-20240724-WA0044_aug_10aug44.jpg,Tomato_mold_leaf,Tomato_mold_leaf,0.9955717325210571,1,1.1570453643798828,8.684636116027832,0.20661258697509766,10.0515718460083
dataset/test/Tomato_mold_leaf/IMG-20240724-WA0044_aug_11aug49.jpg,Tomato_mold_leaf,Tomato_mold_leaf,0.9977484345436096,1,1.2624530792236328,16.802138328552246,0.20739173889160156,18.274907112121582
dataset/test/Tomato_mold_leaf/IMG-20240724-WA0044_aug_8aug35.jpg,Tomato_mold_leaf,Tomato_mold_leaf,0.9199318885803223,1,1.856532096862793,13.310150146484375,0.16890811920166016,15.338849067687988
dataset/test/Tomato_mold_leaf/IMG-20240724-WA0044_aug_9aug41.jpg,Tomato_mold_leaf,Tomato_mold_leaf,0.9977994561195374,1,1.2417869567871094,8.088296890258789,0.1664266586303711,9.499308586120605
dataset/test/Tomato_mold_leaf/IMG-20240724-WA0044aug2.jpg,Tomato_mold_leaf,Tomato_mold_leaf,0.9972842931747437,1,1.1432123184204102,8.056037902832031,0.17522239685058594,9.377752304077148
dataset/test/Tomato_mold_leaf/IMG-20240724-WA0055_aug_28aug27.jpg,Tomato_mold_leaf,Tomato_mold_leaf,0.9998925924301147,1,1.1339712142944336,7.917593955993652,0.1650381088256836,9.219472885131836
dataset/test/Tomato_mold_leaf/IMG-20240724-WA0055_aug_29aug28.jpg,Tomato_mold_leaf,Tomato_mold_leaf,0.9998987913131714,1,1.1618232727050781,7.819850921630859,0.17329788208007812,9.158639907836914
dataset/test/Tomato_mold_leaf/IMG-20240724-WA0055_aug_30aug43.jpg,Tomato_mold_leaf,Tomato_mold_leaf,0.9999676942825317,1,1.1319894790649414,8.185632705688477,0.17105674743652344,9.491751670837402
dataset/test/Tomato_mold_leaf/IMG-20240724-WA0055_aug_31aug50.jpg,Tomato_mold_leaf,Tomato_mold_leaf,0.9999990463256836,1,1.167470932006836,10.089961051940918,0.22437191009521484,11.486136436462402
dataset/test/Tomato_mold_leaf/IMG-20240724-WA0055aug7.jpg,Tomato_mold_leaf,Tomato_mold_leaf,0.9999794960021973,1,1.522918701171875,10.873003005981445,0.21820545196533203,12.618070602416992
dataset/test/Tomato_mold_leaf/IMG-20240724-WA0065_aug_80aug69.jpg,Tomato_mold_leaf,Tomato_mold_leaf,0.9999986886978149,1,1.5647525787353516,11.009114265441895,0.21588993072509766,12.793701171875
dataset/test/Tomato_mold_leaf/IMG-20240724-WA0065_aug_81aug70.jpg,Tomato_mold_leaf,Tomato_mold_leaf,0.9999953508377075,1,1.618621826171875,11.051949501037598,0.19359397888183594,12.867424011230469
dataset/test/Tomato_mold_leaf/IMG-20240724-WA0065_aug_82aug66.jpg,Tomato_mold_leaf,Tomato_mold_leaf,0.999925971031189,1,1.5560674667358398,10.83370590209961,0.20738983154296875,12.600682258605957
dataset/test/Tomato_mold_leaf/IMG-20240724-WA0065_aug_83aug65.jpg,Tomato_mold_leaf,Tomato_mold_leaf,0.9999321699142456,1,1.5163259506225586,10.681890487670898,0.2056875228881836,12.407699584960938
dataset/test/Tomato_mold_leaf/IMG-20240724-WA0065aug20.jpg,Tomato_mold_leaf,Tomato_mold_leaf,0.9996967315673828,1,1.4879541397094727,10.773650169372559,0.20926189422607422,12.474106788635254
dataset/test/Tomato_mold_leaf/IMG-20240725-WA0031_aug_0aug46.jpg,Tomato_mold_leaf,Tomato_Early_blight_leaf,0.7424050569534302,0,1.459214210510254,10.891467094421387,0.21892738342285156,12.57336711883545
dataset/test/Tomato_mold_leaf/IMG-20240725-WA0031_aug_1aug47.jpg,Tomato_mold_leaf,Tomato_mold_leaf,0.7843058109283447,1,1.4360113143920898,8.682931900024414,0.1631298065185547,10.284997940063477
dataset/test/Tomato_mold_leaf/IMG-20240725-WA0031_aug_2aug37.jpg,Tomato_mold_leaf,Tomato_Early_blight_leaf,0.7424050569534302,0,1.0636005401611328,7.711239814758301,0.1646127700805664,8.942212104797363
dataset/test/Tomato_mold_leaf/IMG-20240725-WA0031_aug_3aug45.jpg,Tomato_mold_leaf,Tomato_Early_blight_leaf,0.5001996159553528,0,1.033339500427246,7.621368408203125,0.16433334350585938,8.821690559387207
dataset/test/Tomato_mold_leaf/IMG-20240725-WA0031aug0.jpg,Tomato_mold_leaf,Tomato_Early_blight_leaf,0.9512534737586975,0,1.0602846145629883,7.719813346862793,0.1622610092163086,8.945155143737793
dataset/test/Tomato_mold_leaf/IMG-20240725-WA0039_aug_72aug79.jpg,Tomato_mold_leaf,Tomato_mold_leaf,0.9999983310699463,1,1.0785064697265625,7.604090690612793,0.1599435806274414,8.845693588256836
dataset/test/Tomato_mold_leaf/IMG-20240725-WA0039_aug_73aug95.jpg,Tomato_mold_leaf,Tomato_mold_leaf,0.9999998807907104,1,1.1041927337646484,8.527299880981445,0.15890884399414062,9.79312515258789
dataset/test/Tomato_mold_leaf/IMG-20240725-WA0039_aug_74aug71.jpg,Tomato_mold_leaf,Tomato_mold_leaf,0.9999992847442627,1,1.048452377319336,7.503885269165039,0.17376041412353516,8.728839874267578
dataset/test/Tomato_mold_leaf/IMG-20240725-WA0039_aug_75aug80.jpg,Tomato_mold_leaf,Tomato_mold_leaf,0.9999995231628418,1,1.0873212814331055,7.53868293762207,0.17322158813476562,8.80252456665039
dataset/test/Tomato_mold_leaf/IMG-20240725-WA0039aug18.jpg,Tomato_mold_leaf,Tomato_mold_leaf,0.9998670816421509,1,1.0967674255371094,7.56171989440918,0.19659423828125,8.85782241821289
dataset/test/Tomato_mold_leaf/IMG-20240727-WA0038_aug_40aug105.jpg,Tomato_mold_leaf,Tomato_mold_leaf,0.9999982118606567,1,1.0843400955200195,7.675498962402344,0.17081642150878906,8.934137344360352
dataset/test/Tomato_mold_leaf/IMG-20240727-WA0038_aug_41aug106.jpg,Tomato_mold_leaf,Tomato_mold_leaf,0.999997615814209,1,1.0739707946777344,7.6939802169799805,0.1620016098022461,8.932748794555664
dataset/test/Tomato_mold_leaf/IMG-20240727-WA0038_aug_42aug116.jpg,Tomato_mold_leaf,Tomato_mold_leaf,0.9999985694885254,1,1.0541744232177734,8.156817436218262,0.22429847717285156,9.438788414001465
dataset/test/Tomato_mold_leaf/IMG-20240727-WA0038_aug_43aug110.jpg,Tomato_mold_leaf,Tomato_mold_leaf,0.9999997615814209,1,1.5369930267333984,11.039375305175781,0.20879840850830078,12.788719177246094
dataset/test/Tomato_mold_leaf/IMG-20240727-WA0038aug10.jpg,Tomato_mold_leaf,Tomato_mold_leaf,0.9999986886978149,1,1.4598255157470703,10.948521614074707,0.20687198638916016,12.618866920471191
dataset/test/Tomato_mold_leaf/IMG-20240727-WA0040_aug_56aug92.jpg,Tomato_mold_leaf,Tomato_mold_leaf,0.9999487400054932,1,1.4809551239013672,11.047745704650879,0.2009267807006836,12.733238220214844
dataset/test/Tomato_mold_leaf/IMG-20240727-WA0040_aug_57aug83.jpg,Tomato_mold_leaf,Tomato_mold_leaf,0.9999827146530151,1,1.524251937866211,10.963446617126465,0.20781612396240234,12.698775291442871
dataset/test/Tomato_mold_leaf/IMG-20240727-WA0040_aug_58aug77.jpg,Tomato_mold_leaf,Tomato_mold_leaf,0.9999549388885498,1,1.4366579055786133,11.091188430786133,0.20692729949951172,12.7384614944458
dataset/test/Tomato_mold_leaf/IMG-20240727-WA0040_aug_59aug94.jpg,Tomato_mold_leaf,Tomato_mold_leaf,0.9999876022338867,1,1.5128068923950195,10.894281387329102,0.20894622802734375,12.620274543762207
dataset/test/Tomato_mold_leaf/IMG-20240727-WA0040aug14.jpg,Tomato_mold_leaf,Tomato_mold_leaf,0.9999748468399048,1,1.5237884521484375,10.950263977050781,0.20044517517089844,12.67812728881836
dataset/test/Tomato_mold_leaf/IMG-20240727-WA0124_aug_20aug54.jpg,Tomato_mold_leaf,Tomato_mold_leaf,0.9999992847442627,1,1.4475288391113281,10.61561107635498,0.1605386734008789,12.22669792175293
dataset/test/Tomato_mold_leaf/IMG-20240727-WA0124_aug_21aug38.jpg,Tomato_mold_leaf,Tomato_mold_leaf,0.9999182224273682,1,1.0678606033325195,7.605480194091797,0.15935325622558594,8.835156440734863
dataset/test/Tomato_mold_leaf/IMG-20240727-WA0124_aug_22aug31.jpg,Tomato_mold_leaf,Tomato_mold_leaf,0.9999020099639893,1,1.0786361694335938,7.564183235168457,0.17277908325195312,8.818543434143066
dataset/test/Tomato_mold_leaf/IMG-20240727-WA0124_aug_23aug55.jpg,Tomato_mold_leaf,Tomato_mold_leaf,0.9997897744178772,1,1.0791187286376953,7.602738380432129,0.16992664337158203,8.855210304260254
dataset/test/Tomato_mold_leaf/IMG-20240727-WA0124aug5.jpg,Tomato_mold_leaf,Tomato_mold_leaf,1.0,1,1.1050825119018555,7.641942977905273,0.19361400604248047,8.94328498840332
dataset/test/Tomato_mold_leaf/IMG-20240727-WA0153_aug_92aug58.jpg,Tomato_mold_leaf,Tomato_mold_leaf,1.0,1,1.0450630187988281,7.766277313232422,0.1607046127319336,8.974692344665527
dataset/test/Tomato_mold_leaf/IMG-20240727-WA0153_aug_93aug60.jpg,Tomato_mold_leaf,Tomato_mold_leaf,0.9999997615814209,1,1.0506362915039062,7.641369819641113,0.16464900970458984,8.859395980834961
dataset/test/Tomato_mold_leaf/IMG-20240727-WA0153aug23.jpg,Tomato_mold_leaf,Tomato_mold_leaf,0.9999945163726807,1,1.0431928634643555,7.554776191711426,0.17650222778320312,8.777377128601074
dataset/test/Tomato_mold_leaf/IMG-20240727-WA0165aug25.jpg,Tomato_mold_leaf,Tomato_mold_leaf,0.9991638660430908,1,1.056025505065918,7.870223045349121,0.15624141693115234,9.085268020629883
dataset/test/Tomato_mold_leaf/IMG-20240728-WA0028_aug_64aug91.jpg,Tomato_mold_leaf,Tomato_mold_leaf,0.99998939037323,1,1.052933692932129,7.456515312194824,0.15963077545166016,8.671467781066895
dataset/test/Tomato_mold_leaf/IMG-20240728-WA0028_aug_65aug86.jpg,Tomato_mold_leaf,Tomato_mold_leaf,0.9999779462814331,1,1.1688776016235352,7.544146537780762,0.16164875030517578,8.877450942993164
dataset/test/Tomato_mold_leaf/IMG-20240728-WA0028_aug_66aug78.jpg,Tomato_mold_leaf,Tomato_mold_leaf,0.9999288320541382,1,1.0293045043945312,7.584128379821777,0.15996360778808594,8.776005744934082
dataset/test/Tomato_mold_leaf/IMG-20240728-WA0028_aug_67aug99.jpg,Tomato_mold_leaf,Tomato_mold_leaf,0.9999721050262451,1,1.0552473068237305,7.979888916015625,0.17077922821044922,9.209064483642578
dataset/test/Tomato_mold_leaf/IMG-20240728-WA0028aug16.jpg,Tomato_mold_leaf,Tomato_mold_leaf,0.999934196472168,1,1.1001195907592773,7.995389938354492,0.16631603240966797,9.264751434326172
dataset/test/Tomato_mold_leaf/IMG-20240728-WA0068_aug_12aug29.jpg,Tomato_mold_leaf,Tomato_mold_leaf,0.9997946619987488,1,1.1790275573730469,8.167724609375,0.1665935516357422,9.516568183898926
dataset/test/Tomato_mold_leaf/IMG-20240728-WA0068_aug_13aug30.jpg,Tomato_mold_leaf,Tomato_mold_leaf,0.9999698400497437,1,1.0773029327392578,7.967129707336426,0.1678333282470703,9.215065956115723
dataset/test/Tomato_mold_leaf/IMG-20240728-WA0068_aug_14aug56.jpg,Tomato_mold_leaf,Tomato_mold_leaf,0.9999948740005493,1,1.133824348449707,8.425078392028809,0.16318798065185547,9.724922180175781
dataset/test/Tomato_mold_leaf/IMG-20240728-WA0068_aug_15aug42.jpg,Tomato_mold_leaf,Tomato_mold_leaf,0.9999525547027588,1,1.0836200714111328,8.186354637145996,0.16463088989257812,9.437623023986816
dataset/test/Tomato_mold_leaf/IMG-20240728-WA0068aug3.jpg,Tomato_mold_leaf,Tomato_mold_leaf,0.9999710321426392,1,1.1076383590698242,8.323836326599121,0.16376113891601562,9.598308563232422
dataset/test/Tomato_mold_leaf/IMG-20240728-WA0074_aug_44aug102.jpg,Tomato_mold_leaf,Tomato_mold_leaf,0.999483585357666,1,1.0993776321411133,7.830056190490723,0.16463088989257812,9.097193717956543
dataset/test/Tomato_mold_leaf/IMG-20240728-WA0074_aug_45aug75.jpg,Tomato_mold_leaf,Tomato_mold_leaf,0.9998568296432495,1,1.1228046417236328,8.436262130737305,0.16537094116210938,9.727087020874023
dataset/test/Tomato_mold_leaf/IMG-20240728-WA0074_aug_46aug89.jpg,Tomato_mold_leaf,Tomato_mold_leaf,0.9999454021453857,1,1.1229324340820312,8.032872200012207,0.16307544708251953,9.32178783416748
dataset/test/Tomato_mold_leaf/IMG-20240728-WA0074_aug_47aug111.jpg,Tomato_mold_leaf,Tomato_mold_leaf,0.9998472929000854,1,1.1160812377929688,8.059427261352539,0.16392803192138672,9.342232704162598
dataset/test/Tomato_mold_leaf/IMG-20240728-WA0074aug11.jpg,Tomato_mold_leaf,Tomato_mold_leaf,0.9998527765274048,1,1.0996198654174805,7.977315902709961,0.17329692840576172,9.25338077545166
dataset/test/Tomato_mold_leaf/IMG-20240728-WA0075aug24.jpg,Tomato_mold_leaf,Tomato_mold_leaf,0.999638557434082,1,1.1386756896972656,8.065444946289062,0.1639261245727539,9.370750427246094
dataset/test/Tomato_mold_leaf/IMG-20240728-WA0087_aug_32aug113.jpg,Tomato_mold_leaf,Tomato_mold_leaf,0.997795820236206,1,1.1183605194091797,7.9914655685424805,0.16437149047851562,9.276917457580566
dataset/test/Tomato_mold_leaf/IMG-20240728-WA0087_aug_33aug112.jpg,Tomato_mold_leaf,Tomato_mold_leaf,0.9858046174049377,1,1.125025749206543,7.982074737548828,0.1649637222290039,9.274733543395996
dataset/test/Tomato_mold_leaf/IMG-20240728-WA0087_aug_34aug104.jpg,Tomato_mold_leaf,Tomato_mold_leaf,0.9993283748626709,1,1.1894712448120117,7.980759620666504,0.15639114379882812,9.329102516174316
dataset/test/Tomato_mold_leaf/IMG-20240728-WA0087_aug_35aug100.jpg,Tomato_mold_leaf,Tomato_mold_leaf,0.9988020658493042,1,1.1120262145996094,7.896925926208496,0.16479873657226562,9.176583290100098
dataset/test/Tomato_mold_leaf/IMG-20240728-WA0087aug8.jpg,Tomato_mold_leaf,Tomato_mold_leaf,0.9992696642875671,1,1.2272109985351562,7.8115739822387695,0.17348289489746094,9.21510124206543
dataset/test/Tomato_mold_leaf/IMG-20240728-WA0093_aug_76aug90.jpg,Tomato_mold_leaf,Tomato_mold_leaf,1.0,1,1.0780820846557617,7.966520309448242,0.1639261245727539,9.211935997009277
dataset/test/Tomato_mold_leaf/IMG-20240728-WA0093_aug_77aug68.jpg,Tomato_mold_leaf,Tomato_mold_leaf,0.999984622001648,1,1.097580909729004,8.016631126403809,0.16459274291992188,9.281546592712402
dataset/test/Tomato_mold_leaf/IMG-20240728-WA0093_aug_78aug93.jpg,Tomato_mold_leaf,Tomato_mold_leaf,0.9999998807907104,1,1.072340965270996,8.069353103637695,0.17368602752685547,9.318380355834961
dataset/test/Tomato_mold_leaf/IMG-20240728-WA0093_aug_79aug64.jpg,Tomato_mold_leaf,Tomato_mold_leaf,0.9999909400939941,1,1.0784711837768555,8.128687858581543,0.16742706298828125,9.377363204956055
dataset/test/Tomato_mold_leaf/IMG-20240728-WA0093aug19.jpg,Tomato_mold_leaf,Tomato_mold_leaf,0.9999998807907104,1,1.122563362121582,8.16744613647461,0.1652231216430664,9.458215713500977
dataset/test/Tomato_mold_leaf/IMG-20240728-WA0101_aug_84aug73.jpg,Tomato_mold_leaf,Tomato_mold_leaf,0.9990330934524536,1,1.1295452117919922,8.143056869506836,0.16698360443115234,9.442289352416992
dataset/test/Tomato_mold_leaf/IMG-20240728-WA0101_aug_85aug72.jpg,Tomato_mold_leaf,Tomato_mold_leaf,0.9999247789382935,1,1.160304069519043,8.161890983581543,0.17557430267333984,9.501140594482422
dataset/test/Tomato_mold_leaf/IMG-20240728-WA0101_aug_86aug67.jpg,Tomato_mold_leaf,Tomato_mold_leaf,0.9969397783279419,1,1.1218042373657227,8.102094650268555,0.16577911376953125,9.39238166809082
dataset/test/Tomato_mold_leaf/IMG-20240728-WA0101_aug_87aug74.jpg,Tomato_mold_leaf,Tomato_mold_leaf,0.9999825954437256,1,1.1329898834228516,8.235762596130371,0.1649456024169922,9.53632640838623
dataset/test/Tomato_mold_leaf/IMG-20240728-WA0101aug21.jpg,Tomato_mold_leaf,Tomato_mold_leaf,0.9999406337738037,1,1.1654348373413086,8.087372779846191,0.1639089584350586,9.4190673828125
dataset/test/Tomato_mold_leaf/IMG-20240728-WA0103_aug_48aug107.jpg,Tomato_mold_leaf,Tomato_mold_leaf,0.9996020197868347,1,1.1288585662841797,8.000667572021484,0.3226318359375,9.455122947692871
dataset/test/Tomato_mold_leaf/IMG-20240728-WA0103_aug_49aug76.jpg,Tomato_mold_leaf,Tomato_mold_leaf,0.9999966621398926,1,1.0907678604125977,7.921277046203613,0.1761302947998047,9.19124984741211
dataset/test/Tomato_mold_leaf/IMG-20240728-WA0103_aug_50aug114.jpg,Tomato_mold_leaf,Tomato_mold_leaf,0.9999921321868896,1,1.3149528503417969,7.971983909606934,0.169464111328125,9.45910358428955
dataset/test/Tomato_mold_leaf/IMG-20240728-WA0103_aug_51aug84.jpg,Tomato_mold_leaf,Tomato_mold_leaf,0.999991774559021,1,1.1322860717773438,8.062667846679688,0.16794490814208984,9.36560344696045
dataset/test/Tomato_mold_leaf/IMG-20240728-WA0103aug12.jpg,Tomato_mold_leaf,Tomato_mold_leaf,0.9999973773956299,1,1.1430091857910156,8.14939022064209,0.16718578338623047,9.46262264251709
dataset/test/Tomato_mold_leaf/IMG-20240812-WA0183_aug_88aug59.jpg,Tomato_mold_leaf,Tomato_Septoria_leaf_spot,0.6475198268890381,0,1.1528425216674805,8.122520446777344,0.1682605743408203,9.446141242980957
dataset/test/Tomato_mold_leaf/IMG-20240812-WA0183_aug_89aug61.jpg,Tomato_mold_leaf,Tomato_leaf_late_blight,0.6023069024085999,0,1.136063575744629,8.175188064575195,0.1660938262939453,9.480363845825195
dataset/test/Tomato_mold_leaf/IMG-20240812-WA0183_aug_90aug63.jpg,Tomato_mold_leaf,Tomato_Septoria_leaf_spot,0.6820564866065979,0,1.0957860946655273,8.076595306396484,0.1679086685180664,9.37332534790039
dataset/test/Tomato_mold_leaf/IMG-20240812-WA0183_aug_91aug62.jpg,Tomato_mold_leaf,Tomato_Septoria_leaf_spot,0.7411106824874878,0,1.1154899597167969,8.231705665588379,0.1565389633178711,9.506253242492676
dataset/test/Tomato_mold_leaf/IMG-20240812-WA0183aug22.jpg,Tomato_mold_leaf,Tomato_Early_blight_leaf,0.967531144618988,0,1.1281938552856445,7.929315567016602,0.1685190200805664,9.228861808776855
dataset/test/Tomato_mold_leaf/IMG_20251102_155435_aug_24aug39.jpg,Tomato_mold_leaf,Tomato_Early_blight_leaf,0.9951137900352478,0,1.2453041076660156,7.9635009765625,0.20572376251220703,9.417048454284668
dataset/test/Tomato_mold_leaf/IMG_20251102_155435_aug_25aug51.jpg,Tomato_mold_leaf,Tomato_Early_blight_leaf,0.9293586611747742,0,1.233952522277832,8.005093574523926,0.16959381103515625,9.411381721496582
dataset/test/Tomato_mold_leaf/IMG_20251102_155435_aug_26aug26.jpg,Tomato_mold_leaf,Tomato_Early_blight_leaf,0.9405015707015991,0,1.1255826950073242,8.086892127990723,0.16709423065185547,9.382363319396973
dataset/test/Tomato_mold_leaf/IMG_20251102_155435_aug_27aug52.jpg,Tomato_mold_leaf,Tomato_Early_blight_leaf,0.9266964197158813,0,1.1308050155639648,8.08889102935791,0.1674823760986328,9.390289306640625
dataset/test/Tomato_mold_leaf/IMG_20251102_155435aug6.jpg,Tomato_mold_leaf,Tomato_Early_blight_leaf,0.640681266784668,0,1.103933334350586,8.1326322555542,0.1692972183227539,9.408788681030273
dataset/test/Tomato_mold_leaf/Leaf+mold+tomato+_25283_2529.JPG_aug_36aug118.jpg,Tomato_mold_leaf,Tomato_Healthy_leaf,0.8451375365257263,0,1.163360595703125,8.086149215698242,0.1675577163696289,9.419695854187012
dataset/test/Tomato_mold_leaf/Leaf+mold+tomato+_25283_2529.JPG_aug_37aug117.jpg,Tomato_mold_leaf,Tomato_mold_leaf,0.511731743812561,1,1.1862668991088867,8.202909469604492,0.1678905487060547,9.560011863708496
dataset/test/Tomato_mold_leaf/Leaf+mold+tomato+_25283_2529.JPG_aug_38aug119.jpg,Tomato_mold_leaf,Tomato_Healthy_leaf,0.7366372346878052,0,1.1538057327270508,8.1631498336792,0.16818618774414062,9.488382339477539
dataset/test/Tomato_mold_leaf/Leaf+mold+tomato+_25283_2529.JPG_aug_39aug103.jpg,Tomato_mold_leaf,Tomato_Healthy_leaf,0.767501950263977,0,1.181859016418457,8.22957706451416,0.16733551025390625,9.581381797790527
dataset/test/Tomato_mold_leaf/Leaf+mold+tomato+_25283_2529.JPGaug9.jpg,Tomato_mold_leaf,Tomato_Healthy_leaf,0.41818735003471375,0,1.1521387100219727,8.143058776855469,0.17464923858642578,9.473068237304688
dataset/test/Tomato_mold_leaf/Leaf-mold-caused-by-the-fungal-pathogen-Passalore-fulva-in-tomatoes_aug_16aug33.jpg,Tomato_mold_leaf,Tomato_Septoria_leaf_spot,0.9402326345443726,0,1.1063966751098633,8.199485778808594,0.1662425994873047,9.475048065185547
dataset/test/Tomato_mold_leaf/Leaf-mold-caused-by-the-fungal-pathogen-Passalore-fulva-in-tomatoes_aug_17aug57.jpg,Tomato_mold_leaf,Tomato_Septoria_leaf_spot,0.7116149067878723,0,1.0836362838745117,8.723579406738281,0.16679763793945312,9.976701736450195
dataset/test/Tomato_mold_leaf/Leaf-mold-caused-by-the-fungal-pathogen-Passalore-fulva-in-tomatoes_aug_18aug32.jpg,Tomato_mold_leaf,Tomato_Early_blight_leaf,0.5101238489151001,0,1.0958776473999023,8.152464866638184,0.16255664825439453,9.413676261901855
dataset/test/Tomato_mold_leaf/Leaf-mold-caused-by-the-fungal-pathogen-Passalore-fulva-in-tomatoes_aug_19aug53.jpg,Tomato_mold_leaf,Tomato_Septoria_leaf_spot,0.9305000901222229,0,1.083064079284668,7.9213714599609375,0.17059326171875,9.177620887756348
dataset/test/Tomato_mold_leaf/Leaf-mold-caused-by-the-fungal-pathogen-Passalore-fulva-in-tomatoesaug4.jpg,Tomato_mold_leaf,Tomato_mold_leaf,0.9819961786270142,1,1.24163818359375,8.879396438598633,0.17633438110351562,10.300573348999023
dataset/test/Tomato_mold_leaf/leaf_mold_nightshade2x500_aug_60aug81.jpg,Tomato_mold_leaf,Tomato_mold_leaf,0.9887158274650574,1,1.2131023406982422,8.137205123901367,0.1709461212158203,9.524309158325195
dataset/test/Tomato_mold_leaf/leaf_mold_nightshade2x500_aug_61aug96.jpg,Tomato_mold_leaf,Tomato_mold_leaf,0.9913150668144226,1,1.3198966979980469,16.197373390197754,0.19020557403564453,17.710458755493164
dataset/test/Tomato_mold_leaf/leaf_mold_nightshade2x500_aug_62aug85.jpg,Tomato_mold_leaf,Tomato_mold_leaf,0.9964357614517212,1,1.198563575744629,15.455406188964844,0.16735363006591797,16.82419490814209
dataset/test/Tomato_mold_leaf/leaf_mold_nightshade2x500_aug_63aug88.jpg,Tomato_mold_leaf,Tomato_mold_leaf,0.9989506006240845,1,1.1819353103637695,10.110979080200195,0.172149658203125,11.467728614807129
dataset/test/Tomato_mold_leaf/leaf_mold_nightshade2x500aug15.jpg,Tomato_mold_leaf,Tomato_mold_leaf,0.9999263286590576,1,1.1545076370239258,8.452116012573242,0.17064857482910156,9.78019905090332
dataset/test/Tomato_mold_leaf/leaf_mold_tomato5x1200_jpg.rf.0a5ee47c78e753f9580bfb7744438ebf_aug_52aug101.jpg,Tomato_mold_leaf,Tomato_mold_leaf,1.0,1,1.2052316665649414,8.31227970123291,0.16866779327392578,9.688809394836426
dataset/test/Tomato_mold_leaf/leaf_mold_tomato5x1200_jpg.rf.0a5ee47c78e753f9580bfb7744438ebf_aug_53aug108.jpg,Tomato_mold_leaf,Tomato_mold_leaf,1.0,1,1.1412668228149414,8.318207740783691,0.16253948211669922,9.62436580657959
dataset/test/Tomato_mold_leaf/leaf_mold_tomato5x1200_jpg.rf.0a5ee47c78e753f9580bfb7744438ebf_aug_54aug115.jpg,Tomato_mold_leaf,Tomato_mold_leaf,1.0,1,1.1248226165771484,8.125835418701172,0.17001914978027344,9.423362731933594
dataset/test/Tomato_mold_leaf/leaf_mold_tomato5x1200_jpg.rf.0a5ee47c78e753f9580bfb7744438ebf_aug_55aug109.jpg,Tomato_mold_leaf,Tomato_mold_leaf,1.0,1,1.2744522094726562,7.926112174987793,0.17887210845947266,9.382715225219727
dataset/test/Tomato_mold_leaf/leaf_mold_tomato5x1200_jpg.rf.0a5ee47c78e753f9580bfb7744438ebfaug13.jpg,Tomato_mold_leaf,Tomato_mold_leaf,1.0,1,1.2584161758422852,7.993520736694336,0.17727947235107422,9.432104110717773
dataset/test/Tomato_mold_leaf/tomato_leaf-mold_04_zoom_aug_4aug36.jpg,Tomato_mold_leaf,Tomato_leaf_late_blight,0.9495657086372375,0,1.1617116928100586,8.091873168945312,0.20477962493896484,9.461141586303711
dataset/test/Tomato_mold_leaf/tomato_leaf-mold_04_zoom_aug_5aug48.jpg,Tomato_mold_leaf,Tomato_leaf_late_blight,0.9989416003227234,0,1.1917495727539062,8.25928020477295,0.16883468627929688,9.622808456420898
dataset/test/Tomato_mold_leaf/tomato_leaf-mold_04_zoom_aug_6aug40.jpg,Tomato_mold_leaf,Tomato_leaf_late_blight,0.9730142951011658,0,1.1324520111083984,8.107094764709473,0.16622352600097656,9.408584594726562
dataset/test/Tomato_mold_leaf/tomato_leaf-mold_04_zoom_aug_7aug34.jpg,Tomato_mold_leaf,Tomato_leaf_late_blight,0.9931498169898987,0,1.242508888244629,8.159762382507324,0.1678333282470703,9.572863578796387
dataset/test/Tomato_mold_leaf/tomato_leaf-mold_04_zoomaug1.jpg,Tomato_mold_leaf,Tomato_leaf_late_blight,0.9644277691841125,0,1.1258602142333984,8.073040008544922,0.16485309600830078,9.36734390258789
