image_path,true_class,predicted_class,confidence,correct,preprocess_ms,inference_ms,postprocess_ms,total_pipeline_ms
dataset/test/Tomato_Early_blight_leaf/100_46341_aug_5aug62.jpg,Tomato_Early_blight_leaf,Tomato_Early_blight_leaf,0.9087648987770081,1,1.1453428268432617,7.948877334594727,0.2621135711669922,9.360406875610352
dataset/test/Tomato_Early_blight_leaf/100_46341_aug_6aug64.jpg,Tomato_Early_blight_leaf,Tomato_Septoria_leaf_spot,0.6584458351135254,0,1.1052112579345703,7.9988603591918945,0.21702003479003906,9.324167251586914
dataset/test/Tomato_Early_blight_leaf/100_46341_aug_7aug57.jpg,Tomato_Early_blight_leaf,Tomato_Septoria_leaf_spot,0.6584458351135254,0,1.1631946563720703,7.92598819732666,0.1785573959350586,9.270776748657227
dataset/test/Tomato_Early_blight_leaf/100_46341_aug_8aug66.jpg,Tomato_Early_blight_leaf,Tomato_Early_blight_leaf,0.8628343343734741,1,1.1708793640136719,7.924395561218262,0.1794290542602539,9.277981758117676
dataset/test/Tomato_Early_blight_leaf/100_46341_aug_9aug65.jpg,Tomato_Early_blight_leaf,Tomato_mold_leaf,0.48873230814933777,0,1.1518983840942383,7.897061347961426,0.19507503509521484,9.247258186340332
dataset/test/Tomato_Early_blight_leaf/100_46341aug1.jpg,Tomato_Early_blight_leaf,Tomato_Early_blight_leaf,0.9642127156257629,1,1.2051582336425781,7.913283348083496,0.1750936508178711,9.296221733093262
dataset/test/Tomato_Early_blight_leaf/1723454500663_aug_20aug39.jpg,Tomato_Early_blight_leaf,Tomato_Early_blight_leaf,1.0,1,1.0937118530273438,7.934748649597168,0.174407958984375,9.206127166748047
dataset/test/Tomato_Early_blight_leaf/1723454500663_aug_21aug35.jpg,Tomato_Early_blight_leaf,Tomato_Early_blight_leaf,1.0,1,1.0696954727172852,7.700708389282227,0.1863536834716797,8.959477424621582
dataset/test/Tomato_Early_blight_leaf/1723454500663_aug_22aug51.jpg,Tomato_Early_blight_leaf,Tomato_Early_blight_leaf,1.0,1,1.2230463027954102,7.7777099609375,0.16526126861572266,9.168831825256348
dataset/test/Tomato_Early_blight_leaf/1723454500663_aug_23aug33.jpg,Tomato_Early_blight_leaf,Tomato_Early_blight_leaf,1.0,1,1.0681381225585938,7.804227828979492,0.16324138641357422,9.038442611694336
dataset/test/Tomato_Early_blight_leaf/1723454500663_aug_24aug50.jpg,Tomato_Early_blight_leaf,Tomato_Early_blight_leaf,0.9999949932098389,1,1.0907297134399414,7.960413932800293,0.16307544708251953,9.216683387756348
dataset/test/Tomato_Early_blight_leaf/1723454500663aug4.jpg,Tomato_Early_blight_leaf,Tomato_Early_blight_leaf,0.9999980926513672,1,1.079157829284668,7.876413345336914,0.16594600677490234,9.124738693237305
dataset/test/Tomato_Early_blight_leaf/1723454507240aug20.jpg,Tomato_Early_blight_leaf,Tomato_mold_leaf,0.9694103002548218,0,1.1392688751220703,7.929896354675293,0.1630573272705078,9.234740257263184
dataset/test/Tomato_Early_blight_leaf/EB_(981)_aug_65aug107.jpg,Tomato_Early_blight_leaf,Tomato_Early_blight_leaf,0.9999903440475464,1,1.1083049774169922,7.940932273864746,0.16353988647460938,9.215535163879395
dataset/test/Tomato_Early_blight_leaf/EB_(981)_aug_66aug102.jpg,Tomato_Early_blight_leaf,Tomato_Early_blight_leaf,0.9997369647026062,1,1.1278057098388672,7.95765495300293,0.1614828109741211,9.249702453613281
dataset/test/Tomato_Early_blight_leaf/EB_(981)_aug_67aug101.jpg,Tomato_Early_blight_leaf,Tomato_Early_blight_leaf,0.992283284664154,1,1.1241016387939453,7.9083404541015625,0.16398239135742188,9.19911003112793
dataset/test/Tomato_Early_blight_leaf/EB_(981)_aug_68aug95.jpg,Tomato_Early_blight_leaf,Tomato_Early_blight_leaf,0.9914984107017517,1,1.1031017303466797,8.26839828491211,0.16076087951660156,9.534648895263672
dataset/test/Tomato_Early_blight_leaf/EB_(981)_aug_69aug97.jpg,Tomato_Early_blight_leaf,Tomato_Early_blight_leaf,0.9828993082046509,1,1.0926380157470703,7.809561729431152,0.31011390686035156,9.215035438537598
dataset/test/Tomato_Early_blight_leaf/EB_(981)aug13.jpg,Tomato_Early_blight_leaf,Tomato_Early_blight_leaf,0.9877661466598511,1,1.093379020690918,7.944358825683594,0.16294479370117188,9.203222274780273
dataset/test/Tomato_Early_blight_leaf/Early-blight-660x440_aug_0aug61.jpg,Tomato_Early_blight_leaf,Tomato_Early_blight_leaf,0.999904990196228,1,1.1944351196289062,7.636579513549805,0.1600198745727539,8.993812561035156
dataset/test/Tomato_Early_blight_leaf/Early-blight-660x440_aug_1aug59.jpg,Tomato_Early_blight_leaf,Tomato_Early_blight_leaf,0.9963635802268982,1,1.0835075378417969,7.87595272064209,0.15961265563964844,9.122053146362305
dataset/test/Tomato_Early_blight_leaf/Early-blight-660x440_aug_2aug63.jpg,Tomato_Early_blight_leaf,Tomato_Early_blight_leaf,0.9992514252662659,1,1.0945100784301758,7.7632646560668945,0.16040802001953125,9.021127700805664
dataset/test/Tomato_Early_blight_leaf/Early-blight-660x440_aug_3aug60.jpg,Tomato_Early_blight_leaf,Tomato_Early_blight_leaf,0.9998655319213867,1,1.1282672882080078,7.753096580505371,0.15596485137939453,9.040238380432129
dataset/test/Tomato_Early_blight_leaf/Early-blight-660x440_aug_4aug58.jpg,Tomato_Early_blight_leaf,Tomato_Early_blight_leaf,0.9998327493667603,1,1.0726375579833984,7.639596939086914,0.16107559204101562,8.87593936920166
dataset/test/Tomato_Early_blight_leaf/Early-blight-660x440aug0.jpg,Tomato_Early_blight_leaf,Tomato_Early_blight_leaf,0.9998942613601685,1,1.1887311935424805,7.6668195724487305,0.16131591796875,9.019940376281738
dataset/test/Tomato_Early_blight_leaf/Gls42_change_180_aug_70aug100.jpg,Tomato_Early_blight_leaf,Tomato_Early_blight_leaf,0.9928545355796814,1,1.0381193161010742,7.738653182983398,0.16198348999023438,8.941181182861328
dataset/test/Tomato_Early_blight_leaf/Gls42_change_180_aug_71aug109.jpg,Tomato_Early_blight_leaf,Tomato_Early_blight_leaf,0.9945132732391357,1,1.103785514831543,7.885190963745117,0.16205596923828125,9.153851509094238
dataset/test/Tomato_Early_blight_leaf/Gls42_change_180_aug_72aug104.jpg,Tomato_Early_blight_leaf,Tomato_Early_blight_leaf,0.9976801872253418,1,1.0453977584838867,7.764876365661621,0.17663192749023438,8.989460945129395
dataset/test/Tomato_Early_blight_leaf/Gls42_change_180_aug_73aug94.jpg,Tomato_Early_blight_leaf,Tomato_Early_blight_leaf,0.9955686926841736,1,1.0529155731201172,7.7816162109375,0.16068744659423828,8.99753475189209
dataset/test/Tomato_Early_blight_leaf/Gls42_change_180_aug_74aug108.jpg,Tomato_Early_blight_leaf,Tomato_Early_blight_leaf,0.9979129433631897,1,1.0769166946411133,8.201582908630371,0.16516780853271484,9.44640827178955
dataset/test/Tomato_Early_blight_leaf/Gls42_change_180aug14.jpg,Tomato_Early_blight_leaf,Tomato_Early_blight_leaf,0.9910842180252075,1,1.079026222229004,8.082897186279297,0.16396427154541016,9.32898235321045
dataset/test/Tomato_Early_blight_leaf/Gls4_mirror_aug_60aug93.jpg,Tomato_Early_blight_leaf,Tomato_Early_blight_leaf,0.9998013377189636,1,1.0528039932250977,8.13447093963623,0.1666860580444336,9.35640811920166
dataset/test/Tomato_Early_blight_leaf/Gls4_mirror_aug_61aug98.jpg,Tomato_Early_blight_leaf,Tomato_Early_blight_leaf,0.9983514547348022,1,1.1037683486938477,8.008026123046875,0.15644454956054688,9.270591735839844
dataset/test/Tomato_Early_blight_leaf/Gls4_mirror_aug_62aug91.jpg,Tomato_Early_blight_leaf,Tomato_Early_blight_leaf,0.9998313188552856,1,1.0226192474365234,8.092656135559082,0.16698265075683594,9.28481388092041
dataset/test/Tomato_Early_blight_leaf/Gls4_mirror_aug_63aug110.jpg,Tomato_Early_blight_leaf,Tomato_Early_blight_leaf,0.9999631643295288,1,1.1498613357543945,7.907118797302246,0.1643533706665039,9.224053382873535
dataset/test/Tomato_Early_blight_leaf/Gls4_mirror_aug_64aug105.jpg,Tomato_Early_blight_leaf,Tomato_Early_blight_leaf,0.9998865127563477,1,1.0498418807983398,7.969413757324219,0.20020580291748047,9.222183227539062
dataset/test/Tomato_Early_blight_leaf/Gls4_mirror_vertical_aug_25aug37.jpg,Tomato_Early_blight_leaf,Tomato_Early_blight_leaf,0.5875084400177002,1,1.057138442993164,8.144360542297363,0.16294479370117188,9.367666244506836
dataset/test/Tomato_Early_blight_leaf/Gls4_mirror_vertical_aug_26aug41.jpg,Tomato_Early_blight_leaf,Tomato_Septoria_leaf_spot,0.5989444851875305,0,1.0472488403320312,8.04719352722168,0.16446399688720703,9.262127876281738
dataset/test/Tomato_Early_blight_leaf/Gls4_mirror_vertical_aug_27aug40.jpg,Tomato_Early_blight_leaf,Tomato_Septoria_leaf_spot,0.59859699010849,0,1.0592126846313477,8.078453063964844,0.2017059326171875,9.342148780822754
dataset/test/Tomato_Early_blight_leaf/Gls4_mirror_vertical_aug_28aug36.jpg,Tomato_Early_blight_leaf,Tomato_Septoria_leaf_spot,0.8827971816062927,0,1.0455827713012695,8.021896362304688,0.16542816162109375,9.235721588134766
dataset/test/Tomato_Early_blight_leaf/Gls4_mirror_vertical_aug_29aug42.jpg,Tomato_Early_blight_leaf,Tomato_Septoria_leaf_spot,0.5901986956596375,0,1.0783052444458008,8.156157493591309,0.1693897247314453,9.406352043151855
dataset/test/Tomato_Early_blight_leaf/Gls4_mirror_verticalaug5.jpg,Tomato_Early_blight_leaf,Tomato_Early_blight_leaf,0.7838383316993713,1,1.079620361328125,8.346733093261719,0.1657419204711914,9.594741821289062
dataset/test/Tomato_Early_blight_leaf/Gls4_mirroraug12.jpg,Tomato_Early_blight_leaf,Tomato_Early_blight_leaf,0.999940037727356,1,1.1009712219238281,8.93273639678955,0.16881465911865234,10.205357551574707
dataset/test/Tomato_Early_blight_leaf/IMG-20240812-WA0445_aug_40aug23.jpg,Tomato_Early_blight_leaf,Tomato_leaf_yellow_curl_virus,0.5640074610710144,0,1.147897720336914,8.38804817199707,0.16805648803710938,9.707114219665527
dataset/test/Tomato_Early_blight_leaf/IMG-20240812-WA0445_aug_41aug28.jpg,Tomato_Early_blight_leaf,Tomato_mold_leaf,0.867207944393158,0,1.1584720611572266,9.40022087097168,0.1796865463256836,10.741362571716309
dataset/test/Tomato_Early_blight_leaf/IMG-20240812-WA0445_aug_42aug21.jpg,Tomato_Early_blight_leaf,Tomato_mold_leaf,0.786397397518158,0,1.1881208419799805,8.491475105285645,0.1710186004638672,9.853540420532227
dataset/test/Tomato_Early_blight_leaf/IMG-20240812-WA0445_aug_43aug24.jpg,Tomato_Early_blight_leaf,Tomato_mold_leaf,0.5581066012382507,0,1.2032136917114258,15.327268600463867,0.17505645751953125,16.70826244354248
dataset/test/Tomato_Early_blight_leaf/IMG-20240812-WA0445_aug_44aug22.jpg,Tomato_Early_blight_leaf,Tomato_mold_leaf,0.45234379172325134,0,3.8942337036132812,14.501150131225586,0.1700763702392578,18.56894302368164
dataset/test/Tomato_Early_blight_leaf/IMG-20240812-WA0445aug8.jpg,Tomato_Early_blight_leaf,Tomato_mold_leaf,0.7325846552848816,0,1.2051753997802734,10.630157470703125,0.16975975036621094,12.007835388183594
dataset/test/Tomato_Early_blight_leaf/IMG20240812111749_aug_90aug80.jpg,Tomato_Early_blight_leaf,Tomato_mold_leaf,0.9997414946556091,0,1.2775096893310547,8.147583961486816,0.17264842987060547,9.600558280944824
dataset/test/Tomato_Early_blight_leaf/IMG20240812111749_aug_91aug77.jpg,Tomato_Early_blight_leaf,Tomato_mold_leaf,0.9998447895050049,0,1.1955451965332031,7.9592485427856445,0.1626873016357422,9.32040786743164
dataset/test/Tomato_Early_blight_leaf/IMG20240812111749_aug_92aug73.jpg,Tomato_Early_blight_leaf,Tomato_mold_leaf,0.9984791874885559,0,1.1752138137817383,7.897488594055176,0.1627054214477539,9.237868309020996
dataset/test/Tomato_Early_blight_leaf/IMG20240812111749_aug_93aug71.jpg,Tomato_Early_blight_leaf,Tomato_mold_leaf,0.9998196959495544,0,1.1367311477661133,8.008804321289062,0.16414928436279297,9.312129974365234
dataset/test/Tomato_Early_blight_leaf/IMG20240812111749_aug_94aug74.jpg,Tomato_Early_blight_leaf,Tomato_mold_leaf,0.9998730421066284,0,1.188176155090332,7.968802452087402,0.16674137115478516,9.326574325561523
dataset/test/Tomato_Early_blight_leaf/IMG20240812111749aug18.jpg,Tomato_Early_blight_leaf,Tomato_mold_leaf,0.9992684721946716,0,1.2416019439697266,7.977211952209473,0.16718769073486328,9.389018058776855
dataset/test/Tomato_Early_blight_leaf/IMG_20251102_155150_aug_30aug34.jpg,Tomato_Early_blight_leaf,Tomato_Early_blight_leaf,1.0,1,1.1146202087402344,7.724541664123535,0.1663341522216797,9.008182525634766
dataset/test/Tomato_Early_blight_leaf/IMG_20251102_155150_aug_31aug43.jpg,Tomato_Early_blight_leaf,Tomato_Early_blight_leaf,1.0,1,1.072916030883789,7.937691688537598,0.1789093017578125,9.192572593688965
dataset/test/Tomato_Early_blight_leaf/IMG_20251102_155150_aug_32aug44.jpg,Tomato_Early_blight_leaf,Tomato_Early_blight_leaf,1.0,1,1.090749740600586,7.874432563781738,0.16492652893066406,9.132923126220703
dataset/test/Tomato_Early_blight_leaf/IMG_20251102_155150_aug_33aug38.jpg,Tomato_Early_blight_leaf,Tomato_Early_blight_leaf,1.0,1,1.1309547424316406,7.926619529724121,0.16168594360351562,9.22227668762207
dataset/test/Tomato_Early_blight_leaf/IMG_20251102_155150_aug_34aug32.jpg,Tomato_Early_blight_leaf,Tomato_Early_blight_leaf,1.0,1,1.0646190643310547,8.080842018127441,0.1606311798095703,9.309516906738281
dataset/test/Tomato_Early_blight_leaf/IMG_20251102_155150aug6.jpg,Tomato_Early_blight_leaf,Tomato_Early_blight_leaf,1.0,1,1.0891923904418945,8.175360679626465,0.17955589294433594,9.44677734375
dataset/test/Tomato_Early_blight_leaf/IMG_20251102_155153_aug_85aug72.jpg,Tomato_Early_blight_leaf,Tomato_Early_blight_leaf,1.0,1,1.16448974609375,8.16917610168457,0.1649456024169922,9.501482009887695
dataset/test/Tomato_Early_blight_leaf/IMG_20251102_155153_aug_86aug78.jpg,Tomato_Early_blight_leaf,Tomato_Early_blight_leaf,1.0,1,1.160120964050293,8.51319694519043,0.16774272918701172,9.84380054473877
dataset/test/Tomato_Early_blight_leaf/IMG_20251102_155153_aug_87aug76.jpg,Tomato_Early_blight_leaf,Tomato_Early_blight_leaf,1.0,1,1.1706209182739258,8.157231330871582,0.16307544708251953,9.493797302246094
dataset/test/Tomato_Early_blight_leaf/IMG_20251102_155153_aug_88aug79.jpg,Tomato_Early_blight_leaf,Tomato_Early_blight_leaf,1.0,1,1.1404342651367188,8.377584457397461,0.1605377197265625,9.680909156799316
dataset/test/Tomato_Early_blight_leaf/IMG_20251102_155153_aug_89aug75.jpg,Tomato_Early_blight_leaf,Tomato_Early_blight_leaf,1.0,1,1.067286491394043,9.203388214111328,0.1627969741821289,10.436156272888184
dataset/test/Tomato_Early_blight_leaf/IMG_20251102_155153aug17.jpg,Tomato_Early_blight_leaf,Tomato_Early_blight_leaf,1.0,1,1.140249252319336,8.257862091064453,0.15127849578857422,9.551797866821289
dataset/test/Tomato_Early_blight_leaf/IMG_20251102_155207_aug_10aug47.jpg,Tomato_Early_blight_leaf,Tomato_Early_blight_leaf,0.9997145533561707,1,1.0681753158569336,8.00761890411377,0.16696453094482422,9.245777130126953
dataset/test/Tomato_Early_blight_leaf/IMG_20251102_155207_aug_11aug56.jpg,Tomato_Early_blight_leaf,Tomato_Early_blight_leaf,0.9999967813491821,1,1.2724542617797852,8.074711799621582,0.1692790985107422,9.520001411437988
dataset/test/Tomato_Early_blight_leaf/IMG_20251102_155207_aug_12aug45.jpg,Tomato_Early_blight_leaf,Tomato_Early_blight_leaf,0.9999995231628418,1,1.1013422012329102,8.108842849731445,0.1647968292236328,9.377592086791992
dataset/test/Tomato_Early_blight_leaf/IMG_20251102_155207_aug_13aug48.jpg,Tomato_Early_blight_leaf,Tomato_Early_blight_leaf,0.9999998807907104,1,1.0899152755737305,8.087137222290039,0.16198348999023438,9.34190845489502
dataset/test/Tomato_Early_blight_leaf/IMG_20251102_155207_aug_14aug49.jpg,Tomato_Early_blight_leaf,Tomato_Early_blight_leaf,0.999997615814209,1,1.110250473022461,8.049100875854492,0.1619091033935547,9.323739051818848
dataset/test/Tomato_Early_blight_leaf/IMG_20251102_155207aug2.jpg,Tomato_Early_blight_leaf,Tomato_Early_blight_leaf,0.9999933242797852,1,1.0928974151611328,7.971081733703613,0.16359424591064453,9.230257987976074
dataset/test/Tomato_Early_blight_leaf/IMG_20251102_155305_aug_35aug25.jpg,Tomato_Early_blight_leaf,Tomato_Early_blight_leaf,0.8286440372467041,1,1.0703792572021484,7.836783409118652,0.16346359252929688,9.073220252990723
dataset/test/Tomato_Early_blight_leaf/IMG_20251102_155305_aug_36aug27.jpg,Tomato_Early_blight_leaf,Tomato_Early_blight_leaf,0.7788958549499512,1,1.1210088729858398,8.153046607971191,0.1617593765258789,9.438112258911133
dataset/test/Tomato_Early_blight_leaf/IMG_20251102_155305_aug_37aug29.jpg,Tomato_Early_blight_leaf,Tomato_Early_blight_leaf,0.730962872505188,1,1.089303970336914,8.081341743469238,0.1631479263305664,9.336296081542969
dataset/test/Tomato_Early_blight_leaf/IMG_20251102_155305_aug_38aug31.jpg,Tomato_Early_blight_leaf,Tomato_leaf_yellow_curl_virus,0.6558170318603516,0,1.0885448455810547,7.921450614929199,0.16344642639160156,9.175776481628418
dataset/test/Tomato_Early_blight_leaf/IMG_20251102_155305_aug_39aug26.jpg,Tomato_Early_blight_leaf,Tomato_Early_blight_leaf,0.7792999744415283,1,1.1085834503173828,7.882264137268066,0.1510934829711914,9.14401626586914
dataset/test/Tomato_Early_blight_leaf/IMG_20251102_155305aug7.jpg,Tomato_Early_blight_leaf,Tomato_leaf_yellow_curl_virus,0.6988698840141296,0,1.0596933364868164,7.75604248046875,0.16359424591064453,8.981904029846191
dataset/test/Tomato_Early_blight_leaf/IMG_20251102_155853_aug_55aug106.jpg,Tomato_Early_blight_leaf,Tomato_leaf_late_blight,0.9993226528167725,0,1.2032690048217773,8.09804630279541,0.1615762710571289,9.466130256652832
dataset/test/Tomato_Early_blight_leaf/IMG_20251102_155853_aug_56aug92.jpg,Tomato_Early_blight_leaf,Tomato_leaf_late_blight,0.9999864101409912,0,1.120619773864746,7.920876502990723,0.16224193572998047,9.206368446350098
dataset/test/Tomato_Early_blight_leaf/IMG_20251102_155853_aug_57aug96.jpg,Tomato_Early_blight_leaf,Tomato_leaf_late_blight,0.9890655279159546,0,1.096323013305664,8.088249206542969,0.17009258270263672,9.357629776000977
dataset/test/Tomato_Early_blight_leaf/IMG_20251102_155853_aug_58aug103.jpg,Tomato_Early_blight_leaf,Tomato_leaf_late_blight,0.9999421834945679,0,1.1094350814819336,8.25145435333252,0.16542720794677734,9.529149055480957
dataset/test/Tomato_Early_blight_leaf/IMG_20251102_155853_aug_59aug99.jpg,Tomato_Early_blight_leaf,Tomato_leaf_late_blight,0.9927999973297119,0,1.1826200485229492,8.18519401550293,0.1660757064819336,9.53681468963623
dataset/test/Tomato_Early_blight_leaf/IMG_20251102_155853aug11.jpg,Tomato_Early_blight_leaf,Tomato_leaf_late_blight,0.9999022483825684,0,1.1173229217529297,8.218583106994629,0.16674137115478516,9.505427360534668
dataset/test/Tomato_Early_blight_leaf/IMG_20251102_160046_aug_95aug70.jpg,Tomato_Early_blight_leaf,Tomato_Early_blight_leaf,0.9999998807907104,1,1.1049718856811523,8.260065078735352,0.15953826904296875,9.526816368103027
dataset/test/Tomato_Early_blight_leaf/IMG_20251102_160046_aug_96aug69.jpg,Tomato_Early_blight_leaf,Tomato_Early_blight_leaf,0.9999916553497314,1,1.1547307968139648,8.048933029174805,0.3301515579223633,9.537019729614258
dataset/test/Tomato_Early_blight_leaf/IMG_20251102_160046_aug_97aug67.jpg,Tomato_Early_blight_leaf,Tomato_Early_blight_leaf,0.9999874830245972,1,1.0928411483764648,7.974952697753906,0.16661357879638672,9.236980438232422
dataset/test/Tomato_Early_blight_leaf/IMG_20251102_160046_aug_98aug68.jpg,Tomato_Early_blight_leaf,Tomato_Early_blight_leaf,0.9999693632125854,1,1.2646770477294922,8.00765609741211,0.20079708099365234,9.475981712341309
dataset/test/Tomato_Early_blight_leaf/IMG_20251102_160046aug19.jpg,Tomato_Early_blight_leaf,Tomato_Early_blight_leaf,0.9999837875366211,1,1.1235074996948242,8.134193420410156,0.16929912567138672,9.429519653320312
dataset/test/Tomato_Early_blight_leaf/IMG_20251102_160055_aug_15aug53.jpg,Tomato_Early_blight_leaf,Tomato_Early_blight_leaf,1.0,1,1.1179161071777344,8.242565155029297,0.16792869567871094,9.531057357788086
dataset/test/Tomato_Early_blight_leaf/IMG_20251102_160055_aug_16aug55.jpg,Tomato_Early_blight_leaf,Tomato_Early_blight_leaf,1.0,1,1.1196393966674805,8.185508728027344,0.1815204620361328,9.489851951599121
dataset/test/Tomato_Early_blight_leaf/IMG_20251102_160055_aug_17aug46.jpg,Tomato_Early_blight_leaf,Tomato_Early_blight_leaf,1.0,1,1.1087112426757812,8.189193725585938,0.1665945053100586,9.467370986938477
dataset/test/Tomato_Early_blight_leaf/IMG_20251102_160055_aug_18aug54.jpg,Tomato_Early_blight_leaf,Tomato_Early_blight_leaf,1.0,1,1.0688419342041016,8.132786750793457,0.16688919067382812,9.371185302734375
dataset/test/Tomato_Early_blight_leaf/IMG_20251102_160055_aug_19aug52.jpg,Tomato_Early_blight_leaf,Tomato_Early_blight_leaf,1.0,1,1.1485271453857422,8.197915077209473,0.1657419204711914,9.514890670776367
dataset/test/Tomato_Early_blight_leaf/IMG_20251102_160055aug3.jpg,Tomato_Early_blight_leaf,Tomato_Early_blight_leaf,1.0,1,1.0953788757324219,8.152935028076172,0.1716136932373047,9.423130989074707
dataset/test/Tomato_Early_blight_leaf/IMG_20251102_160217_aug_75aug82.jpg,Tomato_Early_blight_leaf,Tomato_Early_blight_leaf,0.9999972581863403,1,1.1149349212646484,8.212602615356445,0.16640853881835938,9.496575355529785
dataset/test/Tomato_Early_blight_leaf/IMG_20251102_160217_aug_76aug83.jpg,Tomato_Early_blight_leaf,Tomato_Early_blight_leaf,0.9999997615814209,1,1.1334352493286133,8.258139610290527,0.1666126251220703,9.560983657836914
dataset/test/Tomato_Early_blight_leaf/IMG_20251102_160217_aug_77aug90.jpg,Tomato_Early_blight_leaf,Tomato_Early_blight_leaf,0.9999951124191284,1,1.1102113723754883,8.191898345947266,0.1637420654296875,9.468425750732422
dataset/test/Tomato_Early_blight_leaf/IMG_20251102_160217_aug_78aug81.jpg,Tomato_Early_blight_leaf,Tomato_Early_blight_leaf,0.999995231628418,1,1.1370468139648438,8.357807159423828,0.15640926361083984,9.653706550598145
dataset/test/Tomato_Early_blight_leaf/IMG_20251102_160217_aug_79aug86.jpg,Tomato_Early_blight_leaf,Tomato_Early_blight_leaf,0.9999985694885254,1,1.0903778076171875,8.113898277282715,0.33481788635253906,9.541909217834473
dataset/test/Tomato_Early_blight_leaf/IMG_20251102_160217aug15.jpg,Tomato_Early_blight_leaf,Tomato_Early_blight_leaf,0.9999983310699463,1,1.0496931076049805,7.988173484802246,0.16570568084716797,9.206554412841797
dataset/test/Tomato_Early_blight_leaf/IMG_20251102_160523_aug_50aug114.jpg,Tomato_Early_blight_leaf,Tomato_Early_blight_leaf,0.9996300935745239,1,1.3321208953857422,7.978137969970703,0.16479778289794922,9.477926254272461
dataset/test/Tomato_Early_blight_leaf/IMG_20251102_160523_aug_51aug111.jpg,Tomato_Early_blight_leaf,Tomato_Early_blight_leaf,0.9999997615814209,1,1.1682310104370117,7.97813606262207,0.16516780853271484,9.31396198272705
dataset/test/Tomato_Early_blight_leaf/IMG_20251102_160523_aug_52aug112.jpg,Tomato_Early_blight_leaf,Tomato_Early_blight_leaf,0.998945415019989,1,1.1876754760742188,8.068192481994629,0.1645183563232422,9.423648834228516
dataset/test/Tomato_Early_blight_leaf/IMG_20251102_160523_aug_53aug115.jpg,Tomato_Early_blight_leaf,Tomato_Early_blight_leaf,0.9999610185623169,1,1.1665096282958984,8.089934349060059,0.16402053833007812,9.423407554626465
dataset/test/Tomato_Early_blight_leaf/IMG_20251102_160523_aug_54aug113.jpg,Tomato_Early_blight_leaf,Tomato_Early_blight_leaf,0.9999854564666748,1,1.1323976516723633,8.102933883666992,0.16213035583496094,9.400444030761719
dataset/test/Tomato_Early_blight_leaf/IMG_20251102_160523aug10.jpg,Tomato_Early_blight_leaf,Tomato_Early_blight_leaf,0.9999827146530151,1,1.1207304000854492,8.082304954528809,0.16309356689453125,9.368833541870117
dataset/test/Tomato_Early_blight_leaf/IMG_20251102_161202_aug_45aug118.jpg,Tomato_Early_blight_leaf,Tomato_Early_blight_leaf,0.996236264705658,1,1.194732666015625,8.096839904785156,0.15846538543701172,9.453019142150879
dataset/test/Tomato_Early_blight_leaf/IMG_20251102_161202_aug_46aug116.jpg,Tomato_Early_blight_leaf,Tomato_Early_blight_leaf,0.996236264705658,1,1.1325836181640625,7.903376579284668,0.1631317138671875,9.201887130737305
dataset/test/Tomato_Early_blight_leaf/IMG_20251102_161202_aug_47aug117.jpg,Tomato_Early_blight_leaf,Tomato_Early_blight_leaf,0.9999098777770996,1,1.2736940383911133,7.973600387573242,0.17079734802246094,9.42135238647461
dataset/test/Tomato_Early_blight_leaf/IMG_20251102_161202_aug_48aug30.jpg,Tomato_Early_blight_leaf,Tomato_Early_blight_leaf,0.9990928173065186,1,1.2412309646606445,7.8650617599487305,0.16194438934326172,9.271573066711426
dataset/test/Tomato_Early_blight_leaf/IMG_20251102_161202_aug_49aug119.jpg,Tomato_Early_blight_leaf,Tomato_Early_blight_leaf,0.9953097701072693,1,1.1598777770996094,8.022469520568848,0.16379833221435547,9.349111557006836
dataset/test/Tomato_Early_blight_leaf/IMG_20251102_161202aug9.jpg,Tomato_Early_blight_leaf,Tomato_Early_blight_leaf,0.9997245669364929,1,1.1457500457763672,10.07709789276123,0.20642757415771484,11.43234920501709
dataset/test/Tomato_Early_blight_leaf/early_blight_jpg.rf.1091c0a2a9a3da5b9ad688c89298614c_aug_80aug87.jpg,Tomato_Early_blight_leaf,Tomato_Early_blight_leaf,0.9980601668357849,1,1.6088085174560547,10.967920303344727,0.19957542419433594,12.779601097106934
dataset/test/Tomato_Early_blight_leaf/early_blight_jpg.rf.1091c0a2a9a3da5b9ad688c89298614c_aug_81aug84.jpg,Tomato_Early_blight_leaf,Tomato_Early_blight_leaf,0.9970554113388062,1,1.4767532348632812,10.87014102935791,0.2045755386352539,12.554710388183594
dataset/test/Tomato_Early_blight_leaf/early_blight_jpg.rf.1091c0a2a9a3da5b9ad688c89298614c_aug_82aug89.jpg,Tomato_Early_blight_leaf,Tomato_Early_blight_leaf,0.9988155364990234,1,1.527400016784668,11.076550483703613,0.20468616485595703,12.812323570251465
dataset/test/Tomato_Early_blight_leaf/early_blight_jpg.rf.1091c0a2a9a3da5b9ad688c89298614c_aug_83aug85.jpg,Tomato_Early_blight_leaf,Tomato_Early_blight_leaf,0.9973733425140381,1,1.6160306930541992,10.99917984008789,0.2072610855102539,12.825989723205566
dataset/test/Tomato_Early_blight_leaf/early_blight_jpg.rf.1091c0a2a9a3da5b9ad688c89298614c_aug_84aug88.jpg,Tomato_Early_blight_leaf,Tomato_Early_blight_leaf,0.9972761273384094,1,1.5447721481323242,11.103791236877441,0.2001504898071289,12.852211952209473
dataset/test/Tomato_Early_blight_leaf/early_blight_jpg.rf.1091c0a2a9a3da5b9ad688c89298614caug16.jpg,Tomato_Early_blight_leaf,Tomato_Early_blight_leaf,0.9921472668647766,1,1.4496231079101562,10.949031829833984,0.20565032958984375,12.607841491699219
dataset/test/Tomato_Healthy_leaf/20140818-tomato-sauce-vicky-wasik-1_jpg.rf.d3d9b4a0642e72ba76b40dbdfff8b9f7_aug_6aug50.jpg,Tomato_Healthy_leaf,Tomato_Healthy_leaf,0.9999992847442627,1,1.4792709350585938,11.135976791381836,0.20761394500732422,12.826342582702637
dataset/test/Tomato_Healthy_leaf/20140818-tomato-sauce-vicky-wasik-1_jpg.rf.d3d9b4a0642e72ba76b40dbdfff8b9f7_aug_7aug56.jpg,Tomato_Healthy_leaf,Tomato_Healthy_leaf,0.9999991655349731,1,1.4457149505615234,8.965460777282715,0.16198253631591797,10.576194763183594
dataset/test/Tomato_Healthy_leaf/20140818-tomato-sauce-vicky-wasik-1_jpg.rf.d3d9b4a0642e72ba76b40dbdfff8b9f7aug3.jpg,Tomato_Healthy_leaf,Tomato_Healthy_leaf,0.9999600648880005,1,1.0382862091064453,7.955452919006348,0.16000080108642578,9.156906127929688
dataset/test/Tomato_Healthy_leaf/2015-09-17-01_aug_20aug110.jpg,Tomato_Healthy_leaf,Tomato_Healthy_leaf,0.9360572099685669,1,1.0984344482421875,7.755005836486816,0.16568565368652344,9.021663665771484
dataset/test/Tomato_Healthy_leaf/2015-09-17-01_aug_21aug114.jpg,Tomato_Healthy_leaf,Tomato_Healthy_leaf,0.9981119632720947,1,1.057267189025879,7.806487083435059,0.15961265563964844,9.02599811553955
dataset/test/Tomato_Healthy_leaf/2015-09-17-01aug10.jpg,Tomato_Healthy_leaf,Tomato_Healthy_leaf,0.9984681010246277,1,1.0401372909545898,7.793671607971191,0.15842628479003906,8.995108604431152
dataset/test/Tomato_Healthy_leaf/Basil_2Binfected_2Bby_2BTomato_2BSpotted_2BWilt_2BVirus_aug_2aug59.jpg,Tomato_Healthy_leaf,Tomato_mold_leaf,0.8360742330551147,0,1.047471046447754,7.763078689575195,0.15061283111572266,8.963238716125488
dataset/test/Tomato_Healthy_leaf/Basil_2Binfected_2Bby_2BTomato_2BSpotted_2BWilt_2BVirus_aug_3aug51.jpg,Tomato_Healthy_leaf,Tomato_mold_leaf,0.9863854050636292,0,1.056304931640625,7.69734001159668,0.2041492462158203,8.961569786071777
dataset/test/Tomato_Healthy_leaf/Basil_2Binfected_2Bby_2BTomato_2BSpotted_2BWilt_2BVirusaug1.jpg,Tomato_Healthy_leaf,Tomato_mold_leaf,0.984923243522644,0,1.0544147491455078,7.817689895629883,0.16068649291992188,9.035368919372559
dataset/test/Tomato_Healthy_leaf/Fig-2_aug_22aug102.jpg,Tomato_Healthy_leaf,Tomato_Septoria_leaf_spot,0.5698384046554565,0,1.0608596801757812,7.729617118835449,0.16000080108642578,8.953107833862305
dataset/test/Tomato_Healthy_leaf/Fig-2_aug_23aug90.jpg,Tomato_Healthy_leaf,Tomato_Septoria_leaf_spot,0.4998718798160553,0,1.0808963775634766,7.754616737365723,0.16031551361083984,8.998553276062012
dataset/test/Tomato_Healthy_leaf/Fig-2aug11.jpg,Tomato_Healthy_leaf,Tomato_Healthy_leaf,0.41128718852996826,1,1.1534900665283203,7.744227409362793,0.1585559844970703,9.059016227722168
dataset/test/Tomato_Healthy_leaf/HL_(103)aug39.jpg,Tomato_Healthy_leaf,Tomato_Healthy_leaf,1.0,1,1.0674896240234375,7.978487968444824,0.15537166595458984,9.20429515838623
dataset/test/Tomato_Healthy_leaf/HL_(118)_aug_38aug103.jpg,Tomato_Healthy_leaf,Tomato_Healthy_leaf,1.0,1,1.0639524459838867,7.848857879638672,0.17090892791748047,9.087052345275879
dataset/test/Tomato_Healthy_leaf/HL_(118)_aug_39aug104.jpg,Tomato_Healthy_leaf,Tomato_Healthy_leaf,1.0,1,1.207768440246582,7.84446907043457,0.16376018524169922,9.2194242477417
dataset/test/Tomato_Healthy_leaf/HL_(118)aug19.jpg,Tomato_Healthy_leaf,Tomato_Healthy_leaf,1.0,1,1.1163053512573242,8.22200870513916,0.16465091705322266,9.505963325500488
dataset/test/Tomato_Healthy_leaf/HL_(165)_aug_28aug105.jpg,Tomato_Healthy_leaf,Tomato_Healthy_leaf,1.0,1,1.1163225173950195,8.165285110473633,0.16475963592529297,9.44942569732666
dataset/test/Tomato_Healthy_leaf/HL_(165)_aug_29aug91.jpg,Tomato_Healthy_leaf,Tomato_Healthy_leaf,0.9999996423721313,1,1.1060266494750977,8.042990684509277,0.2069091796875,9.358685493469238
dataset/test/Tomato_Healthy_leaf/HL_(165)aug14.jpg,Tomato_Healthy_leaf,Tomato_Healthy_leaf,0.9999983310699463,1,1.1183795928955078,8.079545021057129,0.16535472869873047,9.365833282470703
dataset/test/Tomato_Healthy_leaf/HL_(61)_aug_50aug83.jpg,Tomato_Healthy_leaf,Tomato_Early_blight_leaf,0.9941827654838562,0,1.0901384353637695,8.005434036254883,0.16359424591064453,9.261981010437012
dataset/test/Tomato_Healthy_leaf/HL_(61)_aug_51aug76.jpg,Tomato_Healthy_leaf,Tomato_Early_blight_leaf,0.9982728958129883,0,1.0845270156860352,8.029193878173828,0.20037269592285156,9.316999435424805
dataset/test/Tomato_Healthy_leaf/HL_(61)aug25.jpg,Tomato_Healthy_leaf,Tomato_Early_blight_leaf,0.9257206916809082,0,1.0711946487426758,7.984692573547363,0.16281604766845703,9.221220970153809
dataset/test/Tomato_Healthy_leaf/HL_(62)aug36.jpg,Tomato_Healthy_leaf,Tomato_Healthy_leaf,0.9999986886978149,1,1.1167869567871094,8.026286125183105,0.16631603240966797,9.31222152709961
dataset/test/Tomato_Healthy_leaf/IMG_20251102_161618_aug_58aug71.jpg,Tomato_Healthy_leaf,Tomato_Healthy_leaf,0.9999896287918091,1,1.1370277404785156,8.10621166229248,0.6816349029541016,9.927597045898438
dataset/test/Tomato_Healthy_leaf/IMG_20251102_161618_aug_59aug63.jpg,Tomato_Healthy_leaf,Tomato_Healthy_leaf,0.9969149827957153,1,1.1707878112792969,8.12193489074707,0.16107654571533203,9.456167221069336
dataset/test/Tomato_Healthy_leaf/IMG_20251102_161618aug29.jpg,Tomato_Healthy_leaf,Tomato_Healthy_leaf,0.9937183856964111,1,1.1609525680541992,7.773709297180176,0.17392826080322266,9.111628532409668
dataset/test/Tomato_Healthy_leaf/IMG_20251102_161625aug44.jpg,Tomato_Healthy_leaf,Tomato_Healthy_leaf,0.999998927116394,1,1.3421592712402344,8.892515182495117,0.16485309600830078,10.401914596557617
dataset/test/Tomato_Healthy_leaf/IMG_20251102_161629_aug_10aug115.jpg,Tomato_Healthy_leaf,Tomato_Healthy_leaf,1.0,1,1.252584457397461,7.934137344360352,0.17966747283935547,9.369277000427246
dataset/test/Tomato_Healthy_leaf/IMG_20251102_161629_aug_11aug109.jpg,Tomato_Healthy_leaf,Tomato_Healthy_leaf,0.9999895095825195,1,1.2814369201660156,18.995261192321777,0.17266845703125,20.452235221862793
dataset/test/Tomato_Healthy_leaf/IMG_20251102_161629aug5.jpg,Tomato_Healthy_leaf,Tomato_Healthy_leaf,0.9999977350234985,1,1.3137331008911133,11.163939476013184,0.9528017044067383,13.43338394165039
dataset/test/Tomato_Healthy_leaf/IMG_20251102_161652aug43.jpg,Tomato_Healthy_leaf,Tomato_Healthy_leaf,0.9999668598175049,1,1.1811952590942383,9.866579055786133,0.2758913040161133,11.326608657836914
dataset/test/Tomato_Healthy_leaf/IMG_20251102_161826_aug_60aug68.jpg,Tomato_Healthy_leaf,Tomato_Healthy_leaf,0.9999985694885254,1,1.1701765060424805,8.289603233337402,0.1670370101928711,9.629427909851074
dataset/test/Tomato_Healthy_leaf/IMG_20251102_161826_aug_61aug62.jpg,Tomato_Healthy_leaf,Tomato_Healthy_leaf,0.9999794960021973,1,1.1553611755371094,8.012434005737305,0.16544628143310547,9.336333274841309
dataset/test/Tomato_Healthy_leaf/IMG_20251102_161826aug30.jpg,Tomato_Healthy_leaf,Tomato_Healthy_leaf,0.9999961853027344,1,1.197896957397461,7.854006767272949,0.1636495590209961,9.218165397644043
dataset/test/Tomato_Healthy_leaf/IMG_20251102_161850_aug_56aug74.jpg,Tomato_Healthy_leaf,Tomato_Healthy_leaf,0.9940232634544373,1,1.1139917373657227,8.148564338684082,0.16427898406982422,9.429388046264648
dataset/test/Tomato_Healthy_leaf/IMG_20251102_161850_aug_57aug72.jpg,Tomato_Healthy_leaf,Tomato_Healthy_leaf,0.9999581575393677,1,1.0759716033935547,7.946915626525879,0.16327953338623047,9.18883228302002
dataset/test/Tomato_Healthy_leaf/IMG_20251102_161850aug28.jpg,Tomato_Healthy_leaf,Tomato_Healthy_leaf,0.9999895095825195,1,1.1544904708862305,7.977397918701172,0.16153812408447266,9.296574592590332
dataset/test/Tomato_Healthy_leaf/IMG_20251102_161859aug38.jpg,Tomato_Healthy_leaf,Tomato_Healthy_leaf,0.9999957084655762,1,1.1035633087158203,7.923470497131348,0.16316795349121094,9.19312858581543
dataset/test/Tomato_Healthy_leaf/IMG_20251102_161935_aug_4aug55.jpg,Tomato_Healthy_leaf,Tomato_Healthy_leaf,0.9999991655349731,1,1.0791749954223633,7.959526062011719,0.1576671600341797,9.19918441772461
dataset/test/Tomato_Healthy_leaf/IMG_20251102_161935_aug_5aug53.jpg,Tomato_Healthy_leaf,Tomato_Healthy_leaf,0.9999997615814209,1,1.0713615417480469,7.685764312744141,0.1633901596069336,8.923162460327148
dataset/test/Tomato_Healthy_leaf/IMG_20251102_161935aug2.jpg,Tomato_Healthy_leaf,Tomato_Healthy_leaf,0.9999995231628418,1,1.2237129211425781,7.751097679138184,0.16259384155273438,9.140052795410156
dataset/test/Tomato_Healthy_leaf/IMG_20251102_162037aug45.jpg,Tomato_Healthy_leaf,Tomato_Healthy_leaf,0.9947575330734253,1,1.112527847290039,7.837802886962891,0.16450214385986328,9.11747932434082
dataset/test/Tomato_Healthy_leaf/h100_lower_aug_54aug73.jpg,Tomato_Healthy_leaf,Tomato_Healthy_leaf,0.9999998807907104,1,1.1663055419921875,7.963747024536133,0.1632232666015625,9.295964241027832
dataset/test/Tomato_Healthy_leaf/h100_lower_aug_55aug75.jpg,Tomato_Healthy_leaf,Tomato_Healthy_leaf,0.9999995231628418,1,1.1155080795288086,7.919618606567383,0.1630573272705078,9.200701713562012
dataset/test/Tomato_Healthy_leaf/h100_loweraug27.jpg,Tomato_Healthy_leaf,Tomato_Healthy_leaf,0.9999991655349731,1,1.0968971252441406,7.928987503051758,0.1632976531982422,9.19216537475586
dataset/test/Tomato_Healthy_leaf/h101_aug_18aug119.jpg,Tomato_Healthy_leaf,Tomato_Healthy_leaf,0.9998449087142944,1,1.0890264511108398,8.196675300598145,0.16307544708251953,9.451611518859863
dataset/test/Tomato_Healthy_leaf/h101_aug_19aug116.jpg,Tomato_Healthy_leaf,Tomato_Healthy_leaf,0.9948099851608276,1,1.1436386108398438,8.00402545928955,0.1633901596069336,9.313739776611328
dataset/test/Tomato_Healthy_leaf/h101aug9.jpg,Tomato_Healthy_leaf,Tomato_Healthy_leaf,0.9737310409545898,1,1.0804719924926758,8.005414962768555,0.15990924835205078,9.248628616333008
dataset/test/Tomato_Healthy_leaf/h103_aug_42aug82.jpg,Tomato_Healthy_leaf,Tomato_Healthy_leaf,0.9999998807907104,1,1.0804157257080078,8.64529037475586,0.16370391845703125,9.892078399658203
dataset/test/Tomato_Healthy_leaf/h103_aug_43aug77.jpg,Tomato_Healthy_leaf,Tomato_Healthy_leaf,1.0,1,1.124917984008789,7.733375549316406,0.16109466552734375,9.021885871887207
dataset/test/Tomato_Healthy_leaf/h103aug21.jpg,Tomato_Healthy_leaf,Tomato_Healthy_leaf,0.9999992847442627,1,1.066990852355957,7.880303382873535,0.1619272232055664,9.112314224243164
dataset/test/Tomato_Healthy_leaf/h1_change_90_aug_12aug118.jpg,Tomato_Healthy_leaf,Tomato_Healthy_leaf,0.9999711513519287,1,1.0979728698730469,7.887358665466309,0.1636495590209961,9.151795387268066
dataset/test/Tomato_Healthy_leaf/h1_change_90_aug_13aug108.jpg,Tomato_Healthy_leaf,Tomato_Healthy_leaf,0.9999856948852539,1,1.119100570678711,7.855562210083008,0.20331668853759766,9.181127548217773
dataset/test/Tomato_Healthy_leaf/h1_change_90aug6.jpg,Tomato_Healthy_leaf,Tomato_Healthy_leaf,0.9999812841415405,1,1.0871753692626953,7.963691711425781,0.1643533706665039,9.217925071716309
dataset/test/Tomato_Healthy_leaf/h39_change_270aug48.jpg,Tomato_Healthy_leaf,Tomato_Healthy_leaf,0.9999994039535522,1,1.088155746459961,8.391918182373047,0.1654834747314453,9.648300170898438
dataset/test/Tomato_Healthy_leaf/h39_hight_aug_40aug96.jpg,Tomato_Healthy_leaf,Tomato_Healthy_leaf,0.999997615814209,1,1.1309146881103516,8.013507843017578,0.16274261474609375,9.310073852539062
dataset/test/Tomato_Healthy_leaf/h39_hight_aug_41aug98.jpg,Tomato_Healthy_leaf,Tomato_Healthy_leaf,0.9999897480010986,1,1.0882482528686523,7.957821846008301,0.16579818725585938,9.21440601348877
dataset/test/Tomato_Healthy_leaf/h39_hightaug20.jpg,Tomato_Healthy_leaf,Tomato_Healthy_leaf,0.999893307685852,1,1.0845451354980469,8.566606521606445,0.1602792739868164,9.813761711120605
dataset/test/Tomato_Healthy_leaf/h39_lower_aug_30aug95.jpg,Tomato_Healthy_leaf,Tomato_Healthy_leaf,0.9998961687088013,1,1.1361217498779297,8.139323234558105,0.1613903045654297,9.439223289489746
dataset/test/Tomato_Healthy_leaf/h39_lower_aug_31aug89.jpg,Tomato_Healthy_leaf,Tomato_Healthy_leaf,0.9996110796928406,1,1.0850276947021484,7.878505706787109,0.16264915466308594,9.129090309143066
dataset/test/Tomato_Healthy_leaf/h39_loweraug15.jpg,Tomato_Healthy_leaf,Tomato_Healthy_leaf,0.9999711513519287,1,1.1135082244873047,7.901876449584961,0.1633157730102539,9.181591033935547
dataset/test/Tomato_Healthy_leaf/h3_aug_8aug57.jpg,Tomato_Healthy_leaf,Tomato_Healthy_leaf,1.0,1,1.1087303161621094,7.946859359741211,0.16464996337890625,9.222702026367188
dataset/test/Tomato_Healthy_leaf/h3_aug_9aug54.jpg,Tomato_Healthy_leaf,Tomato_Healthy_leaf,1.0,1,1.0956201553344727,8.089933395385742,0.16605663299560547,9.354722023010254
dataset/test/Tomato_Healthy_leaf/h3_mirror_aug_52aug84.jpg,Tomato_Healthy_leaf,Tomato_Healthy_leaf,1.0,1,1.0751008987426758,8.0337495803833,0.1632976531982422,9.274739265441895
dataset/test/Tomato_Healthy_leaf/h3_mirror_aug_53aug80.jpg,Tomato_Healthy_leaf,Tomato_Healthy_leaf,1.0,1,1.127767562866211,8.096175193786621,0.1697978973388672,9.396258354187012
dataset/test/Tomato_Healthy_leaf/h3_mirroraug26.jpg,Tomato_Healthy_leaf,Tomato_Healthy_leaf,1.0,1,1.401214599609375,10.911808013916016,0.20631694793701172,12.522432327270508
dataset/test/Tomato_Healthy_leaf/h3aug4.jpg,Tomato_Healthy_leaf,Tomato_Healthy_leaf,1.0,1,1.4552717208862305,10.910307884216309,0.20389175415039062,12.572783470153809
dataset/test/Tomato_Healthy_leaf/h45_mirror_verticalaug42.jpg,Tomato_Healthy_leaf,Tomato_Healthy_leaf,0.9999997615814209,1,1.461808204650879,10.959178924560547,0.20272350311279297,12.627395629882812
dataset/test/Tomato_Healthy_leaf/h49_change_90aug49.jpg,Tomato_Healthy_leaf,Tomato_Healthy_leaf,0.9999964237213135,1,1.5867538452148438,10.866806983947754,0.20320606231689453,12.660248756408691
dataset/test/Tomato_Healthy_leaf/h50_hight_aug_68aug69.jpg,Tomato_Healthy_leaf,Tomato_Healthy_leaf,0.9999858140945435,1,1.406233787536621,10.919529914855957,0.20640945434570312,12.535599708557129
dataset/test/Tomato_Healthy_leaf/h50_hight_aug_69aug61.jpg,Tomato_Healthy_leaf,Tomato_Healthy_leaf,0.9999958276748657,1,1.4484567642211914,10.920936584472656,0.20513057708740234,12.577838897705078
dataset/test/Tomato_Healthy_leaf/h50_hightaug34.jpg,Tomato_Healthy_leaf,Tomato_Healthy_leaf,0.9999995231628418,1,1.3911027908325195,10.951327323913574,0.2060565948486328,12.552209854125977
dataset/test/Tomato_Healthy_leaf/h50_lower_aug_66aug65.jpg,Tomato_Healthy_leaf,Tomato_Healthy_leaf,0.9999978542327881,1,1.4141778945922852,10.968160629272461,0.2013721466064453,12.587746620178223
dataset/test/Tomato_Healthy_leaf/h50_lower_aug_67aug70.jpg,Tomato_Healthy_leaf,Tomato_Healthy_leaf,0.9999762773513794,1,1.4015846252441406,7.735912322998047,0.15051937103271484,9.290757179260254
dataset/test/Tomato_Healthy_leaf/h50_loweraug33.jpg,Tomato_Healthy_leaf,Tomato_Healthy_leaf,0.9999996423721313,1,1.0210819244384766,7.5641889572143555,0.15726184844970703,8.745383262634277
dataset/test/Tomato_Healthy_leaf/h50_mirror_vertical_aug_24aug111.jpg,Tomato_Healthy_leaf,Tomato_Healthy_leaf,0.9999990463256836,1,1.1160469055175781,7.458651542663574,0.15883541107177734,8.736384391784668
dataset/test/Tomato_Healthy_leaf/h50_mirror_vertical_aug_25aug100.jpg,Tomato_Healthy_leaf,Tomato_Healthy_leaf,1.0,1,1.0851564407348633,7.808005332946777,0.167816162109375,9.063718795776367
dataset/test/Tomato_Healthy_leaf/h50_mirror_verticalaug12.jpg,Tomato_Healthy_leaf,Tomato_Healthy_leaf,0.9999997615814209,1,1.0419139862060547,7.741450309753418,0.16240882873535156,8.94818115234375
dataset/test/Tomato_Healthy_leaf/h50aug37.jpg,Tomato_Healthy_leaf,Tomato_Healthy_leaf,1.0,1,1.0263233184814453,7.699820518493652,0.15903949737548828,8.888216972351074
dataset/test/Tomato_Healthy_leaf/h5_mirroraug41.jpg,Tomato_Healthy_leaf,Tomato_Healthy_leaf,1.0,1,1.0344696044921875,7.648319244384766,0.15878009796142578,8.844459533691406
dataset/test/Tomato_Healthy_leaf/h65_mirror_vertical_aug_26aug97.jpg,Tomato_Healthy_leaf,Tomato_Healthy_leaf,0.999998927116394,1,1.0860834121704102,7.620560646057129,0.15596485137939453,8.865607261657715
dataset/test/Tomato_Healthy_leaf/h65_mirror_vertical_aug_27aug106.jpg,Tomato_Healthy_leaf,Tomato_Healthy_leaf,0.9995049238204956,1,1.031601905822754,7.521706581115723,0.16753864288330078,8.724346160888672
dataset/test/Tomato_Healthy_leaf/h65_mirror_verticalaug13.jpg,Tomato_Healthy_leaf,Tomato_Healthy_leaf,0.9999985694885254,1,1.0468215942382812,7.645153045654297,0.1582784652709961,8.852922439575195
dataset/test/Tomato_Healthy_leaf/h71_mirror_aug_62aug66.jpg,Tomato_Healthy_leaf,Tomato_Healthy_leaf,1.0,1,1.0352859497070312,7.6595048904418945,0.15774154663085938,8.855144500732422
dataset/test/Tomato_Healthy_leaf/h71_mirror_aug_63aug67.jpg,Tomato_Healthy_leaf,Tomato_Healthy_leaf,1.0,1,1.089360237121582,7.843598365783691,0.16187191009521484,9.097701072692871
dataset/test/Tomato_Healthy_leaf/h71_mirroraug31.jpg,Tomato_Healthy_leaf,Tomato_Healthy_leaf,1.0,1,1.0593042373657227,7.892931938171387,0.16259384155273438,9.117626190185547
dataset/test/Tomato_Healthy_leaf/h76_hight_aug_34aug88.jpg,Tomato_Healthy_leaf,Tomato_Healthy_leaf,1.0,1,1.0664701461791992,8.09002685546875,0.16359424591064453,9.322572708129883
dataset/test/Tomato_Healthy_leaf/h76_hight_aug_35aug93.jpg,Tomato_Healthy_leaf,Tomato_Healthy_leaf,0.9999996423721313,1,1.065842628479004,7.9763031005859375,0.15890979766845703,9.203479766845703
dataset/test/Tomato_Healthy_leaf/h76_hightaug17.jpg,Tomato_Healthy_leaf,Tomato_Healthy_leaf,0.9999995231628418,1,1.1034164428710938,8.377639770507812,0.1615009307861328,9.645132064819336
dataset/test/Tomato_Healthy_leaf/h78_change_270_aug_36aug94.jpg,Tomato_Healthy_leaf,Tomato_Healthy_leaf,0.9999991655349731,1,1.1066198348999023,8.035599708557129,0.16500186920166016,9.310073852539062
dataset/test/Tomato_Healthy_leaf/h78_change_270_aug_37aug99.jpg,Tomato_Healthy_leaf,Tomato_Healthy_leaf,0.9999980926513672,1,1.2193059921264648,7.849413871765137,0.2033538818359375,9.275330543518066
dataset/test/Tomato_Healthy_leaf/h78_change_270aug18.jpg,Tomato_Healthy_leaf,Tomato_Healthy_leaf,0.9999991655349731,1,1.0686006546020508,7.991637229919434,0.16333484649658203,9.22644329071045
dataset/test/Tomato_Healthy_leaf/h7_lower_aug_44aug87.jpg,Tomato_Healthy_leaf,Tomato_Healthy_leaf,0.9999997615814209,1,1.1119718551635742,8.035229682922363,0.1638164520263672,9.313739776611328
dataset/test/Tomato_Healthy_leaf/h7_lower_aug_45aug79.jpg,Tomato_Healthy_leaf,Tomato_Healthy_leaf,0.9999995231628418,1,1.0792121887207031,8.010339736938477,0.1625204086303711,9.254572868347168
dataset/test/Tomato_Healthy_leaf/h7_loweraug22.jpg,Tomato_Healthy_leaf,Tomato_Healthy_leaf,0.9999985694885254,1,1.1480274200439453,8.062172889709473,0.16413116455078125,9.377110481262207
dataset/test/Tomato_Healthy_leaf/h81_change_180_aug_16aug113.jpg,Tomato_Healthy_leaf,Tomato_Healthy_leaf,0.9999884366989136,1,1.0742120742797852,8.287694931030273,0.16540813446044922,9.53022289276123
dataset/test/Tomato_Healthy_leaf/h81_change_180_aug_17aug117.jpg,Tomato_Healthy_leaf,Tomato_Healthy_leaf,0.9999872446060181,1,1.1162500381469727,8.327009201049805,0.16566848754882812,9.611852645874023
dataset/test/Tomato_Healthy_leaf/h81_change_180aug8.jpg,Tomato_Healthy_leaf,Tomato_Healthy_leaf,0.999982476234436,1,1.098341941833496,8.198287963867188,0.16594505310058594,9.465204238891602
dataset/test/Tomato_Healthy_leaf/h84_mirroraug40.jpg,Tomato_Healthy_leaf,Tomato_Healthy_leaf,0.9999998807907104,1,1.1306571960449219,8.02985954284668,0.1657419204711914,9.328981399536133
dataset/test/Tomato_Healthy_leaf/h8_change_90aug35.jpg,Tomato_Healthy_leaf,Tomato_Healthy_leaf,0.9999935626983643,1,1.2470273971557617,8.016952514648438,0.1670398712158203,9.433575630187988
dataset/test/Tomato_Healthy_leaf/h95_mirror_verticalaug46.jpg,Tomato_Healthy_leaf,Tomato_Healthy_leaf,0.9996439218521118,1,1.111898422241211,8.180879592895508,0.16379833221435547,9.459260940551758
dataset/test/Tomato_Healthy_leaf/h96_change_270aug47.jpg,Tomato_Healthy_leaf,Tomato_Healthy_leaf,0.9997652173042297,1,1.0937318801879883,8.844717025756836,0.1635570526123047,10.104523658752441
dataset/test/Tomato_Healthy_leaf/h96_mirror_vertical_aug_14aug107.jpg,Tomato_Healthy_leaf,Tomato_Healthy_leaf,1.0,1,1.0883989334106445,8.765401840209961,0.16401958465576172,10.020411491394043
dataset/test/Tomato_Healthy_leaf/h96_mirror_vertical_aug_15aug112.jpg,Tomato_Healthy_leaf,Tomato_Healthy_leaf,1.0,1,1.082489013671875,8.205584526062012,0.16485214233398438,9.456074714660645
dataset/test/Tomato_Healthy_leaf/h96_mirror_verticalaug7.jpg,Tomato_Healthy_leaf,Tomato_Healthy_leaf,1.0,1,1.143601417541504,8.219082832336426,0.16646385192871094,9.532073974609375
dataset/test/Tomato_Healthy_leaf/h99_hight_aug_32aug92.jpg,Tomato_Healthy_leaf,Tomato_Healthy_leaf,0.9999988079071045,1,1.11724853515625,8.111454010009766,0.1601123809814453,9.391592979431152
dataset/test/Tomato_Healthy_leaf/h99_hight_aug_33aug101.jpg,Tomato_Healthy_leaf,Tomato_Healthy_leaf,1.0,1,1.0696392059326172,7.774764060974121,0.15789031982421875,9.004886627197266
dataset/test/Tomato_Healthy_leaf/h99_hightaug16.jpg,Tomato_Healthy_leaf,Tomato_Healthy_leaf,0.9999886751174927,1,1.0937299728393555,7.9979705810546875,0.16012954711914062,9.254444122314453
dataset/test/Tomato_Healthy_leaf/h99_lower_aug_46aug78.jpg,Tomato_Healthy_leaf,Tomato_Healthy_leaf,0.9999754428863525,1,1.0746374130249023,8.185103416442871,0.1612987518310547,9.424093246459961
dataset/test/Tomato_Healthy_leaf/h99_lower_aug_47aug81.jpg,Tomato_Healthy_leaf,Tomato_Healthy_leaf,0.9999854564666748,1,1.0851202011108398,7.725765228271484,0.15375995635986328,8.967164039611816
dataset/test/Tomato_Healthy_leaf/h99_loweraug23.jpg,Tomato_Healthy_leaf,Tomato_Healthy_leaf,0.9999936819076538,1,1.1197309494018555,7.674411773681641,0.1605367660522461,8.95712661743164
dataset/test/Tomato_Healthy_leaf/h9_change_180_aug_48aug86.jpg,Tomato_Healthy_leaf,Tomato_Healthy_leaf,1.0,1,1.1234722137451172,7.586726188659668,0.15933513641357422,8.87203311920166
dataset/test/Tomato_Healthy_leaf/h9_change_180_aug_49aug85.jpg,Tomato_Healthy_leaf,Tomato_Healthy_leaf,0.9999983310699463,1,1.0710830688476562,7.840654373168945,0.16229629516601562,9.076996803283691
dataset/test/Tomato_Healthy_leaf/h9_change_180aug24.jpg,Tomato_Healthy_leaf,Tomato_Healthy_leaf,0.9999985694885254,1,1.0627117156982422,7.641171455383301,0.1598358154296875,8.86633014678955
dataset/test/Tomato_Healthy_leaf/russian-2-319-dt-2010-leaves-high-tunnel-9-29-2014-c_jpg.rf.7ef5d3901dbeaf27776a27bfc8197b72_aug_0aug52.jpg,Tomato_Healthy_leaf,Tomato_Healthy_leaf,0.9996041655540466,1,1.1686201095581055,8.037192344665527,0.15948104858398438,9.368110656738281
dataset/test/Tomato_Healthy_leaf/russian-2-319-dt-2010-leaves-high-tunnel-9-29-2014-c_jpg.rf.7ef5d3901dbeaf27776a27bfc8197b72_aug_1aug58.jpg,Tomato_Healthy_leaf,Tomato_Healthy_leaf,0.9981203675270081,1,1.1529903411865234,8.109451293945312,0.1615762710571289,9.42707347869873
dataset/test/Tomato_Healthy_leaf/russian-2-319-dt-2010-leaves-high-tunnel-9-29-2014-c_jpg.rf.7ef5d3901dbeaf27776a27bfc8197b72aug0.jpg,Tomato_Healthy_leaf,Tomato_Healthy_leaf,0.999450147151947,1,1.1327848434448242,7.8222455978393555,0.16103744506835938,9.118738174438477
dataset/test/Tomato_Healthy_leaf/unnamed_aug_64aug64.jpg,Tomato_Healthy_leaf,Tomato_Healthy_leaf,0.9994052648544312,1,1.1093969345092773,7.833654403686523,0.16414928436279297,9.109609603881836
dataset/test/Tomato_Healthy_leaf/unnamed_aug_65aug60.jpg,Tomato_Healthy_leaf,Tomato_Healthy_leaf,0.9987733960151672,1,1.1121015548706055,7.881413459777832,0.16250038146972656,9.158683776855469
dataset/test/Tomato_Healthy_leaf/unnamedaug32.jpg,Tomato_Healthy_leaf,Tomato_Healthy_leaf,0.999169111251831,1,1.096120834350586,7.933765411376953,0.16205596923828125,9.194388389587402
dataset/test/Tomato_Septoria_leaf_spot/1723454507354_aug_44aug83.jpg,Tomato_Septoria_leaf_spot,Tomato_Early_blight_leaf,0.9998025298118591,0,1.1992502212524414,8.103897094726562,0.19977855682373047,9.505890846252441
dataset/test/Tomato_Septoria_leaf_spot/1723454507354_aug_45aug80.jpg,Tomato_Septoria_leaf_spot,Tomato_Early_blight_leaf,0.9940523505210876,0,1.1388616561889648,8.142507553100586,0.16748332977294922,9.451704025268555
dataset/test/Tomato_Septoria_leaf_spot/1723454507354aug22.jpg,Tomato_Septoria_leaf_spot,Tomato_Early_blight_leaf,0.9128723740577698,0,1.1673250198364258,8.073784828186035,0.16377925872802734,9.408036231994629
dataset/test/Tomato_Septoria_leaf_spot/1723454507465_aug_58aug67.jpg,Tomato_Septoria_leaf_spot,Tomato_mold_leaf,0.4644988179206848,0,1.1141748428344727,8.012934684753418,0.1632232666015625,9.292999267578125
dataset/test/Tomato_Septoria_leaf_spot/1723454507465_aug_59aug66.jpg,Tomato_Septoria_leaf_spot,Tomato_Septoria_leaf_spot,0.40813395380973816,1,1.1211576461791992,8.160712242126465,0.16172218322753906,9.446480751037598
dataset/test/Tomato_Septoria_leaf_spot/1723454507465aug29.jpg,Tomato_Septoria_leaf_spot,Tomato_Early_blight_leaf,0.6248185038566589,0,1.1004152297973633,7.980562210083008,0.16429901123046875,9.248091697692871
dataset/test/Tomato_Septoria_leaf_spot/5454635393351680.jpeg_aug_14aug115.jpg,Tomato_Septoria_leaf_spot,Tomato_Septoria_leaf_spot,0.8205102682113647,1,1.1331205368041992,8.605271339416504,0.20415115356445312,9.945262908935547
dataset/test/Tomato_Septoria_leaf_spot/5454635393351680.jpeg_aug_15aug46.jpg,Tomato_Septoria_leaf_spot,Tomato_Septoria_leaf_spot,0.8962230086326599,1,1.0824346542358398,8.285971641540527,0.16618633270263672,9.537426948547363
dataset/test/Tomato_Septoria_leaf_spot/5454635393351680.jpegaug7.jpg,Tomato_Septoria_leaf_spot,Tomato_Septoria_leaf_spot,0.8806486129760742,1,1.1852312088012695,8.40410327911377,0.16411113739013672,9.75637435913086
dataset/test/Tomato_Septoria_leaf_spot/6134794031202304-600x272-jpeg_jpg.rf.5482c323fe160b26426628094ae3646baug42.jpg,Tomato_Septoria_leaf_spot,Tomato_Septoria_leaf_spot,0.9998119473457336,1,1.115860939025879,9.211368560791016,0.16194534301757812,10.491805076599121
dataset/test/Tomato_Septoria_leaf_spot/66e7583ebe11cf0bd06435e4167bd4fdaug41.jpg,Tomato_Septoria_leaf_spot,Tomato_Septoria_leaf_spot,0.999315619468689,1,1.0965089797973633,8.28221321105957,0.21553993225097656,9.597075462341309
dataset/test/Tomato_Septoria_leaf_spot/8_20mistakes_204_aug_72aug61.jpg,Tomato_Septoria_leaf_spot,Tomato_Early_blight_leaf,0.4349827766418457,0,1.5329561233520508,13.51205062866211,0.16724205017089844,15.215173721313477
dataset/test/Tomato_Septoria_leaf_spot/8_20mistakes_204_aug_73aug62.jpg,Tomato_Septoria_leaf_spot,Tomato_mold_leaf,0.5853265523910522,0,1.3695850372314453,14.400317192077637,0.16281604766845703,15.935331344604492
dataset/test/Tomato_Septoria_leaf_spot/8_20mistakes_204aug36.jpg,Tomato_Septoria_leaf_spot,Tomato_mold_leaf,0.9741842746734619,0,1.3857145309448242,10.684288024902344,0.1667795181274414,12.239447593688965
dataset/test/Tomato_Septoria_leaf_spot/Gls11_mirror_vertical_aug_42aug85.jpg,Tomato_Septoria_leaf_spot,Tomato_Septoria_leaf_spot,0.9836559295654297,1,1.136713981628418,8.20763874053955,0.17063140869140625,9.518001556396484
dataset/test/Tomato_Septoria_leaf_spot/Gls11_mirror_vertical_aug_43aug86.jpg,Tomato_Septoria_leaf_spot,Tomato_Septoria_leaf_spot,0.9883814454078674,1,1.086472511291504,8.032007217407227,0.1665201187133789,9.28818416595459
dataset/test/Tomato_Septoria_leaf_spot/Gls11_mirror_verticalaug21.jpg,Tomato_Septoria_leaf_spot,Tomato_Septoria_leaf_spot,0.9972614049911499,1,1.1043424606323242,8.173973083496094,0.2086496353149414,9.489927291870117
dataset/test/Tomato_Septoria_leaf_spot/Gls12_mirror_aug_46aug81.jpg,Tomato_Septoria_leaf_spot,Tomato_Septoria_leaf_spot,0.9999985694885254,1,1.0832300186157227,15.54456615447998,0.16792774200439453,16.798632621765137
dataset/test/Tomato_Septoria_leaf_spot/Gls12_mirror_aug_47aug92.jpg,Tomato_Septoria_leaf_spot,Tomato_Septoria_leaf_spot,0.9999997615814209,1,1.2014350891113281,8.36469554901123,0.16605663299560547,9.735057830810547
dataset/test/Tomato_Septoria_leaf_spot/Gls12_mirroraug23.jpg,Tomato_Septoria_leaf_spot,Tomato_Septoria_leaf_spot,0.999998927116394,1,1.0895280838012695,8.22771167755127,0.16501998901367188,9.485074043273926
dataset/test/Tomato_Septoria_leaf_spot/Gls1_mirror_aug_38aug82.jpg,Tomato_Septoria_leaf_spot,Tomato_Septoria_leaf_spot,0.9959641695022583,1,1.1159906387329102,8.23347282409668,0.16576004028320312,9.51840877532959
dataset/test/Tomato_Septoria_leaf_spot/Gls1_mirror_aug_39aug84.jpg,Tomato_Septoria_leaf_spot,Tomato_Septoria_leaf_spot,0.9908332228660583,1,1.0776567459106445,8.218120574951172,0.1650381088256836,9.46325969696045
dataset/test/Tomato_Septoria_leaf_spot/Gls1_mirroraug19.jpg,Tomato_Septoria_leaf_spot,Tomato_Septoria_leaf_spot,0.9589889049530029,1,1.1246013641357422,8.109582901000977,0.16257381439208984,9.399389266967773
dataset/test/Tomato_Septoria_leaf_spot/Gls21_change_270aug43.jpg,Tomato_Septoria_leaf_spot,Tomato_Septoria_leaf_spot,0.7978976964950562,1,1.0665254592895508,8.941034317016602,0.15839004516601562,10.168598175048828
dataset/test/Tomato_Septoria_leaf_spot/Gls21_hight_aug_56aug78.jpg,Tomato_Septoria_leaf_spot,Tomato_Septoria_leaf_spot,0.9999992847442627,1,1.124434471130371,8.782605171203613,0.15840816497802734,10.067523002624512
dataset/test/Tomato_Septoria_leaf_spot/Gls21_hight_aug_57aug79.jpg,Tomato_Septoria_leaf_spot,Tomato_Septoria_leaf_spot,0.9999885559082031,1,1.1283607482910156,7.993210792541504,0.1649627685546875,9.289164543151855
dataset/test/Tomato_Septoria_leaf_spot/Gls21_hightaug28.jpg,Tomato_Septoria_leaf_spot,Tomato_Septoria_leaf_spot,0.9999828338623047,1,1.118025779724121,8.066434860229492,0.1723165512084961,9.359518051147461
dataset/test/Tomato_Septoria_leaf_spot/Gls29_change_180_aug_40aug89.jpg,Tomato_Septoria_leaf_spot,Tomato_Septoria_leaf_spot,0.999951958656311,1,1.2419366836547852,8.081082344055176,0.16818523406982422,9.49444580078125
dataset/test/Tomato_Septoria_leaf_spot/Gls29_change_180_aug_41aug91.jpg,Tomato_Septoria_leaf_spot,Tomato_Septoria_leaf_spot,0.9999247789382935,1,1.0981388092041016,8.244750022888184,0.1665945053100586,9.511927604675293
dataset/test/Tomato_Septoria_leaf_spot/Gls29_change_180aug20.jpg,Tomato_Septoria_leaf_spot,Tomato_Septoria_leaf_spot,0.9997501969337463,1,1.087453842163086,8.281510353088379,0.19935321807861328,9.570834159851074
dataset/test/Tomato_Septoria_leaf_spot/Gls36_hight_aug_20aug116.jpg,Tomato_Septoria_leaf_spot,Tomato_Septoria_leaf_spot,0.9938498139381409,1,1.1646013259887695,8.943775177001953,0.1661853790283203,10.2772855758667
dataset/test/Tomato_Septoria_leaf_spot/Gls36_hight_aug_21aug118.jpg,Tomato_Septoria_leaf_spot,Tomato_Septoria_leaf_spot,0.9941673278808594,1,1.071878433227539,8.193305015563965,0.166778564453125,9.434760093688965
dataset/test/Tomato_Septoria_leaf_spot/Gls36_hightaug10.jpg,Tomato_Septoria_leaf_spot,Tomato_Septoria_leaf_spot,0.9974632263183594,1,1.1268434524536133,8.186897277832031,0.16527938842773438,9.481890678405762
dataset/test/Tomato_Septoria_leaf_spot/Gls41_change_270_aug_50aug90.jpg,Tomato_Septoria_leaf_spot,Tomato_Healthy_leaf,0.9835286140441895,0,1.1478605270385742,8.191378593444824,0.16505718231201172,9.507222175598145
dataset/test/Tomato_Septoria_leaf_spot/Gls41_change_270_aug_51aug77.jpg,Tomato_Septoria_leaf_spot,Tomato_Healthy_leaf,0.7448732256889343,0,1.1800270080566406,8.257323265075684,0.16474246978759766,9.604835510253906
dataset/test/Tomato_Septoria_leaf_spot/Gls41_change_270aug25.jpg,Tomato_Septoria_leaf_spot,Tomato_Septoria_leaf_spot,0.8999814987182617,1,1.1057310104370117,8.135842323303223,0.16613006591796875,9.411149024963379
dataset/test/Tomato_Septoria_leaf_spot/Gls43_change_90_aug_60aug75.jpg,Tomato_Septoria_leaf_spot,Tomato_Septoria_leaf_spot,0.9999969005584717,1,1.0822868347167969,7.762247085571289,0.1595754623413086,9.006830215454102
dataset/test/Tomato_Septoria_leaf_spot/Gls43_change_90_aug_61aug73.jpg,Tomato_Septoria_leaf_spot,Tomato_Septoria_leaf_spot,0.9999905824661255,1,1.0119705200195312,7.5461883544921875,0.16074275970458984,8.721512794494629
dataset/test/Tomato_Septoria_leaf_spot/Gls43_change_90aug30.jpg,Tomato_Septoria_leaf_spot,Tomato_Septoria_leaf_spot,0.9999994039535522,1,1.0671930313110352,7.709634780883789,0.15896320343017578,8.93901538848877
dataset/test/Tomato_Septoria_leaf_spot/Gls46_change_90_aug_6aug53.jpg,Tomato_Septoria_leaf_spot,Tomato_Septoria_leaf_spot,0.9996753931045532,1,1.0688982009887695,8.081581115722656,0.15989017486572266,9.313183784484863
dataset/test/Tomato_Septoria_leaf_spot/Gls46_change_90_aug_7aug56.jpg,Tomato_Septoria_leaf_spot,Tomato_Septoria_leaf_spot,0.9964249730110168,1,1.0700273513793945,7.673912048339844,0.1628732681274414,8.909311294555664
dataset/test/Tomato_Septoria_leaf_spot/Gls46_change_90aug3.jpg,Tomato_Septoria_leaf_spot,Tomato_Septoria_leaf_spot,0.9986037611961365,1,1.0728416442871094,7.702004432678223,0.15901947021484375,8.9366455078125
dataset/test/Tomato_Septoria_leaf_spot/Gls47aug44.jpg,Tomato_Septoria_leaf_spot,Tomato_Septoria_leaf_spot,0.9999995231628418,1,1.0926198959350586,7.7225799560546875,0.15911197662353516,8.976775169372559
dataset/test/Tomato_Septoria_leaf_spot/Gls76_aug_34aug97.jpg,Tomato_Septoria_leaf_spot,Tomato_mold_leaf,0.6115174293518066,0,1.0379524230957031,7.511336326599121,0.17089176177978516,8.72329044342041
dataset/test/Tomato_Septoria_leaf_spot/Gls76_aug_35aug103.jpg,Tomato_Septoria_leaf_spot,Tomato_Early_blight_leaf,0.4205158054828644,0,1.1413230895996094,7.5928192138671875,0.15859413146972656,8.895328521728516
dataset/test/Tomato_Septoria_leaf_spot/Gls76_change_180_aug_30aug96.jpg,Tomato_Septoria_leaf_spot,Tomato_mold_leaf,0.7510527968406677,0,1.045766830444336,7.652614593505859,0.16092872619628906,8.861976623535156
dataset/test/Tomato_Septoria_leaf_spot/Gls76_change_180_aug_31aug100.jpg,Tomato_Septoria_leaf_spot,Tomato_mold_leaf,0.7602328062057495,0,1.0916204452514648,7.627337455749512,0.16133499145507812,8.918922424316406
dataset/test/Tomato_Septoria_leaf_spot/Gls76_change_180aug15.jpg,Tomato_Septoria_leaf_spot,Tomato_mold_leaf,0.8760542869567871,0,1.0456562042236328,7.864821434020996,0.16368579864501953,9.076720237731934
dataset/test/Tomato_Septoria_leaf_spot/Gls76aug17.jpg,Tomato_Septoria_leaf_spot,Tomato_Early_blight_leaf,0.43723809719085693,0,1.0878238677978516,8.031692504882812,0.16514873504638672,9.28738784790039
dataset/test/Tomato_Septoria_leaf_spot/Gls7_change_270_aug_64aug68.jpg,Tomato_Septoria_leaf_spot,Tomato_Septoria_leaf_spot,0.9996556043624878,1,1.0861940383911133,7.977025985717773,0.16335296630859375,9.229331970214844
dataset/test/Tomato_Septoria_leaf_spot/Gls7_change_270_aug_65aug71.jpg,Tomato_Septoria_leaf_spot,Tomato_Septoria_leaf_spot,0.9995655417442322,1,1.1329536437988281,8.264510154724121,0.16298294067382812,9.563131332397461
dataset/test/Tomato_Septoria_leaf_spot/Gls7_change_270aug32.jpg,Tomato_Septoria_leaf_spot,Tomato_Septoria_leaf_spot,0.998779833316803,1,1.0797491073608398,8.107361793518066,0.1634654998779297,9.353314399719238
dataset/test/Tomato_Septoria_leaf_spot/Gls7_lower_aug_0aug57.jpg,Tomato_Septoria_leaf_spot,Tomato_Septoria_leaf_spot,0.9633772373199463,1,1.1063785552978516,8.082528114318848,0.18842697143554688,9.379889488220215
dataset/test/Tomato_Septoria_leaf_spot/Gls7_lower_aug_1aug52.jpg,Tomato_Septoria_leaf_spot,Tomato_Septoria_leaf_spot,0.996487021446228,1,1.0649909973144531,7.836969375610352,0.16292762756347656,9.06770133972168
dataset/test/Tomato_Septoria_leaf_spot/Gls7_loweraug0.jpg,Tomato_Septoria_leaf_spot,Tomato_Septoria_leaf_spot,0.9846444129943848,1,1.0931005477905273,7.905599594116211,0.16479873657226562,9.165850639343262
dataset/test/Tomato_Septoria_leaf_spot/Gls81_lower_aug_2aug51.jpg,Tomato_Septoria_leaf_spot,Tomato_Septoria_leaf_spot,0.9984186887741089,1,1.0304346084594727,7.981470108032227,0.16450214385986328,9.17929458618164
dataset/test/Tomato_Septoria_leaf_spot/Gls81_lower_aug_3aug54.jpg,Tomato_Septoria_leaf_spot,Tomato_Septoria_leaf_spot,0.9999613761901855,1,1.0835275650024414,8.056211471557617,0.16109371185302734,9.3038330078125
dataset/test/Tomato_Septoria_leaf_spot/Gls81_loweraug1.jpg,Tomato_Septoria_leaf_spot,Tomato_Septoria_leaf_spot,0.9991685152053833,1,1.0426931381225586,8.020119667053223,0.16268539428710938,9.22822093963623
dataset/test/Tomato_Septoria_leaf_spot/IMG-20240812-WA0213_aug_70aug59.jpg,Tomato_Septoria_leaf_spot,Tomato_Early_blight_leaf,0.9985106587409973,0,1.1358976364135742,8.063360214233398,0.16309452056884766,9.364907264709473
dataset/test/Tomato_Septoria_leaf_spot/IMG-20240812-WA0213_aug_71aug60.jpg,Tomato_Septoria_leaf_spot,Tomato_Early_blight_leaf,0.99481201171875,0,1.164602279663086,8.021228790283203,0.16353702545166016,9.351999282836914
dataset/test/Tomato_Septoria_leaf_spot/IMG-20240812-WA0213aug35.jpg,Tomato_Septoria_leaf_spot,Tomato_Early_blight_leaf,0.9997965693473816,0,1.1303043365478516,8.041434288024902,0.1636495590209961,9.338091850280762
dataset/test/Tomato_Septoria_leaf_spot/Original_e-blight.JPG.rend.hgtvcom.966.725.jpeg_aug_52aug74.jpg,Tomato_Septoria_leaf_spot,Tomato_Septoria_leaf_spot,0.9996603727340698,1,1.0956945419311523,7.870247840881348,0.16402053833007812,9.132515907287598
dataset/test/Tomato_Septoria_leaf_spot/Original_e-blight.JPG.rend.hgtvcom.966.725.jpeg_aug_53aug76.jpg,Tomato_Septoria_leaf_spot,Tomato_Septoria_leaf_spot,0.9993895292282104,1,1.1865100860595703,7.952581405639648,0.16250133514404297,9.304258346557617
dataset/test/Tomato_Septoria_leaf_spot/Original_e-blight.JPG.rend.hgtvcom.966.725.jpegaug26.jpg,Tomato_Septoria_leaf_spot,Tomato_Septoria_leaf_spot,0.9985606074333191,1,1.0948610305786133,8.050582885742188,0.21135330200195312,9.359926223754883
dataset/test/Tomato_Septoria_leaf_spot/SS_ (990)_aug_24aug107.jpg,Tomato_Septoria_leaf_spot,Tomato_Septoria_leaf_spot,0.9999983310699463,1,1.0925817489624023,8.031582832336426,0.1635751724243164,9.290406227111816
dataset/test/Tomato_Septoria_leaf_spot/SS_ (990)_aug_25aug113.jpg,Tomato_Septoria_leaf_spot,Tomato_Septoria_leaf_spot,0.9999990463256836,1,1.1506757736206055,8.040413856506348,0.1647787094116211,9.358591079711914
dataset/test/Tomato_Septoria_leaf_spot/SS_ (990)aug12.jpg,Tomato_Septoria_leaf_spot,Tomato_Septoria_leaf_spot,0.9999992847442627,1,1.0886564254760742,8.16806411743164,0.16159534454345703,9.421223640441895
dataset/test/Tomato_Septoria_leaf_spot/Septoria_tomato_Margaret-20B_p8170755_0002_25004_jpg.rf.3fbb14d553c623c77f342b3a54baddab_aug_66aug70.jpg,Tomato_Septoria_leaf_spot,Tomato_Septoria_leaf_spot,0.6475570797920227,1,1.1482877731323242,8.113582611083984,0.16255760192871094,9.427630424499512
dataset/test/Tomato_Septoria_leaf_spot/Septoria_tomato_Margaret-20B_p8170755_0002_25004_jpg.rf.3fbb14d553c623c77f342b3a54baddab_aug_67aug63.jpg,Tomato_Septoria_leaf_spot,Tomato_Septoria_leaf_spot,0.9963809847831726,1,1.177175521850586,8.015952110290527,0.1628713607788086,9.358610153198242
dataset/test/Tomato_Septoria_leaf_spot/Septoria_tomato_Margaret-20B_p8170755_0002_25004_jpg.rf.3fbb14d553c623c77f342b3a54baddabaug33.jpg,Tomato_Septoria_leaf_spot,Tomato_Septoria_leaf_spot,0.9957444071769714,1,1.1183414459228516,8.196343421936035,0.16602039337158203,9.483555793762207
dataset/test/Tomato_Septoria_leaf_spot/Tomato-Plant-with-Septoria-Leaf-Spot_aug_68aug65.jpg,Tomato_Septoria_leaf_spot,Tomato_Septoria_leaf_spot,0.7949931621551514,1,1.1380090713500977,8.168545722961426,0.1629810333251953,9.472649574279785
dataset/test/Tomato_Septoria_leaf_spot/Tomato-Plant-with-Septoria-Leaf-Spot_aug_69aug64.jpg,Tomato_Septoria_leaf_spot,Tomato_mold_leaf,0.5725737810134888,0,1.2131023406982422,8.09082317352295,0.1607980728149414,9.467574119567871
dataset/test/Tomato_Septoria_leaf_spot/Tomato-Plant-with-Septoria-Leaf-Spotaug34.jpg,Tomato_Septoria_leaf_spot,Tomato_Septoria_leaf_spot,0.9077925682067871,1,1.128194808959961,8.072267532348633,0.18031787872314453,9.383666038513184
dataset/test/Tomato_Septoria_leaf_spot/b54d0e40027ff5e90e8ba7e1e9abf9bdaug39.jpg,Tomato_Septoria_leaf_spot,Tomato_Septoria_leaf_spot,0.9998575448989868,1,1.166879653930664,8.112859725952148,0.1651134490966797,9.447407722473145
dataset/test/Tomato_Septoria_leaf_spot/classic-septoria_aug_10aug48.jpg,Tomato_Septoria_leaf_spot,Tomato_Septoria_leaf_spot,0.9470881819725037,1,1.2336950302124023,8.068951606750488,0.16596412658691406,9.47181510925293
dataset/test/Tomato_Septoria_leaf_spot/classic-septoria_aug_11aug49.jpg,Tomato_Septoria_leaf_spot,Tomato_Septoria_leaf_spot,0.986880898475647,1,1.1351203918457031,8.11928653717041,0.16855716705322266,9.426000595092773
dataset/test/Tomato_Septoria_leaf_spot/classic-septoriaaug5.jpg,Tomato_Septoria_leaf_spot,Tomato_Septoria_leaf_spot,0.9475806951522827,1,1.233083724975586,8.235269546508789,0.16744613647460938,9.638723373413086
dataset/test/Tomato_Septoria_leaf_spot/early+blight+on+leaf+yel+halo+IMG_2313.JPG_aug_62aug69.jpg,Tomato_Septoria_leaf_spot,Tomato_Septoria_leaf_spot,0.9999663829803467,1,1.0775079727172852,8.163434982299805,0.16518592834472656,9.408926010131836
dataset/test/Tomato_Septoria_leaf_spot/early+blight+on+leaf+yel+halo+IMG_2313.JPG_aug_63aug72.jpg,Tomato_Septoria_leaf_spot,Tomato_Septoria_leaf_spot,0.9999980926513672,1,1.149601936340332,8.13304615020752,0.19137191772460938,9.477777481079102
dataset/test/Tomato_Septoria_leaf_spot/early+blight+on+leaf+yel+halo+IMG_2313.JPGaug31.jpg,Tomato_Septoria_leaf_spot,Tomato_Septoria_leaf_spot,0.9999908208847046,1,1.1642866134643555,8.223508834838867,0.16483497619628906,9.555259704589844
dataset/test/Tomato_Septoria_leaf_spot/early-blight-of-tomato-tomato-1aug38.jpg,Tomato_Septoria_leaf_spot,Tomato_Septoria_leaf_spot,0.9722493290901184,1,1.1557855606079102,8.185824394226074,0.16483402252197266,9.509427070617676
dataset/test/Tomato_Septoria_leaf_spot/eblight5_aug_18aug110.jpg,Tomato_Septoria_leaf_spot,Tomato_Septoria_leaf_spot,0.9999191761016846,1,1.0688610076904297,7.984932899475098,0.16563129425048828,9.222368240356445
dataset/test/Tomato_Septoria_leaf_spot/eblight5_aug_19aug117.jpg,Tomato_Septoria_leaf_spot,Tomato_Septoria_leaf_spot,0.9995669722557068,1,1.2088613510131836,8.144861221313477,0.1666116714477539,9.523222923278809
dataset/test/Tomato_Septoria_leaf_spot/eblight5aug9.jpg,Tomato_Septoria_leaf_spot,Tomato_Septoria_leaf_spot,0.9891863465309143,1,1.15460205078125,8.01585865020752,0.16640853881835938,9.339722633361816
dataset/test/Tomato_Septoria_leaf_spot/images (1)_aug_54aug93.jpg,Tomato_Septoria_leaf_spot,Tomato_Septoria_leaf_spot,0.9998843669891357,1,1.0976390838623047,8.186490058898926,0.16566753387451172,9.452573776245117
dataset/test/Tomato_Septoria_leaf_spot/images (1)_aug_55aug87.jpg,Tomato_Septoria_leaf_spot,Tomato_Septoria_leaf_spot,0.9998365640640259,1,1.0774335861206055,8.111396789550781,0.1694469451904297,9.360962867736816
dataset/test/Tomato_Septoria_leaf_spot/images (1)aug27.jpg,Tomato_Septoria_leaf_spot,Tomato_Septoria_leaf_spot,0.9998458623886108,1,1.0847864151000977,8.21928596496582,0.16563129425048828,9.472129821777344
dataset/test/Tomato_Septoria_leaf_spot/tomato-blight-treatment-blight_jpg.rf.78cbf6055199828cb682fd0a6435a157_aug_74aug58.jpg,Tomato_Septoria_leaf_spot,Tomato_Septoria_leaf_spot,0.9999430179595947,1,1.131082534790039,8.15678596496582,0.16527938842773438,9.455816268920898
dataset/test/Tomato_Septoria_leaf_spot/tomato-blight-treatment-blight_jpg.rf.78cbf6055199828cb682fd0a6435a157aug37.jpg,Tomato_Septoria_leaf_spot,Tomato_Septoria_leaf_spot,0.9999982118606567,1,1.090341567993164,8.167805671691895,0.1661510467529297,9.427295684814453
dataset/test/Tomato_Septoria_leaf_spot/tomato-early-blight-e1437503226856_aug_4aug50.jpg,Tomato_Septoria_leaf_spot,Tomato_Septoria_leaf_spot,0.9998581409454346,1,1.1219720840454102,8.358898162841797,0.16437149047851562,9.647852897644043
dataset/test/Tomato_Septoria_leaf_spot/tomato-early-blight-e1437503226856_aug_5aug55.jpg,Tomato_Septoria_leaf_spot,Tomato_Septoria_leaf_spot,0.9983300566673279,1,1.1735095977783203,8.107417106628418,0.16246414184570312,9.445906639099121
dataset/test/Tomato_Septoria_leaf_spot/tomato-early-blight-e1437503226856aug2.jpg,Tomato_Septoria_leaf_spot,Tomato_Septoria_leaf_spot,0.9999692440032959,1,1.1063976287841797,8.306453704833984,0.16233444213867188,9.577630996704102
dataset/test/Tomato_Septoria_leaf_spot/tomato-early-blightH_jpg.rf.2633fbae0a933eb2711cb8466f34aca1_aug_12aug119.jpg,Tomato_Septoria_leaf_spot,Tomato_Septoria_leaf_spot,0.9261765480041504,1,1.1734352111816406,7.969265937805176,0.19568729400634766,9.340814590454102
dataset/test/Tomato_Septoria_leaf_spot/tomato-early-blightH_jpg.rf.2633fbae0a933eb2711cb8466f34aca1_aug_13aug114.jpg,Tomato_Septoria_leaf_spot,Tomato_Septoria_leaf_spot,0.9984084963798523,1,1.105137825012207,8.067489624023438,0.15752029418945312,9.333165168762207
dataset/test/Tomato_Septoria_leaf_spot/tomato-early-blightH_jpg.rf.2633fbae0a933eb2711cb8466f34aca1aug6.jpg,Tomato_Septoria_leaf_spot,Tomato_Septoria_leaf_spot,0.9985387325286865,1,1.1216020584106445,7.866395950317383,0.16290950775146484,9.154016494750977
dataset/test/Tomato_Septoria_leaf_spot/tomato-septoria-3-500x384_aug_32aug104.jpg,Tomato_Septoria_leaf_spot,Tomato_Septoria_leaf_spot,0.942886233329773,1,1.1031198501586914,7.835395812988281,0.16405773162841797,9.105072975158691
dataset/test/Tomato_Septoria_leaf_spot/tomato-septoria-3-500x384_aug_33aug106.jpg,Tomato_Septoria_leaf_spot,Tomato_Septoria_leaf_spot,0.8289254903793335,1,1.1952877044677734,7.924431800842285,0.16324234008789062,9.286443710327148
dataset/test/Tomato_Septoria_leaf_spot/tomato-septoria-3-500x384_jpg.rf.40a23512bd3b6d8df2115d7f591913fb_aug_16aug112.jpg,Tomato_Septoria_leaf_spot,Tomato_Septoria_leaf_spot,0.9961129426956177,1,1.0783042907714844,8.001025199890137,0.16420459747314453,9.246220588684082
dataset/test/Tomato_Septoria_leaf_spot/tomato-septoria-3-500x384_jpg.rf.40a23512bd3b6d8df2115d7f591913fb_aug_17aug111.jpg,Tomato_Septoria_leaf_spot,Tomato_Septoria_leaf_spot,0.9879080653190613,1,1.1047677993774414,8.055248260498047,0.16220474243164062,9.324925422668457
dataset/test/Tomato_Septoria_leaf_spot/tomato-septoria-3-500x384_jpg.rf.40a23512bd3b6d8df2115d7f591913fbaug8.jpg,Tomato_Septoria_leaf_spot,Tomato_Septoria_leaf_spot,0.9922947883605957,1,1.1320085525512695,8.0690279006958,0.16152095794677734,9.365202903747559
dataset/test/Tomato_Septoria_leaf_spot/tomato-septoria-3-500x384aug16.jpg,Tomato_Septoria_leaf_spot,Tomato_Septoria_leaf_spot,0.9923655390739441,1,1.110304832458496,8.03752613067627,0.16327857971191406,9.314018249511719
dataset/test/Tomato_Septoria_leaf_spot/tomato-septoria-5_jpg.rf.fab97ae4bb3726e33dcbde7262ec6a65aug40.jpg,Tomato_Septoria_leaf_spot,Tomato_Septoria_leaf_spot,0.9996222257614136,1,1.0969343185424805,10.38443374633789,0.203704833984375,11.688202857971191
dataset/test/Tomato_Septoria_leaf_spot/tomato-septoria-leaf-spot--_aug_22aug109.jpg,Tomato_Septoria_leaf_spot,Tomato_Early_blight_leaf,0.7659995555877686,0,1.562662124633789,11.125531196594238,0.2120208740234375,12.90406608581543
dataset/test/Tomato_Septoria_leaf_spot/tomato-septoria-leaf-spot--_aug_23aug108.jpg,Tomato_Septoria_leaf_spot,Tomato_Early_blight_leaf,0.8711491823196411,0,1.5760869979858398,11.328237533569336,0.23294639587402344,13.140695571899414
dataset/test/Tomato_Septoria_leaf_spot/tomato-septoria-leaf-spot--_jpg.rf.06783859d6d3e49976374e4146674e0b_aug_48aug94.jpg,Tomato_Septoria_leaf_spot,Tomato_Septoria_leaf_spot,0.5209295749664307,1,1.5302534103393555,10.9867525100708,0.1961498260498047,12.71628475189209
dataset/test/Tomato_Septoria_leaf_spot/tomato-septoria-leaf-spot--_jpg.rf.06783859d6d3e49976374e4146674e0b_aug_49aug88.jpg,Tomato_Septoria_leaf_spot,Tomato_Septoria_leaf_spot,0.8580842614173889,1,1.5539751052856445,10.997105598449707,0.2036123275756836,12.758118629455566
dataset/test/Tomato_Septoria_leaf_spot/tomato-septoria-leaf-spot--_jpg.rf.06783859d6d3e49976374e4146674e0baug24.jpg,Tomato_Septoria_leaf_spot,Tomato_Septoria_leaf_spot,0.5916675329208374,1,1.617197036743164,10.880011558532715,0.20557403564453125,12.705933570861816
dataset/test/Tomato_Septoria_leaf_spot/tomato-septoria-leaf-spot--_jpg.rf.5e63d9a20f5557b9bb3617e79b48ef85_aug_26aug95.jpg,Tomato_Septoria_leaf_spot,Tomato_Septoria_leaf_spot,0.3845728635787964,1,1.578974723815918,10.968400955200195,0.21083354949951172,12.762434005737305
dataset/test/Tomato_Septoria_leaf_spot/tomato-septoria-leaf-spot--_jpg.rf.5e63d9a20f5557b9bb3617e79b48ef85_aug_27aug101.jpg,Tomato_Septoria_leaf_spot,Tomato_Septoria_leaf_spot,0.9567825198173523,1,1.5940303802490234,11.952372550964355,0.19863224029541016,13.748183250427246
dataset/test/Tomato_Septoria_leaf_spot/tomato-septoria-leaf-spot--_jpg.rf.5e63d9a20f5557b9bb3617e79b48ef85aug13.jpg,Tomato_Septoria_leaf_spot,Tomato_Septoria_leaf_spot,0.7005536556243896,1,1.5253076553344727,7.909784317016602,0.15303802490234375,9.591002464294434
dataset/test/Tomato_Septoria_leaf_spot/tomato-septoria-leaf-spot--aug11.jpg,Tomato_Septoria_leaf_spot,Tomato_Early_blight_leaf,0.765426516532898,0,1.1568794250488281,8.538290023803711,0.15179824829101562,9.849132537841797
dataset/test/Tomato_Septoria_leaf_spot/tomato-septoria-leaf-spot-_aug_28aug105.jpg,Tomato_Septoria_leaf_spot,Tomato_Septoria_leaf_spot,0.5403777360916138,1,1.0612678527832031,7.567447662353516,0.16394615173339844,8.796605110168457
dataset/test/Tomato_Septoria_leaf_spot/tomato-septoria-leaf-spot-_aug_29aug102.jpg,Tomato_Septoria_leaf_spot,Tomato_Septoria_leaf_spot,0.4441560208797455,1,1.1738433837890625,19.927287101745605,0.1674823760986328,21.27114963531494
dataset/test/Tomato_Septoria_leaf_spot/tomato-septoria-leaf-spot-aug14.jpg,Tomato_Septoria_leaf_spot,Tomato_Septoria_leaf_spot,0.998412013053894,1,1.1010456085205078,12.180670738220215,0.16135215759277344,13.445605278015137
dataset/test/Tomato_Septoria_leaf_spot/tomato_D2b-Early-blight---RPitblado_zoom_jpg.rf.93df1c3cb830b3940e4a23a5c4a05598_aug_8aug45.jpg,Tomato_Septoria_leaf_spot,Tomato_Septoria_leaf_spot,0.9998923540115356,1,2.8612442016601562,8.520123481750488,0.16196441650390625,11.545849800109863
dataset/test/Tomato_Septoria_leaf_spot/tomato_D2b-Early-blight---RPitblado_zoom_jpg.rf.93df1c3cb830b3940e4a23a5c4a05598_aug_9aug47.jpg,Tomato_Septoria_leaf_spot,Tomato_Septoria_leaf_spot,0.9874573349952698,1,1.159916877746582,7.722078323364258,0.15970325469970703,9.044200897216797
dataset/test/Tomato_Septoria_leaf_spot/tomato_D2b-Early-blight---RPitblado_zoom_jpg.rf.93df1c3cb830b3940e4a23a5c4a05598aug4.jpg,Tomato_Septoria_leaf_spot,Tomato_Septoria_leaf_spot,0.9989880919456482,1,1.1165275573730469,7.624207496643066,0.15772342681884766,8.90132999420166
dataset/test/Tomato_Septoria_leaf_spot/tomatoseptorialeafspotjpg-788d20798a3c74e7_aug_36aug98.jpg,Tomato_Septoria_leaf_spot,Tomato_Septoria_leaf_spot,0.989164412021637,1,1.068434715270996,7.716134071350098,0.1495199203491211,8.936422348022461
dataset/test/Tomato_Septoria_leaf_spot/tomatoseptorialeafspotjpg-788d20798a3c74e7_aug_37aug99.jpg,Tomato_Septoria_leaf_spot,Tomato_Septoria_leaf_spot,0.9486367702484131,1,1.0956754684448242,7.829005241394043,0.16439056396484375,9.092090606689453
dataset/test/Tomato_Septoria_leaf_spot/tomatoseptorialeafspotjpg-788d20798a3c74e7aug18.jpg,Tomato_Septoria_leaf_spot,Tomato_Septoria_leaf_spot,0.9974379539489746,1,1.1452865600585938,8.082489967346191,0.16420555114746094,9.394556045532227
dataset/test/Tomato_leaf_late_blight/Gls74_change_90_aug_66aug46.jpg,Tomato_leaf_late_blight,Tomato_leaf_late_blight,0.5152943730354309,1,1.069748878479004,8.096007347106934,0.16268539428710938,9.33120346069336
dataset/test/Tomato_leaf_late_blight/Gls74_change_90_aug_67aug49.jpg,Tomato_leaf_late_blight,Tomato_Septoria_leaf_spot,0.6861133575439453,0,1.0640087127685547,7.941377639770508,0.16335296630859375,9.171220779418945
dataset/test/Tomato_leaf_late_blight/Gls74_change_90_aug_68aug41.jpg,Tomato_leaf_late_blight,Tomato_Early_blight_leaf,0.620970606803894,0,1.1123971939086914,8.090174674987793,0.16242694854736328,9.36779499053955
dataset/test/Tomato_leaf_late_blight/Gls74_change_90aug22.jpg,Tomato_leaf_late_blight,Tomato_leaf_late_blight,0.39090168476104736,1,1.0643787384033203,7.987970352172852,0.15953826904296875,9.214720726013184
dataset/test/Tomato_leaf_late_blight/Gls78_change_270_aug_24aug95.jpg,Tomato_leaf_late_blight,Tomato_leaf_late_blight,0.9981775283813477,1,1.0612869262695312,8.000988006591797,0.15105724334716797,9.216072082519531
dataset/test/Tomato_leaf_late_blight/Gls78_change_270_aug_25aug80.jpg,Tomato_leaf_late_blight,Tomato_leaf_late_blight,0.9894859790802002,1,1.0525445938110352,7.835912704467773,0.16620540618896484,9.088479042053223
dataset/test/Tomato_leaf_late_blight/Gls78_change_270_aug_26aug81.jpg,Tomato_leaf_late_blight,Tomato_leaf_late_blight,0.9964753985404968,1,1.1175813674926758,8.119990348815918,0.16264915466308594,9.402795791625977
dataset/test/Tomato_leaf_late_blight/Gls78_change_270aug8.jpg,Tomato_leaf_late_blight,Tomato_leaf_late_blight,0.9997010827064514,1,1.0460996627807617,8.001117706298828,0.16740894317626953,9.21751594543457
dataset/test/Tomato_leaf_late_blight/Gls79_change_270_aug_51aug69.jpg,Tomato_leaf_late_blight,Tomato_leaf_late_blight,0.9999865293502808,1,1.058156967163086,8.066007614135742,0.23846435546875,9.36529541015625
dataset/test/Tomato_leaf_late_blight/Gls79_change_270_aug_52aug74.jpg,Tomato_leaf_late_blight,Tomato_leaf_late_blight,0.9999740123748779,1,1.0433969497680664,8.190674781799316,0.16455554962158203,9.401333808898926
dataset/test/Tomato_leaf_late_blight/Gls79_change_270_aug_53aug68.jpg,Tomato_leaf_late_blight,Tomato_leaf_late_blight,0.9999926090240479,1,1.0444707870483398,8.104673385620117,0.16326141357421875,9.314925193786621
dataset/test/Tomato_leaf_late_blight/Gls79_change_270aug17.jpg,Tomato_leaf_late_blight,Tomato_leaf_late_blight,0.9998749494552612,1,1.0495471954345703,8.133416175842285,0.16211318969726562,9.347702026367188
dataset/test/Tomato_leaf_late_blight/Gls79_change_90_aug_27aug85.jpg,Tomato_leaf_late_blight,Tomato_leaf_late_blight,0.9933350086212158,1,1.0516929626464844,8.851126670837402,0.16766738891601562,10.073282241821289
dataset/test/Tomato_leaf_late_blight/Gls79_change_90_aug_28aug97.jpg,Tomato_leaf_late_blight,Tomato_leaf_late_blight,0.9998999834060669,1,1.0348224639892578,7.8502655029296875,0.16350173950195312,9.05133056640625
dataset/test/Tomato_leaf_late_blight/Gls79_change_90_aug_29aug89.jpg,Tomato_leaf_late_blight,Tomato_leaf_late_blight,0.9960355162620544,1,1.088822364807129,8.081064224243164,0.16346454620361328,9.335776329040527
dataset/test/Tomato_leaf_late_blight/Gls79_change_90aug9.jpg,Tomato_leaf_late_blight,Tomato_leaf_late_blight,0.9997979998588562,1,1.035822868347168,8.021933555603027,0.16220474243164062,9.222424507141113
dataset/test/Tomato_leaf_late_blight/Gls79_mirror_aug_15aug104.jpg,Tomato_leaf_late_blight,Tomato_leaf_late_blight,0.9999955892562866,1,1.0366573333740234,7.854894638061523,0.16372394561767578,9.057923316955566
dataset/test/Tomato_leaf_late_blight/Gls79_mirror_aug_16aug113.jpg,Tomato_leaf_late_blight,Tomato_leaf_late_blight,0.9999929666519165,1,1.0949535369873047,7.956506729125977,0.16405773162841797,9.21798038482666
dataset/test/Tomato_leaf_late_blight/Gls79_mirror_aug_17aug109.jpg,Tomato_leaf_late_blight,Tomato_leaf_late_blight,0.9999991655349731,1,1.054804801940918,8.060322761535645,0.18422412872314453,9.302331924438477
dataset/test/Tomato_leaf_late_blight/Gls79_mirroraug5.jpg,Tomato_leaf_late_blight,Tomato_leaf_late_blight,0.9999986886978149,1,1.0777130126953125,8.0696382522583,0.16831588745117188,9.318999290466309
dataset/test/Tomato_leaf_late_blight/IMG_20251102_155822aug32.jpg,Tomato_leaf_late_blight,Tomato_Early_blight_leaf,0.9922020435333252,0,1.4011774063110352,10.97551155090332,0.20675945281982422,12.58719253540039
dataset/test/Tomato_leaf_late_blight/IMG_20251102_160928aug33.jpg,Tomato_leaf_late_blight,Tomato_Early_blight_leaf,0.9776817560195923,0,1.4760112762451172,11.394978523254395,0.20372390747070312,13.07812213897705
dataset/test/Tomato_leaf_late_blight/IMG_20251102_161202_aug_57aug50.jpg,Tomato_leaf_late_blight,Tomato_Early_blight_leaf,0.9995734095573425,0,1.545344352722168,10.909252166748047,0.21118640899658203,12.669487953186035
dataset/test/Tomato_leaf_late_blight/IMG_20251102_161202_aug_58aug52.jpg,Tomato_leaf_late_blight,Tomato_Early_blight_leaf,0.996236264705658,0,1.5274925231933594,10.971029281616211,0.20565032958984375,12.707450866699219
dataset/test/Tomato_leaf_late_blight/IMG_20251102_161202_aug_59aug39.jpg,Tomato_leaf_late_blight,Tomato_Early_blight_leaf,0.9994470477104187,0,1.5586233139038086,11.043939590454102,0.2055196762084961,12.811525344848633
dataset/test/Tomato_leaf_late_blight/IMG_20251102_161202aug19.jpg,Tomato_leaf_late_blight,Tomato_Early_blight_leaf,0.9997245669364929,0,1.5887165069580078,10.748326301574707,0.20627880096435547,12.546782493591309
dataset/test/Tomato_leaf_late_blight/IMG_5808_jpg.rf.9de5af872dd2e7a58b115c4826fb18d4_aug_63aug53.jpg,Tomato_leaf_late_blight,Tomato_leaf_late_blight,0.7853780388832092,1,1.6235122680664062,11.058030128479004,0.2041492462158203,12.888693809509277
dataset/test/Tomato_leaf_late_blight/IMG_5808_jpg.rf.9de5af872dd2e7a58b115c4826fb18d4_aug_64aug43.jpg,Tomato_leaf_late_blight,Tomato_leaf_late_blight,0.9522366523742676,1,1.461456298828125,10.994309425354004,0.20350074768066406,12.662896156311035
dataset/test/Tomato_leaf_late_blight/IMG_5808_jpg.rf.9de5af872dd2e7a58b115c4826fb18d4_aug_65aug38.jpg,Tomato_leaf_late_blight,Tomato_leaf_late_blight,0.9950078725814819,1,1.285898208618164,7.807413101196289,0.15987205505371094,9.256091117858887
dataset/test/Tomato_leaf_late_blight/IMG_5808_jpg.rf.9de5af872dd2e7a58b115c4826fb18d4aug21.jpg,Tomato_leaf_late_blight,Tomato_leaf_late_blight,0.7804251313209534,1,1.0635080337524414,7.808117866516113,0.15963077545166016,9.034144401550293
dataset/test/Tomato_leaf_late_blight/LB_ (254)_aug_54aug73.jpg,Tomato_leaf_late_blight,Tomato_leaf_late_blight,0.942318856716156,1,1.0522680282592773,7.820097923278809,0.15696430206298828,9.031960487365723
dataset/test/Tomato_leaf_late_blight/LB_ (254)_aug_55aug71.jpg,Tomato_leaf_late_blight,Tomato_leaf_late_blight,0.966809093952179,1,0.9993791580200195,7.5852813720703125,0.1639089584350586,8.751753807067871
dataset/test/Tomato_leaf_late_blight/LB_ (254)_aug_56aug78.jpg,Tomato_leaf_late_blight,Tomato_leaf_late_blight,0.7443116307258606,1,1.1405277252197266,7.645764350891113,0.16624164581298828,8.955885887145996
dataset/test/Tomato_leaf_late_blight/LB_ (254)aug18.jpg,Tomato_leaf_late_blight,Tomato_leaf_late_blight,0.984686017036438,1,1.013655662536621,7.689949989318848,0.16242599487304688,8.868552207946777
dataset/test/Tomato_leaf_late_blight/LB_ (276)_aug_60aug45.jpg,Tomato_leaf_late_blight,Tomato_leaf_late_blight,0.9999983310699463,1,1.0338048934936523,7.772247314453125,0.16161155700683594,8.970439910888672
dataset/test/Tomato_leaf_late_blight/LB_ (276)_aug_61aug44.jpg,Tomato_leaf_late_blight,Tomato_leaf_late_blight,0.9997662901878357,1,1.0618782043457031,7.72620964050293,0.1611499786376953,8.95186710357666
dataset/test/Tomato_leaf_late_blight/LB_ (276)_aug_62aug40.jpg,Tomato_leaf_late_blight,Tomato_leaf_late_blight,0.9999876022338867,1,1.0297307968139648,7.8014326095581055,0.15996551513671875,8.993643760681152
dataset/test/Tomato_leaf_late_blight/LB_ (276)aug20.jpg,Tomato_leaf_late_blight,Tomato_leaf_late_blight,0.9999940395355225,1,1.0112667083740234,7.759763717651367,0.15998268127441406,8.933717727661133
dataset/test/Tomato_leaf_late_blight/Late-blight-foliar-leasion-on-tomato_jpg.rf.331af81e5b2aae24af0dc9b6d9933591_aug_72aug60.jpg,Tomato_leaf_late_blight,Tomato_leaf_late_blight,0.999991774559021,1,1.1184158325195312,7.78200626373291,0.15788936614990234,9.06071949005127
dataset/test/Tomato_leaf_late_blight/Late-blight-foliar-leasion-on-tomato_jpg.rf.331af81e5b2aae24af0dc9b6d9933591_aug_73aug51.jpg,Tomato_leaf_late_blight,Tomato_leaf_late_blight,0.9998421669006348,1,1.1312675476074219,7.6488189697265625,0.16115093231201172,8.944218635559082
dataset/test/Tomato_leaf_late_blight/Late-blight-foliar-leasion-on-tomato_jpg.rf.331af81e5b2aae24af0dc9b6d9933591_aug_74aug37.jpg,Tomato_leaf_late_blight,Tomato_leaf_late_blight,0.9951043128967285,1,1.2674560546875,7.750060081481934,0.1608724594116211,9.181164741516113
dataset/test/Tomato_leaf_late_blight/Late-blight-foliar-leasion-on-tomato_jpg.rf.331af81e5b2aae24af0dc9b6d9933591aug24.jpg,Tomato_leaf_late_blight,Tomato_leaf_late_blight,0.9995816349983215,1,1.2328252792358398,7.72939395904541,0.16248226165771484,9.127479553222656
dataset/test/Tomato_leaf_late_blight/Late-blight-on-a-tomato-leaf_jpg.rf.8a0bcac661db5b0d51beab8e2bf6cd6caug29.jpg,Tomato_leaf_late_blight,Tomato_leaf_late_blight,0.9999788999557495,1,1.1106576919555664,7.895914077758789,0.1672983169555664,9.177220344543457
dataset/test/Tomato_leaf_late_blight/Late-blight-on-a-tomato-leaf_jpg.rf.8defdb736385f3e1da6fba17b2786ac9_aug_84aug36.jpg,Tomato_leaf_late_blight,Tomato_leaf_late_blight,0.9999995231628418,1,1.0526561737060547,7.891172409057617,0.16277790069580078,9.109423637390137
dataset/test/Tomato_leaf_late_blight/Late-blight-on-a-tomato-leaf_jpg.rf.8defdb736385f3e1da6fba17b2786ac9aug28.jpg,Tomato_leaf_late_blight,Tomato_leaf_late_blight,0.9999998807907104,1,1.0791568756103516,7.936598777770996,0.1622610092163086,9.18094253540039
dataset/test/Tomato_leaf_late_blight/Late-blight-symptoms-on-tomato-leaves-1r3uhy2_jpg.rf.92fa5ba375a2c3ce572ef7e12695be90aug31.jpg,Tomato_leaf_late_blight,Tomato_leaf_late_blight,0.9999325275421143,1,1.0866756439208984,7.876932144165039,0.16185283660888672,9.12775707244873
dataset/test/Tomato_leaf_late_blight/Late-blight-tomato-leaf-VikramBisht-MBag_jpg.rf.ec494f1ab0c0417fed47095af181f852_aug_6aug117.jpg,Tomato_leaf_late_blight,Tomato_leaf_late_blight,0.9998698234558105,1,1.1446943283081055,8.07028579711914,0.15276050567626953,9.3698148727417
dataset/test/Tomato_leaf_late_blight/Late-blight-tomato-leaf-VikramBisht-MBag_jpg.rf.ec494f1ab0c0417fed47095af181f852_aug_7aug116.jpg,Tomato_leaf_late_blight,Tomato_leaf_late_blight,0.9998836517333984,1,1.050786018371582,7.746560096740723,0.16205596923828125,8.962125778198242
dataset/test/Tomato_leaf_late_blight/Late-blight-tomato-leaf-VikramBisht-MBag_jpg.rf.ec494f1ab0c0417fed47095af181f852_aug_8aug115.jpg,Tomato_leaf_late_blight,Tomato_leaf_late_blight,0.9999998807907104,1,1.199732780456543,7.740912437438965,0.16464996337890625,9.10812759399414
dataset/test/Tomato_leaf_late_blight/Late-blight-tomato-leaf-VikramBisht-MBag_jpg.rf.ec494f1ab0c0417fed47095af181f852aug2.jpg,Tomato_leaf_late_blight,Tomato_leaf_late_blight,0.9982020854949951,1,1.1263618469238281,7.823821067810059,0.16255664825439453,9.115385055541992
dataset/test/Tomato_leaf_late_blight/LateBlight-Tomato-JJ-2009-17nxg4q_aug_36aug79.jpg,Tomato_leaf_late_blight,Tomato_leaf_late_blight,0.9999871253967285,1,1.0282478332519531,8.169822692871094,0.1658153533935547,9.366722106933594
dataset/test/Tomato_leaf_late_blight/LateBlight-Tomato-JJ-2009-17nxg4q_aug_37aug87.jpg,Tomato_leaf_late_blight,Tomato_leaf_late_blight,0.9996261596679688,1,1.0482864379882812,8.189397811889648,0.16718578338623047,9.407501220703125
dataset/test/Tomato_leaf_late_blight/LateBlight-Tomato-JJ-2009-17nxg4q_aug_38aug67.jpg,Tomato_leaf_late_blight,Tomato_leaf_late_blight,0.9985308647155762,1,1.093583106994629,8.237824440002441,0.1658344268798828,9.499778747558594
dataset/test/Tomato_leaf_late_blight/LateBlight-Tomato-JJ-2009-17nxg4q_jpg.rf.93780f99f071013cf0764b40fc6db48c_aug_48aug77.jpg,Tomato_leaf_late_blight,Tomato_leaf_late_blight,0.9999964237213135,1,1.0486564636230469,8.132583618164062,0.16429805755615234,9.348610877990723
dataset/test/Tomato_leaf_late_blight/LateBlight-Tomato-JJ-2009-17nxg4q_jpg.rf.93780f99f071013cf0764b40fc6db48c_aug_49aug65.jpg,Tomato_leaf_late_blight,Tomato_leaf_late_blight,0.9999995231628418,1,1.0639896392822266,8.210323333740234,0.1664276123046875,9.443517684936523
dataset/test/Tomato_leaf_late_blight/LateBlight-Tomato-JJ-2009-17nxg4q_jpg.rf.93780f99f071013cf0764b40fc6db48c_aug_50aug75.jpg,Tomato_leaf_late_blight,Tomato_leaf_late_blight,0.999997615814209,1,1.0903034210205078,8.115175247192383,0.16601943969726562,9.373981475830078
dataset/test/Tomato_leaf_late_blight/LateBlight-Tomato-JJ-2009-17nxg4q_jpg.rf.93780f99f071013cf0764b40fc6db48caug16.jpg,Tomato_leaf_late_blight,Tomato_leaf_late_blight,0.999998927116394,1,1.0601005554199219,8.18143367767334,0.16544723510742188,9.409907341003418
dataset/test/Tomato_leaf_late_blight/LateBlight-Tomato-JJ-2009-17nxg4qaug12.jpg,Tomato_leaf_late_blight,Tomato_leaf_late_blight,0.9945630431175232,1,1.056100845336914,8.150211334228516,0.16142559051513672,9.370573997497559
dataset/test/Tomato_leaf_late_blight/Lb11_mirror_verticalaug34.jpg,Tomato_leaf_late_blight,Tomato_leaf_late_blight,0.9999897480010986,1,1.173731803894043,11.538090705871582,0.16570472717285156,12.88028621673584
dataset/test/Tomato_leaf_late_blight/Lb51_mirror_aug_39aug83.jpg,Tomato_leaf_late_blight,Tomato_leaf_late_blight,0.9818098545074463,1,1.0776557922363281,8.141972541809082,0.16489028930664062,9.387222290039062
dataset/test/Tomato_leaf_late_blight/Lb51_mirror_aug_40aug96.jpg,Tomato_leaf_late_blight,Tomato_leaf_late_blight,0.9999121427536011,1,1.0917301177978516,8.070767402648926,0.1594085693359375,9.324461936950684
dataset/test/Tomato_leaf_late_blight/Lb51_mirror_aug_41aug91.jpg,Tomato_leaf_late_blight,Tomato_leaf_late_blight,0.9584681391716003,1,1.0731573104858398,7.785950660705566,0.16170501708984375,9.023181915283203
dataset/test/Tomato_leaf_late_blight/Lb51_mirroraug13.jpg,Tomato_leaf_late_blight,Tomato_leaf_late_blight,0.9907203912734985,1,1.0385818481445312,7.636207580566406,0.16709423065185547,8.844846725463867
dataset/test/Tomato_leaf_late_blight/Lb52_change_90_aug_42aug64.jpg,Tomato_leaf_late_blight,Tomato_leaf_late_blight,0.9999517202377319,1,1.0442676544189453,7.717503547668457,0.16811180114746094,8.932384490966797
dataset/test/Tomato_leaf_late_blight/Lb52_change_90_aug_43aug63.jpg,Tomato_leaf_late_blight,Tomato_leaf_late_blight,1.0,1,1.0243415832519531,7.783858299255371,0.16420459747314453,8.975403785705566
dataset/test/Tomato_leaf_late_blight/Lb52_change_90_aug_44aug70.jpg,Tomato_leaf_late_blight,Tomato_leaf_late_blight,0.9999421834945679,1,1.0520076751708984,7.708578109741211,0.16205692291259766,8.925273895263672
dataset/test/Tomato_leaf_late_blight/Lb52_change_90aug14.jpg,Tomato_leaf_late_blight,Tomato_leaf_late_blight,0.9999990463256836,1,1.0373048782348633,7.869616508483887,0.16665077209472656,9.076645851135254
dataset/test/Tomato_leaf_late_blight/Lb69_aug_45aug76.jpg,Tomato_leaf_late_blight,Tomato_leaf_late_blight,0.9999901056289673,1,1.0212297439575195,7.808319091796875,0.158111572265625,8.9906644821167
dataset/test/Tomato_leaf_late_blight/Lb69_aug_46aug72.jpg,Tomato_leaf_late_blight,Tomato_leaf_late_blight,0.9999959468841553,1,1.0156927108764648,7.61600399017334,0.16100025177001953,8.795384407043457
dataset/test/Tomato_leaf_late_blight/Lb69_aug_47aug66.jpg,Tomato_leaf_late_blight,Tomato_leaf_late_blight,0.9999991655349731,1,1.1650276184082031,7.751357078552246,0.1928730010986328,9.112127304077148
dataset/test/Tomato_leaf_late_blight/Lb69aug15.jpg,Tomato_leaf_late_blight,Tomato_leaf_late_blight,0.9999533891677856,1,1.0177125930786133,7.767932891845703,0.1603717803955078,8.949219703674316
dataset/test/Tomato_leaf_late_blight/Lb8_mirror_vertical_aug_10aug118.jpg,Tomato_leaf_late_blight,Tomato_leaf_late_blight,0.9813858866691589,1,1.0264911651611328,7.738524436950684,0.16324138641357422,8.931459426879883
dataset/test/Tomato_leaf_late_blight/Lb8_mirror_vertical_aug_11aug111.jpg,Tomato_leaf_late_blight,Tomato_leaf_late_blight,0.9751983880996704,1,1.047323226928711,7.94876766204834,0.16570568084716797,9.164905548095703
dataset/test/Tomato_leaf_late_blight/Lb8_mirror_vertical_aug_9aug103.jpg,Tomato_leaf_late_blight,Tomato_leaf_late_blight,0.9920167922973633,1,1.0738048553466797,8.06649112701416,0.16285324096679688,9.305888175964355
dataset/test/Tomato_leaf_late_blight/Lb8_mirror_verticalaug3.jpg,Tomato_leaf_late_blight,Tomato_leaf_late_blight,0.9992629885673523,1,1.0467109680175781,7.925358772277832,0.1615753173828125,9.136499404907227
dataset/test/Tomato_leaf_late_blight/Lb97_aug_21aug84.jpg,Tomato_leaf_late_blight,Tomato_leaf_late_blight,0.9999929666519165,1,1.063211441040039,7.908469200134277,0.16251850128173828,9.136923789978027
dataset/test/Tomato_leaf_late_blight/Lb97_aug_22aug101.jpg,Tomato_leaf_late_blight,Tomato_leaf_late_blight,0.9999998807907104,1,1.0657501220703125,7.873024940490723,0.15937137603759766,9.100942611694336
dataset/test/Tomato_leaf_late_blight/Lb97_aug_23aug82.jpg,Tomato_leaf_late_blight,Tomato_leaf_late_blight,0.9999914169311523,1,1.0843610763549805,7.712857246398926,0.16240787506103516,8.96221923828125
dataset/test/Tomato_leaf_late_blight/Lb97aug7.jpg,Tomato_leaf_late_blight,Tomato_leaf_late_blight,0.9999768733978271,1,1.1497316360473633,7.716838836669922,0.16137123107910156,9.03066349029541
dataset/test/Tomato_leaf_late_blight/Leaf-2Bsymptoms-2BMDA_jpg.rf.39b220104d04636fad4f5aae043826cb_aug_0aug108.jpg,Tomato_leaf_late_blight,Tomato_leaf_late_blight,0.9999579191207886,1,1.0864343643188477,7.8495988845825195,0.1671304702758789,9.106496810913086
dataset/test/Tomato_leaf_late_blight/Leaf-2Bsymptoms-2BMDA_jpg.rf.39b220104d04636fad4f5aae043826cb_aug_1aug106.jpg,Tomato_leaf_late_blight,Tomato_leaf_late_blight,0.9999562501907349,1,1.1572675704956055,7.896655082702637,0.19479751586914062,9.251441955566406
dataset/test/Tomato_leaf_late_blight/Leaf-2Bsymptoms-2BMDA_jpg.rf.39b220104d04636fad4f5aae043826cb_aug_2aug119.jpg,Tomato_leaf_late_blight,Tomato_leaf_late_blight,0.998777449131012,1,1.084991455078125,8.034507751464844,0.16427898406982422,9.286646842956543
dataset/test/Tomato_leaf_late_blight/Leaf-2Bsymptoms-2BMDA_jpg.rf.39b220104d04636fad4f5aae043826cbaug0.jpg,Tomato_leaf_late_blight,Tomato_leaf_late_blight,0.9967204928398132,1,1.1205263137817383,7.98261833190918,0.16196441650390625,9.267850875854492
dataset/test/Tomato_leaf_late_blight/Tomato-20bacterial-20canker-JPG_jpg.rf.8b568c1d5efcfdcef44c606eb076b889_aug_30aug92.jpg,Tomato_leaf_late_blight,Tomato_leaf_late_blight,0.9680394530296326,1,1.1108598709106445,7.960117340087891,0.20183467864990234,9.275702476501465
dataset/test/Tomato_leaf_late_blight/Tomato-20bacterial-20canker-JPG_jpg.rf.8b568c1d5efcfdcef44c606eb076b889_aug_31aug98.jpg,Tomato_leaf_late_blight,Tomato_leaf_late_blight,0.9947497248649597,1,1.138101577758789,8.111970901489258,0.16283416748046875,9.415889739990234
dataset/test/Tomato_leaf_late_blight/Tomato-20bacterial-20canker-JPG_jpg.rf.8b568c1d5efcfdcef44c606eb076b889_aug_32aug90.jpg,Tomato_leaf_late_blight,Tomato_leaf_late_blight,0.9565532803535461,1,1.1104717254638672,8.118453025817871,0.15435314178466797,9.38573932647705
dataset/test/Tomato_leaf_late_blight/Tomato-20bacterial-20canker-JPG_jpg.rf.8b568c1d5efcfdcef44c606eb076b889aug10.jpg,Tomato_leaf_late_blight,Tomato_leaf_late_blight,0.9921516180038452,1,1.2175827026367188,7.9914140701293945,0.164520263671875,9.376741409301758
dataset/test/Tomato_leaf_late_blight/TomatoBlight-JPG_jpg.rf.234cbc5809dc7d942e46760a63e10d9f_aug_33aug88.jpg,Tomato_leaf_late_blight,Tomato_leaf_late_blight,0.9755840301513672,1,1.18408203125,7.864747047424316,0.1648721694946289,9.216516494750977
dataset/test/Tomato_leaf_late_blight/TomatoBlight-JPG_jpg.rf.234cbc5809dc7d942e46760a63e10d9f_aug_34aug86.jpg,Tomato_leaf_late_blight,Tomato_leaf_late_blight,0.9681658148765564,1,1.0919733047485352,8.024248123168945,0.16361141204833984,9.282851219177246
dataset/test/Tomato_leaf_late_blight/TomatoBlight-JPG_jpg.rf.234cbc5809dc7d942e46760a63e10d9f_aug_35aug93.jpg,Tomato_leaf_late_blight,Tomato_leaf_late_blight,0.9428172707557678,1,1.1183795928955078,7.977638244628906,0.20140933990478516,9.300387382507324
dataset/test/Tomato_leaf_late_blight/TomatoBlight-JPG_jpg.rf.234cbc5809dc7d942e46760a63e10d9faug11.jpg,Tomato_leaf_late_blight,Tomato_leaf_late_blight,0.5905632972717285,1,1.1050281524658203,8.03500747680664,0.16344547271728516,9.30644416809082
dataset/test/Tomato_leaf_late_blight/dsc_8140cs_aug_3aug114.jpg,Tomato_leaf_late_blight,Tomato_leaf_late_blight,0.9996359348297119,1,1.1136198043823242,8.597179412841797,0.17026042938232422,9.88359546661377
dataset/test/Tomato_leaf_late_blight/dsc_8140cs_aug_4aug99.jpg,Tomato_leaf_late_blight,Tomato_leaf_late_blight,0.9970535039901733,1,1.1722126007080078,8.176342010498047,0.16446399688720703,9.51576042175293
dataset/test/Tomato_leaf_late_blight/dsc_8140cs_aug_5aug102.jpg,Tomato_leaf_late_blight,Tomato_leaf_late_blight,0.9987725615501404,1,1.164046287536621,8.50614070892334,0.1709270477294922,9.84368896484375
dataset/test/Tomato_leaf_late_blight/dsc_8140csaug1.jpg,Tomato_leaf_late_blight,Tomato_leaf_late_blight,0.9999876022338867,1,1.145249366760254,9.014848709106445,0.1674823760986328,10.330395698547363
dataset/test/Tomato_leaf_late_blight/late_jpg.rf.f64883c6ac50eb4f477851ddc23305e8_aug_69aug47.jpg,Tomato_leaf_late_blight,Tomato_leaf_late_blight,0.6865148544311523,1,1.1677312850952148,10.60249137878418,0.17233562469482422,11.94531536102295
dataset/test/Tomato_leaf_late_blight/late_jpg.rf.f64883c6ac50eb4f477851ddc23305e8_aug_70aug48.jpg,Tomato_leaf_late_blight,Tomato_leaf_late_blight,0.7161828875541687,1,1.4590864181518555,21.034034729003906,0.1928720474243164,22.68897533416748
dataset/test/Tomato_leaf_late_blight/late_jpg.rf.f64883c6ac50eb4f477851ddc23305e8_aug_71aug42.jpg,Tomato_leaf_late_blight,Tomato_leaf_late_blight,0.7804547548294067,1,1.323714256286621,9.042311668395996,0.17035293579101562,10.539693832397461
dataset/test/Tomato_leaf_late_blight/late_jpg.rf.f64883c6ac50eb4f477851ddc23305e8aug23.jpg,Tomato_leaf_late_blight,Tomato_Early_blight_leaf,0.4662632942199707,0,1.2163619995117188,8.522809028625488,0.22013092041015625,9.962355613708496
dataset/test/Tomato_leaf_late_blight/lateblightTom_lesionaug30.jpg,Tomato_leaf_late_blight,Tomato_leaf_late_blight,0.9846296906471252,1,1.0664901733398438,8.325343132019043,0.16924095153808594,9.564260482788086
dataset/test/Tomato_leaf_late_blight/lb_leaf_lesions2x1200_jpg.rf.3a72cc9627c3ba6d79a876e19220824e_aug_81aug56.jpg,Tomato_leaf_late_blight,Tomato_leaf_late_blight,1.0,1,1.114823341369629,8.390417098999023,0.1663351058959961,9.674317359924316
dataset/test/Tomato_leaf_late_blight/lb_leaf_lesions2x1200_jpg.rf.3a72cc9627c3ba6d79a876e19220824e_aug_82aug62.jpg,Tomato_leaf_late_blight,Tomato_leaf_late_blight,1.0,1,1.1768608093261719,8.205231666564941,0.16220474243164062,9.547165870666504
dataset/test/Tomato_leaf_late_blight/lb_leaf_lesions2x1200_jpg.rf.3a72cc9627c3ba6d79a876e19220824e_aug_83aug57.jpg,Tomato_leaf_late_blight,Tomato_leaf_late_blight,0.9999997615814209,1,1.0874347686767578,8.219897270202637,0.163482666015625,9.47381591796875
dataset/test/Tomato_leaf_late_blight/lb_leaf_lesions2x1200_jpg.rf.3a72cc9627c3ba6d79a876e19220824eaug27.jpg,Tomato_leaf_late_blight,Tomato_leaf_late_blight,0.9999998807907104,1,1.071730613708496,8.072175025939941,0.15994644165039062,9.306758880615234
dataset/test/Tomato_leaf_late_blight/p1020076cs_aug_78aug35.jpg,Tomato_leaf_late_blight,Tomato_leaf_late_blight,0.99950110912323,1,1.1074342727661133,8.05026626586914,0.1598348617553711,9.320832252502441
dataset/test/Tomato_leaf_late_blight/p1020076cs_aug_79aug59.jpg,Tomato_leaf_late_blight,Tomato_leaf_late_blight,0.9997387528419495,1,1.0456562042236328,7.877579689025879,0.16396427154541016,9.089812278747559
dataset/test/Tomato_leaf_late_blight/p1020076cs_aug_80aug55.jpg,Tomato_leaf_late_blight,Tomato_leaf_late_blight,0.9999860525131226,1,1.178842544555664,7.9218597412109375,0.16181659698486328,9.26555347442627
dataset/test/Tomato_leaf_late_blight/p1020076csaug26.jpg,Tomato_leaf_late_blight,Tomato_leaf_late_blight,0.9999512434005737,1,1.083639144897461,8.00485897064209,0.16488933563232422,9.256184577941895
dataset/test/Tomato_leaf_late_blight/symptoms_of_late_blight_0_jpg.rf.417903f6c86ccb4f4bcd7139e0867018_aug_75aug58.jpg,Tomato_leaf_late_blight,Tomato_leaf_late_blight,0.9999971389770508,1,1.1146011352539062,8.047636985778809,0.1751852035522461,9.34044361114502
dataset/test/Tomato_leaf_late_blight/symptoms_of_late_blight_0_jpg.rf.417903f6c86ccb4f4bcd7139e0867018_aug_76aug54.jpg,Tomato_leaf_late_blight,Tomato_leaf_late_blight,0.9999985694885254,1,1.113509178161621,8.169156074523926,0.16268634796142578,9.448260307312012
dataset/test/Tomato_leaf_late_blight/symptoms_of_late_blight_0_jpg.rf.417903f6c86ccb4f4bcd7139e0867018_aug_77aug61.jpg,Tomato_leaf_late_blight,Tomato_leaf_late_blight,0.9999994039535522,1,1.1543798446655273,8.11158275604248,0.16770458221435547,9.436555862426758
dataset/test/Tomato_leaf_late_blight/symptoms_of_late_blight_0_jpg.rf.417903f6c86ccb4f4bcd7139e0867018aug25.jpg,Tomato_leaf_late_blight,Tomato_leaf_late_blight,0.9999892711639404,1,1.1147308349609375,8.031840324401855,0.16427898406982422,9.313425064086914
dataset/test/Tomato_leaf_late_blight/tomato-late-blight-leaf-61-3x32_aug_12aug112.jpg,Tomato_leaf_late_blight,Tomato_leaf_late_blight,1.0,1,1.0722675323486328,8.449270248413086,0.20190906524658203,9.726798057556152
dataset/test/Tomato_leaf_late_blight/tomato-late-blight-leaf-61-3x32_aug_13aug110.jpg,Tomato_leaf_late_blight,Tomato_leaf_late_blight,0.9999818801879883,1,1.0643987655639648,8.253510475158691,0.16407489776611328,9.48485279083252
dataset/test/Tomato_leaf_late_blight/tomato-late-blight-leaf-61-3x32_aug_14aug105.jpg,Tomato_leaf_late_blight,Tomato_leaf_late_blight,0.9999994039535522,1,1.0757112503051758,8.399585723876953,0.1658344268798828,9.643741607666016
dataset/test/Tomato_leaf_late_blight/tomato-late-blight-leaf-61-3x32aug4.jpg,Tomato_leaf_late_blight,Tomato_leaf_late_blight,1.0,1,1.1039714813232422,8.566844940185547,0.17126083374023438,9.845004081726074
dataset/test/Tomato_leaf_late_blight/tomato.early.blightH_aug_18aug100.jpg,Tomato_leaf_late_blight,Tomato_Septoria_leaf_spot,0.9949413537979126,0,1.1741571426391602,8.171768188476562,0.16888999938964844,9.517723083496094
dataset/test/Tomato_leaf_late_blight/tomato.early.blightH_aug_19aug107.jpg,Tomato_leaf_late_blight,Tomato_Septoria_leaf_spot,0.9258890748023987,0,1.1662864685058594,8.123860359191895,0.2011861801147461,9.494296073913574
dataset/test/Tomato_leaf_late_blight/tomato.early.blightH_aug_20aug94.jpg,Tomato_leaf_late_blight,Tomato_Septoria_leaf_spot,0.9991426467895508,0,1.1982316970825195,8.194488525390625,0.1565380096435547,9.55189037322998
dataset/test/Tomato_leaf_late_blight/tomato.early.blightHaug6.jpg,Tomato_leaf_late_blight,Tomato_Septoria_leaf_spot,0.5214707255363464,0,1.161454200744629,7.970415115356445,0.16627883911132812,9.300647735595703
dataset/test/Tomato_leaf_yellow_curl_virus/1342017-162221-44540_jpg.rf.f68314ea4850dade3a214dec71c83715_aug_77aug56.jpg,Tomato_leaf_yellow_curl_virus,Tomato_leaf_yellow_curl_virus,1.0,1,1.3462514877319336,8.053081512451172,0.16740894317626953,9.56918716430664
dataset/test/Tomato_leaf_yellow_curl_virus/1342017-162221-44540_jpg.rf.f68314ea4850dade3a214dec71c83715_aug_78aug81.jpg,Tomato_leaf_yellow_curl_virus,Tomato_leaf_yellow_curl_virus,0.9999998807907104,1,1.2727136611938477,8.155211448669434,0.16596317291259766,9.596650123596191
dataset/test/Tomato_leaf_yellow_curl_virus/1342017-162221-44540_jpg.rf.f68314ea4850dade3a214dec71c83715_aug_79aug60.jpg,Tomato_leaf_yellow_curl_virus,Tomato_leaf_yellow_curl_virus,0.9999994039535522,1,1.1554536819458008,8.159285545349121,0.16666698455810547,9.484204292297363
dataset/test/Tomato_leaf_yellow_curl_virus/1342017-162221-44540_jpg.rf.f68314ea4850dade3a214dec71c83715_aug_80aug64.jpg,Tomato_leaf_yellow_curl_virus,Tomato_leaf_yellow_curl_virus,0.9999978542327881,1,1.1824359893798828,8.006784439086914,0.16531658172607422,9.357276916503906
dataset/test/Tomato_leaf_yellow_curl_virus/1342017-162221-44540_jpg.rf.f68314ea4850dade3a214dec71c83715_aug_81aug61.jpg,Tomato_leaf_yellow_curl_virus,Tomato_leaf_yellow_curl_virus,0.9999998807907104,1,1.1435461044311523,8.411103248596191,0.17166805267333984,9.729501724243164
dataset/test/Tomato_leaf_yellow_curl_virus/1342017-162221-44540_jpg.rf.f68314ea4850dade3a214dec71c83715_aug_82aug80.jpg,Tomato_leaf_yellow_curl_virus,Tomato_leaf_yellow_curl_virus,0.999996542930603,1,1.1410284042358398,8.014749526977539,0.20350265502929688,9.362017631530762
dataset/test/Tomato_leaf_yellow_curl_virus/1342017-162221-44540_jpg.rf.f68314ea4850dade3a214dec71c83715_aug_83aug70.jpg,Tomato_leaf_yellow_curl_virus,Tomato_leaf_yellow_curl_virus,0.9999985694885254,1,1.1603984832763672,8.049229621887207,0.1636676788330078,9.376221656799316
dataset/test/Tomato_leaf_yellow_curl_virus/1342017-162221-44540_jpg.rf.f68314ea4850dade3a214dec71c83715aug11.jpg,Tomato_leaf_yellow_curl_virus,Tomato_leaf_yellow_curl_virus,0.9999992847442627,1,1.127120018005371,8.026747703552246,0.16638946533203125,9.323259353637695
dataset/test/Tomato_leaf_yellow_curl_virus/8226402877_9abf151b5b_b_jpg.rf.a2dff27e03c5ab47916df5d873c1590f_aug_70aug66.jpg,Tomato_leaf_yellow_curl_virus,Tomato_leaf_yellow_curl_virus,1.0,1,1.1078414916992188,8.052156448364258,0.20415019989013672,9.367241859436035
dataset/test/Tomato_leaf_yellow_curl_virus/8226402877_9abf151b5b_b_jpg.rf.a2dff27e03c5ab47916df5d873c1590f_aug_71aug69.jpg,Tomato_leaf_yellow_curl_virus,Tomato_leaf_yellow_curl_virus,1.0,1,1.105194091796875,8.011265754699707,0.16907501220703125,9.288516998291016
dataset/test/Tomato_leaf_yellow_curl_virus/8226402877_9abf151b5b_b_jpg.rf.a2dff27e03c5ab47916df5d873c1590f_aug_72aug73.jpg,Tomato_leaf_yellow_curl_virus,Tomato_leaf_yellow_curl_virus,0.9999856948852539,1,1.1146745681762695,7.90937614440918,0.16301918029785156,9.189775466918945
dataset/test/Tomato_leaf_yellow_curl_virus/8226402877_9abf151b5b_b_jpg.rf.a2dff27e03c5ab47916df5d873c1590f_aug_73aug54.jpg,Tomato_leaf_yellow_curl_virus,Tomato_leaf_yellow_curl_virus,1.0,1,1.0975074768066406,7.963045120239258,0.1633920669555664,9.226812362670898
dataset/test/Tomato_leaf_yellow_curl_virus/8226402877_9abf151b5b_b_jpg.rf.a2dff27e03c5ab47916df5d873c1590f_aug_74aug76.jpg,Tomato_leaf_yellow_curl_virus,Tomato_leaf_yellow_curl_virus,1.0,1,1.1711196899414062,8.143730163574219,0.16653823852539062,9.48435115814209
dataset/test/Tomato_leaf_yellow_curl_virus/8226402877_9abf151b5b_b_jpg.rf.a2dff27e03c5ab47916df5d873c1590f_aug_75aug74.jpg,Tomato_leaf_yellow_curl_virus,Tomato_leaf_yellow_curl_virus,1.0,1,1.0980091094970703,8.029582023620605,0.16370487213134766,9.293814659118652
dataset/test/Tomato_leaf_yellow_curl_virus/8226402877_9abf151b5b_b_jpg.rf.a2dff27e03c5ab47916df5d873c1590f_aug_76aug65.jpg,Tomato_leaf_yellow_curl_virus,Tomato_leaf_yellow_curl_virus,1.0,1,1.1200828552246094,8.127008438110352,0.19220447540283203,9.442610740661621
dataset/test/Tomato_leaf_yellow_curl_virus/8226402877_9abf151b5b_b_jpg.rf.a2dff27e03c5ab47916df5d873c1590faug10.jpg,Tomato_leaf_yellow_curl_virus,Tomato_leaf_yellow_curl_virus,1.0,1,1.1121387481689453,8.060877799987793,0.16266727447509766,9.338628768920898
dataset/test/Tomato_leaf_yellow_curl_virus/DSC01999-JPG_jpg.rf.700fa6596ab8750ad0f1c47a0defe191_aug_84aug53.jpg,Tomato_leaf_yellow_curl_virus,Tomato_leaf_yellow_curl_virus,1.0,1,1.1990289688110352,8.305046081542969,0.16501998901367188,9.671871185302734
dataset/test/Tomato_leaf_yellow_curl_virus/DSC01999-JPG_jpg.rf.700fa6596ab8750ad0f1c47a0defe191_aug_85aug82.jpg,Tomato_leaf_yellow_curl_virus,Tomato_leaf_yellow_curl_virus,0.9999946355819702,1,1.2100658416748047,8.024469375610352,0.16272354125976562,9.400166511535645
dataset/test/Tomato_leaf_yellow_curl_virus/DSC01999-JPG_jpg.rf.700fa6596ab8750ad0f1c47a0defe191_aug_86aug71.jpg,Tomato_leaf_yellow_curl_virus,Tomato_leaf_yellow_curl_virus,0.9999995231628418,1,1.1430635452270508,8.061821937561035,0.16281604766845703,9.370368957519531
dataset/test/Tomato_leaf_yellow_curl_virus/DSC01999-JPG_jpg.rf.700fa6596ab8750ad0f1c47a0defe191_aug_87aug78.jpg,Tomato_leaf_yellow_curl_virus,Tomato_leaf_yellow_curl_virus,1.0,1,1.1385087966918945,7.982508659362793,0.15981578826904297,9.283832550048828
dataset/test/Tomato_leaf_yellow_curl_virus/DSC01999-JPG_jpg.rf.700fa6596ab8750ad0f1c47a0defe191_aug_88aug51.jpg,Tomato_leaf_yellow_curl_virus,Tomato_leaf_yellow_curl_virus,1.0,1,1.1742677688598633,8.085378646850586,0.15250205993652344,9.414852142333984
dataset/test/Tomato_leaf_yellow_curl_virus/DSC01999-JPG_jpg.rf.700fa6596ab8750ad0f1c47a0defe191_aug_89aug63.jpg,Tomato_leaf_yellow_curl_virus,Tomato_leaf_yellow_curl_virus,0.9999997615814209,1,1.1160640716552734,7.83054256439209,0.16414928436279297,9.11368179321289
dataset/test/Tomato_leaf_yellow_curl_virus/DSC01999-JPG_jpg.rf.700fa6596ab8750ad0f1c47a0defe191_aug_90aug85.jpg,Tomato_leaf_yellow_curl_virus,Tomato_leaf_yellow_curl_virus,0.9999998807907104,1,1.2939167022705078,7.867894172668457,0.16509532928466797,9.330073356628418
dataset/test/Tomato_leaf_yellow_curl_virus/DSC01999-JPG_jpg.rf.700fa6596ab8750ad0f1c47a0defe191aug12.jpg,Tomato_leaf_yellow_curl_virus,Tomato_leaf_yellow_curl_virus,1.0,1,1.1629724502563477,7.956729888916016,0.1620016098022461,9.284444808959961
dataset/test/Tomato_leaf_yellow_curl_virus/DSC01999.JPG_aug_63aug68.jpg,Tomato_leaf_yellow_curl_virus,Tomato_leaf_yellow_curl_virus,0.999998927116394,1,1.1904363632202148,8.03283977508545,0.16537094116210938,9.39137077331543
dataset/test/Tomato_leaf_yellow_curl_virus/DSC01999.JPG_aug_64aug72.jpg,Tomato_leaf_yellow_curl_virus,Tomato_leaf_yellow_curl_virus,0.9999995231628418,1,1.1557321548461914,7.996655464172363,0.1623706817626953,9.317610740661621
dataset/test/Tomato_leaf_yellow_curl_virus/DSC01999.JPG_aug_65aug75.jpg,Tomato_leaf_yellow_curl_virus,Tomato_leaf_yellow_curl_virus,0.9998897314071655,1,1.2453985214233398,8.046673774719238,0.16222381591796875,9.45724105834961
dataset/test/Tomato_leaf_yellow_curl_virus/DSC01999.JPG_aug_66aug58.jpg,Tomato_leaf_yellow_curl_virus,Tomato_leaf_yellow_curl_virus,0.9998517036437988,1,1.1876020431518555,8.044730186462402,0.16329669952392578,9.398704528808594
dataset/test/Tomato_leaf_yellow_curl_virus/DSC01999.JPG_aug_67aug83.jpg,Tomato_leaf_yellow_curl_virus,Tomato_leaf_yellow_curl_virus,1.0,1,1.1594524383544922,8.166045188903809,0.163482666015625,9.49168586730957
dataset/test/Tomato_leaf_yellow_curl_virus/DSC01999.JPG_aug_68aug79.jpg,Tomato_leaf_yellow_curl_virus,Tomato_leaf_yellow_curl_virus,0.9999915361404419,1,1.225712776184082,8.075340270996094,0.17144489288330078,9.475610733032227
dataset/test/Tomato_leaf_yellow_curl_virus/DSC01999.JPG_aug_69aug62.jpg,Tomato_leaf_yellow_curl_virus,Tomato_leaf_yellow_curl_virus,0.9999998807907104,1,1.2008800506591797,8.021228790283203,0.1654834747314453,9.390777587890625
dataset/test/Tomato_leaf_yellow_curl_virus/DSC01999.JPGaug9.jpg,Tomato_leaf_yellow_curl_virus,Tomato_leaf_yellow_curl_virus,0.9999583959579468,1,1.1862497329711914,8.036452293395996,0.16309356689453125,9.388962745666504
dataset/test/Tomato_leaf_yellow_curl_virus/IMG_20251102_155103aug15.jpg,Tomato_leaf_yellow_curl_virus,Tomato_leaf_yellow_curl_virus,0.8816126585006714,1,1.225529670715332,7.970914840698242,0.16429805755615234,9.3634614944458
dataset/test/Tomato_leaf_yellow_curl_virus/IMG_20251102_160455_aug_42aug104.jpg,Tomato_leaf_yellow_curl_virus,Tomato_leaf_yellow_curl_virus,0.638862669467926,1,1.1263971328735352,7.917414665222168,0.16326045989990234,9.210164070129395
dataset/test/Tomato_leaf_yellow_curl_virus/IMG_20251102_160455_aug_43aug111.jpg,Tomato_leaf_yellow_curl_virus,Tomato_leaf_yellow_curl_virus,0.9524586200714111,1,1.0801925659179688,8.04654598236084,0.1641864776611328,9.293610572814941
dataset/test/Tomato_leaf_yellow_curl_virus/IMG_20251102_160455_aug_44aug112.jpg,Tomato_leaf_yellow_curl_virus,Tomato_Early_blight_leaf,0.5221158862113953,0,1.1166753768920898,7.908005714416504,0.16013145446777344,9.187609672546387
dataset/test/Tomato_leaf_yellow_curl_virus/IMG_20251102_160455_aug_45aug108.jpg,Tomato_leaf_yellow_curl_virus,Tomato_Early_blight_leaf,0.6290528774261475,0,1.0758228302001953,7.966395378112793,0.16050148010253906,9.206034660339355
dataset/test/Tomato_leaf_yellow_curl_virus/IMG_20251102_160455_aug_46aug110.jpg,Tomato_leaf_yellow_curl_virus,Tomato_leaf_yellow_curl_virus,0.925585150718689,1,1.0810441970825195,7.8340606689453125,0.16170597076416016,9.079368591308594
dataset/test/Tomato_leaf_yellow_curl_virus/IMG_20251102_160455_aug_47aug98.jpg,Tomato_leaf_yellow_curl_virus,Tomato_Early_blight_leaf,0.5418767333030701,0,1.1072301864624023,7.948543548583984,0.1596670150756836,9.218535423278809
dataset/test/Tomato_leaf_yellow_curl_virus/IMG_20251102_160455_aug_48aug105.jpg,Tomato_leaf_yellow_curl_virus,Tomato_Early_blight_leaf,0.6411595940589905,0,1.0646390914916992,7.864412307739258,0.16709423065185547,9.099126815795898
dataset/test/Tomato_leaf_yellow_curl_virus/IMG_20251102_160455aug6.jpg,Tomato_leaf_yellow_curl_virus,Tomato_Early_blight_leaf,0.6330435276031494,0,1.073434829711914,7.911765098571777,0.15577983856201172,9.143571853637695
dataset/test/Tomato_leaf_yellow_curl_virus/IMG_20251102_160553_aug_35aug49.jpg,Tomato_leaf_yellow_curl_virus,Tomato_Early_blight_leaf,0.84543377161026,0,1.137582778930664,7.669486045837402,0.16074180603027344,8.970497131347656
dataset/test/Tomato_leaf_yellow_curl_virus/IMG_20251102_160553_aug_36aug113.jpg,Tomato_leaf_yellow_curl_virus,Tomato_Early_blight_leaf,0.9131355881690979,0,1.3032865524291992,7.774838447570801,0.16100311279296875,9.2417573928833
dataset/test/Tomato_leaf_yellow_curl_virus/IMG_20251102_160553_aug_37aug114.jpg,Tomato_leaf_yellow_curl_virus,Tomato_Early_blight_leaf,0.9042282700538635,0,1.0986747741699219,7.84511661529541,0.162353515625,9.109145164489746
dataset/test/Tomato_leaf_yellow_curl_virus/IMG_20251102_160553_aug_38aug101.jpg,Tomato_leaf_yellow_curl_virus,Tomato_Early_blight_leaf,0.7916417717933655,0,1.1193609237670898,7.919341087341309,0.1603527069091797,9.202200889587402
dataset/test/Tomato_leaf_yellow_curl_virus/IMG_20251102_160553_aug_39aug118.jpg,Tomato_leaf_yellow_curl_virus,Tomato_Early_blight_leaf,0.9405596852302551,0,1.1308975219726562,7.88408088684082,0.1627788543701172,9.180460929870605
dataset/test/Tomato_leaf_yellow_curl_virus/IMG_20251102_160553_aug_40aug19.jpg,Tomato_leaf_yellow_curl_virus,Tomato_Early_blight_leaf,0.8871791362762451,0,1.1121206283569336,8.04472827911377,0.16126155853271484,9.32077693939209
dataset/test/Tomato_leaf_yellow_curl_virus/IMG_20251102_160553_aug_41aug119.jpg,Tomato_leaf_yellow_curl_virus,Tomato_Early_blight_leaf,0.7263913154602051,0,1.1300458908081055,8.013766288757324,0.1634082794189453,9.310091972351074
dataset/test/Tomato_leaf_yellow_curl_virus/IMG_20251102_160553aug5.jpg,Tomato_leaf_yellow_curl_virus,Tomato_Early_blight_leaf,0.856776237487793,0,1.2294158935546875,8.064841270446777,0.16376113891601562,9.460906982421875
dataset/test/Tomato_leaf_yellow_curl_virus/TYLCV-tomate-DB-445-171_jpg.rf.9d70326900dd981ab5d49063b0d644f0_aug_21aug41.jpg,Tomato_leaf_yellow_curl_virus,Tomato_leaf_yellow_curl_virus,1.0,1,1.0971746444702148,8.052877426147461,0.1628713607788086,9.315943717956543
dataset/test/Tomato_leaf_yellow_curl_virus/TYLCV-tomate-DB-445-171_jpg.rf.9d70326900dd981ab5d49063b0d644f0_aug_22aug30.jpg,Tomato_leaf_yellow_curl_virus,Tomato_leaf_yellow_curl_virus,1.0,1,1.1112117767333984,7.873228073120117,0.1641674041748047,9.15107250213623
dataset/test/Tomato_leaf_yellow_curl_virus/TYLCV-tomate-DB-445-171_jpg.rf.9d70326900dd981ab5d49063b0d644f0_aug_23aug42.jpg,Tomato_leaf_yellow_curl_virus,Tomato_leaf_yellow_curl_virus,1.0,1,1.2422685623168945,7.845524787902832,0.16385269165039062,9.254405975341797
dataset/test/Tomato_leaf_yellow_curl_virus/TYLCV-tomate-DB-445-171_jpg.rf.9d70326900dd981ab5d49063b0d644f0_aug_24aug45.jpg,Tomato_leaf_yellow_curl_virus,Tomato_leaf_yellow_curl_virus,1.0,1,1.1119718551635742,8.04941463470459,0.16439056396484375,9.328962326049805
dataset/test/Tomato_leaf_yellow_curl_virus/TYLCV-tomate-DB-445-171_jpg.rf.9d70326900dd981ab5d49063b0d644f0_aug_25aug20.jpg,Tomato_leaf_yellow_curl_virus,Tomato_leaf_yellow_curl_virus,0.9999994039535522,1,1.1160831451416016,8.006340026855469,0.16289043426513672,9.28810977935791
dataset/test/Tomato_leaf_yellow_curl_virus/TYLCV-tomate-DB-445-171_jpg.rf.9d70326900dd981ab5d49063b0d644f0_aug_26aug18.jpg,Tomato_leaf_yellow_curl_virus,Tomato_leaf_yellow_curl_virus,0.999998927116394,1,1.176417350769043,8.036730766296387,0.1647052764892578,9.3809814453125
dataset/test/Tomato_leaf_yellow_curl_virus/TYLCV-tomate-DB-445-171_jpg.rf.9d70326900dd981ab5d49063b0d644f0_aug_27aug29.jpg,Tomato_leaf_yellow_curl_virus,Tomato_leaf_yellow_curl_virus,1.0,1,1.1050262451171875,7.994619369506836,0.1625385284423828,9.264758110046387
dataset/test/Tomato_leaf_yellow_curl_virus/TYLCV-tomate-DB-445-171_jpg.rf.9d70326900dd981ab5d49063b0d644f0aug3.jpg,Tomato_leaf_yellow_curl_virus,Tomato_leaf_yellow_curl_virus,1.0,1,1.2466392517089844,8.216546058654785,0.16163063049316406,9.627169609069824
dataset/test/Tomato_leaf_yellow_curl_virus/TYLCV4_jpg.rf.2e4accea501a220be9dc475dd1ca3121_aug_10aug22.jpg,Tomato_leaf_yellow_curl_virus,Tomato_leaf_yellow_curl_virus,1.0,1,1.1841564178466797,10.976140975952148,0.2056121826171875,12.36900520324707
dataset/test/Tomato_leaf_yellow_curl_virus/TYLCV4_jpg.rf.2e4accea501a220be9dc475dd1ca3121_aug_11aug44.jpg,Tomato_leaf_yellow_curl_virus,Tomato_leaf_yellow_curl_virus,1.0,1,1.5497159957885742,11.347848892211914,0.2050943374633789,13.10621452331543
dataset/test/Tomato_leaf_yellow_curl_virus/TYLCV4_jpg.rf.2e4accea501a220be9dc475dd1ca3121_aug_12aug39.jpg,Tomato_leaf_yellow_curl_virus,Tomato_leaf_yellow_curl_virus,1.0,1,1.6254205703735352,10.980938911437988,0.2003164291381836,12.809748649597168
dataset/test/Tomato_leaf_yellow_curl_virus/TYLCV4_jpg.rf.2e4accea501a220be9dc475dd1ca3121_aug_13aug35.jpg,Tomato_leaf_yellow_curl_virus,Tomato_leaf_yellow_curl_virus,1.0,1,1.4809951782226562,10.995735168457031,0.2045001983642578,12.684394836425781
dataset/test/Tomato_leaf_yellow_curl_virus/TYLCV4_jpg.rf.2e4accea501a220be9dc475dd1ca3121_aug_7aug40.jpg,Tomato_leaf_yellow_curl_virus,Tomato_leaf_yellow_curl_virus,1.0,1,1.4668817520141602,10.944252967834473,0.22448253631591797,12.63913631439209
dataset/test/Tomato_leaf_yellow_curl_virus/TYLCV4_jpg.rf.2e4accea501a220be9dc475dd1ca3121_aug_8aug33.jpg,Tomato_leaf_yellow_curl_virus,Tomato_leaf_yellow_curl_virus,1.0,1,1.515955924987793,10.983586311340332,0.20503902435302734,12.708433151245117
dataset/test/Tomato_leaf_yellow_curl_virus/TYLCV4_jpg.rf.2e4accea501a220be9dc475dd1ca3121_aug_9aug48.jpg,Tomato_leaf_yellow_curl_virus,Tomato_leaf_yellow_curl_virus,1.0,1,1.6602535247802734,11.033327102661133,0.20190906524658203,12.898916244506836
dataset/test/Tomato_leaf_yellow_curl_virus/TYLCV4_jpg.rf.2e4accea501a220be9dc475dd1ca3121aug1.jpg,Tomato_leaf_yellow_curl_virus,Tomato_leaf_yellow_curl_virus,1.0,1,1.4701032638549805,10.967345237731934,0.2050933837890625,12.645857810974121
dataset/test/Tomato_leaf_yellow_curl_virus/art_15017325188173_a24a66_aug_14aug36.jpg,Tomato_leaf_yellow_curl_virus,Tomato_leaf_yellow_curl_virus,1.0,1,1.5068082809448242,7.905542373657227,0.15972328186035156,9.574945449829102
dataset/test/Tomato_leaf_yellow_curl_virus/art_15017325188173_a24a66_aug_15aug23.jpg,Tomato_leaf_yellow_curl_virus,Tomato_leaf_yellow_curl_virus,0.9999978542327881,1,1.1034526824951172,7.647281646728516,0.16213035583496094,8.915348052978516
dataset/test/Tomato_leaf_yellow_curl_virus/art_15017325188173_a24a66_aug_16aug34.jpg,Tomato_leaf_yellow_curl_virus,Tomato_leaf_yellow_curl_virus,1.0,1,1.224954605102539,7.814172744750977,0.15927791595458984,9.201202392578125
dataset/test/Tomato_leaf_yellow_curl_virus/art_15017325188173_a24a66_aug_17aug43.jpg,Tomato_leaf_yellow_curl_virus,Tomato_leaf_yellow_curl_virus,0.9999961853027344,1,1.1096763610839844,7.722227096557617,0.16068744659423828,8.99516487121582
dataset/test/Tomato_leaf_yellow_curl_virus/art_15017325188173_a24a66_aug_18aug47.jpg,Tomato_leaf_yellow_curl_virus,Tomato_leaf_yellow_curl_virus,0.9999886751174927,1,1.1175460815429688,7.639392852783203,0.15833473205566406,8.918070793151855
dataset/test/Tomato_leaf_yellow_curl_virus/art_15017325188173_a24a66_aug_19aug25.jpg,Tomato_leaf_yellow_curl_virus,Tomato_leaf_yellow_curl_virus,0.9999902248382568,1,1.1284904479980469,7.753579139709473,0.1612415313720703,9.046830177307129
dataset/test/Tomato_leaf_yellow_curl_virus/art_15017325188173_a24a66_aug_20aug46.jpg,Tomato_leaf_yellow_curl_virus,Tomato_leaf_yellow_curl_virus,0.9999996423721313,1,1.1352500915527344,7.683005332946777,0.1587972640991211,8.980033874511719
dataset/test/Tomato_leaf_yellow_curl_virus/art_15017325188173_a24a66aug2.jpg,Tomato_leaf_yellow_curl_virus,Tomato_leaf_yellow_curl_virus,0.999993085861206,1,1.124323844909668,7.723579406738281,0.1580190658569336,9.008607864379883
dataset/test/Tomato_leaf_yellow_curl_virus/psyllid-yellows_jpg.rf.1d99aab2f43a840be530ce313eb0c0fd_aug_56aug57.jpg,Tomato_leaf_yellow_curl_virus,Tomato_leaf_yellow_curl_virus,0.9999996423721313,1,1.1433439254760742,8.298824310302734,0.15813159942626953,9.602890014648438
dataset/test/Tomato_leaf_yellow_curl_virus/psyllid-yellows_jpg.rf.1d99aab2f43a840be530ce313eb0c0fd_aug_57aug84.jpg,Tomato_leaf_yellow_curl_virus,Tomato_leaf_yellow_curl_virus,0.9999998807907104,1,1.1406946182250977,7.798486709594727,0.15435314178466797,9.096145629882812
dataset/test/Tomato_leaf_yellow_curl_virus/psyllid-yellows_jpg.rf.1d99aab2f43a840be530ce313eb0c0fd_aug_58aug52.jpg,Tomato_leaf_yellow_curl_virus,Tomato_leaf_yellow_curl_virus,0.9999998807907104,1,1.0789155960083008,8.42473316192627,0.15079689025878906,9.656889915466309
dataset/test/Tomato_leaf_yellow_curl_virus/psyllid-yellows_jpg.rf.1d99aab2f43a840be530ce313eb0c0fd_aug_59aug77.jpg,Tomato_leaf_yellow_curl_virus,Tomato_leaf_yellow_curl_virus,1.0,1,1.0921745300292969,7.929969787597656,0.1635570526123047,9.1885347366333
dataset/test/Tomato_leaf_yellow_curl_virus/psyllid-yellows_jpg.rf.1d99aab2f43a840be530ce313eb0c0fd_aug_60aug86.jpg,Tomato_leaf_yellow_curl_virus,Tomato_leaf_yellow_curl_virus,0.9999998807907104,1,1.2790842056274414,10.291118621826172,0.17035293579101562,11.74301815032959
dataset/test/Tomato_leaf_yellow_curl_virus/psyllid-yellows_jpg.rf.1d99aab2f43a840be530ce313eb0c0fd_aug_61aug59.jpg,Tomato_leaf_yellow_curl_virus,Tomato_leaf_yellow_curl_virus,0.9999995231628418,1,1.2020282745361328,19.407727241516113,0.16879844665527344,20.78186798095703
dataset/test/Tomato_leaf_yellow_curl_virus/psyllid-yellows_jpg.rf.1d99aab2f43a840be530ce313eb0c0fd_aug_62aug67.jpg,Tomato_leaf_yellow_curl_virus,Tomato_leaf_yellow_curl_virus,0.9999998807907104,1,1.5898466110229492,10.619769096374512,0.1658344268798828,12.378615379333496
dataset/test/Tomato_leaf_yellow_curl_virus/psyllid-yellows_jpg.rf.1d99aab2f43a840be530ce313eb0c0fdaug8.jpg,Tomato_leaf_yellow_curl_virus,Tomato_leaf_yellow_curl_virus,0.9999992847442627,1,1.1354169845581055,8.20069408416748,0.16542720794677734,9.50437068939209
dataset/test/Tomato_leaf_yellow_curl_virus/tj5itxzunn3k_jpg.rf.4aeda27b2535578e718fe6279491d0d4_aug_49aug102.jpg,Tomato_leaf_yellow_curl_virus,Tomato_leaf_yellow_curl_virus,1.0,1,1.0688591003417969,8.027803421020508,0.16553783416748047,9.265498161315918
dataset/test/Tomato_leaf_yellow_curl_virus/tj5itxzunn3k_jpg.rf.4aeda27b2535578e718fe6279491d0d4_aug_50aug109.jpg,Tomato_leaf_yellow_curl_virus,Tomato_leaf_yellow_curl_virus,1.0,1,1.11871337890625,8.072470664978027,0.1616687774658203,9.355554580688477
dataset/test/Tomato_leaf_yellow_curl_virus/tj5itxzunn3k_jpg.rf.4aeda27b2535578e718fe6279491d0d4_aug_51aug99.jpg,Tomato_leaf_yellow_curl_virus,Tomato_leaf_yellow_curl_virus,0.9999996423721313,1,1.0623970031738281,7.886562347412109,0.1656503677368164,9.11740493774414
dataset/test/Tomato_leaf_yellow_curl_virus/tj5itxzunn3k_jpg.rf.4aeda27b2535578e718fe6279491d0d4_aug_52aug103.jpg,Tomato_leaf_yellow_curl_virus,Tomato_leaf_yellow_curl_virus,1.0,1,1.0726747512817383,8.164027214050293,0.16381549835205078,9.403221130371094
dataset/test/Tomato_leaf_yellow_curl_virus/tj5itxzunn3k_jpg.rf.4aeda27b2535578e718fe6279491d0d4_aug_53aug100.jpg,Tomato_leaf_yellow_curl_virus,Tomato_leaf_yellow_curl_virus,0.9999997615814209,1,1.087416648864746,8.325715065002441,0.16735172271728516,9.583501815795898
dataset/test/Tomato_leaf_yellow_curl_virus/tj5itxzunn3k_jpg.rf.4aeda27b2535578e718fe6279491d0d4_aug_54aug106.jpg,Tomato_leaf_yellow_curl_virus,Tomato_leaf_yellow_curl_virus,1.0,1,1.1193408966064453,8.42151165008545,0.16879653930664062,9.712520599365234
dataset/test/Tomato_leaf_yellow_curl_virus/tj5itxzunn3k_jpg.rf.4aeda27b2535578e718fe6279491d0d4_aug_55aug107.jpg,Tomato_leaf_yellow_curl_virus,Tomato_leaf_yellow_curl_virus,0.9999977350234985,1,1.0921945571899414,8.321361541748047,0.17001914978027344,9.586371421813965
dataset/test/Tomato_leaf_yellow_curl_virus/tj5itxzunn3k_jpg.rf.4aeda27b2535578e718fe6279491d0d4aug7.jpg,Tomato_leaf_yellow_curl_virus,Tomato_leaf_yellow_curl_virus,0.9999998807907104,1,1.1418418884277344,8.383084297180176,0.1730203628540039,9.701075553894043
dataset/test/Tomato_leaf_yellow_curl_virus/tomato-yellow-closeup-3_aug_28aug16.jpg,Tomato_leaf_yellow_curl_virus,Tomato_leaf_yellow_curl_virus,0.9272626638412476,1,1.1634531021118164,8.34639835357666,0.16731548309326172,9.6804838180542
dataset/test/Tomato_leaf_yellow_curl_virus/tomato-yellow-closeup-3_aug_29aug27.jpg,Tomato_leaf_yellow_curl_virus,Tomato_Early_blight_leaf,0.6447405815124512,0,1.4125862121582031,8.379232406616211,0.16909313201904297,9.963800430297852
dataset/test/Tomato_leaf_yellow_curl_virus/tomato-yellow-closeup-3_aug_30aug117.jpg,Tomato_leaf_yellow_curl_virus,Tomato_leaf_yellow_curl_virus,0.898223876953125,1,1.1620655059814453,8.376806259155273,0.2092418670654297,9.75146484375
dataset/test/Tomato_leaf_yellow_curl_virus/tomato-yellow-closeup-3_aug_31aug31.jpg,Tomato_leaf_yellow_curl_virus,Tomato_leaf_yellow_curl_virus,0.968666136264801,1,1.2013063430786133,8.411175727844238,0.1681680679321289,9.783632278442383
dataset/test/Tomato_leaf_yellow_curl_virus/tomato-yellow-closeup-3_aug_32aug115.jpg,Tomato_leaf_yellow_curl_virus,Tomato_leaf_yellow_curl_virus,0.6547783017158508,1,1.1613988876342773,8.332751274108887,0.16942691802978516,9.666111946105957
dataset/test/Tomato_leaf_yellow_curl_virus/tomato-yellow-closeup-3_aug_33aug116.jpg,Tomato_leaf_yellow_curl_virus,Tomato_Healthy_leaf,0.8522684574127197,0,1.1637678146362305,8.369731903076172,0.25713062286376953,9.793614387512207
dataset/test/Tomato_leaf_yellow_curl_virus/tomato-yellow-closeup-3_aug_34aug26.jpg,Tomato_leaf_yellow_curl_virus,Tomato_leaf_yellow_curl_virus,0.9566363096237183,1,1.1720647811889648,8.589753150939941,0.16613101959228516,9.931187629699707
dataset/test/Tomato_leaf_yellow_curl_virus/tomato-yellow-closeup-3aug4.jpg,Tomato_leaf_yellow_curl_virus,Tomato_Early_blight_leaf,0.4644913971424103,0,1.1475458145141602,8.384879112243652,0.1659078598022461,9.701278686523438
dataset/test/Tomato_leaf_yellow_curl_virus/tomato-yellow-leaf-curl-virus-tomato-1_aug_100aug92.jpg,Tomato_leaf_yellow_curl_virus,Tomato_leaf_yellow_curl_virus,0.9999986886978149,1,1.1536197662353516,8.905198097229004,0.15709304809570312,10.218485832214355
dataset/test/Tomato_leaf_yellow_curl_virus/tomato-yellow-leaf-curl-virus-tomato-1_aug_101aug95.jpg,Tomato_leaf_yellow_curl_virus,Tomato_leaf_yellow_curl_virus,0.9999711513519287,1,1.1342496871948242,8.217860221862793,0.15789031982421875,9.512426376342773
dataset/test/Tomato_leaf_yellow_curl_virus/tomato-yellow-leaf-curl-virus-tomato-1_aug_102aug88.jpg,Tomato_leaf_yellow_curl_virus,Tomato_leaf_yellow_curl_virus,0.9999998807907104,1,1.1495466232299805,7.97878360748291,0.16689014434814453,9.29853630065918
dataset/test/Tomato_leaf_yellow_curl_virus/tomato-yellow-leaf-curl-virus-tomato-1_aug_103aug93.jpg,Tomato_leaf_yellow_curl_virus,Tomato_leaf_yellow_curl_virus,0.9999547004699707,1,1.2864913940429688,8.132248878479004,0.16611194610595703,9.587926864624023
dataset/test/Tomato_leaf_yellow_curl_virus/tomato-yellow-leaf-curl-virus-tomato-1_aug_98aug91.jpg,Tomato_leaf_yellow_curl_virus,Tomato_leaf_yellow_curl_virus,0.9999743700027466,1,1.2737503051757812,8.083746910095215,0.16498374938964844,9.525167465209961
dataset/test/Tomato_leaf_yellow_curl_virus/tomato-yellow-leaf-curl-virus-tomato-1_aug_99aug90.jpg,Tomato_leaf_yellow_curl_virus,Tomato_leaf_yellow_curl_virus,0.9999632835388184,1,1.150064468383789,8.187288284301758,0.16544532775878906,9.505480766296387
dataset/test/Tomato_leaf_yellow_curl_virus/tomato-yellow-leaf-curl-virus-tomato-1aug14.jpg,Tomato_leaf_yellow_curl_virus,Tomato_leaf_yellow_curl_virus,0.9999983310699463,1,1.142786979675293,8.383973121643066,0.16605758666992188,9.695372581481934
dataset/test/Tomato_leaf_yellow_curl_virus/tomatoyellowleafcurlcropped_aug_91aug55.jpg,Tomato_leaf_yellow_curl_virus,Tomato_leaf_yellow_curl_virus,0.9999991655349731,1,1.1676578521728516,8.204878807067871,0.16481590270996094,9.540297508239746
dataset/test/Tomato_leaf_yellow_curl_virus/tomatoyellowleafcurlcropped_aug_92aug89.jpg,Tomato_leaf_yellow_curl_virus,Tomato_leaf_yellow_curl_virus,0.999981164932251,1,1.128157615661621,8.177416801452637,0.16463088989257812,9.472981452941895
dataset/test/Tomato_leaf_yellow_curl_virus/tomatoyellowleafcurlcropped_aug_93aug97.jpg,Tomato_leaf_yellow_curl_virus,Tomato_leaf_yellow_curl_virus,0.9999935626983643,1,1.1287298202514648,8.466324806213379,0.1636495590209961,9.761334419250488
dataset/test/Tomato_leaf_yellow_curl_virus/tomatoyellowleafcurlcropped_aug_94aug50.jpg,Tomato_leaf_yellow_curl_virus,Tomato_leaf_yellow_curl_virus,0.9999986886978149,1,1.1493425369262695,8.028321266174316,0.1568155288696289,9.336647987365723
dataset/test/Tomato_leaf_yellow_curl_virus/tomatoyellowleafcurlcropped_aug_95aug87.jpg,Tomato_leaf_yellow_curl_virus,Tomato_leaf_yellow_curl_virus,0.9999984502792358,1,1.0954151153564453,7.890154838562012,0.16463088989257812,9.152905464172363
dataset/test/Tomato_leaf_yellow_curl_virus/tomatoyellowleafcurlcropped_aug_96aug96.jpg,Tomato_leaf_yellow_curl_virus,Tomato_leaf_yellow_curl_virus,0.9999936819076538,1,1.2101573944091797,7.828524589538574,0.1647043228149414,9.205924034118652
dataset/test/Tomato_leaf_yellow_curl_virus/tomatoyellowleafcurlcropped_aug_97aug94.jpg,Tomato_leaf_yellow_curl_virus,Tomato_leaf_yellow_curl_virus,0.9998900890350342,1,1.1561384201049805,8.001321792602539,0.1628713607788086,9.322961807250977
dataset/test/Tomato_leaf_yellow_curl_virus/tomatoyellowleafcurlcroppedaug13.jpg,Tomato_leaf_yellow_curl_virus,Tomato_leaf_yellow_curl_virus,0.999997615814209,1,1.1022682189941406,8.020304679870605,0.16492652893066406,9.29007339477539
dataset/test/Tomato_leaf_yellow_curl_virus/virus1_aug_0aug37.jpg,Tomato_leaf_yellow_curl_virus,Tomato_leaf_yellow_curl_virus,0.9999874830245972,1,1.0949716567993164,8.037360191345215,0.1653156280517578,9.300423622131348
dataset/test/Tomato_leaf_yellow_curl_virus/virus1_aug_1aug21.jpg,Tomato_leaf_yellow_curl_virus,Tomato_leaf_yellow_curl_virus,0.9999997615814209,1,1.1173419952392578,8.016507148742676,0.16326045989990234,9.299720764160156
dataset/test/Tomato_leaf_yellow_curl_virus/virus1_aug_2aug24.jpg,Tomato_leaf_yellow_curl_virus,Tomato_leaf_yellow_curl_virus,0.9999979734420776,1,1.0923233032226562,8.105953216552734,0.16376018524169922,9.365425109863281
dataset/test/Tomato_leaf_yellow_curl_virus/virus1_aug_3aug17.jpg,Tomato_leaf_yellow_curl_virus,Tomato_leaf_yellow_curl_virus,0.9999369382858276,1,1.0951004028320312,7.940525054931641,0.16500282287597656,9.203924179077148
dataset/test/Tomato_leaf_yellow_curl_virus/virus1_aug_4aug28.jpg,Tomato_leaf_yellow_curl_virus,Tomato_leaf_yellow_curl_virus,0.9997255206108093,1,1.1285285949707031,8.07634162902832,0.16098308563232422,9.368850708007812
dataset/test/Tomato_leaf_yellow_curl_virus/virus1_aug_5aug32.jpg,Tomato_leaf_yellow_curl_virus,Tomato_leaf_yellow_curl_virus,0.9999369382858276,1,1.053563117980957,7.831210136413574,0.15868663787841797,9.046533584594727
dataset/test/Tomato_leaf_yellow_curl_virus/virus1_aug_6aug38.jpg,Tomato_leaf_yellow_curl_virus,Tomato_leaf_yellow_curl_virus,0.9994588494300842,1,1.0702123641967773,7.770875930786133,0.1501312255859375,8.993570327758789
dataset/test/Tomato_leaf_yellow_curl_virus/virus1aug0.jpg,Tomato_leaf_yellow_curl_virus,Tomato_leaf_yellow_curl_virus,0.999962329864502,1,1.0621757507324219,7.586485862731934,0.20364952087402344,8.855477333068848
dataset/test/Tomato_mold_leaf/IMG-20240724-WA0020_aug_68aug87.jpg,Tomato_mold_leaf,Tomato_mold_leaf,0.9614681601524353,1,1.223341941833496,7.625967979431152,0.16050243377685547,9.01264476776123
dataset/test/Tomato_mold_leaf/IMG-20240724-WA0020_aug_69aug97.jpg,Tomato_mold_leaf,Tomato_mold_leaf,0.8136287331581116,1,1.096527099609375,7.7270612716674805,0.1608896255493164,8.986884117126465
dataset/test/Tomato_mold_leaf/IMG-20240724-WA0020_aug_70aug82.jpg,Tomato_mold_leaf,Tomato_mold_leaf,0.8143835067749023,1,1.1179523468017578,7.855746269226074,0.1597604751586914,9.13614559173584
dataset/test/Tomato_mold_leaf/IMG-20240724-WA0020_aug_71aug98.jpg,Tomato_mold_leaf,Tomato_mold_leaf,0.9583194255828857,1,1.1284170150756836,7.735764503479004,0.16238975524902344,9.029163360595703
dataset/test/Tomato_mold_leaf/IMG-20240724-WA0020aug17.jpg,Tomato_mold_leaf,Tomato_mold_leaf,0.6264424920082092,1,1.104416847229004,7.81517219543457,0.16090965270996094,9.082942008972168
dataset/test/Tomato_mold_leaf/IMG-20240724-WA0044_aug_10aug44.jpg,Tomato_mold_leaf,Tomato_mold_leaf,0.999902606010437,1,1.0876750946044922,7.7942094802856445,0.16076087951660156,9.045275688171387
dataset/test/Tomato_mold_leaf/IMG-20240724-WA0044_aug_11aug49.jpg,Tomato_mold_leaf,Tomato_mold_leaf,0.9988227486610413,1,1.107675552368164,7.777006149291992,0.15761280059814453,9.04523754119873
dataset/test/Tomato_mold_leaf/IMG-20240724-WA0044_aug_8aug35.jpg,Tomato_mold_leaf,Tomato_mold_leaf,0.9930481910705566,1,1.1387863159179688,7.584338188171387,0.15927791595458984,8.885235786437988
dataset/test/Tomato_mold_leaf/IMG-20240724-WA0044_aug_9aug41.jpg,Tomato_mold_leaf,Tomato_mold_leaf,0.9990033507347107,1,1.1807126998901367,8.167360305786133,0.16976070404052734,9.52051830291748
dataset/test/Tomato_mold_leaf/IMG-20240724-WA0044aug2.jpg,Tomato_mold_leaf,Tomato_mold_leaf,0.9983811378479004,1,1.2750272750854492,7.964080810546875,0.1690387725830078,9.410665512084961
dataset/test/Tomato_mold_leaf/IMG-20240724-WA0055_aug_28aug27.jpg,Tomato_mold_leaf,Tomato_mold_leaf,0.9999369382858276,1,1.1833982467651367,8.228934288024902,0.1667041778564453,9.58179759979248
dataset/test/Tomato_mold_leaf/IMG-20240724-WA0055_aug_29aug28.jpg,Tomato_mold_leaf,Tomato_mold_leaf,0.9999886751174927,1,1.1312856674194336,8.144508361816406,0.16620540618896484,9.444704055786133
dataset/test/Tomato_mold_leaf/IMG-20240724-WA0055_aug_30aug43.jpg,Tomato_mold_leaf,Tomato_mold_leaf,0.9999624490737915,1,1.1411018371582031,8.173453330993652,0.16674137115478516,9.484186172485352
dataset/test/Tomato_mold_leaf/IMG-20240724-WA0055_aug_31aug50.jpg,Tomato_mold_leaf,Tomato_mold_leaf,0.9999659061431885,1,1.1638412475585938,8.136656761169434,0.1719827651977539,9.476000785827637
dataset/test/Tomato_mold_leaf/IMG-20240724-WA0055aug7.jpg,Tomato_mold_leaf,Tomato_mold_leaf,0.9999533891677856,1,1.150991439819336,8.216620445251465,0.16413116455078125,9.534444808959961
dataset/test/Tomato_mold_leaf/IMG-20240724-WA0065_aug_80aug69.jpg,Tomato_mold_leaf,Tomato_mold_leaf,0.9999517202377319,1,1.2183427810668945,8.12295150756836,0.1653900146484375,9.509612083435059
dataset/test/Tomato_mold_leaf/IMG-20240724-WA0065_aug_81aug70.jpg,Tomato_mold_leaf,Tomato_mold_leaf,0.9996459484100342,1,1.2163801193237305,8.21560001373291,0.16463088989257812,9.599298477172852
dataset/test/Tomato_mold_leaf/IMG-20240724-WA0065_aug_82aug66.jpg,Tomato_mold_leaf,Tomato_mold_leaf,0.9996709823608398,1,1.1428422927856445,8.155582427978516,0.16225910186767578,9.463518142700195
dataset/test/Tomato_mold_leaf/IMG-20240724-WA0065_aug_83aug65.jpg,Tomato_mold_leaf,Tomato_mold_leaf,0.9996672868728638,1,1.1829710006713867,8.09293270111084,0.1514263153076172,9.429722785949707
dataset/test/Tomato_mold_leaf/IMG-20240724-WA0065aug20.jpg,Tomato_mold_leaf,Tomato_mold_leaf,0.9997897744178772,1,1.0940265655517578,7.774005889892578,0.16357421875,9.034534454345703
dataset/test/Tomato_mold_leaf/IMG-20240725-WA0031_aug_0aug46.jpg,Tomato_mold_leaf,Tomato_mold_leaf,0.9732031226158142,1,1.1844902038574219,7.792302131652832,0.16185283660888672,9.141294479370117
dataset/test/Tomato_mold_leaf/IMG-20240725-WA0031_aug_1aug47.jpg,Tomato_mold_leaf,Tomato_mold_leaf,0.9092003703117371,1,1.0897502899169922,7.791783332824707,0.19657611846923828,9.081534385681152
dataset/test/Tomato_mold_leaf/IMG-20240725-WA0031_aug_2aug37.jpg,Tomato_mold_leaf,Tomato_mold_leaf,0.9732031226158142,1,1.0702314376831055,7.884246826171875,0.16107559204101562,9.118329048156738
dataset/test/Tomato_mold_leaf/IMG-20240725-WA0031_aug_3aug45.jpg,Tomato_mold_leaf,Tomato_mold_leaf,0.9321404695510864,1,1.0521011352539062,7.9060258865356445,0.1602792739868164,9.120941162109375
dataset/test/Tomato_mold_leaf/IMG-20240725-WA0031aug0.jpg,Tomato_mold_leaf,Tomato_mold_leaf,0.9919959902763367,1,1.0801191329956055,7.900006294250488,0.16290760040283203,9.145888328552246
dataset/test/Tomato_mold_leaf/IMG-20240725-WA0039_aug_72aug79.jpg,Tomato_mold_leaf,Tomato_mold_leaf,1.0,1,1.108194351196289,7.887487411499023,0.16142749786376953,9.159773826599121
dataset/test/Tomato_mold_leaf/IMG-20240725-WA0039_aug_73aug95.jpg,Tomato_mold_leaf,Tomato_mold_leaf,1.0,1,1.0870647430419922,7.90131950378418,0.16152000427246094,9.152997970581055
dataset/test/Tomato_mold_leaf/IMG-20240725-WA0039_aug_74aug71.jpg,Tomato_mold_leaf,Tomato_mold_leaf,1.0,1,1.0556755065917969,7.8619489669799805,0.1579265594482422,9.078088760375977
dataset/test/Tomato_mold_leaf/IMG-20240725-WA0039_aug_75aug80.jpg,Tomato_mold_leaf,Tomato_mold_leaf,1.0,1,1.1122312545776367,7.682930946350098,0.16524219512939453,8.963644027709961
dataset/test/Tomato_mold_leaf/IMG-20240725-WA0039aug18.jpg,Tomato_mold_leaf,Tomato_mold_leaf,1.0,1,1.2158241271972656,7.815672874450684,0.1671314239501953,9.201238632202148
dataset/test/Tomato_mold_leaf/IMG-20240727-WA0038_aug_40aug105.jpg,Tomato_mold_leaf,Tomato_mold_leaf,0.9999804496765137,1,1.1362133026123047,9.067588806152344,0.16615009307861328,10.372600555419922
dataset/test/Tomato_mold_leaf/IMG-20240727-WA0038_aug_41aug106.jpg,Tomato_mold_leaf,Tomato_mold_leaf,0.9999886751174927,1,1.2541942596435547,8.016321182250977,0.16605758666992188,9.439998626708984
dataset/test/Tomato_mold_leaf/IMG-20240727-WA0038_aug_42aug116.jpg,Tomato_mold_leaf,Tomato_mold_leaf,1.0,1,1.105804443359375,8.120676040649414,0.16776180267333984,9.39681625366211
dataset/test/Tomato_mold_leaf/IMG-20240727-WA0038_aug_43aug110.jpg,Tomato_mold_leaf,Tomato_mold_leaf,0.9999799728393555,1,1.1234703063964844,8.324714660644531,0.1901683807373047,9.641204833984375
dataset/test/Tomato_mold_leaf/IMG-20240727-WA0038aug10.jpg,Tomato_mold_leaf,Tomato_mold_leaf,1.0,1,1.101527214050293,8.236991882324219,0.1636676788330078,9.505463600158691
dataset/test/Tomato_mold_leaf/IMG-20240727-WA0040_aug_56aug92.jpg,Tomato_mold_leaf,Tomato_mold_leaf,0.9999910593032837,1,1.092360496520996,8.164119720458984,0.16666698455810547,9.426351547241211
dataset/test/Tomato_mold_leaf/IMG-20240727-WA0040_aug_57aug83.jpg,Tomato_mold_leaf,Tomato_mold_leaf,0.9999983310699463,1,1.1556949615478516,8.161138534545898,0.16553878784179688,9.485036849975586
dataset/test/Tomato_mold_leaf/IMG-20240727-WA0040_aug_58aug77.jpg,Tomato_mold_leaf,Tomato_mold_leaf,0.9999552965164185,1,1.096379280090332,8.113897323608398,0.16572284698486328,9.37898063659668
dataset/test/Tomato_mold_leaf/IMG-20240727-WA0040_aug_59aug94.jpg,Tomato_mold_leaf,Tomato_mold_leaf,0.9999760389328003,1,1.1459159851074219,8.307564735412598,0.16170501708984375,9.618223190307617
dataset/test/Tomato_mold_leaf/IMG-20240727-WA0040aug14.jpg,Tomato_mold_leaf,Tomato_mold_leaf,0.9999854564666748,1,1.1228418350219727,7.9220991134643555,0.16664981842041016,9.214479446411133
dataset/test/Tomato_mold_leaf/IMG-20240727-WA0124_aug_20aug54.jpg,Tomato_mold_leaf,Tomato_mold_leaf,0.9999921321868896,1,1.2350101470947266,7.997322082519531,0.16794490814208984,9.40353775024414
dataset/test/Tomato_mold_leaf/IMG-20240727-WA0124_aug_21aug38.jpg,Tomato_mold_leaf,Tomato_mold_leaf,0.9999712705612183,1,1.2189903259277344,7.803153991699219,0.16337108612060547,9.18879508972168
dataset/test/Tomato_mold_leaf/IMG-20240727-WA0124_aug_22aug31.jpg,Tomato_mold_leaf,Tomato_mold_leaf,0.9997156262397766,1,1.1552495956420898,8.358973503112793,0.16427898406982422,9.681130409240723
dataset/test/Tomato_mold_leaf/IMG-20240727-WA0124_aug_23aug55.jpg,Tomato_mold_leaf,Tomato_mold_leaf,0.9998725652694702,1,1.112971305847168,7.983450889587402,0.1644439697265625,9.26349925994873
dataset/test/Tomato_mold_leaf/IMG-20240727-WA0124aug5.jpg,Tomato_mold_leaf,Tomato_mold_leaf,0.9999966621398926,1,1.1038236618041992,8.009322166442871,0.1643533706665039,9.280145645141602
dataset/test/Tomato_mold_leaf/IMG-20240727-WA0153_aug_92aug58.jpg,Tomato_mold_leaf,Tomato_mold_leaf,0.9999994039535522,1,1.1140642166137695,7.973395347595215,0.16492652893066406,9.255683898925781
dataset/test/Tomato_mold_leaf/IMG-20240727-WA0153_aug_93aug60.jpg,Tomato_mold_leaf,Tomato_mold_leaf,0.9999983310699463,1,1.091360092163086,8.206896781921387,0.16750049591064453,9.468221664428711
dataset/test/Tomato_mold_leaf/IMG-20240727-WA0153aug23.jpg,Tomato_mold_leaf,Tomato_mold_leaf,0.9999741315841675,1,1.0761213302612305,7.965024948120117,0.16372299194335938,9.207720756530762
dataset/test/Tomato_mold_leaf/IMG-20240727-WA0165aug25.jpg,Tomato_mold_leaf,Tomato_mold_leaf,0.9997403025627136,1,1.1246938705444336,8.046136856079102,0.16987037658691406,9.343757629394531
dataset/test/Tomato_mold_leaf/IMG-20240728-WA0028_aug_64aug91.jpg,Tomato_mold_leaf,Tomato_mold_leaf,1.0,1,1.075211524963379,7.957413673400879,0.16327953338623047,9.198330879211426
dataset/test/Tomato_mold_leaf/IMG-20240728-WA0028_aug_65aug86.jpg,Tomato_mold_leaf,Tomato_mold_leaf,0.9999997615814209,1,1.1884727478027344,8.093749046325684,0.1524829864501953,9.437055587768555
dataset/test/Tomato_mold_leaf/IMG-20240728-WA0028_aug_66aug78.jpg,Tomato_mold_leaf,Tomato_mold_leaf,1.0,1,1.0775642395019531,7.878599166870117,0.1649646759033203,9.123404502868652
dataset/test/Tomato_mold_leaf/IMG-20240728-WA0028_aug_67aug99.jpg,Tomato_mold_leaf,Tomato_mold_leaf,0.9999880790710449,1,1.190286636352539,7.8507280349731445,0.16509342193603516,9.209073066711426
dataset/test/Tomato_mold_leaf/IMG-20240728-WA0028aug16.jpg,Tomato_mold_leaf,Tomato_mold_leaf,1.0,1,1.087916374206543,7.941061973571777,0.16077899932861328,9.192275047302246
dataset/test/Tomato_mold_leaf/IMG-20240728-WA0068_aug_12aug29.jpg,Tomato_mold_leaf,Tomato_mold_leaf,0.9999061822891235,1,1.1463432312011719,8.188970565795898,0.1617412567138672,9.500092506408691
dataset/test/Tomato_mold_leaf/IMG-20240728-WA0068_aug_13aug30.jpg,Tomato_mold_leaf,Tomato_mold_leaf,0.9999978542327881,1,1.074472427368164,7.99017333984375,0.16289043426513672,9.230387687683105
dataset/test/Tomato_mold_leaf/IMG-20240728-WA0068_aug_14aug56.jpg,Tomato_mold_leaf,Tomato_mold_leaf,0.9999035596847534,1,1.0992679595947266,8.018803596496582,0.16387081146240234,9.284757614135742
dataset/test/Tomato_mold_leaf/IMG-20240728-WA0068_aug_15aug42.jpg,Tomato_mold_leaf,Tomato_mold_leaf,0.9999945163726807,1,1.1145086288452148,8.770271301269531,0.16246318817138672,10.050448417663574
dataset/test/Tomato_mold_leaf/IMG-20240728-WA0068aug3.jpg,Tomato_mold_leaf,Tomato_mold_leaf,0.9999711513519287,1,1.0842857360839844,7.962728500366211,0.16257476806640625,9.212443351745605
dataset/test/Tomato_mold_leaf/IMG-20240728-WA0074_aug_44aug102.jpg,Tomato_mold_leaf,Tomato_mold_leaf,0.9999995231628418,1,1.096731185913086,7.979728698730469,0.15994644165039062,9.239053726196289
dataset/test/Tomato_mold_leaf/IMG-20240728-WA0074_aug_45aug75.jpg,Tomato_mold_leaf,Tomato_mold_leaf,1.0,1,1.1410455703735352,8.851420402526855,0.16203880310058594,10.15689468383789
dataset/test/Tomato_mold_leaf/IMG-20240728-WA0074_aug_46aug89.jpg,Tomato_mold_leaf,Tomato_mold_leaf,0.9999961853027344,1,1.0976943969726562,7.876691818237305,0.16387176513671875,9.141091346740723
dataset/test/Tomato_mold_leaf/IMG-20240728-WA0074_aug_47aug111.jpg,Tomato_mold_leaf,Tomato_mold_leaf,1.0,1,1.2794551849365234,12.419060707092285,0.1744823455810547,13.876163482666016
dataset/test/Tomato_mold_leaf/IMG-20240728-WA0074aug11.jpg,Tomato_mold_leaf,Tomato_mold_leaf,0.9999985694885254,1,1.1570091247558594,13.540827751159668,0.16307640075683594,14.86355972290039
dataset/test/Tomato_mold_leaf/IMG-20240728-WA0075aug24.jpg,Tomato_mold_leaf,Tomato_mold_leaf,1.0,1,1.1255073547363281,10.785566329956055,0.1660757064819336,12.080520629882812
dataset/test/Tomato_mold_leaf/IMG-20240728-WA0087_aug_32aug113.jpg,Tomato_mold_leaf,Tomato_mold_leaf,0.9988906979560852,1,5.311578750610352,8.018784523010254,0.16320514678955078,13.496697425842285
dataset/test/Tomato_mold_leaf/IMG-20240728-WA0087_aug_33aug112.jpg,Tomato_mold_leaf,Tomato_mold_leaf,0.9992788434028625,1,1.2603063583374023,8.177526473999023,0.16494464874267578,9.605908393859863
dataset/test/Tomato_mold_leaf/IMG-20240728-WA0087_aug_34aug104.jpg,Tomato_mold_leaf,Tomato_mold_leaf,0.9959573149681091,1,1.1669530868530273,7.931857109069824,0.1633901596069336,9.264887809753418
dataset/test/Tomato_mold_leaf/IMG-20240728-WA0087_aug_35aug100.jpg,Tomato_mold_leaf,Tomato_mold_leaf,0.9999454021453857,1,1.123321533203125,8.079545021057129,0.16575908660888672,9.371574401855469
dataset/test/Tomato_mold_leaf/IMG-20240728-WA0087aug8.jpg,Tomato_mold_leaf,Tomato_mold_leaf,0.9983651041984558,1,1.1042680740356445,8.1781005859375,0.1652240753173828,9.450888633728027
dataset/test/Tomato_mold_leaf/IMG-20240728-WA0093_aug_76aug90.jpg,Tomato_mold_leaf,Tomato_mold_leaf,1.0,1,1.123138427734375,8.224138259887695,0.16588973999023438,9.516130447387695
dataset/test/Tomato_mold_leaf/IMG-20240728-WA0093_aug_77aug68.jpg,Tomato_mold_leaf,Tomato_mold_leaf,1.0,1,1.077916145324707,8.16847038269043,0.1664276123046875,9.415628433227539
dataset/test/Tomato_mold_leaf/IMG-20240728-WA0093_aug_78aug93.jpg,Tomato_mold_leaf,Tomato_mold_leaf,1.0,1,1.0893058776855469,8.18511962890625,0.16372394561767578,9.440814971923828
dataset/test/Tomato_mold_leaf/IMG-20240728-WA0093_aug_79aug64.jpg,Tomato_mold_leaf,Tomato_mold_leaf,0.9999998807907104,1,1.103785514831543,8.176990509033203,0.1529998779296875,9.436408042907715
dataset/test/Tomato_mold_leaf/IMG-20240728-WA0093aug19.jpg,Tomato_mold_leaf,Tomato_mold_leaf,1.0,1,1.052377700805664,7.992025375366211,0.16466617584228516,9.212071418762207
dataset/test/Tomato_mold_leaf/IMG-20240728-WA0101_aug_84aug73.jpg,Tomato_mold_leaf,Tomato_mold_leaf,0.9999850988388062,1,1.2464733123779297,7.959432601928711,0.1668720245361328,9.3756103515625
dataset/test/Tomato_mold_leaf/IMG-20240728-WA0101_aug_85aug72.jpg,Tomato_mold_leaf,Tomato_mold_leaf,0.9999996423721313,1,1.1683235168457031,8.143842697143555,0.16572284698486328,9.48112964630127
dataset/test/Tomato_mold_leaf/IMG-20240728-WA0101_aug_86aug67.jpg,Tomato_mold_leaf,Tomato_mold_leaf,0.9999980926513672,1,1.1201400756835938,8.249861717224121,0.1665019989013672,9.539463996887207
dataset/test/Tomato_mold_leaf/IMG-20240728-WA0101_aug_87aug74.jpg,Tomato_mold_leaf,Tomato_mold_leaf,0.999995231628418,1,1.1331758499145508,8.2212495803833,0.19948291778564453,9.556982040405273
dataset/test/Tomato_mold_leaf/IMG-20240728-WA0101aug21.jpg,Tomato_mold_leaf,Tomato_mold_leaf,0.999983549118042,1,1.1269350051879883,8.376343727111816,0.166259765625,9.672261238098145
dataset/test/Tomato_mold_leaf/IMG-20240728-WA0103_aug_48aug107.jpg,Tomato_mold_leaf,Tomato_mold_leaf,0.9999425411224365,1,1.1361560821533203,8.238046646118164,0.16576099395751953,9.542740821838379
dataset/test/Tomato_mold_leaf/IMG-20240728-WA0103_aug_49aug76.jpg,Tomato_mold_leaf,Tomato_mold_leaf,0.999984622001648,1,1.1696758270263672,19.307297706604004,0.16863155364990234,20.648345947265625
dataset/test/Tomato_mold_leaf/IMG-20240728-WA0103_aug_50aug114.jpg,Tomato_mold_leaf,Tomato_mold_leaf,0.9999568462371826,1,1.162118911743164,8.235804557800293,0.16596412658691406,9.566797256469727
dataset/test/Tomato_mold_leaf/IMG-20240728-WA0103_aug_51aug84.jpg,Tomato_mold_leaf,Tomato_mold_leaf,0.9999666213989258,1,1.1292858123779297,8.246953010559082,0.16618728637695312,9.545519828796387
dataset/test/Tomato_mold_leaf/IMG-20240728-WA0103aug12.jpg,Tomato_mold_leaf,Tomato_mold_leaf,0.9999866485595703,1,1.187861442565918,8.147045135498047,0.16614913940429688,9.503851890563965
dataset/test/Tomato_mold_leaf/IMG-20240812-WA0183_aug_88aug59.jpg,Tomato_mold_leaf,Tomato_leaf_late_blight,0.5026840567588806,0,1.0982494354248047,8.168397903442383,0.1667623519897461,9.436629295349121
dataset/test/Tomato_mold_leaf/IMG-20240812-WA0183_aug_89aug61.jpg,Tomato_mold_leaf,Tomato_Early_blight_leaf,0.9433251023292542,0,1.129471778869629,8.165562629699707,0.16968536376953125,9.467945098876953
dataset/test/Tomato_mold_leaf/IMG-20240812-WA0183_aug_90aug63.jpg,Tomato_mold_leaf,Tomato_Early_blight_leaf,0.7004774212837219,0,1.1348791122436523,8.141582489013672,0.16463088989257812,9.443852424621582
dataset/test/Tomato_mold_leaf/IMG-20240812-WA0183_aug_91aug62.jpg,Tomato_mold_leaf,Tomato_leaf_late_blight,0.36868053674697876,0,1.245565414428711,8.170693397521973,0.16309356689453125,9.582018852233887
dataset/test/Tomato_mold_leaf/IMG-20240812-WA0183aug22.jpg,Tomato_mold_leaf,Tomato_leaf_late_blight,0.3817688524723053,0,1.1387672424316406,7.96897029876709,0.18755722045898438,9.297904968261719
dataset/test/Tomato_mold_leaf/IMG_20251102_155435_aug_24aug39.jpg,Tomato_mold_leaf,Tomato_Early_blight_leaf,0.9926155805587769,0,1.1342878341674805,8.286528587341309,0.1682605743408203,9.591928482055664
dataset/test/Tomato_mold_leaf/IMG_20251102_155435_aug_25aug51.jpg,Tomato_mold_leaf,Tomato_Early_blight_leaf,0.9793457984924316,0,1.0746383666992188,7.865079879760742,0.16039085388183594,9.102829933166504
dataset/test/Tomato_mold_leaf/IMG_20251102_155435_aug_26aug26.jpg,Tomato_mold_leaf,Tomato_Early_blight_leaf,0.9926146268844604,0,1.085526466369629,7.895358085632324,0.16170406341552734,9.145553588867188
dataset/test/Tomato_mold_leaf/IMG_20251102_155435_aug_27aug52.jpg,Tomato_mold_leaf,Tomato_Early_blight_leaf,0.9945030212402344,0,1.0937681198120117,7.859672546386719,0.16100215911865234,9.116978645324707
dataset/test/Tomato_mold_leaf/IMG_20251102_155435aug6.jpg,Tomato_mold_leaf,Tomato_Early_blight_leaf,0.9963319897651672,0,1.0709152221679688,7.885746955871582,0.16222286224365234,9.1214599609375
dataset/test/Tomato_mold_leaf/Leaf+mold+tomato+_25283_2529.JPG_aug_36aug118.jpg,Tomato_mold_leaf,Tomato_mold_leaf,0.923797607421875,1,1.1134538650512695,7.9078216552734375,0.16059398651123047,9.184183120727539
dataset/test/Tomato_mold_leaf/Leaf+mold+tomato+_25283_2529.JPG_aug_37aug117.jpg,Tomato_mold_leaf,Tomato_mold_leaf,0.9890878200531006,1,1.1533432006835938,7.89787483215332,0.15696430206298828,9.21092414855957
dataset/test/Tomato_mold_leaf/Leaf+mold+tomato+_25283_2529.JPG_aug_38aug119.jpg,Tomato_mold_leaf,Tomato_mold_leaf,0.9617575407028198,1,1.1144161224365234,7.901968955993652,0.15814876556396484,9.177460670471191
dataset/test/Tomato_mold_leaf/Leaf+mold+tomato+_25283_2529.JPG_aug_39aug103.jpg,Tomato_mold_leaf,Tomato_mold_leaf,0.8846989870071411,1,1.1501579284667969,7.806967735290527,0.16263103485107422,9.122293472290039
dataset/test/Tomato_mold_leaf/Leaf+mold+tomato+_25283_2529.JPGaug9.jpg,Tomato_mold_leaf,Tomato_mold_leaf,0.8612468242645264,1,1.1355829238891602,7.744634628295898,0.16194438934326172,9.044997215270996
dataset/test/Tomato_mold_leaf/Leaf-mold-caused-by-the-fungal-pathogen-Passalore-fulva-in-tomatoes_aug_16aug33.jpg,Tomato_mold_leaf,Tomato_Septoria_leaf_spot,0.5354321599006653,0,1.1051015853881836,7.8552656173706055,0.16331768035888672,9.12686824798584
dataset/test/Tomato_mold_leaf/Leaf-mold-caused-by-the-fungal-pathogen-Passalore-fulva-in-tomatoes_aug_17aug57.jpg,Tomato_mold_leaf,Tomato_mold_leaf,0.34323206543922424,1,1.0751943588256836,8.106025695800781,0.16924190521240234,9.353961944580078
dataset/test/Tomato_mold_leaf/Leaf-mold-caused-by-the-fungal-pathogen-Passalore-fulva-in-tomatoes_aug_18aug32.jpg,Tomato_mold_leaf,Tomato_mold_leaf,0.6927868723869324,1,1.083582878112793,7.988950729370117,0.1625385284423828,9.237756729125977
dataset/test/Tomato_mold_leaf/Leaf-mold-caused-by-the-fungal-pathogen-Passalore-fulva-in-tomatoes_aug_19aug53.jpg,Tomato_mold_leaf,Tomato_Septoria_leaf_spot,0.6780251860618591,0,1.1038789749145508,8.016729354858398,0.16407489776611328,9.287388801574707
dataset/test/Tomato_mold_leaf/Leaf-mold-caused-by-the-fungal-pathogen-Passalore-fulva-in-tomatoesaug4.jpg,Tomato_mold_leaf,Tomato_mold_leaf,0.967898964881897,1,1.0771379470825195,8.005525588989258,0.16046428680419922,9.245757102966309
dataset/test/Tomato_mold_leaf/leaf_mold_nightshade2x500_aug_60aug81.jpg,Tomato_mold_leaf,Tomato_mold_leaf,0.999858021736145,1,1.0642852783203125,7.804190635681152,0.1825571060180664,9.05427360534668
dataset/test/Tomato_mold_leaf/leaf_mold_nightshade2x500_aug_61aug96.jpg,Tomato_mold_leaf,Tomato_mold_leaf,0.9996125102043152,1,1.213083267211914,7.932487487792969,0.162872314453125,9.311480522155762
dataset/test/Tomato_mold_leaf/leaf_mold_nightshade2x500_aug_62aug85.jpg,Tomato_mold_leaf,Tomato_mold_leaf,0.9998350143432617,1,1.1262502670288086,7.834561347961426,0.16448307037353516,9.127960205078125
dataset/test/Tomato_mold_leaf/leaf_mold_nightshade2x500_aug_63aug88.jpg,Tomato_mold_leaf,Tomato_mold_leaf,0.9997742772102356,1,1.1434354782104492,7.99285888671875,0.16359424591064453,9.302868843078613
dataset/test/Tomato_mold_leaf/leaf_mold_nightshade2x500aug15.jpg,Tomato_mold_leaf,Tomato_mold_leaf,0.9999951124191284,1,1.1473608016967773,7.979487419128418,0.1642599105834961,9.293961524963379
dataset/test/Tomato_mold_leaf/leaf_mold_tomato5x1200_jpg.rf.0a5ee47c78e753f9580bfb7744438ebf_aug_52aug101.jpg,Tomato_mold_leaf,Tomato_mold_leaf,1.0,1,1.1114892959594727,8.017433166503906,0.1635570526123047,9.295146942138672
dataset/test/Tomato_mold_leaf/leaf_mold_tomato5x1200_jpg.rf.0a5ee47c78e753f9580bfb7744438ebf_aug_53aug108.jpg,Tomato_mold_leaf,Tomato_mold_leaf,0.9999998807907104,1,1.0984344482421875,7.95865535736084,0.16327857971191406,9.222942352294922
dataset/test/Tomato_mold_leaf/leaf_mold_tomato5x1200_jpg.rf.0a5ee47c78e753f9580bfb7744438ebf_aug_54aug115.jpg,Tomato_mold_leaf,Tomato_mold_leaf,1.0,1,1.109619140625,8.08761978149414,0.19585323333740234,9.395554542541504
dataset/test/Tomato_mold_leaf/leaf_mold_tomato5x1200_jpg.rf.0a5ee47c78e753f9580bfb7744438ebf_aug_55aug109.jpg,Tomato_mold_leaf,Tomato_mold_leaf,1.0,1,1.1121931076049805,7.92656135559082,0.16231536865234375,9.204201698303223
dataset/test/Tomato_mold_leaf/leaf_mold_tomato5x1200_jpg.rf.0a5ee47c78e753f9580bfb7744438ebfaug13.jpg,Tomato_mold_leaf,Tomato_mold_leaf,1.0,1,1.0970830917358398,7.914377212524414,0.1633157730102539,9.177663803100586
dataset/test/Tomato_mold_leaf/tomato_leaf-mold_04_zoom_aug_4aug36.jpg,Tomato_mold_leaf,Tomato_leaf_late_blight,0.8500897288322449,0,1.120509147644043,7.9642486572265625,0.1613903045654297,9.24853515625
dataset/test/Tomato_mold_leaf/tomato_leaf-mold_04_zoom_aug_5aug48.jpg,Tomato_mold_leaf,Tomato_leaf_late_blight,0.6892176866531372,0,1.175638198852539,8.04178524017334,0.1640939712524414,9.384239196777344
dataset/test/Tomato_mold_leaf/tomato_leaf-mold_04_zoom_aug_6aug40.jpg,Tomato_mold_leaf,Tomato_leaf_late_blight,0.7956012487411499,0,1.1104717254638672,8.291193962097168,0.16413211822509766,9.569093704223633
dataset/test/Tomato_mold_leaf/tomato_leaf-mold_04_zoom_aug_7aug34.jpg,Tomato_mold_leaf,Tomato_Early_blight_leaf,0.5075438022613525,0,1.132676124572754,8.060895919799805,0.19707489013671875,9.393332481384277
dataset/test/Tomato_mold_leaf/tomato_leaf-mold_04_zoomaug1.jpg,Tomato_mold_leaf,Tomato_leaf_late_blight,0.8418868780136108,0,1.0924530029296875,8.00309944152832,0.16326045989990234,9.26149845123291
