image_path,true_class,predicted_class,confidence,correct,preprocess_ms,inference_ms,postprocess_ms,total_pipeline_ms
dataset/test/Tomato_Early_blight_leaf/100_46341_aug_5aug62.jpg,Tomato_Early_blight_leaf,Tomato_Early_blight_leaf,0.974609911441803,1,1.162379264831543,7.916910171508789,0.25585365295410156,9.339253425598145
dataset/test/Tomato_Early_blight_leaf/100_46341_aug_6aug64.jpg,Tomato_Early_blight_leaf,Tomato_Early_blight_leaf,0.7047643065452576,1,1.1026010513305664,8.134671211242676,0.20114994049072266,9.441235542297363
dataset/test/Tomato_Early_blight_leaf/100_46341_aug_7aug57.jpg,Tomato_Early_blight_leaf,Tomato_Early_blight_leaf,0.7047643065452576,1,1.1038236618041992,7.988595962524414,0.17687225341796875,9.271992683410645
dataset/test/Tomato_Early_blight_leaf/100_46341_aug_8aug66.jpg,Tomato_Early_blight_leaf,Tomato_leaf_yellow_curl_virus,0.6544826626777649,0,1.2056941986083984,7.970706939697266,0.17976093292236328,9.35899543762207
dataset/test/Tomato_Early_blight_leaf/100_46341_aug_9aug65.jpg,Tomato_Early_blight_leaf,Tomato_Early_blight_leaf,0.47678691148757935,1,1.138749122619629,8.810840606689453,0.19318580627441406,10.145703315734863
dataset/test/Tomato_Early_blight_leaf/100_46341aug1.jpg,Tomato_Early_blight_leaf,Tomato_Early_blight_leaf,0.5930155515670776,1,1.1453781127929688,7.951743125915527,0.1685199737548828,9.268437385559082
dataset/test/Tomato_Early_blight_leaf/1723454500663_aug_20aug39.jpg,Tomato_Early_blight_leaf,Tomato_Early_blight_leaf,0.9999997615814209,1,1.5440664291381836,14.42540168762207,0.8468389511108398,16.819418907165527
dataset/test/Tomato_Early_blight_leaf/1723454500663_aug_21aug35.jpg,Tomato_Early_blight_leaf,Tomato_Early_blight_leaf,0.9999998807907104,1,1.2685461044311523,13.044316291809082,0.20038986206054688,14.516550064086914
dataset/test/Tomato_Early_blight_leaf/1723454500663_aug_22aug51.jpg,Tomato_Early_blight_leaf,Tomato_Early_blight_leaf,1.0,1,1.1538429260253906,11.050969123840332,0.17133426666259766,12.379090309143066
dataset/test/Tomato_Early_blight_leaf/1723454500663_aug_23aug33.jpg,Tomato_Early_blight_leaf,Tomato_Early_blight_leaf,0.9999997615814209,1,1.1616382598876953,8.473895072937012,0.16735267639160156,9.805977821350098
dataset/test/Tomato_Early_blight_leaf/1723454500663_aug_24aug50.jpg,Tomato_Early_blight_leaf,Tomato_Early_blight_leaf,0.9999949932098389,1,1.1162300109863281,8.338838577270508,0.16907501220703125,9.62697696685791
dataset/test/Tomato_Early_blight_leaf/1723454500663aug4.jpg,Tomato_Early_blight_leaf,Tomato_Early_blight_leaf,0.9999352693557739,1,1.1517305374145508,8.365912437438965,0.17053794860839844,9.691200256347656
dataset/test/Tomato_Early_blight_leaf/1723454507240aug20.jpg,Tomato_Early_blight_leaf,Tomato_Septoria_leaf_spot,0.6738678812980652,0,1.1334152221679688,8.331282615661621,0.1646127700805664,9.631902694702148
dataset/test/Tomato_Early_blight_leaf/EB_(981)_aug_65aug107.jpg,Tomato_Early_blight_leaf,Tomato_Early_blight_leaf,0.9999481439590454,1,1.139267921447754,8.32191276550293,0.18883419036865234,9.652607917785645
dataset/test/Tomato_Early_blight_leaf/EB_(981)_aug_66aug102.jpg,Tomato_Early_blight_leaf,Tomato_Early_blight_leaf,1.0,1,1.1431751251220703,8.116207122802734,0.17098331451416016,9.43306827545166
dataset/test/Tomato_Early_blight_leaf/EB_(981)_aug_67aug101.jpg,Tomato_Early_blight_leaf,Tomato_Early_blight_leaf,0.9995406866073608,1,1.2489347457885742,8.54128360748291,0.16707420349121094,9.96010971069336
dataset/test/Tomato_Early_blight_leaf/EB_(981)_aug_68aug95.jpg,Tomato_Early_blight_leaf,Tomato_Early_blight_leaf,0.9998811483383179,1,1.2291193008422852,7.7755937576293945,0.1613903045654297,9.168844223022461
dataset/test/Tomato_Early_blight_leaf/EB_(981)_aug_69aug97.jpg,Tomato_Early_blight_leaf,Tomato_Early_blight_leaf,0.9999998807907104,1,1.0764713287353516,7.911686897277832,0.16476154327392578,9.156047821044922
dataset/test/Tomato_Early_blight_leaf/EB_(981)aug13.jpg,Tomato_Early_blight_leaf,Tomato_Early_blight_leaf,0.999998927116394,1,1.090470314025879,7.880908966064453,0.1644268035888672,9.138233184814453
dataset/test/Tomato_Early_blight_leaf/Early-blight-660x440_aug_0aug61.jpg,Tomato_Early_blight_leaf,Tomato_Early_blight_leaf,0.9999604225158691,1,1.1333417892456055,7.973705291748047,0.16120529174804688,9.271086692810059
dataset/test/Tomato_Early_blight_leaf/Early-blight-660x440_aug_1aug59.jpg,Tomato_Early_blight_leaf,Tomato_Early_blight_leaf,0.9996168613433838,1,1.0792293548583984,7.927391052246094,0.16068553924560547,9.16982650756836
dataset/test/Tomato_Early_blight_leaf/Early-blight-660x440_aug_2aug63.jpg,Tomato_Early_blight_leaf,Tomato_Early_blight_leaf,0.9992146492004395,1,1.0793418884277344,7.922743797302246,0.16709423065185547,9.171900749206543
dataset/test/Tomato_Early_blight_leaf/Early-blight-660x440_aug_3aug60.jpg,Tomato_Early_blight_leaf,Tomato_Early_blight_leaf,0.9999682903289795,1,1.0848417282104492,8.62576675415039,0.1618356704711914,9.875163078308105
dataset/test/Tomato_Early_blight_leaf/Early-blight-660x440_aug_4aug58.jpg,Tomato_Early_blight_leaf,Tomato_Early_blight_leaf,0.9999508857727051,1,1.067896842956543,8.034337043762207,0.16285324096679688,9.267881393432617
dataset/test/Tomato_Early_blight_leaf/Early-blight-660x440aug0.jpg,Tomato_Early_blight_leaf,Tomato_Early_blight_leaf,0.9999618530273438,1,1.0726003646850586,8.000335693359375,0.15720462799072266,9.232437133789062
dataset/test/Tomato_Early_blight_leaf/Gls42_change_180_aug_70aug100.jpg,Tomato_Early_blight_leaf,Tomato_Early_blight_leaf,0.996852695941925,1,1.0830459594726562,8.1646146774292,0.15166759490966797,9.401789665222168
dataset/test/Tomato_Early_blight_leaf/Gls42_change_180_aug_71aug109.jpg,Tomato_Early_blight_leaf,Tomato_Early_blight_leaf,0.9994385838508606,1,1.033656120300293,7.7654266357421875,0.16635417938232422,8.967971801757812
dataset/test/Tomato_Early_blight_leaf/Gls42_change_180_aug_72aug104.jpg,Tomato_Early_blight_leaf,Tomato_Early_blight_leaf,0.9999814033508301,1,1.1978979110717773,8.026613235473633,0.18101978302001953,9.408846855163574
dataset/test/Tomato_Early_blight_leaf/Gls42_change_180_aug_73aug94.jpg,Tomato_Early_blight_leaf,Tomato_Early_blight_leaf,0.9992372989654541,1,1.0782670974731445,8.259930610656738,0.16596412658691406,9.506717681884766
dataset/test/Tomato_Early_blight_leaf/Gls42_change_180_aug_74aug108.jpg,Tomato_Early_blight_leaf,Tomato_Early_blight_leaf,0.9993934631347656,1,1.0670270919799805,8.324542045593262,0.16318702697753906,9.5576810836792
dataset/test/Tomato_Early_blight_leaf/Gls42_change_180aug14.jpg,Tomato_Early_blight_leaf,Tomato_Early_blight_leaf,0.9993487000465393,1,1.0732307434082031,8.137022018432617,0.16561126708984375,9.378604888916016
dataset/test/Tomato_Early_blight_leaf/Gls4_mirror_aug_60aug93.jpg,Tomato_Early_blight_leaf,Tomato_Early_blight_leaf,0.9999998807907104,1,1.101119041442871,8.16535758972168,0.1658163070678711,9.435142517089844
dataset/test/Tomato_Early_blight_leaf/Gls4_mirror_aug_61aug98.jpg,Tomato_Early_blight_leaf,Tomato_Early_blight_leaf,0.9999998807907104,1,1.0661563873291016,8.274744987487793,0.16507434844970703,9.50860595703125
dataset/test/Tomato_Early_blight_leaf/Gls4_mirror_aug_62aug91.jpg,Tomato_Early_blight_leaf,Tomato_Early_blight_leaf,0.9999997615814209,1,1.0367670059204102,8.563136100769043,0.19611263275146484,9.79864501953125
dataset/test/Tomato_Early_blight_leaf/Gls4_mirror_aug_63aug110.jpg,Tomato_Early_blight_leaf,Tomato_Early_blight_leaf,1.0,1,1.0487117767333984,8.267394065856934,0.16351890563964844,9.482125282287598
dataset/test/Tomato_Early_blight_leaf/Gls4_mirror_aug_64aug105.jpg,Tomato_Early_blight_leaf,Tomato_Early_blight_leaf,1.0,1,1.0618419647216797,8.295190811157227,0.16377830505371094,9.523569107055664
dataset/test/Tomato_Early_blight_leaf/Gls4_mirror_vertical_aug_25aug37.jpg,Tomato_Early_blight_leaf,Tomato_Early_blight_leaf,0.9992973804473877,1,1.0946197509765625,8.346468925476074,0.15483570098876953,9.598533630371094
dataset/test/Tomato_Early_blight_leaf/Gls4_mirror_vertical_aug_26aug41.jpg,Tomato_Early_blight_leaf,Tomato_Early_blight_leaf,0.999812662601471,1,1.0415821075439453,7.987948417663574,0.1650562286376953,9.197511672973633
dataset/test/Tomato_Early_blight_leaf/Gls4_mirror_vertical_aug_27aug40.jpg,Tomato_Early_blight_leaf,Tomato_Early_blight_leaf,0.9999986886978149,1,1.154322624206543,7.980389595031738,0.1649637222290039,9.302680015563965
dataset/test/Tomato_Early_blight_leaf/Gls4_mirror_vertical_aug_28aug36.jpg,Tomato_Early_blight_leaf,Tomato_Early_blight_leaf,0.9999960660934448,1,1.0906009674072266,8.118132591247559,0.16501903533935547,9.376457214355469
dataset/test/Tomato_Early_blight_leaf/Gls4_mirror_vertical_aug_29aug42.jpg,Tomato_Early_blight_leaf,Tomato_Early_blight_leaf,0.9999443292617798,1,1.070359230041504,8.357912063598633,0.1656503677368164,9.596495628356934
dataset/test/Tomato_Early_blight_leaf/Gls4_mirror_verticalaug5.jpg,Tomato_Early_blight_leaf,Tomato_Early_blight_leaf,0.9999709129333496,1,1.0512113571166992,8.316911697387695,0.16340923309326172,9.534717559814453
dataset/test/Tomato_Early_blight_leaf/Gls4_mirroraug12.jpg,Tomato_Early_blight_leaf,Tomato_Early_blight_leaf,0.9999997615814209,1,1.3018245697021484,8.4431734085083,0.16672325134277344,9.914202690124512
dataset/test/Tomato_Early_blight_leaf/IMG-20240812-WA0445_aug_40aug23.jpg,Tomato_Early_blight_leaf,Tomato_mold_leaf,0.8065823316574097,0,1.1206932067871094,8.490097999572754,0.1625375747680664,9.775941848754883
dataset/test/Tomato_Early_blight_leaf/IMG-20240812-WA0445_aug_41aug28.jpg,Tomato_Early_blight_leaf,Tomato_mold_leaf,0.9769747257232666,0,1.1723957061767578,8.199745178222656,0.1676311492919922,9.542512893676758
dataset/test/Tomato_Early_blight_leaf/IMG-20240812-WA0445_aug_42aug21.jpg,Tomato_Early_blight_leaf,Tomato_mold_leaf,0.9205265045166016,0,1.1173419952392578,8.353967666625977,0.1641864776611328,9.638162612915039
dataset/test/Tomato_Early_blight_leaf/IMG-20240812-WA0445_aug_43aug24.jpg,Tomato_Early_blight_leaf,Tomato_leaf_yellow_curl_virus,0.48197266459465027,0,1.1629905700683594,8.190114974975586,0.1985931396484375,9.554255485534668
dataset/test/Tomato_Early_blight_leaf/IMG-20240812-WA0445_aug_44aug22.jpg,Tomato_Early_blight_leaf,Tomato_mold_leaf,0.7395245432853699,0,1.1441011428833008,8.156058311462402,0.16587162017822266,9.468587875366211
dataset/test/Tomato_Early_blight_leaf/IMG-20240812-WA0445aug8.jpg,Tomato_Early_blight_leaf,Tomato_leaf_yellow_curl_virus,0.7753685712814331,0,1.1539535522460938,8.433173179626465,0.16337108612060547,9.753128051757812
dataset/test/Tomato_Early_blight_leaf/IMG20240812111749_aug_90aug80.jpg,Tomato_Early_blight_leaf,Tomato_mold_leaf,0.9999536275863647,0,1.2331018447875977,8.193114280700684,0.16300106048583984,9.592050552368164
dataset/test/Tomato_Early_blight_leaf/IMG20240812111749_aug_91aug77.jpg,Tomato_Early_blight_leaf,Tomato_mold_leaf,0.9993045330047607,0,1.2095098495483398,8.207596778869629,0.16300106048583984,9.583162307739258
dataset/test/Tomato_Early_blight_leaf/IMG20240812111749_aug_92aug73.jpg,Tomato_Early_blight_leaf,Tomato_mold_leaf,0.9998676776885986,0,1.1458053588867188,8.21933650970459,0.19201946258544922,9.5603666305542
dataset/test/Tomato_Early_blight_leaf/IMG20240812111749_aug_93aug71.jpg,Tomato_Early_blight_leaf,Tomato_mold_leaf,0.9997363686561584,0,1.1461009979248047,8.069189071655273,0.16541004180908203,9.383179664611816
dataset/test/Tomato_Early_blight_leaf/IMG20240812111749_aug_94aug74.jpg,Tomato_Early_blight_leaf,Tomato_mold_leaf,0.9922038316726685,0,1.211379051208496,8.182336807250977,0.16587066650390625,9.562365531921387
dataset/test/Tomato_Early_blight_leaf/IMG20240812111749aug18.jpg,Tomato_Early_blight_leaf,Tomato_mold_leaf,0.9998482465744019,0,1.263138771057129,8.248726844787598,0.1645193099975586,9.67912483215332
dataset/test/Tomato_Early_blight_leaf/IMG_20251102_155150_aug_30aug34.jpg,Tomato_Early_blight_leaf,Tomato_Early_blight_leaf,1.0,1,1.1089706420898438,8.170873641967773,0.18068599700927734,9.463254928588867
dataset/test/Tomato_Early_blight_leaf/IMG_20251102_155150_aug_31aug43.jpg,Tomato_Early_blight_leaf,Tomato_Early_blight_leaf,1.0,1,1.0786371231079102,8.227151870727539,0.16385269165039062,9.472290992736816
dataset/test/Tomato_Early_blight_leaf/IMG_20251102_155150_aug_32aug44.jpg,Tomato_Early_blight_leaf,Tomato_Early_blight_leaf,1.0,1,1.1504344940185547,8.158133506774902,0.16601848602294922,9.477163314819336
dataset/test/Tomato_Early_blight_leaf/IMG_20251102_155150_aug_33aug38.jpg,Tomato_Early_blight_leaf,Tomato_Early_blight_leaf,1.0,1,1.1014900207519531,8.322189331054688,0.16431617736816406,9.590754508972168
dataset/test/Tomato_Early_blight_leaf/IMG_20251102_155150_aug_34aug32.jpg,Tomato_Early_blight_leaf,Tomato_Early_blight_leaf,1.0,1,1.0701370239257812,8.211263656616211,0.164093017578125,9.448180198669434
dataset/test/Tomato_Early_blight_leaf/IMG_20251102_155150aug6.jpg,Tomato_Early_blight_leaf,Tomato_Early_blight_leaf,1.0,1,1.0817852020263672,8.213653564453125,0.18287277221679688,9.481087684631348
dataset/test/Tomato_Early_blight_leaf/IMG_20251102_155153_aug_85aug72.jpg,Tomato_Early_blight_leaf,Tomato_Early_blight_leaf,1.0,1,1.1101932525634766,8.1906156539917,0.1625385284423828,9.466254234313965
dataset/test/Tomato_Early_blight_leaf/IMG_20251102_155153_aug_86aug78.jpg,Tomato_Early_blight_leaf,Tomato_Early_blight_leaf,1.0,1,1.1599349975585938,8.352264404296875,0.16007518768310547,9.674534797668457
dataset/test/Tomato_Early_blight_leaf/IMG_20251102_155153_aug_87aug76.jpg,Tomato_Early_blight_leaf,Tomato_Early_blight_leaf,1.0,1,1.106379508972168,7.962799072265625,0.3221864700317383,9.394549369812012
dataset/test/Tomato_Early_blight_leaf/IMG_20251102_155153_aug_88aug79.jpg,Tomato_Early_blight_leaf,Tomato_Early_blight_leaf,1.0,1,1.0743608474731445,7.994836807250977,0.1686105728149414,9.240121841430664
dataset/test/Tomato_Early_blight_leaf/IMG_20251102_155153_aug_89aug75.jpg,Tomato_Early_blight_leaf,Tomato_Early_blight_leaf,1.0,1,1.235769271850586,8.032318115234375,0.16809463500976562,9.438901901245117
dataset/test/Tomato_Early_blight_leaf/IMG_20251102_155153aug17.jpg,Tomato_Early_blight_leaf,Tomato_Early_blight_leaf,1.0,1,1.1188421249389648,8.172078132629395,0.16120433807373047,9.455291748046875
dataset/test/Tomato_Early_blight_leaf/IMG_20251102_155207_aug_10aug47.jpg,Tomato_Early_blight_leaf,Tomato_Early_blight_leaf,0.9999998807907104,1,1.0954341888427734,8.211634635925293,0.2016124725341797,9.511662483215332
dataset/test/Tomato_Early_blight_leaf/IMG_20251102_155207_aug_11aug56.jpg,Tomato_Early_blight_leaf,Tomato_Early_blight_leaf,0.9999998807907104,1,1.0983428955078125,8.191726684570312,0.1652975082397461,9.457883834838867
dataset/test/Tomato_Early_blight_leaf/IMG_20251102_155207_aug_12aug45.jpg,Tomato_Early_blight_leaf,Tomato_Early_blight_leaf,1.0,1,1.093358039855957,8.303653717041016,0.16514873504638672,9.565014839172363
dataset/test/Tomato_Early_blight_leaf/IMG_20251102_155207_aug_13aug48.jpg,Tomato_Early_blight_leaf,Tomato_Early_blight_leaf,1.0,1,1.1162118911743164,8.317708015441895,0.16540908813476562,9.602200508117676
dataset/test/Tomato_Early_blight_leaf/IMG_20251102_155207_aug_14aug49.jpg,Tomato_Early_blight_leaf,Tomato_Early_blight_leaf,0.9999998807907104,1,1.1137113571166992,8.308967590332031,0.16485309600830078,9.590163230895996
dataset/test/Tomato_Early_blight_leaf/IMG_20251102_155207aug2.jpg,Tomato_Early_blight_leaf,Tomato_Early_blight_leaf,0.9999998807907104,1,1.1277685165405273,8.307856559753418,0.16563129425048828,9.604069709777832
dataset/test/Tomato_Early_blight_leaf/IMG_20251102_155305_aug_35aug25.jpg,Tomato_Early_blight_leaf,Tomato_Early_blight_leaf,0.9988731741905212,1,1.1927309036254883,8.303171157836914,0.16568660736083984,9.664329528808594
dataset/test/Tomato_Early_blight_leaf/IMG_20251102_155305_aug_36aug27.jpg,Tomato_Early_blight_leaf,Tomato_Early_blight_leaf,0.9940834641456604,1,1.1089897155761719,8.328374862670898,0.16489028930664062,9.60549545288086
dataset/test/Tomato_Early_blight_leaf/IMG_20251102_155305_aug_37aug29.jpg,Tomato_Early_blight_leaf,Tomato_leaf_yellow_curl_virus,0.5579514503479004,0,1.1698980331420898,8.363004684448242,0.1650381088256836,9.700773239135742
dataset/test/Tomato_Early_blight_leaf/IMG_20251102_155305_aug_38aug31.jpg,Tomato_Early_blight_leaf,Tomato_Early_blight_leaf,0.8343935608863831,1,1.102583885192871,8.177373886108398,0.16726016998291016,9.449995040893555
dataset/test/Tomato_Early_blight_leaf/IMG_20251102_155305_aug_39aug26.jpg,Tomato_Early_blight_leaf,Tomato_Early_blight_leaf,0.6613174080848694,1,1.1031923294067383,8.298727035522461,0.16618728637695312,9.570755004882812
dataset/test/Tomato_Early_blight_leaf/IMG_20251102_155305aug7.jpg,Tomato_Early_blight_leaf,Tomato_Early_blight_leaf,0.9988594055175781,1,1.147806167602539,8.358986854553223,0.16481685638427734,9.674328804016113
dataset/test/Tomato_Early_blight_leaf/IMG_20251102_155853_aug_55aug106.jpg,Tomato_Early_blight_leaf,Tomato_leaf_late_blight,0.999721109867096,0,1.1428422927856445,8.344708442687988,0.16537094116210938,9.655719757080078
dataset/test/Tomato_Early_blight_leaf/IMG_20251102_155853_aug_56aug92.jpg,Tomato_Early_blight_leaf,Tomato_leaf_late_blight,0.999962329864502,0,1.1560077667236328,8.31654167175293,0.18231582641601562,9.65788459777832
dataset/test/Tomato_Early_blight_leaf/IMG_20251102_155853_aug_57aug96.jpg,Tomato_Early_blight_leaf,Tomato_leaf_late_blight,0.998325526714325,0,1.130509376525879,8.323079109191895,0.16787242889404297,9.624550819396973
dataset/test/Tomato_Early_blight_leaf/IMG_20251102_155853_aug_58aug103.jpg,Tomato_Early_blight_leaf,Tomato_leaf_late_blight,0.999997615814209,0,1.115194320678711,8.272431373596191,0.20261287689208984,9.593180656433105
dataset/test/Tomato_Early_blight_leaf/IMG_20251102_155853_aug_59aug99.jpg,Tomato_Early_blight_leaf,Tomato_leaf_late_blight,0.9994101524353027,0,1.130915641784668,8.322689056396484,0.17061233520507812,9.627680778503418
dataset/test/Tomato_Early_blight_leaf/IMG_20251102_155853aug11.jpg,Tomato_Early_blight_leaf,Tomato_leaf_late_blight,0.9999995231628418,0,1.1146936416625977,8.336856842041016,0.1664257049560547,9.62038516998291
dataset/test/Tomato_Early_blight_leaf/IMG_20251102_160046_aug_95aug70.jpg,Tomato_Early_blight_leaf,Tomato_Early_blight_leaf,0.998335063457489,1,1.153970718383789,8.335319519042969,0.16727924346923828,9.65956974029541
dataset/test/Tomato_Early_blight_leaf/IMG_20251102_160046_aug_96aug69.jpg,Tomato_Early_blight_leaf,Tomato_Early_blight_leaf,0.9997535347938538,1,1.1509160995483398,8.329413414001465,0.166168212890625,9.649200439453125
dataset/test/Tomato_Early_blight_leaf/IMG_20251102_160046_aug_97aug67.jpg,Tomato_Early_blight_leaf,Tomato_Early_blight_leaf,0.9973099231719971,1,1.1340818405151367,8.372117042541504,0.1654825210571289,9.67425537109375
dataset/test/Tomato_Early_blight_leaf/IMG_20251102_160046_aug_98aug68.jpg,Tomato_Early_blight_leaf,Tomato_Early_blight_leaf,0.8701509833335876,1,1.136174201965332,8.291764259338379,0.165130615234375,9.595717430114746
dataset/test/Tomato_Early_blight_leaf/IMG_20251102_160046aug19.jpg,Tomato_Early_blight_leaf,Tomato_Early_blight_leaf,0.9510475993156433,1,1.1287670135498047,8.291781425476074,0.16433334350585938,9.587309837341309
dataset/test/Tomato_Early_blight_leaf/IMG_20251102_160055_aug_15aug53.jpg,Tomato_Early_blight_leaf,Tomato_Early_blight_leaf,1.0,1,1.1451187133789062,8.318022727966309,0.15588951110839844,9.621217727661133
dataset/test/Tomato_Early_blight_leaf/IMG_20251102_160055_aug_16aug55.jpg,Tomato_Early_blight_leaf,Tomato_Early_blight_leaf,1.0,1,1.0680999755859375,8.125003814697266,0.1843719482421875,9.380475044250488
dataset/test/Tomato_Early_blight_leaf/IMG_20251102_160055_aug_17aug46.jpg,Tomato_Early_blight_leaf,Tomato_Early_blight_leaf,1.0,1,1.2086400985717773,8.17754077911377,0.16794586181640625,9.556754112243652
dataset/test/Tomato_Early_blight_leaf/IMG_20251102_160055_aug_18aug54.jpg,Tomato_Early_blight_leaf,Tomato_Early_blight_leaf,1.0,1,1.1835451126098633,8.12817096710205,0.16576099395751953,9.480161666870117
dataset/test/Tomato_Early_blight_leaf/IMG_20251102_160055_aug_19aug52.jpg,Tomato_Early_blight_leaf,Tomato_Early_blight_leaf,1.0,1,1.0996551513671875,8.440801620483398,0.1718158721923828,9.715330123901367
dataset/test/Tomato_Early_blight_leaf/IMG_20251102_160055aug3.jpg,Tomato_Early_blight_leaf,Tomato_Early_blight_leaf,1.0,1,1.1477117538452148,8.292022705078125,0.16592788696289062,9.608291625976562
dataset/test/Tomato_Early_blight_leaf/IMG_20251102_160217_aug_75aug82.jpg,Tomato_Early_blight_leaf,Tomato_Early_blight_leaf,0.9999995231628418,1,1.112081527709961,8.394450187683105,0.1717967987060547,9.681255340576172
dataset/test/Tomato_Early_blight_leaf/IMG_20251102_160217_aug_76aug83.jpg,Tomato_Early_blight_leaf,Tomato_Early_blight_leaf,0.9999988079071045,1,1.1033592224121094,8.415081024169922,0.16620445251464844,9.687478065490723
dataset/test/Tomato_Early_blight_leaf/IMG_20251102_160217_aug_77aug90.jpg,Tomato_Early_blight_leaf,Tomato_Early_blight_leaf,0.999661922454834,1,1.102804183959961,8.362208366394043,0.16516876220703125,9.633143424987793
dataset/test/Tomato_Early_blight_leaf/IMG_20251102_160217_aug_78aug81.jpg,Tomato_Early_blight_leaf,Tomato_Early_blight_leaf,0.9999983310699463,1,1.097062110900879,8.318541526794434,0.1674642562866211,9.585737228393555
dataset/test/Tomato_Early_blight_leaf/IMG_20251102_160217_aug_79aug86.jpg,Tomato_Early_blight_leaf,Tomato_Early_blight_leaf,0.9999994039535522,1,1.1500825881958008,8.617637634277344,0.2043161392211914,9.975406646728516
dataset/test/Tomato_Early_blight_leaf/IMG_20251102_160217aug15.jpg,Tomato_Early_blight_leaf,Tomato_Early_blight_leaf,0.9999996423721313,1,1.4461402893066406,11.09324836730957,0.2251300811767578,12.767925262451172
dataset/test/Tomato_Early_blight_leaf/IMG_20251102_160523_aug_50aug114.jpg,Tomato_Early_blight_leaf,Tomato_Early_blight_leaf,0.9999908208847046,1,1.522862434387207,11.090155601501465,0.20501995086669922,12.821407318115234
dataset/test/Tomato_Early_blight_leaf/IMG_20251102_160523_aug_51aug111.jpg,Tomato_Early_blight_leaf,Tomato_Early_blight_leaf,0.9999783039093018,1,1.5397891998291016,11.081433296203613,0.8723392486572266,13.497302055358887
dataset/test/Tomato_Early_blight_leaf/IMG_20251102_160523_aug_52aug112.jpg,Tomato_Early_blight_leaf,Tomato_Early_blight_leaf,0.9999881982803345,1,1.6968097686767578,11.19063663482666,0.20468616485595703,13.095947265625
dataset/test/Tomato_Early_blight_leaf/IMG_20251102_160523_aug_53aug115.jpg,Tomato_Early_blight_leaf,Tomato_Early_blight_leaf,0.9999991655349731,1,1.5231971740722656,12.372053146362305,0.2582435607910156,14.157140731811523
dataset/test/Tomato_Early_blight_leaf/IMG_20251102_160523_aug_54aug113.jpg,Tomato_Early_blight_leaf,Tomato_Early_blight_leaf,0.9999556541442871,1,1.5210113525390625,11.136581420898438,0.20809459686279297,12.869093894958496
dataset/test/Tomato_Early_blight_leaf/IMG_20251102_160523aug10.jpg,Tomato_Early_blight_leaf,Tomato_Early_blight_leaf,0.9999963045120239,1,1.8732175827026367,22.13860511779785,0.16751861572265625,24.182601928710938
dataset/test/Tomato_Early_blight_leaf/IMG_20251102_161202_aug_45aug118.jpg,Tomato_Early_blight_leaf,Tomato_Early_blight_leaf,0.9980365633964539,1,1.1655092239379883,12.309144973754883,0.16283512115478516,13.640172004699707
dataset/test/Tomato_Early_blight_leaf/IMG_20251102_161202_aug_46aug116.jpg,Tomato_Early_blight_leaf,Tomato_Early_blight_leaf,0.9980365633964539,1,1.1072301864624023,9.567328453063965,0.16068649291992188,10.837672233581543
dataset/test/Tomato_Early_blight_leaf/IMG_20251102_161202_aug_47aug117.jpg,Tomato_Early_blight_leaf,Tomato_Early_blight_leaf,0.9999865293502808,1,1.1142120361328125,7.965706825256348,0.1608905792236328,9.243511199951172
dataset/test/Tomato_Early_blight_leaf/IMG_20251102_161202_aug_48aug30.jpg,Tomato_Early_blight_leaf,Tomato_Early_blight_leaf,0.9993165731430054,1,1.1116571426391602,7.865482330322266,0.20729637145996094,9.187345504760742
dataset/test/Tomato_Early_blight_leaf/IMG_20251102_161202_aug_49aug119.jpg,Tomato_Early_blight_leaf,Tomato_Early_blight_leaf,0.9984918832778931,1,1.1146936416625977,7.908890724182129,0.16154003143310547,9.187456130981445
dataset/test/Tomato_Early_blight_leaf/IMG_20251102_161202aug9.jpg,Tomato_Early_blight_leaf,Tomato_Early_blight_leaf,0.9992183446884155,1,1.1060829162597656,7.887520790100098,0.16265010833740234,9.158658027648926
dataset/test/Tomato_Early_blight_leaf/early_blight_jpg.rf.1091c0a2a9a3da5b9ad688c89298614c_aug_80aug87.jpg,Tomato_Early_blight_leaf,Tomato_Early_blight_leaf,0.9416056871414185,1,1.0597858428955078,7.879817008972168,0.15892791748046875,9.100881576538086
dataset/test/Tomato_Early_blight_leaf/early_blight_jpg.rf.1091c0a2a9a3da5b9ad688c89298614c_aug_81aug84.jpg,Tomato_Early_blight_leaf,Tomato_Early_blight_leaf,0.9744586944580078,1,1.0983037948608398,7.834299087524414,0.15155696868896484,9.08651065826416
dataset/test/Tomato_Early_blight_leaf/early_blight_jpg.rf.1091c0a2a9a3da5b9ad688c89298614c_aug_82aug89.jpg,Tomato_Early_blight_leaf,Tomato_Early_blight_leaf,0.787794828414917,1,1.0407485961914062,7.800594329833984,0.16127967834472656,9.005250930786133
dataset/test/Tomato_Early_blight_leaf/early_blight_jpg.rf.1091c0a2a9a3da5b9ad688c89298614c_aug_83aug85.jpg,Tomato_Early_blight_leaf,Tomato_Early_blight_leaf,0.9616097211837769,1,1.2909355163574219,7.699038505554199,0.17313003540039062,9.165937423706055
dataset/test/Tomato_Early_blight_leaf/early_blight_jpg.rf.1091c0a2a9a3da5b9ad688c89298614c_aug_84aug88.jpg,Tomato_Early_blight_leaf,Tomato_Early_blight_leaf,0.9846509695053101,1,1.0828790664672852,8.377578735351562,0.16670513153076172,9.629755973815918
dataset/test/Tomato_Early_blight_leaf/early_blight_jpg.rf.1091c0a2a9a3da5b9ad688c89298614caug16.jpg,Tomato_Early_blight_leaf,Tomato_Early_blight_leaf,0.9830031991004944,1,1.1209335327148438,8.323264122009277,0.16770458221435547,9.61469841003418
dataset/test/Tomato_Healthy_leaf/20140818-tomato-sauce-vicky-wasik-1_jpg.rf.d3d9b4a0642e72ba76b40dbdfff8b9f7_aug_6aug50.jpg,Tomato_Healthy_leaf,Tomato_Healthy_leaf,1.0,1,1.0805625915527344,8.317228317260742,0.1689462661743164,9.569533348083496
dataset/test/Tomato_Healthy_leaf/20140818-tomato-sauce-vicky-wasik-1_jpg.rf.d3d9b4a0642e72ba76b40dbdfff8b9f7_aug_7aug56.jpg,Tomato_Healthy_leaf,Tomato_Healthy_leaf,1.0,1,1.1108026504516602,8.318671226501465,0.1681680679321289,9.600625038146973
dataset/test/Tomato_Healthy_leaf/20140818-tomato-sauce-vicky-wasik-1_jpg.rf.d3d9b4a0642e72ba76b40dbdfff8b9f7aug3.jpg,Tomato_Healthy_leaf,Tomato_Healthy_leaf,1.0,1,1.067286491394043,8.422967910766602,0.16629791259765625,9.659330368041992
dataset/test/Tomato_Healthy_leaf/2015-09-17-01_aug_20aug110.jpg,Tomato_Healthy_leaf,Tomato_Healthy_leaf,0.9962066411972046,1,1.1446380615234375,9.261141777038574,0.16601943969726562,10.57439136505127
dataset/test/Tomato_Healthy_leaf/2015-09-17-01_aug_21aug114.jpg,Tomato_Healthy_leaf,Tomato_Healthy_leaf,0.9999979734420776,1,1.0851192474365234,8.335060119628906,0.16942691802978516,9.592588424682617
dataset/test/Tomato_Healthy_leaf/2015-09-17-01aug10.jpg,Tomato_Healthy_leaf,Tomato_Healthy_leaf,0.9999333620071411,1,1.1491203308105469,8.498822212219238,0.16353893280029297,9.81418228149414
dataset/test/Tomato_Healthy_leaf/Basil_2Binfected_2Bby_2BTomato_2BSpotted_2BWilt_2BVirus_aug_2aug59.jpg,Tomato_Healthy_leaf,Tomato_mold_leaf,0.9767253994941711,0,1.085099220275879,8.301338195800781,0.1704082489013672,9.559865951538086
dataset/test/Tomato_Healthy_leaf/Basil_2Binfected_2Bby_2BTomato_2BSpotted_2BWilt_2BVirus_aug_3aug51.jpg,Tomato_Healthy_leaf,Tomato_mold_leaf,0.648232102394104,0,1.0830631256103516,8.282244682312012,0.19722366333007812,9.565347671508789
dataset/test/Tomato_Healthy_leaf/Basil_2Binfected_2Bby_2BTomato_2BSpotted_2BWilt_2BVirusaug1.jpg,Tomato_Healthy_leaf,Tomato_mold_leaf,0.6734519004821777,0,1.082045555114746,7.932650566101074,0.3201122283935547,9.337752342224121
dataset/test/Tomato_Healthy_leaf/Fig-2_aug_22aug102.jpg,Tomato_Healthy_leaf,Tomato_Healthy_leaf,0.5693080425262451,1,1.0361003875732422,7.843260765075684,0.17766857147216797,9.060213088989258
dataset/test/Tomato_Healthy_leaf/Fig-2_aug_23aug90.jpg,Tomato_Healthy_leaf,Tomato_Septoria_leaf_spot,0.43880367279052734,0,1.2185277938842773,7.877002716064453,0.1635570526123047,9.26143741607666
dataset/test/Tomato_Healthy_leaf/Fig-2aug11.jpg,Tomato_Healthy_leaf,Tomato_leaf_yellow_curl_virus,0.5781365036964417,0,1.1231756210327148,8.036003112792969,0.16324138641357422,9.325289726257324
dataset/test/Tomato_Healthy_leaf/HL_(103)aug39.jpg,Tomato_Healthy_leaf,Tomato_Healthy_leaf,1.0,1,1.0775079727172852,8.11005973815918,0.16203784942626953,9.352161407470703
dataset/test/Tomato_Healthy_leaf/HL_(118)_aug_38aug103.jpg,Tomato_Healthy_leaf,Tomato_Healthy_leaf,1.0,1,1.0727863311767578,8.21520709991455,0.1628713607788086,9.453309059143066
dataset/test/Tomato_Healthy_leaf/HL_(118)_aug_39aug104.jpg,Tomato_Healthy_leaf,Tomato_Healthy_leaf,1.0,1,1.115896224975586,8.301709175109863,0.16446399688720703,9.584699630737305
dataset/test/Tomato_Healthy_leaf/HL_(118)aug19.jpg,Tomato_Healthy_leaf,Tomato_Healthy_leaf,1.0,1,1.0756187438964844,8.196227073669434,0.1662425994873047,9.44077205657959
dataset/test/Tomato_Healthy_leaf/HL_(165)_aug_28aug105.jpg,Tomato_Healthy_leaf,Tomato_Healthy_leaf,0.9999997615814209,1,1.1326007843017578,8.061020851135254,0.16492748260498047,9.36108684539795
dataset/test/Tomato_Healthy_leaf/HL_(165)_aug_29aug91.jpg,Tomato_Healthy_leaf,Tomato_Healthy_leaf,0.999962568283081,1,1.0881929397583008,8.297449111938477,0.17940807342529297,9.567885398864746
dataset/test/Tomato_Healthy_leaf/HL_(165)aug14.jpg,Tomato_Healthy_leaf,Tomato_Healthy_leaf,0.9999902248382568,1,1.0940637588500977,8.048225402832031,0.16413116455078125,9.309289932250977
dataset/test/Tomato_Healthy_leaf/HL_(61)_aug_50aug83.jpg,Tomato_Healthy_leaf,Tomato_Healthy_leaf,0.9985116124153137,1,1.115138053894043,8.301375389099121,0.16346359252929688,9.58260726928711
dataset/test/Tomato_Healthy_leaf/HL_(61)_aug_51aug76.jpg,Tomato_Healthy_leaf,Tomato_Healthy_leaf,0.9999754428863525,1,1.0975818634033203,9.020529747009277,0.16437149047851562,10.284908294677734
dataset/test/Tomato_Healthy_leaf/HL_(61)aug25.jpg,Tomato_Healthy_leaf,Tomato_Healthy_leaf,0.9999828338623047,1,1.1346569061279297,8.548266410827637,0.1624460220336914,9.847830772399902
dataset/test/Tomato_Healthy_leaf/HL_(62)aug36.jpg,Tomato_Healthy_leaf,Tomato_Healthy_leaf,0.9997460246086121,1,1.1225080490112305,8.262560844421387,0.16827964782714844,9.556365013122559
dataset/test/Tomato_Healthy_leaf/IMG_20251102_161618_aug_58aug71.jpg,Tomato_Healthy_leaf,Tomato_Healthy_leaf,0.9999368190765381,1,1.153101921081543,8.40511703491211,0.16731739044189453,9.728219032287598
dataset/test/Tomato_Healthy_leaf/IMG_20251102_161618_aug_59aug63.jpg,Tomato_Healthy_leaf,Tomato_Healthy_leaf,0.9999833106994629,1,1.181396484375,8.68472957611084,0.16968631744384766,10.038905143737793
dataset/test/Tomato_Healthy_leaf/IMG_20251102_161618aug29.jpg,Tomato_Healthy_leaf,Tomato_Healthy_leaf,0.9665045142173767,1,1.1914710998535156,8.551247596740723,0.1646862030029297,9.910313606262207
dataset/test/Tomato_Healthy_leaf/IMG_20251102_161625aug44.jpg,Tomato_Healthy_leaf,Tomato_leaf_yellow_curl_virus,0.5596108436584473,0,1.271139144897461,8.420930862426758,0.1690196990966797,9.864294052124023
dataset/test/Tomato_Healthy_leaf/IMG_20251102_161629_aug_10aug115.jpg,Tomato_Healthy_leaf,Tomato_Healthy_leaf,0.9998143315315247,1,1.1772308349609375,8.280172348022461,0.184722900390625,9.64527416229248
dataset/test/Tomato_Healthy_leaf/IMG_20251102_161629_aug_11aug109.jpg,Tomato_Healthy_leaf,Tomato_Healthy_leaf,0.9999895095825195,1,1.1762676239013672,8.653877258300781,0.2206125259399414,10.053998947143555
dataset/test/Tomato_Healthy_leaf/IMG_20251102_161629aug5.jpg,Tomato_Healthy_leaf,Tomato_Healthy_leaf,0.9990718364715576,1,1.4873065948486328,11.093153953552246,0.20892715454101562,12.793000221252441
dataset/test/Tomato_Healthy_leaf/IMG_20251102_161652aug43.jpg,Tomato_Healthy_leaf,Tomato_Healthy_leaf,0.9999711513519287,1,1.7785491943359375,11.073542594909668,0.2062053680419922,13.062076568603516
dataset/test/Tomato_Healthy_leaf/IMG_20251102_161826_aug_60aug68.jpg,Tomato_Healthy_leaf,Tomato_Healthy_leaf,0.9922366738319397,1,1.6236238479614258,11.094544410705566,0.20711326599121094,12.928890228271484
dataset/test/Tomato_Healthy_leaf/IMG_20251102_161826_aug_61aug62.jpg,Tomato_Healthy_leaf,Tomato_Healthy_leaf,0.9905149936676025,1,1.5239181518554688,11.12520980834961,0.20635318756103516,12.858721733093262
dataset/test/Tomato_Healthy_leaf/IMG_20251102_161826aug30.jpg,Tomato_Healthy_leaf,Tomato_Healthy_leaf,0.9984999895095825,1,1.5841960906982422,11.167692184448242,0.2084827423095703,12.9636869430542
dataset/test/Tomato_Healthy_leaf/IMG_20251102_161850_aug_56aug74.jpg,Tomato_Healthy_leaf,Tomato_leaf_yellow_curl_virus,0.993025541305542,0,1.6477155685424805,10.885337829589844,0.20511150360107422,12.741889953613281
dataset/test/Tomato_Healthy_leaf/IMG_20251102_161850_aug_57aug72.jpg,Tomato_Healthy_leaf,Tomato_Healthy_leaf,0.5842223167419434,1,1.6030664443969727,11.069247245788574,0.24087238311767578,12.916796684265137
dataset/test/Tomato_Healthy_leaf/IMG_20251102_161850aug28.jpg,Tomato_Healthy_leaf,Tomato_Healthy_leaf,0.6746260523796082,1,1.4754362106323242,10.649782180786133,0.16068649291992188,12.288663864135742
dataset/test/Tomato_Healthy_leaf/IMG_20251102_161859aug38.jpg,Tomato_Healthy_leaf,Tomato_Healthy_leaf,0.9999492168426514,1,1.0725631713867188,7.886334419250488,0.16012954711914062,9.12186336517334
dataset/test/Tomato_Healthy_leaf/IMG_20251102_161935_aug_4aug55.jpg,Tomato_Healthy_leaf,Tomato_Healthy_leaf,0.9999815225601196,1,1.20635986328125,7.908039093017578,0.1604471206665039,9.2775297164917
dataset/test/Tomato_Healthy_leaf/IMG_20251102_161935_aug_5aug53.jpg,Tomato_Healthy_leaf,Tomato_Healthy_leaf,0.9999884366989136,1,1.0572128295898438,7.803186416625977,0.1530933380126953,9.015750885009766
dataset/test/Tomato_Healthy_leaf/IMG_20251102_161935aug2.jpg,Tomato_Healthy_leaf,Tomato_Healthy_leaf,0.9999973773956299,1,1.0755081176757812,7.6757049560546875,0.1594829559326172,8.91395378112793
dataset/test/Tomato_Healthy_leaf/IMG_20251102_162037aug45.jpg,Tomato_Healthy_leaf,Tomato_Healthy_leaf,0.9517901539802551,1,1.1908798217773438,7.892928123474121,0.16065025329589844,9.247196197509766
dataset/test/Tomato_Healthy_leaf/h100_lower_aug_54aug73.jpg,Tomato_Healthy_leaf,Tomato_Healthy_leaf,0.9999498128890991,1,1.068711280822754,7.877945899963379,0.15822315216064453,9.107695579528809
dataset/test/Tomato_Healthy_leaf/h100_lower_aug_55aug75.jpg,Tomato_Healthy_leaf,Tomato_Healthy_leaf,0.9998733997344971,1,1.095545768737793,7.880797386169434,0.16202068328857422,9.140937805175781
dataset/test/Tomato_Healthy_leaf/h100_loweraug27.jpg,Tomato_Healthy_leaf,Tomato_Healthy_leaf,0.9999593496322632,1,1.0746383666992188,7.8998918533325195,0.16246318817138672,9.139824867248535
dataset/test/Tomato_Healthy_leaf/h101_aug_18aug119.jpg,Tomato_Healthy_leaf,Tomato_Healthy_leaf,0.988106369972229,1,1.0600624084472656,7.812224388122559,0.16007518768310547,9.035066604614258
dataset/test/Tomato_Healthy_leaf/h101_aug_19aug116.jpg,Tomato_Healthy_leaf,Tomato_Healthy_leaf,0.991649866104126,1,1.0740079879760742,7.8404998779296875,0.1626129150390625,9.080140113830566
dataset/test/Tomato_Healthy_leaf/h101aug9.jpg,Tomato_Healthy_leaf,Tomato_Healthy_leaf,0.9771724343299866,1,1.0987491607666016,8.084484100341797,0.16268634796142578,9.348382949829102
dataset/test/Tomato_Healthy_leaf/h103_aug_42aug82.jpg,Tomato_Healthy_leaf,Tomato_Healthy_leaf,0.999977707862854,1,1.086618423461914,8.214523315429688,0.16890907287597656,9.473217964172363
dataset/test/Tomato_Healthy_leaf/h103_aug_43aug77.jpg,Tomato_Healthy_leaf,Tomato_Healthy_leaf,0.9999918937683105,1,1.0855998992919922,8.169929504394531,0.1594839096069336,9.417217254638672
dataset/test/Tomato_Healthy_leaf/h103aug21.jpg,Tomato_Healthy_leaf,Tomato_Healthy_leaf,0.9999382495880127,1,1.1013422012329102,8.025484085083008,0.3228721618652344,9.452476501464844
dataset/test/Tomato_Healthy_leaf/h1_change_90_aug_12aug118.jpg,Tomato_Healthy_leaf,Tomato_Healthy_leaf,0.9992709755897522,1,1.0661382675170898,7.985170364379883,0.16335296630859375,9.217196464538574
dataset/test/Tomato_Healthy_leaf/h1_change_90_aug_13aug108.jpg,Tomato_Healthy_leaf,Tomato_Healthy_leaf,0.9999470710754395,1,1.2245454788208008,8.033207893371582,0.16463088989257812,9.424938201904297
dataset/test/Tomato_Healthy_leaf/h1_change_90aug6.jpg,Tomato_Healthy_leaf,Tomato_Healthy_leaf,0.9987152814865112,1,1.140878677368164,8.39970874786377,0.16400146484375,9.70692253112793
dataset/test/Tomato_Healthy_leaf/h39_change_270aug48.jpg,Tomato_Healthy_leaf,Tomato_Healthy_leaf,0.9999933242797852,1,1.0983963012695312,8.21819019317627,0.16839027404785156,9.488253593444824
dataset/test/Tomato_Healthy_leaf/h39_hight_aug_40aug96.jpg,Tomato_Healthy_leaf,Tomato_Healthy_leaf,0.9997642636299133,1,1.1303033828735352,8.191929817199707,0.16542625427246094,9.49030876159668
dataset/test/Tomato_Healthy_leaf/h39_hight_aug_41aug98.jpg,Tomato_Healthy_leaf,Tomato_Healthy_leaf,0.9998372793197632,1,1.0828590393066406,8.174392700195312,0.16507434844970703,9.425328254699707
dataset/test/Tomato_Healthy_leaf/h39_hightaug20.jpg,Tomato_Healthy_leaf,Tomato_Healthy_leaf,0.9939112663269043,1,1.0926933288574219,8.15274429321289,0.16111183166503906,9.409031867980957
dataset/test/Tomato_Healthy_leaf/h39_lower_aug_30aug95.jpg,Tomato_Healthy_leaf,Tomato_Healthy_leaf,0.9886952042579651,1,1.1346378326416016,8.230375289916992,0.15825939178466797,9.526050567626953
dataset/test/Tomato_Healthy_leaf/h39_lower_aug_31aug89.jpg,Tomato_Healthy_leaf,Tomato_Healthy_leaf,0.99128657579422,1,1.1171388626098633,8.284616470336914,0.1690387725830078,9.573495864868164
dataset/test/Tomato_Healthy_leaf/h39_loweraug15.jpg,Tomato_Healthy_leaf,Tomato_Healthy_leaf,0.9987713694572449,1,1.1961755752563477,8.404338836669922,0.1709270477294922,9.817886352539062
dataset/test/Tomato_Healthy_leaf/h3_aug_8aug57.jpg,Tomato_Healthy_leaf,Tomato_Healthy_leaf,0.9999927282333374,1,1.2153053283691406,8.443134307861328,0.16674041748046875,9.828553199768066
dataset/test/Tomato_Healthy_leaf/h3_aug_9aug54.jpg,Tomato_Healthy_leaf,Tomato_Healthy_leaf,0.9999995231628418,1,1.2211380004882812,8.276097297668457,0.2034282684326172,9.70362663269043
dataset/test/Tomato_Healthy_leaf/h3_mirror_aug_52aug84.jpg,Tomato_Healthy_leaf,Tomato_Healthy_leaf,0.9999985694885254,1,1.1144342422485352,8.427764892578125,0.16933441162109375,9.714459419250488
dataset/test/Tomato_Healthy_leaf/h3_mirror_aug_53aug80.jpg,Tomato_Healthy_leaf,Tomato_Healthy_leaf,0.9999997615814209,1,1.1340265274047852,8.507134437561035,0.16811180114746094,9.811960220336914
dataset/test/Tomato_Healthy_leaf/h3_mirroraug26.jpg,Tomato_Healthy_leaf,Tomato_Healthy_leaf,0.9999992847442627,1,1.1382856369018555,8.445191383361816,0.1679830551147461,9.753941535949707
dataset/test/Tomato_Healthy_leaf/h3aug4.jpg,Tomato_Healthy_leaf,Tomato_Healthy_leaf,0.9999891519546509,1,1.121933937072754,8.49285888671875,0.16776084899902344,9.785274505615234
dataset/test/Tomato_Healthy_leaf/h45_mirror_verticalaug42.jpg,Tomato_Healthy_leaf,Tomato_Healthy_leaf,1.0,1,1.1704168319702148,8.459228515625,0.16587162017822266,9.797831535339355
dataset/test/Tomato_Healthy_leaf/h49_change_90aug49.jpg,Tomato_Healthy_leaf,Tomato_Healthy_leaf,0.9999998807907104,1,1.114619255065918,8.490358352661133,0.16731548309326172,9.774977684020996
dataset/test/Tomato_Healthy_leaf/h50_hight_aug_68aug69.jpg,Tomato_Healthy_leaf,Tomato_Healthy_leaf,0.9998568296432495,1,1.0610084533691406,7.94337272644043,0.15983295440673828,9.16706657409668
dataset/test/Tomato_Healthy_leaf/h50_hight_aug_69aug61.jpg,Tomato_Healthy_leaf,Tomato_Healthy_leaf,0.9950968623161316,1,1.0689716339111328,7.924873352050781,0.15964889526367188,9.156194686889648
dataset/test/Tomato_Healthy_leaf/h50_hightaug34.jpg,Tomato_Healthy_leaf,Tomato_Healthy_leaf,0.9999833106994629,1,1.0221195220947266,7.913834571838379,0.16057491302490234,9.099213600158691
dataset/test/Tomato_Healthy_leaf/h50_lower_aug_66aug65.jpg,Tomato_Healthy_leaf,Tomato_Healthy_leaf,0.9969853758811951,1,1.0378608703613281,7.905038833618164,0.15922260284423828,9.1044921875
dataset/test/Tomato_Healthy_leaf/h50_lower_aug_67aug70.jpg,Tomato_Healthy_leaf,Tomato_Healthy_leaf,0.9995773434638977,1,1.074507713317871,7.9235382080078125,0.1571493148803711,9.157917976379395
dataset/test/Tomato_Healthy_leaf/h50_loweraug33.jpg,Tomato_Healthy_leaf,Tomato_Healthy_leaf,0.9999991655349731,1,1.035323143005371,7.850039482116699,0.16883563995361328,9.05717658996582
dataset/test/Tomato_Healthy_leaf/h50_mirror_vertical_aug_24aug111.jpg,Tomato_Healthy_leaf,Tomato_Healthy_leaf,0.9999997615814209,1,1.1269712448120117,7.732277870178223,0.16048240661621094,9.022640228271484
dataset/test/Tomato_Healthy_leaf/h50_mirror_vertical_aug_25aug100.jpg,Tomato_Healthy_leaf,Tomato_Healthy_leaf,1.0,1,1.036433219909668,7.849926948547363,0.15972423553466797,9.048604011535645
dataset/test/Tomato_Healthy_leaf/h50_mirror_verticalaug12.jpg,Tomato_Healthy_leaf,Tomato_Healthy_leaf,1.0,1,1.0850648880004883,7.894613265991211,0.1627035140991211,9.144990921020508
dataset/test/Tomato_Healthy_leaf/h50aug37.jpg,Tomato_Healthy_leaf,Tomato_Healthy_leaf,0.9999992847442627,1,1.037358283996582,7.9798736572265625,0.1593160629272461,9.179454803466797
dataset/test/Tomato_Healthy_leaf/h5_mirroraug41.jpg,Tomato_Healthy_leaf,Tomato_Healthy_leaf,1.0,1,1.053156852722168,7.892168998718262,0.16081619262695312,9.108973503112793
dataset/test/Tomato_Healthy_leaf/h65_mirror_vertical_aug_26aug97.jpg,Tomato_Healthy_leaf,Tomato_Healthy_leaf,0.9994858503341675,1,1.0888595581054688,11.051653861999512,0.206390380859375,12.350052833557129
dataset/test/Tomato_Healthy_leaf/h65_mirror_vertical_aug_27aug106.jpg,Tomato_Healthy_leaf,Tomato_Healthy_leaf,0.992946207523346,1,1.4648990631103516,11.097044944763184,0.2406301498413086,12.806074142456055
dataset/test/Tomato_Healthy_leaf/h65_mirror_verticalaug13.jpg,Tomato_Healthy_leaf,Tomato_Healthy_leaf,0.9979386925697327,1,1.5575475692749023,11.831456184387207,0.20385265350341797,13.59611701965332
dataset/test/Tomato_Healthy_leaf/h71_mirror_aug_62aug66.jpg,Tomato_Healthy_leaf,Tomato_Healthy_leaf,1.0,1,1.4415102005004883,11.06209945678711,0.2030935287475586,12.7100191116333
dataset/test/Tomato_Healthy_leaf/h71_mirror_aug_63aug67.jpg,Tomato_Healthy_leaf,Tomato_Healthy_leaf,0.9999998807907104,1,1.4956398010253906,12.232941627502441,0.20374107360839844,13.935860633850098
dataset/test/Tomato_Healthy_leaf/h71_mirroraug31.jpg,Tomato_Healthy_leaf,Tomato_Healthy_leaf,1.0,1,1.4350662231445312,14.889034271240234,0.23805809020996094,16.565509796142578
dataset/test/Tomato_Healthy_leaf/h76_hight_aug_34aug88.jpg,Tomato_Healthy_leaf,Tomato_Healthy_leaf,0.9970512390136719,1,2.266961097717285,25.418926239013672,0.1650381088256836,27.854351043701172
dataset/test/Tomato_Healthy_leaf/h76_hight_aug_35aug93.jpg,Tomato_Healthy_leaf,Tomato_Healthy_leaf,0.9999392032623291,1,1.1410999298095703,9.852070808410645,0.18685245513916016,11.182229995727539
dataset/test/Tomato_Healthy_leaf/h76_hightaug17.jpg,Tomato_Healthy_leaf,Tomato_Healthy_leaf,0.9999457597732544,1,1.0302295684814453,7.784148216247559,0.15881729125976562,8.975714683532715
dataset/test/Tomato_Healthy_leaf/h78_change_270_aug_36aug94.jpg,Tomato_Healthy_leaf,Tomato_Healthy_leaf,0.9999903440475464,1,1.1431751251220703,7.639148712158203,0.1587972640991211,8.943638801574707
dataset/test/Tomato_Healthy_leaf/h78_change_270_aug_37aug99.jpg,Tomato_Healthy_leaf,Tomato_Healthy_leaf,0.9999985694885254,1,1.0557479858398438,7.853686332702637,0.15996360778808594,9.07243537902832
dataset/test/Tomato_Healthy_leaf/h78_change_270aug18.jpg,Tomato_Healthy_leaf,Tomato_Healthy_leaf,0.9999639987945557,1,1.0782842636108398,7.911003112792969,0.15981578826904297,9.152289390563965
dataset/test/Tomato_Healthy_leaf/h7_lower_aug_44aug87.jpg,Tomato_Healthy_leaf,Tomato_Healthy_leaf,0.9999861717224121,1,1.0808782577514648,7.966390609741211,0.1605205535888672,9.21047592163086
dataset/test/Tomato_Healthy_leaf/h7_lower_aug_45aug79.jpg,Tomato_Healthy_leaf,Tomato_Healthy_leaf,0.9997550845146179,1,1.0526561737060547,7.880724906921387,0.16526031494140625,9.101362228393555
dataset/test/Tomato_Healthy_leaf/h7_loweraug22.jpg,Tomato_Healthy_leaf,Tomato_Healthy_leaf,0.9999641180038452,1,1.0753211975097656,7.958686828613281,0.16233348846435547,9.199122428894043
dataset/test/Tomato_Healthy_leaf/h81_change_180_aug_16aug113.jpg,Tomato_Healthy_leaf,Tomato_Healthy_leaf,0.999961256980896,1,1.0803422927856445,7.831038475036621,0.1641683578491211,9.078566551208496
dataset/test/Tomato_Healthy_leaf/h81_change_180_aug_17aug117.jpg,Tomato_Healthy_leaf,Tomato_Healthy_leaf,0.9999042749404907,1,1.0644521713256836,7.924354553222656,0.14881610870361328,9.140362739562988
dataset/test/Tomato_Healthy_leaf/h81_change_180aug8.jpg,Tomato_Healthy_leaf,Tomato_Healthy_leaf,0.9999812841415405,1,1.029932975769043,7.966779708862305,0.16511249542236328,9.165010452270508
dataset/test/Tomato_Healthy_leaf/h84_mirroraug40.jpg,Tomato_Healthy_leaf,Tomato_Healthy_leaf,0.9999990463256836,1,1.2410459518432617,8.294374465942383,0.16285324096679688,9.700681686401367
dataset/test/Tomato_Healthy_leaf/h8_change_90aug35.jpg,Tomato_Healthy_leaf,Tomato_Healthy_leaf,0.9999828338623047,1,1.1209344863891602,8.1764497756958,0.16424179077148438,9.464216232299805
dataset/test/Tomato_Healthy_leaf/h95_mirror_verticalaug46.jpg,Tomato_Healthy_leaf,Tomato_Healthy_leaf,0.8808760046958923,1,1.0943222045898438,8.275578498840332,0.16498279571533203,9.537679672241211
dataset/test/Tomato_Healthy_leaf/h96_change_270aug47.jpg,Tomato_Healthy_leaf,Tomato_Healthy_leaf,0.9987383484840393,1,1.121230125427246,8.221004486083984,0.1647052764892578,9.509624481201172
dataset/test/Tomato_Healthy_leaf/h96_mirror_vertical_aug_14aug107.jpg,Tomato_Healthy_leaf,Tomato_Healthy_leaf,0.9999998807907104,1,1.082564353942871,9.180622100830078,0.1650562286376953,10.430890083312988
dataset/test/Tomato_Healthy_leaf/h96_mirror_vertical_aug_15aug112.jpg,Tomato_Healthy_leaf,Tomato_Healthy_leaf,1.0,1,1.2037677764892578,8.2754487991333,0.1644268035888672,9.646533012390137
dataset/test/Tomato_Healthy_leaf/h96_mirror_verticalaug7.jpg,Tomato_Healthy_leaf,Tomato_Healthy_leaf,1.0,1,1.1142854690551758,8.338337898254395,0.16231536865234375,9.617496490478516
dataset/test/Tomato_Healthy_leaf/h99_hight_aug_32aug92.jpg,Tomato_Healthy_leaf,Tomato_Healthy_leaf,0.9999284744262695,1,1.1598234176635742,8.155208587646484,0.16327857971191406,9.480903625488281
dataset/test/Tomato_Healthy_leaf/h99_hight_aug_33aug101.jpg,Tomato_Healthy_leaf,Tomato_Healthy_leaf,0.999963641166687,1,1.0980825424194336,8.205263137817383,0.16327953338623047,9.46914291381836
dataset/test/Tomato_Healthy_leaf/h99_hightaug16.jpg,Tomato_Healthy_leaf,Tomato_Healthy_leaf,0.9830526113510132,1,1.0882301330566406,8.11144733428955,0.16075897216796875,9.363419532775879
dataset/test/Tomato_Healthy_leaf/h99_lower_aug_46aug78.jpg,Tomato_Healthy_leaf,Tomato_Healthy_leaf,0.9995595812797546,1,1.125248908996582,8.030447959899902,0.15744590759277344,9.315567970275879
dataset/test/Tomato_Healthy_leaf/h99_lower_aug_47aug81.jpg,Tomato_Healthy_leaf,Tomato_Healthy_leaf,0.9957060217857361,1,1.073267936706543,7.8463897705078125,0.16579914093017578,9.08815860748291
dataset/test/Tomato_Healthy_leaf/h99_loweraug23.jpg,Tomato_Healthy_leaf,Tomato_Healthy_leaf,0.9994999170303345,1,1.2295646667480469,7.894167900085449,0.16344547271728516,9.28984546661377
dataset/test/Tomato_Healthy_leaf/h9_change_180_aug_48aug86.jpg,Tomato_Healthy_leaf,Tomato_Healthy_leaf,0.9999984502792358,1,1.1496562957763672,8.044374465942383,0.16163158416748047,9.358344078063965
dataset/test/Tomato_Healthy_leaf/h9_change_180_aug_49aug85.jpg,Tomato_Healthy_leaf,Tomato_Healthy_leaf,0.999998927116394,1,1.0796928405761719,8.161725997924805,0.16213035583496094,9.406198501586914
dataset/test/Tomato_Healthy_leaf/h9_change_180aug24.jpg,Tomato_Healthy_leaf,Tomato_Healthy_leaf,0.9999884366989136,1,1.118804931640625,8.228560447692871,0.16153717041015625,9.511550903320312
dataset/test/Tomato_Healthy_leaf/russian-2-319-dt-2010-leaves-high-tunnel-9-29-2014-c_jpg.rf.7ef5d3901dbeaf27776a27bfc8197b72_aug_0aug52.jpg,Tomato_Healthy_leaf,Tomato_Healthy_leaf,0.9999679327011108,1,1.1777496337890625,8.226799964904785,0.16144466400146484,9.56881046295166
dataset/test/Tomato_Healthy_leaf/russian-2-319-dt-2010-leaves-high-tunnel-9-29-2014-c_jpg.rf.7ef5d3901dbeaf27776a27bfc8197b72_aug_1aug58.jpg,Tomato_Healthy_leaf,Tomato_Healthy_leaf,0.9994603991508484,1,1.1878242492675781,8.0303373336792,0.16276073455810547,9.383307456970215
dataset/test/Tomato_Healthy_leaf/russian-2-319-dt-2010-leaves-high-tunnel-9-29-2014-c_jpg.rf.7ef5d3901dbeaf27776a27bfc8197b72aug0.jpg,Tomato_Healthy_leaf,Tomato_Healthy_leaf,0.9997513890266418,1,1.146712303161621,8.489505767822266,0.16129684448242188,9.800089836120605
dataset/test/Tomato_Healthy_leaf/unnamed_aug_64aug64.jpg,Tomato_Healthy_leaf,Tomato_Healthy_leaf,0.9802022576332092,1,1.0543222427368164,7.999058723449707,0.1579456329345703,9.213603973388672
dataset/test/Tomato_Healthy_leaf/unnamed_aug_65aug60.jpg,Tomato_Healthy_leaf,Tomato_Healthy_leaf,0.9999964237213135,1,1.0577278137207031,8.25339412689209,0.15400028228759766,9.467105865478516
dataset/test/Tomato_Healthy_leaf/unnamedaug32.jpg,Tomato_Healthy_leaf,Tomato_Healthy_leaf,0.9999005794525146,1,1.0915260314941406,8.134281158447266,0.16507530212402344,9.39421558380127
dataset/test/Tomato_Septoria_leaf_spot/1723454507354_aug_44aug83.jpg,Tomato_Septoria_leaf_spot,Tomato_Septoria_leaf_spot,0.9330411553382874,1,1.2048797607421875,8.371541976928711,0.16598224639892578,9.74538516998291
dataset/test/Tomato_Septoria_leaf_spot/1723454507354_aug_45aug80.jpg,Tomato_Septoria_leaf_spot,Tomato_Early_blight_leaf,0.6163026690483093,0,1.2196388244628906,8.250301361083984,0.1659088134765625,9.638440132141113
dataset/test/Tomato_Septoria_leaf_spot/1723454507354aug22.jpg,Tomato_Septoria_leaf_spot,Tomato_Septoria_leaf_spot,0.6947060823440552,1,1.1318416595458984,8.371060371398926,0.16576004028320312,9.67149543762207
dataset/test/Tomato_Septoria_leaf_spot/1723454507465_aug_58aug67.jpg,Tomato_Septoria_leaf_spot,Tomato_mold_leaf,0.6331209540367126,0,1.1126928329467773,8.36750602722168,0.16629791259765625,9.649458885192871
dataset/test/Tomato_Septoria_leaf_spot/1723454507465_aug_59aug66.jpg,Tomato_Septoria_leaf_spot,Tomato_Septoria_leaf_spot,0.8966817259788513,1,1.1716184616088867,8.737637519836426,0.16544628143310547,10.077610969543457
dataset/test/Tomato_Septoria_leaf_spot/1723454507465aug29.jpg,Tomato_Septoria_leaf_spot,Tomato_mold_leaf,0.5416244864463806,0,1.1233043670654297,8.270503997802734,0.1699085235595703,9.566514015197754
dataset/test/Tomato_Septoria_leaf_spot/5454635393351680.jpeg_aug_14aug115.jpg,Tomato_Septoria_leaf_spot,Tomato_Septoria_leaf_spot,0.9968279004096985,1,1.1123590469360352,8.384208679199219,0.1646127700805664,9.663792610168457
dataset/test/Tomato_Septoria_leaf_spot/5454635393351680.jpeg_aug_15aug46.jpg,Tomato_Septoria_leaf_spot,Tomato_Septoria_leaf_spot,0.790960967540741,1,1.0968236923217773,8.467765808105469,0.16770553588867188,9.735329627990723
dataset/test/Tomato_Septoria_leaf_spot/5454635393351680.jpegaug7.jpg,Tomato_Septoria_leaf_spot,Tomato_Septoria_leaf_spot,0.9975674152374268,1,1.109135627746582,8.35385799407959,0.16511249542236328,9.630718231201172
dataset/test/Tomato_Septoria_leaf_spot/6134794031202304-600x272-jpeg_jpg.rf.5482c323fe160b26426628094ae3646baug42.jpg,Tomato_Septoria_leaf_spot,Tomato_Septoria_leaf_spot,0.9999841451644897,1,1.164175033569336,8.330578804016113,0.16379737854003906,9.661199569702148
dataset/test/Tomato_Septoria_leaf_spot/66e7583ebe11cf0bd06435e4167bd4fdaug41.jpg,Tomato_Septoria_leaf_spot,Tomato_Septoria_leaf_spot,0.9999998807907104,1,1.0986204147338867,8.446747779846191,0.1671123504638672,9.715682029724121
dataset/test/Tomato_Septoria_leaf_spot/8_20mistakes_204_aug_72aug61.jpg,Tomato_Septoria_leaf_spot,Tomato_mold_leaf,0.4443809688091278,0,1.142268180847168,8.298245429992676,0.16646385192871094,9.61034870147705
dataset/test/Tomato_Septoria_leaf_spot/8_20mistakes_204_aug_73aug62.jpg,Tomato_Septoria_leaf_spot,Tomato_mold_leaf,0.8891698718070984,0,1.1134328842163086,8.311059951782227,0.16692638397216797,9.594643592834473
dataset/test/Tomato_Septoria_leaf_spot/8_20mistakes_204aug36.jpg,Tomato_Septoria_leaf_spot,Tomato_mold_leaf,0.960042417049408,0,1.1287860870361328,8.319726943969727,0.20783615112304688,9.65964412689209
dataset/test/Tomato_Septoria_leaf_spot/Gls11_mirror_vertical_aug_42aug85.jpg,Tomato_Septoria_leaf_spot,Tomato_Septoria_leaf_spot,0.9644431471824646,1,1.0839338302612305,8.158245086669922,0.17083454132080078,9.4159574508667
dataset/test/Tomato_Septoria_leaf_spot/Gls11_mirror_vertical_aug_43aug86.jpg,Tomato_Septoria_leaf_spot,Tomato_Septoria_leaf_spot,0.9892191290855408,1,1.0874147415161133,8.383338928222656,0.16709423065185547,9.6408109664917
dataset/test/Tomato_Septoria_leaf_spot/Gls11_mirror_verticalaug21.jpg,Tomato_Septoria_leaf_spot,Tomato_Septoria_leaf_spot,0.9838405251502991,1,1.144211769104004,8.489338874816895,0.16527843475341797,9.801569938659668
dataset/test/Tomato_Septoria_leaf_spot/Gls12_mirror_aug_46aug81.jpg,Tomato_Septoria_leaf_spot,Tomato_Septoria_leaf_spot,1.0,1,1.0837297439575195,8.324228286743164,0.16439056396484375,9.575033187866211
dataset/test/Tomato_Septoria_leaf_spot/Gls12_mirror_aug_47aug92.jpg,Tomato_Septoria_leaf_spot,Tomato_Septoria_leaf_spot,1.0,1,1.1131553649902344,8.412931442260742,0.16675949096679688,9.695404052734375
dataset/test/Tomato_Septoria_leaf_spot/Gls12_mirroraug23.jpg,Tomato_Septoria_leaf_spot,Tomato_Septoria_leaf_spot,1.0,1,1.0850448608398438,10.627335548400879,0.20565032958984375,11.921086311340332
dataset/test/Tomato_Septoria_leaf_spot/Gls1_mirror_aug_38aug82.jpg,Tomato_Septoria_leaf_spot,Tomato_Septoria_leaf_spot,0.9273160099983215,1,1.4674177169799805,11.129302978515625,0.20537281036376953,12.805408477783203
dataset/test/Tomato_Septoria_leaf_spot/Gls1_mirror_aug_39aug84.jpg,Tomato_Septoria_leaf_spot,Tomato_Septoria_leaf_spot,0.9990965127944946,1,1.5641603469848633,11.087876319885254,0.2056865692138672,12.861148834228516
dataset/test/Tomato_Septoria_leaf_spot/Gls1_mirroraug19.jpg,Tomato_Septoria_leaf_spot,Tomato_Septoria_leaf_spot,0.9818568825721741,1,1.4190101623535156,11.16878604888916,0.20627975463867188,12.797370910644531
dataset/test/Tomato_Septoria_leaf_spot/Gls21_change_270aug43.jpg,Tomato_Septoria_leaf_spot,Tomato_leaf_late_blight,0.8529491424560547,0,1.4684362411499023,11.04902458190918,0.2053537368774414,12.726147651672363
dataset/test/Tomato_Septoria_leaf_spot/Gls21_hight_aug_56aug78.jpg,Tomato_Septoria_leaf_spot,Tomato_Septoria_leaf_spot,0.9990578293800354,1,1.4831581115722656,11.127785682678223,0.2045574188232422,12.819149017333984
dataset/test/Tomato_Septoria_leaf_spot/Gls21_hight_aug_57aug79.jpg,Tomato_Septoria_leaf_spot,Tomato_Septoria_leaf_spot,0.999984860420227,1,1.5904560089111328,11.075432777404785,0.2056131362915039,12.875000953674316
dataset/test/Tomato_Septoria_leaf_spot/Gls21_hightaug28.jpg,Tomato_Septoria_leaf_spot,Tomato_Septoria_leaf_spot,0.9999343156814575,1,1.435103416442871,11.10159969329834,0.2033529281616211,12.743794441223145
dataset/test/Tomato_Septoria_leaf_spot/Gls29_change_180_aug_40aug89.jpg,Tomato_Septoria_leaf_spot,Tomato_Septoria_leaf_spot,0.9999508857727051,1,1.462529182434082,8.37241268157959,0.1607227325439453,9.998573303222656
dataset/test/Tomato_Septoria_leaf_spot/Gls29_change_180_aug_41aug91.jpg,Tomato_Septoria_leaf_spot,Tomato_Septoria_leaf_spot,0.9999737739562988,1,1.0823793411254883,7.937168121337891,0.1597423553466797,9.182085037231445
dataset/test/Tomato_Septoria_leaf_spot/Gls29_change_180aug20.jpg,Tomato_Septoria_leaf_spot,Tomato_Septoria_leaf_spot,0.9999517202377319,1,1.0431184768676758,7.861576080322266,0.1587228775024414,9.065973281860352
dataset/test/Tomato_Septoria_leaf_spot/Gls36_hight_aug_20aug116.jpg,Tomato_Septoria_leaf_spot,Tomato_Septoria_leaf_spot,0.9977633953094482,1,1.0506200790405273,7.942852973937988,0.163055419921875,9.15936279296875
dataset/test/Tomato_Septoria_leaf_spot/Gls36_hight_aug_21aug118.jpg,Tomato_Septoria_leaf_spot,Tomato_Septoria_leaf_spot,0.9969586133956909,1,1.068155288696289,7.927149772644043,0.14835166931152344,9.145732879638672
dataset/test/Tomato_Septoria_leaf_spot/Gls36_hightaug10.jpg,Tomato_Septoria_leaf_spot,Tomato_Septoria_leaf_spot,0.9995734095573425,1,1.0123977661132812,7.8001298904418945,0.16020584106445312,8.975212097167969
dataset/test/Tomato_Septoria_leaf_spot/Gls41_change_270_aug_50aug90.jpg,Tomato_Septoria_leaf_spot,Tomato_Septoria_leaf_spot,0.9990839958190918,1,1.233489990234375,7.719518661499023,0.16051864624023438,9.116270065307617
dataset/test/Tomato_Septoria_leaf_spot/Gls41_change_270_aug_51aug77.jpg,Tomato_Septoria_leaf_spot,Tomato_Septoria_leaf_spot,0.9865596294403076,1,1.0830631256103516,7.999964714050293,0.16211414337158203,9.247604370117188
dataset/test/Tomato_Septoria_leaf_spot/Gls41_change_270aug25.jpg,Tomato_Septoria_leaf_spot,Tomato_Septoria_leaf_spot,0.9988061189651489,1,1.106008529663086,7.904242515563965,0.16039085388183594,9.173584938049316
dataset/test/Tomato_Septoria_leaf_spot/Gls43_change_90_aug_60aug75.jpg,Tomato_Septoria_leaf_spot,Tomato_Septoria_leaf_spot,0.9859566688537598,1,1.0323762893676758,7.969743728637695,0.1608724594116211,9.165510177612305
dataset/test/Tomato_Septoria_leaf_spot/Gls43_change_90_aug_61aug73.jpg,Tomato_Septoria_leaf_spot,Tomato_Septoria_leaf_spot,0.6454238295555115,1,1.027841567993164,7.889687538146973,0.16024112701416016,9.080324172973633
dataset/test/Tomato_Septoria_leaf_spot/Gls43_change_90aug30.jpg,Tomato_Septoria_leaf_spot,Tomato_Septoria_leaf_spot,0.9569262862205505,1,1.0617666244506836,8.074872970581055,0.16376018524169922,9.30327033996582
dataset/test/Tomato_Septoria_leaf_spot/Gls46_change_90_aug_6aug53.jpg,Tomato_Septoria_leaf_spot,Tomato_Septoria_leaf_spot,0.9995909333229065,1,1.0968427658081055,8.180485725402832,0.16335296630859375,9.443105697631836
dataset/test/Tomato_Septoria_leaf_spot/Gls46_change_90_aug_7aug56.jpg,Tomato_Septoria_leaf_spot,Tomato_Septoria_leaf_spot,0.9998440742492676,1,1.1164522171020508,8.047985076904297,0.16457462310791016,9.331511497497559
dataset/test/Tomato_Septoria_leaf_spot/Gls46_change_90aug3.jpg,Tomato_Septoria_leaf_spot,Tomato_Septoria_leaf_spot,0.9999628067016602,1,1.228898048400879,7.985502243041992,0.16459274291992188,9.381957054138184
dataset/test/Tomato_Septoria_leaf_spot/Gls47aug44.jpg,Tomato_Septoria_leaf_spot,Tomato_Septoria_leaf_spot,0.9999970197677612,1,1.0849695205688477,8.223226547241211,0.16481590270996094,9.475753784179688
dataset/test/Tomato_Septoria_leaf_spot/Gls76_aug_34aug97.jpg,Tomato_Septoria_leaf_spot,Tomato_mold_leaf,0.7966592907905579,0,1.0799522399902344,8.144336700439453,0.1660003662109375,9.392789840698242
dataset/test/Tomato_Septoria_leaf_spot/Gls76_aug_35aug103.jpg,Tomato_Septoria_leaf_spot,Tomato_Septoria_leaf_spot,0.7275294661521912,1,1.127934455871582,8.17341136932373,0.1656503677368164,9.469754219055176
dataset/test/Tomato_Septoria_leaf_spot/Gls76_change_180_aug_30aug96.jpg,Tomato_Septoria_leaf_spot,Tomato_mold_leaf,0.987345278263092,0,1.0818414688110352,8.159706115722656,0.1643524169921875,9.408568382263184
dataset/test/Tomato_Septoria_leaf_spot/Gls76_change_180_aug_31aug100.jpg,Tomato_Septoria_leaf_spot,Tomato_mold_leaf,0.987630307674408,0,1.0922861099243164,8.15522575378418,0.20279788970947266,9.45305061340332
dataset/test/Tomato_Septoria_leaf_spot/Gls76_change_180aug15.jpg,Tomato_Septoria_leaf_spot,Tomato_mold_leaf,0.9756029844284058,0,1.093118667602539,8.173449516296387,0.16516876220703125,9.43440055847168
dataset/test/Tomato_Septoria_leaf_spot/Gls76aug17.jpg,Tomato_Septoria_leaf_spot,Tomato_Septoria_leaf_spot,0.8577330112457275,1,1.0898418426513672,8.184855461120605,0.16394519805908203,9.441569328308105
dataset/test/Tomato_Septoria_leaf_spot/Gls7_change_270_aug_64aug68.jpg,Tomato_Septoria_leaf_spot,Tomato_Septoria_leaf_spot,0.9999955892562866,1,1.1209516525268555,7.849983215332031,0.19983482360839844,9.173659324645996
dataset/test/Tomato_Septoria_leaf_spot/Gls7_change_270_aug_65aug71.jpg,Tomato_Septoria_leaf_spot,Tomato_Septoria_leaf_spot,0.9999648332595825,1,1.0503787994384766,7.909112930297852,0.1588897705078125,9.120936393737793
dataset/test/Tomato_Septoria_leaf_spot/Gls7_change_270aug32.jpg,Tomato_Septoria_leaf_spot,Tomato_Septoria_leaf_spot,0.9999792575836182,1,1.0533409118652344,7.850464820861816,0.14855575561523438,9.054380416870117
dataset/test/Tomato_Septoria_leaf_spot/Gls7_lower_aug_0aug57.jpg,Tomato_Septoria_leaf_spot,Tomato_Septoria_leaf_spot,0.9983824491500854,1,1.0297670364379883,7.727536201477051,0.1612987518310547,8.921175003051758
dataset/test/Tomato_Septoria_leaf_spot/Gls7_lower_aug_1aug52.jpg,Tomato_Septoria_leaf_spot,Tomato_Septoria_leaf_spot,0.9999450445175171,1,1.202397346496582,7.795907974243164,0.17096424102783203,9.172492027282715
dataset/test/Tomato_Septoria_leaf_spot/Gls7_loweraug0.jpg,Tomato_Septoria_leaf_spot,Tomato_Septoria_leaf_spot,0.9986183643341064,1,1.0633773803710938,7.951686859130859,0.1600208282470703,9.177603721618652
dataset/test/Tomato_Septoria_leaf_spot/Gls81_lower_aug_2aug51.jpg,Tomato_Septoria_leaf_spot,Tomato_Septoria_leaf_spot,0.9891475439071655,1,1.0102663040161133,7.905982971191406,0.16142654418945312,9.080547332763672
dataset/test/Tomato_Septoria_leaf_spot/Gls81_lower_aug_3aug54.jpg,Tomato_Septoria_leaf_spot,Tomato_Septoria_leaf_spot,0.952975332736969,1,1.0051918029785156,7.877649307250977,0.16042709350585938,9.046177864074707
dataset/test/Tomato_Septoria_leaf_spot/Gls81_loweraug1.jpg,Tomato_Septoria_leaf_spot,Tomato_Septoria_leaf_spot,0.9966715574264526,1,1.0453414916992188,7.896186828613281,0.1541309356689453,9.098214149475098
dataset/test/Tomato_Septoria_leaf_spot/IMG-20240812-WA0213_aug_70aug59.jpg,Tomato_Septoria_leaf_spot,Tomato_Early_blight_leaf,0.9930054545402527,0,1.0928421020507812,7.740518569946289,0.16031646728515625,8.996342658996582
dataset/test/Tomato_Septoria_leaf_spot/IMG-20240812-WA0213_aug_71aug60.jpg,Tomato_Septoria_leaf_spot,Tomato_Early_blight_leaf,0.9701647162437439,0,1.208083152770996,7.838020324707031,0.1614818572998047,9.210233688354492
dataset/test/Tomato_Septoria_leaf_spot/IMG-20240812-WA0213aug35.jpg,Tomato_Septoria_leaf_spot,Tomato_Early_blight_leaf,0.9998570680618286,0,1.1474542617797852,8.232484817504883,0.16535377502441406,9.548087120056152
dataset/test/Tomato_Septoria_leaf_spot/Original_e-blight.JPG.rend.hgtvcom.966.725.jpeg_aug_52aug74.jpg,Tomato_Septoria_leaf_spot,Tomato_Septoria_leaf_spot,0.9999984502792358,1,1.1159896850585938,8.292874336242676,0.16676044464111328,9.578570365905762
dataset/test/Tomato_Septoria_leaf_spot/Original_e-blight.JPG.rend.hgtvcom.966.725.jpeg_aug_53aug76.jpg,Tomato_Septoria_leaf_spot,Tomato_Septoria_leaf_spot,0.9995985627174377,1,1.1124343872070312,8.849989891052246,0.16777896881103516,10.132721900939941
dataset/test/Tomato_Septoria_leaf_spot/Original_e-blight.JPG.rend.hgtvcom.966.725.jpegaug26.jpg,Tomato_Septoria_leaf_spot,Tomato_Septoria_leaf_spot,0.999995231628418,1,1.1137495040893555,8.357078552246094,0.16805744171142578,9.642032623291016
dataset/test/Tomato_Septoria_leaf_spot/SS_ (990)_aug_24aug107.jpg,Tomato_Septoria_leaf_spot,Tomato_Septoria_leaf_spot,1.0,1,1.101933479309082,9.137955665588379,0.16835498809814453,10.411317825317383
dataset/test/Tomato_Septoria_leaf_spot/SS_ (990)_aug_25aug113.jpg,Tomato_Septoria_leaf_spot,Tomato_Septoria_leaf_spot,1.0,1,1.0968408584594727,8.368783950805664,0.16542625427246094,9.634051322937012
dataset/test/Tomato_Septoria_leaf_spot/SS_ (990)aug12.jpg,Tomato_Septoria_leaf_spot,Tomato_Septoria_leaf_spot,1.0,1,1.1058416366577148,12.196144104003906,0.1894092559814453,13.4949312210083
dataset/test/Tomato_Septoria_leaf_spot/Septoria_tomato_Margaret-20B_p8170755_0002_25004_jpg.rf.3fbb14d553c623c77f342b3a54baddab_aug_66aug70.jpg,Tomato_Septoria_leaf_spot,Tomato_Septoria_leaf_spot,0.9986779093742371,1,1.4403810501098633,11.836881637573242,0.16837215423583984,13.449078559875488
dataset/test/Tomato_Septoria_leaf_spot/Septoria_tomato_Margaret-20B_p8170755_0002_25004_jpg.rf.3fbb14d553c623c77f342b3a54baddab_aug_67aug63.jpg,Tomato_Septoria_leaf_spot,Tomato_Septoria_leaf_spot,0.9996930360794067,1,1.2090835571289062,11.584065437316895,0.1672229766845703,12.9630765914917
dataset/test/Tomato_Septoria_leaf_spot/Septoria_tomato_Margaret-20B_p8170755_0002_25004_jpg.rf.3fbb14d553c623c77f342b3a54baddabaug33.jpg,Tomato_Septoria_leaf_spot,Tomato_Septoria_leaf_spot,0.9983087778091431,1,1.1463775634765625,8.883398056030273,0.16968631744384766,10.20222282409668
dataset/test/Tomato_Septoria_leaf_spot/Tomato-Plant-with-Septoria-Leaf-Spot_aug_68aug65.jpg,Tomato_Septoria_leaf_spot,Tomato_Septoria_leaf_spot,0.9790323972702026,1,1.1570634841918945,8.535414695739746,0.16937255859375,9.864720344543457
dataset/test/Tomato_Septoria_leaf_spot/Tomato-Plant-with-Septoria-Leaf-Spot_aug_69aug64.jpg,Tomato_Septoria_leaf_spot,Tomato_Septoria_leaf_spot,0.9128100872039795,1,1.196619987487793,8.476358413696289,0.1698169708251953,9.845534324645996
dataset/test/Tomato_Septoria_leaf_spot/Tomato-Plant-with-Septoria-Leaf-Spotaug34.jpg,Tomato_Septoria_leaf_spot,Tomato_Septoria_leaf_spot,0.957038402557373,1,1.2064342498779297,8.572988510131836,0.17366790771484375,9.955757141113281
dataset/test/Tomato_Septoria_leaf_spot/b54d0e40027ff5e90e8ba7e1e9abf9bdaug39.jpg,Tomato_Septoria_leaf_spot,Tomato_Septoria_leaf_spot,0.9999775886535645,1,1.2741947174072266,8.95689868927002,0.16692638397216797,10.400945663452148
dataset/test/Tomato_Septoria_leaf_spot/classic-septoria_aug_10aug48.jpg,Tomato_Septoria_leaf_spot,Tomato_Septoria_leaf_spot,0.9872133135795593,1,1.1801013946533203,8.551228523254395,0.16718578338623047,9.901479721069336
dataset/test/Tomato_Septoria_leaf_spot/classic-septoria_aug_11aug49.jpg,Tomato_Septoria_leaf_spot,Tomato_Septoria_leaf_spot,0.9929028153419495,1,1.1562671661376953,12.368977546691895,0.1699085235595703,13.697766304016113
dataset/test/Tomato_Septoria_leaf_spot/classic-septoriaaug5.jpg,Tomato_Septoria_leaf_spot,Tomato_Septoria_leaf_spot,0.9997813105583191,1,1.2496395111083984,8.640525817871094,0.17338943481445312,10.066444396972656
dataset/test/Tomato_Septoria_leaf_spot/early+blight+on+leaf+yel+halo+IMG_2313.JPG_aug_62aug69.jpg,Tomato_Septoria_leaf_spot,Tomato_Septoria_leaf_spot,0.9999722242355347,1,1.1016569137573242,8.409931182861328,0.1674652099609375,9.681680679321289
dataset/test/Tomato_Septoria_leaf_spot/early+blight+on+leaf+yel+halo+IMG_2313.JPG_aug_63aug72.jpg,Tomato_Septoria_leaf_spot,Tomato_Septoria_leaf_spot,0.999929666519165,1,1.1818037033081055,8.471449851989746,0.16759204864501953,9.82368278503418
dataset/test/Tomato_Septoria_leaf_spot/early+blight+on+leaf+yel+halo+IMG_2313.JPGaug31.jpg,Tomato_Septoria_leaf_spot,Tomato_Septoria_leaf_spot,0.9999791383743286,1,1.137101173400879,9.468088150024414,0.1687793731689453,10.776799201965332
dataset/test/Tomato_Septoria_leaf_spot/early-blight-of-tomato-tomato-1aug38.jpg,Tomato_Septoria_leaf_spot,Tomato_Septoria_leaf_spot,0.9999650716781616,1,1.1638965606689453,8.53813648223877,0.17070388793945312,9.875479698181152
dataset/test/Tomato_Septoria_leaf_spot/eblight5_aug_18aug110.jpg,Tomato_Septoria_leaf_spot,Tomato_Septoria_leaf_spot,0.9362853169441223,1,1.096451759338379,8.457876205444336,0.16864967346191406,9.72579288482666
dataset/test/Tomato_Septoria_leaf_spot/eblight5_aug_19aug117.jpg,Tomato_Septoria_leaf_spot,Tomato_Septoria_leaf_spot,0.9052709341049194,1,1.1339893341064453,8.631452560424805,0.19877910614013672,9.967312812805176
dataset/test/Tomato_Septoria_leaf_spot/eblight5aug9.jpg,Tomato_Septoria_leaf_spot,Tomato_Septoria_leaf_spot,0.9992295503616333,1,1.0840091705322266,8.503284454345703,0.17113113403320312,9.761311531066895
dataset/test/Tomato_Septoria_leaf_spot/images (1)_aug_54aug93.jpg,Tomato_Septoria_leaf_spot,Tomato_Septoria_leaf_spot,0.9999703168869019,1,1.1814889907836914,8.666172981262207,0.16561126708984375,10.016054153442383
dataset/test/Tomato_Septoria_leaf_spot/images (1)_aug_55aug87.jpg,Tomato_Septoria_leaf_spot,Tomato_Septoria_leaf_spot,0.9999843835830688,1,1.102433204650879,8.461653709411621,0.1692972183227539,9.73595905303955
dataset/test/Tomato_Septoria_leaf_spot/images (1)aug27.jpg,Tomato_Septoria_leaf_spot,Tomato_Septoria_leaf_spot,0.9997424483299255,1,1.1934890747070312,8.447376251220703,0.16576099395751953,9.80903434753418
dataset/test/Tomato_Septoria_leaf_spot/tomato-blight-treatment-blight_jpg.rf.78cbf6055199828cb682fd0a6435a157_aug_74aug58.jpg,Tomato_Septoria_leaf_spot,Tomato_Septoria_leaf_spot,0.9999988079071045,1,1.1054162979125977,8.490080833435059,0.16127872467041016,9.7592191696167
dataset/test/Tomato_Septoria_leaf_spot/tomato-blight-treatment-blight_jpg.rf.78cbf6055199828cb682fd0a6435a157aug37.jpg,Tomato_Septoria_leaf_spot,Tomato_Septoria_leaf_spot,0.9999953508377075,1,1.1225080490112305,8.327320098876953,0.1686687469482422,9.621365547180176
dataset/test/Tomato_Septoria_leaf_spot/tomato-early-blight-e1437503226856_aug_4aug50.jpg,Tomato_Septoria_leaf_spot,Tomato_Septoria_leaf_spot,0.9801121950149536,1,1.141489028930664,10.39187240600586,0.205352783203125,11.741973876953125
dataset/test/Tomato_Septoria_leaf_spot/tomato-early-blight-e1437503226856_aug_5aug55.jpg,Tomato_Septoria_leaf_spot,Tomato_Septoria_leaf_spot,0.9973377585411072,1,1.5020465850830078,11.250247955322266,0.19679832458496094,12.9523344039917
dataset/test/Tomato_Septoria_leaf_spot/tomato-early-blight-e1437503226856aug2.jpg,Tomato_Septoria_leaf_spot,Tomato_Septoria_leaf_spot,0.9996342658996582,1,1.4731216430664062,11.185710906982422,0.20715045928955078,12.869629859924316
dataset/test/Tomato_Septoria_leaf_spot/tomato-early-blightH_jpg.rf.2633fbae0a933eb2711cb8466f34aca1_aug_12aug119.jpg,Tomato_Septoria_leaf_spot,Tomato_Septoria_leaf_spot,0.9459213018417358,1,1.5774564743041992,11.429898262023926,0.2063159942626953,13.217355728149414
dataset/test/Tomato_Septoria_leaf_spot/tomato-early-blightH_jpg.rf.2633fbae0a933eb2711cb8466f34aca1_aug_13aug114.jpg,Tomato_Septoria_leaf_spot,Tomato_Septoria_leaf_spot,0.9988322854042053,1,1.5556211471557617,11.311193466186523,0.20785236358642578,13.078021049499512
dataset/test/Tomato_Septoria_leaf_spot/tomato-early-blightH_jpg.rf.2633fbae0a933eb2711cb8466f34aca1aug6.jpg,Tomato_Septoria_leaf_spot,Tomato_Septoria_leaf_spot,0.9983986020088196,1,1.6326417922973633,11.194340705871582,0.21129798889160156,13.041964530944824
dataset/test/Tomato_Septoria_leaf_spot/tomato-septoria-3-500x384_aug_32aug104.jpg,Tomato_Septoria_leaf_spot,Tomato_Septoria_leaf_spot,0.9999655485153198,1,1.461029052734375,11.083784103393555,0.2057790756225586,12.753777503967285
dataset/test/Tomato_Septoria_leaf_spot/tomato-septoria-3-500x384_aug_33aug106.jpg,Tomato_Septoria_leaf_spot,Tomato_Septoria_leaf_spot,0.9990082383155823,1,1.458512306213379,11.124488830566406,0.2057790756225586,12.792166709899902
dataset/test/Tomato_Septoria_leaf_spot/tomato-septoria-3-500x384_jpg.rf.40a23512bd3b6d8df2115d7f591913fb_aug_16aug112.jpg,Tomato_Septoria_leaf_spot,Tomato_Septoria_leaf_spot,0.9999946355819702,1,1.5027341842651367,8.244226455688477,0.1578521728515625,9.908184051513672
dataset/test/Tomato_Septoria_leaf_spot/tomato-septoria-3-500x384_jpg.rf.40a23512bd3b6d8df2115d7f591913fb_aug_17aug111.jpg,Tomato_Septoria_leaf_spot,Tomato_Septoria_leaf_spot,0.9999468326568604,1,1.0723047256469727,8.091002464294434,0.15937328338623047,9.32501220703125
dataset/test/Tomato_Septoria_leaf_spot/tomato-septoria-3-500x384_jpg.rf.40a23512bd3b6d8df2115d7f591913fbaug8.jpg,Tomato_Septoria_leaf_spot,Tomato_Septoria_leaf_spot,0.9999874830245972,1,1.055562973022461,8.091596603393555,0.1634082794189453,9.313216209411621
dataset/test/Tomato_Septoria_leaf_spot/tomato-septoria-3-500x384aug16.jpg,Tomato_Septoria_leaf_spot,Tomato_Septoria_leaf_spot,0.9998856782913208,1,1.0866565704345703,7.862576484680176,0.1594829559326172,9.111233711242676
dataset/test/Tomato_Septoria_leaf_spot/tomato-septoria-5_jpg.rf.fab97ae4bb3726e33dcbde7262ec6a65aug40.jpg,Tomato_Septoria_leaf_spot,Tomato_Septoria_leaf_spot,0.9999516010284424,1,1.0670995712280273,7.921149253845215,0.1595020294189453,9.150289535522461
dataset/test/Tomato_Septoria_leaf_spot/tomato-septoria-leaf-spot--_aug_22aug109.jpg,Tomato_Septoria_leaf_spot,Tomato_Septoria_leaf_spot,0.79178386926651,1,1.1125822067260742,8.224706649780273,0.1585559844970703,9.498623847961426
dataset/test/Tomato_Septoria_leaf_spot/tomato-septoria-leaf-spot--_aug_23aug108.jpg,Tomato_Septoria_leaf_spot,Tomato_Septoria_leaf_spot,0.6408398747444153,1,1.1500635147094727,7.793964385986328,0.15664958953857422,9.103602409362793
dataset/test/Tomato_Septoria_leaf_spot/tomato-septoria-leaf-spot--_jpg.rf.06783859d6d3e49976374e4146674e0b_aug_48aug94.jpg,Tomato_Septoria_leaf_spot,Tomato_Septoria_leaf_spot,0.9516089558601379,1,1.102376937866211,8.111929893493652,0.14731502532958984,9.363993644714355
dataset/test/Tomato_Septoria_leaf_spot/tomato-septoria-leaf-spot--_jpg.rf.06783859d6d3e49976374e4146674e0b_aug_49aug88.jpg,Tomato_Septoria_leaf_spot,Tomato_Septoria_leaf_spot,0.9700627326965332,1,1.1123590469360352,7.729297637939453,0.15840816497802734,9.002714157104492
dataset/test/Tomato_Septoria_leaf_spot/tomato-septoria-leaf-spot--_jpg.rf.06783859d6d3e49976374e4146674e0baug24.jpg,Tomato_Septoria_leaf_spot,Tomato_Septoria_leaf_spot,0.833956778049469,1,1.2793779373168945,7.645351409912109,0.20757484436035156,9.135232925415039
dataset/test/Tomato_Septoria_leaf_spot/tomato-septoria-leaf-spot--_jpg.rf.5e63d9a20f5557b9bb3617e79b48ef85_aug_26aug95.jpg,Tomato_Septoria_leaf_spot,Tomato_leaf_yellow_curl_virus,0.5774149894714355,0,1.1298227310180664,8.093022346496582,0.1629648208618164,9.388660430908203
dataset/test/Tomato_Septoria_leaf_spot/tomato-septoria-leaf-spot--_jpg.rf.5e63d9a20f5557b9bb3617e79b48ef85_aug_27aug101.jpg,Tomato_Septoria_leaf_spot,Tomato_Septoria_leaf_spot,0.8054417371749878,1,1.1497669219970703,8.202448844909668,0.1639089584350586,9.518588066101074
dataset/test/Tomato_Septoria_leaf_spot/tomato-septoria-leaf-spot--_jpg.rf.5e63d9a20f5557b9bb3617e79b48ef85aug13.jpg,Tomato_Septoria_leaf_spot,Tomato_Septoria_leaf_spot,0.8382239937782288,1,1.1889533996582031,8.143486022949219,0.16492652893066406,9.500123977661133
dataset/test/Tomato_Septoria_leaf_spot/tomato-septoria-leaf-spot--aug11.jpg,Tomato_Septoria_leaf_spot,Tomato_Septoria_leaf_spot,0.9123605489730835,1,1.1972293853759766,8.205838203430176,0.1633892059326172,9.569199562072754
dataset/test/Tomato_Septoria_leaf_spot/tomato-septoria-leaf-spot-_aug_28aug105.jpg,Tomato_Septoria_leaf_spot,Tomato_Septoria_leaf_spot,0.9932071566581726,1,1.127248764038086,8.218855857849121,0.16335296630859375,9.512105941772461
dataset/test/Tomato_Septoria_leaf_spot/tomato-septoria-leaf-spot-_aug_29aug102.jpg,Tomato_Septoria_leaf_spot,Tomato_Septoria_leaf_spot,0.9918791651725769,1,1.1757316589355469,8.188281059265137,0.1612234115600586,9.527791023254395
dataset/test/Tomato_Septoria_leaf_spot/tomato-septoria-leaf-spot-aug14.jpg,Tomato_Septoria_leaf_spot,Tomato_Septoria_leaf_spot,0.9999984502792358,1,1.1072664260864258,8.144244194030762,0.15124225616455078,9.40492057800293
dataset/test/Tomato_Septoria_leaf_spot/tomato_D2b-Early-blight---RPitblado_zoom_jpg.rf.93df1c3cb830b3940e4a23a5c4a05598_aug_8aug45.jpg,Tomato_Septoria_leaf_spot,Tomato_Septoria_leaf_spot,0.9999945163726807,1,1.1059513092041016,7.994909286499023,0.16466808319091797,9.267956733703613
dataset/test/Tomato_Septoria_leaf_spot/tomato_D2b-Early-blight---RPitblado_zoom_jpg.rf.93df1c3cb830b3940e4a23a5c4a05598_aug_9aug47.jpg,Tomato_Septoria_leaf_spot,Tomato_Septoria_leaf_spot,0.9998711347579956,1,1.2822504043579102,7.970483779907227,0.1638336181640625,9.419142723083496
dataset/test/Tomato_Septoria_leaf_spot/tomato_D2b-Early-blight---RPitblado_zoom_jpg.rf.93df1c3cb830b3940e4a23a5c4a05598aug4.jpg,Tomato_Septoria_leaf_spot,Tomato_Septoria_leaf_spot,0.9999566078186035,1,1.1523609161376953,8.153817176818848,0.16385364532470703,9.472679138183594
dataset/test/Tomato_Septoria_leaf_spot/tomatoseptorialeafspotjpg-788d20798a3c74e7_aug_36aug98.jpg,Tomato_Septoria_leaf_spot,Tomato_Septoria_leaf_spot,0.9999406337738037,1,1.1057119369506836,8.53200626373291,0.1627044677734375,9.803165435791016
dataset/test/Tomato_Septoria_leaf_spot/tomatoseptorialeafspotjpg-788d20798a3c74e7_aug_37aug99.jpg,Tomato_Septoria_leaf_spot,Tomato_Septoria_leaf_spot,0.9981768131256104,1,1.146749496459961,8.517951011657715,0.16761302947998047,9.83545970916748
dataset/test/Tomato_Septoria_leaf_spot/tomatoseptorialeafspotjpg-788d20798a3c74e7aug18.jpg,Tomato_Septoria_leaf_spot,Tomato_Septoria_leaf_spot,0.990177571773529,1,1.1414155960083008,8.515580177307129,0.16705799102783203,9.827034950256348
dataset/test/Tomato_leaf_late_blight/Gls74_change_90_aug_66aug46.jpg,Tomato_leaf_late_blight,Tomato_Early_blight_leaf,0.7499960660934448,0,1.1006555557250977,8.701472282409668,0.1680746078491211,9.973091125488281
dataset/test/Tomato_leaf_late_blight/Gls74_change_90_aug_67aug49.jpg,Tomato_leaf_late_blight,Tomato_leaf_late_blight,0.8841268420219421,1,1.1089515686035156,8.478005409240723,0.20685386657714844,9.796868324279785
dataset/test/Tomato_leaf_late_blight/Gls74_change_90_aug_68aug41.jpg,Tomato_leaf_late_blight,Tomato_Early_blight_leaf,0.8229234218597412,0,1.1028051376342773,8.56904411315918,0.16840839385986328,9.842923164367676
dataset/test/Tomato_leaf_late_blight/Gls74_change_90aug22.jpg,Tomato_leaf_late_blight,Tomato_Early_blight_leaf,0.8850926160812378,0,1.1026926040649414,8.434098243713379,0.16672325134277344,9.706738471984863
dataset/test/Tomato_leaf_late_blight/Gls78_change_270_aug_24aug95.jpg,Tomato_leaf_late_blight,Tomato_leaf_late_blight,0.9990295171737671,1,1.1338787078857422,8.521246910095215,0.16689014434814453,9.825311660766602
dataset/test/Tomato_leaf_late_blight/Gls78_change_270_aug_25aug80.jpg,Tomato_leaf_late_blight,Tomato_leaf_late_blight,0.9997082352638245,1,1.0921745300292969,8.475247383117676,0.16857433319091797,9.738959312438965
dataset/test/Tomato_leaf_late_blight/Gls78_change_270_aug_26aug81.jpg,Tomato_leaf_late_blight,Tomato_leaf_late_blight,0.9951629638671875,1,1.1358051300048828,8.535543441772461,0.16666889190673828,9.841146469116211
dataset/test/Tomato_leaf_late_blight/Gls78_change_270aug8.jpg,Tomato_leaf_late_blight,Tomato_leaf_late_blight,0.9981308579444885,1,1.0844335556030273,8.449061393737793,0.16961193084716797,9.706219673156738
dataset/test/Tomato_leaf_late_blight/Gls79_change_270_aug_51aug69.jpg,Tomato_leaf_late_blight,Tomato_leaf_late_blight,0.9996287822723389,1,1.0821189880371094,8.190299987792969,0.16342830657958984,9.4384765625
dataset/test/Tomato_leaf_late_blight/Gls79_change_270_aug_52aug74.jpg,Tomato_leaf_late_blight,Tomato_leaf_late_blight,0.9996258020401001,1,1.0288219451904297,8.010632514953613,0.1662616729736328,9.2090482711792
dataset/test/Tomato_leaf_late_blight/Gls79_change_270_aug_53aug68.jpg,Tomato_leaf_late_blight,Tomato_leaf_late_blight,0.9997300505638123,1,1.0354890823364258,8.324857711791992,0.16185283660888672,9.525012016296387
dataset/test/Tomato_leaf_late_blight/Gls79_change_270aug17.jpg,Tomato_leaf_late_blight,Tomato_leaf_late_blight,0.9995816349983215,1,1.0746746063232422,8.048206329345703,0.1529092788696289,9.278197288513184
dataset/test/Tomato_leaf_late_blight/Gls79_change_90_aug_27aug85.jpg,Tomato_leaf_late_blight,Tomato_leaf_late_blight,0.9987815022468567,1,1.035562515258789,7.983187675476074,0.16402053833007812,9.185660362243652
dataset/test/Tomato_leaf_late_blight/Gls79_change_90_aug_28aug97.jpg,Tomato_leaf_late_blight,Tomato_leaf_late_blight,0.9957084655761719,1,1.1350269317626953,7.87101936340332,0.16203784942626953,9.171121597290039
dataset/test/Tomato_leaf_late_blight/Gls79_change_90_aug_29aug89.jpg,Tomato_leaf_late_blight,Tomato_leaf_late_blight,0.9988099336624146,1,1.037156105041504,8.019280433654785,0.16311264038085938,9.222308158874512
dataset/test/Tomato_leaf_late_blight/Gls79_change_90aug9.jpg,Tomato_leaf_late_blight,Tomato_leaf_late_blight,0.999982476234436,1,1.0633602142333984,8.091206550598145,0.16040897369384766,9.317790031433105
dataset/test/Tomato_leaf_late_blight/Gls79_mirror_aug_15aug104.jpg,Tomato_leaf_late_blight,Tomato_leaf_late_blight,0.9999982118606567,1,1.036433219909668,8.074780464172363,0.16689014434814453,9.280919075012207
dataset/test/Tomato_leaf_late_blight/Gls79_mirror_aug_16aug113.jpg,Tomato_leaf_late_blight,Tomato_leaf_late_blight,0.9999997615814209,1,1.0375823974609375,8.376523971557617,0.1871490478515625,9.604809761047363
dataset/test/Tomato_leaf_late_blight/Gls79_mirror_aug_17aug109.jpg,Tomato_leaf_late_blight,Tomato_leaf_late_blight,0.9999960660934448,1,1.0341367721557617,8.064094543457031,0.16237163543701172,9.263382911682129
dataset/test/Tomato_leaf_late_blight/Gls79_mirroraug5.jpg,Tomato_leaf_late_blight,Tomato_leaf_late_blight,0.999997615814209,1,1.0260257720947266,8.078076362609863,0.3465585708618164,9.453550338745117
dataset/test/Tomato_leaf_late_blight/IMG_20251102_155822aug32.jpg,Tomato_leaf_late_blight,Tomato_Early_blight_leaf,0.9416436553001404,0,1.0789709091186523,8.156113624572754,0.16792678833007812,9.405624389648438
dataset/test/Tomato_leaf_late_blight/IMG_20251102_160928aug33.jpg,Tomato_leaf_late_blight,Tomato_mold_leaf,0.41916388273239136,0,1.2068605422973633,8.158319473266602,0.16653823852539062,9.534550666809082
dataset/test/Tomato_leaf_late_blight/IMG_20251102_161202_aug_57aug50.jpg,Tomato_leaf_late_blight,Tomato_Early_blight_leaf,0.9995261430740356,0,1.1631193161010742,8.342949867248535,0.16640853881835938,9.67494010925293
dataset/test/Tomato_leaf_late_blight/IMG_20251102_161202_aug_58aug52.jpg,Tomato_leaf_late_blight,Tomato_Early_blight_leaf,0.9980365633964539,0,1.2002859115600586,8.308690071105957,0.16601848602294922,9.678126335144043
dataset/test/Tomato_leaf_late_blight/IMG_20251102_161202_aug_59aug39.jpg,Tomato_leaf_late_blight,Tomato_Early_blight_leaf,0.9987741112709045,0,1.1872320175170898,8.333504676818848,0.1686687469482422,9.692384719848633
dataset/test/Tomato_leaf_late_blight/IMG_20251102_161202aug19.jpg,Tomato_leaf_late_blight,Tomato_Early_blight_leaf,0.9992183446884155,0,1.2037315368652344,8.31485652923584,0.164520263671875,9.685884475708008
dataset/test/Tomato_leaf_late_blight/IMG_5808_jpg.rf.9de5af872dd2e7a58b115c4826fb18d4_aug_63aug53.jpg,Tomato_leaf_late_blight,Tomato_leaf_late_blight,0.9999992847442627,1,1.1120080947875977,8.333486557006836,0.16601943969726562,9.614291191101074
dataset/test/Tomato_leaf_late_blight/IMG_5808_jpg.rf.9de5af872dd2e7a58b115c4826fb18d4_aug_64aug43.jpg,Tomato_leaf_late_blight,Tomato_leaf_late_blight,0.999995231628418,1,1.1256561279296875,8.338949203491211,0.1657238006591797,9.632996559143066
dataset/test/Tomato_leaf_late_blight/IMG_5808_jpg.rf.9de5af872dd2e7a58b115c4826fb18d4_aug_65aug38.jpg,Tomato_leaf_late_blight,Tomato_leaf_late_blight,0.9998667240142822,1,1.166823387145996,8.317041397094727,0.16550064086914062,9.652235984802246
dataset/test/Tomato_leaf_late_blight/IMG_5808_jpg.rf.9de5af872dd2e7a58b115c4826fb18d4aug21.jpg,Tomato_leaf_late_blight,Tomato_leaf_late_blight,0.9999985694885254,1,1.1074514389038086,8.7717866897583,0.2047414779663086,10.087037086486816
dataset/test/Tomato_leaf_late_blight/LB_ (254)_aug_54aug73.jpg,Tomato_leaf_late_blight,Tomato_leaf_late_blight,0.9999434947967529,1,1.4397878646850586,11.30667495727539,0.20485305786132812,12.954649925231934
dataset/test/Tomato_leaf_late_blight/LB_ (254)_aug_55aug71.jpg,Tomato_leaf_late_blight,Tomato_leaf_late_blight,0.9998486042022705,1,1.372732162475586,11.043598175048828,0.20553874969482422,12.625350952148438
dataset/test/Tomato_leaf_late_blight/LB_ (254)_aug_56aug78.jpg,Tomato_leaf_late_blight,Tomato_leaf_late_blight,0.9980891346931458,1,1.5308456420898438,11.155247688293457,0.2051687240600586,12.895018577575684
dataset/test/Tomato_leaf_late_blight/LB_ (254)aug18.jpg,Tomato_leaf_late_blight,Tomato_leaf_late_blight,0.9999206066131592,1,1.3813810348510742,11.137507438659668,0.20407581329345703,12.727258682250977
dataset/test/Tomato_leaf_late_blight/LB_ (276)_aug_60aug45.jpg,Tomato_leaf_late_blight,Tomato_leaf_late_blight,0.9992814660072327,1,1.4372129440307617,11.074043273925781,0.20435333251953125,12.71912956237793
dataset/test/Tomato_leaf_late_blight/LB_ (276)_aug_61aug44.jpg,Tomato_leaf_late_blight,Tomato_leaf_late_blight,0.9963131546974182,1,1.4517698287963867,11.094209671020508,0.2025012969970703,12.751686096191406
dataset/test/Tomato_leaf_late_blight/LB_ (276)_aug_62aug40.jpg,Tomato_leaf_late_blight,Tomato_leaf_late_blight,0.9999984502792358,1,1.5323801040649414,11.082969665527344,0.20252132415771484,12.821258544921875
dataset/test/Tomato_leaf_late_blight/LB_ (276)aug20.jpg,Tomato_leaf_late_blight,Tomato_leaf_late_blight,0.9997753500938416,1,1.3943252563476562,10.605428695678711,0.15642738342285156,12.159049987792969
dataset/test/Tomato_leaf_late_blight/Late-blight-foliar-leasion-on-tomato_jpg.rf.331af81e5b2aae24af0dc9b6d9933591_aug_72aug60.jpg,Tomato_leaf_late_blight,Tomato_leaf_late_blight,0.9999979734420776,1,1.0938968658447266,7.654925346374512,0.3120384216308594,9.063658714294434
dataset/test/Tomato_leaf_late_blight/Late-blight-foliar-leasion-on-tomato_jpg.rf.331af81e5b2aae24af0dc9b6d9933591_aug_73aug51.jpg,Tomato_leaf_late_blight,Tomato_leaf_late_blight,0.9999611377716064,1,1.0504894256591797,8.13455867767334,0.15857410430908203,9.345863342285156
dataset/test/Tomato_leaf_late_blight/Late-blight-foliar-leasion-on-tomato_jpg.rf.331af81e5b2aae24af0dc9b6d9933591_aug_74aug37.jpg,Tomato_leaf_late_blight,Tomato_leaf_late_blight,0.9999538660049438,1,1.2783241271972656,7.68964958190918,0.16007423400878906,9.13056468963623
dataset/test/Tomato_leaf_late_blight/Late-blight-foliar-leasion-on-tomato_jpg.rf.331af81e5b2aae24af0dc9b6d9933591aug24.jpg,Tomato_leaf_late_blight,Tomato_leaf_late_blight,0.9995226860046387,1,1.0976200103759766,8.415931701660156,0.15866756439208984,9.675236701965332
dataset/test/Tomato_leaf_late_blight/Late-blight-on-a-tomato-leaf_jpg.rf.8a0bcac661db5b0d51beab8e2bf6cd6caug29.jpg,Tomato_leaf_late_blight,Tomato_leaf_late_blight,0.9999855756759644,1,1.0541191101074219,8.25092887878418,0.20065021514892578,9.50864315032959
dataset/test/Tomato_leaf_late_blight/Late-blight-on-a-tomato-leaf_jpg.rf.8defdb736385f3e1da6fba17b2786ac9_aug_84aug36.jpg,Tomato_leaf_late_blight,Tomato_leaf_late_blight,0.9999901056289673,1,1.0327672958374023,8.906991004943848,0.24026203155517578,10.183852195739746
dataset/test/Tomato_leaf_late_blight/Late-blight-on-a-tomato-leaf_jpg.rf.8defdb736385f3e1da6fba17b2786ac9aug28.jpg,Tomato_leaf_late_blight,Tomato_leaf_late_blight,0.999453604221344,1,1.2167682647705078,20.418055534362793,0.21342754364013672,21.850934982299805
dataset/test/Tomato_leaf_late_blight/Late-blight-symptoms-on-tomato-leaves-1r3uhy2_jpg.rf.92fa5ba375a2c3ce572ef7e12695be90aug31.jpg,Tomato_leaf_late_blight,Tomato_leaf_late_blight,0.9999850988388062,1,1.366286277770996,8.64604377746582,0.16109371185302734,10.175889015197754
dataset/test/Tomato_leaf_late_blight/Late-blight-tomato-leaf-VikramBisht-MBag_jpg.rf.ec494f1ab0c0417fed47095af181f852_aug_6aug117.jpg,Tomato_leaf_late_blight,Tomato_leaf_late_blight,0.9999725818634033,1,1.0967674255371094,7.992131233215332,0.15996456146240234,9.252289772033691
dataset/test/Tomato_leaf_late_blight/Late-blight-tomato-leaf-VikramBisht-MBag_jpg.rf.ec494f1ab0c0417fed47095af181f852_aug_7aug116.jpg,Tomato_leaf_late_blight,Tomato_leaf_late_blight,0.9999985694885254,1,1.1133413314819336,8.220911979675293,0.16457557678222656,9.501477241516113
dataset/test/Tomato_leaf_late_blight/Late-blight-tomato-leaf-VikramBisht-MBag_jpg.rf.ec494f1ab0c0417fed47095af181f852_aug_8aug115.jpg,Tomato_leaf_late_blight,Tomato_leaf_late_blight,0.9999959468841553,1,1.1122865676879883,8.195484161376953,0.16370487213134766,9.474235534667969
dataset/test/Tomato_leaf_late_blight/Late-blight-tomato-leaf-VikramBisht-MBag_jpg.rf.ec494f1ab0c0417fed47095af181f852aug2.jpg,Tomato_leaf_late_blight,Tomato_leaf_late_blight,0.9999946355819702,1,1.1083040237426758,8.129632949829102,0.20298290252685547,9.443902015686035
dataset/test/Tomato_leaf_late_blight/LateBlight-Tomato-JJ-2009-17nxg4q_aug_36aug79.jpg,Tomato_leaf_late_blight,Tomato_leaf_late_blight,0.9999948740005493,1,1.046600341796875,8.25546646118164,0.16403865814208984,9.468827247619629
dataset/test/Tomato_leaf_late_blight/LateBlight-Tomato-JJ-2009-17nxg4q_aug_37aug87.jpg,Tomato_leaf_late_blight,Tomato_leaf_late_blight,0.9999276399612427,1,1.0396366119384766,8.181652069091797,0.16472339630126953,9.389067649841309
dataset/test/Tomato_leaf_late_blight/LateBlight-Tomato-JJ-2009-17nxg4q_aug_38aug67.jpg,Tomato_leaf_late_blight,Tomato_leaf_late_blight,0.9999327659606934,1,1.0844526290893555,8.340042114257812,0.16194438934326172,9.58916187286377
dataset/test/Tomato_leaf_late_blight/LateBlight-Tomato-JJ-2009-17nxg4q_jpg.rf.93780f99f071013cf0764b40fc6db48c_aug_48aug77.jpg,Tomato_leaf_late_blight,Tomato_leaf_late_blight,1.0,1,1.0317678451538086,8.335672378540039,0.15496444702148438,9.524809837341309
dataset/test/Tomato_leaf_late_blight/LateBlight-Tomato-JJ-2009-17nxg4q_jpg.rf.93780f99f071013cf0764b40fc6db48c_aug_49aug65.jpg,Tomato_leaf_late_blight,Tomato_leaf_late_blight,1.0,1,1.0302114486694336,8.028557777404785,0.16454029083251953,9.225844383239746
dataset/test/Tomato_leaf_late_blight/LateBlight-Tomato-JJ-2009-17nxg4q_jpg.rf.93780f99f071013cf0764b40fc6db48c_aug_50aug75.jpg,Tomato_leaf_late_blight,Tomato_leaf_late_blight,0.9999998807907104,1,1.1827125549316406,7.978705406188965,0.1630573272705078,9.327216148376465
dataset/test/Tomato_leaf_late_blight/LateBlight-Tomato-JJ-2009-17nxg4q_jpg.rf.93780f99f071013cf0764b40fc6db48caug16.jpg,Tomato_leaf_late_blight,Tomato_leaf_late_blight,1.0,1,1.044377326965332,8.133428573608398,0.16631603240966797,9.346715927124023
dataset/test/Tomato_leaf_late_blight/LateBlight-Tomato-JJ-2009-17nxg4qaug12.jpg,Tomato_leaf_late_blight,Tomato_leaf_late_blight,0.998324453830719,1,1.0493955612182617,8.15461540222168,0.16748332977294922,9.374771118164062
dataset/test/Tomato_leaf_late_blight/Lb11_mirror_verticalaug34.jpg,Tomato_leaf_late_blight,Tomato_leaf_late_blight,0.8607211112976074,1,1.144730567932129,8.336134910583496,0.16726112365722656,9.651013374328613
dataset/test/Tomato_leaf_late_blight/Lb51_mirror_aug_39aug83.jpg,Tomato_leaf_late_blight,Tomato_leaf_late_blight,0.9879669547080994,1,1.0877485275268555,8.300262451171875,0.16624164581298828,9.556754112243652
dataset/test/Tomato_leaf_late_blight/Lb51_mirror_aug_40aug96.jpg,Tomato_leaf_late_blight,Tomato_leaf_late_blight,0.9945607781410217,1,1.0867300033569336,8.525413513183594,0.16526031494140625,9.780033111572266
dataset/test/Tomato_leaf_late_blight/Lb51_mirror_aug_41aug91.jpg,Tomato_leaf_late_blight,Tomato_leaf_late_blight,0.8341857194900513,1,1.080007553100586,9.191363334655762,0.16689014434814453,10.441596031188965
dataset/test/Tomato_leaf_late_blight/Lb51_mirroraug13.jpg,Tomato_leaf_late_blight,Tomato_leaf_late_blight,0.9500014781951904,1,1.0902843475341797,8.539488792419434,0.1706867218017578,9.803719520568848
dataset/test/Tomato_leaf_late_blight/Lb52_change_90_aug_42aug64.jpg,Tomato_leaf_late_blight,Tomato_leaf_late_blight,0.9993021488189697,1,1.0654335021972656,8.357746124267578,0.16822433471679688,9.594051361083984
dataset/test/Tomato_leaf_late_blight/Lb52_change_90_aug_43aug63.jpg,Tomato_leaf_late_blight,Tomato_leaf_late_blight,0.9999723434448242,1,1.0582122802734375,8.324152946472168,0.16698265075683594,9.552347183227539
dataset/test/Tomato_leaf_late_blight/Lb52_change_90_aug_44aug70.jpg,Tomato_leaf_late_blight,Tomato_leaf_late_blight,0.9999910593032837,1,1.1147117614746094,8.312429428100586,0.16509437561035156,9.595050811767578
dataset/test/Tomato_leaf_late_blight/Lb52_change_90aug14.jpg,Tomato_leaf_late_blight,Tomato_leaf_late_blight,0.999626874923706,1,1.0680646896362305,8.3781156539917,0.16622257232666016,9.615218162536621
dataset/test/Tomato_leaf_late_blight/Lb69_aug_45aug76.jpg,Tomato_leaf_late_blight,Tomato_leaf_late_blight,1.0,1,1.0990638732910156,8.371987342834473,0.17088985443115234,9.644699096679688
dataset/test/Tomato_leaf_late_blight/Lb69_aug_46aug72.jpg,Tomato_leaf_late_blight,Tomato_leaf_late_blight,1.0,1,1.0602302551269531,8.164225578308105,0.16472244262695312,9.391937255859375
dataset/test/Tomato_leaf_late_blight/Lb69_aug_47aug66.jpg,Tomato_leaf_late_blight,Tomato_leaf_late_blight,1.0,1,1.0597114562988281,8.223095893859863,0.16679859161376953,9.452031135559082
dataset/test/Tomato_leaf_late_blight/Lb69aug15.jpg,Tomato_leaf_late_blight,Tomato_leaf_late_blight,1.0,1,1.1097307205200195,8.45400619506836,0.16731548309326172,9.73425579071045
dataset/test/Tomato_leaf_late_blight/Lb8_mirror_vertical_aug_10aug118.jpg,Tomato_leaf_late_blight,Tomato_leaf_late_blight,0.9965961575508118,1,1.0763969421386719,8.29061508178711,0.17242717742919922,9.542513847351074
dataset/test/Tomato_leaf_late_blight/Lb8_mirror_vertical_aug_11aug111.jpg,Tomato_leaf_late_blight,Tomato_leaf_late_blight,0.9999366998672485,1,1.1888055801391602,8.563987731933594,0.16483402252197266,9.92070198059082
dataset/test/Tomato_leaf_late_blight/Lb8_mirror_vertical_aug_9aug103.jpg,Tomato_leaf_late_blight,Tomato_leaf_late_blight,0.9998347759246826,1,1.0661201477050781,8.193151473999023,0.16603851318359375,9.428142547607422
dataset/test/Tomato_leaf_late_blight/Lb8_mirror_verticalaug3.jpg,Tomato_leaf_late_blight,Tomato_leaf_late_blight,0.999925971031189,1,1.0783042907714844,8.221208572387695,0.16605758666992188,9.468567848205566
dataset/test/Tomato_leaf_late_blight/Lb97_aug_21aug84.jpg,Tomato_leaf_late_blight,Tomato_leaf_late_blight,0.9999986886978149,1,1.1280441284179688,8.516765594482422,0.1665945053100586,9.814459800720215
dataset/test/Tomato_leaf_late_blight/Lb97_aug_22aug101.jpg,Tomato_leaf_late_blight,Tomato_leaf_late_blight,0.9999990463256836,1,1.0886011123657227,8.146595001220703,0.1655569076538086,9.403919219970703
dataset/test/Tomato_leaf_late_blight/Lb97_aug_23aug82.jpg,Tomato_leaf_late_blight,Tomato_leaf_late_blight,0.9999772310256958,1,1.1201934814453125,8.239060401916504,0.16387176513671875,9.526216506958008
dataset/test/Tomato_leaf_late_blight/Lb97aug7.jpg,Tomato_leaf_late_blight,Tomato_leaf_late_blight,0.9984298348426819,1,1.0846376419067383,8.308134078979492,0.16440868377685547,9.559717178344727
dataset/test/Tomato_leaf_late_blight/Leaf-2Bsymptoms-2BMDA_jpg.rf.39b220104d04636fad4f5aae043826cb_aug_0aug108.jpg,Tomato_leaf_late_blight,Tomato_leaf_late_blight,0.9987645149230957,1,1.2216196060180664,8.286784172058105,0.1630392074584961,9.67406940460205
dataset/test/Tomato_leaf_late_blight/Leaf-2Bsymptoms-2BMDA_jpg.rf.39b220104d04636fad4f5aae043826cb_aug_1aug106.jpg,Tomato_leaf_late_blight,Tomato_leaf_late_blight,0.9999411106109619,1,1.1835260391235352,8.461968421936035,0.16022396087646484,9.808384895324707
dataset/test/Tomato_leaf_late_blight/Leaf-2Bsymptoms-2BMDA_jpg.rf.39b220104d04636fad4f5aae043826cb_aug_2aug119.jpg,Tomato_leaf_late_blight,Tomato_leaf_late_blight,0.9999872446060181,1,1.1133041381835938,8.301227569580078,0.15829753875732422,9.575310707092285
dataset/test/Tomato_leaf_late_blight/Leaf-2Bsymptoms-2BMDA_jpg.rf.39b220104d04636fad4f5aae043826cbaug0.jpg,Tomato_leaf_late_blight,Tomato_leaf_late_blight,0.9999433755874634,1,1.1603784561157227,8.328208923339844,0.1774454116821289,9.669106483459473
dataset/test/Tomato_leaf_late_blight/Tomato-20bacterial-20canker-JPG_jpg.rf.8b568c1d5efcfdcef44c606eb076b889_aug_30aug92.jpg,Tomato_leaf_late_blight,Tomato_leaf_late_blight,0.9565198421478271,1,1.2287311553955078,8.645914077758789,0.17242813110351562,10.05007266998291
dataset/test/Tomato_leaf_late_blight/Tomato-20bacterial-20canker-JPG_jpg.rf.8b568c1d5efcfdcef44c606eb076b889_aug_31aug98.jpg,Tomato_leaf_late_blight,Tomato_leaf_late_blight,0.9990342855453491,1,1.159712791442871,8.51113510131836,0.16614818572998047,9.86307144165039
dataset/test/Tomato_leaf_late_blight/Tomato-20bacterial-20canker-JPG_jpg.rf.8b568c1d5efcfdcef44c606eb076b889_aug_32aug90.jpg,Tomato_leaf_late_blight,Tomato_Early_blight_leaf,0.5078204870223999,0,1.1396732330322266,8.132558822631836,0.1682424545288086,9.443587303161621
dataset/test/Tomato_leaf_late_blight/Tomato-20bacterial-20canker-JPG_jpg.rf.8b568c1d5efcfdcef44c606eb076b889aug10.jpg,Tomato_leaf_late_blight,Tomato_leaf_late_blight,0.9877654314041138,1,1.138082504272461,8.526598930358887,0.16679668426513672,9.834515571594238
dataset/test/Tomato_leaf_late_blight/TomatoBlight-JPG_jpg.rf.234cbc5809dc7d942e46760a63e10d9f_aug_33aug88.jpg,Tomato_leaf_late_blight,Tomato_leaf_late_blight,0.9991863369941711,1,1.1127853393554688,8.24226188659668,0.1655569076538086,9.523606300354004
dataset/test/Tomato_leaf_late_blight/TomatoBlight-JPG_jpg.rf.234cbc5809dc7d942e46760a63e10d9f_aug_34aug86.jpg,Tomato_leaf_late_blight,Tomato_leaf_late_blight,0.9997192025184631,1,1.1135826110839844,8.294727325439453,0.16352081298828125,9.575051307678223
dataset/test/Tomato_leaf_late_blight/TomatoBlight-JPG_jpg.rf.234cbc5809dc7d942e46760a63e10d9f_aug_35aug93.jpg,Tomato_leaf_late_blight,Tomato_leaf_late_blight,0.9990171194076538,1,1.1740074157714844,8.323209762573242,0.16366863250732422,9.663421630859375
dataset/test/Tomato_leaf_late_blight/TomatoBlight-JPG_jpg.rf.234cbc5809dc7d942e46760a63e10d9faug11.jpg,Tomato_leaf_late_blight,Tomato_leaf_late_blight,0.8225701451301575,1,1.123748779296875,8.293875694274902,0.17463016510009766,9.595126152038574
dataset/test/Tomato_leaf_late_blight/dsc_8140cs_aug_3aug114.jpg,Tomato_leaf_late_blight,Tomato_leaf_late_blight,0.9999966621398926,1,1.1406373977661133,8.12355899810791,0.1653900146484375,9.432271957397461
dataset/test/Tomato_leaf_late_blight/dsc_8140cs_aug_4aug99.jpg,Tomato_leaf_late_blight,Tomato_leaf_late_blight,0.9897171258926392,1,1.187119483947754,8.22209644317627,0.16864871978759766,9.58069896697998
dataset/test/Tomato_leaf_late_blight/dsc_8140cs_aug_5aug102.jpg,Tomato_leaf_late_blight,Tomato_leaf_late_blight,0.9998297691345215,1,1.1540822982788086,8.140022277832031,0.16611289978027344,9.462920188903809
dataset/test/Tomato_leaf_late_blight/dsc_8140csaug1.jpg,Tomato_leaf_late_blight,Tomato_leaf_late_blight,0.9999258518218994,1,1.1580448150634766,8.304986953735352,0.1562786102294922,9.621421813964844
dataset/test/Tomato_leaf_late_blight/late_jpg.rf.f64883c6ac50eb4f477851ddc23305e8_aug_69aug47.jpg,Tomato_leaf_late_blight,Tomato_Early_blight_leaf,0.7074251770973206,0,1.140397071838379,8.293374061584473,0.16524124145507812,9.601624488830566
dataset/test/Tomato_leaf_late_blight/late_jpg.rf.f64883c6ac50eb4f477851ddc23305e8_aug_70aug48.jpg,Tomato_leaf_late_blight,Tomato_Early_blight_leaf,0.48705044388771057,0,1.2512683868408203,8.233375549316406,0.16479778289794922,9.651996612548828
dataset/test/Tomato_leaf_late_blight/late_jpg.rf.f64883c6ac50eb4f477851ddc23305e8_aug_71aug42.jpg,Tomato_leaf_late_blight,Tomato_Early_blight_leaf,0.5373227000236511,0,1.25689697265625,8.179929733276367,0.1650562286376953,9.604754447937012
dataset/test/Tomato_leaf_late_blight/late_jpg.rf.f64883c6ac50eb4f477851ddc23305e8aug23.jpg,Tomato_leaf_late_blight,Tomato_leaf_late_blight,0.7532839179039001,1,1.1651391983032227,8.268634796142578,0.16566753387451172,9.602365493774414
dataset/test/Tomato_leaf_late_blight/lateblightTom_lesionaug30.jpg,Tomato_leaf_late_blight,Tomato_leaf_late_blight,0.9984511137008667,1,1.0925827026367188,8.317172050476074,0.1652965545654297,9.577606201171875
dataset/test/Tomato_leaf_late_blight/lb_leaf_lesions2x1200_jpg.rf.3a72cc9627c3ba6d79a876e19220824e_aug_81aug56.jpg,Tomato_leaf_late_blight,Tomato_leaf_late_blight,1.0,1,1.1011943817138672,8.377707481384277,0.16559314727783203,9.647087097167969
dataset/test/Tomato_leaf_late_blight/lb_leaf_lesions2x1200_jpg.rf.3a72cc9627c3ba6d79a876e19220824e_aug_82aug62.jpg,Tomato_leaf_late_blight,Tomato_leaf_late_blight,1.0,1,1.1120271682739258,8.436339378356934,0.19239044189453125,9.743571281433105
dataset/test/Tomato_leaf_late_blight/lb_leaf_lesions2x1200_jpg.rf.3a72cc9627c3ba6d79a876e19220824e_aug_83aug57.jpg,Tomato_leaf_late_blight,Tomato_leaf_late_blight,1.0,1,1.0893230438232422,8.42258071899414,0.1675567626953125,9.682219505310059
dataset/test/Tomato_leaf_late_blight/lb_leaf_lesions2x1200_jpg.rf.3a72cc9627c3ba6d79a876e19220824eaug27.jpg,Tomato_leaf_late_blight,Tomato_leaf_late_blight,1.0,1,1.0959529876708984,8.150077819824219,0.16511154174804688,9.41412353515625
dataset/test/Tomato_leaf_late_blight/p1020076cs_aug_78aug35.jpg,Tomato_leaf_late_blight,Tomato_leaf_late_blight,0.7018274664878845,1,1.1229887008666992,8.275374412536621,0.16733455657958984,9.568272590637207
dataset/test/Tomato_leaf_late_blight/p1020076cs_aug_79aug59.jpg,Tomato_leaf_late_blight,Tomato_leaf_late_blight,0.98225337266922,1,1.0797119140625,8.134780883789062,0.1670370101928711,9.384679794311523
dataset/test/Tomato_leaf_late_blight/p1020076cs_aug_80aug55.jpg,Tomato_leaf_late_blight,Tomato_leaf_late_blight,0.9997170567512512,1,1.0689716339111328,8.163410186767578,0.164520263671875,9.399864196777344
dataset/test/Tomato_leaf_late_blight/p1020076csaug26.jpg,Tomato_leaf_late_blight,Tomato_leaf_late_blight,0.9320766925811768,1,1.1015625,8.275004386901855,0.16438961029052734,9.543940544128418
dataset/test/Tomato_leaf_late_blight/symptoms_of_late_blight_0_jpg.rf.417903f6c86ccb4f4bcd7139e0867018_aug_75aug58.jpg,Tomato_leaf_late_blight,Tomato_leaf_late_blight,0.9999977350234985,1,1.1308603286743164,8.32498550415039,0.16718578338623047,9.625996589660645
dataset/test/Tomato_leaf_late_blight/symptoms_of_late_blight_0_jpg.rf.417903f6c86ccb4f4bcd7139e0867018_aug_76aug54.jpg,Tomato_leaf_late_blight,Tomato_leaf_late_blight,0.9999998807907104,1,1.1147127151489258,8.28137493133545,0.1644449234008789,9.56379222869873
dataset/test/Tomato_leaf_late_blight/symptoms_of_late_blight_0_jpg.rf.417903f6c86ccb4f4bcd7139e0867018_aug_77aug61.jpg,Tomato_leaf_late_blight,Tomato_leaf_late_blight,0.9999998807907104,1,1.1243047714233398,8.161744117736816,0.1758899688720703,9.465197563171387
dataset/test/Tomato_leaf_late_blight/symptoms_of_late_blight_0_jpg.rf.417903f6c86ccb4f4bcd7139e0867018aug25.jpg,Tomato_leaf_late_blight,Tomato_leaf_late_blight,0.9999784231185913,1,1.2034902572631836,8.128448486328125,0.16611194610595703,9.500975608825684
dataset/test/Tomato_leaf_late_blight/tomato-late-blight-leaf-61-3x32_aug_12aug112.jpg,Tomato_leaf_late_blight,Tomato_leaf_late_blight,0.9983493089675903,1,1.2156200408935547,8.234171867370605,0.16794395446777344,9.620254516601562
dataset/test/Tomato_leaf_late_blight/tomato-late-blight-leaf-61-3x32_aug_13aug110.jpg,Tomato_leaf_late_blight,Tomato_leaf_late_blight,0.9064431190490723,1,1.065988540649414,8.269559860229492,0.16379833221435547,9.501863479614258
dataset/test/Tomato_leaf_late_blight/tomato-late-blight-leaf-61-3x32_aug_14aug105.jpg,Tomato_leaf_late_blight,Tomato_leaf_late_blight,0.999786913394928,1,1.077082633972168,8.248022079467773,0.16692829132080078,9.494680404663086
dataset/test/Tomato_leaf_late_blight/tomato-late-blight-leaf-61-3x32aug4.jpg,Tomato_leaf_late_blight,Tomato_leaf_late_blight,0.9952602982521057,1,1.1096735000610352,8.286096572875977,0.16527938842773438,9.563773155212402
dataset/test/Tomato_leaf_late_blight/tomato.early.blightH_aug_18aug100.jpg,Tomato_leaf_late_blight,Tomato_Septoria_leaf_spot,0.9831423759460449,0,1.1691570281982422,8.206615447998047,0.1665935516357422,9.544976234436035
dataset/test/Tomato_leaf_late_blight/tomato.early.blightH_aug_19aug107.jpg,Tomato_leaf_late_blight,Tomato_Septoria_leaf_spot,0.99676114320755,0,1.2065277099609375,8.29744815826416,0.16648292541503906,9.672866821289062
dataset/test/Tomato_leaf_late_blight/tomato.early.blightH_aug_20aug94.jpg,Tomato_leaf_late_blight,Tomato_Septoria_leaf_spot,0.9646980166435242,0,1.1911563873291016,8.306428909301758,0.16587162017822266,9.66631031036377
dataset/test/Tomato_leaf_late_blight/tomato.early.blightHaug6.jpg,Tomato_leaf_late_blight,Tomato_Septoria_leaf_spot,0.8689886331558228,0,1.1906013488769531,8.15791130065918,0.1618356704711914,9.51297664642334
dataset/test/Tomato_leaf_yellow_curl_virus/1342017-162221-44540_jpg.rf.f68314ea4850dade3a214dec71c83715_aug_77aug56.jpg,Tomato_leaf_yellow_curl_virus,Tomato_leaf_yellow_curl_virus,0.9999997615814209,1,1.2151947021484375,8.289948463439941,0.15683364868164062,9.664161682128906
dataset/test/Tomato_leaf_yellow_curl_virus/1342017-162221-44540_jpg.rf.f68314ea4850dade3a214dec71c83715_aug_78aug81.jpg,Tomato_leaf_yellow_curl_virus,Tomato_leaf_yellow_curl_virus,0.9999992847442627,1,1.1382684707641602,8.092263221740723,0.16629695892333984,9.399215698242188
dataset/test/Tomato_leaf_yellow_curl_virus/1342017-162221-44540_jpg.rf.f68314ea4850dade3a214dec71c83715_aug_79aug60.jpg,Tomato_leaf_yellow_curl_virus,Tomato_leaf_yellow_curl_virus,1.0,1,1.2040081024169922,8.173114776611328,0.1691141128540039,9.54864501953125
dataset/test/Tomato_leaf_yellow_curl_virus/1342017-162221-44540_jpg.rf.f68314ea4850dade3a214dec71c83715_aug_80aug64.jpg,Tomato_leaf_yellow_curl_virus,Tomato_leaf_yellow_curl_virus,1.0,1,1.2336759567260742,8.230670928955078,0.16577911376953125,9.632940292358398
dataset/test/Tomato_leaf_yellow_curl_virus/1342017-162221-44540_jpg.rf.f68314ea4850dade3a214dec71c83715_aug_81aug61.jpg,Tomato_leaf_yellow_curl_virus,Tomato_leaf_yellow_curl_virus,1.0,1,1.162898063659668,8.29050350189209,0.16707515716552734,9.62336540222168
dataset/test/Tomato_leaf_yellow_curl_virus/1342017-162221-44540_jpg.rf.f68314ea4850dade3a214dec71c83715_aug_82aug80.jpg,Tomato_leaf_yellow_curl_virus,Tomato_leaf_yellow_curl_virus,1.0,1,1.203749656677246,8.26524543762207,0.1667041778564453,9.638532638549805
dataset/test/Tomato_leaf_yellow_curl_virus/1342017-162221-44540_jpg.rf.f68314ea4850dade3a214dec71c83715_aug_83aug70.jpg,Tomato_leaf_yellow_curl_virus,Tomato_leaf_yellow_curl_virus,0.9999995231628418,1,1.1760272979736328,8.297449111938477,0.1656513214111328,9.642106056213379
dataset/test/Tomato_leaf_yellow_curl_virus/1342017-162221-44540_jpg.rf.f68314ea4850dade3a214dec71c83715aug11.jpg,Tomato_leaf_yellow_curl_virus,Tomato_leaf_yellow_curl_virus,1.0,1,1.1959161758422852,8.26998519897461,0.167205810546875,9.635663986206055
dataset/test/Tomato_leaf_yellow_curl_virus/8226402877_9abf151b5b_b_jpg.rf.a2dff27e03c5ab47916df5d873c1590f_aug_70aug66.jpg,Tomato_leaf_yellow_curl_virus,Tomato_leaf_yellow_curl_virus,1.0,1,1.1191940307617188,8.260653495788574,0.16653823852539062,9.549235343933105
dataset/test/Tomato_leaf_yellow_curl_virus/8226402877_9abf151b5b_b_jpg.rf.a2dff27e03c5ab47916df5d873c1590f_aug_71aug69.jpg,Tomato_leaf_yellow_curl_virus,Tomato_leaf_yellow_curl_virus,1.0,1,1.1182851791381836,8.109392166137695,0.1650371551513672,9.395660400390625
dataset/test/Tomato_leaf_yellow_curl_virus/8226402877_9abf151b5b_b_jpg.rf.a2dff27e03c5ab47916df5d873c1590f_aug_72aug73.jpg,Tomato_leaf_yellow_curl_virus,Tomato_leaf_yellow_curl_virus,1.0,1,1.1653966903686523,8.278375625610352,0.16794490814208984,9.614531517028809
dataset/test/Tomato_leaf_yellow_curl_virus/8226402877_9abf151b5b_b_jpg.rf.a2dff27e03c5ab47916df5d873c1590f_aug_73aug54.jpg,Tomato_leaf_yellow_curl_virus,Tomato_leaf_yellow_curl_virus,0.9999997615814209,1,1.115046501159668,7.938577651977539,0.17429828643798828,9.23099136352539
dataset/test/Tomato_leaf_yellow_curl_virus/8226402877_9abf151b5b_b_jpg.rf.a2dff27e03c5ab47916df5d873c1590f_aug_74aug76.jpg,Tomato_leaf_yellow_curl_virus,Tomato_leaf_yellow_curl_virus,1.0,1,1.1140079498291016,7.9781494140625,0.16155719757080078,9.2567720413208
dataset/test/Tomato_leaf_yellow_curl_virus/8226402877_9abf151b5b_b_jpg.rf.a2dff27e03c5ab47916df5d873c1590f_aug_75aug74.jpg,Tomato_leaf_yellow_curl_virus,Tomato_leaf_yellow_curl_virus,1.0,1,1.1303787231445312,7.963075637817383,0.1598529815673828,9.25645637512207
dataset/test/Tomato_leaf_yellow_curl_virus/8226402877_9abf151b5b_b_jpg.rf.a2dff27e03c5ab47916df5d873c1590f_aug_76aug65.jpg,Tomato_leaf_yellow_curl_virus,Tomato_leaf_yellow_curl_virus,1.0,1,1.0923223495483398,8.120707511901855,0.15609455108642578,9.372475624084473
dataset/test/Tomato_leaf_yellow_curl_virus/8226402877_9abf151b5b_b_jpg.rf.a2dff27e03c5ab47916df5d873c1590faug10.jpg,Tomato_leaf_yellow_curl_virus,Tomato_leaf_yellow_curl_virus,1.0,1,1.0746173858642578,7.843018531799316,0.17161178588867188,9.092658996582031
dataset/test/Tomato_leaf_yellow_curl_virus/DSC01999-JPG_jpg.rf.700fa6596ab8750ad0f1c47a0defe191_aug_84aug53.jpg,Tomato_leaf_yellow_curl_virus,Tomato_leaf_yellow_curl_virus,1.0,1,1.2234716415405273,7.876297950744629,0.161834716796875,9.264547348022461
dataset/test/Tomato_leaf_yellow_curl_virus/DSC01999-JPG_jpg.rf.700fa6596ab8750ad0f1c47a0defe191_aug_85aug82.jpg,Tomato_leaf_yellow_curl_virus,Tomato_leaf_yellow_curl_virus,1.0,1,1.1656208038330078,7.936335563659668,0.16350269317626953,9.268325805664062
dataset/test/Tomato_leaf_yellow_curl_virus/DSC01999-JPG_jpg.rf.700fa6596ab8750ad0f1c47a0defe191_aug_86aug71.jpg,Tomato_leaf_yellow_curl_virus,Tomato_leaf_yellow_curl_virus,1.0,1,1.128082275390625,8.004019737243652,0.15996360778808594,9.29491901397705
dataset/test/Tomato_leaf_yellow_curl_virus/DSC01999-JPG_jpg.rf.700fa6596ab8750ad0f1c47a0defe191_aug_87aug78.jpg,Tomato_leaf_yellow_curl_virus,Tomato_leaf_yellow_curl_virus,1.0,1,1.1701021194458008,7.940242767333984,0.1753530502319336,9.288549423217773
dataset/test/Tomato_leaf_yellow_curl_virus/DSC01999-JPG_jpg.rf.700fa6596ab8750ad0f1c47a0defe191_aug_88aug51.jpg,Tomato_leaf_yellow_curl_virus,Tomato_leaf_yellow_curl_virus,1.0,1,1.131007194519043,8.023799896240234,0.16440963745117188,9.321585655212402
dataset/test/Tomato_leaf_yellow_curl_virus/DSC01999-JPG_jpg.rf.700fa6596ab8750ad0f1c47a0defe191_aug_89aug63.jpg,Tomato_leaf_yellow_curl_virus,Tomato_leaf_yellow_curl_virus,1.0,1,1.1232128143310547,7.885446548461914,0.1569814682006836,9.168547630310059
dataset/test/Tomato_leaf_yellow_curl_virus/DSC01999-JPG_jpg.rf.700fa6596ab8750ad0f1c47a0defe191_aug_90aug85.jpg,Tomato_leaf_yellow_curl_virus,Tomato_leaf_yellow_curl_virus,1.0,1,1.195211410522461,8.65554428100586,0.15964794158935547,10.012961387634277
dataset/test/Tomato_leaf_yellow_curl_virus/DSC01999-JPG_jpg.rf.700fa6596ab8750ad0f1c47a0defe191aug12.jpg,Tomato_leaf_yellow_curl_virus,Tomato_leaf_yellow_curl_virus,1.0,1,1.1338043212890625,8.101743698120117,0.18070507049560547,9.4192533493042
dataset/test/Tomato_leaf_yellow_curl_virus/DSC01999.JPG_aug_63aug68.jpg,Tomato_leaf_yellow_curl_virus,Tomato_leaf_yellow_curl_virus,1.0,1,1.28765869140625,9.182158470153809,0.15831661224365234,10.630392074584961
dataset/test/Tomato_leaf_yellow_curl_virus/DSC01999.JPG_aug_64aug72.jpg,Tomato_leaf_yellow_curl_virus,Tomato_leaf_yellow_curl_virus,0.9999986886978149,1,1.158803939819336,8.15618896484375,0.16553878784179688,9.48314380645752
dataset/test/Tomato_leaf_yellow_curl_virus/DSC01999.JPG_aug_65aug75.jpg,Tomato_leaf_yellow_curl_virus,Tomato_leaf_yellow_curl_virus,0.9999997615814209,1,1.264862060546875,8.517099380493164,0.1663341522216797,9.951126098632812
dataset/test/Tomato_leaf_yellow_curl_virus/DSC01999.JPG_aug_66aug58.jpg,Tomato_leaf_yellow_curl_virus,Tomato_leaf_yellow_curl_virus,0.9999992847442627,1,1.521529197692871,10.398519515991211,0.16379737854003906,12.086809158325195
dataset/test/Tomato_leaf_yellow_curl_virus/DSC01999.JPG_aug_67aug83.jpg,Tomato_leaf_yellow_curl_virus,Tomato_leaf_yellow_curl_virus,0.9999985694885254,1,1.168137550354004,21.149229049682617,0.16864871978759766,22.489367485046387
dataset/test/Tomato_leaf_yellow_curl_virus/DSC01999.JPG_aug_68aug79.jpg,Tomato_leaf_yellow_curl_virus,Tomato_leaf_yellow_curl_virus,0.9999998807907104,1,1.6937713623046875,10.530521392822266,0.1738147735595703,12.401256561279297
dataset/test/Tomato_leaf_yellow_curl_virus/DSC01999.JPG_aug_69aug62.jpg,Tomato_leaf_yellow_curl_virus,Tomato_leaf_yellow_curl_virus,0.9999980926513672,1,1.223989486694336,8.30439281463623,0.1671123504638672,9.698552131652832
dataset/test/Tomato_leaf_yellow_curl_virus/DSC01999.JPGaug9.jpg,Tomato_leaf_yellow_curl_virus,Tomato_leaf_yellow_curl_virus,0.9999998807907104,1,1.2249164581298828,8.234708786010742,0.16759395599365234,9.629847526550293
dataset/test/Tomato_leaf_yellow_curl_virus/IMG_20251102_155103aug15.jpg,Tomato_leaf_yellow_curl_virus,Tomato_leaf_yellow_curl_virus,0.9999222755432129,1,1.135878562927246,8.26400375366211,0.16881561279296875,9.571551322937012
dataset/test/Tomato_leaf_yellow_curl_virus/IMG_20251102_160455_aug_42aug104.jpg,Tomato_leaf_yellow_curl_virus,Tomato_leaf_yellow_curl_virus,0.7379623055458069,1,1.1072111129760742,8.170578002929688,0.16568565368652344,9.446680068969727
dataset/test/Tomato_leaf_yellow_curl_virus/IMG_20251102_160455_aug_43aug111.jpg,Tomato_leaf_yellow_curl_virus,Tomato_leaf_yellow_curl_virus,0.9903766512870789,1,1.1191015243530273,8.32198715209961,0.1667795181274414,9.610532760620117
dataset/test/Tomato_leaf_yellow_curl_virus/IMG_20251102_160455_aug_44aug112.jpg,Tomato_leaf_yellow_curl_virus,Tomato_leaf_yellow_curl_virus,0.9762101769447327,1,1.140507698059082,8.161078453063965,0.16298198699951172,9.46749496459961
dataset/test/Tomato_leaf_yellow_curl_virus/IMG_20251102_160455_aug_45aug108.jpg,Tomato_leaf_yellow_curl_virus,Tomato_leaf_yellow_curl_virus,0.9846813678741455,1,1.1194896697998047,8.224318504333496,0.1609640121459961,9.507624626159668
dataset/test/Tomato_leaf_yellow_curl_virus/IMG_20251102_160455_aug_46aug110.jpg,Tomato_leaf_yellow_curl_virus,Tomato_leaf_yellow_curl_virus,0.99024897813797,1,1.0868587493896484,8.248374938964844,0.16144466400146484,9.49917984008789
dataset/test/Tomato_leaf_yellow_curl_virus/IMG_20251102_160455_aug_47aug98.jpg,Tomato_leaf_yellow_curl_virus,Tomato_leaf_yellow_curl_virus,0.9794108867645264,1,1.0885820388793945,8.181207656860352,0.1670389175415039,9.439475059509277
dataset/test/Tomato_leaf_yellow_curl_virus/IMG_20251102_160455_aug_48aug105.jpg,Tomato_leaf_yellow_curl_virus,Tomato_leaf_yellow_curl_virus,0.9824420809745789,1,1.1942129135131836,8.13037395477295,0.16483497619628906,9.491939544677734
dataset/test/Tomato_leaf_yellow_curl_virus/IMG_20251102_160455aug6.jpg,Tomato_leaf_yellow_curl_virus,Tomato_leaf_yellow_curl_virus,0.9816550016403198,1,1.135045051574707,8.238577842712402,0.16579627990722656,9.542218208312988
dataset/test/Tomato_leaf_yellow_curl_virus/IMG_20251102_160553_aug_35aug49.jpg,Tomato_leaf_yellow_curl_virus,Tomato_Early_blight_leaf,0.9987653493881226,0,1.1796388626098633,8.157522201538086,0.17446517944335938,9.51486587524414
dataset/test/Tomato_leaf_yellow_curl_virus/IMG_20251102_160553_aug_36aug113.jpg,Tomato_leaf_yellow_curl_virus,Tomato_Early_blight_leaf,0.9615129232406616,0,1.183323860168457,8.11363410949707,0.16377925872802734,9.463494300842285
dataset/test/Tomato_leaf_yellow_curl_virus/IMG_20251102_160553_aug_37aug114.jpg,Tomato_leaf_yellow_curl_virus,Tomato_Early_blight_leaf,0.7410550713539124,0,1.1620445251464844,8.138151168823242,0.16540813446044922,9.468624114990234
dataset/test/Tomato_leaf_yellow_curl_virus/IMG_20251102_160553_aug_38aug101.jpg,Tomato_leaf_yellow_curl_virus,Tomato_Early_blight_leaf,0.9732396006584167,0,1.2213048934936523,8.365116119384766,0.16551971435546875,9.754959106445312
dataset/test/Tomato_leaf_yellow_curl_virus/IMG_20251102_160553_aug_39aug118.jpg,Tomato_leaf_yellow_curl_virus,Tomato_Early_blight_leaf,0.9589309692382812,0,1.1893415451049805,8.217096328735352,0.1634817123413086,9.572383880615234
dataset/test/Tomato_leaf_yellow_curl_virus/IMG_20251102_160553_aug_40aug19.jpg,Tomato_leaf_yellow_curl_virus,Tomato_Early_blight_leaf,0.9988505840301514,0,1.122859001159668,8.142411231994629,0.1652965545654297,9.433086395263672
dataset/test/Tomato_leaf_yellow_curl_virus/IMG_20251102_160553_aug_41aug119.jpg,Tomato_leaf_yellow_curl_virus,Tomato_Early_blight_leaf,0.839200496673584,0,1.1267681121826172,7.980893135070801,0.1633901596069336,9.273862838745117
dataset/test/Tomato_leaf_yellow_curl_virus/IMG_20251102_160553aug5.jpg,Tomato_leaf_yellow_curl_virus,Tomato_Early_blight_leaf,0.978726863861084,0,1.2231206893920898,8.173224449157715,0.16431617736816406,9.56340217590332
dataset/test/Tomato_leaf_yellow_curl_virus/TYLCV-tomate-DB-445-171_jpg.rf.9d70326900dd981ab5d49063b0d644f0_aug_21aug41.jpg,Tomato_leaf_yellow_curl_virus,Tomato_leaf_yellow_curl_virus,1.0,1,1.1051006317138672,7.971761703491211,0.16163063049316406,9.241345405578613
dataset/test/Tomato_leaf_yellow_curl_virus/TYLCV-tomate-DB-445-171_jpg.rf.9d70326900dd981ab5d49063b0d644f0_aug_22aug30.jpg,Tomato_leaf_yellow_curl_virus,Tomato_leaf_yellow_curl_virus,1.0,1,1.1105270385742188,8.12946605682373,0.16285228729248047,9.405993461608887
dataset/test/Tomato_leaf_yellow_curl_virus/TYLCV-tomate-DB-445-171_jpg.rf.9d70326900dd981ab5d49063b0d644f0_aug_23aug42.jpg,Tomato_leaf_yellow_curl_virus,Tomato_leaf_yellow_curl_virus,1.0,1,1.143026351928711,8.245781898498535,0.1653156280517578,9.556791305541992
dataset/test/Tomato_leaf_yellow_curl_virus/TYLCV-tomate-DB-445-171_jpg.rf.9d70326900dd981ab5d49063b0d644f0_aug_24aug45.jpg,Tomato_leaf_yellow_curl_virus,Tomato_leaf_yellow_curl_virus,1.0,1,1.126840591430664,8.346357345581055,0.16450119018554688,9.64047622680664
dataset/test/Tomato_leaf_yellow_curl_virus/TYLCV-tomate-DB-445-171_jpg.rf.9d70326900dd981ab5d49063b0d644f0_aug_25aug20.jpg,Tomato_leaf_yellow_curl_virus,Tomato_leaf_yellow_curl_virus,1.0,1,1.139413833618164,8.296764373779297,0.16398334503173828,9.602736473083496
dataset/test/Tomato_leaf_yellow_curl_virus/TYLCV-tomate-DB-445-171_jpg.rf.9d70326900dd981ab5d49063b0d644f0_aug_26aug18.jpg,Tomato_leaf_yellow_curl_virus,Tomato_leaf_yellow_curl_virus,1.0,1,1.1434526443481445,8.260856628417969,0.1657238006591797,9.57290267944336
dataset/test/Tomato_leaf_yellow_curl_virus/TYLCV-tomate-DB-445-171_jpg.rf.9d70326900dd981ab5d49063b0d644f0_aug_27aug29.jpg,Tomato_leaf_yellow_curl_virus,Tomato_leaf_yellow_curl_virus,1.0,1,1.1299715042114258,8.525985717773438,0.1652240753173828,9.823923110961914
dataset/test/Tomato_leaf_yellow_curl_virus/TYLCV-tomate-DB-445-171_jpg.rf.9d70326900dd981ab5d49063b0d644f0aug3.jpg,Tomato_leaf_yellow_curl_virus,Tomato_leaf_yellow_curl_virus,1.0,1,1.1900825500488281,8.148021697998047,0.1644449234008789,9.505162239074707
dataset/test/Tomato_leaf_yellow_curl_virus/TYLCV4_jpg.rf.2e4accea501a220be9dc475dd1ca3121_aug_10aug22.jpg,Tomato_leaf_yellow_curl_virus,Tomato_leaf_yellow_curl_virus,1.0,1,1.1145257949829102,8.540616989135742,0.16561222076416016,9.823644638061523
dataset/test/Tomato_leaf_yellow_curl_virus/TYLCV4_jpg.rf.2e4accea501a220be9dc475dd1ca3121_aug_11aug44.jpg,Tomato_leaf_yellow_curl_virus,Tomato_leaf_yellow_curl_virus,1.0,1,1.1572494506835938,8.222317695617676,0.16381549835205078,9.546422004699707
dataset/test/Tomato_leaf_yellow_curl_virus/TYLCV4_jpg.rf.2e4accea501a220be9dc475dd1ca3121_aug_12aug39.jpg,Tomato_leaf_yellow_curl_virus,Tomato_leaf_yellow_curl_virus,1.0,1,1.122157096862793,8.280875205993652,0.16620445251464844,9.57245922088623
dataset/test/Tomato_leaf_yellow_curl_virus/TYLCV4_jpg.rf.2e4accea501a220be9dc475dd1ca3121_aug_13aug35.jpg,Tomato_leaf_yellow_curl_virus,Tomato_leaf_yellow_curl_virus,1.0,1,1.1267871856689453,8.264781951904297,0.16189002990722656,9.556309700012207
dataset/test/Tomato_leaf_yellow_curl_virus/TYLCV4_jpg.rf.2e4accea501a220be9dc475dd1ca3121_aug_7aug40.jpg,Tomato_leaf_yellow_curl_virus,Tomato_leaf_yellow_curl_virus,1.0,1,1.1529531478881836,8.43407917022705,0.15935325622558594,9.749107360839844
dataset/test/Tomato_leaf_yellow_curl_virus/TYLCV4_jpg.rf.2e4accea501a220be9dc475dd1ca3121_aug_8aug33.jpg,Tomato_leaf_yellow_curl_virus,Tomato_leaf_yellow_curl_virus,1.0,1,1.1145448684692383,10.233778953552246,0.2031688690185547,11.554601669311523
dataset/test/Tomato_leaf_yellow_curl_virus/TYLCV4_jpg.rf.2e4accea501a220be9dc475dd1ca3121_aug_9aug48.jpg,Tomato_leaf_yellow_curl_virus,Tomato_leaf_yellow_curl_virus,1.0,1,1.5127887725830078,11.290637969970703,0.20513057708740234,13.012279510498047
dataset/test/Tomato_leaf_yellow_curl_virus/TYLCV4_jpg.rf.2e4accea501a220be9dc475dd1ca3121aug1.jpg,Tomato_leaf_yellow_curl_virus,Tomato_leaf_yellow_curl_virus,1.0,1,1.477177619934082,11.503323554992676,0.2065753936767578,13.190651893615723
dataset/test/Tomato_leaf_yellow_curl_virus/art_15017325188173_a24a66_aug_14aug36.jpg,Tomato_leaf_yellow_curl_virus,Tomato_leaf_yellow_curl_virus,0.9999954700469971,1,1.5651226043701172,11.393916130065918,0.19578075408935547,13.157855033874512
dataset/test/Tomato_leaf_yellow_curl_virus/art_15017325188173_a24a66_aug_15aug23.jpg,Tomato_leaf_yellow_curl_virus,Tomato_leaf_yellow_curl_virus,0.9999980926513672,1,1.5179939270019531,11.094284057617188,0.20496463775634766,12.821166038513184
dataset/test/Tomato_leaf_yellow_curl_virus/art_15017325188173_a24a66_aug_16aug34.jpg,Tomato_leaf_yellow_curl_virus,Tomato_leaf_yellow_curl_virus,1.0,1,1.5373449325561523,11.408637046813965,0.2050018310546875,13.154818534851074
dataset/test/Tomato_leaf_yellow_curl_virus/art_15017325188173_a24a66_aug_17aug43.jpg,Tomato_leaf_yellow_curl_virus,Tomato_leaf_yellow_curl_virus,1.0,1,1.5839004516601562,11.05718994140625,0.2043170928955078,12.848721504211426
dataset/test/Tomato_leaf_yellow_curl_virus/art_15017325188173_a24a66_aug_18aug47.jpg,Tomato_leaf_yellow_curl_virus,Tomato_leaf_yellow_curl_virus,0.9999992847442627,1,1.609548568725586,10.338946342468262,0.16083526611328125,12.112476348876953
dataset/test/Tomato_leaf_yellow_curl_virus/art_15017325188173_a24a66_aug_19aug25.jpg,Tomato_leaf_yellow_curl_virus,Tomato_leaf_yellow_curl_virus,0.9999997615814209,1,1.178786277770996,7.917390823364258,0.15926074981689453,9.258196830749512
dataset/test/Tomato_leaf_yellow_curl_virus/art_15017325188173_a24a66_aug_20aug46.jpg,Tomato_leaf_yellow_curl_virus,Tomato_leaf_yellow_curl_virus,1.0,1,1.1131935119628906,7.870704650878906,0.15918636322021484,9.14599323272705
dataset/test/Tomato_leaf_yellow_curl_virus/art_15017325188173_a24a66aug2.jpg,Tomato_leaf_yellow_curl_virus,Tomato_leaf_yellow_curl_virus,0.9999991655349731,1,1.1344709396362305,7.867650985717773,0.15868473052978516,9.163529396057129
dataset/test/Tomato_leaf_yellow_curl_virus/psyllid-yellows_jpg.rf.1d99aab2f43a840be530ce313eb0c0fd_aug_56aug57.jpg,Tomato_leaf_yellow_curl_virus,Tomato_leaf_yellow_curl_virus,1.0,1,1.1169147491455078,7.709834098815918,0.20094585418701172,9.031231880187988
dataset/test/Tomato_leaf_yellow_curl_virus/psyllid-yellows_jpg.rf.1d99aab2f43a840be530ce313eb0c0fd_aug_57aug84.jpg,Tomato_leaf_yellow_curl_virus,Tomato_leaf_yellow_curl_virus,0.9999996423721313,1,1.1018218994140625,7.963501930236816,0.16546344757080078,9.233641624450684
dataset/test/Tomato_leaf_yellow_curl_virus/psyllid-yellows_jpg.rf.1d99aab2f43a840be530ce313eb0c0fd_aug_58aug52.jpg,Tomato_leaf_yellow_curl_virus,Tomato_leaf_yellow_curl_virus,0.9999996423721313,1,1.0928049087524414,7.881038665771484,0.15668582916259766,9.133159637451172
dataset/test/Tomato_leaf_yellow_curl_virus/psyllid-yellows_jpg.rf.1d99aab2f43a840be530ce313eb0c0fd_aug_59aug77.jpg,Tomato_leaf_yellow_curl_virus,Tomato_leaf_yellow_curl_virus,0.9999997615814209,1,1.1150455474853516,7.735203742980957,0.16898250579833984,9.02171516418457
dataset/test/Tomato_leaf_yellow_curl_virus/psyllid-yellows_jpg.rf.1d99aab2f43a840be530ce313eb0c0fd_aug_60aug86.jpg,Tomato_leaf_yellow_curl_virus,Tomato_leaf_yellow_curl_virus,1.0,1,1.2312679290771484,7.71242618560791,0.1627054214477539,9.108733177185059
dataset/test/Tomato_leaf_yellow_curl_virus/psyllid-yellows_jpg.rf.1d99aab2f43a840be530ce313eb0c0fd_aug_61aug59.jpg,Tomato_leaf_yellow_curl_virus,Tomato_leaf_yellow_curl_virus,0.9999992847442627,1,1.0964164733886719,8.111966133117676,0.15855693817138672,9.369938850402832
dataset/test/Tomato_leaf_yellow_curl_virus/psyllid-yellows_jpg.rf.1d99aab2f43a840be530ce313eb0c0fd_aug_62aug67.jpg,Tomato_leaf_yellow_curl_virus,Tomato_leaf_yellow_curl_virus,0.9999996423721313,1,1.0994510650634766,8.085724830627441,0.15981674194335938,9.347919464111328
dataset/test/Tomato_leaf_yellow_curl_virus/psyllid-yellows_jpg.rf.1d99aab2f43a840be530ce313eb0c0fdaug8.jpg,Tomato_leaf_yellow_curl_virus,Tomato_leaf_yellow_curl_virus,0.9999583959579468,1,1.1416568756103516,7.968908309936523,0.1691875457763672,9.282639503479004
dataset/test/Tomato_leaf_yellow_curl_virus/tj5itxzunn3k_jpg.rf.4aeda27b2535578e718fe6279491d0d4_aug_49aug102.jpg,Tomato_leaf_yellow_curl_virus,Tomato_leaf_yellow_curl_virus,0.9999932050704956,1,1.092397689819336,8.625914573669434,0.16662883758544922,9.88794231414795
dataset/test/Tomato_leaf_yellow_curl_virus/tj5itxzunn3k_jpg.rf.4aeda27b2535578e718fe6279491d0d4_aug_50aug109.jpg,Tomato_leaf_yellow_curl_virus,Tomato_leaf_yellow_curl_virus,0.9999998807907104,1,1.0976934432983398,8.398726463317871,0.17351913452148438,9.673421859741211
dataset/test/Tomato_leaf_yellow_curl_virus/tj5itxzunn3k_jpg.rf.4aeda27b2535578e718fe6279491d0d4_aug_51aug99.jpg,Tomato_leaf_yellow_curl_virus,Tomato_leaf_yellow_curl_virus,0.9999996423721313,1,1.1051740646362305,8.493616104125977,0.1702413558959961,9.772052764892578
dataset/test/Tomato_leaf_yellow_curl_virus/tj5itxzunn3k_jpg.rf.4aeda27b2535578e718fe6279491d0d4_aug_52aug103.jpg,Tomato_leaf_yellow_curl_virus,Tomato_leaf_yellow_curl_virus,0.9999997615814209,1,1.099879264831543,8.373968124389648,0.16490840911865234,9.641755104064941
dataset/test/Tomato_leaf_yellow_curl_virus/tj5itxzunn3k_jpg.rf.4aeda27b2535578e718fe6279491d0d4_aug_53aug100.jpg,Tomato_leaf_yellow_curl_virus,Tomato_leaf_yellow_curl_virus,0.9999988079071045,1,1.1390085220336914,8.278504371643066,0.16909408569335938,9.589774131774902
dataset/test/Tomato_leaf_yellow_curl_virus/tj5itxzunn3k_jpg.rf.4aeda27b2535578e718fe6279491d0d4_aug_54aug106.jpg,Tomato_leaf_yellow_curl_virus,Tomato_leaf_yellow_curl_virus,1.0,1,1.1100263595581055,8.44561767578125,0.16827964782714844,9.726773262023926
dataset/test/Tomato_leaf_yellow_curl_virus/tj5itxzunn3k_jpg.rf.4aeda27b2535578e718fe6279491d0d4_aug_55aug107.jpg,Tomato_leaf_yellow_curl_virus,Tomato_leaf_yellow_curl_virus,0.9999948740005493,1,1.1326560974121094,8.347208023071289,0.16683483123779297,9.64957046508789
dataset/test/Tomato_leaf_yellow_curl_virus/tj5itxzunn3k_jpg.rf.4aeda27b2535578e718fe6279491d0d4aug7.jpg,Tomato_leaf_yellow_curl_virus,Tomato_leaf_yellow_curl_virus,0.9999990463256836,1,1.102656364440918,8.448134422302246,0.16577911376953125,9.719440460205078
dataset/test/Tomato_leaf_yellow_curl_virus/tomato-yellow-closeup-3_aug_28aug16.jpg,Tomato_leaf_yellow_curl_virus,Tomato_leaf_yellow_curl_virus,0.7696780562400818,1,1.1620454788208008,8.305115699768066,0.1996307373046875,9.669700622558594
dataset/test/Tomato_leaf_yellow_curl_virus/tomato-yellow-closeup-3_aug_29aug27.jpg,Tomato_leaf_yellow_curl_virus,Tomato_leaf_yellow_curl_virus,0.9304654002189636,1,1.1762304306030273,8.436470031738281,0.16394519805908203,9.78001594543457
dataset/test/Tomato_leaf_yellow_curl_virus/tomato-yellow-closeup-3_aug_30aug117.jpg,Tomato_leaf_yellow_curl_virus,Tomato_leaf_yellow_curl_virus,0.7518786787986755,1,1.1632671356201172,8.314263343811035,0.15927886962890625,9.639476776123047
dataset/test/Tomato_leaf_yellow_curl_virus/tomato-yellow-closeup-3_aug_31aug31.jpg,Tomato_leaf_yellow_curl_virus,Tomato_leaf_yellow_curl_virus,0.8775952458381653,1,1.1974163055419922,8.290153503417969,0.16889095306396484,9.65932846069336
dataset/test/Tomato_leaf_yellow_curl_virus/tomato-yellow-closeup-3_aug_32aug115.jpg,Tomato_leaf_yellow_curl_virus,Tomato_leaf_yellow_curl_virus,0.9861917495727539,1,1.1697120666503906,8.385004997253418,0.16761207580566406,9.72514533996582
dataset/test/Tomato_leaf_yellow_curl_virus/tomato-yellow-closeup-3_aug_33aug116.jpg,Tomato_leaf_yellow_curl_virus,Tomato_leaf_yellow_curl_virus,0.9525253772735596,1,1.192915916442871,8.437005996704102,0.1657419204711914,9.79853343963623
dataset/test/Tomato_leaf_yellow_curl_virus/tomato-yellow-closeup-3_aug_34aug26.jpg,Tomato_leaf_yellow_curl_virus,Tomato_leaf_yellow_curl_virus,0.7127920389175415,1,1.1578054428100586,8.39894962310791,0.177093505859375,9.737478256225586
dataset/test/Tomato_leaf_yellow_curl_virus/tomato-yellow-closeup-3aug4.jpg,Tomato_leaf_yellow_curl_virus,Tomato_leaf_yellow_curl_virus,0.8351304531097412,1,1.16839599609375,8.296096801757812,0.20404052734375,9.671199798583984
dataset/test/Tomato_leaf_yellow_curl_virus/tomato-yellow-leaf-curl-virus-tomato-1_aug_100aug92.jpg,Tomato_leaf_yellow_curl_virus,Tomato_leaf_yellow_curl_virus,1.0,1,1.1756563186645508,8.30557918548584,0.1670379638671875,9.65108871459961
dataset/test/Tomato_leaf_yellow_curl_virus/tomato-yellow-leaf-curl-virus-tomato-1_aug_101aug95.jpg,Tomato_leaf_yellow_curl_virus,Tomato_leaf_yellow_curl_virus,0.9999978542327881,1,1.1785078048706055,8.405375480651855,0.1657238006591797,9.752236366271973
dataset/test/Tomato_leaf_yellow_curl_virus/tomato-yellow-leaf-curl-virus-tomato-1_aug_102aug88.jpg,Tomato_leaf_yellow_curl_virus,Tomato_leaf_yellow_curl_virus,1.0,1,1.202305793762207,8.296374320983887,0.16757678985595703,9.668867111206055
dataset/test/Tomato_leaf_yellow_curl_virus/tomato-yellow-leaf-curl-virus-tomato-1_aug_103aug93.jpg,Tomato_leaf_yellow_curl_virus,Tomato_leaf_yellow_curl_virus,0.9999626874923706,1,1.1842126846313477,8.328615188598633,0.1660003662109375,9.681661605834961
dataset/test/Tomato_leaf_yellow_curl_virus/tomato-yellow-leaf-curl-virus-tomato-1_aug_98aug91.jpg,Tomato_leaf_yellow_curl_virus,Tomato_leaf_yellow_curl_virus,0.9999806880950928,1,1.2007484436035156,9.173344612121582,0.20416831970214844,10.581594467163086
dataset/test/Tomato_leaf_yellow_curl_virus/tomato-yellow-leaf-curl-virus-tomato-1_aug_99aug90.jpg,Tomato_leaf_yellow_curl_virus,Tomato_leaf_yellow_curl_virus,0.9999920129776001,1,1.5199928283691406,11.074081420898438,0.2038707733154297,12.801407814025879
dataset/test/Tomato_leaf_yellow_curl_virus/tomato-yellow-leaf-curl-virus-tomato-1aug14.jpg,Tomato_leaf_yellow_curl_virus,Tomato_leaf_yellow_curl_virus,1.0,1,1.5267877578735352,11.092802047729492,0.20442771911621094,12.82729721069336
dataset/test/Tomato_leaf_yellow_curl_virus/tomatoyellowleafcurlcropped_aug_91aug55.jpg,Tomato_leaf_yellow_curl_virus,Tomato_leaf_yellow_curl_virus,1.0,1,1.5655479431152344,11.067505836486816,0.23007488250732422,12.866759300231934
dataset/test/Tomato_leaf_yellow_curl_virus/tomatoyellowleafcurlcropped_aug_92aug89.jpg,Tomato_leaf_yellow_curl_virus,Tomato_leaf_yellow_curl_virus,1.0,1,1.481400489807129,10.90070915222168,0.20420455932617188,12.589923858642578
dataset/test/Tomato_leaf_yellow_curl_virus/tomatoyellowleafcurlcropped_aug_93aug97.jpg,Tomato_leaf_yellow_curl_virus,Tomato_leaf_yellow_curl_virus,1.0,1,1.4942331314086914,11.016412734985352,0.20537185668945312,12.719425201416016
dataset/test/Tomato_leaf_yellow_curl_virus/tomatoyellowleafcurlcropped_aug_94aug50.jpg,Tomato_leaf_yellow_curl_virus,Tomato_leaf_yellow_curl_virus,1.0,1,1.549269676208496,11.03384017944336,0.20435333251953125,12.790925979614258
dataset/test/Tomato_leaf_yellow_curl_virus/tomatoyellowleafcurlcropped_aug_95aug87.jpg,Tomato_leaf_yellow_curl_virus,Tomato_leaf_yellow_curl_virus,1.0,1,1.5032329559326172,11.107414245605469,0.1989269256591797,12.813130378723145
dataset/test/Tomato_leaf_yellow_curl_virus/tomatoyellowleafcurlcropped_aug_96aug96.jpg,Tomato_leaf_yellow_curl_virus,Tomato_leaf_yellow_curl_virus,1.0,1,1.5120849609375,9.891091346740723,0.15876102447509766,11.565010070800781
dataset/test/Tomato_leaf_yellow_curl_virus/tomatoyellowleafcurlcropped_aug_97aug94.jpg,Tomato_leaf_yellow_curl_virus,Tomato_leaf_yellow_curl_virus,1.0,1,1.0903425216674805,7.892889022827148,0.15589046478271484,9.142066955566406
dataset/test/Tomato_leaf_yellow_curl_virus/tomatoyellowleafcurlcroppedaug13.jpg,Tomato_leaf_yellow_curl_virus,Tomato_leaf_yellow_curl_virus,1.0,1,1.1034717559814453,7.696499824523926,0.16150188446044922,8.96406364440918
dataset/test/Tomato_leaf_yellow_curl_virus/virus1_aug_0aug37.jpg,Tomato_leaf_yellow_curl_virus,Tomato_leaf_yellow_curl_virus,0.9999996423721313,1,1.062896728515625,7.943001747131348,0.16298294067382812,9.17151165008545
dataset/test/Tomato_leaf_yellow_curl_virus/virus1_aug_1aug21.jpg,Tomato_leaf_yellow_curl_virus,Tomato_leaf_yellow_curl_virus,1.0,1,1.0525264739990234,7.786168098449707,0.16092777252197266,9.002528190612793
dataset/test/Tomato_leaf_yellow_curl_virus/virus1_aug_2aug24.jpg,Tomato_leaf_yellow_curl_virus,Tomato_leaf_yellow_curl_virus,0.9999977350234985,1,1.0617294311523438,7.732795715332031,0.16033554077148438,8.957527160644531
dataset/test/Tomato_leaf_yellow_curl_virus/virus1_aug_3aug17.jpg,Tomato_leaf_yellow_curl_virus,Tomato_leaf_yellow_curl_virus,0.9999980926513672,1,1.0942668914794922,7.937965393066406,0.1616687774658203,9.196678161621094
dataset/test/Tomato_leaf_yellow_curl_virus/virus1_aug_4aug28.jpg,Tomato_leaf_yellow_curl_virus,Tomato_leaf_yellow_curl_virus,0.9999887943267822,1,1.0615453720092773,7.816000938415527,0.15720462799072266,9.037158966064453
dataset/test/Tomato_leaf_yellow_curl_virus/virus1_aug_5aug32.jpg,Tomato_leaf_yellow_curl_virus,Tomato_leaf_yellow_curl_virus,0.9999980926513672,1,1.0495071411132812,7.686906814575195,0.15876007080078125,8.89782428741455
dataset/test/Tomato_leaf_yellow_curl_virus/virus1_aug_6aug38.jpg,Tomato_leaf_yellow_curl_virus,Tomato_leaf_yellow_curl_virus,0.9994319081306458,1,1.1108779907226562,7.722129821777344,0.19559478759765625,9.031250953674316
dataset/test/Tomato_leaf_yellow_curl_virus/virus1aug0.jpg,Tomato_leaf_yellow_curl_virus,Tomato_leaf_yellow_curl_virus,0.9999988079071045,1,1.0614709854125977,7.82266902923584,0.15850067138671875,9.045380592346191
dataset/test/Tomato_mold_leaf/IMG-20240724-WA0020_aug_68aug87.jpg,Tomato_mold_leaf,Tomato_mold_leaf,0.7045345902442932,1,1.1019906997680664,8.471487045288086,0.16814899444580078,9.744588851928711
dataset/test/Tomato_mold_leaf/IMG-20240724-WA0020_aug_69aug97.jpg,Tomato_mold_leaf,Tomato_leaf_late_blight,0.7949605584144592,0,1.1931753158569336,8.487728118896484,0.1705942153930664,9.854145050048828
dataset/test/Tomato_mold_leaf/IMG-20240724-WA0020_aug_70aug82.jpg,Tomato_mold_leaf,Tomato_mold_leaf,0.9164164662361145,1,1.1819543838500977,9.575254440307617,0.16961383819580078,10.92954158782959
dataset/test/Tomato_mold_leaf/IMG-20240724-WA0020_aug_71aug98.jpg,Tomato_mold_leaf,Tomato_mold_leaf,0.7733362317085266,1,1.2198057174682617,8.470211029052734,0.1672983169555664,9.860200881958008
dataset/test/Tomato_mold_leaf/IMG-20240724-WA0020aug17.jpg,Tomato_mold_leaf,Tomato_mold_leaf,0.5076416730880737,1,1.175490379333496,21.890270233154297,0.17113018035888672,23.240038871765137
dataset/test/Tomato_mold_leaf/IMG-20240724-WA0044_aug_10aug44.jpg,Tomato_mold_leaf,Tomato_mold_leaf,0.9975076913833618,1,1.234898567199707,13.821563720703125,0.20779800415039062,15.267425537109375
dataset/test/Tomato_mold_leaf/IMG-20240724-WA0044_aug_11aug49.jpg,Tomato_mold_leaf,Tomato_mold_leaf,0.9819122552871704,1,1.1758413314819336,8.666119575500488,0.16977882385253906,10.014776229858398
dataset/test/Tomato_mold_leaf/IMG-20240724-WA0044_aug_8aug35.jpg,Tomato_mold_leaf,Tomato_mold_leaf,0.7764649987220764,1,1.2497501373291016,8.869842529296875,0.1686868667602539,10.2910737991333
dataset/test/Tomato_mold_leaf/IMG-20240724-WA0044_aug_9aug41.jpg,Tomato_mold_leaf,Tomato_mold_leaf,0.9753426313400269,1,1.1524896621704102,8.427116394042969,0.17192649841308594,9.754071235656738
dataset/test/Tomato_mold_leaf/IMG-20240724-WA0044aug2.jpg,Tomato_mold_leaf,Tomato_mold_leaf,0.9845172762870789,1,1.1352481842041016,8.117188453674316,0.16814804077148438,9.42351245880127
dataset/test/Tomato_mold_leaf/IMG-20240724-WA0055_aug_28aug27.jpg,Tomato_mold_leaf,Tomato_mold_leaf,0.9999988079071045,1,1.1841192245483398,8.186448097229004,0.1654834747314453,9.538846969604492
dataset/test/Tomato_mold_leaf/IMG-20240724-WA0055_aug_29aug28.jpg,Tomato_mold_leaf,Tomato_mold_leaf,0.9999959468841553,1,1.136174201965332,9.451883316040039,0.16411209106445312,10.754707336425781
dataset/test/Tomato_mold_leaf/IMG-20240724-WA0055_aug_30aug43.jpg,Tomato_mold_leaf,Tomato_mold_leaf,0.9999997615814209,1,1.1680641174316406,8.20737361907959,0.16472244262695312,9.5428466796875
dataset/test/Tomato_mold_leaf/IMG-20240724-WA0055_aug_31aug50.jpg,Tomato_mold_leaf,Tomato_mold_leaf,0.9999996423721313,1,1.1283798217773438,8.256449699401855,0.16550064086914062,9.553216934204102
dataset/test/Tomato_mold_leaf/IMG-20240724-WA0055aug7.jpg,Tomato_mold_leaf,Tomato_mold_leaf,0.9999998807907104,1,1.2569541931152344,8.272857666015625,0.16846370697021484,9.700736045837402
dataset/test/Tomato_mold_leaf/IMG-20240724-WA0065_aug_80aug69.jpg,Tomato_mold_leaf,Tomato_mold_leaf,0.9999998807907104,1,1.1843233108520508,8.251096725463867,0.16716766357421875,9.605051040649414
dataset/test/Tomato_mold_leaf/IMG-20240724-WA0065_aug_81aug70.jpg,Tomato_mold_leaf,Tomato_mold_leaf,0.9999078512191772,1,1.1773414611816406,8.296356201171875,0.16663169860839844,9.643366813659668
dataset/test/Tomato_mold_leaf/IMG-20240724-WA0065_aug_82aug66.jpg,Tomato_mold_leaf,Tomato_mold_leaf,0.9996805191040039,1,1.1819515228271484,8.276708602905273,0.16640853881835938,9.62790298461914
dataset/test/Tomato_mold_leaf/IMG-20240724-WA0065_aug_83aug65.jpg,Tomato_mold_leaf,Tomato_mold_leaf,0.9999960660934448,1,1.1403236389160156,8.316207885742188,0.16476154327392578,9.623754501342773
dataset/test/Tomato_mold_leaf/IMG-20240724-WA0065aug20.jpg,Tomato_mold_leaf,Tomato_mold_leaf,0.9998369216918945,1,1.1819696426391602,8.12696647644043,0.16690731048583984,9.478754043579102
dataset/test/Tomato_mold_leaf/IMG-20240725-WA0031_aug_0aug46.jpg,Tomato_mold_leaf,Tomato_mold_leaf,0.9128973484039307,1,1.0949716567993164,8.332189559936523,0.16766738891601562,9.597661972045898
dataset/test/Tomato_mold_leaf/IMG-20240725-WA0031_aug_1aug47.jpg,Tomato_mold_leaf,Tomato_mold_leaf,0.9973925352096558,1,1.093693733215332,9.288973808288574,0.16557693481445312,10.550872802734375
dataset/test/Tomato_mold_leaf/IMG-20240725-WA0031_aug_2aug37.jpg,Tomato_mold_leaf,Tomato_mold_leaf,0.9128973484039307,1,1.0976743698120117,8.37759780883789,0.16965007781982422,9.647680282592773
dataset/test/Tomato_mold_leaf/IMG-20240725-WA0031_aug_3aug45.jpg,Tomato_mold_leaf,Tomato_mold_leaf,0.9781242609024048,1,1.079360008239746,8.198336601257324,0.16744613647460938,9.448103904724121
dataset/test/Tomato_mold_leaf/IMG-20240725-WA0031aug0.jpg,Tomato_mold_leaf,Tomato_mold_leaf,0.9386307597160339,1,1.1459522247314453,8.160226821899414,0.1650552749633789,9.474068641662598
dataset/test/Tomato_mold_leaf/IMG-20240725-WA0039_aug_72aug79.jpg,Tomato_mold_leaf,Tomato_mold_leaf,0.9999878406524658,1,1.105173110961914,8.313078880310059,0.1655559539794922,9.58675479888916
dataset/test/Tomato_mold_leaf/IMG-20240725-WA0039_aug_73aug95.jpg,Tomato_mold_leaf,Tomato_mold_leaf,0.999992847442627,1,1.1490631103515625,8.29226303100586,0.16448307037353516,9.608290672302246
dataset/test/Tomato_mold_leaf/IMG-20240725-WA0039_aug_74aug71.jpg,Tomato_mold_leaf,Tomato_mold_leaf,0.9999659061431885,1,1.0954904556274414,8.115909576416016,0.16242694854736328,9.376846313476562
dataset/test/Tomato_mold_leaf/IMG-20240725-WA0039_aug_75aug80.jpg,Tomato_mold_leaf,Tomato_mold_leaf,0.9988000392913818,1,1.1008224487304688,8.265077590942383,0.15365028381347656,9.521882057189941
dataset/test/Tomato_mold_leaf/IMG-20240725-WA0039aug18.jpg,Tomato_mold_leaf,Tomato_mold_leaf,0.9999977350234985,1,1.1093788146972656,8.122688293457031,0.16753673553466797,9.402456283569336
dataset/test/Tomato_mold_leaf/IMG-20240727-WA0038_aug_40aug105.jpg,Tomato_mold_leaf,Tomato_mold_leaf,0.9999812841415405,1,1.1962671279907227,8.210855484008789,0.16511249542236328,9.575384140014648
dataset/test/Tomato_mold_leaf/IMG-20240727-WA0038_aug_41aug106.jpg,Tomato_mold_leaf,Tomato_mold_leaf,0.9999829530715942,1,1.2378416061401367,8.289708137512207,0.1657238006591797,9.695940971374512
dataset/test/Tomato_mold_leaf/IMG-20240727-WA0038_aug_42aug116.jpg,Tomato_mold_leaf,Tomato_mold_leaf,0.9999997615814209,1,1.1220064163208008,8.636637687683105,0.16881656646728516,9.930517196655273
dataset/test/Tomato_mold_leaf/IMG-20240727-WA0038_aug_43aug110.jpg,Tomato_mold_leaf,Tomato_mold_leaf,0.9999417066574097,1,1.1313419342041016,8.21854019165039,0.16551971435546875,9.518068313598633
dataset/test/Tomato_mold_leaf/IMG-20240727-WA0038aug10.jpg,Tomato_mold_leaf,Tomato_mold_leaf,0.9999997615814209,1,1.139470100402832,8.314671516418457,0.1678905487060547,9.625162124633789
dataset/test/Tomato_mold_leaf/IMG-20240727-WA0040_aug_56aug92.jpg,Tomato_mold_leaf,Tomato_mold_leaf,0.999998927116394,1,1.096268653869629,8.483283996582031,0.16663074493408203,9.749163627624512
dataset/test/Tomato_mold_leaf/IMG-20240727-WA0040_aug_57aug83.jpg,Tomato_mold_leaf,Tomato_mold_leaf,0.9999933242797852,1,1.1492118835449219,8.19396686553955,0.16613006591796875,9.51221752166748
dataset/test/Tomato_mold_leaf/IMG-20240727-WA0040_aug_58aug77.jpg,Tomato_mold_leaf,Tomato_mold_leaf,0.9997233748435974,1,1.1003408432006836,8.139410972595215,0.17418670654296875,9.416975975036621
dataset/test/Tomato_mold_leaf/IMG-20240727-WA0040_aug_59aug94.jpg,Tomato_mold_leaf,Tomato_mold_leaf,0.9999748468399048,1,1.117508888244629,8.343485832214355,0.1675567626953125,9.631477355957031
dataset/test/Tomato_mold_leaf/IMG-20240727-WA0040aug14.jpg,Tomato_mold_leaf,Tomato_mold_leaf,0.9999972581863403,1,1.1461381912231445,8.239374160766602,0.16729736328125,9.555217742919922
dataset/test/Tomato_mold_leaf/IMG-20240727-WA0124_aug_20aug54.jpg,Tomato_mold_leaf,Tomato_mold_leaf,1.0,1,1.106008529663086,8.139798164367676,0.16220569610595703,9.410975456237793
dataset/test/Tomato_mold_leaf/IMG-20240727-WA0124_aug_21aug38.jpg,Tomato_mold_leaf,Tomato_mold_leaf,0.9999973773956299,1,1.0941734313964844,8.054890632629395,0.20374202728271484,9.355344772338867
dataset/test/Tomato_mold_leaf/IMG-20240727-WA0124_aug_22aug31.jpg,Tomato_mold_leaf,Tomato_mold_leaf,0.9999958276748657,1,1.1796197891235352,8.214763641357422,0.1652231216430664,9.56212329864502
dataset/test/Tomato_mold_leaf/IMG-20240727-WA0124_aug_23aug55.jpg,Tomato_mold_leaf,Tomato_mold_leaf,0.9999756813049316,1,1.1743593215942383,8.096874237060547,0.19915008544921875,9.473438262939453
dataset/test/Tomato_mold_leaf/IMG-20240727-WA0124aug5.jpg,Tomato_mold_leaf,Tomato_mold_leaf,0.9999997615814209,1,1.1164722442626953,8.089838027954102,0.16422367095947266,9.373513221740723
dataset/test/Tomato_mold_leaf/IMG-20240727-WA0153_aug_92aug58.jpg,Tomato_mold_leaf,Tomato_mold_leaf,0.9999997615814209,1,1.0835456848144531,8.528412818908691,0.1635761260986328,9.778514862060547
dataset/test/Tomato_mold_leaf/IMG-20240727-WA0153_aug_93aug60.jpg,Tomato_mold_leaf,Tomato_mold_leaf,0.9999915361404419,1,1.075119972229004,8.339800834655762,0.1649465560913086,9.58238410949707
dataset/test/Tomato_mold_leaf/IMG-20240727-WA0153aug23.jpg,Tomato_mold_leaf,Tomato_mold_leaf,0.999963641166687,1,1.2061376571655273,8.233318328857422,0.16388988494873047,9.605884552001953
dataset/test/Tomato_mold_leaf/IMG-20240727-WA0165aug25.jpg,Tomato_mold_leaf,Tomato_mold_leaf,0.9999932050704956,1,1.081711769104004,8.019298553466797,0.166778564453125,9.270492553710938
dataset/test/Tomato_mold_leaf/IMG-20240728-WA0028_aug_64aug91.jpg,Tomato_mold_leaf,Tomato_mold_leaf,0.9999959468841553,1,1.0692863464355469,8.219966888427734,0.16533565521240234,9.45736312866211
dataset/test/Tomato_mold_leaf/IMG-20240728-WA0028_aug_65aug86.jpg,Tomato_mold_leaf,Tomato_mold_leaf,0.999968409538269,1,1.0700445175170898,8.108613967895508,0.16481590270996094,9.34628963470459
dataset/test/Tomato_mold_leaf/IMG-20240728-WA0028_aug_66aug78.jpg,Tomato_mold_leaf,Tomato_mold_leaf,0.9999929666519165,1,1.3550844192504883,10.96574592590332,0.20548248291015625,12.529868125915527
dataset/test/Tomato_mold_leaf/IMG-20240728-WA0028_aug_67aug99.jpg,Tomato_mold_leaf,Tomato_mold_leaf,0.9999991655349731,1,1.4442329406738281,11.101320266723633,0.206298828125,12.755147933959961
dataset/test/Tomato_mold_leaf/IMG-20240728-WA0028aug16.jpg,Tomato_mold_leaf,Tomato_mold_leaf,0.9999949932098389,1,1.456843376159668,11.114006042480469,0.20694637298583984,12.78087043762207
dataset/test/Tomato_mold_leaf/IMG-20240728-WA0068_aug_12aug29.jpg,Tomato_mold_leaf,Tomato_mold_leaf,0.9999979734420776,1,1.5315485000610352,11.442878723144531,0.20235347747802734,13.180132865905762
dataset/test/Tomato_mold_leaf/IMG-20240728-WA0068_aug_13aug30.jpg,Tomato_mold_leaf,Tomato_mold_leaf,0.9999994039535522,1,1.4403247833251953,10.894041061401367,0.20583534240722656,12.543442726135254
dataset/test/Tomato_mold_leaf/IMG-20240728-WA0068_aug_14aug56.jpg,Tomato_mold_leaf,Tomato_mold_leaf,0.9999812841415405,1,1.453547477722168,11.006580352783203,0.2068166732788086,12.670147895812988
dataset/test/Tomato_mold_leaf/IMG-20240728-WA0068_aug_15aug42.jpg,Tomato_mold_leaf,Tomato_mold_leaf,0.9999995231628418,1,1.4532508850097656,11.062728881835938,0.2078533172607422,12.727352142333984
dataset/test/Tomato_mold_leaf/IMG-20240728-WA0068aug3.jpg,Tomato_mold_leaf,Tomato_mold_leaf,0.9999979734420776,1,1.613882064819336,10.977707862854004,0.20007610321044922,12.795166015625
dataset/test/Tomato_mold_leaf/IMG-20240728-WA0074_aug_44aug102.jpg,Tomato_mold_leaf,Tomato_mold_leaf,0.9867101311683655,1,1.2084159851074219,7.631278038024902,0.1723346710205078,9.014897346496582
dataset/test/Tomato_mold_leaf/IMG-20240728-WA0074_aug_45aug75.jpg,Tomato_mold_leaf,Tomato_mold_leaf,0.993043839931488,1,1.1500253677368164,7.724889755249023,0.15944576263427734,9.036898612976074
dataset/test/Tomato_mold_leaf/IMG-20240728-WA0074_aug_46aug89.jpg,Tomato_mold_leaf,Tomato_mold_leaf,0.9914502501487732,1,1.067580223083496,7.748666763305664,0.15824127197265625,8.977713584899902
dataset/test/Tomato_mold_leaf/IMG-20240728-WA0074_aug_47aug111.jpg,Tomato_mold_leaf,Tomato_mold_leaf,0.9892657995223999,1,1.0718402862548828,7.881574630737305,0.16075992584228516,9.117158889770508
dataset/test/Tomato_mold_leaf/IMG-20240728-WA0074aug11.jpg,Tomato_mold_leaf,Tomato_mold_leaf,0.9912273287773132,1,1.1001567840576172,7.780241012573242,0.16003894805908203,9.043212890625
dataset/test/Tomato_mold_leaf/IMG-20240728-WA0075aug24.jpg,Tomato_mold_leaf,Tomato_mold_leaf,0.9999955892562866,1,1.0608959197998047,7.760796546936035,0.16029834747314453,8.984676361083984
dataset/test/Tomato_mold_leaf/IMG-20240728-WA0087_aug_32aug113.jpg,Tomato_mold_leaf,Tomato_mold_leaf,0.9964169263839722,1,1.0791921615600586,7.771038055419922,0.15448284149169922,9.007305145263672
dataset/test/Tomato_mold_leaf/IMG-20240728-WA0087_aug_33aug112.jpg,Tomato_mold_leaf,Tomato_mold_leaf,0.9999723434448242,1,1.0602493286132812,7.670870780944824,0.1607980728149414,8.894472122192383
dataset/test/Tomato_mold_leaf/IMG-20240728-WA0087_aug_34aug104.jpg,Tomato_mold_leaf,Tomato_mold_leaf,0.9997227787971497,1,1.2194900512695312,7.643518447875977,0.1595020294189453,9.024953842163086
dataset/test/Tomato_mold_leaf/IMG-20240728-WA0087_aug_35aug100.jpg,Tomato_mold_leaf,Tomato_mold_leaf,0.9988399147987366,1,1.0781002044677734,7.785426139831543,0.1603708267211914,9.026416778564453
dataset/test/Tomato_mold_leaf/IMG-20240728-WA0087aug8.jpg,Tomato_mold_leaf,Tomato_mold_leaf,0.998674750328064,1,1.071488380432129,7.791240692138672,0.16190814971923828,9.02758502960205
dataset/test/Tomato_mold_leaf/IMG-20240728-WA0093_aug_76aug90.jpg,Tomato_mold_leaf,Tomato_mold_leaf,1.0,1,1.0308237075805664,8.199095726013184,0.16572189331054688,9.398308753967285
dataset/test/Tomato_mold_leaf/IMG-20240728-WA0093_aug_77aug68.jpg,Tomato_mold_leaf,Tomato_mold_leaf,0.9999998807907104,1,1.0754899978637695,8.252763748168945,0.1712961196899414,9.502199172973633
dataset/test/Tomato_mold_leaf/IMG-20240728-WA0093_aug_78aug93.jpg,Tomato_mold_leaf,Tomato_mold_leaf,1.0,1,1.0932130813598633,8.160058975219727,0.16615009307861328,9.42199420928955
dataset/test/Tomato_mold_leaf/IMG-20240728-WA0093_aug_79aug64.jpg,Tomato_mold_leaf,Tomato_mold_leaf,0.9999996423721313,1,1.109360694885254,8.152873992919922,0.16563129425048828,9.43056869506836
dataset/test/Tomato_mold_leaf/IMG-20240728-WA0093aug19.jpg,Tomato_mold_leaf,Tomato_mold_leaf,1.0,1,1.0780248641967773,8.29433822631836,0.1647052764892578,9.540031433105469
dataset/test/Tomato_mold_leaf/IMG-20240728-WA0101_aug_84aug73.jpg,Tomato_mold_leaf,Tomato_mold_leaf,0.9999924898147583,1,1.12799072265625,8.287781715393066,0.16361236572265625,9.582254409790039
dataset/test/Tomato_mold_leaf/IMG-20240728-WA0101_aug_85aug72.jpg,Tomato_mold_leaf,Tomato_mold_leaf,0.9999932050704956,1,1.157175064086914,8.269929885864258,0.16274166107177734,9.592772483825684
dataset/test/Tomato_mold_leaf/IMG-20240728-WA0101_aug_86aug67.jpg,Tomato_mold_leaf,Tomato_mold_leaf,0.9999998807907104,1,1.1033601760864258,8.119909286499023,0.18287277221679688,9.409566879272461
dataset/test/Tomato_mold_leaf/IMG-20240728-WA0101_aug_87aug74.jpg,Tomato_mold_leaf,Tomato_mold_leaf,0.999998927116394,1,1.230341911315918,8.182819366455078,0.16640853881835938,9.582216262817383
dataset/test/Tomato_mold_leaf/IMG-20240728-WA0101aug21.jpg,Tomato_mold_leaf,Tomato_mold_leaf,0.9999942779541016,1,1.1634159088134766,8.140985488891602,0.1705942153930664,9.477605819702148
dataset/test/Tomato_mold_leaf/IMG-20240728-WA0103_aug_48aug107.jpg,Tomato_mold_leaf,Tomato_mold_leaf,0.9993245601654053,1,1.1317682266235352,8.219003677368164,0.1641683578491211,9.517586708068848
dataset/test/Tomato_mold_leaf/IMG-20240728-WA0103_aug_49aug76.jpg,Tomato_mold_leaf,Tomato_mold_leaf,1.0,1,1.1463613510131836,7.955724716186523,0.1619272232055664,9.266807556152344
dataset/test/Tomato_mold_leaf/IMG-20240728-WA0103_aug_50aug114.jpg,Tomato_mold_leaf,Tomato_mold_leaf,0.9999716281890869,1,1.100712776184082,8.123003959655762,0.1625375747680664,9.38858699798584
dataset/test/Tomato_mold_leaf/IMG-20240728-WA0103_aug_51aug84.jpg,Tomato_mold_leaf,Tomato_mold_leaf,1.0,1,1.0988969802856445,7.923556327819824,0.162872314453125,9.187825202941895
dataset/test/Tomato_mold_leaf/IMG-20240728-WA0103aug12.jpg,Tomato_mold_leaf,Tomato_mold_leaf,1.0,1,1.1395273208618164,8.07324504852295,0.17238903045654297,9.388346672058105
dataset/test/Tomato_mold_leaf/IMG-20240812-WA0183_aug_88aug59.jpg,Tomato_mold_leaf,Tomato_Septoria_leaf_spot,0.4413364827632904,0,1.082341194152832,7.937315940856934,0.15942764282226562,9.182289123535156
dataset/test/Tomato_mold_leaf/IMG-20240812-WA0183_aug_89aug61.jpg,Tomato_mold_leaf,Tomato_Septoria_leaf_spot,0.8491963744163513,0,1.0855073928833008,7.8505754470825195,0.16622257232666016,9.104435920715332
dataset/test/Tomato_mold_leaf/IMG-20240812-WA0183_aug_90aug63.jpg,Tomato_mold_leaf,Tomato_Septoria_leaf_spot,0.7933224439620972,0,1.1414155960083008,7.850945472717285,0.20001983642578125,9.195381164550781
dataset/test/Tomato_mold_leaf/IMG-20240812-WA0183_aug_91aug62.jpg,Tomato_mold_leaf,Tomato_Early_blight_leaf,0.3644724190235138,0,1.181046485900879,7.91464900970459,0.1611309051513672,9.259603500366211
dataset/test/Tomato_mold_leaf/IMG-20240812-WA0183aug22.jpg,Tomato_mold_leaf,Tomato_Healthy_leaf,0.7170113325119019,0,1.117971420288086,8.091021537780762,0.1624460220336914,9.374624252319336
dataset/test/Tomato_mold_leaf/IMG_20251102_155435_aug_24aug39.jpg,Tomato_mold_leaf,Tomato_leaf_late_blight,0.41750869154930115,0,1.0612668991088867,8.14135456085205,0.16250133514404297,9.368529319763184
dataset/test/Tomato_mold_leaf/IMG_20251102_155435_aug_25aug51.jpg,Tomato_mold_leaf,Tomato_leaf_late_blight,0.4166611135005951,0,1.0716180801391602,8.420431137084961,0.20598220825195312,9.701700210571289
dataset/test/Tomato_mold_leaf/IMG_20251102_155435_aug_26aug26.jpg,Tomato_mold_leaf,Tomato_Early_blight_leaf,0.7607167363166809,0,1.470768928527832,11.209210395812988,0.2057781219482422,12.889463424682617
dataset/test/Tomato_mold_leaf/IMG_20251102_155435_aug_27aug52.jpg,Tomato_mold_leaf,Tomato_Early_blight_leaf,0.7577939033508301,0,1.4674177169799805,11.129746437072754,0.19796466827392578,12.798648834228516
dataset/test/Tomato_mold_leaf/IMG_20251102_155435aug6.jpg,Tomato_mold_leaf,Tomato_Early_blight_leaf,0.632561981678009,0,1.457991600036621,11.26613712310791,0.20472431182861328,12.932500839233398
dataset/test/Tomato_mold_leaf/Leaf+mold+tomato+_25283_2529.JPG_aug_36aug118.jpg,Tomato_mold_leaf,Tomato_mold_leaf,0.9978603720664978,1,1.5311393737792969,10.993949890136719,0.21113109588623047,12.739424705505371
dataset/test/Tomato_mold_leaf/Leaf+mold+tomato+_25283_2529.JPG_aug_37aug117.jpg,Tomato_mold_leaf,Tomato_mold_leaf,0.9983287453651428,1,1.5050649642944336,11.064931869506836,0.2056875228881836,12.779258728027344
dataset/test/Tomato_mold_leaf/Leaf+mold+tomato+_25283_2529.JPG_aug_38aug119.jpg,Tomato_mold_leaf,Tomato_mold_leaf,0.9647027850151062,1,1.5396413803100586,11.069690704345703,0.2063159942626953,12.819204330444336
dataset/test/Tomato_mold_leaf/Leaf+mold+tomato+_25283_2529.JPG_aug_39aug103.jpg,Tomato_mold_leaf,Tomato_mold_leaf,0.890313982963562,1,1.586862564086914,11.84264087677002,0.20398235321044922,13.636951446533203
dataset/test/Tomato_mold_leaf/Leaf+mold+tomato+_25283_2529.JPGaug9.jpg,Tomato_mold_leaf,Tomato_mold_leaf,0.7214361429214478,1,1.4915847778320312,10.238518714904785,0.16118717193603516,11.894401550292969
dataset/test/Tomato_mold_leaf/Leaf-mold-caused-by-the-fungal-pathogen-Passalore-fulva-in-tomatoes_aug_16aug33.jpg,Tomato_mold_leaf,Tomato_Septoria_leaf_spot,0.4808802604675293,0,1.063248634338379,9.278825759887695,0.16329669952392578,10.508150100708008
dataset/test/Tomato_mold_leaf/Leaf-mold-caused-by-the-fungal-pathogen-Passalore-fulva-in-tomatoes_aug_17aug57.jpg,Tomato_mold_leaf,Tomato_Septoria_leaf_spot,0.6219552755355835,0,1.1041946411132812,8.03992748260498,0.1620931625366211,9.309473991394043
dataset/test/Tomato_mold_leaf/Leaf-mold-caused-by-the-fungal-pathogen-Passalore-fulva-in-tomatoes_aug_18aug32.jpg,Tomato_mold_leaf,Tomato_Early_blight_leaf,0.6543424725532532,0,1.1608972549438477,25.74594497680664,0.16476058959960938,27.074474334716797
dataset/test/Tomato_mold_leaf/Leaf-mold-caused-by-the-fungal-pathogen-Passalore-fulva-in-tomatoes_aug_19aug53.jpg,Tomato_mold_leaf,Tomato_Septoria_leaf_spot,0.5183678865432739,0,1.2416563034057617,8.922971725463867,0.16464996337890625,10.331871032714844
dataset/test/Tomato_mold_leaf/Leaf-mold-caused-by-the-fungal-pathogen-Passalore-fulva-in-tomatoesaug4.jpg,Tomato_mold_leaf,Tomato_mold_leaf,0.8636680245399475,1,1.1249141693115234,8.099539756774902,0.16211223602294922,9.38916015625
dataset/test/Tomato_mold_leaf/leaf_mold_nightshade2x500_aug_60aug81.jpg,Tomato_mold_leaf,Tomato_mold_leaf,0.9999819993972778,1,1.1122121810913086,7.991595268249512,0.16300106048583984,9.269418716430664
dataset/test/Tomato_mold_leaf/leaf_mold_nightshade2x500_aug_61aug96.jpg,Tomato_mold_leaf,Tomato_mold_leaf,0.9999067783355713,1,1.0635814666748047,8.049947738647461,0.16440868377685547,9.280567169189453
dataset/test/Tomato_mold_leaf/leaf_mold_nightshade2x500_aug_62aug85.jpg,Tomato_mold_leaf,Tomato_mold_leaf,0.9998507499694824,1,1.0692110061645508,7.959891319274902,0.16292762756347656,9.19436264038086
dataset/test/Tomato_mold_leaf/leaf_mold_nightshade2x500_aug_63aug88.jpg,Tomato_mold_leaf,Tomato_mold_leaf,0.9999979734420776,1,1.1813230514526367,9.737996101379395,0.20731639862060547,11.129820823669434
dataset/test/Tomato_mold_leaf/leaf_mold_nightshade2x500aug15.jpg,Tomato_mold_leaf,Tomato_mold_leaf,1.0,1,1.5044918060302734,11.115431785583496,0.20418643951416016,12.827665328979492
dataset/test/Tomato_mold_leaf/leaf_mold_tomato5x1200_jpg.rf.0a5ee47c78e753f9580bfb7744438ebf_aug_52aug101.jpg,Tomato_mold_leaf,Tomato_mold_leaf,1.0,1,1.6239738464355469,11.032896041870117,0.2048177719116211,12.865093231201172
dataset/test/Tomato_mold_leaf/leaf_mold_tomato5x1200_jpg.rf.0a5ee47c78e753f9580bfb7744438ebf_aug_53aug108.jpg,Tomato_mold_leaf,Tomato_mold_leaf,1.0,1,1.5102510452270508,11.014357566833496,0.1956310272216797,12.723129272460938
dataset/test/Tomato_mold_leaf/leaf_mold_tomato5x1200_jpg.rf.0a5ee47c78e753f9580bfb7744438ebf_aug_54aug115.jpg,Tomato_mold_leaf,Tomato_mold_leaf,1.0,1,1.4614925384521484,11.066099166870117,0.2057046890258789,12.736424446105957
dataset/test/Tomato_mold_leaf/leaf_mold_tomato5x1200_jpg.rf.0a5ee47c78e753f9580bfb7744438ebf_aug_55aug109.jpg,Tomato_mold_leaf,Tomato_mold_leaf,1.0,1,1.4958438873291016,10.915486335754395,0.21911239624023438,12.634221076965332
dataset/test/Tomato_mold_leaf/leaf_mold_tomato5x1200_jpg.rf.0a5ee47c78e753f9580bfb7744438ebfaug13.jpg,Tomato_mold_leaf,Tomato_mold_leaf,1.0,1,1.4784917831420898,11.154932022094727,0.20581626892089844,12.842926025390625
dataset/test/Tomato_mold_leaf/tomato_leaf-mold_04_zoom_aug_4aug36.jpg,Tomato_mold_leaf,Tomato_leaf_late_blight,0.9832430481910706,0,1.5454187393188477,11.192098617553711,0.20263099670410156,12.94355583190918
dataset/test/Tomato_mold_leaf/tomato_leaf-mold_04_zoom_aug_5aug48.jpg,Tomato_mold_leaf,Tomato_leaf_late_blight,0.9981605410575867,0,1.545121192932129,9.183103561401367,0.1550006866455078,10.885931015014648
dataset/test/Tomato_mold_leaf/tomato_leaf-mold_04_zoom_aug_6aug40.jpg,Tomato_mold_leaf,Tomato_leaf_late_blight,0.9934359788894653,0,1.0705633163452148,8.714897155761719,0.15240955352783203,9.94021987915039
dataset/test/Tomato_mold_leaf/tomato_leaf-mold_04_zoom_aug_7aug34.jpg,Tomato_mold_leaf,Tomato_leaf_late_blight,0.9889237284660339,0,1.111063003540039,7.742537498474121,0.16085338592529297,9.017251014709473
dataset/test/Tomato_mold_leaf/tomato_leaf-mold_04_zoomaug1.jpg,Tomato_mold_leaf,Tomato_leaf_late_blight,0.9749891757965088,0,1.0827293395996094,7.731555938720703,0.15938949584960938,8.976287841796875
