image_path,true_class,predicted_class,confidence,correct,preprocess_ms,inference_ms,postprocess_ms,total_pipeline_ms
dataset/test/Tomato_Early_blight_leaf/100_46341_aug_5aug62.jpg,Tomato_Early_blight_leaf,Tomato_Septoria_leaf_spot,0.9318640828132629,0,1.1524724960327148,7.955991744995117,0.3156147003173828,9.428985595703125
dataset/test/Tomato_Early_blight_leaf/100_46341_aug_6aug64.jpg,Tomato_Early_blight_leaf,Tomato_Septoria_leaf_spot,0.8338292837142944,0,1.0984163284301758,7.699304580688477,0.20416927337646484,9.004761695861816
dataset/test/Tomato_Early_blight_leaf/100_46341_aug_7aug57.jpg,Tomato_Early_blight_leaf,Tomato_Septoria_leaf_spot,0.8338292837142944,0,1.1016759872436523,8.72105598449707,0.1805572509765625,10.005934715270996
dataset/test/Tomato_Early_blight_leaf/100_46341_aug_8aug66.jpg,Tomato_Early_blight_leaf,Tomato_Septoria_leaf_spot,0.6726613640785217,0,1.1903610229492188,7.714860916137695,0.18102073669433594,9.089298248291016
dataset/test/Tomato_Early_blight_leaf/100_46341_aug_9aug65.jpg,Tomato_Early_blight_leaf,Tomato_leaf_late_blight,0.64878910779953,0,1.1398801803588867,13.291946411132812,0.19603729248046875,14.630974769592285
dataset/test/Tomato_Early_blight_leaf/100_46341aug1.jpg,Tomato_Early_blight_leaf,Tomato_Septoria_leaf_spot,0.6979690194129944,0,1.1973810195922852,18.61487865447998,0.1882801055908203,20.003947257995605
dataset/test/Tomato_Early_blight_leaf/1723454500663_aug_20aug39.jpg,Tomato_Early_blight_leaf,Tomato_Early_blight_leaf,0.9999450445175171,1,1.0878982543945312,11.305723190307617,0.18118572235107422,12.577495574951172
dataset/test/Tomato_Early_blight_leaf/1723454500663_aug_21aug35.jpg,Tomato_Early_blight_leaf,Tomato_Early_blight_leaf,0.9996559619903564,1,1.1252498626708984,7.939085006713867,0.18568706512451172,9.2527437210083
dataset/test/Tomato_Early_blight_leaf/1723454500663_aug_22aug51.jpg,Tomato_Early_blight_leaf,Tomato_Early_blight_leaf,0.9999706745147705,1,1.0660457611083984,7.866881370544434,0.1681509017944336,9.103631973266602
dataset/test/Tomato_Early_blight_leaf/1723454500663_aug_23aug33.jpg,Tomato_Early_blight_leaf,Tomato_Early_blight_leaf,0.9999450445175171,1,1.0591764450073242,8.192014694213867,0.16351890563964844,9.417412757873535
dataset/test/Tomato_Early_blight_leaf/1723454500663_aug_24aug50.jpg,Tomato_Early_blight_leaf,Tomato_Early_blight_leaf,0.9995680451393127,1,1.1213607788085938,7.850658416748047,0.16457462310791016,9.139113426208496
dataset/test/Tomato_Early_blight_leaf/1723454500663aug4.jpg,Tomato_Early_blight_leaf,Tomato_Early_blight_leaf,0.9999020099639893,1,1.0666017532348633,7.789194107055664,0.1675577163696289,9.025946617126465
dataset/test/Tomato_Early_blight_leaf/1723454507240aug20.jpg,Tomato_Early_blight_leaf,Tomato_Septoria_leaf_spot,0.5717000961303711,0,1.0883970260620117,7.69700813293457,0.16142559051513672,8.949296951293945
dataset/test/Tomato_Early_blight_leaf/EB_(981)_aug_65aug107.jpg,Tomato_Early_blight_leaf,Tomato_Early_blight_leaf,0.9999924898147583,1,1.0934524536132812,7.678101539611816,0.15329742431640625,8.927112579345703
dataset/test/Tomato_Early_blight_leaf/EB_(981)_aug_66aug102.jpg,Tomato_Early_blight_leaf,Tomato_Early_blight_leaf,0.9998109936714172,1,1.11932373046875,7.479765892028809,0.2032785415649414,8.804889678955078
dataset/test/Tomato_Early_blight_leaf/EB_(981)_aug_67aug101.jpg,Tomato_Early_blight_leaf,Tomato_Early_blight_leaf,0.9987993240356445,1,1.1632509231567383,7.52713680267334,0.16363048553466797,8.856982231140137
dataset/test/Tomato_Early_blight_leaf/EB_(981)_aug_68aug95.jpg,Tomato_Early_blight_leaf,Tomato_Early_blight_leaf,0.9997546076774597,1,1.0802679061889648,8.141606330871582,0.16220474243164062,9.386948585510254
dataset/test/Tomato_Early_blight_leaf/EB_(981)_aug_69aug97.jpg,Tomato_Early_blight_leaf,Tomato_Early_blight_leaf,0.8032310009002686,1,1.07867431640625,7.688991546630859,0.16129779815673828,8.931686401367188
dataset/test/Tomato_Early_blight_leaf/EB_(981)aug13.jpg,Tomato_Early_blight_leaf,Tomato_Early_blight_leaf,0.9996048808097839,1,1.1255102157592773,7.677823066711426,0.16646385192871094,8.97220516204834
dataset/test/Tomato_Early_blight_leaf/Early-blight-660x440_aug_0aug61.jpg,Tomato_Early_blight_leaf,Tomato_Early_blight_leaf,0.9996140599250793,1,1.0693044662475586,7.816786766052246,0.16259384155273438,9.051334381103516
dataset/test/Tomato_Early_blight_leaf/Early-blight-660x440_aug_1aug59.jpg,Tomato_Early_blight_leaf,Tomato_Early_blight_leaf,0.9999532699584961,1,1.0743980407714844,7.711101531982422,0.1625194549560547,8.950945854187012
dataset/test/Tomato_Early_blight_leaf/Early-blight-660x440_aug_2aug63.jpg,Tomato_Early_blight_leaf,Tomato_Early_blight_leaf,0.9998840093612671,1,1.0766372680664062,7.625433921813965,0.1576681137084961,8.862112045288086
dataset/test/Tomato_Early_blight_leaf/Early-blight-660x440_aug_3aug60.jpg,Tomato_Early_blight_leaf,Tomato_Early_blight_leaf,0.9995614886283875,1,1.1082134246826172,7.903288841247559,0.16424179077148438,9.17850399017334
dataset/test/Tomato_Early_blight_leaf/Early-blight-660x440_aug_4aug58.jpg,Tomato_Early_blight_leaf,Tomato_Early_blight_leaf,0.9997459053993225,1,1.1561956405639648,7.544286727905273,0.16220474243164062,8.86575984954834
dataset/test/Tomato_Early_blight_leaf/Early-blight-660x440aug0.jpg,Tomato_Early_blight_leaf,Tomato_Early_blight_leaf,0.9997225403785706,1,1.1131763458251953,8.520737648010254,0.16133403778076172,9.797748565673828
dataset/test/Tomato_Early_blight_leaf/Gls42_change_180_aug_70aug100.jpg,Tomato_Early_blight_leaf,Tomato_Early_blight_leaf,0.9999959468841553,1,1.0817670822143555,7.6544342041015625,0.15911388397216797,8.897704124450684
dataset/test/Tomato_Early_blight_leaf/Gls42_change_180_aug_71aug109.jpg,Tomato_Early_blight_leaf,Tomato_Early_blight_leaf,0.999990701675415,1,1.1071758270263672,7.769435882568359,0.17177867889404297,9.051409721374512
dataset/test/Tomato_Early_blight_leaf/Gls42_change_180_aug_72aug104.jpg,Tomato_Early_blight_leaf,Tomato_Early_blight_leaf,0.9979788661003113,1,1.047713279724121,7.671028137207031,0.1802968978881836,8.902167320251465
dataset/test/Tomato_Early_blight_leaf/Gls42_change_180_aug_73aug94.jpg,Tomato_Early_blight_leaf,Tomato_Early_blight_leaf,0.9999915361404419,1,1.0508041381835938,7.767880439758301,0.16250228881835938,8.983463287353516
dataset/test/Tomato_Early_blight_leaf/Gls42_change_180_aug_74aug108.jpg,Tomato_Early_blight_leaf,Tomato_Early_blight_leaf,0.9999713897705078,1,1.0408601760864258,7.69110107421875,0.16172409057617188,8.896333694458008
dataset/test/Tomato_Early_blight_leaf/Gls42_change_180aug14.jpg,Tomato_Early_blight_leaf,Tomato_Early_blight_leaf,0.9997664093971252,1,1.080897331237793,7.691397666931152,0.1605377197265625,8.935481071472168
dataset/test/Tomato_Early_blight_leaf/Gls4_mirror_aug_60aug93.jpg,Tomato_Early_blight_leaf,Tomato_Early_blight_leaf,0.9999991655349731,1,1.0169906616210938,7.4662675857543945,0.16464805603027344,8.650444030761719
dataset/test/Tomato_Early_blight_leaf/Gls4_mirror_aug_61aug98.jpg,Tomato_Early_blight_leaf,Tomato_Early_blight_leaf,0.999987006187439,1,1.1434707641601562,7.531785011291504,0.16413116455078125,8.842037200927734
dataset/test/Tomato_Early_blight_leaf/Gls4_mirror_aug_62aug91.jpg,Tomato_Early_blight_leaf,Tomato_Early_blight_leaf,0.9999885559082031,1,1.0179519653320312,7.639898300170898,0.1650390625,8.82535171508789
dataset/test/Tomato_Early_blight_leaf/Gls4_mirror_aug_63aug110.jpg,Tomato_Early_blight_leaf,Tomato_Early_blight_leaf,0.9999966621398926,1,1.0571937561035156,7.7064714431762695,0.2099456787109375,8.976446151733398
dataset/test/Tomato_Early_blight_leaf/Gls4_mirror_aug_64aug105.jpg,Tomato_Early_blight_leaf,Tomato_Early_blight_leaf,0.9999966621398926,1,1.0330820083618164,7.7221221923828125,0.16213130950927734,8.920332908630371
dataset/test/Tomato_Early_blight_leaf/Gls4_mirror_vertical_aug_25aug37.jpg,Tomato_Early_blight_leaf,Tomato_Early_blight_leaf,0.9999350309371948,1,1.028731346130371,7.749416351318359,0.1614828109741211,8.941944122314453
dataset/test/Tomato_Early_blight_leaf/Gls4_mirror_vertical_aug_26aug41.jpg,Tomato_Early_blight_leaf,Tomato_Early_blight_leaf,0.9999333620071411,1,1.0140457153320312,7.855251312255859,0.16198253631591797,9.034446716308594
dataset/test/Tomato_Early_blight_leaf/Gls4_mirror_vertical_aug_27aug40.jpg,Tomato_Early_blight_leaf,Tomato_Early_blight_leaf,0.9999693632125854,1,1.2078075408935547,7.710786819458008,0.18941020965576172,9.110891342163086
dataset/test/Tomato_Early_blight_leaf/Gls4_mirror_vertical_aug_28aug36.jpg,Tomato_Early_blight_leaf,Tomato_Early_blight_leaf,0.9998718500137329,1,1.009897232055664,7.727713584899902,0.16298198699951172,8.903778076171875
dataset/test/Tomato_Early_blight_leaf/Gls4_mirror_vertical_aug_29aug42.jpg,Tomato_Early_blight_leaf,Tomato_Early_blight_leaf,0.9988721013069153,1,1.061751365661621,7.803325653076172,0.16400146484375,9.031557083129883
dataset/test/Tomato_Early_blight_leaf/Gls4_mirror_verticalaug5.jpg,Tomato_Early_blight_leaf,Tomato_Early_blight_leaf,0.9998840093612671,1,1.02362060546875,7.829418182373047,0.16107559204101562,9.01718521118164
dataset/test/Tomato_Early_blight_leaf/Gls4_mirroraug12.jpg,Tomato_Early_blight_leaf,Tomato_Early_blight_leaf,0.9999890327453613,1,1.0887136459350586,7.876547813415527,0.16453933715820312,9.132318496704102
dataset/test/Tomato_Early_blight_leaf/IMG-20240812-WA0445_aug_40aug23.jpg,Tomato_Early_blight_leaf,Tomato_leaf_yellow_curl_virus,0.4765523374080658,0,1.0780830383300781,7.683547019958496,0.16344642639160156,8.927815437316895
dataset/test/Tomato_Early_blight_leaf/IMG-20240812-WA0445_aug_41aug28.jpg,Tomato_Early_blight_leaf,Tomato_leaf_yellow_curl_virus,0.4470002055168152,0,1.0953245162963867,7.712324142456055,0.16285324096679688,8.973020553588867
dataset/test/Tomato_Early_blight_leaf/IMG-20240812-WA0445_aug_42aug21.jpg,Tomato_Early_blight_leaf,Tomato_leaf_yellow_curl_virus,0.626652181148529,0,1.0777311325073242,7.51908016204834,0.16150283813476562,8.76124095916748
dataset/test/Tomato_Early_blight_leaf/IMG-20240812-WA0445_aug_43aug24.jpg,Tomato_Early_blight_leaf,Tomato_leaf_yellow_curl_virus,0.7036383748054504,0,1.267918586730957,7.931307792663574,0.16587257385253906,9.367969512939453
dataset/test/Tomato_Early_blight_leaf/IMG-20240812-WA0445_aug_44aug22.jpg,Tomato_Early_blight_leaf,Tomato_leaf_yellow_curl_virus,0.6856425404548645,0,1.2575111389160156,7.828585624694824,0.1692800521850586,9.258485794067383
dataset/test/Tomato_Early_blight_leaf/IMG-20240812-WA0445aug8.jpg,Tomato_Early_blight_leaf,Tomato_leaf_yellow_curl_virus,0.5741690993309021,0,1.160898208618164,8.060585975646973,0.30265045166015625,9.526986122131348
dataset/test/Tomato_Early_blight_leaf/IMG20240812111749_aug_90aug80.jpg,Tomato_Early_blight_leaf,Tomato_mold_leaf,0.9999837875366211,0,1.2246770858764648,8.168347358703613,0.16766738891601562,9.563414573669434
dataset/test/Tomato_Early_blight_leaf/IMG20240812111749_aug_91aug77.jpg,Tomato_Early_blight_leaf,Tomato_mold_leaf,0.9996703863143921,0,1.2134552001953125,8.003641128540039,0.16718673706054688,9.387188911437988
dataset/test/Tomato_Early_blight_leaf/IMG20240812111749_aug_92aug73.jpg,Tomato_Early_blight_leaf,Tomato_mold_leaf,0.9998793601989746,0,1.1490287780761719,8.004678726196289,0.16614913940429688,9.322615623474121
dataset/test/Tomato_Early_blight_leaf/IMG20240812111749_aug_93aug71.jpg,Tomato_Early_blight_leaf,Tomato_mold_leaf,0.9997410178184509,0,1.1980476379394531,8.06358528137207,0.16550064086914062,9.429801940917969
dataset/test/Tomato_Early_blight_leaf/IMG20240812111749_aug_94aug74.jpg,Tomato_Early_blight_leaf,Tomato_mold_leaf,0.998846173286438,0,1.2143983840942383,8.006531715393066,0.16753864288330078,9.391467094421387
dataset/test/Tomato_Early_blight_leaf/IMG20240812111749aug18.jpg,Tomato_Early_blight_leaf,Tomato_mold_leaf,0.9981330037117004,0,1.2200660705566406,8.244643211364746,0.16698169708251953,9.634432792663574
dataset/test/Tomato_Early_blight_leaf/IMG_20251102_155150_aug_30aug34.jpg,Tomato_Early_blight_leaf,Tomato_Early_blight_leaf,1.0,1,1.1408071517944336,7.969437599182129,0.1666126251220703,9.279781341552734
dataset/test/Tomato_Early_blight_leaf/IMG_20251102_155150_aug_31aug43.jpg,Tomato_Early_blight_leaf,Tomato_Early_blight_leaf,1.0,1,1.0876026153564453,8.31920051574707,0.17714881896972656,9.5869140625
dataset/test/Tomato_Early_blight_leaf/IMG_20251102_155150_aug_32aug44.jpg,Tomato_Early_blight_leaf,Tomato_Early_blight_leaf,1.0,1,1.0687494277954102,8.140697479248047,0.17953872680664062,9.391059875488281
dataset/test/Tomato_Early_blight_leaf/IMG_20251102_155150_aug_33aug38.jpg,Tomato_Early_blight_leaf,Tomato_Early_blight_leaf,1.0,1,1.048933982849121,7.527470588684082,0.16259384155273438,8.741536140441895
dataset/test/Tomato_Early_blight_leaf/IMG_20251102_155150_aug_34aug32.jpg,Tomato_Early_blight_leaf,Tomato_Early_blight_leaf,1.0,1,1.1638994216918945,7.574803352355957,0.16396427154541016,8.905537605285645
dataset/test/Tomato_Early_blight_leaf/IMG_20251102_155150aug6.jpg,Tomato_Early_blight_leaf,Tomato_Early_blight_leaf,1.0,1,1.0580453872680664,7.81284236907959,0.17663097381591797,9.050667762756348
dataset/test/Tomato_Early_blight_leaf/IMG_20251102_155153_aug_85aug72.jpg,Tomato_Early_blight_leaf,Tomato_Early_blight_leaf,1.0,1,1.0748987197875977,7.681324005126953,0.16066741943359375,8.919777870178223
dataset/test/Tomato_Early_blight_leaf/IMG_20251102_155153_aug_86aug78.jpg,Tomato_Early_blight_leaf,Tomato_Early_blight_leaf,1.0,1,1.1388616561889648,7.746343612670898,0.15592670440673828,9.043057441711426
dataset/test/Tomato_Early_blight_leaf/IMG_20251102_155153_aug_87aug76.jpg,Tomato_Early_blight_leaf,Tomato_Early_blight_leaf,1.0,1,1.0648059844970703,7.46452522277832,0.16361331939697266,8.69570255279541
dataset/test/Tomato_Early_blight_leaf/IMG_20251102_155153_aug_88aug79.jpg,Tomato_Early_blight_leaf,Tomato_Early_blight_leaf,1.0,1,1.197657585144043,7.53580379486084,0.16566848754882812,8.901981353759766
dataset/test/Tomato_Early_blight_leaf/IMG_20251102_155153_aug_89aug75.jpg,Tomato_Early_blight_leaf,Tomato_Early_blight_leaf,1.0,1,1.0412492752075195,7.66813850402832,0.16100215911865234,8.873055458068848
dataset/test/Tomato_Early_blight_leaf/IMG_20251102_155153aug17.jpg,Tomato_Early_blight_leaf,Tomato_Early_blight_leaf,1.0,1,1.124176025390625,7.7032318115234375,0.16198348999023438,8.992057800292969
dataset/test/Tomato_Early_blight_leaf/IMG_20251102_155207_aug_10aug47.jpg,Tomato_Early_blight_leaf,Tomato_Early_blight_leaf,0.9973719120025635,1,1.057546615600586,7.691343307495117,0.16255569458007812,8.914055824279785
dataset/test/Tomato_Early_blight_leaf/IMG_20251102_155207_aug_11aug56.jpg,Tomato_Early_blight_leaf,Tomato_Early_blight_leaf,0.9957472681999207,1,1.0695266723632812,8.539163589477539,0.16933536529541016,9.78074836730957
dataset/test/Tomato_Early_blight_leaf/IMG_20251102_155207_aug_12aug45.jpg,Tomato_Early_blight_leaf,Tomato_Early_blight_leaf,0.9996535778045654,1,1.1475086212158203,8.16214370727539,0.18431568145751953,9.496932029724121
dataset/test/Tomato_Early_blight_leaf/IMG_20251102_155207_aug_13aug48.jpg,Tomato_Early_blight_leaf,Tomato_Early_blight_leaf,0.9992474317550659,1,1.111602783203125,8.459755897521973,0.16950130462646484,9.74393367767334
dataset/test/Tomato_Early_blight_leaf/IMG_20251102_155207_aug_14aug49.jpg,Tomato_Early_blight_leaf,Tomato_Early_blight_leaf,0.9438197016716003,1,1.1151771545410156,8.232439994812012,0.16803741455078125,9.518876075744629
dataset/test/Tomato_Early_blight_leaf/IMG_20251102_155207aug2.jpg,Tomato_Early_blight_leaf,Tomato_Early_blight_leaf,0.9320849776268005,1,1.1677684783935547,8.115735054016113,0.16740798950195312,9.453726768493652
dataset/test/Tomato_Early_blight_leaf/IMG_20251102_155305_aug_35aug25.jpg,Tomato_Early_blight_leaf,Tomato_Early_blight_leaf,0.7205592393875122,1,1.1012325286865234,8.207199096679688,0.1586132049560547,9.469560623168945
dataset/test/Tomato_Early_blight_leaf/IMG_20251102_155305_aug_36aug27.jpg,Tomato_Early_blight_leaf,Tomato_Early_blight_leaf,0.8690679669380188,1,1.091139793395996,7.992659568786621,0.20998382568359375,9.296707153320312
dataset/test/Tomato_Early_blight_leaf/IMG_20251102_155305_aug_37aug29.jpg,Tomato_Early_blight_leaf,Tomato_Early_blight_leaf,0.9948211908340454,1,1.2230663299560547,8.04836368560791,0.1690387725830078,9.443782806396484
dataset/test/Tomato_Early_blight_leaf/IMG_20251102_155305_aug_38aug31.jpg,Tomato_Early_blight_leaf,Tomato_Early_blight_leaf,0.9608602523803711,1,1.2279186248779297,8.017622947692871,0.1692047119140625,9.417709350585938
dataset/test/Tomato_Early_blight_leaf/IMG_20251102_155305_aug_39aug26.jpg,Tomato_Early_blight_leaf,Tomato_Early_blight_leaf,0.9191921353340149,1,1.1423425674438477,8.123957633972168,0.167724609375,9.436450004577637
dataset/test/Tomato_Early_blight_leaf/IMG_20251102_155305aug7.jpg,Tomato_Early_blight_leaf,Tomato_Early_blight_leaf,0.945219099521637,1,1.1178054809570312,8.114568710327148,0.16231536865234375,9.397708892822266
dataset/test/Tomato_Early_blight_leaf/IMG_20251102_155853_aug_55aug106.jpg,Tomato_Early_blight_leaf,Tomato_leaf_late_blight,0.968452513217926,0,1.1023969650268555,7.74260139465332,0.16344547271728516,9.011148452758789
dataset/test/Tomato_Early_blight_leaf/IMG_20251102_155853_aug_56aug92.jpg,Tomato_Early_blight_leaf,Tomato_leaf_late_blight,0.9997698664665222,0,1.0715827941894531,7.809880256652832,0.16233539581298828,9.046501159667969
dataset/test/Tomato_Early_blight_leaf/IMG_20251102_155853_aug_57aug96.jpg,Tomato_Early_blight_leaf,Tomato_leaf_late_blight,0.9917248487472534,0,1.1230478286743164,7.762212753295898,0.1626873016357422,9.050612449645996
dataset/test/Tomato_Early_blight_leaf/IMG_20251102_155853_aug_58aug103.jpg,Tomato_Early_blight_leaf,Tomato_leaf_late_blight,0.9999947547912598,0,1.070953369140625,7.7695465087890625,0.16172409057617188,9.004890441894531
dataset/test/Tomato_Early_blight_leaf/IMG_20251102_155853_aug_59aug99.jpg,Tomato_Early_blight_leaf,Tomato_Early_blight_leaf,0.6213770508766174,1,1.0909719467163086,7.851435661315918,0.16127872467041016,9.10626220703125
dataset/test/Tomato_Early_blight_leaf/IMG_20251102_155853aug11.jpg,Tomato_Early_blight_leaf,Tomato_leaf_late_blight,0.9999864101409912,0,1.1033430099487305,7.558877944946289,0.1609640121459961,8.8257417678833
dataset/test/Tomato_Early_blight_leaf/IMG_20251102_160046_aug_95aug70.jpg,Tomato_Early_blight_leaf,Tomato_Early_blight_leaf,0.999984860420227,1,1.1980657577514648,7.542433738708496,0.16385364532470703,8.907055854797363
dataset/test/Tomato_Early_blight_leaf/IMG_20251102_160046_aug_96aug69.jpg,Tomato_Early_blight_leaf,Tomato_Early_blight_leaf,0.9998823404312134,1,1.0988245010375977,7.754195213317871,0.16161251068115234,9.017297744750977
dataset/test/Tomato_Early_blight_leaf/IMG_20251102_160046_aug_97aug67.jpg,Tomato_Early_blight_leaf,Tomato_Early_blight_leaf,0.9997653365135193,1,1.0936765670776367,7.715360641479492,0.16407489776611328,8.976113319396973
dataset/test/Tomato_Early_blight_leaf/IMG_20251102_160046_aug_98aug68.jpg,Tomato_Early_blight_leaf,Tomato_Early_blight_leaf,0.9999606609344482,1,1.098806381225586,7.774694442749023,0.16194534301757812,9.037981986999512
dataset/test/Tomato_Early_blight_leaf/IMG_20251102_160046aug19.jpg,Tomato_Early_blight_leaf,Tomato_Early_blight_leaf,0.9999070167541504,1,1.1303977966308594,7.764676094055176,0.16829872131347656,9.066113471984863
dataset/test/Tomato_Early_blight_leaf/IMG_20251102_160055_aug_15aug53.jpg,Tomato_Early_blight_leaf,Tomato_Early_blight_leaf,0.9999790191650391,1,1.102250099182129,8.087716102600098,0.16579818725585938,9.358818054199219
dataset/test/Tomato_Early_blight_leaf/IMG_20251102_160055_aug_16aug55.jpg,Tomato_Early_blight_leaf,Tomato_Early_blight_leaf,0.9999020099639893,1,1.0766754150390625,7.879992485046387,0.18244647979736328,9.14196491241455
dataset/test/Tomato_Early_blight_leaf/IMG_20251102_160055_aug_17aug46.jpg,Tomato_Early_blight_leaf,Tomato_Early_blight_leaf,0.9999692440032959,1,1.215139389038086,7.9150848388671875,0.16716766357421875,9.300503730773926
dataset/test/Tomato_Early_blight_leaf/IMG_20251102_160055_aug_18aug54.jpg,Tomato_Early_blight_leaf,Tomato_Early_blight_leaf,0.9999109506607056,1,1.0697870254516602,7.964621543884277,0.1647052764892578,9.201631546020508
dataset/test/Tomato_Early_blight_leaf/IMG_20251102_160055_aug_19aug52.jpg,Tomato_Early_blight_leaf,Tomato_Early_blight_leaf,0.9999867677688599,1,1.0859718322753906,8.053196907043457,0.16690921783447266,9.308930397033691
dataset/test/Tomato_Early_blight_leaf/IMG_20251102_160055aug3.jpg,Tomato_Early_blight_leaf,Tomato_Early_blight_leaf,0.9999783039093018,1,1.1237316131591797,8.010844230651855,0.16629695892333984,9.303226470947266
dataset/test/Tomato_Early_blight_leaf/IMG_20251102_160217_aug_75aug82.jpg,Tomato_Early_blight_leaf,Tomato_Early_blight_leaf,0.9999879598617554,1,1.0862312316894531,8.033864974975586,0.16690826416015625,9.290060043334961
dataset/test/Tomato_Early_blight_leaf/IMG_20251102_160217_aug_76aug83.jpg,Tomato_Early_blight_leaf,Tomato_Early_blight_leaf,0.9999827146530151,1,1.078953742980957,7.9569549560546875,0.16455650329589844,9.20311450958252
dataset/test/Tomato_Early_blight_leaf/IMG_20251102_160217_aug_77aug90.jpg,Tomato_Early_blight_leaf,Tomato_Early_blight_leaf,0.9998352527618408,1,1.1216392517089844,8.080400466918945,0.16648292541503906,9.371503829956055
dataset/test/Tomato_Early_blight_leaf/IMG_20251102_160217_aug_78aug81.jpg,Tomato_Early_blight_leaf,Tomato_Early_blight_leaf,0.9999841451644897,1,1.0823431015014648,7.973993301391602,0.16638946533203125,9.225113868713379
dataset/test/Tomato_Early_blight_leaf/IMG_20251102_160217_aug_79aug86.jpg,Tomato_Early_blight_leaf,Tomato_Early_blight_leaf,0.9999889135360718,1,1.0969715118408203,8.1005859375,0.1641683578491211,9.364263534545898
dataset/test/Tomato_Early_blight_leaf/IMG_20251102_160217aug15.jpg,Tomato_Early_blight_leaf,Tomato_Early_blight_leaf,0.9999915361404419,1,1.0983610153198242,7.6810102462768555,0.3082618713378906,9.090816497802734
dataset/test/Tomato_Early_blight_leaf/IMG_20251102_160523_aug_50aug114.jpg,Tomato_Early_blight_leaf,Tomato_Early_blight_leaf,0.9999998807907104,1,1.078120231628418,7.769749641418457,0.1659097671508789,9.016223907470703
dataset/test/Tomato_Early_blight_leaf/IMG_20251102_160523_aug_51aug111.jpg,Tomato_Early_blight_leaf,Tomato_Early_blight_leaf,0.9999973773956299,1,1.2095108032226562,7.772454261779785,0.16394519805908203,9.148447036743164
dataset/test/Tomato_Early_blight_leaf/IMG_20251102_160523_aug_52aug112.jpg,Tomato_Early_blight_leaf,Tomato_Early_blight_leaf,0.9999483823776245,1,1.1717500686645508,7.847214698791504,0.16300296783447266,9.184595108032227
dataset/test/Tomato_Early_blight_leaf/IMG_20251102_160523_aug_53aug115.jpg,Tomato_Early_blight_leaf,Tomato_Early_blight_leaf,0.9999996423721313,1,1.1545286178588867,7.876491546630859,0.16346359252929688,9.19759464263916
dataset/test/Tomato_Early_blight_leaf/IMG_20251102_160523_aug_54aug113.jpg,Tomato_Early_blight_leaf,Tomato_Early_blight_leaf,0.9999982118606567,1,1.1124544143676758,8.030567169189453,0.16238975524902344,9.308467864990234
dataset/test/Tomato_Early_blight_leaf/IMG_20251102_160523aug10.jpg,Tomato_Early_blight_leaf,Tomato_Early_blight_leaf,0.9999998807907104,1,1.1025457382202148,8.415162086486816,0.1654834747314453,9.686544418334961
dataset/test/Tomato_Early_blight_leaf/IMG_20251102_161202_aug_45aug118.jpg,Tomato_Early_blight_leaf,Tomato_Early_blight_leaf,0.9978669285774231,1,1.1753616333007812,7.920214653015137,0.1640005111694336,9.262225151062012
dataset/test/Tomato_Early_blight_leaf/IMG_20251102_161202_aug_46aug116.jpg,Tomato_Early_blight_leaf,Tomato_Early_blight_leaf,0.9978669285774231,1,1.1204719543457031,8.381587982177734,0.16361236572265625,9.668563842773438
dataset/test/Tomato_Early_blight_leaf/IMG_20251102_161202_aug_47aug117.jpg,Tomato_Early_blight_leaf,Tomato_Early_blight_leaf,0.9989401698112488,1,1.1463422775268555,7.981252670288086,0.21833515167236328,9.34878158569336
dataset/test/Tomato_Early_blight_leaf/IMG_20251102_161202_aug_48aug30.jpg,Tomato_Early_blight_leaf,Tomato_Early_blight_leaf,0.9987947940826416,1,1.12530517578125,8.036160469055176,0.16688919067382812,9.33107852935791
dataset/test/Tomato_Early_blight_leaf/IMG_20251102_161202_aug_49aug119.jpg,Tomato_Early_blight_leaf,Tomato_Early_blight_leaf,0.9981131553649902,1,1.1465644836425781,22.105443000793457,0.16126060485839844,23.416584968566895
dataset/test/Tomato_Early_blight_leaf/IMG_20251102_161202aug9.jpg,Tomato_Early_blight_leaf,Tomato_Early_blight_leaf,0.9994983673095703,1,1.134047508239746,11.10018539428711,0.1669464111328125,12.403770446777344
dataset/test/Tomato_Early_blight_leaf/early_blight_jpg.rf.1091c0a2a9a3da5b9ad688c89298614c_aug_80aug87.jpg,Tomato_Early_blight_leaf,Tomato_Early_blight_leaf,0.9999098777770996,1,1.0994157791137695,8.188661575317383,0.16776084899902344,9.45830249786377
dataset/test/Tomato_Early_blight_leaf/early_blight_jpg.rf.1091c0a2a9a3da5b9ad688c89298614c_aug_81aug84.jpg,Tomato_Early_blight_leaf,Tomato_Early_blight_leaf,0.999528169631958,1,1.0861387252807617,8.017086029052734,0.2062244415283203,9.312336921691895
dataset/test/Tomato_Early_blight_leaf/early_blight_jpg.rf.1091c0a2a9a3da5b9ad688c89298614c_aug_82aug89.jpg,Tomato_Early_blight_leaf,Tomato_Early_blight_leaf,0.999679446220398,1,1.1065845489501953,8.49979305267334,0.16255569458007812,9.771897315979004
dataset/test/Tomato_Early_blight_leaf/early_blight_jpg.rf.1091c0a2a9a3da5b9ad688c89298614c_aug_83aug85.jpg,Tomato_Early_blight_leaf,Tomato_Early_blight_leaf,0.9999631643295288,1,1.2274169921875,7.961789131164551,0.28302001953125,9.475078582763672
dataset/test/Tomato_Early_blight_leaf/early_blight_jpg.rf.1091c0a2a9a3da5b9ad688c89298614c_aug_84aug88.jpg,Tomato_Early_blight_leaf,Tomato_Early_blight_leaf,0.998964786529541,1,1.0980663299560547,7.872307777404785,0.16696453094482422,9.140113830566406
dataset/test/Tomato_Early_blight_leaf/early_blight_jpg.rf.1091c0a2a9a3da5b9ad688c89298614caug16.jpg,Tomato_Early_blight_leaf,Tomato_Early_blight_leaf,0.9996159076690674,1,1.2142877578735352,7.878287315368652,0.16481590270996094,9.259855270385742
dataset/test/Tomato_Healthy_leaf/20140818-tomato-sauce-vicky-wasik-1_jpg.rf.d3d9b4a0642e72ba76b40dbdfff8b9f7_aug_6aug50.jpg,Tomato_Healthy_leaf,Tomato_Healthy_leaf,0.9999927282333374,1,1.0683050155639648,8.011048316955566,0.16727828979492188,9.249504089355469
dataset/test/Tomato_Healthy_leaf/20140818-tomato-sauce-vicky-wasik-1_jpg.rf.d3d9b4a0642e72ba76b40dbdfff8b9f7_aug_7aug56.jpg,Tomato_Healthy_leaf,Tomato_Healthy_leaf,0.9999992847442627,1,1.086008071899414,7.832751274108887,0.20168781280517578,9.122947692871094
dataset/test/Tomato_Healthy_leaf/20140818-tomato-sauce-vicky-wasik-1_jpg.rf.d3d9b4a0642e72ba76b40dbdfff8b9f7aug3.jpg,Tomato_Healthy_leaf,Tomato_Healthy_leaf,0.9999985694885254,1,1.0448799133300781,8.00208568572998,0.16440868377685547,9.214521408081055
dataset/test/Tomato_Healthy_leaf/2015-09-17-01_aug_20aug110.jpg,Tomato_Healthy_leaf,Tomato_Healthy_leaf,0.9206427931785583,1,1.0877132415771484,8.015068054199219,0.1648712158203125,9.27030086517334
dataset/test/Tomato_Healthy_leaf/2015-09-17-01_aug_21aug114.jpg,Tomato_Healthy_leaf,Tomato_Healthy_leaf,0.9372425079345703,1,1.067509651184082,7.898491859436035,0.16592788696289062,9.13476276397705
dataset/test/Tomato_Healthy_leaf/2015-09-17-01aug10.jpg,Tomato_Healthy_leaf,Tomato_Healthy_leaf,0.9179520010948181,1,1.0944156646728516,7.909880638122559,0.1657238006591797,9.172927856445312
dataset/test/Tomato_Healthy_leaf/Basil_2Binfected_2Bby_2BTomato_2BSpotted_2BWilt_2BVirus_aug_2aug59.jpg,Tomato_Healthy_leaf,Tomato_Healthy_leaf,0.41459956765174866,1,1.0661382675170898,8.157846450805664,0.16448402404785156,9.390874862670898
dataset/test/Tomato_Healthy_leaf/Basil_2Binfected_2Bby_2BTomato_2BSpotted_2BWilt_2BVirus_aug_3aug51.jpg,Tomato_Healthy_leaf,Tomato_Healthy_leaf,0.9778785705566406,1,1.0591011047363281,7.8721771240234375,0.15131568908691406,9.085224151611328
dataset/test/Tomato_Healthy_leaf/Basil_2Binfected_2Bby_2BTomato_2BSpotted_2BWilt_2BVirusaug1.jpg,Tomato_Healthy_leaf,Tomato_Healthy_leaf,0.98993319272995,1,1.0689353942871094,7.731138229370117,0.1668539047241211,8.969388961791992
dataset/test/Tomato_Healthy_leaf/Fig-2_aug_22aug102.jpg,Tomato_Healthy_leaf,Tomato_Healthy_leaf,0.946326494216919,1,1.1826953887939453,8.061938285827637,0.16575908660888672,9.413264274597168
dataset/test/Tomato_Healthy_leaf/Fig-2_aug_23aug90.jpg,Tomato_Healthy_leaf,Tomato_Healthy_leaf,0.9479895830154419,1,1.0882501602172852,8.0361967086792,0.16439151763916016,9.291596412658691
dataset/test/Tomato_Healthy_leaf/Fig-2aug11.jpg,Tomato_Healthy_leaf,Tomato_Healthy_leaf,0.9611730575561523,1,1.1193981170654297,8.959890365600586,0.16898345947265625,10.250788688659668
dataset/test/Tomato_Healthy_leaf/HL_(103)aug39.jpg,Tomato_Healthy_leaf,Tomato_Healthy_leaf,0.9999998807907104,1,1.116286277770996,8.209921836853027,0.16829872131347656,9.497079849243164
dataset/test/Tomato_Healthy_leaf/HL_(118)_aug_38aug103.jpg,Tomato_Healthy_leaf,Tomato_Healthy_leaf,0.9999995231628418,1,1.1420841217041016,8.210975646972656,0.16757583618164062,9.523154258728027
dataset/test/Tomato_Healthy_leaf/HL_(118)_aug_39aug104.jpg,Tomato_Healthy_leaf,Tomato_Healthy_leaf,1.0,1,1.106989860534668,8.230457305908203,0.17039012908935547,9.510356903076172
dataset/test/Tomato_Healthy_leaf/HL_(118)aug19.jpg,Tomato_Healthy_leaf,Tomato_Healthy_leaf,0.9999995231628418,1,1.0954532623291016,8.267809867858887,0.17437171936035156,9.54104232788086
dataset/test/Tomato_Healthy_leaf/HL_(165)_aug_28aug105.jpg,Tomato_Healthy_leaf,Tomato_Healthy_leaf,0.9999980926513672,1,1.1684722900390625,8.18923568725586,0.16966915130615234,9.53035831451416
dataset/test/Tomato_Healthy_leaf/HL_(165)_aug_29aug91.jpg,Tomato_Healthy_leaf,Tomato_Healthy_leaf,0.9999980926513672,1,1.1189537048339844,8.127882957458496,0.18448257446289062,9.434189796447754
dataset/test/Tomato_Healthy_leaf/HL_(165)aug14.jpg,Tomato_Healthy_leaf,Tomato_Healthy_leaf,0.999994158744812,1,1.1263980865478516,8.126364707946777,0.1692218780517578,9.425042152404785
dataset/test/Tomato_Healthy_leaf/HL_(61)_aug_50aug83.jpg,Tomato_Healthy_leaf,Tomato_Healthy_leaf,0.9902526140213013,1,1.1501569747924805,8.15155029296875,0.16952037811279297,9.473875999450684
dataset/test/Tomato_Healthy_leaf/HL_(61)_aug_51aug76.jpg,Tomato_Healthy_leaf,Tomato_Healthy_leaf,0.9999843835830688,1,1.0966567993164062,8.233254432678223,0.16827869415283203,9.500932693481445
dataset/test/Tomato_Healthy_leaf/HL_(61)aug25.jpg,Tomato_Healthy_leaf,Tomato_Healthy_leaf,0.9999829530715942,1,1.1408805847167969,8.139585494995117,0.16985416412353516,9.453338623046875
dataset/test/Tomato_Healthy_leaf/HL_(62)aug36.jpg,Tomato_Healthy_leaf,Tomato_Healthy_leaf,0.9999873638153076,1,1.1353797912597656,8.042437553405762,0.16724300384521484,9.348356246948242
dataset/test/Tomato_Healthy_leaf/IMG_20251102_161618_aug_58aug71.jpg,Tomato_Healthy_leaf,Tomato_Healthy_leaf,0.999509334564209,1,1.1290473937988281,7.975546836853027,0.16614913940429688,9.273706436157227
dataset/test/Tomato_Healthy_leaf/IMG_20251102_161618_aug_59aug63.jpg,Tomato_Healthy_leaf,Tomato_Healthy_leaf,0.8458366394042969,1,1.2084169387817383,8.091475486755371,0.16635417938232422,9.469023704528809
dataset/test/Tomato_Healthy_leaf/IMG_20251102_161618aug29.jpg,Tomato_Healthy_leaf,Tomato_leaf_yellow_curl_virus,0.6873903870582581,0,1.1760644912719727,8.137197494506836,0.16744613647460938,9.483413696289062
dataset/test/Tomato_Healthy_leaf/IMG_20251102_161625aug44.jpg,Tomato_Healthy_leaf,Tomato_Healthy_leaf,0.9900901317596436,1,1.143416404724121,8.152105331420898,0.1685018539428711,9.467301368713379
dataset/test/Tomato_Healthy_leaf/IMG_20251102_161629_aug_10aug115.jpg,Tomato_Healthy_leaf,Tomato_Healthy_leaf,0.9992464780807495,1,1.2090110778808594,8.028641700744629,0.18129730224609375,9.422172546386719
dataset/test/Tomato_Healthy_leaf/IMG_20251102_161629_aug_11aug109.jpg,Tomato_Healthy_leaf,Tomato_Healthy_leaf,0.9998859167098999,1,1.1182870864868164,8.073161125183105,0.16696453094482422,9.361152648925781
dataset/test/Tomato_Healthy_leaf/IMG_20251102_161629aug5.jpg,Tomato_Healthy_leaf,Tomato_Healthy_leaf,0.9996745586395264,1,1.099583625793457,7.965696334838867,0.16627883911132812,9.234151840209961
dataset/test/Tomato_Healthy_leaf/IMG_20251102_161652aug43.jpg,Tomato_Healthy_leaf,Tomato_Healthy_leaf,0.9985671043395996,1,1.2027511596679688,8.303624153137207,0.16553783416748047,9.674897193908691
dataset/test/Tomato_Healthy_leaf/IMG_20251102_161826_aug_60aug68.jpg,Tomato_Healthy_leaf,Tomato_Healthy_leaf,0.9998836517333984,1,1.162917137145996,7.815583229064941,0.32777976989746094,9.309226036071777
dataset/test/Tomato_Healthy_leaf/IMG_20251102_161826_aug_61aug62.jpg,Tomato_Healthy_leaf,Tomato_Healthy_leaf,0.9998800754547119,1,1.0883979797363281,7.939844131469727,0.1693897247314453,9.200539588928223
dataset/test/Tomato_Healthy_leaf/IMG_20251102_161826aug30.jpg,Tomato_Healthy_leaf,Tomato_Healthy_leaf,0.999861478805542,1,1.3137884140014648,7.946379661560059,0.17027854919433594,9.43311595916748
dataset/test/Tomato_Healthy_leaf/IMG_20251102_161850_aug_56aug74.jpg,Tomato_Healthy_leaf,Tomato_Healthy_leaf,0.9440439939498901,1,1.1421947479248047,8.219642639160156,0.1685028076171875,9.533005714416504
dataset/test/Tomato_Healthy_leaf/IMG_20251102_161850_aug_57aug72.jpg,Tomato_Healthy_leaf,Tomato_Healthy_leaf,0.9495148062705994,1,1.0999526977539062,8.149365425109863,0.2030773162841797,9.454950332641602
dataset/test/Tomato_Healthy_leaf/IMG_20251102_161850aug28.jpg,Tomato_Healthy_leaf,Tomato_Healthy_leaf,0.9753572940826416,1,1.1171770095825195,8.187067985534668,0.16848278045654297,9.47533893585205
dataset/test/Tomato_Healthy_leaf/IMG_20251102_161859aug38.jpg,Tomato_Healthy_leaf,Tomato_Healthy_leaf,0.9999954700469971,1,1.1296215057373047,8.148014068603516,0.16898345947265625,9.449116706848145
dataset/test/Tomato_Healthy_leaf/IMG_20251102_161935_aug_4aug55.jpg,Tomato_Healthy_leaf,Tomato_Healthy_leaf,0.9999996423721313,1,1.146677017211914,8.16645622253418,0.16777896881103516,9.483393669128418
dataset/test/Tomato_Healthy_leaf/IMG_20251102_161935_aug_5aug53.jpg,Tomato_Healthy_leaf,Tomato_Healthy_leaf,0.9999998807907104,1,1.1027507781982422,8.173715591430664,0.17011356353759766,9.44952392578125
dataset/test/Tomato_Healthy_leaf/IMG_20251102_161935aug2.jpg,Tomato_Healthy_leaf,Tomato_Healthy_leaf,0.9999990463256836,1,1.115565299987793,8.461404800415039,0.16777896881103516,9.747099876403809
dataset/test/Tomato_Healthy_leaf/IMG_20251102_162037aug45.jpg,Tomato_Healthy_leaf,Tomato_Healthy_leaf,0.9995373487472534,1,1.176137924194336,8.154419898986816,0.15777873992919922,9.490801811218262
dataset/test/Tomato_Healthy_leaf/h100_lower_aug_54aug73.jpg,Tomato_Healthy_leaf,Tomato_Healthy_leaf,0.9999970197677612,1,1.1018800735473633,7.999529838562012,0.16887187957763672,9.272836685180664
dataset/test/Tomato_Healthy_leaf/h100_lower_aug_55aug75.jpg,Tomato_Healthy_leaf,Tomato_Healthy_leaf,0.9999978542327881,1,1.2410097122192383,7.814788818359375,0.1646862030029297,9.22327995300293
dataset/test/Tomato_Healthy_leaf/h100_loweraug27.jpg,Tomato_Healthy_leaf,Tomato_Healthy_leaf,0.9999979734420776,1,1.1346759796142578,8.006733894348145,0.1639089584350586,9.307818412780762
dataset/test/Tomato_Healthy_leaf/h101_aug_18aug119.jpg,Tomato_Healthy_leaf,Tomato_Healthy_leaf,0.9997490048408508,1,1.0953969955444336,7.90606689453125,0.17218780517578125,9.176446914672852
dataset/test/Tomato_Healthy_leaf/h101_aug_19aug116.jpg,Tomato_Healthy_leaf,Tomato_Healthy_leaf,0.999971866607666,1,1.1023979187011719,7.895362854003906,0.16587257385253906,9.166446685791016
dataset/test/Tomato_Healthy_leaf/h101aug9.jpg,Tomato_Healthy_leaf,Tomato_Healthy_leaf,0.9998743534088135,1,1.1208600997924805,7.853973388671875,0.16350173950195312,9.140853881835938
dataset/test/Tomato_Healthy_leaf/h103_aug_42aug82.jpg,Tomato_Healthy_leaf,Tomato_Healthy_leaf,0.9999959468841553,1,1.0729341506958008,7.935380935668945,0.16563034057617188,9.177095413208008
dataset/test/Tomato_Healthy_leaf/h103_aug_43aug77.jpg,Tomato_Healthy_leaf,Tomato_Healthy_leaf,0.9999955892562866,1,1.0649347305297852,7.841416358947754,0.16492652893066406,9.073982238769531
dataset/test/Tomato_Healthy_leaf/h103aug21.jpg,Tomato_Healthy_leaf,Tomato_Healthy_leaf,0.9999985694885254,1,1.0669898986816406,7.9222517013549805,0.200408935546875,9.192225456237793
dataset/test/Tomato_Healthy_leaf/h1_change_90_aug_12aug118.jpg,Tomato_Healthy_leaf,Tomato_Healthy_leaf,0.9999980926513672,1,1.0922489166259766,7.883936882019043,0.15444564819335938,9.133039474487305
dataset/test/Tomato_Healthy_leaf/h1_change_90_aug_13aug108.jpg,Tomato_Healthy_leaf,Tomato_Healthy_leaf,0.9999877214431763,1,1.0643424987792969,7.73063850402832,0.1638355255126953,8.961166381835938
dataset/test/Tomato_Healthy_leaf/h1_change_90aug6.jpg,Tomato_Healthy_leaf,Tomato_Healthy_leaf,0.9999978542327881,1,1.1792869567871094,7.689268112182617,0.16533565521240234,9.03639030456543
dataset/test/Tomato_Healthy_leaf/h39_change_270aug48.jpg,Tomato_Healthy_leaf,Tomato_Healthy_leaf,0.9997879862785339,1,1.1316022872924805,8.002659797668457,0.16753768920898438,9.30454158782959
dataset/test/Tomato_Healthy_leaf/h39_hight_aug_40aug96.jpg,Tomato_Healthy_leaf,Tomato_Healthy_leaf,0.9999853372573853,1,1.077249526977539,7.996899604797363,0.16585445404052734,9.242817878723145
dataset/test/Tomato_Healthy_leaf/h39_hight_aug_41aug98.jpg,Tomato_Healthy_leaf,Tomato_Healthy_leaf,0.9999493360519409,1,1.095139503479004,8.05675220489502,0.1673908233642578,9.322688102722168
dataset/test/Tomato_Healthy_leaf/h39_hightaug20.jpg,Tomato_Healthy_leaf,Tomato_Healthy_leaf,0.9995520710945129,1,1.1198434829711914,8.014196395874023,0.16579723358154297,9.302671432495117
dataset/test/Tomato_Healthy_leaf/h39_lower_aug_30aug95.jpg,Tomato_Healthy_leaf,Tomato_Healthy_leaf,0.9988627433776855,1,1.0970830917358398,8.102030754089355,0.16598224639892578,9.368022918701172
dataset/test/Tomato_Healthy_leaf/h39_lower_aug_31aug89.jpg,Tomato_Healthy_leaf,Tomato_Healthy_leaf,0.9999279975891113,1,1.1403989791870117,8.012142181396484,0.15579700469970703,9.31105899810791
dataset/test/Tomato_Healthy_leaf/h39_loweraug15.jpg,Tomato_Healthy_leaf,Tomato_Healthy_leaf,0.9999606609344482,1,1.1120452880859375,7.873250961303711,0.1660013198852539,9.153891563415527
dataset/test/Tomato_Healthy_leaf/h3_aug_8aug57.jpg,Tomato_Healthy_leaf,Tomato_Healthy_leaf,1.0,1,1.176584243774414,7.896918296813965,0.16602039337158203,9.24257755279541
dataset/test/Tomato_Healthy_leaf/h3_aug_9aug54.jpg,Tomato_Healthy_leaf,Tomato_Healthy_leaf,1.0,1,1.0924530029296875,7.993141174316406,0.16646480560302734,9.254725456237793
dataset/test/Tomato_Healthy_leaf/h3_mirror_aug_52aug84.jpg,Tomato_Healthy_leaf,Tomato_Healthy_leaf,1.0,1,1.0719537734985352,8.034697532653809,0.1992778778076172,9.308910369873047
dataset/test/Tomato_Healthy_leaf/h3_mirror_aug_53aug80.jpg,Tomato_Healthy_leaf,Tomato_Healthy_leaf,1.0,1,1.087881088256836,8.027437210083008,0.16518688201904297,9.283263206481934
dataset/test/Tomato_Healthy_leaf/h3_mirroraug26.jpg,Tomato_Healthy_leaf,Tomato_Healthy_leaf,0.9999985694885254,1,1.0737495422363281,7.798676490783691,0.16092777252197266,9.035871505737305
dataset/test/Tomato_Healthy_leaf/h3aug4.jpg,Tomato_Healthy_leaf,Tomato_Healthy_leaf,0.9999997615814209,1,1.0568599700927734,7.901307106018066,0.16285419464111328,9.12405776977539
dataset/test/Tomato_Healthy_leaf/h45_mirror_verticalaug42.jpg,Tomato_Healthy_leaf,Tomato_Healthy_leaf,0.9999312162399292,1,1.1079158782958984,7.850103378295898,0.16290950775146484,9.12370491027832
dataset/test/Tomato_Healthy_leaf/h49_change_90aug49.jpg,Tomato_Healthy_leaf,Tomato_Healthy_leaf,1.0,1,1.0579900741577148,7.7769365310668945,0.16155624389648438,8.999279022216797
dataset/test/Tomato_Healthy_leaf/h50_hight_aug_68aug69.jpg,Tomato_Healthy_leaf,Tomato_Healthy_leaf,0.9998561143875122,1,1.0148229598999023,7.515600204467773,0.1605386734008789,8.69401741027832
dataset/test/Tomato_Healthy_leaf/h50_hight_aug_69aug61.jpg,Tomato_Healthy_leaf,Tomato_Healthy_leaf,0.9997895359992981,1,1.1456756591796875,7.59432315826416,0.1627054214477539,8.905778884887695
dataset/test/Tomato_Healthy_leaf/h50_hightaug34.jpg,Tomato_Healthy_leaf,Tomato_Healthy_leaf,0.9999986886978149,1,1.0614347457885742,7.779658317565918,0.18587207794189453,9.029630661010742
dataset/test/Tomato_Healthy_leaf/h50_lower_aug_66aug65.jpg,Tomato_Healthy_leaf,Tomato_Healthy_leaf,0.999225378036499,1,1.0263795852661133,7.756250381469727,0.1600198745727539,8.94570541381836
dataset/test/Tomato_Healthy_leaf/h50_lower_aug_67aug70.jpg,Tomato_Healthy_leaf,Tomato_Healthy_leaf,0.9951465725898743,1,1.0400075912475586,7.786693572998047,0.16163158416748047,8.99153995513916
dataset/test/Tomato_Healthy_leaf/h50_loweraug33.jpg,Tomato_Healthy_leaf,Tomato_Healthy_leaf,0.9968673586845398,1,1.0501384735107422,7.77039909362793,0.16570472717285156,8.988872528076172
dataset/test/Tomato_Healthy_leaf/h50_mirror_vertical_aug_24aug111.jpg,Tomato_Healthy_leaf,Tomato_Healthy_leaf,0.9999991655349731,1,1.0726957321166992,7.776324272155762,0.16281509399414062,9.01453971862793
dataset/test/Tomato_Healthy_leaf/h50_mirror_vertical_aug_25aug100.jpg,Tomato_Healthy_leaf,Tomato_Healthy_leaf,0.9999997615814209,1,1.0389347076416016,7.8682146072387695,0.16689014434814453,9.076945304870605
dataset/test/Tomato_Healthy_leaf/h50_mirror_verticalaug12.jpg,Tomato_Healthy_leaf,Tomato_Healthy_leaf,0.9999955892562866,1,1.0861949920654297,8.170327186584473,0.15798282623291016,9.417227745056152
dataset/test/Tomato_Healthy_leaf/h50aug37.jpg,Tomato_Healthy_leaf,Tomato_Healthy_leaf,0.9999799728393555,1,1.0616378784179688,8.116511344909668,0.17438983917236328,9.355524063110352
dataset/test/Tomato_Healthy_leaf/h5_mirroraug41.jpg,Tomato_Healthy_leaf,Tomato_Healthy_leaf,0.9999997615814209,1,1.0959367752075195,8.125198364257812,0.1662616729736328,9.389616966247559
dataset/test/Tomato_Healthy_leaf/h65_mirror_vertical_aug_26aug97.jpg,Tomato_Healthy_leaf,Tomato_Healthy_leaf,0.9999997615814209,1,1.0959539413452148,8.192012786865234,0.16700077056884766,9.457597732543945
dataset/test/Tomato_Healthy_leaf/h65_mirror_vertical_aug_27aug106.jpg,Tomato_Healthy_leaf,Tomato_Healthy_leaf,0.999998927116394,1,1.115046501159668,8.150511741638184,0.1679096221923828,9.436375617980957
dataset/test/Tomato_Healthy_leaf/h65_mirror_verticalaug13.jpg,Tomato_Healthy_leaf,Tomato_Healthy_leaf,0.9999998807907104,1,1.103194236755371,8.189494132995605,0.17237281799316406,9.467968940734863
dataset/test/Tomato_Healthy_leaf/h71_mirror_aug_62aug66.jpg,Tomato_Healthy_leaf,Tomato_Healthy_leaf,0.9999996423721313,1,1.0946760177612305,8.147457122802734,0.1685009002685547,9.414244651794434
dataset/test/Tomato_Healthy_leaf/h71_mirror_aug_63aug67.jpg,Tomato_Healthy_leaf,Tomato_Healthy_leaf,1.0,1,1.154435157775879,8.218107223510742,0.16592788696289062,9.541006088256836
dataset/test/Tomato_Healthy_leaf/h71_mirroraug31.jpg,Tomato_Healthy_leaf,Tomato_Healthy_leaf,1.0,1,1.0791940689086914,8.224735260009766,0.16872310638427734,9.47581958770752
dataset/test/Tomato_Healthy_leaf/h76_hight_aug_34aug88.jpg,Tomato_Healthy_leaf,Tomato_Healthy_leaf,0.9999996423721313,1,1.0849542617797852,8.202715873718262,0.15390872955322266,9.444042205810547
dataset/test/Tomato_Healthy_leaf/h76_hight_aug_35aug93.jpg,Tomato_Healthy_leaf,Tomato_Healthy_leaf,0.9999983310699463,1,1.0866565704345703,8.107733726501465,0.17755889892578125,9.375170707702637
dataset/test/Tomato_Healthy_leaf/h76_hightaug17.jpg,Tomato_Healthy_leaf,Tomato_Healthy_leaf,0.999997615814209,1,1.2274360656738281,8.264439582824707,0.17540931701660156,9.669987678527832
dataset/test/Tomato_Healthy_leaf/h78_change_270_aug_36aug94.jpg,Tomato_Healthy_leaf,Tomato_Healthy_leaf,1.0,1,1.2487707138061523,8.157031059265137,0.17098236083984375,9.579729080200195
dataset/test/Tomato_Healthy_leaf/h78_change_270_aug_37aug99.jpg,Tomato_Healthy_leaf,Tomato_Healthy_leaf,0.9999997615814209,1,1.1324539184570312,8.333014488220215,0.16924190521240234,9.637951850891113
dataset/test/Tomato_Healthy_leaf/h78_change_270aug18.jpg,Tomato_Healthy_leaf,Tomato_Healthy_leaf,1.0,1,1.1113052368164062,8.251310348510742,0.17037200927734375,9.535524368286133
dataset/test/Tomato_Healthy_leaf/h7_lower_aug_44aug87.jpg,Tomato_Healthy_leaf,Tomato_Healthy_leaf,0.9997889399528503,1,1.1873626708984375,8.914907455444336,0.16870498657226562,10.273473739624023
dataset/test/Tomato_Healthy_leaf/h7_lower_aug_45aug79.jpg,Tomato_Healthy_leaf,Tomato_Healthy_leaf,0.9977630376815796,1,1.1206941604614258,8.239624977111816,0.17061138153076172,9.533636093139648
dataset/test/Tomato_Healthy_leaf/h7_loweraug22.jpg,Tomato_Healthy_leaf,Tomato_Healthy_leaf,0.9998993873596191,1,1.192047119140625,9.046242713928223,0.17098331451416016,10.411901473999023
dataset/test/Tomato_Healthy_leaf/h81_change_180_aug_16aug113.jpg,Tomato_Healthy_leaf,Tomato_Healthy_leaf,0.9999974966049194,1,1.1228809356689453,8.314236640930176,0.1700763702392578,9.609820365905762
dataset/test/Tomato_Healthy_leaf/h81_change_180_aug_17aug117.jpg,Tomato_Healthy_leaf,Tomato_Healthy_leaf,0.9999997615814209,1,1.1801214218139648,13.03338623046875,0.16055679321289062,14.376583099365234
dataset/test/Tomato_Healthy_leaf/h81_change_180aug8.jpg,Tomato_Healthy_leaf,Tomato_Healthy_leaf,0.9999991655349731,1,1.2023811340332031,12.133454322814941,0.1880931854248047,13.526612281799316
dataset/test/Tomato_Healthy_leaf/h84_mirroraug40.jpg,Tomato_Healthy_leaf,Tomato_Healthy_leaf,0.9999997615814209,1,1.2765483856201172,10.940887451171875,0.16379737854003906,12.383899688720703
dataset/test/Tomato_Healthy_leaf/h8_change_90aug35.jpg,Tomato_Healthy_leaf,Tomato_Healthy_leaf,0.9999969005584717,1,1.4457340240478516,11.509634017944336,0.1640768051147461,13.122851371765137
dataset/test/Tomato_Healthy_leaf/h95_mirror_verticalaug46.jpg,Tomato_Healthy_leaf,Tomato_Healthy_leaf,0.9992129802703857,1,1.0694169998168945,7.976049423217773,0.16483402252197266,9.213115692138672
dataset/test/Tomato_Healthy_leaf/h96_change_270aug47.jpg,Tomato_Healthy_leaf,Tomato_Healthy_leaf,0.9999837875366211,1,1.0568418502807617,8.533812522888184,0.20496463775634766,9.798360824584961
dataset/test/Tomato_Healthy_leaf/h96_mirror_vertical_aug_14aug107.jpg,Tomato_Healthy_leaf,Tomato_Healthy_leaf,1.0,1,1.0713062286376953,8.943222999572754,0.16829586029052734,10.186363220214844
dataset/test/Tomato_Healthy_leaf/h96_mirror_vertical_aug_15aug112.jpg,Tomato_Healthy_leaf,Tomato_Healthy_leaf,1.0,1,1.052194595336914,7.790046691894531,0.16553878784179688,9.010964393615723
dataset/test/Tomato_Healthy_leaf/h96_mirror_verticalaug7.jpg,Tomato_Healthy_leaf,Tomato_Healthy_leaf,0.9999996423721313,1,1.1117134094238281,7.821843147277832,0.16203880310058594,9.098167419433594
dataset/test/Tomato_Healthy_leaf/h99_hight_aug_32aug92.jpg,Tomato_Healthy_leaf,Tomato_Healthy_leaf,0.9999485015869141,1,1.0776958465576172,7.791175842285156,0.15466785430908203,9.02592658996582
dataset/test/Tomato_Healthy_leaf/h99_hight_aug_33aug101.jpg,Tomato_Healthy_leaf,Tomato_Healthy_leaf,0.9999953508377075,1,1.0528802871704102,7.655673980712891,0.1663351058959961,8.877741813659668
dataset/test/Tomato_Healthy_leaf/h99_hightaug16.jpg,Tomato_Healthy_leaf,Tomato_Healthy_leaf,0.9999321699142456,1,1.2026405334472656,7.8643798828125,0.16622257232666016,9.236003875732422
dataset/test/Tomato_Healthy_leaf/h99_lower_aug_46aug78.jpg,Tomato_Healthy_leaf,Tomato_Healthy_leaf,0.9997842907905579,1,1.1514177322387695,8.172438621520996,0.1672220230102539,9.493672370910645
dataset/test/Tomato_Healthy_leaf/h99_lower_aug_47aug81.jpg,Tomato_Healthy_leaf,Tomato_Healthy_leaf,0.9999910593032837,1,1.095250129699707,8.040604591369629,0.16640853881835938,9.304726600646973
dataset/test/Tomato_Healthy_leaf/h99_loweraug23.jpg,Tomato_Healthy_leaf,Tomato_Healthy_leaf,0.9999337196350098,1,1.1248607635498047,8.043899536132812,0.16757678985595703,9.338985443115234
dataset/test/Tomato_Healthy_leaf/h9_change_180_aug_48aug86.jpg,Tomato_Healthy_leaf,Tomato_Healthy_leaf,1.0,1,1.1460838317871094,8.04660415649414,0.16474151611328125,9.360058784484863
dataset/test/Tomato_Healthy_leaf/h9_change_180_aug_49aug85.jpg,Tomato_Healthy_leaf,Tomato_Healthy_leaf,0.9999982118606567,1,1.1080083847045898,8.253846168518066,0.16624164581298828,9.530596733093262
dataset/test/Tomato_Healthy_leaf/h9_change_180aug24.jpg,Tomato_Healthy_leaf,Tomato_Healthy_leaf,0.9999995231628418,1,1.1028976440429688,7.992047309875488,0.1641674041748047,9.261504173278809
dataset/test/Tomato_Healthy_leaf/russian-2-319-dt-2010-leaves-high-tunnel-9-29-2014-c_jpg.rf.7ef5d3901dbeaf27776a27bfc8197b72_aug_0aug52.jpg,Tomato_Healthy_leaf,Tomato_Healthy_leaf,1.0,1,1.224381446838379,8.285513877868652,0.16507530212402344,9.677655220031738
dataset/test/Tomato_Healthy_leaf/russian-2-319-dt-2010-leaves-high-tunnel-9-29-2014-c_jpg.rf.7ef5d3901dbeaf27776a27bfc8197b72_aug_1aug58.jpg,Tomato_Healthy_leaf,Tomato_Healthy_leaf,0.9999984502792358,1,1.1971216201782227,8.072105407714844,0.1515941619873047,9.423338890075684
dataset/test/Tomato_Healthy_leaf/russian-2-319-dt-2010-leaves-high-tunnel-9-29-2014-c_jpg.rf.7ef5d3901dbeaf27776a27bfc8197b72aug0.jpg,Tomato_Healthy_leaf,Tomato_Healthy_leaf,1.0,1,1.1581754684448242,8.955260276794434,0.15322399139404297,10.268733024597168
dataset/test/Tomato_Healthy_leaf/unnamed_aug_64aug64.jpg,Tomato_Healthy_leaf,Tomato_Healthy_leaf,0.9970180988311768,1,1.0441570281982422,7.81552791595459,0.16459369659423828,9.026927947998047
dataset/test/Tomato_Healthy_leaf/unnamed_aug_65aug60.jpg,Tomato_Healthy_leaf,Tomato_Healthy_leaf,0.984994113445282,1,1.1752500534057617,7.845602989196777,0.1643533706665039,9.188225746154785
dataset/test/Tomato_Healthy_leaf/unnamedaug32.jpg,Tomato_Healthy_leaf,Tomato_Healthy_leaf,0.9997478127479553,1,1.0938425064086914,7.875214576721191,0.16450119018554688,9.136168479919434
dataset/test/Tomato_Septoria_leaf_spot/1723454507354_aug_44aug83.jpg,Tomato_Septoria_leaf_spot,Tomato_Early_blight_leaf,0.7850251793861389,0,1.078120231628418,7.964603424072266,0.16359424591064453,9.208836555480957
dataset/test/Tomato_Septoria_leaf_spot/1723454507354_aug_45aug80.jpg,Tomato_Septoria_leaf_spot,Tomato_Septoria_leaf_spot,0.9167996048927307,1,1.057748794555664,7.840862274169922,0.16316795349121094,9.064519882202148
dataset/test/Tomato_Septoria_leaf_spot/1723454507354aug22.jpg,Tomato_Septoria_leaf_spot,Tomato_Septoria_leaf_spot,0.9774885177612305,1,1.1135272979736328,7.926843643188477,0.16481494903564453,9.208298683166504
dataset/test/Tomato_Septoria_leaf_spot/1723454507465_aug_58aug67.jpg,Tomato_Septoria_leaf_spot,Tomato_Septoria_leaf_spot,0.7381218075752258,1,1.0617685317993164,7.889195442199707,0.16446304321289062,9.118353843688965
dataset/test/Tomato_Septoria_leaf_spot/1723454507465_aug_59aug66.jpg,Tomato_Septoria_leaf_spot,Tomato_Septoria_leaf_spot,0.9824399948120117,1,1.1081390380859375,7.918233871459961,0.16666889190673828,9.195669174194336
dataset/test/Tomato_Septoria_leaf_spot/1723454507465aug29.jpg,Tomato_Septoria_leaf_spot,Tomato_Septoria_leaf_spot,0.6449736952781677,1,1.0945463180541992,7.872213363647461,0.16224288940429688,9.131893157958984
dataset/test/Tomato_Septoria_leaf_spot/5454635393351680.jpeg_aug_14aug115.jpg,Tomato_Septoria_leaf_spot,Tomato_Septoria_leaf_spot,0.9514685273170471,1,1.1177682876586914,8.057937622070312,0.15035343170166016,9.328374862670898
dataset/test/Tomato_Septoria_leaf_spot/5454635393351680.jpeg_aug_15aug46.jpg,Tomato_Septoria_leaf_spot,Tomato_Septoria_leaf_spot,0.8028802275657654,1,1.0317487716674805,7.755268096923828,0.1672048568725586,8.956778526306152
dataset/test/Tomato_Septoria_leaf_spot/5454635393351680.jpegaug7.jpg,Tomato_Septoria_leaf_spot,Tomato_Septoria_leaf_spot,0.9286834597587585,1,1.2038249969482422,7.667619705200195,0.16340923309326172,9.03785228729248
dataset/test/Tomato_Septoria_leaf_spot/6134794031202304-600x272-jpeg_jpg.rf.5482c323fe160b26426628094ae3646baug42.jpg,Tomato_Septoria_leaf_spot,Tomato_Septoria_leaf_spot,0.9999464750289917,1,1.1181573867797852,7.797492027282715,0.1942615509033203,9.112706184387207
dataset/test/Tomato_Septoria_leaf_spot/66e7583ebe11cf0bd06435e4167bd4fdaug41.jpg,Tomato_Septoria_leaf_spot,Tomato_Septoria_leaf_spot,0.9994764924049377,1,1.0519342422485352,7.797863006591797,0.16213130950927734,9.014446258544922
dataset/test/Tomato_Septoria_leaf_spot/8_20mistakes_204_aug_72aug61.jpg,Tomato_Septoria_leaf_spot,Tomato_mold_leaf,0.48175373673439026,0,1.053323745727539,7.773489952087402,0.16240882873535156,8.992242813110352
dataset/test/Tomato_Septoria_leaf_spot/8_20mistakes_204_aug_73aug62.jpg,Tomato_Septoria_leaf_spot,Tomato_mold_leaf,0.5584017634391785,0,1.0714712142944336,7.752084732055664,0.15000152587890625,8.976094245910645
dataset/test/Tomato_Septoria_leaf_spot/8_20mistakes_204aug36.jpg,Tomato_Septoria_leaf_spot,Tomato_mold_leaf,0.4049629271030426,0,1.0692873001098633,7.738787651062012,0.19661331176757812,9.00720500946045
dataset/test/Tomato_Septoria_leaf_spot/Gls11_mirror_vertical_aug_42aug85.jpg,Tomato_Septoria_leaf_spot,Tomato_Septoria_leaf_spot,0.9886456727981567,1,1.1403608322143555,7.6225080490112305,0.1673898696899414,8.933038711547852
dataset/test/Tomato_Septoria_leaf_spot/Gls11_mirror_vertical_aug_43aug86.jpg,Tomato_Septoria_leaf_spot,Tomato_Septoria_leaf_spot,0.7693542838096619,1,1.0536203384399414,7.734805107116699,0.16931724548339844,8.960481643676758
dataset/test/Tomato_Septoria_leaf_spot/Gls11_mirror_verticalaug21.jpg,Tomato_Septoria_leaf_spot,Tomato_Septoria_leaf_spot,0.980258047580719,1,1.1303796768188477,7.860288619995117,0.16350173950195312,9.15687370300293
dataset/test/Tomato_Septoria_leaf_spot/Gls12_mirror_aug_46aug81.jpg,Tomato_Septoria_leaf_spot,Tomato_Septoria_leaf_spot,0.9999898672103882,1,1.0830821990966797,7.7213239669799805,0.16120529174804688,8.968758583068848
dataset/test/Tomato_Septoria_leaf_spot/Gls12_mirror_aug_47aug92.jpg,Tomato_Septoria_leaf_spot,Tomato_Septoria_leaf_spot,0.9993324875831604,1,1.063786506652832,7.777565956115723,0.16170597076416016,9.005685806274414
dataset/test/Tomato_Septoria_leaf_spot/Gls12_mirroraug23.jpg,Tomato_Septoria_leaf_spot,Tomato_Septoria_leaf_spot,0.9997531771659851,1,1.0413599014282227,7.740841865539551,0.16731643676757812,8.952056884765625
dataset/test/Tomato_Septoria_leaf_spot/Gls1_mirror_aug_38aug82.jpg,Tomato_Septoria_leaf_spot,Tomato_Septoria_leaf_spot,0.961475133895874,1,1.1187868118286133,8.188826560974121,0.16805553436279297,9.478597640991211
dataset/test/Tomato_Septoria_leaf_spot/Gls1_mirror_aug_39aug84.jpg,Tomato_Septoria_leaf_spot,Tomato_Septoria_leaf_spot,0.9991260170936584,1,1.1108970642089844,8.200512886047363,0.15916919708251953,9.473485946655273
dataset/test/Tomato_Septoria_leaf_spot/Gls1_mirroraug19.jpg,Tomato_Septoria_leaf_spot,Tomato_Septoria_leaf_spot,0.9917558431625366,1,1.0645456314086914,8.007086753845215,0.16750144958496094,9.241928100585938
dataset/test/Tomato_Septoria_leaf_spot/Gls21_change_270aug43.jpg,Tomato_Septoria_leaf_spot,Tomato_Septoria_leaf_spot,0.9996429681777954,1,1.198990821838379,7.956066131591797,0.1774463653564453,9.33630084991455
dataset/test/Tomato_Septoria_leaf_spot/Gls21_hight_aug_56aug78.jpg,Tomato_Septoria_leaf_spot,Tomato_Septoria_leaf_spot,1.0,1,1.2448997497558594,7.995326042175293,0.1690378189086914,9.41224479675293
dataset/test/Tomato_Septoria_leaf_spot/Gls21_hight_aug_57aug79.jpg,Tomato_Septoria_leaf_spot,Tomato_Septoria_leaf_spot,0.9999996423721313,1,1.0981197357177734,8.14080810546875,0.1676311492919922,9.409357070922852
dataset/test/Tomato_Septoria_leaf_spot/Gls21_hightaug28.jpg,Tomato_Septoria_leaf_spot,Tomato_Septoria_leaf_spot,0.9999991655349731,1,1.0991573333740234,8.173864364624023,0.2048168182373047,9.480283737182617
dataset/test/Tomato_Septoria_leaf_spot/Gls29_change_180_aug_40aug89.jpg,Tomato_Septoria_leaf_spot,Tomato_Septoria_leaf_spot,0.9998087286949158,1,1.1038799285888672,8.142290115356445,0.16805744171142578,9.41678237915039
dataset/test/Tomato_Septoria_leaf_spot/Gls29_change_180_aug_41aug91.jpg,Tomato_Septoria_leaf_spot,Tomato_Septoria_leaf_spot,0.9999927282333374,1,1.0966567993164062,8.494403839111328,0.16679763793945312,9.760822296142578
dataset/test/Tomato_Septoria_leaf_spot/Gls29_change_180aug20.jpg,Tomato_Septoria_leaf_spot,Tomato_Septoria_leaf_spot,0.9999843835830688,1,1.1323423385620117,8.280921936035156,0.16698360443115234,9.583356857299805
dataset/test/Tomato_Septoria_leaf_spot/Gls36_hight_aug_20aug116.jpg,Tomato_Septoria_leaf_spot,Tomato_Septoria_leaf_spot,0.9907296299934387,1,1.0936203002929688,8.214234352111816,0.16439056396484375,9.475080490112305
dataset/test/Tomato_Septoria_leaf_spot/Gls36_hight_aug_21aug118.jpg,Tomato_Septoria_leaf_spot,Tomato_Septoria_leaf_spot,0.9947912693023682,1,1.0409526824951172,8.1707181930542,0.1632061004638672,9.377226829528809
dataset/test/Tomato_Septoria_leaf_spot/Gls36_hightaug10.jpg,Tomato_Septoria_leaf_spot,Tomato_Septoria_leaf_spot,0.994703471660614,1,1.0890827178955078,8.007882118225098,0.16520404815673828,9.264559745788574
dataset/test/Tomato_Septoria_leaf_spot/Gls41_change_270_aug_50aug90.jpg,Tomato_Septoria_leaf_spot,Tomato_Septoria_leaf_spot,0.9990708827972412,1,1.1146574020385742,8.060883522033691,0.15346431732177734,9.331466674804688
dataset/test/Tomato_Septoria_leaf_spot/Gls41_change_270_aug_51aug77.jpg,Tomato_Septoria_leaf_spot,Tomato_Septoria_leaf_spot,0.9999822378158569,1,1.0709171295166016,7.716028213500977,0.1641864776611328,8.953778266906738
dataset/test/Tomato_Septoria_leaf_spot/Gls41_change_270aug25.jpg,Tomato_Septoria_leaf_spot,Tomato_Septoria_leaf_spot,0.9997453093528748,1,1.1998071670532227,7.68113899230957,0.16402053833007812,9.048001289367676
dataset/test/Tomato_Septoria_leaf_spot/Gls43_change_90_aug_60aug75.jpg,Tomato_Septoria_leaf_spot,Tomato_Septoria_leaf_spot,0.9999953508377075,1,1.0500268936157227,7.91928768157959,0.16353797912597656,9.135520935058594
dataset/test/Tomato_Septoria_leaf_spot/Gls43_change_90_aug_61aug73.jpg,Tomato_Septoria_leaf_spot,Tomato_Septoria_leaf_spot,0.9999397993087769,1,1.0410270690917969,7.865787506103516,0.16302013397216797,9.072336196899414
dataset/test/Tomato_Septoria_leaf_spot/Gls43_change_90aug30.jpg,Tomato_Septoria_leaf_spot,Tomato_Septoria_leaf_spot,0.9999812841415405,1,1.0492315292358398,7.897047996520996,0.16820526123046875,9.117576599121094
dataset/test/Tomato_Septoria_leaf_spot/Gls46_change_90_aug_6aug53.jpg,Tomato_Septoria_leaf_spot,Tomato_Septoria_leaf_spot,0.9998786449432373,1,1.1270475387573242,8.046918869018555,0.16316890716552734,9.339799880981445
dataset/test/Tomato_Septoria_leaf_spot/Gls46_change_90_aug_7aug56.jpg,Tomato_Septoria_leaf_spot,Tomato_Septoria_leaf_spot,0.9999865293502808,1,1.1085834503173828,7.903325080871582,0.16446399688720703,9.178964614868164
dataset/test/Tomato_Septoria_leaf_spot/Gls46_change_90aug3.jpg,Tomato_Septoria_leaf_spot,Tomato_Septoria_leaf_spot,0.9999833106994629,1,1.087508201599121,7.8693437576293945,0.16796493530273438,9.127686500549316
dataset/test/Tomato_Septoria_leaf_spot/Gls47aug44.jpg,Tomato_Septoria_leaf_spot,Tomato_Septoria_leaf_spot,0.9999971389770508,1,1.2376222610473633,8.079975128173828,0.16531658172607422,9.485745429992676
dataset/test/Tomato_Septoria_leaf_spot/Gls76_aug_34aug97.jpg,Tomato_Septoria_leaf_spot,Tomato_Septoria_leaf_spot,0.9761155247688293,1,1.0968236923217773,8.109105110168457,0.1686859130859375,9.377634048461914
dataset/test/Tomato_Septoria_leaf_spot/Gls76_aug_35aug103.jpg,Tomato_Septoria_leaf_spot,Tomato_Septoria_leaf_spot,0.9598952531814575,1,1.1045656204223633,8.118178367614746,0.16827869415283203,9.39391040802002
dataset/test/Tomato_Septoria_leaf_spot/Gls76_change_180_aug_30aug96.jpg,Tomato_Septoria_leaf_spot,Tomato_mold_leaf,0.9075914025306702,0,1.1338615417480469,8.126161575317383,0.16714954376220703,9.429949760437012
dataset/test/Tomato_Septoria_leaf_spot/Gls76_change_180_aug_31aug100.jpg,Tomato_Septoria_leaf_spot,Tomato_mold_leaf,0.67973393201828,0,1.1020278930664062,8.213216781616211,0.1678905487060547,9.486226081848145
dataset/test/Tomato_Septoria_leaf_spot/Gls76_change_180aug15.jpg,Tomato_Septoria_leaf_spot,Tomato_mold_leaf,0.9901084899902344,0,1.1087684631347656,8.093290328979492,0.17320537567138672,9.378096580505371
dataset/test/Tomato_Septoria_leaf_spot/Gls76aug17.jpg,Tomato_Septoria_leaf_spot,Tomato_Septoria_leaf_spot,0.9702119827270508,1,1.1451025009155273,8.196216583251953,0.16872310638427734,9.512486457824707
dataset/test/Tomato_Septoria_leaf_spot/Gls7_change_270_aug_64aug68.jpg,Tomato_Septoria_leaf_spot,Tomato_Septoria_leaf_spot,0.9963744282722473,1,1.0988245010375977,8.153790473937988,0.16805648803710938,9.423245429992676
dataset/test/Tomato_Septoria_leaf_spot/Gls7_change_270_aug_65aug71.jpg,Tomato_Septoria_leaf_spot,Tomato_Septoria_leaf_spot,0.9933311343193054,1,1.143620491027832,8.199106216430664,0.16803741455078125,9.513246536254883
dataset/test/Tomato_Septoria_leaf_spot/Gls7_change_270aug32.jpg,Tomato_Septoria_leaf_spot,Tomato_Septoria_leaf_spot,0.9934727549552917,1,1.0995464324951172,8.150161743164062,0.16690921783447266,9.419320106506348
dataset/test/Tomato_Septoria_leaf_spot/Gls7_lower_aug_0aug57.jpg,Tomato_Septoria_leaf_spot,Tomato_Septoria_leaf_spot,0.9976282715797424,1,1.1136207580566406,7.901214599609375,0.15977859497070312,9.177095413208008
dataset/test/Tomato_Septoria_leaf_spot/Gls7_lower_aug_1aug52.jpg,Tomato_Septoria_leaf_spot,Tomato_Septoria_leaf_spot,0.9943230152130127,1,1.0948238372802734,7.589284896850586,0.16211318969726562,8.849258422851562
dataset/test/Tomato_Septoria_leaf_spot/Gls7_loweraug0.jpg,Tomato_Septoria_leaf_spot,Tomato_Septoria_leaf_spot,0.9997910857200623,1,1.1976757049560547,7.619471549987793,0.1618356704711914,8.981500625610352
dataset/test/Tomato_Septoria_leaf_spot/Gls81_lower_aug_2aug51.jpg,Tomato_Septoria_leaf_spot,Tomato_Septoria_leaf_spot,0.9999446868896484,1,1.0063972473144531,7.742768287658691,0.16013145446777344,8.912055969238281
dataset/test/Tomato_Septoria_leaf_spot/Gls81_lower_aug_3aug54.jpg,Tomato_Septoria_leaf_spot,Tomato_Septoria_leaf_spot,0.9996680021286011,1,1.0158233642578125,7.76997184753418,0.1635570526123047,8.95229721069336
dataset/test/Tomato_Septoria_leaf_spot/Gls81_loweraug1.jpg,Tomato_Septoria_leaf_spot,Tomato_Septoria_leaf_spot,0.9999785423278809,1,1.0146379470825195,7.76004695892334,0.16092681884765625,8.938260078430176
dataset/test/Tomato_Septoria_leaf_spot/IMG-20240812-WA0213_aug_70aug59.jpg,Tomato_Septoria_leaf_spot,Tomato_Early_blight_leaf,0.7171503305435181,0,1.146010398864746,7.840288162231445,0.16846466064453125,9.157817840576172
dataset/test/Tomato_Septoria_leaf_spot/IMG-20240812-WA0213_aug_71aug60.jpg,Tomato_Septoria_leaf_spot,Tomato_Early_blight_leaf,0.8932801485061646,0,1.0933609008789062,7.778510093688965,0.16294574737548828,9.03750228881836
dataset/test/Tomato_Septoria_leaf_spot/IMG-20240812-WA0213aug35.jpg,Tomato_Septoria_leaf_spot,Tomato_Early_blight_leaf,0.9582033157348633,0,1.100656509399414,7.782601356506348,0.16131591796875,9.047465324401855
dataset/test/Tomato_Septoria_leaf_spot/Original_e-blight.JPG.rend.hgtvcom.966.725.jpeg_aug_52aug74.jpg,Tomato_Septoria_leaf_spot,Tomato_Septoria_leaf_spot,0.9987888932228088,1,1.099989891052246,7.739360809326172,0.17174243927001953,9.013945579528809
dataset/test/Tomato_Septoria_leaf_spot/Original_e-blight.JPG.rend.hgtvcom.966.725.jpeg_aug_53aug76.jpg,Tomato_Septoria_leaf_spot,Tomato_Septoria_leaf_spot,0.9971653819084167,1,1.0444717407226562,7.6023406982421875,0.1620931625366211,8.811147689819336
dataset/test/Tomato_Septoria_leaf_spot/Original_e-blight.JPG.rend.hgtvcom.966.725.jpegaug26.jpg,Tomato_Septoria_leaf_spot,Tomato_Septoria_leaf_spot,0.999114453792572,1,1.1761951446533203,7.979510307312012,0.1708536148071289,9.329227447509766
dataset/test/Tomato_Septoria_leaf_spot/SS_ (990)_aug_24aug107.jpg,Tomato_Septoria_leaf_spot,Tomato_Septoria_leaf_spot,0.9999806880950928,1,1.1258420944213867,8.314143180847168,0.1689453125,9.611709594726562
dataset/test/Tomato_Septoria_leaf_spot/SS_ (990)_aug_25aug113.jpg,Tomato_Septoria_leaf_spot,Tomato_Septoria_leaf_spot,0.9999853372573853,1,1.1537866592407227,8.31873607635498,0.17009449005126953,9.645896911621094
dataset/test/Tomato_Septoria_leaf_spot/SS_ (990)aug12.jpg,Tomato_Septoria_leaf_spot,Tomato_Septoria_leaf_spot,0.9999994039535522,1,1.1262502670288086,8.500089645385742,0.17026042938232422,9.799564361572266
dataset/test/Tomato_Septoria_leaf_spot/Septoria_tomato_Margaret-20B_p8170755_0002_25004_jpg.rf.3fbb14d553c623c77f342b3a54baddab_aug_66aug70.jpg,Tomato_Septoria_leaf_spot,Tomato_Septoria_leaf_spot,0.9910295009613037,1,1.2643060684204102,8.589275360107422,0.17048358917236328,10.026788711547852
dataset/test/Tomato_Septoria_leaf_spot/Septoria_tomato_Margaret-20B_p8170755_0002_25004_jpg.rf.3fbb14d553c623c77f342b3a54baddab_aug_67aug63.jpg,Tomato_Septoria_leaf_spot,Tomato_Septoria_leaf_spot,0.9989162683486938,1,1.181732177734375,8.309069633483887,0.1708545684814453,9.664396286010742
dataset/test/Tomato_Septoria_leaf_spot/Septoria_tomato_Margaret-20B_p8170755_0002_25004_jpg.rf.3fbb14d553c623c77f342b3a54baddabaug33.jpg,Tomato_Septoria_leaf_spot,Tomato_Septoria_leaf_spot,0.9986805319786072,1,1.1931781768798828,8.310957908630371,0.16863155364990234,9.675841331481934
dataset/test/Tomato_Septoria_leaf_spot/Tomato-Plant-with-Septoria-Leaf-Spot_aug_68aug65.jpg,Tomato_Septoria_leaf_spot,Tomato_Septoria_leaf_spot,0.8366643190383911,1,1.1644916534423828,8.311273574829102,0.1703348159790039,9.649006843566895
dataset/test/Tomato_Septoria_leaf_spot/Tomato-Plant-with-Septoria-Leaf-Spot_aug_69aug64.jpg,Tomato_Septoria_leaf_spot,Tomato_Septoria_leaf_spot,0.7314885258674622,1,1.1924724578857422,8.329644203186035,0.19015026092529297,9.714747428894043
dataset/test/Tomato_Septoria_leaf_spot/Tomato-Plant-with-Septoria-Leaf-Spotaug34.jpg,Tomato_Septoria_leaf_spot,Tomato_Septoria_leaf_spot,0.8066056370735168,1,1.139805793762207,8.25803279876709,0.3298912048339844,9.730840682983398
dataset/test/Tomato_Septoria_leaf_spot/b54d0e40027ff5e90e8ba7e1e9abf9bdaug39.jpg,Tomato_Septoria_leaf_spot,Tomato_Septoria_leaf_spot,0.9999765157699585,1,1.0477113723754883,8.501904487609863,0.1698904037475586,9.722155570983887
dataset/test/Tomato_Septoria_leaf_spot/classic-septoria_aug_10aug48.jpg,Tomato_Septoria_leaf_spot,Tomato_Septoria_leaf_spot,0.9999479055404663,1,1.347066879272461,8.406163215637207,0.16716766357421875,9.92304515838623
dataset/test/Tomato_Septoria_leaf_spot/classic-septoria_aug_11aug49.jpg,Tomato_Septoria_leaf_spot,Tomato_Septoria_leaf_spot,0.9999649524688721,1,1.2280101776123047,8.114344596862793,0.1666126251220703,9.511765480041504
dataset/test/Tomato_Septoria_leaf_spot/classic-septoriaaug5.jpg,Tomato_Septoria_leaf_spot,Tomato_Septoria_leaf_spot,0.9988774657249451,1,1.320770263671875,8.002159118652344,0.16848182678222656,9.494468688964844
dataset/test/Tomato_Septoria_leaf_spot/early+blight+on+leaf+yel+halo+IMG_2313.JPG_aug_62aug69.jpg,Tomato_Septoria_leaf_spot,Tomato_Septoria_leaf_spot,0.9999686479568481,1,1.0774354934692383,8.682757377624512,0.1701669692993164,9.933083534240723
dataset/test/Tomato_Septoria_leaf_spot/early+blight+on+leaf+yel+halo+IMG_2313.JPG_aug_63aug72.jpg,Tomato_Septoria_leaf_spot,Tomato_Septoria_leaf_spot,0.9999716281890869,1,1.1356010437011719,8.19084644317627,0.1676321029663086,9.496580123901367
dataset/test/Tomato_Septoria_leaf_spot/early+blight+on+leaf+yel+halo+IMG_2313.JPGaug31.jpg,Tomato_Septoria_leaf_spot,Tomato_Septoria_leaf_spot,0.9998739957809448,1,1.1661033630371094,8.276142120361328,0.1689281463623047,9.613673210144043
dataset/test/Tomato_Septoria_leaf_spot/early-blight-of-tomato-tomato-1aug38.jpg,Tomato_Septoria_leaf_spot,Tomato_Septoria_leaf_spot,0.9997442364692688,1,1.1645288467407227,8.90333366394043,0.16948318481445312,10.239863395690918
dataset/test/Tomato_Septoria_leaf_spot/eblight5_aug_18aug110.jpg,Tomato_Septoria_leaf_spot,Tomato_Septoria_leaf_spot,0.9688055515289307,1,1.1865463256835938,9.613802909851074,0.1718893051147461,10.975406646728516
dataset/test/Tomato_Septoria_leaf_spot/eblight5_aug_19aug117.jpg,Tomato_Septoria_leaf_spot,Tomato_Septoria_leaf_spot,0.9667831063270569,1,1.1324348449707031,19.442051887512207,0.16983509063720703,20.747340202331543
dataset/test/Tomato_Septoria_leaf_spot/eblight5aug9.jpg,Tomato_Septoria_leaf_spot,Tomato_Septoria_leaf_spot,0.7446606159210205,1,1.3728084564208984,9.849081993103027,0.16950130462646484,11.394335746765137
dataset/test/Tomato_Septoria_leaf_spot/images (1)_aug_54aug93.jpg,Tomato_Septoria_leaf_spot,Tomato_Septoria_leaf_spot,0.9993374943733215,1,1.5530128479003906,12.675772666931152,0.16961193084716797,14.402250289916992
dataset/test/Tomato_Septoria_leaf_spot/images (1)_aug_55aug87.jpg,Tomato_Septoria_leaf_spot,Tomato_Septoria_leaf_spot,0.9979124665260315,1,1.0816020965576172,8.309420585632324,0.16785335540771484,9.561968803405762
dataset/test/Tomato_Septoria_leaf_spot/images (1)aug27.jpg,Tomato_Septoria_leaf_spot,Tomato_Septoria_leaf_spot,0.9997643828392029,1,1.1668434143066406,8.375736236572266,0.22951984405517578,9.774710655212402
dataset/test/Tomato_Septoria_leaf_spot/tomato-blight-treatment-blight_jpg.rf.78cbf6055199828cb682fd0a6435a157_aug_74aug58.jpg,Tomato_Septoria_leaf_spot,Tomato_Septoria_leaf_spot,0.999932050704956,1,1.1408977508544922,8.693758964538574,0.16775989532470703,10.005306243896484
dataset/test/Tomato_Septoria_leaf_spot/tomato-blight-treatment-blight_jpg.rf.78cbf6055199828cb682fd0a6435a157aug37.jpg,Tomato_Septoria_leaf_spot,Tomato_Septoria_leaf_spot,0.9998853206634521,1,1.0983991622924805,8.477867126464844,0.1535940170288086,9.732154846191406
dataset/test/Tomato_Septoria_leaf_spot/tomato-early-blight-e1437503226856_aug_4aug50.jpg,Tomato_Septoria_leaf_spot,Tomato_Septoria_leaf_spot,0.9999504089355469,1,1.0899543762207031,8.139772415161133,0.16907596588134766,9.401671409606934
dataset/test/Tomato_Septoria_leaf_spot/tomato-early-blight-e1437503226856_aug_5aug55.jpg,Tomato_Septoria_leaf_spot,Tomato_Septoria_leaf_spot,0.9977310299873352,1,1.253474235534668,8.086252212524414,0.16837120056152344,9.510875701904297
dataset/test/Tomato_Septoria_leaf_spot/tomato-early-blight-e1437503226856aug2.jpg,Tomato_Septoria_leaf_spot,Tomato_Septoria_leaf_spot,0.9999179840087891,1,1.2653989791870117,7.963640213012695,0.16968631744384766,9.401948928833008
dataset/test/Tomato_Septoria_leaf_spot/tomato-early-blightH_jpg.rf.2633fbae0a933eb2711cb8466f34aca1_aug_12aug119.jpg,Tomato_Septoria_leaf_spot,Tomato_Septoria_leaf_spot,0.999970555305481,1,1.195455551147461,8.105252265930176,0.16402053833007812,9.467338562011719
dataset/test/Tomato_Septoria_leaf_spot/tomato-early-blightH_jpg.rf.2633fbae0a933eb2711cb8466f34aca1_aug_13aug114.jpg,Tomato_Septoria_leaf_spot,Tomato_Septoria_leaf_spot,0.9998397827148438,1,1.105508804321289,7.873952865600586,0.1633901596069336,9.145336151123047
dataset/test/Tomato_Septoria_leaf_spot/tomato-early-blightH_jpg.rf.2633fbae0a933eb2711cb8466f34aca1aug6.jpg,Tomato_Septoria_leaf_spot,Tomato_Septoria_leaf_spot,0.9999152421951294,1,1.1603994369506836,7.922252655029297,0.1644268035888672,9.249613761901855
dataset/test/Tomato_Septoria_leaf_spot/tomato-septoria-3-500x384_aug_32aug104.jpg,Tomato_Septoria_leaf_spot,Tomato_mold_leaf,0.672206461429596,0,1.0703248977661133,7.920344352722168,0.16563129425048828,9.159186363220215
dataset/test/Tomato_Septoria_leaf_spot/tomato-septoria-3-500x384_aug_33aug106.jpg,Tomato_Septoria_leaf_spot,Tomato_Septoria_leaf_spot,0.9908345937728882,1,1.0876941680908203,7.93797492980957,0.1631298065185547,9.191540718078613
dataset/test/Tomato_Septoria_leaf_spot/tomato-septoria-3-500x384_jpg.rf.40a23512bd3b6d8df2115d7f591913fb_aug_16aug112.jpg,Tomato_Septoria_leaf_spot,Tomato_Septoria_leaf_spot,0.9967722296714783,1,1.1540088653564453,8.193882942199707,0.15772247314453125,9.50783920288086
dataset/test/Tomato_Septoria_leaf_spot/tomato-septoria-3-500x384_jpg.rf.40a23512bd3b6d8df2115d7f591913fb_aug_17aug111.jpg,Tomato_Septoria_leaf_spot,Tomato_Septoria_leaf_spot,0.999291181564331,1,1.0678987503051758,8.212475776672363,0.3202991485595703,9.603802680969238
dataset/test/Tomato_Septoria_leaf_spot/tomato-septoria-3-500x384_jpg.rf.40a23512bd3b6d8df2115d7f591913fbaug8.jpg,Tomato_Septoria_leaf_spot,Tomato_Septoria_leaf_spot,0.9994832277297974,1,1.0323419570922852,8.024603843688965,0.16514968872070312,9.224966049194336
dataset/test/Tomato_Septoria_leaf_spot/tomato-septoria-3-500x384aug16.jpg,Tomato_Septoria_leaf_spot,Tomato_Septoria_leaf_spot,0.9964297413825989,1,1.3350296020507812,7.910177230834961,0.1650381088256836,9.412911415100098
dataset/test/Tomato_Septoria_leaf_spot/tomato-septoria-5_jpg.rf.fab97ae4bb3726e33dcbde7262ec6a65aug40.jpg,Tomato_Septoria_leaf_spot,Tomato_Septoria_leaf_spot,0.9999475479125977,1,1.0856389999389648,8.11430835723877,0.16420555114746094,9.366949081420898
dataset/test/Tomato_Septoria_leaf_spot/tomato-septoria-leaf-spot--_aug_22aug109.jpg,Tomato_Septoria_leaf_spot,Tomato_Septoria_leaf_spot,0.694703996181488,1,1.1490650177001953,7.942325592041016,0.16485309600830078,9.25859546661377
dataset/test/Tomato_Septoria_leaf_spot/tomato-septoria-leaf-spot--_aug_23aug108.jpg,Tomato_Septoria_leaf_spot,Tomato_Septoria_leaf_spot,0.9842011332511902,1,1.1908988952636719,7.970067024230957,0.16272258758544922,9.325967788696289
dataset/test/Tomato_Septoria_leaf_spot/tomato-septoria-leaf-spot--_jpg.rf.06783859d6d3e49976374e4146674e0b_aug_48aug94.jpg,Tomato_Septoria_leaf_spot,Tomato_Septoria_leaf_spot,0.938387930393219,1,1.1541213989257812,7.9466400146484375,0.16439056396484375,9.26761531829834
dataset/test/Tomato_Septoria_leaf_spot/tomato-septoria-leaf-spot--_jpg.rf.06783859d6d3e49976374e4146674e0b_aug_49aug88.jpg,Tomato_Septoria_leaf_spot,Tomato_Septoria_leaf_spot,0.9312893152236938,1,1.1655282974243164,7.968343734741211,0.1637430191040039,9.300447463989258
dataset/test/Tomato_Septoria_leaf_spot/tomato-septoria-leaf-spot--_jpg.rf.06783859d6d3e49976374e4146674e0baug24.jpg,Tomato_Septoria_leaf_spot,Tomato_leaf_yellow_curl_virus,0.5485964417457581,0,1.2223243713378906,7.907011032104492,0.1642618179321289,9.29626178741455
dataset/test/Tomato_Septoria_leaf_spot/tomato-septoria-leaf-spot--_jpg.rf.5e63d9a20f5557b9bb3617e79b48ef85_aug_26aug95.jpg,Tomato_Septoria_leaf_spot,Tomato_leaf_yellow_curl_virus,0.6393759250640869,0,1.1580657958984375,7.8526201248168945,0.1633901596069336,9.176575660705566
dataset/test/Tomato_Septoria_leaf_spot/tomato-septoria-leaf-spot--_jpg.rf.5e63d9a20f5557b9bb3617e79b48ef85_aug_27aug101.jpg,Tomato_Septoria_leaf_spot,Tomato_Septoria_leaf_spot,0.7115000486373901,1,1.1362676620483398,7.8770294189453125,0.16083621978759766,9.176538467407227
dataset/test/Tomato_Septoria_leaf_spot/tomato-septoria-leaf-spot--_jpg.rf.5e63d9a20f5557b9bb3617e79b48ef85aug13.jpg,Tomato_Septoria_leaf_spot,Tomato_Septoria_leaf_spot,0.9096384048461914,1,1.162398338317871,7.635527610778809,0.16359329223632812,8.964056968688965
dataset/test/Tomato_Septoria_leaf_spot/tomato-septoria-leaf-spot--aug11.jpg,Tomato_Septoria_leaf_spot,Tomato_Septoria_leaf_spot,0.5929965972900391,1,1.2664546966552734,7.7445268630981445,0.16524219512939453,9.178910255432129
dataset/test/Tomato_Septoria_leaf_spot/tomato-septoria-leaf-spot-_aug_28aug105.jpg,Tomato_Septoria_leaf_spot,Tomato_Septoria_leaf_spot,0.9620958566665649,1,1.2627496719360352,7.748785972595215,0.16490840911865234,9.179149627685547
dataset/test/Tomato_Septoria_leaf_spot/tomato-septoria-leaf-spot-_aug_29aug102.jpg,Tomato_Septoria_leaf_spot,Tomato_Septoria_leaf_spot,0.9335920214653015,1,1.1283245086669922,7.917750358581543,0.16501998901367188,9.213687896728516
dataset/test/Tomato_Septoria_leaf_spot/tomato-septoria-leaf-spot-aug14.jpg,Tomato_Septoria_leaf_spot,Tomato_Septoria_leaf_spot,0.9998573064804077,1,1.132065773010254,7.866899490356445,0.1634817123413086,9.165021896362305
dataset/test/Tomato_Septoria_leaf_spot/tomato_D2b-Early-blight---RPitblado_zoom_jpg.rf.93df1c3cb830b3940e4a23a5c4a05598_aug_8aug45.jpg,Tomato_Septoria_leaf_spot,Tomato_Septoria_leaf_spot,0.9999734163284302,1,1.1291017532348633,7.956843376159668,0.16351890563964844,9.251965522766113
dataset/test/Tomato_Septoria_leaf_spot/tomato_D2b-Early-blight---RPitblado_zoom_jpg.rf.93df1c3cb830b3940e4a23a5c4a05598_aug_9aug47.jpg,Tomato_Septoria_leaf_spot,Tomato_Septoria_leaf_spot,0.9999107122421265,1,1.1347885131835938,7.813991546630859,0.1590566635131836,9.1104097366333
dataset/test/Tomato_Septoria_leaf_spot/tomato_D2b-Early-blight---RPitblado_zoom_jpg.rf.93df1c3cb830b3940e4a23a5c4a05598aug4.jpg,Tomato_Septoria_leaf_spot,Tomato_Septoria_leaf_spot,0.9999105930328369,1,1.178232192993164,7.728784561157227,0.16318702697753906,9.073094367980957
dataset/test/Tomato_Septoria_leaf_spot/tomatoseptorialeafspotjpg-788d20798a3c74e7_aug_36aug98.jpg,Tomato_Septoria_leaf_spot,Tomato_Septoria_leaf_spot,0.999180018901825,1,1.1883611679077148,7.767583847045898,0.16337203979492188,9.121947288513184
dataset/test/Tomato_Septoria_leaf_spot/tomatoseptorialeafspotjpg-788d20798a3c74e7_aug_37aug99.jpg,Tomato_Septoria_leaf_spot,Tomato_Septoria_leaf_spot,0.9980922341346741,1,1.1937875747680664,7.949362754821777,0.16444683074951172,9.310281753540039
dataset/test/Tomato_Septoria_leaf_spot/tomatoseptorialeafspotjpg-788d20798a3c74e7aug18.jpg,Tomato_Septoria_leaf_spot,Tomato_Septoria_leaf_spot,0.9974440336227417,1,1.0976200103759766,7.847750663757324,0.1630382537841797,9.111077308654785
dataset/test/Tomato_leaf_late_blight/Gls74_change_90_aug_66aug46.jpg,Tomato_leaf_late_blight,Tomato_Septoria_leaf_spot,0.7971511483192444,0,1.0979890823364258,7.914935111999512,0.16466808319091797,9.180131912231445
dataset/test/Tomato_leaf_late_blight/Gls74_change_90_aug_67aug49.jpg,Tomato_leaf_late_blight,Tomato_Septoria_leaf_spot,0.7804413437843323,0,1.0538053512573242,7.864861488342285,0.16440868377685547,9.085761070251465
dataset/test/Tomato_leaf_late_blight/Gls74_change_90_aug_68aug41.jpg,Tomato_leaf_late_blight,Tomato_Septoria_leaf_spot,0.9671751260757446,0,1.065195083618164,8.056363105773926,0.16413021087646484,9.288410186767578
dataset/test/Tomato_leaf_late_blight/Gls74_change_90aug22.jpg,Tomato_leaf_late_blight,Tomato_leaf_late_blight,0.6056287288665771,1,1.0896568298339844,7.942660331726074,0.16311168670654297,9.19855785369873
dataset/test/Tomato_leaf_late_blight/Gls78_change_270_aug_24aug95.jpg,Tomato_leaf_late_blight,Tomato_leaf_late_blight,0.997809112071991,1,1.0538978576660156,7.937992095947266,0.16618728637695312,9.160836219787598
dataset/test/Tomato_leaf_late_blight/Gls78_change_270_aug_25aug80.jpg,Tomato_leaf_late_blight,Tomato_leaf_late_blight,0.9965773224830627,1,1.045527458190918,7.881305694580078,0.1558704376220703,9.08509349822998
dataset/test/Tomato_leaf_late_blight/Gls78_change_270_aug_26aug81.jpg,Tomato_leaf_late_blight,Tomato_leaf_late_blight,0.714832603931427,1,1.0343990325927734,7.735361099243164,0.16316890716552734,8.935556411743164
dataset/test/Tomato_leaf_late_blight/Gls78_change_270aug8.jpg,Tomato_leaf_late_blight,Tomato_leaf_late_blight,0.9995090961456299,1,1.1723995208740234,7.677600860595703,0.16411304473876953,9.01676082611084
dataset/test/Tomato_leaf_late_blight/Gls79_change_270_aug_51aug69.jpg,Tomato_leaf_late_blight,Tomato_leaf_late_blight,0.7820584774017334,1,1.0403051376342773,7.890677452087402,0.16438961029052734,9.097965240478516
dataset/test/Tomato_leaf_late_blight/Gls79_change_270_aug_52aug74.jpg,Tomato_leaf_late_blight,Tomato_leaf_late_blight,0.932307779788971,1,1.0354347229003906,7.839455604553223,0.16259479522705078,9.040297508239746
dataset/test/Tomato_leaf_late_blight/Gls79_change_270_aug_53aug68.jpg,Tomato_leaf_late_blight,Tomato_leaf_late_blight,0.903501570224762,1,1.073472023010254,7.869916915893555,0.20609474182128906,9.152205467224121
dataset/test/Tomato_leaf_late_blight/Gls79_change_270aug17.jpg,Tomato_leaf_late_blight,Tomato_leaf_late_blight,0.9998646974563599,1,1.028360366821289,7.892436981201172,0.16557598114013672,9.089076042175293
dataset/test/Tomato_leaf_late_blight/Gls79_change_90_aug_27aug85.jpg,Tomato_leaf_late_blight,Tomato_leaf_late_blight,0.9688396453857422,1,1.0481939315795898,7.935917854309082,0.1686687469482422,9.155725479125977
dataset/test/Tomato_leaf_late_blight/Gls79_change_90_aug_28aug97.jpg,Tomato_leaf_late_blight,Tomato_leaf_late_blight,0.9960095882415771,1,1.0537128448486328,7.954214096069336,0.16622352600097656,9.177447319030762
dataset/test/Tomato_leaf_late_blight/Gls79_change_90_aug_29aug89.jpg,Tomato_leaf_late_blight,Tomato_leaf_late_blight,0.9967334270477295,1,1.0866012573242188,7.89202880859375,0.16090774536132812,9.142779350280762
dataset/test/Tomato_leaf_late_blight/Gls79_change_90aug9.jpg,Tomato_leaf_late_blight,Tomato_leaf_late_blight,0.9989927411079407,1,1.0121383666992188,7.738194465637207,0.16314983367919922,8.916184425354004
dataset/test/Tomato_leaf_late_blight/Gls79_mirror_aug_15aug104.jpg,Tomato_leaf_late_blight,Tomato_leaf_late_blight,0.9994145631790161,1,1.1486196517944336,7.869936943054199,0.16848278045654297,9.1896333694458
dataset/test/Tomato_leaf_late_blight/Gls79_mirror_aug_16aug113.jpg,Tomato_leaf_late_blight,Tomato_leaf_late_blight,0.9998608827590942,1,1.0589160919189453,8.393698692321777,0.16396427154541016,9.619283676147461
dataset/test/Tomato_leaf_late_blight/Gls79_mirror_aug_17aug109.jpg,Tomato_leaf_late_blight,Tomato_leaf_late_blight,0.9984546899795532,1,1.0688972473144531,8.155439376831055,0.16783428192138672,9.394856452941895
dataset/test/Tomato_leaf_late_blight/Gls79_mirroraug5.jpg,Tomato_leaf_late_blight,Tomato_leaf_late_blight,0.9999343156814575,1,1.0562677383422852,8.10571575164795,0.167816162109375,9.332930564880371
dataset/test/Tomato_leaf_late_blight/IMG_20251102_155822aug32.jpg,Tomato_leaf_late_blight,Tomato_Early_blight_leaf,0.6018062829971313,0,1.1698236465454102,8.205976486206055,0.16613101959228516,9.544746398925781
dataset/test/Tomato_leaf_late_blight/IMG_20251102_160928aug33.jpg,Tomato_leaf_late_blight,Tomato_Early_blight_leaf,0.9615575671195984,0,1.0897502899169922,8.104586601257324,0.16715049743652344,9.364042282104492
dataset/test/Tomato_leaf_late_blight/IMG_20251102_161202_aug_57aug50.jpg,Tomato_leaf_late_blight,Tomato_Early_blight_leaf,0.9930249452590942,0,1.169917106628418,8.197161674499512,0.16568565368652344,9.535579681396484
dataset/test/Tomato_leaf_late_blight/IMG_20251102_161202_aug_58aug52.jpg,Tomato_leaf_late_blight,Tomato_Early_blight_leaf,0.9978669285774231,0,1.2061395645141602,8.191716194152832,0.16092777252197266,9.561579704284668
dataset/test/Tomato_leaf_late_blight/IMG_20251102_161202_aug_59aug39.jpg,Tomato_leaf_late_blight,Tomato_Early_blight_leaf,0.9998176693916321,0,1.1624174118041992,8.01280689239502,0.16785430908203125,9.345855712890625
dataset/test/Tomato_leaf_late_blight/IMG_20251102_161202aug19.jpg,Tomato_leaf_late_blight,Tomato_Early_blight_leaf,0.9994983673095703,0,1.2591209411621094,7.952585220336914,0.2050189971923828,9.419523239135742
dataset/test/Tomato_leaf_late_blight/IMG_5808_jpg.rf.9de5af872dd2e7a58b115c4826fb18d4_aug_63aug53.jpg,Tomato_leaf_late_blight,Tomato_leaf_late_blight,0.9989939332008362,1,1.2415847778320312,8.000788688659668,0.16344547271728516,9.408263206481934
dataset/test/Tomato_leaf_late_blight/IMG_5808_jpg.rf.9de5af872dd2e7a58b115c4826fb18d4_aug_64aug43.jpg,Tomato_leaf_late_blight,Tomato_leaf_late_blight,0.9857681393623352,1,1.0876951217651367,7.875881195068359,0.16459274291992188,9.13068675994873
dataset/test/Tomato_leaf_late_blight/IMG_5808_jpg.rf.9de5af872dd2e7a58b115c4826fb18d4_aug_65aug38.jpg,Tomato_leaf_late_blight,Tomato_leaf_late_blight,0.9963616728782654,1,1.0966205596923828,7.880344390869141,0.1647052764892578,9.144206047058105
dataset/test/Tomato_leaf_late_blight/IMG_5808_jpg.rf.9de5af872dd2e7a58b115c4826fb18d4aug21.jpg,Tomato_leaf_late_blight,Tomato_leaf_late_blight,0.997394323348999,1,1.116379737854004,7.853788375854492,0.16257476806640625,9.135614395141602
dataset/test/Tomato_leaf_late_blight/LB_ (254)_aug_54aug73.jpg,Tomato_leaf_late_blight,Tomato_leaf_late_blight,0.365268349647522,1,1.041788101196289,7.9431962966918945,0.1658172607421875,9.153279304504395
dataset/test/Tomato_leaf_late_blight/LB_ (254)_aug_55aug71.jpg,Tomato_leaf_late_blight,Tomato_Early_blight_leaf,0.7356371283531189,0,1.0224895477294922,7.8548431396484375,0.16405582427978516,9.044168472290039
dataset/test/Tomato_leaf_late_blight/LB_ (254)_aug_56aug78.jpg,Tomato_leaf_late_blight,Tomato_leaf_late_blight,0.8771970272064209,1,1.066915512084961,7.93375301361084,0.16283416748046875,9.166558265686035
dataset/test/Tomato_leaf_late_blight/LB_ (254)aug18.jpg,Tomato_leaf_late_blight,Tomato_leaf_late_blight,0.5502736568450928,1,1.025527000427246,7.85667610168457,0.15963172912597656,9.044797897338867
dataset/test/Tomato_leaf_late_blight/LB_ (276)_aug_60aug45.jpg,Tomato_leaf_late_blight,Tomato_leaf_late_blight,0.9848411679267883,1,1.038156509399414,7.758230209350586,0.16394615173339844,8.96313190460205
dataset/test/Tomato_leaf_late_blight/LB_ (276)_aug_61aug44.jpg,Tomato_leaf_late_blight,Tomato_leaf_late_blight,0.999957799911499,1,1.1431026458740234,7.6940813064575195,0.1622791290283203,9.002724647521973
dataset/test/Tomato_leaf_late_blight/LB_ (276)_aug_62aug40.jpg,Tomato_leaf_late_blight,Tomato_leaf_late_blight,0.9833015203475952,1,1.0761394500732422,7.944659233093262,0.16281604766845703,9.186687469482422
dataset/test/Tomato_leaf_late_blight/LB_ (276)aug20.jpg,Tomato_leaf_late_blight,Tomato_leaf_late_blight,0.9917387366294861,1,1.0345821380615234,8.092659950256348,0.1639089584350586,9.293837547302246
dataset/test/Tomato_leaf_late_blight/Late-blight-foliar-leasion-on-tomato_jpg.rf.331af81e5b2aae24af0dc9b6d9933591_aug_72aug60.jpg,Tomato_leaf_late_blight,Tomato_leaf_late_blight,0.9960381984710693,1,1.1690845489501953,8.336772918701172,0.16942691802978516,9.678210258483887
dataset/test/Tomato_leaf_late_blight/Late-blight-foliar-leasion-on-tomato_jpg.rf.331af81e5b2aae24af0dc9b6d9933591_aug_73aug51.jpg,Tomato_leaf_late_blight,Tomato_leaf_late_blight,0.997306227684021,1,1.193528175354004,8.14778995513916,0.16770458221435547,9.511950492858887
dataset/test/Tomato_leaf_late_blight/Late-blight-foliar-leasion-on-tomato_jpg.rf.331af81e5b2aae24af0dc9b6d9933591_aug_74aug37.jpg,Tomato_leaf_late_blight,Tomato_leaf_late_blight,0.9999678134918213,1,1.197880744934082,8.202400207519531,0.16813182830810547,9.570895195007324
dataset/test/Tomato_leaf_late_blight/Late-blight-foliar-leasion-on-tomato_jpg.rf.331af81e5b2aae24af0dc9b6d9933591aug24.jpg,Tomato_leaf_late_blight,Tomato_leaf_late_blight,0.9999462366104126,1,1.137934684753418,8.163865089416504,0.20479774475097656,9.509561538696289
dataset/test/Tomato_leaf_late_blight/Late-blight-on-a-tomato-leaf_jpg.rf.8a0bcac661db5b0d51beab8e2bf6cd6caug29.jpg,Tomato_leaf_late_blight,Tomato_leaf_late_blight,0.9996402263641357,1,1.1074161529541016,8.22256851196289,0.16602039337158203,9.49898624420166
dataset/test/Tomato_leaf_late_blight/Late-blight-on-a-tomato-leaf_jpg.rf.8defdb736385f3e1da6fba17b2786ac9_aug_84aug36.jpg,Tomato_leaf_late_blight,Tomato_leaf_late_blight,0.9998588562011719,1,1.085658073425293,8.113401412963867,0.1670379638671875,9.368504524230957
dataset/test/Tomato_leaf_late_blight/Late-blight-on-a-tomato-leaf_jpg.rf.8defdb736385f3e1da6fba17b2786ac9aug28.jpg,Tomato_leaf_late_blight,Tomato_leaf_late_blight,0.999707043170929,1,1.1358442306518555,8.249106407165527,0.16639041900634766,9.553894996643066
dataset/test/Tomato_leaf_late_blight/Late-blight-symptoms-on-tomato-leaves-1r3uhy2_jpg.rf.92fa5ba375a2c3ce572ef7e12695be90aug31.jpg,Tomato_leaf_late_blight,Tomato_leaf_late_blight,0.9999758005142212,1,1.1385478973388672,7.979844093322754,0.16916751861572266,9.289817810058594
dataset/test/Tomato_leaf_late_blight/Late-blight-tomato-leaf-VikramBisht-MBag_jpg.rf.ec494f1ab0c0417fed47095af181f852_aug_6aug117.jpg,Tomato_leaf_late_blight,Tomato_leaf_late_blight,0.9998262524604797,1,1.1538801193237305,8.167754173278809,0.1686115264892578,9.4930419921875
dataset/test/Tomato_leaf_late_blight/Late-blight-tomato-leaf-VikramBisht-MBag_jpg.rf.ec494f1ab0c0417fed47095af181f852_aug_7aug116.jpg,Tomato_leaf_late_blight,Tomato_leaf_late_blight,0.9999889135360718,1,1.2214727401733398,8.193012237548828,0.16779804229736328,9.585227966308594
dataset/test/Tomato_leaf_late_blight/Late-blight-tomato-leaf-VikramBisht-MBag_jpg.rf.ec494f1ab0c0417fed47095af181f852_aug_8aug115.jpg,Tomato_leaf_late_blight,Tomato_leaf_late_blight,0.9999871253967285,1,1.1301393508911133,8.20864200592041,0.1644277572631836,9.506246566772461
dataset/test/Tomato_leaf_late_blight/Late-blight-tomato-leaf-VikramBisht-MBag_jpg.rf.ec494f1ab0c0417fed47095af181f852aug2.jpg,Tomato_leaf_late_blight,Tomato_leaf_late_blight,0.9999818801879883,1,1.1079339981079102,8.003715515136719,0.16648292541503906,9.28083610534668
dataset/test/Tomato_leaf_late_blight/LateBlight-Tomato-JJ-2009-17nxg4q_aug_36aug79.jpg,Tomato_leaf_late_blight,Tomato_leaf_late_blight,0.6193728446960449,1,1.0851755142211914,8.060548782348633,0.1655569076538086,9.314688682556152
dataset/test/Tomato_leaf_late_blight/LateBlight-Tomato-JJ-2009-17nxg4q_aug_37aug87.jpg,Tomato_leaf_late_blight,Tomato_leaf_late_blight,0.9894269704818726,1,1.0433416366577148,8.004714965820312,0.16490936279296875,9.215668678283691
dataset/test/Tomato_leaf_late_blight/LateBlight-Tomato-JJ-2009-17nxg4q_aug_38aug67.jpg,Tomato_leaf_late_blight,Tomato_leaf_late_blight,0.9967135190963745,1,1.0464715957641602,8.034141540527344,0.16668701171875,9.249817848205566
dataset/test/Tomato_leaf_late_blight/LateBlight-Tomato-JJ-2009-17nxg4q_jpg.rf.93780f99f071013cf0764b40fc6db48c_aug_48aug77.jpg,Tomato_leaf_late_blight,Tomato_leaf_late_blight,0.9998677968978882,1,1.0776376724243164,8.302680015563965,0.1659832000732422,9.548895835876465
dataset/test/Tomato_leaf_late_blight/LateBlight-Tomato-JJ-2009-17nxg4q_jpg.rf.93780f99f071013cf0764b40fc6db48c_aug_49aug65.jpg,Tomato_leaf_late_blight,Tomato_leaf_late_blight,0.9999958276748657,1,1.0522480010986328,8.045825958251953,0.1584453582763672,9.259041786193848
dataset/test/Tomato_leaf_late_blight/LateBlight-Tomato-JJ-2009-17nxg4q_jpg.rf.93780f99f071013cf0764b40fc6db48c_aug_50aug75.jpg,Tomato_leaf_late_blight,Tomato_leaf_late_blight,0.9999977350234985,1,1.0158233642578125,7.834028244018555,0.16466808319091797,9.017260551452637
dataset/test/Tomato_leaf_late_blight/LateBlight-Tomato-JJ-2009-17nxg4q_jpg.rf.93780f99f071013cf0764b40fc6db48caug16.jpg,Tomato_leaf_late_blight,Tomato_leaf_late_blight,0.9997411370277405,1,1.1763439178466797,7.849879264831543,0.16670513153076172,9.196281433105469
dataset/test/Tomato_leaf_late_blight/LateBlight-Tomato-JJ-2009-17nxg4qaug12.jpg,Tomato_leaf_late_blight,Tomato_leaf_late_blight,0.9713873863220215,1,1.0506763458251953,8.01660442352295,0.1653900146484375,9.235280990600586
dataset/test/Tomato_leaf_late_blight/Lb11_mirror_verticalaug34.jpg,Tomato_leaf_late_blight,Tomato_leaf_late_blight,0.9862505197525024,1,1.091435432434082,8.121585845947266,0.16675949096679688,9.382819175720215
dataset/test/Tomato_leaf_late_blight/Lb51_mirror_aug_39aug83.jpg,Tomato_leaf_late_blight,Tomato_leaf_late_blight,0.9555873274803162,1,1.110194206237793,7.9574737548828125,0.16318607330322266,9.233372688293457
dataset/test/Tomato_leaf_late_blight/Lb51_mirror_aug_40aug96.jpg,Tomato_leaf_late_blight,Tomato_leaf_late_blight,0.9889044165611267,1,1.0534896850585938,7.9606218338012695,0.16474151611328125,9.181390762329102
dataset/test/Tomato_leaf_late_blight/Lb51_mirror_aug_41aug91.jpg,Tomato_leaf_late_blight,Tomato_leaf_late_blight,0.9887679219245911,1,1.0543041229248047,7.842529296875,0.1649637222290039,9.064149856567383
dataset/test/Tomato_leaf_late_blight/Lb51_mirroraug13.jpg,Tomato_leaf_late_blight,Tomato_leaf_late_blight,0.9912448525428772,1,1.0728607177734375,8.046494483947754,0.20020580291748047,9.322799682617188
dataset/test/Tomato_leaf_late_blight/Lb52_change_90_aug_42aug64.jpg,Tomato_leaf_late_blight,Tomato_leaf_late_blight,0.9999946355819702,1,1.035618782043457,7.9809370040893555,0.16357421875,9.182873725891113
dataset/test/Tomato_leaf_late_blight/Lb52_change_90_aug_43aug63.jpg,Tomato_leaf_late_blight,Tomato_leaf_late_blight,0.9999938011169434,1,1.0389165878295898,7.9085283279418945,0.15864944458007812,9.10879898071289
dataset/test/Tomato_leaf_late_blight/Lb52_change_90_aug_44aug70.jpg,Tomato_leaf_late_blight,Tomato_leaf_late_blight,0.9999992847442627,1,1.0369911193847656,9.281947135925293,0.16172313690185547,10.483051300048828
dataset/test/Tomato_leaf_late_blight/Lb52_change_90aug14.jpg,Tomato_leaf_late_blight,Tomato_leaf_late_blight,0.9999949932098389,1,1.0417861938476562,7.768547058105469,0.16413021087646484,8.976834297180176
dataset/test/Tomato_leaf_late_blight/Lb69_aug_45aug76.jpg,Tomato_leaf_late_blight,Tomato_leaf_late_blight,0.9999474287033081,1,1.1402692794799805,20.277891159057617,0.1679821014404297,21.589180946350098
dataset/test/Tomato_leaf_late_blight/Lb69_aug_46aug72.jpg,Tomato_leaf_late_blight,Tomato_leaf_late_blight,0.9991519451141357,1,1.4495315551757812,15.116662979125977,0.2011871337890625,16.770251274108887
dataset/test/Tomato_leaf_late_blight/Lb69_aug_47aug66.jpg,Tomato_leaf_late_blight,Tomato_leaf_late_blight,0.9997746348381042,1,1.0992136001586914,9.1027250289917,0.1676311492919922,10.372308731079102
dataset/test/Tomato_leaf_late_blight/Lb69aug15.jpg,Tomato_leaf_late_blight,Tomato_leaf_late_blight,0.9987607002258301,1,1.0620832443237305,8.229718208312988,0.200408935546875,9.494450569152832
dataset/test/Tomato_leaf_late_blight/Lb8_mirror_vertical_aug_10aug118.jpg,Tomato_leaf_late_blight,Tomato_leaf_late_blight,0.6907160878181458,1,1.0380468368530273,7.9499921798706055,0.19552040100097656,9.185928344726562
dataset/test/Tomato_leaf_late_blight/Lb8_mirror_vertical_aug_11aug111.jpg,Tomato_leaf_late_blight,Tomato_leaf_late_blight,0.972099244594574,1,1.0308427810668945,8.046567916870117,0.16359329223632812,9.243782043457031
dataset/test/Tomato_leaf_late_blight/Lb8_mirror_vertical_aug_9aug103.jpg,Tomato_leaf_late_blight,Tomato_leaf_late_blight,0.9312312006950378,1,1.1169910430908203,7.698731422424316,0.16326045989990234,8.981705665588379
dataset/test/Tomato_leaf_late_blight/Lb8_mirror_verticalaug3.jpg,Tomato_leaf_late_blight,Tomato_leaf_late_blight,0.9956256151199341,1,1.091416358947754,7.867048263549805,0.16518688201904297,9.126482009887695
dataset/test/Tomato_leaf_late_blight/Lb97_aug_21aug84.jpg,Tomato_leaf_late_blight,Tomato_leaf_late_blight,0.9991291165351868,1,1.061509132385254,7.86273193359375,0.16307544708251953,9.089909553527832
dataset/test/Tomato_leaf_late_blight/Lb97_aug_22aug101.jpg,Tomato_leaf_late_blight,Tomato_leaf_late_blight,0.999993085861206,1,1.0578784942626953,7.951510429382324,0.16107654571533203,9.173224449157715
dataset/test/Tomato_leaf_late_blight/Lb97_aug_23aug82.jpg,Tomato_leaf_late_blight,Tomato_leaf_late_blight,0.9998644590377808,1,1.100545883178711,7.851452827453613,0.1975393295288086,9.152502059936523
dataset/test/Tomato_leaf_late_blight/Lb97aug7.jpg,Tomato_leaf_late_blight,Tomato_leaf_late_blight,0.9999934434890747,1,1.0598058700561523,7.967085838317871,0.16405677795410156,9.19368839263916
dataset/test/Tomato_leaf_late_blight/Leaf-2Bsymptoms-2BMDA_jpg.rf.39b220104d04636fad4f5aae043826cb_aug_0aug108.jpg,Tomato_leaf_late_blight,Tomato_leaf_late_blight,0.9970372915267944,1,1.1137313842773438,7.99514102935791,0.16731643676757812,9.279206275939941
dataset/test/Tomato_leaf_late_blight/Leaf-2Bsymptoms-2BMDA_jpg.rf.39b220104d04636fad4f5aae043826cb_aug_1aug106.jpg,Tomato_leaf_late_blight,Tomato_leaf_late_blight,0.89963299036026,1,1.1439905166625977,8.019010543823242,0.16553783416748047,9.331448554992676
dataset/test/Tomato_leaf_late_blight/Leaf-2Bsymptoms-2BMDA_jpg.rf.39b220104d04636fad4f5aae043826cb_aug_2aug119.jpg,Tomato_leaf_late_blight,Tomato_leaf_late_blight,0.9966448545455933,1,1.1421575546264648,7.970641136169434,0.15552043914794922,9.2706880569458
dataset/test/Tomato_leaf_late_blight/Leaf-2Bsymptoms-2BMDA_jpg.rf.39b220104d04636fad4f5aae043826cbaug0.jpg,Tomato_leaf_late_blight,Tomato_leaf_late_blight,0.9843639731407166,1,1.1202497482299805,7.853564262390137,0.16605663299560547,9.14237117767334
dataset/test/Tomato_leaf_late_blight/Tomato-20bacterial-20canker-JPG_jpg.rf.8b568c1d5efcfdcef44c606eb076b889_aug_30aug92.jpg,Tomato_leaf_late_blight,Tomato_leaf_late_blight,0.8520760536193848,1,1.3676214218139648,7.843510627746582,0.1662607192993164,9.380003929138184
dataset/test/Tomato_leaf_late_blight/Tomato-20bacterial-20canker-JPG_jpg.rf.8b568c1d5efcfdcef44c606eb076b889_aug_31aug98.jpg,Tomato_leaf_late_blight,Tomato_leaf_late_blight,0.6854438781738281,1,1.1686220169067383,8.068641662597656,0.16398334503173828,9.403855323791504
dataset/test/Tomato_leaf_late_blight/Tomato-20bacterial-20canker-JPG_jpg.rf.8b568c1d5efcfdcef44c606eb076b889_aug_32aug90.jpg,Tomato_leaf_late_blight,Tomato_leaf_late_blight,0.9484543204307556,1,1.1160459518432617,8.290772438049316,0.16585254669189453,9.576153755187988
dataset/test/Tomato_leaf_late_blight/Tomato-20bacterial-20canker-JPG_jpg.rf.8b568c1d5efcfdcef44c606eb076b889aug10.jpg,Tomato_leaf_late_blight,Tomato_leaf_late_blight,0.7591543197631836,1,1.1269359588623047,8.163031578063965,0.16620540618896484,9.459023475646973
dataset/test/Tomato_leaf_late_blight/TomatoBlight-JPG_jpg.rf.234cbc5809dc7d942e46760a63e10d9f_aug_33aug88.jpg,Tomato_leaf_late_blight,Tomato_leaf_late_blight,0.9993054866790771,1,1.0908794403076172,8.824518203735352,0.1660757064819336,10.084010124206543
dataset/test/Tomato_leaf_late_blight/TomatoBlight-JPG_jpg.rf.234cbc5809dc7d942e46760a63e10d9f_aug_34aug86.jpg,Tomato_leaf_late_blight,Tomato_leaf_late_blight,0.9989342093467712,1,1.1030826568603516,8.150141716003418,0.16466808319091797,9.420560836791992
dataset/test/Tomato_leaf_late_blight/TomatoBlight-JPG_jpg.rf.234cbc5809dc7d942e46760a63e10d9f_aug_35aug93.jpg,Tomato_leaf_late_blight,Tomato_leaf_late_blight,0.9980218410491943,1,1.1554346084594727,8.071290016174316,0.16672325134277344,9.396651268005371
dataset/test/Tomato_leaf_late_blight/TomatoBlight-JPG_jpg.rf.234cbc5809dc7d942e46760a63e10d9faug11.jpg,Tomato_leaf_late_blight,Tomato_leaf_late_blight,0.9715207815170288,1,1.1342687606811523,8.294088363647461,0.16979694366455078,9.601099014282227
dataset/test/Tomato_leaf_late_blight/dsc_8140cs_aug_3aug114.jpg,Tomato_leaf_late_blight,Tomato_leaf_late_blight,0.9999865293502808,1,1.1375083923339844,8.185420036315918,0.16715049743652344,9.492820739746094
dataset/test/Tomato_leaf_late_blight/dsc_8140cs_aug_4aug99.jpg,Tomato_leaf_late_blight,Tomato_leaf_late_blight,0.9935856461524963,1,1.157175064086914,8.199772834777832,0.16676044464111328,9.526450157165527
dataset/test/Tomato_leaf_late_blight/dsc_8140cs_aug_5aug102.jpg,Tomato_leaf_late_blight,Tomato_leaf_late_blight,0.941324770450592,1,1.1486759185791016,8.160715103149414,0.16759490966796875,9.48007869720459
dataset/test/Tomato_leaf_late_blight/dsc_8140csaug1.jpg,Tomato_leaf_late_blight,Tomato_leaf_late_blight,0.9709590077400208,1,1.168288230895996,8.175680160522461,0.16726016998291016,9.514246940612793
dataset/test/Tomato_leaf_late_blight/late_jpg.rf.f64883c6ac50eb4f477851ddc23305e8_aug_69aug47.jpg,Tomato_leaf_late_blight,Tomato_Early_blight_leaf,0.4368736743927002,0,1.154139518737793,8.148141860961914,0.16220569610595703,9.466782569885254
dataset/test/Tomato_leaf_late_blight/late_jpg.rf.f64883c6ac50eb4f477851ddc23305e8_aug_70aug48.jpg,Tomato_leaf_late_blight,Tomato_leaf_late_blight,0.4698777496814728,1,1.136490821838379,8.134198188781738,0.2935018539428711,9.56774616241455
dataset/test/Tomato_leaf_late_blight/late_jpg.rf.f64883c6ac50eb4f477851ddc23305e8_aug_71aug42.jpg,Tomato_leaf_late_blight,Tomato_leaf_late_blight,0.8490121960639954,1,1.1263799667358398,8.059142112731934,0.16818618774414062,9.35633659362793
dataset/test/Tomato_leaf_late_blight/late_jpg.rf.f64883c6ac50eb4f477851ddc23305e8aug23.jpg,Tomato_leaf_late_blight,Tomato_Early_blight_leaf,0.6246396899223328,0,1.212564468383789,8.179365158081055,0.1672048568725586,9.561968803405762
dataset/test/Tomato_leaf_late_blight/lateblightTom_lesionaug30.jpg,Tomato_leaf_late_blight,Tomato_Early_blight_leaf,0.7004528641700745,0,1.0687503814697266,8.262327194213867,0.16733455657958984,9.500967979431152
dataset/test/Tomato_leaf_late_blight/lb_leaf_lesions2x1200_jpg.rf.3a72cc9627c3ba6d79a876e19220824e_aug_81aug56.jpg,Tomato_leaf_late_blight,Tomato_leaf_late_blight,0.9999985694885254,1,1.102046012878418,8.105363845825195,0.1630563735961914,9.373208999633789
dataset/test/Tomato_leaf_late_blight/lb_leaf_lesions2x1200_jpg.rf.3a72cc9627c3ba6d79a876e19220824e_aug_82aug62.jpg,Tomato_leaf_late_blight,Tomato_leaf_late_blight,0.9999995231628418,1,1.0926580429077148,7.910900115966797,0.16405677795410156,9.1702241897583
dataset/test/Tomato_leaf_late_blight/lb_leaf_lesions2x1200_jpg.rf.3a72cc9627c3ba6d79a876e19220824e_aug_83aug57.jpg,Tomato_leaf_late_blight,Tomato_leaf_late_blight,0.9999963045120239,1,1.073434829711914,7.908843994140625,0.20433425903320312,9.188854217529297
dataset/test/Tomato_leaf_late_blight/lb_leaf_lesions2x1200_jpg.rf.3a72cc9627c3ba6d79a876e19220824eaug27.jpg,Tomato_leaf_late_blight,Tomato_leaf_late_blight,0.9999963045120239,1,1.056971549987793,7.920714378356934,0.16724205017089844,9.147354125976562
dataset/test/Tomato_leaf_late_blight/p1020076cs_aug_78aug35.jpg,Tomato_leaf_late_blight,Tomato_leaf_late_blight,0.9985646605491638,1,1.063786506652832,7.952844619750977,0.1621856689453125,9.181113243103027
dataset/test/Tomato_leaf_late_blight/p1020076cs_aug_79aug59.jpg,Tomato_leaf_late_blight,Tomato_leaf_late_blight,0.9990553259849548,1,1.0530834197998047,7.8750104904174805,0.3166513442993164,9.247319221496582
dataset/test/Tomato_leaf_late_blight/p1020076cs_aug_80aug55.jpg,Tomato_leaf_late_blight,Tomato_leaf_late_blight,0.999982476234436,1,1.0168781280517578,7.750954627990723,0.16401958465576172,8.934351921081543
dataset/test/Tomato_leaf_late_blight/p1020076csaug26.jpg,Tomato_leaf_late_blight,Tomato_leaf_late_blight,0.9998840093612671,1,1.034193992614746,8.066512107849121,0.1638345718383789,9.267132759094238
dataset/test/Tomato_leaf_late_blight/symptoms_of_late_blight_0_jpg.rf.417903f6c86ccb4f4bcd7139e0867018_aug_75aug58.jpg,Tomato_leaf_late_blight,Tomato_leaf_late_blight,0.9999978542327881,1,1.0945463180541992,7.914510726928711,0.165557861328125,9.177058219909668
dataset/test/Tomato_leaf_late_blight/symptoms_of_late_blight_0_jpg.rf.417903f6c86ccb4f4bcd7139e0867018_aug_76aug54.jpg,Tomato_leaf_late_blight,Tomato_leaf_late_blight,0.9999904632568359,1,1.1227502822875977,7.891195297241211,0.16540813446044922,9.182076454162598
dataset/test/Tomato_leaf_late_blight/symptoms_of_late_blight_0_jpg.rf.417903f6c86ccb4f4bcd7139e0867018_aug_77aug61.jpg,Tomato_leaf_late_blight,Tomato_leaf_late_blight,0.9999986886978149,1,1.1083612442016602,7.939566612243652,0.1639089584350586,9.214798927307129
dataset/test/Tomato_leaf_late_blight/symptoms_of_late_blight_0_jpg.rf.417903f6c86ccb4f4bcd7139e0867018aug25.jpg,Tomato_leaf_late_blight,Tomato_leaf_late_blight,0.9999983310699463,1,1.0963802337646484,7.956677436828613,0.1653156280517578,9.221707344055176
dataset/test/Tomato_leaf_late_blight/tomato-late-blight-leaf-61-3x32_aug_12aug112.jpg,Tomato_leaf_late_blight,Tomato_leaf_late_blight,0.9795727133750916,1,1.0687122344970703,8.021806716918945,0.16715049743652344,9.260261535644531
dataset/test/Tomato_leaf_late_blight/tomato-late-blight-leaf-61-3x32_aug_13aug110.jpg,Tomato_leaf_late_blight,Tomato_leaf_late_blight,0.9981327652931213,1,1.0897865295410156,8.004196166992188,0.16533470153808594,9.262188911437988
dataset/test/Tomato_leaf_late_blight/tomato-late-blight-leaf-61-3x32_aug_14aug105.jpg,Tomato_leaf_late_blight,Tomato_leaf_late_blight,0.9406654238700867,1,1.0575838088989258,7.8977508544921875,0.16857528686523438,9.126540184020996
dataset/test/Tomato_leaf_late_blight/tomato-late-blight-leaf-61-3x32aug4.jpg,Tomato_leaf_late_blight,Tomato_leaf_late_blight,0.983759880065918,1,1.053360939025879,7.945789337158203,0.1647796630859375,9.167372703552246
dataset/test/Tomato_leaf_late_blight/tomato.early.blightH_aug_18aug100.jpg,Tomato_leaf_late_blight,Tomato_Septoria_leaf_spot,0.9999806880950928,0,1.1961402893066406,8.045085906982422,0.1652050018310547,9.40944766998291
dataset/test/Tomato_leaf_late_blight/tomato.early.blightH_aug_19aug107.jpg,Tomato_leaf_late_blight,Tomato_Septoria_leaf_spot,0.9968364238739014,0,1.1602506637573242,7.988529205322266,0.1637411117553711,9.315041542053223
dataset/test/Tomato_leaf_late_blight/tomato.early.blightH_aug_20aug94.jpg,Tomato_leaf_late_blight,Tomato_Septoria_leaf_spot,0.9963441491127014,0,1.1868791580200195,8.20675277709961,0.16644573211669922,9.562893867492676
dataset/test/Tomato_leaf_late_blight/tomato.early.blightHaug6.jpg,Tomato_leaf_late_blight,Tomato_Septoria_leaf_spot,0.9538958668708801,0,1.2057504653930664,8.266068458557129,0.1662425994873047,9.640617370605469
dataset/test/Tomato_leaf_yellow_curl_virus/1342017-162221-44540_jpg.rf.f68314ea4850dade3a214dec71c83715_aug_77aug56.jpg,Tomato_leaf_yellow_curl_virus,Tomato_leaf_yellow_curl_virus,0.999996542930603,1,1.1314172744750977,8.06193733215332,0.16563034057617188,9.36181926727295
dataset/test/Tomato_leaf_yellow_curl_virus/1342017-162221-44540_jpg.rf.f68314ea4850dade3a214dec71c83715_aug_78aug81.jpg,Tomato_leaf_yellow_curl_virus,Tomato_leaf_yellow_curl_virus,0.9999779462814331,1,1.188140869140625,8.154400825500488,0.16585254669189453,9.511040687561035
dataset/test/Tomato_leaf_yellow_curl_virus/1342017-162221-44540_jpg.rf.f68314ea4850dade3a214dec71c83715_aug_79aug60.jpg,Tomato_leaf_yellow_curl_virus,Tomato_leaf_yellow_curl_virus,0.9999902248382568,1,1.1402130126953125,8.20466136932373,0.16681575775146484,9.514578819274902
dataset/test/Tomato_leaf_yellow_curl_virus/1342017-162221-44540_jpg.rf.f68314ea4850dade3a214dec71c83715_aug_80aug64.jpg,Tomato_leaf_yellow_curl_virus,Tomato_leaf_yellow_curl_virus,0.999992847442627,1,1.1401748657226562,7.996326446533203,0.16561126708984375,9.304818153381348
dataset/test/Tomato_leaf_yellow_curl_virus/1342017-162221-44540_jpg.rf.f68314ea4850dade3a214dec71c83715_aug_81aug61.jpg,Tomato_leaf_yellow_curl_virus,Tomato_leaf_yellow_curl_virus,0.9999986886978149,1,1.1740636825561523,8.058770179748535,0.15596389770507812,9.391301155090332
dataset/test/Tomato_leaf_yellow_curl_virus/1342017-162221-44540_jpg.rf.f68314ea4850dade3a214dec71c83715_aug_82aug80.jpg,Tomato_leaf_yellow_curl_virus,Tomato_leaf_yellow_curl_virus,0.9999806880950928,1,1.132120132446289,7.833120346069336,0.16518592834472656,9.133039474487305
dataset/test/Tomato_leaf_yellow_curl_virus/1342017-162221-44540_jpg.rf.f68314ea4850dade3a214dec71c83715_aug_83aug70.jpg,Tomato_leaf_yellow_curl_virus,Tomato_leaf_yellow_curl_virus,0.9999856948852539,1,1.2607135772705078,7.834010124206543,0.16724205017089844,9.264799118041992
dataset/test/Tomato_leaf_yellow_curl_virus/1342017-162221-44540_jpg.rf.f68314ea4850dade3a214dec71c83715aug11.jpg,Tomato_leaf_yellow_curl_virus,Tomato_leaf_yellow_curl_virus,0.9999823570251465,1,1.1851205825805664,7.878528594970703,0.16592693328857422,9.232261657714844
dataset/test/Tomato_leaf_yellow_curl_virus/8226402877_9abf151b5b_b_jpg.rf.a2dff27e03c5ab47916df5d873c1590f_aug_70aug66.jpg,Tomato_leaf_yellow_curl_virus,Tomato_leaf_yellow_curl_virus,0.9999983310699463,1,1.1070842742919922,8.103882789611816,0.1650381088256836,9.37868881225586
dataset/test/Tomato_leaf_yellow_curl_virus/8226402877_9abf151b5b_b_jpg.rf.a2dff27e03c5ab47916df5d873c1590f_aug_71aug69.jpg,Tomato_leaf_yellow_curl_virus,Tomato_leaf_yellow_curl_virus,0.9999780654907227,1,1.1060657501220703,8.002197265625,0.1652240753173828,9.276151657104492
dataset/test/Tomato_leaf_yellow_curl_virus/8226402877_9abf151b5b_b_jpg.rf.a2dff27e03c5ab47916df5d873c1590f_aug_72aug73.jpg,Tomato_leaf_yellow_curl_virus,Tomato_leaf_yellow_curl_virus,0.9998014569282532,1,1.1474733352661133,8.089438438415527,0.16809463500976562,9.40815258026123
dataset/test/Tomato_leaf_yellow_curl_virus/8226402877_9abf151b5b_b_jpg.rf.a2dff27e03c5ab47916df5d873c1590f_aug_73aug54.jpg,Tomato_leaf_yellow_curl_virus,Tomato_leaf_yellow_curl_virus,0.9998323917388916,1,1.1095457077026367,8.046308517456055,0.16674232482910156,9.325336456298828
dataset/test/Tomato_leaf_yellow_curl_virus/8226402877_9abf151b5b_b_jpg.rf.a2dff27e03c5ab47916df5d873c1590f_aug_74aug76.jpg,Tomato_leaf_yellow_curl_virus,Tomato_leaf_yellow_curl_virus,0.9999986886978149,1,1.1282873153686523,8.096327781677246,0.16718769073486328,9.39461612701416
dataset/test/Tomato_leaf_yellow_curl_virus/8226402877_9abf151b5b_b_jpg.rf.a2dff27e03c5ab47916df5d873c1590f_aug_75aug74.jpg,Tomato_leaf_yellow_curl_virus,Tomato_leaf_yellow_curl_virus,0.9999995231628418,1,1.1607694625854492,8.20634651184082,0.16724205017089844,9.537449836730957
dataset/test/Tomato_leaf_yellow_curl_virus/8226402877_9abf151b5b_b_jpg.rf.a2dff27e03c5ab47916df5d873c1590f_aug_76aug65.jpg,Tomato_leaf_yellow_curl_virus,Tomato_leaf_yellow_curl_virus,0.9998565912246704,1,1.1261568069458008,8.14134693145752,0.1690378189086914,9.439247131347656
dataset/test/Tomato_leaf_yellow_curl_virus/8226402877_9abf151b5b_b_jpg.rf.a2dff27e03c5ab47916df5d873c1590faug10.jpg,Tomato_leaf_yellow_curl_virus,Tomato_leaf_yellow_curl_virus,0.9998846054077148,1,1.1189355850219727,7.952733039855957,0.16724205017089844,9.241984367370605
dataset/test/Tomato_leaf_yellow_curl_virus/DSC01999-JPG_jpg.rf.700fa6596ab8750ad0f1c47a0defe191_aug_84aug53.jpg,Tomato_leaf_yellow_curl_virus,Tomato_leaf_yellow_curl_virus,0.9999910593032837,1,1.3481950759887695,8.024215698242188,0.166168212890625,9.541431427001953
dataset/test/Tomato_leaf_yellow_curl_virus/DSC01999-JPG_jpg.rf.700fa6596ab8750ad0f1c47a0defe191_aug_85aug82.jpg,Tomato_leaf_yellow_curl_virus,Tomato_leaf_yellow_curl_virus,0.9999995231628418,1,1.2059173583984375,8.08773422241211,0.17009449005126953,9.466338157653809
dataset/test/Tomato_leaf_yellow_curl_virus/DSC01999-JPG_jpg.rf.700fa6596ab8750ad0f1c47a0defe191_aug_86aug71.jpg,Tomato_leaf_yellow_curl_virus,Tomato_leaf_yellow_curl_virus,1.0,1,1.1671943664550781,8.175400733947754,0.16792678833007812,9.513190269470215
dataset/test/Tomato_leaf_yellow_curl_virus/DSC01999-JPG_jpg.rf.700fa6596ab8750ad0f1c47a0defe191_aug_87aug78.jpg,Tomato_leaf_yellow_curl_virus,Tomato_leaf_yellow_curl_virus,0.9999996423721313,1,1.1996021270751953,8.142178535461426,0.16900062561035156,9.513487815856934
dataset/test/Tomato_leaf_yellow_curl_virus/DSC01999-JPG_jpg.rf.700fa6596ab8750ad0f1c47a0defe191_aug_88aug51.jpg,Tomato_leaf_yellow_curl_virus,Tomato_leaf_yellow_curl_virus,0.9999997615814209,1,1.1716394424438477,8.239753723144531,0.1827230453491211,9.59708023071289
dataset/test/Tomato_leaf_yellow_curl_virus/DSC01999-JPG_jpg.rf.700fa6596ab8750ad0f1c47a0defe191_aug_89aug63.jpg,Tomato_leaf_yellow_curl_virus,Tomato_leaf_yellow_curl_virus,0.9999998807907104,1,1.1859540939331055,8.206512451171875,0.16507625579833984,9.560060501098633
dataset/test/Tomato_leaf_yellow_curl_virus/DSC01999-JPG_jpg.rf.700fa6596ab8750ad0f1c47a0defe191_aug_90aug85.jpg,Tomato_leaf_yellow_curl_virus,Tomato_leaf_yellow_curl_virus,0.9999977350234985,1,1.2115106582641602,8.267107009887695,0.1685199737548828,9.649858474731445
dataset/test/Tomato_leaf_yellow_curl_virus/DSC01999-JPG_jpg.rf.700fa6596ab8750ad0f1c47a0defe191aug12.jpg,Tomato_leaf_yellow_curl_virus,Tomato_leaf_yellow_curl_virus,0.9999997615814209,1,1.151214599609375,8.007550239562988,0.16544723510742188,9.326911926269531
dataset/test/Tomato_leaf_yellow_curl_virus/DSC01999.JPG_aug_63aug68.jpg,Tomato_leaf_yellow_curl_virus,Tomato_leaf_yellow_curl_virus,0.9888018369674683,1,1.2168245315551758,7.959048271179199,0.16527843475341797,9.343559265136719
dataset/test/Tomato_leaf_yellow_curl_virus/DSC01999.JPG_aug_64aug72.jpg,Tomato_leaf_yellow_curl_virus,Tomato_leaf_yellow_curl_virus,0.9986623525619507,1,1.1419544219970703,7.860138893127441,0.16340923309326172,9.167984008789062
dataset/test/Tomato_leaf_yellow_curl_virus/DSC01999.JPG_aug_65aug75.jpg,Tomato_leaf_yellow_curl_virus,Tomato_leaf_yellow_curl_virus,0.6338092684745789,1,1.1783246994018555,7.901325225830078,0.16402053833007812,9.246132850646973
dataset/test/Tomato_leaf_yellow_curl_virus/DSC01999.JPG_aug_66aug58.jpg,Tomato_leaf_yellow_curl_virus,Tomato_leaf_yellow_curl_virus,0.8013518452644348,1,1.2136964797973633,7.67548942565918,0.31009674072265625,9.202225685119629
dataset/test/Tomato_leaf_yellow_curl_virus/DSC01999.JPG_aug_67aug83.jpg,Tomato_leaf_yellow_curl_virus,Tomato_leaf_yellow_curl_virus,0.9995958209037781,1,1.0981578826904297,7.733397483825684,0.16318607330322266,8.997185707092285
dataset/test/Tomato_leaf_yellow_curl_virus/DSC01999.JPG_aug_68aug79.jpg,Tomato_leaf_yellow_curl_virus,Tomato_leaf_yellow_curl_virus,0.9510042667388916,1,1.288473129272461,7.694972038269043,0.16794681549072266,9.153799057006836
dataset/test/Tomato_leaf_yellow_curl_virus/DSC01999.JPG_aug_69aug62.jpg,Tomato_leaf_yellow_curl_virus,Tomato_leaf_yellow_curl_virus,0.9990172386169434,1,1.1542491912841797,7.851250648498535,0.16518688201904297,9.173502922058105
dataset/test/Tomato_leaf_yellow_curl_virus/DSC01999.JPGaug9.jpg,Tomato_leaf_yellow_curl_virus,Tomato_leaf_yellow_curl_virus,0.9427322745323181,1,1.2101964950561523,7.952363014221191,0.16602039337158203,9.331466674804688
dataset/test/Tomato_leaf_yellow_curl_virus/IMG_20251102_155103aug15.jpg,Tomato_leaf_yellow_curl_virus,Tomato_leaf_late_blight,0.8863651156425476,0,1.0683050155639648,7.885065078735352,0.16550064086914062,9.121612548828125
dataset/test/Tomato_leaf_yellow_curl_virus/IMG_20251102_160455_aug_42aug104.jpg,Tomato_leaf_yellow_curl_virus,Tomato_leaf_yellow_curl_virus,0.9964726567268372,1,1.0730276107788086,7.937363624572754,0.16185379028320312,9.174742698669434
dataset/test/Tomato_leaf_yellow_curl_virus/IMG_20251102_160455_aug_43aug111.jpg,Tomato_leaf_yellow_curl_virus,Tomato_leaf_yellow_curl_virus,0.9672104120254517,1,1.109675407409668,8.017511367797852,0.1514453887939453,9.281207084655762
dataset/test/Tomato_leaf_yellow_curl_virus/IMG_20251102_160455_aug_44aug112.jpg,Tomato_leaf_yellow_curl_virus,Tomato_leaf_yellow_curl_virus,0.7923407554626465,1,1.0504541397094727,7.855583190917969,0.1659097671508789,9.074334144592285
dataset/test/Tomato_leaf_yellow_curl_virus/IMG_20251102_160455_aug_45aug108.jpg,Tomato_leaf_yellow_curl_virus,Tomato_leaf_yellow_curl_virus,0.9283528923988342,1,1.1924734115600586,7.9928436279296875,0.16731643676757812,9.35576343536377
dataset/test/Tomato_leaf_yellow_curl_virus/IMG_20251102_160455_aug_46aug110.jpg,Tomato_leaf_yellow_curl_virus,Tomato_leaf_yellow_curl_virus,0.8411784172058105,1,1.1170272827148438,7.979622840881348,0.1661672592163086,9.265707015991211
dataset/test/Tomato_leaf_yellow_curl_virus/IMG_20251102_160455_aug_47aug98.jpg,Tomato_leaf_yellow_curl_virus,Tomato_leaf_yellow_curl_virus,0.8928959965705872,1,1.0863418579101562,8.071308135986328,0.16646480560302734,9.326799392700195
dataset/test/Tomato_leaf_yellow_curl_virus/IMG_20251102_160455_aug_48aug105.jpg,Tomato_leaf_yellow_curl_virus,Tomato_leaf_yellow_curl_virus,0.882638692855835,1,1.0786943435668945,7.978621482849121,0.16585350036621094,9.225632667541504
dataset/test/Tomato_leaf_yellow_curl_virus/IMG_20251102_160455aug6.jpg,Tomato_leaf_yellow_curl_virus,Tomato_leaf_yellow_curl_virus,0.9867011904716492,1,1.1321210861206055,8.034177780151367,0.16740894317626953,9.336132049560547
dataset/test/Tomato_leaf_yellow_curl_virus/IMG_20251102_160553_aug_35aug49.jpg,Tomato_leaf_yellow_curl_virus,Tomato_leaf_yellow_curl_virus,0.9933289289474487,1,1.1790475845336914,8.152883529663086,0.16602039337158203,9.500524520874023
dataset/test/Tomato_leaf_yellow_curl_virus/IMG_20251102_160553_aug_36aug113.jpg,Tomato_leaf_yellow_curl_virus,Tomato_leaf_yellow_curl_virus,0.9964591860771179,1,1.1828069686889648,8.063010215759277,0.16524219512939453,9.413726806640625
dataset/test/Tomato_leaf_yellow_curl_virus/IMG_20251102_160553_aug_37aug114.jpg,Tomato_leaf_yellow_curl_virus,Tomato_leaf_yellow_curl_virus,0.9757639765739441,1,1.1492319107055664,8.043716430664062,0.1647043228149414,9.360264778137207
dataset/test/Tomato_leaf_yellow_curl_virus/IMG_20251102_160553_aug_38aug101.jpg,Tomato_leaf_yellow_curl_virus,Tomato_leaf_yellow_curl_virus,0.9956647753715515,1,1.1282129287719727,8.060770988464355,0.1667613983154297,9.358781814575195
dataset/test/Tomato_leaf_yellow_curl_virus/IMG_20251102_160553_aug_39aug118.jpg,Tomato_leaf_yellow_curl_virus,Tomato_leaf_yellow_curl_virus,0.9839387536048889,1,1.1201200485229492,8.07565975189209,0.16459369659423828,9.363245010375977
dataset/test/Tomato_leaf_yellow_curl_virus/IMG_20251102_160553_aug_40aug19.jpg,Tomato_leaf_yellow_curl_virus,Tomato_leaf_yellow_curl_virus,0.9875544905662537,1,1.1825847625732422,8.183141708374023,0.1533336639404297,9.521431922912598
dataset/test/Tomato_leaf_yellow_curl_virus/IMG_20251102_160553_aug_41aug119.jpg,Tomato_leaf_yellow_curl_virus,Tomato_leaf_yellow_curl_virus,0.9956703186035156,1,1.1071758270263672,8.926610946655273,0.15444469451904297,10.19058609008789
dataset/test/Tomato_leaf_yellow_curl_virus/IMG_20251102_160553aug5.jpg,Tomato_leaf_yellow_curl_virus,Tomato_leaf_yellow_curl_virus,0.9903327822685242,1,1.2067136764526367,7.978324890136719,0.16800212860107422,9.355504035949707
dataset/test/Tomato_leaf_yellow_curl_virus/TYLCV-tomate-DB-445-171_jpg.rf.9d70326900dd981ab5d49063b0d644f0_aug_21aug41.jpg,Tomato_leaf_yellow_curl_virus,Tomato_leaf_yellow_curl_virus,0.9999544620513916,1,1.229177474975586,8.099197387695312,0.1671123504638672,9.498337745666504
dataset/test/Tomato_leaf_yellow_curl_virus/TYLCV-tomate-DB-445-171_jpg.rf.9d70326900dd981ab5d49063b0d644f0_aug_22aug30.jpg,Tomato_leaf_yellow_curl_virus,Tomato_leaf_yellow_curl_virus,0.9999593496322632,1,1.2576408386230469,8.7128324508667,0.16676044464111328,10.139955520629883
dataset/test/Tomato_leaf_yellow_curl_virus/TYLCV-tomate-DB-445-171_jpg.rf.9d70326900dd981ab5d49063b0d644f0_aug_23aug42.jpg,Tomato_leaf_yellow_curl_virus,Tomato_leaf_yellow_curl_virus,0.9999456405639648,1,1.2310657501220703,8.357866287231445,0.16831588745117188,9.759932518005371
dataset/test/Tomato_leaf_yellow_curl_virus/TYLCV-tomate-DB-445-171_jpg.rf.9d70326900dd981ab5d49063b0d644f0_aug_24aug45.jpg,Tomato_leaf_yellow_curl_virus,Tomato_leaf_yellow_curl_virus,0.9999767541885376,1,1.1281566619873047,19.521421432495117,0.17268657684326172,20.825469970703125
dataset/test/Tomato_leaf_yellow_curl_virus/TYLCV-tomate-DB-445-171_jpg.rf.9d70326900dd981ab5d49063b0d644f0_aug_25aug20.jpg,Tomato_leaf_yellow_curl_virus,Tomato_leaf_yellow_curl_virus,0.9999814033508301,1,1.3117704391479492,13.71428108215332,0.16933345794677734,15.198293685913086
dataset/test/Tomato_leaf_yellow_curl_virus/TYLCV-tomate-DB-445-171_jpg.rf.9d70326900dd981ab5d49063b0d644f0_aug_26aug18.jpg,Tomato_leaf_yellow_curl_virus,Tomato_leaf_yellow_curl_virus,0.9999947547912598,1,1.1376018524169922,8.461589813232422,0.1650371551513672,9.766526222229004
dataset/test/Tomato_leaf_yellow_curl_virus/TYLCV-tomate-DB-445-171_jpg.rf.9d70326900dd981ab5d49063b0d644f0_aug_27aug29.jpg,Tomato_leaf_yellow_curl_virus,Tomato_leaf_yellow_curl_virus,0.9999709129333496,1,1.1569347381591797,8.214791297912598,0.1654825210571289,9.539968490600586
dataset/test/Tomato_leaf_yellow_curl_virus/TYLCV-tomate-DB-445-171_jpg.rf.9d70326900dd981ab5d49063b0d644f0aug3.jpg,Tomato_leaf_yellow_curl_virus,Tomato_leaf_yellow_curl_virus,0.999974250793457,1,1.1258621215820312,8.254087448120117,0.165130615234375,9.547412872314453
dataset/test/Tomato_leaf_yellow_curl_virus/TYLCV4_jpg.rf.2e4accea501a220be9dc475dd1ca3121_aug_10aug22.jpg,Tomato_leaf_yellow_curl_virus,Tomato_leaf_yellow_curl_virus,1.0,1,1.1395835876464844,8.522109031677246,0.1666126251220703,9.83143424987793
dataset/test/Tomato_leaf_yellow_curl_virus/TYLCV4_jpg.rf.2e4accea501a220be9dc475dd1ca3121_aug_11aug44.jpg,Tomato_leaf_yellow_curl_virus,Tomato_leaf_yellow_curl_virus,0.9999884366989136,1,1.1049537658691406,8.244105339050293,0.1605377197265625,9.512116432189941
dataset/test/Tomato_leaf_yellow_curl_virus/TYLCV4_jpg.rf.2e4accea501a220be9dc475dd1ca3121_aug_12aug39.jpg,Tomato_leaf_yellow_curl_virus,Tomato_leaf_yellow_curl_virus,1.0,1,1.0889348983764648,7.684416770935059,0.16389083862304688,8.940001487731934
dataset/test/Tomato_leaf_yellow_curl_virus/TYLCV4_jpg.rf.2e4accea501a220be9dc475dd1ca3121_aug_13aug35.jpg,Tomato_leaf_yellow_curl_virus,Tomato_leaf_yellow_curl_virus,0.9999998807907104,1,1.2335090637207031,7.875657081604004,0.16329669952392578,9.275337219238281
dataset/test/Tomato_leaf_yellow_curl_virus/TYLCV4_jpg.rf.2e4accea501a220be9dc475dd1ca3121_aug_7aug40.jpg,Tomato_leaf_yellow_curl_virus,Tomato_leaf_yellow_curl_virus,1.0,1,1.0896577835083008,7.871306419372559,0.17222309112548828,9.13602066040039
dataset/test/Tomato_leaf_yellow_curl_virus/TYLCV4_jpg.rf.2e4accea501a220be9dc475dd1ca3121_aug_8aug33.jpg,Tomato_leaf_yellow_curl_virus,Tomato_leaf_yellow_curl_virus,0.9999997615814209,1,1.0989351272583008,7.945232391357422,0.1640758514404297,9.211614608764648
dataset/test/Tomato_leaf_yellow_curl_virus/TYLCV4_jpg.rf.2e4accea501a220be9dc475dd1ca3121_aug_9aug48.jpg,Tomato_leaf_yellow_curl_virus,Tomato_leaf_yellow_curl_virus,0.9999997615814209,1,1.1367311477661133,7.901157379150391,0.2030200958251953,9.243910789489746
dataset/test/Tomato_leaf_yellow_curl_virus/TYLCV4_jpg.rf.2e4accea501a220be9dc475dd1ca3121aug1.jpg,Tomato_leaf_yellow_curl_virus,Tomato_leaf_yellow_curl_virus,0.9999973773956299,1,1.0868606567382812,7.890008926391602,0.163482666015625,9.142853736877441
dataset/test/Tomato_leaf_yellow_curl_virus/art_15017325188173_a24a66_aug_14aug36.jpg,Tomato_leaf_yellow_curl_virus,Tomato_leaf_yellow_curl_virus,0.999990701675415,1,1.1163063049316406,7.8764543533325195,0.16490936279296875,9.1604642868042
dataset/test/Tomato_leaf_yellow_curl_virus/art_15017325188173_a24a66_aug_15aug23.jpg,Tomato_leaf_yellow_curl_virus,Tomato_leaf_yellow_curl_virus,0.9998886585235596,1,1.138657569885254,7.749065399169922,0.16427898406982422,9.054352760314941
dataset/test/Tomato_leaf_yellow_curl_virus/art_15017325188173_a24a66_aug_16aug34.jpg,Tomato_leaf_yellow_curl_virus,Tomato_leaf_yellow_curl_virus,0.9999945163726807,1,1.2724552154541016,7.774749755859375,0.1911306381225586,9.240706443786621
dataset/test/Tomato_leaf_yellow_curl_virus/art_15017325188173_a24a66_aug_17aug43.jpg,Tomato_leaf_yellow_curl_virus,Tomato_leaf_yellow_curl_virus,0.9999829530715942,1,1.1692123413085938,7.9855852127075195,0.16389083862304688,9.321502685546875
dataset/test/Tomato_leaf_yellow_curl_virus/art_15017325188173_a24a66_aug_18aug47.jpg,Tomato_leaf_yellow_curl_virus,Tomato_leaf_yellow_curl_virus,0.9998791217803955,1,1.1606950759887695,7.927621841430664,0.1631317138671875,9.254651069641113
dataset/test/Tomato_leaf_yellow_curl_virus/art_15017325188173_a24a66_aug_19aug25.jpg,Tomato_leaf_yellow_curl_virus,Tomato_leaf_yellow_curl_virus,0.9985918402671814,1,1.2622699737548828,8.028566360473633,0.16935348510742188,9.463208198547363
dataset/test/Tomato_leaf_yellow_curl_virus/art_15017325188173_a24a66_aug_20aug46.jpg,Tomato_leaf_yellow_curl_virus,Tomato_leaf_yellow_curl_virus,0.9999946355819702,1,1.2686586380004883,7.963233947753906,0.16422271728515625,9.399226188659668
dataset/test/Tomato_leaf_yellow_curl_virus/art_15017325188173_a24a66aug2.jpg,Tomato_leaf_yellow_curl_virus,Tomato_leaf_yellow_curl_virus,0.9999513626098633,1,1.154658317565918,8.282995223999023,0.16242694854736328,9.60302448272705
dataset/test/Tomato_leaf_yellow_curl_virus/psyllid-yellows_jpg.rf.1d99aab2f43a840be530ce313eb0c0fd_aug_56aug57.jpg,Tomato_leaf_yellow_curl_virus,Tomato_leaf_yellow_curl_virus,0.9998039603233337,1,1.151601791381836,7.915102958679199,0.16942691802978516,9.238446235656738
dataset/test/Tomato_leaf_yellow_curl_virus/psyllid-yellows_jpg.rf.1d99aab2f43a840be530ce313eb0c0fd_aug_57aug84.jpg,Tomato_leaf_yellow_curl_virus,Tomato_leaf_yellow_curl_virus,0.9999910593032837,1,1.1237306594848633,7.967900276184082,0.16731548309326172,9.262022018432617
dataset/test/Tomato_leaf_yellow_curl_virus/psyllid-yellows_jpg.rf.1d99aab2f43a840be530ce313eb0c0fd_aug_58aug52.jpg,Tomato_leaf_yellow_curl_virus,Tomato_leaf_yellow_curl_virus,0.9999910593032837,1,1.1148605346679688,8.002399444580078,0.16377830505371094,9.283891677856445
dataset/test/Tomato_leaf_yellow_curl_virus/psyllid-yellows_jpg.rf.1d99aab2f43a840be530ce313eb0c0fd_aug_59aug77.jpg,Tomato_leaf_yellow_curl_virus,Tomato_leaf_yellow_curl_virus,0.999992847442627,1,1.2016572952270508,8.019936561584473,0.16402149200439453,9.388392448425293
dataset/test/Tomato_leaf_yellow_curl_virus/psyllid-yellows_jpg.rf.1d99aab2f43a840be530ce313eb0c0fd_aug_60aug86.jpg,Tomato_leaf_yellow_curl_virus,Tomato_leaf_yellow_curl_virus,0.9999862909317017,1,1.1463613510131836,7.831991195678711,0.32311344146728516,9.304410934448242
dataset/test/Tomato_leaf_yellow_curl_virus/psyllid-yellows_jpg.rf.1d99aab2f43a840be530ce313eb0c0fd_aug_61aug59.jpg,Tomato_leaf_yellow_curl_virus,Tomato_leaf_yellow_curl_virus,0.9999983310699463,1,1.0881576538085938,7.884305953979492,0.16624164581298828,9.141297340393066
dataset/test/Tomato_leaf_yellow_curl_virus/psyllid-yellows_jpg.rf.1d99aab2f43a840be530ce313eb0c0fd_aug_62aug67.jpg,Tomato_leaf_yellow_curl_virus,Tomato_leaf_yellow_curl_virus,0.9999903440475464,1,1.282750129699707,7.841250419616699,0.16602039337158203,9.292929649353027
dataset/test/Tomato_leaf_yellow_curl_virus/psyllid-yellows_jpg.rf.1d99aab2f43a840be530ce313eb0c0fdaug8.jpg,Tomato_leaf_yellow_curl_virus,Tomato_leaf_yellow_curl_virus,0.9998069405555725,1,1.1309547424316406,7.996583938598633,0.1660757064819336,9.296391487121582
dataset/test/Tomato_leaf_yellow_curl_virus/tj5itxzunn3k_jpg.rf.4aeda27b2535578e718fe6279491d0d4_aug_49aug102.jpg,Tomato_leaf_yellow_curl_virus,Tomato_leaf_yellow_curl_virus,0.9999992847442627,1,1.0611019134521484,8.135604858398438,0.16672325134277344,9.36600399017334
dataset/test/Tomato_leaf_yellow_curl_virus/tj5itxzunn3k_jpg.rf.4aeda27b2535578e718fe6279491d0d4_aug_50aug109.jpg,Tomato_leaf_yellow_curl_virus,Tomato_leaf_yellow_curl_virus,0.9999992847442627,1,1.1081018447875977,8.026030540466309,0.16644573211669922,9.303260803222656
dataset/test/Tomato_leaf_yellow_curl_virus/tj5itxzunn3k_jpg.rf.4aeda27b2535578e718fe6279491d0d4_aug_51aug99.jpg,Tomato_leaf_yellow_curl_virus,Tomato_leaf_yellow_curl_virus,0.9999998807907104,1,1.0690460205078125,8.036066055297852,0.1644449234008789,9.27244758605957
dataset/test/Tomato_leaf_yellow_curl_virus/tj5itxzunn3k_jpg.rf.4aeda27b2535578e718fe6279491d0d4_aug_52aug103.jpg,Tomato_leaf_yellow_curl_virus,Tomato_leaf_yellow_curl_virus,0.9999997615814209,1,1.0725269317626953,8.020493507385254,0.16605758666992188,9.261631965637207
dataset/test/Tomato_leaf_yellow_curl_virus/tj5itxzunn3k_jpg.rf.4aeda27b2535578e718fe6279491d0d4_aug_53aug100.jpg,Tomato_leaf_yellow_curl_virus,Tomato_leaf_yellow_curl_virus,0.9999995231628418,1,1.1131372451782227,8.08528995513916,0.16583538055419922,9.366595268249512
dataset/test/Tomato_leaf_yellow_curl_virus/tj5itxzunn3k_jpg.rf.4aeda27b2535578e718fe6279491d0d4_aug_54aug106.jpg,Tomato_leaf_yellow_curl_virus,Tomato_leaf_yellow_curl_virus,1.0,1,1.0756750106811523,7.96925163269043,0.16368579864501953,9.211409568786621
dataset/test/Tomato_leaf_yellow_curl_virus/tj5itxzunn3k_jpg.rf.4aeda27b2535578e718fe6279491d0d4_aug_55aug107.jpg,Tomato_leaf_yellow_curl_virus,Tomato_leaf_yellow_curl_virus,0.9999983310699463,1,1.0510644912719727,7.868880271911621,0.15894508361816406,9.08151912689209
dataset/test/Tomato_leaf_yellow_curl_virus/tj5itxzunn3k_jpg.rf.4aeda27b2535578e718fe6279491d0d4aug7.jpg,Tomato_leaf_yellow_curl_virus,Tomato_leaf_yellow_curl_virus,0.9999994039535522,1,1.0952301025390625,7.727286338806152,0.2059650421142578,9.031279563903809
dataset/test/Tomato_leaf_yellow_curl_virus/tomato-yellow-closeup-3_aug_28aug16.jpg,Tomato_leaf_yellow_curl_virus,Tomato_Septoria_leaf_spot,0.9726879596710205,0,1.2080278396606445,7.815619468688965,0.16292667388916016,9.18903923034668
dataset/test/Tomato_leaf_yellow_curl_virus/tomato-yellow-closeup-3_aug_29aug27.jpg,Tomato_leaf_yellow_curl_virus,Tomato_leaf_yellow_curl_virus,0.6899453401565552,1,1.1276016235351562,8.208364486694336,0.16276073455810547,9.501060485839844
dataset/test/Tomato_leaf_yellow_curl_virus/tomato-yellow-closeup-3_aug_30aug117.jpg,Tomato_leaf_yellow_curl_virus,Tomato_Septoria_leaf_spot,0.8366484642028809,0,1.1066570281982422,7.87132453918457,0.16483497619628906,9.14576244354248
dataset/test/Tomato_leaf_yellow_curl_virus/tomato-yellow-closeup-3_aug_31aug31.jpg,Tomato_leaf_yellow_curl_virus,Tomato_Septoria_leaf_spot,0.7535496354103088,0,1.1604728698730469,7.954157829284668,0.1630573272705078,9.280133247375488
dataset/test/Tomato_leaf_yellow_curl_virus/tomato-yellow-closeup-3_aug_32aug115.jpg,Tomato_leaf_yellow_curl_virus,Tomato_leaf_yellow_curl_virus,0.8656701445579529,1,1.1183786392211914,7.854213714599609,0.16476058959960938,9.140206336975098
dataset/test/Tomato_leaf_yellow_curl_virus/tomato-yellow-closeup-3_aug_33aug116.jpg,Tomato_leaf_yellow_curl_virus,Tomato_leaf_yellow_curl_virus,0.7476669549942017,1,1.1156578063964844,8.060381889343262,0.16959381103515625,9.348652839660645
dataset/test/Tomato_leaf_yellow_curl_virus/tomato-yellow-closeup-3_aug_34aug26.jpg,Tomato_leaf_yellow_curl_virus,Tomato_leaf_yellow_curl_virus,0.7540449500083923,1,1.1373262405395508,7.897991180419922,0.15616798400878906,9.193724632263184
dataset/test/Tomato_leaf_yellow_curl_virus/tomato-yellow-closeup-3aug4.jpg,Tomato_leaf_yellow_curl_virus,Tomato_leaf_yellow_curl_virus,0.6105144023895264,1,1.0856752395629883,7.8091936111450195,0.16742706298828125,9.064871788024902
dataset/test/Tomato_leaf_yellow_curl_virus/tomato-yellow-leaf-curl-virus-tomato-1_aug_100aug92.jpg,Tomato_leaf_yellow_curl_virus,Tomato_leaf_yellow_curl_virus,0.9998586177825928,1,1.2512693405151367,7.781306266784668,0.1680746078491211,9.203651428222656
dataset/test/Tomato_leaf_yellow_curl_virus/tomato-yellow-leaf-curl-virus-tomato-1_aug_101aug95.jpg,Tomato_leaf_yellow_curl_virus,Tomato_leaf_yellow_curl_virus,0.9827372431755066,1,1.187138557434082,8.012955665588379,0.16733551025390625,9.369967460632324
dataset/test/Tomato_leaf_yellow_curl_virus/tomato-yellow-leaf-curl-virus-tomato-1_aug_102aug88.jpg,Tomato_leaf_yellow_curl_virus,Tomato_leaf_yellow_curl_virus,0.9991335272789001,1,1.1296195983886719,8.028678894042969,0.16568660736083984,9.326725959777832
dataset/test/Tomato_leaf_yellow_curl_virus/tomato-yellow-leaf-curl-virus-tomato-1_aug_103aug93.jpg,Tomato_leaf_yellow_curl_virus,Tomato_leaf_yellow_curl_virus,0.9806122183799744,1,1.1531028747558594,8.05358600616455,0.1686849594116211,9.378077507019043
dataset/test/Tomato_leaf_yellow_curl_virus/tomato-yellow-leaf-curl-virus-tomato-1_aug_98aug91.jpg,Tomato_leaf_yellow_curl_virus,Tomato_leaf_yellow_curl_virus,0.9830508828163147,1,1.173379898071289,7.979530334472656,0.16468524932861328,9.320188522338867
dataset/test/Tomato_leaf_yellow_curl_virus/tomato-yellow-leaf-curl-virus-tomato-1_aug_99aug90.jpg,Tomato_leaf_yellow_curl_virus,Tomato_leaf_yellow_curl_virus,0.9785163998603821,1,1.136453628540039,8.058290481567383,0.16577816009521484,9.363059043884277
dataset/test/Tomato_leaf_yellow_curl_virus/tomato-yellow-leaf-curl-virus-tomato-1aug14.jpg,Tomato_leaf_yellow_curl_virus,Tomato_leaf_yellow_curl_virus,0.9972720742225647,1,1.1332311630249023,7.970362663269043,0.16896438598632812,9.275114059448242
dataset/test/Tomato_leaf_yellow_curl_virus/tomatoyellowleafcurlcropped_aug_91aug55.jpg,Tomato_leaf_yellow_curl_virus,Tomato_leaf_yellow_curl_virus,0.9997791647911072,1,1.160639762878418,8.118030548095703,0.1642608642578125,9.4456148147583
dataset/test/Tomato_leaf_yellow_curl_virus/tomatoyellowleafcurlcropped_aug_92aug89.jpg,Tomato_leaf_yellow_curl_virus,Tomato_leaf_yellow_curl_virus,0.9999744892120361,1,1.1774358749389648,8.056493759155273,0.16707515716552734,9.404004096984863
dataset/test/Tomato_leaf_yellow_curl_virus/tomatoyellowleafcurlcropped_aug_93aug97.jpg,Tomato_leaf_yellow_curl_virus,Tomato_leaf_yellow_curl_virus,0.999997615814209,1,1.1192302703857422,8.068400382995605,0.1693706512451172,9.359447479248047
dataset/test/Tomato_leaf_yellow_curl_virus/tomatoyellowleafcurlcropped_aug_94aug50.jpg,Tomato_leaf_yellow_curl_virus,Tomato_leaf_yellow_curl_virus,0.9977195858955383,1,1.176675796508789,7.832250595092773,0.16620445251464844,9.177762031555176
dataset/test/Tomato_leaf_yellow_curl_virus/tomatoyellowleafcurlcropped_aug_95aug87.jpg,Tomato_leaf_yellow_curl_virus,Tomato_leaf_yellow_curl_virus,0.9998687505722046,1,1.2168254852294922,8.676386833190918,0.16533470153808594,10.06119441986084
dataset/test/Tomato_leaf_yellow_curl_virus/tomatoyellowleafcurlcropped_aug_96aug96.jpg,Tomato_leaf_yellow_curl_virus,Tomato_leaf_yellow_curl_virus,0.9999964237213135,1,1.2319555282592773,7.946231842041016,0.20364952087402344,9.384541511535645
dataset/test/Tomato_leaf_yellow_curl_virus/tomatoyellowleafcurlcropped_aug_97aug94.jpg,Tomato_leaf_yellow_curl_virus,Tomato_leaf_yellow_curl_virus,0.999919056892395,1,1.2162322998046875,7.747954368591309,0.1650371551513672,9.132057189941406
dataset/test/Tomato_leaf_yellow_curl_virus/tomatoyellowleafcurlcroppedaug13.jpg,Tomato_leaf_yellow_curl_virus,Tomato_leaf_yellow_curl_virus,0.9999969005584717,1,1.0878791809082031,7.859101295471191,0.16402053833007812,9.11316967010498
dataset/test/Tomato_leaf_yellow_curl_virus/virus1_aug_0aug37.jpg,Tomato_leaf_yellow_curl_virus,Tomato_leaf_yellow_curl_virus,0.9999879598617554,1,1.0801944732666016,8.01917839050293,0.1638174057006836,9.265854835510254
dataset/test/Tomato_leaf_yellow_curl_virus/virus1_aug_1aug21.jpg,Tomato_leaf_yellow_curl_virus,Tomato_leaf_yellow_curl_virus,0.9999796152114868,1,1.1073617935180664,7.853750228881836,0.1627044677734375,9.126335144042969
dataset/test/Tomato_leaf_yellow_curl_virus/virus1_aug_2aug24.jpg,Tomato_leaf_yellow_curl_virus,Tomato_leaf_yellow_curl_virus,0.9999901056289673,1,1.0766382217407227,7.914640426635742,0.1628732681274414,9.156705856323242
dataset/test/Tomato_leaf_yellow_curl_virus/virus1_aug_3aug17.jpg,Tomato_leaf_yellow_curl_virus,Tomato_leaf_yellow_curl_virus,0.9999905824661255,1,1.0722312927246094,7.748156547546387,0.16437244415283203,8.987481117248535
dataset/test/Tomato_leaf_yellow_curl_virus/virus1_aug_4aug28.jpg,Tomato_leaf_yellow_curl_virus,Tomato_leaf_yellow_curl_virus,0.9999752044677734,1,1.2084732055664062,7.677712440490723,0.20703887939453125,9.096741676330566
dataset/test/Tomato_leaf_yellow_curl_virus/virus1_aug_5aug32.jpg,Tomato_leaf_yellow_curl_virus,Tomato_leaf_yellow_curl_virus,0.9999905824661255,1,1.0817508697509766,7.916991233825684,0.16301918029785156,9.164373397827148
dataset/test/Tomato_leaf_yellow_curl_virus/virus1_aug_6aug38.jpg,Tomato_leaf_yellow_curl_virus,Tomato_leaf_yellow_curl_virus,0.9902377724647522,1,1.0777130126953125,8.017437934875488,0.16501998901367188,9.26296615600586
dataset/test/Tomato_leaf_yellow_curl_virus/virus1aug0.jpg,Tomato_leaf_yellow_curl_virus,Tomato_leaf_yellow_curl_virus,0.9999889135360718,1,1.095139503479004,8.033882141113281,0.16420555114746094,9.295781135559082
dataset/test/Tomato_mold_leaf/IMG-20240724-WA0020_aug_68aug87.jpg,Tomato_mold_leaf,Tomato_mold_leaf,0.977216362953186,1,1.175436019897461,8.05177116394043,0.1665945053100586,9.396467208862305
dataset/test/Tomato_mold_leaf/IMG-20240724-WA0020_aug_69aug97.jpg,Tomato_mold_leaf,Tomato_mold_leaf,0.9904582500457764,1,1.1219358444213867,7.9989166259765625,0.16670513153076172,9.290596008300781
dataset/test/Tomato_mold_leaf/IMG-20240724-WA0020_aug_70aug82.jpg,Tomato_mold_leaf,Tomato_mold_leaf,0.9991573095321655,1,1.1517133712768555,8.026400566101074,0.16627979278564453,9.347040176391602
dataset/test/Tomato_mold_leaf/IMG-20240724-WA0020_aug_71aug98.jpg,Tomato_mold_leaf,Tomato_mold_leaf,0.987321138381958,1,1.1640090942382812,8.01443862915039,0.16611289978027344,9.347097396850586
dataset/test/Tomato_mold_leaf/IMG-20240724-WA0020aug17.jpg,Tomato_mold_leaf,Tomato_mold_leaf,0.9774532318115234,1,1.1325836181640625,8.084419250488281,0.1619091033935547,9.38154125213623
dataset/test/Tomato_mold_leaf/IMG-20240724-WA0044_aug_10aug44.jpg,Tomato_mold_leaf,Tomato_mold_leaf,0.9927122592926025,1,1.1093425750732422,7.794528007507324,0.16603851318359375,9.072408676147461
dataset/test/Tomato_mold_leaf/IMG-20240724-WA0044_aug_11aug49.jpg,Tomato_mold_leaf,Tomato_mold_leaf,0.992116391658783,1,1.263880729675293,7.926029205322266,0.16551971435546875,9.35761547088623
dataset/test/Tomato_mold_leaf/IMG-20240724-WA0044_aug_8aug35.jpg,Tomato_mold_leaf,Tomato_mold_leaf,0.9653698205947876,1,1.2535467147827148,8.015399932861328,0.16559410095214844,9.437191009521484
dataset/test/Tomato_mold_leaf/IMG-20240724-WA0044_aug_9aug41.jpg,Tomato_mold_leaf,Tomato_mold_leaf,0.8332398533821106,1,1.1317319869995117,8.091864585876465,0.1648540496826172,9.390799522399902
dataset/test/Tomato_mold_leaf/IMG-20240724-WA0044aug2.jpg,Tomato_mold_leaf,Tomato_mold_leaf,0.7970026135444641,1,1.141343116760254,8.094640731811523,0.167205810546875,9.405672073364258
dataset/test/Tomato_mold_leaf/IMG-20240724-WA0055_aug_28aug27.jpg,Tomato_mold_leaf,Tomato_mold_leaf,0.9998792409896851,1,1.1463241577148438,8.208845138549805,0.16803741455078125,9.525598526000977
dataset/test/Tomato_mold_leaf/IMG-20240724-WA0055_aug_29aug28.jpg,Tomato_mold_leaf,Tomato_mold_leaf,0.999966025352478,1,1.1649179458618164,8.145976066589355,0.16618633270263672,9.479541778564453
dataset/test/Tomato_mold_leaf/IMG-20240724-WA0055_aug_30aug43.jpg,Tomato_mold_leaf,Tomato_mold_leaf,0.9999920129776001,1,1.1413793563842773,8.224845886230469,0.16644668579101562,9.535154342651367
dataset/test/Tomato_mold_leaf/IMG-20240724-WA0055_aug_31aug50.jpg,Tomato_mold_leaf,Tomato_mold_leaf,0.9999997615814209,1,1.1206016540527344,8.157734870910645,0.1685199737548828,9.449597358703613
dataset/test/Tomato_mold_leaf/IMG-20240724-WA0055aug7.jpg,Tomato_mold_leaf,Tomato_mold_leaf,0.9999951124191284,1,1.1881952285766602,8.1665678024292,0.16596412658691406,9.52330207824707
dataset/test/Tomato_mold_leaf/IMG-20240724-WA0065_aug_80aug69.jpg,Tomato_mold_leaf,Tomato_mold_leaf,0.9999970197677612,1,1.1762142181396484,8.147697448730469,0.1665191650390625,9.49328327178955
dataset/test/Tomato_mold_leaf/IMG-20240724-WA0065_aug_81aug70.jpg,Tomato_mold_leaf,Tomato_mold_leaf,0.9999545812606812,1,1.1839723587036133,8.215753555297852,0.20285320281982422,9.605450630187988
dataset/test/Tomato_mold_leaf/IMG-20240724-WA0065_aug_82aug66.jpg,Tomato_mold_leaf,Tomato_mold_leaf,0.99972003698349,1,1.1501579284667969,8.109476089477539,0.16722488403320312,9.429338455200195
dataset/test/Tomato_mold_leaf/IMG-20240724-WA0065_aug_83aug65.jpg,Tomato_mold_leaf,Tomato_mold_leaf,0.9996864795684814,1,1.143472671508789,8.235420227050781,0.1563720703125,9.537893295288086
dataset/test/Tomato_mold_leaf/IMG-20240724-WA0065aug20.jpg,Tomato_mold_leaf,Tomato_mold_leaf,0.9996652603149414,1,1.1512870788574219,7.961067199707031,0.1664276123046875,9.281429290771484
dataset/test/Tomato_mold_leaf/IMG-20240725-WA0031_aug_0aug46.jpg,Tomato_mold_leaf,Tomato_mold_leaf,0.9978498220443726,1,1.2098426818847656,7.853288650512695,0.164520263671875,9.23037338256836
dataset/test/Tomato_mold_leaf/IMG-20240725-WA0031_aug_1aug47.jpg,Tomato_mold_leaf,Tomato_mold_leaf,0.9649193286895752,1,1.0772676467895508,7.916825294494629,0.16640758514404297,9.163094520568848
dataset/test/Tomato_mold_leaf/IMG-20240725-WA0031_aug_2aug37.jpg,Tomato_mold_leaf,Tomato_mold_leaf,0.9978498220443726,1,1.0880823135375977,8.079623222351074,0.20911216735839844,9.379560470581055
dataset/test/Tomato_mold_leaf/IMG-20240725-WA0031_aug_3aug45.jpg,Tomato_mold_leaf,Tomato_mold_leaf,0.9984472393989563,1,1.0577678680419922,8.005659103393555,0.16613101959228516,9.2321138381958
dataset/test/Tomato_mold_leaf/IMG-20240725-WA0031aug0.jpg,Tomato_mold_leaf,Tomato_mold_leaf,0.8658126592636108,1,1.09808349609375,8.07156753540039,0.16551971435546875,9.33785629272461
dataset/test/Tomato_mold_leaf/IMG-20240725-WA0039_aug_72aug79.jpg,Tomato_mold_leaf,Tomato_mold_leaf,0.9999997615814209,1,1.0868234634399414,7.9575090408325195,0.1649465560913086,9.212040901184082
dataset/test/Tomato_mold_leaf/IMG-20240725-WA0039_aug_73aug95.jpg,Tomato_mold_leaf,Tomato_mold_leaf,0.9999988079071045,1,1.1494169235229492,8.175790786743164,0.1660938262939453,9.493948936462402
dataset/test/Tomato_mold_leaf/IMG-20240725-WA0039_aug_74aug71.jpg,Tomato_mold_leaf,Tomato_mold_leaf,0.9999997615814209,1,1.0801401138305664,8.075437545776367,0.15340805053710938,9.3113374710083
dataset/test/Tomato_mold_leaf/IMG-20240725-WA0039_aug_75aug80.jpg,Tomato_mold_leaf,Tomato_mold_leaf,0.9999979734420776,1,1.0725269317626953,7.828936576843262,0.16568565368652344,9.069594383239746
dataset/test/Tomato_mold_leaf/IMG-20240725-WA0039aug18.jpg,Tomato_mold_leaf,Tomato_mold_leaf,0.999996542930603,1,1.2192516326904297,7.924620628356934,0.17505645751953125,9.321965217590332
dataset/test/Tomato_mold_leaf/IMG-20240727-WA0038_aug_40aug105.jpg,Tomato_mold_leaf,Tomato_mold_leaf,0.999414324760437,1,1.1220273971557617,8.03708553314209,0.16533374786376953,9.327262878417969
dataset/test/Tomato_mold_leaf/IMG-20240727-WA0038_aug_41aug106.jpg,Tomato_mold_leaf,Tomato_mold_leaf,0.9993019104003906,1,1.0956754684448242,8.184346199035645,0.16779708862304688,9.450540542602539
dataset/test/Tomato_mold_leaf/IMG-20240727-WA0038_aug_42aug116.jpg,Tomato_mold_leaf,Tomato_mold_leaf,0.9999997615814209,1,1.1357307434082031,8.712886810302734,0.16726112365722656,10.018658638000488
dataset/test/Tomato_mold_leaf/IMG-20240727-WA0038_aug_43aug110.jpg,Tomato_mold_leaf,Tomato_mold_leaf,0.998242974281311,1,1.1313419342041016,8.175902366638184,0.16689014434814453,9.47659683227539
dataset/test/Tomato_mold_leaf/IMG-20240727-WA0038aug10.jpg,Tomato_mold_leaf,Tomato_mold_leaf,0.9999997615814209,1,1.1378421783447266,8.341032981872559,0.17059326171875,9.653079986572266
dataset/test/Tomato_mold_leaf/IMG-20240727-WA0040_aug_56aug92.jpg,Tomato_mold_leaf,Tomato_mold_leaf,0.9999817609786987,1,1.1034154891967773,13.449185371398926,0.16655731201171875,14.722010612487793
dataset/test/Tomato_mold_leaf/IMG-20240727-WA0040_aug_57aug83.jpg,Tomato_mold_leaf,Tomato_mold_leaf,0.999976396560669,1,1.2754364013671875,9.598801612854004,0.2178354263305664,11.095277786254883
dataset/test/Tomato_mold_leaf/IMG-20240727-WA0040_aug_58aug77.jpg,Tomato_mold_leaf,Tomato_mold_leaf,0.999943733215332,1,1.2110271453857422,23.0012845993042,0.17248249053955078,24.388258934020996
dataset/test/Tomato_mold_leaf/IMG-20240727-WA0040_aug_59aug94.jpg,Tomato_mold_leaf,Tomato_mold_leaf,0.9999945163726807,1,1.2568063735961914,11.32603931427002,0.20705699920654297,12.792994499206543
dataset/test/Tomato_mold_leaf/IMG-20240727-WA0040aug14.jpg,Tomato_mold_leaf,Tomato_mold_leaf,0.9999704360961914,1,1.1078805923461914,8.793980598449707,0.1684093475341797,10.072787284851074
dataset/test/Tomato_mold_leaf/IMG-20240727-WA0124_aug_20aug54.jpg,Tomato_mold_leaf,Tomato_mold_leaf,0.9999935626983643,1,1.1065645217895508,8.374272346496582,0.16751861572265625,9.651117324829102
dataset/test/Tomato_mold_leaf/IMG-20240727-WA0124_aug_21aug38.jpg,Tomato_mold_leaf,Tomato_mold_leaf,0.9999206066131592,1,1.185286521911621,8.329680442810059,0.16837215423583984,9.685951232910156
dataset/test/Tomato_mold_leaf/IMG-20240727-WA0124_aug_22aug31.jpg,Tomato_mold_leaf,Tomato_mold_leaf,0.9924219250679016,1,1.134657859802246,8.498571395874023,0.17294597625732422,9.809137344360352
dataset/test/Tomato_mold_leaf/IMG-20240727-WA0124_aug_23aug55.jpg,Tomato_mold_leaf,Tomato_mold_leaf,0.9882479310035706,1,1.173583984375,8.127252578735352,0.16700172424316406,9.47015380859375
dataset/test/Tomato_mold_leaf/IMG-20240727-WA0124aug5.jpg,Tomato_mold_leaf,Tomato_mold_leaf,0.9999984502792358,1,1.116175651550293,8.230681419372559,0.16792678833007812,9.517821311950684
dataset/test/Tomato_mold_leaf/IMG-20240727-WA0153_aug_92aug58.jpg,Tomato_mold_leaf,Tomato_mold_leaf,0.9999996423721313,1,1.0944156646728516,8.096104621887207,0.16839027404785156,9.361615180969238
dataset/test/Tomato_mold_leaf/IMG-20240727-WA0153_aug_93aug60.jpg,Tomato_mold_leaf,Tomato_mold_leaf,0.9999997615814209,1,1.1348991394042969,8.183993339538574,0.16687297821044922,9.488672256469727
dataset/test/Tomato_mold_leaf/IMG-20240727-WA0153aug23.jpg,Tomato_mold_leaf,Tomato_mold_leaf,0.9999890327453613,1,1.100250244140625,7.975344657897949,0.16800212860107422,9.246244430541992
dataset/test/Tomato_mold_leaf/IMG-20240727-WA0165aug25.jpg,Tomato_mold_leaf,Tomato_mold_leaf,0.9947569370269775,1,1.105489730834961,8.138809204101562,0.16705608367919922,9.413782119750977
dataset/test/Tomato_mold_leaf/IMG-20240728-WA0028_aug_64aug91.jpg,Tomato_mold_leaf,Tomato_mold_leaf,0.999991774559021,1,1.1258420944213867,8.181530952453613,0.1692981719970703,9.47935676574707
dataset/test/Tomato_mold_leaf/IMG-20240728-WA0028_aug_65aug86.jpg,Tomato_mold_leaf,Tomato_mold_leaf,0.9999954700469971,1,1.1005277633666992,8.2103271484375,0.16585254669189453,9.479707717895508
dataset/test/Tomato_mold_leaf/IMG-20240728-WA0028_aug_66aug78.jpg,Tomato_mold_leaf,Tomato_mold_leaf,0.9999964237213135,1,1.0741939544677734,8.155956268310547,0.1675567626953125,9.400355339050293
dataset/test/Tomato_mold_leaf/IMG-20240728-WA0028_aug_67aug99.jpg,Tomato_mold_leaf,Tomato_mold_leaf,0.9999985694885254,1,1.0985088348388672,8.407532691955566,0.16838932037353516,9.677172660827637
dataset/test/Tomato_mold_leaf/IMG-20240728-WA0028aug16.jpg,Tomato_mold_leaf,Tomato_mold_leaf,0.9999914169311523,1,1.078268051147461,8.273493766784668,0.16768550872802734,9.522448539733887
dataset/test/Tomato_mold_leaf/IMG-20240728-WA0068_aug_12aug29.jpg,Tomato_mold_leaf,Tomato_mold_leaf,0.9999697208404541,1,1.1632509231567383,8.203030586242676,0.166778564453125,9.53567123413086
dataset/test/Tomato_mold_leaf/IMG-20240728-WA0068_aug_13aug30.jpg,Tomato_mold_leaf,Tomato_mold_leaf,0.9999899864196777,1,1.1871585845947266,8.203346252441406,0.16705608367919922,9.560504913330078
dataset/test/Tomato_mold_leaf/IMG-20240728-WA0068_aug_14aug56.jpg,Tomato_mold_leaf,Tomato_mold_leaf,0.9999858140945435,1,1.1186952590942383,8.92503833770752,0.16887187957763672,10.215474128723145
dataset/test/Tomato_mold_leaf/IMG-20240728-WA0068_aug_15aug42.jpg,Tomato_mold_leaf,Tomato_mold_leaf,0.9997195601463318,1,1.0887126922607422,8.1889009475708,0.17039012908935547,9.451003074645996
dataset/test/Tomato_mold_leaf/IMG-20240728-WA0068aug3.jpg,Tomato_mold_leaf,Tomato_mold_leaf,0.9999548196792603,1,1.1118793487548828,8.25182819366455,0.16740894317626953,9.533709526062012
dataset/test/Tomato_mold_leaf/IMG-20240728-WA0074_aug_44aug102.jpg,Tomato_mold_leaf,Tomato_mold_leaf,0.999981164932251,1,1.1568059921264648,8.206106185913086,0.16450214385986328,9.530171394348145
dataset/test/Tomato_mold_leaf/IMG-20240728-WA0074_aug_45aug75.jpg,Tomato_mold_leaf,Tomato_mold_leaf,0.9999650716781616,1,1.1919364929199219,10.988091468811035,0.21303749084472656,12.396177291870117
dataset/test/Tomato_mold_leaf/IMG-20240728-WA0074_aug_46aug89.jpg,Tomato_mold_leaf,Tomato_mold_leaf,0.9999998807907104,1,1.46466064453125,10.932015419006348,0.2067432403564453,12.60660457611084
dataset/test/Tomato_mold_leaf/IMG-20240728-WA0074_aug_47aug111.jpg,Tomato_mold_leaf,Tomato_mold_leaf,0.9999978542327881,1,1.495142936706543,10.96790599822998,0.20601940155029297,12.672308921813965
dataset/test/Tomato_mold_leaf/IMG-20240728-WA0074aug11.jpg,Tomato_mold_leaf,Tomato_mold_leaf,0.999998927116394,1,1.54180908203125,11.101814270019531,0.19124221801757812,12.838107109069824
dataset/test/Tomato_mold_leaf/IMG-20240728-WA0075aug24.jpg,Tomato_mold_leaf,Tomato_mold_leaf,0.999968409538269,1,1.4661788940429688,10.977664947509766,0.2060384750366211,12.653106689453125
dataset/test/Tomato_mold_leaf/IMG-20240728-WA0087_aug_32aug113.jpg,Tomato_mold_leaf,Tomato_mold_leaf,0.7674196362495422,1,1.4824762344360352,10.93201732635498,0.20503902435302734,12.623123168945312
dataset/test/Tomato_mold_leaf/IMG-20240728-WA0087_aug_33aug112.jpg,Tomato_mold_leaf,Tomato_mold_leaf,0.9882021546363831,1,1.5021982192993164,11.060166358947754,0.2059459686279297,12.771623611450195
dataset/test/Tomato_mold_leaf/IMG-20240728-WA0087_aug_34aug104.jpg,Tomato_mold_leaf,Tomato_mold_leaf,0.7179954648017883,1,1.4907722473144531,10.935591697692871,0.2059650421142578,12.635883331298828
dataset/test/Tomato_mold_leaf/IMG-20240728-WA0087_aug_35aug100.jpg,Tomato_mold_leaf,Tomato_mold_leaf,0.9918780326843262,1,1.6450328826904297,7.58189582824707,0.19989013671875,9.42983627319336
dataset/test/Tomato_mold_leaf/IMG-20240728-WA0087aug8.jpg,Tomato_mold_leaf,Tomato_mold_leaf,0.8797647356987,1,1.0835838317871094,7.6914167404174805,0.16240787506103516,8.940000534057617
dataset/test/Tomato_mold_leaf/IMG-20240728-WA0093_aug_76aug90.jpg,Tomato_mold_leaf,Tomato_mold_leaf,1.0,1,1.0341196060180664,7.689990043640137,0.16103839874267578,8.88768482208252
dataset/test/Tomato_mold_leaf/IMG-20240728-WA0093_aug_77aug68.jpg,Tomato_mold_leaf,Tomato_mold_leaf,0.9999991655349731,1,1.0323972702026367,7.63254451751709,0.15972423553466797,8.827702522277832
dataset/test/Tomato_mold_leaf/IMG-20240728-WA0093_aug_78aug93.jpg,Tomato_mold_leaf,Tomato_mold_leaf,1.0,1,1.0304899215698242,7.7366943359375,0.15716838836669922,8.92661190032959
dataset/test/Tomato_mold_leaf/IMG-20240728-WA0093_aug_79aug64.jpg,Tomato_mold_leaf,Tomato_mold_leaf,0.999998927116394,1,1.052861213684082,7.7963056564331055,0.16161251068115234,9.013705253601074
dataset/test/Tomato_mold_leaf/IMG-20240728-WA0093aug19.jpg,Tomato_mold_leaf,Tomato_mold_leaf,1.0,1,1.1309547424316406,7.56363582611084,0.1676502227783203,8.864851951599121
dataset/test/Tomato_mold_leaf/IMG-20240728-WA0101_aug_84aug73.jpg,Tomato_mold_leaf,Tomato_mold_leaf,0.9999969005584717,1,1.0702314376831055,7.6836748123168945,0.15990734100341797,8.916186332702637
dataset/test/Tomato_mold_leaf/IMG-20240728-WA0101_aug_85aug72.jpg,Tomato_mold_leaf,Tomato_mold_leaf,0.9999995231628418,1,1.0989160537719727,7.847231864929199,0.16092777252197266,9.109244346618652
dataset/test/Tomato_mold_leaf/IMG-20240728-WA0101_aug_86aug67.jpg,Tomato_mold_leaf,Tomato_mold_leaf,0.9999873638153076,1,1.1110095977783203,7.6545820236206055,0.16068649291992188,8.92879581451416
dataset/test/Tomato_mold_leaf/IMG-20240728-WA0101_aug_87aug74.jpg,Tomato_mold_leaf,Tomato_mold_leaf,0.9999998807907104,1,1.0739898681640625,7.7306013107299805,0.15900135040283203,8.966056823730469
dataset/test/Tomato_mold_leaf/IMG-20240728-WA0101aug21.jpg,Tomato_mold_leaf,Tomato_mold_leaf,0.9999998807907104,1,1.080378532409668,7.778434753417969,0.16300106048583984,9.024537086486816
dataset/test/Tomato_mold_leaf/IMG-20240728-WA0103_aug_48aug107.jpg,Tomato_mold_leaf,Tomato_mold_leaf,0.9999939203262329,1,1.1092500686645508,7.907991409301758,0.16350269317626953,9.183112144470215
dataset/test/Tomato_mold_leaf/IMG-20240728-WA0103_aug_49aug76.jpg,Tomato_mold_leaf,Tomato_mold_leaf,0.9999749660491943,1,1.1368799209594727,7.815158843994141,0.15487289428710938,9.109094619750977
dataset/test/Tomato_mold_leaf/IMG-20240728-WA0103_aug_50aug114.jpg,Tomato_mold_leaf,Tomato_mold_leaf,0.9999887943267822,1,1.0820646286010742,7.733916282653809,0.16611289978027344,8.984519958496094
dataset/test/Tomato_mold_leaf/IMG-20240728-WA0103_aug_51aug84.jpg,Tomato_mold_leaf,Tomato_mold_leaf,0.9999730587005615,1,1.2032318115234375,7.6804351806640625,0.1654644012451172,9.051779747009277
dataset/test/Tomato_mold_leaf/IMG-20240728-WA0103aug12.jpg,Tomato_mold_leaf,Tomato_mold_leaf,0.9999769926071167,1,1.15521240234375,7.983716011047363,0.16550159454345703,9.307132720947266
dataset/test/Tomato_mold_leaf/IMG-20240812-WA0183_aug_88aug59.jpg,Tomato_mold_leaf,Tomato_Early_blight_leaf,0.48936063051223755,0,1.0707674026489258,7.915379524230957,0.16463088989257812,9.153779029846191
dataset/test/Tomato_mold_leaf/IMG-20240812-WA0183_aug_89aug61.jpg,Tomato_mold_leaf,Tomato_Early_blight_leaf,0.6006850004196167,0,1.092564582824707,8.019936561584473,0.1644277572631836,9.280113220214844
dataset/test/Tomato_mold_leaf/IMG-20240812-WA0183_aug_90aug63.jpg,Tomato_mold_leaf,Tomato_Early_blight_leaf,0.7722213864326477,0,1.0688600540161133,7.884490966796875,0.16389083862304688,9.120149612426758
dataset/test/Tomato_mold_leaf/IMG-20240812-WA0183_aug_91aug62.jpg,Tomato_mold_leaf,Tomato_Early_blight_leaf,0.4710647463798523,0,1.1213607788085938,8.342568397521973,0.16459369659423828,9.630970001220703
dataset/test/Tomato_mold_leaf/IMG-20240812-WA0183aug22.jpg,Tomato_mold_leaf,Tomato_Early_blight_leaf,0.8692798614501953,0,1.1155834197998047,8.221272468566895,0.1638164520263672,9.503227233886719
dataset/test/Tomato_mold_leaf/IMG_20251102_155435_aug_24aug39.jpg,Tomato_mold_leaf,Tomato_Early_blight_leaf,0.9957589507102966,0,1.1130266189575195,8.389920234680176,0.16987133026123047,9.67595100402832
dataset/test/Tomato_mold_leaf/IMG_20251102_155435_aug_25aug51.jpg,Tomato_mold_leaf,Tomato_Early_blight_leaf,0.9986649751663208,0,1.1276016235351562,8.323162078857422,0.1712970733642578,9.624876022338867
dataset/test/Tomato_mold_leaf/IMG_20251102_155435_aug_26aug26.jpg,Tomato_mold_leaf,Tomato_Early_blight_leaf,0.9915834069252014,0,1.1383981704711914,8.353495597839355,0.16935443878173828,9.663969039916992
dataset/test/Tomato_mold_leaf/IMG_20251102_155435_aug_27aug52.jpg,Tomato_mold_leaf,Tomato_Early_blight_leaf,0.9923445582389832,0,1.0994157791137695,8.125753402709961,0.1708545684814453,9.399726867675781
dataset/test/Tomato_mold_leaf/IMG_20251102_155435aug6.jpg,Tomato_mold_leaf,Tomato_Early_blight_leaf,0.9994977712631226,0,1.1124544143676758,8.289012908935547,0.17263126373291016,9.576912879943848
dataset/test/Tomato_mold_leaf/Leaf+mold+tomato+_25283_2529.JPG_aug_36aug118.jpg,Tomato_mold_leaf,Tomato_mold_leaf,0.7747259736061096,1,1.1987323760986328,8.271790504455566,0.16916847229003906,9.642599105834961
dataset/test/Tomato_mold_leaf/Leaf+mold+tomato+_25283_2529.JPG_aug_37aug117.jpg,Tomato_mold_leaf,Tomato_Early_blight_leaf,0.5685602426528931,0,1.163045883178711,8.303050994873047,0.16800308227539062,9.6366548538208
dataset/test/Tomato_mold_leaf/Leaf+mold+tomato+_25283_2529.JPG_aug_38aug119.jpg,Tomato_mold_leaf,Tomato_mold_leaf,0.7939316034317017,1,1.188675880432129,8.322550773620605,0.20496559143066406,9.718766212463379
dataset/test/Tomato_mold_leaf/Leaf+mold+tomato+_25283_2529.JPG_aug_39aug103.jpg,Tomato_mold_leaf,Tomato_Healthy_leaf,0.6676831841468811,0,1.1928625106811523,8.463885307312012,0.16937255859375,9.828822135925293
dataset/test/Tomato_mold_leaf/Leaf+mold+tomato+_25283_2529.JPGaug9.jpg,Tomato_mold_leaf,Tomato_Healthy_leaf,0.5599576234817505,0,1.1411018371582031,8.342105865478516,0.17018699645996094,9.656209945678711
dataset/test/Tomato_mold_leaf/Leaf-mold-caused-by-the-fungal-pathogen-Passalore-fulva-in-tomatoes_aug_16aug33.jpg,Tomato_mold_leaf,Tomato_Septoria_leaf_spot,0.8868682384490967,0,1.150991439819336,8.33712387084961,0.16190814971923828,9.652377128601074
dataset/test/Tomato_mold_leaf/Leaf-mold-caused-by-the-fungal-pathogen-Passalore-fulva-in-tomatoes_aug_17aug57.jpg,Tomato_mold_leaf,Tomato_Septoria_leaf_spot,0.9169837832450867,0,1.0463981628417969,8.518885612487793,0.16042709350585938,9.72828483581543
dataset/test/Tomato_mold_leaf/Leaf-mold-caused-by-the-fungal-pathogen-Passalore-fulva-in-tomatoes_aug_18aug32.jpg,Tomato_mold_leaf,Tomato_Septoria_leaf_spot,0.8573311567306519,0,1.0501394271850586,7.81617546081543,0.1630382537841797,9.032076835632324
dataset/test/Tomato_mold_leaf/Leaf-mold-caused-by-the-fungal-pathogen-Passalore-fulva-in-tomatoes_aug_19aug53.jpg,Tomato_mold_leaf,Tomato_Septoria_leaf_spot,0.8780444860458374,0,1.0803985595703125,7.717693328857422,0.16092777252197266,8.962462425231934
dataset/test/Tomato_mold_leaf/Leaf-mold-caused-by-the-fungal-pathogen-Passalore-fulva-in-tomatoesaug4.jpg,Tomato_mold_leaf,Tomato_mold_leaf,0.9730581641197205,1,1.0492134094238281,7.624100685119629,0.17072391510009766,8.846888542175293
dataset/test/Tomato_mold_leaf/leaf_mold_nightshade2x500_aug_60aug81.jpg,Tomato_mold_leaf,Tomato_mold_leaf,0.9997318387031555,1,1.1540451049804688,7.789546966552734,0.17394638061523438,9.120427131652832
dataset/test/Tomato_mold_leaf/leaf_mold_nightshade2x500_aug_61aug96.jpg,Tomato_mold_leaf,Tomato_mold_leaf,0.9999953508377075,1,1.0557117462158203,7.73078727722168,0.1609630584716797,8.950445175170898
dataset/test/Tomato_mold_leaf/leaf_mold_nightshade2x500_aug_62aug85.jpg,Tomato_mold_leaf,Tomato_mold_leaf,0.9997115731239319,1,1.083749771118164,7.743620872497559,0.1620941162109375,8.992445945739746
dataset/test/Tomato_mold_leaf/leaf_mold_nightshade2x500_aug_63aug88.jpg,Tomato_mold_leaf,Tomato_mold_leaf,0.997984766960144,1,1.1330280303955078,7.780657768249512,0.16022300720214844,9.076631546020508
dataset/test/Tomato_mold_leaf/leaf_mold_nightshade2x500aug15.jpg,Tomato_mold_leaf,Tomato_mold_leaf,0.9999427795410156,1,1.0856943130493164,7.759583473205566,0.16177940368652344,9.010056495666504
dataset/test/Tomato_mold_leaf/leaf_mold_tomato5x1200_jpg.rf.0a5ee47c78e753f9580bfb7744438ebf_aug_52aug101.jpg,Tomato_mold_leaf,Tomato_mold_leaf,0.9999995231628418,1,1.127823829650879,7.771266937255859,0.19987201690673828,9.101667404174805
dataset/test/Tomato_mold_leaf/leaf_mold_tomato5x1200_jpg.rf.0a5ee47c78e753f9580bfb7744438ebf_aug_53aug108.jpg,Tomato_mold_leaf,Tomato_mold_leaf,0.9999998807907104,1,1.0752124786376953,7.792232513427734,0.16116809844970703,9.031001091003418
dataset/test/Tomato_mold_leaf/leaf_mold_tomato5x1200_jpg.rf.0a5ee47c78e753f9580bfb7744438ebf_aug_54aug115.jpg,Tomato_mold_leaf,Tomato_mold_leaf,1.0,1,1.086989402770996,8.070844650268555,0.1603708267211914,9.320911407470703
dataset/test/Tomato_mold_leaf/leaf_mold_tomato5x1200_jpg.rf.0a5ee47c78e753f9580bfb7744438ebf_aug_55aug109.jpg,Tomato_mold_leaf,Tomato_mold_leaf,0.9999998807907104,1,1.105545997619629,7.816379547119141,0.16726016998291016,9.092556953430176
dataset/test/Tomato_mold_leaf/leaf_mold_tomato5x1200_jpg.rf.0a5ee47c78e753f9580bfb7744438ebfaug13.jpg,Tomato_mold_leaf,Tomato_mold_leaf,0.9999998807907104,1,1.209324836730957,7.848638534545898,0.1643533706665039,9.224835395812988
dataset/test/Tomato_mold_leaf/tomato_leaf-mold_04_zoom_aug_4aug36.jpg,Tomato_mold_leaf,Tomato_leaf_late_blight,0.8033101558685303,0,1.2364158630371094,7.827787399291992,0.16476058959960938,9.231522560119629
dataset/test/Tomato_mold_leaf/tomato_leaf-mold_04_zoom_aug_5aug48.jpg,Tomato_mold_leaf,Tomato_leaf_late_blight,0.772317111492157,0,1.1408987045288086,8.024659156799316,0.1658344268798828,9.334076881408691
dataset/test/Tomato_mold_leaf/tomato_leaf-mold_04_zoom_aug_6aug40.jpg,Tomato_mold_leaf,Tomato_leaf_late_blight,0.9430022835731506,0,1.1497135162353516,7.967565536499023,0.1641864776611328,9.28380012512207
dataset/test/Tomato_mold_leaf/tomato_leaf-mold_04_zoom_aug_7aug34.jpg,Tomato_mold_leaf,Tomato_leaf_late_blight,0.8929293751716614,0,1.1366376876831055,8.047233581542969,0.16292858123779297,9.349262237548828
dataset/test/Tomato_mold_leaf/tomato_leaf-mold_04_zoomaug1.jpg,Tomato_mold_leaf,Tomato_leaf_late_blight,0.649475634098053,0,1.109231948852539,8.042585372924805,0.16454029083251953,9.31883716583252
