image_path,true_class,predicted_class,confidence,correct,preprocess_ms,inference_ms,postprocess_ms,total_pipeline_ms
dataset/test/Tomato_Early_blight_leaf/100_46341_aug_5aug62.jpg,Tomato_Early_blight_leaf,Tomato_Early_blight_leaf,0.8753570914268494,1,1.204397201538086,7.767548561096191,0.2671689987182617,9.243521690368652
dataset/test/Tomato_Early_blight_leaf/100_46341_aug_6aug64.jpg,Tomato_Early_blight_leaf,Tomato_Early_blight_leaf,0.8155945539474487,1,1.1853961944580078,15.318634033203125,0.23133468627929688,16.738475799560547
dataset/test/Tomato_Early_blight_leaf/100_46341_aug_7aug57.jpg,Tomato_Early_blight_leaf,Tomato_Early_blight_leaf,0.8155945539474487,1,1.1699886322021484,12.409393310546875,0.185150146484375,13.767068862915039
dataset/test/Tomato_Early_blight_leaf/100_46341_aug_8aug66.jpg,Tomato_Early_blight_leaf,Tomato_Early_blight_leaf,0.9424291253089905,1,1.235342025756836,7.862179756164551,0.18337154388427734,9.283391952514648
dataset/test/Tomato_Early_blight_leaf/100_46341_aug_9aug65.jpg,Tomato_Early_blight_leaf,Tomato_Early_blight_leaf,0.6661973595619202,1,1.167525291442871,7.899214744567871,0.18214988708496094,9.251928329467773
dataset/test/Tomato_Early_blight_leaf/100_46341aug1.jpg,Tomato_Early_blight_leaf,Tomato_Early_blight_leaf,0.9812628626823425,1,1.187673568725586,15.871895790100098,0.1997051239013672,17.261664390563965
dataset/test/Tomato_Early_blight_leaf/1723454500663_aug_20aug39.jpg,Tomato_Early_blight_leaf,Tomato_Early_blight_leaf,0.9999816417694092,1,5.08966064453125,15.65400505065918,0.18907546997070312,20.935871124267578
dataset/test/Tomato_Early_blight_leaf/1723454500663_aug_21aug35.jpg,Tomato_Early_blight_leaf,Tomato_Early_blight_leaf,0.9999842643737793,1,1.1120243072509766,15.51324462890625,0.18839073181152344,16.81666088104248
dataset/test/Tomato_Early_blight_leaf/1723454500663_aug_22aug51.jpg,Tomato_Early_blight_leaf,Tomato_Early_blight_leaf,0.9999376535415649,1,1.1052665710449219,9.214131355285645,0.18405628204345703,10.505937576293945
dataset/test/Tomato_Early_blight_leaf/1723454500663_aug_23aug33.jpg,Tomato_Early_blight_leaf,Tomato_Early_blight_leaf,0.9999816417694092,1,1.2089157104492188,7.965716361999512,0.16777801513671875,9.345077514648438
dataset/test/Tomato_Early_blight_leaf/1723454500663_aug_24aug50.jpg,Tomato_Early_blight_leaf,Tomato_Early_blight_leaf,0.9984663724899292,1,1.1092109680175781,8.122810363769531,0.1660013198852539,9.400521278381348
dataset/test/Tomato_Early_blight_leaf/1723454500663aug4.jpg,Tomato_Early_blight_leaf,Tomato_Early_blight_leaf,0.9995427131652832,1,1.0966176986694336,7.883994102478027,0.16813087463378906,9.15153980255127
dataset/test/Tomato_Early_blight_leaf/1723454507240aug20.jpg,Tomato_Early_blight_leaf,Tomato_Septoria_leaf_spot,0.6239449381828308,0,1.1523962020874023,7.896198272705078,0.1653909683227539,9.216816902160645
dataset/test/Tomato_Early_blight_leaf/EB_(981)_aug_65aug107.jpg,Tomato_Early_blight_leaf,Tomato_Early_blight_leaf,0.9998571872711182,1,1.1584711074829102,8.290404319763184,0.17022228240966797,9.621874809265137
dataset/test/Tomato_Early_blight_leaf/EB_(981)_aug_66aug102.jpg,Tomato_Early_blight_leaf,Tomato_Early_blight_leaf,1.0,1,1.1791553497314453,8.31666374206543,0.1844644546508789,9.68361759185791
dataset/test/Tomato_Early_blight_leaf/EB_(981)_aug_67aug101.jpg,Tomato_Early_blight_leaf,Tomato_Early_blight_leaf,0.9989560842514038,1,1.1563968658447266,8.232033729553223,0.17133522033691406,9.56278133392334
dataset/test/Tomato_Early_blight_leaf/EB_(981)_aug_68aug95.jpg,Tomato_Early_blight_leaf,Tomato_Early_blight_leaf,0.9998712539672852,1,1.1652860641479492,8.194458961486816,0.1658344268798828,9.528188705444336
dataset/test/Tomato_Early_blight_leaf/EB_(981)_aug_69aug97.jpg,Tomato_Early_blight_leaf,Tomato_Early_blight_leaf,0.9999836683273315,1,1.2055816650390625,8.192737579345703,0.16220474243164062,9.562782287597656
dataset/test/Tomato_Early_blight_leaf/EB_(981)aug13.jpg,Tomato_Early_blight_leaf,Tomato_Early_blight_leaf,0.9999963045120239,1,1.1390810012817383,8.124643325805664,0.17263031005859375,9.438985824584961
dataset/test/Tomato_Early_blight_leaf/Early-blight-660x440_aug_0aug61.jpg,Tomato_Early_blight_leaf,Tomato_Early_blight_leaf,0.9916184544563293,1,1.2654895782470703,8.348013877868652,0.17376041412353516,9.790857315063477
dataset/test/Tomato_Early_blight_leaf/Early-blight-660x440_aug_1aug59.jpg,Tomato_Early_blight_leaf,Tomato_Early_blight_leaf,0.9958407282829285,1,1.1405630111694336,8.199015617370605,0.1706867218017578,9.512726783752441
dataset/test/Tomato_Early_blight_leaf/Early-blight-660x440_aug_2aug63.jpg,Tomato_Early_blight_leaf,Tomato_Early_blight_leaf,0.9818791747093201,1,1.1815071105957031,8.062235832214355,0.1778697967529297,9.424448013305664
dataset/test/Tomato_Early_blight_leaf/Early-blight-660x440_aug_3aug60.jpg,Tomato_Early_blight_leaf,Tomato_Early_blight_leaf,0.9917741417884827,1,1.1907482147216797,8.243218421936035,0.17157554626464844,9.608133316040039
dataset/test/Tomato_Early_blight_leaf/Early-blight-660x440_aug_4aug58.jpg,Tomato_Early_blight_leaf,Tomato_Early_blight_leaf,0.996738851070404,1,1.1471748352050781,9.5999116897583,0.21009349822998047,10.960087776184082
dataset/test/Tomato_Early_blight_leaf/Early-blight-660x440aug0.jpg,Tomato_Early_blight_leaf,Tomato_Early_blight_leaf,0.9902910590171814,1,1.5617494583129883,11.17633056640625,0.19874095916748047,12.940174102783203
dataset/test/Tomato_Early_blight_leaf/Gls42_change_180_aug_70aug100.jpg,Tomato_Early_blight_leaf,Tomato_Early_blight_leaf,0.9995021820068359,1,1.4391937255859375,11.23184871673584,0.21031761169433594,12.884748458862305
dataset/test/Tomato_Early_blight_leaf/Gls42_change_180_aug_71aug109.jpg,Tomato_Early_blight_leaf,Tomato_Early_blight_leaf,0.9999760389328003,1,1.4690837860107422,11.055625915527344,0.21172428131103516,12.740043640136719
dataset/test/Tomato_Early_blight_leaf/Gls42_change_180_aug_72aug104.jpg,Tomato_Early_blight_leaf,Tomato_Early_blight_leaf,0.9999850988388062,1,1.5065107345581055,11.642017364501953,0.22577857971191406,13.377528190612793
dataset/test/Tomato_Early_blight_leaf/Gls42_change_180_aug_73aug94.jpg,Tomato_Early_blight_leaf,Tomato_Early_blight_leaf,0.9999642372131348,1,1.5224533081054688,11.060661315917969,0.20498275756835938,12.791488647460938
dataset/test/Tomato_Early_blight_leaf/Gls42_change_180_aug_74aug108.jpg,Tomato_Early_blight_leaf,Tomato_Early_blight_leaf,0.9999834299087524,1,1.5172510147094727,11.327423095703125,0.2059459686279297,13.053564071655273
dataset/test/Tomato_Early_blight_leaf/Gls42_change_180aug14.jpg,Tomato_Early_blight_leaf,Tomato_Early_blight_leaf,0.9999204874038696,1,1.47039794921875,11.08979320526123,0.21120357513427734,12.774857521057129
dataset/test/Tomato_Early_blight_leaf/Gls4_mirror_aug_60aug93.jpg,Tomato_Early_blight_leaf,Tomato_Early_blight_leaf,0.9999995231628418,1,1.4849538803100586,8.997686386108398,0.16464996337890625,10.650585174560547
dataset/test/Tomato_Early_blight_leaf/Gls4_mirror_aug_61aug98.jpg,Tomato_Early_blight_leaf,Tomato_Early_blight_leaf,0.9999995231628418,1,1.058802604675293,7.761216163635254,0.1638164520263672,8.986611366271973
dataset/test/Tomato_Early_blight_leaf/Gls4_mirror_aug_62aug91.jpg,Tomato_Early_blight_leaf,Tomato_Early_blight_leaf,0.9999951124191284,1,1.042616844177246,7.713492393493652,0.16722393035888672,8.92577838897705
dataset/test/Tomato_Early_blight_leaf/Gls4_mirror_aug_63aug110.jpg,Tomato_Early_blight_leaf,Tomato_Early_blight_leaf,1.0,1,1.0695438385009766,7.7025299072265625,0.192352294921875,8.966927528381348
dataset/test/Tomato_Early_blight_leaf/Gls4_mirror_aug_64aug105.jpg,Tomato_Early_blight_leaf,Tomato_Early_blight_leaf,0.9999991655349731,1,1.0352659225463867,8.803239822387695,0.15459442138671875,9.995841026306152
dataset/test/Tomato_Early_blight_leaf/Gls4_mirror_vertical_aug_25aug37.jpg,Tomato_Early_blight_leaf,Tomato_Early_blight_leaf,0.8065877556800842,1,1.030135154724121,7.603048324584961,0.16401958465576172,8.800073623657227
dataset/test/Tomato_Early_blight_leaf/Gls4_mirror_vertical_aug_26aug41.jpg,Tomato_Early_blight_leaf,Tomato_Septoria_leaf_spot,0.7676861882209778,0,1.1503782272338867,7.61251163482666,0.17157554626464844,8.937500953674316
dataset/test/Tomato_Early_blight_leaf/Gls4_mirror_vertical_aug_27aug40.jpg,Tomato_Early_blight_leaf,Tomato_Early_blight_leaf,0.9973520040512085,1,1.0830821990966797,7.777011871337891,0.16381549835205078,9.027203559875488
dataset/test/Tomato_Early_blight_leaf/Gls4_mirror_vertical_aug_28aug36.jpg,Tomato_Early_blight_leaf,Tomato_Early_blight_leaf,0.9659314751625061,1,1.0455245971679688,7.766141891479492,0.17164897918701172,8.986556053161621
dataset/test/Tomato_Early_blight_leaf/Gls4_mirror_vertical_aug_29aug42.jpg,Tomato_Early_blight_leaf,Tomato_Early_blight_leaf,0.9942027926445007,1,1.069636344909668,7.799955368041992,0.1626110076904297,9.035001754760742
dataset/test/Tomato_Early_blight_leaf/Gls4_mirror_verticalaug5.jpg,Tomato_Early_blight_leaf,Tomato_Early_blight_leaf,0.9949330687522888,1,1.074061393737793,7.657808303833008,0.16644668579101562,8.900943756103516
dataset/test/Tomato_Early_blight_leaf/Gls4_mirroraug12.jpg,Tomato_Early_blight_leaf,Tomato_Early_blight_leaf,0.9999998807907104,1,1.094320297241211,7.928177833557129,0.1686868667602539,9.194188117980957
dataset/test/Tomato_Early_blight_leaf/IMG-20240812-WA0445_aug_40aug23.jpg,Tomato_Early_blight_leaf,Tomato_leaf_yellow_curl_virus,0.7619388699531555,0,1.1676368713378906,8.355682373046875,0.17442798614501953,9.700838088989258
dataset/test/Tomato_Early_blight_leaf/IMG-20240812-WA0445_aug_41aug28.jpg,Tomato_Early_blight_leaf,Tomato_mold_leaf,0.7988477349281311,0,1.1672124862670898,8.274478912353516,0.16489028930664062,9.609024047851562
dataset/test/Tomato_Early_blight_leaf/IMG-20240812-WA0445_aug_42aug21.jpg,Tomato_Early_blight_leaf,Tomato_mold_leaf,0.49028101563453674,0,1.161452293395996,8.649388313293457,0.16357421875,9.977210998535156
dataset/test/Tomato_Early_blight_leaf/IMG-20240812-WA0445_aug_43aug24.jpg,Tomato_Early_blight_leaf,Tomato_mold_leaf,0.3636961281299591,0,1.3453788757324219,8.44083023071289,0.1615924835205078,9.950322151184082
dataset/test/Tomato_Early_blight_leaf/IMG-20240812-WA0445_aug_44aug22.jpg,Tomato_Early_blight_leaf,Tomato_mold_leaf,0.49338385462760925,0,1.1732473373413086,8.075773239135742,0.18414974212646484,9.435912132263184
dataset/test/Tomato_Early_blight_leaf/IMG-20240812-WA0445aug8.jpg,Tomato_Early_blight_leaf,Tomato_Early_blight_leaf,0.6900367140769958,1,1.199951171875,8.211088180541992,0.1692037582397461,9.583337783813477
dataset/test/Tomato_Early_blight_leaf/IMG20240812111749_aug_90aug80.jpg,Tomato_Early_blight_leaf,Tomato_mold_leaf,0.9999980926513672,0,1.3065071105957031,8.328811645507812,0.17327880859375,9.811783790588379
dataset/test/Tomato_Early_blight_leaf/IMG20240812111749_aug_91aug77.jpg,Tomato_Early_blight_leaf,Tomato_mold_leaf,0.9999744892120361,0,1.2560253143310547,8.335164070129395,0.17051982879638672,9.76443099975586
dataset/test/Tomato_Early_blight_leaf/IMG20240812111749_aug_92aug73.jpg,Tomato_Early_blight_leaf,Tomato_mold_leaf,0.9994326233863831,0,1.230118751525879,8.204940795898438,0.17009258270263672,9.608115196228027
dataset/test/Tomato_Early_blight_leaf/IMG20240812111749_aug_93aug71.jpg,Tomato_Early_blight_leaf,Tomato_mold_leaf,0.9998043179512024,0,1.1910085678100586,8.237310409545898,0.1786670684814453,9.611059188842773
dataset/test/Tomato_Early_blight_leaf/IMG20240812111749_aug_94aug74.jpg,Tomato_Early_blight_leaf,Tomato_mold_leaf,0.9999121427536011,0,1.2706375122070312,7.997420310974121,0.16757583618164062,9.438133239746094
dataset/test/Tomato_Early_blight_leaf/IMG20240812111749aug18.jpg,Tomato_Early_blight_leaf,Tomato_mold_leaf,0.9999172687530518,0,1.266341209411621,8.284366607666016,0.16831493377685547,9.72172737121582
dataset/test/Tomato_Early_blight_leaf/IMG_20251102_155150_aug_30aug34.jpg,Tomato_Early_blight_leaf,Tomato_Early_blight_leaf,1.0,1,1.1340999603271484,8.131735801696777,0.16822242736816406,9.436726570129395
dataset/test/Tomato_Early_blight_leaf/IMG_20251102_155150_aug_31aug43.jpg,Tomato_Early_blight_leaf,Tomato_Early_blight_leaf,0.9999985694885254,1,1.1067657470703125,8.13234806060791,0.16779804229736328,9.410261154174805
dataset/test/Tomato_Early_blight_leaf/IMG_20251102_155150_aug_32aug44.jpg,Tomato_Early_blight_leaf,Tomato_Early_blight_leaf,1.0,1,1.2050437927246094,8.4439058303833,0.17035293579101562,9.822062492370605
dataset/test/Tomato_Early_blight_leaf/IMG_20251102_155150_aug_33aug38.jpg,Tomato_Early_blight_leaf,Tomato_Early_blight_leaf,1.0,1,1.1326370239257812,8.133439064025879,0.16561222076416016,9.434596061706543
dataset/test/Tomato_Early_blight_leaf/IMG_20251102_155150_aug_34aug32.jpg,Tomato_Early_blight_leaf,Tomato_Early_blight_leaf,1.0,1,1.147099494934082,8.109329223632812,0.174835205078125,9.433892250061035
dataset/test/Tomato_Early_blight_leaf/IMG_20251102_155150aug6.jpg,Tomato_Early_blight_leaf,Tomato_Early_blight_leaf,1.0,1,1.0844144821166992,7.905697822570801,0.16770553588867188,9.161447525024414
dataset/test/Tomato_Early_blight_leaf/IMG_20251102_155153_aug_85aug72.jpg,Tomato_Early_blight_leaf,Tomato_Early_blight_leaf,1.0,1,1.1453218460083008,7.969642639160156,0.17583560943603516,9.293910026550293
dataset/test/Tomato_Early_blight_leaf/IMG_20251102_155153_aug_86aug78.jpg,Tomato_Early_blight_leaf,Tomato_Early_blight_leaf,1.0,1,1.2133970260620117,7.936327934265137,0.167724609375,9.320133209228516
dataset/test/Tomato_Early_blight_leaf/IMG_20251102_155153_aug_87aug76.jpg,Tomato_Early_blight_leaf,Tomato_Early_blight_leaf,1.0,1,1.138284683227539,8.125699996948242,0.1815185546875,9.449225425720215
dataset/test/Tomato_Early_blight_leaf/IMG_20251102_155153_aug_88aug79.jpg,Tomato_Early_blight_leaf,Tomato_Early_blight_leaf,1.0,1,1.185469627380371,8.435237884521484,0.21000099182128906,9.833246231079102
dataset/test/Tomato_Early_blight_leaf/IMG_20251102_155153_aug_89aug75.jpg,Tomato_Early_blight_leaf,Tomato_Early_blight_leaf,1.0,1,1.1290626525878906,8.322738647460938,0.17629718780517578,9.63093090057373
dataset/test/Tomato_Early_blight_leaf/IMG_20251102_155153aug17.jpg,Tomato_Early_blight_leaf,Tomato_Early_blight_leaf,1.0,1,1.188136100769043,8.360904693603516,0.16968536376953125,9.721356391906738
dataset/test/Tomato_Early_blight_leaf/IMG_20251102_155207_aug_10aug47.jpg,Tomato_Early_blight_leaf,Tomato_Early_blight_leaf,0.9987579584121704,1,1.19769287109375,8.459385871887207,0.16907405853271484,9.829099655151367
dataset/test/Tomato_Early_blight_leaf/IMG_20251102_155207_aug_11aug56.jpg,Tomato_Early_blight_leaf,Tomato_Early_blight_leaf,0.9999138116836548,1,1.1626930236816406,8.48803424835205,0.17074108123779297,9.824414253234863
dataset/test/Tomato_Early_blight_leaf/IMG_20251102_155207_aug_12aug45.jpg,Tomato_Early_blight_leaf,Tomato_Early_blight_leaf,0.999937891960144,1,1.191563606262207,8.350516319274902,0.1712789535522461,9.715950012207031
dataset/test/Tomato_Early_blight_leaf/IMG_20251102_155207_aug_13aug48.jpg,Tomato_Early_blight_leaf,Tomato_Early_blight_leaf,0.9999986886978149,1,1.1186552047729492,8.370330810546875,0.1676321029663086,9.65906047821045
dataset/test/Tomato_Early_blight_leaf/IMG_20251102_155207_aug_14aug49.jpg,Tomato_Early_blight_leaf,Tomato_Early_blight_leaf,0.9912492036819458,1,1.1481924057006836,8.339459419250488,0.18466854095458984,9.67544937133789
dataset/test/Tomato_Early_blight_leaf/IMG_20251102_155207aug2.jpg,Tomato_Early_blight_leaf,Tomato_Early_blight_leaf,0.9992130994796753,1,1.1443777084350586,8.33714485168457,0.18431568145751953,9.66869068145752
dataset/test/Tomato_Early_blight_leaf/IMG_20251102_155305_aug_35aug25.jpg,Tomato_Early_blight_leaf,Tomato_Early_blight_leaf,0.9916326403617859,1,1.2321195602416992,8.225106239318848,0.1809835433959961,9.641376495361328
dataset/test/Tomato_Early_blight_leaf/IMG_20251102_155305_aug_36aug27.jpg,Tomato_Early_blight_leaf,Tomato_Early_blight_leaf,0.9848082065582275,1,1.1948604583740234,7.947660446166992,0.16681480407714844,9.312520027160645
dataset/test/Tomato_Early_blight_leaf/IMG_20251102_155305_aug_37aug29.jpg,Tomato_Early_blight_leaf,Tomato_Early_blight_leaf,0.8806995749473572,1,1.1313037872314453,8.021828651428223,0.1692047119140625,9.325263023376465
dataset/test/Tomato_Early_blight_leaf/IMG_20251102_155305_aug_38aug31.jpg,Tomato_Early_blight_leaf,Tomato_Early_blight_leaf,0.9888101816177368,1,1.1190805435180664,8.072938919067383,0.16787052154541016,9.362464904785156
dataset/test/Tomato_Early_blight_leaf/IMG_20251102_155305_aug_39aug26.jpg,Tomato_Early_blight_leaf,Tomato_Early_blight_leaf,0.9756723046302795,1,1.1530075073242188,8.206755638122559,0.17876052856445312,9.542654037475586
dataset/test/Tomato_Early_blight_leaf/IMG_20251102_155305aug7.jpg,Tomato_Early_blight_leaf,Tomato_Early_blight_leaf,0.9907376170158386,1,1.1167106628417969,8.090069770812988,0.16726016998291016,9.376595497131348
dataset/test/Tomato_Early_blight_leaf/IMG_20251102_155853_aug_55aug106.jpg,Tomato_Early_blight_leaf,Tomato_leaf_late_blight,0.9998494386672974,0,1.1407289505004883,8.11279296875,0.1704263687133789,9.427151679992676
dataset/test/Tomato_Early_blight_leaf/IMG_20251102_155853_aug_56aug92.jpg,Tomato_Early_blight_leaf,Tomato_leaf_late_blight,1.0,0,1.1593589782714844,8.060681343078613,0.1850757598876953,9.408059120178223
dataset/test/Tomato_Early_blight_leaf/IMG_20251102_155853_aug_57aug96.jpg,Tomato_Early_blight_leaf,Tomato_leaf_late_blight,0.9999305009841919,0,1.144155502319336,7.99832820892334,0.16846370697021484,9.313892364501953
dataset/test/Tomato_Early_blight_leaf/IMG_20251102_155853_aug_58aug103.jpg,Tomato_Early_blight_leaf,Tomato_leaf_late_blight,0.9999998807907104,0,1.1187114715576172,8.172310829162598,0.20479679107666016,9.498503684997559
dataset/test/Tomato_Early_blight_leaf/IMG_20251102_155853_aug_59aug99.jpg,Tomato_Early_blight_leaf,Tomato_leaf_late_blight,0.9997479319572449,0,1.140768051147461,8.071977615356445,0.1649637222290039,9.38068962097168
dataset/test/Tomato_Early_blight_leaf/IMG_20251102_155853aug11.jpg,Tomato_Early_blight_leaf,Tomato_leaf_late_blight,0.9999997615814209,0,1.1224336624145508,8.123329162597656,0.16407489776611328,9.412263870239258
dataset/test/Tomato_Early_blight_leaf/IMG_20251102_160046_aug_95aug70.jpg,Tomato_Early_blight_leaf,Tomato_Early_blight_leaf,0.9573004245758057,1,1.16839599609375,8.136069297790527,0.17089080810546875,9.478262901306152
dataset/test/Tomato_Early_blight_leaf/IMG_20251102_160046_aug_96aug69.jpg,Tomato_Early_blight_leaf,Tomato_Early_blight_leaf,0.9995239973068237,1,1.1695632934570312,8.245052337646484,0.1692790985107422,9.586542129516602
dataset/test/Tomato_Early_blight_leaf/IMG_20251102_160046_aug_97aug67.jpg,Tomato_Early_blight_leaf,Tomato_Early_blight_leaf,0.9994885921478271,1,1.1650075912475586,8.839574813842773,0.17166709899902344,10.179490089416504
dataset/test/Tomato_Early_blight_leaf/IMG_20251102_160046_aug_98aug68.jpg,Tomato_Early_blight_leaf,Tomato_Early_blight_leaf,0.9986563920974731,1,1.177006721496582,8.232885360717773,0.17040729522705078,9.583467483520508
dataset/test/Tomato_Early_blight_leaf/IMG_20251102_160046aug19.jpg,Tomato_Early_blight_leaf,Tomato_Early_blight_leaf,0.995484471321106,1,1.1641006469726562,9.711708068847656,0.1716318130493164,11.050125122070312
dataset/test/Tomato_Early_blight_leaf/IMG_20251102_160055_aug_15aug53.jpg,Tomato_Early_blight_leaf,Tomato_Early_blight_leaf,1.0,1,1.1402482986450195,8.229440689086914,0.17003726959228516,9.542448997497559
dataset/test/Tomato_Early_blight_leaf/IMG_20251102_160055_aug_16aug55.jpg,Tomato_Early_blight_leaf,Tomato_Early_blight_leaf,1.0,1,1.122248649597168,18.110909461975098,0.18729591369628906,19.423324584960938
dataset/test/Tomato_Early_blight_leaf/IMG_20251102_160055_aug_17aug46.jpg,Tomato_Early_blight_leaf,Tomato_Early_blight_leaf,1.0,1,1.12548828125,12.532060623168945,0.1737232208251953,13.833939552307129
dataset/test/Tomato_Early_blight_leaf/IMG_20251102_160055_aug_18aug54.jpg,Tomato_Early_blight_leaf,Tomato_Early_blight_leaf,1.0,1,1.4359722137451172,10.08308219909668,0.1720743179321289,11.69440746307373
dataset/test/Tomato_Early_blight_leaf/IMG_20251102_160055_aug_19aug52.jpg,Tomato_Early_blight_leaf,Tomato_Early_blight_leaf,1.0,1,1.1658782958984375,8.196829795837402,0.17031574249267578,9.535654067993164
dataset/test/Tomato_Early_blight_leaf/IMG_20251102_160055aug3.jpg,Tomato_Early_blight_leaf,Tomato_Early_blight_leaf,1.0,1,1.1676368713378906,8.143050193786621,0.17703819274902344,9.491170883178711
dataset/test/Tomato_Early_blight_leaf/IMG_20251102_160217_aug_75aug82.jpg,Tomato_Early_blight_leaf,Tomato_Early_blight_leaf,0.9999938011169434,1,1.134526252746582,8.23740291595459,0.20564937591552734,9.580670356750488
dataset/test/Tomato_Early_blight_leaf/IMG_20251102_160217_aug_76aug83.jpg,Tomato_Early_blight_leaf,Tomato_Early_blight_leaf,0.9999973773956299,1,1.136209487915039,8.294904708862305,0.1702413558959961,9.60431957244873
dataset/test/Tomato_Early_blight_leaf/IMG_20251102_160217_aug_77aug90.jpg,Tomato_Early_blight_leaf,Tomato_Early_blight_leaf,0.999962568283081,1,1.1298761367797852,8.249051094055176,0.17005634307861328,9.55185604095459
dataset/test/Tomato_Early_blight_leaf/IMG_20251102_160217_aug_78aug81.jpg,Tomato_Early_blight_leaf,Tomato_Early_blight_leaf,0.9999748468399048,1,1.1629514694213867,8.226532936096191,0.1698169708251953,9.562115669250488
dataset/test/Tomato_Early_blight_leaf/IMG_20251102_160217_aug_79aug86.jpg,Tomato_Early_blight_leaf,Tomato_Early_blight_leaf,0.9999961853027344,1,1.131730079650879,8.2210693359375,0.17039012908935547,9.526115417480469
dataset/test/Tomato_Early_blight_leaf/IMG_20251102_160217aug15.jpg,Tomato_Early_blight_leaf,Tomato_Early_blight_leaf,0.9999852180480957,1,1.1241178512573242,8.258162498474121,0.1692790985107422,9.554208755493164
dataset/test/Tomato_Early_blight_leaf/IMG_20251102_160523_aug_50aug114.jpg,Tomato_Early_blight_leaf,Tomato_Early_blight_leaf,0.9999589920043945,1,1.2170820236206055,8.35555362701416,0.18927955627441406,9.764692306518555
dataset/test/Tomato_Early_blight_leaf/IMG_20251102_160523_aug_51aug111.jpg,Tomato_Early_blight_leaf,Tomato_Early_blight_leaf,0.9995583891868591,1,1.157785415649414,8.150551795959473,0.17100143432617188,9.482392311096191
dataset/test/Tomato_Early_blight_leaf/IMG_20251102_160523_aug_52aug112.jpg,Tomato_Early_blight_leaf,Tomato_Early_blight_leaf,0.9989080429077148,1,1.2984895706176758,8.365460395812988,0.1752033233642578,9.842041969299316
dataset/test/Tomato_Early_blight_leaf/IMG_20251102_160523_aug_53aug115.jpg,Tomato_Early_blight_leaf,Tomato_Early_blight_leaf,0.9999698400497437,1,1.194915771484375,8.366423606872559,0.1748342514038086,9.739320755004883
dataset/test/Tomato_Early_blight_leaf/IMG_20251102_160523_aug_54aug113.jpg,Tomato_Early_blight_leaf,Tomato_Early_blight_leaf,0.9999853372573853,1,1.1911182403564453,8.501203536987305,0.16898250579833984,9.864821434020996
dataset/test/Tomato_Early_blight_leaf/IMG_20251102_160523aug10.jpg,Tomato_Early_blight_leaf,Tomato_Early_blight_leaf,0.999980092048645,1,1.2013969421386719,8.439332008361816,0.17026042938232422,9.813895225524902
dataset/test/Tomato_Early_blight_leaf/IMG_20251102_161202_aug_45aug118.jpg,Tomato_Early_blight_leaf,Tomato_Early_blight_leaf,0.9952893257141113,1,1.204655647277832,8.792684555053711,0.16968536376953125,10.169655799865723
dataset/test/Tomato_Early_blight_leaf/IMG_20251102_161202_aug_46aug116.jpg,Tomato_Early_blight_leaf,Tomato_Early_blight_leaf,0.9952893257141113,1,1.199859619140625,8.408293724060059,0.18052005767822266,9.792357444763184
dataset/test/Tomato_Early_blight_leaf/IMG_20251102_161202_aug_47aug117.jpg,Tomato_Early_blight_leaf,Tomato_Early_blight_leaf,0.9998264908790588,1,1.2123775482177734,8.476164817810059,0.16670513153076172,9.857728958129883
dataset/test/Tomato_Early_blight_leaf/IMG_20251102_161202_aug_48aug30.jpg,Tomato_Early_blight_leaf,Tomato_Early_blight_leaf,0.9996753931045532,1,1.1979331970214844,8.367218971252441,0.16222190856933594,9.729931831359863
dataset/test/Tomato_Early_blight_leaf/IMG_20251102_161202_aug_49aug119.jpg,Tomato_Early_blight_leaf,Tomato_Early_blight_leaf,0.9944465160369873,1,1.1860628128051758,8.233515739440918,0.18935394287109375,9.61167049407959
dataset/test/Tomato_Early_blight_leaf/IMG_20251102_161202aug9.jpg,Tomato_Early_blight_leaf,Tomato_Early_blight_leaf,0.9993640780448914,1,1.310415267944336,8.227533340454102,0.17470455169677734,9.71546745300293
dataset/test/Tomato_Early_blight_leaf/early_blight_jpg.rf.1091c0a2a9a3da5b9ad688c89298614c_aug_80aug87.jpg,Tomato_Early_blight_leaf,Tomato_Early_blight_leaf,0.9959915280342102,1,1.1581010818481445,10.350879669189453,0.21196365356445312,11.723795890808105
dataset/test/Tomato_Early_blight_leaf/early_blight_jpg.rf.1091c0a2a9a3da5b9ad688c89298614c_aug_81aug84.jpg,Tomato_Early_blight_leaf,Tomato_Early_blight_leaf,0.9879192113876343,1,1.5313806533813477,11.036587715148926,0.21100139617919922,12.782951354980469
dataset/test/Tomato_Early_blight_leaf/early_blight_jpg.rf.1091c0a2a9a3da5b9ad688c89298614c_aug_82aug89.jpg,Tomato_Early_blight_leaf,Tomato_Early_blight_leaf,0.9844501614570618,1,1.49493408203125,11.113995552062988,0.2104654312133789,12.822896003723145
dataset/test/Tomato_Early_blight_leaf/early_blight_jpg.rf.1091c0a2a9a3da5b9ad688c89298614c_aug_83aug85.jpg,Tomato_Early_blight_leaf,Tomato_Early_blight_leaf,0.9899190664291382,1,1.5340099334716797,10.926790237426758,0.21057605743408203,12.674932479858398
dataset/test/Tomato_Early_blight_leaf/early_blight_jpg.rf.1091c0a2a9a3da5b9ad688c89298614c_aug_84aug88.jpg,Tomato_Early_blight_leaf,Tomato_Early_blight_leaf,0.9997454285621643,1,1.7278261184692383,11.285069465637207,0.20918655395507812,13.22541618347168
dataset/test/Tomato_Early_blight_leaf/early_blight_jpg.rf.1091c0a2a9a3da5b9ad688c89298614caug16.jpg,Tomato_Early_blight_leaf,Tomato_Early_blight_leaf,0.9994745850563049,1,1.5153789520263672,11.080384254455566,0.2070932388305664,12.806488037109375
dataset/test/Tomato_Healthy_leaf/20140818-tomato-sauce-vicky-wasik-1_jpg.rf.d3d9b4a0642e72ba76b40dbdfff8b9f7_aug_6aug50.jpg,Tomato_Healthy_leaf,Tomato_Healthy_leaf,0.9999929666519165,1,1.4487504959106445,10.986568450927734,0.21096515655517578,12.64987564086914
dataset/test/Tomato_Healthy_leaf/20140818-tomato-sauce-vicky-wasik-1_jpg.rf.d3d9b4a0642e72ba76b40dbdfff8b9f7_aug_7aug56.jpg,Tomato_Healthy_leaf,Tomato_Healthy_leaf,0.9999995231628418,1,1.450230598449707,9.495856285095215,0.16814899444580078,11.116941452026367
dataset/test/Tomato_Healthy_leaf/20140818-tomato-sauce-vicky-wasik-1_jpg.rf.d3d9b4a0642e72ba76b40dbdfff8b9f7aug3.jpg,Tomato_Healthy_leaf,Tomato_Healthy_leaf,0.9999964237213135,1,1.0690984725952148,7.967513084411621,0.16544628143310547,9.20483684539795
dataset/test/Tomato_Healthy_leaf/2015-09-17-01_aug_20aug110.jpg,Tomato_Healthy_leaf,Tomato_Healthy_leaf,0.9996670484542847,1,1.0907859802246094,7.916568756103516,0.17305755615234375,9.183426856994629
dataset/test/Tomato_Healthy_leaf/2015-09-17-01_aug_21aug114.jpg,Tomato_Healthy_leaf,Tomato_Healthy_leaf,0.9999969005584717,1,1.1246185302734375,8.212995529174805,0.1665935516357422,9.506782531738281
dataset/test/Tomato_Healthy_leaf/2015-09-17-01aug10.jpg,Tomato_Healthy_leaf,Tomato_Healthy_leaf,0.9999972581863403,1,1.0849323272705078,7.931365013122559,0.16387176513671875,9.183260917663574
dataset/test/Tomato_Healthy_leaf/Basil_2Binfected_2Bby_2BTomato_2BSpotted_2BWilt_2BVirus_aug_2aug59.jpg,Tomato_Healthy_leaf,Tomato_Healthy_leaf,0.9976661205291748,1,1.077284812927246,8.344015121459961,0.16076087951660156,9.584708213806152
dataset/test/Tomato_Healthy_leaf/Basil_2Binfected_2Bby_2BTomato_2BSpotted_2BWilt_2BVirus_aug_3aug51.jpg,Tomato_Healthy_leaf,Tomato_Healthy_leaf,0.7143458127975464,1,1.1124324798583984,7.7970685958862305,0.1712970733642578,9.083500862121582
dataset/test/Tomato_Healthy_leaf/Basil_2Binfected_2Bby_2BTomato_2BSpotted_2BWilt_2BVirusaug1.jpg,Tomato_Healthy_leaf,Tomato_Healthy_leaf,0.747260570526123,1,1.088728904724121,9.771450996398926,0.18729686737060547,11.04982852935791
dataset/test/Tomato_Healthy_leaf/Fig-2_aug_22aug102.jpg,Tomato_Healthy_leaf,Tomato_Healthy_leaf,0.8455326557159424,1,1.1484136581420898,7.9322357177734375,0.16837120056152344,9.251483917236328
dataset/test/Tomato_Healthy_leaf/Fig-2_aug_23aug90.jpg,Tomato_Healthy_leaf,Tomato_Healthy_leaf,0.564264714717865,1,1.1146917343139648,8.25179386138916,0.1653900146484375,9.53483772277832
dataset/test/Tomato_Healthy_leaf/Fig-2aug11.jpg,Tomato_Healthy_leaf,Tomato_leaf_late_blight,0.722244381904602,0,1.1392850875854492,8.150995254516602,0.16872310638427734,9.462206840515137
dataset/test/Tomato_Healthy_leaf/HL_(103)aug39.jpg,Tomato_Healthy_leaf,Tomato_Healthy_leaf,1.0,1,1.0982484817504883,8.242365837097168,0.1706676483154297,9.513708114624023
dataset/test/Tomato_Healthy_leaf/HL_(118)_aug_38aug103.jpg,Tomato_Healthy_leaf,Tomato_Healthy_leaf,0.9999998807907104,1,1.1295623779296875,8.15551471710205,0.16994667053222656,9.457818031311035
dataset/test/Tomato_Healthy_leaf/HL_(118)_aug_39aug104.jpg,Tomato_Healthy_leaf,Tomato_Healthy_leaf,0.9999998807907104,1,1.1585988998413086,8.265718460083008,0.17027854919433594,9.597540855407715
dataset/test/Tomato_Healthy_leaf/HL_(118)aug19.jpg,Tomato_Healthy_leaf,Tomato_Healthy_leaf,1.0,1,1.1261177062988281,8.349960327148438,0.16518688201904297,9.644468307495117
dataset/test/Tomato_Healthy_leaf/HL_(165)_aug_28aug105.jpg,Tomato_Healthy_leaf,Tomato_Healthy_leaf,1.0,1,1.1445627212524414,8.260164260864258,0.16812992095947266,9.575559616088867
dataset/test/Tomato_Healthy_leaf/HL_(165)_aug_29aug91.jpg,Tomato_Healthy_leaf,Tomato_Healthy_leaf,0.9999994039535522,1,1.1400260925292969,8.356904029846191,0.17748260498046875,9.676615715026855
dataset/test/Tomato_Healthy_leaf/HL_(165)aug14.jpg,Tomato_Healthy_leaf,Tomato_Healthy_leaf,0.9999945163726807,1,1.1305618286132812,8.66801643371582,0.1612224578857422,9.96280288696289
dataset/test/Tomato_Healthy_leaf/HL_(61)_aug_50aug83.jpg,Tomato_Healthy_leaf,Tomato_mold_leaf,0.6515424847602844,0,1.139693260192871,8.179459571838379,0.17061328887939453,9.492300033569336
dataset/test/Tomato_Healthy_leaf/HL_(61)_aug_51aug76.jpg,Tomato_Healthy_leaf,Tomato_Healthy_leaf,0.9995561242103577,1,1.1791553497314453,8.234810829162598,0.17113208770751953,9.587522506713867
dataset/test/Tomato_Healthy_leaf/HL_(61)aug25.jpg,Tomato_Healthy_leaf,Tomato_Healthy_leaf,0.8307994604110718,1,1.2224159240722656,8.242422103881836,0.16863059997558594,9.636005401611328
dataset/test/Tomato_Healthy_leaf/HL_(62)aug36.jpg,Tomato_Healthy_leaf,Tomato_Healthy_leaf,0.9987823367118835,1,1.14898681640625,8.428274154663086,0.17164897918701172,9.751673698425293
dataset/test/Tomato_Healthy_leaf/IMG_20251102_161618_aug_58aug71.jpg,Tomato_Healthy_leaf,Tomato_Healthy_leaf,0.9811811447143555,1,1.1754703521728516,8.70387077331543,0.17290878295898438,10.054730415344238
dataset/test/Tomato_Healthy_leaf/IMG_20251102_161618_aug_59aug63.jpg,Tomato_Healthy_leaf,Tomato_Healthy_leaf,0.9502710700035095,1,1.2078781127929688,8.240422248840332,0.17037200927734375,9.621857643127441
dataset/test/Tomato_Healthy_leaf/IMG_20251102_161618aug29.jpg,Tomato_Healthy_leaf,Tomato_Healthy_leaf,0.5429677367210388,1,1.2240447998046875,8.218626022338867,0.20790863037109375,9.653523445129395
dataset/test/Tomato_Healthy_leaf/IMG_20251102_161625aug44.jpg,Tomato_Healthy_leaf,Tomato_Healthy_leaf,0.999680757522583,1,1.220952033996582,8.707443237304688,0.17063140869140625,10.10195255279541
dataset/test/Tomato_Healthy_leaf/IMG_20251102_161629_aug_10aug115.jpg,Tomato_Healthy_leaf,Tomato_Healthy_leaf,0.9653241634368896,1,1.2136926651000977,8.252440452575684,0.18561267852783203,9.654467582702637
dataset/test/Tomato_Healthy_leaf/IMG_20251102_161629_aug_11aug109.jpg,Tomato_Healthy_leaf,Tomato_Healthy_leaf,0.9967124462127686,1,1.198007583618164,8.308738708496094,0.16800212860107422,9.677486419677734
dataset/test/Tomato_Healthy_leaf/IMG_20251102_161629aug5.jpg,Tomato_Healthy_leaf,Tomato_Healthy_leaf,0.9983757734298706,1,1.1506929397583008,8.2070894241333,0.1702594757080078,9.531281471252441
dataset/test/Tomato_Healthy_leaf/IMG_20251102_161652aug43.jpg,Tomato_Healthy_leaf,Tomato_Healthy_leaf,0.9999269247055054,1,1.1978216171264648,8.356405258178711,0.17105674743652344,9.72843074798584
dataset/test/Tomato_Healthy_leaf/IMG_20251102_161826_aug_60aug68.jpg,Tomato_Healthy_leaf,Tomato_leaf_yellow_curl_virus,0.6146053075790405,0,1.2121009826660156,8.227662086486816,0.17087268829345703,9.613819122314453
dataset/test/Tomato_Healthy_leaf/IMG_20251102_161826_aug_61aug62.jpg,Tomato_Healthy_leaf,Tomato_Healthy_leaf,0.9912794232368469,1,1.1711559295654297,8.236958503723145,0.16790771484375,9.578968048095703
dataset/test/Tomato_Healthy_leaf/IMG_20251102_161826aug30.jpg,Tomato_Healthy_leaf,Tomato_Healthy_leaf,0.9200556874275208,1,1.235915184020996,10.94936466217041,0.24396419525146484,12.432707786560059
dataset/test/Tomato_Healthy_leaf/IMG_20251102_161850_aug_56aug74.jpg,Tomato_Healthy_leaf,Tomato_Healthy_leaf,0.895347535610199,1,1.6557130813598633,11.193755149841309,0.21129703521728516,13.064525604248047
dataset/test/Tomato_Healthy_leaf/IMG_20251102_161850_aug_57aug72.jpg,Tomato_Healthy_leaf,Tomato_Healthy_leaf,0.9628274440765381,1,1.4933242797851562,11.101922035217285,0.2174081802368164,12.816487312316895
dataset/test/Tomato_Healthy_leaf/IMG_20251102_161850aug28.jpg,Tomato_Healthy_leaf,Tomato_Healthy_leaf,0.9915854930877686,1,1.543416976928711,11.568516731262207,0.2083902359008789,13.323343276977539
dataset/test/Tomato_Healthy_leaf/IMG_20251102_161859aug38.jpg,Tomato_Healthy_leaf,Tomato_Healthy_leaf,0.9999954700469971,1,1.5774726867675781,10.79599380493164,0.21301937103271484,12.589635848999023
dataset/test/Tomato_Healthy_leaf/IMG_20251102_161935_aug_4aug55.jpg,Tomato_Healthy_leaf,Tomato_Healthy_leaf,0.999687671661377,1,1.6408424377441406,11.136310577392578,0.20840835571289062,12.988933563232422
dataset/test/Tomato_Healthy_leaf/IMG_20251102_161935_aug_5aug53.jpg,Tomato_Healthy_leaf,Tomato_Healthy_leaf,0.9998376369476318,1,1.4892501831054688,11.13414478302002,0.21074295043945312,12.837950706481934
dataset/test/Tomato_Healthy_leaf/IMG_20251102_161935aug2.jpg,Tomato_Healthy_leaf,Tomato_Healthy_leaf,0.9999862909317017,1,1.4892873764038086,11.067383766174316,0.21016788482666016,12.77041244506836
dataset/test/Tomato_Healthy_leaf/IMG_20251102_162037aug45.jpg,Tomato_Healthy_leaf,Tomato_leaf_yellow_curl_virus,0.5000795722007751,0,1.5488615036010742,7.798382759094238,0.1997241973876953,9.550337791442871
dataset/test/Tomato_Healthy_leaf/h100_lower_aug_54aug73.jpg,Tomato_Healthy_leaf,Tomato_Healthy_leaf,0.999998927116394,1,1.0940065383911133,7.867123603820801,0.16357421875,9.127297401428223
dataset/test/Tomato_Healthy_leaf/h100_lower_aug_55aug75.jpg,Tomato_Healthy_leaf,Tomato_Healthy_leaf,0.9999991655349731,1,1.0907106399536133,7.853957176208496,0.16387176513671875,9.111593246459961
dataset/test/Tomato_Healthy_leaf/h100_loweraug27.jpg,Tomato_Healthy_leaf,Tomato_Healthy_leaf,0.9999990463256836,1,1.109358787536621,7.964699745178223,0.16557598114013672,9.242186546325684
dataset/test/Tomato_Healthy_leaf/h101_aug_18aug119.jpg,Tomato_Healthy_leaf,Tomato_Healthy_leaf,0.998594343662262,1,1.1320810317993164,7.826956748962402,0.16163158416748047,9.123409271240234
dataset/test/Tomato_Healthy_leaf/h101_aug_19aug116.jpg,Tomato_Healthy_leaf,Tomato_Healthy_leaf,0.9866211414337158,1,1.108229637145996,7.8811235427856445,0.1636486053466797,9.155502319335938
dataset/test/Tomato_Healthy_leaf/h101aug9.jpg,Tomato_Healthy_leaf,Tomato_Healthy_leaf,0.9946434497833252,1,1.093505859375,7.985013961791992,0.15622329711914062,9.23720645904541
dataset/test/Tomato_Healthy_leaf/h103_aug_42aug82.jpg,Tomato_Healthy_leaf,Tomato_Healthy_leaf,0.9999996423721313,1,1.0923032760620117,7.6649932861328125,0.20081520080566406,8.96135139465332
dataset/test/Tomato_Healthy_leaf/h103_aug_43aug77.jpg,Tomato_Healthy_leaf,Tomato_Healthy_leaf,0.9999998807907104,1,1.1790447235107422,7.681640625,0.16359424591064453,9.02676010131836
dataset/test/Tomato_Healthy_leaf/h103aug21.jpg,Tomato_Healthy_leaf,Tomato_Healthy_leaf,0.9999967813491821,1,1.0744895935058594,7.868234634399414,0.16413116455078125,9.109500885009766
dataset/test/Tomato_Healthy_leaf/h1_change_90_aug_12aug118.jpg,Tomato_Healthy_leaf,Tomato_Healthy_leaf,0.9999967813491821,1,1.1021184921264648,7.83030891418457,0.16376018524169922,9.099112510681152
dataset/test/Tomato_Healthy_leaf/h1_change_90_aug_13aug108.jpg,Tomato_Healthy_leaf,Tomato_Healthy_leaf,0.9999864101409912,1,1.132822036743164,8.232477188110352,0.16864871978759766,9.53644847869873
dataset/test/Tomato_Healthy_leaf/h1_change_90aug6.jpg,Tomato_Healthy_leaf,Tomato_Healthy_leaf,0.9999924898147583,1,1.1421546936035156,8.238219261169434,0.1684093475341797,9.55178165435791
dataset/test/Tomato_Healthy_leaf/h39_change_270aug48.jpg,Tomato_Healthy_leaf,Tomato_Healthy_leaf,1.0,1,1.1377286911010742,8.349793434143066,0.16951751708984375,9.659690856933594
dataset/test/Tomato_Healthy_leaf/h39_hight_aug_40aug96.jpg,Tomato_Healthy_leaf,Tomato_Healthy_leaf,0.9999998807907104,1,1.1325445175170898,8.553238868713379,0.17012977600097656,9.859099388122559
dataset/test/Tomato_Healthy_leaf/h39_hight_aug_41aug98.jpg,Tomato_Healthy_leaf,Tomato_Healthy_leaf,0.9999992847442627,1,1.1291179656982422,8.298384666442871,0.17220497131347656,9.602764129638672
dataset/test/Tomato_Healthy_leaf/h39_hightaug20.jpg,Tomato_Healthy_leaf,Tomato_Healthy_leaf,0.9999852180480957,1,1.1814346313476562,8.249478340148926,0.17177867889404297,9.605708122253418
dataset/test/Tomato_Healthy_leaf/h39_lower_aug_30aug95.jpg,Tomato_Healthy_leaf,Tomato_Healthy_leaf,0.9999983310699463,1,1.142655372619629,8.287626266479492,0.1708526611328125,9.604042053222656
dataset/test/Tomato_Healthy_leaf/h39_lower_aug_31aug89.jpg,Tomato_Healthy_leaf,Tomato_Healthy_leaf,0.999998927116394,1,1.2052669525146484,8.329404830932617,0.179168701171875,9.716913223266602
dataset/test/Tomato_Healthy_leaf/h39_loweraug15.jpg,Tomato_Healthy_leaf,Tomato_Healthy_leaf,0.9999992847442627,1,1.1381549835205078,8.33245849609375,0.16659259796142578,9.639876365661621
dataset/test/Tomato_Healthy_leaf/h3_aug_8aug57.jpg,Tomato_Healthy_leaf,Tomato_Healthy_leaf,0.9999998807907104,1,1.1267290115356445,8.204940795898438,0.1599445343017578,9.494114875793457
dataset/test/Tomato_Healthy_leaf/h3_aug_9aug54.jpg,Tomato_Healthy_leaf,Tomato_Healthy_leaf,1.0,1,1.134730339050293,8.280495643615723,0.1712779998779297,9.589727401733398
dataset/test/Tomato_Healthy_leaf/h3_mirror_aug_52aug84.jpg,Tomato_Healthy_leaf,Tomato_Healthy_leaf,1.0,1,1.2292118072509766,8.133920669555664,0.16948223114013672,9.53537368774414
dataset/test/Tomato_Healthy_leaf/h3_mirror_aug_53aug80.jpg,Tomato_Healthy_leaf,Tomato_Healthy_leaf,1.0,1,1.1915264129638672,8.960352897644043,0.1710367202758789,10.325787544250488
dataset/test/Tomato_Healthy_leaf/h3_mirroraug26.jpg,Tomato_Healthy_leaf,Tomato_Healthy_leaf,1.0,1,1.1129703521728516,8.28969955444336,0.1700582504272461,9.575855255126953
dataset/test/Tomato_Healthy_leaf/h3aug4.jpg,Tomato_Healthy_leaf,Tomato_Healthy_leaf,0.9999994039535522,1,1.124098777770996,9.07914924621582,0.16926193237304688,10.375213623046875
dataset/test/Tomato_Healthy_leaf/h45_mirror_verticalaug42.jpg,Tomato_Healthy_leaf,Tomato_Healthy_leaf,1.0,1,1.1430072784423828,8.332090377807617,0.16933345794677734,9.647671699523926
dataset/test/Tomato_Healthy_leaf/h49_change_90aug49.jpg,Tomato_Healthy_leaf,Tomato_Healthy_leaf,0.9999990463256836,1,1.1622848510742188,12.5683012008667,0.18466663360595703,13.918198585510254
dataset/test/Tomato_Healthy_leaf/h50_hight_aug_68aug69.jpg,Tomato_Healthy_leaf,Tomato_Healthy_leaf,0.9988755583763123,1,2.331181526184082,16.302547454833984,0.17244529724121094,18.808895111083984
dataset/test/Tomato_Healthy_leaf/h50_hight_aug_69aug61.jpg,Tomato_Healthy_leaf,Tomato_Healthy_leaf,0.9999276399612427,1,1.3220996856689453,11.290700912475586,0.1704263687133789,12.785690307617188
dataset/test/Tomato_Healthy_leaf/h50_hightaug34.jpg,Tomato_Healthy_leaf,Tomato_Healthy_leaf,0.9998212456703186,1,1.2113962173461914,8.441608428955078,0.17403793334960938,9.829801559448242
dataset/test/Tomato_Healthy_leaf/h50_lower_aug_66aug65.jpg,Tomato_Healthy_leaf,Tomato_Healthy_leaf,0.9999938011169434,1,1.121211051940918,8.382478713989258,0.1701498031616211,9.67659854888916
dataset/test/Tomato_Healthy_leaf/h50_lower_aug_67aug70.jpg,Tomato_Healthy_leaf,Tomato_Healthy_leaf,0.9999803304672241,1,1.1776371002197266,8.343737602233887,0.1736297607421875,9.697856903076172
dataset/test/Tomato_Healthy_leaf/h50_loweraug33.jpg,Tomato_Healthy_leaf,Tomato_Healthy_leaf,0.999862551689148,1,1.1323223114013672,8.628294944763184,0.17261123657226562,9.93602466583252
dataset/test/Tomato_Healthy_leaf/h50_mirror_vertical_aug_24aug111.jpg,Tomato_Healthy_leaf,Tomato_Healthy_leaf,0.9999972581863403,1,1.154876708984375,8.519553184509277,0.1704273223876953,9.847525596618652
dataset/test/Tomato_Healthy_leaf/h50_mirror_vertical_aug_25aug100.jpg,Tomato_Healthy_leaf,Tomato_Healthy_leaf,1.0,1,1.1220245361328125,8.457257270812988,0.1725015640258789,9.754284858703613
dataset/test/Tomato_Healthy_leaf/h50_mirror_verticalaug12.jpg,Tomato_Healthy_leaf,Tomato_Healthy_leaf,0.9999915361404419,1,1.1760997772216797,8.375293731689453,0.17159366607666016,9.72563648223877
dataset/test/Tomato_Healthy_leaf/h50aug37.jpg,Tomato_Healthy_leaf,Tomato_Healthy_leaf,0.9999984502792358,1,1.1185636520385742,8.385885238647461,0.17090988159179688,9.678096771240234
dataset/test/Tomato_Healthy_leaf/h5_mirroraug41.jpg,Tomato_Healthy_leaf,Tomato_Healthy_leaf,1.0,1,1.1412487030029297,8.464091300964355,0.16874217987060547,9.776765823364258
dataset/test/Tomato_Healthy_leaf/h65_mirror_vertical_aug_26aug97.jpg,Tomato_Healthy_leaf,Tomato_Healthy_leaf,0.9999934434890747,1,1.1342287063598633,8.419403076171875,0.17144489288330078,9.728023529052734
dataset/test/Tomato_Healthy_leaf/h65_mirror_vertical_aug_27aug106.jpg,Tomato_Healthy_leaf,Tomato_Healthy_leaf,0.999982476234436,1,1.127375602722168,9.706931114196777,0.20802021026611328,11.04590129852295
dataset/test/Tomato_Healthy_leaf/h65_mirror_verticalaug13.jpg,Tomato_Healthy_leaf,Tomato_Healthy_leaf,0.9999939203262329,1,1.4594364166259766,11.142088890075684,0.21016788482666016,12.814949989318848
dataset/test/Tomato_Healthy_leaf/h71_mirror_aug_62aug66.jpg,Tomato_Healthy_leaf,Tomato_Healthy_leaf,1.0,1,1.480360984802246,11.149496078491211,0.2100200653076172,12.843006134033203
dataset/test/Tomato_Healthy_leaf/h71_mirror_aug_63aug67.jpg,Tomato_Healthy_leaf,Tomato_Healthy_leaf,0.999998927116394,1,1.5436019897460938,11.005439758300781,0.20877742767333984,12.76152515411377
dataset/test/Tomato_Healthy_leaf/h71_mirroraug31.jpg,Tomato_Healthy_leaf,Tomato_Healthy_leaf,1.0,1,1.6576223373413086,11.616479873657227,0.20781707763671875,13.485696792602539
dataset/test/Tomato_Healthy_leaf/h76_hight_aug_34aug88.jpg,Tomato_Healthy_leaf,Tomato_Healthy_leaf,1.0,1,1.458491325378418,11.075125694274902,0.20866870880126953,12.74615478515625
dataset/test/Tomato_Healthy_leaf/h76_hight_aug_35aug93.jpg,Tomato_Healthy_leaf,Tomato_Healthy_leaf,0.9999971389770508,1,1.469935417175293,11.00342082977295,0.2106304168701172,12.68752384185791
dataset/test/Tomato_Healthy_leaf/h76_hightaug17.jpg,Tomato_Healthy_leaf,Tomato_Healthy_leaf,0.9999983310699463,1,1.511397361755371,11.138626098632812,0.19881629943847656,12.852154731750488
dataset/test/Tomato_Healthy_leaf/h78_change_270_aug_36aug94.jpg,Tomato_Healthy_leaf,Tomato_Healthy_leaf,0.9999995231628418,1,1.4685640335083008,9.292409896850586,0.16453933715820312,10.928586959838867
dataset/test/Tomato_Healthy_leaf/h78_change_270_aug_37aug99.jpg,Tomato_Healthy_leaf,Tomato_Healthy_leaf,0.9999994039535522,1,1.0866546630859375,7.790807723999023,0.17644596099853516,9.056666374206543
dataset/test/Tomato_Healthy_leaf/h78_change_270aug18.jpg,Tomato_Healthy_leaf,Tomato_Healthy_leaf,0.9999971389770508,1,1.193563461303711,7.874216079711914,0.16916751861572266,9.239725112915039
dataset/test/Tomato_Healthy_leaf/h7_lower_aug_44aug87.jpg,Tomato_Healthy_leaf,Tomato_Healthy_leaf,0.999887228012085,1,1.164525032043457,7.885105133056641,0.16500186920166016,9.216964721679688
dataset/test/Tomato_Healthy_leaf/h7_lower_aug_45aug79.jpg,Tomato_Healthy_leaf,Tomato_Healthy_leaf,0.9995323419570923,1,1.1022462844848633,7.891012191772461,0.1655559539794922,9.161391258239746
dataset/test/Tomato_Healthy_leaf/h7_loweraug22.jpg,Tomato_Healthy_leaf,Tomato_Healthy_leaf,0.9999978542327881,1,1.1609125137329102,8.205588340759277,0.1677417755126953,9.537115097045898
dataset/test/Tomato_Healthy_leaf/h81_change_180_aug_16aug113.jpg,Tomato_Healthy_leaf,Tomato_Healthy_leaf,0.9999938011169434,1,1.0902099609375,7.981902122497559,0.1662616729736328,9.2407808303833
dataset/test/Tomato_Healthy_leaf/h81_change_180_aug_17aug117.jpg,Tomato_Healthy_leaf,Tomato_Healthy_leaf,0.9999916553497314,1,1.1115436553955078,7.980530738830566,0.16537189483642578,9.260224342346191
dataset/test/Tomato_Healthy_leaf/h81_change_180aug8.jpg,Tomato_Healthy_leaf,Tomato_Healthy_leaf,0.9999984502792358,1,1.1438217163085938,7.98103141784668,0.15313148498535156,9.280558586120605
dataset/test/Tomato_Healthy_leaf/h84_mirroraug40.jpg,Tomato_Healthy_leaf,Tomato_Healthy_leaf,1.0,1,1.0844707489013672,7.831697463989258,0.1654815673828125,9.084298133850098
dataset/test/Tomato_Healthy_leaf/h8_change_90aug35.jpg,Tomato_Healthy_leaf,Tomato_Healthy_leaf,0.9999990463256836,1,1.2022666931152344,7.774548530578613,0.16577816009521484,9.145241737365723
dataset/test/Tomato_Healthy_leaf/h95_mirror_verticalaug46.jpg,Tomato_Healthy_leaf,Tomato_Healthy_leaf,0.9998507499694824,1,1.1004886627197266,9.88519287109375,0.20851993560791016,11.19788646697998
dataset/test/Tomato_Healthy_leaf/h96_change_270aug47.jpg,Tomato_Healthy_leaf,Tomato_Healthy_leaf,0.9999977350234985,1,1.4906206130981445,11.112996101379395,0.2041311264038086,12.811561584472656
dataset/test/Tomato_Healthy_leaf/h96_mirror_vertical_aug_14aug107.jpg,Tomato_Healthy_leaf,Tomato_Healthy_leaf,1.0,1,1.506730079650879,11.107217788696289,0.2081127166748047,12.825321197509766
dataset/test/Tomato_Healthy_leaf/h96_mirror_vertical_aug_15aug112.jpg,Tomato_Healthy_leaf,Tomato_Healthy_leaf,1.0,1,1.5119905471801758,11.047513961791992,0.20953845977783203,12.772655487060547
dataset/test/Tomato_Healthy_leaf/h96_mirror_verticalaug7.jpg,Tomato_Healthy_leaf,Tomato_Healthy_leaf,1.0,1,1.471527099609375,11.621627807617188,0.2106485366821289,13.307120323181152
dataset/test/Tomato_Healthy_leaf/h99_hight_aug_32aug92.jpg,Tomato_Healthy_leaf,Tomato_Healthy_leaf,0.999864935874939,1,1.6232519149780273,11.025919914245605,0.21657466888427734,12.869562149047852
dataset/test/Tomato_Healthy_leaf/h99_hight_aug_33aug101.jpg,Tomato_Healthy_leaf,Tomato_Healthy_leaf,0.9993723034858704,1,1.5365829467773438,11.496646881103516,0.21138954162597656,13.24862003326416
dataset/test/Tomato_Healthy_leaf/h99_hightaug16.jpg,Tomato_Healthy_leaf,Tomato_Healthy_leaf,0.9961380362510681,1,1.531825065612793,10.985994338989258,0.20816707611083984,12.729264259338379
dataset/test/Tomato_Healthy_leaf/h99_lower_aug_46aug78.jpg,Tomato_Healthy_leaf,Tomato_Healthy_leaf,0.9975224137306213,1,1.5143051147460938,8.76372241973877,0.16553783416748047,10.446805953979492
dataset/test/Tomato_Healthy_leaf/h99_lower_aug_47aug81.jpg,Tomato_Healthy_leaf,Tomato_Healthy_leaf,0.9998601675033569,1,1.157526969909668,7.90745735168457,0.16546344757080078,9.233447074890137
dataset/test/Tomato_Healthy_leaf/h99_loweraug23.jpg,Tomato_Healthy_leaf,Tomato_Healthy_leaf,0.9978901743888855,1,1.1272287368774414,8.01286506652832,0.1691303253173828,9.31235408782959
dataset/test/Tomato_Healthy_leaf/h9_change_180_aug_48aug86.jpg,Tomato_Healthy_leaf,Tomato_Healthy_leaf,0.9999992847442627,1,1.109654426574707,7.958772659301758,0.16446399688720703,9.235429763793945
dataset/test/Tomato_Healthy_leaf/h9_change_180_aug_49aug85.jpg,Tomato_Healthy_leaf,Tomato_Healthy_leaf,0.9999998807907104,1,1.1060619354248047,8.011124610900879,0.19526100158691406,9.315187454223633
dataset/test/Tomato_Healthy_leaf/h9_change_180aug24.jpg,Tomato_Healthy_leaf,Tomato_Healthy_leaf,0.9999995231628418,1,1.1024141311645508,7.877659797668457,0.166259765625,9.149039268493652
dataset/test/Tomato_Healthy_leaf/russian-2-319-dt-2010-leaves-high-tunnel-9-29-2014-c_jpg.rf.7ef5d3901dbeaf27776a27bfc8197b72_aug_0aug52.jpg,Tomato_Healthy_leaf,Tomato_Healthy_leaf,0.9954677820205688,1,1.1580991744995117,7.89353084564209,0.16672420501708984,9.221224784851074
dataset/test/Tomato_Healthy_leaf/russian-2-319-dt-2010-leaves-high-tunnel-9-29-2014-c_jpg.rf.7ef5d3901dbeaf27776a27bfc8197b72_aug_1aug58.jpg,Tomato_Healthy_leaf,Tomato_Healthy_leaf,0.9975767731666565,1,1.2058029174804688,7.892326354980469,0.16403770446777344,9.264742851257324
dataset/test/Tomato_Healthy_leaf/russian-2-319-dt-2010-leaves-high-tunnel-9-29-2014-c_jpg.rf.7ef5d3901dbeaf27776a27bfc8197b72aug0.jpg,Tomato_Healthy_leaf,Tomato_Healthy_leaf,0.9977954626083374,1,1.195821762084961,7.865734100341797,0.16485214233398438,9.228816986083984
dataset/test/Tomato_Healthy_leaf/unnamed_aug_64aug64.jpg,Tomato_Healthy_leaf,Tomato_Healthy_leaf,0.9999136924743652,1,1.0913963317871094,7.958606719970703,0.16594696044921875,9.218705177307129
dataset/test/Tomato_Healthy_leaf/unnamed_aug_65aug60.jpg,Tomato_Healthy_leaf,Tomato_Healthy_leaf,0.9999995231628418,1,1.1054887771606445,8.39075756072998,0.16718482971191406,9.666337966918945
dataset/test/Tomato_Healthy_leaf/unnamedaug32.jpg,Tomato_Healthy_leaf,Tomato_Healthy_leaf,0.9999991655349731,1,1.124654769897461,7.983956336975098,0.16664886474609375,9.278077125549316
dataset/test/Tomato_Septoria_leaf_spot/1723454507354_aug_44aug83.jpg,Tomato_Septoria_leaf_spot,Tomato_Septoria_leaf_spot,0.8170003890991211,1,1.0993223190307617,8.190403938293457,0.16579723358154297,9.458724975585938
dataset/test/Tomato_Septoria_leaf_spot/1723454507354_aug_45aug80.jpg,Tomato_Septoria_leaf_spot,Tomato_Early_blight_leaf,0.7585046887397766,0,1.251358985900879,8.456534385681152,0.16711139678955078,9.878118515014648
dataset/test/Tomato_Septoria_leaf_spot/1723454507354aug22.jpg,Tomato_Septoria_leaf_spot,Tomato_Septoria_leaf_spot,0.8311823606491089,1,1.1059513092041016,8.11486530303955,0.1680917739868164,9.391725540161133
dataset/test/Tomato_Septoria_leaf_spot/1723454507465_aug_58aug67.jpg,Tomato_Septoria_leaf_spot,Tomato_mold_leaf,0.7449469566345215,0,1.1140623092651367,8.104032516479492,0.1658153533935547,9.387206077575684
dataset/test/Tomato_Septoria_leaf_spot/1723454507465_aug_59aug66.jpg,Tomato_Septoria_leaf_spot,Tomato_Septoria_leaf_spot,0.5526123046875,1,1.227229118347168,8.289495468139648,0.16727924346923828,9.686894416809082
dataset/test/Tomato_Septoria_leaf_spot/1723454507465aug29.jpg,Tomato_Septoria_leaf_spot,Tomato_Septoria_leaf_spot,0.8264539241790771,1,1.1385459899902344,8.135514259338379,0.16098308563232422,9.437579154968262
dataset/test/Tomato_Septoria_leaf_spot/5454635393351680.jpeg_aug_14aug115.jpg,Tomato_Septoria_leaf_spot,Tomato_Septoria_leaf_spot,0.9998633861541748,1,1.105320930480957,7.957067489624023,0.17801952362060547,9.24379825592041
dataset/test/Tomato_Septoria_leaf_spot/5454635393351680.jpeg_aug_15aug46.jpg,Tomato_Septoria_leaf_spot,Tomato_Septoria_leaf_spot,0.9982853531837463,1,1.1584882736206055,7.899438858032227,0.16872310638427734,9.2296142578125
dataset/test/Tomato_Septoria_leaf_spot/5454635393351680.jpegaug7.jpg,Tomato_Septoria_leaf_spot,Tomato_Septoria_leaf_spot,0.99137282371521,1,1.1156740188598633,8.017902374267578,0.16831588745117188,9.30479907989502
dataset/test/Tomato_Septoria_leaf_spot/6134794031202304-600x272-jpeg_jpg.rf.5482c323fe160b26426628094ae3646baug42.jpg,Tomato_Septoria_leaf_spot,Tomato_Septoria_leaf_spot,0.9999780654907227,1,1.1394891738891602,8.088051795959473,0.16801834106445312,9.39831829071045
dataset/test/Tomato_Septoria_leaf_spot/66e7583ebe11cf0bd06435e4167bd4fdaug41.jpg,Tomato_Septoria_leaf_spot,Tomato_Septoria_leaf_spot,1.0,1,1.1392288208007812,11.193033218383789,0.21083450317382812,12.54611587524414
dataset/test/Tomato_Septoria_leaf_spot/8_20mistakes_204_aug_72aug61.jpg,Tomato_Septoria_leaf_spot,Tomato_mold_leaf,0.6492706537246704,0,1.4872875213623047,11.060587882995605,0.20487117767333984,12.75619125366211
dataset/test/Tomato_Septoria_leaf_spot/8_20mistakes_204_aug_73aug62.jpg,Tomato_Septoria_leaf_spot,Tomato_mold_leaf,0.7990413904190063,0,1.7532892227172852,11.246479034423828,0.21040821075439453,13.213953018188477
dataset/test/Tomato_Septoria_leaf_spot/8_20mistakes_204aug36.jpg,Tomato_Septoria_leaf_spot,Tomato_mold_leaf,0.6142014861106873,0,1.4977874755859375,11.06981086730957,0.21031570434570312,12.781542778015137
dataset/test/Tomato_Septoria_leaf_spot/Gls11_mirror_vertical_aug_42aug85.jpg,Tomato_Septoria_leaf_spot,Tomato_Septoria_leaf_spot,0.9999936819076538,1,1.4986572265625,11.025643348693848,0.2208719253540039,12.748727798461914
dataset/test/Tomato_Septoria_leaf_spot/Gls11_mirror_vertical_aug_43aug86.jpg,Tomato_Septoria_leaf_spot,Tomato_Septoria_leaf_spot,0.9999392032623291,1,1.6019353866577148,11.072530746459961,0.20694637298583984,12.88548755645752
dataset/test/Tomato_Septoria_leaf_spot/Gls11_mirror_verticalaug21.jpg,Tomato_Septoria_leaf_spot,Tomato_Septoria_leaf_spot,0.9920881390571594,1,1.479583740234375,11.005884170532227,0.21120548248291016,12.700228691101074
dataset/test/Tomato_Septoria_leaf_spot/Gls12_mirror_aug_46aug81.jpg,Tomato_Septoria_leaf_spot,Tomato_Septoria_leaf_spot,1.0,1,1.4608049392700195,11.016327857971191,0.21942710876464844,12.700820922851562
dataset/test/Tomato_Septoria_leaf_spot/Gls12_mirror_aug_47aug92.jpg,Tomato_Septoria_leaf_spot,Tomato_Septoria_leaf_spot,0.9999997615814209,1,1.422323226928711,7.947735786437988,0.16509437561035156,9.538022994995117
dataset/test/Tomato_Septoria_leaf_spot/Gls12_mirroraug23.jpg,Tomato_Septoria_leaf_spot,Tomato_Septoria_leaf_spot,1.0,1,1.121063232421875,7.950605392456055,0.1677236557006836,9.242057800292969
dataset/test/Tomato_Septoria_leaf_spot/Gls1_mirror_aug_38aug82.jpg,Tomato_Septoria_leaf_spot,Tomato_Septoria_leaf_spot,0.9999450445175171,1,1.1025428771972656,7.932234764099121,0.16324234008789062,9.200650215148926
dataset/test/Tomato_Septoria_leaf_spot/Gls1_mirror_aug_39aug84.jpg,Tomato_Septoria_leaf_spot,Tomato_Septoria_leaf_spot,0.9999780654907227,1,1.0771369934082031,7.9377546310424805,0.15631675720214844,9.17424201965332
dataset/test/Tomato_Septoria_leaf_spot/Gls1_mirroraug19.jpg,Tomato_Septoria_leaf_spot,Tomato_Septoria_leaf_spot,0.9999966621398926,1,1.091080665588379,7.811473846435547,0.17426204681396484,9.08007526397705
dataset/test/Tomato_Septoria_leaf_spot/Gls21_change_270aug43.jpg,Tomato_Septoria_leaf_spot,Tomato_Septoria_leaf_spot,0.9668443202972412,1,1.0908021926879883,7.820734024047852,0.1644458770751953,9.078686714172363
dataset/test/Tomato_Septoria_leaf_spot/Gls21_hight_aug_56aug78.jpg,Tomato_Septoria_leaf_spot,Tomato_Septoria_leaf_spot,0.9999969005584717,1,1.0873394012451172,7.931939125061035,0.16511154174804688,9.186909675598145
dataset/test/Tomato_Septoria_leaf_spot/Gls21_hight_aug_57aug79.jpg,Tomato_Septoria_leaf_spot,Tomato_Septoria_leaf_spot,0.999947190284729,1,1.0988597869873047,8.027828216552734,0.20531654357910156,9.33463191986084
dataset/test/Tomato_Septoria_leaf_spot/Gls21_hightaug28.jpg,Tomato_Septoria_leaf_spot,Tomato_Septoria_leaf_spot,0.9999133348464966,1,1.0783758163452148,8.019013404846191,0.16531658172607422,9.26561450958252
dataset/test/Tomato_Septoria_leaf_spot/Gls29_change_180_aug_40aug89.jpg,Tomato_Septoria_leaf_spot,Tomato_Septoria_leaf_spot,0.9996090531349182,1,1.1051921844482422,7.900529861450195,0.16394424438476562,9.172372817993164
dataset/test/Tomato_Septoria_leaf_spot/Gls29_change_180_aug_41aug91.jpg,Tomato_Septoria_leaf_spot,Tomato_Septoria_leaf_spot,0.999977707862854,1,1.0872859954833984,7.94406795501709,0.1665935516357422,9.200742721557617
dataset/test/Tomato_Septoria_leaf_spot/Gls29_change_180aug20.jpg,Tomato_Septoria_leaf_spot,Tomato_Septoria_leaf_spot,0.9999203681945801,1,1.1287288665771484,8.504812240600586,0.17226028442382812,9.808597564697266
dataset/test/Tomato_Septoria_leaf_spot/Gls36_hight_aug_20aug116.jpg,Tomato_Septoria_leaf_spot,Tomato_Septoria_leaf_spot,0.9979720711708069,1,1.1337471008300781,8.46357250213623,0.17161273956298828,9.771449089050293
dataset/test/Tomato_Septoria_leaf_spot/Gls36_hight_aug_21aug118.jpg,Tomato_Septoria_leaf_spot,Tomato_Septoria_leaf_spot,0.9959045052528381,1,1.1523218154907227,8.350089073181152,0.17020606994628906,9.675302505493164
dataset/test/Tomato_Septoria_leaf_spot/Gls36_hightaug10.jpg,Tomato_Septoria_leaf_spot,Tomato_Septoria_leaf_spot,0.9841550588607788,1,1.119729995727539,8.40490436553955,0.17011260986328125,9.697412490844727
dataset/test/Tomato_Septoria_leaf_spot/Gls41_change_270_aug_50aug90.jpg,Tomato_Septoria_leaf_spot,Tomato_Septoria_leaf_spot,0.6361369490623474,1,1.2016563415527344,8.399144172668457,0.1680755615234375,9.771913528442383
dataset/test/Tomato_Septoria_leaf_spot/Gls41_change_270_aug_51aug77.jpg,Tomato_Septoria_leaf_spot,Tomato_Septoria_leaf_spot,0.9834202527999878,1,1.1548223495483398,8.384126663208008,0.16494464874267578,9.706262588500977
dataset/test/Tomato_Septoria_leaf_spot/Gls41_change_270aug25.jpg,Tomato_Septoria_leaf_spot,Tomato_Septoria_leaf_spot,0.7825701236724854,1,1.1499700546264648,8.397516250610352,0.16172313690185547,9.712115287780762
dataset/test/Tomato_Septoria_leaf_spot/Gls43_change_90_aug_60aug75.jpg,Tomato_Septoria_leaf_spot,Tomato_Septoria_leaf_spot,0.9981551766395569,1,1.1207847595214844,8.244365692138672,0.17270469665527344,9.540467262268066
dataset/test/Tomato_Septoria_leaf_spot/Gls43_change_90_aug_61aug73.jpg,Tomato_Septoria_leaf_spot,Tomato_Septoria_leaf_spot,0.9994381070137024,1,1.1251192092895508,8.178550720214844,0.17114925384521484,9.478021621704102
dataset/test/Tomato_Septoria_leaf_spot/Gls43_change_90aug30.jpg,Tomato_Septoria_leaf_spot,Tomato_Septoria_leaf_spot,0.9942883253097534,1,1.2154512405395508,8.23668098449707,0.17251968383789062,9.627744674682617
dataset/test/Tomato_Septoria_leaf_spot/Gls46_change_90_aug_6aug53.jpg,Tomato_Septoria_leaf_spot,Tomato_Septoria_leaf_spot,0.9999949932098389,1,1.161341667175293,10.954938888549805,0.19861221313476562,12.317615509033203
dataset/test/Tomato_Septoria_leaf_spot/Gls46_change_90_aug_7aug56.jpg,Tomato_Septoria_leaf_spot,Tomato_Septoria_leaf_spot,0.9998231530189514,1,1.4884538650512695,11.152144432067871,0.2084827423095703,12.852136611938477
dataset/test/Tomato_Septoria_leaf_spot/Gls46_change_90aug3.jpg,Tomato_Septoria_leaf_spot,Tomato_Septoria_leaf_spot,0.9998304843902588,1,1.510324478149414,12.086037635803223,0.20944595336914062,13.809642791748047
dataset/test/Tomato_Septoria_leaf_spot/Gls47aug44.jpg,Tomato_Septoria_leaf_spot,Tomato_Septoria_leaf_spot,0.9999988079071045,1,1.5295286178588867,16.33382511138916,0.2252788543701172,18.092150688171387
dataset/test/Tomato_Septoria_leaf_spot/Gls76_aug_34aug97.jpg,Tomato_Septoria_leaf_spot,Tomato_mold_leaf,0.5552706122398376,0,2.400867462158203,22.113694190979004,0.2121124267578125,24.730785369873047
dataset/test/Tomato_Septoria_leaf_spot/Gls76_aug_35aug103.jpg,Tomato_Septoria_leaf_spot,Tomato_mold_leaf,0.9475271701812744,0,1.4802122116088867,15.607486724853516,0.2100372314453125,17.300942420959473
dataset/test/Tomato_Septoria_leaf_spot/Gls76_change_180_aug_30aug96.jpg,Tomato_Septoria_leaf_spot,Tomato_mold_leaf,0.9752702116966248,0,1.6190471649169922,9.874173164367676,0.16787147521972656,11.664146423339844
dataset/test/Tomato_Septoria_leaf_spot/Gls76_change_180_aug_31aug100.jpg,Tomato_Septoria_leaf_spot,Tomato_Early_blight_leaf,0.5694385170936584,0,1.1615257263183594,8.172865867614746,0.16757583618164062,9.504486083984375
dataset/test/Tomato_Septoria_leaf_spot/Gls76_change_180aug15.jpg,Tomato_Septoria_leaf_spot,Tomato_mold_leaf,0.9690203666687012,0,1.1187667846679688,8.31816291809082,0.16814899444580078,9.607781410217285
dataset/test/Tomato_Septoria_leaf_spot/Gls76aug17.jpg,Tomato_Septoria_leaf_spot,Tomato_Septoria_leaf_spot,0.5446071624755859,1,1.115025520324707,8.4500150680542,0.16766738891601562,9.735376358032227
dataset/test/Tomato_Septoria_leaf_spot/Gls7_change_270_aug_64aug68.jpg,Tomato_Septoria_leaf_spot,Tomato_Septoria_leaf_spot,0.9999988079071045,1,1.1074695587158203,8.261199951171875,0.16311168670654297,9.534819602966309
dataset/test/Tomato_Septoria_leaf_spot/Gls7_change_270_aug_65aug71.jpg,Tomato_Septoria_leaf_spot,Tomato_Septoria_leaf_spot,0.9999918937683105,1,1.0999698638916016,8.067790985107422,0.15822505950927734,9.32896614074707
dataset/test/Tomato_Septoria_leaf_spot/Gls7_change_270aug32.jpg,Tomato_Septoria_leaf_spot,Tomato_Septoria_leaf_spot,0.999994158744812,1,1.1211357116699219,7.877252578735352,0.1685199737548828,9.169280052185059
dataset/test/Tomato_Septoria_leaf_spot/Gls7_lower_aug_0aug57.jpg,Tomato_Septoria_leaf_spot,Tomato_Septoria_leaf_spot,0.9993569254875183,1,1.1167116165161133,7.998716354370117,0.1690196990966797,9.287373542785645
dataset/test/Tomato_Septoria_leaf_spot/Gls7_lower_aug_1aug52.jpg,Tomato_Septoria_leaf_spot,Tomato_Septoria_leaf_spot,0.9999085664749146,1,1.1197118759155273,7.971160888671875,0.16753864288330078,9.260891914367676
dataset/test/Tomato_Septoria_leaf_spot/Gls7_loweraug0.jpg,Tomato_Septoria_leaf_spot,Tomato_Septoria_leaf_spot,0.999413013458252,1,1.1459503173828125,8.206274032592773,0.16627788543701172,9.521245002746582
dataset/test/Tomato_Septoria_leaf_spot/Gls81_lower_aug_2aug51.jpg,Tomato_Septoria_leaf_spot,Tomato_Septoria_leaf_spot,0.9999566078186035,1,1.0585250854492188,8.210348129272461,0.1672048568725586,9.439002990722656
dataset/test/Tomato_Septoria_leaf_spot/Gls81_lower_aug_3aug54.jpg,Tomato_Septoria_leaf_spot,Tomato_Septoria_leaf_spot,0.999990701675415,1,1.057912826538086,8.215420722961426,0.17039012908935547,9.446429252624512
dataset/test/Tomato_Septoria_leaf_spot/Gls81_loweraug1.jpg,Tomato_Septoria_leaf_spot,Tomato_Septoria_leaf_spot,0.9999613761901855,1,1.1281929016113281,8.225199699401855,0.16987228393554688,9.52628231048584
dataset/test/Tomato_Septoria_leaf_spot/IMG-20240812-WA0213_aug_70aug59.jpg,Tomato_Septoria_leaf_spot,Tomato_Early_blight_leaf,0.7956445813179016,0,1.1746740341186523,8.256200790405273,0.16983318328857422,9.603727340698242
dataset/test/Tomato_Septoria_leaf_spot/IMG-20240812-WA0213_aug_71aug60.jpg,Tomato_Septoria_leaf_spot,Tomato_Early_blight_leaf,0.731704831123352,0,1.1715803146362305,8.580887794494629,0.16820526123046875,9.923431396484375
dataset/test/Tomato_Septoria_leaf_spot/IMG-20240812-WA0213aug35.jpg,Tomato_Septoria_leaf_spot,Tomato_Early_blight_leaf,0.9730292558670044,0,1.1866750717163086,8.292089462280273,0.1688709259033203,9.650615692138672
dataset/test/Tomato_Septoria_leaf_spot/Original_e-blight.JPG.rend.hgtvcom.966.725.jpeg_aug_52aug74.jpg,Tomato_Septoria_leaf_spot,Tomato_Septoria_leaf_spot,0.9998108744621277,1,1.1471366882324219,8.016791343688965,0.16918563842773438,9.335837364196777
dataset/test/Tomato_Septoria_leaf_spot/Original_e-blight.JPG.rend.hgtvcom.966.725.jpeg_aug_53aug76.jpg,Tomato_Septoria_leaf_spot,Tomato_Septoria_leaf_spot,0.9981687068939209,1,1.1947860717773438,8.090532302856445,0.17000102996826172,9.45861530303955
dataset/test/Tomato_Septoria_leaf_spot/Original_e-blight.JPG.rend.hgtvcom.966.725.jpegaug26.jpg,Tomato_Septoria_leaf_spot,Tomato_Septoria_leaf_spot,0.9996967315673828,1,1.1406364440917969,8.095661163330078,0.17963218688964844,9.41972541809082
dataset/test/Tomato_Septoria_leaf_spot/SS_ (990)_aug_24aug107.jpg,Tomato_Septoria_leaf_spot,Tomato_Septoria_leaf_spot,0.9999998807907104,1,1.1323213577270508,8.222514152526855,0.16831588745117188,9.525800704956055
dataset/test/Tomato_Septoria_leaf_spot/SS_ (990)_aug_25aug113.jpg,Tomato_Septoria_leaf_spot,Tomato_Septoria_leaf_spot,0.9999997615814209,1,1.1678791046142578,8.200570106506348,0.1705007553100586,9.542041778564453
dataset/test/Tomato_Septoria_leaf_spot/SS_ (990)aug12.jpg,Tomato_Septoria_leaf_spot,Tomato_Septoria_leaf_spot,0.9999998807907104,1,1.1243400573730469,8.192014694213867,0.1683359146118164,9.487504959106445
dataset/test/Tomato_Septoria_leaf_spot/Septoria_tomato_Margaret-20B_p8170755_0002_25004_jpg.rf.3fbb14d553c623c77f342b3a54baddab_aug_66aug70.jpg,Tomato_Septoria_leaf_spot,Tomato_Septoria_leaf_spot,0.9988378882408142,1,1.2257490158081055,8.061105728149414,0.17072296142578125,9.460448265075684
dataset/test/Tomato_Septoria_leaf_spot/Septoria_tomato_Margaret-20B_p8170755_0002_25004_jpg.rf.3fbb14d553c623c77f342b3a54baddab_aug_67aug63.jpg,Tomato_Septoria_leaf_spot,Tomato_Septoria_leaf_spot,0.9999780654907227,1,1.170619010925293,8.15286636352539,0.16663169860839844,9.493391990661621
dataset/test/Tomato_Septoria_leaf_spot/Septoria_tomato_Margaret-20B_p8170755_0002_25004_jpg.rf.3fbb14d553c623c77f342b3a54baddabaug33.jpg,Tomato_Septoria_leaf_spot,Tomato_Septoria_leaf_spot,0.9998494386672974,1,1.157358169555664,8.01366138458252,0.1680002212524414,9.341744422912598
dataset/test/Tomato_Septoria_leaf_spot/Tomato-Plant-with-Septoria-Leaf-Spot_aug_68aug65.jpg,Tomato_Septoria_leaf_spot,Tomato_Septoria_leaf_spot,0.8887704014778137,1,1.1714153289794922,8.24244213104248,0.17090892791748047,9.587800025939941
dataset/test/Tomato_Septoria_leaf_spot/Tomato-Plant-with-Septoria-Leaf-Spot_aug_69aug64.jpg,Tomato_Septoria_leaf_spot,Tomato_Healthy_leaf,0.661185085773468,0,1.1941757202148438,8.155458450317383,0.1693716049194336,9.521873474121094
dataset/test/Tomato_Septoria_leaf_spot/Tomato-Plant-with-Septoria-Leaf-Spotaug34.jpg,Tomato_Septoria_leaf_spot,Tomato_Septoria_leaf_spot,0.9900465607643127,1,1.1455812454223633,8.104402542114258,0.16490840911865234,9.417391777038574
dataset/test/Tomato_Septoria_leaf_spot/b54d0e40027ff5e90e8ba7e1e9abf9bdaug39.jpg,Tomato_Septoria_leaf_spot,Tomato_Septoria_leaf_spot,0.9996046423912048,1,1.1179141998291016,8.076605796813965,0.15929698944091797,9.356818199157715
dataset/test/Tomato_Septoria_leaf_spot/classic-septoria_aug_10aug48.jpg,Tomato_Septoria_leaf_spot,Tomato_Septoria_leaf_spot,0.995677649974823,1,1.1567840576171875,7.962401390075684,0.16759300231933594,9.290336608886719
dataset/test/Tomato_Septoria_leaf_spot/classic-septoria_aug_11aug49.jpg,Tomato_Septoria_leaf_spot,Tomato_Septoria_leaf_spot,0.999782145023346,1,1.2648963928222656,7.9459943771362305,0.16707420349121094,9.381058692932129
dataset/test/Tomato_Septoria_leaf_spot/classic-septoriaaug5.jpg,Tomato_Septoria_leaf_spot,Tomato_Septoria_leaf_spot,0.9999780654907227,1,1.3050823211669922,8.16916275024414,0.16794490814208984,9.644838333129883
dataset/test/Tomato_Septoria_leaf_spot/early+blight+on+leaf+yel+halo+IMG_2313.JPG_aug_62aug69.jpg,Tomato_Septoria_leaf_spot,Tomato_Septoria_leaf_spot,0.9999992847442627,1,1.1110448837280273,8.234700202941895,0.16831684112548828,9.517245292663574
dataset/test/Tomato_Septoria_leaf_spot/early+blight+on+leaf+yel+halo+IMG_2313.JPG_aug_63aug72.jpg,Tomato_Septoria_leaf_spot,Tomato_Septoria_leaf_spot,1.0,1,1.1839513778686523,8.286551475524902,0.16855716705322266,9.64181900024414
dataset/test/Tomato_Septoria_leaf_spot/early+blight+on+leaf+yel+halo+IMG_2313.JPGaug31.jpg,Tomato_Septoria_leaf_spot,Tomato_Septoria_leaf_spot,1.0,1,1.270359992980957,8.273533821105957,0.17055606842041016,9.71739387512207
dataset/test/Tomato_Septoria_leaf_spot/early-blight-of-tomato-tomato-1aug38.jpg,Tomato_Septoria_leaf_spot,Tomato_Septoria_leaf_spot,0.9998503923416138,1,1.1620454788208008,8.441996574401855,0.17140865325927734,9.777987480163574
dataset/test/Tomato_Septoria_leaf_spot/eblight5_aug_18aug110.jpg,Tomato_Septoria_leaf_spot,Tomato_Septoria_leaf_spot,0.798707127571106,1,1.3172483444213867,8.21640396118164,0.17100048065185547,9.707207679748535
dataset/test/Tomato_Septoria_leaf_spot/eblight5_aug_19aug117.jpg,Tomato_Septoria_leaf_spot,Tomato_Septoria_leaf_spot,0.5551791191101074,1,1.122878074645996,8.241440773010254,0.18207550048828125,9.549541473388672
dataset/test/Tomato_Septoria_leaf_spot/eblight5aug9.jpg,Tomato_Septoria_leaf_spot,Tomato_Septoria_leaf_spot,0.9811402559280396,1,1.115748405456543,8.471609115600586,0.16835308074951172,9.758264541625977
dataset/test/Tomato_Septoria_leaf_spot/images (1)_aug_54aug93.jpg,Tomato_Septoria_leaf_spot,Tomato_Septoria_leaf_spot,0.9999895095825195,1,1.1042652130126953,8.262310981750488,0.1699819564819336,9.5394868850708
dataset/test/Tomato_Septoria_leaf_spot/images (1)_aug_55aug87.jpg,Tomato_Septoria_leaf_spot,Tomato_Septoria_leaf_spot,0.9999880790710449,1,1.1178960800170898,8.504924774169922,0.17046546936035156,9.795635223388672
dataset/test/Tomato_Septoria_leaf_spot/images (1)aug27.jpg,Tomato_Septoria_leaf_spot,Tomato_Septoria_leaf_spot,0.9999487400054932,1,1.1086931228637695,8.334903717041016,0.1717052459716797,9.618096351623535
dataset/test/Tomato_Septoria_leaf_spot/tomato-blight-treatment-blight_jpg.rf.78cbf6055199828cb682fd0a6435a157_aug_74aug58.jpg,Tomato_Septoria_leaf_spot,Tomato_Septoria_leaf_spot,0.9999814033508301,1,1.1377286911010742,8.185737609863281,0.1703348159790039,9.496634483337402
dataset/test/Tomato_Septoria_leaf_spot/tomato-blight-treatment-blight_jpg.rf.78cbf6055199828cb682fd0a6435a157aug37.jpg,Tomato_Septoria_leaf_spot,Tomato_Septoria_leaf_spot,0.9999998807907104,1,1.1840810775756836,8.28808879852295,0.17063045501708984,9.645652770996094
dataset/test/Tomato_Septoria_leaf_spot/tomato-early-blight-e1437503226856_aug_4aug50.jpg,Tomato_Septoria_leaf_spot,Tomato_Septoria_leaf_spot,0.999168872833252,1,1.2433223724365234,8.209718704223633,0.16974163055419922,9.626042366027832
dataset/test/Tomato_Septoria_leaf_spot/tomato-early-blight-e1437503226856_aug_5aug55.jpg,Tomato_Septoria_leaf_spot,Tomato_Septoria_leaf_spot,0.9999797344207764,1,1.2199888229370117,8.36655330657959,0.17242717742919922,9.761615753173828
dataset/test/Tomato_Septoria_leaf_spot/tomato-early-blight-e1437503226856aug2.jpg,Tomato_Septoria_leaf_spot,Tomato_Septoria_leaf_spot,0.9999929666519165,1,1.184433937072754,8.34127426147461,0.1777048110961914,9.706634521484375
dataset/test/Tomato_Septoria_leaf_spot/tomato-early-blightH_jpg.rf.2633fbae0a933eb2711cb8466f34aca1_aug_12aug119.jpg,Tomato_Septoria_leaf_spot,Tomato_Septoria_leaf_spot,0.9998177886009216,1,1.2269515991210938,8.48779296875,0.17012977600097656,9.887858390808105
dataset/test/Tomato_Septoria_leaf_spot/tomato-early-blightH_jpg.rf.2633fbae0a933eb2711cb8466f34aca1_aug_13aug114.jpg,Tomato_Septoria_leaf_spot,Tomato_Septoria_leaf_spot,0.9999871253967285,1,1.1835641860961914,8.378256797790527,0.17124271392822266,9.735671997070312
dataset/test/Tomato_Septoria_leaf_spot/tomato-early-blightH_jpg.rf.2633fbae0a933eb2711cb8466f34aca1aug6.jpg,Tomato_Septoria_leaf_spot,Tomato_Septoria_leaf_spot,0.9999620914459229,1,1.1919517517089844,8.376570701599121,0.18000125885009766,9.751821517944336
dataset/test/Tomato_Septoria_leaf_spot/tomato-septoria-3-500x384_aug_32aug104.jpg,Tomato_Septoria_leaf_spot,Tomato_Septoria_leaf_spot,0.9989883303642273,1,1.1895627975463867,8.348978996276855,0.17200088500976562,9.713339805603027
dataset/test/Tomato_Septoria_leaf_spot/tomato-septoria-3-500x384_aug_33aug106.jpg,Tomato_Septoria_leaf_spot,Tomato_Septoria_leaf_spot,0.9989784955978394,1,1.1512298583984375,8.908037185668945,0.1694812774658203,10.23160171508789
dataset/test/Tomato_Septoria_leaf_spot/tomato-septoria-3-500x384_jpg.rf.40a23512bd3b6d8df2115d7f591913fb_aug_16aug112.jpg,Tomato_Septoria_leaf_spot,Tomato_Septoria_leaf_spot,0.9974645376205444,1,1.1662664413452148,8.174254417419434,0.16813182830810547,9.511392593383789
dataset/test/Tomato_Septoria_leaf_spot/tomato-septoria-3-500x384_jpg.rf.40a23512bd3b6d8df2115d7f591913fb_aug_17aug111.jpg,Tomato_Septoria_leaf_spot,Tomato_Septoria_leaf_spot,0.9982819557189941,1,1.1406373977661133,8.314902305603027,0.16783428192138672,9.626689910888672
dataset/test/Tomato_Septoria_leaf_spot/tomato-septoria-3-500x384_jpg.rf.40a23512bd3b6d8df2115d7f591913fbaug8.jpg,Tomato_Septoria_leaf_spot,Tomato_Septoria_leaf_spot,0.9997138381004333,1,1.1715803146362305,8.447552680969238,0.1693897247314453,9.791561126708984
dataset/test/Tomato_Septoria_leaf_spot/tomato-septoria-3-500x384aug16.jpg,Tomato_Septoria_leaf_spot,Tomato_Septoria_leaf_spot,0.9998733997344971,1,1.139023780822754,8.243736267089844,0.1713705062866211,9.556838989257812
dataset/test/Tomato_Septoria_leaf_spot/tomato-septoria-5_jpg.rf.fab97ae4bb3726e33dcbde7262ec6a65aug40.jpg,Tomato_Septoria_leaf_spot,Tomato_Septoria_leaf_spot,0.9997841715812683,1,1.1479692459106445,8.254199028015137,0.16996383666992188,9.57517147064209
dataset/test/Tomato_Septoria_leaf_spot/tomato-septoria-leaf-spot--_aug_22aug109.jpg,Tomato_Septoria_leaf_spot,Tomato_Septoria_leaf_spot,0.8663016557693481,1,1.2284154891967773,8.2831449508667,0.1696491241455078,9.684005737304688
dataset/test/Tomato_Septoria_leaf_spot/tomato-septoria-leaf-spot--_aug_23aug108.jpg,Tomato_Septoria_leaf_spot,Tomato_Septoria_leaf_spot,0.5704383254051208,1,1.1939706802368164,8.225680351257324,0.16853809356689453,9.590967178344727
dataset/test/Tomato_Septoria_leaf_spot/tomato-septoria-leaf-spot--_jpg.rf.06783859d6d3e49976374e4146674e0b_aug_48aug94.jpg,Tomato_Septoria_leaf_spot,Tomato_Septoria_leaf_spot,0.9625124931335449,1,1.2113971710205078,8.325515747070312,0.1674642562866211,9.707059860229492
dataset/test/Tomato_Septoria_leaf_spot/tomato-septoria-leaf-spot--_jpg.rf.06783859d6d3e49976374e4146674e0b_aug_49aug88.jpg,Tomato_Septoria_leaf_spot,Tomato_Septoria_leaf_spot,0.9725760817527771,1,1.2188234329223633,8.22908878326416,0.16059398651123047,9.611133575439453
dataset/test/Tomato_Septoria_leaf_spot/tomato-septoria-leaf-spot--_jpg.rf.06783859d6d3e49976374e4146674e0baug24.jpg,Tomato_Septoria_leaf_spot,Tomato_Early_blight_leaf,0.5130589604377747,0,1.2108592987060547,8.093938827514648,0.21009349822998047,9.518338203430176
dataset/test/Tomato_Septoria_leaf_spot/tomato-septoria-leaf-spot--_jpg.rf.5e63d9a20f5557b9bb3617e79b48ef85_aug_26aug95.jpg,Tomato_Septoria_leaf_spot,Tomato_Septoria_leaf_spot,0.7644481658935547,1,1.220785140991211,8.656388282775879,0.17238998413085938,10.052376747131348
dataset/test/Tomato_Septoria_leaf_spot/tomato-septoria-leaf-spot--_jpg.rf.5e63d9a20f5557b9bb3617e79b48ef85_aug_27aug101.jpg,Tomato_Septoria_leaf_spot,Tomato_Early_blight_leaf,0.555898129940033,0,1.220118522644043,8.69240665435791,0.16977977752685547,10.085156440734863
dataset/test/Tomato_Septoria_leaf_spot/tomato-septoria-leaf-spot--_jpg.rf.5e63d9a20f5557b9bb3617e79b48ef85aug13.jpg,Tomato_Septoria_leaf_spot,Tomato_Septoria_leaf_spot,0.9574730396270752,1,1.2184715270996094,8.370071411132812,0.17177867889404297,9.763043403625488
dataset/test/Tomato_Septoria_leaf_spot/tomato-septoria-leaf-spot--aug11.jpg,Tomato_Septoria_leaf_spot,Tomato_Early_blight_leaf,0.7596721649169922,0,1.267878532409668,8.739480972290039,0.1733531951904297,10.183673858642578
dataset/test/Tomato_Septoria_leaf_spot/tomato-septoria-leaf-spot-_aug_28aug105.jpg,Tomato_Septoria_leaf_spot,Tomato_Septoria_leaf_spot,0.9994837045669556,1,1.2037115097045898,8.380718231201172,0.17175960540771484,9.75904369354248
dataset/test/Tomato_Septoria_leaf_spot/tomato-septoria-leaf-spot-_aug_29aug102.jpg,Tomato_Septoria_leaf_spot,Tomato_Septoria_leaf_spot,0.9902021288871765,1,1.2053585052490234,8.374238014221191,0.17303943634033203,9.755413055419922
dataset/test/Tomato_Septoria_leaf_spot/tomato-septoria-leaf-spot-aug14.jpg,Tomato_Septoria_leaf_spot,Tomato_Septoria_leaf_spot,0.9979680180549622,1,1.2133417129516602,8.648387908935547,0.17290878295898438,10.037673950195312
dataset/test/Tomato_Septoria_leaf_spot/tomato_D2b-Early-blight---RPitblado_zoom_jpg.rf.93df1c3cb830b3940e4a23a5c4a05598_aug_8aug45.jpg,Tomato_Septoria_leaf_spot,Tomato_Septoria_leaf_spot,0.9999605417251587,1,1.1930255889892578,8.42568302154541,0.17229747772216797,9.793432235717773
dataset/test/Tomato_Septoria_leaf_spot/tomato_D2b-Early-blight---RPitblado_zoom_jpg.rf.93df1c3cb830b3940e4a23a5c4a05598_aug_9aug47.jpg,Tomato_Septoria_leaf_spot,Tomato_Septoria_leaf_spot,0.9999463558197021,1,1.2554521560668945,8.347625732421875,0.1709280014038086,9.777283668518066
dataset/test/Tomato_Septoria_leaf_spot/tomato_D2b-Early-blight---RPitblado_zoom_jpg.rf.93df1c3cb830b3940e4a23a5c4a05598aug4.jpg,Tomato_Septoria_leaf_spot,Tomato_Septoria_leaf_spot,0.999984860420227,1,1.214655876159668,8.351792335510254,0.17222213745117188,9.74120807647705
dataset/test/Tomato_Septoria_leaf_spot/tomatoseptorialeafspotjpg-788d20798a3c74e7_aug_36aug98.jpg,Tomato_Septoria_leaf_spot,Tomato_Septoria_leaf_spot,0.9999097585678101,1,1.2047481536865234,8.309199333190918,0.17720508575439453,9.694262504577637
dataset/test/Tomato_Septoria_leaf_spot/tomatoseptorialeafspotjpg-788d20798a3c74e7_aug_37aug99.jpg,Tomato_Septoria_leaf_spot,Tomato_Septoria_leaf_spot,0.9990057349205017,1,1.2128410339355469,8.324978828430176,0.17107391357421875,9.711450576782227
dataset/test/Tomato_Septoria_leaf_spot/tomatoseptorialeafspotjpg-788d20798a3c74e7aug18.jpg,Tomato_Septoria_leaf_spot,Tomato_Septoria_leaf_spot,0.9999167919158936,1,1.1680994033813477,8.33564567565918,0.17020416259765625,9.6764497756958
dataset/test/Tomato_leaf_late_blight/Gls74_change_90_aug_66aug46.jpg,Tomato_leaf_late_blight,Tomato_leaf_late_blight,0.996377170085907,1,1.1158227920532227,8.3380708694458,0.17150115966796875,9.627894401550293
dataset/test/Tomato_leaf_late_blight/Gls74_change_90_aug_67aug49.jpg,Tomato_leaf_late_blight,Tomato_leaf_late_blight,0.9966075420379639,1,1.120931625366211,8.374922752380371,0.1609630584716797,9.658930778503418
dataset/test/Tomato_leaf_late_blight/Gls74_change_90_aug_68aug41.jpg,Tomato_leaf_late_blight,Tomato_leaf_late_blight,0.8084726333618164,1,1.1313400268554688,8.199995994567871,0.17248153686523438,9.506855964660645
dataset/test/Tomato_leaf_late_blight/Gls74_change_90aug22.jpg,Tomato_leaf_late_blight,Tomato_leaf_late_blight,0.9939172863960266,1,1.1512479782104492,8.208439826965332,0.17488956451416016,9.537041664123535
dataset/test/Tomato_leaf_late_blight/Gls78_change_270_aug_24aug95.jpg,Tomato_leaf_late_blight,Tomato_leaf_late_blight,0.997873067855835,1,1.1690998077392578,8.316292762756348,0.17138957977294922,9.659930229187012
dataset/test/Tomato_leaf_late_blight/Gls78_change_270_aug_25aug80.jpg,Tomato_leaf_late_blight,Tomato_leaf_late_blight,0.9961943626403809,1,1.1235437393188477,8.335293769836426,0.16990947723388672,9.631561279296875
dataset/test/Tomato_leaf_late_blight/Gls78_change_270_aug_26aug81.jpg,Tomato_leaf_late_blight,Tomato_leaf_late_blight,0.9995867609977722,1,1.1246347427368164,8.366312980651855,0.17177867889404297,9.66520881652832
dataset/test/Tomato_leaf_late_blight/Gls78_change_270aug8.jpg,Tomato_leaf_late_blight,Tomato_leaf_late_blight,0.9944247007369995,1,1.1602306365966797,8.516201972961426,0.17194652557373047,9.850931167602539
dataset/test/Tomato_leaf_late_blight/Gls79_change_270_aug_51aug69.jpg,Tomato_leaf_late_blight,Tomato_leaf_late_blight,0.99983811378479,1,1.1048030853271484,8.24330997467041,0.16846370697021484,9.519115447998047
dataset/test/Tomato_leaf_late_blight/Gls79_change_270_aug_52aug74.jpg,Tomato_leaf_late_blight,Tomato_leaf_late_blight,0.9982241988182068,1,1.1269903182983398,8.137738227844238,0.16861248016357422,9.436113357543945
dataset/test/Tomato_leaf_late_blight/Gls79_change_270_aug_53aug68.jpg,Tomato_leaf_late_blight,Tomato_leaf_late_blight,0.9992689490318298,1,1.0961923599243164,8.268107414245605,0.16915035247802734,9.536430358886719
dataset/test/Tomato_leaf_late_blight/Gls79_change_270aug17.jpg,Tomato_leaf_late_blight,Tomato_leaf_late_blight,0.887953519821167,1,1.0918588638305664,8.191441535949707,0.16672229766845703,9.45328140258789
dataset/test/Tomato_leaf_late_blight/Gls79_change_90_aug_27aug85.jpg,Tomato_leaf_late_blight,Tomato_leaf_late_blight,0.9879167675971985,1,1.1276369094848633,8.298699378967285,0.16957569122314453,9.598763465881348
dataset/test/Tomato_leaf_late_blight/Gls79_change_90_aug_28aug97.jpg,Tomato_leaf_late_blight,Tomato_leaf_late_blight,0.9999227523803711,1,1.0751924514770508,8.202996253967285,0.16796398162841797,9.449318885803223
dataset/test/Tomato_leaf_late_blight/Gls79_change_90_aug_29aug89.jpg,Tomato_leaf_late_blight,Tomato_leaf_late_blight,0.8030285239219666,1,1.0876178741455078,8.041864395141602,0.1693706512451172,9.301966667175293
dataset/test/Tomato_leaf_late_blight/Gls79_change_90aug9.jpg,Tomato_leaf_late_blight,Tomato_leaf_late_blight,0.9986056685447693,1,1.1335058212280273,8.168310165405273,0.1731863021850586,9.477837562561035
dataset/test/Tomato_leaf_late_blight/Gls79_mirror_aug_15aug104.jpg,Tomato_leaf_late_blight,Tomato_leaf_late_blight,0.9995254278182983,1,1.1164703369140625,8.137810707092285,0.1692972183227539,9.426337242126465
dataset/test/Tomato_leaf_late_blight/Gls79_mirror_aug_16aug113.jpg,Tomato_leaf_late_blight,Tomato_leaf_late_blight,0.9982115030288696,1,1.0845069885253906,8.237719535827637,0.17027854919433594,9.495706558227539
dataset/test/Tomato_leaf_late_blight/Gls79_mirror_aug_17aug109.jpg,Tomato_leaf_late_blight,Tomato_leaf_late_blight,0.9999682903289795,1,1.0800819396972656,9.066926956176758,0.21016788482666016,10.361008644104004
dataset/test/Tomato_leaf_late_blight/Gls79_mirroraug5.jpg,Tomato_leaf_late_blight,Tomato_leaf_late_blight,0.9999659061431885,1,2.1146059036254883,11.271738052368164,0.20209407806396484,13.591862678527832
dataset/test/Tomato_leaf_late_blight/IMG_20251102_155822aug32.jpg,Tomato_leaf_late_blight,Tomato_Early_blight_leaf,0.624652087688446,0,1.503046989440918,12.053983688354492,0.2129831314086914,13.773419380187988
dataset/test/Tomato_leaf_late_blight/IMG_20251102_160928aug33.jpg,Tomato_leaf_late_blight,Tomato_leaf_late_blight,0.8008134961128235,1,1.4816951751708984,11.081901550292969,0.20927906036376953,12.776839256286621
dataset/test/Tomato_leaf_late_blight/IMG_20251102_161202_aug_57aug50.jpg,Tomato_leaf_late_blight,Tomato_Early_blight_leaf,0.9997921586036682,0,1.6383991241455078,28.230250358581543,0.24726009368896484,30.119966506958008
dataset/test/Tomato_leaf_late_blight/IMG_20251102_161202_aug_58aug52.jpg,Tomato_leaf_late_blight,Tomato_Early_blight_leaf,0.9952893257141113,0,1.6014909744262695,16.132397651672363,0.2086315155029297,17.94627857208252
dataset/test/Tomato_leaf_late_blight/IMG_20251102_161202_aug_59aug39.jpg,Tomato_leaf_late_blight,Tomato_Early_blight_leaf,0.9993047714233398,0,1.911752700805664,12.24433708190918,0.1683521270751953,14.327847480773926
dataset/test/Tomato_leaf_late_blight/IMG_20251102_161202aug19.jpg,Tomato_leaf_late_blight,Tomato_Early_blight_leaf,0.9993640780448914,0,1.1620264053344727,8.183625221252441,0.16607379913330078,9.51417064666748
dataset/test/Tomato_leaf_late_blight/IMG_5808_jpg.rf.9de5af872dd2e7a58b115c4826fb18d4_aug_63aug53.jpg,Tomato_leaf_late_blight,Tomato_leaf_late_blight,0.9992258548736572,1,1.1108779907226562,8.015142440795898,0.2145395278930664,9.34354019165039
dataset/test/Tomato_leaf_late_blight/IMG_5808_jpg.rf.9de5af872dd2e7a58b115c4826fb18d4_aug_64aug43.jpg,Tomato_leaf_late_blight,Tomato_leaf_late_blight,0.9848428964614868,1,1.1210613250732422,8.206976890563965,0.16372203826904297,9.494189262390137
dataset/test/Tomato_leaf_late_blight/IMG_5808_jpg.rf.9de5af872dd2e7a58b115c4826fb18d4_aug_65aug38.jpg,Tomato_leaf_late_blight,Tomato_leaf_late_blight,0.998551070690155,1,1.112748146057129,7.992976188659668,0.15537071228027344,9.263335227966309
dataset/test/Tomato_leaf_late_blight/IMG_5808_jpg.rf.9de5af872dd2e7a58b115c4826fb18d4aug21.jpg,Tomato_leaf_late_blight,Tomato_leaf_late_blight,0.9938533306121826,1,1.081376075744629,7.767289161682129,0.17372417449951172,9.025240898132324
dataset/test/Tomato_leaf_late_blight/LB_ (254)_aug_54aug73.jpg,Tomato_leaf_late_blight,Tomato_leaf_late_blight,0.9987447261810303,1,1.0996551513671875,7.844752311706543,0.1665191650390625,9.113426208496094
dataset/test/Tomato_leaf_late_blight/LB_ (254)_aug_55aug71.jpg,Tomato_leaf_late_blight,Tomato_leaf_late_blight,0.9999508857727051,1,1.0477113723754883,7.975790023803711,0.16550159454345703,9.191483497619629
dataset/test/Tomato_leaf_late_blight/LB_ (254)_aug_56aug78.jpg,Tomato_leaf_late_blight,Tomato_leaf_late_blight,0.9778895974159241,1,1.056692123413086,7.91849422454834,0.16553878784179688,9.143465995788574
dataset/test/Tomato_leaf_late_blight/LB_ (254)aug18.jpg,Tomato_leaf_late_blight,Tomato_leaf_late_blight,0.9999545812606812,1,1.0876550674438477,7.944067001342773,0.165130615234375,9.199502944946289
dataset/test/Tomato_leaf_late_blight/LB_ (276)_aug_60aug45.jpg,Tomato_leaf_late_blight,Tomato_leaf_late_blight,0.9999765157699585,1,1.0633211135864258,8.008995056152344,0.16675949096679688,9.242262840270996
dataset/test/Tomato_leaf_late_blight/LB_ (276)_aug_61aug44.jpg,Tomato_leaf_late_blight,Tomato_leaf_late_blight,0.997665286064148,1,1.1335458755493164,8.122365951538086,0.18007469177246094,9.439706802368164
dataset/test/Tomato_leaf_late_blight/LB_ (276)_aug_62aug40.jpg,Tomato_leaf_late_blight,Tomato_leaf_late_blight,0.9991519451141357,1,1.1297473907470703,8.274662971496582,0.16924190521240234,9.576281547546387
dataset/test/Tomato_leaf_late_blight/LB_ (276)aug20.jpg,Tomato_leaf_late_blight,Tomato_leaf_late_blight,0.9998654127120972,1,1.0969886779785156,8.362236976623535,0.1708536148071289,9.632745742797852
dataset/test/Tomato_leaf_late_blight/Late-blight-foliar-leasion-on-tomato_jpg.rf.331af81e5b2aae24af0dc9b6d9933591_aug_72aug60.jpg,Tomato_leaf_late_blight,Tomato_leaf_late_blight,0.9999639987945557,1,1.184248924255371,8.209107398986816,0.20468616485595703,9.600912094116211
dataset/test/Tomato_leaf_late_blight/Late-blight-foliar-leasion-on-tomato_jpg.rf.331af81e5b2aae24af0dc9b6d9933591_aug_73aug51.jpg,Tomato_leaf_late_blight,Tomato_leaf_late_blight,0.9999055862426758,1,1.1944522857666016,8.875666618347168,0.1688518524169922,10.241952896118164
dataset/test/Tomato_leaf_late_blight/Late-blight-foliar-leasion-on-tomato_jpg.rf.331af81e5b2aae24af0dc9b6d9933591_aug_74aug37.jpg,Tomato_leaf_late_blight,Tomato_leaf_late_blight,0.9996311664581299,1,1.2190637588500977,8.220402717590332,0.16489028930664062,9.639522552490234
dataset/test/Tomato_leaf_late_blight/Late-blight-foliar-leasion-on-tomato_jpg.rf.331af81e5b2aae24af0dc9b6d9933591aug24.jpg,Tomato_leaf_late_blight,Tomato_leaf_late_blight,0.9997739195823669,1,1.1595067977905273,8.227810859680176,0.1612224578857422,9.55109691619873
dataset/test/Tomato_leaf_late_blight/Late-blight-on-a-tomato-leaf_jpg.rf.8a0bcac661db5b0d51beab8e2bf6cd6caug29.jpg,Tomato_leaf_late_blight,Tomato_leaf_late_blight,1.0,1,1.1043777465820312,8.134143829345703,0.17000102996826172,9.411316871643066
dataset/test/Tomato_leaf_late_blight/Late-blight-on-a-tomato-leaf_jpg.rf.8defdb736385f3e1da6fba17b2786ac9_aug_84aug36.jpg,Tomato_leaf_late_blight,Tomato_leaf_late_blight,0.9999984502792358,1,1.2351922988891602,8.050291061401367,0.16977882385253906,9.457855224609375
dataset/test/Tomato_leaf_late_blight/Late-blight-on-a-tomato-leaf_jpg.rf.8defdb736385f3e1da6fba17b2786ac9aug28.jpg,Tomato_leaf_late_blight,Tomato_leaf_late_blight,0.9999971389770508,1,1.1873588562011719,8.120920181274414,0.17001914978027344,9.481372833251953
dataset/test/Tomato_leaf_late_blight/Late-blight-symptoms-on-tomato-leaves-1r3uhy2_jpg.rf.92fa5ba375a2c3ce572ef7e12695be90aug31.jpg,Tomato_leaf_late_blight,Tomato_leaf_late_blight,0.9999446868896484,1,1.1526002883911133,8.143440246582031,0.17807483673095703,9.47724437713623
dataset/test/Tomato_leaf_late_blight/Late-blight-tomato-leaf-VikramBisht-MBag_jpg.rf.ec494f1ab0c0417fed47095af181f852_aug_6aug117.jpg,Tomato_leaf_late_blight,Tomato_leaf_late_blight,0.9999953508377075,1,1.2125635147094727,8.209662437438965,0.1711864471435547,9.595948219299316
dataset/test/Tomato_leaf_late_blight/Late-blight-tomato-leaf-VikramBisht-MBag_jpg.rf.ec494f1ab0c0417fed47095af181f852_aug_7aug116.jpg,Tomato_leaf_late_blight,Tomato_leaf_late_blight,0.9999986886978149,1,1.1438579559326172,8.253996849060059,0.16907501220703125,9.569412231445312
dataset/test/Tomato_leaf_late_blight/Late-blight-tomato-leaf-VikramBisht-MBag_jpg.rf.ec494f1ab0c0417fed47095af181f852_aug_8aug115.jpg,Tomato_leaf_late_blight,Tomato_leaf_late_blight,0.9999959468841553,1,1.1529512405395508,8.280755996704102,0.1686878204345703,9.605263710021973
dataset/test/Tomato_leaf_late_blight/Late-blight-tomato-leaf-VikramBisht-MBag_jpg.rf.ec494f1ab0c0417fed47095af181f852aug2.jpg,Tomato_leaf_late_blight,Tomato_leaf_late_blight,0.9999867677688599,1,1.1558027267456055,8.41418170928955,0.17063045501708984,9.74319076538086
dataset/test/Tomato_leaf_late_blight/LateBlight-Tomato-JJ-2009-17nxg4q_aug_36aug79.jpg,Tomato_leaf_late_blight,Tomato_leaf_late_blight,0.9999908208847046,1,1.08319091796875,8.197309494018555,0.16907501220703125,9.451948165893555
dataset/test/Tomato_leaf_late_blight/LateBlight-Tomato-JJ-2009-17nxg4q_aug_37aug87.jpg,Tomato_leaf_late_blight,Tomato_leaf_late_blight,0.9999605417251587,1,1.1301374435424805,8.275903701782227,0.17018604278564453,9.578652381896973
dataset/test/Tomato_leaf_late_blight/LateBlight-Tomato-JJ-2009-17nxg4q_aug_38aug67.jpg,Tomato_leaf_late_blight,Tomato_leaf_late_blight,0.9999898672103882,1,1.0820989608764648,8.418440818786621,0.16914939880371094,9.672225952148438
dataset/test/Tomato_leaf_late_blight/LateBlight-Tomato-JJ-2009-17nxg4q_jpg.rf.93780f99f071013cf0764b40fc6db48c_aug_48aug77.jpg,Tomato_leaf_late_blight,Tomato_leaf_late_blight,1.0,1,1.0814695358276367,8.090049743652344,0.22757530212402344,9.402559280395508
dataset/test/Tomato_leaf_late_blight/LateBlight-Tomato-JJ-2009-17nxg4q_jpg.rf.93780f99f071013cf0764b40fc6db48c_aug_49aug65.jpg,Tomato_leaf_late_blight,Tomato_leaf_late_blight,1.0,1,1.174433708190918,8.144903182983398,0.17177963256835938,9.494208335876465
dataset/test/Tomato_leaf_late_blight/LateBlight-Tomato-JJ-2009-17nxg4q_jpg.rf.93780f99f071013cf0764b40fc6db48c_aug_50aug75.jpg,Tomato_leaf_late_blight,Tomato_leaf_late_blight,0.9999997615814209,1,1.1549692153930664,8.0721435546875,0.1709442138671875,9.400707244873047
dataset/test/Tomato_leaf_late_blight/LateBlight-Tomato-JJ-2009-17nxg4q_jpg.rf.93780f99f071013cf0764b40fc6db48caug16.jpg,Tomato_leaf_late_blight,Tomato_leaf_late_blight,0.9999992847442627,1,1.1350812911987305,9.646671295166016,0.20703983306884766,10.991586685180664
dataset/test/Tomato_leaf_late_blight/LateBlight-Tomato-JJ-2009-17nxg4qaug12.jpg,Tomato_leaf_late_blight,Tomato_leaf_late_blight,0.9999638795852661,1,1.463602066040039,11.078216552734375,0.20181560516357422,12.747264862060547
dataset/test/Tomato_leaf_late_blight/Lb11_mirror_verticalaug34.jpg,Tomato_leaf_late_blight,Tomato_leaf_late_blight,0.9999537467956543,1,1.507267951965332,10.920031547546387,0.20974063873291016,12.640412330627441
dataset/test/Tomato_leaf_late_blight/Lb51_mirror_aug_39aug83.jpg,Tomato_leaf_late_blight,Tomato_leaf_late_blight,0.9997796416282654,1,1.5042314529418945,11.224403381347656,0.21135330200195312,12.943489074707031
dataset/test/Tomato_leaf_late_blight/Lb51_mirror_aug_40aug96.jpg,Tomato_leaf_late_blight,Tomato_leaf_late_blight,0.9999790191650391,1,1.4582319259643555,11.184107780456543,0.20905685424804688,12.855081558227539
dataset/test/Tomato_leaf_late_blight/Lb51_mirror_aug_41aug91.jpg,Tomato_leaf_late_blight,Tomato_leaf_late_blight,0.9963855743408203,1,1.6373815536499023,11.272865295410156,0.2037792205810547,13.117378234863281
dataset/test/Tomato_leaf_late_blight/Lb51_mirroraug13.jpg,Tomato_leaf_late_blight,Tomato_leaf_late_blight,0.9999847412109375,1,1.4532318115234375,11.259644508361816,0.21050167083740234,12.927080154418945
dataset/test/Tomato_leaf_late_blight/Lb52_change_90_aug_42aug64.jpg,Tomato_leaf_late_blight,Tomato_leaf_late_blight,0.999639630317688,1,1.4677677154541016,10.959734916687012,0.20703887939453125,12.638301849365234
dataset/test/Tomato_leaf_late_blight/Lb52_change_90_aug_43aug63.jpg,Tomato_leaf_late_blight,Tomato_leaf_late_blight,0.9999840259552002,1,1.4226579666137695,9.241891860961914,0.16272258758544922,10.830474853515625
dataset/test/Tomato_leaf_late_blight/Lb52_change_90_aug_44aug70.jpg,Tomato_leaf_late_blight,Tomato_leaf_late_blight,0.9999657869338989,1,1.0640811920166016,7.7895307540893555,0.16777896881103516,9.024259567260742
dataset/test/Tomato_leaf_late_blight/Lb52_change_90aug14.jpg,Tomato_leaf_late_blight,Tomato_leaf_late_blight,0.9999333620071411,1,1.091989517211914,7.889698028564453,0.16489028930664062,9.149093627929688
dataset/test/Tomato_leaf_late_blight/Lb69_aug_45aug76.jpg,Tomato_leaf_late_blight,Tomato_leaf_late_blight,0.9999918937683105,1,1.0464324951171875,7.795012474060059,0.16424274444580078,9.008796691894531
dataset/test/Tomato_leaf_late_blight/Lb69_aug_46aug72.jpg,Tomato_leaf_late_blight,Tomato_leaf_late_blight,0.9999991655349731,1,1.0498218536376953,7.710679054260254,0.16422462463378906,8.927499771118164
dataset/test/Tomato_leaf_late_blight/Lb69_aug_47aug66.jpg,Tomato_leaf_late_blight,Tomato_leaf_late_blight,0.9999996423721313,1,1.1107282638549805,7.652010917663574,0.1676492691040039,8.932721138000488
dataset/test/Tomato_leaf_late_blight/Lb69aug15.jpg,Tomato_leaf_late_blight,Tomato_leaf_late_blight,0.9999524354934692,1,1.0912847518920898,8.037199020385742,0.16420364379882812,9.29590892791748
dataset/test/Tomato_leaf_late_blight/Lb8_mirror_vertical_aug_10aug118.jpg,Tomato_leaf_late_blight,Tomato_leaf_late_blight,0.6897382736206055,1,1.0558757781982422,7.855253219604492,0.1721477508544922,9.086038589477539
dataset/test/Tomato_leaf_late_blight/Lb8_mirror_vertical_aug_11aug111.jpg,Tomato_leaf_late_blight,Tomato_leaf_late_blight,0.9903130531311035,1,1.0599889755249023,7.831380844116211,0.16370487213134766,9.057982444763184
dataset/test/Tomato_leaf_late_blight/Lb8_mirror_vertical_aug_9aug103.jpg,Tomato_leaf_late_blight,Tomato_leaf_late_blight,0.9463969469070435,1,1.1082468032836914,7.779252052307129,0.16387081146240234,9.054372787475586
dataset/test/Tomato_leaf_late_blight/Lb8_mirror_verticalaug3.jpg,Tomato_leaf_late_blight,Tomato_leaf_late_blight,0.9941282272338867,1,1.0472841262817383,8.06010627746582,0.1645946502685547,9.27463150024414
dataset/test/Tomato_leaf_late_blight/Lb97_aug_21aug84.jpg,Tomato_leaf_late_blight,Tomato_leaf_late_blight,0.9999998807907104,1,1.0711174011230469,7.982143402099609,0.16483497619628906,9.220538139343262
dataset/test/Tomato_leaf_late_blight/Lb97_aug_22aug101.jpg,Tomato_leaf_late_blight,Tomato_leaf_late_blight,0.9999212026596069,1,1.267007827758789,8.338421821594238,0.16518592834472656,9.773580551147461
dataset/test/Tomato_leaf_late_blight/Lb97_aug_23aug82.jpg,Tomato_leaf_late_blight,Tomato_leaf_late_blight,0.9999970197677612,1,1.0950069427490234,8.06921672821045,0.15670490264892578,9.32337474822998
dataset/test/Tomato_leaf_late_blight/Lb97aug7.jpg,Tomato_leaf_late_blight,Tomato_leaf_late_blight,0.9999767541885376,1,1.06134033203125,7.940402984619141,0.1666860580444336,9.170947074890137
dataset/test/Tomato_leaf_late_blight/Leaf-2Bsymptoms-2BMDA_jpg.rf.39b220104d04636fad4f5aae043826cb_aug_0aug108.jpg,Tomato_leaf_late_blight,Tomato_leaf_late_blight,1.0,1,1.1898040771484375,8.165311813354492,0.1721658706665039,9.529985427856445
dataset/test/Tomato_leaf_late_blight/Leaf-2Bsymptoms-2BMDA_jpg.rf.39b220104d04636fad4f5aae043826cb_aug_1aug106.jpg,Tomato_leaf_late_blight,Tomato_leaf_late_blight,1.0,1,1.1613779067993164,8.146865844726562,0.16768646240234375,9.479225158691406
dataset/test/Tomato_leaf_late_blight/Leaf-2Bsymptoms-2BMDA_jpg.rf.39b220104d04636fad4f5aae043826cb_aug_2aug119.jpg,Tomato_leaf_late_blight,Tomato_leaf_late_blight,0.9999997615814209,1,1.147099494934082,8.105125427246094,0.16596317291259766,9.420781135559082
dataset/test/Tomato_leaf_late_blight/Leaf-2Bsymptoms-2BMDA_jpg.rf.39b220104d04636fad4f5aae043826cbaug0.jpg,Tomato_leaf_late_blight,Tomato_leaf_late_blight,0.9999998807907104,1,1.2007293701171875,8.125329971313477,0.1753711700439453,9.504633903503418
dataset/test/Tomato_leaf_late_blight/Tomato-20bacterial-20canker-JPG_jpg.rf.8b568c1d5efcfdcef44c606eb076b889_aug_30aug92.jpg,Tomato_leaf_late_blight,Tomato_leaf_late_blight,0.957676351070404,1,1.1735448837280273,8.101236343383789,0.16683483123779297,9.444596290588379
dataset/test/Tomato_leaf_late_blight/Tomato-20bacterial-20canker-JPG_jpg.rf.8b568c1d5efcfdcef44c606eb076b889_aug_31aug98.jpg,Tomato_leaf_late_blight,Tomato_leaf_late_blight,0.9867830276489258,1,1.152395248413086,8.351755142211914,0.16811180114746094,9.675283432006836
dataset/test/Tomato_leaf_late_blight/Tomato-20bacterial-20canker-JPG_jpg.rf.8b568c1d5efcfdcef44c606eb076b889_aug_32aug90.jpg,Tomato_leaf_late_blight,Tomato_leaf_late_blight,0.9065952301025391,1,1.1399707794189453,8.2675142288208,0.1682415008544922,9.57828140258789
dataset/test/Tomato_leaf_late_blight/Tomato-20bacterial-20canker-JPG_jpg.rf.8b568c1d5efcfdcef44c606eb076b889aug10.jpg,Tomato_leaf_late_blight,Tomato_leaf_late_blight,0.9741727113723755,1,1.1442108154296875,8.357367515563965,0.17203903198242188,9.676709175109863
dataset/test/Tomato_leaf_late_blight/TomatoBlight-JPG_jpg.rf.234cbc5809dc7d942e46760a63e10d9f_aug_33aug88.jpg,Tomato_leaf_late_blight,Tomato_leaf_late_blight,1.0,1,1.1875629425048828,8.399109840393066,0.17200088500976562,9.761449813842773
dataset/test/Tomato_leaf_late_blight/TomatoBlight-JPG_jpg.rf.234cbc5809dc7d942e46760a63e10d9f_aug_34aug86.jpg,Tomato_leaf_late_blight,Tomato_leaf_late_blight,0.9999998807907104,1,1.1657476425170898,8.542998313903809,0.17307472229003906,9.884949684143066
dataset/test/Tomato_leaf_late_blight/TomatoBlight-JPG_jpg.rf.234cbc5809dc7d942e46760a63e10d9f_aug_35aug93.jpg,Tomato_leaf_late_blight,Tomato_leaf_late_blight,0.9999920129776001,1,1.2167119979858398,8.372347831726074,0.17187118530273438,9.763672828674316
dataset/test/Tomato_leaf_late_blight/TomatoBlight-JPG_jpg.rf.234cbc5809dc7d942e46760a63e10d9faug11.jpg,Tomato_leaf_late_blight,Tomato_leaf_late_blight,0.9999963045120239,1,1.1703224182128906,8.308460235595703,0.17227840423583984,9.65420913696289
dataset/test/Tomato_leaf_late_blight/dsc_8140cs_aug_3aug114.jpg,Tomato_leaf_late_blight,Tomato_leaf_late_blight,0.9978669285774231,1,1.1853952407836914,8.394070625305176,0.17051982879638672,9.752911567687988
dataset/test/Tomato_leaf_late_blight/dsc_8140cs_aug_4aug99.jpg,Tomato_leaf_late_blight,Tomato_leaf_late_blight,0.9943476319313049,1,1.1862106323242188,8.478479385375977,0.17125988006591797,9.83906078338623
dataset/test/Tomato_leaf_late_blight/dsc_8140cs_aug_5aug102.jpg,Tomato_leaf_late_blight,Tomato_leaf_late_blight,0.9954711198806763,1,1.1915998458862305,8.376404762268066,0.20044612884521484,9.77141284942627
dataset/test/Tomato_leaf_late_blight/dsc_8140csaug1.jpg,Tomato_leaf_late_blight,Tomato_leaf_late_blight,0.999853253364563,1,1.1529512405395508,8.339774131774902,0.1651315689086914,9.660653114318848
dataset/test/Tomato_leaf_late_blight/late_jpg.rf.f64883c6ac50eb4f477851ddc23305e8_aug_69aug47.jpg,Tomato_leaf_late_blight,Tomato_Early_blight_leaf,0.6671006679534912,0,1.188730239868164,8.170366287231445,0.19913005828857422,9.561874389648438
dataset/test/Tomato_leaf_late_blight/late_jpg.rf.f64883c6ac50eb4f477851ddc23305e8_aug_70aug48.jpg,Tomato_leaf_late_blight,Tomato_Early_blight_leaf,0.391074001789093,0,1.3013429641723633,8.888407707214355,0.22777748107910156,10.421028137207031
dataset/test/Tomato_leaf_late_blight/late_jpg.rf.f64883c6ac50eb4f477851ddc23305e8_aug_71aug42.jpg,Tomato_leaf_late_blight,Tomato_Early_blight_leaf,0.4883303940296173,0,1.6610097885131836,11.033014297485352,0.20972347259521484,12.906914710998535
dataset/test/Tomato_leaf_late_blight/late_jpg.rf.f64883c6ac50eb4f477851ddc23305e8aug23.jpg,Tomato_leaf_late_blight,Tomato_Early_blight_leaf,0.726392388343811,0,1.606492042541504,10.988272666931152,0.21000099182128906,12.808228492736816
dataset/test/Tomato_leaf_late_blight/lateblightTom_lesionaug30.jpg,Tomato_leaf_late_blight,Tomato_leaf_late_blight,0.9990180730819702,1,1.4732675552368164,11.014402389526367,0.20983409881591797,12.701152801513672
dataset/test/Tomato_leaf_late_blight/lb_leaf_lesions2x1200_jpg.rf.3a72cc9627c3ba6d79a876e19220824e_aug_81aug56.jpg,Tomato_leaf_late_blight,Tomato_leaf_late_blight,1.0,1,1.4698801040649414,11.020957946777344,0.2077789306640625,12.701950073242188
dataset/test/Tomato_leaf_late_blight/lb_leaf_lesions2x1200_jpg.rf.3a72cc9627c3ba6d79a876e19220824e_aug_82aug62.jpg,Tomato_leaf_late_blight,Tomato_leaf_late_blight,1.0,1,1.4927501678466797,10.979513168334961,0.22107505798339844,12.697542190551758
dataset/test/Tomato_leaf_late_blight/lb_leaf_lesions2x1200_jpg.rf.3a72cc9627c3ba6d79a876e19220824e_aug_83aug57.jpg,Tomato_leaf_late_blight,Tomato_leaf_late_blight,1.0,1,1.6057891845703125,11.001903533935547,0.2031116485595703,12.814247131347656
dataset/test/Tomato_leaf_late_blight/lb_leaf_lesions2x1200_jpg.rf.3a72cc9627c3ba6d79a876e19220824eaug27.jpg,Tomato_leaf_late_blight,Tomato_leaf_late_blight,1.0,1,1.457991600036621,10.98705005645752,0.208038330078125,12.656615257263184
dataset/test/Tomato_leaf_late_blight/p1020076cs_aug_78aug35.jpg,Tomato_leaf_late_blight,Tomato_leaf_late_blight,0.9999366998672485,1,1.4942693710327148,10.320990562438965,0.16437053680419922,11.982222557067871
dataset/test/Tomato_leaf_late_blight/p1020076cs_aug_79aug59.jpg,Tomato_leaf_late_blight,Tomato_leaf_late_blight,0.9996121525764465,1,1.0923023223876953,7.696232795715332,0.19759273529052734,8.988926887512207
dataset/test/Tomato_leaf_late_blight/p1020076cs_aug_80aug55.jpg,Tomato_leaf_late_blight,Tomato_leaf_late_blight,0.9999973773956299,1,1.0403404235839844,7.726714134216309,0.1639089584350586,8.933758735656738
dataset/test/Tomato_leaf_late_blight/p1020076csaug26.jpg,Tomato_leaf_late_blight,Tomato_leaf_late_blight,0.9999521970748901,1,1.0477657318115234,7.787919044494629,0.16587066650390625,9.00390911102295
dataset/test/Tomato_leaf_late_blight/symptoms_of_late_blight_0_jpg.rf.417903f6c86ccb4f4bcd7139e0867018_aug_75aug58.jpg,Tomato_leaf_late_blight,Tomato_leaf_late_blight,0.999966025352478,1,1.1030445098876953,7.7622880935668945,0.15790748596191406,9.025666236877441
dataset/test/Tomato_leaf_late_blight/symptoms_of_late_blight_0_jpg.rf.417903f6c86ccb4f4bcd7139e0867018_aug_76aug54.jpg,Tomato_leaf_late_blight,Tomato_leaf_late_blight,0.9999990463256836,1,1.122544288635254,7.5228986740112305,0.16918563842773438,8.817795753479004
dataset/test/Tomato_leaf_late_blight/symptoms_of_late_blight_0_jpg.rf.417903f6c86ccb4f4bcd7139e0867018_aug_77aug61.jpg,Tomato_leaf_late_blight,Tomato_leaf_late_blight,0.9999998807907104,1,1.1026372909545898,7.611028671264648,0.16892623901367188,8.884833335876465
dataset/test/Tomato_leaf_late_blight/symptoms_of_late_blight_0_jpg.rf.417903f6c86ccb4f4bcd7139e0867018aug25.jpg,Tomato_leaf_late_blight,Tomato_leaf_late_blight,0.9998103976249695,1,1.1024131774902344,7.7165117263793945,0.16102027893066406,8.982852935791016
dataset/test/Tomato_leaf_late_blight/tomato-late-blight-leaf-61-3x32_aug_12aug112.jpg,Tomato_leaf_late_blight,Tomato_leaf_late_blight,1.0,1,1.0548028945922852,7.737975120544434,0.16024208068847656,8.956019401550293
dataset/test/Tomato_leaf_late_blight/tomato-late-blight-leaf-61-3x32_aug_13aug110.jpg,Tomato_leaf_late_blight,Tomato_leaf_late_blight,0.999729573726654,1,1.035543441772461,7.798862457275391,0.1711292266845703,9.009520530700684
dataset/test/Tomato_leaf_late_blight/tomato-late-blight-leaf-61-3x32_aug_14aug105.jpg,Tomato_leaf_late_blight,Tomato_leaf_late_blight,1.0,1,1.0887651443481445,8.324867248535156,0.16453838348388672,9.580819129943848
dataset/test/Tomato_leaf_late_blight/tomato-late-blight-leaf-61-3x32aug4.jpg,Tomato_leaf_late_blight,Tomato_leaf_late_blight,1.0,1,1.0434331893920898,7.776345252990723,0.16264820098876953,8.98546314239502
dataset/test/Tomato_leaf_late_blight/tomato.early.blightH_aug_18aug100.jpg,Tomato_leaf_late_blight,Tomato_Septoria_leaf_spot,0.9992747902870178,0,1.1879701614379883,8.303293228149414,0.2339458465576172,9.728560447692871
dataset/test/Tomato_leaf_late_blight/tomato.early.blightH_aug_19aug107.jpg,Tomato_leaf_late_blight,Tomato_Septoria_leaf_spot,0.9904178977012634,0,1.2046728134155273,9.054704666137695,0.16944503784179688,10.431400299072266
dataset/test/Tomato_leaf_late_blight/tomato.early.blightH_aug_20aug94.jpg,Tomato_leaf_late_blight,Tomato_Septoria_leaf_spot,0.998818576335907,0,1.2209148406982422,8.322310447692871,0.16835308074951172,9.71428394317627
dataset/test/Tomato_leaf_late_blight/tomato.early.blightHaug6.jpg,Tomato_leaf_late_blight,Tomato_Septoria_leaf_spot,0.9939833283424377,0,1.5872888565063477,17.782536506652832,0.18148326873779297,19.554234504699707
dataset/test/Tomato_leaf_yellow_curl_virus/1342017-162221-44540_jpg.rf.f68314ea4850dade3a214dec71c83715_aug_77aug56.jpg,Tomato_leaf_yellow_curl_virus,Tomato_leaf_yellow_curl_virus,0.9999998807907104,1,1.2435073852539062,9.563837051391602,0.17557621002197266,10.985882759094238
dataset/test/Tomato_leaf_yellow_curl_virus/1342017-162221-44540_jpg.rf.f68314ea4850dade3a214dec71c83715_aug_78aug81.jpg,Tomato_leaf_yellow_curl_virus,Tomato_leaf_yellow_curl_virus,0.9999988079071045,1,1.4691009521484375,10.316398620605469,0.16300106048583984,11.951481819152832
dataset/test/Tomato_leaf_yellow_curl_virus/1342017-162221-44540_jpg.rf.f68314ea4850dade3a214dec71c83715_aug_79aug60.jpg,Tomato_leaf_yellow_curl_virus,Tomato_leaf_yellow_curl_virus,0.9999998807907104,1,1.2211933135986328,8.154587745666504,0.17072486877441406,9.549225807189941
dataset/test/Tomato_leaf_yellow_curl_virus/1342017-162221-44540_jpg.rf.f68314ea4850dade3a214dec71c83715_aug_80aug64.jpg,Tomato_leaf_yellow_curl_virus,Tomato_leaf_yellow_curl_virus,0.9999997615814209,1,1.2804145812988281,8.103180885314941,0.1696491241455078,9.555838584899902
dataset/test/Tomato_leaf_yellow_curl_virus/1342017-162221-44540_jpg.rf.f68314ea4850dade3a214dec71c83715_aug_81aug61.jpg,Tomato_leaf_yellow_curl_virus,Tomato_leaf_yellow_curl_virus,0.9999991655349731,1,1.2569894790649414,8.111772537231445,0.16985321044921875,9.541614532470703
dataset/test/Tomato_leaf_yellow_curl_virus/1342017-162221-44540_jpg.rf.f68314ea4850dade3a214dec71c83715_aug_82aug80.jpg,Tomato_leaf_yellow_curl_virus,Tomato_leaf_yellow_curl_virus,0.9999996423721313,1,1.2532854080200195,8.398422241210938,0.17929840087890625,9.834692001342773
dataset/test/Tomato_leaf_yellow_curl_virus/1342017-162221-44540_jpg.rf.f68314ea4850dade3a214dec71c83715_aug_83aug70.jpg,Tomato_leaf_yellow_curl_virus,Tomato_leaf_yellow_curl_virus,0.9999967813491821,1,1.2223968505859375,8.377459526062012,0.17272281646728516,9.774950981140137
dataset/test/Tomato_leaf_yellow_curl_virus/1342017-162221-44540_jpg.rf.f68314ea4850dade3a214dec71c83715aug11.jpg,Tomato_leaf_yellow_curl_virus,Tomato_leaf_yellow_curl_virus,0.9999998807907104,1,1.2305631637573242,8.424348831176758,0.1717977523803711,9.829727172851562
dataset/test/Tomato_leaf_yellow_curl_virus/8226402877_9abf151b5b_b_jpg.rf.a2dff27e03c5ab47916df5d873c1590f_aug_70aug66.jpg,Tomato_leaf_yellow_curl_virus,Tomato_leaf_yellow_curl_virus,1.0,1,1.1600618362426758,8.361551284790039,0.16952037811279297,9.694319725036621
dataset/test/Tomato_leaf_yellow_curl_virus/8226402877_9abf151b5b_b_jpg.rf.a2dff27e03c5ab47916df5d873c1590f_aug_71aug69.jpg,Tomato_leaf_yellow_curl_virus,Tomato_leaf_yellow_curl_virus,1.0,1,1.1646738052368164,8.401256561279297,0.1698169708251953,9.73885726928711
dataset/test/Tomato_leaf_yellow_curl_virus/8226402877_9abf151b5b_b_jpg.rf.a2dff27e03c5ab47916df5d873c1590f_aug_72aug73.jpg,Tomato_leaf_yellow_curl_virus,Tomato_leaf_yellow_curl_virus,0.999998927116394,1,1.1692304611206055,8.387274742126465,0.17194557189941406,9.73122787475586
dataset/test/Tomato_leaf_yellow_curl_virus/8226402877_9abf151b5b_b_jpg.rf.a2dff27e03c5ab47916df5d873c1590f_aug_73aug54.jpg,Tomato_leaf_yellow_curl_virus,Tomato_leaf_yellow_curl_virus,0.9999998807907104,1,1.1657114028930664,8.342273712158203,0.17124176025390625,9.682393074035645
dataset/test/Tomato_leaf_yellow_curl_virus/8226402877_9abf151b5b_b_jpg.rf.a2dff27e03c5ab47916df5d873c1590f_aug_74aug76.jpg,Tomato_leaf_yellow_curl_virus,Tomato_leaf_yellow_curl_virus,0.9999998807907104,1,1.2690086364746094,8.387737274169922,0.17070388793945312,9.830469131469727
dataset/test/Tomato_leaf_yellow_curl_virus/8226402877_9abf151b5b_b_jpg.rf.a2dff27e03c5ab47916df5d873c1590f_aug_75aug74.jpg,Tomato_leaf_yellow_curl_virus,Tomato_leaf_yellow_curl_virus,1.0,1,1.1647491455078125,8.446016311645508,0.1704263687133789,9.784208297729492
dataset/test/Tomato_leaf_yellow_curl_virus/8226402877_9abf151b5b_b_jpg.rf.a2dff27e03c5ab47916df5d873c1590f_aug_76aug65.jpg,Tomato_leaf_yellow_curl_virus,Tomato_leaf_yellow_curl_virus,1.0,1,1.2093219757080078,8.556071281433105,0.17159175872802734,9.93956184387207
dataset/test/Tomato_leaf_yellow_curl_virus/8226402877_9abf151b5b_b_jpg.rf.a2dff27e03c5ab47916df5d873c1590faug10.jpg,Tomato_leaf_yellow_curl_virus,Tomato_leaf_yellow_curl_virus,1.0,1,1.1659889221191406,11.003290176391602,0.2069082260131836,12.379337310791016
dataset/test/Tomato_leaf_yellow_curl_virus/DSC01999-JPG_jpg.rf.700fa6596ab8750ad0f1c47a0defe191_aug_84aug53.jpg,Tomato_leaf_yellow_curl_virus,Tomato_leaf_yellow_curl_virus,0.9999754428863525,1,1.6486577987670898,11.056180000305176,0.20872211456298828,12.916876792907715
dataset/test/Tomato_leaf_yellow_curl_virus/DSC01999-JPG_jpg.rf.700fa6596ab8750ad0f1c47a0defe191_aug_85aug82.jpg,Tomato_leaf_yellow_curl_virus,Tomato_leaf_yellow_curl_virus,0.9999858140945435,1,1.7836408615112305,11.922870635986328,0.20659446716308594,13.91669750213623
dataset/test/Tomato_leaf_yellow_curl_virus/DSC01999-JPG_jpg.rf.700fa6596ab8750ad0f1c47a0defe191_aug_86aug71.jpg,Tomato_leaf_yellow_curl_virus,Tomato_leaf_yellow_curl_virus,0.9999997615814209,1,1.5661029815673828,11.0822172164917,0.2076854705810547,12.859283447265625
dataset/test/Tomato_leaf_yellow_curl_virus/DSC01999-JPG_jpg.rf.700fa6596ab8750ad0f1c47a0defe191_aug_87aug78.jpg,Tomato_leaf_yellow_curl_virus,Tomato_leaf_yellow_curl_virus,0.9999994039535522,1,1.5754919052124023,11.009865760803223,0.2079458236694336,12.79661750793457
dataset/test/Tomato_leaf_yellow_curl_virus/DSC01999-JPG_jpg.rf.700fa6596ab8750ad0f1c47a0defe191_aug_88aug51.jpg,Tomato_leaf_yellow_curl_virus,Tomato_leaf_yellow_curl_virus,0.9999992847442627,1,1.6038246154785156,11.010586738586426,0.20916748046875,12.82756233215332
dataset/test/Tomato_leaf_yellow_curl_virus/DSC01999-JPG_jpg.rf.700fa6596ab8750ad0f1c47a0defe191_aug_89aug63.jpg,Tomato_leaf_yellow_curl_virus,Tomato_leaf_yellow_curl_virus,0.9999977350234985,1,1.6124000549316406,10.96554946899414,0.2619638442993164,12.843894958496094
dataset/test/Tomato_leaf_yellow_curl_virus/DSC01999-JPG_jpg.rf.700fa6596ab8750ad0f1c47a0defe191_aug_90aug85.jpg,Tomato_leaf_yellow_curl_virus,Tomato_leaf_yellow_curl_virus,0.9999765157699585,1,1.6318445205688477,11.33607006072998,0.21270465850830078,13.183693885803223
dataset/test/Tomato_leaf_yellow_curl_virus/DSC01999-JPG_jpg.rf.700fa6596ab8750ad0f1c47a0defe191aug12.jpg,Tomato_leaf_yellow_curl_virus,Tomato_leaf_yellow_curl_virus,0.9999997615814209,1,1.5175094604492188,7.882567405700684,0.1619272232055664,9.564874649047852
dataset/test/Tomato_leaf_yellow_curl_virus/DSC01999.JPG_aug_63aug68.jpg,Tomato_leaf_yellow_curl_virus,Tomato_leaf_yellow_curl_virus,0.9998281002044678,1,1.2146186828613281,7.778252601623535,0.1900930404663086,9.185613632202148
dataset/test/Tomato_leaf_yellow_curl_virus/DSC01999.JPG_aug_64aug72.jpg,Tomato_leaf_yellow_curl_virus,Tomato_leaf_yellow_curl_virus,0.9999380111694336,1,1.153895378112793,7.850363731384277,0.16618633270263672,9.173724174499512
dataset/test/Tomato_leaf_yellow_curl_virus/DSC01999.JPG_aug_65aug75.jpg,Tomato_leaf_yellow_curl_virus,Tomato_leaf_yellow_curl_virus,0.9995280504226685,1,1.2771940231323242,7.8555498123168945,0.17487144470214844,9.310356140136719
dataset/test/Tomato_leaf_yellow_curl_virus/DSC01999.JPG_aug_66aug58.jpg,Tomato_leaf_yellow_curl_virus,Tomato_leaf_yellow_curl_virus,0.9955424666404724,1,1.263340950012207,7.669269561767578,0.1625375747680664,9.097816467285156
dataset/test/Tomato_leaf_yellow_curl_virus/DSC01999.JPG_aug_67aug83.jpg,Tomato_leaf_yellow_curl_virus,Tomato_leaf_yellow_curl_virus,0.9999938011169434,1,1.1874151229858398,7.900696754455566,0.16107463836669922,9.25222396850586
dataset/test/Tomato_leaf_yellow_curl_virus/DSC01999.JPG_aug_68aug79.jpg,Tomato_leaf_yellow_curl_virus,Tomato_leaf_yellow_curl_virus,0.9989670515060425,1,1.1852655410766602,7.785419464111328,0.16698265075683594,9.14076042175293
dataset/test/Tomato_leaf_yellow_curl_virus/DSC01999.JPG_aug_69aug62.jpg,Tomato_leaf_yellow_curl_virus,Tomato_leaf_yellow_curl_virus,0.9999376535415649,1,1.1435441970825195,7.839159965515137,0.1638336181640625,9.149557113647461
dataset/test/Tomato_leaf_yellow_curl_virus/DSC01999.JPGaug9.jpg,Tomato_leaf_yellow_curl_virus,Tomato_leaf_yellow_curl_virus,0.9996929168701172,1,1.2269515991210938,8.006326675415039,0.1632223129272461,9.399189949035645
dataset/test/Tomato_leaf_yellow_curl_virus/IMG_20251102_155103aug15.jpg,Tomato_leaf_yellow_curl_virus,Tomato_leaf_yellow_curl_virus,0.9947482943534851,1,1.0708026885986328,7.90553092956543,0.1692037582397461,9.147982597351074
dataset/test/Tomato_leaf_yellow_curl_virus/IMG_20251102_160455_aug_42aug104.jpg,Tomato_leaf_yellow_curl_virus,Tomato_leaf_yellow_curl_virus,0.9985610842704773,1,1.130044937133789,8.190607070922852,0.1764078140258789,9.500059127807617
dataset/test/Tomato_leaf_yellow_curl_virus/IMG_20251102_160455_aug_43aug111.jpg,Tomato_leaf_yellow_curl_virus,Tomato_leaf_yellow_curl_virus,0.995053231716156,1,1.1587848663330078,8.265089988708496,0.1699075698852539,9.59656047821045
dataset/test/Tomato_leaf_yellow_curl_virus/IMG_20251102_160455_aug_44aug112.jpg,Tomato_leaf_yellow_curl_virus,Tomato_leaf_yellow_curl_virus,0.9967074394226074,1,1.1264524459838867,8.41229248046875,0.1663341522216797,9.70746898651123
dataset/test/Tomato_leaf_yellow_curl_virus/IMG_20251102_160455_aug_45aug108.jpg,Tomato_leaf_yellow_curl_virus,Tomato_leaf_yellow_curl_virus,0.9987075328826904,1,1.1185064315795898,8.243069648742676,0.16083431243896484,9.525134086608887
dataset/test/Tomato_leaf_yellow_curl_virus/IMG_20251102_160455_aug_46aug110.jpg,Tomato_leaf_yellow_curl_virus,Tomato_leaf_yellow_curl_virus,0.950554370880127,1,1.09619140625,8.044977188110352,0.17739009857177734,9.32163143157959
dataset/test/Tomato_leaf_yellow_curl_virus/IMG_20251102_160455_aug_47aug98.jpg,Tomato_leaf_yellow_curl_virus,Tomato_leaf_yellow_curl_virus,0.9985557198524475,1,1.2404708862304688,8.172033309936523,0.16783428192138672,9.582948684692383
dataset/test/Tomato_leaf_yellow_curl_virus/IMG_20251102_160455_aug_48aug105.jpg,Tomato_leaf_yellow_curl_virus,Tomato_leaf_yellow_curl_virus,0.9980480670928955,1,1.2288970947265625,8.136902809143066,0.17057418823242188,9.539447784423828
dataset/test/Tomato_leaf_yellow_curl_virus/IMG_20251102_160455aug6.jpg,Tomato_leaf_yellow_curl_virus,Tomato_leaf_yellow_curl_virus,0.9179350137710571,1,1.1255807876586914,8.678425788879395,0.16996479034423828,9.976377487182617
dataset/test/Tomato_leaf_yellow_curl_virus/IMG_20251102_160553_aug_35aug49.jpg,Tomato_leaf_yellow_curl_virus,Tomato_Early_blight_leaf,0.6611132621765137,0,1.2147855758666992,8.249293327331543,0.17009449005126953,9.63752269744873
dataset/test/Tomato_leaf_yellow_curl_virus/IMG_20251102_160553_aug_36aug113.jpg,Tomato_leaf_yellow_curl_virus,Tomato_Early_blight_leaf,0.7155618071556091,0,1.222599983215332,8.518257141113281,0.16944503784179688,9.913507461547852
dataset/test/Tomato_leaf_yellow_curl_virus/IMG_20251102_160553_aug_37aug114.jpg,Tomato_leaf_yellow_curl_virus,Tomato_Septoria_leaf_spot,0.834526777267456,0,1.1630821228027344,10.446991920471191,0.20779895782470703,11.821499824523926
dataset/test/Tomato_leaf_yellow_curl_virus/IMG_20251102_160553_aug_38aug101.jpg,Tomato_leaf_yellow_curl_virus,Tomato_leaf_yellow_curl_virus,0.32120904326438904,1,1.549880027770996,11.02084732055664,0.20866775512695312,12.78293228149414
dataset/test/Tomato_leaf_yellow_curl_virus/IMG_20251102_160553_aug_39aug118.jpg,Tomato_leaf_yellow_curl_virus,Tomato_Septoria_leaf_spot,0.5187724232673645,0,1.568380355834961,11.06960678100586,0.2014636993408203,12.842747688293457
dataset/test/Tomato_leaf_yellow_curl_virus/IMG_20251102_160553_aug_40aug19.jpg,Tomato_leaf_yellow_curl_virus,Tomato_Early_blight_leaf,0.8946154713630676,0,1.5488243103027344,11.043643951416016,0.21898269653320312,12.814949989318848
dataset/test/Tomato_leaf_yellow_curl_virus/IMG_20251102_160553_aug_41aug119.jpg,Tomato_leaf_yellow_curl_virus,Tomato_Septoria_leaf_spot,0.8007739186286926,0,1.5471582412719727,11.044161796569824,0.20835208892822266,12.80339527130127
dataset/test/Tomato_leaf_yellow_curl_virus/IMG_20251102_160553aug5.jpg,Tomato_leaf_yellow_curl_virus,Tomato_leaf_yellow_curl_virus,0.5212559700012207,1,1.6286602020263672,11.126958847045898,0.2096118927001953,12.968488693237305
dataset/test/Tomato_leaf_yellow_curl_virus/TYLCV-tomate-DB-445-171_jpg.rf.9d70326900dd981ab5d49063b0d644f0_aug_21aug41.jpg,Tomato_leaf_yellow_curl_virus,Tomato_leaf_yellow_curl_virus,0.9999996423721313,1,1.509695053100586,11.623238563537598,0.20437240600585938,13.341028213500977
dataset/test/Tomato_leaf_yellow_curl_virus/TYLCV-tomate-DB-445-171_jpg.rf.9d70326900dd981ab5d49063b0d644f0_aug_22aug30.jpg,Tomato_leaf_yellow_curl_virus,Tomato_leaf_yellow_curl_virus,0.9999996423721313,1,1.5138616561889648,10.953049659729004,0.21068668365478516,12.680782318115234
dataset/test/Tomato_leaf_yellow_curl_virus/TYLCV-tomate-DB-445-171_jpg.rf.9d70326900dd981ab5d49063b0d644f0_aug_23aug42.jpg,Tomato_leaf_yellow_curl_virus,Tomato_leaf_yellow_curl_virus,0.9999991655349731,1,1.5255098342895508,8.517459869384766,0.168426513671875,10.214822769165039
dataset/test/Tomato_leaf_yellow_curl_virus/TYLCV-tomate-DB-445-171_jpg.rf.9d70326900dd981ab5d49063b0d644f0_aug_24aug45.jpg,Tomato_leaf_yellow_curl_virus,Tomato_leaf_yellow_curl_virus,0.9999996423721313,1,1.158395767211914,8.51447868347168,0.16640853881835938,9.841989517211914
dataset/test/Tomato_leaf_yellow_curl_virus/TYLCV-tomate-DB-445-171_jpg.rf.9d70326900dd981ab5d49063b0d644f0_aug_25aug20.jpg,Tomato_leaf_yellow_curl_virus,Tomato_leaf_yellow_curl_virus,0.9999991655349731,1,1.1484146118164062,8.139625549316406,0.1667795181274414,9.457671165466309
dataset/test/Tomato_leaf_yellow_curl_virus/TYLCV-tomate-DB-445-171_jpg.rf.9d70326900dd981ab5d49063b0d644f0_aug_26aug18.jpg,Tomato_leaf_yellow_curl_virus,Tomato_leaf_yellow_curl_virus,0.9999985694885254,1,1.1530427932739258,8.008161544799805,0.16501998901367188,9.328780174255371
dataset/test/Tomato_leaf_yellow_curl_virus/TYLCV-tomate-DB-445-171_jpg.rf.9d70326900dd981ab5d49063b0d644f0_aug_27aug29.jpg,Tomato_leaf_yellow_curl_virus,Tomato_leaf_yellow_curl_virus,0.9999915361404419,1,1.176896095275879,8.127144813537598,0.15835285186767578,9.465132713317871
dataset/test/Tomato_leaf_yellow_curl_virus/TYLCV-tomate-DB-445-171_jpg.rf.9d70326900dd981ab5d49063b0d644f0aug3.jpg,Tomato_leaf_yellow_curl_virus,Tomato_leaf_yellow_curl_virus,0.9999997615814209,1,1.1418781280517578,8.00780963897705,0.16698169708251953,9.3193359375
dataset/test/Tomato_leaf_yellow_curl_virus/TYLCV4_jpg.rf.2e4accea501a220be9dc475dd1ca3121_aug_10aug22.jpg,Tomato_leaf_yellow_curl_virus,Tomato_leaf_yellow_curl_virus,1.0,1,1.1494874954223633,7.985919952392578,0.1676502227783203,9.306058883666992
dataset/test/Tomato_leaf_yellow_curl_virus/TYLCV4_jpg.rf.2e4accea501a220be9dc475dd1ca3121_aug_11aug44.jpg,Tomato_leaf_yellow_curl_virus,Tomato_leaf_yellow_curl_virus,1.0,1,1.2822866439819336,7.973142623901367,0.1680002212524414,9.42667007446289
dataset/test/Tomato_leaf_yellow_curl_virus/TYLCV4_jpg.rf.2e4accea501a220be9dc475dd1ca3121_aug_12aug39.jpg,Tomato_leaf_yellow_curl_virus,Tomato_leaf_yellow_curl_virus,1.0,1,1.1388216018676758,8.032734870910645,0.17650127410888672,9.351557731628418
dataset/test/Tomato_leaf_yellow_curl_virus/TYLCV4_jpg.rf.2e4accea501a220be9dc475dd1ca3121_aug_13aug35.jpg,Tomato_leaf_yellow_curl_virus,Tomato_leaf_yellow_curl_virus,1.0,1,1.1386175155639648,8.512405395507812,0.16679859161376953,9.82054328918457
dataset/test/Tomato_leaf_yellow_curl_virus/TYLCV4_jpg.rf.2e4accea501a220be9dc475dd1ca3121_aug_7aug40.jpg,Tomato_leaf_yellow_curl_virus,Tomato_leaf_yellow_curl_virus,1.0,1,1.1637296676635742,8.089494705200195,0.16655731201171875,9.422521591186523
dataset/test/Tomato_leaf_yellow_curl_virus/TYLCV4_jpg.rf.2e4accea501a220be9dc475dd1ca3121_aug_8aug33.jpg,Tomato_leaf_yellow_curl_virus,Tomato_leaf_yellow_curl_virus,1.0,1,1.1584510803222656,8.280736923217773,0.17140865325927734,9.61343002319336
dataset/test/Tomato_leaf_yellow_curl_virus/TYLCV4_jpg.rf.2e4accea501a220be9dc475dd1ca3121_aug_9aug48.jpg,Tomato_leaf_yellow_curl_virus,Tomato_leaf_yellow_curl_virus,1.0,1,1.2150077819824219,8.458905220031738,0.16924190521240234,9.846227645874023
dataset/test/Tomato_leaf_yellow_curl_virus/TYLCV4_jpg.rf.2e4accea501a220be9dc475dd1ca3121aug1.jpg,Tomato_leaf_yellow_curl_virus,Tomato_leaf_yellow_curl_virus,1.0,1,1.211008071899414,8.43292236328125,0.17211246490478516,9.818766593933105
dataset/test/Tomato_leaf_yellow_curl_virus/art_15017325188173_a24a66_aug_14aug36.jpg,Tomato_leaf_yellow_curl_virus,Tomato_leaf_yellow_curl_virus,0.9998877048492432,1,1.2038040161132812,8.26845932006836,0.1703348159790039,9.645448684692383
dataset/test/Tomato_leaf_yellow_curl_virus/art_15017325188173_a24a66_aug_15aug23.jpg,Tomato_leaf_yellow_curl_virus,Tomato_leaf_yellow_curl_virus,0.9999850988388062,1,1.1993408203125,8.375904083251953,0.16774272918701172,9.745430946350098
dataset/test/Tomato_leaf_yellow_curl_virus/art_15017325188173_a24a66_aug_16aug34.jpg,Tomato_leaf_yellow_curl_virus,Tomato_leaf_yellow_curl_virus,0.9999994039535522,1,1.2003774642944336,8.374014854431152,0.16400146484375,9.741228103637695
dataset/test/Tomato_leaf_yellow_curl_virus/art_15017325188173_a24a66_aug_17aug43.jpg,Tomato_leaf_yellow_curl_virus,Tomato_leaf_yellow_curl_virus,0.9999936819076538,1,1.2444705963134766,8.373958587646484,0.16142654418945312,9.782431602478027
dataset/test/Tomato_leaf_yellow_curl_virus/art_15017325188173_a24a66_aug_18aug47.jpg,Tomato_leaf_yellow_curl_virus,Tomato_leaf_yellow_curl_virus,0.9994391798973083,1,1.204655647277832,8.176440238952637,0.1706686019897461,9.554411888122559
dataset/test/Tomato_leaf_yellow_curl_virus/art_15017325188173_a24a66_aug_19aug25.jpg,Tomato_leaf_yellow_curl_virus,Tomato_leaf_yellow_curl_virus,0.9996464252471924,1,1.287266731262207,8.245367050170898,0.17159366607666016,9.707376480102539
dataset/test/Tomato_leaf_yellow_curl_virus/art_15017325188173_a24a66_aug_20aug46.jpg,Tomato_leaf_yellow_curl_virus,Tomato_leaf_yellow_curl_virus,0.9999940395355225,1,1.2841005325317383,8.1777925491333,0.17222309112548828,9.637022972106934
dataset/test/Tomato_leaf_yellow_curl_virus/art_15017325188173_a24a66aug2.jpg,Tomato_leaf_yellow_curl_virus,Tomato_leaf_yellow_curl_virus,0.9992581009864807,1,1.2250633239746094,8.279163360595703,0.16998291015625,9.677337646484375
dataset/test/Tomato_leaf_yellow_curl_virus/psyllid-yellows_jpg.rf.1d99aab2f43a840be530ce313eb0c0fd_aug_56aug57.jpg,Tomato_leaf_yellow_curl_virus,Tomato_leaf_yellow_curl_virus,1.0,1,1.1729516983032227,8.20201301574707,0.16827869415283203,9.545873641967773
dataset/test/Tomato_leaf_yellow_curl_virus/psyllid-yellows_jpg.rf.1d99aab2f43a840be530ce313eb0c0fd_aug_57aug84.jpg,Tomato_leaf_yellow_curl_virus,Tomato_leaf_yellow_curl_virus,0.9999991655349731,1,1.1738414764404297,8.221033096313477,0.16931629180908203,9.567819595336914
dataset/test/Tomato_leaf_yellow_curl_virus/psyllid-yellows_jpg.rf.1d99aab2f43a840be530ce313eb0c0fd_aug_58aug52.jpg,Tomato_leaf_yellow_curl_virus,Tomato_leaf_yellow_curl_virus,0.9999991655349731,1,1.2072677612304688,8.312255859375,0.16879653930664062,9.691264152526855
dataset/test/Tomato_leaf_yellow_curl_virus/psyllid-yellows_jpg.rf.1d99aab2f43a840be530ce313eb0c0fd_aug_59aug77.jpg,Tomato_leaf_yellow_curl_virus,Tomato_leaf_yellow_curl_virus,1.0,1,1.1950807571411133,8.230718612670898,0.1679086685180664,9.59652328491211
dataset/test/Tomato_leaf_yellow_curl_virus/psyllid-yellows_jpg.rf.1d99aab2f43a840be530ce313eb0c0fd_aug_60aug86.jpg,Tomato_leaf_yellow_curl_virus,Tomato_leaf_yellow_curl_virus,1.0,1,1.195840835571289,8.24055004119873,0.17035293579101562,9.609522819519043
dataset/test/Tomato_leaf_yellow_curl_virus/psyllid-yellows_jpg.rf.1d99aab2f43a840be530ce313eb0c0fd_aug_61aug59.jpg,Tomato_leaf_yellow_curl_virus,Tomato_leaf_yellow_curl_virus,0.9999994039535522,1,1.166285514831543,8.290681838989258,0.167205810546875,9.626819610595703
dataset/test/Tomato_leaf_yellow_curl_virus/psyllid-yellows_jpg.rf.1d99aab2f43a840be530ce313eb0c0fd_aug_62aug67.jpg,Tomato_leaf_yellow_curl_virus,Tomato_leaf_yellow_curl_virus,0.9999983310699463,1,1.1718978881835938,8.084124565124512,0.16585254669189453,9.424393653869629
dataset/test/Tomato_leaf_yellow_curl_virus/psyllid-yellows_jpg.rf.1d99aab2f43a840be530ce313eb0c0fdaug8.jpg,Tomato_leaf_yellow_curl_virus,Tomato_leaf_yellow_curl_virus,0.9999991655349731,1,1.1986379623413086,8.221476554870605,0.16007423400878906,9.582966804504395
dataset/test/Tomato_leaf_yellow_curl_virus/tj5itxzunn3k_jpg.rf.4aeda27b2535578e718fe6279491d0d4_aug_49aug102.jpg,Tomato_leaf_yellow_curl_virus,Tomato_leaf_yellow_curl_virus,1.0,1,1.0820064544677734,8.224143028259277,0.16976070404052734,9.478632926940918
dataset/test/Tomato_leaf_yellow_curl_virus/tj5itxzunn3k_jpg.rf.4aeda27b2535578e718fe6279491d0d4_aug_50aug109.jpg,Tomato_leaf_yellow_curl_virus,Tomato_leaf_yellow_curl_virus,1.0,1,1.1222286224365234,8.10895824432373,0.17011260986328125,9.404133796691895
dataset/test/Tomato_leaf_yellow_curl_virus/tj5itxzunn3k_jpg.rf.4aeda27b2535578e718fe6279491d0d4_aug_51aug99.jpg,Tomato_leaf_yellow_curl_virus,Tomato_leaf_yellow_curl_virus,1.0,1,1.4504156112670898,10.99921703338623,0.20294666290283203,12.656061172485352
dataset/test/Tomato_leaf_yellow_curl_virus/tj5itxzunn3k_jpg.rf.4aeda27b2535578e718fe6279491d0d4_aug_52aug103.jpg,Tomato_leaf_yellow_curl_virus,Tomato_leaf_yellow_curl_virus,1.0,1,1.4392871856689453,10.973217010498047,0.20737075805664062,12.623208999633789
dataset/test/Tomato_leaf_yellow_curl_virus/tj5itxzunn3k_jpg.rf.4aeda27b2535578e718fe6279491d0d4_aug_53aug100.jpg,Tomato_leaf_yellow_curl_virus,Tomato_leaf_yellow_curl_virus,1.0,1,1.4514522552490234,11.087940216064453,0.20718669891357422,12.7503023147583
dataset/test/Tomato_leaf_yellow_curl_virus/tj5itxzunn3k_jpg.rf.4aeda27b2535578e718fe6279491d0d4_aug_54aug106.jpg,Tomato_leaf_yellow_curl_virus,Tomato_leaf_yellow_curl_virus,1.0,1,1.4610834121704102,11.059199333190918,0.20783424377441406,12.731690406799316
dataset/test/Tomato_leaf_yellow_curl_virus/tj5itxzunn3k_jpg.rf.4aeda27b2535578e718fe6279491d0d4_aug_55aug107.jpg,Tomato_leaf_yellow_curl_virus,Tomato_leaf_yellow_curl_virus,1.0,1,1.4815092086791992,11.129940032958984,0.20644474029541016,12.821746826171875
dataset/test/Tomato_leaf_yellow_curl_virus/tj5itxzunn3k_jpg.rf.4aeda27b2535578e718fe6279491d0d4aug7.jpg,Tomato_leaf_yellow_curl_virus,Tomato_leaf_yellow_curl_virus,1.0,1,1.4907503128051758,10.945901870727539,0.24448299407958984,12.684652328491211
dataset/test/Tomato_leaf_yellow_curl_virus/tomato-yellow-closeup-3_aug_28aug16.jpg,Tomato_leaf_yellow_curl_virus,Tomato_leaf_yellow_curl_virus,0.995917022228241,1,1.549027442932129,11.730239868164062,0.21101951599121094,13.493659019470215
dataset/test/Tomato_leaf_yellow_curl_virus/tomato-yellow-closeup-3_aug_29aug27.jpg,Tomato_leaf_yellow_curl_virus,Tomato_leaf_yellow_curl_virus,0.9620155096054077,1,1.5843257904052734,11.064810752868652,0.20168685913085938,12.854580879211426
dataset/test/Tomato_leaf_yellow_curl_virus/tomato-yellow-closeup-3_aug_30aug117.jpg,Tomato_leaf_yellow_curl_virus,Tomato_leaf_yellow_curl_virus,0.9798957109451294,1,1.271489143371582,9.488986015319824,0.16751861572265625,10.931050300598145
dataset/test/Tomato_leaf_yellow_curl_virus/tomato-yellow-closeup-3_aug_31aug31.jpg,Tomato_leaf_yellow_curl_virus,Tomato_leaf_yellow_curl_virus,0.9012447595596313,1,1.1455812454223633,8.047531127929688,0.16666698455810547,9.36324405670166
dataset/test/Tomato_leaf_yellow_curl_virus/tomato-yellow-closeup-3_aug_32aug115.jpg,Tomato_leaf_yellow_curl_virus,Tomato_leaf_yellow_curl_virus,0.8647144436836243,1,1.1926555633544922,16.894883155822754,0.17120361328125,18.26155948638916
dataset/test/Tomato_leaf_yellow_curl_virus/tomato-yellow-closeup-3_aug_33aug116.jpg,Tomato_leaf_yellow_curl_virus,Tomato_leaf_yellow_curl_virus,0.9522743821144104,1,1.1428966522216797,15.172112464904785,0.21311378479003906,16.531047821044922
dataset/test/Tomato_leaf_yellow_curl_virus/tomato-yellow-closeup-3_aug_34aug26.jpg,Tomato_leaf_yellow_curl_virus,Tomato_leaf_yellow_curl_virus,0.6776201128959656,1,1.5358247756958008,10.75195598602295,0.16840839385986328,12.458873748779297
dataset/test/Tomato_leaf_yellow_curl_virus/tomato-yellow-closeup-3aug4.jpg,Tomato_leaf_yellow_curl_virus,Tomato_leaf_yellow_curl_virus,0.9442545175552368,1,1.135284423828125,8.01049518585205,0.16802024841308594,9.316668510437012
dataset/test/Tomato_leaf_yellow_curl_virus/tomato-yellow-leaf-curl-virus-tomato-1_aug_100aug92.jpg,Tomato_leaf_yellow_curl_virus,Tomato_leaf_yellow_curl_virus,1.0,1,1.1958017349243164,7.950475692749023,0.1685018539428711,9.317392349243164
dataset/test/Tomato_leaf_yellow_curl_virus/tomato-yellow-leaf-curl-virus-tomato-1_aug_101aug95.jpg,Tomato_leaf_yellow_curl_virus,Tomato_leaf_yellow_curl_virus,0.9999998807907104,1,1.1433601379394531,8.089716911315918,0.15722179412841797,9.392984390258789
dataset/test/Tomato_leaf_yellow_curl_virus/tomato-yellow-leaf-curl-virus-tomato-1_aug_102aug88.jpg,Tomato_leaf_yellow_curl_virus,Tomato_leaf_yellow_curl_virus,0.9999991655349731,1,1.1280803680419922,7.850735664367676,0.1682605743408203,9.149650573730469
dataset/test/Tomato_leaf_yellow_curl_virus/tomato-yellow-leaf-curl-virus-tomato-1_aug_103aug93.jpg,Tomato_leaf_yellow_curl_virus,Tomato_leaf_yellow_curl_virus,0.9999997615814209,1,1.2147493362426758,7.937309265136719,0.17274188995361328,9.327317237854004
dataset/test/Tomato_leaf_yellow_curl_virus/tomato-yellow-leaf-curl-virus-tomato-1_aug_98aug91.jpg,Tomato_leaf_yellow_curl_virus,Tomato_leaf_yellow_curl_virus,1.0,1,1.163285255432129,7.979364395141602,0.17590713500976562,9.322113990783691
dataset/test/Tomato_leaf_yellow_curl_virus/tomato-yellow-leaf-curl-virus-tomato-1_aug_99aug90.jpg,Tomato_leaf_yellow_curl_virus,Tomato_leaf_yellow_curl_virus,0.9999991655349731,1,1.1629343032836914,8.082512855529785,0.1695575714111328,9.417706489562988
dataset/test/Tomato_leaf_yellow_curl_virus/tomato-yellow-leaf-curl-virus-tomato-1aug14.jpg,Tomato_leaf_yellow_curl_virus,Tomato_leaf_yellow_curl_virus,0.9999992847442627,1,1.2033214569091797,7.993309020996094,0.1666126251220703,9.366279602050781
dataset/test/Tomato_leaf_yellow_curl_virus/tomatoyellowleafcurlcropped_aug_91aug55.jpg,Tomato_leaf_yellow_curl_virus,Tomato_leaf_yellow_curl_virus,1.0,1,1.1414709091186523,8.1034574508667,0.16896343231201172,9.416762351989746
dataset/test/Tomato_leaf_yellow_curl_virus/tomatoyellowleafcurlcropped_aug_92aug89.jpg,Tomato_leaf_yellow_curl_virus,Tomato_leaf_yellow_curl_virus,1.0,1,1.156174659729004,8.099365234375,0.16940879821777344,9.4276704788208
dataset/test/Tomato_leaf_yellow_curl_virus/tomatoyellowleafcurlcropped_aug_93aug97.jpg,Tomato_leaf_yellow_curl_virus,Tomato_leaf_yellow_curl_virus,0.9999996423721313,1,1.1844701766967773,8.07271671295166,0.1638336181640625,9.423818588256836
dataset/test/Tomato_leaf_yellow_curl_virus/tomatoyellowleafcurlcropped_aug_94aug50.jpg,Tomato_leaf_yellow_curl_virus,Tomato_leaf_yellow_curl_virus,0.999951958656311,1,1.1654338836669922,8.023086547851562,0.16568565368652344,9.35659408569336
dataset/test/Tomato_leaf_yellow_curl_virus/tomatoyellowleafcurlcropped_aug_95aug87.jpg,Tomato_leaf_yellow_curl_virus,Tomato_leaf_yellow_curl_virus,1.0,1,1.2057113647460938,7.957993507385254,0.16700077056884766,9.333354949951172
dataset/test/Tomato_leaf_yellow_curl_virus/tomatoyellowleafcurlcropped_aug_96aug96.jpg,Tomato_leaf_yellow_curl_virus,Tomato_leaf_yellow_curl_virus,0.9999997615814209,1,1.2836017608642578,7.924698829650879,0.16848278045654297,9.37957763671875
dataset/test/Tomato_leaf_yellow_curl_virus/tomatoyellowleafcurlcropped_aug_97aug94.jpg,Tomato_leaf_yellow_curl_virus,Tomato_leaf_yellow_curl_virus,1.0,1,1.1438398361206055,10.51760196685791,0.210205078125,11.874649047851562
dataset/test/Tomato_leaf_yellow_curl_virus/tomatoyellowleafcurlcroppedaug13.jpg,Tomato_leaf_yellow_curl_virus,Tomato_leaf_yellow_curl_virus,0.9999998807907104,1,1.640233039855957,11.040754318237305,0.2083721160888672,12.892875671386719
dataset/test/Tomato_leaf_yellow_curl_virus/virus1_aug_0aug37.jpg,Tomato_leaf_yellow_curl_virus,Tomato_leaf_yellow_curl_virus,0.999907374382019,1,1.4983062744140625,12.692300796508789,0.2100391387939453,14.404200553894043
dataset/test/Tomato_leaf_yellow_curl_virus/virus1_aug_1aug21.jpg,Tomato_leaf_yellow_curl_virus,Tomato_leaf_yellow_curl_virus,0.9998311996459961,1,1.472731590270996,11.006402015686035,0.20983409881591797,12.692819595336914
dataset/test/Tomato_leaf_yellow_curl_virus/virus1_aug_2aug24.jpg,Tomato_leaf_yellow_curl_virus,Tomato_leaf_yellow_curl_virus,0.9998260140419006,1,1.570399284362793,11.061365127563477,0.2056121826171875,12.841023445129395
dataset/test/Tomato_leaf_yellow_curl_virus/virus1_aug_3aug17.jpg,Tomato_leaf_yellow_curl_virus,Tomato_leaf_yellow_curl_virus,0.9992766976356506,1,1.4854717254638672,11.072606086730957,0.21139049530029297,12.7731351852417
dataset/test/Tomato_leaf_yellow_curl_virus/virus1_aug_4aug28.jpg,Tomato_leaf_yellow_curl_virus,Tomato_leaf_yellow_curl_virus,0.9984502792358398,1,1.5285463333129883,10.97443962097168,0.2135009765625,12.720319747924805
dataset/test/Tomato_leaf_yellow_curl_virus/virus1_aug_5aug32.jpg,Tomato_leaf_yellow_curl_virus,Tomato_leaf_yellow_curl_virus,0.9992766976356506,1,1.527695655822754,11.032123565673828,0.20935344696044922,12.77302360534668
dataset/test/Tomato_leaf_yellow_curl_virus/virus1_aug_6aug38.jpg,Tomato_leaf_yellow_curl_virus,Tomato_leaf_yellow_curl_virus,0.5310332775115967,1,1.5276212692260742,7.826826095581055,0.1633167266845703,9.520726203918457
dataset/test/Tomato_leaf_yellow_curl_virus/virus1aug0.jpg,Tomato_leaf_yellow_curl_virus,Tomato_leaf_yellow_curl_virus,0.9998267292976379,1,1.0906553268432617,7.975439071655273,0.1636486053466797,9.232446670532227
dataset/test/Tomato_mold_leaf/IMG-20240724-WA0020_aug_68aug87.jpg,Tomato_mold_leaf,Tomato_mold_leaf,0.9985381364822388,1,1.1553411483764648,7.876642227172852,0.16476154327392578,9.19939136505127
dataset/test/Tomato_mold_leaf/IMG-20240724-WA0020_aug_69aug97.jpg,Tomato_mold_leaf,Tomato_mold_leaf,0.9881772398948669,1,1.1163034439086914,7.823328018188477,0.1641683578491211,9.106334686279297
dataset/test/Tomato_mold_leaf/IMG-20240724-WA0020_aug_70aug82.jpg,Tomato_mold_leaf,Tomato_mold_leaf,0.9721230268478394,1,1.136526107788086,7.819214820861816,0.16246318817138672,9.120908737182617
dataset/test/Tomato_mold_leaf/IMG-20240724-WA0020_aug_71aug98.jpg,Tomato_mold_leaf,Tomato_mold_leaf,0.998060405254364,1,1.1216363906860352,7.664899826049805,0.16337108612060547,8.952871322631836
dataset/test/Tomato_mold_leaf/IMG-20240724-WA0020aug17.jpg,Tomato_mold_leaf,Tomato_mold_leaf,0.9857248067855835,1,1.1712102890014648,8.375070571899414,0.16492748260498047,9.71406078338623
dataset/test/Tomato_mold_leaf/IMG-20240724-WA0044_aug_10aug44.jpg,Tomato_mold_leaf,Tomato_mold_leaf,0.9998629093170166,1,1.1544513702392578,7.70921516418457,0.16388988494873047,9.030315399169922
dataset/test/Tomato_mold_leaf/IMG-20240724-WA0044_aug_11aug49.jpg,Tomato_mold_leaf,Tomato_mold_leaf,0.9804725050926208,1,1.1352653503417969,7.88590145111084,0.16433334350585938,9.188371658325195
dataset/test/Tomato_mold_leaf/IMG-20240724-WA0044_aug_8aug35.jpg,Tomato_mold_leaf,Tomato_mold_leaf,0.9839710593223572,1,1.1691923141479492,7.8041791915893555,0.16472339630126953,9.14103889465332
dataset/test/Tomato_mold_leaf/IMG-20240724-WA0044_aug_9aug41.jpg,Tomato_mold_leaf,Tomato_mold_leaf,0.9999568462371826,1,1.1120071411132812,7.922271728515625,0.1650562286376953,9.20228099822998
dataset/test/Tomato_mold_leaf/IMG-20240724-WA0044aug2.jpg,Tomato_mold_leaf,Tomato_mold_leaf,0.9999656677246094,1,1.1084518432617188,8.280423164367676,0.17087173461914062,9.562838554382324
dataset/test/Tomato_mold_leaf/IMG-20240724-WA0055_aug_28aug27.jpg,Tomato_mold_leaf,Tomato_mold_leaf,0.9995861649513245,1,1.218505859375,8.40999698638916,0.17442703247070312,9.806078910827637
dataset/test/Tomato_mold_leaf/IMG-20240724-WA0055_aug_29aug28.jpg,Tomato_mold_leaf,Tomato_mold_leaf,0.9997236132621765,1,1.1714324951171875,8.219254493713379,0.17100143432617188,9.56518840789795
dataset/test/Tomato_mold_leaf/IMG-20240724-WA0055_aug_30aug43.jpg,Tomato_mold_leaf,Tomato_mold_leaf,0.9999302625656128,1,1.1775264739990234,8.633923530578613,0.17229843139648438,9.986617088317871
dataset/test/Tomato_mold_leaf/IMG-20240724-WA0055_aug_31aug50.jpg,Tomato_mold_leaf,Tomato_mold_leaf,0.9998776912689209,1,1.1746931076049805,8.414886474609375,0.17861175537109375,9.771320343017578
dataset/test/Tomato_mold_leaf/IMG-20240724-WA0055aug7.jpg,Tomato_mold_leaf,Tomato_mold_leaf,0.9999204874038696,1,1.1959524154663086,8.994426727294922,0.16990947723388672,10.363231658935547
dataset/test/Tomato_mold_leaf/IMG-20240724-WA0065_aug_80aug69.jpg,Tomato_mold_leaf,Tomato_mold_leaf,0.9999984502792358,1,1.2293033599853516,8.27095890045166,0.1761493682861328,9.67985725402832
dataset/test/Tomato_mold_leaf/IMG-20240724-WA0065_aug_81aug70.jpg,Tomato_mold_leaf,Tomato_mold_leaf,1.0,1,1.228581428527832,8.419034957885742,0.1713714599609375,9.822097778320312
dataset/test/Tomato_mold_leaf/IMG-20240724-WA0065_aug_82aug66.jpg,Tomato_mold_leaf,Tomato_mold_leaf,0.9999921321868896,1,1.2956743240356445,8.412664413452148,0.16874122619628906,9.87974739074707
dataset/test/Tomato_mold_leaf/IMG-20240724-WA0065_aug_83aug65.jpg,Tomato_mold_leaf,Tomato_mold_leaf,0.9999347925186157,1,1.1833038330078125,8.386829376220703,0.20588970184326172,9.778505325317383
dataset/test/Tomato_mold_leaf/IMG-20240724-WA0065aug20.jpg,Tomato_mold_leaf,Tomato_mold_leaf,0.999990701675415,1,1.1859712600708008,8.246755599975586,0.1580190658569336,9.593226432800293
dataset/test/Tomato_mold_leaf/IMG-20240725-WA0031_aug_0aug46.jpg,Tomato_mold_leaf,Tomato_mold_leaf,0.9986829161643982,1,1.0862846374511719,8.115716934204102,0.1775379180908203,9.382187843322754
dataset/test/Tomato_mold_leaf/IMG-20240725-WA0031_aug_1aug47.jpg,Tomato_mold_leaf,Tomato_mold_leaf,0.9991438388824463,1,1.156508445739746,8.085624694824219,0.1693897247314453,9.414058685302734
dataset/test/Tomato_mold_leaf/IMG-20240725-WA0031_aug_2aug37.jpg,Tomato_mold_leaf,Tomato_mold_leaf,0.9986829161643982,1,1.122507095336914,8.133772850036621,0.17003822326660156,9.429058074951172
dataset/test/Tomato_mold_leaf/IMG-20240725-WA0031_aug_3aug45.jpg,Tomato_mold_leaf,Tomato_mold_leaf,0.9976429343223572,1,1.1082286834716797,8.161699295043945,0.16888999938964844,9.441595077514648
dataset/test/Tomato_mold_leaf/IMG-20240725-WA0031aug0.jpg,Tomato_mold_leaf,Tomato_mold_leaf,0.9605096578598022,1,1.1674528121948242,8.566978454589844,0.1706676483154297,9.90793228149414
dataset/test/Tomato_mold_leaf/IMG-20240725-WA0039_aug_72aug79.jpg,Tomato_mold_leaf,Tomato_mold_leaf,0.9999990463256836,1,1.1338958740234375,8.20853328704834,0.18579673767089844,9.53137493133545
dataset/test/Tomato_mold_leaf/IMG-20240725-WA0039_aug_73aug95.jpg,Tomato_mold_leaf,Tomato_mold_leaf,0.9999995231628418,1,1.1383600234985352,8.212662696838379,0.16926193237304688,9.522892951965332
dataset/test/Tomato_mold_leaf/IMG-20240725-WA0039_aug_74aug71.jpg,Tomato_mold_leaf,Tomato_mold_leaf,0.9999994039535522,1,1.1258039474487305,8.454498291015625,0.16940879821777344,9.752653121948242
dataset/test/Tomato_mold_leaf/IMG-20240725-WA0039_aug_75aug80.jpg,Tomato_mold_leaf,Tomato_mold_leaf,0.9999995231628418,1,1.1323957443237305,8.319421768188477,0.16540813446044922,9.61983871459961
dataset/test/Tomato_mold_leaf/IMG-20240725-WA0039aug18.jpg,Tomato_mold_leaf,Tomato_mold_leaf,1.0,1,1.1551923751831055,8.458053588867188,0.16464996337890625,9.780375480651855
dataset/test/Tomato_mold_leaf/IMG-20240727-WA0038_aug_40aug105.jpg,Tomato_mold_leaf,Tomato_mold_leaf,0.9999880790710449,1,1.281656265258789,11.071623802185059,0.21022415161132812,12.56646728515625
dataset/test/Tomato_mold_leaf/IMG-20240727-WA0038_aug_41aug106.jpg,Tomato_mold_leaf,Tomato_mold_leaf,0.9999697208404541,1,1.5052490234375,11.3087739944458,0.2093343734741211,13.02713680267334
dataset/test/Tomato_mold_leaf/IMG-20240727-WA0038_aug_42aug116.jpg,Tomato_mold_leaf,Tomato_mold_leaf,1.0,1,1.519749641418457,11.075180053710938,0.21018695831298828,12.808338165283203
dataset/test/Tomato_mold_leaf/IMG-20240727-WA0038_aug_43aug110.jpg,Tomato_mold_leaf,Tomato_mold_leaf,0.9999865293502808,1,1.5868244171142578,11.238329887390137,0.20320415496826172,13.031636238098145
dataset/test/Tomato_mold_leaf/IMG-20240727-WA0038aug10.jpg,Tomato_mold_leaf,Tomato_mold_leaf,1.0,1,1.4589710235595703,11.047921180725098,0.2109079360961914,12.721263885498047
dataset/test/Tomato_mold_leaf/IMG-20240727-WA0040_aug_56aug92.jpg,Tomato_mold_leaf,Tomato_mold_leaf,0.9999986886978149,1,1.4859352111816406,10.910587310791016,0.2201681137084961,12.620912551879883
dataset/test/Tomato_mold_leaf/IMG-20240727-WA0040_aug_57aug83.jpg,Tomato_mold_leaf,Tomato_mold_leaf,0.99998939037323,1,1.5070104598999023,11.221514701843262,0.21233367919921875,12.944746971130371
dataset/test/Tomato_mold_leaf/IMG-20240727-WA0040_aug_58aug77.jpg,Tomato_mold_leaf,Tomato_mold_leaf,0.9999985694885254,1,1.5325651168823242,11.108792304992676,0.2302227020263672,12.874896049499512
dataset/test/Tomato_mold_leaf/IMG-20240727-WA0040_aug_59aug94.jpg,Tomato_mold_leaf,Tomato_mold_leaf,0.9999985694885254,1,1.1433029174804688,7.999476432800293,0.17564964294433594,9.321614265441895
dataset/test/Tomato_mold_leaf/IMG-20240727-WA0040aug14.jpg,Tomato_mold_leaf,Tomato_mold_leaf,0.9999898672103882,1,1.1691560745239258,7.689510345458984,0.17261219024658203,9.034259796142578
dataset/test/Tomato_mold_leaf/IMG-20240727-WA0124_aug_20aug54.jpg,Tomato_mold_leaf,Tomato_mold_leaf,0.9999995231628418,1,1.0963220596313477,7.763993263244629,0.16129779815673828,9.024574279785156
dataset/test/Tomato_mold_leaf/IMG-20240727-WA0124_aug_21aug38.jpg,Tomato_mold_leaf,Tomato_mold_leaf,0.997112512588501,1,1.1382675170898438,7.791049003601074,0.16396427154541016,9.096649169921875
dataset/test/Tomato_mold_leaf/IMG-20240727-WA0124_aug_22aug31.jpg,Tomato_mold_leaf,Tomato_mold_leaf,0.998578667640686,1,1.096766471862793,7.877492904663086,0.16433429718017578,9.141280174255371
dataset/test/Tomato_mold_leaf/IMG-20240727-WA0124_aug_23aug55.jpg,Tomato_mold_leaf,Tomato_mold_leaf,0.9968985319137573,1,1.1056365966796875,7.781418800354004,0.16403865814208984,9.053982734680176
dataset/test/Tomato_mold_leaf/IMG-20240727-WA0124aug5.jpg,Tomato_mold_leaf,Tomato_mold_leaf,0.9999997615814209,1,1.1220808029174805,7.822641372680664,0.20390892028808594,9.151280403137207
dataset/test/Tomato_mold_leaf/IMG-20240727-WA0153_aug_92aug58.jpg,Tomato_mold_leaf,Tomato_mold_leaf,0.9999998807907104,1,1.0882492065429688,7.804234504699707,0.16379642486572266,9.059334754943848
dataset/test/Tomato_mold_leaf/IMG-20240727-WA0153_aug_93aug60.jpg,Tomato_mold_leaf,Tomato_mold_leaf,0.9999994039535522,1,1.0696172714233398,7.674363136291504,0.16237163543701172,8.908945083618164
dataset/test/Tomato_mold_leaf/IMG-20240727-WA0153aug23.jpg,Tomato_mold_leaf,Tomato_mold_leaf,0.999970555305481,1,1.0760250091552734,7.7389936447143555,0.17255687713623047,8.99103832244873
dataset/test/Tomato_mold_leaf/IMG-20240727-WA0165aug25.jpg,Tomato_mold_leaf,Tomato_mold_leaf,0.9992040991783142,1,1.1175270080566406,7.911327362060547,0.16255569458007812,9.19394588470459
dataset/test/Tomato_mold_leaf/IMG-20240728-WA0028_aug_64aug91.jpg,Tomato_mold_leaf,Tomato_mold_leaf,1.0,1,1.0758771896362305,8.313329696655273,0.17135334014892578,9.563169479370117
dataset/test/Tomato_mold_leaf/IMG-20240728-WA0028_aug_65aug86.jpg,Tomato_mold_leaf,Tomato_mold_leaf,0.9999998807907104,1,1.1335439682006836,8.395886421203613,0.17155742645263672,9.703672409057617
dataset/test/Tomato_mold_leaf/IMG-20240728-WA0028_aug_66aug78.jpg,Tomato_mold_leaf,Tomato_mold_leaf,0.9999998807907104,1,1.1674156188964844,8.334219932556152,0.17139053344726562,9.675708770751953
dataset/test/Tomato_mold_leaf/IMG-20240728-WA0028_aug_67aug99.jpg,Tomato_mold_leaf,Tomato_mold_leaf,0.9999973773956299,1,1.1346359252929688,8.380477905273438,0.1708526611328125,9.688523292541504
dataset/test/Tomato_mold_leaf/IMG-20240728-WA0028aug16.jpg,Tomato_mold_leaf,Tomato_mold_leaf,0.9999997615814209,1,1.166396141052246,8.460478782653809,0.17159366607666016,9.80078411102295
dataset/test/Tomato_mold_leaf/IMG-20240728-WA0068_aug_12aug29.jpg,Tomato_mold_leaf,Tomato_mold_leaf,0.9999966621398926,1,1.1488590240478516,8.397939682006836,0.17103862762451172,9.72029972076416
dataset/test/Tomato_mold_leaf/IMG-20240728-WA0068_aug_13aug30.jpg,Tomato_mold_leaf,Tomato_mold_leaf,0.9999734163284302,1,1.1610260009765625,8.401774406433105,0.1697216033935547,9.735634803771973
dataset/test/Tomato_mold_leaf/IMG-20240728-WA0068_aug_14aug56.jpg,Tomato_mold_leaf,Tomato_mold_leaf,0.9999909400939941,1,1.1388788223266602,8.371922492980957,0.1699085235595703,9.683911323547363
dataset/test/Tomato_mold_leaf/IMG-20240728-WA0068_aug_15aug42.jpg,Tomato_mold_leaf,Tomato_mold_leaf,0.9999991655349731,1,1.1475448608398438,8.363143920898438,0.166778564453125,9.679911613464355
dataset/test/Tomato_mold_leaf/IMG-20240728-WA0068aug3.jpg,Tomato_mold_leaf,Tomato_mold_leaf,0.9999897480010986,1,1.1901187896728516,8.406904220581055,0.16627788543701172,9.765523910522461
dataset/test/Tomato_mold_leaf/IMG-20240728-WA0074_aug_44aug102.jpg,Tomato_mold_leaf,Tomato_mold_leaf,0.9997969269752502,1,1.1567487716674805,8.276050567626953,0.15670490264892578,9.59228229522705
dataset/test/Tomato_mold_leaf/IMG-20240728-WA0074_aug_45aug75.jpg,Tomato_mold_leaf,Tomato_mold_leaf,0.9999520778656006,1,1.1574888229370117,8.09495735168457,0.16750144958496094,9.42255973815918
dataset/test/Tomato_mold_leaf/IMG-20240728-WA0074_aug_46aug89.jpg,Tomato_mold_leaf,Tomato_mold_leaf,0.99824059009552,1,1.1428956985473633,8.105142593383789,0.16924095153808594,9.420040130615234
dataset/test/Tomato_mold_leaf/IMG-20240728-WA0074_aug_47aug111.jpg,Tomato_mold_leaf,Tomato_mold_leaf,0.9999868869781494,1,1.1705083847045898,8.113329887390137,0.16942691802978516,9.456023216247559
dataset/test/Tomato_mold_leaf/IMG-20240728-WA0074aug11.jpg,Tomato_mold_leaf,Tomato_mold_leaf,0.999853253364563,1,1.1814889907836914,8.238810539245605,0.1729269027709961,9.596467018127441
dataset/test/Tomato_mold_leaf/IMG-20240728-WA0075aug24.jpg,Tomato_mold_leaf,Tomato_mold_leaf,0.9999996423721313,1,1.1323213577270508,8.262588500976562,0.1691131591796875,9.56704044342041
dataset/test/Tomato_mold_leaf/IMG-20240728-WA0087_aug_32aug113.jpg,Tomato_mold_leaf,Tomato_mold_leaf,0.9995042085647583,1,1.161600112915039,8.211607933044434,0.21442604064941406,9.590892791748047
dataset/test/Tomato_mold_leaf/IMG-20240728-WA0087_aug_33aug112.jpg,Tomato_mold_leaf,Tomato_mold_leaf,0.9999886751174927,1,1.1492109298706055,8.225347518920898,0.1687793731689453,9.546393394470215
dataset/test/Tomato_mold_leaf/IMG-20240728-WA0087_aug_34aug104.jpg,Tomato_mold_leaf,Tomato_mold_leaf,0.9997852444648743,1,1.1568403244018555,8.990667343139648,0.17057514190673828,10.321194648742676
dataset/test/Tomato_mold_leaf/IMG-20240728-WA0087_aug_35aug100.jpg,Tomato_mold_leaf,Tomato_mold_leaf,0.9999940395355225,1,1.1991376876831055,8.137181282043457,0.16753768920898438,9.506614685058594
dataset/test/Tomato_mold_leaf/IMG-20240728-WA0087aug8.jpg,Tomato_mold_leaf,Tomato_mold_leaf,0.9997672438621521,1,1.1451921463012695,9.315150260925293,0.20194530487060547,10.665010452270508
dataset/test/Tomato_mold_leaf/IMG-20240728-WA0093_aug_76aug90.jpg,Tomato_mold_leaf,Tomato_mold_leaf,1.0,1,1.1952848434448242,8.492071151733398,0.16975975036621094,9.859989166259766
dataset/test/Tomato_mold_leaf/IMG-20240728-WA0093_aug_77aug68.jpg,Tomato_mold_leaf,Tomato_mold_leaf,0.9999996423721313,1,1.1262845993041992,10.462213516235352,0.1806316375732422,11.772332191467285
dataset/test/Tomato_mold_leaf/IMG-20240728-WA0093_aug_78aug93.jpg,Tomato_mold_leaf,Tomato_mold_leaf,1.0,1,1.179025650024414,18.26026153564453,0.1720743179321289,19.614493370056152
dataset/test/Tomato_mold_leaf/IMG-20240728-WA0093_aug_79aug64.jpg,Tomato_mold_leaf,Tomato_mold_leaf,0.9999988079071045,1,1.1158218383789062,12.904302597045898,0.17296409606933594,14.19607162475586
dataset/test/Tomato_mold_leaf/IMG-20240728-WA0093aug19.jpg,Tomato_mold_leaf,Tomato_mold_leaf,0.9999998807907104,1,1.1696195602416992,8.503626823425293,0.1726856231689453,9.848599433898926
dataset/test/Tomato_mold_leaf/IMG-20240728-WA0101_aug_84aug73.jpg,Tomato_mold_leaf,Tomato_mold_leaf,0.9999914169311523,1,1.188711166381836,8.412367820739746,0.18214988708496094,9.786969184875488
dataset/test/Tomato_mold_leaf/IMG-20240728-WA0101_aug_85aug72.jpg,Tomato_mold_leaf,Tomato_mold_leaf,0.9999996423721313,1,1.2228775024414062,8.383384704589844,0.17140769958496094,9.780227661132812
dataset/test/Tomato_mold_leaf/IMG-20240728-WA0101_aug_86aug67.jpg,Tomato_mold_leaf,Tomato_mold_leaf,0.9999995231628418,1,1.1668968200683594,8.381848335266113,0.17266845703125,9.724542617797852
dataset/test/Tomato_mold_leaf/IMG-20240728-WA0101_aug_87aug74.jpg,Tomato_mold_leaf,Tomato_mold_leaf,0.9999994039535522,1,1.2085084915161133,8.505607604980469,0.17129802703857422,9.888358116149902
dataset/test/Tomato_mold_leaf/IMG-20240728-WA0101aug21.jpg,Tomato_mold_leaf,Tomato_mold_leaf,0.9999947547912598,1,1.1731195449829102,8.70999813079834,0.17124176025390625,10.057304382324219
dataset/test/Tomato_mold_leaf/IMG-20240728-WA0103_aug_48aug107.jpg,Tomato_mold_leaf,Tomato_mold_leaf,0.9999892711639404,1,1.1739873886108398,8.465496063232422,0.17126083374023438,9.813431739807129
dataset/test/Tomato_mold_leaf/IMG-20240728-WA0103_aug_49aug76.jpg,Tomato_mold_leaf,Tomato_mold_leaf,0.9999996423721313,1,1.1803607940673828,8.346979141235352,0.17264938354492188,9.70293140411377
dataset/test/Tomato_mold_leaf/IMG-20240728-WA0103_aug_50aug114.jpg,Tomato_mold_leaf,Tomato_mold_leaf,0.9999966621398926,1,1.1874332427978516,8.413089752197266,0.21257591247558594,9.816117286682129
dataset/test/Tomato_mold_leaf/IMG-20240728-WA0103_aug_51aug84.jpg,Tomato_mold_leaf,Tomato_mold_leaf,0.9999995231628418,1,1.1734704971313477,8.373088836669922,0.1701488494873047,9.719411849975586
dataset/test/Tomato_mold_leaf/IMG-20240728-WA0103aug12.jpg,Tomato_mold_leaf,Tomato_mold_leaf,0.9999980926513672,1,1.1830997467041016,8.364606857299805,0.17079830169677734,9.720892906188965
dataset/test/Tomato_mold_leaf/IMG-20240812-WA0183_aug_88aug59.jpg,Tomato_mold_leaf,Tomato_mold_leaf,0.902947187423706,1,1.192154884338379,8.596295356750488,0.17222309112548828,9.963728904724121
dataset/test/Tomato_mold_leaf/IMG-20240812-WA0183_aug_89aug61.jpg,Tomato_mold_leaf,Tomato_mold_leaf,0.7955312132835388,1,1.1621370315551758,8.381773948669434,0.16735172271728516,9.713689804077148
dataset/test/Tomato_mold_leaf/IMG-20240812-WA0183_aug_90aug63.jpg,Tomato_mold_leaf,Tomato_leaf_late_blight,0.46425533294677734,0,1.1774892807006836,8.3685884475708,0.17496395111083984,9.72406005859375
dataset/test/Tomato_mold_leaf/IMG-20240812-WA0183_aug_91aug62.jpg,Tomato_mold_leaf,Tomato_mold_leaf,0.8828421235084534,1,1.1465988159179688,8.439515113830566,0.15938854217529297,9.747950553894043
dataset/test/Tomato_mold_leaf/IMG-20240812-WA0183aug22.jpg,Tomato_mold_leaf,Tomato_Early_blight_leaf,0.9130328297615051,0,1.1711549758911133,8.29975414276123,0.1718893051147461,9.645781517028809
dataset/test/Tomato_mold_leaf/IMG_20251102_155435_aug_24aug39.jpg,Tomato_mold_leaf,Tomato_Early_blight_leaf,0.9464548230171204,0,1.151839256286621,9.107538223266602,0.24811267852783203,10.51004695892334
dataset/test/Tomato_mold_leaf/IMG_20251102_155435_aug_25aug51.jpg,Tomato_mold_leaf,Tomato_Early_blight_leaf,0.9940213561058044,0,1.1888771057128906,8.331514358520508,0.17053699493408203,9.693486213684082
dataset/test/Tomato_mold_leaf/IMG_20251102_155435_aug_26aug26.jpg,Tomato_mold_leaf,Tomato_Early_blight_leaf,0.9660550951957703,0,1.1571922302246094,8.516664505004883,0.17381668090820312,9.850414276123047
dataset/test/Tomato_mold_leaf/IMG_20251102_155435_aug_27aug52.jpg,Tomato_mold_leaf,Tomato_Early_blight_leaf,0.9910458922386169,0,1.1432104110717773,8.295477867126465,0.2127056121826172,9.654447555541992
dataset/test/Tomato_mold_leaf/IMG_20251102_155435aug6.jpg,Tomato_mold_leaf,Tomato_Early_blight_leaf,0.971177875995636,0,1.1386165618896484,8.372998237609863,0.173797607421875,9.688170433044434
dataset/test/Tomato_mold_leaf/Leaf+mold+tomato+_25283_2529.JPG_aug_36aug118.jpg,Tomato_mold_leaf,Tomato_mold_leaf,0.7436221837997437,1,1.2093782424926758,8.381793975830078,0.1711130142211914,9.765616416931152
dataset/test/Tomato_mold_leaf/Leaf+mold+tomato+_25283_2529.JPG_aug_37aug117.jpg,Tomato_mold_leaf,Tomato_mold_leaf,0.9732055068016052,1,1.2245063781738281,8.387181282043457,0.1719818115234375,9.7865629196167
dataset/test/Tomato_mold_leaf/Leaf+mold+tomato+_25283_2529.JPG_aug_38aug119.jpg,Tomato_mold_leaf,Tomato_mold_leaf,0.8823190927505493,1,1.2059526443481445,8.346571922302246,0.16944503784179688,9.72476577758789
dataset/test/Tomato_mold_leaf/Leaf+mold+tomato+_25283_2529.JPG_aug_39aug103.jpg,Tomato_mold_leaf,Tomato_mold_leaf,0.8309988975524902,1,1.2468042373657227,8.385812759399414,0.17088985443115234,9.806986808776855
dataset/test/Tomato_mold_leaf/Leaf+mold+tomato+_25283_2529.JPGaug9.jpg,Tomato_mold_leaf,Tomato_leaf_yellow_curl_virus,0.5551716685295105,0,1.1735258102416992,8.4486083984375,0.16707420349121094,9.792134284973145
dataset/test/Tomato_mold_leaf/Leaf-mold-caused-by-the-fungal-pathogen-Passalore-fulva-in-tomatoes_aug_16aug33.jpg,Tomato_mold_leaf,Tomato_Septoria_leaf_spot,0.6933479309082031,0,1.1256742477416992,8.476811408996582,0.1609640121459961,9.766153335571289
dataset/test/Tomato_mold_leaf/Leaf-mold-caused-by-the-fungal-pathogen-Passalore-fulva-in-tomatoes_aug_17aug57.jpg,Tomato_mold_leaf,Tomato_Septoria_leaf_spot,0.48294466733932495,0,1.1168413162231445,8.464737892150879,0.19638919830322266,9.781542778015137
dataset/test/Tomato_mold_leaf/Leaf-mold-caused-by-the-fungal-pathogen-Passalore-fulva-in-tomatoes_aug_18aug32.jpg,Tomato_mold_leaf,Tomato_leaf_yellow_curl_virus,0.5954288840293884,0,1.2274703979492188,8.261959075927734,0.2096118927001953,9.701949119567871
dataset/test/Tomato_mold_leaf/Leaf-mold-caused-by-the-fungal-pathogen-Passalore-fulva-in-tomatoes_aug_19aug53.jpg,Tomato_mold_leaf,Tomato_Septoria_leaf_spot,0.5663581490516663,0,1.1380624771118164,8.209607124328613,0.17192649841308594,9.522669792175293
dataset/test/Tomato_mold_leaf/Leaf-mold-caused-by-the-fungal-pathogen-Passalore-fulva-in-tomatoesaug4.jpg,Tomato_mold_leaf,Tomato_mold_leaf,0.9999061822891235,1,1.14715576171875,8.284124374389648,0.17005538940429688,9.604060173034668
dataset/test/Tomato_mold_leaf/leaf_mold_nightshade2x500_aug_60aug81.jpg,Tomato_mold_leaf,Tomato_mold_leaf,0.9996308088302612,1,1.1698589324951172,8.325311660766602,0.18216705322265625,9.680337905883789
dataset/test/Tomato_mold_leaf/leaf_mold_nightshade2x500_aug_61aug96.jpg,Tomato_mold_leaf,Tomato_mold_leaf,0.9999948740005493,1,1.1367664337158203,8.472274780273438,0.17238998413085938,9.784393310546875
dataset/test/Tomato_mold_leaf/leaf_mold_nightshade2x500_aug_62aug85.jpg,Tomato_mold_leaf,Tomato_mold_leaf,0.9991480112075806,1,1.1577482223510742,8.41360855102539,0.1712970733642578,9.745691299438477
dataset/test/Tomato_mold_leaf/leaf_mold_nightshade2x500_aug_63aug88.jpg,Tomato_mold_leaf,Tomato_mold_leaf,0.9999788999557495,1,1.2197675704956055,8.454553604125977,0.17781543731689453,9.855042457580566
dataset/test/Tomato_mold_leaf/leaf_mold_nightshade2x500aug15.jpg,Tomato_mold_leaf,Tomato_mold_leaf,0.9999945163726807,1,1.1819534301757812,8.374922752380371,0.2077789306640625,9.767300605773926
dataset/test/Tomato_mold_leaf/leaf_mold_tomato5x1200_jpg.rf.0a5ee47c78e753f9580bfb7744438ebf_aug_52aug101.jpg,Tomato_mold_leaf,Tomato_mold_leaf,0.9999998807907104,1,1.170710563659668,8.407033920288086,0.17164993286132812,9.752708435058594
dataset/test/Tomato_mold_leaf/leaf_mold_tomato5x1200_jpg.rf.0a5ee47c78e753f9580bfb7744438ebf_aug_53aug108.jpg,Tomato_mold_leaf,Tomato_mold_leaf,1.0,1,1.1641178131103516,8.736536026000977,0.17418766021728516,10.077507019042969
dataset/test/Tomato_mold_leaf/leaf_mold_tomato5x1200_jpg.rf.0a5ee47c78e753f9580bfb7744438ebf_aug_54aug115.jpg,Tomato_mold_leaf,Tomato_mold_leaf,0.9999998807907104,1,1.2073783874511719,8.410810470581055,0.17653751373291016,9.79726505279541
dataset/test/Tomato_mold_leaf/leaf_mold_tomato5x1200_jpg.rf.0a5ee47c78e753f9580bfb7744438ebf_aug_55aug109.jpg,Tomato_mold_leaf,Tomato_mold_leaf,0.9999996423721313,1,1.1810636520385742,8.645109176635742,0.17213058471679688,10.000784873962402
dataset/test/Tomato_mold_leaf/leaf_mold_tomato5x1200_jpg.rf.0a5ee47c78e753f9580bfb7744438ebfaug13.jpg,Tomato_mold_leaf,Tomato_mold_leaf,0.9999880790710449,1,1.1922111511230469,8.608572959899902,0.1714639663696289,9.975302696228027
dataset/test/Tomato_mold_leaf/tomato_leaf-mold_04_zoom_aug_4aug36.jpg,Tomato_mold_leaf,Tomato_leaf_late_blight,0.9944513440132141,0,1.1887845993041992,8.726795196533203,0.17407512664794922,10.092414855957031
dataset/test/Tomato_mold_leaf/tomato_leaf-mold_04_zoom_aug_5aug48.jpg,Tomato_mold_leaf,Tomato_leaf_late_blight,0.9611213803291321,0,1.2205638885498047,8.392070770263672,0.17161178588867188,9.78667163848877
dataset/test/Tomato_mold_leaf/tomato_leaf-mold_04_zoom_aug_6aug40.jpg,Tomato_mold_leaf,Tomato_leaf_late_blight,0.8448246717453003,0,1.1781911849975586,8.538034439086914,0.17022323608398438,9.889339447021484
dataset/test/Tomato_mold_leaf/tomato_leaf-mold_04_zoom_aug_7aug34.jpg,Tomato_mold_leaf,Tomato_leaf_late_blight,0.9685232043266296,0,1.2408418655395508,8.437386512756348,0.17118549346923828,9.851783752441406
dataset/test/Tomato_mold_leaf/tomato_leaf-mold_04_zoomaug1.jpg,Tomato_mold_leaf,Tomato_leaf_late_blight,0.7641658782958984,0,1.1784143447875977,8.379441261291504,0.17581558227539062,9.736875534057617
